<?xml version="1.0" encoding="UTF-8"?>
<gpx xmlns:gpxdata="http://www.cluetrust.com/XML/GPXDATA/1/0" xmlns:xsi="http://www.w3.org/2001/XMLSchema-instance" xmlns="http://www.topografix.com/GPX/1/1" version="1.1" creator="http://ridewithgps.com/" xsi:schemaLocation="http://www.topografix.com/GPX/1/1 http://www.topografix.com/GPX/1/1/gpx.xsd http://www.cluetrust.com/XML/GPXDATA/1/0 http://www.cluetrust.com/Schemas/gpxdata10.xsd">
  <metadata>
    <name>TDGC_2026-09-09</name>
    <link href="https://ridewithgps.com/routes/38637464">
      <text>TDGC_2026-09-09</text>
    </link>
    <time>2022-02-24T22:27:08Z</time>
  </metadata>
  <trk>
    <name>TDGC_2026-09-09</name>
    <trkseg>
      <trkpt lat="45.44679" lon="6.98622">
        <ele>1848.0</ele>
      </trkpt>
      <trkpt lat="45.446432" lon="6.986129">
        <ele>1849.4</ele>
      </trkpt>
      <trkpt lat="45.446533" lon="6.986586">
        <ele>1850.4</ele>
      </trkpt>
      <trkpt lat="45.44679" lon="6.986835">
        <ele>1850.2</ele>
      </trkpt>
      <trkpt lat="45.44647" lon="6.98798">
        <ele>1855.0</ele>
      </trkpt>
      <trkpt lat="45.44839" lon="7.00674">
        <ele>1923.3</ele>
      </trkpt>
      <trkpt lat="45.45111" lon="7.01336">
        <ele>1961.1</ele>
      </trkpt>
      <trkpt lat="45.45299" lon="7.01951">
        <ele>1999.4</ele>
      </trkpt>
      <trkpt lat="45.45226" lon="7.0228">
        <ele>2015.3</ele>
      </trkpt>
      <trkpt lat="45.45152" lon="7.02341">
        <ele>2015.8</ele>
      </trkpt>
      <trkpt lat="45.45496" lon="7.03603">
        <ele>2059.0</ele>
      </trkpt>
      <trkpt lat="45.45451" lon="7.03671">
        <ele>2062.2</ele>
      </trkpt>
      <trkpt lat="45.45348" lon="7.03561">
        <ele>2073.7</ele>
      </trkpt>
      <trkpt lat="45.45333" lon="7.03512">
        <ele>2070.6</ele>
      </trkpt>
      <trkpt lat="45.45377" lon="7.03771">
        <ele>2086.5</ele>
      </trkpt>
      <trkpt lat="45.45375" lon="7.03969">
        <ele>2107.4</ele>
      </trkpt>
      <trkpt lat="45.45206" lon="7.03476">
        <ele>2132.9</ele>
      </trkpt>
      <trkpt lat="45.44974" lon="7.02939">
        <ele>2170.4</ele>
      </trkpt>
      <trkpt lat="45.44698" lon="7.02208">
        <ele>2213.0</ele>
      </trkpt>
      <trkpt lat="45.44502" lon="7.01856">
        <ele>2226.0</ele>
      </trkpt>
      <trkpt lat="45.4448" lon="7.01862">
        <ele>2233.3</ele>
      </trkpt>
      <trkpt lat="45.44643" lon="7.02298">
        <ele>2260.3</ele>
      </trkpt>
      <trkpt lat="45.44667" lon="7.02417">
        <ele>2267.8</ele>
      </trkpt>
      <trkpt lat="45.44542" lon="7.02231">
        <ele>2286.4</ele>
      </trkpt>
      <trkpt lat="45.44375" lon="7.01942">
        <ele>2312.4</ele>
      </trkpt>
      <trkpt lat="45.44257" lon="7.01677">
        <ele>2304.7</ele>
      </trkpt>
      <trkpt lat="45.441809" lon="7.01649">
        <ele>2320.2</ele>
      </trkpt>
      <trkpt lat="45.44211" lon="7.01376">
        <ele>2327.3</ele>
      </trkpt>
      <trkpt lat="45.44037" lon="7.00664">
        <ele>2353.3</ele>
      </trkpt>
      <trkpt lat="45.437" lon="7.00408">
        <ele>2381.2</ele>
      </trkpt>
      <trkpt lat="45.43523" lon="7.00229">
        <ele>2389.7</ele>
      </trkpt>
      <trkpt lat="45.4337" lon="7.00257">
        <ele>2397.6</ele>
      </trkpt>
      <trkpt lat="45.4315" lon="7.0017">
        <ele>2424.7</ele>
      </trkpt>
      <trkpt lat="45.43126" lon="7.00269">
        <ele>2440.2</ele>
      </trkpt>
      <trkpt lat="45.4336" lon="7.00333">
        <ele>2424.8</ele>
      </trkpt>
      <trkpt lat="45.43453" lon="7.00484">
        <ele>2457.7</ele>
      </trkpt>
      <trkpt lat="45.43716" lon="7.00631">
        <ele>2472.9</ele>
      </trkpt>
      <trkpt lat="45.43569" lon="7.00574">
        <ele>2482.3</ele>
      </trkpt>
      <trkpt lat="45.43427" lon="7.00623">
        <ele>2500.8</ele>
      </trkpt>
      <trkpt lat="45.43595" lon="7.00666">
        <ele>2527.3</ele>
      </trkpt>
      <trkpt lat="45.43858" lon="7.01046">
        <ele>2529.5</ele>
      </trkpt>
      <trkpt lat="45.4379" lon="7.01044">
        <ele>2541.2</ele>
      </trkpt>
      <trkpt lat="45.437019" lon="7.01264">
        <ele>2547.7</ele>
      </trkpt>
      <trkpt lat="45.43607" lon="7.01389">
        <ele>2555.5</ele>
      </trkpt>
      <trkpt lat="45.433839" lon="7.01525">
        <ele>2571.2</ele>
      </trkpt>
      <trkpt lat="45.43185" lon="7.01824">
        <ele>2581.2</ele>
      </trkpt>
      <trkpt lat="45.4268" lon="7.02213">
        <ele>2625.7</ele>
      </trkpt>
      <trkpt lat="45.42523" lon="7.02265">
        <ele>2648.5</ele>
      </trkpt>
      <trkpt lat="45.42358" lon="7.02356">
        <ele>2658.9</ele>
      </trkpt>
      <trkpt lat="45.42338" lon="7.02628">
        <ele>2680.1</ele>
      </trkpt>
      <trkpt lat="45.42313" lon="7.02775">
        <ele>2684.4</ele>
      </trkpt>
      <trkpt lat="45.42214" lon="7.02872">
        <ele>2710.9</ele>
      </trkpt>
      <trkpt lat="45.41869" lon="7.02878">
        <ele>2732.9</ele>
      </trkpt>
      <trkpt lat="45.419379" lon="7.03013">
        <ele>2749.9</ele>
      </trkpt>
      <trkpt lat="45.41904" lon="7.02975">
        <ele>2744.1</ele>
      </trkpt>
      <trkpt lat="45.41815" lon="7.03041">
        <ele>2752.6</ele>
      </trkpt>
      <trkpt lat="45.417029" lon="7.03178">
        <ele>2757.7</ele>
      </trkpt>
      <trkpt lat="45.41876" lon="7.03318">
        <ele>2747.6</ele>
      </trkpt>
      <trkpt lat="45.41915" lon="7.03506">
        <ele>2748.6</ele>
      </trkpt>
      <trkpt lat="45.42073" lon="7.03755">
        <ele>2730.5</ele>
      </trkpt>
      <trkpt lat="45.41824" lon="7.03534">
        <ele>2697.3</ele>
      </trkpt>
      <trkpt lat="45.41736" lon="7.03511">
        <ele>2673.8</ele>
      </trkpt>
      <trkpt lat="45.41654" lon="7.03408">
        <ele>2674.2</ele>
      </trkpt>
      <trkpt lat="45.41433" lon="7.03228">
        <ele>2644.3</ele>
      </trkpt>
      <trkpt lat="45.41243" lon="7.0297">
        <ele>2602.3</ele>
      </trkpt>
      <trkpt lat="45.409439" lon="7.02757">
        <ele>2563.8</ele>
      </trkpt>
      <trkpt lat="45.40629" lon="7.02815">
        <ele>2522.3</ele>
      </trkpt>
      <trkpt lat="45.40539" lon="7.02933">
        <ele>2520.6</ele>
      </trkpt>
      <trkpt lat="45.40479" lon="7.03137">
        <ele>2519.8</ele>
      </trkpt>
      <trkpt lat="45.40384" lon="7.03236">
        <ele>2507.5</ele>
      </trkpt>
      <trkpt lat="45.40153" lon="7.03622">
        <ele>2470.6</ele>
      </trkpt>
      <trkpt lat="45.40101" lon="7.03939">
        <ele>2480.0</ele>
      </trkpt>
      <trkpt lat="45.400329" lon="7.04229">
        <ele>2484.9</ele>
      </trkpt>
      <trkpt lat="45.399299" lon="7.04334">
        <ele>2489.5</ele>
      </trkpt>
      <trkpt lat="45.3969" lon="7.04261">
        <ele>2457.9</ele>
      </trkpt>
      <trkpt lat="45.39447" lon="7.04402">
        <ele>2420.8</ele>
      </trkpt>
      <trkpt lat="45.39047" lon="7.04742">
        <ele>2380.8</ele>
      </trkpt>
      <trkpt lat="45.38986" lon="7.04735">
        <ele>2373.3</ele>
      </trkpt>
      <trkpt lat="45.39186" lon="7.04356">
        <ele>2330.7</ele>
      </trkpt>
      <trkpt lat="45.39662" lon="7.03961">
        <ele>2282.9</ele>
      </trkpt>
      <trkpt lat="45.39332" lon="7.04022">
        <ele>2252.9</ele>
      </trkpt>
      <trkpt lat="45.39015" lon="7.042">
        <ele>2218.0</ele>
      </trkpt>
      <trkpt lat="45.38529" lon="7.04602">
        <ele>2167.4</ele>
      </trkpt>
      <trkpt lat="45.38536" lon="7.04295">
        <ele>2138.1</ele>
      </trkpt>
      <trkpt lat="45.38441" lon="7.04284">
        <ele>2134.9</ele>
      </trkpt>
      <trkpt lat="45.38073" lon="7.04977">
        <ele>2108.8</ele>
      </trkpt>
      <trkpt lat="45.37913" lon="7.04992">
        <ele>2123.1</ele>
      </trkpt>
      <trkpt lat="45.37778" lon="7.0482">
        <ele>2104.9</ele>
      </trkpt>
      <trkpt lat="45.3736" lon="7.0367">
        <ele>2018.9</ele>
      </trkpt>
      <trkpt lat="45.37235" lon="7.03366">
        <ele>2004.0</ele>
      </trkpt>
      <trkpt lat="45.37101" lon="7.03239">
        <ele>1985.0</ele>
      </trkpt>
      <trkpt lat="45.36968" lon="7.03152">
        <ele>1974.3</ele>
      </trkpt>
      <trkpt lat="45.37061" lon="7.03284">
        <ele>1957.0</ele>
      </trkpt>
      <trkpt lat="45.37221" lon="7.03839">
        <ele>1901.8</ele>
      </trkpt>
      <trkpt lat="45.37368" lon="7.0445">
        <ele>1875.9</ele>
      </trkpt>
      <trkpt lat="45.3743" lon="7.05164">
        <ele>1824.2</ele>
      </trkpt>
      <trkpt lat="45.37364" lon="7.05285">
        <ele>1809.3</ele>
      </trkpt>
      <trkpt lat="45.37141" lon="7.04892">
        <ele>1803.7</ele>
      </trkpt>
      <trkpt lat="45.36925" lon="7.04267">
        <ele>1797.2</ele>
      </trkpt>
      <trkpt lat="45.36194" lon="7.03434">
        <ele>1779.4</ele>
      </trkpt>
      <trkpt lat="45.35583" lon="7.02959">
        <ele>1765.0</ele>
      </trkpt>
      <trkpt lat="45.3467" lon="7.02948">
        <ele>1743.9</ele>
      </trkpt>
      <trkpt lat="45.34047" lon="7.02585">
        <ele>1762.4</ele>
      </trkpt>
      <trkpt lat="45.33134" lon="7.01599">
        <ele>1739.4</ele>
      </trkpt>
      <trkpt lat="45.32911" lon="7.01081">
        <ele>1746.9</ele>
      </trkpt>
      <trkpt lat="45.325539" lon="7.00368">
        <ele>1756.4</ele>
      </trkpt>
      <trkpt lat="45.3128" lon="6.99118">
        <ele>1763.8</ele>
      </trkpt>
      <trkpt lat="45.31208" lon="6.98617">
        <ele>1749.4</ele>
      </trkpt>
      <trkpt lat="45.30836" lon="6.9762">
        <ele>1687.7</ele>
      </trkpt>
      <trkpt lat="45.30899" lon="6.97274">
        <ele>1694.8</ele>
      </trkpt>
      <trkpt lat="45.30683" lon="6.9682">
        <ele>1690.8</ele>
      </trkpt>
      <trkpt lat="45.30628" lon="6.9638">
        <ele>1681.2</ele>
      </trkpt>
      <trkpt lat="45.30596" lon="6.95817">
        <ele>1697.4</ele>
      </trkpt>
      <trkpt lat="45.30317" lon="6.95567">
        <ele>1715.3</ele>
      </trkpt>
      <trkpt lat="45.30196" lon="6.95289">
        <ele>1702.9</ele>
      </trkpt>
      <trkpt lat="45.300849" lon="6.95287">
        <ele>1719.9</ele>
      </trkpt>
      <trkpt lat="45.30006" lon="6.94953">
        <ele>1743.0</ele>
      </trkpt>
      <trkpt lat="45.30077" lon="6.9433">
        <ele>1734.0</ele>
      </trkpt>
      <trkpt lat="45.29939" lon="6.94063">
        <ele>1727.6</ele>
      </trkpt>
      <trkpt lat="45.29981" lon="6.93752">
        <ele>1704.4</ele>
      </trkpt>
      <trkpt lat="45.29902" lon="6.9353">
        <ele>1688.4</ele>
      </trkpt>
      <trkpt lat="45.29706" lon="6.93673">
        <ele>1670.8</ele>
      </trkpt>
      <trkpt lat="45.29692" lon="6.93602">
        <ele>1651.3</ele>
      </trkpt>
      <trkpt lat="45.29787" lon="6.93513">
        <ele>1653.4</ele>
      </trkpt>
      <trkpt lat="45.29786" lon="6.93365">
        <ele>1656.9</ele>
      </trkpt>
      <trkpt lat="45.29706" lon="6.93326">
        <ele>1637.9</ele>
      </trkpt>
      <trkpt lat="45.29578" lon="6.93434">
        <ele>1634.6</ele>
      </trkpt>
      <trkpt lat="45.29406" lon="6.9319">
        <ele>1618.6</ele>
      </trkpt>
      <trkpt lat="45.29368" lon="6.92945">
        <ele>1587.5</ele>
      </trkpt>
      <trkpt lat="45.2948" lon="6.92667">
        <ele>1573.9</ele>
      </trkpt>
      <trkpt lat="45.29426" lon="6.92652">
        <ele>1561.7</ele>
      </trkpt>
      <trkpt lat="45.29417" lon="6.92445">
        <ele>1546.1</ele>
      </trkpt>
      <trkpt lat="45.29337" lon="6.92394">
        <ele>1536.4</ele>
      </trkpt>
      <trkpt lat="45.29324" lon="6.92229">
        <ele>1516.1</ele>
      </trkpt>
      <trkpt lat="45.29163" lon="6.91882">
        <ele>1488.0</ele>
      </trkpt>
      <trkpt lat="45.29136" lon="6.91559">
        <ele>1472.8</ele>
      </trkpt>
      <trkpt lat="45.290619" lon="6.91439">
        <ele>1480.7</ele>
      </trkpt>
      <trkpt lat="45.29029" lon="6.91225">
        <ele>1464.1</ele>
      </trkpt>
      <trkpt lat="45.290299" lon="6.910948">
        <ele>1468.3</ele>
      </trkpt>
      <trkpt lat="45.29041" lon="6.91095">
        <ele>1465.8</ele>
      </trkpt>
      <trkpt lat="45.29041" lon="6.91109">
        <ele>1465.9</ele>
      </trkpt>
      <trkpt lat="45.2904" lon="6.91137">
        <ele>1466.4</ele>
      </trkpt>
      <trkpt lat="45.2904" lon="6.91152">
        <ele>1466.5</ele>
      </trkpt>
      <trkpt lat="45.2904" lon="6.9116">
        <ele>1466.6</ele>
      </trkpt>
      <trkpt lat="45.29039" lon="6.91181">
        <ele>1466.7</ele>
      </trkpt>
      <trkpt lat="45.29039" lon="6.91197">
        <ele>1466.6</ele>
      </trkpt>
      <trkpt lat="45.29037" lon="6.91269">
        <ele>1466.5</ele>
      </trkpt>
      <trkpt lat="45.29036" lon="6.91281">
        <ele>1466.5</ele>
      </trkpt>
      <trkpt lat="45.29036" lon="6.91281">
        <ele>1466.5</ele>
      </trkpt>
      <trkpt lat="45.29025" lon="6.91278">
        <ele>1466.1</ele>
      </trkpt>
      <trkpt lat="45.29011" lon="6.91275">
        <ele>1465.7</ele>
      </trkpt>
      <trkpt lat="45.28993" lon="6.91272">
        <ele>1467.0</ele>
      </trkpt>
      <trkpt lat="45.28987" lon="6.91273">
        <ele>1468.6</ele>
      </trkpt>
      <trkpt lat="45.28983" lon="6.91275">
        <ele>1469.6</ele>
      </trkpt>
      <trkpt lat="45.28983" lon="6.91275">
        <ele>1469.6</ele>
      </trkpt>
      <trkpt lat="45.2898" lon="6.91279">
        <ele>1470.5</ele>
      </trkpt>
      <trkpt lat="45.28977" lon="6.91284">
        <ele>1471.4</ele>
      </trkpt>
      <trkpt lat="45.28975" lon="6.91292">
        <ele>1472.1</ele>
      </trkpt>
      <trkpt lat="45.28976" lon="6.91307">
        <ele>1472.2</ele>
      </trkpt>
      <trkpt lat="45.28977" lon="6.91324">
        <ele>1472.4</ele>
      </trkpt>
      <trkpt lat="45.28979" lon="6.9134">
        <ele>1472.3</ele>
      </trkpt>
      <trkpt lat="45.2898" lon="6.91366">
        <ele>1473.2</ele>
      </trkpt>
      <trkpt lat="45.2898" lon="6.9139">
        <ele>1474.3</ele>
      </trkpt>
      <trkpt lat="45.28982" lon="6.91402">
        <ele>1474.3</ele>
      </trkpt>
      <trkpt lat="45.28984" lon="6.91412">
        <ele>1474.2</ele>
      </trkpt>
      <trkpt lat="45.28991" lon="6.91418">
        <ele>1472.6</ele>
      </trkpt>
      <trkpt lat="45.28996" lon="6.91425">
        <ele>1471.7</ele>
      </trkpt>
      <trkpt lat="45.29001" lon="6.91437">
        <ele>1471.4</ele>
      </trkpt>
      <trkpt lat="45.29004" lon="6.91449">
        <ele>1472.2</ele>
      </trkpt>
      <trkpt lat="45.29005" lon="6.9146">
        <ele>1472.9</ele>
      </trkpt>
      <trkpt lat="45.29005" lon="6.91463">
        <ele>1473.1</ele>
      </trkpt>
      <trkpt lat="45.29005" lon="6.91471">
        <ele>1473.6</ele>
      </trkpt>
      <trkpt lat="45.29003" lon="6.91479">
        <ele>1474.3</ele>
      </trkpt>
      <trkpt lat="45.28999" lon="6.91486">
        <ele>1475.2</ele>
      </trkpt>
      <trkpt lat="45.28998" lon="6.91488">
        <ele>1475.6</ele>
      </trkpt>
      <trkpt lat="45.28994" lon="6.91492">
        <ele>1476.8</ele>
      </trkpt>
      <trkpt lat="45.28993" lon="6.91493">
        <ele>1477.1</ele>
      </trkpt>
      <trkpt lat="45.28991" lon="6.91495">
        <ele>1477.7</ele>
      </trkpt>
      <trkpt lat="45.2899" lon="6.91497">
        <ele>1478.1</ele>
      </trkpt>
      <trkpt lat="45.28987" lon="6.91498">
        <ele>1478.8</ele>
      </trkpt>
      <trkpt lat="45.28983" lon="6.915">
        <ele>1479.9</ele>
      </trkpt>
      <trkpt lat="45.28979" lon="6.91501">
        <ele>1480.8</ele>
      </trkpt>
      <trkpt lat="45.28974" lon="6.91502">
        <ele>1482.0</ele>
      </trkpt>
      <trkpt lat="45.28969" lon="6.91501">
        <ele>1483.1</ele>
      </trkpt>
      <trkpt lat="45.28966" lon="6.915">
        <ele>1483.8</ele>
      </trkpt>
      <trkpt lat="45.28958" lon="6.91494">
        <ele>1485.3</ele>
      </trkpt>
      <trkpt lat="45.28955" lon="6.91488">
        <ele>1485.7</ele>
      </trkpt>
      <trkpt lat="45.28951" lon="6.9147">
        <ele>1485.9</ele>
      </trkpt>
      <trkpt lat="45.289499" lon="6.9146">
        <ele>1485.7</ele>
      </trkpt>
      <trkpt lat="45.28947" lon="6.91437">
        <ele>1485.5</ele>
      </trkpt>
      <trkpt lat="45.28944" lon="6.9141">
        <ele>1485.2</ele>
      </trkpt>
      <trkpt lat="45.28943" lon="6.91401">
        <ele>1485.1</ele>
      </trkpt>
      <trkpt lat="45.2894" lon="6.91385">
        <ele>1485.3</ele>
      </trkpt>
      <trkpt lat="45.28937" lon="6.91361">
        <ele>1485.2</ele>
      </trkpt>
      <trkpt lat="45.28937" lon="6.9136">
        <ele>1485.2</ele>
      </trkpt>
      <trkpt lat="45.28934" lon="6.91335">
        <ele>1485.1</ele>
      </trkpt>
      <trkpt lat="45.28931" lon="6.91309">
        <ele>1484.6</ele>
      </trkpt>
      <trkpt lat="45.28931" lon="6.91305">
        <ele>1484.4</ele>
      </trkpt>
      <trkpt lat="45.28928" lon="6.91284">
        <ele>1484.1</ele>
      </trkpt>
      <trkpt lat="45.28925" lon="6.91268">
        <ele>1484.0</ele>
      </trkpt>
      <trkpt lat="45.28924" lon="6.91259">
        <ele>1483.7</ele>
      </trkpt>
      <trkpt lat="45.2892" lon="6.91234">
        <ele>1484.1</ele>
      </trkpt>
      <trkpt lat="45.2892" lon="6.91232">
        <ele>1484.0</ele>
      </trkpt>
      <trkpt lat="45.28918" lon="6.91221">
        <ele>1484.4</ele>
      </trkpt>
      <trkpt lat="45.28917" lon="6.9121">
        <ele>1484.5</ele>
      </trkpt>
      <trkpt lat="45.28914" lon="6.91196">
        <ele>1484.8</ele>
      </trkpt>
      <trkpt lat="45.28909" lon="6.91172">
        <ele>1485.2</ele>
      </trkpt>
      <trkpt lat="45.28896" lon="6.91131">
        <ele>1486.6</ele>
      </trkpt>
      <trkpt lat="45.288939" lon="6.91125">
        <ele>1486.7</ele>
      </trkpt>
      <trkpt lat="45.28886" lon="6.91103">
        <ele>1487.3</ele>
      </trkpt>
      <trkpt lat="45.288849" lon="6.91101">
        <ele>1487.4</ele>
      </trkpt>
      <trkpt lat="45.28876" lon="6.91081">
        <ele>1487.8</ele>
      </trkpt>
      <trkpt lat="45.2887" lon="6.91069">
        <ele>1487.8</ele>
      </trkpt>
      <trkpt lat="45.288649" lon="6.91061">
        <ele>1487.9</ele>
      </trkpt>
      <trkpt lat="45.28864" lon="6.9106">
        <ele>1488.0</ele>
      </trkpt>
      <trkpt lat="45.288559" lon="6.91054">
        <ele>1488.4</ele>
      </trkpt>
      <trkpt lat="45.28849" lon="6.91053">
        <ele>1488.9</ele>
      </trkpt>
      <trkpt lat="45.28848" lon="6.91053">
        <ele>1489.0</ele>
      </trkpt>
      <trkpt lat="45.28844" lon="6.91052">
        <ele>1489.2</ele>
      </trkpt>
      <trkpt lat="45.28836" lon="6.91057">
        <ele>1490.2</ele>
      </trkpt>
      <trkpt lat="45.28832" lon="6.91062">
        <ele>1490.9</ele>
      </trkpt>
      <trkpt lat="45.28827" lon="6.9107">
        <ele>1492.3</ele>
      </trkpt>
      <trkpt lat="45.28823" lon="6.91083">
        <ele>1493.7</ele>
      </trkpt>
      <trkpt lat="45.28817" lon="6.91114">
        <ele>1496.3</ele>
      </trkpt>
      <trkpt lat="45.28815" lon="6.91133">
        <ele>1497.6</ele>
      </trkpt>
      <trkpt lat="45.28812" lon="6.91149">
        <ele>1498.9</ele>
      </trkpt>
      <trkpt lat="45.28811" lon="6.91158">
        <ele>1499.6</ele>
      </trkpt>
      <trkpt lat="45.2881" lon="6.91169">
        <ele>1500.3</ele>
      </trkpt>
      <trkpt lat="45.28808" lon="6.9118">
        <ele>1501.1</ele>
      </trkpt>
      <trkpt lat="45.28808" lon="6.91195">
        <ele>1501.7</ele>
      </trkpt>
      <trkpt lat="45.288089" lon="6.91211">
        <ele>1502.2</ele>
      </trkpt>
      <trkpt lat="45.2881" lon="6.9122">
        <ele>1502.4</ele>
      </trkpt>
      <trkpt lat="45.28812" lon="6.91237">
        <ele>1502.8</ele>
      </trkpt>
      <trkpt lat="45.28814" lon="6.91245">
        <ele>1502.8</ele>
      </trkpt>
      <trkpt lat="45.28817" lon="6.91261">
        <ele>1503.0</ele>
      </trkpt>
      <trkpt lat="45.28822" lon="6.91281">
        <ele>1503.0</ele>
      </trkpt>
      <trkpt lat="45.28824" lon="6.9129">
        <ele>1503.0</ele>
      </trkpt>
      <trkpt lat="45.28826" lon="6.91305">
        <ele>1503.2</ele>
      </trkpt>
      <trkpt lat="45.28826" lon="6.91306">
        <ele>1503.3</ele>
      </trkpt>
      <trkpt lat="45.28826" lon="6.91319">
        <ele>1503.8</ele>
      </trkpt>
      <trkpt lat="45.28823" lon="6.9133">
        <ele>1504.7</ele>
      </trkpt>
      <trkpt lat="45.28822" lon="6.91332">
        <ele>1505.0</ele>
      </trkpt>
      <trkpt lat="45.28815" lon="6.9134">
        <ele>1507.1</ele>
      </trkpt>
      <trkpt lat="45.28808" lon="6.91341">
        <ele>1508.5</ele>
      </trkpt>
      <trkpt lat="45.28805" lon="6.91342">
        <ele>1509.3</ele>
      </trkpt>
      <trkpt lat="45.28796" lon="6.91339">
        <ele>1510.5</ele>
      </trkpt>
      <trkpt lat="45.287909" lon="6.91333">
        <ele>1510.6</ele>
      </trkpt>
      <trkpt lat="45.28789" lon="6.91331">
        <ele>1510.9</ele>
      </trkpt>
      <trkpt lat="45.28783" lon="6.91318">
        <ele>1511.3</ele>
      </trkpt>
      <trkpt lat="45.28773" lon="6.9129">
        <ele>1511.5</ele>
      </trkpt>
      <trkpt lat="45.28772" lon="6.91289">
        <ele>1511.7</ele>
      </trkpt>
      <trkpt lat="45.28764" lon="6.91267">
        <ele>1511.8</ele>
      </trkpt>
      <trkpt lat="45.28761" lon="6.9126">
        <ele>1511.9</ele>
      </trkpt>
      <trkpt lat="45.28755" lon="6.91245">
        <ele>1512.1</ele>
      </trkpt>
      <trkpt lat="45.28746" lon="6.91223">
        <ele>1513.3</ele>
      </trkpt>
      <trkpt lat="45.28738" lon="6.91198">
        <ele>1514.4</ele>
      </trkpt>
      <trkpt lat="45.28738" lon="6.91196">
        <ele>1514.3</ele>
      </trkpt>
      <trkpt lat="45.28734" lon="6.91179">
        <ele>1514.6</ele>
      </trkpt>
      <trkpt lat="45.28733" lon="6.91171">
        <ele>1514.6</ele>
      </trkpt>
      <trkpt lat="45.28731" lon="6.91161">
        <ele>1514.5</ele>
      </trkpt>
      <trkpt lat="45.28728" lon="6.91146">
        <ele>1514.2</ele>
      </trkpt>
      <trkpt lat="45.28725" lon="6.91123">
        <ele>1513.5</ele>
      </trkpt>
      <trkpt lat="45.28724" lon="6.91121">
        <ele>1513.6</ele>
      </trkpt>
      <trkpt lat="45.28722" lon="6.91101">
        <ele>1512.8</ele>
      </trkpt>
      <trkpt lat="45.28721" lon="6.91096">
        <ele>1512.7</ele>
      </trkpt>
      <trkpt lat="45.28719" lon="6.91081">
        <ele>1512.1</ele>
      </trkpt>
      <trkpt lat="45.28717" lon="6.91071">
        <ele>1511.8</ele>
      </trkpt>
      <trkpt lat="45.28714" lon="6.91061">
        <ele>1511.6</ele>
      </trkpt>
      <trkpt lat="45.28709" lon="6.91049">
        <ele>1511.7</ele>
      </trkpt>
      <trkpt lat="45.28708" lon="6.91047">
        <ele>1511.7</ele>
      </trkpt>
      <trkpt lat="45.28696" lon="6.9103">
        <ele>1512.8</ele>
      </trkpt>
      <trkpt lat="45.2869" lon="6.91022">
        <ele>1513.3</ele>
      </trkpt>
      <trkpt lat="45.28684" lon="6.91013">
        <ele>1513.7</ele>
      </trkpt>
      <trkpt lat="45.28677" lon="6.91004">
        <ele>1514.3</ele>
      </trkpt>
      <trkpt lat="45.2867" lon="6.90993">
        <ele>1515.1</ele>
      </trkpt>
      <trkpt lat="45.28666" lon="6.90985">
        <ele>1515.6</ele>
      </trkpt>
      <trkpt lat="45.28662" lon="6.90972">
        <ele>1515.7</ele>
      </trkpt>
      <trkpt lat="45.2866" lon="6.9096">
        <ele>1515.6</ele>
      </trkpt>
      <trkpt lat="45.28655" lon="6.90903">
        <ele>1513.7</ele>
      </trkpt>
      <trkpt lat="45.28655" lon="6.90902">
        <ele>1513.6</ele>
      </trkpt>
      <trkpt lat="45.28653" lon="6.90895">
        <ele>1513.5</ele>
      </trkpt>
      <trkpt lat="45.286499" lon="6.90886">
        <ele>1513.3</ele>
      </trkpt>
      <trkpt lat="45.28646" lon="6.90881">
        <ele>1513.5</ele>
      </trkpt>
      <trkpt lat="45.28643" lon="6.90876">
        <ele>1513.5</ele>
      </trkpt>
      <trkpt lat="45.28636" lon="6.90867">
        <ele>1513.8</ele>
      </trkpt>
      <trkpt lat="45.28633" lon="6.90864">
        <ele>1514.0</ele>
      </trkpt>
      <trkpt lat="45.286209" lon="6.90855">
        <ele>1514.9</ele>
      </trkpt>
      <trkpt lat="45.28617" lon="6.90852">
        <ele>1515.2</ele>
      </trkpt>
      <trkpt lat="45.28609" lon="6.90847">
        <ele>1515.9</ele>
      </trkpt>
      <trkpt lat="45.28601" lon="6.90842">
        <ele>1516.5</ele>
      </trkpt>
      <trkpt lat="45.28584" lon="6.90833">
        <ele>1517.9</ele>
      </trkpt>
      <trkpt lat="45.28567" lon="6.90824">
        <ele>1518.5</ele>
      </trkpt>
      <trkpt lat="45.28548" lon="6.90813">
        <ele>1519.1</ele>
      </trkpt>
      <trkpt lat="45.28533" lon="6.90806">
        <ele>1519.7</ele>
      </trkpt>
      <trkpt lat="45.28519" lon="6.90798">
        <ele>1520.1</ele>
      </trkpt>
      <trkpt lat="45.28516" lon="6.90796">
        <ele>1520.2</ele>
      </trkpt>
      <trkpt lat="45.28511" lon="6.90793">
        <ele>1520.3</ele>
      </trkpt>
      <trkpt lat="45.284999" lon="6.90786">
        <ele>1520.6</ele>
      </trkpt>
      <trkpt lat="45.284999" lon="6.90786">
        <ele>1520.6</ele>
      </trkpt>
      <trkpt lat="45.28499" lon="6.9079">
        <ele>1521.0</ele>
      </trkpt>
      <trkpt lat="45.28499" lon="6.90791">
        <ele>1521.0</ele>
      </trkpt>
      <trkpt lat="45.28497" lon="6.90796">
        <ele>1521.6</ele>
      </trkpt>
      <trkpt lat="45.28495" lon="6.908">
        <ele>1522.1</ele>
      </trkpt>
      <trkpt lat="45.28491" lon="6.90804">
        <ele>1522.8</ele>
      </trkpt>
      <trkpt lat="45.28487" lon="6.90807">
        <ele>1523.4</ele>
      </trkpt>
      <trkpt lat="45.28483" lon="6.90808">
        <ele>1523.9</ele>
      </trkpt>
      <trkpt lat="45.2848" lon="6.90808">
        <ele>1524.2</ele>
      </trkpt>
      <trkpt lat="45.28478" lon="6.90807">
        <ele>1524.3</ele>
      </trkpt>
      <trkpt lat="45.28476" lon="6.90806">
        <ele>1524.4</ele>
      </trkpt>
      <trkpt lat="45.28473" lon="6.90804">
        <ele>1524.6</ele>
      </trkpt>
      <trkpt lat="45.28469" lon="6.908">
        <ele>1524.7</ele>
      </trkpt>
      <trkpt lat="45.28466" lon="6.90794">
        <ele>1524.5</ele>
      </trkpt>
      <trkpt lat="45.284619" lon="6.90787">
        <ele>1524.3</ele>
      </trkpt>
      <trkpt lat="45.28459" lon="6.9078">
        <ele>1524.0</ele>
      </trkpt>
      <trkpt lat="45.28456" lon="6.90772">
        <ele>1523.6</ele>
      </trkpt>
      <trkpt lat="45.284529" lon="6.90765">
        <ele>1523.2</ele>
      </trkpt>
      <trkpt lat="45.28449" lon="6.90757">
        <ele>1522.9</ele>
      </trkpt>
      <trkpt lat="45.28445" lon="6.90749">
        <ele>1522.5</ele>
      </trkpt>
      <trkpt lat="45.28441" lon="6.90742">
        <ele>1522.4</ele>
      </trkpt>
      <trkpt lat="45.2844" lon="6.90741">
        <ele>1522.4</ele>
      </trkpt>
      <trkpt lat="45.28436" lon="6.90733">
        <ele>1522.2</ele>
      </trkpt>
      <trkpt lat="45.28432" lon="6.90725">
        <ele>1522.0</ele>
      </trkpt>
      <trkpt lat="45.2843" lon="6.90722">
        <ele>1522.0</ele>
      </trkpt>
      <trkpt lat="45.2843" lon="6.90721">
        <ele>1522.0</ele>
      </trkpt>
      <trkpt lat="45.28427" lon="6.90716">
        <ele>1521.9</ele>
      </trkpt>
      <trkpt lat="45.28423" lon="6.90708">
        <ele>1521.8</ele>
      </trkpt>
      <trkpt lat="45.28419" lon="6.90701">
        <ele>1521.8</ele>
      </trkpt>
      <trkpt lat="45.28418" lon="6.907">
        <ele>1521.9</ele>
      </trkpt>
      <trkpt lat="45.28414" lon="6.90692">
        <ele>1522.5</ele>
      </trkpt>
      <trkpt lat="45.28409" lon="6.90683">
        <ele>1523.6</ele>
      </trkpt>
      <trkpt lat="45.28408" lon="6.90681">
        <ele>1523.8</ele>
      </trkpt>
      <trkpt lat="45.28404" lon="6.90675">
        <ele>1524.8</ele>
      </trkpt>
      <trkpt lat="45.28399" lon="6.90666">
        <ele>1525.9</ele>
      </trkpt>
      <trkpt lat="45.283969" lon="6.90661">
        <ele>1526.4</ele>
      </trkpt>
      <trkpt lat="45.28394" lon="6.90657">
        <ele>1527.2</ele>
      </trkpt>
      <trkpt lat="45.28389" lon="6.90648">
        <ele>1528.5</ele>
      </trkpt>
      <trkpt lat="45.28386" lon="6.90641">
        <ele>1529.3</ele>
      </trkpt>
      <trkpt lat="45.28384" lon="6.90638">
        <ele>1529.8</ele>
      </trkpt>
      <trkpt lat="45.28379" lon="6.90629">
        <ele>1531.1</ele>
      </trkpt>
      <trkpt lat="45.28374" lon="6.90619">
        <ele>1532.3</ele>
      </trkpt>
      <trkpt lat="45.28369" lon="6.9061">
        <ele>1533.6</ele>
      </trkpt>
      <trkpt lat="45.28364" lon="6.906">
        <ele>1534.8</ele>
      </trkpt>
      <trkpt lat="45.283589" lon="6.90591">
        <ele>1536.0</ele>
      </trkpt>
      <trkpt lat="45.28354" lon="6.90581">
        <ele>1537.2</ele>
      </trkpt>
      <trkpt lat="45.28353" lon="6.9058">
        <ele>1537.5</ele>
      </trkpt>
      <trkpt lat="45.28349" lon="6.90572">
        <ele>1538.6</ele>
      </trkpt>
      <trkpt lat="45.28346" lon="6.90561">
        <ele>1539.2</ele>
      </trkpt>
      <trkpt lat="45.28345" lon="6.90557">
        <ele>1539.5</ele>
      </trkpt>
      <trkpt lat="45.28343" lon="6.9055">
        <ele>1539.9</ele>
      </trkpt>
      <trkpt lat="45.28341" lon="6.90538">
        <ele>1540.3</ele>
      </trkpt>
      <trkpt lat="45.28341" lon="6.90533">
        <ele>1540.1</ele>
      </trkpt>
      <trkpt lat="45.2834" lon="6.90526">
        <ele>1540.3</ele>
      </trkpt>
      <trkpt lat="45.28339" lon="6.9051">
        <ele>1540.2</ele>
      </trkpt>
      <trkpt lat="45.28339" lon="6.90507">
        <ele>1540.1</ele>
      </trkpt>
      <trkpt lat="45.28337" lon="6.90491">
        <ele>1539.7</ele>
      </trkpt>
      <trkpt lat="45.28336" lon="6.90482">
        <ele>1539.1</ele>
      </trkpt>
      <trkpt lat="45.28335" lon="6.9048">
        <ele>1539.3</ele>
      </trkpt>
      <trkpt lat="45.28333" lon="6.9047">
        <ele>1538.8</ele>
      </trkpt>
      <trkpt lat="45.28331" lon="6.90464">
        <ele>1538.6</ele>
      </trkpt>
      <trkpt lat="45.28328" lon="6.90459">
        <ele>1538.6</ele>
      </trkpt>
      <trkpt lat="45.28323" lon="6.9045">
        <ele>1538.7</ele>
      </trkpt>
      <trkpt lat="45.283119" lon="6.90433">
        <ele>1539.2</ele>
      </trkpt>
      <trkpt lat="45.28304" lon="6.90421">
        <ele>1539.7</ele>
      </trkpt>
      <trkpt lat="45.28292" lon="6.90404">
        <ele>1540.4</ele>
      </trkpt>
      <trkpt lat="45.28279" lon="6.90385">
        <ele>1541.4</ele>
      </trkpt>
      <trkpt lat="45.2827" lon="6.90372">
        <ele>1542.4</ele>
      </trkpt>
      <trkpt lat="45.28266" lon="6.90366">
        <ele>1543.0</ele>
      </trkpt>
      <trkpt lat="45.2826" lon="6.90357">
        <ele>1543.9</ele>
      </trkpt>
      <trkpt lat="45.28245" lon="6.90335">
        <ele>1546.8</ele>
      </trkpt>
      <trkpt lat="45.28239" lon="6.90326">
        <ele>1548.2</ele>
      </trkpt>
      <trkpt lat="45.28233" lon="6.90317">
        <ele>1549.5</ele>
      </trkpt>
      <trkpt lat="45.2823" lon="6.9031">
        <ele>1550.0</ele>
      </trkpt>
      <trkpt lat="45.28228" lon="6.90306">
        <ele>1550.3</ele>
      </trkpt>
      <trkpt lat="45.28224" lon="6.90296">
        <ele>1550.9</ele>
      </trkpt>
      <trkpt lat="45.28223" lon="6.90289">
        <ele>1550.7</ele>
      </trkpt>
      <trkpt lat="45.28222" lon="6.90287">
        <ele>1550.9</ele>
      </trkpt>
      <trkpt lat="45.28221" lon="6.90283">
        <ele>1550.9</ele>
      </trkpt>
      <trkpt lat="45.2822" lon="6.90271">
        <ele>1550.3</ele>
      </trkpt>
      <trkpt lat="45.28219" lon="6.90259">
        <ele>1549.7</ele>
      </trkpt>
      <trkpt lat="45.28219" lon="6.90246">
        <ele>1549.0</ele>
      </trkpt>
      <trkpt lat="45.282179" lon="6.90232">
        <ele>1549.3</ele>
      </trkpt>
      <trkpt lat="45.28216" lon="6.90221">
        <ele>1549.9</ele>
      </trkpt>
      <trkpt lat="45.28213" lon="6.90207">
        <ele>1550.8</ele>
      </trkpt>
      <trkpt lat="45.2821" lon="6.90196">
        <ele>1551.6</ele>
      </trkpt>
      <trkpt lat="45.28206" lon="6.90183">
        <ele>1552.8</ele>
      </trkpt>
      <trkpt lat="45.28202" lon="6.90167">
        <ele>1554.0</ele>
      </trkpt>
      <trkpt lat="45.281799" lon="6.90097">
        <ele>1557.8</ele>
      </trkpt>
      <trkpt lat="45.28172" lon="6.90073">
        <ele>1558.8</ele>
      </trkpt>
      <trkpt lat="45.28165" lon="6.9005">
        <ele>1559.5</ele>
      </trkpt>
      <trkpt lat="45.28143" lon="6.8998">
        <ele>1566.8</ele>
      </trkpt>
      <trkpt lat="45.28128" lon="6.89933">
        <ele>1573.4</ele>
      </trkpt>
      <trkpt lat="45.28121" lon="6.8991">
        <ele>1576.0</ele>
      </trkpt>
      <trkpt lat="45.2812" lon="6.89905">
        <ele>1576.1</ele>
      </trkpt>
      <trkpt lat="45.28116" lon="6.89893">
        <ele>1577.2</ele>
      </trkpt>
      <trkpt lat="45.28114" lon="6.89886">
        <ele>1577.6</ele>
      </trkpt>
      <trkpt lat="45.28113" lon="6.89881">
        <ele>1577.7</ele>
      </trkpt>
      <trkpt lat="45.2811" lon="6.89865">
        <ele>1577.9</ele>
      </trkpt>
      <trkpt lat="45.28109" lon="6.89862">
        <ele>1578.1</ele>
      </trkpt>
      <trkpt lat="45.281059" lon="6.89843">
        <ele>1578.0</ele>
      </trkpt>
      <trkpt lat="45.281059" lon="6.89837">
        <ele>1577.5</ele>
      </trkpt>
      <trkpt lat="45.28105" lon="6.8983">
        <ele>1577.6</ele>
      </trkpt>
      <trkpt lat="45.28105" lon="6.89817">
        <ele>1577.3</ele>
      </trkpt>
      <trkpt lat="45.28104" lon="6.89811">
        <ele>1577.7</ele>
      </trkpt>
      <trkpt lat="45.28104" lon="6.89802">
        <ele>1577.5</ele>
      </trkpt>
      <trkpt lat="45.28104" lon="6.89784">
        <ele>1577.2</ele>
      </trkpt>
      <trkpt lat="45.28105" lon="6.89767">
        <ele>1576.5</ele>
      </trkpt>
      <trkpt lat="45.28105" lon="6.8976">
        <ele>1576.3</ele>
      </trkpt>
      <trkpt lat="45.28105" lon="6.89755">
        <ele>1576.2</ele>
      </trkpt>
      <trkpt lat="45.28105" lon="6.89744">
        <ele>1575.6</ele>
      </trkpt>
      <trkpt lat="45.28105" lon="6.89739">
        <ele>1575.1</ele>
      </trkpt>
      <trkpt lat="45.28105" lon="6.89735">
        <ele>1574.7</ele>
      </trkpt>
      <trkpt lat="45.28105" lon="6.89734">
        <ele>1574.6</ele>
      </trkpt>
      <trkpt lat="45.28104" lon="6.89729">
        <ele>1574.6</ele>
      </trkpt>
      <trkpt lat="45.28103" lon="6.89725">
        <ele>1574.6</ele>
      </trkpt>
      <trkpt lat="45.28102" lon="6.8972">
        <ele>1574.5</ele>
      </trkpt>
      <trkpt lat="45.28101" lon="6.89716">
        <ele>1574.5</ele>
      </trkpt>
      <trkpt lat="45.281" lon="6.89713">
        <ele>1574.6</ele>
      </trkpt>
      <trkpt lat="45.28098" lon="6.8971">
        <ele>1575.0</ele>
      </trkpt>
      <trkpt lat="45.28096" lon="6.89707">
        <ele>1575.5</ele>
      </trkpt>
      <trkpt lat="45.28094" lon="6.89704">
        <ele>1576.0</ele>
      </trkpt>
      <trkpt lat="45.28092" lon="6.89703">
        <ele>1576.6</ele>
      </trkpt>
      <trkpt lat="45.2809" lon="6.89701">
        <ele>1577.2</ele>
      </trkpt>
      <trkpt lat="45.28088" lon="6.897">
        <ele>1577.8</ele>
      </trkpt>
      <trkpt lat="45.28085" lon="6.897">
        <ele>1579.0</ele>
      </trkpt>
      <trkpt lat="45.28083" lon="6.897">
        <ele>1579.8</ele>
      </trkpt>
      <trkpt lat="45.2808" lon="6.89702">
        <ele>1581.4</ele>
      </trkpt>
      <trkpt lat="45.280769" lon="6.89705">
        <ele>1583.2</ele>
      </trkpt>
      <trkpt lat="45.28075" lon="6.89708">
        <ele>1584.5</ele>
      </trkpt>
      <trkpt lat="45.28074" lon="6.89711">
        <ele>1585.3</ele>
      </trkpt>
      <trkpt lat="45.28073" lon="6.89713">
        <ele>1586.0</ele>
      </trkpt>
      <trkpt lat="45.28073" lon="6.89717">
        <ele>1586.5</ele>
      </trkpt>
      <trkpt lat="45.28073" lon="6.89723">
        <ele>1587.1</ele>
      </trkpt>
      <trkpt lat="45.28073" lon="6.8973">
        <ele>1587.9</ele>
      </trkpt>
      <trkpt lat="45.28074" lon="6.89737">
        <ele>1588.2</ele>
      </trkpt>
      <trkpt lat="45.28076" lon="6.89748">
        <ele>1588.4</ele>
      </trkpt>
      <trkpt lat="45.280769" lon="6.89753">
        <ele>1588.2</ele>
      </trkpt>
      <trkpt lat="45.28078" lon="6.89762">
        <ele>1587.9</ele>
      </trkpt>
      <trkpt lat="45.28079" lon="6.89771">
        <ele>1587.7</ele>
      </trkpt>
      <trkpt lat="45.28079" lon="6.89773">
        <ele>1587.7</ele>
      </trkpt>
      <trkpt lat="45.2808" lon="6.8978">
        <ele>1587.4</ele>
      </trkpt>
      <trkpt lat="45.2808" lon="6.89789">
        <ele>1587.6</ele>
      </trkpt>
      <trkpt lat="45.2808" lon="6.89799">
        <ele>1587.9</ele>
      </trkpt>
      <trkpt lat="45.28079" lon="6.89808">
        <ele>1588.6</ele>
      </trkpt>
      <trkpt lat="45.280769" lon="6.89817">
        <ele>1589.8</ele>
      </trkpt>
      <trkpt lat="45.28076" lon="6.89821">
        <ele>1590.5</ele>
      </trkpt>
      <trkpt lat="45.28075" lon="6.89826">
        <ele>1591.1</ele>
      </trkpt>
      <trkpt lat="45.28072" lon="6.89834">
        <ele>1592.9</ele>
      </trkpt>
      <trkpt lat="45.2807" lon="6.89842">
        <ele>1594.7</ele>
      </trkpt>
      <trkpt lat="45.280679" lon="6.89847">
        <ele>1596.1</ele>
      </trkpt>
      <trkpt lat="45.280679" lon="6.89851">
        <ele>1596.5</ele>
      </trkpt>
      <trkpt lat="45.28067" lon="6.89855">
        <ele>1597.4</ele>
      </trkpt>
      <trkpt lat="45.28066" lon="6.8986">
        <ele>1598.3</ele>
      </trkpt>
      <trkpt lat="45.28066" lon="6.89865">
        <ele>1598.7</ele>
      </trkpt>
      <trkpt lat="45.28066" lon="6.89869">
        <ele>1599.1</ele>
      </trkpt>
      <trkpt lat="45.28067" lon="6.89872">
        <ele>1598.9</ele>
      </trkpt>
      <trkpt lat="45.28067" lon="6.89878">
        <ele>1599.4</ele>
      </trkpt>
      <trkpt lat="45.28069" lon="6.89887">
        <ele>1599.2</ele>
      </trkpt>
      <trkpt lat="45.28072" lon="6.89896">
        <ele>1598.6</ele>
      </trkpt>
      <trkpt lat="45.28075" lon="6.89905">
        <ele>1597.9</ele>
      </trkpt>
      <trkpt lat="45.28078" lon="6.89914">
        <ele>1597.3</ele>
      </trkpt>
      <trkpt lat="45.2808" lon="6.89923">
        <ele>1596.8</ele>
      </trkpt>
      <trkpt lat="45.28082" lon="6.89932">
        <ele>1596.2</ele>
      </trkpt>
      <trkpt lat="45.28083" lon="6.89941">
        <ele>1596.0</ele>
      </trkpt>
      <trkpt lat="45.28083" lon="6.89944">
        <ele>1596.1</ele>
      </trkpt>
      <trkpt lat="45.28084" lon="6.89952">
        <ele>1595.9</ele>
      </trkpt>
      <trkpt lat="45.28083" lon="6.89962">
        <ele>1596.8</ele>
      </trkpt>
      <trkpt lat="45.28082" lon="6.8997">
        <ele>1597.6</ele>
      </trkpt>
      <trkpt lat="45.28081" lon="6.89978">
        <ele>1598.4</ele>
      </trkpt>
      <trkpt lat="45.2808" lon="6.89992">
        <ele>1599.4</ele>
      </trkpt>
      <trkpt lat="45.28079" lon="6.89995">
        <ele>1600.0</ele>
      </trkpt>
      <trkpt lat="45.280769" lon="6.90012">
        <ele>1602.1</ele>
      </trkpt>
      <trkpt lat="45.28074" lon="6.9003">
        <ele>1604.9</ele>
      </trkpt>
      <trkpt lat="45.28073" lon="6.90043">
        <ele>1606.4</ele>
      </trkpt>
      <trkpt lat="45.28072" lon="6.90054">
        <ele>1607.7</ele>
      </trkpt>
      <trkpt lat="45.28071" lon="6.90065">
        <ele>1609.0</ele>
      </trkpt>
      <trkpt lat="45.28071" lon="6.90071">
        <ele>1609.5</ele>
      </trkpt>
      <trkpt lat="45.28072" lon="6.90096">
        <ele>1610.5</ele>
      </trkpt>
      <trkpt lat="45.28074" lon="6.90175">
        <ele>1612.9</ele>
      </trkpt>
      <trkpt lat="45.280679" lon="6.90214">
        <ele>1616.0</ele>
      </trkpt>
      <trkpt lat="45.28065" lon="6.90246">
        <ele>1617.8</ele>
      </trkpt>
      <trkpt lat="45.28065" lon="6.90271">
        <ele>1618.6</ele>
      </trkpt>
      <trkpt lat="45.28065" lon="6.90276">
        <ele>1618.8</ele>
      </trkpt>
      <trkpt lat="45.28065" lon="6.90292">
        <ele>1619.5</ele>
      </trkpt>
      <trkpt lat="45.28065" lon="6.90318">
        <ele>1620.5</ele>
      </trkpt>
      <trkpt lat="45.28065" lon="6.90327">
        <ele>1620.9</ele>
      </trkpt>
      <trkpt lat="45.28065" lon="6.90335">
        <ele>1621.3</ele>
      </trkpt>
      <trkpt lat="45.28065" lon="6.90346">
        <ele>1622.5</ele>
      </trkpt>
      <trkpt lat="45.28065" lon="6.90352">
        <ele>1623.2</ele>
      </trkpt>
      <trkpt lat="45.28065" lon="6.90358">
        <ele>1623.8</ele>
      </trkpt>
      <trkpt lat="45.28067" lon="6.90369">
        <ele>1624.0</ele>
      </trkpt>
      <trkpt lat="45.28069" lon="6.90377">
        <ele>1623.8</ele>
      </trkpt>
      <trkpt lat="45.28069" lon="6.9038">
        <ele>1624.1</ele>
      </trkpt>
      <trkpt lat="45.28072" lon="6.90386">
        <ele>1623.2</ele>
      </trkpt>
      <trkpt lat="45.28074" lon="6.90394">
        <ele>1623.1</ele>
      </trkpt>
      <trkpt lat="45.28076" lon="6.90401">
        <ele>1622.9</ele>
      </trkpt>
      <trkpt lat="45.28078" lon="6.90406">
        <ele>1622.4</ele>
      </trkpt>
      <trkpt lat="45.28081" lon="6.90415">
        <ele>1622.0</ele>
      </trkpt>
      <trkpt lat="45.28083" lon="6.90424">
        <ele>1622.0</ele>
      </trkpt>
      <trkpt lat="45.28083" lon="6.90425">
        <ele>1622.1</ele>
      </trkpt>
      <trkpt lat="45.28084" lon="6.90436">
        <ele>1622.8</ele>
      </trkpt>
      <trkpt lat="45.28085" lon="6.90446">
        <ele>1623.4</ele>
      </trkpt>
      <trkpt lat="45.28085" lon="6.9045">
        <ele>1623.9</ele>
      </trkpt>
      <trkpt lat="45.28085" lon="6.90456">
        <ele>1624.5</ele>
      </trkpt>
      <trkpt lat="45.28084" lon="6.90475">
        <ele>1627.0</ele>
      </trkpt>
      <trkpt lat="45.28082" lon="6.90498">
        <ele>1630.5</ele>
      </trkpt>
      <trkpt lat="45.28079" lon="6.9055">
        <ele>1635.3</ele>
      </trkpt>
      <trkpt lat="45.28076" lon="6.90595">
        <ele>1639.6</ele>
      </trkpt>
      <trkpt lat="45.28074" lon="6.90628">
        <ele>1642.6</ele>
      </trkpt>
      <trkpt lat="45.28073" lon="6.90642">
        <ele>1643.9</ele>
      </trkpt>
      <trkpt lat="45.28072" lon="6.90653">
        <ele>1645.1</ele>
      </trkpt>
      <trkpt lat="45.2807" lon="6.90679">
        <ele>1647.8</ele>
      </trkpt>
      <trkpt lat="45.2807" lon="6.90683">
        <ele>1648.1</ele>
      </trkpt>
      <trkpt lat="45.2807" lon="6.90704">
        <ele>1649.7</ele>
      </trkpt>
      <trkpt lat="45.2807" lon="6.90708">
        <ele>1650.0</ele>
      </trkpt>
      <trkpt lat="45.2807" lon="6.90728">
        <ele>1651.5</ele>
      </trkpt>
      <trkpt lat="45.28072" lon="6.90742">
        <ele>1651.7</ele>
      </trkpt>
      <trkpt lat="45.28073" lon="6.9075">
        <ele>1652.0</ele>
      </trkpt>
      <trkpt lat="45.28073" lon="6.90755">
        <ele>1652.1</ele>
      </trkpt>
      <trkpt lat="45.28074" lon="6.90761">
        <ele>1652.0</ele>
      </trkpt>
      <trkpt lat="45.280769" lon="6.9078">
        <ele>1651.5</ele>
      </trkpt>
      <trkpt lat="45.2808" lon="6.90797">
        <ele>1651.0</ele>
      </trkpt>
      <trkpt lat="45.28084" lon="6.90826">
        <ele>1650.6</ele>
      </trkpt>
      <trkpt lat="45.28088" lon="6.90855">
        <ele>1651.0</ele>
      </trkpt>
      <trkpt lat="45.28092" lon="6.9088">
        <ele>1651.3</ele>
      </trkpt>
      <trkpt lat="45.28094" lon="6.90891">
        <ele>1651.5</ele>
      </trkpt>
      <trkpt lat="45.28096" lon="6.90905">
        <ele>1651.8</ele>
      </trkpt>
      <trkpt lat="45.281" lon="6.9093">
        <ele>1653.0</ele>
      </trkpt>
      <trkpt lat="45.28101" lon="6.90934">
        <ele>1653.2</ele>
      </trkpt>
      <trkpt lat="45.28104" lon="6.90955">
        <ele>1654.5</ele>
      </trkpt>
      <trkpt lat="45.28111" lon="6.91005">
        <ele>1657.6</ele>
      </trkpt>
      <trkpt lat="45.281149" lon="6.9103">
        <ele>1659.8</ele>
      </trkpt>
      <trkpt lat="45.28121" lon="6.91067">
        <ele>1662.7</ele>
      </trkpt>
      <trkpt lat="45.28128" lon="6.91114">
        <ele>1665.5</ele>
      </trkpt>
      <trkpt lat="45.28131" lon="6.9113">
        <ele>1666.1</ele>
      </trkpt>
      <trkpt lat="45.28134" lon="6.91147">
        <ele>1666.9</ele>
      </trkpt>
      <trkpt lat="45.28138" lon="6.91171">
        <ele>1667.7</ele>
      </trkpt>
      <trkpt lat="45.28138" lon="6.91179">
        <ele>1668.0</ele>
      </trkpt>
      <trkpt lat="45.28138" lon="6.91185">
        <ele>1668.2</ele>
      </trkpt>
      <trkpt lat="45.28138" lon="6.91187">
        <ele>1668.3</ele>
      </trkpt>
      <trkpt lat="45.28138" lon="6.91189">
        <ele>1668.4</ele>
      </trkpt>
      <trkpt lat="45.28137" lon="6.91191">
        <ele>1668.7</ele>
      </trkpt>
      <trkpt lat="45.28137" lon="6.91193">
        <ele>1668.8</ele>
      </trkpt>
      <trkpt lat="45.28136" lon="6.91194">
        <ele>1669.1</ele>
      </trkpt>
      <trkpt lat="45.28136" lon="6.91196">
        <ele>1669.2</ele>
      </trkpt>
      <trkpt lat="45.28135" lon="6.91197">
        <ele>1669.6</ele>
      </trkpt>
      <trkpt lat="45.281329" lon="6.91199">
        <ele>1670.2</ele>
      </trkpt>
      <trkpt lat="45.28132" lon="6.91199">
        <ele>1670.5</ele>
      </trkpt>
      <trkpt lat="45.28131" lon="6.912">
        <ele>1670.8</ele>
      </trkpt>
      <trkpt lat="45.2813" lon="6.91201">
        <ele>1671.2</ele>
      </trkpt>
      <trkpt lat="45.28128" lon="6.91201">
        <ele>1671.8</ele>
      </trkpt>
      <trkpt lat="45.28127" lon="6.91202">
        <ele>1672.1</ele>
      </trkpt>
      <trkpt lat="45.28125" lon="6.91202">
        <ele>1672.7</ele>
      </trkpt>
      <trkpt lat="45.281239" lon="6.91201">
        <ele>1672.9</ele>
      </trkpt>
      <trkpt lat="45.28123" lon="6.912">
        <ele>1673.2</ele>
      </trkpt>
      <trkpt lat="45.28121" lon="6.91198">
        <ele>1673.7</ele>
      </trkpt>
      <trkpt lat="45.28117" lon="6.91193">
        <ele>1674.6</ele>
      </trkpt>
      <trkpt lat="45.28113" lon="6.91187">
        <ele>1675.4</ele>
      </trkpt>
      <trkpt lat="45.28108" lon="6.9118">
        <ele>1676.3</ele>
      </trkpt>
      <trkpt lat="45.28104" lon="6.9117">
        <ele>1676.8</ele>
      </trkpt>
      <trkpt lat="45.28098" lon="6.91158">
        <ele>1677.3</ele>
      </trkpt>
      <trkpt lat="45.28091" lon="6.91144">
        <ele>1677.8</ele>
      </trkpt>
      <trkpt lat="45.2809" lon="6.91141">
        <ele>1677.8</ele>
      </trkpt>
      <trkpt lat="45.28069" lon="6.91103">
        <ele>1680.8</ele>
      </trkpt>
      <trkpt lat="45.280589" lon="6.91082">
        <ele>1682.3</ele>
      </trkpt>
      <trkpt lat="45.28058" lon="6.9108">
        <ele>1682.4</ele>
      </trkpt>
      <trkpt lat="45.28048" lon="6.91062">
        <ele>1684.1</ele>
      </trkpt>
      <trkpt lat="45.28039" lon="6.91047">
        <ele>1686.1</ele>
      </trkpt>
      <trkpt lat="45.28036" lon="6.91042">
        <ele>1686.8</ele>
      </trkpt>
      <trkpt lat="45.28026" lon="6.91022">
        <ele>1689.2</ele>
      </trkpt>
      <trkpt lat="45.28023" lon="6.91017">
        <ele>1690.1</ele>
      </trkpt>
      <trkpt lat="45.28015" lon="6.91001">
        <ele>1692.4</ele>
      </trkpt>
      <trkpt lat="45.280119" lon="6.90995">
        <ele>1693.2</ele>
      </trkpt>
      <trkpt lat="45.28006" lon="6.90979">
        <ele>1694.3</ele>
      </trkpt>
      <trkpt lat="45.27999" lon="6.90965">
        <ele>1696.2</ele>
      </trkpt>
      <trkpt lat="45.27991" lon="6.90942">
        <ele>1698.6</ele>
      </trkpt>
      <trkpt lat="45.27985" lon="6.90927">
        <ele>1700.4</ele>
      </trkpt>
      <trkpt lat="45.279829" lon="6.90919">
        <ele>1700.6</ele>
      </trkpt>
      <trkpt lat="45.27975" lon="6.90897">
        <ele>1702.6</ele>
      </trkpt>
      <trkpt lat="45.27971" lon="6.90886">
        <ele>1703.6</ele>
      </trkpt>
      <trkpt lat="45.27966" lon="6.9087">
        <ele>1704.4</ele>
      </trkpt>
      <trkpt lat="45.27964" lon="6.90859">
        <ele>1704.1</ele>
      </trkpt>
      <trkpt lat="45.27963" lon="6.90851">
        <ele>1703.7</ele>
      </trkpt>
      <trkpt lat="45.27962" lon="6.9084">
        <ele>1702.9</ele>
      </trkpt>
      <trkpt lat="45.27961" lon="6.90828">
        <ele>1702.4</ele>
      </trkpt>
      <trkpt lat="45.27961" lon="6.90823">
        <ele>1702.2</ele>
      </trkpt>
      <trkpt lat="45.27959" lon="6.90812">
        <ele>1702.8</ele>
      </trkpt>
      <trkpt lat="45.27958" lon="6.90803">
        <ele>1702.9</ele>
      </trkpt>
      <trkpt lat="45.27957" lon="6.90799">
        <ele>1703.2</ele>
      </trkpt>
      <trkpt lat="45.279559" lon="6.90795">
        <ele>1703.6</ele>
      </trkpt>
      <trkpt lat="45.27952" lon="6.90786">
        <ele>1705.2</ele>
      </trkpt>
      <trkpt lat="45.27948" lon="6.90777">
        <ele>1706.8</ele>
      </trkpt>
      <trkpt lat="45.27943" lon="6.90768">
        <ele>1708.8</ele>
      </trkpt>
      <trkpt lat="45.27938" lon="6.90759">
        <ele>1710.9</ele>
      </trkpt>
      <trkpt lat="45.27932" lon="6.90747">
        <ele>1713.5</ele>
      </trkpt>
      <trkpt lat="45.2793" lon="6.90739">
        <ele>1714.5</ele>
      </trkpt>
      <trkpt lat="45.27928" lon="6.90734">
        <ele>1715.5</ele>
      </trkpt>
      <trkpt lat="45.279269" lon="6.90731">
        <ele>1716.0</ele>
      </trkpt>
      <trkpt lat="45.27926" lon="6.90724">
        <ele>1716.5</ele>
      </trkpt>
      <trkpt lat="45.27925" lon="6.90716">
        <ele>1717.0</ele>
      </trkpt>
      <trkpt lat="45.27925" lon="6.90709">
        <ele>1717.0</ele>
      </trkpt>
      <trkpt lat="45.27925" lon="6.90699">
        <ele>1717.1</ele>
      </trkpt>
      <trkpt lat="45.27925" lon="6.90683">
        <ele>1717.1</ele>
      </trkpt>
      <trkpt lat="45.27925" lon="6.90675">
        <ele>1717.2</ele>
      </trkpt>
      <trkpt lat="45.27925" lon="6.90644">
        <ele>1716.6</ele>
      </trkpt>
      <trkpt lat="45.27926" lon="6.90623">
        <ele>1715.6</ele>
      </trkpt>
      <trkpt lat="45.27925" lon="6.90607">
        <ele>1715.7</ele>
      </trkpt>
      <trkpt lat="45.27925" lon="6.90606">
        <ele>1715.7</ele>
      </trkpt>
      <trkpt lat="45.27923" lon="6.90597">
        <ele>1716.4</ele>
      </trkpt>
      <trkpt lat="45.27921" lon="6.90589">
        <ele>1717.1</ele>
      </trkpt>
      <trkpt lat="45.27919" lon="6.90583">
        <ele>1717.9</ele>
      </trkpt>
      <trkpt lat="45.279179" lon="6.9058">
        <ele>1718.3</ele>
      </trkpt>
      <trkpt lat="45.27912" lon="6.90565">
        <ele>1721.4</ele>
      </trkpt>
      <trkpt lat="45.279089" lon="6.90557">
        <ele>1722.9</ele>
      </trkpt>
      <trkpt lat="45.27907" lon="6.90549">
        <ele>1723.8</ele>
      </trkpt>
      <trkpt lat="45.27905" lon="6.90541">
        <ele>1724.7</ele>
      </trkpt>
      <trkpt lat="45.27904" lon="6.90534">
        <ele>1725.0</ele>
      </trkpt>
      <trkpt lat="45.27903" lon="6.90527">
        <ele>1725.4</ele>
      </trkpt>
      <trkpt lat="45.27903" lon="6.90521">
        <ele>1725.2</ele>
      </trkpt>
      <trkpt lat="45.27903" lon="6.90514">
        <ele>1725.0</ele>
      </trkpt>
      <trkpt lat="45.27903" lon="6.90511">
        <ele>1724.9</ele>
      </trkpt>
      <trkpt lat="45.27903" lon="6.90499">
        <ele>1724.5</ele>
      </trkpt>
      <trkpt lat="45.27902" lon="6.90487">
        <ele>1724.4</ele>
      </trkpt>
      <trkpt lat="45.27902" lon="6.90486">
        <ele>1724.3</ele>
      </trkpt>
      <trkpt lat="45.279" lon="6.90473">
        <ele>1724.6</ele>
      </trkpt>
      <trkpt lat="45.27899" lon="6.9046">
        <ele>1724.4</ele>
      </trkpt>
      <trkpt lat="45.27898" lon="6.90454">
        <ele>1724.5</ele>
      </trkpt>
      <trkpt lat="45.27896" lon="6.9044">
        <ele>1724.7</ele>
      </trkpt>
      <trkpt lat="45.27895" lon="6.90435">
        <ele>1724.9</ele>
      </trkpt>
      <trkpt lat="45.27893" lon="6.90424">
        <ele>1725.2</ele>
      </trkpt>
      <trkpt lat="45.278889" lon="6.90405">
        <ele>1725.0</ele>
      </trkpt>
      <trkpt lat="45.27884" lon="6.90379">
        <ele>1723.5</ele>
      </trkpt>
      <trkpt lat="45.27881" lon="6.90368">
        <ele>1723.2</ele>
      </trkpt>
      <trkpt lat="45.27879" lon="6.90362">
        <ele>1723.1</ele>
      </trkpt>
      <trkpt lat="45.27878" lon="6.90358">
        <ele>1723.0</ele>
      </trkpt>
      <trkpt lat="45.27875" lon="6.90349">
        <ele>1722.9</ele>
      </trkpt>
      <trkpt lat="45.27872" lon="6.90342">
        <ele>1723.0</ele>
      </trkpt>
      <trkpt lat="45.278709" lon="6.9034">
        <ele>1723.1</ele>
      </trkpt>
      <trkpt lat="45.27868" lon="6.90335">
        <ele>1723.5</ele>
      </trkpt>
      <trkpt lat="45.27863" lon="6.90329">
        <ele>1724.8</ele>
      </trkpt>
      <trkpt lat="45.27858" lon="6.90324">
        <ele>1726.2</ele>
      </trkpt>
      <trkpt lat="45.27857" lon="6.90324">
        <ele>1726.6</ele>
      </trkpt>
      <trkpt lat="45.27843" lon="6.90316">
        <ele>1731.1</ele>
      </trkpt>
      <trkpt lat="45.2784" lon="6.90314">
        <ele>1732.1</ele>
      </trkpt>
      <trkpt lat="45.2783" lon="6.90308">
        <ele>1734.9</ele>
      </trkpt>
      <trkpt lat="45.27819" lon="6.90301">
        <ele>1737.2</ele>
      </trkpt>
      <trkpt lat="45.27809" lon="6.90292">
        <ele>1739.0</ele>
      </trkpt>
      <trkpt lat="45.27808" lon="6.90292">
        <ele>1739.3</ele>
      </trkpt>
      <trkpt lat="45.27804" lon="6.90287">
        <ele>1739.9</ele>
      </trkpt>
      <trkpt lat="45.278" lon="6.90281">
        <ele>1740.4</ele>
      </trkpt>
      <trkpt lat="45.27797" lon="6.90275">
        <ele>1740.6</ele>
      </trkpt>
      <trkpt lat="45.27796" lon="6.90273">
        <ele>1740.7</ele>
      </trkpt>
      <trkpt lat="45.27793" lon="6.90268">
        <ele>1741.1</ele>
      </trkpt>
      <trkpt lat="45.2779" lon="6.9026">
        <ele>1741.1</ele>
      </trkpt>
      <trkpt lat="45.27787" lon="6.90251">
        <ele>1741.0</ele>
      </trkpt>
      <trkpt lat="45.27783" lon="6.90242">
        <ele>1741.5</ele>
      </trkpt>
      <trkpt lat="45.2778" lon="6.90234">
        <ele>1741.8</ele>
      </trkpt>
      <trkpt lat="45.27776" lon="6.90224">
        <ele>1742.2</ele>
      </trkpt>
      <trkpt lat="45.27771" lon="6.90208">
        <ele>1742.5</ele>
      </trkpt>
      <trkpt lat="45.27764" lon="6.90189">
        <ele>1743.3</ele>
      </trkpt>
      <trkpt lat="45.27761" lon="6.9018">
        <ele>1743.5</ele>
      </trkpt>
      <trkpt lat="45.27758" lon="6.90172">
        <ele>1743.9</ele>
      </trkpt>
      <trkpt lat="45.27756" lon="6.90163">
        <ele>1743.9</ele>
      </trkpt>
      <trkpt lat="45.27755" lon="6.90162">
        <ele>1744.2</ele>
      </trkpt>
      <trkpt lat="45.27754" lon="6.90155">
        <ele>1744.0</ele>
      </trkpt>
      <trkpt lat="45.27752" lon="6.90145">
        <ele>1744.1</ele>
      </trkpt>
      <trkpt lat="45.27752" lon="6.90137">
        <ele>1743.6</ele>
      </trkpt>
      <trkpt lat="45.27752" lon="6.90136">
        <ele>1743.5</ele>
      </trkpt>
      <trkpt lat="45.27751" lon="6.90126">
        <ele>1743.2</ele>
      </trkpt>
      <trkpt lat="45.27751" lon="6.90117">
        <ele>1742.7</ele>
      </trkpt>
      <trkpt lat="45.2775" lon="6.90111">
        <ele>1742.7</ele>
      </trkpt>
      <trkpt lat="45.2775" lon="6.90108">
        <ele>1742.5</ele>
      </trkpt>
      <trkpt lat="45.27748" lon="6.90099">
        <ele>1742.5</ele>
      </trkpt>
      <trkpt lat="45.27745" lon="6.9009">
        <ele>1742.8</ele>
      </trkpt>
      <trkpt lat="45.27742" lon="6.90082">
        <ele>1743.2</ele>
      </trkpt>
      <trkpt lat="45.27738" lon="6.90075">
        <ele>1743.8</ele>
      </trkpt>
      <trkpt lat="45.27732" lon="6.9007">
        <ele>1745.2</ele>
      </trkpt>
      <trkpt lat="45.27732" lon="6.90069">
        <ele>1745.1</ele>
      </trkpt>
      <trkpt lat="45.27727" lon="6.90065">
        <ele>1746.4</ele>
      </trkpt>
      <trkpt lat="45.277209" lon="6.90058">
        <ele>1747.9</ele>
      </trkpt>
      <trkpt lat="45.27717" lon="6.90055">
        <ele>1749.0</ele>
      </trkpt>
      <trkpt lat="45.27713" lon="6.90053">
        <ele>1750.2</ele>
      </trkpt>
      <trkpt lat="45.27711" lon="6.90049">
        <ele>1750.7</ele>
      </trkpt>
      <trkpt lat="45.27709" lon="6.90046">
        <ele>1751.2</ele>
      </trkpt>
      <trkpt lat="45.27707" lon="6.90042">
        <ele>1751.7</ele>
      </trkpt>
      <trkpt lat="45.27705" lon="6.90039">
        <ele>1752.3</ele>
      </trkpt>
      <trkpt lat="45.27704" lon="6.90035">
        <ele>1752.5</ele>
      </trkpt>
      <trkpt lat="45.27702" lon="6.90028">
        <ele>1753.0</ele>
      </trkpt>
      <trkpt lat="45.277" lon="6.90019">
        <ele>1753.4</ele>
      </trkpt>
      <trkpt lat="45.27695" lon="6.89996">
        <ele>1754.7</ele>
      </trkpt>
      <trkpt lat="45.27691" lon="6.89974">
        <ele>1756.0</ele>
      </trkpt>
      <trkpt lat="45.27688" lon="6.89957">
        <ele>1756.8</ele>
      </trkpt>
      <trkpt lat="45.276829" lon="6.8994">
        <ele>1758.2</ele>
      </trkpt>
      <trkpt lat="45.27679" lon="6.89923">
        <ele>1759.2</ele>
      </trkpt>
      <trkpt lat="45.27675" lon="6.8991">
        <ele>1760.2</ele>
      </trkpt>
      <trkpt lat="45.2767" lon="6.89894">
        <ele>1761.4</ele>
      </trkpt>
      <trkpt lat="45.27669" lon="6.89892">
        <ele>1761.7</ele>
      </trkpt>
      <trkpt lat="45.27661" lon="6.89871">
        <ele>1763.7</ele>
      </trkpt>
      <trkpt lat="45.27655" lon="6.89858">
        <ele>1765.4</ele>
      </trkpt>
      <trkpt lat="45.2765" lon="6.89842">
        <ele>1766.6</ele>
      </trkpt>
      <trkpt lat="45.27641" lon="6.89818">
        <ele>1767.4</ele>
      </trkpt>
      <trkpt lat="45.27632" lon="6.89791">
        <ele>1766.8</ele>
      </trkpt>
      <trkpt lat="45.27628" lon="6.89779">
        <ele>1766.5</ele>
      </trkpt>
      <trkpt lat="45.27626" lon="6.89775">
        <ele>1766.5</ele>
      </trkpt>
      <trkpt lat="45.27623" lon="6.89769">
        <ele>1766.6</ele>
      </trkpt>
      <trkpt lat="45.27622" lon="6.89766">
        <ele>1766.5</ele>
      </trkpt>
      <trkpt lat="45.2762" lon="6.89763">
        <ele>1766.6</ele>
      </trkpt>
      <trkpt lat="45.276179" lon="6.89761">
        <ele>1766.9</ele>
      </trkpt>
      <trkpt lat="45.27617" lon="6.89759">
        <ele>1766.9</ele>
      </trkpt>
      <trkpt lat="45.27615" lon="6.89758">
        <ele>1767.4</ele>
      </trkpt>
      <trkpt lat="45.27614" lon="6.89757">
        <ele>1767.5</ele>
      </trkpt>
      <trkpt lat="45.27611" lon="6.89756">
        <ele>1768.2</ele>
      </trkpt>
      <trkpt lat="45.27609" lon="6.89756">
        <ele>1768.8</ele>
      </trkpt>
      <trkpt lat="45.27607" lon="6.89756">
        <ele>1769.3</ele>
      </trkpt>
      <trkpt lat="45.27605" lon="6.89757">
        <ele>1770.0</ele>
      </trkpt>
      <trkpt lat="45.27603" lon="6.89758">
        <ele>1770.7</ele>
      </trkpt>
      <trkpt lat="45.27601" lon="6.89759">
        <ele>1771.4</ele>
      </trkpt>
      <trkpt lat="45.276" lon="6.8976">
        <ele>1771.9</ele>
      </trkpt>
      <trkpt lat="45.275979" lon="6.89763">
        <ele>1772.9</ele>
      </trkpt>
      <trkpt lat="45.27597" lon="6.89765">
        <ele>1773.5</ele>
      </trkpt>
      <trkpt lat="45.27596" lon="6.8977">
        <ele>1774.5</ele>
      </trkpt>
      <trkpt lat="45.27595" lon="6.89776">
        <ele>1775.7</ele>
      </trkpt>
      <trkpt lat="45.27595" lon="6.89778">
        <ele>1776.0</ele>
      </trkpt>
      <trkpt lat="45.27595" lon="6.8978">
        <ele>1776.3</ele>
      </trkpt>
      <trkpt lat="45.27595" lon="6.89782">
        <ele>1776.6</ele>
      </trkpt>
      <trkpt lat="45.27596" lon="6.89784">
        <ele>1776.6</ele>
      </trkpt>
      <trkpt lat="45.275979" lon="6.89791">
        <ele>1777.0</ele>
      </trkpt>
      <trkpt lat="45.27599" lon="6.89794">
        <ele>1777.1</ele>
      </trkpt>
      <trkpt lat="45.27601" lon="6.89798">
        <ele>1777.1</ele>
      </trkpt>
      <trkpt lat="45.27603" lon="6.89804">
        <ele>1777.4</ele>
      </trkpt>
      <trkpt lat="45.27606" lon="6.89811">
        <ele>1777.5</ele>
      </trkpt>
      <trkpt lat="45.27608" lon="6.89816">
        <ele>1777.6</ele>
      </trkpt>
      <trkpt lat="45.27609" lon="6.89819">
        <ele>1777.7</ele>
      </trkpt>
      <trkpt lat="45.27611" lon="6.89827">
        <ele>1778.1</ele>
      </trkpt>
      <trkpt lat="45.27613" lon="6.89835">
        <ele>1778.4</ele>
      </trkpt>
      <trkpt lat="45.27614" lon="6.89844">
        <ele>1778.3</ele>
      </trkpt>
      <trkpt lat="45.27614" lon="6.8988">
        <ele>1779.2</ele>
      </trkpt>
      <trkpt lat="45.27614" lon="6.89893">
        <ele>1779.5</ele>
      </trkpt>
      <trkpt lat="45.27614" lon="6.89917">
        <ele>1780.1</ele>
      </trkpt>
      <trkpt lat="45.27614" lon="6.89932">
        <ele>1780.3</ele>
      </trkpt>
      <trkpt lat="45.27614" lon="6.89942">
        <ele>1780.4</ele>
      </trkpt>
      <trkpt lat="45.27614" lon="6.89951">
        <ele>1780.5</ele>
      </trkpt>
      <trkpt lat="45.27612" lon="6.89968">
        <ele>1781.3</ele>
      </trkpt>
      <trkpt lat="45.2761" lon="6.89977">
        <ele>1782.1</ele>
      </trkpt>
      <trkpt lat="45.27607" lon="6.89984">
        <ele>1783.0</ele>
      </trkpt>
      <trkpt lat="45.27604" lon="6.89991">
        <ele>1784.0</ele>
      </trkpt>
      <trkpt lat="45.276" lon="6.89999">
        <ele>1785.2</ele>
      </trkpt>
      <trkpt lat="45.27597" lon="6.90004">
        <ele>1786.3</ele>
      </trkpt>
      <trkpt lat="45.27594" lon="6.90013">
        <ele>1787.7</ele>
      </trkpt>
      <trkpt lat="45.27592" lon="6.90019">
        <ele>1788.7</ele>
      </trkpt>
      <trkpt lat="45.2759" lon="6.90028">
        <ele>1789.9</ele>
      </trkpt>
      <trkpt lat="45.275889" lon="6.90037">
        <ele>1790.8</ele>
      </trkpt>
      <trkpt lat="45.275889" lon="6.90045">
        <ele>1791.4</ele>
      </trkpt>
      <trkpt lat="45.27591" lon="6.90055">
        <ele>1791.3</ele>
      </trkpt>
      <trkpt lat="45.27593" lon="6.9007">
        <ele>1791.6</ele>
      </trkpt>
      <trkpt lat="45.27595" lon="6.90086">
        <ele>1791.9</ele>
      </trkpt>
      <trkpt lat="45.27596" lon="6.90089">
        <ele>1791.8</ele>
      </trkpt>
      <trkpt lat="45.275979" lon="6.90107">
        <ele>1792.6</ele>
      </trkpt>
      <trkpt lat="45.276" lon="6.90121">
        <ele>1793.0</ele>
      </trkpt>
      <trkpt lat="45.276" lon="6.90129">
        <ele>1793.6</ele>
      </trkpt>
      <trkpt lat="45.276" lon="6.90137">
        <ele>1794.3</ele>
      </trkpt>
      <trkpt lat="45.276" lon="6.90139">
        <ele>1794.5</ele>
      </trkpt>
      <trkpt lat="45.27599" lon="6.90148">
        <ele>1795.7</ele>
      </trkpt>
      <trkpt lat="45.275979" lon="6.9016">
        <ele>1797.1</ele>
      </trkpt>
      <trkpt lat="45.275979" lon="6.90162">
        <ele>1797.3</ele>
      </trkpt>
      <trkpt lat="45.27596" lon="6.90176">
        <ele>1799.9</ele>
      </trkpt>
      <trkpt lat="45.27594" lon="6.90191">
        <ele>1802.9</ele>
      </trkpt>
      <trkpt lat="45.27593" lon="6.90201">
        <ele>1804.8</ele>
      </trkpt>
      <trkpt lat="45.27594" lon="6.90211">
        <ele>1805.8</ele>
      </trkpt>
      <trkpt lat="45.27594" lon="6.9022">
        <ele>1807.1</ele>
      </trkpt>
      <trkpt lat="45.27595" lon="6.90229">
        <ele>1807.9</ele>
      </trkpt>
      <trkpt lat="45.276" lon="6.90248">
        <ele>1808.5</ele>
      </trkpt>
      <trkpt lat="45.27604" lon="6.90261">
        <ele>1808.2</ele>
      </trkpt>
      <trkpt lat="45.27608" lon="6.90276">
        <ele>1808.0</ele>
      </trkpt>
      <trkpt lat="45.27609" lon="6.90285">
        <ele>1808.5</ele>
      </trkpt>
      <trkpt lat="45.2761" lon="6.90295">
        <ele>1809.1</ele>
      </trkpt>
      <trkpt lat="45.27609" lon="6.90304">
        <ele>1810.5</ele>
      </trkpt>
      <trkpt lat="45.27608" lon="6.90311">
        <ele>1811.6</ele>
      </trkpt>
      <trkpt lat="45.27608" lon="6.90315">
        <ele>1812.0</ele>
      </trkpt>
      <trkpt lat="45.27607" lon="6.90324">
        <ele>1813.4</ele>
      </trkpt>
      <trkpt lat="45.27606" lon="6.90334">
        <ele>1814.8</ele>
      </trkpt>
      <trkpt lat="45.27606" lon="6.90344">
        <ele>1816.2</ele>
      </trkpt>
      <trkpt lat="45.27606" lon="6.90354">
        <ele>1817.5</ele>
      </trkpt>
      <trkpt lat="45.27607" lon="6.90363">
        <ele>1818.3</ele>
      </trkpt>
      <trkpt lat="45.27608" lon="6.90373">
        <ele>1819.2</ele>
      </trkpt>
      <trkpt lat="45.27609" lon="6.9038">
        <ele>1819.7</ele>
      </trkpt>
      <trkpt lat="45.27614" lon="6.90405">
        <ele>1820.9</ele>
      </trkpt>
      <trkpt lat="45.276179" lon="6.90427">
        <ele>1822.2</ele>
      </trkpt>
      <trkpt lat="45.27619" lon="6.9043">
        <ele>1822.2</ele>
      </trkpt>
      <trkpt lat="45.27623" lon="6.90454">
        <ele>1823.7</ele>
      </trkpt>
      <trkpt lat="45.27628" lon="6.90479">
        <ele>1825.1</ele>
      </trkpt>
      <trkpt lat="45.27628" lon="6.9048">
        <ele>1825.2</ele>
      </trkpt>
      <trkpt lat="45.27632" lon="6.90504">
        <ele>1826.9</ele>
      </trkpt>
      <trkpt lat="45.27633" lon="6.90505">
        <ele>1826.6</ele>
      </trkpt>
      <trkpt lat="45.276359" lon="6.90524">
        <ele>1827.6</ele>
      </trkpt>
      <trkpt lat="45.27641" lon="6.90545">
        <ele>1827.9</ele>
      </trkpt>
      <trkpt lat="45.27643" lon="6.90553">
        <ele>1828.0</ele>
      </trkpt>
      <trkpt lat="45.276449" lon="6.90561">
        <ele>1828.0</ele>
      </trkpt>
      <trkpt lat="45.2765" lon="6.90576">
        <ele>1827.7</ele>
      </trkpt>
      <trkpt lat="45.27651" lon="6.90578">
        <ele>1827.5</ele>
      </trkpt>
      <trkpt lat="45.27659" lon="6.90599">
        <ele>1826.4</ele>
      </trkpt>
      <trkpt lat="45.27662" lon="6.90608">
        <ele>1826.2</ele>
      </trkpt>
      <trkpt lat="45.27667" lon="6.90621">
        <ele>1825.6</ele>
      </trkpt>
      <trkpt lat="45.2767" lon="6.90631">
        <ele>1825.9</ele>
      </trkpt>
      <trkpt lat="45.27673" lon="6.90639">
        <ele>1826.1</ele>
      </trkpt>
      <trkpt lat="45.276739" lon="6.90645">
        <ele>1826.5</ele>
      </trkpt>
      <trkpt lat="45.276739" lon="6.90647">
        <ele>1826.7</ele>
      </trkpt>
      <trkpt lat="45.27675" lon="6.90655">
        <ele>1827.3</ele>
      </trkpt>
      <trkpt lat="45.27675" lon="6.90662">
        <ele>1827.9</ele>
      </trkpt>
      <trkpt lat="45.276739" lon="6.90666">
        <ele>1828.5</ele>
      </trkpt>
      <trkpt lat="45.27673" lon="6.90669">
        <ele>1828.8</ele>
      </trkpt>
      <trkpt lat="45.27673" lon="6.9067">
        <ele>1828.8</ele>
      </trkpt>
      <trkpt lat="45.27672" lon="6.90672">
        <ele>1829.0</ele>
      </trkpt>
      <trkpt lat="45.27671" lon="6.90675">
        <ele>1829.2</ele>
      </trkpt>
      <trkpt lat="45.27667" lon="6.9068">
        <ele>1830.1</ele>
      </trkpt>
      <trkpt lat="45.27663" lon="6.90683">
        <ele>1831.6</ele>
      </trkpt>
      <trkpt lat="45.27659" lon="6.90686">
        <ele>1833.2</ele>
      </trkpt>
      <trkpt lat="45.27658" lon="6.90687">
        <ele>1833.6</ele>
      </trkpt>
      <trkpt lat="45.27654" lon="6.90689">
        <ele>1835.2</ele>
      </trkpt>
      <trkpt lat="45.27643" lon="6.90696">
        <ele>1839.6</ele>
      </trkpt>
      <trkpt lat="45.27638" lon="6.90698">
        <ele>1841.6</ele>
      </trkpt>
      <trkpt lat="45.27633" lon="6.90702">
        <ele>1843.7</ele>
      </trkpt>
      <trkpt lat="45.27628" lon="6.90705">
        <ele>1845.7</ele>
      </trkpt>
      <trkpt lat="45.276269" lon="6.90707">
        <ele>1846.2</ele>
      </trkpt>
      <trkpt lat="45.27624" lon="6.90709">
        <ele>1847.4</ele>
      </trkpt>
      <trkpt lat="45.27619" lon="6.90714">
        <ele>1849.5</ele>
      </trkpt>
      <trkpt lat="45.27617" lon="6.9072">
        <ele>1850.5</ele>
      </trkpt>
      <trkpt lat="45.27614" lon="6.90726">
        <ele>1851.8</ele>
      </trkpt>
      <trkpt lat="45.27611" lon="6.90734">
        <ele>1853.3</ele>
      </trkpt>
      <trkpt lat="45.2761" lon="6.9074">
        <ele>1853.8</ele>
      </trkpt>
      <trkpt lat="45.27609" lon="6.90748">
        <ele>1854.5</ele>
      </trkpt>
      <trkpt lat="45.27609" lon="6.9076">
        <ele>1855.6</ele>
      </trkpt>
      <trkpt lat="45.27609" lon="6.90769">
        <ele>1856.6</ele>
      </trkpt>
      <trkpt lat="45.2761" lon="6.90773">
        <ele>1856.6</ele>
      </trkpt>
      <trkpt lat="45.27611" lon="6.90778">
        <ele>1856.7</ele>
      </trkpt>
      <trkpt lat="45.27614" lon="6.90787">
        <ele>1856.4</ele>
      </trkpt>
      <trkpt lat="45.27617" lon="6.90795">
        <ele>1856.0</ele>
      </trkpt>
      <trkpt lat="45.27617" lon="6.90796">
        <ele>1856.1</ele>
      </trkpt>
      <trkpt lat="45.27621" lon="6.90804">
        <ele>1855.2</ele>
      </trkpt>
      <trkpt lat="45.27625" lon="6.90812">
        <ele>1854.3</ele>
      </trkpt>
      <trkpt lat="45.276269" lon="6.90817">
        <ele>1854.0</ele>
      </trkpt>
      <trkpt lat="45.27629" lon="6.9082">
        <ele>1853.4</ele>
      </trkpt>
      <trkpt lat="45.27638" lon="6.90838">
        <ele>1851.5</ele>
      </trkpt>
      <trkpt lat="45.27644" lon="6.90852">
        <ele>1851.0</ele>
      </trkpt>
      <trkpt lat="45.27651" lon="6.90868">
        <ele>1850.4</ele>
      </trkpt>
      <trkpt lat="45.27654" lon="6.90876">
        <ele>1850.3</ele>
      </trkpt>
      <trkpt lat="45.27656" lon="6.90882">
        <ele>1850.3</ele>
      </trkpt>
      <trkpt lat="45.27656" lon="6.90884">
        <ele>1850.6</ele>
      </trkpt>
      <trkpt lat="45.27657" lon="6.90892">
        <ele>1851.4</ele>
      </trkpt>
      <trkpt lat="45.27656" lon="6.90901">
        <ele>1853.3</ele>
      </trkpt>
      <trkpt lat="45.27656" lon="6.9091">
        <ele>1854.7</ele>
      </trkpt>
      <trkpt lat="45.27654" lon="6.90918">
        <ele>1856.8</ele>
      </trkpt>
      <trkpt lat="45.27652" lon="6.90933">
        <ele>1860.0</ele>
      </trkpt>
      <trkpt lat="45.2765" lon="6.90944">
        <ele>1862.5</ele>
      </trkpt>
      <trkpt lat="45.27649" lon="6.90953">
        <ele>1864.3</ele>
      </trkpt>
      <trkpt lat="45.27649" lon="6.90962">
        <ele>1865.7</ele>
      </trkpt>
      <trkpt lat="45.2765" lon="6.90971">
        <ele>1866.6</ele>
      </trkpt>
      <trkpt lat="45.27652" lon="6.90979">
        <ele>1867.1</ele>
      </trkpt>
      <trkpt lat="45.27655" lon="6.90987">
        <ele>1867.2</ele>
      </trkpt>
      <trkpt lat="45.27658" lon="6.90995">
        <ele>1867.3</ele>
      </trkpt>
      <trkpt lat="45.27663" lon="6.91003">
        <ele>1867.0</ele>
      </trkpt>
      <trkpt lat="45.27667" lon="6.91009">
        <ele>1867.1</ele>
      </trkpt>
      <trkpt lat="45.276739" lon="6.9102">
        <ele>1867.7</ele>
      </trkpt>
      <trkpt lat="45.27675" lon="6.91022">
        <ele>1867.8</ele>
      </trkpt>
      <trkpt lat="45.2768" lon="6.91029">
        <ele>1867.9</ele>
      </trkpt>
      <trkpt lat="45.27689" lon="6.91043">
        <ele>1868.2</ele>
      </trkpt>
      <trkpt lat="45.27695" lon="6.91053">
        <ele>1868.3</ele>
      </trkpt>
      <trkpt lat="45.277" lon="6.91063">
        <ele>1868.6</ele>
      </trkpt>
      <trkpt lat="45.27704" lon="6.91072">
        <ele>1868.9</ele>
      </trkpt>
      <trkpt lat="45.27707" lon="6.91081">
        <ele>1869.6</ele>
      </trkpt>
      <trkpt lat="45.27707" lon="6.91084">
        <ele>1870.1</ele>
      </trkpt>
      <trkpt lat="45.27709" lon="6.91093">
        <ele>1870.5</ele>
      </trkpt>
      <trkpt lat="45.2771" lon="6.91107">
        <ele>1872.0</ele>
      </trkpt>
      <trkpt lat="45.27711" lon="6.91116">
        <ele>1872.8</ele>
      </trkpt>
      <trkpt lat="45.27711" lon="6.91126">
        <ele>1874.1</ele>
      </trkpt>
      <trkpt lat="45.27711" lon="6.91134">
        <ele>1875.1</ele>
      </trkpt>
      <trkpt lat="45.27711" lon="6.91156">
        <ele>1878.0</ele>
      </trkpt>
      <trkpt lat="45.27711" lon="6.9116">
        <ele>1878.5</ele>
      </trkpt>
      <trkpt lat="45.27711" lon="6.91185">
        <ele>1878.8</ele>
      </trkpt>
      <trkpt lat="45.2771" lon="6.91217">
        <ele>1878.1</ele>
      </trkpt>
      <trkpt lat="45.27709" lon="6.91236">
        <ele>1877.8</ele>
      </trkpt>
      <trkpt lat="45.27709" lon="6.91245">
        <ele>1877.5</ele>
      </trkpt>
      <trkpt lat="45.27709" lon="6.91254">
        <ele>1876.8</ele>
      </trkpt>
      <trkpt lat="45.27708" lon="6.91262">
        <ele>1876.1</ele>
      </trkpt>
      <trkpt lat="45.27707" lon="6.9127">
        <ele>1875.4</ele>
      </trkpt>
      <trkpt lat="45.27705" lon="6.91276">
        <ele>1875.3</ele>
      </trkpt>
      <trkpt lat="45.27702" lon="6.91281">
        <ele>1875.7</ele>
      </trkpt>
      <trkpt lat="45.277" lon="6.91283">
        <ele>1876.2</ele>
      </trkpt>
      <trkpt lat="45.27699" lon="6.91284">
        <ele>1876.4</ele>
      </trkpt>
      <trkpt lat="45.27697" lon="6.91285">
        <ele>1876.9</ele>
      </trkpt>
      <trkpt lat="45.27695" lon="6.91285">
        <ele>1877.6</ele>
      </trkpt>
      <trkpt lat="45.27693" lon="6.91285">
        <ele>1878.3</ele>
      </trkpt>
      <trkpt lat="45.27691" lon="6.91285">
        <ele>1879.0</ele>
      </trkpt>
      <trkpt lat="45.27689" lon="6.91285">
        <ele>1879.6</ele>
      </trkpt>
      <trkpt lat="45.27687" lon="6.91284">
        <ele>1880.4</ele>
      </trkpt>
      <trkpt lat="45.27685" lon="6.91282">
        <ele>1881.3</ele>
      </trkpt>
      <trkpt lat="45.27684" lon="6.91281">
        <ele>1881.8</ele>
      </trkpt>
      <trkpt lat="45.2768" lon="6.91277">
        <ele>1883.6</ele>
      </trkpt>
      <trkpt lat="45.27679" lon="6.91273">
        <ele>1884.4</ele>
      </trkpt>
      <trkpt lat="45.27678" lon="6.91271">
        <ele>1885.0</ele>
      </trkpt>
      <trkpt lat="45.27678" lon="6.91268">
        <ele>1885.3</ele>
      </trkpt>
      <trkpt lat="45.27678" lon="6.91265">
        <ele>1885.6</ele>
      </trkpt>
      <trkpt lat="45.27678" lon="6.91262">
        <ele>1886.0</ele>
      </trkpt>
      <trkpt lat="45.27678" lon="6.91258">
        <ele>1886.4</ele>
      </trkpt>
      <trkpt lat="45.27679" lon="6.91251">
        <ele>1886.9</ele>
      </trkpt>
      <trkpt lat="45.2768" lon="6.91236">
        <ele>1887.6</ele>
      </trkpt>
      <trkpt lat="45.27681" lon="6.91221">
        <ele>1888.3</ele>
      </trkpt>
      <trkpt lat="45.276829" lon="6.91204">
        <ele>1888.7</ele>
      </trkpt>
      <trkpt lat="45.276829" lon="6.91201">
        <ele>1888.9</ele>
      </trkpt>
      <trkpt lat="45.276829" lon="6.91196">
        <ele>1889.2</ele>
      </trkpt>
      <trkpt lat="45.27684" lon="6.91186">
        <ele>1889.5</ele>
      </trkpt>
      <trkpt lat="45.276829" lon="6.91177">
        <ele>1890.5</ele>
      </trkpt>
      <trkpt lat="45.276829" lon="6.91176">
        <ele>1890.5</ele>
      </trkpt>
      <trkpt lat="45.27682" lon="6.91168">
        <ele>1891.5</ele>
      </trkpt>
      <trkpt lat="45.27679" lon="6.91157">
        <ele>1891.4</ele>
      </trkpt>
      <trkpt lat="45.27677" lon="6.91151">
        <ele>1891.3</ele>
      </trkpt>
      <trkpt lat="45.276739" lon="6.91143">
        <ele>1891.3</ele>
      </trkpt>
      <trkpt lat="45.2767" lon="6.91135">
        <ele>1891.7</ele>
      </trkpt>
      <trkpt lat="45.27668" lon="6.9113">
        <ele>1891.7</ele>
      </trkpt>
      <trkpt lat="45.27666" lon="6.91127">
        <ele>1892.0</ele>
      </trkpt>
      <trkpt lat="45.27661" lon="6.91119">
        <ele>1892.4</ele>
      </trkpt>
      <trkpt lat="45.27656" lon="6.91112">
        <ele>1892.8</ele>
      </trkpt>
      <trkpt lat="45.27641" lon="6.91097">
        <ele>1895.0</ele>
      </trkpt>
      <trkpt lat="45.27634" lon="6.91091">
        <ele>1896.1</ele>
      </trkpt>
      <trkpt lat="45.27605" lon="6.91065">
        <ele>1899.9</ele>
      </trkpt>
      <trkpt lat="45.27595" lon="6.91056">
        <ele>1901.4</ele>
      </trkpt>
      <trkpt lat="45.27587" lon="6.91048">
        <ele>1902.4</ele>
      </trkpt>
      <trkpt lat="45.27581" lon="6.91042">
        <ele>1903.2</ele>
      </trkpt>
      <trkpt lat="45.27576" lon="6.91036">
        <ele>1903.5</ele>
      </trkpt>
      <trkpt lat="45.27572" lon="6.91028">
        <ele>1903.2</ele>
      </trkpt>
      <trkpt lat="45.27569" lon="6.91022">
        <ele>1903.0</ele>
      </trkpt>
      <trkpt lat="45.27568" lon="6.9102">
        <ele>1902.9</ele>
      </trkpt>
      <trkpt lat="45.27565" lon="6.9101">
        <ele>1902.0</ele>
      </trkpt>
      <trkpt lat="45.2756" lon="6.90999">
        <ele>1901.6</ele>
      </trkpt>
      <trkpt lat="45.27555" lon="6.90986">
        <ele>1902.0</ele>
      </trkpt>
      <trkpt lat="45.27551" lon="6.90978">
        <ele>1902.5</ele>
      </trkpt>
      <trkpt lat="45.27546" lon="6.90971">
        <ele>1903.3</ele>
      </trkpt>
      <trkpt lat="45.2754" lon="6.90964">
        <ele>1904.5</ele>
      </trkpt>
      <trkpt lat="45.27535" lon="6.90959">
        <ele>1905.5</ele>
      </trkpt>
      <trkpt lat="45.27529" lon="6.90954">
        <ele>1906.8</ele>
      </trkpt>
      <trkpt lat="45.27523" lon="6.90948">
        <ele>1908.0</ele>
      </trkpt>
      <trkpt lat="45.27522" lon="6.90947">
        <ele>1908.2</ele>
      </trkpt>
      <trkpt lat="45.27511" lon="6.90937">
        <ele>1910.5</ele>
      </trkpt>
      <trkpt lat="45.27506" lon="6.90932">
        <ele>1911.6</ele>
      </trkpt>
      <trkpt lat="45.27499" lon="6.90926">
        <ele>1913.1</ele>
      </trkpt>
      <trkpt lat="45.27494" lon="6.90919">
        <ele>1914.3</ele>
      </trkpt>
      <trkpt lat="45.27489" lon="6.90913">
        <ele>1915.6</ele>
      </trkpt>
      <trkpt lat="45.27484" lon="6.90905">
        <ele>1916.8</ele>
      </trkpt>
      <trkpt lat="45.27481" lon="6.90899">
        <ele>1917.4</ele>
      </trkpt>
      <trkpt lat="45.2748" lon="6.90896">
        <ele>1917.6</ele>
      </trkpt>
      <trkpt lat="45.27473" lon="6.9088">
        <ele>1919.0</ele>
      </trkpt>
      <trkpt lat="45.27466" lon="6.90859">
        <ele>1920.2</ele>
      </trkpt>
      <trkpt lat="45.27466" lon="6.90856">
        <ele>1920.1</ele>
      </trkpt>
      <trkpt lat="45.27461" lon="6.9084">
        <ele>1920.9</ele>
      </trkpt>
      <trkpt lat="45.2745" lon="6.908">
        <ele>1922.5</ele>
      </trkpt>
      <trkpt lat="45.274479" lon="6.9079">
        <ele>1922.6</ele>
      </trkpt>
      <trkpt lat="45.27445" lon="6.9078">
        <ele>1923.1</ele>
      </trkpt>
      <trkpt lat="45.27442" lon="6.9077">
        <ele>1923.5</ele>
      </trkpt>
      <trkpt lat="45.27438" lon="6.9076">
        <ele>1924.2</ele>
      </trkpt>
      <trkpt lat="45.27435" lon="6.90752">
        <ele>1924.8</ele>
      </trkpt>
      <trkpt lat="45.274299" lon="6.90742">
        <ele>1925.7</ele>
      </trkpt>
      <trkpt lat="45.27426" lon="6.90733">
        <ele>1926.4</ele>
      </trkpt>
      <trkpt lat="45.27418" lon="6.90718">
        <ele>1927.9</ele>
      </trkpt>
      <trkpt lat="45.27402" lon="6.90692">
        <ele>1932.1</ele>
      </trkpt>
      <trkpt lat="45.27393" lon="6.90677">
        <ele>1934.5</ele>
      </trkpt>
      <trkpt lat="45.27386" lon="6.90665">
        <ele>1936.4</ele>
      </trkpt>
      <trkpt lat="45.27381" lon="6.90656">
        <ele>1937.8</ele>
      </trkpt>
      <trkpt lat="45.27377" lon="6.90647">
        <ele>1938.8</ele>
      </trkpt>
      <trkpt lat="45.27373" lon="6.90637">
        <ele>1939.7</ele>
      </trkpt>
      <trkpt lat="45.2737" lon="6.90627">
        <ele>1940.1</ele>
      </trkpt>
      <trkpt lat="45.27367" lon="6.90617">
        <ele>1940.6</ele>
      </trkpt>
      <trkpt lat="45.27365" lon="6.90606">
        <ele>1940.5</ele>
      </trkpt>
      <trkpt lat="45.27363" lon="6.90595">
        <ele>1940.5</ele>
      </trkpt>
      <trkpt lat="45.27361" lon="6.90587">
        <ele>1940.7</ele>
      </trkpt>
      <trkpt lat="45.27357" lon="6.90574">
        <ele>1941.4</ele>
      </trkpt>
      <trkpt lat="45.273539" lon="6.90563">
        <ele>1941.8</ele>
      </trkpt>
      <trkpt lat="45.2735" lon="6.90543">
        <ele>1941.9</ele>
      </trkpt>
      <trkpt lat="45.27347" lon="6.90531">
        <ele>1942.1</ele>
      </trkpt>
      <trkpt lat="45.27342" lon="6.90506">
        <ele>1941.9</ele>
      </trkpt>
      <trkpt lat="45.27332" lon="6.90467">
        <ele>1942.2</ele>
      </trkpt>
      <trkpt lat="45.27313" lon="6.90382">
        <ele>1944.7</ele>
      </trkpt>
      <trkpt lat="45.2731" lon="6.9037">
        <ele>1945.0</ele>
      </trkpt>
      <trkpt lat="45.27306" lon="6.90358">
        <ele>1945.6</ele>
      </trkpt>
      <trkpt lat="45.27303" lon="6.9035">
        <ele>1946.0</ele>
      </trkpt>
      <trkpt lat="45.27299" lon="6.90343">
        <ele>1946.8</ele>
      </trkpt>
      <trkpt lat="45.27297" lon="6.9034">
        <ele>1947.3</ele>
      </trkpt>
      <trkpt lat="45.27292" lon="6.90332">
        <ele>1948.3</ele>
      </trkpt>
      <trkpt lat="45.27284" lon="6.90323">
        <ele>1950.1</ele>
      </trkpt>
      <trkpt lat="45.27276" lon="6.90314">
        <ele>1951.8</ele>
      </trkpt>
      <trkpt lat="45.27268" lon="6.90304">
        <ele>1953.3</ele>
      </trkpt>
      <trkpt lat="45.2726" lon="6.90292">
        <ele>1954.4</ele>
      </trkpt>
      <trkpt lat="45.27258" lon="6.90288">
        <ele>1954.5</ele>
      </trkpt>
      <trkpt lat="45.27255" lon="6.90283">
        <ele>1954.8</ele>
      </trkpt>
      <trkpt lat="45.27247" lon="6.90265">
        <ele>1955.7</ele>
      </trkpt>
      <trkpt lat="45.27223" lon="6.90206">
        <ele>1963.7</ele>
      </trkpt>
      <trkpt lat="45.27214" lon="6.90183">
        <ele>1966.5</ele>
      </trkpt>
      <trkpt lat="45.27205" lon="6.90155">
        <ele>1968.5</ele>
      </trkpt>
      <trkpt lat="45.27202" lon="6.90145">
        <ele>1969.0</ele>
      </trkpt>
      <trkpt lat="45.272" lon="6.90134">
        <ele>1968.8</ele>
      </trkpt>
      <trkpt lat="45.27197" lon="6.90123">
        <ele>1969.1</ele>
      </trkpt>
      <trkpt lat="45.271949" lon="6.90111">
        <ele>1968.7</ele>
      </trkpt>
      <trkpt lat="45.27194" lon="6.90105">
        <ele>1968.5</ele>
      </trkpt>
      <trkpt lat="45.27191" lon="6.9009">
        <ele>1968.3</ele>
      </trkpt>
      <trkpt lat="45.2719" lon="6.90081">
        <ele>1967.7</ele>
      </trkpt>
      <trkpt lat="45.27187" lon="6.90067">
        <ele>1967.8</ele>
      </trkpt>
      <trkpt lat="45.27185" lon="6.90056">
        <ele>1967.7</ele>
      </trkpt>
      <trkpt lat="45.27184" lon="6.90053">
        <ele>1967.9</ele>
      </trkpt>
      <trkpt lat="45.2718" lon="6.90034">
        <ele>1968.0</ele>
      </trkpt>
      <trkpt lat="45.27173" lon="6.90013">
        <ele>1969.3</ele>
      </trkpt>
      <trkpt lat="45.27164" lon="6.89993">
        <ele>1970.9</ele>
      </trkpt>
      <trkpt lat="45.27156" lon="6.89975">
        <ele>1971.0</ele>
      </trkpt>
      <trkpt lat="45.27152" lon="6.89966">
        <ele>1971.0</ele>
      </trkpt>
      <trkpt lat="45.27147" lon="6.89958">
        <ele>1971.4</ele>
      </trkpt>
      <trkpt lat="45.27144" lon="6.89953">
        <ele>1971.5</ele>
      </trkpt>
      <trkpt lat="45.27142" lon="6.8995">
        <ele>1971.7</ele>
      </trkpt>
      <trkpt lat="45.2714" lon="6.89947">
        <ele>1971.8</ele>
      </trkpt>
      <trkpt lat="45.271389" lon="6.89946">
        <ele>1972.0</ele>
      </trkpt>
      <trkpt lat="45.27136" lon="6.89943">
        <ele>1972.4</ele>
      </trkpt>
      <trkpt lat="45.27133" lon="6.8994">
        <ele>1972.7</ele>
      </trkpt>
      <trkpt lat="45.271299" lon="6.89938">
        <ele>1973.3</ele>
      </trkpt>
      <trkpt lat="45.27127" lon="6.89936">
        <ele>1973.8</ele>
      </trkpt>
      <trkpt lat="45.27123" lon="6.89934">
        <ele>1974.5</ele>
      </trkpt>
      <trkpt lat="45.27117" lon="6.89933">
        <ele>1975.9</ele>
      </trkpt>
      <trkpt lat="45.27114" lon="6.89932">
        <ele>1976.6</ele>
      </trkpt>
      <trkpt lat="45.271099" lon="6.89932">
        <ele>1977.6</ele>
      </trkpt>
      <trkpt lat="45.27104" lon="6.89932">
        <ele>1979.2</ele>
      </trkpt>
      <trkpt lat="45.27097" lon="6.89932">
        <ele>1981.0</ele>
      </trkpt>
      <trkpt lat="45.27091" lon="6.89932">
        <ele>1982.6</ele>
      </trkpt>
      <trkpt lat="45.27086" lon="6.8993">
        <ele>1983.5</ele>
      </trkpt>
      <trkpt lat="45.27081" lon="6.89928">
        <ele>1984.7</ele>
      </trkpt>
      <trkpt lat="45.27078" lon="6.89924">
        <ele>1985.2</ele>
      </trkpt>
      <trkpt lat="45.27076" lon="6.89922">
        <ele>1985.6</ele>
      </trkpt>
      <trkpt lat="45.27074" lon="6.8992">
        <ele>1986.0</ele>
      </trkpt>
      <trkpt lat="45.27072" lon="6.89918">
        <ele>1986.4</ele>
      </trkpt>
      <trkpt lat="45.27069" lon="6.89912">
        <ele>1986.8</ele>
      </trkpt>
      <trkpt lat="45.27066" lon="6.89906">
        <ele>1987.3</ele>
      </trkpt>
      <trkpt lat="45.27062" lon="6.89895">
        <ele>1987.7</ele>
      </trkpt>
      <trkpt lat="45.27059" lon="6.89883">
        <ele>1987.5</ele>
      </trkpt>
      <trkpt lat="45.27055" lon="6.89872">
        <ele>1987.9</ele>
      </trkpt>
      <trkpt lat="45.27053" lon="6.89864">
        <ele>1987.8</ele>
      </trkpt>
      <trkpt lat="45.27051" lon="6.89858">
        <ele>1988.0</ele>
      </trkpt>
      <trkpt lat="45.27046" lon="6.89842">
        <ele>1988.2</ele>
      </trkpt>
      <trkpt lat="45.27041" lon="6.89825">
        <ele>1988.0</ele>
      </trkpt>
      <trkpt lat="45.27039" lon="6.89817">
        <ele>1987.6</ele>
      </trkpt>
      <trkpt lat="45.27037" lon="6.8981">
        <ele>1987.2</ele>
      </trkpt>
      <trkpt lat="45.27034" lon="6.89801">
        <ele>1987.0</ele>
      </trkpt>
      <trkpt lat="45.27031" lon="6.89795">
        <ele>1987.2</ele>
      </trkpt>
      <trkpt lat="45.2703" lon="6.89793">
        <ele>1987.2</ele>
      </trkpt>
      <trkpt lat="45.270269" lon="6.89786">
        <ele>1987.2</ele>
      </trkpt>
      <trkpt lat="45.27023" lon="6.8978">
        <ele>1987.7</ele>
      </trkpt>
      <trkpt lat="45.27019" lon="6.89775">
        <ele>1988.4</ele>
      </trkpt>
      <trkpt lat="45.27018" lon="6.89774">
        <ele>1988.6</ele>
      </trkpt>
      <trkpt lat="45.27013" lon="6.89768">
        <ele>1989.4</ele>
      </trkpt>
      <trkpt lat="45.27008" lon="6.89763">
        <ele>1990.4</ele>
      </trkpt>
      <trkpt lat="45.27003" lon="6.89759">
        <ele>1991.5</ele>
      </trkpt>
      <trkpt lat="45.269979" lon="6.89754">
        <ele>1992.1</ele>
      </trkpt>
      <trkpt lat="45.26987" lon="6.89745">
        <ele>1992.6</ele>
      </trkpt>
      <trkpt lat="45.26981" lon="6.89741">
        <ele>1993.0</ele>
      </trkpt>
      <trkpt lat="45.26974" lon="6.89736">
        <ele>1993.3</ele>
      </trkpt>
      <trkpt lat="45.26973" lon="6.89735">
        <ele>1993.3</ele>
      </trkpt>
      <trkpt lat="45.26968" lon="6.89731">
        <ele>1993.5</ele>
      </trkpt>
      <trkpt lat="45.26961" lon="6.89727">
        <ele>1994.0</ele>
      </trkpt>
      <trkpt lat="45.26957" lon="6.89724">
        <ele>1994.1</ele>
      </trkpt>
      <trkpt lat="45.26953" lon="6.89722">
        <ele>1994.4</ele>
      </trkpt>
      <trkpt lat="45.2694" lon="6.89716">
        <ele>1995.5</ele>
      </trkpt>
      <trkpt lat="45.26934" lon="6.89713">
        <ele>1996.0</ele>
      </trkpt>
      <trkpt lat="45.26926" lon="6.8971">
        <ele>1996.7</ele>
      </trkpt>
      <trkpt lat="45.26918" lon="6.89708">
        <ele>1997.7</ele>
      </trkpt>
      <trkpt lat="45.26911" lon="6.89707">
        <ele>1998.4</ele>
      </trkpt>
      <trkpt lat="45.26905" lon="6.89706">
        <ele>1998.8</ele>
      </trkpt>
      <trkpt lat="45.26903" lon="6.89706">
        <ele>1999.1</ele>
      </trkpt>
      <trkpt lat="45.26888" lon="6.89706">
        <ele>2000.8</ele>
      </trkpt>
      <trkpt lat="45.26875" lon="6.89708">
        <ele>2002.7</ele>
      </trkpt>
      <trkpt lat="45.26865" lon="6.8971">
        <ele>2004.2</ele>
      </trkpt>
      <trkpt lat="45.26851" lon="6.89712">
        <ele>2006.2</ele>
      </trkpt>
      <trkpt lat="45.26834" lon="6.89715">
        <ele>2008.8</ele>
      </trkpt>
      <trkpt lat="45.26816" lon="6.89719">
        <ele>2010.8</ele>
      </trkpt>
      <trkpt lat="45.26802" lon="6.89722">
        <ele>2012.2</ele>
      </trkpt>
      <trkpt lat="45.26795" lon="6.89724">
        <ele>2012.9</ele>
      </trkpt>
      <trkpt lat="45.26787" lon="6.89727">
        <ele>2013.8</ele>
      </trkpt>
      <trkpt lat="45.2678" lon="6.89731">
        <ele>2014.7</ele>
      </trkpt>
      <trkpt lat="45.26773" lon="6.89736">
        <ele>2015.7</ele>
      </trkpt>
      <trkpt lat="45.26766" lon="6.89742">
        <ele>2016.7</ele>
      </trkpt>
      <trkpt lat="45.2676" lon="6.89749">
        <ele>2017.7</ele>
      </trkpt>
      <trkpt lat="45.26753" lon="6.89756">
        <ele>2018.6</ele>
      </trkpt>
      <trkpt lat="45.26751" lon="6.89759">
        <ele>2019.0</ele>
      </trkpt>
      <trkpt lat="45.26748" lon="6.89762">
        <ele>2019.3</ele>
      </trkpt>
      <trkpt lat="45.26742" lon="6.8977">
        <ele>2020.1</ele>
      </trkpt>
      <trkpt lat="45.26738" lon="6.89776">
        <ele>2020.6</ele>
      </trkpt>
      <trkpt lat="45.267359" lon="6.89778">
        <ele>2020.8</ele>
      </trkpt>
      <trkpt lat="45.26725" lon="6.89793">
        <ele>2022.0</ele>
      </trkpt>
      <trkpt lat="45.26712" lon="6.89808">
        <ele>2023.0</ele>
      </trkpt>
      <trkpt lat="45.26711" lon="6.8981">
        <ele>2023.1</ele>
      </trkpt>
      <trkpt lat="45.26706" lon="6.89817">
        <ele>2023.5</ele>
      </trkpt>
      <trkpt lat="45.26701" lon="6.89823">
        <ele>2023.8</ele>
      </trkpt>
      <trkpt lat="45.26697" lon="6.89826">
        <ele>2023.9</ele>
      </trkpt>
      <trkpt lat="45.26694" lon="6.8983">
        <ele>2024.1</ele>
      </trkpt>
      <trkpt lat="45.26688" lon="6.89836">
        <ele>2024.4</ele>
      </trkpt>
      <trkpt lat="45.2668" lon="6.89842">
        <ele>2024.8</ele>
      </trkpt>
      <trkpt lat="45.26673" lon="6.89847">
        <ele>2025.2</ele>
      </trkpt>
      <trkpt lat="45.26666" lon="6.89851">
        <ele>2025.6</ele>
      </trkpt>
      <trkpt lat="45.26658" lon="6.89855">
        <ele>2026.3</ele>
      </trkpt>
      <trkpt lat="45.2665" lon="6.89858">
        <ele>2027.0</ele>
      </trkpt>
      <trkpt lat="45.266419" lon="6.89859">
        <ele>2027.3</ele>
      </trkpt>
      <trkpt lat="45.26634" lon="6.8986">
        <ele>2027.6</ele>
      </trkpt>
      <trkpt lat="45.26624" lon="6.8986">
        <ele>2027.9</ele>
      </trkpt>
      <trkpt lat="45.26609" lon="6.8986">
        <ele>2028.2</ele>
      </trkpt>
      <trkpt lat="45.26599" lon="6.89859">
        <ele>2028.3</ele>
      </trkpt>
      <trkpt lat="45.26589" lon="6.89859">
        <ele>2028.6</ele>
      </trkpt>
      <trkpt lat="45.26577" lon="6.89861">
        <ele>2029.4</ele>
      </trkpt>
      <trkpt lat="45.26569" lon="6.89864">
        <ele>2030.3</ele>
      </trkpt>
      <trkpt lat="45.26564" lon="6.89867">
        <ele>2031.0</ele>
      </trkpt>
      <trkpt lat="45.26559" lon="6.89872">
        <ele>2031.8</ele>
      </trkpt>
      <trkpt lat="45.26554" lon="6.89877">
        <ele>2032.6</ele>
      </trkpt>
      <trkpt lat="45.2655" lon="6.89882">
        <ele>2033.3</ele>
      </trkpt>
      <trkpt lat="45.26547" lon="6.89886">
        <ele>2033.9</ele>
      </trkpt>
      <trkpt lat="45.26544" lon="6.89891">
        <ele>2034.5</ele>
      </trkpt>
      <trkpt lat="45.26538" lon="6.89899">
        <ele>2035.4</ele>
      </trkpt>
      <trkpt lat="45.26533" lon="6.89909">
        <ele>2036.3</ele>
      </trkpt>
      <trkpt lat="45.26528" lon="6.89917">
        <ele>2037.0</ele>
      </trkpt>
      <trkpt lat="45.26517" lon="6.89935">
        <ele>2038.7</ele>
      </trkpt>
      <trkpt lat="45.265099" lon="6.89947">
        <ele>2039.9</ele>
      </trkpt>
      <trkpt lat="45.26506" lon="6.89953">
        <ele>2040.5</ele>
      </trkpt>
      <trkpt lat="45.2649" lon="6.89979">
        <ele>2043.3</ele>
      </trkpt>
      <trkpt lat="45.26484" lon="6.89988">
        <ele>2044.2</ele>
      </trkpt>
      <trkpt lat="45.26478" lon="6.89996">
        <ele>2044.9</ele>
      </trkpt>
      <trkpt lat="45.26473" lon="6.90002">
        <ele>2045.5</ele>
      </trkpt>
      <trkpt lat="45.2647" lon="6.90005">
        <ele>2045.8</ele>
      </trkpt>
      <trkpt lat="45.26461" lon="6.90013">
        <ele>2046.7</ele>
      </trkpt>
      <trkpt lat="45.26449" lon="6.90023">
        <ele>2047.6</ele>
      </trkpt>
      <trkpt lat="45.26442" lon="6.90028">
        <ele>2048.0</ele>
      </trkpt>
      <trkpt lat="45.26434" lon="6.90034">
        <ele>2048.5</ele>
      </trkpt>
      <trkpt lat="45.2641" lon="6.90051">
        <ele>2050.0</ele>
      </trkpt>
      <trkpt lat="45.2638" lon="6.90072">
        <ele>2052.6</ele>
      </trkpt>
      <trkpt lat="45.26352" lon="6.90093">
        <ele>2055.7</ele>
      </trkpt>
      <trkpt lat="45.26329" lon="6.90108">
        <ele>2058.1</ele>
      </trkpt>
      <trkpt lat="45.26327" lon="6.9011">
        <ele>2058.4</ele>
      </trkpt>
      <trkpt lat="45.26306" lon="6.90126">
        <ele>2060.8</ele>
      </trkpt>
      <trkpt lat="45.26291" lon="6.90137">
        <ele>2062.2</ele>
      </trkpt>
      <trkpt lat="45.26274" lon="6.90147">
        <ele>2063.3</ele>
      </trkpt>
      <trkpt lat="45.26261" lon="6.90154">
        <ele>2064.0</ele>
      </trkpt>
      <trkpt lat="45.26259" lon="6.90154">
        <ele>2064.0</ele>
      </trkpt>
      <trkpt lat="45.26254" lon="6.90155">
        <ele>2064.1</ele>
      </trkpt>
      <trkpt lat="45.26247" lon="6.90156">
        <ele>2064.5</ele>
      </trkpt>
      <trkpt lat="45.26241" lon="6.90156">
        <ele>2065.0</ele>
      </trkpt>
      <trkpt lat="45.2624" lon="6.90156">
        <ele>2065.1</ele>
      </trkpt>
      <trkpt lat="45.26237" lon="6.90156">
        <ele>2065.4</ele>
      </trkpt>
      <trkpt lat="45.26233" lon="6.90155">
        <ele>2065.7</ele>
      </trkpt>
      <trkpt lat="45.2623" lon="6.90153">
        <ele>2065.9</ele>
      </trkpt>
      <trkpt lat="45.26227" lon="6.90152">
        <ele>2066.1</ele>
      </trkpt>
      <trkpt lat="45.26223" lon="6.90149">
        <ele>2066.3</ele>
      </trkpt>
      <trkpt lat="45.2622" lon="6.90147">
        <ele>2066.4</ele>
      </trkpt>
      <trkpt lat="45.26215" lon="6.90141">
        <ele>2066.6</ele>
      </trkpt>
      <trkpt lat="45.26212" lon="6.90138">
        <ele>2066.8</ele>
      </trkpt>
      <trkpt lat="45.26205" lon="6.90128">
        <ele>2067.0</ele>
      </trkpt>
      <trkpt lat="45.262" lon="6.90119">
        <ele>2067.1</ele>
      </trkpt>
      <trkpt lat="45.26196" lon="6.9011">
        <ele>2067.2</ele>
      </trkpt>
      <trkpt lat="45.26192" lon="6.90103">
        <ele>2067.4</ele>
      </trkpt>
      <trkpt lat="45.2619" lon="6.90098">
        <ele>2067.5</ele>
      </trkpt>
      <trkpt lat="45.26188" lon="6.90093">
        <ele>2067.5</ele>
      </trkpt>
      <trkpt lat="45.26187" lon="6.90088">
        <ele>2067.5</ele>
      </trkpt>
      <trkpt lat="45.26186" lon="6.90082">
        <ele>2067.4</ele>
      </trkpt>
      <trkpt lat="45.26186" lon="6.90072">
        <ele>2067.3</ele>
      </trkpt>
      <trkpt lat="45.26186" lon="6.90062">
        <ele>2067.2</ele>
      </trkpt>
      <trkpt lat="45.26187" lon="6.90052">
        <ele>2066.9</ele>
      </trkpt>
      <trkpt lat="45.26188" lon="6.90047">
        <ele>2066.6</ele>
      </trkpt>
      <trkpt lat="45.26189" lon="6.90042">
        <ele>2066.4</ele>
      </trkpt>
      <trkpt lat="45.26189" lon="6.90032">
        <ele>2066.2</ele>
      </trkpt>
      <trkpt lat="45.2619" lon="6.90022">
        <ele>2065.9</ele>
      </trkpt>
      <trkpt lat="45.26189" lon="6.90013">
        <ele>2065.9</ele>
      </trkpt>
      <trkpt lat="45.26189" lon="6.90008">
        <ele>2065.8</ele>
      </trkpt>
      <trkpt lat="45.26188" lon="6.90002">
        <ele>2065.9</ele>
      </trkpt>
      <trkpt lat="45.26187" lon="6.89997">
        <ele>2066.1</ele>
      </trkpt>
      <trkpt lat="45.26186" lon="6.89993">
        <ele>2066.2</ele>
      </trkpt>
      <trkpt lat="45.26184" lon="6.89989">
        <ele>2066.6</ele>
      </trkpt>
      <trkpt lat="45.26182" lon="6.89985">
        <ele>2067.0</ele>
      </trkpt>
      <trkpt lat="45.2618" lon="6.89982">
        <ele>2067.3</ele>
      </trkpt>
      <trkpt lat="45.26178" lon="6.89978">
        <ele>2067.7</ele>
      </trkpt>
      <trkpt lat="45.26175" lon="6.89976">
        <ele>2068.3</ele>
      </trkpt>
      <trkpt lat="45.261719" lon="6.89974">
        <ele>2068.9</ele>
      </trkpt>
      <trkpt lat="45.26166" lon="6.89972">
        <ele>2070.1</ele>
      </trkpt>
      <trkpt lat="45.26159" lon="6.89972">
        <ele>2071.1</ele>
      </trkpt>
      <trkpt lat="45.26156" lon="6.89972">
        <ele>2071.6</ele>
      </trkpt>
      <trkpt lat="45.26146" lon="6.89974">
        <ele>2073.0</ele>
      </trkpt>
      <trkpt lat="45.26139" lon="6.89976">
        <ele>2074.0</ele>
      </trkpt>
      <trkpt lat="45.26124" lon="6.89979">
        <ele>2076.0</ele>
      </trkpt>
      <trkpt lat="45.2611" lon="6.89984">
        <ele>2077.7</ele>
      </trkpt>
      <trkpt lat="45.26089" lon="6.8999">
        <ele>2080.1</ele>
      </trkpt>
      <trkpt lat="45.26076" lon="6.89994">
        <ele>2081.5</ele>
      </trkpt>
      <trkpt lat="45.26071" lon="6.89995">
        <ele>2082.1</ele>
      </trkpt>
      <trkpt lat="45.26066" lon="6.89996">
        <ele>2082.7</ele>
      </trkpt>
      <trkpt lat="45.26059" lon="6.9">
        <ele>2083.2</ele>
      </trkpt>
      <trkpt lat="45.26052" lon="6.90003">
        <ele>2084.2</ele>
      </trkpt>
      <trkpt lat="45.26044" lon="6.90008">
        <ele>2085.3</ele>
      </trkpt>
      <trkpt lat="45.26037" lon="6.90013">
        <ele>2086.2</ele>
      </trkpt>
      <trkpt lat="45.26028" lon="6.90021">
        <ele>2087.1</ele>
      </trkpt>
      <trkpt lat="45.26019" lon="6.90031">
        <ele>2087.6</ele>
      </trkpt>
      <trkpt lat="45.26001" lon="6.90057">
        <ele>2087.5</ele>
      </trkpt>
      <trkpt lat="45.25994" lon="6.90068">
        <ele>2086.9</ele>
      </trkpt>
      <trkpt lat="45.2599" lon="6.90075">
        <ele>2086.5</ele>
      </trkpt>
      <trkpt lat="45.25982" lon="6.90087">
        <ele>2085.9</ele>
      </trkpt>
      <trkpt lat="45.25972" lon="6.90104">
        <ele>2086.2</ele>
      </trkpt>
      <trkpt lat="45.25958" lon="6.90126">
        <ele>2086.0</ele>
      </trkpt>
      <trkpt lat="45.25953" lon="6.90135">
        <ele>2085.7</ele>
      </trkpt>
      <trkpt lat="45.25947" lon="6.90146">
        <ele>2085.3</ele>
      </trkpt>
      <trkpt lat="45.25936" lon="6.90166">
        <ele>2084.1</ele>
      </trkpt>
      <trkpt lat="45.2593" lon="6.90175">
        <ele>2083.7</ele>
      </trkpt>
      <trkpt lat="45.25924" lon="6.90185">
        <ele>2083.3</ele>
      </trkpt>
      <trkpt lat="45.25911" lon="6.90209">
        <ele>2082.1</ele>
      </trkpt>
      <trkpt lat="45.25903" lon="6.90229">
        <ele>2081.1</ele>
      </trkpt>
      <trkpt lat="45.25897" lon="6.90244">
        <ele>2080.4</ele>
      </trkpt>
      <trkpt lat="45.25894" lon="6.90255">
        <ele>2080.0</ele>
      </trkpt>
      <trkpt lat="45.2589" lon="6.9027">
        <ele>2079.4</ele>
      </trkpt>
      <trkpt lat="45.25888" lon="6.90279">
        <ele>2079.2</ele>
      </trkpt>
      <trkpt lat="45.25887" lon="6.90281">
        <ele>2079.0</ele>
      </trkpt>
      <trkpt lat="45.25885" lon="6.90291">
        <ele>2078.7</ele>
      </trkpt>
      <trkpt lat="45.25882" lon="6.90304">
        <ele>2078.2</ele>
      </trkpt>
      <trkpt lat="45.25879" lon="6.90317">
        <ele>2077.7</ele>
      </trkpt>
      <trkpt lat="45.25875" lon="6.90331">
        <ele>2077.0</ele>
      </trkpt>
      <trkpt lat="45.25871" lon="6.90343">
        <ele>2076.4</ele>
      </trkpt>
      <trkpt lat="45.25869" lon="6.9035">
        <ele>2076.1</ele>
      </trkpt>
      <trkpt lat="45.25867" lon="6.90357">
        <ele>2075.9</ele>
      </trkpt>
      <trkpt lat="45.25862" lon="6.90368">
        <ele>2075.2</ele>
      </trkpt>
      <trkpt lat="45.25857" lon="6.90382">
        <ele>2074.5</ele>
      </trkpt>
      <trkpt lat="45.25851" lon="6.90396">
        <ele>2073.8</ele>
      </trkpt>
      <trkpt lat="45.2584" lon="6.90418">
        <ele>2072.3</ele>
      </trkpt>
      <trkpt lat="45.25828" lon="6.90442">
        <ele>2071.6</ele>
      </trkpt>
      <trkpt lat="45.25821" lon="6.90458">
        <ele>2071.5</ele>
      </trkpt>
      <trkpt lat="45.25817" lon="6.90467">
        <ele>2071.4</ele>
      </trkpt>
      <trkpt lat="45.2581" lon="6.90478">
        <ele>2071.0</ele>
      </trkpt>
      <trkpt lat="45.258069" lon="6.90484">
        <ele>2070.9</ele>
      </trkpt>
      <trkpt lat="45.25803" lon="6.90489">
        <ele>2070.6</ele>
      </trkpt>
      <trkpt lat="45.25797" lon="6.90496">
        <ele>2070.1</ele>
      </trkpt>
      <trkpt lat="45.25796" lon="6.90498">
        <ele>2070.0</ele>
      </trkpt>
      <trkpt lat="45.25788" lon="6.90506">
        <ele>2069.7</ele>
      </trkpt>
      <trkpt lat="45.25782" lon="6.9051">
        <ele>2069.4</ele>
      </trkpt>
      <trkpt lat="45.25779" lon="6.90513">
        <ele>2069.4</ele>
      </trkpt>
      <trkpt lat="45.2577" lon="6.90517">
        <ele>2068.7</ele>
      </trkpt>
      <trkpt lat="45.25765" lon="6.90519">
        <ele>2068.3</ele>
      </trkpt>
      <trkpt lat="45.25762" lon="6.9052">
        <ele>2068.0</ele>
      </trkpt>
      <trkpt lat="45.25742" lon="6.90527">
        <ele>2066.6</ele>
      </trkpt>
      <trkpt lat="45.25724" lon="6.90534">
        <ele>2066.0</ele>
      </trkpt>
      <trkpt lat="45.2571" lon="6.90539">
        <ele>2065.4</ele>
      </trkpt>
      <trkpt lat="45.25685" lon="6.90548">
        <ele>2064.1</ele>
      </trkpt>
      <trkpt lat="45.25644" lon="6.90564">
        <ele>2061.4</ele>
      </trkpt>
      <trkpt lat="45.25624" lon="6.90571">
        <ele>2059.9</ele>
      </trkpt>
      <trkpt lat="45.25589" lon="6.90583">
        <ele>2057.5</ele>
      </trkpt>
      <trkpt lat="45.25569" lon="6.9059">
        <ele>2057.2</ele>
      </trkpt>
      <trkpt lat="45.25554" lon="6.90595">
        <ele>2057.0</ele>
      </trkpt>
      <trkpt lat="45.2552" lon="6.90607">
        <ele>2056.3</ele>
      </trkpt>
      <trkpt lat="45.25459" lon="6.90632">
        <ele>2054.6</ele>
      </trkpt>
      <trkpt lat="45.25447" lon="6.90638">
        <ele>2054.4</ele>
      </trkpt>
      <trkpt lat="45.25441" lon="6.90643">
        <ele>2054.5</ele>
      </trkpt>
      <trkpt lat="45.25433" lon="6.90648">
        <ele>2054.4</ele>
      </trkpt>
      <trkpt lat="45.25427" lon="6.90654">
        <ele>2054.6</ele>
      </trkpt>
      <trkpt lat="45.2542" lon="6.9066">
        <ele>2054.6</ele>
      </trkpt>
      <trkpt lat="45.25414" lon="6.90666">
        <ele>2054.4</ele>
      </trkpt>
      <trkpt lat="45.25408" lon="6.90672">
        <ele>2053.8</ele>
      </trkpt>
      <trkpt lat="45.25397" lon="6.90685">
        <ele>2053.1</ele>
      </trkpt>
      <trkpt lat="45.25386" lon="6.90698">
        <ele>2052.6</ele>
      </trkpt>
      <trkpt lat="45.253839" lon="6.90701">
        <ele>2052.5</ele>
      </trkpt>
      <trkpt lat="45.2538" lon="6.90705">
        <ele>2052.3</ele>
      </trkpt>
      <trkpt lat="45.2537" lon="6.90717">
        <ele>2052.0</ele>
      </trkpt>
      <trkpt lat="45.25356" lon="6.90734">
        <ele>2051.7</ele>
      </trkpt>
      <trkpt lat="45.25356" lon="6.90735">
        <ele>2051.9</ele>
      </trkpt>
      <trkpt lat="45.25343" lon="6.90751">
        <ele>2051.9</ele>
      </trkpt>
      <trkpt lat="45.25335" lon="6.90762">
        <ele>2051.9</ele>
      </trkpt>
      <trkpt lat="45.25331" lon="6.90768">
        <ele>2051.5</ele>
      </trkpt>
      <trkpt lat="45.2533" lon="6.90769">
        <ele>2051.3</ele>
      </trkpt>
      <trkpt lat="45.25325" lon="6.90778">
        <ele>2050.7</ele>
      </trkpt>
      <trkpt lat="45.25322" lon="6.90786">
        <ele>2050.7</ele>
      </trkpt>
      <trkpt lat="45.2532" lon="6.9079">
        <ele>2050.5</ele>
      </trkpt>
      <trkpt lat="45.25318" lon="6.90795">
        <ele>2050.4</ele>
      </trkpt>
      <trkpt lat="45.25315" lon="6.90804">
        <ele>2050.5</ele>
      </trkpt>
      <trkpt lat="45.25314" lon="6.90812">
        <ele>2051.2</ele>
      </trkpt>
      <trkpt lat="45.25311" lon="6.90826">
        <ele>2052.0</ele>
      </trkpt>
      <trkpt lat="45.25309" lon="6.90839">
        <ele>2052.5</ele>
      </trkpt>
      <trkpt lat="45.25308" lon="6.9085">
        <ele>2052.7</ele>
      </trkpt>
      <trkpt lat="45.25308" lon="6.90858">
        <ele>2053.2</ele>
      </trkpt>
      <trkpt lat="45.25309" lon="6.90893">
        <ele>2055.3</ele>
      </trkpt>
      <trkpt lat="45.2531" lon="6.90915">
        <ele>2056.8</ele>
      </trkpt>
      <trkpt lat="45.2531" lon="6.90924">
        <ele>2056.8</ele>
      </trkpt>
      <trkpt lat="45.2531" lon="6.90948">
        <ele>2056.7</ele>
      </trkpt>
      <trkpt lat="45.25311" lon="6.90979">
        <ele>2056.8</ele>
      </trkpt>
      <trkpt lat="45.25312" lon="6.9101">
        <ele>2056.8</ele>
      </trkpt>
      <trkpt lat="45.25313" lon="6.9104">
        <ele>2056.5</ele>
      </trkpt>
      <trkpt lat="45.25313" lon="6.91043">
        <ele>2056.4</ele>
      </trkpt>
      <trkpt lat="45.25313" lon="6.91061">
        <ele>2056.0</ele>
      </trkpt>
      <trkpt lat="45.25314" lon="6.9108">
        <ele>2056.0</ele>
      </trkpt>
      <trkpt lat="45.25313" lon="6.91096">
        <ele>2056.3</ele>
      </trkpt>
      <trkpt lat="45.25312" lon="6.91112">
        <ele>2056.8</ele>
      </trkpt>
      <trkpt lat="45.25311" lon="6.91119">
        <ele>2056.8</ele>
      </trkpt>
      <trkpt lat="45.2531" lon="6.91132">
        <ele>2057.2</ele>
      </trkpt>
      <trkpt lat="45.25307" lon="6.91144">
        <ele>2056.6</ele>
      </trkpt>
      <trkpt lat="45.25305" lon="6.91153">
        <ele>2056.3</ele>
      </trkpt>
      <trkpt lat="45.25301" lon="6.9117">
        <ele>2055.4</ele>
      </trkpt>
      <trkpt lat="45.25297" lon="6.91186">
        <ele>2054.2</ele>
      </trkpt>
      <trkpt lat="45.25293" lon="6.91204">
        <ele>2053.0</ele>
      </trkpt>
      <trkpt lat="45.25288" lon="6.91225">
        <ele>2051.4</ele>
      </trkpt>
      <trkpt lat="45.25285" lon="6.91246">
        <ele>2050.7</ele>
      </trkpt>
      <trkpt lat="45.25283" lon="6.91261">
        <ele>2049.9</ele>
      </trkpt>
      <trkpt lat="45.25283" lon="6.91267">
        <ele>2049.9</ele>
      </trkpt>
      <trkpt lat="45.25282" lon="6.91278">
        <ele>2049.5</ele>
      </trkpt>
      <trkpt lat="45.252809" lon="6.91292">
        <ele>2049.1</ele>
      </trkpt>
      <trkpt lat="45.252809" lon="6.91298">
        <ele>2049.1</ele>
      </trkpt>
      <trkpt lat="45.252809" lon="6.91318">
        <ele>2049.2</ele>
      </trkpt>
      <trkpt lat="45.252809" lon="6.91335">
        <ele>2049.3</ele>
      </trkpt>
      <trkpt lat="45.252809" lon="6.91343">
        <ele>2049.4</ele>
      </trkpt>
      <trkpt lat="45.2528" lon="6.91355">
        <ele>2049.2</ele>
      </trkpt>
      <trkpt lat="45.25279" lon="6.91382">
        <ele>2049.2</ele>
      </trkpt>
      <trkpt lat="45.25278" lon="6.91403">
        <ele>2049.2</ele>
      </trkpt>
      <trkpt lat="45.25276" lon="6.91436">
        <ele>2049.5</ele>
      </trkpt>
      <trkpt lat="45.25275" lon="6.91445">
        <ele>2049.5</ele>
      </trkpt>
      <trkpt lat="45.25273" lon="6.91464">
        <ele>2049.5</ele>
      </trkpt>
      <trkpt lat="45.252719" lon="6.9147">
        <ele>2049.3</ele>
      </trkpt>
      <trkpt lat="45.25269" lon="6.91493">
        <ele>2049.1</ele>
      </trkpt>
      <trkpt lat="45.25269" lon="6.91495">
        <ele>2049.2</ele>
      </trkpt>
      <trkpt lat="45.25265" lon="6.91519">
        <ele>2049.0</ele>
      </trkpt>
      <trkpt lat="45.25261" lon="6.9154">
        <ele>2048.6</ele>
      </trkpt>
      <trkpt lat="45.2526" lon="6.91545">
        <ele>2048.5</ele>
      </trkpt>
      <trkpt lat="45.25257" lon="6.91559">
        <ele>2047.9</ele>
      </trkpt>
      <trkpt lat="45.25255" lon="6.91569">
        <ele>2047.6</ele>
      </trkpt>
      <trkpt lat="45.252519" lon="6.91578">
        <ele>2046.7</ele>
      </trkpt>
      <trkpt lat="45.25248" lon="6.91593">
        <ele>2045.6</ele>
      </trkpt>
      <trkpt lat="45.25246" lon="6.916">
        <ele>2045.1</ele>
      </trkpt>
      <trkpt lat="45.25244" lon="6.91609">
        <ele>2044.7</ele>
      </trkpt>
      <trkpt lat="45.25241" lon="6.91617">
        <ele>2043.7</ele>
      </trkpt>
      <trkpt lat="45.2524" lon="6.91621">
        <ele>2043.5</ele>
      </trkpt>
      <trkpt lat="45.25236" lon="6.91641">
        <ele>2043.1</ele>
      </trkpt>
      <trkpt lat="45.25231" lon="6.91663">
        <ele>2042.3</ele>
      </trkpt>
      <trkpt lat="45.2523" lon="6.91665">
        <ele>2042.0</ele>
      </trkpt>
      <trkpt lat="45.25221" lon="6.917">
        <ele>2042.0</ele>
      </trkpt>
      <trkpt lat="45.25217" lon="6.91713">
        <ele>2042.0</ele>
      </trkpt>
      <trkpt lat="45.25216" lon="6.91718">
        <ele>2042.2</ele>
      </trkpt>
      <trkpt lat="45.25213" lon="6.91731">
        <ele>2042.7</ele>
      </trkpt>
      <trkpt lat="45.25211" lon="6.91737">
        <ele>2042.7</ele>
      </trkpt>
      <trkpt lat="45.25209" lon="6.91748">
        <ele>2043.5</ele>
      </trkpt>
      <trkpt lat="45.252049" lon="6.91768">
        <ele>2043.5</ele>
      </trkpt>
      <trkpt lat="45.25202" lon="6.91787">
        <ele>2043.7</ele>
      </trkpt>
      <trkpt lat="45.25202" lon="6.91791">
        <ele>2044.0</ele>
      </trkpt>
      <trkpt lat="45.25199" lon="6.91812">
        <ele>2044.4</ele>
      </trkpt>
      <trkpt lat="45.25198" lon="6.91819">
        <ele>2044.6</ele>
      </trkpt>
      <trkpt lat="45.25195" lon="6.91837">
        <ele>2044.8</ele>
      </trkpt>
      <trkpt lat="45.25185" lon="6.91912">
        <ele>2045.4</ele>
      </trkpt>
      <trkpt lat="45.25184" lon="6.91919">
        <ele>2045.5</ele>
      </trkpt>
      <trkpt lat="45.25175" lon="6.91993">
        <ele>2049.5</ele>
      </trkpt>
      <trkpt lat="45.25173" lon="6.92016">
        <ele>2050.9</ele>
      </trkpt>
      <trkpt lat="45.25169" lon="6.92045">
        <ele>2051.8</ele>
      </trkpt>
      <trkpt lat="45.25167" lon="6.92068">
        <ele>2052.9</ele>
      </trkpt>
      <trkpt lat="45.25163" lon="6.92096">
        <ele>2054.2</ele>
      </trkpt>
      <trkpt lat="45.25161" lon="6.92112">
        <ele>2055.3</ele>
      </trkpt>
      <trkpt lat="45.2516" lon="6.92116">
        <ele>2055.4</ele>
      </trkpt>
      <trkpt lat="45.25158" lon="6.92126">
        <ele>2055.7</ele>
      </trkpt>
      <trkpt lat="45.25155" lon="6.9214">
        <ele>2056.1</ele>
      </trkpt>
      <trkpt lat="45.25155" lon="6.92141">
        <ele>2056.2</ele>
      </trkpt>
      <trkpt lat="45.25152" lon="6.92154">
        <ele>2056.5</ele>
      </trkpt>
      <trkpt lat="45.25145" lon="6.92178">
        <ele>2056.8</ele>
      </trkpt>
      <trkpt lat="45.25141" lon="6.92188">
        <ele>2056.7</ele>
      </trkpt>
      <trkpt lat="45.25139" lon="6.92195">
        <ele>2057.0</ele>
      </trkpt>
      <trkpt lat="45.2513" lon="6.92219">
        <ele>2056.9</ele>
      </trkpt>
      <trkpt lat="45.25124" lon="6.92234">
        <ele>2056.5</ele>
      </trkpt>
      <trkpt lat="45.25111" lon="6.92261">
        <ele>2055.8</ele>
      </trkpt>
      <trkpt lat="45.25094" lon="6.92297">
        <ele>2056.9</ele>
      </trkpt>
      <trkpt lat="45.25094" lon="6.92298">
        <ele>2057.2</ele>
      </trkpt>
      <trkpt lat="45.25077" lon="6.92331">
        <ele>2057.2</ele>
      </trkpt>
      <trkpt lat="45.25063" lon="6.9236">
        <ele>2058.8</ele>
      </trkpt>
      <trkpt lat="45.25053" lon="6.92379">
        <ele>2059.4</ele>
      </trkpt>
      <trkpt lat="45.25047" lon="6.92392">
        <ele>2060.3</ele>
      </trkpt>
      <trkpt lat="45.25042" lon="6.92401">
        <ele>2060.5</ele>
      </trkpt>
      <trkpt lat="45.25038" lon="6.92409">
        <ele>2060.9</ele>
      </trkpt>
      <trkpt lat="45.25026" lon="6.92432">
        <ele>2061.9</ele>
      </trkpt>
      <trkpt lat="45.25021" lon="6.92443">
        <ele>2062.9</ele>
      </trkpt>
      <trkpt lat="45.25015" lon="6.92457">
        <ele>2064.2</ele>
      </trkpt>
      <trkpt lat="45.25009" lon="6.92469">
        <ele>2064.9</ele>
      </trkpt>
      <trkpt lat="45.25004" lon="6.92481">
        <ele>2066.1</ele>
      </trkpt>
      <trkpt lat="45.249989" lon="6.92494">
        <ele>2067.5</ele>
      </trkpt>
      <trkpt lat="45.24995" lon="6.92507">
        <ele>2068.4</ele>
      </trkpt>
      <trkpt lat="45.24988" lon="6.92532">
        <ele>2069.7</ele>
      </trkpt>
      <trkpt lat="45.24988" lon="6.92533">
        <ele>2069.9</ele>
      </trkpt>
      <trkpt lat="45.24982" lon="6.92557">
        <ele>2071.8</ele>
      </trkpt>
      <trkpt lat="45.249809" lon="6.9256">
        <ele>2071.9</ele>
      </trkpt>
      <trkpt lat="45.24976" lon="6.92581">
        <ele>2073.8</ele>
      </trkpt>
      <trkpt lat="45.24972" lon="6.92602">
        <ele>2075.4</ele>
      </trkpt>
      <trkpt lat="45.24971" lon="6.92605">
        <ele>2075.3</ele>
      </trkpt>
      <trkpt lat="45.24965" lon="6.9263">
        <ele>2076.5</ele>
      </trkpt>
      <trkpt lat="45.24959" lon="6.9266">
        <ele>2078.6</ele>
      </trkpt>
      <trkpt lat="45.24954" lon="6.92678">
        <ele>2079.3</ele>
      </trkpt>
      <trkpt lat="45.249519" lon="6.92689">
        <ele>2080.4</ele>
      </trkpt>
      <trkpt lat="45.24944" lon="6.92716">
        <ele>2081.5</ele>
      </trkpt>
      <trkpt lat="45.249339" lon="6.92744">
        <ele>2082.1</ele>
      </trkpt>
      <trkpt lat="45.24933" lon="6.92748">
        <ele>2082.4</ele>
      </trkpt>
      <trkpt lat="45.24924" lon="6.9277">
        <ele>2080.9</ele>
      </trkpt>
      <trkpt lat="45.24913" lon="6.92794">
        <ele>2079.5</ele>
      </trkpt>
      <trkpt lat="45.24904" lon="6.92811">
        <ele>2078.9</ele>
      </trkpt>
      <trkpt lat="45.24892" lon="6.92835">
        <ele>2078.7</ele>
      </trkpt>
      <trkpt lat="45.24882" lon="6.92854">
        <ele>2078.7</ele>
      </trkpt>
      <trkpt lat="45.24872" lon="6.92874">
        <ele>2079.4</ele>
      </trkpt>
      <trkpt lat="45.24871" lon="6.92875">
        <ele>2079.3</ele>
      </trkpt>
      <trkpt lat="45.24865" lon="6.92888">
        <ele>2080.1</ele>
      </trkpt>
      <trkpt lat="45.2486" lon="6.92895">
        <ele>2080.2</ele>
      </trkpt>
      <trkpt lat="45.248579" lon="6.92899">
        <ele>2080.5</ele>
      </trkpt>
      <trkpt lat="45.24852" lon="6.92911">
        <ele>2081.5</ele>
      </trkpt>
      <trkpt lat="45.2485" lon="6.92916">
        <ele>2082.1</ele>
      </trkpt>
      <trkpt lat="45.24845" lon="6.92929">
        <ele>2081.9</ele>
      </trkpt>
      <trkpt lat="45.24839" lon="6.92944">
        <ele>2081.4</ele>
      </trkpt>
      <trkpt lat="45.24835" lon="6.92957">
        <ele>2081.3</ele>
      </trkpt>
      <trkpt lat="45.24834" lon="6.92961">
        <ele>2081.4</ele>
      </trkpt>
      <trkpt lat="45.248309" lon="6.9297">
        <ele>2080.9</ele>
      </trkpt>
      <trkpt lat="45.24827" lon="6.92985">
        <ele>2080.3</ele>
      </trkpt>
      <trkpt lat="45.24823" lon="6.93001">
        <ele>2079.8</ele>
      </trkpt>
      <trkpt lat="45.24822" lon="6.93009">
        <ele>2079.8</ele>
      </trkpt>
      <trkpt lat="45.24819" lon="6.93022">
        <ele>2079.1</ele>
      </trkpt>
      <trkpt lat="45.24817" lon="6.93034">
        <ele>2078.9</ele>
      </trkpt>
      <trkpt lat="45.24814" lon="6.93046">
        <ele>2078.3</ele>
      </trkpt>
      <trkpt lat="45.24807" lon="6.93077">
        <ele>2077.2</ele>
      </trkpt>
      <trkpt lat="45.24791" lon="6.93156">
        <ele>2078.7</ele>
      </trkpt>
      <trkpt lat="45.24791" lon="6.93158">
        <ele>2078.9</ele>
      </trkpt>
      <trkpt lat="45.24783" lon="6.93194">
        <ele>2078.6</ele>
      </trkpt>
      <trkpt lat="45.24777" lon="6.93223">
        <ele>2077.9</ele>
      </trkpt>
      <trkpt lat="45.24776" lon="6.9323">
        <ele>2077.9</ele>
      </trkpt>
      <trkpt lat="45.2477" lon="6.93255">
        <ele>2076.6</ele>
      </trkpt>
      <trkpt lat="45.24766" lon="6.93273">
        <ele>2076.3</ele>
      </trkpt>
      <trkpt lat="45.24763" lon="6.93291">
        <ele>2076.5</ele>
      </trkpt>
      <trkpt lat="45.24759" lon="6.93307">
        <ele>2076.0</ele>
      </trkpt>
      <trkpt lat="45.247549" lon="6.93321">
        <ele>2075.3</ele>
      </trkpt>
      <trkpt lat="45.2475" lon="6.93337">
        <ele>2074.4</ele>
      </trkpt>
      <trkpt lat="45.24745" lon="6.93352">
        <ele>2074.2</ele>
      </trkpt>
      <trkpt lat="45.24739" lon="6.93365">
        <ele>2073.4</ele>
      </trkpt>
      <trkpt lat="45.24733" lon="6.93379">
        <ele>2072.8</ele>
      </trkpt>
      <trkpt lat="45.24726" lon="6.93392">
        <ele>2071.7</ele>
      </trkpt>
      <trkpt lat="45.24719" lon="6.93406">
        <ele>2070.7</ele>
      </trkpt>
      <trkpt lat="45.24713" lon="6.93416">
        <ele>2069.7</ele>
      </trkpt>
      <trkpt lat="45.24703" lon="6.93432">
        <ele>2068.8</ele>
      </trkpt>
      <trkpt lat="45.24698" lon="6.9344">
        <ele>2068.3</ele>
      </trkpt>
      <trkpt lat="45.24685" lon="6.93463">
        <ele>2067.5</ele>
      </trkpt>
      <trkpt lat="45.24678" lon="6.9348">
        <ele>2067.9</ele>
      </trkpt>
      <trkpt lat="45.24673" lon="6.93489">
        <ele>2067.5</ele>
      </trkpt>
      <trkpt lat="45.24672" lon="6.93494">
        <ele>2068.0</ele>
      </trkpt>
      <trkpt lat="45.24669" lon="6.93502">
        <ele>2068.1</ele>
      </trkpt>
      <trkpt lat="45.24667" lon="6.9351">
        <ele>2068.1</ele>
      </trkpt>
      <trkpt lat="45.24664" lon="6.93523">
        <ele>2067.9</ele>
      </trkpt>
      <trkpt lat="45.24662" lon="6.93538">
        <ele>2068.4</ele>
      </trkpt>
      <trkpt lat="45.2466" lon="6.93553">
        <ele>2068.9</ele>
      </trkpt>
      <trkpt lat="45.24659" lon="6.93568">
        <ele>2069.9</ele>
      </trkpt>
      <trkpt lat="45.24659" lon="6.93584">
        <ele>2071.5</ele>
      </trkpt>
      <trkpt lat="45.24659" lon="6.93605">
        <ele>2072.7</ele>
      </trkpt>
      <trkpt lat="45.24658" lon="6.9363">
        <ele>2073.7</ele>
      </trkpt>
      <trkpt lat="45.24656" lon="6.93666">
        <ele>2075.0</ele>
      </trkpt>
      <trkpt lat="45.24655" lon="6.93685">
        <ele>2075.4</ele>
      </trkpt>
      <trkpt lat="45.24655" lon="6.93696">
        <ele>2075.9</ele>
      </trkpt>
      <trkpt lat="45.24654" lon="6.93715">
        <ele>2076.3</ele>
      </trkpt>
      <trkpt lat="45.246519" lon="6.93728">
        <ele>2076.1</ele>
      </trkpt>
      <trkpt lat="45.2465" lon="6.93739">
        <ele>2075.8</ele>
      </trkpt>
      <trkpt lat="45.24647" lon="6.93751">
        <ele>2075.4</ele>
      </trkpt>
      <trkpt lat="45.24645" lon="6.93759">
        <ele>2075.9</ele>
      </trkpt>
      <trkpt lat="45.24644" lon="6.93761">
        <ele>2075.9</ele>
      </trkpt>
      <trkpt lat="45.24639" lon="6.93772">
        <ele>2075.9</ele>
      </trkpt>
      <trkpt lat="45.246339" lon="6.93782">
        <ele>2075.9</ele>
      </trkpt>
      <trkpt lat="45.24629" lon="6.93791">
        <ele>2075.8</ele>
      </trkpt>
      <trkpt lat="45.24624" lon="6.93801">
        <ele>2076.0</ele>
      </trkpt>
      <trkpt lat="45.24619" lon="6.93807">
        <ele>2075.5</ele>
      </trkpt>
      <trkpt lat="45.24603" lon="6.9383">
        <ele>2075.2</ele>
      </trkpt>
      <trkpt lat="45.24591" lon="6.93848">
        <ele>2074.6</ele>
      </trkpt>
      <trkpt lat="45.24573" lon="6.93873">
        <ele>2073.5</ele>
      </trkpt>
      <trkpt lat="45.2456" lon="6.9389">
        <ele>2072.6</ele>
      </trkpt>
      <trkpt lat="45.24546" lon="6.93912">
        <ele>2072.0</ele>
      </trkpt>
      <trkpt lat="45.2453" lon="6.93936">
        <ele>2071.8</ele>
      </trkpt>
      <trkpt lat="45.24514" lon="6.93962">
        <ele>2072.1</ele>
      </trkpt>
      <trkpt lat="45.24506" lon="6.93978">
        <ele>2072.8</ele>
      </trkpt>
      <trkpt lat="45.245" lon="6.93991">
        <ele>2073.4</ele>
      </trkpt>
      <trkpt lat="45.244929" lon="6.94006">
        <ele>2073.7</ele>
      </trkpt>
      <trkpt lat="45.24483" lon="6.94025">
        <ele>2073.7</ele>
      </trkpt>
      <trkpt lat="45.24472" lon="6.94049">
        <ele>2074.1</ele>
      </trkpt>
      <trkpt lat="45.2446" lon="6.94071">
        <ele>2073.5</ele>
      </trkpt>
      <trkpt lat="45.24456" lon="6.94079">
        <ele>2073.4</ele>
      </trkpt>
      <trkpt lat="45.2445" lon="6.94092">
        <ele>2073.7</ele>
      </trkpt>
      <trkpt lat="45.24439" lon="6.94113">
        <ele>2074.2</ele>
      </trkpt>
      <trkpt lat="45.24427" lon="6.94137">
        <ele>2075.1</ele>
      </trkpt>
      <trkpt lat="45.24415" lon="6.94162">
        <ele>2076.3</ele>
      </trkpt>
      <trkpt lat="45.24407" lon="6.94181">
        <ele>2076.9</ele>
      </trkpt>
      <trkpt lat="45.24401" lon="6.94198">
        <ele>2077.4</ele>
      </trkpt>
      <trkpt lat="45.24385" lon="6.94243">
        <ele>2077.9</ele>
      </trkpt>
      <trkpt lat="45.24384" lon="6.94245">
        <ele>2077.7</ele>
      </trkpt>
      <trkpt lat="45.24372" lon="6.94281">
        <ele>2078.3</ele>
      </trkpt>
      <trkpt lat="45.24369" lon="6.94291">
        <ele>2078.7</ele>
      </trkpt>
      <trkpt lat="45.24357" lon="6.9433">
        <ele>2080.5</ele>
      </trkpt>
      <trkpt lat="45.24341" lon="6.94385">
        <ele>2078.9</ele>
      </trkpt>
      <trkpt lat="45.24337" lon="6.94399">
        <ele>2078.7</ele>
      </trkpt>
      <trkpt lat="45.24333" lon="6.94412">
        <ele>2078.5</ele>
      </trkpt>
      <trkpt lat="45.24329" lon="6.94426">
        <ele>2078.4</ele>
      </trkpt>
      <trkpt lat="45.24327" lon="6.94432">
        <ele>2078.3</ele>
      </trkpt>
      <trkpt lat="45.24324" lon="6.94441">
        <ele>2078.2</ele>
      </trkpt>
      <trkpt lat="45.24321" lon="6.94452">
        <ele>2078.2</ele>
      </trkpt>
      <trkpt lat="45.2432" lon="6.94455">
        <ele>2078.2</ele>
      </trkpt>
      <trkpt lat="45.24317" lon="6.94465">
        <ele>2078.2</ele>
      </trkpt>
      <trkpt lat="45.243139" lon="6.94478">
        <ele>2078.5</ele>
      </trkpt>
      <trkpt lat="45.24313" lon="6.94479">
        <ele>2078.3</ele>
      </trkpt>
      <trkpt lat="45.2431" lon="6.94491">
        <ele>2078.5</ele>
      </trkpt>
      <trkpt lat="45.24307" lon="6.94503">
        <ele>2078.6</ele>
      </trkpt>
      <trkpt lat="45.24304" lon="6.94516">
        <ele>2078.3</ele>
      </trkpt>
      <trkpt lat="45.24302" lon="6.94529">
        <ele>2078.4</ele>
      </trkpt>
      <trkpt lat="45.24301" lon="6.94542">
        <ele>2078.8</ele>
      </trkpt>
      <trkpt lat="45.243" lon="6.94553">
        <ele>2079.1</ele>
      </trkpt>
      <trkpt lat="45.243" lon="6.94555">
        <ele>2079.2</ele>
      </trkpt>
      <trkpt lat="45.24299" lon="6.94568">
        <ele>2079.6</ele>
      </trkpt>
      <trkpt lat="45.24298" lon="6.94581">
        <ele>2080.0</ele>
      </trkpt>
      <trkpt lat="45.24298" lon="6.94593">
        <ele>2080.1</ele>
      </trkpt>
      <trkpt lat="45.24299" lon="6.94604">
        <ele>2080.4</ele>
      </trkpt>
      <trkpt lat="45.24299" lon="6.94607">
        <ele>2080.4</ele>
      </trkpt>
      <trkpt lat="45.243" lon="6.94623">
        <ele>2080.8</ele>
      </trkpt>
      <trkpt lat="45.24304" lon="6.94643">
        <ele>2082.0</ele>
      </trkpt>
      <trkpt lat="45.24307" lon="6.94658">
        <ele>2083.0</ele>
      </trkpt>
      <trkpt lat="45.2431" lon="6.94673">
        <ele>2083.8</ele>
      </trkpt>
      <trkpt lat="45.24313" lon="6.94684">
        <ele>2084.4</ele>
      </trkpt>
      <trkpt lat="45.24316" lon="6.94697">
        <ele>2085.0</ele>
      </trkpt>
      <trkpt lat="45.24319" lon="6.94708">
        <ele>2085.6</ele>
      </trkpt>
      <trkpt lat="45.24322" lon="6.94717">
        <ele>2086.3</ele>
      </trkpt>
      <trkpt lat="45.24325" lon="6.94726">
        <ele>2087.0</ele>
      </trkpt>
      <trkpt lat="45.24329" lon="6.94742">
        <ele>2087.8</ele>
      </trkpt>
      <trkpt lat="45.24331" lon="6.94752">
        <ele>2088.3</ele>
      </trkpt>
      <trkpt lat="45.24334" lon="6.94764">
        <ele>2089.6</ele>
      </trkpt>
      <trkpt lat="45.24335" lon="6.94775">
        <ele>2090.3</ele>
      </trkpt>
      <trkpt lat="45.24336" lon="6.94777">
        <ele>2090.8</ele>
      </trkpt>
      <trkpt lat="45.24338" lon="6.94794">
        <ele>2092.1</ele>
      </trkpt>
      <trkpt lat="45.24339" lon="6.948">
        <ele>2092.7</ele>
      </trkpt>
      <trkpt lat="45.2434" lon="6.94811">
        <ele>2093.5</ele>
      </trkpt>
      <trkpt lat="45.24342" lon="6.94824">
        <ele>2094.7</ele>
      </trkpt>
      <trkpt lat="45.24342" lon="6.94825">
        <ele>2094.7</ele>
      </trkpt>
      <trkpt lat="45.24342" lon="6.94838">
        <ele>2095.3</ele>
      </trkpt>
      <trkpt lat="45.243429" lon="6.94849">
        <ele>2096.6</ele>
      </trkpt>
      <trkpt lat="45.243429" lon="6.9486">
        <ele>2097.4</ele>
      </trkpt>
      <trkpt lat="45.24342" lon="6.94871">
        <ele>2097.8</ele>
      </trkpt>
      <trkpt lat="45.24341" lon="6.94875">
        <ele>2097.7</ele>
      </trkpt>
      <trkpt lat="45.24339" lon="6.94882">
        <ele>2097.4</ele>
      </trkpt>
      <trkpt lat="45.24335" lon="6.94891">
        <ele>2096.5</ele>
      </trkpt>
      <trkpt lat="45.24332" lon="6.94898">
        <ele>2096.3</ele>
      </trkpt>
      <trkpt lat="45.24331" lon="6.949">
        <ele>2096.4</ele>
      </trkpt>
      <trkpt lat="45.24325" lon="6.94907">
        <ele>2096.4</ele>
      </trkpt>
      <trkpt lat="45.24319" lon="6.94913">
        <ele>2096.5</ele>
      </trkpt>
      <trkpt lat="45.24313" lon="6.94917">
        <ele>2096.4</ele>
      </trkpt>
      <trkpt lat="45.24308" lon="6.94919">
        <ele>2096.4</ele>
      </trkpt>
      <trkpt lat="45.243049" lon="6.9492">
        <ele>2096.4</ele>
      </trkpt>
      <trkpt lat="45.24301" lon="6.9492">
        <ele>2096.0</ele>
      </trkpt>
      <trkpt lat="45.243" lon="6.9492">
        <ele>2095.9</ele>
      </trkpt>
      <trkpt lat="45.242959" lon="6.94918">
        <ele>2095.1</ele>
      </trkpt>
      <trkpt lat="45.24291" lon="6.94916">
        <ele>2094.4</ele>
      </trkpt>
      <trkpt lat="45.24285" lon="6.94914">
        <ele>2093.6</ele>
      </trkpt>
      <trkpt lat="45.24279" lon="6.94911">
        <ele>2092.7</ele>
      </trkpt>
      <trkpt lat="45.24271" lon="6.94909">
        <ele>2091.8</ele>
      </trkpt>
      <trkpt lat="45.24266" lon="6.94908">
        <ele>2091.2</ele>
      </trkpt>
      <trkpt lat="45.24265" lon="6.94908">
        <ele>2091.1</ele>
      </trkpt>
      <trkpt lat="45.24259" lon="6.9491">
        <ele>2090.8</ele>
      </trkpt>
      <trkpt lat="45.24252" lon="6.94912">
        <ele>2090.5</ele>
      </trkpt>
      <trkpt lat="45.242489" lon="6.94915">
        <ele>2090.7</ele>
      </trkpt>
      <trkpt lat="45.24246" lon="6.94916">
        <ele>2090.9</ele>
      </trkpt>
      <trkpt lat="45.24241" lon="6.94922">
        <ele>2091.7</ele>
      </trkpt>
      <trkpt lat="45.2423" lon="6.94935">
        <ele>2093.3</ele>
      </trkpt>
      <trkpt lat="45.24221" lon="6.94947">
        <ele>2094.5</ele>
      </trkpt>
      <trkpt lat="45.242199" lon="6.94948">
        <ele>2094.6</ele>
      </trkpt>
      <trkpt lat="45.24209" lon="6.94965">
        <ele>2096.1</ele>
      </trkpt>
      <trkpt lat="45.24208" lon="6.94965">
        <ele>2096.0</ele>
      </trkpt>
      <trkpt lat="45.24199" lon="6.94979">
        <ele>2096.9</ele>
      </trkpt>
      <trkpt lat="45.24191" lon="6.94989">
        <ele>2097.3</ele>
      </trkpt>
      <trkpt lat="45.24183" lon="6.95001">
        <ele>2097.7</ele>
      </trkpt>
      <trkpt lat="45.241729" lon="6.95013">
        <ele>2097.7</ele>
      </trkpt>
      <trkpt lat="45.24169" lon="6.95018">
        <ele>2097.8</ele>
      </trkpt>
      <trkpt lat="45.24166" lon="6.95022">
        <ele>2097.8</ele>
      </trkpt>
      <trkpt lat="45.24159" lon="6.9503">
        <ele>2097.9</ele>
      </trkpt>
      <trkpt lat="45.241549" lon="6.95034">
        <ele>2098.0</ele>
      </trkpt>
      <trkpt lat="45.24152" lon="6.95038">
        <ele>2098.1</ele>
      </trkpt>
      <trkpt lat="45.2414" lon="6.9505">
        <ele>2098.1</ele>
      </trkpt>
      <trkpt lat="45.241259" lon="6.95063">
        <ele>2098.0</ele>
      </trkpt>
      <trkpt lat="45.24124" lon="6.95064">
        <ele>2097.9</ele>
      </trkpt>
      <trkpt lat="45.2411" lon="6.95076">
        <ele>2097.7</ele>
      </trkpt>
      <trkpt lat="45.2411" lon="6.95076">
        <ele>2097.7</ele>
      </trkpt>
      <trkpt lat="45.241" lon="6.95066">
        <ele>2096.1</ele>
      </trkpt>
      <trkpt lat="45.241" lon="6.95066">
        <ele>2096.1</ele>
      </trkpt>
      <trkpt lat="45.2411" lon="6.95076">
        <ele>2097.7</ele>
      </trkpt>
      <trkpt lat="45.2411" lon="6.95076">
        <ele>2097.7</ele>
      </trkpt>
      <trkpt lat="45.24124" lon="6.95064">
        <ele>2097.9</ele>
      </trkpt>
      <trkpt lat="45.241259" lon="6.95063">
        <ele>2098.0</ele>
      </trkpt>
      <trkpt lat="45.2414" lon="6.9505">
        <ele>2098.1</ele>
      </trkpt>
      <trkpt lat="45.24152" lon="6.95038">
        <ele>2098.1</ele>
      </trkpt>
      <trkpt lat="45.241549" lon="6.95034">
        <ele>2098.0</ele>
      </trkpt>
      <trkpt lat="45.24159" lon="6.9503">
        <ele>2097.9</ele>
      </trkpt>
      <trkpt lat="45.24166" lon="6.95022">
        <ele>2097.8</ele>
      </trkpt>
      <trkpt lat="45.24169" lon="6.95018">
        <ele>2097.8</ele>
      </trkpt>
      <trkpt lat="45.241729" lon="6.95013">
        <ele>2097.7</ele>
      </trkpt>
      <trkpt lat="45.24183" lon="6.95001">
        <ele>2097.7</ele>
      </trkpt>
      <trkpt lat="45.24191" lon="6.94989">
        <ele>2097.3</ele>
      </trkpt>
      <trkpt lat="45.24199" lon="6.94979">
        <ele>2096.9</ele>
      </trkpt>
      <trkpt lat="45.24208" lon="6.94965">
        <ele>2096.0</ele>
      </trkpt>
      <trkpt lat="45.24209" lon="6.94965">
        <ele>2096.1</ele>
      </trkpt>
      <trkpt lat="45.242199" lon="6.94948">
        <ele>2094.6</ele>
      </trkpt>
      <trkpt lat="45.24221" lon="6.94947">
        <ele>2094.5</ele>
      </trkpt>
      <trkpt lat="45.2423" lon="6.94935">
        <ele>2093.3</ele>
      </trkpt>
      <trkpt lat="45.24241" lon="6.94922">
        <ele>2091.7</ele>
      </trkpt>
      <trkpt lat="45.24246" lon="6.94916">
        <ele>2090.9</ele>
      </trkpt>
      <trkpt lat="45.242489" lon="6.94915">
        <ele>2090.7</ele>
      </trkpt>
      <trkpt lat="45.24252" lon="6.94912">
        <ele>2090.5</ele>
      </trkpt>
      <trkpt lat="45.24259" lon="6.9491">
        <ele>2090.8</ele>
      </trkpt>
      <trkpt lat="45.24265" lon="6.94908">
        <ele>2091.1</ele>
      </trkpt>
      <trkpt lat="45.24266" lon="6.94908">
        <ele>2091.2</ele>
      </trkpt>
      <trkpt lat="45.24271" lon="6.94909">
        <ele>2091.8</ele>
      </trkpt>
      <trkpt lat="45.24279" lon="6.94911">
        <ele>2092.7</ele>
      </trkpt>
      <trkpt lat="45.24285" lon="6.94914">
        <ele>2093.6</ele>
      </trkpt>
      <trkpt lat="45.24291" lon="6.94916">
        <ele>2094.4</ele>
      </trkpt>
      <trkpt lat="45.242959" lon="6.94918">
        <ele>2095.1</ele>
      </trkpt>
      <trkpt lat="45.243" lon="6.9492">
        <ele>2095.9</ele>
      </trkpt>
      <trkpt lat="45.24301" lon="6.9492">
        <ele>2096.0</ele>
      </trkpt>
      <trkpt lat="45.243049" lon="6.9492">
        <ele>2096.4</ele>
      </trkpt>
      <trkpt lat="45.24308" lon="6.94919">
        <ele>2096.4</ele>
      </trkpt>
      <trkpt lat="45.24313" lon="6.94917">
        <ele>2096.4</ele>
      </trkpt>
      <trkpt lat="45.24319" lon="6.94913">
        <ele>2096.5</ele>
      </trkpt>
      <trkpt lat="45.24325" lon="6.94907">
        <ele>2096.4</ele>
      </trkpt>
      <trkpt lat="45.24331" lon="6.949">
        <ele>2096.4</ele>
      </trkpt>
      <trkpt lat="45.24332" lon="6.94898">
        <ele>2096.3</ele>
      </trkpt>
      <trkpt lat="45.24335" lon="6.94891">
        <ele>2096.5</ele>
      </trkpt>
      <trkpt lat="45.24339" lon="6.94882">
        <ele>2097.4</ele>
      </trkpt>
      <trkpt lat="45.24341" lon="6.94875">
        <ele>2097.7</ele>
      </trkpt>
      <trkpt lat="45.24342" lon="6.94871">
        <ele>2097.8</ele>
      </trkpt>
      <trkpt lat="45.243429" lon="6.9486">
        <ele>2097.4</ele>
      </trkpt>
      <trkpt lat="45.243429" lon="6.94849">
        <ele>2096.6</ele>
      </trkpt>
      <trkpt lat="45.24342" lon="6.94838">
        <ele>2095.3</ele>
      </trkpt>
      <trkpt lat="45.24342" lon="6.94825">
        <ele>2094.7</ele>
      </trkpt>
      <trkpt lat="45.24342" lon="6.94824">
        <ele>2094.7</ele>
      </trkpt>
      <trkpt lat="45.2434" lon="6.94811">
        <ele>2093.5</ele>
      </trkpt>
      <trkpt lat="45.24339" lon="6.948">
        <ele>2092.7</ele>
      </trkpt>
      <trkpt lat="45.24338" lon="6.94794">
        <ele>2092.1</ele>
      </trkpt>
      <trkpt lat="45.24336" lon="6.94777">
        <ele>2090.8</ele>
      </trkpt>
      <trkpt lat="45.24335" lon="6.94775">
        <ele>2090.3</ele>
      </trkpt>
      <trkpt lat="45.24334" lon="6.94764">
        <ele>2089.6</ele>
      </trkpt>
      <trkpt lat="45.24331" lon="6.94752">
        <ele>2088.3</ele>
      </trkpt>
      <trkpt lat="45.24329" lon="6.94742">
        <ele>2087.8</ele>
      </trkpt>
      <trkpt lat="45.24325" lon="6.94726">
        <ele>2087.0</ele>
      </trkpt>
      <trkpt lat="45.24322" lon="6.94717">
        <ele>2086.3</ele>
      </trkpt>
      <trkpt lat="45.24319" lon="6.94708">
        <ele>2085.6</ele>
      </trkpt>
      <trkpt lat="45.24316" lon="6.94697">
        <ele>2085.0</ele>
      </trkpt>
      <trkpt lat="45.24313" lon="6.94684">
        <ele>2084.4</ele>
      </trkpt>
      <trkpt lat="45.2431" lon="6.94673">
        <ele>2083.8</ele>
      </trkpt>
      <trkpt lat="45.24307" lon="6.94658">
        <ele>2083.0</ele>
      </trkpt>
      <trkpt lat="45.24304" lon="6.94643">
        <ele>2082.0</ele>
      </trkpt>
      <trkpt lat="45.243" lon="6.94623">
        <ele>2080.8</ele>
      </trkpt>
      <trkpt lat="45.24299" lon="6.94607">
        <ele>2080.4</ele>
      </trkpt>
      <trkpt lat="45.24299" lon="6.94604">
        <ele>2080.4</ele>
      </trkpt>
      <trkpt lat="45.24298" lon="6.94593">
        <ele>2080.1</ele>
      </trkpt>
      <trkpt lat="45.24298" lon="6.94581">
        <ele>2080.0</ele>
      </trkpt>
      <trkpt lat="45.24299" lon="6.94568">
        <ele>2079.6</ele>
      </trkpt>
      <trkpt lat="45.243" lon="6.94555">
        <ele>2079.2</ele>
      </trkpt>
      <trkpt lat="45.243" lon="6.94553">
        <ele>2079.1</ele>
      </trkpt>
      <trkpt lat="45.24301" lon="6.94542">
        <ele>2078.8</ele>
      </trkpt>
      <trkpt lat="45.24302" lon="6.94529">
        <ele>2078.4</ele>
      </trkpt>
      <trkpt lat="45.24304" lon="6.94516">
        <ele>2078.3</ele>
      </trkpt>
      <trkpt lat="45.24307" lon="6.94503">
        <ele>2078.6</ele>
      </trkpt>
      <trkpt lat="45.2431" lon="6.94491">
        <ele>2078.5</ele>
      </trkpt>
      <trkpt lat="45.24313" lon="6.94479">
        <ele>2078.3</ele>
      </trkpt>
      <trkpt lat="45.243139" lon="6.94478">
        <ele>2078.5</ele>
      </trkpt>
      <trkpt lat="45.24317" lon="6.94465">
        <ele>2078.2</ele>
      </trkpt>
      <trkpt lat="45.2432" lon="6.94455">
        <ele>2078.2</ele>
      </trkpt>
      <trkpt lat="45.24321" lon="6.94452">
        <ele>2078.2</ele>
      </trkpt>
      <trkpt lat="45.24324" lon="6.94441">
        <ele>2078.2</ele>
      </trkpt>
      <trkpt lat="45.24327" lon="6.94432">
        <ele>2078.3</ele>
      </trkpt>
      <trkpt lat="45.24329" lon="6.94426">
        <ele>2078.4</ele>
      </trkpt>
      <trkpt lat="45.24333" lon="6.94412">
        <ele>2078.5</ele>
      </trkpt>
      <trkpt lat="45.24337" lon="6.94399">
        <ele>2078.7</ele>
      </trkpt>
      <trkpt lat="45.24341" lon="6.94385">
        <ele>2078.9</ele>
      </trkpt>
      <trkpt lat="45.24357" lon="6.9433">
        <ele>2080.5</ele>
      </trkpt>
      <trkpt lat="45.24369" lon="6.94291">
        <ele>2078.7</ele>
      </trkpt>
      <trkpt lat="45.24372" lon="6.94281">
        <ele>2078.3</ele>
      </trkpt>
      <trkpt lat="45.24384" lon="6.94245">
        <ele>2077.7</ele>
      </trkpt>
      <trkpt lat="45.24385" lon="6.94243">
        <ele>2077.9</ele>
      </trkpt>
      <trkpt lat="45.24401" lon="6.94198">
        <ele>2077.4</ele>
      </trkpt>
      <trkpt lat="45.24407" lon="6.94181">
        <ele>2076.9</ele>
      </trkpt>
      <trkpt lat="45.24415" lon="6.94162">
        <ele>2076.3</ele>
      </trkpt>
      <trkpt lat="45.24427" lon="6.94137">
        <ele>2075.1</ele>
      </trkpt>
      <trkpt lat="45.24439" lon="6.94113">
        <ele>2074.2</ele>
      </trkpt>
      <trkpt lat="45.2445" lon="6.94092">
        <ele>2073.7</ele>
      </trkpt>
      <trkpt lat="45.24456" lon="6.94079">
        <ele>2073.4</ele>
      </trkpt>
      <trkpt lat="45.2446" lon="6.94071">
        <ele>2073.5</ele>
      </trkpt>
      <trkpt lat="45.24472" lon="6.94049">
        <ele>2074.1</ele>
      </trkpt>
      <trkpt lat="45.24483" lon="6.94025">
        <ele>2073.7</ele>
      </trkpt>
      <trkpt lat="45.244929" lon="6.94006">
        <ele>2073.7</ele>
      </trkpt>
      <trkpt lat="45.245" lon="6.93991">
        <ele>2073.4</ele>
      </trkpt>
      <trkpt lat="45.24506" lon="6.93978">
        <ele>2072.8</ele>
      </trkpt>
      <trkpt lat="45.24514" lon="6.93962">
        <ele>2072.1</ele>
      </trkpt>
      <trkpt lat="45.2453" lon="6.93936">
        <ele>2071.8</ele>
      </trkpt>
      <trkpt lat="45.24546" lon="6.93912">
        <ele>2072.0</ele>
      </trkpt>
      <trkpt lat="45.2456" lon="6.9389">
        <ele>2072.6</ele>
      </trkpt>
      <trkpt lat="45.24573" lon="6.93873">
        <ele>2073.5</ele>
      </trkpt>
      <trkpt lat="45.24591" lon="6.93848">
        <ele>2074.6</ele>
      </trkpt>
      <trkpt lat="45.24603" lon="6.9383">
        <ele>2075.2</ele>
      </trkpt>
      <trkpt lat="45.24619" lon="6.93807">
        <ele>2075.5</ele>
      </trkpt>
      <trkpt lat="45.24624" lon="6.93801">
        <ele>2076.0</ele>
      </trkpt>
      <trkpt lat="45.24629" lon="6.93791">
        <ele>2075.8</ele>
      </trkpt>
      <trkpt lat="45.246339" lon="6.93782">
        <ele>2075.9</ele>
      </trkpt>
      <trkpt lat="45.24639" lon="6.93772">
        <ele>2075.9</ele>
      </trkpt>
      <trkpt lat="45.24644" lon="6.93761">
        <ele>2075.9</ele>
      </trkpt>
      <trkpt lat="45.24645" lon="6.93759">
        <ele>2075.9</ele>
      </trkpt>
      <trkpt lat="45.24647" lon="6.93751">
        <ele>2075.4</ele>
      </trkpt>
      <trkpt lat="45.2465" lon="6.93739">
        <ele>2075.8</ele>
      </trkpt>
      <trkpt lat="45.246519" lon="6.93728">
        <ele>2076.1</ele>
      </trkpt>
      <trkpt lat="45.24654" lon="6.93715">
        <ele>2076.3</ele>
      </trkpt>
      <trkpt lat="45.24655" lon="6.93696">
        <ele>2075.9</ele>
      </trkpt>
      <trkpt lat="45.24655" lon="6.93685">
        <ele>2075.4</ele>
      </trkpt>
      <trkpt lat="45.24656" lon="6.93666">
        <ele>2075.0</ele>
      </trkpt>
      <trkpt lat="45.24658" lon="6.9363">
        <ele>2073.7</ele>
      </trkpt>
      <trkpt lat="45.24659" lon="6.93605">
        <ele>2072.7</ele>
      </trkpt>
      <trkpt lat="45.24659" lon="6.93584">
        <ele>2071.5</ele>
      </trkpt>
      <trkpt lat="45.24659" lon="6.93568">
        <ele>2069.9</ele>
      </trkpt>
      <trkpt lat="45.2466" lon="6.93553">
        <ele>2068.9</ele>
      </trkpt>
      <trkpt lat="45.24662" lon="6.93538">
        <ele>2068.4</ele>
      </trkpt>
      <trkpt lat="45.24664" lon="6.93523">
        <ele>2067.9</ele>
      </trkpt>
      <trkpt lat="45.24667" lon="6.9351">
        <ele>2068.1</ele>
      </trkpt>
      <trkpt lat="45.24669" lon="6.93502">
        <ele>2068.1</ele>
      </trkpt>
      <trkpt lat="45.24672" lon="6.93494">
        <ele>2068.0</ele>
      </trkpt>
      <trkpt lat="45.24673" lon="6.93489">
        <ele>2067.5</ele>
      </trkpt>
      <trkpt lat="45.24678" lon="6.9348">
        <ele>2067.9</ele>
      </trkpt>
      <trkpt lat="45.24685" lon="6.93463">
        <ele>2067.5</ele>
      </trkpt>
      <trkpt lat="45.24698" lon="6.9344">
        <ele>2068.3</ele>
      </trkpt>
      <trkpt lat="45.24703" lon="6.93432">
        <ele>2068.8</ele>
      </trkpt>
      <trkpt lat="45.24713" lon="6.93416">
        <ele>2069.7</ele>
      </trkpt>
      <trkpt lat="45.24719" lon="6.93406">
        <ele>2070.7</ele>
      </trkpt>
      <trkpt lat="45.24726" lon="6.93392">
        <ele>2071.7</ele>
      </trkpt>
      <trkpt lat="45.24733" lon="6.93379">
        <ele>2072.8</ele>
      </trkpt>
      <trkpt lat="45.24739" lon="6.93365">
        <ele>2073.4</ele>
      </trkpt>
      <trkpt lat="45.24745" lon="6.93352">
        <ele>2074.2</ele>
      </trkpt>
      <trkpt lat="45.2475" lon="6.93337">
        <ele>2074.4</ele>
      </trkpt>
      <trkpt lat="45.247549" lon="6.93321">
        <ele>2075.3</ele>
      </trkpt>
      <trkpt lat="45.24759" lon="6.93307">
        <ele>2076.0</ele>
      </trkpt>
      <trkpt lat="45.24763" lon="6.93291">
        <ele>2076.5</ele>
      </trkpt>
      <trkpt lat="45.24766" lon="6.93273">
        <ele>2076.3</ele>
      </trkpt>
      <trkpt lat="45.2477" lon="6.93255">
        <ele>2076.6</ele>
      </trkpt>
      <trkpt lat="45.24776" lon="6.9323">
        <ele>2077.9</ele>
      </trkpt>
      <trkpt lat="45.24777" lon="6.93223">
        <ele>2077.9</ele>
      </trkpt>
      <trkpt lat="45.24783" lon="6.93194">
        <ele>2078.6</ele>
      </trkpt>
      <trkpt lat="45.24791" lon="6.93158">
        <ele>2078.9</ele>
      </trkpt>
      <trkpt lat="45.24791" lon="6.93156">
        <ele>2078.7</ele>
      </trkpt>
      <trkpt lat="45.24807" lon="6.93077">
        <ele>2077.2</ele>
      </trkpt>
      <trkpt lat="45.24814" lon="6.93046">
        <ele>2078.3</ele>
      </trkpt>
      <trkpt lat="45.24817" lon="6.93034">
        <ele>2078.9</ele>
      </trkpt>
      <trkpt lat="45.24819" lon="6.93022">
        <ele>2079.1</ele>
      </trkpt>
      <trkpt lat="45.24822" lon="6.93009">
        <ele>2079.8</ele>
      </trkpt>
      <trkpt lat="45.24823" lon="6.93001">
        <ele>2079.8</ele>
      </trkpt>
      <trkpt lat="45.24827" lon="6.92985">
        <ele>2080.3</ele>
      </trkpt>
      <trkpt lat="45.248309" lon="6.9297">
        <ele>2080.9</ele>
      </trkpt>
      <trkpt lat="45.24834" lon="6.92961">
        <ele>2081.4</ele>
      </trkpt>
      <trkpt lat="45.24835" lon="6.92957">
        <ele>2081.3</ele>
      </trkpt>
      <trkpt lat="45.24839" lon="6.92944">
        <ele>2081.4</ele>
      </trkpt>
      <trkpt lat="45.24845" lon="6.92929">
        <ele>2081.9</ele>
      </trkpt>
      <trkpt lat="45.2485" lon="6.92916">
        <ele>2082.1</ele>
      </trkpt>
      <trkpt lat="45.24852" lon="6.92911">
        <ele>2081.5</ele>
      </trkpt>
      <trkpt lat="45.248579" lon="6.92899">
        <ele>2080.5</ele>
      </trkpt>
      <trkpt lat="45.2486" lon="6.92895">
        <ele>2080.2</ele>
      </trkpt>
      <trkpt lat="45.24865" lon="6.92888">
        <ele>2080.1</ele>
      </trkpt>
      <trkpt lat="45.24871" lon="6.92875">
        <ele>2079.3</ele>
      </trkpt>
      <trkpt lat="45.24872" lon="6.92874">
        <ele>2079.4</ele>
      </trkpt>
      <trkpt lat="45.24882" lon="6.92854">
        <ele>2078.7</ele>
      </trkpt>
      <trkpt lat="45.24892" lon="6.92835">
        <ele>2078.7</ele>
      </trkpt>
      <trkpt lat="45.24904" lon="6.92811">
        <ele>2078.9</ele>
      </trkpt>
      <trkpt lat="45.24913" lon="6.92794">
        <ele>2079.5</ele>
      </trkpt>
      <trkpt lat="45.24924" lon="6.9277">
        <ele>2080.9</ele>
      </trkpt>
      <trkpt lat="45.24933" lon="6.92748">
        <ele>2082.4</ele>
      </trkpt>
      <trkpt lat="45.249339" lon="6.92744">
        <ele>2082.1</ele>
      </trkpt>
      <trkpt lat="45.24944" lon="6.92716">
        <ele>2081.5</ele>
      </trkpt>
      <trkpt lat="45.249519" lon="6.92689">
        <ele>2080.4</ele>
      </trkpt>
      <trkpt lat="45.24954" lon="6.92678">
        <ele>2079.3</ele>
      </trkpt>
      <trkpt lat="45.24959" lon="6.9266">
        <ele>2078.6</ele>
      </trkpt>
      <trkpt lat="45.24965" lon="6.9263">
        <ele>2076.5</ele>
      </trkpt>
      <trkpt lat="45.24971" lon="6.92605">
        <ele>2075.3</ele>
      </trkpt>
      <trkpt lat="45.24972" lon="6.92602">
        <ele>2075.4</ele>
      </trkpt>
      <trkpt lat="45.24976" lon="6.92581">
        <ele>2073.8</ele>
      </trkpt>
      <trkpt lat="45.249809" lon="6.9256">
        <ele>2071.9</ele>
      </trkpt>
      <trkpt lat="45.24982" lon="6.92557">
        <ele>2071.8</ele>
      </trkpt>
      <trkpt lat="45.24988" lon="6.92533">
        <ele>2069.9</ele>
      </trkpt>
      <trkpt lat="45.24988" lon="6.92532">
        <ele>2069.7</ele>
      </trkpt>
      <trkpt lat="45.24995" lon="6.92507">
        <ele>2068.4</ele>
      </trkpt>
      <trkpt lat="45.249989" lon="6.92494">
        <ele>2067.5</ele>
      </trkpt>
      <trkpt lat="45.25004" lon="6.92481">
        <ele>2066.1</ele>
      </trkpt>
      <trkpt lat="45.25009" lon="6.92469">
        <ele>2064.9</ele>
      </trkpt>
      <trkpt lat="45.25015" lon="6.92457">
        <ele>2064.2</ele>
      </trkpt>
      <trkpt lat="45.25021" lon="6.92443">
        <ele>2062.9</ele>
      </trkpt>
      <trkpt lat="45.25026" lon="6.92432">
        <ele>2061.9</ele>
      </trkpt>
      <trkpt lat="45.25038" lon="6.92409">
        <ele>2060.9</ele>
      </trkpt>
      <trkpt lat="45.25042" lon="6.92401">
        <ele>2060.5</ele>
      </trkpt>
      <trkpt lat="45.25047" lon="6.92392">
        <ele>2060.3</ele>
      </trkpt>
      <trkpt lat="45.25053" lon="6.92379">
        <ele>2059.4</ele>
      </trkpt>
      <trkpt lat="45.25063" lon="6.9236">
        <ele>2058.8</ele>
      </trkpt>
      <trkpt lat="45.25077" lon="6.92331">
        <ele>2057.2</ele>
      </trkpt>
      <trkpt lat="45.25094" lon="6.92298">
        <ele>2057.2</ele>
      </trkpt>
      <trkpt lat="45.25094" lon="6.92297">
        <ele>2056.9</ele>
      </trkpt>
      <trkpt lat="45.25111" lon="6.92261">
        <ele>2055.8</ele>
      </trkpt>
      <trkpt lat="45.25124" lon="6.92234">
        <ele>2056.5</ele>
      </trkpt>
      <trkpt lat="45.2513" lon="6.92219">
        <ele>2056.9</ele>
      </trkpt>
      <trkpt lat="45.25139" lon="6.92195">
        <ele>2057.0</ele>
      </trkpt>
      <trkpt lat="45.25141" lon="6.92188">
        <ele>2056.7</ele>
      </trkpt>
      <trkpt lat="45.25145" lon="6.92178">
        <ele>2056.8</ele>
      </trkpt>
      <trkpt lat="45.25152" lon="6.92154">
        <ele>2056.5</ele>
      </trkpt>
      <trkpt lat="45.25155" lon="6.92141">
        <ele>2056.2</ele>
      </trkpt>
      <trkpt lat="45.25155" lon="6.9214">
        <ele>2056.1</ele>
      </trkpt>
      <trkpt lat="45.25158" lon="6.92126">
        <ele>2055.7</ele>
      </trkpt>
      <trkpt lat="45.2516" lon="6.92116">
        <ele>2055.4</ele>
      </trkpt>
      <trkpt lat="45.25161" lon="6.92112">
        <ele>2055.3</ele>
      </trkpt>
      <trkpt lat="45.25163" lon="6.92096">
        <ele>2054.2</ele>
      </trkpt>
      <trkpt lat="45.25167" lon="6.92068">
        <ele>2052.9</ele>
      </trkpt>
      <trkpt lat="45.25169" lon="6.92045">
        <ele>2051.8</ele>
      </trkpt>
      <trkpt lat="45.25173" lon="6.92016">
        <ele>2050.9</ele>
      </trkpt>
      <trkpt lat="45.25175" lon="6.91993">
        <ele>2049.5</ele>
      </trkpt>
      <trkpt lat="45.25184" lon="6.91919">
        <ele>2045.5</ele>
      </trkpt>
      <trkpt lat="45.25185" lon="6.91912">
        <ele>2045.4</ele>
      </trkpt>
      <trkpt lat="45.25195" lon="6.91837">
        <ele>2044.8</ele>
      </trkpt>
      <trkpt lat="45.25198" lon="6.91819">
        <ele>2044.6</ele>
      </trkpt>
      <trkpt lat="45.25199" lon="6.91812">
        <ele>2044.4</ele>
      </trkpt>
      <trkpt lat="45.25202" lon="6.91791">
        <ele>2044.0</ele>
      </trkpt>
      <trkpt lat="45.25202" lon="6.91787">
        <ele>2043.7</ele>
      </trkpt>
      <trkpt lat="45.252049" lon="6.91768">
        <ele>2043.5</ele>
      </trkpt>
      <trkpt lat="45.25209" lon="6.91748">
        <ele>2043.5</ele>
      </trkpt>
      <trkpt lat="45.25211" lon="6.91737">
        <ele>2042.7</ele>
      </trkpt>
      <trkpt lat="45.25213" lon="6.91731">
        <ele>2042.7</ele>
      </trkpt>
      <trkpt lat="45.25216" lon="6.91718">
        <ele>2042.2</ele>
      </trkpt>
      <trkpt lat="45.25217" lon="6.91713">
        <ele>2042.0</ele>
      </trkpt>
      <trkpt lat="45.25221" lon="6.917">
        <ele>2042.0</ele>
      </trkpt>
      <trkpt lat="45.2523" lon="6.91665">
        <ele>2042.0</ele>
      </trkpt>
      <trkpt lat="45.25231" lon="6.91663">
        <ele>2042.3</ele>
      </trkpt>
      <trkpt lat="45.25236" lon="6.91641">
        <ele>2043.1</ele>
      </trkpt>
      <trkpt lat="45.2524" lon="6.91621">
        <ele>2043.5</ele>
      </trkpt>
      <trkpt lat="45.25241" lon="6.91617">
        <ele>2043.7</ele>
      </trkpt>
      <trkpt lat="45.25244" lon="6.91609">
        <ele>2044.7</ele>
      </trkpt>
      <trkpt lat="45.25246" lon="6.916">
        <ele>2045.1</ele>
      </trkpt>
      <trkpt lat="45.25248" lon="6.91593">
        <ele>2045.6</ele>
      </trkpt>
      <trkpt lat="45.252519" lon="6.91578">
        <ele>2046.7</ele>
      </trkpt>
      <trkpt lat="45.25255" lon="6.91569">
        <ele>2047.6</ele>
      </trkpt>
      <trkpt lat="45.25257" lon="6.91559">
        <ele>2047.9</ele>
      </trkpt>
      <trkpt lat="45.2526" lon="6.91545">
        <ele>2048.5</ele>
      </trkpt>
      <trkpt lat="45.25261" lon="6.9154">
        <ele>2048.6</ele>
      </trkpt>
      <trkpt lat="45.25265" lon="6.91519">
        <ele>2049.0</ele>
      </trkpt>
      <trkpt lat="45.25269" lon="6.91495">
        <ele>2049.2</ele>
      </trkpt>
      <trkpt lat="45.25269" lon="6.91493">
        <ele>2049.1</ele>
      </trkpt>
      <trkpt lat="45.252719" lon="6.9147">
        <ele>2049.3</ele>
      </trkpt>
      <trkpt lat="45.25273" lon="6.91464">
        <ele>2049.5</ele>
      </trkpt>
      <trkpt lat="45.25275" lon="6.91445">
        <ele>2049.5</ele>
      </trkpt>
      <trkpt lat="45.25276" lon="6.91436">
        <ele>2049.5</ele>
      </trkpt>
      <trkpt lat="45.25278" lon="6.91403">
        <ele>2049.2</ele>
      </trkpt>
      <trkpt lat="45.25279" lon="6.91382">
        <ele>2049.2</ele>
      </trkpt>
      <trkpt lat="45.2528" lon="6.91355">
        <ele>2049.2</ele>
      </trkpt>
      <trkpt lat="45.252809" lon="6.91343">
        <ele>2049.4</ele>
      </trkpt>
      <trkpt lat="45.252809" lon="6.91335">
        <ele>2049.3</ele>
      </trkpt>
      <trkpt lat="45.252809" lon="6.91318">
        <ele>2049.2</ele>
      </trkpt>
      <trkpt lat="45.252809" lon="6.91298">
        <ele>2049.1</ele>
      </trkpt>
      <trkpt lat="45.252809" lon="6.91292">
        <ele>2049.1</ele>
      </trkpt>
      <trkpt lat="45.25282" lon="6.91278">
        <ele>2049.5</ele>
      </trkpt>
      <trkpt lat="45.25283" lon="6.91267">
        <ele>2049.9</ele>
      </trkpt>
      <trkpt lat="45.25283" lon="6.91261">
        <ele>2049.9</ele>
      </trkpt>
      <trkpt lat="45.25285" lon="6.91246">
        <ele>2050.7</ele>
      </trkpt>
      <trkpt lat="45.25288" lon="6.91225">
        <ele>2051.4</ele>
      </trkpt>
      <trkpt lat="45.25293" lon="6.91204">
        <ele>2053.0</ele>
      </trkpt>
      <trkpt lat="45.25297" lon="6.91186">
        <ele>2054.2</ele>
      </trkpt>
      <trkpt lat="45.25301" lon="6.9117">
        <ele>2055.4</ele>
      </trkpt>
      <trkpt lat="45.25305" lon="6.91153">
        <ele>2056.3</ele>
      </trkpt>
      <trkpt lat="45.25307" lon="6.91144">
        <ele>2056.6</ele>
      </trkpt>
      <trkpt lat="45.2531" lon="6.91132">
        <ele>2057.2</ele>
      </trkpt>
      <trkpt lat="45.25311" lon="6.91119">
        <ele>2056.8</ele>
      </trkpt>
      <trkpt lat="45.25312" lon="6.91112">
        <ele>2056.8</ele>
      </trkpt>
      <trkpt lat="45.25313" lon="6.91096">
        <ele>2056.3</ele>
      </trkpt>
      <trkpt lat="45.25314" lon="6.9108">
        <ele>2056.0</ele>
      </trkpt>
      <trkpt lat="45.25313" lon="6.91061">
        <ele>2056.0</ele>
      </trkpt>
      <trkpt lat="45.25313" lon="6.91043">
        <ele>2056.4</ele>
      </trkpt>
      <trkpt lat="45.25313" lon="6.9104">
        <ele>2056.5</ele>
      </trkpt>
      <trkpt lat="45.25312" lon="6.9101">
        <ele>2056.8</ele>
      </trkpt>
      <trkpt lat="45.25311" lon="6.90979">
        <ele>2056.8</ele>
      </trkpt>
      <trkpt lat="45.2531" lon="6.90948">
        <ele>2056.7</ele>
      </trkpt>
      <trkpt lat="45.2531" lon="6.90924">
        <ele>2056.8</ele>
      </trkpt>
      <trkpt lat="45.2531" lon="6.90915">
        <ele>2056.8</ele>
      </trkpt>
      <trkpt lat="45.25309" lon="6.90893">
        <ele>2055.3</ele>
      </trkpt>
      <trkpt lat="45.25308" lon="6.90858">
        <ele>2053.2</ele>
      </trkpt>
      <trkpt lat="45.25308" lon="6.9085">
        <ele>2052.7</ele>
      </trkpt>
      <trkpt lat="45.25309" lon="6.90839">
        <ele>2052.5</ele>
      </trkpt>
      <trkpt lat="45.25311" lon="6.90826">
        <ele>2052.0</ele>
      </trkpt>
      <trkpt lat="45.25314" lon="6.90812">
        <ele>2051.2</ele>
      </trkpt>
      <trkpt lat="45.25315" lon="6.90804">
        <ele>2050.5</ele>
      </trkpt>
      <trkpt lat="45.25318" lon="6.90795">
        <ele>2050.4</ele>
      </trkpt>
      <trkpt lat="45.2532" lon="6.9079">
        <ele>2050.5</ele>
      </trkpt>
      <trkpt lat="45.25322" lon="6.90786">
        <ele>2050.7</ele>
      </trkpt>
      <trkpt lat="45.25325" lon="6.90778">
        <ele>2050.7</ele>
      </trkpt>
      <trkpt lat="45.2533" lon="6.90769">
        <ele>2051.3</ele>
      </trkpt>
      <trkpt lat="45.25331" lon="6.90768">
        <ele>2051.5</ele>
      </trkpt>
      <trkpt lat="45.25335" lon="6.90762">
        <ele>2051.9</ele>
      </trkpt>
      <trkpt lat="45.25343" lon="6.90751">
        <ele>2051.9</ele>
      </trkpt>
      <trkpt lat="45.25356" lon="6.90735">
        <ele>2051.9</ele>
      </trkpt>
      <trkpt lat="45.25356" lon="6.90734">
        <ele>2051.7</ele>
      </trkpt>
      <trkpt lat="45.2537" lon="6.90717">
        <ele>2052.0</ele>
      </trkpt>
      <trkpt lat="45.2538" lon="6.90705">
        <ele>2052.3</ele>
      </trkpt>
      <trkpt lat="45.253839" lon="6.90701">
        <ele>2052.5</ele>
      </trkpt>
      <trkpt lat="45.25386" lon="6.90698">
        <ele>2052.6</ele>
      </trkpt>
      <trkpt lat="45.25397" lon="6.90685">
        <ele>2053.1</ele>
      </trkpt>
      <trkpt lat="45.25408" lon="6.90672">
        <ele>2053.8</ele>
      </trkpt>
      <trkpt lat="45.25414" lon="6.90666">
        <ele>2054.4</ele>
      </trkpt>
      <trkpt lat="45.2542" lon="6.9066">
        <ele>2054.6</ele>
      </trkpt>
      <trkpt lat="45.25427" lon="6.90654">
        <ele>2054.6</ele>
      </trkpt>
      <trkpt lat="45.25433" lon="6.90648">
        <ele>2054.4</ele>
      </trkpt>
      <trkpt lat="45.25441" lon="6.90643">
        <ele>2054.5</ele>
      </trkpt>
      <trkpt lat="45.25447" lon="6.90638">
        <ele>2054.4</ele>
      </trkpt>
      <trkpt lat="45.25459" lon="6.90632">
        <ele>2054.6</ele>
      </trkpt>
      <trkpt lat="45.2552" lon="6.90607">
        <ele>2056.3</ele>
      </trkpt>
      <trkpt lat="45.25554" lon="6.90595">
        <ele>2057.0</ele>
      </trkpt>
      <trkpt lat="45.25569" lon="6.9059">
        <ele>2057.2</ele>
      </trkpt>
      <trkpt lat="45.25589" lon="6.90583">
        <ele>2057.5</ele>
      </trkpt>
      <trkpt lat="45.25624" lon="6.90571">
        <ele>2059.9</ele>
      </trkpt>
      <trkpt lat="45.25644" lon="6.90564">
        <ele>2061.4</ele>
      </trkpt>
      <trkpt lat="45.25685" lon="6.90548">
        <ele>2064.1</ele>
      </trkpt>
      <trkpt lat="45.2571" lon="6.90539">
        <ele>2065.4</ele>
      </trkpt>
      <trkpt lat="45.25724" lon="6.90534">
        <ele>2066.0</ele>
      </trkpt>
      <trkpt lat="45.25742" lon="6.90527">
        <ele>2066.6</ele>
      </trkpt>
      <trkpt lat="45.25762" lon="6.9052">
        <ele>2068.0</ele>
      </trkpt>
      <trkpt lat="45.25765" lon="6.90519">
        <ele>2068.3</ele>
      </trkpt>
      <trkpt lat="45.2577" lon="6.90517">
        <ele>2068.7</ele>
      </trkpt>
      <trkpt lat="45.25779" lon="6.90513">
        <ele>2069.4</ele>
      </trkpt>
      <trkpt lat="45.25782" lon="6.9051">
        <ele>2069.4</ele>
      </trkpt>
      <trkpt lat="45.25788" lon="6.90506">
        <ele>2069.7</ele>
      </trkpt>
      <trkpt lat="45.25796" lon="6.90498">
        <ele>2070.0</ele>
      </trkpt>
      <trkpt lat="45.25797" lon="6.90496">
        <ele>2070.1</ele>
      </trkpt>
      <trkpt lat="45.25803" lon="6.90489">
        <ele>2070.6</ele>
      </trkpt>
      <trkpt lat="45.258069" lon="6.90484">
        <ele>2070.9</ele>
      </trkpt>
      <trkpt lat="45.2581" lon="6.90478">
        <ele>2071.0</ele>
      </trkpt>
      <trkpt lat="45.25817" lon="6.90467">
        <ele>2071.4</ele>
      </trkpt>
      <trkpt lat="45.25821" lon="6.90458">
        <ele>2071.5</ele>
      </trkpt>
      <trkpt lat="45.25828" lon="6.90442">
        <ele>2071.6</ele>
      </trkpt>
      <trkpt lat="45.2584" lon="6.90418">
        <ele>2072.3</ele>
      </trkpt>
      <trkpt lat="45.25851" lon="6.90396">
        <ele>2073.8</ele>
      </trkpt>
      <trkpt lat="45.25857" lon="6.90382">
        <ele>2074.5</ele>
      </trkpt>
      <trkpt lat="45.25862" lon="6.90368">
        <ele>2075.2</ele>
      </trkpt>
      <trkpt lat="45.25867" lon="6.90357">
        <ele>2075.9</ele>
      </trkpt>
      <trkpt lat="45.25869" lon="6.9035">
        <ele>2076.1</ele>
      </trkpt>
      <trkpt lat="45.25871" lon="6.90343">
        <ele>2076.4</ele>
      </trkpt>
      <trkpt lat="45.25875" lon="6.90331">
        <ele>2077.0</ele>
      </trkpt>
      <trkpt lat="45.25879" lon="6.90317">
        <ele>2077.7</ele>
      </trkpt>
      <trkpt lat="45.25882" lon="6.90304">
        <ele>2078.2</ele>
      </trkpt>
      <trkpt lat="45.25885" lon="6.90291">
        <ele>2078.7</ele>
      </trkpt>
      <trkpt lat="45.25887" lon="6.90281">
        <ele>2079.0</ele>
      </trkpt>
      <trkpt lat="45.25888" lon="6.90279">
        <ele>2079.2</ele>
      </trkpt>
      <trkpt lat="45.2589" lon="6.9027">
        <ele>2079.4</ele>
      </trkpt>
      <trkpt lat="45.25894" lon="6.90255">
        <ele>2080.0</ele>
      </trkpt>
      <trkpt lat="45.25897" lon="6.90244">
        <ele>2080.4</ele>
      </trkpt>
      <trkpt lat="45.25903" lon="6.90229">
        <ele>2081.1</ele>
      </trkpt>
      <trkpt lat="45.25911" lon="6.90209">
        <ele>2082.1</ele>
      </trkpt>
      <trkpt lat="45.25924" lon="6.90185">
        <ele>2083.3</ele>
      </trkpt>
      <trkpt lat="45.2593" lon="6.90175">
        <ele>2083.7</ele>
      </trkpt>
      <trkpt lat="45.25936" lon="6.90166">
        <ele>2084.1</ele>
      </trkpt>
      <trkpt lat="45.25947" lon="6.90146">
        <ele>2085.3</ele>
      </trkpt>
      <trkpt lat="45.25953" lon="6.90135">
        <ele>2085.7</ele>
      </trkpt>
      <trkpt lat="45.25958" lon="6.90126">
        <ele>2086.0</ele>
      </trkpt>
      <trkpt lat="45.25972" lon="6.90104">
        <ele>2086.2</ele>
      </trkpt>
      <trkpt lat="45.25982" lon="6.90087">
        <ele>2085.9</ele>
      </trkpt>
      <trkpt lat="45.2599" lon="6.90075">
        <ele>2086.5</ele>
      </trkpt>
      <trkpt lat="45.25994" lon="6.90068">
        <ele>2086.9</ele>
      </trkpt>
      <trkpt lat="45.26001" lon="6.90057">
        <ele>2087.5</ele>
      </trkpt>
      <trkpt lat="45.26019" lon="6.90031">
        <ele>2087.6</ele>
      </trkpt>
      <trkpt lat="45.26028" lon="6.90021">
        <ele>2087.1</ele>
      </trkpt>
      <trkpt lat="45.26037" lon="6.90013">
        <ele>2086.2</ele>
      </trkpt>
      <trkpt lat="45.26044" lon="6.90008">
        <ele>2085.3</ele>
      </trkpt>
      <trkpt lat="45.26052" lon="6.90003">
        <ele>2084.2</ele>
      </trkpt>
      <trkpt lat="45.26059" lon="6.9">
        <ele>2083.2</ele>
      </trkpt>
      <trkpt lat="45.26066" lon="6.89996">
        <ele>2082.7</ele>
      </trkpt>
      <trkpt lat="45.26071" lon="6.89995">
        <ele>2082.1</ele>
      </trkpt>
      <trkpt lat="45.26076" lon="6.89994">
        <ele>2081.5</ele>
      </trkpt>
      <trkpt lat="45.26089" lon="6.8999">
        <ele>2080.1</ele>
      </trkpt>
      <trkpt lat="45.2611" lon="6.89984">
        <ele>2077.7</ele>
      </trkpt>
      <trkpt lat="45.26124" lon="6.89979">
        <ele>2076.0</ele>
      </trkpt>
      <trkpt lat="45.26139" lon="6.89976">
        <ele>2074.0</ele>
      </trkpt>
      <trkpt lat="45.26146" lon="6.89974">
        <ele>2073.0</ele>
      </trkpt>
      <trkpt lat="45.26156" lon="6.89972">
        <ele>2071.6</ele>
      </trkpt>
      <trkpt lat="45.26159" lon="6.89972">
        <ele>2071.1</ele>
      </trkpt>
      <trkpt lat="45.26166" lon="6.89972">
        <ele>2070.1</ele>
      </trkpt>
      <trkpt lat="45.261719" lon="6.89974">
        <ele>2068.9</ele>
      </trkpt>
      <trkpt lat="45.26175" lon="6.89976">
        <ele>2068.3</ele>
      </trkpt>
      <trkpt lat="45.26178" lon="6.89978">
        <ele>2067.7</ele>
      </trkpt>
      <trkpt lat="45.2618" lon="6.89982">
        <ele>2067.3</ele>
      </trkpt>
      <trkpt lat="45.26182" lon="6.89985">
        <ele>2067.0</ele>
      </trkpt>
      <trkpt lat="45.26184" lon="6.89989">
        <ele>2066.6</ele>
      </trkpt>
      <trkpt lat="45.26186" lon="6.89993">
        <ele>2066.2</ele>
      </trkpt>
      <trkpt lat="45.26187" lon="6.89997">
        <ele>2066.1</ele>
      </trkpt>
      <trkpt lat="45.26188" lon="6.90002">
        <ele>2065.9</ele>
      </trkpt>
      <trkpt lat="45.26189" lon="6.90008">
        <ele>2065.8</ele>
      </trkpt>
      <trkpt lat="45.26189" lon="6.90013">
        <ele>2065.9</ele>
      </trkpt>
      <trkpt lat="45.2619" lon="6.90022">
        <ele>2065.9</ele>
      </trkpt>
      <trkpt lat="45.26189" lon="6.90032">
        <ele>2066.2</ele>
      </trkpt>
      <trkpt lat="45.26189" lon="6.90042">
        <ele>2066.4</ele>
      </trkpt>
      <trkpt lat="45.26188" lon="6.90047">
        <ele>2066.6</ele>
      </trkpt>
      <trkpt lat="45.26187" lon="6.90052">
        <ele>2066.9</ele>
      </trkpt>
      <trkpt lat="45.26186" lon="6.90062">
        <ele>2067.2</ele>
      </trkpt>
      <trkpt lat="45.26186" lon="6.90072">
        <ele>2067.3</ele>
      </trkpt>
      <trkpt lat="45.26186" lon="6.90082">
        <ele>2067.4</ele>
      </trkpt>
      <trkpt lat="45.26187" lon="6.90088">
        <ele>2067.5</ele>
      </trkpt>
      <trkpt lat="45.26188" lon="6.90093">
        <ele>2067.5</ele>
      </trkpt>
      <trkpt lat="45.2619" lon="6.90098">
        <ele>2067.5</ele>
      </trkpt>
      <trkpt lat="45.26192" lon="6.90103">
        <ele>2067.4</ele>
      </trkpt>
      <trkpt lat="45.26196" lon="6.9011">
        <ele>2067.2</ele>
      </trkpt>
      <trkpt lat="45.262" lon="6.90119">
        <ele>2067.1</ele>
      </trkpt>
      <trkpt lat="45.26205" lon="6.90128">
        <ele>2067.0</ele>
      </trkpt>
      <trkpt lat="45.26212" lon="6.90138">
        <ele>2066.8</ele>
      </trkpt>
      <trkpt lat="45.26215" lon="6.90141">
        <ele>2066.6</ele>
      </trkpt>
      <trkpt lat="45.2622" lon="6.90147">
        <ele>2066.4</ele>
      </trkpt>
      <trkpt lat="45.26223" lon="6.90149">
        <ele>2066.3</ele>
      </trkpt>
      <trkpt lat="45.26227" lon="6.90152">
        <ele>2066.1</ele>
      </trkpt>
      <trkpt lat="45.2623" lon="6.90153">
        <ele>2065.9</ele>
      </trkpt>
      <trkpt lat="45.26233" lon="6.90155">
        <ele>2065.7</ele>
      </trkpt>
      <trkpt lat="45.26237" lon="6.90156">
        <ele>2065.4</ele>
      </trkpt>
      <trkpt lat="45.2624" lon="6.90156">
        <ele>2065.1</ele>
      </trkpt>
      <trkpt lat="45.26241" lon="6.90156">
        <ele>2065.0</ele>
      </trkpt>
      <trkpt lat="45.26247" lon="6.90156">
        <ele>2064.5</ele>
      </trkpt>
      <trkpt lat="45.26254" lon="6.90155">
        <ele>2064.1</ele>
      </trkpt>
      <trkpt lat="45.26259" lon="6.90154">
        <ele>2064.0</ele>
      </trkpt>
      <trkpt lat="45.26261" lon="6.90154">
        <ele>2064.0</ele>
      </trkpt>
      <trkpt lat="45.26274" lon="6.90147">
        <ele>2063.3</ele>
      </trkpt>
      <trkpt lat="45.26291" lon="6.90137">
        <ele>2062.2</ele>
      </trkpt>
      <trkpt lat="45.26306" lon="6.90126">
        <ele>2060.8</ele>
      </trkpt>
      <trkpt lat="45.26327" lon="6.9011">
        <ele>2058.4</ele>
      </trkpt>
      <trkpt lat="45.26329" lon="6.90108">
        <ele>2058.1</ele>
      </trkpt>
      <trkpt lat="45.26352" lon="6.90093">
        <ele>2055.7</ele>
      </trkpt>
      <trkpt lat="45.2638" lon="6.90072">
        <ele>2052.6</ele>
      </trkpt>
      <trkpt lat="45.2641" lon="6.90051">
        <ele>2050.0</ele>
      </trkpt>
      <trkpt lat="45.26434" lon="6.90034">
        <ele>2048.5</ele>
      </trkpt>
      <trkpt lat="45.26442" lon="6.90028">
        <ele>2048.0</ele>
      </trkpt>
      <trkpt lat="45.26449" lon="6.90023">
        <ele>2047.6</ele>
      </trkpt>
      <trkpt lat="45.26461" lon="6.90013">
        <ele>2046.7</ele>
      </trkpt>
      <trkpt lat="45.2647" lon="6.90005">
        <ele>2045.8</ele>
      </trkpt>
      <trkpt lat="45.26473" lon="6.90002">
        <ele>2045.5</ele>
      </trkpt>
      <trkpt lat="45.26478" lon="6.89996">
        <ele>2044.9</ele>
      </trkpt>
      <trkpt lat="45.26484" lon="6.89988">
        <ele>2044.2</ele>
      </trkpt>
      <trkpt lat="45.2649" lon="6.89979">
        <ele>2043.3</ele>
      </trkpt>
      <trkpt lat="45.26506" lon="6.89953">
        <ele>2040.5</ele>
      </trkpt>
      <trkpt lat="45.265099" lon="6.89947">
        <ele>2039.9</ele>
      </trkpt>
      <trkpt lat="45.26517" lon="6.89935">
        <ele>2038.7</ele>
      </trkpt>
      <trkpt lat="45.26528" lon="6.89917">
        <ele>2037.0</ele>
      </trkpt>
      <trkpt lat="45.26533" lon="6.89909">
        <ele>2036.3</ele>
      </trkpt>
      <trkpt lat="45.26538" lon="6.89899">
        <ele>2035.4</ele>
      </trkpt>
      <trkpt lat="45.26544" lon="6.89891">
        <ele>2034.5</ele>
      </trkpt>
      <trkpt lat="45.26547" lon="6.89886">
        <ele>2033.9</ele>
      </trkpt>
      <trkpt lat="45.2655" lon="6.89882">
        <ele>2033.3</ele>
      </trkpt>
      <trkpt lat="45.26554" lon="6.89877">
        <ele>2032.6</ele>
      </trkpt>
      <trkpt lat="45.26559" lon="6.89872">
        <ele>2031.8</ele>
      </trkpt>
      <trkpt lat="45.26564" lon="6.89867">
        <ele>2031.0</ele>
      </trkpt>
      <trkpt lat="45.26569" lon="6.89864">
        <ele>2030.3</ele>
      </trkpt>
      <trkpt lat="45.26577" lon="6.89861">
        <ele>2029.4</ele>
      </trkpt>
      <trkpt lat="45.26589" lon="6.89859">
        <ele>2028.6</ele>
      </trkpt>
      <trkpt lat="45.26599" lon="6.89859">
        <ele>2028.3</ele>
      </trkpt>
      <trkpt lat="45.26609" lon="6.8986">
        <ele>2028.2</ele>
      </trkpt>
      <trkpt lat="45.26624" lon="6.8986">
        <ele>2027.9</ele>
      </trkpt>
      <trkpt lat="45.26634" lon="6.8986">
        <ele>2027.6</ele>
      </trkpt>
      <trkpt lat="45.266419" lon="6.89859">
        <ele>2027.3</ele>
      </trkpt>
      <trkpt lat="45.2665" lon="6.89858">
        <ele>2027.0</ele>
      </trkpt>
      <trkpt lat="45.26658" lon="6.89855">
        <ele>2026.3</ele>
      </trkpt>
      <trkpt lat="45.26666" lon="6.89851">
        <ele>2025.6</ele>
      </trkpt>
      <trkpt lat="45.26673" lon="6.89847">
        <ele>2025.2</ele>
      </trkpt>
      <trkpt lat="45.2668" lon="6.89842">
        <ele>2024.8</ele>
      </trkpt>
      <trkpt lat="45.26688" lon="6.89836">
        <ele>2024.4</ele>
      </trkpt>
      <trkpt lat="45.26694" lon="6.8983">
        <ele>2024.1</ele>
      </trkpt>
      <trkpt lat="45.26697" lon="6.89826">
        <ele>2023.9</ele>
      </trkpt>
      <trkpt lat="45.26701" lon="6.89823">
        <ele>2023.8</ele>
      </trkpt>
      <trkpt lat="45.26706" lon="6.89817">
        <ele>2023.5</ele>
      </trkpt>
      <trkpt lat="45.26711" lon="6.8981">
        <ele>2023.1</ele>
      </trkpt>
      <trkpt lat="45.26712" lon="6.89808">
        <ele>2023.0</ele>
      </trkpt>
      <trkpt lat="45.26725" lon="6.89793">
        <ele>2022.0</ele>
      </trkpt>
      <trkpt lat="45.267359" lon="6.89778">
        <ele>2020.8</ele>
      </trkpt>
      <trkpt lat="45.26738" lon="6.89776">
        <ele>2020.6</ele>
      </trkpt>
      <trkpt lat="45.26742" lon="6.8977">
        <ele>2020.1</ele>
      </trkpt>
      <trkpt lat="45.26748" lon="6.89762">
        <ele>2019.3</ele>
      </trkpt>
      <trkpt lat="45.26751" lon="6.89759">
        <ele>2019.0</ele>
      </trkpt>
      <trkpt lat="45.26753" lon="6.89756">
        <ele>2018.6</ele>
      </trkpt>
      <trkpt lat="45.2676" lon="6.89749">
        <ele>2017.7</ele>
      </trkpt>
      <trkpt lat="45.26766" lon="6.89742">
        <ele>2016.7</ele>
      </trkpt>
      <trkpt lat="45.26773" lon="6.89736">
        <ele>2015.7</ele>
      </trkpt>
      <trkpt lat="45.2678" lon="6.89731">
        <ele>2014.7</ele>
      </trkpt>
      <trkpt lat="45.26787" lon="6.89727">
        <ele>2013.8</ele>
      </trkpt>
      <trkpt lat="45.26795" lon="6.89724">
        <ele>2012.9</ele>
      </trkpt>
      <trkpt lat="45.26802" lon="6.89722">
        <ele>2012.2</ele>
      </trkpt>
      <trkpt lat="45.26816" lon="6.89719">
        <ele>2010.8</ele>
      </trkpt>
      <trkpt lat="45.26834" lon="6.89715">
        <ele>2008.8</ele>
      </trkpt>
      <trkpt lat="45.26851" lon="6.89712">
        <ele>2006.2</ele>
      </trkpt>
      <trkpt lat="45.26865" lon="6.8971">
        <ele>2004.2</ele>
      </trkpt>
      <trkpt lat="45.26875" lon="6.89708">
        <ele>2002.7</ele>
      </trkpt>
      <trkpt lat="45.26888" lon="6.89706">
        <ele>2000.8</ele>
      </trkpt>
      <trkpt lat="45.26903" lon="6.89706">
        <ele>1999.1</ele>
      </trkpt>
      <trkpt lat="45.26905" lon="6.89706">
        <ele>1998.8</ele>
      </trkpt>
      <trkpt lat="45.26911" lon="6.89707">
        <ele>1998.4</ele>
      </trkpt>
      <trkpt lat="45.26918" lon="6.89708">
        <ele>1997.7</ele>
      </trkpt>
      <trkpt lat="45.26926" lon="6.8971">
        <ele>1996.7</ele>
      </trkpt>
      <trkpt lat="45.26934" lon="6.89713">
        <ele>1996.0</ele>
      </trkpt>
      <trkpt lat="45.2694" lon="6.89716">
        <ele>1995.5</ele>
      </trkpt>
      <trkpt lat="45.26953" lon="6.89722">
        <ele>1994.4</ele>
      </trkpt>
      <trkpt lat="45.26957" lon="6.89724">
        <ele>1994.1</ele>
      </trkpt>
      <trkpt lat="45.26961" lon="6.89727">
        <ele>1994.0</ele>
      </trkpt>
      <trkpt lat="45.26968" lon="6.89731">
        <ele>1993.5</ele>
      </trkpt>
      <trkpt lat="45.26973" lon="6.89735">
        <ele>1993.3</ele>
      </trkpt>
      <trkpt lat="45.26974" lon="6.89736">
        <ele>1993.3</ele>
      </trkpt>
      <trkpt lat="45.26981" lon="6.89741">
        <ele>1993.0</ele>
      </trkpt>
      <trkpt lat="45.26987" lon="6.89745">
        <ele>1992.6</ele>
      </trkpt>
      <trkpt lat="45.269979" lon="6.89754">
        <ele>1992.1</ele>
      </trkpt>
      <trkpt lat="45.27003" lon="6.89759">
        <ele>1991.5</ele>
      </trkpt>
      <trkpt lat="45.27008" lon="6.89763">
        <ele>1990.4</ele>
      </trkpt>
      <trkpt lat="45.27013" lon="6.89768">
        <ele>1989.4</ele>
      </trkpt>
      <trkpt lat="45.27018" lon="6.89774">
        <ele>1988.6</ele>
      </trkpt>
      <trkpt lat="45.27019" lon="6.89775">
        <ele>1988.4</ele>
      </trkpt>
      <trkpt lat="45.27023" lon="6.8978">
        <ele>1987.7</ele>
      </trkpt>
      <trkpt lat="45.270269" lon="6.89786">
        <ele>1987.2</ele>
      </trkpt>
      <trkpt lat="45.2703" lon="6.89793">
        <ele>1987.2</ele>
      </trkpt>
      <trkpt lat="45.27031" lon="6.89795">
        <ele>1987.2</ele>
      </trkpt>
      <trkpt lat="45.27034" lon="6.89801">
        <ele>1987.0</ele>
      </trkpt>
      <trkpt lat="45.27037" lon="6.8981">
        <ele>1987.2</ele>
      </trkpt>
      <trkpt lat="45.27039" lon="6.89817">
        <ele>1987.6</ele>
      </trkpt>
      <trkpt lat="45.27041" lon="6.89825">
        <ele>1988.0</ele>
      </trkpt>
      <trkpt lat="45.27046" lon="6.89842">
        <ele>1988.2</ele>
      </trkpt>
      <trkpt lat="45.27051" lon="6.89858">
        <ele>1988.0</ele>
      </trkpt>
      <trkpt lat="45.27053" lon="6.89864">
        <ele>1987.8</ele>
      </trkpt>
      <trkpt lat="45.27055" lon="6.89872">
        <ele>1987.9</ele>
      </trkpt>
      <trkpt lat="45.27059" lon="6.89883">
        <ele>1987.5</ele>
      </trkpt>
      <trkpt lat="45.27062" lon="6.89895">
        <ele>1987.7</ele>
      </trkpt>
      <trkpt lat="45.27066" lon="6.89906">
        <ele>1987.3</ele>
      </trkpt>
      <trkpt lat="45.27069" lon="6.89912">
        <ele>1986.8</ele>
      </trkpt>
      <trkpt lat="45.27072" lon="6.89918">
        <ele>1986.4</ele>
      </trkpt>
      <trkpt lat="45.27074" lon="6.8992">
        <ele>1986.0</ele>
      </trkpt>
      <trkpt lat="45.27076" lon="6.89922">
        <ele>1985.6</ele>
      </trkpt>
      <trkpt lat="45.27078" lon="6.89924">
        <ele>1985.2</ele>
      </trkpt>
      <trkpt lat="45.27081" lon="6.89928">
        <ele>1984.7</ele>
      </trkpt>
      <trkpt lat="45.27086" lon="6.8993">
        <ele>1983.5</ele>
      </trkpt>
      <trkpt lat="45.27091" lon="6.89932">
        <ele>1982.6</ele>
      </trkpt>
      <trkpt lat="45.27097" lon="6.89932">
        <ele>1981.0</ele>
      </trkpt>
      <trkpt lat="45.27104" lon="6.89932">
        <ele>1979.2</ele>
      </trkpt>
      <trkpt lat="45.271099" lon="6.89932">
        <ele>1977.6</ele>
      </trkpt>
      <trkpt lat="45.27114" lon="6.89932">
        <ele>1976.6</ele>
      </trkpt>
      <trkpt lat="45.27117" lon="6.89933">
        <ele>1975.9</ele>
      </trkpt>
      <trkpt lat="45.27123" lon="6.89934">
        <ele>1974.5</ele>
      </trkpt>
      <trkpt lat="45.27127" lon="6.89936">
        <ele>1973.8</ele>
      </trkpt>
      <trkpt lat="45.271299" lon="6.89938">
        <ele>1973.3</ele>
      </trkpt>
      <trkpt lat="45.27133" lon="6.8994">
        <ele>1972.7</ele>
      </trkpt>
      <trkpt lat="45.27136" lon="6.89943">
        <ele>1972.4</ele>
      </trkpt>
      <trkpt lat="45.271389" lon="6.89946">
        <ele>1972.0</ele>
      </trkpt>
      <trkpt lat="45.2714" lon="6.89947">
        <ele>1971.8</ele>
      </trkpt>
      <trkpt lat="45.27142" lon="6.8995">
        <ele>1971.7</ele>
      </trkpt>
      <trkpt lat="45.27144" lon="6.89953">
        <ele>1971.5</ele>
      </trkpt>
      <trkpt lat="45.27147" lon="6.89958">
        <ele>1971.4</ele>
      </trkpt>
      <trkpt lat="45.27152" lon="6.89966">
        <ele>1971.0</ele>
      </trkpt>
      <trkpt lat="45.27156" lon="6.89975">
        <ele>1971.0</ele>
      </trkpt>
      <trkpt lat="45.27164" lon="6.89993">
        <ele>1970.9</ele>
      </trkpt>
      <trkpt lat="45.27173" lon="6.90013">
        <ele>1969.3</ele>
      </trkpt>
      <trkpt lat="45.2718" lon="6.90034">
        <ele>1968.0</ele>
      </trkpt>
      <trkpt lat="45.27184" lon="6.90053">
        <ele>1967.9</ele>
      </trkpt>
      <trkpt lat="45.27185" lon="6.90056">
        <ele>1967.7</ele>
      </trkpt>
      <trkpt lat="45.27187" lon="6.90067">
        <ele>1967.8</ele>
      </trkpt>
      <trkpt lat="45.2719" lon="6.90081">
        <ele>1967.7</ele>
      </trkpt>
      <trkpt lat="45.27191" lon="6.9009">
        <ele>1968.3</ele>
      </trkpt>
      <trkpt lat="45.27194" lon="6.90105">
        <ele>1968.5</ele>
      </trkpt>
      <trkpt lat="45.271949" lon="6.90111">
        <ele>1968.7</ele>
      </trkpt>
      <trkpt lat="45.27197" lon="6.90123">
        <ele>1969.1</ele>
      </trkpt>
      <trkpt lat="45.272" lon="6.90134">
        <ele>1968.8</ele>
      </trkpt>
      <trkpt lat="45.27202" lon="6.90145">
        <ele>1969.0</ele>
      </trkpt>
      <trkpt lat="45.27205" lon="6.90155">
        <ele>1968.5</ele>
      </trkpt>
      <trkpt lat="45.27214" lon="6.90183">
        <ele>1966.5</ele>
      </trkpt>
      <trkpt lat="45.27223" lon="6.90206">
        <ele>1963.7</ele>
      </trkpt>
      <trkpt lat="45.27247" lon="6.90265">
        <ele>1955.7</ele>
      </trkpt>
      <trkpt lat="45.27255" lon="6.90283">
        <ele>1954.8</ele>
      </trkpt>
      <trkpt lat="45.27258" lon="6.90288">
        <ele>1954.5</ele>
      </trkpt>
      <trkpt lat="45.2726" lon="6.90292">
        <ele>1954.4</ele>
      </trkpt>
      <trkpt lat="45.27268" lon="6.90304">
        <ele>1953.3</ele>
      </trkpt>
      <trkpt lat="45.27276" lon="6.90314">
        <ele>1951.8</ele>
      </trkpt>
      <trkpt lat="45.27284" lon="6.90323">
        <ele>1950.1</ele>
      </trkpt>
      <trkpt lat="45.27292" lon="6.90332">
        <ele>1948.3</ele>
      </trkpt>
      <trkpt lat="45.27297" lon="6.9034">
        <ele>1947.3</ele>
      </trkpt>
      <trkpt lat="45.27299" lon="6.90343">
        <ele>1946.8</ele>
      </trkpt>
      <trkpt lat="45.27303" lon="6.9035">
        <ele>1946.0</ele>
      </trkpt>
      <trkpt lat="45.27306" lon="6.90358">
        <ele>1945.6</ele>
      </trkpt>
      <trkpt lat="45.2731" lon="6.9037">
        <ele>1945.0</ele>
      </trkpt>
      <trkpt lat="45.27313" lon="6.90382">
        <ele>1944.7</ele>
      </trkpt>
      <trkpt lat="45.27332" lon="6.90467">
        <ele>1942.2</ele>
      </trkpt>
      <trkpt lat="45.27342" lon="6.90506">
        <ele>1941.9</ele>
      </trkpt>
      <trkpt lat="45.27347" lon="6.90531">
        <ele>1942.1</ele>
      </trkpt>
      <trkpt lat="45.2735" lon="6.90543">
        <ele>1941.9</ele>
      </trkpt>
      <trkpt lat="45.273539" lon="6.90563">
        <ele>1941.8</ele>
      </trkpt>
      <trkpt lat="45.27357" lon="6.90574">
        <ele>1941.4</ele>
      </trkpt>
      <trkpt lat="45.27361" lon="6.90587">
        <ele>1940.7</ele>
      </trkpt>
      <trkpt lat="45.27363" lon="6.90595">
        <ele>1940.5</ele>
      </trkpt>
      <trkpt lat="45.27365" lon="6.90606">
        <ele>1940.5</ele>
      </trkpt>
      <trkpt lat="45.27367" lon="6.90617">
        <ele>1940.6</ele>
      </trkpt>
      <trkpt lat="45.2737" lon="6.90627">
        <ele>1940.1</ele>
      </trkpt>
      <trkpt lat="45.27373" lon="6.90637">
        <ele>1939.7</ele>
      </trkpt>
      <trkpt lat="45.27377" lon="6.90647">
        <ele>1938.8</ele>
      </trkpt>
      <trkpt lat="45.27381" lon="6.90656">
        <ele>1937.8</ele>
      </trkpt>
      <trkpt lat="45.27386" lon="6.90665">
        <ele>1936.4</ele>
      </trkpt>
      <trkpt lat="45.27393" lon="6.90677">
        <ele>1934.5</ele>
      </trkpt>
      <trkpt lat="45.27402" lon="6.90692">
        <ele>1932.1</ele>
      </trkpt>
      <trkpt lat="45.27418" lon="6.90718">
        <ele>1927.9</ele>
      </trkpt>
      <trkpt lat="45.27426" lon="6.90733">
        <ele>1926.4</ele>
      </trkpt>
      <trkpt lat="45.274299" lon="6.90742">
        <ele>1925.7</ele>
      </trkpt>
      <trkpt lat="45.27435" lon="6.90752">
        <ele>1924.8</ele>
      </trkpt>
      <trkpt lat="45.27438" lon="6.9076">
        <ele>1924.2</ele>
      </trkpt>
      <trkpt lat="45.27442" lon="6.9077">
        <ele>1923.5</ele>
      </trkpt>
      <trkpt lat="45.27445" lon="6.9078">
        <ele>1923.1</ele>
      </trkpt>
      <trkpt lat="45.274479" lon="6.9079">
        <ele>1922.6</ele>
      </trkpt>
      <trkpt lat="45.2745" lon="6.908">
        <ele>1922.5</ele>
      </trkpt>
      <trkpt lat="45.27461" lon="6.9084">
        <ele>1920.9</ele>
      </trkpt>
      <trkpt lat="45.27466" lon="6.90856">
        <ele>1920.1</ele>
      </trkpt>
      <trkpt lat="45.27466" lon="6.90859">
        <ele>1920.2</ele>
      </trkpt>
      <trkpt lat="45.27473" lon="6.9088">
        <ele>1919.0</ele>
      </trkpt>
      <trkpt lat="45.2748" lon="6.90896">
        <ele>1917.6</ele>
      </trkpt>
      <trkpt lat="45.27481" lon="6.90899">
        <ele>1917.4</ele>
      </trkpt>
      <trkpt lat="45.27484" lon="6.90905">
        <ele>1916.8</ele>
      </trkpt>
      <trkpt lat="45.27489" lon="6.90913">
        <ele>1915.6</ele>
      </trkpt>
      <trkpt lat="45.27494" lon="6.90919">
        <ele>1914.3</ele>
      </trkpt>
      <trkpt lat="45.27499" lon="6.90926">
        <ele>1913.1</ele>
      </trkpt>
      <trkpt lat="45.27506" lon="6.90932">
        <ele>1911.6</ele>
      </trkpt>
      <trkpt lat="45.27511" lon="6.90937">
        <ele>1910.5</ele>
      </trkpt>
      <trkpt lat="45.27522" lon="6.90947">
        <ele>1908.2</ele>
      </trkpt>
      <trkpt lat="45.27523" lon="6.90948">
        <ele>1908.0</ele>
      </trkpt>
      <trkpt lat="45.27529" lon="6.90954">
        <ele>1906.8</ele>
      </trkpt>
      <trkpt lat="45.27535" lon="6.90959">
        <ele>1905.5</ele>
      </trkpt>
      <trkpt lat="45.2754" lon="6.90964">
        <ele>1904.5</ele>
      </trkpt>
      <trkpt lat="45.27546" lon="6.90971">
        <ele>1903.3</ele>
      </trkpt>
      <trkpt lat="45.27551" lon="6.90978">
        <ele>1902.5</ele>
      </trkpt>
      <trkpt lat="45.27555" lon="6.90986">
        <ele>1902.0</ele>
      </trkpt>
      <trkpt lat="45.2756" lon="6.90999">
        <ele>1901.6</ele>
      </trkpt>
      <trkpt lat="45.27565" lon="6.9101">
        <ele>1902.0</ele>
      </trkpt>
      <trkpt lat="45.27568" lon="6.9102">
        <ele>1902.9</ele>
      </trkpt>
      <trkpt lat="45.27569" lon="6.91022">
        <ele>1903.0</ele>
      </trkpt>
      <trkpt lat="45.27572" lon="6.91028">
        <ele>1903.2</ele>
      </trkpt>
      <trkpt lat="45.27576" lon="6.91036">
        <ele>1903.5</ele>
      </trkpt>
      <trkpt lat="45.27581" lon="6.91042">
        <ele>1903.2</ele>
      </trkpt>
      <trkpt lat="45.27587" lon="6.91048">
        <ele>1902.4</ele>
      </trkpt>
      <trkpt lat="45.27595" lon="6.91056">
        <ele>1901.4</ele>
      </trkpt>
      <trkpt lat="45.27605" lon="6.91065">
        <ele>1899.9</ele>
      </trkpt>
      <trkpt lat="45.27634" lon="6.91091">
        <ele>1896.1</ele>
      </trkpt>
      <trkpt lat="45.27641" lon="6.91097">
        <ele>1895.0</ele>
      </trkpt>
      <trkpt lat="45.27656" lon="6.91112">
        <ele>1892.8</ele>
      </trkpt>
      <trkpt lat="45.27661" lon="6.91119">
        <ele>1892.4</ele>
      </trkpt>
      <trkpt lat="45.27666" lon="6.91127">
        <ele>1892.0</ele>
      </trkpt>
      <trkpt lat="45.27668" lon="6.9113">
        <ele>1891.7</ele>
      </trkpt>
      <trkpt lat="45.2767" lon="6.91135">
        <ele>1891.7</ele>
      </trkpt>
      <trkpt lat="45.276739" lon="6.91143">
        <ele>1891.3</ele>
      </trkpt>
      <trkpt lat="45.27677" lon="6.91151">
        <ele>1891.3</ele>
      </trkpt>
      <trkpt lat="45.27679" lon="6.91157">
        <ele>1891.4</ele>
      </trkpt>
      <trkpt lat="45.27682" lon="6.91168">
        <ele>1891.5</ele>
      </trkpt>
      <trkpt lat="45.276829" lon="6.91176">
        <ele>1890.5</ele>
      </trkpt>
      <trkpt lat="45.276829" lon="6.91177">
        <ele>1890.5</ele>
      </trkpt>
      <trkpt lat="45.27684" lon="6.91186">
        <ele>1889.5</ele>
      </trkpt>
      <trkpt lat="45.276829" lon="6.91196">
        <ele>1889.2</ele>
      </trkpt>
      <trkpt lat="45.276829" lon="6.91201">
        <ele>1888.9</ele>
      </trkpt>
      <trkpt lat="45.276829" lon="6.91204">
        <ele>1888.7</ele>
      </trkpt>
      <trkpt lat="45.27681" lon="6.91221">
        <ele>1888.3</ele>
      </trkpt>
      <trkpt lat="45.2768" lon="6.91236">
        <ele>1887.6</ele>
      </trkpt>
      <trkpt lat="45.27679" lon="6.91251">
        <ele>1886.9</ele>
      </trkpt>
      <trkpt lat="45.27678" lon="6.91258">
        <ele>1886.4</ele>
      </trkpt>
      <trkpt lat="45.27678" lon="6.91262">
        <ele>1886.0</ele>
      </trkpt>
      <trkpt lat="45.27678" lon="6.91265">
        <ele>1885.6</ele>
      </trkpt>
      <trkpt lat="45.27678" lon="6.91268">
        <ele>1885.3</ele>
      </trkpt>
      <trkpt lat="45.27678" lon="6.91271">
        <ele>1885.0</ele>
      </trkpt>
      <trkpt lat="45.27679" lon="6.91273">
        <ele>1884.4</ele>
      </trkpt>
      <trkpt lat="45.2768" lon="6.91277">
        <ele>1883.6</ele>
      </trkpt>
      <trkpt lat="45.27684" lon="6.91281">
        <ele>1881.8</ele>
      </trkpt>
      <trkpt lat="45.27685" lon="6.91282">
        <ele>1881.3</ele>
      </trkpt>
      <trkpt lat="45.27687" lon="6.91284">
        <ele>1880.4</ele>
      </trkpt>
      <trkpt lat="45.27689" lon="6.91285">
        <ele>1879.6</ele>
      </trkpt>
      <trkpt lat="45.27691" lon="6.91285">
        <ele>1879.0</ele>
      </trkpt>
      <trkpt lat="45.27693" lon="6.91285">
        <ele>1878.3</ele>
      </trkpt>
      <trkpt lat="45.27695" lon="6.91285">
        <ele>1877.6</ele>
      </trkpt>
      <trkpt lat="45.27697" lon="6.91285">
        <ele>1876.9</ele>
      </trkpt>
      <trkpt lat="45.27699" lon="6.91284">
        <ele>1876.4</ele>
      </trkpt>
      <trkpt lat="45.277" lon="6.91283">
        <ele>1876.2</ele>
      </trkpt>
      <trkpt lat="45.27702" lon="6.91281">
        <ele>1875.7</ele>
      </trkpt>
      <trkpt lat="45.27705" lon="6.91276">
        <ele>1875.3</ele>
      </trkpt>
      <trkpt lat="45.27707" lon="6.9127">
        <ele>1875.4</ele>
      </trkpt>
      <trkpt lat="45.27708" lon="6.91262">
        <ele>1876.1</ele>
      </trkpt>
      <trkpt lat="45.27709" lon="6.91254">
        <ele>1876.8</ele>
      </trkpt>
      <trkpt lat="45.27709" lon="6.91245">
        <ele>1877.5</ele>
      </trkpt>
      <trkpt lat="45.27709" lon="6.91236">
        <ele>1877.8</ele>
      </trkpt>
      <trkpt lat="45.2771" lon="6.91217">
        <ele>1878.1</ele>
      </trkpt>
      <trkpt lat="45.27711" lon="6.91185">
        <ele>1878.8</ele>
      </trkpt>
      <trkpt lat="45.27711" lon="6.9116">
        <ele>1878.5</ele>
      </trkpt>
      <trkpt lat="45.27711" lon="6.91156">
        <ele>1878.0</ele>
      </trkpt>
      <trkpt lat="45.27711" lon="6.91134">
        <ele>1875.1</ele>
      </trkpt>
      <trkpt lat="45.27711" lon="6.91126">
        <ele>1874.1</ele>
      </trkpt>
      <trkpt lat="45.27711" lon="6.91116">
        <ele>1872.8</ele>
      </trkpt>
      <trkpt lat="45.2771" lon="6.91107">
        <ele>1872.0</ele>
      </trkpt>
      <trkpt lat="45.27709" lon="6.91093">
        <ele>1870.5</ele>
      </trkpt>
      <trkpt lat="45.27707" lon="6.91084">
        <ele>1870.1</ele>
      </trkpt>
      <trkpt lat="45.27707" lon="6.91081">
        <ele>1869.6</ele>
      </trkpt>
      <trkpt lat="45.27704" lon="6.91072">
        <ele>1868.9</ele>
      </trkpt>
      <trkpt lat="45.277" lon="6.91063">
        <ele>1868.6</ele>
      </trkpt>
      <trkpt lat="45.27695" lon="6.91053">
        <ele>1868.3</ele>
      </trkpt>
      <trkpt lat="45.27689" lon="6.91043">
        <ele>1868.2</ele>
      </trkpt>
      <trkpt lat="45.2768" lon="6.91029">
        <ele>1867.9</ele>
      </trkpt>
      <trkpt lat="45.27675" lon="6.91022">
        <ele>1867.8</ele>
      </trkpt>
      <trkpt lat="45.276739" lon="6.9102">
        <ele>1867.7</ele>
      </trkpt>
      <trkpt lat="45.27667" lon="6.91009">
        <ele>1867.1</ele>
      </trkpt>
      <trkpt lat="45.27663" lon="6.91003">
        <ele>1867.0</ele>
      </trkpt>
      <trkpt lat="45.27658" lon="6.90995">
        <ele>1867.3</ele>
      </trkpt>
      <trkpt lat="45.27655" lon="6.90987">
        <ele>1867.2</ele>
      </trkpt>
      <trkpt lat="45.27652" lon="6.90979">
        <ele>1867.1</ele>
      </trkpt>
      <trkpt lat="45.2765" lon="6.90971">
        <ele>1866.6</ele>
      </trkpt>
      <trkpt lat="45.27649" lon="6.90962">
        <ele>1865.7</ele>
      </trkpt>
      <trkpt lat="45.27649" lon="6.90953">
        <ele>1864.3</ele>
      </trkpt>
      <trkpt lat="45.2765" lon="6.90944">
        <ele>1862.5</ele>
      </trkpt>
      <trkpt lat="45.27652" lon="6.90933">
        <ele>1860.0</ele>
      </trkpt>
      <trkpt lat="45.27654" lon="6.90918">
        <ele>1856.8</ele>
      </trkpt>
      <trkpt lat="45.27656" lon="6.9091">
        <ele>1854.7</ele>
      </trkpt>
      <trkpt lat="45.27656" lon="6.90901">
        <ele>1853.3</ele>
      </trkpt>
      <trkpt lat="45.27657" lon="6.90892">
        <ele>1851.4</ele>
      </trkpt>
      <trkpt lat="45.27656" lon="6.90884">
        <ele>1850.6</ele>
      </trkpt>
      <trkpt lat="45.27656" lon="6.90882">
        <ele>1850.3</ele>
      </trkpt>
      <trkpt lat="45.27654" lon="6.90876">
        <ele>1850.3</ele>
      </trkpt>
      <trkpt lat="45.27651" lon="6.90868">
        <ele>1850.4</ele>
      </trkpt>
      <trkpt lat="45.27644" lon="6.90852">
        <ele>1851.0</ele>
      </trkpt>
      <trkpt lat="45.27638" lon="6.90838">
        <ele>1851.5</ele>
      </trkpt>
      <trkpt lat="45.27629" lon="6.9082">
        <ele>1853.4</ele>
      </trkpt>
      <trkpt lat="45.276269" lon="6.90817">
        <ele>1854.0</ele>
      </trkpt>
      <trkpt lat="45.27625" lon="6.90812">
        <ele>1854.3</ele>
      </trkpt>
      <trkpt lat="45.27621" lon="6.90804">
        <ele>1855.2</ele>
      </trkpt>
      <trkpt lat="45.27617" lon="6.90796">
        <ele>1856.1</ele>
      </trkpt>
      <trkpt lat="45.27617" lon="6.90795">
        <ele>1856.0</ele>
      </trkpt>
      <trkpt lat="45.27614" lon="6.90787">
        <ele>1856.4</ele>
      </trkpt>
      <trkpt lat="45.27611" lon="6.90778">
        <ele>1856.7</ele>
      </trkpt>
      <trkpt lat="45.2761" lon="6.90773">
        <ele>1856.6</ele>
      </trkpt>
      <trkpt lat="45.27609" lon="6.90769">
        <ele>1856.6</ele>
      </trkpt>
      <trkpt lat="45.27609" lon="6.9076">
        <ele>1855.6</ele>
      </trkpt>
      <trkpt lat="45.27609" lon="6.90748">
        <ele>1854.5</ele>
      </trkpt>
      <trkpt lat="45.2761" lon="6.9074">
        <ele>1853.8</ele>
      </trkpt>
      <trkpt lat="45.27611" lon="6.90734">
        <ele>1853.3</ele>
      </trkpt>
      <trkpt lat="45.27614" lon="6.90726">
        <ele>1851.8</ele>
      </trkpt>
      <trkpt lat="45.27617" lon="6.9072">
        <ele>1850.5</ele>
      </trkpt>
      <trkpt lat="45.27619" lon="6.90714">
        <ele>1849.5</ele>
      </trkpt>
      <trkpt lat="45.27624" lon="6.90709">
        <ele>1847.4</ele>
      </trkpt>
      <trkpt lat="45.276269" lon="6.90707">
        <ele>1846.2</ele>
      </trkpt>
      <trkpt lat="45.27628" lon="6.90705">
        <ele>1845.7</ele>
      </trkpt>
      <trkpt lat="45.27633" lon="6.90702">
        <ele>1843.7</ele>
      </trkpt>
      <trkpt lat="45.27638" lon="6.90698">
        <ele>1841.6</ele>
      </trkpt>
      <trkpt lat="45.27643" lon="6.90696">
        <ele>1839.6</ele>
      </trkpt>
      <trkpt lat="45.27654" lon="6.90689">
        <ele>1835.2</ele>
      </trkpt>
      <trkpt lat="45.27658" lon="6.90687">
        <ele>1833.6</ele>
      </trkpt>
      <trkpt lat="45.27659" lon="6.90686">
        <ele>1833.2</ele>
      </trkpt>
      <trkpt lat="45.27663" lon="6.90683">
        <ele>1831.6</ele>
      </trkpt>
      <trkpt lat="45.27667" lon="6.9068">
        <ele>1830.1</ele>
      </trkpt>
      <trkpt lat="45.27671" lon="6.90675">
        <ele>1829.2</ele>
      </trkpt>
      <trkpt lat="45.27672" lon="6.90672">
        <ele>1829.0</ele>
      </trkpt>
      <trkpt lat="45.27673" lon="6.9067">
        <ele>1828.8</ele>
      </trkpt>
      <trkpt lat="45.27673" lon="6.90669">
        <ele>1828.8</ele>
      </trkpt>
      <trkpt lat="45.276739" lon="6.90666">
        <ele>1828.5</ele>
      </trkpt>
      <trkpt lat="45.27675" lon="6.90662">
        <ele>1827.9</ele>
      </trkpt>
      <trkpt lat="45.27675" lon="6.90655">
        <ele>1827.3</ele>
      </trkpt>
      <trkpt lat="45.276739" lon="6.90647">
        <ele>1826.7</ele>
      </trkpt>
      <trkpt lat="45.276739" lon="6.90645">
        <ele>1826.5</ele>
      </trkpt>
      <trkpt lat="45.27673" lon="6.90639">
        <ele>1826.1</ele>
      </trkpt>
      <trkpt lat="45.2767" lon="6.90631">
        <ele>1825.9</ele>
      </trkpt>
      <trkpt lat="45.27667" lon="6.90621">
        <ele>1825.6</ele>
      </trkpt>
      <trkpt lat="45.27662" lon="6.90608">
        <ele>1826.2</ele>
      </trkpt>
      <trkpt lat="45.27659" lon="6.90599">
        <ele>1826.4</ele>
      </trkpt>
      <trkpt lat="45.27651" lon="6.90578">
        <ele>1827.5</ele>
      </trkpt>
      <trkpt lat="45.2765" lon="6.90576">
        <ele>1827.7</ele>
      </trkpt>
      <trkpt lat="45.276449" lon="6.90561">
        <ele>1828.0</ele>
      </trkpt>
      <trkpt lat="45.27643" lon="6.90553">
        <ele>1828.0</ele>
      </trkpt>
      <trkpt lat="45.27641" lon="6.90545">
        <ele>1827.9</ele>
      </trkpt>
      <trkpt lat="45.276359" lon="6.90524">
        <ele>1827.6</ele>
      </trkpt>
      <trkpt lat="45.27633" lon="6.90505">
        <ele>1826.6</ele>
      </trkpt>
      <trkpt lat="45.27632" lon="6.90504">
        <ele>1826.9</ele>
      </trkpt>
      <trkpt lat="45.27628" lon="6.9048">
        <ele>1825.2</ele>
      </trkpt>
      <trkpt lat="45.27628" lon="6.90479">
        <ele>1825.1</ele>
      </trkpt>
      <trkpt lat="45.27623" lon="6.90454">
        <ele>1823.7</ele>
      </trkpt>
      <trkpt lat="45.27619" lon="6.9043">
        <ele>1822.2</ele>
      </trkpt>
      <trkpt lat="45.276179" lon="6.90427">
        <ele>1822.2</ele>
      </trkpt>
      <trkpt lat="45.27614" lon="6.90405">
        <ele>1820.9</ele>
      </trkpt>
      <trkpt lat="45.27609" lon="6.9038">
        <ele>1819.7</ele>
      </trkpt>
      <trkpt lat="45.27608" lon="6.90373">
        <ele>1819.2</ele>
      </trkpt>
      <trkpt lat="45.27607" lon="6.90363">
        <ele>1818.3</ele>
      </trkpt>
      <trkpt lat="45.27606" lon="6.90354">
        <ele>1817.5</ele>
      </trkpt>
      <trkpt lat="45.27606" lon="6.90344">
        <ele>1816.2</ele>
      </trkpt>
      <trkpt lat="45.27606" lon="6.90334">
        <ele>1814.8</ele>
      </trkpt>
      <trkpt lat="45.27607" lon="6.90324">
        <ele>1813.4</ele>
      </trkpt>
      <trkpt lat="45.27608" lon="6.90315">
        <ele>1812.0</ele>
      </trkpt>
      <trkpt lat="45.27608" lon="6.90311">
        <ele>1811.6</ele>
      </trkpt>
      <trkpt lat="45.27609" lon="6.90304">
        <ele>1810.5</ele>
      </trkpt>
      <trkpt lat="45.2761" lon="6.90295">
        <ele>1809.1</ele>
      </trkpt>
      <trkpt lat="45.27609" lon="6.90285">
        <ele>1808.5</ele>
      </trkpt>
      <trkpt lat="45.27608" lon="6.90276">
        <ele>1808.0</ele>
      </trkpt>
      <trkpt lat="45.27604" lon="6.90261">
        <ele>1808.2</ele>
      </trkpt>
      <trkpt lat="45.276" lon="6.90248">
        <ele>1808.5</ele>
      </trkpt>
      <trkpt lat="45.27595" lon="6.90229">
        <ele>1807.9</ele>
      </trkpt>
      <trkpt lat="45.27594" lon="6.9022">
        <ele>1807.1</ele>
      </trkpt>
      <trkpt lat="45.27594" lon="6.90211">
        <ele>1805.8</ele>
      </trkpt>
      <trkpt lat="45.27593" lon="6.90201">
        <ele>1804.8</ele>
      </trkpt>
      <trkpt lat="45.27594" lon="6.90191">
        <ele>1802.9</ele>
      </trkpt>
      <trkpt lat="45.27596" lon="6.90176">
        <ele>1799.9</ele>
      </trkpt>
      <trkpt lat="45.275979" lon="6.90162">
        <ele>1797.3</ele>
      </trkpt>
      <trkpt lat="45.275979" lon="6.9016">
        <ele>1797.1</ele>
      </trkpt>
      <trkpt lat="45.27599" lon="6.90148">
        <ele>1795.7</ele>
      </trkpt>
      <trkpt lat="45.276" lon="6.90139">
        <ele>1794.5</ele>
      </trkpt>
      <trkpt lat="45.276" lon="6.90137">
        <ele>1794.3</ele>
      </trkpt>
      <trkpt lat="45.276" lon="6.90129">
        <ele>1793.6</ele>
      </trkpt>
      <trkpt lat="45.276" lon="6.90121">
        <ele>1793.0</ele>
      </trkpt>
      <trkpt lat="45.275979" lon="6.90107">
        <ele>1792.6</ele>
      </trkpt>
      <trkpt lat="45.27596" lon="6.90089">
        <ele>1791.8</ele>
      </trkpt>
      <trkpt lat="45.27595" lon="6.90086">
        <ele>1791.9</ele>
      </trkpt>
      <trkpt lat="45.27593" lon="6.9007">
        <ele>1791.6</ele>
      </trkpt>
      <trkpt lat="45.27591" lon="6.90055">
        <ele>1791.3</ele>
      </trkpt>
      <trkpt lat="45.275889" lon="6.90045">
        <ele>1791.4</ele>
      </trkpt>
      <trkpt lat="45.275889" lon="6.90037">
        <ele>1790.8</ele>
      </trkpt>
      <trkpt lat="45.2759" lon="6.90028">
        <ele>1789.9</ele>
      </trkpt>
      <trkpt lat="45.27592" lon="6.90019">
        <ele>1788.7</ele>
      </trkpt>
      <trkpt lat="45.27594" lon="6.90013">
        <ele>1787.7</ele>
      </trkpt>
      <trkpt lat="45.27597" lon="6.90004">
        <ele>1786.3</ele>
      </trkpt>
      <trkpt lat="45.276" lon="6.89999">
        <ele>1785.2</ele>
      </trkpt>
      <trkpt lat="45.27604" lon="6.89991">
        <ele>1784.0</ele>
      </trkpt>
      <trkpt lat="45.27607" lon="6.89984">
        <ele>1783.0</ele>
      </trkpt>
      <trkpt lat="45.2761" lon="6.89977">
        <ele>1782.1</ele>
      </trkpt>
      <trkpt lat="45.27612" lon="6.89968">
        <ele>1781.3</ele>
      </trkpt>
      <trkpt lat="45.27614" lon="6.89951">
        <ele>1780.5</ele>
      </trkpt>
      <trkpt lat="45.27614" lon="6.89942">
        <ele>1780.4</ele>
      </trkpt>
      <trkpt lat="45.27614" lon="6.89932">
        <ele>1780.3</ele>
      </trkpt>
      <trkpt lat="45.27614" lon="6.89917">
        <ele>1780.1</ele>
      </trkpt>
      <trkpt lat="45.27614" lon="6.89893">
        <ele>1779.5</ele>
      </trkpt>
      <trkpt lat="45.27614" lon="6.8988">
        <ele>1779.2</ele>
      </trkpt>
      <trkpt lat="45.27614" lon="6.89844">
        <ele>1778.3</ele>
      </trkpt>
      <trkpt lat="45.27613" lon="6.89835">
        <ele>1778.4</ele>
      </trkpt>
      <trkpt lat="45.27611" lon="6.89827">
        <ele>1778.1</ele>
      </trkpt>
      <trkpt lat="45.27609" lon="6.89819">
        <ele>1777.7</ele>
      </trkpt>
      <trkpt lat="45.27608" lon="6.89816">
        <ele>1777.6</ele>
      </trkpt>
      <trkpt lat="45.27606" lon="6.89811">
        <ele>1777.5</ele>
      </trkpt>
      <trkpt lat="45.27603" lon="6.89804">
        <ele>1777.4</ele>
      </trkpt>
      <trkpt lat="45.27601" lon="6.89798">
        <ele>1777.1</ele>
      </trkpt>
      <trkpt lat="45.27599" lon="6.89794">
        <ele>1777.1</ele>
      </trkpt>
      <trkpt lat="45.275979" lon="6.89791">
        <ele>1777.0</ele>
      </trkpt>
      <trkpt lat="45.27596" lon="6.89784">
        <ele>1776.6</ele>
      </trkpt>
      <trkpt lat="45.27595" lon="6.89782">
        <ele>1776.6</ele>
      </trkpt>
      <trkpt lat="45.27595" lon="6.8978">
        <ele>1776.3</ele>
      </trkpt>
      <trkpt lat="45.27595" lon="6.89778">
        <ele>1776.0</ele>
      </trkpt>
      <trkpt lat="45.27595" lon="6.89776">
        <ele>1775.7</ele>
      </trkpt>
      <trkpt lat="45.27596" lon="6.8977">
        <ele>1774.5</ele>
      </trkpt>
      <trkpt lat="45.27597" lon="6.89765">
        <ele>1773.5</ele>
      </trkpt>
      <trkpt lat="45.275979" lon="6.89763">
        <ele>1772.9</ele>
      </trkpt>
      <trkpt lat="45.276" lon="6.8976">
        <ele>1771.9</ele>
      </trkpt>
      <trkpt lat="45.27601" lon="6.89759">
        <ele>1771.4</ele>
      </trkpt>
      <trkpt lat="45.27603" lon="6.89758">
        <ele>1770.7</ele>
      </trkpt>
      <trkpt lat="45.27605" lon="6.89757">
        <ele>1770.0</ele>
      </trkpt>
      <trkpt lat="45.27607" lon="6.89756">
        <ele>1769.3</ele>
      </trkpt>
      <trkpt lat="45.27609" lon="6.89756">
        <ele>1768.8</ele>
      </trkpt>
      <trkpt lat="45.27611" lon="6.89756">
        <ele>1768.2</ele>
      </trkpt>
      <trkpt lat="45.27614" lon="6.89757">
        <ele>1767.5</ele>
      </trkpt>
      <trkpt lat="45.27615" lon="6.89758">
        <ele>1767.4</ele>
      </trkpt>
      <trkpt lat="45.27617" lon="6.89759">
        <ele>1766.9</ele>
      </trkpt>
      <trkpt lat="45.276179" lon="6.89761">
        <ele>1766.9</ele>
      </trkpt>
      <trkpt lat="45.2762" lon="6.89763">
        <ele>1766.6</ele>
      </trkpt>
      <trkpt lat="45.27622" lon="6.89766">
        <ele>1766.5</ele>
      </trkpt>
      <trkpt lat="45.27623" lon="6.89769">
        <ele>1766.6</ele>
      </trkpt>
      <trkpt lat="45.27626" lon="6.89775">
        <ele>1766.5</ele>
      </trkpt>
      <trkpt lat="45.27628" lon="6.89779">
        <ele>1766.5</ele>
      </trkpt>
      <trkpt lat="45.27632" lon="6.89791">
        <ele>1766.8</ele>
      </trkpt>
      <trkpt lat="45.27641" lon="6.89818">
        <ele>1767.4</ele>
      </trkpt>
      <trkpt lat="45.2765" lon="6.89842">
        <ele>1766.6</ele>
      </trkpt>
      <trkpt lat="45.27655" lon="6.89858">
        <ele>1765.4</ele>
      </trkpt>
      <trkpt lat="45.27661" lon="6.89871">
        <ele>1763.7</ele>
      </trkpt>
      <trkpt lat="45.27669" lon="6.89892">
        <ele>1761.7</ele>
      </trkpt>
      <trkpt lat="45.2767" lon="6.89894">
        <ele>1761.4</ele>
      </trkpt>
      <trkpt lat="45.27675" lon="6.8991">
        <ele>1760.2</ele>
      </trkpt>
      <trkpt lat="45.27679" lon="6.89923">
        <ele>1759.2</ele>
      </trkpt>
      <trkpt lat="45.276829" lon="6.8994">
        <ele>1758.2</ele>
      </trkpt>
      <trkpt lat="45.27688" lon="6.89957">
        <ele>1756.8</ele>
      </trkpt>
      <trkpt lat="45.27691" lon="6.89974">
        <ele>1756.0</ele>
      </trkpt>
      <trkpt lat="45.27695" lon="6.89996">
        <ele>1754.7</ele>
      </trkpt>
      <trkpt lat="45.277" lon="6.90019">
        <ele>1753.4</ele>
      </trkpt>
      <trkpt lat="45.27702" lon="6.90028">
        <ele>1753.0</ele>
      </trkpt>
      <trkpt lat="45.27704" lon="6.90035">
        <ele>1752.5</ele>
      </trkpt>
      <trkpt lat="45.27705" lon="6.90039">
        <ele>1752.3</ele>
      </trkpt>
      <trkpt lat="45.27707" lon="6.90042">
        <ele>1751.7</ele>
      </trkpt>
      <trkpt lat="45.27709" lon="6.90046">
        <ele>1751.2</ele>
      </trkpt>
      <trkpt lat="45.27711" lon="6.90049">
        <ele>1750.7</ele>
      </trkpt>
      <trkpt lat="45.27713" lon="6.90053">
        <ele>1750.2</ele>
      </trkpt>
      <trkpt lat="45.27717" lon="6.90055">
        <ele>1749.0</ele>
      </trkpt>
      <trkpt lat="45.277209" lon="6.90058">
        <ele>1747.9</ele>
      </trkpt>
      <trkpt lat="45.27727" lon="6.90065">
        <ele>1746.4</ele>
      </trkpt>
      <trkpt lat="45.27732" lon="6.90069">
        <ele>1745.1</ele>
      </trkpt>
      <trkpt lat="45.27732" lon="6.9007">
        <ele>1745.2</ele>
      </trkpt>
      <trkpt lat="45.27738" lon="6.90075">
        <ele>1743.8</ele>
      </trkpt>
      <trkpt lat="45.27742" lon="6.90082">
        <ele>1743.2</ele>
      </trkpt>
      <trkpt lat="45.27745" lon="6.9009">
        <ele>1742.8</ele>
      </trkpt>
      <trkpt lat="45.27748" lon="6.90099">
        <ele>1742.5</ele>
      </trkpt>
      <trkpt lat="45.2775" lon="6.90108">
        <ele>1742.5</ele>
      </trkpt>
      <trkpt lat="45.2775" lon="6.90111">
        <ele>1742.7</ele>
      </trkpt>
      <trkpt lat="45.27751" lon="6.90117">
        <ele>1742.7</ele>
      </trkpt>
      <trkpt lat="45.27751" lon="6.90126">
        <ele>1743.2</ele>
      </trkpt>
      <trkpt lat="45.27752" lon="6.90136">
        <ele>1743.5</ele>
      </trkpt>
      <trkpt lat="45.27752" lon="6.90137">
        <ele>1743.6</ele>
      </trkpt>
      <trkpt lat="45.27752" lon="6.90145">
        <ele>1744.1</ele>
      </trkpt>
      <trkpt lat="45.27754" lon="6.90155">
        <ele>1744.0</ele>
      </trkpt>
      <trkpt lat="45.27755" lon="6.90162">
        <ele>1744.2</ele>
      </trkpt>
      <trkpt lat="45.27756" lon="6.90163">
        <ele>1743.9</ele>
      </trkpt>
      <trkpt lat="45.27758" lon="6.90172">
        <ele>1743.9</ele>
      </trkpt>
      <trkpt lat="45.27761" lon="6.9018">
        <ele>1743.5</ele>
      </trkpt>
      <trkpt lat="45.27764" lon="6.90189">
        <ele>1743.3</ele>
      </trkpt>
      <trkpt lat="45.27771" lon="6.90208">
        <ele>1742.5</ele>
      </trkpt>
      <trkpt lat="45.27776" lon="6.90224">
        <ele>1742.2</ele>
      </trkpt>
      <trkpt lat="45.2778" lon="6.90234">
        <ele>1741.8</ele>
      </trkpt>
      <trkpt lat="45.27783" lon="6.90242">
        <ele>1741.5</ele>
      </trkpt>
      <trkpt lat="45.27787" lon="6.90251">
        <ele>1741.0</ele>
      </trkpt>
      <trkpt lat="45.2779" lon="6.9026">
        <ele>1741.1</ele>
      </trkpt>
      <trkpt lat="45.27793" lon="6.90268">
        <ele>1741.1</ele>
      </trkpt>
      <trkpt lat="45.27796" lon="6.90273">
        <ele>1740.7</ele>
      </trkpt>
      <trkpt lat="45.27797" lon="6.90275">
        <ele>1740.6</ele>
      </trkpt>
      <trkpt lat="45.278" lon="6.90281">
        <ele>1740.4</ele>
      </trkpt>
      <trkpt lat="45.27804" lon="6.90287">
        <ele>1739.9</ele>
      </trkpt>
      <trkpt lat="45.27808" lon="6.90292">
        <ele>1739.3</ele>
      </trkpt>
      <trkpt lat="45.27809" lon="6.90292">
        <ele>1739.0</ele>
      </trkpt>
      <trkpt lat="45.27819" lon="6.90301">
        <ele>1737.2</ele>
      </trkpt>
      <trkpt lat="45.2783" lon="6.90308">
        <ele>1734.9</ele>
      </trkpt>
      <trkpt lat="45.2784" lon="6.90314">
        <ele>1732.1</ele>
      </trkpt>
      <trkpt lat="45.27843" lon="6.90316">
        <ele>1731.1</ele>
      </trkpt>
      <trkpt lat="45.27857" lon="6.90324">
        <ele>1726.6</ele>
      </trkpt>
      <trkpt lat="45.27858" lon="6.90324">
        <ele>1726.2</ele>
      </trkpt>
      <trkpt lat="45.27863" lon="6.90329">
        <ele>1724.8</ele>
      </trkpt>
      <trkpt lat="45.27868" lon="6.90335">
        <ele>1723.5</ele>
      </trkpt>
      <trkpt lat="45.278709" lon="6.9034">
        <ele>1723.1</ele>
      </trkpt>
      <trkpt lat="45.27872" lon="6.90342">
        <ele>1723.0</ele>
      </trkpt>
      <trkpt lat="45.27875" lon="6.90349">
        <ele>1722.9</ele>
      </trkpt>
      <trkpt lat="45.27878" lon="6.90358">
        <ele>1723.0</ele>
      </trkpt>
      <trkpt lat="45.27879" lon="6.90362">
        <ele>1723.1</ele>
      </trkpt>
      <trkpt lat="45.27881" lon="6.90368">
        <ele>1723.2</ele>
      </trkpt>
      <trkpt lat="45.27884" lon="6.90379">
        <ele>1723.5</ele>
      </trkpt>
      <trkpt lat="45.278889" lon="6.90405">
        <ele>1725.0</ele>
      </trkpt>
      <trkpt lat="45.27893" lon="6.90424">
        <ele>1725.2</ele>
      </trkpt>
      <trkpt lat="45.27895" lon="6.90435">
        <ele>1724.9</ele>
      </trkpt>
      <trkpt lat="45.27896" lon="6.9044">
        <ele>1724.7</ele>
      </trkpt>
      <trkpt lat="45.27898" lon="6.90454">
        <ele>1724.5</ele>
      </trkpt>
      <trkpt lat="45.27899" lon="6.9046">
        <ele>1724.4</ele>
      </trkpt>
      <trkpt lat="45.279" lon="6.90473">
        <ele>1724.6</ele>
      </trkpt>
      <trkpt lat="45.27902" lon="6.90486">
        <ele>1724.3</ele>
      </trkpt>
      <trkpt lat="45.27902" lon="6.90487">
        <ele>1724.4</ele>
      </trkpt>
      <trkpt lat="45.27903" lon="6.90499">
        <ele>1724.5</ele>
      </trkpt>
      <trkpt lat="45.27903" lon="6.90511">
        <ele>1724.9</ele>
      </trkpt>
      <trkpt lat="45.27903" lon="6.90514">
        <ele>1725.0</ele>
      </trkpt>
      <trkpt lat="45.27903" lon="6.90521">
        <ele>1725.2</ele>
      </trkpt>
      <trkpt lat="45.27903" lon="6.90527">
        <ele>1725.4</ele>
      </trkpt>
      <trkpt lat="45.27904" lon="6.90534">
        <ele>1725.0</ele>
      </trkpt>
      <trkpt lat="45.27905" lon="6.90541">
        <ele>1724.7</ele>
      </trkpt>
      <trkpt lat="45.27907" lon="6.90549">
        <ele>1723.8</ele>
      </trkpt>
      <trkpt lat="45.279089" lon="6.90557">
        <ele>1722.9</ele>
      </trkpt>
      <trkpt lat="45.27912" lon="6.90565">
        <ele>1721.4</ele>
      </trkpt>
      <trkpt lat="45.279179" lon="6.9058">
        <ele>1718.3</ele>
      </trkpt>
      <trkpt lat="45.27919" lon="6.90583">
        <ele>1717.9</ele>
      </trkpt>
      <trkpt lat="45.27921" lon="6.90589">
        <ele>1717.1</ele>
      </trkpt>
      <trkpt lat="45.27923" lon="6.90597">
        <ele>1716.4</ele>
      </trkpt>
      <trkpt lat="45.27925" lon="6.90606">
        <ele>1715.7</ele>
      </trkpt>
      <trkpt lat="45.27925" lon="6.90607">
        <ele>1715.7</ele>
      </trkpt>
      <trkpt lat="45.27926" lon="6.90623">
        <ele>1715.6</ele>
      </trkpt>
      <trkpt lat="45.27925" lon="6.90644">
        <ele>1716.6</ele>
      </trkpt>
      <trkpt lat="45.27925" lon="6.90675">
        <ele>1717.2</ele>
      </trkpt>
      <trkpt lat="45.27925" lon="6.90683">
        <ele>1717.1</ele>
      </trkpt>
      <trkpt lat="45.27925" lon="6.90699">
        <ele>1717.1</ele>
      </trkpt>
      <trkpt lat="45.27925" lon="6.90709">
        <ele>1717.0</ele>
      </trkpt>
      <trkpt lat="45.27925" lon="6.90716">
        <ele>1717.0</ele>
      </trkpt>
      <trkpt lat="45.27926" lon="6.90724">
        <ele>1716.5</ele>
      </trkpt>
      <trkpt lat="45.279269" lon="6.90731">
        <ele>1716.0</ele>
      </trkpt>
      <trkpt lat="45.27928" lon="6.90734">
        <ele>1715.5</ele>
      </trkpt>
      <trkpt lat="45.2793" lon="6.90739">
        <ele>1714.5</ele>
      </trkpt>
      <trkpt lat="45.27932" lon="6.90747">
        <ele>1713.5</ele>
      </trkpt>
      <trkpt lat="45.27938" lon="6.90759">
        <ele>1710.9</ele>
      </trkpt>
      <trkpt lat="45.27943" lon="6.90768">
        <ele>1708.8</ele>
      </trkpt>
      <trkpt lat="45.27948" lon="6.90777">
        <ele>1706.8</ele>
      </trkpt>
      <trkpt lat="45.27952" lon="6.90786">
        <ele>1705.2</ele>
      </trkpt>
      <trkpt lat="45.279559" lon="6.90795">
        <ele>1703.6</ele>
      </trkpt>
      <trkpt lat="45.27957" lon="6.90799">
        <ele>1703.2</ele>
      </trkpt>
      <trkpt lat="45.27958" lon="6.90803">
        <ele>1702.9</ele>
      </trkpt>
      <trkpt lat="45.27959" lon="6.90812">
        <ele>1702.8</ele>
      </trkpt>
      <trkpt lat="45.27961" lon="6.90823">
        <ele>1702.2</ele>
      </trkpt>
      <trkpt lat="45.27961" lon="6.90828">
        <ele>1702.4</ele>
      </trkpt>
      <trkpt lat="45.27962" lon="6.9084">
        <ele>1702.9</ele>
      </trkpt>
      <trkpt lat="45.27963" lon="6.90851">
        <ele>1703.7</ele>
      </trkpt>
      <trkpt lat="45.27964" lon="6.90859">
        <ele>1704.1</ele>
      </trkpt>
      <trkpt lat="45.27966" lon="6.9087">
        <ele>1704.4</ele>
      </trkpt>
      <trkpt lat="45.27971" lon="6.90886">
        <ele>1703.6</ele>
      </trkpt>
      <trkpt lat="45.27975" lon="6.90897">
        <ele>1702.6</ele>
      </trkpt>
      <trkpt lat="45.279829" lon="6.90919">
        <ele>1700.6</ele>
      </trkpt>
      <trkpt lat="45.27985" lon="6.90927">
        <ele>1700.4</ele>
      </trkpt>
      <trkpt lat="45.27991" lon="6.90942">
        <ele>1698.6</ele>
      </trkpt>
      <trkpt lat="45.27999" lon="6.90965">
        <ele>1696.2</ele>
      </trkpt>
      <trkpt lat="45.28006" lon="6.90979">
        <ele>1694.3</ele>
      </trkpt>
      <trkpt lat="45.280119" lon="6.90995">
        <ele>1693.2</ele>
      </trkpt>
      <trkpt lat="45.28015" lon="6.91001">
        <ele>1692.4</ele>
      </trkpt>
      <trkpt lat="45.28023" lon="6.91017">
        <ele>1690.1</ele>
      </trkpt>
      <trkpt lat="45.28026" lon="6.91022">
        <ele>1689.2</ele>
      </trkpt>
      <trkpt lat="45.28036" lon="6.91042">
        <ele>1686.8</ele>
      </trkpt>
      <trkpt lat="45.28039" lon="6.91047">
        <ele>1686.1</ele>
      </trkpt>
      <trkpt lat="45.28048" lon="6.91062">
        <ele>1684.1</ele>
      </trkpt>
      <trkpt lat="45.28058" lon="6.9108">
        <ele>1682.4</ele>
      </trkpt>
      <trkpt lat="45.280589" lon="6.91082">
        <ele>1682.3</ele>
      </trkpt>
      <trkpt lat="45.28069" lon="6.91103">
        <ele>1680.8</ele>
      </trkpt>
      <trkpt lat="45.2809" lon="6.91141">
        <ele>1677.8</ele>
      </trkpt>
      <trkpt lat="45.28091" lon="6.91144">
        <ele>1677.8</ele>
      </trkpt>
      <trkpt lat="45.28098" lon="6.91158">
        <ele>1677.3</ele>
      </trkpt>
      <trkpt lat="45.28104" lon="6.9117">
        <ele>1676.8</ele>
      </trkpt>
      <trkpt lat="45.28108" lon="6.9118">
        <ele>1676.3</ele>
      </trkpt>
      <trkpt lat="45.28113" lon="6.91187">
        <ele>1675.4</ele>
      </trkpt>
      <trkpt lat="45.28117" lon="6.91193">
        <ele>1674.6</ele>
      </trkpt>
      <trkpt lat="45.28121" lon="6.91198">
        <ele>1673.7</ele>
      </trkpt>
      <trkpt lat="45.28123" lon="6.912">
        <ele>1673.2</ele>
      </trkpt>
      <trkpt lat="45.281239" lon="6.91201">
        <ele>1672.9</ele>
      </trkpt>
      <trkpt lat="45.28125" lon="6.91202">
        <ele>1672.7</ele>
      </trkpt>
      <trkpt lat="45.28127" lon="6.91202">
        <ele>1672.1</ele>
      </trkpt>
      <trkpt lat="45.28128" lon="6.91201">
        <ele>1671.8</ele>
      </trkpt>
      <trkpt lat="45.2813" lon="6.91201">
        <ele>1671.2</ele>
      </trkpt>
      <trkpt lat="45.28131" lon="6.912">
        <ele>1670.8</ele>
      </trkpt>
      <trkpt lat="45.28132" lon="6.91199">
        <ele>1670.5</ele>
      </trkpt>
      <trkpt lat="45.281329" lon="6.91199">
        <ele>1670.2</ele>
      </trkpt>
      <trkpt lat="45.28135" lon="6.91197">
        <ele>1669.6</ele>
      </trkpt>
      <trkpt lat="45.28136" lon="6.91196">
        <ele>1669.2</ele>
      </trkpt>
      <trkpt lat="45.28136" lon="6.91194">
        <ele>1669.1</ele>
      </trkpt>
      <trkpt lat="45.28137" lon="6.91193">
        <ele>1668.8</ele>
      </trkpt>
      <trkpt lat="45.28137" lon="6.91191">
        <ele>1668.7</ele>
      </trkpt>
      <trkpt lat="45.28138" lon="6.91189">
        <ele>1668.4</ele>
      </trkpt>
      <trkpt lat="45.28138" lon="6.91187">
        <ele>1668.3</ele>
      </trkpt>
      <trkpt lat="45.28138" lon="6.91185">
        <ele>1668.2</ele>
      </trkpt>
      <trkpt lat="45.28138" lon="6.91179">
        <ele>1668.0</ele>
      </trkpt>
      <trkpt lat="45.28138" lon="6.91171">
        <ele>1667.7</ele>
      </trkpt>
      <trkpt lat="45.28134" lon="6.91147">
        <ele>1666.9</ele>
      </trkpt>
      <trkpt lat="45.28131" lon="6.9113">
        <ele>1666.1</ele>
      </trkpt>
      <trkpt lat="45.28128" lon="6.91114">
        <ele>1665.5</ele>
      </trkpt>
      <trkpt lat="45.28121" lon="6.91067">
        <ele>1662.7</ele>
      </trkpt>
      <trkpt lat="45.281149" lon="6.9103">
        <ele>1659.8</ele>
      </trkpt>
      <trkpt lat="45.28111" lon="6.91005">
        <ele>1657.6</ele>
      </trkpt>
      <trkpt lat="45.28104" lon="6.90955">
        <ele>1654.5</ele>
      </trkpt>
      <trkpt lat="45.28101" lon="6.90934">
        <ele>1653.2</ele>
      </trkpt>
      <trkpt lat="45.281" lon="6.9093">
        <ele>1653.0</ele>
      </trkpt>
      <trkpt lat="45.28096" lon="6.90905">
        <ele>1651.8</ele>
      </trkpt>
      <trkpt lat="45.28094" lon="6.90891">
        <ele>1651.5</ele>
      </trkpt>
      <trkpt lat="45.28092" lon="6.9088">
        <ele>1651.3</ele>
      </trkpt>
      <trkpt lat="45.28088" lon="6.90855">
        <ele>1651.0</ele>
      </trkpt>
      <trkpt lat="45.28084" lon="6.90826">
        <ele>1650.6</ele>
      </trkpt>
      <trkpt lat="45.2808" lon="6.90797">
        <ele>1651.0</ele>
      </trkpt>
      <trkpt lat="45.280769" lon="6.9078">
        <ele>1651.5</ele>
      </trkpt>
      <trkpt lat="45.28074" lon="6.90761">
        <ele>1652.0</ele>
      </trkpt>
      <trkpt lat="45.28073" lon="6.90755">
        <ele>1652.1</ele>
      </trkpt>
      <trkpt lat="45.28073" lon="6.9075">
        <ele>1652.0</ele>
      </trkpt>
      <trkpt lat="45.28072" lon="6.90742">
        <ele>1651.7</ele>
      </trkpt>
      <trkpt lat="45.2807" lon="6.90728">
        <ele>1651.5</ele>
      </trkpt>
      <trkpt lat="45.2807" lon="6.90708">
        <ele>1650.0</ele>
      </trkpt>
      <trkpt lat="45.2807" lon="6.90704">
        <ele>1649.7</ele>
      </trkpt>
      <trkpt lat="45.2807" lon="6.90683">
        <ele>1648.1</ele>
      </trkpt>
      <trkpt lat="45.2807" lon="6.90679">
        <ele>1647.8</ele>
      </trkpt>
      <trkpt lat="45.28072" lon="6.90653">
        <ele>1645.1</ele>
      </trkpt>
      <trkpt lat="45.28073" lon="6.90642">
        <ele>1643.9</ele>
      </trkpt>
      <trkpt lat="45.28074" lon="6.90628">
        <ele>1642.6</ele>
      </trkpt>
      <trkpt lat="45.28076" lon="6.90595">
        <ele>1639.6</ele>
      </trkpt>
      <trkpt lat="45.28079" lon="6.9055">
        <ele>1635.3</ele>
      </trkpt>
      <trkpt lat="45.28082" lon="6.90498">
        <ele>1630.5</ele>
      </trkpt>
      <trkpt lat="45.28084" lon="6.90475">
        <ele>1627.0</ele>
      </trkpt>
      <trkpt lat="45.28085" lon="6.90456">
        <ele>1624.5</ele>
      </trkpt>
      <trkpt lat="45.28085" lon="6.9045">
        <ele>1623.9</ele>
      </trkpt>
      <trkpt lat="45.28085" lon="6.90446">
        <ele>1623.4</ele>
      </trkpt>
      <trkpt lat="45.28084" lon="6.90436">
        <ele>1622.8</ele>
      </trkpt>
      <trkpt lat="45.28083" lon="6.90425">
        <ele>1622.1</ele>
      </trkpt>
      <trkpt lat="45.28083" lon="6.90424">
        <ele>1622.0</ele>
      </trkpt>
      <trkpt lat="45.28081" lon="6.90415">
        <ele>1622.0</ele>
      </trkpt>
      <trkpt lat="45.28078" lon="6.90406">
        <ele>1622.4</ele>
      </trkpt>
      <trkpt lat="45.28076" lon="6.90401">
        <ele>1622.9</ele>
      </trkpt>
      <trkpt lat="45.28074" lon="6.90394">
        <ele>1623.1</ele>
      </trkpt>
      <trkpt lat="45.28072" lon="6.90386">
        <ele>1623.2</ele>
      </trkpt>
      <trkpt lat="45.28069" lon="6.9038">
        <ele>1624.1</ele>
      </trkpt>
      <trkpt lat="45.28069" lon="6.90377">
        <ele>1623.8</ele>
      </trkpt>
      <trkpt lat="45.28067" lon="6.90369">
        <ele>1624.0</ele>
      </trkpt>
      <trkpt lat="45.28065" lon="6.90358">
        <ele>1623.8</ele>
      </trkpt>
      <trkpt lat="45.28065" lon="6.90352">
        <ele>1623.2</ele>
      </trkpt>
      <trkpt lat="45.28065" lon="6.90346">
        <ele>1622.5</ele>
      </trkpt>
      <trkpt lat="45.28065" lon="6.90335">
        <ele>1621.3</ele>
      </trkpt>
      <trkpt lat="45.28065" lon="6.90327">
        <ele>1620.9</ele>
      </trkpt>
      <trkpt lat="45.28065" lon="6.90318">
        <ele>1620.5</ele>
      </trkpt>
      <trkpt lat="45.28065" lon="6.90292">
        <ele>1619.5</ele>
      </trkpt>
      <trkpt lat="45.28065" lon="6.90276">
        <ele>1618.8</ele>
      </trkpt>
      <trkpt lat="45.28065" lon="6.90271">
        <ele>1618.6</ele>
      </trkpt>
      <trkpt lat="45.28065" lon="6.90246">
        <ele>1617.8</ele>
      </trkpt>
      <trkpt lat="45.280679" lon="6.90214">
        <ele>1616.0</ele>
      </trkpt>
      <trkpt lat="45.28074" lon="6.90175">
        <ele>1612.9</ele>
      </trkpt>
      <trkpt lat="45.28072" lon="6.90096">
        <ele>1610.5</ele>
      </trkpt>
      <trkpt lat="45.28071" lon="6.90071">
        <ele>1609.5</ele>
      </trkpt>
      <trkpt lat="45.28071" lon="6.90065">
        <ele>1609.0</ele>
      </trkpt>
      <trkpt lat="45.28072" lon="6.90054">
        <ele>1607.7</ele>
      </trkpt>
      <trkpt lat="45.28073" lon="6.90043">
        <ele>1606.4</ele>
      </trkpt>
      <trkpt lat="45.28074" lon="6.9003">
        <ele>1604.9</ele>
      </trkpt>
      <trkpt lat="45.280769" lon="6.90012">
        <ele>1602.1</ele>
      </trkpt>
      <trkpt lat="45.28079" lon="6.89995">
        <ele>1600.0</ele>
      </trkpt>
      <trkpt lat="45.2808" lon="6.89992">
        <ele>1599.4</ele>
      </trkpt>
      <trkpt lat="45.28081" lon="6.89978">
        <ele>1598.4</ele>
      </trkpt>
      <trkpt lat="45.28082" lon="6.8997">
        <ele>1597.6</ele>
      </trkpt>
      <trkpt lat="45.28083" lon="6.89962">
        <ele>1596.8</ele>
      </trkpt>
      <trkpt lat="45.28084" lon="6.89952">
        <ele>1595.9</ele>
      </trkpt>
      <trkpt lat="45.28083" lon="6.89944">
        <ele>1596.1</ele>
      </trkpt>
      <trkpt lat="45.28083" lon="6.89941">
        <ele>1596.0</ele>
      </trkpt>
      <trkpt lat="45.28082" lon="6.89932">
        <ele>1596.2</ele>
      </trkpt>
      <trkpt lat="45.2808" lon="6.89923">
        <ele>1596.8</ele>
      </trkpt>
      <trkpt lat="45.28078" lon="6.89914">
        <ele>1597.3</ele>
      </trkpt>
      <trkpt lat="45.28075" lon="6.89905">
        <ele>1597.9</ele>
      </trkpt>
      <trkpt lat="45.28072" lon="6.89896">
        <ele>1598.6</ele>
      </trkpt>
      <trkpt lat="45.28069" lon="6.89887">
        <ele>1599.2</ele>
      </trkpt>
      <trkpt lat="45.28067" lon="6.89878">
        <ele>1599.4</ele>
      </trkpt>
      <trkpt lat="45.28067" lon="6.89872">
        <ele>1598.9</ele>
      </trkpt>
      <trkpt lat="45.28066" lon="6.89869">
        <ele>1599.1</ele>
      </trkpt>
      <trkpt lat="45.28066" lon="6.89865">
        <ele>1598.7</ele>
      </trkpt>
      <trkpt lat="45.28066" lon="6.8986">
        <ele>1598.3</ele>
      </trkpt>
      <trkpt lat="45.28067" lon="6.89855">
        <ele>1597.4</ele>
      </trkpt>
      <trkpt lat="45.280679" lon="6.89851">
        <ele>1596.5</ele>
      </trkpt>
      <trkpt lat="45.280679" lon="6.89847">
        <ele>1596.1</ele>
      </trkpt>
      <trkpt lat="45.2807" lon="6.89842">
        <ele>1594.7</ele>
      </trkpt>
      <trkpt lat="45.28072" lon="6.89834">
        <ele>1592.9</ele>
      </trkpt>
      <trkpt lat="45.28075" lon="6.89826">
        <ele>1591.1</ele>
      </trkpt>
      <trkpt lat="45.28076" lon="6.89821">
        <ele>1590.5</ele>
      </trkpt>
      <trkpt lat="45.280769" lon="6.89817">
        <ele>1589.8</ele>
      </trkpt>
      <trkpt lat="45.28079" lon="6.89808">
        <ele>1588.6</ele>
      </trkpt>
      <trkpt lat="45.2808" lon="6.89799">
        <ele>1587.9</ele>
      </trkpt>
      <trkpt lat="45.2808" lon="6.89789">
        <ele>1587.6</ele>
      </trkpt>
      <trkpt lat="45.2808" lon="6.8978">
        <ele>1587.4</ele>
      </trkpt>
      <trkpt lat="45.28079" lon="6.89773">
        <ele>1587.7</ele>
      </trkpt>
      <trkpt lat="45.28079" lon="6.89771">
        <ele>1587.7</ele>
      </trkpt>
      <trkpt lat="45.28078" lon="6.89762">
        <ele>1587.9</ele>
      </trkpt>
      <trkpt lat="45.280769" lon="6.89753">
        <ele>1588.2</ele>
      </trkpt>
      <trkpt lat="45.28076" lon="6.89748">
        <ele>1588.4</ele>
      </trkpt>
      <trkpt lat="45.28074" lon="6.89737">
        <ele>1588.2</ele>
      </trkpt>
      <trkpt lat="45.28073" lon="6.8973">
        <ele>1587.9</ele>
      </trkpt>
      <trkpt lat="45.28073" lon="6.89723">
        <ele>1587.1</ele>
      </trkpt>
      <trkpt lat="45.28073" lon="6.89717">
        <ele>1586.5</ele>
      </trkpt>
      <trkpt lat="45.28073" lon="6.89713">
        <ele>1586.0</ele>
      </trkpt>
      <trkpt lat="45.28074" lon="6.89711">
        <ele>1585.3</ele>
      </trkpt>
      <trkpt lat="45.28075" lon="6.89708">
        <ele>1584.5</ele>
      </trkpt>
      <trkpt lat="45.280769" lon="6.89705">
        <ele>1583.2</ele>
      </trkpt>
      <trkpt lat="45.2808" lon="6.89702">
        <ele>1581.4</ele>
      </trkpt>
      <trkpt lat="45.28083" lon="6.897">
        <ele>1579.8</ele>
      </trkpt>
      <trkpt lat="45.28085" lon="6.897">
        <ele>1579.0</ele>
      </trkpt>
      <trkpt lat="45.28088" lon="6.897">
        <ele>1577.8</ele>
      </trkpt>
      <trkpt lat="45.2809" lon="6.89701">
        <ele>1577.2</ele>
      </trkpt>
      <trkpt lat="45.28092" lon="6.89703">
        <ele>1576.6</ele>
      </trkpt>
      <trkpt lat="45.28094" lon="6.89704">
        <ele>1576.0</ele>
      </trkpt>
      <trkpt lat="45.28096" lon="6.89707">
        <ele>1575.5</ele>
      </trkpt>
      <trkpt lat="45.28098" lon="6.8971">
        <ele>1575.0</ele>
      </trkpt>
      <trkpt lat="45.281" lon="6.89713">
        <ele>1574.6</ele>
      </trkpt>
      <trkpt lat="45.28101" lon="6.89716">
        <ele>1574.5</ele>
      </trkpt>
      <trkpt lat="45.28102" lon="6.8972">
        <ele>1574.5</ele>
      </trkpt>
      <trkpt lat="45.28103" lon="6.89725">
        <ele>1574.6</ele>
      </trkpt>
      <trkpt lat="45.28104" lon="6.89729">
        <ele>1574.6</ele>
      </trkpt>
      <trkpt lat="45.28105" lon="6.89734">
        <ele>1574.6</ele>
      </trkpt>
      <trkpt lat="45.28105" lon="6.89735">
        <ele>1574.7</ele>
      </trkpt>
      <trkpt lat="45.28105" lon="6.89739">
        <ele>1575.1</ele>
      </trkpt>
      <trkpt lat="45.28105" lon="6.89744">
        <ele>1575.6</ele>
      </trkpt>
      <trkpt lat="45.28105" lon="6.89755">
        <ele>1576.2</ele>
      </trkpt>
      <trkpt lat="45.28105" lon="6.8976">
        <ele>1576.3</ele>
      </trkpt>
      <trkpt lat="45.28105" lon="6.89767">
        <ele>1576.5</ele>
      </trkpt>
      <trkpt lat="45.28104" lon="6.89784">
        <ele>1577.2</ele>
      </trkpt>
      <trkpt lat="45.28104" lon="6.89802">
        <ele>1577.5</ele>
      </trkpt>
      <trkpt lat="45.28104" lon="6.89811">
        <ele>1577.7</ele>
      </trkpt>
      <trkpt lat="45.28105" lon="6.89817">
        <ele>1577.3</ele>
      </trkpt>
      <trkpt lat="45.28105" lon="6.8983">
        <ele>1577.6</ele>
      </trkpt>
      <trkpt lat="45.281059" lon="6.89837">
        <ele>1577.5</ele>
      </trkpt>
      <trkpt lat="45.281059" lon="6.89843">
        <ele>1578.0</ele>
      </trkpt>
      <trkpt lat="45.28109" lon="6.89862">
        <ele>1578.1</ele>
      </trkpt>
      <trkpt lat="45.2811" lon="6.89865">
        <ele>1577.9</ele>
      </trkpt>
      <trkpt lat="45.28113" lon="6.89881">
        <ele>1577.7</ele>
      </trkpt>
      <trkpt lat="45.28114" lon="6.89886">
        <ele>1577.6</ele>
      </trkpt>
      <trkpt lat="45.28116" lon="6.89893">
        <ele>1577.2</ele>
      </trkpt>
      <trkpt lat="45.2812" lon="6.89905">
        <ele>1576.1</ele>
      </trkpt>
      <trkpt lat="45.28121" lon="6.8991">
        <ele>1576.0</ele>
      </trkpt>
      <trkpt lat="45.28128" lon="6.89933">
        <ele>1573.4</ele>
      </trkpt>
      <trkpt lat="45.28143" lon="6.8998">
        <ele>1566.8</ele>
      </trkpt>
      <trkpt lat="45.28165" lon="6.9005">
        <ele>1559.5</ele>
      </trkpt>
      <trkpt lat="45.28172" lon="6.90073">
        <ele>1558.8</ele>
      </trkpt>
      <trkpt lat="45.281799" lon="6.90097">
        <ele>1557.8</ele>
      </trkpt>
      <trkpt lat="45.28202" lon="6.90167">
        <ele>1554.0</ele>
      </trkpt>
      <trkpt lat="45.28206" lon="6.90183">
        <ele>1552.8</ele>
      </trkpt>
      <trkpt lat="45.2821" lon="6.90196">
        <ele>1551.6</ele>
      </trkpt>
      <trkpt lat="45.28213" lon="6.90207">
        <ele>1550.8</ele>
      </trkpt>
      <trkpt lat="45.28216" lon="6.90221">
        <ele>1549.9</ele>
      </trkpt>
      <trkpt lat="45.282179" lon="6.90232">
        <ele>1549.3</ele>
      </trkpt>
      <trkpt lat="45.28219" lon="6.90246">
        <ele>1549.0</ele>
      </trkpt>
      <trkpt lat="45.28219" lon="6.90259">
        <ele>1549.7</ele>
      </trkpt>
      <trkpt lat="45.2822" lon="6.90271">
        <ele>1550.3</ele>
      </trkpt>
      <trkpt lat="45.28221" lon="6.90283">
        <ele>1550.9</ele>
      </trkpt>
      <trkpt lat="45.28222" lon="6.90287">
        <ele>1550.9</ele>
      </trkpt>
      <trkpt lat="45.28223" lon="6.90289">
        <ele>1550.7</ele>
      </trkpt>
      <trkpt lat="45.28224" lon="6.90296">
        <ele>1550.9</ele>
      </trkpt>
      <trkpt lat="45.28228" lon="6.90306">
        <ele>1550.3</ele>
      </trkpt>
      <trkpt lat="45.2823" lon="6.9031">
        <ele>1550.0</ele>
      </trkpt>
      <trkpt lat="45.28233" lon="6.90317">
        <ele>1549.5</ele>
      </trkpt>
      <trkpt lat="45.28239" lon="6.90326">
        <ele>1548.2</ele>
      </trkpt>
      <trkpt lat="45.28245" lon="6.90335">
        <ele>1546.8</ele>
      </trkpt>
      <trkpt lat="45.2826" lon="6.90357">
        <ele>1543.9</ele>
      </trkpt>
      <trkpt lat="45.28266" lon="6.90366">
        <ele>1543.0</ele>
      </trkpt>
      <trkpt lat="45.2827" lon="6.90372">
        <ele>1542.4</ele>
      </trkpt>
      <trkpt lat="45.28279" lon="6.90385">
        <ele>1541.4</ele>
      </trkpt>
      <trkpt lat="45.28292" lon="6.90404">
        <ele>1540.4</ele>
      </trkpt>
      <trkpt lat="45.28304" lon="6.90421">
        <ele>1539.7</ele>
      </trkpt>
      <trkpt lat="45.283119" lon="6.90433">
        <ele>1539.2</ele>
      </trkpt>
      <trkpt lat="45.28323" lon="6.9045">
        <ele>1538.7</ele>
      </trkpt>
      <trkpt lat="45.28328" lon="6.90459">
        <ele>1538.6</ele>
      </trkpt>
      <trkpt lat="45.28331" lon="6.90464">
        <ele>1538.6</ele>
      </trkpt>
      <trkpt lat="45.28333" lon="6.9047">
        <ele>1538.8</ele>
      </trkpt>
      <trkpt lat="45.28335" lon="6.9048">
        <ele>1539.3</ele>
      </trkpt>
      <trkpt lat="45.28336" lon="6.90482">
        <ele>1539.1</ele>
      </trkpt>
      <trkpt lat="45.28337" lon="6.90491">
        <ele>1539.7</ele>
      </trkpt>
      <trkpt lat="45.28339" lon="6.90507">
        <ele>1540.1</ele>
      </trkpt>
      <trkpt lat="45.28339" lon="6.9051">
        <ele>1540.2</ele>
      </trkpt>
      <trkpt lat="45.2834" lon="6.90526">
        <ele>1540.3</ele>
      </trkpt>
      <trkpt lat="45.28341" lon="6.90533">
        <ele>1540.1</ele>
      </trkpt>
      <trkpt lat="45.28341" lon="6.90538">
        <ele>1540.3</ele>
      </trkpt>
      <trkpt lat="45.28343" lon="6.9055">
        <ele>1539.9</ele>
      </trkpt>
      <trkpt lat="45.28345" lon="6.90557">
        <ele>1539.5</ele>
      </trkpt>
      <trkpt lat="45.28346" lon="6.90561">
        <ele>1539.2</ele>
      </trkpt>
      <trkpt lat="45.28349" lon="6.90572">
        <ele>1538.6</ele>
      </trkpt>
      <trkpt lat="45.28353" lon="6.9058">
        <ele>1537.5</ele>
      </trkpt>
      <trkpt lat="45.28354" lon="6.90581">
        <ele>1537.2</ele>
      </trkpt>
      <trkpt lat="45.283589" lon="6.90591">
        <ele>1536.0</ele>
      </trkpt>
      <trkpt lat="45.28364" lon="6.906">
        <ele>1534.8</ele>
      </trkpt>
      <trkpt lat="45.28369" lon="6.9061">
        <ele>1533.6</ele>
      </trkpt>
      <trkpt lat="45.28374" lon="6.90619">
        <ele>1532.3</ele>
      </trkpt>
      <trkpt lat="45.28379" lon="6.90629">
        <ele>1531.1</ele>
      </trkpt>
      <trkpt lat="45.28384" lon="6.90638">
        <ele>1529.8</ele>
      </trkpt>
      <trkpt lat="45.28386" lon="6.90641">
        <ele>1529.3</ele>
      </trkpt>
      <trkpt lat="45.28389" lon="6.90648">
        <ele>1528.5</ele>
      </trkpt>
      <trkpt lat="45.28394" lon="6.90657">
        <ele>1527.2</ele>
      </trkpt>
      <trkpt lat="45.283969" lon="6.90661">
        <ele>1526.4</ele>
      </trkpt>
      <trkpt lat="45.28399" lon="6.90666">
        <ele>1525.9</ele>
      </trkpt>
      <trkpt lat="45.28404" lon="6.90675">
        <ele>1524.8</ele>
      </trkpt>
      <trkpt lat="45.28408" lon="6.90681">
        <ele>1523.8</ele>
      </trkpt>
      <trkpt lat="45.28409" lon="6.90683">
        <ele>1523.6</ele>
      </trkpt>
      <trkpt lat="45.28414" lon="6.90692">
        <ele>1522.5</ele>
      </trkpt>
      <trkpt lat="45.28418" lon="6.907">
        <ele>1521.9</ele>
      </trkpt>
      <trkpt lat="45.28419" lon="6.90701">
        <ele>1521.8</ele>
      </trkpt>
      <trkpt lat="45.28423" lon="6.90708">
        <ele>1521.8</ele>
      </trkpt>
      <trkpt lat="45.28427" lon="6.90716">
        <ele>1521.9</ele>
      </trkpt>
      <trkpt lat="45.2843" lon="6.90721">
        <ele>1522.0</ele>
      </trkpt>
      <trkpt lat="45.2843" lon="6.90722">
        <ele>1522.0</ele>
      </trkpt>
      <trkpt lat="45.28432" lon="6.90725">
        <ele>1522.0</ele>
      </trkpt>
      <trkpt lat="45.28436" lon="6.90733">
        <ele>1522.2</ele>
      </trkpt>
      <trkpt lat="45.2844" lon="6.90741">
        <ele>1522.4</ele>
      </trkpt>
      <trkpt lat="45.28441" lon="6.90742">
        <ele>1522.4</ele>
      </trkpt>
      <trkpt lat="45.28445" lon="6.90749">
        <ele>1522.5</ele>
      </trkpt>
      <trkpt lat="45.28449" lon="6.90757">
        <ele>1522.9</ele>
      </trkpt>
      <trkpt lat="45.284529" lon="6.90765">
        <ele>1523.2</ele>
      </trkpt>
      <trkpt lat="45.28456" lon="6.90772">
        <ele>1523.6</ele>
      </trkpt>
      <trkpt lat="45.28459" lon="6.9078">
        <ele>1524.0</ele>
      </trkpt>
      <trkpt lat="45.284619" lon="6.90787">
        <ele>1524.3</ele>
      </trkpt>
      <trkpt lat="45.28466" lon="6.90794">
        <ele>1524.5</ele>
      </trkpt>
      <trkpt lat="45.28469" lon="6.908">
        <ele>1524.7</ele>
      </trkpt>
      <trkpt lat="45.28473" lon="6.90804">
        <ele>1524.6</ele>
      </trkpt>
      <trkpt lat="45.28476" lon="6.90806">
        <ele>1524.4</ele>
      </trkpt>
      <trkpt lat="45.28478" lon="6.90807">
        <ele>1524.3</ele>
      </trkpt>
      <trkpt lat="45.2848" lon="6.90808">
        <ele>1524.2</ele>
      </trkpt>
      <trkpt lat="45.28483" lon="6.90808">
        <ele>1523.9</ele>
      </trkpt>
      <trkpt lat="45.28487" lon="6.90807">
        <ele>1523.4</ele>
      </trkpt>
      <trkpt lat="45.28491" lon="6.90804">
        <ele>1522.8</ele>
      </trkpt>
      <trkpt lat="45.28495" lon="6.908">
        <ele>1522.1</ele>
      </trkpt>
      <trkpt lat="45.28497" lon="6.90796">
        <ele>1521.6</ele>
      </trkpt>
      <trkpt lat="45.28499" lon="6.90791">
        <ele>1521.0</ele>
      </trkpt>
      <trkpt lat="45.28499" lon="6.9079">
        <ele>1521.0</ele>
      </trkpt>
      <trkpt lat="45.284999" lon="6.90786">
        <ele>1520.6</ele>
      </trkpt>
      <trkpt lat="45.284999" lon="6.90781">
        <ele>1520.2</ele>
      </trkpt>
      <trkpt lat="45.28501" lon="6.90776">
        <ele>1519.8</ele>
      </trkpt>
      <trkpt lat="45.284999" lon="6.90772">
        <ele>1519.6</ele>
      </trkpt>
      <trkpt lat="45.284999" lon="6.90769">
        <ele>1519.4</ele>
      </trkpt>
      <trkpt lat="45.28498" lon="6.90761">
        <ele>1519.0</ele>
      </trkpt>
      <trkpt lat="45.28494" lon="6.90747">
        <ele>1518.2</ele>
      </trkpt>
      <trkpt lat="45.28491" lon="6.90735">
        <ele>1517.4</ele>
      </trkpt>
      <trkpt lat="45.28486" lon="6.90713">
        <ele>1515.8</ele>
      </trkpt>
      <trkpt lat="45.2848" lon="6.90691">
        <ele>1514.5</ele>
      </trkpt>
      <trkpt lat="45.28475" lon="6.90666">
        <ele>1513.0</ele>
      </trkpt>
      <trkpt lat="45.28474" lon="6.90664">
        <ele>1513.0</ele>
      </trkpt>
      <trkpt lat="45.28469" lon="6.9064">
        <ele>1512.2</ele>
      </trkpt>
      <trkpt lat="45.28464" lon="6.90617">
        <ele>1511.5</ele>
      </trkpt>
      <trkpt lat="45.28458" lon="6.90587">
        <ele>1510.7</ele>
      </trkpt>
      <trkpt lat="45.28446" lon="6.90528">
        <ele>1508.2</ele>
      </trkpt>
      <trkpt lat="45.28442" lon="6.90507">
        <ele>1507.4</ele>
      </trkpt>
      <trkpt lat="45.28438" lon="6.90493">
        <ele>1507.0</ele>
      </trkpt>
      <trkpt lat="45.28435" lon="6.90476">
        <ele>1506.2</ele>
      </trkpt>
      <trkpt lat="45.28428" lon="6.90444">
        <ele>1504.9</ele>
      </trkpt>
      <trkpt lat="45.28422" lon="6.90419">
        <ele>1504.0</ele>
      </trkpt>
      <trkpt lat="45.28417" lon="6.90395">
        <ele>1502.3</ele>
      </trkpt>
      <trkpt lat="45.284149" lon="6.90386">
        <ele>1501.9</ele>
      </trkpt>
      <trkpt lat="45.28401" lon="6.90322">
        <ele>1498.4</ele>
      </trkpt>
      <trkpt lat="45.284" lon="6.90318">
        <ele>1498.3</ele>
      </trkpt>
      <trkpt lat="45.28396" lon="6.90297">
        <ele>1497.5</ele>
      </trkpt>
      <trkpt lat="45.28394" lon="6.9029">
        <ele>1497.4</ele>
      </trkpt>
      <trkpt lat="45.28392" lon="6.90277">
        <ele>1496.7</ele>
      </trkpt>
      <trkpt lat="45.28391" lon="6.90273">
        <ele>1496.6</ele>
      </trkpt>
      <trkpt lat="45.2839" lon="6.90263">
        <ele>1495.9</ele>
      </trkpt>
      <trkpt lat="45.28388" lon="6.90249">
        <ele>1495.2</ele>
      </trkpt>
      <trkpt lat="45.28388" lon="6.90247">
        <ele>1495.2</ele>
      </trkpt>
      <trkpt lat="45.28387" lon="6.90239">
        <ele>1495.3</ele>
      </trkpt>
      <trkpt lat="45.28387" lon="6.90229">
        <ele>1495.1</ele>
      </trkpt>
      <trkpt lat="45.28386" lon="6.90179">
        <ele>1494.2</ele>
      </trkpt>
      <trkpt lat="45.28385" lon="6.90153">
        <ele>1493.6</ele>
      </trkpt>
      <trkpt lat="45.28385" lon="6.90152">
        <ele>1493.5</ele>
      </trkpt>
      <trkpt lat="45.28385" lon="6.90138">
        <ele>1492.8</ele>
      </trkpt>
      <trkpt lat="45.28384" lon="6.90127">
        <ele>1492.6</ele>
      </trkpt>
      <trkpt lat="45.28384" lon="6.90125">
        <ele>1492.5</ele>
      </trkpt>
      <trkpt lat="45.28381" lon="6.90102">
        <ele>1492.7</ele>
      </trkpt>
      <trkpt lat="45.28381" lon="6.90098">
        <ele>1492.5</ele>
      </trkpt>
      <trkpt lat="45.28379" lon="6.90084">
        <ele>1492.8</ele>
      </trkpt>
      <trkpt lat="45.28375" lon="6.90051">
        <ele>1492.6</ele>
      </trkpt>
      <trkpt lat="45.28373" lon="6.9003">
        <ele>1492.3</ele>
      </trkpt>
      <trkpt lat="45.28372" lon="6.90026">
        <ele>1492.6</ele>
      </trkpt>
      <trkpt lat="45.2837" lon="6.90001">
        <ele>1492.3</ele>
      </trkpt>
      <trkpt lat="45.283679" lon="6.8999">
        <ele>1492.7</ele>
      </trkpt>
      <trkpt lat="45.28367" lon="6.89976">
        <ele>1492.4</ele>
      </trkpt>
      <trkpt lat="45.28366" lon="6.89965">
        <ele>1492.3</ele>
      </trkpt>
      <trkpt lat="45.28365" lon="6.89953">
        <ele>1492.1</ele>
      </trkpt>
      <trkpt lat="45.28365" lon="6.8995">
        <ele>1491.9</ele>
      </trkpt>
      <trkpt lat="45.28365" lon="6.8994">
        <ele>1491.3</ele>
      </trkpt>
      <trkpt lat="45.28365" lon="6.89928">
        <ele>1490.6</ele>
      </trkpt>
      <trkpt lat="45.28365" lon="6.89925">
        <ele>1490.4</ele>
      </trkpt>
      <trkpt lat="45.28365" lon="6.89914">
        <ele>1489.8</ele>
      </trkpt>
      <trkpt lat="45.28366" lon="6.89903">
        <ele>1488.7</ele>
      </trkpt>
      <trkpt lat="45.28367" lon="6.89899">
        <ele>1487.9</ele>
      </trkpt>
      <trkpt lat="45.283679" lon="6.89891">
        <ele>1487.0</ele>
      </trkpt>
      <trkpt lat="45.2837" lon="6.89878">
        <ele>1485.5</ele>
      </trkpt>
      <trkpt lat="45.28371" lon="6.89874">
        <ele>1484.8</ele>
      </trkpt>
      <trkpt lat="45.28372" lon="6.89866">
        <ele>1484.0</ele>
      </trkpt>
      <trkpt lat="45.28375" lon="6.89855">
        <ele>1482.3</ele>
      </trkpt>
      <trkpt lat="45.28378" lon="6.89844">
        <ele>1480.6</ele>
      </trkpt>
      <trkpt lat="45.28381" lon="6.89832">
        <ele>1479.0</ele>
      </trkpt>
      <trkpt lat="45.28387" lon="6.8981">
        <ele>1475.3</ele>
      </trkpt>
      <trkpt lat="45.2839" lon="6.89798">
        <ele>1473.5</ele>
      </trkpt>
      <trkpt lat="45.28393" lon="6.89786">
        <ele>1471.7</ele>
      </trkpt>
      <trkpt lat="45.28394" lon="6.89778">
        <ele>1470.9</ele>
      </trkpt>
      <trkpt lat="45.28395" lon="6.89775">
        <ele>1470.4</ele>
      </trkpt>
      <trkpt lat="45.28396" lon="6.89764">
        <ele>1469.5</ele>
      </trkpt>
      <trkpt lat="45.28396" lon="6.89752">
        <ele>1468.8</ele>
      </trkpt>
      <trkpt lat="45.28396" lon="6.89749">
        <ele>1468.6</ele>
      </trkpt>
      <trkpt lat="45.28395" lon="6.89739">
        <ele>1468.5</ele>
      </trkpt>
      <trkpt lat="45.28394" lon="6.89727">
        <ele>1468.2</ele>
      </trkpt>
      <trkpt lat="45.28392" lon="6.89715">
        <ele>1468.3</ele>
      </trkpt>
      <trkpt lat="45.28389" lon="6.89703">
        <ele>1468.9</ele>
      </trkpt>
      <trkpt lat="45.28385" lon="6.89685">
        <ele>1469.7</ele>
      </trkpt>
      <trkpt lat="45.28384" lon="6.89678">
        <ele>1469.8</ele>
      </trkpt>
      <trkpt lat="45.28383" lon="6.89667">
        <ele>1469.7</ele>
      </trkpt>
      <trkpt lat="45.28381" lon="6.89653">
        <ele>1470.4</ele>
      </trkpt>
      <trkpt lat="45.28381" lon="6.8964">
        <ele>1470.3</ele>
      </trkpt>
      <trkpt lat="45.28381" lon="6.89628">
        <ele>1470.2</ele>
      </trkpt>
      <trkpt lat="45.28381" lon="6.89627">
        <ele>1470.1</ele>
      </trkpt>
      <trkpt lat="45.28382" lon="6.89615">
        <ele>1469.6</ele>
      </trkpt>
      <trkpt lat="45.28383" lon="6.89602">
        <ele>1469.1</ele>
      </trkpt>
      <trkpt lat="45.28385" lon="6.89589">
        <ele>1468.2</ele>
      </trkpt>
      <trkpt lat="45.28388" lon="6.89564">
        <ele>1467.3</ele>
      </trkpt>
      <trkpt lat="45.2839" lon="6.89552">
        <ele>1466.8</ele>
      </trkpt>
      <trkpt lat="45.28396" lon="6.89521">
        <ele>1465.3</ele>
      </trkpt>
      <trkpt lat="45.28401" lon="6.89494">
        <ele>1463.4</ele>
      </trkpt>
      <trkpt lat="45.28402" lon="6.89478">
        <ele>1461.4</ele>
      </trkpt>
      <trkpt lat="45.28404" lon="6.89465">
        <ele>1459.3</ele>
      </trkpt>
      <trkpt lat="45.28404" lon="6.89453">
        <ele>1458.0</ele>
      </trkpt>
      <trkpt lat="45.28404" lon="6.89452">
        <ele>1457.9</ele>
      </trkpt>
      <trkpt lat="45.28404" lon="6.89434">
        <ele>1455.9</ele>
      </trkpt>
      <trkpt lat="45.28402" lon="6.89417">
        <ele>1454.8</ele>
      </trkpt>
      <trkpt lat="45.284" lon="6.89401">
        <ele>1455.1</ele>
      </trkpt>
      <trkpt lat="45.28399" lon="6.89394">
        <ele>1455.4</ele>
      </trkpt>
      <trkpt lat="45.28396" lon="6.89376">
        <ele>1456.1</ele>
      </trkpt>
      <trkpt lat="45.28395" lon="6.89372">
        <ele>1456.4</ele>
      </trkpt>
      <trkpt lat="45.28394" lon="6.89359">
        <ele>1456.5</ele>
      </trkpt>
      <trkpt lat="45.28394" lon="6.89344">
        <ele>1456.1</ele>
      </trkpt>
      <trkpt lat="45.28396" lon="6.89329">
        <ele>1455.2</ele>
      </trkpt>
      <trkpt lat="45.28398" lon="6.8932">
        <ele>1455.0</ele>
      </trkpt>
      <trkpt lat="45.284" lon="6.89313">
        <ele>1454.7</ele>
      </trkpt>
      <trkpt lat="45.28404" lon="6.89301">
        <ele>1453.8</ele>
      </trkpt>
      <trkpt lat="45.284059" lon="6.89295">
        <ele>1453.4</ele>
      </trkpt>
      <trkpt lat="45.28409" lon="6.89284">
        <ele>1452.9</ele>
      </trkpt>
      <trkpt lat="45.28412" lon="6.89273">
        <ele>1452.4</ele>
      </trkpt>
      <trkpt lat="45.28413" lon="6.8926">
        <ele>1452.9</ele>
      </trkpt>
      <trkpt lat="45.28413" lon="6.89254">
        <ele>1453.3</ele>
      </trkpt>
      <trkpt lat="45.28414" lon="6.89249">
        <ele>1453.2</ele>
      </trkpt>
      <trkpt lat="45.28413" lon="6.89228">
        <ele>1453.7</ele>
      </trkpt>
      <trkpt lat="45.28413" lon="6.89224">
        <ele>1453.7</ele>
      </trkpt>
      <trkpt lat="45.28412" lon="6.89203">
        <ele>1454.2</ele>
      </trkpt>
      <trkpt lat="45.28412" lon="6.89199">
        <ele>1454.3</ele>
      </trkpt>
      <trkpt lat="45.28411" lon="6.89177">
        <ele>1454.9</ele>
      </trkpt>
      <trkpt lat="45.28411" lon="6.89174">
        <ele>1454.9</ele>
      </trkpt>
      <trkpt lat="45.2841" lon="6.89152">
        <ele>1455.1</ele>
      </trkpt>
      <trkpt lat="45.28408" lon="6.89128">
        <ele>1455.6</ele>
      </trkpt>
      <trkpt lat="45.28408" lon="6.89126">
        <ele>1455.6</ele>
      </trkpt>
      <trkpt lat="45.28407" lon="6.89101">
        <ele>1455.6</ele>
      </trkpt>
      <trkpt lat="45.28407" lon="6.89098">
        <ele>1455.5</ele>
      </trkpt>
      <trkpt lat="45.284059" lon="6.89075">
        <ele>1455.4</ele>
      </trkpt>
      <trkpt lat="45.28405" lon="6.89061">
        <ele>1455.2</ele>
      </trkpt>
      <trkpt lat="45.28405" lon="6.8905">
        <ele>1454.7</ele>
      </trkpt>
      <trkpt lat="45.28404" lon="6.89033">
        <ele>1454.4</ele>
      </trkpt>
      <trkpt lat="45.28404" lon="6.89024">
        <ele>1454.0</ele>
      </trkpt>
      <trkpt lat="45.28404" lon="6.89018">
        <ele>1453.7</ele>
      </trkpt>
      <trkpt lat="45.28404" lon="6.89006">
        <ele>1453.1</ele>
      </trkpt>
      <trkpt lat="45.28405" lon="6.88999">
        <ele>1452.2</ele>
      </trkpt>
      <trkpt lat="45.284059" lon="6.88993">
        <ele>1451.2</ele>
      </trkpt>
      <trkpt lat="45.28408" lon="6.88981">
        <ele>1449.1</ele>
      </trkpt>
      <trkpt lat="45.2841" lon="6.88974">
        <ele>1447.4</ele>
      </trkpt>
      <trkpt lat="45.28411" lon="6.88969">
        <ele>1446.5</ele>
      </trkpt>
      <trkpt lat="45.28414" lon="6.88957">
        <ele>1443.8</ele>
      </trkpt>
      <trkpt lat="45.28416" lon="6.8895">
        <ele>1442.2</ele>
      </trkpt>
      <trkpt lat="45.28417" lon="6.88945">
        <ele>1441.3</ele>
      </trkpt>
      <trkpt lat="45.28418" lon="6.88932">
        <ele>1439.9</ele>
      </trkpt>
      <trkpt lat="45.28419" lon="6.88925">
        <ele>1439.0</ele>
      </trkpt>
      <trkpt lat="45.28419" lon="6.88917">
        <ele>1438.4</ele>
      </trkpt>
      <trkpt lat="45.28419" lon="6.889">
        <ele>1437.0</ele>
      </trkpt>
      <trkpt lat="45.28419" lon="6.88894">
        <ele>1436.5</ele>
      </trkpt>
      <trkpt lat="45.28417" lon="6.88854">
        <ele>1433.7</ele>
      </trkpt>
      <trkpt lat="45.28417" lon="6.8884">
        <ele>1432.5</ele>
      </trkpt>
      <trkpt lat="45.28417" lon="6.88828">
        <ele>1431.6</ele>
      </trkpt>
      <trkpt lat="45.28417" lon="6.88823">
        <ele>1431.3</ele>
      </trkpt>
      <trkpt lat="45.28417" lon="6.88816">
        <ele>1430.9</ele>
      </trkpt>
      <trkpt lat="45.28418" lon="6.88803">
        <ele>1429.9</ele>
      </trkpt>
      <trkpt lat="45.28418" lon="6.88797">
        <ele>1429.6</ele>
      </trkpt>
      <trkpt lat="45.2842" lon="6.8878">
        <ele>1428.2</ele>
      </trkpt>
      <trkpt lat="45.28421" lon="6.88772">
        <ele>1427.5</ele>
      </trkpt>
      <trkpt lat="45.284239" lon="6.88747">
        <ele>1425.7</ele>
      </trkpt>
      <trkpt lat="45.28426" lon="6.88722">
        <ele>1425.1</ele>
      </trkpt>
      <trkpt lat="45.28428" lon="6.88712">
        <ele>1424.6</ele>
      </trkpt>
      <trkpt lat="45.2843" lon="6.88696">
        <ele>1424.1</ele>
      </trkpt>
      <trkpt lat="45.2843" lon="6.88691">
        <ele>1424.0</ele>
      </trkpt>
      <trkpt lat="45.28433" lon="6.88671">
        <ele>1423.1</ele>
      </trkpt>
      <trkpt lat="45.28434" lon="6.88658">
        <ele>1422.4</ele>
      </trkpt>
      <trkpt lat="45.28436" lon="6.88646">
        <ele>1421.4</ele>
      </trkpt>
      <trkpt lat="45.28437" lon="6.88644">
        <ele>1421.1</ele>
      </trkpt>
      <trkpt lat="45.28438" lon="6.88629">
        <ele>1420.2</ele>
      </trkpt>
      <trkpt lat="45.28439" lon="6.88621">
        <ele>1419.6</ele>
      </trkpt>
      <trkpt lat="45.2844" lon="6.88613">
        <ele>1419.0</ele>
      </trkpt>
      <trkpt lat="45.28441" lon="6.88597">
        <ele>1418.1</ele>
      </trkpt>
      <trkpt lat="45.28441" lon="6.88596">
        <ele>1418.0</ele>
      </trkpt>
      <trkpt lat="45.28442" lon="6.88582">
        <ele>1417.2</ele>
      </trkpt>
      <trkpt lat="45.28441" lon="6.88569">
        <ele>1416.8</ele>
      </trkpt>
      <trkpt lat="45.28439" lon="6.88552">
        <ele>1416.4</ele>
      </trkpt>
      <trkpt lat="45.28438" lon="6.88545">
        <ele>1416.3</ele>
      </trkpt>
      <trkpt lat="45.28437" lon="6.88535">
        <ele>1416.0</ele>
      </trkpt>
      <trkpt lat="45.28433" lon="6.88515">
        <ele>1416.0</ele>
      </trkpt>
      <trkpt lat="45.28429" lon="6.8849">
        <ele>1416.4</ele>
      </trkpt>
      <trkpt lat="45.28428" lon="6.88479">
        <ele>1416.8</ele>
      </trkpt>
      <trkpt lat="45.28427" lon="6.88468">
        <ele>1417.2</ele>
      </trkpt>
      <trkpt lat="45.28427" lon="6.88456">
        <ele>1417.4</ele>
      </trkpt>
      <trkpt lat="45.28427" lon="6.88446">
        <ele>1417.6</ele>
      </trkpt>
      <trkpt lat="45.28428" lon="6.88435">
        <ele>1417.6</ele>
      </trkpt>
      <trkpt lat="45.28429" lon="6.88424">
        <ele>1417.5</ele>
      </trkpt>
      <trkpt lat="45.2843" lon="6.88419">
        <ele>1417.3</ele>
      </trkpt>
      <trkpt lat="45.28431" lon="6.8841">
        <ele>1417.4</ele>
      </trkpt>
      <trkpt lat="45.28435" lon="6.88394">
        <ele>1416.9</ele>
      </trkpt>
      <trkpt lat="45.28436" lon="6.88384">
        <ele>1417.1</ele>
      </trkpt>
      <trkpt lat="45.28438" lon="6.88374">
        <ele>1416.9</ele>
      </trkpt>
      <trkpt lat="45.28439" lon="6.8837">
        <ele>1416.7</ele>
      </trkpt>
      <trkpt lat="45.28442" lon="6.88354">
        <ele>1416.4</ele>
      </trkpt>
      <trkpt lat="45.28443" lon="6.8835">
        <ele>1416.2</ele>
      </trkpt>
      <trkpt lat="45.284439" lon="6.88345">
        <ele>1416.1</ele>
      </trkpt>
      <trkpt lat="45.284439" lon="6.88344">
        <ele>1416.1</ele>
      </trkpt>
      <trkpt lat="45.28446" lon="6.88338">
        <ele>1415.6</ele>
      </trkpt>
      <trkpt lat="45.28448" lon="6.88333">
        <ele>1415.1</ele>
      </trkpt>
      <trkpt lat="45.28451" lon="6.88327">
        <ele>1414.0</ele>
      </trkpt>
      <trkpt lat="45.284529" lon="6.88323">
        <ele>1413.3</ele>
      </trkpt>
      <trkpt lat="45.284529" lon="6.88322">
        <ele>1413.3</ele>
      </trkpt>
      <trkpt lat="45.28456" lon="6.88317">
        <ele>1412.2</ele>
      </trkpt>
      <trkpt lat="45.28459" lon="6.88313">
        <ele>1411.2</ele>
      </trkpt>
      <trkpt lat="45.28466" lon="6.88306">
        <ele>1408.8</ele>
      </trkpt>
      <trkpt lat="45.28474" lon="6.88301">
        <ele>1406.1</ele>
      </trkpt>
      <trkpt lat="45.2849" lon="6.88291">
        <ele>1400.8</ele>
      </trkpt>
      <trkpt lat="45.28507" lon="6.88281">
        <ele>1397.8</ele>
      </trkpt>
      <trkpt lat="45.28521" lon="6.88272">
        <ele>1398.2</ele>
      </trkpt>
      <trkpt lat="45.28525" lon="6.8827">
        <ele>1398.4</ele>
      </trkpt>
      <trkpt lat="45.2853" lon="6.88267">
        <ele>1398.5</ele>
      </trkpt>
      <trkpt lat="45.28541" lon="6.88262">
        <ele>1398.8</ele>
      </trkpt>
      <trkpt lat="45.28546" lon="6.88259">
        <ele>1399.0</ele>
      </trkpt>
      <trkpt lat="45.285469" lon="6.88258">
        <ele>1399.0</ele>
      </trkpt>
      <trkpt lat="45.28549" lon="6.88256">
        <ele>1399.1</ele>
      </trkpt>
      <trkpt lat="45.28551" lon="6.88254">
        <ele>1399.2</ele>
      </trkpt>
      <trkpt lat="45.285559" lon="6.88249">
        <ele>1399.3</ele>
      </trkpt>
      <trkpt lat="45.285559" lon="6.88249">
        <ele>1399.3</ele>
      </trkpt>
      <trkpt lat="45.28554" lon="6.88223">
        <ele>1398.9</ele>
      </trkpt>
      <trkpt lat="45.28553" lon="6.88203">
        <ele>1398.5</ele>
      </trkpt>
      <trkpt lat="45.28548" lon="6.88156">
        <ele>1397.6</ele>
      </trkpt>
      <trkpt lat="45.28544" lon="6.88117">
        <ele>1397.0</ele>
      </trkpt>
      <trkpt lat="45.28539" lon="6.8806">
        <ele>1396.1</ele>
      </trkpt>
      <trkpt lat="45.28533" lon="6.88011">
        <ele>1395.1</ele>
      </trkpt>
      <trkpt lat="45.28531" lon="6.87983">
        <ele>1394.7</ele>
      </trkpt>
      <trkpt lat="45.28529" lon="6.87956">
        <ele>1394.2</ele>
      </trkpt>
      <trkpt lat="45.28528" lon="6.87933">
        <ele>1393.9</ele>
      </trkpt>
      <trkpt lat="45.28527" lon="6.87918">
        <ele>1393.6</ele>
      </trkpt>
      <trkpt lat="45.28526" lon="6.87882">
        <ele>1393.0</ele>
      </trkpt>
      <trkpt lat="45.28525" lon="6.87847">
        <ele>1392.4</ele>
      </trkpt>
      <trkpt lat="45.28521" lon="6.87769">
        <ele>1393.0</ele>
      </trkpt>
      <trkpt lat="45.2852" lon="6.87744">
        <ele>1393.3</ele>
      </trkpt>
      <trkpt lat="45.2852" lon="6.87734">
        <ele>1393.5</ele>
      </trkpt>
      <trkpt lat="45.2852" lon="6.87701">
        <ele>1394.2</ele>
      </trkpt>
      <trkpt lat="45.2852" lon="6.87685">
        <ele>1394.5</ele>
      </trkpt>
      <trkpt lat="45.28521" lon="6.87672">
        <ele>1394.9</ele>
      </trkpt>
      <trkpt lat="45.28523" lon="6.87655">
        <ele>1395.4</ele>
      </trkpt>
      <trkpt lat="45.28531" lon="6.87591">
        <ele>1397.1</ele>
      </trkpt>
      <trkpt lat="45.28534" lon="6.8755">
        <ele>1396.9</ele>
      </trkpt>
      <trkpt lat="45.28533" lon="6.87517">
        <ele>1396.2</ele>
      </trkpt>
      <trkpt lat="45.28531" lon="6.87484">
        <ele>1396.1</ele>
      </trkpt>
      <trkpt lat="45.2853" lon="6.87468">
        <ele>1396.3</ele>
      </trkpt>
      <trkpt lat="45.28528" lon="6.87452">
        <ele>1396.3</ele>
      </trkpt>
      <trkpt lat="45.28527" lon="6.8744">
        <ele>1396.4</ele>
      </trkpt>
      <trkpt lat="45.28525" lon="6.87428">
        <ele>1396.3</ele>
      </trkpt>
      <trkpt lat="45.28523" lon="6.87415">
        <ele>1396.2</ele>
      </trkpt>
      <trkpt lat="45.28519" lon="6.87391">
        <ele>1395.9</ele>
      </trkpt>
      <trkpt lat="45.285179" lon="6.87386">
        <ele>1395.8</ele>
      </trkpt>
      <trkpt lat="45.2851" lon="6.87353">
        <ele>1394.4</ele>
      </trkpt>
      <trkpt lat="45.285034" lon="6.873557">
        <ele>1392.8</ele>
      </trkpt>
      <trkpt lat="45.28419" lon="6.86942">
        <ele>1392.5</ele>
      </trkpt>
      <trkpt lat="45.28573" lon="6.86027">
        <ele>1373.1</ele>
      </trkpt>
      <trkpt lat="45.28588" lon="6.84868">
        <ele>1362.5</ele>
      </trkpt>
      <trkpt lat="45.28513" lon="6.83641">
        <ele>1375.1</ele>
      </trkpt>
      <trkpt lat="45.28225" lon="6.82702">
        <ele>1400.8</ele>
      </trkpt>
      <trkpt lat="45.27903" lon="6.81976">
        <ele>1376.9</ele>
      </trkpt>
      <trkpt lat="45.27877" lon="6.81835">
        <ele>1351.2</ele>
      </trkpt>
      <trkpt lat="45.28018" lon="6.81692">
        <ele>1329.0</ele>
      </trkpt>
      <trkpt lat="45.28128" lon="6.81611">
        <ele>1312.6</ele>
      </trkpt>
      <trkpt lat="45.27677" lon="6.81685">
        <ele>1310.0</ele>
      </trkpt>
      <trkpt lat="45.27701" lon="6.81438">
        <ele>1301.2</ele>
      </trkpt>
      <trkpt lat="45.27441" lon="6.81289">
        <ele>1278.4</ele>
      </trkpt>
      <trkpt lat="45.27261" lon="6.81437">
        <ele>1281.2</ele>
      </trkpt>
      <trkpt lat="45.27074" lon="6.81373">
        <ele>1268.1</ele>
      </trkpt>
      <trkpt lat="45.268859" lon="6.81471">
        <ele>1269.5</ele>
      </trkpt>
      <trkpt lat="45.26358" lon="6.81117">
        <ele>1283.6</ele>
      </trkpt>
      <trkpt lat="45.26235" lon="6.8068">
        <ele>1270.5</ele>
      </trkpt>
      <trkpt lat="45.26203" lon="6.8031">
        <ele>1267.3</ele>
      </trkpt>
      <trkpt lat="45.261" lon="6.80133">
        <ele>1268.9</ele>
      </trkpt>
      <trkpt lat="45.25453" lon="6.79726">
        <ele>1268.1</ele>
      </trkpt>
      <trkpt lat="45.25317" lon="6.79668">
        <ele>1247.2</ele>
      </trkpt>
      <trkpt lat="45.25073" lon="6.79785">
        <ele>1224.9</ele>
      </trkpt>
      <trkpt lat="45.24806" lon="6.79766">
        <ele>1246.1</ele>
      </trkpt>
      <trkpt lat="45.24541" lon="6.79617">
        <ele>1243.8</ele>
      </trkpt>
      <trkpt lat="45.24357" lon="6.79257">
        <ele>1242.0</ele>
      </trkpt>
      <trkpt lat="45.24097" lon="6.79292">
        <ele>1223.2</ele>
      </trkpt>
      <trkpt lat="45.23271" lon="6.78579">
        <ele>1231.9</ele>
      </trkpt>
      <trkpt lat="45.22618" lon="6.77256">
        <ele>1223.9</ele>
      </trkpt>
      <trkpt lat="45.22517" lon="6.76744">
        <ele>1215.9</ele>
      </trkpt>
      <trkpt lat="45.2236" lon="6.76289">
        <ele>1204.0</ele>
      </trkpt>
      <trkpt lat="45.21988" lon="6.76144">
        <ele>1214.4</ele>
      </trkpt>
      <trkpt lat="45.21915" lon="6.76014">
        <ele>1217.0</ele>
      </trkpt>
      <trkpt lat="45.21849" lon="6.75638">
        <ele>1222.2</ele>
      </trkpt>
      <trkpt lat="45.21655" lon="6.75353">
        <ele>1235.7</ele>
      </trkpt>
      <trkpt lat="45.21586" lon="6.75325">
        <ele>1237.4</ele>
      </trkpt>
      <trkpt lat="45.21479" lon="6.75131">
        <ele>1239.5</ele>
      </trkpt>
      <trkpt lat="45.21437" lon="6.74902">
        <ele>1244.3</ele>
      </trkpt>
      <trkpt lat="45.21279" lon="6.74676">
        <ele>1258.9</ele>
      </trkpt>
      <trkpt lat="45.21173" lon="6.74622">
        <ele>1272.2</ele>
      </trkpt>
      <trkpt lat="45.2109" lon="6.74424">
        <ele>1266.9</ele>
      </trkpt>
      <trkpt lat="45.21013" lon="6.74149">
        <ele>1266.2</ele>
      </trkpt>
      <trkpt lat="45.20895" lon="6.74036">
        <ele>1279.0</ele>
      </trkpt>
      <trkpt lat="45.20742" lon="6.73608">
        <ele>1267.1</ele>
      </trkpt>
      <trkpt lat="45.20637" lon="6.73513">
        <ele>1259.5</ele>
      </trkpt>
      <trkpt lat="45.20853" lon="6.73269">
        <ele>1254.5</ele>
      </trkpt>
      <trkpt lat="45.20924" lon="6.72653">
        <ele>1252.9</ele>
      </trkpt>
      <trkpt lat="45.2108" lon="6.7234">
        <ele>1245.8</ele>
      </trkpt>
      <trkpt lat="45.21009" lon="6.71967">
        <ele>1235.3</ele>
      </trkpt>
      <trkpt lat="45.20868" lon="6.71745">
        <ele>1251.1</ele>
      </trkpt>
      <trkpt lat="45.2072" lon="6.71603">
        <ele>1240.1</ele>
      </trkpt>
      <trkpt lat="45.20693" lon="6.70843">
        <ele>1219.7</ele>
      </trkpt>
      <trkpt lat="45.20581" lon="6.70546">
        <ele>1211.9</ele>
      </trkpt>
      <trkpt lat="45.20606" lon="6.69658">
        <ele>1230.3</ele>
      </trkpt>
      <trkpt lat="45.20756" lon="6.69429">
        <ele>1172.9</ele>
      </trkpt>
      <trkpt lat="45.2042" lon="6.68267">
        <ele>1113.0</ele>
      </trkpt>
      <trkpt lat="45.20446" lon="6.67659">
        <ele>1087.2</ele>
      </trkpt>
      <trkpt lat="45.20235" lon="6.67124">
        <ele>1075.4</ele>
      </trkpt>
      <trkpt lat="45.19995" lon="6.6684">
        <ele>1071.6</ele>
      </trkpt>
      <trkpt lat="45.19792" lon="6.66482">
        <ele>1067.3</ele>
      </trkpt>
      <trkpt lat="45.19295" lon="6.65679">
        <ele>1070.9</ele>
      </trkpt>
      <trkpt lat="45.19127" lon="6.64708">
        <ele>1046.8</ele>
      </trkpt>
      <trkpt lat="45.19064" lon="6.644459">
        <ele>1043.0</ele>
      </trkpt>
      <trkpt lat="45.191" lon="6.63994">
        <ele>1047.0</ele>
      </trkpt>
      <trkpt lat="45.1926" lon="6.63744">
        <ele>1048.2</ele>
      </trkpt>
      <trkpt lat="45.19419" lon="6.6297">
        <ele>1040.1</ele>
      </trkpt>
      <trkpt lat="45.19653" lon="6.62123">
        <ele>1020.8</ele>
      </trkpt>
      <trkpt lat="45.19627" lon="6.62092">
        <ele>1019.2</ele>
      </trkpt>
      <trkpt lat="45.19614" lon="6.61835">
        <ele>1033.0</ele>
      </trkpt>
      <trkpt lat="45.197339" lon="6.61615">
        <ele>1024.5</ele>
      </trkpt>
      <trkpt lat="45.19858" lon="6.61042">
        <ele>1007.9</ele>
      </trkpt>
      <trkpt lat="45.19894" lon="6.60394">
        <ele>989.3</ele>
      </trkpt>
      <trkpt lat="45.19873" lon="6.60175">
        <ele>1062.0</ele>
      </trkpt>
      <trkpt lat="45.20012" lon="6.59886">
        <ele>959.7</ele>
      </trkpt>
      <trkpt lat="45.20033" lon="6.59579">
        <ele>968.6</ele>
      </trkpt>
      <trkpt lat="45.2012" lon="6.59252">
        <ele>955.9</ele>
      </trkpt>
      <trkpt lat="45.20206" lon="6.58785">
        <ele>935.6</ele>
      </trkpt>
      <trkpt lat="45.20508" lon="6.57836">
        <ele>927.3</ele>
      </trkpt>
      <trkpt lat="45.20693" lon="6.568329">
        <ele>922.2</ele>
      </trkpt>
      <trkpt lat="45.20697" lon="6.56602">
        <ele>934.0</ele>
      </trkpt>
      <trkpt lat="45.20744" lon="6.56378">
        <ele>922.8</ele>
      </trkpt>
      <trkpt lat="45.20685" lon="6.56045">
        <ele>934.1</ele>
      </trkpt>
      <trkpt lat="45.20708" lon="6.55794">
        <ele>929.1</ele>
      </trkpt>
      <trkpt lat="45.20661" lon="6.55529">
        <ele>921.0</ele>
      </trkpt>
      <trkpt lat="45.20735" lon="6.54601">
        <ele>877.8</ele>
      </trkpt>
      <trkpt lat="45.20699" lon="6.54208">
        <ele>889.1</ele>
      </trkpt>
      <trkpt lat="45.20769" lon="6.53534">
        <ele>861.0</ele>
      </trkpt>
      <trkpt lat="45.20781" lon="6.53023">
        <ele>846.2</ele>
      </trkpt>
      <trkpt lat="45.20759" lon="6.525489">
        <ele>851.3</ele>
      </trkpt>
      <trkpt lat="45.20819" lon="6.52104">
        <ele>839.8</ele>
      </trkpt>
      <trkpt lat="45.20926" lon="6.51708">
        <ele>839.3</ele>
      </trkpt>
      <trkpt lat="45.21015" lon="6.512679">
        <ele>854.1</ele>
      </trkpt>
      <trkpt lat="45.21121" lon="6.50861">
        <ele>826.2</ele>
      </trkpt>
      <trkpt lat="45.21116" lon="6.49863">
        <ele>778.5</ele>
      </trkpt>
      <trkpt lat="45.210209" lon="6.48799">
        <ele>758.1</ele>
      </trkpt>
      <trkpt lat="45.21075" lon="6.48477">
        <ele>748.5</ele>
      </trkpt>
      <trkpt lat="45.21026" lon="6.47979">
        <ele>739.3</ele>
      </trkpt>
      <trkpt lat="45.215267" lon="6.47524">
        <ele>719.8</ele>
      </trkpt>
      <trkpt lat="45.215267" lon="6.47524">
        <ele>719.8</ele>
      </trkpt>
      <trkpt lat="45.215978" lon="6.474159">
        <ele>714.2</ele>
      </trkpt>
      <trkpt lat="45.216689" lon="6.473077">
        <ele>713.7</ele>
      </trkpt>
      <trkpt lat="45.216502" lon="6.47273">
        <ele>713.4</ele>
      </trkpt>
      <trkpt lat="45.216532" lon="6.473302">
        <ele>713.8</ele>
      </trkpt>
      <trkpt lat="45.21657" lon="6.47335">
        <ele>713.9</ele>
      </trkpt>
      <trkpt lat="45.21658" lon="6.47334">
        <ele>713.9</ele>
      </trkpt>
    </trkseg>
  </trk>
</gpx>
