<?xml version="1.0" encoding="UTF-8"?>
<gpx xmlns:gpxdata="http://www.cluetrust.com/XML/GPXDATA/1/0" xmlns:xsi="http://www.w3.org/2001/XMLSchema-instance" xmlns="http://www.topografix.com/GPX/1/1" version="1.1" creator="http://ridewithgps.com/" xsi:schemaLocation="http://www.topografix.com/GPX/1/1 http://www.topografix.com/GPX/1/1/gpx.xsd http://www.cluetrust.com/XML/GPXDATA/1/0 http://www.cluetrust.com/Schemas/gpxdata10.xsd">
  <metadata>
    <name>TDGC_2026-09-11 (lang)</name>
    <link href="https://ridewithgps.com/routes/38665349">
      <text>TDGC_2026-09-11 (lang)</text>
    </link>
    <time>2022-02-28T21:15:46Z</time>
  </metadata>
  <trk>
    <name>TDGC_2026-09-11 (lang)</name>
    <trkseg>
      <trkpt lat="44.9047" lon="6.63019">
        <ele>1259.8</ele>
      </trkpt>
      <trkpt lat="44.90466" lon="6.63021">
        <ele>1259.5</ele>
      </trkpt>
      <trkpt lat="44.90466" lon="6.63021">
        <ele>1259.5</ele>
      </trkpt>
      <trkpt lat="44.90446" lon="6.63026">
        <ele>1257.5</ele>
      </trkpt>
      <trkpt lat="44.90431" lon="6.6303">
        <ele>1256.1</ele>
      </trkpt>
      <trkpt lat="44.904179" lon="6.63027">
        <ele>1254.4</ele>
      </trkpt>
      <trkpt lat="44.904089" lon="6.63025">
        <ele>1253.8</ele>
      </trkpt>
      <trkpt lat="44.904" lon="6.630219">
        <ele>1253.3</ele>
      </trkpt>
      <trkpt lat="44.90399" lon="6.63019">
        <ele>1253.2</ele>
      </trkpt>
      <trkpt lat="44.90397" lon="6.63017">
        <ele>1253.0</ele>
      </trkpt>
      <trkpt lat="44.90396" lon="6.63016">
        <ele>1252.9</ele>
      </trkpt>
      <trkpt lat="44.90395" lon="6.63015">
        <ele>1252.9</ele>
      </trkpt>
      <trkpt lat="44.90393" lon="6.63016">
        <ele>1252.8</ele>
      </trkpt>
      <trkpt lat="44.90391" lon="6.63017">
        <ele>1252.8</ele>
      </trkpt>
      <trkpt lat="44.9039" lon="6.63018">
        <ele>1252.7</ele>
      </trkpt>
      <trkpt lat="44.903889" lon="6.6302">
        <ele>1252.7</ele>
      </trkpt>
      <trkpt lat="44.903799" lon="6.63019">
        <ele>1252.3</ele>
      </trkpt>
      <trkpt lat="44.90374" lon="6.63019">
        <ele>1252.1</ele>
      </trkpt>
      <trkpt lat="44.90369" lon="6.63019">
        <ele>1251.9</ele>
      </trkpt>
      <trkpt lat="44.9036" lon="6.63018">
        <ele>1251.5</ele>
      </trkpt>
      <trkpt lat="44.90356" lon="6.63017">
        <ele>1251.3</ele>
      </trkpt>
      <trkpt lat="44.90341" lon="6.63013">
        <ele>1250.8</ele>
      </trkpt>
      <trkpt lat="44.90341" lon="6.63013">
        <ele>1250.8</ele>
      </trkpt>
      <trkpt lat="44.90339" lon="6.630219">
        <ele>1250.5</ele>
      </trkpt>
      <trkpt lat="44.90337" lon="6.630289">
        <ele>1250.2</ele>
      </trkpt>
      <trkpt lat="44.90334" lon="6.63034">
        <ele>1249.8</ele>
      </trkpt>
      <trkpt lat="44.90327" lon="6.63044">
        <ele>1249.7</ele>
      </trkpt>
      <trkpt lat="44.90322" lon="6.63053">
        <ele>1249.4</ele>
      </trkpt>
      <trkpt lat="44.9031" lon="6.63068">
        <ele>1248.6</ele>
      </trkpt>
      <trkpt lat="44.90292" lon="6.63089">
        <ele>1246.9</ele>
      </trkpt>
      <trkpt lat="44.90274" lon="6.63113">
        <ele>1245.4</ele>
      </trkpt>
      <trkpt lat="44.902671" lon="6.631109">
        <ele>1245.2</ele>
      </trkpt>
      <trkpt lat="44.90272" lon="6.63116">
        <ele>1245.2</ele>
      </trkpt>
      <trkpt lat="44.90265" lon="6.63131">
        <ele>1244.1</ele>
      </trkpt>
      <trkpt lat="44.90263" lon="6.63134">
        <ele>1243.8</ele>
      </trkpt>
      <trkpt lat="44.90262" lon="6.63135">
        <ele>1243.7</ele>
      </trkpt>
      <trkpt lat="44.902589" lon="6.63139">
        <ele>1243.3</ele>
      </trkpt>
      <trkpt lat="44.90254" lon="6.63145">
        <ele>1242.6</ele>
      </trkpt>
      <trkpt lat="44.9025" lon="6.63149">
        <ele>1242.1</ele>
      </trkpt>
      <trkpt lat="44.90244" lon="6.63153">
        <ele>1241.4</ele>
      </trkpt>
      <trkpt lat="44.90234" lon="6.631579">
        <ele>1240.4</ele>
      </trkpt>
      <trkpt lat="44.902299" lon="6.6316">
        <ele>1239.9</ele>
      </trkpt>
      <trkpt lat="44.902209" lon="6.6316">
        <ele>1239.2</ele>
      </trkpt>
      <trkpt lat="44.90209" lon="6.63159">
        <ele>1238.4</ele>
      </trkpt>
      <trkpt lat="44.90197" lon="6.63159">
        <ele>1237.5</ele>
      </trkpt>
      <trkpt lat="44.90185" lon="6.63162">
        <ele>1236.2</ele>
      </trkpt>
      <trkpt lat="44.90173" lon="6.63168">
        <ele>1234.5</ele>
      </trkpt>
      <trkpt lat="44.90167" lon="6.63173">
        <ele>1234.0</ele>
      </trkpt>
      <trkpt lat="44.90152" lon="6.63186">
        <ele>1232.6</ele>
      </trkpt>
      <trkpt lat="44.90124" lon="6.63211">
        <ele>1229.9</ele>
      </trkpt>
      <trkpt lat="44.90121" lon="6.63213">
        <ele>1229.6</ele>
      </trkpt>
      <trkpt lat="44.90107" lon="6.63222">
        <ele>1228.3</ele>
      </trkpt>
      <trkpt lat="44.90091" lon="6.632329">
        <ele>1226.7</ele>
      </trkpt>
      <trkpt lat="44.9009" lon="6.63234">
        <ele>1226.6</ele>
      </trkpt>
      <trkpt lat="44.900889" lon="6.63234">
        <ele>1226.5</ele>
      </trkpt>
      <trkpt lat="44.90067" lon="6.63249">
        <ele>1225.4</ele>
      </trkpt>
      <trkpt lat="44.90061" lon="6.63252">
        <ele>1225.3</ele>
      </trkpt>
      <trkpt lat="44.90061" lon="6.63252">
        <ele>1225.3</ele>
      </trkpt>
      <trkpt lat="44.90055" lon="6.63257">
        <ele>1225.3</ele>
      </trkpt>
      <trkpt lat="44.90039" lon="6.63268">
        <ele>1225.2</ele>
      </trkpt>
      <trkpt lat="44.90037" lon="6.6327">
        <ele>1225.2</ele>
      </trkpt>
      <trkpt lat="44.90003" lon="6.632939">
        <ele>1225.2</ele>
      </trkpt>
      <trkpt lat="44.89984" lon="6.63306">
        <ele>1225.1</ele>
      </trkpt>
      <trkpt lat="44.89963" lon="6.63321">
        <ele>1224.8</ele>
      </trkpt>
      <trkpt lat="44.89953" lon="6.63328">
        <ele>1224.6</ele>
      </trkpt>
      <trkpt lat="44.89949" lon="6.63331">
        <ele>1224.5</ele>
      </trkpt>
      <trkpt lat="44.89918" lon="6.63353">
        <ele>1222.8</ele>
      </trkpt>
      <trkpt lat="44.89909" lon="6.6336">
        <ele>1222.6</ele>
      </trkpt>
      <trkpt lat="44.89902" lon="6.63367">
        <ele>1222.4</ele>
      </trkpt>
      <trkpt lat="44.898919" lon="6.63379">
        <ele>1222.2</ele>
      </trkpt>
      <trkpt lat="44.89886" lon="6.63388">
        <ele>1222.0</ele>
      </trkpt>
      <trkpt lat="44.89886" lon="6.63388">
        <ele>1222.0</ele>
      </trkpt>
      <trkpt lat="44.89885" lon="6.63387">
        <ele>1222.0</ele>
      </trkpt>
      <trkpt lat="44.89885" lon="6.63386">
        <ele>1222.0</ele>
      </trkpt>
      <trkpt lat="44.89884" lon="6.63386">
        <ele>1222.0</ele>
      </trkpt>
      <trkpt lat="44.89884" lon="6.63385">
        <ele>1222.0</ele>
      </trkpt>
      <trkpt lat="44.898829" lon="6.63384">
        <ele>1222.0</ele>
      </trkpt>
      <trkpt lat="44.89882" lon="6.63383">
        <ele>1222.0</ele>
      </trkpt>
      <trkpt lat="44.89882" lon="6.63382">
        <ele>1222.0</ele>
      </trkpt>
      <trkpt lat="44.89881" lon="6.63382">
        <ele>1222.0</ele>
      </trkpt>
      <trkpt lat="44.8988" lon="6.63381">
        <ele>1222.0</ele>
      </trkpt>
      <trkpt lat="44.89879" lon="6.63381">
        <ele>1222.0</ele>
      </trkpt>
      <trkpt lat="44.89878" lon="6.6338">
        <ele>1222.0</ele>
      </trkpt>
      <trkpt lat="44.89877" lon="6.6338">
        <ele>1222.0</ele>
      </trkpt>
      <trkpt lat="44.89876" lon="6.6338">
        <ele>1222.0</ele>
      </trkpt>
      <trkpt lat="44.89875" lon="6.6338">
        <ele>1221.9</ele>
      </trkpt>
      <trkpt lat="44.898739" lon="6.6338">
        <ele>1221.9</ele>
      </trkpt>
      <trkpt lat="44.89873" lon="6.6338">
        <ele>1221.9</ele>
      </trkpt>
      <trkpt lat="44.89872" lon="6.6338">
        <ele>1221.9</ele>
      </trkpt>
      <trkpt lat="44.89871" lon="6.63381">
        <ele>1221.9</ele>
      </trkpt>
      <trkpt lat="44.8987" lon="6.63381">
        <ele>1221.9</ele>
      </trkpt>
      <trkpt lat="44.89869" lon="6.63382">
        <ele>1221.8</ele>
      </trkpt>
      <trkpt lat="44.89868" lon="6.63383">
        <ele>1221.8</ele>
      </trkpt>
      <trkpt lat="44.89867" lon="6.63383">
        <ele>1221.8</ele>
      </trkpt>
      <trkpt lat="44.89867" lon="6.63384">
        <ele>1221.8</ele>
      </trkpt>
      <trkpt lat="44.89866" lon="6.63385">
        <ele>1221.8</ele>
      </trkpt>
      <trkpt lat="44.89865" lon="6.63386">
        <ele>1221.7</ele>
      </trkpt>
      <trkpt lat="44.89865" lon="6.63387">
        <ele>1221.7</ele>
      </trkpt>
      <trkpt lat="44.89864" lon="6.63388">
        <ele>1221.7</ele>
      </trkpt>
      <trkpt lat="44.89864" lon="6.63389">
        <ele>1221.7</ele>
      </trkpt>
      <trkpt lat="44.89864" lon="6.6339">
        <ele>1221.7</ele>
      </trkpt>
      <trkpt lat="44.89863" lon="6.63391">
        <ele>1221.7</ele>
      </trkpt>
      <trkpt lat="44.89863" lon="6.63392">
        <ele>1221.7</ele>
      </trkpt>
      <trkpt lat="44.89863" lon="6.63393">
        <ele>1221.6</ele>
      </trkpt>
      <trkpt lat="44.89863" lon="6.63394">
        <ele>1221.6</ele>
      </trkpt>
      <trkpt lat="44.89862" lon="6.633949">
        <ele>1221.6</ele>
      </trkpt>
      <trkpt lat="44.898539" lon="6.63394">
        <ele>1221.5</ele>
      </trkpt>
      <trkpt lat="44.89844" lon="6.63393">
        <ele>1221.4</ele>
      </trkpt>
      <trkpt lat="44.89838" lon="6.633949">
        <ele>1221.3</ele>
      </trkpt>
      <trkpt lat="44.89832" lon="6.63397">
        <ele>1221.2</ele>
      </trkpt>
      <trkpt lat="44.89803" lon="6.63408">
        <ele>1220.3</ele>
      </trkpt>
      <trkpt lat="44.8979" lon="6.63413">
        <ele>1220.0</ele>
      </trkpt>
      <trkpt lat="44.89786" lon="6.63414">
        <ele>1219.9</ele>
      </trkpt>
      <trkpt lat="44.8973" lon="6.63434">
        <ele>1218.8</ele>
      </trkpt>
      <trkpt lat="44.89728" lon="6.63434">
        <ele>1218.7</ele>
      </trkpt>
      <trkpt lat="44.89725" lon="6.63435">
        <ele>1218.7</ele>
      </trkpt>
      <trkpt lat="44.89718" lon="6.63434">
        <ele>1218.5</ele>
      </trkpt>
      <trkpt lat="44.89702" lon="6.63442">
        <ele>1218.3</ele>
      </trkpt>
      <trkpt lat="44.8968" lon="6.63449">
        <ele>1218.0</ele>
      </trkpt>
      <trkpt lat="44.8967" lon="6.6345">
        <ele>1217.9</ele>
      </trkpt>
      <trkpt lat="44.8967" lon="6.6345">
        <ele>1217.9</ele>
      </trkpt>
      <trkpt lat="44.89669" lon="6.63449">
        <ele>1217.8</ele>
      </trkpt>
      <trkpt lat="44.89669" lon="6.63448">
        <ele>1217.8</ele>
      </trkpt>
      <trkpt lat="44.89668" lon="6.63448">
        <ele>1217.8</ele>
      </trkpt>
      <trkpt lat="44.89668" lon="6.63447">
        <ele>1217.8</ele>
      </trkpt>
      <trkpt lat="44.89667" lon="6.63447">
        <ele>1217.7</ele>
      </trkpt>
      <trkpt lat="44.89667" lon="6.63446">
        <ele>1217.7</ele>
      </trkpt>
      <trkpt lat="44.89666" lon="6.63446">
        <ele>1217.7</ele>
      </trkpt>
      <trkpt lat="44.89665" lon="6.63446">
        <ele>1217.6</ele>
      </trkpt>
      <trkpt lat="44.89665" lon="6.63445">
        <ele>1217.6</ele>
      </trkpt>
      <trkpt lat="44.89664" lon="6.63445">
        <ele>1217.5</ele>
      </trkpt>
      <trkpt lat="44.89663" lon="6.63445">
        <ele>1217.4</ele>
      </trkpt>
      <trkpt lat="44.89662" lon="6.63445">
        <ele>1217.4</ele>
      </trkpt>
      <trkpt lat="44.89661" lon="6.63445">
        <ele>1217.3</ele>
      </trkpt>
      <trkpt lat="44.8966" lon="6.63446">
        <ele>1217.3</ele>
      </trkpt>
      <trkpt lat="44.89659" lon="6.63446">
        <ele>1217.2</ele>
      </trkpt>
      <trkpt lat="44.89658" lon="6.63446">
        <ele>1217.1</ele>
      </trkpt>
      <trkpt lat="44.89658" lon="6.63447">
        <ele>1217.2</ele>
      </trkpt>
      <trkpt lat="44.896569" lon="6.63447">
        <ele>1217.1</ele>
      </trkpt>
      <trkpt lat="44.896569" lon="6.63448">
        <ele>1217.1</ele>
      </trkpt>
      <trkpt lat="44.89656" lon="6.63448">
        <ele>1217.1</ele>
      </trkpt>
      <trkpt lat="44.89656" lon="6.63449">
        <ele>1217.1</ele>
      </trkpt>
      <trkpt lat="44.89655" lon="6.63449">
        <ele>1217.0</ele>
      </trkpt>
      <trkpt lat="44.89655" lon="6.6345">
        <ele>1217.0</ele>
      </trkpt>
      <trkpt lat="44.89654" lon="6.6345">
        <ele>1217.0</ele>
      </trkpt>
      <trkpt lat="44.89654" lon="6.63451">
        <ele>1217.0</ele>
      </trkpt>
      <trkpt lat="44.89654" lon="6.63452">
        <ele>1217.0</ele>
      </trkpt>
      <trkpt lat="44.89653" lon="6.63452">
        <ele>1217.0</ele>
      </trkpt>
      <trkpt lat="44.89653" lon="6.63453">
        <ele>1217.0</ele>
      </trkpt>
      <trkpt lat="44.89653" lon="6.63454">
        <ele>1217.0</ele>
      </trkpt>
      <trkpt lat="44.89653" lon="6.63455">
        <ele>1217.0</ele>
      </trkpt>
      <trkpt lat="44.89653" lon="6.634559">
        <ele>1217.0</ele>
      </trkpt>
      <trkpt lat="44.89652" lon="6.63457">
        <ele>1217.0</ele>
      </trkpt>
      <trkpt lat="44.89652" lon="6.63458">
        <ele>1217.0</ele>
      </trkpt>
      <trkpt lat="44.89652" lon="6.63459">
        <ele>1217.0</ele>
      </trkpt>
      <trkpt lat="44.89652" lon="6.6346">
        <ele>1217.1</ele>
      </trkpt>
      <trkpt lat="44.89652" lon="6.63461">
        <ele>1217.1</ele>
      </trkpt>
      <trkpt lat="44.89653" lon="6.63462">
        <ele>1217.2</ele>
      </trkpt>
      <trkpt lat="44.89653" lon="6.634629">
        <ele>1217.2</ele>
      </trkpt>
      <trkpt lat="44.89653" lon="6.63464">
        <ele>1217.2</ele>
      </trkpt>
      <trkpt lat="44.89653" lon="6.63465">
        <ele>1217.2</ele>
      </trkpt>
      <trkpt lat="44.89654" lon="6.63465">
        <ele>1217.3</ele>
      </trkpt>
      <trkpt lat="44.89654" lon="6.63466">
        <ele>1217.3</ele>
      </trkpt>
      <trkpt lat="44.89654" lon="6.63467">
        <ele>1217.4</ele>
      </trkpt>
      <trkpt lat="44.89655" lon="6.63468">
        <ele>1217.4</ele>
      </trkpt>
      <trkpt lat="44.89651" lon="6.63478">
        <ele>1217.4</ele>
      </trkpt>
      <trkpt lat="44.89645" lon="6.63501">
        <ele>1217.5</ele>
      </trkpt>
      <trkpt lat="44.89636" lon="6.63533">
        <ele>1218.0</ele>
      </trkpt>
      <trkpt lat="44.896299" lon="6.63559">
        <ele>1218.5</ele>
      </trkpt>
      <trkpt lat="44.89621" lon="6.63591">
        <ele>1218.8</ele>
      </trkpt>
      <trkpt lat="44.89618" lon="6.63602">
        <ele>1218.7</ele>
      </trkpt>
      <trkpt lat="44.89614" lon="6.63618">
        <ele>1218.6</ele>
      </trkpt>
      <trkpt lat="44.89613" lon="6.63621">
        <ele>1218.6</ele>
      </trkpt>
      <trkpt lat="44.89611" lon="6.63629">
        <ele>1218.5</ele>
      </trkpt>
      <trkpt lat="44.89607" lon="6.63634">
        <ele>1218.3</ele>
      </trkpt>
      <trkpt lat="44.896" lon="6.63638">
        <ele>1217.9</ele>
      </trkpt>
      <trkpt lat="44.89596" lon="6.6364">
        <ele>1217.6</ele>
      </trkpt>
      <trkpt lat="44.8958" lon="6.6365">
        <ele>1216.7</ele>
      </trkpt>
      <trkpt lat="44.89551" lon="6.63666">
        <ele>1216.0</ele>
      </trkpt>
      <trkpt lat="44.89541" lon="6.63671">
        <ele>1215.8</ele>
      </trkpt>
      <trkpt lat="44.895359" lon="6.63674">
        <ele>1215.7</ele>
      </trkpt>
      <trkpt lat="44.8953" lon="6.63677">
        <ele>1215.5</ele>
      </trkpt>
      <trkpt lat="44.89526" lon="6.63679">
        <ele>1215.4</ele>
      </trkpt>
      <trkpt lat="44.89524" lon="6.6368">
        <ele>1215.4</ele>
      </trkpt>
      <trkpt lat="44.89521" lon="6.6368">
        <ele>1215.3</ele>
      </trkpt>
      <trkpt lat="44.89519" lon="6.6368">
        <ele>1215.3</ele>
      </trkpt>
      <trkpt lat="44.89518" lon="6.6368">
        <ele>1215.3</ele>
      </trkpt>
      <trkpt lat="44.89515" lon="6.63679">
        <ele>1215.2</ele>
      </trkpt>
      <trkpt lat="44.89513" lon="6.63678">
        <ele>1215.2</ele>
      </trkpt>
      <trkpt lat="44.89513" lon="6.63678">
        <ele>1215.2</ele>
      </trkpt>
      <trkpt lat="44.89512" lon="6.63678">
        <ele>1215.1</ele>
      </trkpt>
      <trkpt lat="44.89512" lon="6.63677">
        <ele>1215.1</ele>
      </trkpt>
      <trkpt lat="44.89512" lon="6.63676">
        <ele>1215.1</ele>
      </trkpt>
      <trkpt lat="44.89512" lon="6.63675">
        <ele>1215.1</ele>
      </trkpt>
      <trkpt lat="44.89511" lon="6.63674">
        <ele>1215.1</ele>
      </trkpt>
      <trkpt lat="44.89511" lon="6.63673">
        <ele>1215.1</ele>
      </trkpt>
      <trkpt lat="44.8951" lon="6.63672">
        <ele>1215.0</ele>
      </trkpt>
      <trkpt lat="44.8951" lon="6.63671">
        <ele>1214.8</ele>
      </trkpt>
      <trkpt lat="44.89509" lon="6.63671">
        <ele>1214.8</ele>
      </trkpt>
      <trkpt lat="44.89509" lon="6.6367">
        <ele>1214.7</ele>
      </trkpt>
      <trkpt lat="44.89508" lon="6.6367">
        <ele>1214.7</ele>
      </trkpt>
      <trkpt lat="44.89508" lon="6.63669">
        <ele>1214.6</ele>
      </trkpt>
      <trkpt lat="44.895069" lon="6.63669">
        <ele>1214.5</ele>
      </trkpt>
      <trkpt lat="44.89506" lon="6.63669">
        <ele>1214.5</ele>
      </trkpt>
      <trkpt lat="44.89506" lon="6.63668">
        <ele>1214.4</ele>
      </trkpt>
      <trkpt lat="44.89505" lon="6.63668">
        <ele>1214.3</ele>
      </trkpt>
      <trkpt lat="44.89504" lon="6.63668">
        <ele>1214.3</ele>
      </trkpt>
      <trkpt lat="44.89503" lon="6.63668">
        <ele>1214.3</ele>
      </trkpt>
      <trkpt lat="44.89502" lon="6.63668">
        <ele>1214.2</ele>
      </trkpt>
      <trkpt lat="44.89501" lon="6.63669">
        <ele>1214.3</ele>
      </trkpt>
      <trkpt lat="44.895" lon="6.63669">
        <ele>1214.3</ele>
      </trkpt>
      <trkpt lat="44.89499" lon="6.6367">
        <ele>1214.4</ele>
      </trkpt>
      <trkpt lat="44.894979" lon="6.6367">
        <ele>1214.4</ele>
      </trkpt>
      <trkpt lat="44.894979" lon="6.63671">
        <ele>1214.6</ele>
      </trkpt>
      <trkpt lat="44.89497" lon="6.63672">
        <ele>1214.7</ele>
      </trkpt>
      <trkpt lat="44.89497" lon="6.63673">
        <ele>1214.8</ele>
      </trkpt>
      <trkpt lat="44.89496" lon="6.63674">
        <ele>1215.0</ele>
      </trkpt>
      <trkpt lat="44.89496" lon="6.63675">
        <ele>1215.1</ele>
      </trkpt>
      <trkpt lat="44.89495" lon="6.63676">
        <ele>1215.2</ele>
      </trkpt>
      <trkpt lat="44.89495" lon="6.63677">
        <ele>1215.3</ele>
      </trkpt>
      <trkpt lat="44.89495" lon="6.63678">
        <ele>1215.5</ele>
      </trkpt>
      <trkpt lat="44.89495" lon="6.63679">
        <ele>1215.6</ele>
      </trkpt>
      <trkpt lat="44.89495" lon="6.6368">
        <ele>1215.7</ele>
      </trkpt>
      <trkpt lat="44.89495" lon="6.63681">
        <ele>1215.8</ele>
      </trkpt>
      <trkpt lat="44.89495" lon="6.63682">
        <ele>1215.9</ele>
      </trkpt>
      <trkpt lat="44.89495" lon="6.63683">
        <ele>1216.0</ele>
      </trkpt>
      <trkpt lat="44.89495" lon="6.63684">
        <ele>1216.2</ele>
      </trkpt>
      <trkpt lat="44.89495" lon="6.63685">
        <ele>1216.3</ele>
      </trkpt>
      <trkpt lat="44.89495" lon="6.63686">
        <ele>1216.4</ele>
      </trkpt>
      <trkpt lat="44.89496" lon="6.63686">
        <ele>1216.4</ele>
      </trkpt>
      <trkpt lat="44.89496" lon="6.63687">
        <ele>1216.5</ele>
      </trkpt>
      <trkpt lat="44.89496" lon="6.63688">
        <ele>1216.6</ele>
      </trkpt>
      <trkpt lat="44.89497" lon="6.63689">
        <ele>1216.7</ele>
      </trkpt>
      <trkpt lat="44.89497" lon="6.6369">
        <ele>1216.8</ele>
      </trkpt>
      <trkpt lat="44.894979" lon="6.6369">
        <ele>1216.8</ele>
      </trkpt>
      <trkpt lat="44.894979" lon="6.63691">
        <ele>1216.9</ele>
      </trkpt>
      <trkpt lat="44.89499" lon="6.63691">
        <ele>1216.9</ele>
      </trkpt>
      <trkpt lat="44.89482" lon="6.63708">
        <ele>1219.1</ele>
      </trkpt>
      <trkpt lat="44.89472" lon="6.63719">
        <ele>1220.3</ele>
      </trkpt>
      <trkpt lat="44.89468" lon="6.63723">
        <ele>1220.7</ele>
      </trkpt>
      <trkpt lat="44.89463" lon="6.63727">
        <ele>1221.2</ele>
      </trkpt>
      <trkpt lat="44.89453" lon="6.63735">
        <ele>1221.9</ele>
      </trkpt>
      <trkpt lat="44.89437" lon="6.63746">
        <ele>1222.9</ele>
      </trkpt>
      <trkpt lat="44.89424" lon="6.63754">
        <ele>1224.1</ele>
      </trkpt>
      <trkpt lat="44.89414" lon="6.63757">
        <ele>1224.7</ele>
      </trkpt>
      <trkpt lat="44.89406" lon="6.63762">
        <ele>1225.8</ele>
      </trkpt>
      <trkpt lat="44.89403" lon="6.63763">
        <ele>1226.0</ele>
      </trkpt>
      <trkpt lat="44.89397" lon="6.63766">
        <ele>1226.6</ele>
      </trkpt>
      <trkpt lat="44.89389" lon="6.63769">
        <ele>1227.2</ele>
      </trkpt>
      <trkpt lat="44.89369" lon="6.637749">
        <ele>1228.3</ele>
      </trkpt>
      <trkpt lat="44.89351" lon="6.637819">
        <ele>1229.8</ele>
      </trkpt>
      <trkpt lat="44.89333" lon="6.637889">
        <ele>1231.3</ele>
      </trkpt>
      <trkpt lat="44.8932" lon="6.63791">
        <ele>1232.5</ele>
      </trkpt>
      <trkpt lat="44.89316" lon="6.63791">
        <ele>1232.7</ele>
      </trkpt>
      <trkpt lat="44.89308" lon="6.63792">
        <ele>1233.3</ele>
      </trkpt>
      <trkpt lat="44.89289" lon="6.63791">
        <ele>1234.0</ele>
      </trkpt>
      <trkpt lat="44.8928" lon="6.63791">
        <ele>1234.4</ele>
      </trkpt>
      <trkpt lat="44.89262" lon="6.63791">
        <ele>1235.2</ele>
      </trkpt>
      <trkpt lat="44.89252" lon="6.6379">
        <ele>1235.5</ele>
      </trkpt>
      <trkpt lat="44.89241" lon="6.6379">
        <ele>1235.9</ele>
      </trkpt>
      <trkpt lat="44.89232" lon="6.63791">
        <ele>1236.6</ele>
      </trkpt>
      <trkpt lat="44.89221" lon="6.63793">
        <ele>1237.6</ele>
      </trkpt>
      <trkpt lat="44.89187" lon="6.63801">
        <ele>1240.9</ele>
      </trkpt>
      <trkpt lat="44.89161" lon="6.63807">
        <ele>1242.9</ele>
      </trkpt>
      <trkpt lat="44.89148" lon="6.63813">
        <ele>1243.9</ele>
      </trkpt>
      <trkpt lat="44.89137" lon="6.63819">
        <ele>1244.7</ele>
      </trkpt>
      <trkpt lat="44.89124" lon="6.638289">
        <ele>1246.2</ele>
      </trkpt>
      <trkpt lat="44.89101" lon="6.63848">
        <ele>1248.4</ele>
      </trkpt>
      <trkpt lat="44.89094" lon="6.63853">
        <ele>1248.8</ele>
      </trkpt>
      <trkpt lat="44.89064" lon="6.63877">
        <ele>1251.9</ele>
      </trkpt>
      <trkpt lat="44.89046" lon="6.63891">
        <ele>1254.1</ele>
      </trkpt>
      <trkpt lat="44.89037" lon="6.63896">
        <ele>1255.0</ele>
      </trkpt>
      <trkpt lat="44.89028" lon="6.63899">
        <ele>1255.5</ele>
      </trkpt>
      <trkpt lat="44.89015" lon="6.63901">
        <ele>1255.8</ele>
      </trkpt>
      <trkpt lat="44.88996" lon="6.63902">
        <ele>1255.9</ele>
      </trkpt>
      <trkpt lat="44.88994" lon="6.63902">
        <ele>1255.9</ele>
      </trkpt>
      <trkpt lat="44.88978" lon="6.639039">
        <ele>1256.4</ele>
      </trkpt>
      <trkpt lat="44.88967" lon="6.63905">
        <ele>1256.7</ele>
      </trkpt>
      <trkpt lat="44.88961" lon="6.63907">
        <ele>1257.1</ele>
      </trkpt>
      <trkpt lat="44.88958" lon="6.63908">
        <ele>1257.3</ele>
      </trkpt>
      <trkpt lat="44.889539" lon="6.639109">
        <ele>1257.9</ele>
      </trkpt>
      <trkpt lat="44.88943" lon="6.63918">
        <ele>1259.2</ele>
      </trkpt>
      <trkpt lat="44.88933" lon="6.63923">
        <ele>1259.7</ele>
      </trkpt>
      <trkpt lat="44.88926" lon="6.63925">
        <ele>1259.9</ele>
      </trkpt>
      <trkpt lat="44.88919" lon="6.63926">
        <ele>1259.9</ele>
      </trkpt>
      <trkpt lat="44.88909" lon="6.63927">
        <ele>1259.5</ele>
      </trkpt>
      <trkpt lat="44.889" lon="6.63928">
        <ele>1259.1</ele>
      </trkpt>
      <trkpt lat="44.88892" lon="6.63931">
        <ele>1258.8</ele>
      </trkpt>
      <trkpt lat="44.88885" lon="6.63935">
        <ele>1258.8</ele>
      </trkpt>
      <trkpt lat="44.888779" lon="6.63941">
        <ele>1258.9</ele>
      </trkpt>
      <trkpt lat="44.88875" lon="6.63947">
        <ele>1259.2</ele>
      </trkpt>
      <trkpt lat="44.88873" lon="6.63953">
        <ele>1259.6</ele>
      </trkpt>
      <trkpt lat="44.88872" lon="6.63963">
        <ele>1260.5</ele>
      </trkpt>
      <trkpt lat="44.88872" lon="6.63971">
        <ele>1261.2</ele>
      </trkpt>
      <trkpt lat="44.88874" lon="6.6398">
        <ele>1262.1</ele>
      </trkpt>
      <trkpt lat="44.88875" lon="6.63983">
        <ele>1262.5</ele>
      </trkpt>
      <trkpt lat="44.88879" lon="6.63991">
        <ele>1263.5</ele>
      </trkpt>
      <trkpt lat="44.88891" lon="6.64006">
        <ele>1265.7</ele>
      </trkpt>
      <trkpt lat="44.889" lon="6.64017">
        <ele>1267.3</ele>
      </trkpt>
      <trkpt lat="44.88903" lon="6.6402">
        <ele>1267.7</ele>
      </trkpt>
      <trkpt lat="44.88919" lon="6.64032">
        <ele>1269.9</ele>
      </trkpt>
      <trkpt lat="44.88927" lon="6.64039">
        <ele>1271.2</ele>
      </trkpt>
      <trkpt lat="44.88935" lon="6.64044">
        <ele>1272.4</ele>
      </trkpt>
      <trkpt lat="44.88943" lon="6.64045">
        <ele>1273.2</ele>
      </trkpt>
      <trkpt lat="44.88951" lon="6.64044">
        <ele>1273.8</ele>
      </trkpt>
      <trkpt lat="44.88956" lon="6.64041">
        <ele>1274.0</ele>
      </trkpt>
      <trkpt lat="44.88962" lon="6.64034">
        <ele>1273.9</ele>
      </trkpt>
      <trkpt lat="44.889629" lon="6.64032">
        <ele>1273.8</ele>
      </trkpt>
      <trkpt lat="44.8897" lon="6.64022">
        <ele>1273.5</ele>
      </trkpt>
      <trkpt lat="44.88975" lon="6.64014">
        <ele>1273.2</ele>
      </trkpt>
      <trkpt lat="44.88977" lon="6.64011">
        <ele>1273.1</ele>
      </trkpt>
      <trkpt lat="44.88985" lon="6.64002">
        <ele>1272.9</ele>
      </trkpt>
      <trkpt lat="44.88993" lon="6.63997">
        <ele>1272.9</ele>
      </trkpt>
      <trkpt lat="44.890009" lon="6.63992">
        <ele>1272.6</ele>
      </trkpt>
      <trkpt lat="44.890099" lon="6.63989">
        <ele>1272.4</ele>
      </trkpt>
      <trkpt lat="44.8902" lon="6.63988">
        <ele>1272.7</ele>
      </trkpt>
      <trkpt lat="44.89028" lon="6.63988">
        <ele>1273.0</ele>
      </trkpt>
      <trkpt lat="44.89044" lon="6.63993">
        <ele>1274.7</ele>
      </trkpt>
      <trkpt lat="44.89058" lon="6.63999">
        <ele>1276.6</ele>
      </trkpt>
      <trkpt lat="44.89077" lon="6.64009">
        <ele>1278.8</ele>
      </trkpt>
      <trkpt lat="44.8908" lon="6.64011">
        <ele>1279.2</ele>
      </trkpt>
      <trkpt lat="44.89096" lon="6.6402">
        <ele>1280.8</ele>
      </trkpt>
      <trkpt lat="44.89108" lon="6.64028">
        <ele>1282.2</ele>
      </trkpt>
      <trkpt lat="44.89111" lon="6.64031">
        <ele>1282.6</ele>
      </trkpt>
      <trkpt lat="44.891219" lon="6.64038">
        <ele>1283.9</ele>
      </trkpt>
      <trkpt lat="44.89136" lon="6.64051">
        <ele>1286.2</ele>
      </trkpt>
      <trkpt lat="44.89148" lon="6.64063">
        <ele>1288.3</ele>
      </trkpt>
      <trkpt lat="44.89158" lon="6.64068">
        <ele>1289.4</ele>
      </trkpt>
      <trkpt lat="44.89165" lon="6.64071">
        <ele>1290.2</ele>
      </trkpt>
      <trkpt lat="44.89167" lon="6.640729">
        <ele>1290.5</ele>
      </trkpt>
      <trkpt lat="44.89173" lon="6.64074">
        <ele>1291.1</ele>
      </trkpt>
      <trkpt lat="44.89179" lon="6.64075">
        <ele>1291.6</ele>
      </trkpt>
      <trkpt lat="44.89185" lon="6.64075">
        <ele>1291.9</ele>
      </trkpt>
      <trkpt lat="44.891979" lon="6.640729">
        <ele>1292.5</ele>
      </trkpt>
      <trkpt lat="44.89221" lon="6.64069">
        <ele>1293.4</ele>
      </trkpt>
      <trkpt lat="44.89231" lon="6.640659">
        <ele>1293.7</ele>
      </trkpt>
      <trkpt lat="44.89234" lon="6.64064">
        <ele>1293.6</ele>
      </trkpt>
      <trkpt lat="44.892359" lon="6.64063">
        <ele>1293.6</ele>
      </trkpt>
      <trkpt lat="44.89242" lon="6.64058">
        <ele>1293.4</ele>
      </trkpt>
      <trkpt lat="44.8925" lon="6.6405">
        <ele>1293.0</ele>
      </trkpt>
      <trkpt lat="44.89264" lon="6.64036">
        <ele>1292.3</ele>
      </trkpt>
      <trkpt lat="44.89272" lon="6.64028">
        <ele>1291.8</ele>
      </trkpt>
      <trkpt lat="44.89279" lon="6.64023">
        <ele>1291.5</ele>
      </trkpt>
      <trkpt lat="44.8928" lon="6.64023">
        <ele>1291.6</ele>
      </trkpt>
      <trkpt lat="44.89284" lon="6.64022">
        <ele>1291.7</ele>
      </trkpt>
      <trkpt lat="44.89291" lon="6.64023">
        <ele>1292.3</ele>
      </trkpt>
      <trkpt lat="44.89295" lon="6.64025">
        <ele>1292.8</ele>
      </trkpt>
      <trkpt lat="44.89297" lon="6.64027">
        <ele>1293.2</ele>
      </trkpt>
      <trkpt lat="44.893" lon="6.6403">
        <ele>1293.9</ele>
      </trkpt>
      <trkpt lat="44.89303" lon="6.64034">
        <ele>1294.7</ele>
      </trkpt>
      <trkpt lat="44.89305" lon="6.64042">
        <ele>1296.0</ele>
      </trkpt>
      <trkpt lat="44.89306" lon="6.6405">
        <ele>1297.3</ele>
      </trkpt>
      <trkpt lat="44.89304" lon="6.640659">
        <ele>1299.6</ele>
      </trkpt>
      <trkpt lat="44.89302" lon="6.64072">
        <ele>1300.3</ele>
      </trkpt>
      <trkpt lat="44.893009" lon="6.64081">
        <ele>1301.6</ele>
      </trkpt>
      <trkpt lat="44.893009" lon="6.64092">
        <ele>1302.4</ele>
      </trkpt>
      <trkpt lat="44.89303" lon="6.64101">
        <ele>1303.1</ele>
      </trkpt>
      <trkpt lat="44.89305" lon="6.64109">
        <ele>1303.8</ele>
      </trkpt>
      <trkpt lat="44.89309" lon="6.64124">
        <ele>1305.2</ele>
      </trkpt>
      <trkpt lat="44.89314" lon="6.641409">
        <ele>1306.8</ele>
      </trkpt>
      <trkpt lat="44.89315" lon="6.64146">
        <ele>1307.3</ele>
      </trkpt>
      <trkpt lat="44.89319" lon="6.64164">
        <ele>1308.9</ele>
      </trkpt>
      <trkpt lat="44.89321" lon="6.64176">
        <ele>1310.0</ele>
      </trkpt>
      <trkpt lat="44.89323" lon="6.64194">
        <ele>1311.3</ele>
      </trkpt>
      <trkpt lat="44.89324" lon="6.64206">
        <ele>1312.2</ele>
      </trkpt>
      <trkpt lat="44.8932" lon="6.64219">
        <ele>1312.5</ele>
      </trkpt>
      <trkpt lat="44.89317" lon="6.64228">
        <ele>1312.7</ele>
      </trkpt>
      <trkpt lat="44.893099" lon="6.64242">
        <ele>1312.7</ele>
      </trkpt>
      <trkpt lat="44.89306" lon="6.64252">
        <ele>1312.9</ele>
      </trkpt>
      <trkpt lat="44.89302" lon="6.64264">
        <ele>1313.8</ele>
      </trkpt>
      <trkpt lat="44.89298" lon="6.6428">
        <ele>1315.1</ele>
      </trkpt>
      <trkpt lat="44.89296" lon="6.64299">
        <ele>1316.9</ele>
      </trkpt>
      <trkpt lat="44.89295" lon="6.6432">
        <ele>1319.0</ele>
      </trkpt>
      <trkpt lat="44.89296" lon="6.64351">
        <ele>1321.5</ele>
      </trkpt>
      <trkpt lat="44.89297" lon="6.64377">
        <ele>1323.0</ele>
      </trkpt>
      <trkpt lat="44.89298" lon="6.6439">
        <ele>1323.8</ele>
      </trkpt>
      <trkpt lat="44.89298" lon="6.64405">
        <ele>1324.6</ele>
      </trkpt>
      <trkpt lat="44.89298" lon="6.64412">
        <ele>1324.9</ele>
      </trkpt>
      <trkpt lat="44.89298" lon="6.64417">
        <ele>1325.2</ele>
      </trkpt>
      <trkpt lat="44.89297" lon="6.64431">
        <ele>1325.4</ele>
      </trkpt>
      <trkpt lat="44.89294" lon="6.64443">
        <ele>1325.4</ele>
      </trkpt>
      <trkpt lat="44.89285" lon="6.64465">
        <ele>1324.8</ele>
      </trkpt>
      <trkpt lat="44.89278" lon="6.64478">
        <ele>1324.3</ele>
      </trkpt>
      <trkpt lat="44.89272" lon="6.64491">
        <ele>1323.7</ele>
      </trkpt>
      <trkpt lat="44.89268" lon="6.64505">
        <ele>1323.9</ele>
      </trkpt>
      <trkpt lat="44.89268" lon="6.645069">
        <ele>1324.2</ele>
      </trkpt>
      <trkpt lat="44.89266" lon="6.645209">
        <ele>1325.5</ele>
      </trkpt>
      <trkpt lat="44.89265" lon="6.64531">
        <ele>1326.5</ele>
      </trkpt>
      <trkpt lat="44.89265" lon="6.64531">
        <ele>1326.5</ele>
      </trkpt>
      <trkpt lat="44.89265" lon="6.64535">
        <ele>1326.9</ele>
      </trkpt>
      <trkpt lat="44.89264" lon="6.64539">
        <ele>1327.2</ele>
      </trkpt>
      <trkpt lat="44.8926" lon="6.64556">
        <ele>1328.5</ele>
      </trkpt>
      <trkpt lat="44.8926" lon="6.64557">
        <ele>1328.6</ele>
      </trkpt>
      <trkpt lat="44.89257" lon="6.64563">
        <ele>1328.9</ele>
      </trkpt>
      <trkpt lat="44.89255" lon="6.645679">
        <ele>1329.1</ele>
      </trkpt>
      <trkpt lat="44.8925" lon="6.6458">
        <ele>1329.6</ele>
      </trkpt>
      <trkpt lat="44.89244" lon="6.64589">
        <ele>1330.7</ele>
      </trkpt>
      <trkpt lat="44.89242" lon="6.6459">
        <ele>1330.8</ele>
      </trkpt>
      <trkpt lat="44.89238" lon="6.64595">
        <ele>1331.5</ele>
      </trkpt>
      <trkpt lat="44.8923" lon="6.64598">
        <ele>1331.7</ele>
      </trkpt>
      <trkpt lat="44.89221" lon="6.64601">
        <ele>1331.8</ele>
      </trkpt>
      <trkpt lat="44.89215" lon="6.64604">
        <ele>1332.0</ele>
      </trkpt>
      <trkpt lat="44.89214" lon="6.64605">
        <ele>1332.1</ele>
      </trkpt>
      <trkpt lat="44.89213" lon="6.64605">
        <ele>1332.1</ele>
      </trkpt>
      <trkpt lat="44.89205" lon="6.64612">
        <ele>1332.8</ele>
      </trkpt>
      <trkpt lat="44.89201" lon="6.64616">
        <ele>1333.3</ele>
      </trkpt>
      <trkpt lat="44.892" lon="6.64618">
        <ele>1333.5</ele>
      </trkpt>
      <trkpt lat="44.892" lon="6.6462">
        <ele>1333.8</ele>
      </trkpt>
      <trkpt lat="44.89197" lon="6.64625">
        <ele>1334.5</ele>
      </trkpt>
      <trkpt lat="44.89194" lon="6.64638">
        <ele>1336.3</ele>
      </trkpt>
      <trkpt lat="44.89193" lon="6.64641">
        <ele>1336.7</ele>
      </trkpt>
      <trkpt lat="44.8919" lon="6.64648">
        <ele>1337.6</ele>
      </trkpt>
      <trkpt lat="44.89186" lon="6.64657">
        <ele>1338.7</ele>
      </trkpt>
      <trkpt lat="44.89181" lon="6.64665">
        <ele>1339.6</ele>
      </trkpt>
      <trkpt lat="44.89175" lon="6.64673">
        <ele>1340.5</ele>
      </trkpt>
      <trkpt lat="44.891689" lon="6.646759">
        <ele>1340.5</ele>
      </trkpt>
      <trkpt lat="44.89167" lon="6.64677">
        <ele>1340.5</ele>
      </trkpt>
      <trkpt lat="44.89159" lon="6.64682">
        <ele>1341.2</ele>
      </trkpt>
      <trkpt lat="44.89152" lon="6.64686">
        <ele>1341.7</ele>
      </trkpt>
      <trkpt lat="44.891509" lon="6.64687">
        <ele>1341.8</ele>
      </trkpt>
      <trkpt lat="44.89146" lon="6.646899">
        <ele>1342.2</ele>
      </trkpt>
      <trkpt lat="44.89135" lon="6.64694">
        <ele>1342.7</ele>
      </trkpt>
      <trkpt lat="44.89127" lon="6.646969">
        <ele>1343.0</ele>
      </trkpt>
      <trkpt lat="44.89119" lon="6.64698">
        <ele>1343.1</ele>
      </trkpt>
      <trkpt lat="44.891" lon="6.64699">
        <ele>1343.0</ele>
      </trkpt>
      <trkpt lat="44.89084" lon="6.64699">
        <ele>1342.9</ele>
      </trkpt>
      <trkpt lat="44.89082" lon="6.64698">
        <ele>1342.7</ele>
      </trkpt>
      <trkpt lat="44.89074" lon="6.64699">
        <ele>1342.8</ele>
      </trkpt>
      <trkpt lat="44.89067" lon="6.64699">
        <ele>1342.7</ele>
      </trkpt>
      <trkpt lat="44.89065" lon="6.647">
        <ele>1342.7</ele>
      </trkpt>
      <trkpt lat="44.89064" lon="6.64701">
        <ele>1342.8</ele>
      </trkpt>
      <trkpt lat="44.89061" lon="6.64702">
        <ele>1342.9</ele>
      </trkpt>
      <trkpt lat="44.89056" lon="6.64705">
        <ele>1343.1</ele>
      </trkpt>
      <trkpt lat="44.89051" lon="6.64711">
        <ele>1343.7</ele>
      </trkpt>
      <trkpt lat="44.8905" lon="6.64712">
        <ele>1343.8</ele>
      </trkpt>
      <trkpt lat="44.89045" lon="6.6472">
        <ele>1344.5</ele>
      </trkpt>
      <trkpt lat="44.8904" lon="6.64729">
        <ele>1345.3</ele>
      </trkpt>
      <trkpt lat="44.8904" lon="6.6473">
        <ele>1345.4</ele>
      </trkpt>
      <trkpt lat="44.89032" lon="6.64747">
        <ele>1346.9</ele>
      </trkpt>
      <trkpt lat="44.8903" lon="6.647509">
        <ele>1347.2</ele>
      </trkpt>
      <trkpt lat="44.89024" lon="6.64759">
        <ele>1348.3</ele>
      </trkpt>
      <trkpt lat="44.89018" lon="6.64766">
        <ele>1349.3</ele>
      </trkpt>
      <trkpt lat="44.89016" lon="6.64768">
        <ele>1349.6</ele>
      </trkpt>
      <trkpt lat="44.89011" lon="6.64771">
        <ele>1350.0</ele>
      </trkpt>
      <trkpt lat="44.89005" lon="6.64775">
        <ele>1350.6</ele>
      </trkpt>
      <trkpt lat="44.89004" lon="6.64775">
        <ele>1350.6</ele>
      </trkpt>
      <trkpt lat="44.88998" lon="6.64777">
        <ele>1351.1</ele>
      </trkpt>
      <trkpt lat="44.88996" lon="6.64777">
        <ele>1351.3</ele>
      </trkpt>
      <trkpt lat="44.889954" lon="6.647684">
        <ele>1349.8</ele>
      </trkpt>
      <trkpt lat="44.889249" lon="6.64756">
        <ele>1350.5</ele>
      </trkpt>
      <trkpt lat="44.88661" lon="6.64829">
        <ele>1367.7</ele>
      </trkpt>
      <trkpt lat="44.88515" lon="6.652389">
        <ele>1395.4</ele>
      </trkpt>
      <trkpt lat="44.8846" lon="6.65434">
        <ele>1398.9</ele>
      </trkpt>
      <trkpt lat="44.88424" lon="6.65937">
        <ele>1432.0</ele>
      </trkpt>
      <trkpt lat="44.88279" lon="6.66029">
        <ele>1414.4</ele>
      </trkpt>
      <trkpt lat="44.882219" lon="6.66263">
        <ele>1430.7</ele>
      </trkpt>
      <trkpt lat="44.881369" lon="6.66653">
        <ele>1439.9</ele>
      </trkpt>
      <trkpt lat="44.88197" lon="6.66937">
        <ele>1453.1</ele>
      </trkpt>
      <trkpt lat="44.88035" lon="6.67006">
        <ele>1425.6</ele>
      </trkpt>
      <trkpt lat="44.87994" lon="6.67163">
        <ele>1416.0</ele>
      </trkpt>
      <trkpt lat="44.87988" lon="6.67423">
        <ele>1427.8</ele>
      </trkpt>
      <trkpt lat="44.87943" lon="6.6764">
        <ele>1414.6</ele>
      </trkpt>
      <trkpt lat="44.87767" lon="6.68161">
        <ele>1428.0</ele>
      </trkpt>
      <trkpt lat="44.87712" lon="6.68715">
        <ele>1464.7</ele>
      </trkpt>
      <trkpt lat="44.87463" lon="6.69265">
        <ele>1494.3</ele>
      </trkpt>
      <trkpt lat="44.87305" lon="6.69431">
        <ele>1507.7</ele>
      </trkpt>
      <trkpt lat="44.87271" lon="6.69752">
        <ele>1520.0</ele>
      </trkpt>
      <trkpt lat="44.87164" lon="6.70148">
        <ele>1530.9</ele>
      </trkpt>
      <trkpt lat="44.869459" lon="6.70258">
        <ele>1515.2</ele>
      </trkpt>
      <trkpt lat="44.86789" lon="6.70904">
        <ele>1553.0</ele>
      </trkpt>
      <trkpt lat="44.86743" lon="6.71046">
        <ele>1569.5</ele>
      </trkpt>
      <trkpt lat="44.868049" lon="6.71362">
        <ele>1581.7</ele>
      </trkpt>
      <trkpt lat="44.86774" lon="6.7168">
        <ele>1600.0</ele>
      </trkpt>
      <trkpt lat="44.86858" lon="6.71943">
        <ele>1617.5</ele>
      </trkpt>
      <trkpt lat="44.86821" lon="6.72055">
        <ele>1605.1</ele>
      </trkpt>
      <trkpt lat="44.86869" lon="6.72308">
        <ele>1633.9</ele>
      </trkpt>
      <trkpt lat="44.87005" lon="6.72603">
        <ele>1640.4</ele>
      </trkpt>
      <trkpt lat="44.86961" lon="6.72613">
        <ele>1646.0</ele>
      </trkpt>
      <trkpt lat="44.86869" lon="6.72527">
        <ele>1654.8</ele>
      </trkpt>
      <trkpt lat="44.8653" lon="6.72455">
        <ele>1666.7</ele>
      </trkpt>
      <trkpt lat="44.86342" lon="6.72441">
        <ele>1659.7</ele>
      </trkpt>
      <trkpt lat="44.86216" lon="6.72483">
        <ele>1680.9</ele>
      </trkpt>
      <trkpt lat="44.85994" lon="6.72485">
        <ele>1697.5</ele>
      </trkpt>
      <trkpt lat="44.855289" lon="6.72719">
        <ele>1734.6</ele>
      </trkpt>
      <trkpt lat="44.852939" lon="6.72456">
        <ele>1767.1</ele>
      </trkpt>
      <trkpt lat="44.85035" lon="6.72508">
        <ele>1790.5</ele>
      </trkpt>
      <trkpt lat="44.84774" lon="6.72477">
        <ele>1807.0</ele>
      </trkpt>
      <trkpt lat="44.84612" lon="6.72571">
        <ele>1801.6</ele>
      </trkpt>
      <trkpt lat="44.844209" lon="6.72443">
        <ele>1852.8</ele>
      </trkpt>
      <trkpt lat="44.84529" lon="6.7245">
        <ele>1858.9</ele>
      </trkpt>
      <trkpt lat="44.84535" lon="6.72421">
        <ele>1865.4</ele>
      </trkpt>
      <trkpt lat="44.83643" lon="6.72283">
        <ele>1954.2</ele>
      </trkpt>
      <trkpt lat="44.83756" lon="6.72263">
        <ele>1954.7</ele>
      </trkpt>
      <trkpt lat="44.83602" lon="6.72183">
        <ele>1984.8</ele>
      </trkpt>
      <trkpt lat="44.83538" lon="6.72215">
        <ele>1989.4</ele>
      </trkpt>
      <trkpt lat="44.83495" lon="6.72328">
        <ele>1997.9</ele>
      </trkpt>
      <trkpt lat="44.83508" lon="6.72156">
        <ele>2012.7</ele>
      </trkpt>
      <trkpt lat="44.83415" lon="6.72359">
        <ele>2005.8</ele>
      </trkpt>
      <trkpt lat="44.83424" lon="6.72264">
        <ele>2024.3</ele>
      </trkpt>
      <trkpt lat="44.8329" lon="6.72355">
        <ele>2060.4</ele>
      </trkpt>
      <trkpt lat="44.83372" lon="6.72222">
        <ele>2046.4</ele>
      </trkpt>
      <trkpt lat="44.83218" lon="6.72303">
        <ele>2079.4</ele>
      </trkpt>
      <trkpt lat="44.83216" lon="6.72425">
        <ele>2084.8</ele>
      </trkpt>
      <trkpt lat="44.83181" lon="6.72347">
        <ele>2092.6</ele>
      </trkpt>
      <trkpt lat="44.83167" lon="6.72436">
        <ele>2088.6</ele>
      </trkpt>
      <trkpt lat="44.83086" lon="6.72417">
        <ele>2110.0</ele>
      </trkpt>
      <trkpt lat="44.8301" lon="6.72453">
        <ele>2108.7</ele>
      </trkpt>
      <trkpt lat="44.83054" lon="6.72365">
        <ele>2113.4</ele>
      </trkpt>
      <trkpt lat="44.83021" lon="6.72326">
        <ele>2112.6</ele>
      </trkpt>
      <trkpt lat="44.82709" lon="6.72587">
        <ele>2151.9</ele>
      </trkpt>
      <trkpt lat="44.82857" lon="6.72726">
        <ele>2178.4</ele>
      </trkpt>
      <trkpt lat="44.82835" lon="6.72784">
        <ele>2180.5</ele>
      </trkpt>
      <trkpt lat="44.82749" lon="6.72734">
        <ele>2181.8</ele>
      </trkpt>
      <trkpt lat="44.82621" lon="6.72833">
        <ele>2197.7</ele>
      </trkpt>
      <trkpt lat="44.82715" lon="6.72894">
        <ele>2205.8</ele>
      </trkpt>
      <trkpt lat="44.82568" lon="6.73082">
        <ele>2229.9</ele>
      </trkpt>
      <trkpt lat="44.82475" lon="6.73172">
        <ele>2247.9</ele>
      </trkpt>
      <trkpt lat="44.82372" lon="6.73249">
        <ele>2261.5</ele>
      </trkpt>
      <trkpt lat="44.82343" lon="6.73175">
        <ele>2249.5</ele>
      </trkpt>
      <trkpt lat="44.8228" lon="6.73202">
        <ele>2271.3</ele>
      </trkpt>
      <trkpt lat="44.82243" lon="6.73126">
        <ele>2279.0</ele>
      </trkpt>
      <trkpt lat="44.82235" lon="6.73298">
        <ele>2285.7</ele>
      </trkpt>
      <trkpt lat="44.82288" lon="6.7336">
        <ele>2275.5</ele>
      </trkpt>
      <trkpt lat="44.82224" lon="6.73379">
        <ele>2292.6</ele>
      </trkpt>
      <trkpt lat="44.82184" lon="6.73294">
        <ele>2305.5</ele>
      </trkpt>
      <trkpt lat="44.82196" lon="6.735">
        <ele>2323.7</ele>
      </trkpt>
      <trkpt lat="44.82248" lon="6.73614">
        <ele>2338.0</ele>
      </trkpt>
      <trkpt lat="44.82086" lon="6.73504">
        <ele>2354.9</ele>
      </trkpt>
      <trkpt lat="44.82099" lon="6.73419">
        <ele>2352.4</ele>
      </trkpt>
      <trkpt lat="44.82033" lon="6.73506">
        <ele>2365.4</ele>
      </trkpt>
      <trkpt lat="44.81879" lon="6.73455">
        <ele>2348.0</ele>
      </trkpt>
      <trkpt lat="44.81955" lon="6.7324">
        <ele>2340.8</ele>
      </trkpt>
      <trkpt lat="44.81767" lon="6.73448">
        <ele>2307.8</ele>
      </trkpt>
      <trkpt lat="44.81832" lon="6.73296">
        <ele>2296.8</ele>
      </trkpt>
      <trkpt lat="44.81819" lon="6.73269">
        <ele>2290.0</ele>
      </trkpt>
      <trkpt lat="44.81565" lon="6.73513">
        <ele>2286.4</ele>
      </trkpt>
      <trkpt lat="44.815689" lon="6.73602">
        <ele>2305.4</ele>
      </trkpt>
      <trkpt lat="44.81485" lon="6.7364">
        <ele>2274.2</ele>
      </trkpt>
      <trkpt lat="44.81391" lon="6.73614">
        <ele>2256.2</ele>
      </trkpt>
      <trkpt lat="44.81315" lon="6.73445">
        <ele>2223.5</ele>
      </trkpt>
      <trkpt lat="44.81149" lon="6.73554">
        <ele>2199.2</ele>
      </trkpt>
      <trkpt lat="44.81133" lon="6.73698">
        <ele>2203.3</ele>
      </trkpt>
      <trkpt lat="44.81023" lon="6.73835">
        <ele>2200.0</ele>
      </trkpt>
      <trkpt lat="44.80945" lon="6.73839">
        <ele>2197.3</ele>
      </trkpt>
      <trkpt lat="44.80866" lon="6.73722">
        <ele>2193.1</ele>
      </trkpt>
      <trkpt lat="44.807899" lon="6.73711">
        <ele>2221.1</ele>
      </trkpt>
      <trkpt lat="44.80753" lon="6.73616">
        <ele>2210.6</ele>
      </trkpt>
      <trkpt lat="44.80572" lon="6.7367">
        <ele>2192.0</ele>
      </trkpt>
      <trkpt lat="44.80355" lon="6.73759">
        <ele>2173.3</ele>
      </trkpt>
      <trkpt lat="44.80568" lon="6.73502">
        <ele>2160.3</ele>
      </trkpt>
      <trkpt lat="44.80402" lon="6.73444">
        <ele>2135.7</ele>
      </trkpt>
      <trkpt lat="44.80177" lon="6.73222">
        <ele>2124.2</ele>
      </trkpt>
      <trkpt lat="44.801" lon="6.73116">
        <ele>2088.6</ele>
      </trkpt>
      <trkpt lat="44.800849" lon="6.73146">
        <ele>2085.5</ele>
      </trkpt>
      <trkpt lat="44.802079" lon="6.734">
        <ele>2080.4</ele>
      </trkpt>
      <trkpt lat="44.80039" lon="6.73237">
        <ele>2064.3</ele>
      </trkpt>
      <trkpt lat="44.79936" lon="6.73213">
        <ele>2019.9</ele>
      </trkpt>
      <trkpt lat="44.79957" lon="6.73071">
        <ele>2007.9</ele>
      </trkpt>
      <trkpt lat="44.80015" lon="6.72958">
        <ele>2000.9</ele>
      </trkpt>
      <trkpt lat="44.799259" lon="6.73059">
        <ele>1986.6</ele>
      </trkpt>
      <trkpt lat="44.798609" lon="6.73244">
        <ele>1980.1</ele>
      </trkpt>
      <trkpt lat="44.79916" lon="6.72933">
        <ele>1964.0</ele>
      </trkpt>
      <trkpt lat="44.79896" lon="6.72951">
        <ele>1954.3</ele>
      </trkpt>
      <trkpt lat="44.79791" lon="6.73199">
        <ele>1932.4</ele>
      </trkpt>
      <trkpt lat="44.79714" lon="6.73244">
        <ele>1914.9</ele>
      </trkpt>
      <trkpt lat="44.79796" lon="6.73349">
        <ele>1932.5</ele>
      </trkpt>
      <trkpt lat="44.79839" lon="6.73454">
        <ele>1911.7</ele>
      </trkpt>
      <trkpt lat="44.79706" lon="6.73343">
        <ele>1901.5</ele>
      </trkpt>
      <trkpt lat="44.79606" lon="6.73231">
        <ele>1875.5</ele>
      </trkpt>
      <trkpt lat="44.79667" lon="6.73103">
        <ele>1858.5</ele>
      </trkpt>
      <trkpt lat="44.79692" lon="6.72909">
        <ele>1844.0</ele>
      </trkpt>
      <trkpt lat="44.796439" lon="6.72801">
        <ele>1815.3</ele>
      </trkpt>
      <trkpt lat="44.79347" lon="6.73125">
        <ele>1775.7</ele>
      </trkpt>
      <trkpt lat="44.78766" lon="6.73311">
        <ele>1716.6</ele>
      </trkpt>
      <trkpt lat="44.78608" lon="6.73323">
        <ele>1695.2</ele>
      </trkpt>
      <trkpt lat="44.78244" lon="6.73495">
        <ele>1674.1</ele>
      </trkpt>
      <trkpt lat="44.7806" lon="6.73544">
        <ele>1671.3</ele>
      </trkpt>
      <trkpt lat="44.77726" lon="6.73532">
        <ele>1623.9</ele>
      </trkpt>
      <trkpt lat="44.76959" lon="6.73692">
        <ele>1560.3</ele>
      </trkpt>
      <trkpt lat="44.76317" lon="6.74286">
        <ele>1531.7</ele>
      </trkpt>
      <trkpt lat="44.761629" lon="6.74368">
        <ele>1526.2</ele>
      </trkpt>
      <trkpt lat="44.75798" lon="6.74841">
        <ele>1500.0</ele>
      </trkpt>
      <trkpt lat="44.75668" lon="6.7504">
        <ele>1483.3</ele>
      </trkpt>
      <trkpt lat="44.75618" lon="6.75224">
        <ele>1475.2</ele>
      </trkpt>
      <trkpt lat="44.75467" lon="6.75567">
        <ele>1458.7</ele>
      </trkpt>
      <trkpt lat="44.75408" lon="6.75767">
        <ele>1447.2</ele>
      </trkpt>
      <trkpt lat="44.75244" lon="6.76158">
        <ele>1415.3</ele>
      </trkpt>
      <trkpt lat="44.75127" lon="6.76302">
        <ele>1414.0</ele>
      </trkpt>
      <trkpt lat="44.75023" lon="6.76559">
        <ele>1401.3</ele>
      </trkpt>
      <trkpt lat="44.74837" lon="6.7666">
        <ele>1390.0</ele>
      </trkpt>
      <trkpt lat="44.74776" lon="6.7688">
        <ele>1379.5</ele>
      </trkpt>
      <trkpt lat="44.74718" lon="6.7702">
        <ele>1379.4</ele>
      </trkpt>
      <trkpt lat="44.74812" lon="6.77213">
        <ele>1373.4</ele>
      </trkpt>
      <trkpt lat="44.74806" lon="6.77247">
        <ele>1372.7</ele>
      </trkpt>
      <trkpt lat="44.74673" lon="6.77074">
        <ele>1368.0</ele>
      </trkpt>
      <trkpt lat="44.74445" lon="6.76957">
        <ele>1363.9</ele>
      </trkpt>
      <trkpt lat="44.74456" lon="6.76747">
        <ele>1342.9</ele>
      </trkpt>
      <trkpt lat="44.74436" lon="6.76715">
        <ele>1341.3</ele>
      </trkpt>
      <trkpt lat="44.74412" lon="6.76739">
        <ele>1339.7</ele>
      </trkpt>
      <trkpt lat="44.74402" lon="6.76822">
        <ele>1353.9</ele>
      </trkpt>
      <trkpt lat="44.74363" lon="6.76757">
        <ele>1338.6</ele>
      </trkpt>
      <trkpt lat="44.74271" lon="6.76693">
        <ele>1327.8</ele>
      </trkpt>
      <trkpt lat="44.74157" lon="6.76657">
        <ele>1322.3</ele>
      </trkpt>
      <trkpt lat="44.73952" lon="6.76676">
        <ele>1272.5</ele>
      </trkpt>
      <trkpt lat="44.737879" lon="6.76852">
        <ele>1273.4</ele>
      </trkpt>
      <trkpt lat="44.73522" lon="6.76815">
        <ele>1250.9</ele>
      </trkpt>
      <trkpt lat="44.73156" lon="6.76695">
        <ele>1297.4</ele>
      </trkpt>
      <trkpt lat="44.72974" lon="6.7642">
        <ele>1304.1</ele>
      </trkpt>
      <trkpt lat="44.726" lon="6.76386">
        <ele>1305.3</ele>
      </trkpt>
      <trkpt lat="44.72389" lon="6.76249">
        <ele>1300.9</ele>
      </trkpt>
      <trkpt lat="44.7186" lon="6.76119">
        <ele>1221.4</ele>
      </trkpt>
      <trkpt lat="44.71607" lon="6.75694">
        <ele>1221.7</ele>
      </trkpt>
      <trkpt lat="44.71543" lon="6.75075">
        <ele>1205.6</ele>
      </trkpt>
      <trkpt lat="44.71232" lon="6.7441">
        <ele>1204.3</ele>
      </trkpt>
      <trkpt lat="44.70856" lon="6.73664">
        <ele>1187.7</ele>
      </trkpt>
      <trkpt lat="44.70854" lon="6.7334">
        <ele>1173.2</ele>
      </trkpt>
      <trkpt lat="44.70895" lon="6.73129">
        <ele>1176.3</ele>
      </trkpt>
      <trkpt lat="44.70524" lon="6.72267">
        <ele>1159.6</ele>
      </trkpt>
      <trkpt lat="44.70493" lon="6.71996">
        <ele>1167.0</ele>
      </trkpt>
      <trkpt lat="44.70329" lon="6.71877">
        <ele>1168.4</ele>
      </trkpt>
      <trkpt lat="44.70135" lon="6.7158">
        <ele>1145.6</ele>
      </trkpt>
      <trkpt lat="44.69811" lon="6.70904">
        <ele>1141.6</ele>
      </trkpt>
      <trkpt lat="44.69492" lon="6.7058">
        <ele>1128.1</ele>
      </trkpt>
      <trkpt lat="44.69274" lon="6.70427">
        <ele>1106.3</ele>
      </trkpt>
      <trkpt lat="44.69135" lon="6.70213">
        <ele>1114.3</ele>
      </trkpt>
      <trkpt lat="44.68669" lon="6.69851">
        <ele>1125.2</ele>
      </trkpt>
      <trkpt lat="44.68388" lon="6.69772">
        <ele>1115.6</ele>
      </trkpt>
      <trkpt lat="44.67884" lon="6.69521">
        <ele>1086.3</ele>
      </trkpt>
      <trkpt lat="44.67731" lon="6.69374">
        <ele>1067.2</ele>
      </trkpt>
      <trkpt lat="44.67689" lon="6.69389">
        <ele>1065.2</ele>
      </trkpt>
      <trkpt lat="44.67643" lon="6.69319">
        <ele>1064.7</ele>
      </trkpt>
      <trkpt lat="44.67527" lon="6.69023">
        <ele>1069.3</ele>
      </trkpt>
      <trkpt lat="44.67404" lon="6.68647">
        <ele>1092.0</ele>
      </trkpt>
      <trkpt lat="44.67453" lon="6.68529">
        <ele>1070.9</ele>
      </trkpt>
      <trkpt lat="44.67418" lon="6.68453">
        <ele>1081.1</ele>
      </trkpt>
      <trkpt lat="44.6709" lon="6.68155">
        <ele>1113.9</ele>
      </trkpt>
      <trkpt lat="44.66935" lon="6.68038">
        <ele>1166.9</ele>
      </trkpt>
      <trkpt lat="44.66886" lon="6.67905">
        <ele>1149.7</ele>
      </trkpt>
      <trkpt lat="44.66894" lon="6.67647">
        <ele>1115.4</ele>
      </trkpt>
      <trkpt lat="44.66861" lon="6.67506">
        <ele>1087.5</ele>
      </trkpt>
      <trkpt lat="44.66762" lon="6.67371">
        <ele>1088.5</ele>
      </trkpt>
      <trkpt lat="44.66684" lon="6.67">
        <ele>1104.7</ele>
      </trkpt>
      <trkpt lat="44.66622" lon="6.66859">
        <ele>1130.3</ele>
      </trkpt>
      <trkpt lat="44.666559" lon="6.66688">
        <ele>1058.0</ele>
      </trkpt>
      <trkpt lat="44.66541" lon="6.66583">
        <ele>1103.1</ele>
      </trkpt>
      <trkpt lat="44.66339" lon="6.66185">
        <ele>1099.7</ele>
      </trkpt>
      <trkpt lat="44.66127" lon="6.659639">
        <ele>1082.1</ele>
      </trkpt>
      <trkpt lat="44.65609" lon="6.654899">
        <ele>1064.6</ele>
      </trkpt>
      <trkpt lat="44.65617" lon="6.65442">
        <ele>1055.2</ele>
      </trkpt>
      <trkpt lat="44.65593" lon="6.65435">
        <ele>1056.7</ele>
      </trkpt>
      <trkpt lat="44.65455" lon="6.65485">
        <ele>1038.5</ele>
      </trkpt>
      <trkpt lat="44.653799" lon="6.65469">
        <ele>1051.4</ele>
      </trkpt>
      <trkpt lat="44.65391" lon="6.65365">
        <ele>1057.3</ele>
      </trkpt>
      <trkpt lat="44.65502" lon="6.65206">
        <ele>1030.3</ele>
      </trkpt>
      <trkpt lat="44.65548" lon="6.65068">
        <ele>1041.0</ele>
      </trkpt>
      <trkpt lat="44.6542" lon="6.64954">
        <ele>1055.5</ele>
      </trkpt>
      <trkpt lat="44.65429" lon="6.65072">
        <ele>1067.6</ele>
      </trkpt>
      <trkpt lat="44.65388" lon="6.65207">
        <ele>1074.1</ele>
      </trkpt>
      <trkpt lat="44.65344" lon="6.65207">
        <ele>1078.8</ele>
      </trkpt>
      <trkpt lat="44.65289" lon="6.6498">
        <ele>1080.0</ele>
      </trkpt>
      <trkpt lat="44.650799" lon="6.6504">
        <ele>1100.5</ele>
      </trkpt>
      <trkpt lat="44.65059" lon="6.65203">
        <ele>1122.4</ele>
      </trkpt>
      <trkpt lat="44.65004" lon="6.65419">
        <ele>1137.3</ele>
      </trkpt>
      <trkpt lat="44.6485" lon="6.65524">
        <ele>1150.1</ele>
      </trkpt>
      <trkpt lat="44.64557" lon="6.65546">
        <ele>1174.6</ele>
      </trkpt>
      <trkpt lat="44.64372" lon="6.65691">
        <ele>1193.7</ele>
      </trkpt>
      <trkpt lat="44.64385" lon="6.657339">
        <ele>1204.5</ele>
      </trkpt>
      <trkpt lat="44.64562" lon="6.65648">
        <ele>1195.2</ele>
      </trkpt>
      <trkpt lat="44.64512" lon="6.65846">
        <ele>1217.7</ele>
      </trkpt>
      <trkpt lat="44.64305" lon="6.6617">
        <ele>1261.1</ele>
      </trkpt>
      <trkpt lat="44.64124" lon="6.66205">
        <ele>1271.6</ele>
      </trkpt>
      <trkpt lat="44.64119" lon="6.66263">
        <ele>1289.6</ele>
      </trkpt>
      <trkpt lat="44.64311" lon="6.66234">
        <ele>1294.9</ele>
      </trkpt>
      <trkpt lat="44.64326" lon="6.66286">
        <ele>1306.3</ele>
      </trkpt>
      <trkpt lat="44.64174" lon="6.663439">
        <ele>1326.8</ele>
      </trkpt>
      <trkpt lat="44.64055" lon="6.66568">
        <ele>1360.4</ele>
      </trkpt>
      <trkpt lat="44.63732" lon="6.66585">
        <ele>1384.8</ele>
      </trkpt>
      <trkpt lat="44.63811" lon="6.66619">
        <ele>1389.2</ele>
      </trkpt>
      <trkpt lat="44.63994" lon="6.66732">
        <ele>1429.5</ele>
      </trkpt>
      <trkpt lat="44.63877" lon="6.66736">
        <ele>1428.0</ele>
      </trkpt>
      <trkpt lat="44.63705" lon="6.66852">
        <ele>1426.2</ele>
      </trkpt>
      <trkpt lat="44.63614" lon="6.6686">
        <ele>1449.8</ele>
      </trkpt>
      <trkpt lat="44.6376" lon="6.66938">
        <ele>1451.9</ele>
      </trkpt>
      <trkpt lat="44.63761" lon="6.66984">
        <ele>1460.3</ele>
      </trkpt>
      <trkpt lat="44.63499" lon="6.66965">
        <ele>1488.4</ele>
      </trkpt>
      <trkpt lat="44.63309" lon="6.67177">
        <ele>1496.5</ele>
      </trkpt>
      <trkpt lat="44.63444" lon="6.67286">
        <ele>1533.0</ele>
      </trkpt>
      <trkpt lat="44.63469" lon="6.67458">
        <ele>1530.4</ele>
      </trkpt>
      <trkpt lat="44.63326" lon="6.67669">
        <ele>1545.9</ele>
      </trkpt>
      <trkpt lat="44.63131" lon="6.67729">
        <ele>1569.6</ele>
      </trkpt>
      <trkpt lat="44.62939" lon="6.67888">
        <ele>1589.3</ele>
      </trkpt>
      <trkpt lat="44.62794" lon="6.681129">
        <ele>1627.6</ele>
      </trkpt>
      <trkpt lat="44.626309" lon="6.68017">
        <ele>1609.8</ele>
      </trkpt>
      <trkpt lat="44.62558" lon="6.68098">
        <ele>1621.7</ele>
      </trkpt>
      <trkpt lat="44.62493" lon="6.683029">
        <ele>1622.7</ele>
      </trkpt>
      <trkpt lat="44.6216" lon="6.68323">
        <ele>1632.0</ele>
      </trkpt>
      <trkpt lat="44.62094" lon="6.68414">
        <ele>1647.2</ele>
      </trkpt>
      <trkpt lat="44.61962" lon="6.6836">
        <ele>1646.2</ele>
      </trkpt>
      <trkpt lat="44.61855" lon="6.68392">
        <ele>1650.3</ele>
      </trkpt>
      <trkpt lat="44.61689" lon="6.68519">
        <ele>1653.2</ele>
      </trkpt>
      <trkpt lat="44.614669" lon="6.68567">
        <ele>1636.9</ele>
      </trkpt>
      <trkpt lat="44.61307" lon="6.68703">
        <ele>1635.3</ele>
      </trkpt>
      <trkpt lat="44.60984" lon="6.68849">
        <ele>1633.1</ele>
      </trkpt>
      <trkpt lat="44.60506" lon="6.68942">
        <ele>1640.3</ele>
      </trkpt>
      <trkpt lat="44.60345" lon="6.6887">
        <ele>1632.0</ele>
      </trkpt>
      <trkpt lat="44.5986" lon="6.689809">
        <ele>1650.5</ele>
      </trkpt>
      <trkpt lat="44.59466" lon="6.68989">
        <ele>1650.9</ele>
      </trkpt>
      <trkpt lat="44.59276" lon="6.68932">
        <ele>1669.8</ele>
      </trkpt>
      <trkpt lat="44.59085" lon="6.6877">
        <ele>1680.9</ele>
      </trkpt>
      <trkpt lat="44.5897" lon="6.68777">
        <ele>1660.0</ele>
      </trkpt>
      <trkpt lat="44.58659" lon="6.68659">
        <ele>1752.5</ele>
      </trkpt>
      <trkpt lat="44.58452" lon="6.68351">
        <ele>1775.4</ele>
      </trkpt>
      <trkpt lat="44.58316" lon="6.68267">
        <ele>1773.8</ele>
      </trkpt>
      <trkpt lat="44.579949" lon="6.68448">
        <ele>1775.3</ele>
      </trkpt>
      <trkpt lat="44.57768" lon="6.68292">
        <ele>1807.9</ele>
      </trkpt>
      <trkpt lat="44.57558" lon="6.68208">
        <ele>1825.1</ele>
      </trkpt>
      <trkpt lat="44.57387" lon="6.682">
        <ele>1838.2</ele>
      </trkpt>
      <trkpt lat="44.57295" lon="6.68024">
        <ele>1858.6</ele>
      </trkpt>
      <trkpt lat="44.57224" lon="6.679979">
        <ele>1851.9</ele>
      </trkpt>
      <trkpt lat="44.57168" lon="6.6806">
        <ele>1860.1</ele>
      </trkpt>
      <trkpt lat="44.57108" lon="6.682629">
        <ele>1884.4</ele>
      </trkpt>
      <trkpt lat="44.569249" lon="6.68298">
        <ele>1889.9</ele>
      </trkpt>
      <trkpt lat="44.56945" lon="6.68416">
        <ele>1906.9</ele>
      </trkpt>
      <trkpt lat="44.56826" lon="6.68499">
        <ele>1915.0</ele>
      </trkpt>
      <trkpt lat="44.56702" lon="6.68518">
        <ele>1918.8</ele>
      </trkpt>
      <trkpt lat="44.56622" lon="6.686149">
        <ele>1918.4</ele>
      </trkpt>
      <trkpt lat="44.56162" lon="6.68983">
        <ele>1942.1</ele>
      </trkpt>
      <trkpt lat="44.55983" lon="6.69216">
        <ele>1967.5</ele>
      </trkpt>
      <trkpt lat="44.55724" lon="6.69445">
        <ele>1981.7</ele>
      </trkpt>
      <trkpt lat="44.55637" lon="6.69724">
        <ele>1983.7</ele>
      </trkpt>
      <trkpt lat="44.55502" lon="6.69873">
        <ele>1978.0</ele>
      </trkpt>
      <trkpt lat="44.55283" lon="6.6996">
        <ele>1995.8</ele>
      </trkpt>
      <trkpt lat="44.551139" lon="6.70055">
        <ele>2014.0</ele>
      </trkpt>
      <trkpt lat="44.54834" lon="6.702689">
        <ele>2042.0</ele>
      </trkpt>
      <trkpt lat="44.54694" lon="6.70237">
        <ele>2049.4</ele>
      </trkpt>
      <trkpt lat="44.54166" lon="6.70258">
        <ele>2099.9</ele>
      </trkpt>
      <trkpt lat="44.53996" lon="6.7022">
        <ele>2100.1</ele>
      </trkpt>
      <trkpt lat="44.53867" lon="6.70289">
        <ele>2100.7</ele>
      </trkpt>
      <trkpt lat="44.53617" lon="6.703439">
        <ele>2076.2</ele>
      </trkpt>
      <trkpt lat="44.53482" lon="6.70487">
        <ele>2054.8</ele>
      </trkpt>
      <trkpt lat="44.5334" lon="6.70471">
        <ele>2042.7</ele>
      </trkpt>
      <trkpt lat="44.53203" lon="6.70155">
        <ele>2040.3</ele>
      </trkpt>
      <trkpt lat="44.53212" lon="6.70455">
        <ele>2005.7</ele>
      </trkpt>
      <trkpt lat="44.53283" lon="6.7079">
        <ele>1987.2</ele>
      </trkpt>
      <trkpt lat="44.53223" lon="6.7096">
        <ele>1950.5</ele>
      </trkpt>
      <trkpt lat="44.53109" lon="6.71138">
        <ele>1945.0</ele>
      </trkpt>
      <trkpt lat="44.53136" lon="6.71296">
        <ele>1937.8</ele>
      </trkpt>
      <trkpt lat="44.53087" lon="6.71288">
        <ele>1929.3</ele>
      </trkpt>
      <trkpt lat="44.53043" lon="6.71101">
        <ele>1909.0</ele>
      </trkpt>
      <trkpt lat="44.530589" lon="6.70991">
        <ele>1896.6</ele>
      </trkpt>
      <trkpt lat="44.52951" lon="6.71276">
        <ele>1879.2</ele>
      </trkpt>
      <trkpt lat="44.52878" lon="6.72221">
        <ele>1801.1</ele>
      </trkpt>
      <trkpt lat="44.52801" lon="6.71748">
        <ele>1774.2</ele>
      </trkpt>
      <trkpt lat="44.52716" lon="6.71511">
        <ele>1758.3</ele>
      </trkpt>
      <trkpt lat="44.5267" lon="6.71851">
        <ele>1705.3</ele>
      </trkpt>
      <trkpt lat="44.52579" lon="6.72145">
        <ele>1679.8</ele>
      </trkpt>
      <trkpt lat="44.52555" lon="6.72573">
        <ele>1657.8</ele>
      </trkpt>
      <trkpt lat="44.52629" lon="6.72606">
        <ele>1681.3</ele>
      </trkpt>
      <trkpt lat="44.52604" lon="6.72676">
        <ele>1673.8</ele>
      </trkpt>
      <trkpt lat="44.52538" lon="6.72712">
        <ele>1657.9</ele>
      </trkpt>
      <trkpt lat="44.524859" lon="6.73214">
        <ele>1658.2</ele>
      </trkpt>
      <trkpt lat="44.52331" lon="6.73384">
        <ele>1636.9</ele>
      </trkpt>
      <trkpt lat="44.52296" lon="6.73717">
        <ele>1625.2</ele>
      </trkpt>
      <trkpt lat="44.52302" lon="6.739">
        <ele>1615.7</ele>
      </trkpt>
      <trkpt lat="44.52042" lon="6.74048">
        <ele>1588.3</ele>
      </trkpt>
      <trkpt lat="44.520069" lon="6.74119">
        <ele>1587.8</ele>
      </trkpt>
      <trkpt lat="44.52016" lon="6.74337">
        <ele>1568.9</ele>
      </trkpt>
      <trkpt lat="44.51822" lon="6.74559">
        <ele>1540.2</ele>
      </trkpt>
      <trkpt lat="44.51735" lon="6.74732">
        <ele>1528.5</ele>
      </trkpt>
      <trkpt lat="44.51711" lon="6.74903">
        <ele>1522.5</ele>
      </trkpt>
      <trkpt lat="44.51804" lon="6.75237">
        <ele>1512.2</ele>
      </trkpt>
      <trkpt lat="44.51771" lon="6.75273">
        <ele>1503.6</ele>
      </trkpt>
      <trkpt lat="44.5176" lon="6.75193">
        <ele>1499.0</ele>
      </trkpt>
      <trkpt lat="44.51702" lon="6.75109">
        <ele>1496.1</ele>
      </trkpt>
      <trkpt lat="44.51511" lon="6.74996">
        <ele>1480.9</ele>
      </trkpt>
      <trkpt lat="44.51447" lon="6.74848">
        <ele>1460.5</ele>
      </trkpt>
      <trkpt lat="44.51475" lon="6.74685">
        <ele>1461.0</ele>
      </trkpt>
      <trkpt lat="44.51553" lon="6.74413">
        <ele>1457.0</ele>
      </trkpt>
      <trkpt lat="44.511069" lon="6.7444">
        <ele>1426.0</ele>
      </trkpt>
      <trkpt lat="44.51019" lon="6.74643">
        <ele>1423.7</ele>
      </trkpt>
      <trkpt lat="44.50962" lon="6.74665">
        <ele>1429.0</ele>
      </trkpt>
      <trkpt lat="44.50691" lon="6.74573">
        <ele>1451.9</ele>
      </trkpt>
      <trkpt lat="44.50444" lon="6.74394">
        <ele>1417.3</ele>
      </trkpt>
      <trkpt lat="44.502" lon="6.74057">
        <ele>1379.5</ele>
      </trkpt>
      <trkpt lat="44.49938" lon="6.73942">
        <ele>1378.9</ele>
      </trkpt>
      <trkpt lat="44.49722" lon="6.73979">
        <ele>1346.5</ele>
      </trkpt>
      <trkpt lat="44.49369" lon="6.74151">
        <ele>1333.5</ele>
      </trkpt>
      <trkpt lat="44.49131" lon="6.74216">
        <ele>1350.0</ele>
      </trkpt>
      <trkpt lat="44.48614" lon="6.74736">
        <ele>1337.1</ele>
      </trkpt>
      <trkpt lat="44.4841" lon="6.74874">
        <ele>1319.4</ele>
      </trkpt>
      <trkpt lat="44.4818" lon="6.75145">
        <ele>1322.4</ele>
      </trkpt>
      <trkpt lat="44.479999" lon="6.75555">
        <ele>1317.0</ele>
      </trkpt>
      <trkpt lat="44.4751" lon="6.76148">
        <ele>1305.4</ele>
      </trkpt>
      <trkpt lat="44.47101" lon="6.76374">
        <ele>1318.9</ele>
      </trkpt>
      <trkpt lat="44.4674" lon="6.76168">
        <ele>1311.4</ele>
      </trkpt>
      <trkpt lat="44.46491" lon="6.75649">
        <ele>1297.9</ele>
      </trkpt>
      <trkpt lat="44.46488" lon="6.75236">
        <ele>1308.2</ele>
      </trkpt>
      <trkpt lat="44.462359" lon="6.74996">
        <ele>1300.6</ele>
      </trkpt>
      <trkpt lat="44.45961" lon="6.74682">
        <ele>1290.6</ele>
      </trkpt>
      <trkpt lat="44.458329" lon="6.74648">
        <ele>1291.0</ele>
      </trkpt>
      <trkpt lat="44.45774" lon="6.74483">
        <ele>1297.5</ele>
      </trkpt>
      <trkpt lat="44.45664" lon="6.74408">
        <ele>1294.4</ele>
      </trkpt>
      <trkpt lat="44.45506" lon="6.74366">
        <ele>1284.8</ele>
      </trkpt>
      <trkpt lat="44.45315" lon="6.74381">
        <ele>1286.4</ele>
      </trkpt>
      <trkpt lat="44.45133" lon="6.74225">
        <ele>1282.4</ele>
      </trkpt>
      <trkpt lat="44.44774" lon="6.74019">
        <ele>1250.7</ele>
      </trkpt>
      <trkpt lat="44.44581" lon="6.7417">
        <ele>1255.8</ele>
      </trkpt>
      <trkpt lat="44.44432" lon="6.74256">
        <ele>1271.1</ele>
      </trkpt>
      <trkpt lat="44.44052" lon="6.74277">
        <ele>1247.4</ele>
      </trkpt>
      <trkpt lat="44.43909" lon="6.74376">
        <ele>1249.7</ele>
      </trkpt>
      <trkpt lat="44.4381" lon="6.74384">
        <ele>1255.1</ele>
      </trkpt>
      <trkpt lat="44.43627" lon="6.74367">
        <ele>1256.6</ele>
      </trkpt>
      <trkpt lat="44.43447" lon="6.74394">
        <ele>1266.8</ele>
      </trkpt>
      <trkpt lat="44.43268" lon="6.74036">
        <ele>1251.9</ele>
      </trkpt>
      <trkpt lat="44.432199" lon="6.739724">
        <ele>1252.1</ele>
      </trkpt>
      <trkpt lat="44.43227" lon="6.73965">
        <ele>1256.1</ele>
      </trkpt>
      <trkpt lat="44.432" lon="6.73913">
        <ele>1258.2</ele>
      </trkpt>
      <trkpt lat="44.43183" lon="6.73884">
        <ele>1258.8</ele>
      </trkpt>
      <trkpt lat="44.4316" lon="6.73867">
        <ele>1254.4</ele>
      </trkpt>
      <trkpt lat="44.43099" lon="6.73843">
        <ele>1246.3</ele>
      </trkpt>
      <trkpt lat="44.43074" lon="6.73814">
        <ele>1245.6</ele>
      </trkpt>
      <trkpt lat="44.43051" lon="6.73767">
        <ele>1248.7</ele>
      </trkpt>
      <trkpt lat="44.43035" lon="6.73731">
        <ele>1249.5</ele>
      </trkpt>
      <trkpt lat="44.42983" lon="6.73659">
        <ele>1247.8</ele>
      </trkpt>
      <trkpt lat="44.42949" lon="6.73637">
        <ele>1243.7</ele>
      </trkpt>
      <trkpt lat="44.42924" lon="6.73628">
        <ele>1238.6</ele>
      </trkpt>
      <trkpt lat="44.42902" lon="6.73625">
        <ele>1237.4</ele>
      </trkpt>
      <trkpt lat="44.42875" lon="6.73629">
        <ele>1237.7</ele>
      </trkpt>
      <trkpt lat="44.42813" lon="6.73658">
        <ele>1234.4</ele>
      </trkpt>
      <trkpt lat="44.4275" lon="6.73687">
        <ele>1232.5</ele>
      </trkpt>
      <trkpt lat="44.427079" lon="6.73695">
        <ele>1233.1</ele>
      </trkpt>
      <trkpt lat="44.42646" lon="6.73697">
        <ele>1233.8</ele>
      </trkpt>
      <trkpt lat="44.42584" lon="6.73699">
        <ele>1233.8</ele>
      </trkpt>
      <trkpt lat="44.42522" lon="6.73702">
        <ele>1231.9</ele>
      </trkpt>
      <trkpt lat="44.42439" lon="6.73708">
        <ele>1229.9</ele>
      </trkpt>
      <trkpt lat="44.42357" lon="6.73714">
        <ele>1227.4</ele>
      </trkpt>
      <trkpt lat="44.42274" lon="6.7372">
        <ele>1226.2</ele>
      </trkpt>
      <trkpt lat="44.42219" lon="6.73719">
        <ele>1224.3</ele>
      </trkpt>
      <trkpt lat="44.42183" lon="6.73712">
        <ele>1222.0</ele>
      </trkpt>
      <trkpt lat="44.42136" lon="6.73696">
        <ele>1220.4</ele>
      </trkpt>
      <trkpt lat="44.4209" lon="6.7368">
        <ele>1219.3</ele>
      </trkpt>
      <trkpt lat="44.42057" lon="6.73663">
        <ele>1219.3</ele>
      </trkpt>
      <trkpt lat="44.42038" lon="6.73709">
        <ele>1219.5</ele>
      </trkpt>
      <trkpt lat="44.42028" lon="6.73743">
        <ele>1219.4</ele>
      </trkpt>
      <trkpt lat="44.42022" lon="6.7377">
        <ele>1219.4</ele>
      </trkpt>
      <trkpt lat="44.42014" lon="6.73841">
        <ele>1220.6</ele>
      </trkpt>
      <trkpt lat="44.4201" lon="6.73872">
        <ele>1221.2</ele>
      </trkpt>
      <trkpt lat="44.42001" lon="6.7393">
        <ele>1222.3</ele>
      </trkpt>
      <trkpt lat="44.41992" lon="6.73951">
        <ele>1222.6</ele>
      </trkpt>
      <trkpt lat="44.41984" lon="6.73966">
        <ele>1222.8</ele>
      </trkpt>
      <trkpt lat="44.41954" lon="6.73999">
        <ele>1222.9</ele>
      </trkpt>
      <trkpt lat="44.41912" lon="6.74028">
        <ele>1222.6</ele>
      </trkpt>
      <trkpt lat="44.4187" lon="6.74057">
        <ele>1222.8</ele>
      </trkpt>
      <trkpt lat="44.41811" lon="6.74112">
        <ele>1226.8</ele>
      </trkpt>
      <trkpt lat="44.4177" lon="6.74142">
        <ele>1230.5</ele>
      </trkpt>
      <trkpt lat="44.41729" lon="6.74173">
        <ele>1233.8</ele>
      </trkpt>
      <trkpt lat="44.41713" lon="6.74191">
        <ele>1235.8</ele>
      </trkpt>
      <trkpt lat="44.4169" lon="6.74229">
        <ele>1238.4</ele>
      </trkpt>
      <trkpt lat="44.416559" lon="6.7427">
        <ele>1238.7</ele>
      </trkpt>
      <trkpt lat="44.41621" lon="6.74311">
        <ele>1239.8</ele>
      </trkpt>
      <trkpt lat="44.41612" lon="6.7432">
        <ele>1240.0</ele>
      </trkpt>
      <trkpt lat="44.41597" lon="6.74328">
        <ele>1240.1</ele>
      </trkpt>
      <trkpt lat="44.41585" lon="6.74338">
        <ele>1240.3</ele>
      </trkpt>
      <trkpt lat="44.41545" lon="6.74434">
        <ele>1245.9</ele>
      </trkpt>
      <trkpt lat="44.41525" lon="6.74491">
        <ele>1249.9</ele>
      </trkpt>
      <trkpt lat="44.41523" lon="6.74515">
        <ele>1252.0</ele>
      </trkpt>
      <trkpt lat="44.41523" lon="6.7455">
        <ele>1255.6</ele>
      </trkpt>
      <trkpt lat="44.41521" lon="6.74579">
        <ele>1258.1</ele>
      </trkpt>
      <trkpt lat="44.41493" lon="6.7467">
        <ele>1257.0</ele>
      </trkpt>
      <trkpt lat="44.41479" lon="6.74752">
        <ele>1260.1</ele>
      </trkpt>
      <trkpt lat="44.4146" lon="6.74808">
        <ele>1261.6</ele>
      </trkpt>
      <trkpt lat="44.41457" lon="6.74822">
        <ele>1261.9</ele>
      </trkpt>
      <trkpt lat="44.41456" lon="6.74841">
        <ele>1262.7</ele>
      </trkpt>
      <trkpt lat="44.414589" lon="6.74857">
        <ele>1263.8</ele>
      </trkpt>
      <trkpt lat="44.41478" lon="6.74911">
        <ele>1267.7</ele>
      </trkpt>
      <trkpt lat="44.415" lon="6.74966">
        <ele>1269.6</ele>
      </trkpt>
      <trkpt lat="44.41523" lon="6.75021">
        <ele>1277.0</ele>
      </trkpt>
      <trkpt lat="44.41533" lon="6.75042">
        <ele>1280.5</ele>
      </trkpt>
      <trkpt lat="44.41552" lon="6.75068">
        <ele>1287.0</ele>
      </trkpt>
      <trkpt lat="44.415529" lon="6.7508">
        <ele>1287.8</ele>
      </trkpt>
      <trkpt lat="44.4155" lon="6.75092">
        <ele>1286.8</ele>
      </trkpt>
      <trkpt lat="44.41543" lon="6.75104">
        <ele>1285.7</ele>
      </trkpt>
      <trkpt lat="44.4152" lon="6.75124">
        <ele>1283.0</ele>
      </trkpt>
      <trkpt lat="44.41514" lon="6.75127">
        <ele>1282.3</ele>
      </trkpt>
      <trkpt lat="44.41479" lon="6.75137">
        <ele>1278.8</ele>
      </trkpt>
      <trkpt lat="44.41466" lon="6.75146">
        <ele>1280.9</ele>
      </trkpt>
      <trkpt lat="44.41463" lon="6.75156">
        <ele>1282.3</ele>
      </trkpt>
      <trkpt lat="44.41464" lon="6.75173">
        <ele>1284.2</ele>
      </trkpt>
      <trkpt lat="44.41474" lon="6.75196">
        <ele>1285.7</ele>
      </trkpt>
      <trkpt lat="44.41502" lon="6.75246">
        <ele>1286.0</ele>
      </trkpt>
      <trkpt lat="44.41504" lon="6.75261">
        <ele>1287.8</ele>
      </trkpt>
      <trkpt lat="44.41502" lon="6.75275">
        <ele>1289.2</ele>
      </trkpt>
      <trkpt lat="44.41494" lon="6.75284">
        <ele>1291.3</ele>
      </trkpt>
      <trkpt lat="44.41485" lon="6.75285">
        <ele>1293.2</ele>
      </trkpt>
      <trkpt lat="44.41475" lon="6.75272">
        <ele>1293.8</ele>
      </trkpt>
      <trkpt lat="44.41456" lon="6.75232">
        <ele>1293.1</ele>
      </trkpt>
      <trkpt lat="44.41433" lon="6.75198">
        <ele>1291.7</ele>
      </trkpt>
      <trkpt lat="44.41388" lon="6.75171">
        <ele>1295.3</ele>
      </trkpt>
      <trkpt lat="44.41343" lon="6.75142">
        <ele>1301.0</ele>
      </trkpt>
      <trkpt lat="44.41298" lon="6.75113">
        <ele>1309.8</ele>
      </trkpt>
      <trkpt lat="44.41285" lon="6.75109">
        <ele>1313.6</ele>
      </trkpt>
      <trkpt lat="44.41279" lon="6.75112">
        <ele>1315.8</ele>
      </trkpt>
      <trkpt lat="44.41276" lon="6.75118">
        <ele>1317.2</ele>
      </trkpt>
      <trkpt lat="44.41277" lon="6.75128">
        <ele>1317.6</ele>
      </trkpt>
      <trkpt lat="44.41283" lon="6.75135">
        <ele>1316.4</ele>
      </trkpt>
      <trkpt lat="44.41307" lon="6.75149">
        <ele>1311.2</ele>
      </trkpt>
      <trkpt lat="44.41321" lon="6.75166">
        <ele>1309.9</ele>
      </trkpt>
      <trkpt lat="44.41329" lon="6.75183">
        <ele>1310.4</ele>
      </trkpt>
      <trkpt lat="44.41341" lon="6.75239">
        <ele>1316.0</ele>
      </trkpt>
      <trkpt lat="44.41361" lon="6.75304">
        <ele>1318.6</ele>
      </trkpt>
      <trkpt lat="44.41366" lon="6.75334">
        <ele>1320.2</ele>
      </trkpt>
      <trkpt lat="44.41369" lon="6.75381">
        <ele>1325.4</ele>
      </trkpt>
      <trkpt lat="44.41367" lon="6.75396">
        <ele>1327.6</ele>
      </trkpt>
      <trkpt lat="44.41362" lon="6.75407">
        <ele>1330.0</ele>
      </trkpt>
      <trkpt lat="44.41353" lon="6.75408">
        <ele>1331.9</ele>
      </trkpt>
      <trkpt lat="44.41343" lon="6.75401">
        <ele>1333.0</ele>
      </trkpt>
      <trkpt lat="44.4131" lon="6.75343">
        <ele>1333.2</ele>
      </trkpt>
      <trkpt lat="44.41273" lon="6.75286">
        <ele>1335.6</ele>
      </trkpt>
      <trkpt lat="44.41259" lon="6.75275">
        <ele>1337.3</ele>
      </trkpt>
      <trkpt lat="44.4125" lon="6.75274">
        <ele>1339.2</ele>
      </trkpt>
      <trkpt lat="44.41243" lon="6.75282">
        <ele>1342.5</ele>
      </trkpt>
      <trkpt lat="44.41241" lon="6.75298">
        <ele>1345.2</ele>
      </trkpt>
      <trkpt lat="44.41247" lon="6.75314">
        <ele>1345.3</ele>
      </trkpt>
      <trkpt lat="44.41271" lon="6.75363">
        <ele>1346.4</ele>
      </trkpt>
      <trkpt lat="44.41302" lon="6.7546">
        <ele>1349.6</ele>
      </trkpt>
      <trkpt lat="44.41308" lon="6.75488">
        <ele>1350.4</ele>
      </trkpt>
      <trkpt lat="44.41308" lon="6.75514">
        <ele>1352.0</ele>
      </trkpt>
      <trkpt lat="44.41302" lon="6.75547">
        <ele>1354.9</ele>
      </trkpt>
      <trkpt lat="44.412909" lon="6.75573">
        <ele>1358.3</ele>
      </trkpt>
      <trkpt lat="44.41283" lon="6.75587">
        <ele>1360.5</ele>
      </trkpt>
      <trkpt lat="44.4127" lon="6.75592">
        <ele>1363.4</ele>
      </trkpt>
      <trkpt lat="44.4126" lon="6.75581">
        <ele>1364.9</ele>
      </trkpt>
      <trkpt lat="44.41258" lon="6.75559">
        <ele>1365.0</ele>
      </trkpt>
      <trkpt lat="44.41267" lon="6.75522">
        <ele>1362.2</ele>
      </trkpt>
      <trkpt lat="44.41266" lon="6.75499">
        <ele>1361.9</ele>
      </trkpt>
      <trkpt lat="44.412619" lon="6.75478">
        <ele>1361.5</ele>
      </trkpt>
      <trkpt lat="44.41251" lon="6.7546">
        <ele>1363.3</ele>
      </trkpt>
      <trkpt lat="44.41192" lon="6.75378">
        <ele>1369.0</ele>
      </trkpt>
      <trkpt lat="44.41132" lon="6.75297">
        <ele>1376.7</ele>
      </trkpt>
      <trkpt lat="44.411209" lon="6.75264">
        <ele>1378.5</ele>
      </trkpt>
      <trkpt lat="44.41119" lon="6.75225">
        <ele>1379.6</ele>
      </trkpt>
      <trkpt lat="44.41118" lon="6.75165">
        <ele>1382.0</ele>
      </trkpt>
      <trkpt lat="44.41124" lon="6.75115">
        <ele>1381.8</ele>
      </trkpt>
      <trkpt lat="44.4112" lon="6.75104">
        <ele>1383.0</ele>
      </trkpt>
      <trkpt lat="44.41109" lon="6.75098">
        <ele>1385.6</ele>
      </trkpt>
      <trkpt lat="44.411" lon="6.75106">
        <ele>1387.5</ele>
      </trkpt>
      <trkpt lat="44.41089" lon="6.75144">
        <ele>1390.2</ele>
      </trkpt>
      <trkpt lat="44.41084" lon="6.75225">
        <ele>1389.7</ele>
      </trkpt>
      <trkpt lat="44.41076" lon="6.75256">
        <ele>1389.3</ele>
      </trkpt>
      <trkpt lat="44.41064" lon="6.75278">
        <ele>1390.4</ele>
      </trkpt>
      <trkpt lat="44.41041" lon="6.75305">
        <ele>1394.2</ele>
      </trkpt>
      <trkpt lat="44.410179" lon="6.7532">
        <ele>1399.1</ele>
      </trkpt>
      <trkpt lat="44.40981" lon="6.75338">
        <ele>1407.0</ele>
      </trkpt>
      <trkpt lat="44.40964" lon="6.75342">
        <ele>1409.6</ele>
      </trkpt>
      <trkpt lat="44.40904" lon="6.7534">
        <ele>1414.5</ele>
      </trkpt>
      <trkpt lat="44.4088" lon="6.75352">
        <ele>1416.9</ele>
      </trkpt>
      <trkpt lat="44.40842" lon="6.75395">
        <ele>1423.2</ele>
      </trkpt>
      <trkpt lat="44.40814" lon="6.75409">
        <ele>1426.0</ele>
      </trkpt>
      <trkpt lat="44.40782" lon="6.7541">
        <ele>1427.8</ele>
      </trkpt>
      <trkpt lat="44.407559" lon="6.75422">
        <ele>1429.9</ele>
      </trkpt>
      <trkpt lat="44.40744" lon="6.75432">
        <ele>1430.4</ele>
      </trkpt>
      <trkpt lat="44.40734" lon="6.75445">
        <ele>1430.9</ele>
      </trkpt>
      <trkpt lat="44.40729" lon="6.75459">
        <ele>1431.7</ele>
      </trkpt>
      <trkpt lat="44.40716" lon="6.75518">
        <ele>1436.4</ele>
      </trkpt>
      <trkpt lat="44.4071" lon="6.75528">
        <ele>1438.1</ele>
      </trkpt>
      <trkpt lat="44.40697" lon="6.75539">
        <ele>1440.5</ele>
      </trkpt>
      <trkpt lat="44.40685" lon="6.75539">
        <ele>1441.5</ele>
      </trkpt>
      <trkpt lat="44.406709" lon="6.75531">
        <ele>1441.7</ele>
      </trkpt>
      <trkpt lat="44.40661" lon="6.75517">
        <ele>1440.5</ele>
      </trkpt>
      <trkpt lat="44.40641" lon="6.75472">
        <ele>1435.6</ele>
      </trkpt>
      <trkpt lat="44.40634" lon="6.75463">
        <ele>1434.4</ele>
      </trkpt>
      <trkpt lat="44.40625" lon="6.75458">
        <ele>1433.7</ele>
      </trkpt>
      <trkpt lat="44.40607" lon="6.75455">
        <ele>1433.2</ele>
      </trkpt>
      <trkpt lat="44.40587" lon="6.75464">
        <ele>1435.2</ele>
      </trkpt>
      <trkpt lat="44.4057" lon="6.75487">
        <ele>1434.0</ele>
      </trkpt>
      <trkpt lat="44.40562" lon="6.75514">
        <ele>1434.5</ele>
      </trkpt>
      <trkpt lat="44.40558" lon="6.7555">
        <ele>1436.4</ele>
      </trkpt>
      <trkpt lat="44.40562" lon="6.75601">
        <ele>1443.2</ele>
      </trkpt>
      <trkpt lat="44.4056" lon="6.75632">
        <ele>1445.5</ele>
      </trkpt>
      <trkpt lat="44.40552" lon="6.75658">
        <ele>1445.8</ele>
      </trkpt>
      <trkpt lat="44.4051" lon="6.75732">
        <ele>1450.5</ele>
      </trkpt>
      <trkpt lat="44.405" lon="6.75761">
        <ele>1454.1</ele>
      </trkpt>
      <trkpt lat="44.40502" lon="6.75803">
        <ele>1458.4</ele>
      </trkpt>
      <trkpt lat="44.40514" lon="6.75865">
        <ele>1465.8</ele>
      </trkpt>
      <trkpt lat="44.40514" lon="6.75903">
        <ele>1468.8</ele>
      </trkpt>
      <trkpt lat="44.40506" lon="6.75941">
        <ele>1472.2</ele>
      </trkpt>
      <trkpt lat="44.404559" lon="6.76031">
        <ele>1478.8</ele>
      </trkpt>
      <trkpt lat="44.40437" lon="6.76051">
        <ele>1480.9</ele>
      </trkpt>
      <trkpt lat="44.40415" lon="6.7606">
        <ele>1479.3</ele>
      </trkpt>
      <trkpt lat="44.40381" lon="6.7607">
        <ele>1475.8</ele>
      </trkpt>
      <trkpt lat="44.40367" lon="6.7608">
        <ele>1476.2</ele>
      </trkpt>
      <trkpt lat="44.40354" lon="6.761">
        <ele>1477.2</ele>
      </trkpt>
      <trkpt lat="44.40345" lon="6.76131">
        <ele>1479.7</ele>
      </trkpt>
      <trkpt lat="44.4034" lon="6.76224">
        <ele>1488.8</ele>
      </trkpt>
      <trkpt lat="44.40336" lon="6.76255">
        <ele>1490.9</ele>
      </trkpt>
      <trkpt lat="44.40316" lon="6.76318">
        <ele>1496.2</ele>
      </trkpt>
      <trkpt lat="44.40274" lon="6.76415">
        <ele>1497.2</ele>
      </trkpt>
      <trkpt lat="44.40264" lon="6.76454">
        <ele>1499.8</ele>
      </trkpt>
      <trkpt lat="44.40244" lon="6.76557">
        <ele>1511.7</ele>
      </trkpt>
      <trkpt lat="44.40237" lon="6.76575">
        <ele>1514.3</ele>
      </trkpt>
      <trkpt lat="44.40229" lon="6.76588">
        <ele>1515.7</ele>
      </trkpt>
      <trkpt lat="44.402209" lon="6.76593">
        <ele>1515.8</ele>
      </trkpt>
      <trkpt lat="44.40203" lon="6.76598">
        <ele>1515.2</ele>
      </trkpt>
      <trkpt lat="44.40171" lon="6.76593">
        <ele>1511.6</ele>
      </trkpt>
      <trkpt lat="44.40148" lon="6.76598">
        <ele>1510.4</ele>
      </trkpt>
      <trkpt lat="44.4013" lon="6.76611">
        <ele>1511.4</ele>
      </trkpt>
      <trkpt lat="44.40096" lon="6.76664">
        <ele>1518.1</ele>
      </trkpt>
      <trkpt lat="44.40062" lon="6.76717">
        <ele>1526.2</ele>
      </trkpt>
      <trkpt lat="44.40017" lon="6.7677">
        <ele>1531.8</ele>
      </trkpt>
      <trkpt lat="44.39998" lon="6.76789">
        <ele>1532.5</ele>
      </trkpt>
      <trkpt lat="44.39954" lon="6.7681">
        <ele>1533.0</ele>
      </trkpt>
      <trkpt lat="44.39937" lon="6.76823">
        <ele>1533.8</ele>
      </trkpt>
      <trkpt lat="44.39894" lon="6.76876">
        <ele>1544.6</ele>
      </trkpt>
      <trkpt lat="44.39877" lon="6.76888">
        <ele>1548.0</ele>
      </trkpt>
      <trkpt lat="44.39859" lon="6.76891">
        <ele>1549.8</ele>
      </trkpt>
      <trkpt lat="44.39834" lon="6.76887">
        <ele>1551.0</ele>
      </trkpt>
      <trkpt lat="44.3982" lon="6.76879">
        <ele>1554.3</ele>
      </trkpt>
      <trkpt lat="44.39807" lon="6.76864">
        <ele>1556.2</ele>
      </trkpt>
      <trkpt lat="44.39755" lon="6.76774">
        <ele>1557.4</ele>
      </trkpt>
      <trkpt lat="44.3973" lon="6.76742">
        <ele>1558.1</ele>
      </trkpt>
      <trkpt lat="44.39712" lon="6.76735">
        <ele>1560.5</ele>
      </trkpt>
      <trkpt lat="44.39661" lon="6.76743">
        <ele>1570.0</ele>
      </trkpt>
      <trkpt lat="44.39627" lon="6.76736">
        <ele>1570.0</ele>
      </trkpt>
      <trkpt lat="44.396009" lon="6.76733">
        <ele>1570.5</ele>
      </trkpt>
      <trkpt lat="44.39575" lon="6.76739">
        <ele>1571.9</ele>
      </trkpt>
      <trkpt lat="44.39548" lon="6.76762">
        <ele>1575.0</ele>
      </trkpt>
      <trkpt lat="44.39502" lon="6.76808">
        <ele>1580.4</ele>
      </trkpt>
      <trkpt lat="44.39487" lon="6.76832">
        <ele>1581.3</ele>
      </trkpt>
      <trkpt lat="44.39476" lon="6.76857">
        <ele>1582.1</ele>
      </trkpt>
      <trkpt lat="44.39466" lon="6.76888">
        <ele>1583.9</ele>
      </trkpt>
      <trkpt lat="44.39461" lon="6.76917">
        <ele>1586.5</ele>
      </trkpt>
      <trkpt lat="44.39455" lon="6.76969">
        <ele>1592.4</ele>
      </trkpt>
      <trkpt lat="44.39445" lon="6.77008">
        <ele>1596.3</ele>
      </trkpt>
      <trkpt lat="44.39431" lon="6.77044">
        <ele>1600.5</ele>
      </trkpt>
      <trkpt lat="44.39414" lon="6.77068">
        <ele>1601.7</ele>
      </trkpt>
      <trkpt lat="44.3938" lon="6.77111">
        <ele>1604.4</ele>
      </trkpt>
      <trkpt lat="44.39346" lon="6.77153">
        <ele>1606.2</ele>
      </trkpt>
      <trkpt lat="44.39311" lon="6.77211">
        <ele>1609.5</ele>
      </trkpt>
      <trkpt lat="44.39302" lon="6.77231">
        <ele>1611.0</ele>
      </trkpt>
      <trkpt lat="44.39284" lon="6.77313">
        <ele>1621.6</ele>
      </trkpt>
      <trkpt lat="44.39277" lon="6.77333">
        <ele>1623.0</ele>
      </trkpt>
      <trkpt lat="44.392449" lon="6.77399">
        <ele>1626.6</ele>
      </trkpt>
      <trkpt lat="44.39214" lon="6.77465">
        <ele>1632.3</ele>
      </trkpt>
      <trkpt lat="44.39201" lon="6.77484">
        <ele>1632.9</ele>
      </trkpt>
      <trkpt lat="44.39181" lon="6.77502">
        <ele>1631.4</ele>
      </trkpt>
      <trkpt lat="44.39164" lon="6.77523">
        <ele>1631.1</ele>
      </trkpt>
      <trkpt lat="44.39154" lon="6.77549">
        <ele>1634.1</ele>
      </trkpt>
      <trkpt lat="44.3915" lon="6.776">
        <ele>1642.2</ele>
      </trkpt>
      <trkpt lat="44.39133" lon="6.77651">
        <ele>1644.9</ele>
      </trkpt>
      <trkpt lat="44.39126" lon="6.77686">
        <ele>1647.9</ele>
      </trkpt>
      <trkpt lat="44.39121" lon="6.77701">
        <ele>1649.0</ele>
      </trkpt>
      <trkpt lat="44.39109" lon="6.77725">
        <ele>1650.4</ele>
      </trkpt>
      <trkpt lat="44.39069" lon="6.77765">
        <ele>1653.9</ele>
      </trkpt>
      <trkpt lat="44.39052" lon="6.77773">
        <ele>1654.3</ele>
      </trkpt>
      <trkpt lat="44.39035" lon="6.77777">
        <ele>1653.3</ele>
      </trkpt>
      <trkpt lat="44.39022" lon="6.77785">
        <ele>1653.8</ele>
      </trkpt>
      <trkpt lat="44.38995" lon="6.77814">
        <ele>1658.5</ele>
      </trkpt>
      <trkpt lat="44.38964" lon="6.77821">
        <ele>1662.8</ele>
      </trkpt>
      <trkpt lat="44.38948" lon="6.77824">
        <ele>1665.1</ele>
      </trkpt>
      <trkpt lat="44.38937" lon="6.7782">
        <ele>1666.7</ele>
      </trkpt>
      <trkpt lat="44.38908" lon="6.77798">
        <ele>1661.3</ele>
      </trkpt>
      <trkpt lat="44.38887" lon="6.77789">
        <ele>1658.5</ele>
      </trkpt>
      <trkpt lat="44.38877" lon="6.7779">
        <ele>1659.0</ele>
      </trkpt>
      <trkpt lat="44.38867" lon="6.77797">
        <ele>1661.2</ele>
      </trkpt>
      <trkpt lat="44.38853" lon="6.77813">
        <ele>1665.9</ele>
      </trkpt>
      <trkpt lat="44.38834" lon="6.77842">
        <ele>1673.5</ele>
      </trkpt>
      <trkpt lat="44.388219" lon="6.7785">
        <ele>1674.9</ele>
      </trkpt>
      <trkpt lat="44.388129" lon="6.77853">
        <ele>1675.1</ele>
      </trkpt>
      <trkpt lat="44.38807" lon="6.77859">
        <ele>1676.5</ele>
      </trkpt>
      <trkpt lat="44.38809" lon="6.77867">
        <ele>1679.0</ele>
      </trkpt>
      <trkpt lat="44.388129" lon="6.7787">
        <ele>1680.2</ele>
      </trkpt>
      <trkpt lat="44.388219" lon="6.7787">
        <ele>1680.8</ele>
      </trkpt>
      <trkpt lat="44.38848" lon="6.77851">
        <ele>1676.7</ele>
      </trkpt>
      <trkpt lat="44.388599" lon="6.77836">
        <ele>1672.7</ele>
      </trkpt>
      <trkpt lat="44.38873" lon="6.77826">
        <ele>1670.2</ele>
      </trkpt>
      <trkpt lat="44.38884" lon="6.77824">
        <ele>1669.8</ele>
      </trkpt>
      <trkpt lat="44.38894" lon="6.77829">
        <ele>1671.7</ele>
      </trkpt>
      <trkpt lat="44.38913" lon="6.77868">
        <ele>1684.3</ele>
      </trkpt>
      <trkpt lat="44.38943" lon="6.77925">
        <ele>1695.8</ele>
      </trkpt>
      <trkpt lat="44.38946" lon="6.77933">
        <ele>1697.0</ele>
      </trkpt>
      <trkpt lat="44.38946" lon="6.77944">
        <ele>1699.5</ele>
      </trkpt>
      <trkpt lat="44.38941" lon="6.77947">
        <ele>1701.1</ele>
      </trkpt>
      <trkpt lat="44.38935" lon="6.77946">
        <ele>1702.1</ele>
      </trkpt>
      <trkpt lat="44.389249" lon="6.77936">
        <ele>1701.8</ele>
      </trkpt>
      <trkpt lat="44.3891" lon="6.7791">
        <ele>1696.7</ele>
      </trkpt>
      <trkpt lat="44.38896" lon="6.77898">
        <ele>1692.5</ele>
      </trkpt>
      <trkpt lat="44.38887" lon="6.77897">
        <ele>1691.8</ele>
      </trkpt>
      <trkpt lat="44.38875" lon="6.779">
        <ele>1692.1</ele>
      </trkpt>
      <trkpt lat="44.38866" lon="6.77912">
        <ele>1695.2</ele>
      </trkpt>
      <trkpt lat="44.388509" lon="6.77951">
        <ele>1706.6</ele>
      </trkpt>
      <trkpt lat="44.38841" lon="6.77967">
        <ele>1711.8</ele>
      </trkpt>
      <trkpt lat="44.3883" lon="6.77974">
        <ele>1714.2</ele>
      </trkpt>
      <trkpt lat="44.38821" lon="6.77978">
        <ele>1715.2</ele>
      </trkpt>
      <trkpt lat="44.38814" lon="6.77978">
        <ele>1715.0</ele>
      </trkpt>
      <trkpt lat="44.388039" lon="6.77975">
        <ele>1713.7</ele>
      </trkpt>
      <trkpt lat="44.38796" lon="6.77968">
        <ele>1711.0</ele>
      </trkpt>
      <trkpt lat="44.38788" lon="6.77967">
        <ele>1710.4</ele>
      </trkpt>
      <trkpt lat="44.38754" lon="6.7798">
        <ele>1713.9</ele>
      </trkpt>
      <trkpt lat="44.38751" lon="6.77988">
        <ele>1716.7</ele>
      </trkpt>
      <trkpt lat="44.38754" lon="6.77995">
        <ele>1719.3</ele>
      </trkpt>
      <trkpt lat="44.3876" lon="6.78">
        <ele>1721.2</ele>
      </trkpt>
      <trkpt lat="44.38773" lon="6.77993">
        <ele>1719.1</ele>
      </trkpt>
      <trkpt lat="44.38783" lon="6.77992">
        <ele>1719.0</ele>
      </trkpt>
      <trkpt lat="44.38803" lon="6.78008">
        <ele>1724.9</ele>
      </trkpt>
      <trkpt lat="44.38812" lon="6.78012">
        <ele>1726.3</ele>
      </trkpt>
      <trkpt lat="44.38853" lon="6.78013">
        <ele>1725.6</ele>
      </trkpt>
      <trkpt lat="44.38882" lon="6.78022">
        <ele>1726.1</ele>
      </trkpt>
      <trkpt lat="44.38913" lon="6.78049">
        <ele>1730.7</ele>
      </trkpt>
      <trkpt lat="44.38926" lon="6.78063">
        <ele>1731.7</ele>
      </trkpt>
      <trkpt lat="44.38928" lon="6.78068">
        <ele>1732.5</ele>
      </trkpt>
      <trkpt lat="44.38928" lon="6.78073">
        <ele>1733.7</ele>
      </trkpt>
      <trkpt lat="44.38926" lon="6.78078">
        <ele>1735.4</ele>
      </trkpt>
      <trkpt lat="44.38921" lon="6.7808">
        <ele>1737.1</ele>
      </trkpt>
      <trkpt lat="44.38914" lon="6.78075">
        <ele>1737.2</ele>
      </trkpt>
      <trkpt lat="44.389069" lon="6.78064">
        <ele>1735.1</ele>
      </trkpt>
      <trkpt lat="44.38891" lon="6.78057">
        <ele>1734.7</ele>
      </trkpt>
      <trkpt lat="44.38809" lon="6.78061">
        <ele>1742.0</ele>
      </trkpt>
      <trkpt lat="44.3877" lon="6.78077">
        <ele>1748.8</ele>
      </trkpt>
      <trkpt lat="44.3875" lon="6.78078">
        <ele>1750.0</ele>
      </trkpt>
      <trkpt lat="44.38737" lon="6.78081">
        <ele>1753.7</ele>
      </trkpt>
      <trkpt lat="44.38723" lon="6.78089">
        <ele>1760.3</ele>
      </trkpt>
      <trkpt lat="44.38709" lon="6.78101">
        <ele>1769.3</ele>
      </trkpt>
      <trkpt lat="44.38694" lon="6.78102">
        <ele>1773.1</ele>
      </trkpt>
      <trkpt lat="44.386809" lon="6.781">
        <ele>1774.9</ele>
      </trkpt>
      <trkpt lat="44.38646" lon="6.78061">
        <ele>1763.2</ele>
      </trkpt>
      <trkpt lat="44.38623" lon="6.78052">
        <ele>1765.4</ele>
      </trkpt>
      <trkpt lat="44.38604" lon="6.78038">
        <ele>1764.2</ele>
      </trkpt>
      <trkpt lat="44.38562" lon="6.78044">
        <ele>1777.7</ele>
      </trkpt>
      <trkpt lat="44.38512" lon="6.7804">
        <ele>1786.2</ele>
      </trkpt>
      <trkpt lat="44.38501" lon="6.78035">
        <ele>1787.3</ele>
      </trkpt>
      <trkpt lat="44.38494" lon="6.78025">
        <ele>1785.5</ele>
      </trkpt>
      <trkpt lat="44.38477" lon="6.77994">
        <ele>1778.8</ele>
      </trkpt>
      <trkpt lat="44.38468" lon="6.77988">
        <ele>1777.8</ele>
      </trkpt>
      <trkpt lat="44.38456" lon="6.77991">
        <ele>1778.1</ele>
      </trkpt>
      <trkpt lat="44.38394" lon="6.78028">
        <ele>1788.0</ele>
      </trkpt>
      <trkpt lat="44.38377" lon="6.78046">
        <ele>1793.4</ele>
      </trkpt>
      <trkpt lat="44.38369" lon="6.78052">
        <ele>1795.1</ele>
      </trkpt>
      <trkpt lat="44.38362" lon="6.78053">
        <ele>1795.4</ele>
      </trkpt>
      <trkpt lat="44.38355" lon="6.78048">
        <ele>1794.2</ele>
      </trkpt>
      <trkpt lat="44.38335" lon="6.78041">
        <ele>1792.8</ele>
      </trkpt>
      <trkpt lat="44.3832" lon="6.78043">
        <ele>1793.8</ele>
      </trkpt>
      <trkpt lat="44.38298" lon="6.78057">
        <ele>1797.2</ele>
      </trkpt>
      <trkpt lat="44.38285" lon="6.7806">
        <ele>1797.9</ele>
      </trkpt>
      <trkpt lat="44.38274" lon="6.78053">
        <ele>1796.9</ele>
      </trkpt>
      <trkpt lat="44.38261" lon="6.78033">
        <ele>1794.4</ele>
      </trkpt>
      <trkpt lat="44.38252" lon="6.78028">
        <ele>1794.2</ele>
      </trkpt>
      <trkpt lat="44.38207" lon="6.7803">
        <ele>1796.6</ele>
      </trkpt>
      <trkpt lat="44.38189" lon="6.78034">
        <ele>1798.4</ele>
      </trkpt>
      <trkpt lat="44.38173" lon="6.78042">
        <ele>1801.2</ele>
      </trkpt>
      <trkpt lat="44.38158" lon="6.78046">
        <ele>1803.4</ele>
      </trkpt>
      <trkpt lat="44.38148" lon="6.78044">
        <ele>1803.7</ele>
      </trkpt>
      <trkpt lat="44.38132" lon="6.78035">
        <ele>1803.0</ele>
      </trkpt>
      <trkpt lat="44.38118" lon="6.78035">
        <ele>1804.3</ele>
      </trkpt>
      <trkpt lat="44.38088" lon="6.78053">
        <ele>1811.1</ele>
      </trkpt>
      <trkpt lat="44.38066" lon="6.78054">
        <ele>1811.1</ele>
      </trkpt>
      <trkpt lat="44.38061" lon="6.78059">
        <ele>1811.9</ele>
      </trkpt>
      <trkpt lat="44.3806" lon="6.78068">
        <ele>1813.7</ele>
      </trkpt>
      <trkpt lat="44.38061" lon="6.78074">
        <ele>1815.0</ele>
      </trkpt>
      <trkpt lat="44.38067" lon="6.78078">
        <ele>1816.1</ele>
      </trkpt>
      <trkpt lat="44.380809" lon="6.78075">
        <ele>1816.1</ele>
      </trkpt>
      <trkpt lat="44.38095" lon="6.78075">
        <ele>1815.3</ele>
      </trkpt>
      <trkpt lat="44.38108" lon="6.78081">
        <ele>1815.7</ele>
      </trkpt>
      <trkpt lat="44.38125" lon="6.78097">
        <ele>1818.4</ele>
      </trkpt>
      <trkpt lat="44.38146" lon="6.7812">
        <ele>1822.8</ele>
      </trkpt>
      <trkpt lat="44.38152" lon="6.78125">
        <ele>1823.8</ele>
      </trkpt>
      <trkpt lat="44.38181" lon="6.7813">
        <ele>1822.4</ele>
      </trkpt>
      <trkpt lat="44.38186" lon="6.78138">
        <ele>1823.9</ele>
      </trkpt>
      <trkpt lat="44.38186" lon="6.78144">
        <ele>1825.5</ele>
      </trkpt>
      <trkpt lat="44.381839" lon="6.78151">
        <ele>1827.6</ele>
      </trkpt>
      <trkpt lat="44.38178" lon="6.78154">
        <ele>1829.2</ele>
      </trkpt>
      <trkpt lat="44.38157" lon="6.78159">
        <ele>1832.4</ele>
      </trkpt>
      <trkpt lat="44.38096" lon="6.78149">
        <ele>1832.4</ele>
      </trkpt>
      <trkpt lat="44.38076" lon="6.78154">
        <ele>1833.9</ele>
      </trkpt>
      <trkpt lat="44.38039" lon="6.78174">
        <ele>1838.5</ele>
      </trkpt>
      <trkpt lat="44.3799" lon="6.78191">
        <ele>1845.9</ele>
      </trkpt>
      <trkpt lat="44.37964" lon="6.78196">
        <ele>1849.8</ele>
      </trkpt>
      <trkpt lat="44.37909" lon="6.78191">
        <ele>1851.5</ele>
      </trkpt>
      <trkpt lat="44.37854" lon="6.78186">
        <ele>1856.6</ele>
      </trkpt>
      <trkpt lat="44.37822" lon="6.78178">
        <ele>1860.1</ele>
      </trkpt>
      <trkpt lat="44.37798" lon="6.78164">
        <ele>1862.7</ele>
      </trkpt>
      <trkpt lat="44.37758" lon="6.78122">
        <ele>1855.4</ele>
      </trkpt>
      <trkpt lat="44.3774" lon="6.78115">
        <ele>1855.1</ele>
      </trkpt>
      <trkpt lat="44.37719" lon="6.78114">
        <ele>1857.1</ele>
      </trkpt>
      <trkpt lat="44.37698" lon="6.78118">
        <ele>1861.2</ele>
      </trkpt>
      <trkpt lat="44.37675" lon="6.78133">
        <ele>1869.9</ele>
      </trkpt>
      <trkpt lat="44.37651" lon="6.78154">
        <ele>1876.8</ele>
      </trkpt>
      <trkpt lat="44.37627" lon="6.78186">
        <ele>1884.0</ele>
      </trkpt>
      <trkpt lat="44.37609" lon="6.78204">
        <ele>1886.1</ele>
      </trkpt>
      <trkpt lat="44.37587" lon="6.78217">
        <ele>1885.1</ele>
      </trkpt>
      <trkpt lat="44.37557" lon="6.78224">
        <ele>1884.7</ele>
      </trkpt>
      <trkpt lat="44.37536" lon="6.78233">
        <ele>1886.0</ele>
      </trkpt>
      <trkpt lat="44.3751" lon="6.78249">
        <ele>1889.2</ele>
      </trkpt>
      <trkpt lat="44.37492" lon="6.78255">
        <ele>1891.8</ele>
      </trkpt>
      <trkpt lat="44.37441" lon="6.78255">
        <ele>1894.5</ele>
      </trkpt>
      <trkpt lat="44.37391" lon="6.78255">
        <ele>1900.4</ele>
      </trkpt>
      <trkpt lat="44.37362" lon="6.78249">
        <ele>1902.5</ele>
      </trkpt>
      <trkpt lat="44.373399" lon="6.78238">
        <ele>1902.6</ele>
      </trkpt>
      <trkpt lat="44.37303" lon="6.78202">
        <ele>1900.0</ele>
      </trkpt>
      <trkpt lat="44.37285" lon="6.78193">
        <ele>1902.1</ele>
      </trkpt>
      <trkpt lat="44.3727" lon="6.78192">
        <ele>1906.1</ele>
      </trkpt>
      <trkpt lat="44.37229" lon="6.78204">
        <ele>1917.0</ele>
      </trkpt>
      <trkpt lat="44.3721" lon="6.78214">
        <ele>1920.9</ele>
      </trkpt>
      <trkpt lat="44.37173" lon="6.78218">
        <ele>1923.1</ele>
      </trkpt>
      <trkpt lat="44.37153" lon="6.78225">
        <ele>1924.8</ele>
      </trkpt>
      <trkpt lat="44.371339" lon="6.78237">
        <ele>1926.5</ele>
      </trkpt>
      <trkpt lat="44.37088" lon="6.78271">
        <ele>1930.7</ele>
      </trkpt>
      <trkpt lat="44.370579" lon="6.7831">
        <ele>1937.7</ele>
      </trkpt>
      <trkpt lat="44.37034" lon="6.78356">
        <ele>1943.2</ele>
      </trkpt>
      <trkpt lat="44.37016" lon="6.78396">
        <ele>1947.8</ele>
      </trkpt>
      <trkpt lat="44.37003" lon="6.78415">
        <ele>1948.4</ele>
      </trkpt>
      <trkpt lat="44.36957" lon="6.78462">
        <ele>1952.5</ele>
      </trkpt>
      <trkpt lat="44.36931" lon="6.78485">
        <ele>1953.4</ele>
      </trkpt>
      <trkpt lat="44.36925" lon="6.78509">
        <ele>1957.3</ele>
      </trkpt>
      <trkpt lat="44.3692" lon="6.78519">
        <ele>1958.8</ele>
      </trkpt>
      <trkpt lat="44.36912" lon="6.78529">
        <ele>1960.3</ele>
      </trkpt>
      <trkpt lat="44.36901" lon="6.78535">
        <ele>1960.9</ele>
      </trkpt>
      <trkpt lat="44.36871" lon="6.78543">
        <ele>1960.5</ele>
      </trkpt>
      <trkpt lat="44.36842" lon="6.78568">
        <ele>1964.1</ele>
      </trkpt>
      <trkpt lat="44.3682" lon="6.78592">
        <ele>1969.9</ele>
      </trkpt>
      <trkpt lat="44.36787" lon="6.78601">
        <ele>1972.3</ele>
      </trkpt>
      <trkpt lat="44.36743" lon="6.7863">
        <ele>1978.0</ele>
      </trkpt>
      <trkpt lat="44.367199" lon="6.7864">
        <ele>1979.6</ele>
      </trkpt>
      <trkpt lat="44.36675" lon="6.78649">
        <ele>1980.2</ele>
      </trkpt>
      <trkpt lat="44.36657" lon="6.78656">
        <ele>1980.2</ele>
      </trkpt>
      <trkpt lat="44.36652" lon="6.78661">
        <ele>1980.5</ele>
      </trkpt>
      <trkpt lat="44.36648" lon="6.78667">
        <ele>1981.1</ele>
      </trkpt>
      <trkpt lat="44.36649" lon="6.78679">
        <ele>1984.1</ele>
      </trkpt>
      <trkpt lat="44.36657" lon="6.78683">
        <ele>1985.9</ele>
      </trkpt>
      <trkpt lat="44.36675" lon="6.78674">
        <ele>1985.1</ele>
      </trkpt>
      <trkpt lat="44.36689" lon="6.78672">
        <ele>1985.2</ele>
      </trkpt>
      <trkpt lat="44.367" lon="6.78675">
        <ele>1986.5</ele>
      </trkpt>
      <trkpt lat="44.36724" lon="6.78688">
        <ele>1991.4</ele>
      </trkpt>
      <trkpt lat="44.36731" lon="6.7869">
        <ele>1992.4</ele>
      </trkpt>
      <trkpt lat="44.3674" lon="6.78688">
        <ele>1992.3</ele>
      </trkpt>
      <trkpt lat="44.36757" lon="6.78679">
        <ele>1990.8</ele>
      </trkpt>
      <trkpt lat="44.36772" lon="6.78675">
        <ele>1991.1</ele>
      </trkpt>
      <trkpt lat="44.36822" lon="6.78681">
        <ele>1998.4</ele>
      </trkpt>
      <trkpt lat="44.36874" lon="6.7868">
        <ele>2002.4</ele>
      </trkpt>
      <trkpt lat="44.36878" lon="6.78682">
        <ele>2003.3</ele>
      </trkpt>
      <trkpt lat="44.3688" lon="6.7869">
        <ele>2005.9</ele>
      </trkpt>
      <trkpt lat="44.36876" lon="6.78699">
        <ele>2008.3</ele>
      </trkpt>
      <trkpt lat="44.36846" lon="6.78705">
        <ele>2008.2</ele>
      </trkpt>
      <trkpt lat="44.36804" lon="6.78721">
        <ele>2009.4</ele>
      </trkpt>
      <trkpt lat="44.36789" lon="6.7873">
        <ele>2010.7</ele>
      </trkpt>
      <trkpt lat="44.367759" lon="6.78742">
        <ele>2013.2</ele>
      </trkpt>
      <trkpt lat="44.36745" lon="6.78758">
        <ele>2014.3</ele>
      </trkpt>
      <trkpt lat="44.36736" lon="6.78764">
        <ele>2014.7</ele>
      </trkpt>
      <trkpt lat="44.36704" lon="6.78802">
        <ele>2020.7</ele>
      </trkpt>
      <trkpt lat="44.36688" lon="6.78831">
        <ele>2026.4</ele>
      </trkpt>
      <trkpt lat="44.36677" lon="6.78839">
        <ele>2027.9</ele>
      </trkpt>
      <trkpt lat="44.36645" lon="6.78851">
        <ele>2031.0</ele>
      </trkpt>
      <trkpt lat="44.36632" lon="6.78861">
        <ele>2035.1</ele>
      </trkpt>
      <trkpt lat="44.36619" lon="6.78867">
        <ele>2038.1</ele>
      </trkpt>
      <trkpt lat="44.36603" lon="6.7887">
        <ele>2040.1</ele>
      </trkpt>
      <trkpt lat="44.36583" lon="6.78863">
        <ele>2037.4</ele>
      </trkpt>
      <trkpt lat="44.36546" lon="6.78861">
        <ele>2043.7</ele>
      </trkpt>
      <trkpt lat="44.36526" lon="6.78855">
        <ele>2045.0</ele>
      </trkpt>
      <trkpt lat="44.36508" lon="6.78845">
        <ele>2044.3</ele>
      </trkpt>
      <trkpt lat="44.36497" lon="6.78834">
        <ele>2042.1</ele>
      </trkpt>
      <trkpt lat="44.36482" lon="6.78811">
        <ele>2037.8</ele>
      </trkpt>
      <trkpt lat="44.36464" lon="6.78797">
        <ele>2037.0</ele>
      </trkpt>
      <trkpt lat="44.36454" lon="6.78794">
        <ele>2038.1</ele>
      </trkpt>
      <trkpt lat="44.36444" lon="6.78795">
        <ele>2040.7</ele>
      </trkpt>
      <trkpt lat="44.36407" lon="6.78811">
        <ele>2054.1</ele>
      </trkpt>
      <trkpt lat="44.36398" lon="6.7881">
        <ele>2054.2</ele>
      </trkpt>
      <trkpt lat="44.36384" lon="6.78803">
        <ele>2052.5</ele>
      </trkpt>
      <trkpt lat="44.36376" lon="6.78802">
        <ele>2052.8</ele>
      </trkpt>
      <trkpt lat="44.36334" lon="6.78818">
        <ele>2059.5</ele>
      </trkpt>
      <trkpt lat="44.3632" lon="6.78812">
        <ele>2058.2</ele>
      </trkpt>
      <trkpt lat="44.36278" lon="6.78785">
        <ele>2054.5</ele>
      </trkpt>
      <trkpt lat="44.36266" lon="6.78779">
        <ele>2054.3</ele>
      </trkpt>
      <trkpt lat="44.36198" lon="6.78757">
        <ele>2055.0</ele>
      </trkpt>
      <trkpt lat="44.36186" lon="6.78751">
        <ele>2054.5</ele>
      </trkpt>
      <trkpt lat="44.36164" lon="6.78732">
        <ele>2057.4</ele>
      </trkpt>
      <trkpt lat="44.36145" lon="6.78711">
        <ele>2065.3</ele>
      </trkpt>
      <trkpt lat="44.36126" lon="6.78684">
        <ele>2070.3</ele>
      </trkpt>
      <trkpt lat="44.36118" lon="6.78662">
        <ele>2071.2</ele>
      </trkpt>
      <trkpt lat="44.36114" lon="6.78633">
        <ele>2073.6</ele>
      </trkpt>
      <trkpt lat="44.361109" lon="6.7862">
        <ele>2074.4</ele>
      </trkpt>
      <trkpt lat="44.36103" lon="6.78608">
        <ele>2074.8</ele>
      </trkpt>
      <trkpt lat="44.360819" lon="6.7859">
        <ele>2073.6</ele>
      </trkpt>
      <trkpt lat="44.36059" lon="6.78563">
        <ele>2078.1</ele>
      </trkpt>
      <trkpt lat="44.36031" lon="6.78552">
        <ele>2079.2</ele>
      </trkpt>
      <trkpt lat="44.36027" lon="6.78543">
        <ele>2079.5</ele>
      </trkpt>
      <trkpt lat="44.36022" lon="6.78509">
        <ele>2080.4</ele>
      </trkpt>
      <trkpt lat="44.36018" lon="6.78488">
        <ele>2081.0</ele>
      </trkpt>
      <trkpt lat="44.36011" lon="6.78464">
        <ele>2081.8</ele>
      </trkpt>
      <trkpt lat="44.36001" lon="6.78445">
        <ele>2082.1</ele>
      </trkpt>
      <trkpt lat="44.35953" lon="6.78378">
        <ele>2087.3</ele>
      </trkpt>
      <trkpt lat="44.35899" lon="6.78311">
        <ele>2093.7</ele>
      </trkpt>
      <trkpt lat="44.35888" lon="6.783">
        <ele>2095.1</ele>
      </trkpt>
      <trkpt lat="44.35874" lon="6.78297">
        <ele>2095.4</ele>
      </trkpt>
      <trkpt lat="44.35859" lon="6.78307">
        <ele>2093.7</ele>
      </trkpt>
      <trkpt lat="44.358289" lon="6.78347">
        <ele>2089.0</ele>
      </trkpt>
      <trkpt lat="44.35811" lon="6.78358">
        <ele>2090.9</ele>
      </trkpt>
      <trkpt lat="44.35793" lon="6.78362">
        <ele>2093.0</ele>
      </trkpt>
      <trkpt lat="44.35706" lon="6.7834">
        <ele>2100.4</ele>
      </trkpt>
      <trkpt lat="44.35681" lon="6.78328">
        <ele>2102.6</ele>
      </trkpt>
      <trkpt lat="44.35605" lon="6.78269">
        <ele>2116.6</ele>
      </trkpt>
      <trkpt lat="44.35569" lon="6.78258">
        <ele>2120.2</ele>
      </trkpt>
      <trkpt lat="44.35552" lon="6.78256">
        <ele>2122.3</ele>
      </trkpt>
      <trkpt lat="44.35536" lon="6.78256">
        <ele>2124.1</ele>
      </trkpt>
      <trkpt lat="44.35513" lon="6.78263">
        <ele>2125.3</ele>
      </trkpt>
      <trkpt lat="44.35496" lon="6.78273">
        <ele>2125.6</ele>
      </trkpt>
      <trkpt lat="44.35449" lon="6.78327">
        <ele>2124.3</ele>
      </trkpt>
      <trkpt lat="44.35431" lon="6.78334">
        <ele>2126.4</ele>
      </trkpt>
      <trkpt lat="44.35408" lon="6.78337">
        <ele>2129.7</ele>
      </trkpt>
      <trkpt lat="44.35374" lon="6.78353">
        <ele>2132.8</ele>
      </trkpt>
      <trkpt lat="44.35348" lon="6.7836">
        <ele>2136.0</ele>
      </trkpt>
      <trkpt lat="44.35309" lon="6.78353">
        <ele>2141.5</ele>
      </trkpt>
      <trkpt lat="44.35261" lon="6.78317">
        <ele>2147.2</ele>
      </trkpt>
      <trkpt lat="44.35219" lon="6.78282">
        <ele>2153.6</ele>
      </trkpt>
      <trkpt lat="44.35198" lon="6.78268">
        <ele>2156.9</ele>
      </trkpt>
      <trkpt lat="44.35183" lon="6.78265">
        <ele>2159.1</ele>
      </trkpt>
      <trkpt lat="44.35169" lon="6.7827">
        <ele>2159.6</ele>
      </trkpt>
      <trkpt lat="44.351619" lon="6.78277">
        <ele>2159.9</ele>
      </trkpt>
      <trkpt lat="44.35158" lon="6.78285">
        <ele>2160.1</ele>
      </trkpt>
      <trkpt lat="44.35154" lon="6.78302">
        <ele>2160.6</ele>
      </trkpt>
      <trkpt lat="44.35152" lon="6.78336">
        <ele>2161.5</ele>
      </trkpt>
      <trkpt lat="44.35152" lon="6.78399">
        <ele>2167.1</ele>
      </trkpt>
      <trkpt lat="44.35141" lon="6.78432">
        <ele>2171.8</ele>
      </trkpt>
      <trkpt lat="44.3514" lon="6.78444">
        <ele>2172.9</ele>
      </trkpt>
      <trkpt lat="44.351439" lon="6.78458">
        <ele>2173.1</ele>
      </trkpt>
      <trkpt lat="44.35168" lon="6.78476">
        <ele>2169.3</ele>
      </trkpt>
      <trkpt lat="44.35173" lon="6.78487">
        <ele>2169.1</ele>
      </trkpt>
      <trkpt lat="44.35173" lon="6.78496">
        <ele>2169.6</ele>
      </trkpt>
      <trkpt lat="44.3517" lon="6.78504">
        <ele>2170.5</ele>
      </trkpt>
      <trkpt lat="44.35163" lon="6.7851">
        <ele>2172.1</ele>
      </trkpt>
      <trkpt lat="44.35156" lon="6.78511">
        <ele>2173.8</ele>
      </trkpt>
      <trkpt lat="44.35113" lon="6.78489">
        <ele>2182.2</ele>
      </trkpt>
      <trkpt lat="44.35062" lon="6.78453">
        <ele>2190.3</ele>
      </trkpt>
      <trkpt lat="44.35055" lon="6.78441">
        <ele>2190.4</ele>
      </trkpt>
      <trkpt lat="44.35051" lon="6.78413">
        <ele>2187.6</ele>
      </trkpt>
      <trkpt lat="44.35044" lon="6.7839">
        <ele>2186.3</ele>
      </trkpt>
      <trkpt lat="44.35035" lon="6.78369">
        <ele>2185.6</ele>
      </trkpt>
      <trkpt lat="44.35023" lon="6.78352">
        <ele>2185.9</ele>
      </trkpt>
      <trkpt lat="44.35011" lon="6.78346">
        <ele>2187.5</ele>
      </trkpt>
      <trkpt lat="44.34999" lon="6.78345">
        <ele>2189.7</ele>
      </trkpt>
      <trkpt lat="44.3496" lon="6.78354">
        <ele>2197.2</ele>
      </trkpt>
      <trkpt lat="44.34877" lon="6.78357">
        <ele>2213.3</ele>
      </trkpt>
      <trkpt lat="44.34868" lon="6.78361">
        <ele>2216.0</ele>
      </trkpt>
      <trkpt lat="44.34865" lon="6.78378">
        <ele>2219.8</ele>
      </trkpt>
      <trkpt lat="44.34868" lon="6.78389">
        <ele>2221.2</ele>
      </trkpt>
      <trkpt lat="44.34878" lon="6.78404">
        <ele>2221.5</ele>
      </trkpt>
      <trkpt lat="44.34915" lon="6.78453">
        <ele>2224.8</ele>
      </trkpt>
      <trkpt lat="44.34982" lon="6.78514">
        <ele>2223.0</ele>
      </trkpt>
      <trkpt lat="44.34987" lon="6.78521">
        <ele>2223.0</ele>
      </trkpt>
      <trkpt lat="44.34987" lon="6.78528">
        <ele>2224.5</ele>
      </trkpt>
      <trkpt lat="44.34985" lon="6.78533">
        <ele>2226.2</ele>
      </trkpt>
      <trkpt lat="44.3498" lon="6.78534">
        <ele>2228.0</ele>
      </trkpt>
      <trkpt lat="44.34925" lon="6.78493">
        <ele>2233.7</ele>
      </trkpt>
      <trkpt lat="44.34911" lon="6.7849">
        <ele>2236.0</ele>
      </trkpt>
      <trkpt lat="44.34865" lon="6.7849">
        <ele>2243.2</ele>
      </trkpt>
      <trkpt lat="44.34847" lon="6.78483">
        <ele>2244.7</ele>
      </trkpt>
      <trkpt lat="44.34839" lon="6.78469">
        <ele>2243.4</ele>
      </trkpt>
      <trkpt lat="44.34833" lon="6.78454">
        <ele>2241.8</ele>
      </trkpt>
      <trkpt lat="44.34827" lon="6.78425">
        <ele>2239.4</ele>
      </trkpt>
      <trkpt lat="44.34823" lon="6.78421">
        <ele>2240.6</ele>
      </trkpt>
      <trkpt lat="44.34818" lon="6.78421">
        <ele>2242.9</ele>
      </trkpt>
      <trkpt lat="44.34814" lon="6.78427">
        <ele>2245.5</ele>
      </trkpt>
      <trkpt lat="44.34812" lon="6.78453">
        <ele>2249.3</ele>
      </trkpt>
      <trkpt lat="44.34808" lon="6.78468">
        <ele>2252.3</ele>
      </trkpt>
      <trkpt lat="44.34773" lon="6.78518">
        <ele>2264.2</ele>
      </trkpt>
      <trkpt lat="44.3477" lon="6.78532">
        <ele>2265.6</ele>
      </trkpt>
      <trkpt lat="44.34773" lon="6.78549">
        <ele>2266.3</ele>
      </trkpt>
      <trkpt lat="44.34779" lon="6.78558">
        <ele>2266.3</ele>
      </trkpt>
      <trkpt lat="44.34789" lon="6.7856">
        <ele>2265.4</ele>
      </trkpt>
      <trkpt lat="44.34817" lon="6.7855">
        <ele>2261.0</ele>
      </trkpt>
      <trkpt lat="44.34828" lon="6.78549">
        <ele>2259.5</ele>
      </trkpt>
      <trkpt lat="44.34833" lon="6.78553">
        <ele>2259.6</ele>
      </trkpt>
      <trkpt lat="44.34836" lon="6.7856">
        <ele>2260.7</ele>
      </trkpt>
      <trkpt lat="44.34837" lon="6.78568">
        <ele>2262.1</ele>
      </trkpt>
      <trkpt lat="44.34833" lon="6.78579">
        <ele>2264.2</ele>
      </trkpt>
      <trkpt lat="44.34817" lon="6.786">
        <ele>2267.4</ele>
      </trkpt>
      <trkpt lat="44.34757" lon="6.78668">
        <ele>2277.4</ele>
      </trkpt>
      <trkpt lat="44.34723" lon="6.78703">
        <ele>2279.2</ele>
      </trkpt>
      <trkpt lat="44.34709" lon="6.7871">
        <ele>2280.1</ele>
      </trkpt>
      <trkpt lat="44.34695" lon="6.78712">
        <ele>2281.2</ele>
      </trkpt>
      <trkpt lat="44.34678" lon="6.78708">
        <ele>2283.0</ele>
      </trkpt>
      <trkpt lat="44.34607" lon="6.78663">
        <ele>2288.9</ele>
      </trkpt>
      <trkpt lat="44.34582" lon="6.78646">
        <ele>2290.7</ele>
      </trkpt>
      <trkpt lat="44.34567" lon="6.78632">
        <ele>2291.9</ele>
      </trkpt>
      <trkpt lat="44.34526" lon="6.78581">
        <ele>2294.9</ele>
      </trkpt>
      <trkpt lat="44.34504" lon="6.78564">
        <ele>2296.5</ele>
      </trkpt>
      <trkpt lat="44.34495" lon="6.78554">
        <ele>2297.8</ele>
      </trkpt>
      <trkpt lat="44.34492" lon="6.78532">
        <ele>2300.5</ele>
      </trkpt>
      <trkpt lat="44.34497" lon="6.78481">
        <ele>2306.0</ele>
      </trkpt>
      <trkpt lat="44.34494" lon="6.78465">
        <ele>2307.8</ele>
      </trkpt>
      <trkpt lat="44.34488" lon="6.78456">
        <ele>2309.3</ele>
      </trkpt>
      <trkpt lat="44.34478" lon="6.78452">
        <ele>2310.6</ele>
      </trkpt>
      <trkpt lat="44.34455" lon="6.78451">
        <ele>2312.9</ele>
      </trkpt>
      <trkpt lat="44.34419" lon="6.78446">
        <ele>2317.1</ele>
      </trkpt>
      <trkpt lat="44.34404" lon="6.78449">
        <ele>2317.8</ele>
      </trkpt>
      <trkpt lat="44.34376" lon="6.78461">
        <ele>2318.2</ele>
      </trkpt>
      <trkpt lat="44.34359" lon="6.78464">
        <ele>2319.3</ele>
      </trkpt>
      <trkpt lat="44.34346" lon="6.78462">
        <ele>2320.8</ele>
      </trkpt>
      <trkpt lat="44.3433" lon="6.78452">
        <ele>2323.3</ele>
      </trkpt>
      <trkpt lat="44.34317" lon="6.78439">
        <ele>2324.6</ele>
      </trkpt>
      <trkpt lat="44.34311" lon="6.78429">
        <ele>2325.6</ele>
      </trkpt>
      <trkpt lat="44.34308" lon="6.78418">
        <ele>2326.6</ele>
      </trkpt>
      <trkpt lat="44.343089" lon="6.78391">
        <ele>2328.7</ele>
      </trkpt>
      <trkpt lat="44.34313" lon="6.78376">
        <ele>2330.1</ele>
      </trkpt>
      <trkpt lat="44.3432" lon="6.78325">
        <ele>2334.8</ele>
      </trkpt>
      <trkpt lat="44.34319" lon="6.78313">
        <ele>2336.1</ele>
      </trkpt>
      <trkpt lat="44.34315" lon="6.78301">
        <ele>2337.0</ele>
      </trkpt>
      <trkpt lat="44.34278" lon="6.78232">
        <ele>2340.4</ele>
      </trkpt>
      <trkpt lat="44.3426" lon="6.78222">
        <ele>2340.3</ele>
      </trkpt>
      <trkpt lat="44.34203" lon="6.78215">
        <ele>2343.4</ele>
      </trkpt>
      <trkpt lat="44.34188" lon="6.78219">
        <ele>2343.3</ele>
      </trkpt>
      <trkpt lat="44.341119" lon="6.78256">
        <ele>2342.3</ele>
      </trkpt>
      <trkpt lat="44.34028" lon="6.78271">
        <ele>2350.4</ele>
      </trkpt>
      <trkpt lat="44.34013" lon="6.78268">
        <ele>2352.4</ele>
      </trkpt>
      <trkpt lat="44.3399" lon="6.78256">
        <ele>2356.3</ele>
      </trkpt>
      <trkpt lat="44.33973" lon="6.78251">
        <ele>2359.5</ele>
      </trkpt>
      <trkpt lat="44.33964" lon="6.7825">
        <ele>2361.0</ele>
      </trkpt>
      <trkpt lat="44.3395" lon="6.78259">
        <ele>2362.6</ele>
      </trkpt>
      <trkpt lat="44.33913" lon="6.78291">
        <ele>2365.0</ele>
      </trkpt>
      <trkpt lat="44.33902" lon="6.78304">
        <ele>2365.0</ele>
      </trkpt>
      <trkpt lat="44.33862" lon="6.78395">
        <ele>2366.7</ele>
      </trkpt>
      <trkpt lat="44.33853" lon="6.78406">
        <ele>2367.7</ele>
      </trkpt>
      <trkpt lat="44.33841" lon="6.78416">
        <ele>2369.1</ele>
      </trkpt>
      <trkpt lat="44.33811" lon="6.78427">
        <ele>2373.2</ele>
      </trkpt>
      <trkpt lat="44.33803" lon="6.78433">
        <ele>2374.5</ele>
      </trkpt>
      <trkpt lat="44.33801" lon="6.78442">
        <ele>2375.0</ele>
      </trkpt>
      <trkpt lat="44.33804" lon="6.78457">
        <ele>2375.0</ele>
      </trkpt>
      <trkpt lat="44.33807" lon="6.78464">
        <ele>2374.8</ele>
      </trkpt>
      <trkpt lat="44.33817" lon="6.78473">
        <ele>2373.4</ele>
      </trkpt>
      <trkpt lat="44.33831" lon="6.78477">
        <ele>2371.1</ele>
      </trkpt>
      <trkpt lat="44.33841" lon="6.78486">
        <ele>2369.9</ele>
      </trkpt>
      <trkpt lat="44.33846" lon="6.78498">
        <ele>2369.5</ele>
      </trkpt>
      <trkpt lat="44.33847" lon="6.78512">
        <ele>2369.5</ele>
      </trkpt>
      <trkpt lat="44.3384" lon="6.78538">
        <ele>2370.7</ele>
      </trkpt>
      <trkpt lat="44.338389" lon="6.78564">
        <ele>2371.1</ele>
      </trkpt>
      <trkpt lat="44.33844" lon="6.78589">
        <ele>2370.7</ele>
      </trkpt>
      <trkpt lat="44.33843" lon="6.78604">
        <ele>2370.8</ele>
      </trkpt>
      <trkpt lat="44.338389" lon="6.78618">
        <ele>2371.3</ele>
      </trkpt>
      <trkpt lat="44.33806" lon="6.78665">
        <ele>2377.9</ele>
      </trkpt>
      <trkpt lat="44.33772" lon="6.78712">
        <ele>2386.2</ele>
      </trkpt>
      <trkpt lat="44.33761" lon="6.78732">
        <ele>2388.7</ele>
      </trkpt>
      <trkpt lat="44.33755" lon="6.78753">
        <ele>2390.2</ele>
      </trkpt>
      <trkpt lat="44.33754" lon="6.78768">
        <ele>2390.9</ele>
      </trkpt>
      <trkpt lat="44.33757" lon="6.78786">
        <ele>2391.1</ele>
      </trkpt>
      <trkpt lat="44.33766" lon="6.78802">
        <ele>2390.1</ele>
      </trkpt>
      <trkpt lat="44.33771" lon="6.78819">
        <ele>2389.9</ele>
      </trkpt>
      <trkpt lat="44.33773" lon="6.78834">
        <ele>2390.1</ele>
      </trkpt>
      <trkpt lat="44.33766" lon="6.78868">
        <ele>2392.0</ele>
      </trkpt>
      <trkpt lat="44.337649" lon="6.78893">
        <ele>2392.7</ele>
      </trkpt>
      <trkpt lat="44.33769" lon="6.78915">
        <ele>2392.3</ele>
      </trkpt>
      <trkpt lat="44.3378" lon="6.78961">
        <ele>2392.8</ele>
      </trkpt>
      <trkpt lat="44.33784" lon="6.78999">
        <ele>2394.0</ele>
      </trkpt>
      <trkpt lat="44.33784" lon="6.79031">
        <ele>2396.6</ele>
      </trkpt>
      <trkpt lat="44.337829" lon="6.7906">
        <ele>2399.3</ele>
      </trkpt>
      <trkpt lat="44.33788" lon="6.79106">
        <ele>2403.6</ele>
      </trkpt>
      <trkpt lat="44.337919" lon="6.79167">
        <ele>2412.5</ele>
      </trkpt>
      <trkpt lat="44.33796" lon="6.79183">
        <ele>2414.9</ele>
      </trkpt>
      <trkpt lat="44.33804" lon="6.79193">
        <ele>2415.0</ele>
      </trkpt>
      <trkpt lat="44.33813" lon="6.79199">
        <ele>2414.0</ele>
      </trkpt>
      <trkpt lat="44.33826" lon="6.792">
        <ele>2410.9</ele>
      </trkpt>
      <trkpt lat="44.33832" lon="6.79198">
        <ele>2408.9</ele>
      </trkpt>
      <trkpt lat="44.33883" lon="6.7917">
        <ele>2409.5</ele>
      </trkpt>
      <trkpt lat="44.33929" lon="6.79161">
        <ele>2416.0</ele>
      </trkpt>
      <trkpt lat="44.33974" lon="6.79152">
        <ele>2425.5</ele>
      </trkpt>
      <trkpt lat="44.33982" lon="6.79149">
        <ele>2427.0</ele>
      </trkpt>
      <trkpt lat="44.33992" lon="6.7914">
        <ele>2428.2</ele>
      </trkpt>
      <trkpt lat="44.34001" lon="6.79126">
        <ele>2428.4</ele>
      </trkpt>
      <trkpt lat="44.34026" lon="6.79072">
        <ele>2429.5</ele>
      </trkpt>
      <trkpt lat="44.340359" lon="6.79013">
        <ele>2428.4</ele>
      </trkpt>
      <trkpt lat="44.34068" lon="6.78936">
        <ele>2428.5</ele>
      </trkpt>
      <trkpt lat="44.34079" lon="6.78916">
        <ele>2428.5</ele>
      </trkpt>
      <trkpt lat="44.34085" lon="6.78912">
        <ele>2428.9</ele>
      </trkpt>
      <trkpt lat="44.3409" lon="6.78914">
        <ele>2430.0</ele>
      </trkpt>
      <trkpt lat="44.340919" lon="6.78921">
        <ele>2431.6</ele>
      </trkpt>
      <trkpt lat="44.340919" lon="6.7893">
        <ele>2433.1</ele>
      </trkpt>
      <trkpt lat="44.34076" lon="6.78977">
        <ele>2438.3</ele>
      </trkpt>
      <trkpt lat="44.340739" lon="6.78995">
        <ele>2440.7</ele>
      </trkpt>
      <trkpt lat="44.34082" lon="6.79043">
        <ele>2446.6</ele>
      </trkpt>
      <trkpt lat="44.34081" lon="6.7908">
        <ele>2448.1</ele>
      </trkpt>
      <trkpt lat="44.340829" lon="6.79135">
        <ele>2452.6</ele>
      </trkpt>
      <trkpt lat="44.34075" lon="6.7917">
        <ele>2453.3</ele>
      </trkpt>
      <trkpt lat="44.34054" lon="6.79207">
        <ele>2453.8</ele>
      </trkpt>
      <trkpt lat="44.34038" lon="6.79242">
        <ele>2456.6</ele>
      </trkpt>
      <trkpt lat="44.34004" lon="6.79296">
        <ele>2460.2</ele>
      </trkpt>
      <trkpt lat="44.33997" lon="6.79311">
        <ele>2461.6</ele>
      </trkpt>
      <trkpt lat="44.33995" lon="6.79325">
        <ele>2463.6</ele>
      </trkpt>
      <trkpt lat="44.33995" lon="6.79334">
        <ele>2465.1</ele>
      </trkpt>
      <trkpt lat="44.34" lon="6.79343">
        <ele>2466.8</ele>
      </trkpt>
      <trkpt lat="44.34008" lon="6.79349">
        <ele>2468.1</ele>
      </trkpt>
      <trkpt lat="44.34019" lon="6.79353">
        <ele>2469.5</ele>
      </trkpt>
      <trkpt lat="44.34062" lon="6.79355">
        <ele>2474.0</ele>
      </trkpt>
      <trkpt lat="44.34075" lon="6.79361">
        <ele>2475.8</ele>
      </trkpt>
      <trkpt lat="44.34086" lon="6.79372">
        <ele>2477.9</ele>
      </trkpt>
      <trkpt lat="44.34094" lon="6.79389">
        <ele>2480.1</ele>
      </trkpt>
      <trkpt lat="44.34101" lon="6.79427">
        <ele>2484.3</ele>
      </trkpt>
      <trkpt lat="44.34104" lon="6.79436">
        <ele>2485.4</ele>
      </trkpt>
      <trkpt lat="44.341299" lon="6.79476">
        <ele>2492.3</ele>
      </trkpt>
      <trkpt lat="44.3414" lon="6.79483">
        <ele>2494.4</ele>
      </trkpt>
      <trkpt lat="44.34148" lon="6.79484">
        <ele>2495.5</ele>
      </trkpt>
      <trkpt lat="44.34178" lon="6.79475">
        <ele>2498.2</ele>
      </trkpt>
      <trkpt lat="44.342" lon="6.79453">
        <ele>2498.1</ele>
      </trkpt>
      <trkpt lat="44.34267" lon="6.79432">
        <ele>2502.8</ele>
      </trkpt>
      <trkpt lat="44.343089" lon="6.79422">
        <ele>2504.3</ele>
      </trkpt>
      <trkpt lat="44.34324" lon="6.7942">
        <ele>2505.1</ele>
      </trkpt>
      <trkpt lat="44.34364" lon="6.79438">
        <ele>2512.2</ele>
      </trkpt>
      <trkpt lat="44.34386" lon="6.79438">
        <ele>2513.1</ele>
      </trkpt>
      <trkpt lat="44.34392" lon="6.79446">
        <ele>2515.4</ele>
      </trkpt>
      <trkpt lat="44.34393" lon="6.79456">
        <ele>2518.0</ele>
      </trkpt>
      <trkpt lat="44.34387" lon="6.79467">
        <ele>2520.7</ele>
      </trkpt>
      <trkpt lat="44.34379" lon="6.79468">
        <ele>2520.7</ele>
      </trkpt>
      <trkpt lat="44.3434" lon="6.79465">
        <ele>2518.6</ele>
      </trkpt>
      <trkpt lat="44.34331" lon="6.79467">
        <ele>2518.6</ele>
      </trkpt>
      <trkpt lat="44.34322" lon="6.79475">
        <ele>2519.6</ele>
      </trkpt>
      <trkpt lat="44.34288" lon="6.79521">
        <ele>2525.2</ele>
      </trkpt>
      <trkpt lat="44.34275" lon="6.79531">
        <ele>2524.9</ele>
      </trkpt>
      <trkpt lat="44.34256" lon="6.79539">
        <ele>2523.1</ele>
      </trkpt>
      <trkpt lat="44.34249" lon="6.79543">
        <ele>2522.6</ele>
      </trkpt>
      <trkpt lat="44.34247" lon="6.7955">
        <ele>2523.5</ele>
      </trkpt>
      <trkpt lat="44.34248" lon="6.79563">
        <ele>2526.0</ele>
      </trkpt>
      <trkpt lat="44.34251" lon="6.79565">
        <ele>2526.9</ele>
      </trkpt>
      <trkpt lat="44.34264" lon="6.79566">
        <ele>2529.6</ele>
      </trkpt>
      <trkpt lat="44.34274" lon="6.79571">
        <ele>2532.5</ele>
      </trkpt>
      <trkpt lat="44.34296" lon="6.79596">
        <ele>2539.6</ele>
      </trkpt>
      <trkpt lat="44.34304" lon="6.79609">
        <ele>2541.4</ele>
      </trkpt>
      <trkpt lat="44.343179" lon="6.79649">
        <ele>2544.0</ele>
      </trkpt>
      <trkpt lat="44.343359" lon="6.7969">
        <ele>2546.5</ele>
      </trkpt>
      <trkpt lat="44.34342" lon="6.79715">
        <ele>2547.8</ele>
      </trkpt>
      <trkpt lat="44.3437" lon="6.79784">
        <ele>2553.8</ele>
      </trkpt>
      <trkpt lat="44.343739" lon="6.79796">
        <ele>2554.7</ele>
      </trkpt>
      <trkpt lat="44.34375" lon="6.79814">
        <ele>2555.0</ele>
      </trkpt>
      <trkpt lat="44.34377" lon="6.79821">
        <ele>2555.6</ele>
      </trkpt>
      <trkpt lat="44.34381" lon="6.79824">
        <ele>2556.7</ele>
      </trkpt>
      <trkpt lat="44.34388" lon="6.79821">
        <ele>2558.6</ele>
      </trkpt>
      <trkpt lat="44.34406" lon="6.7976">
        <ele>2562.0</ele>
      </trkpt>
      <trkpt lat="44.34405" lon="6.79749">
        <ele>2561.5</ele>
      </trkpt>
      <trkpt lat="44.34388" lon="6.79715">
        <ele>2557.3</ele>
      </trkpt>
      <trkpt lat="44.34385" lon="6.79703">
        <ele>2556.5</ele>
      </trkpt>
      <trkpt lat="44.34386" lon="6.79692">
        <ele>2556.5</ele>
      </trkpt>
      <trkpt lat="44.3439" lon="6.79683">
        <ele>2557.2</ele>
      </trkpt>
      <trkpt lat="44.34394" lon="6.79682">
        <ele>2557.9</ele>
      </trkpt>
      <trkpt lat="44.34399" lon="6.79684">
        <ele>2558.9</ele>
      </trkpt>
      <trkpt lat="44.34402" lon="6.79689">
        <ele>2559.6</ele>
      </trkpt>
      <trkpt lat="44.34409" lon="6.79719">
        <ele>2561.7</ele>
      </trkpt>
      <trkpt lat="44.34413" lon="6.79728">
        <ele>2562.7</ele>
      </trkpt>
      <trkpt lat="44.34433" lon="6.79747">
        <ele>2565.1</ele>
      </trkpt>
      <trkpt lat="44.34455" lon="6.79754">
        <ele>2567.0</ele>
      </trkpt>
      <trkpt lat="44.34464" lon="6.7976">
        <ele>2568.2</ele>
      </trkpt>
      <trkpt lat="44.34473" lon="6.7978">
        <ele>2570.6</ele>
      </trkpt>
      <trkpt lat="44.34483" lon="6.79784">
        <ele>2572.0</ele>
      </trkpt>
      <trkpt lat="44.34508" lon="6.79763">
        <ele>2571.6</ele>
      </trkpt>
      <trkpt lat="44.34517" lon="6.79763">
        <ele>2571.7</ele>
      </trkpt>
      <trkpt lat="44.345239" lon="6.79769">
        <ele>2572.7</ele>
      </trkpt>
      <trkpt lat="44.34527" lon="6.79779">
        <ele>2574.3</ele>
      </trkpt>
      <trkpt lat="44.34526" lon="6.79792">
        <ele>2576.1</ele>
      </trkpt>
      <trkpt lat="44.34522" lon="6.79799">
        <ele>2576.8</ele>
      </trkpt>
      <trkpt lat="44.34463" lon="6.79828">
        <ele>2573.3</ele>
      </trkpt>
      <trkpt lat="44.34428" lon="6.79872">
        <ele>2575.7</ele>
      </trkpt>
      <trkpt lat="44.34424" lon="6.79883">
        <ele>2577.1</ele>
      </trkpt>
      <trkpt lat="44.34424" lon="6.79894">
        <ele>2579.1</ele>
      </trkpt>
      <trkpt lat="44.34433" lon="6.79921">
        <ele>2585.2</ele>
      </trkpt>
      <trkpt lat="44.34434" lon="6.79934">
        <ele>2586.7</ele>
      </trkpt>
      <trkpt lat="44.34429" lon="6.79965">
        <ele>2589.0</ele>
      </trkpt>
      <trkpt lat="44.34428" lon="6.79986">
        <ele>2590.9</ele>
      </trkpt>
      <trkpt lat="44.34423" lon="6.80005">
        <ele>2592.1</ele>
      </trkpt>
      <trkpt lat="44.34408" lon="6.80022">
        <ele>2591.7</ele>
      </trkpt>
      <trkpt lat="44.34396" lon="6.80042">
        <ele>2592.8</ele>
      </trkpt>
      <trkpt lat="44.34389" lon="6.80063">
        <ele>2595.1</ele>
      </trkpt>
      <trkpt lat="44.3438" lon="6.80097">
        <ele>2600.0</ele>
      </trkpt>
      <trkpt lat="44.34372" lon="6.80118">
        <ele>2603.1</ele>
      </trkpt>
      <trkpt lat="44.343649" lon="6.80129">
        <ele>2604.0</ele>
      </trkpt>
      <trkpt lat="44.3433" lon="6.80152">
        <ele>2601.3</ele>
      </trkpt>
      <trkpt lat="44.3432" lon="6.80161">
        <ele>2601.7</ele>
      </trkpt>
      <trkpt lat="44.3431" lon="6.80175">
        <ele>2603.3</ele>
      </trkpt>
      <trkpt lat="44.34285" lon="6.8019">
        <ele>2604.0</ele>
      </trkpt>
      <trkpt lat="44.34248" lon="6.80206">
        <ele>2604.1</ele>
      </trkpt>
      <trkpt lat="44.34223" lon="6.80198">
        <ele>2603.6</ele>
      </trkpt>
      <trkpt lat="44.34208" lon="6.80196">
        <ele>2603.8</ele>
      </trkpt>
      <trkpt lat="44.34175" lon="6.80207">
        <ele>2609.0</ele>
      </trkpt>
      <trkpt lat="44.341679" lon="6.80206">
        <ele>2609.1</ele>
      </trkpt>
      <trkpt lat="44.34126" lon="6.80194">
        <ele>2610.9</ele>
      </trkpt>
      <trkpt lat="44.34101" lon="6.80179">
        <ele>2609.5</ele>
      </trkpt>
      <trkpt lat="44.3406" lon="6.80171">
        <ele>2613.5</ele>
      </trkpt>
      <trkpt lat="44.34014" lon="6.80144">
        <ele>2612.8</ele>
      </trkpt>
      <trkpt lat="44.33994" lon="6.80137">
        <ele>2612.1</ele>
      </trkpt>
      <trkpt lat="44.33987" lon="6.8014">
        <ele>2612.4</ele>
      </trkpt>
      <trkpt lat="44.339799" lon="6.80146">
        <ele>2613.6</ele>
      </trkpt>
      <trkpt lat="44.33959" lon="6.80193">
        <ele>2624.2</ele>
      </trkpt>
      <trkpt lat="44.33944" lon="6.8021">
        <ele>2627.1</ele>
      </trkpt>
      <trkpt lat="44.3392" lon="6.80228">
        <ele>2629.9</ele>
      </trkpt>
      <trkpt lat="44.33891" lon="6.80243">
        <ele>2638.6</ele>
      </trkpt>
      <trkpt lat="44.338769" lon="6.80248">
        <ele>2642.6</ele>
      </trkpt>
      <trkpt lat="44.33866" lon="6.80247">
        <ele>2644.3</ele>
      </trkpt>
      <trkpt lat="44.33831" lon="6.8023">
        <ele>2645.8</ele>
      </trkpt>
      <trkpt lat="44.33811" lon="6.80212">
        <ele>2645.4</ele>
      </trkpt>
      <trkpt lat="44.337919" lon="6.802">
        <ele>2646.7</ele>
      </trkpt>
      <trkpt lat="44.33766" lon="6.80189">
        <ele>2650.3</ele>
      </trkpt>
      <trkpt lat="44.33752" lon="6.80178">
        <ele>2651.2</ele>
      </trkpt>
      <trkpt lat="44.33723" lon="6.80144">
        <ele>2645.7</ele>
      </trkpt>
      <trkpt lat="44.33709" lon="6.80133">
        <ele>2644.5</ele>
      </trkpt>
      <trkpt lat="44.33696" lon="6.80128">
        <ele>2644.6</ele>
      </trkpt>
      <trkpt lat="44.33682" lon="6.80129">
        <ele>2645.9</ele>
      </trkpt>
      <trkpt lat="44.33675" lon="6.80138">
        <ele>2647.9</ele>
      </trkpt>
      <trkpt lat="44.336709" lon="6.80151">
        <ele>2650.3</ele>
      </trkpt>
      <trkpt lat="44.3367" lon="6.80175">
        <ele>2653.7</ele>
      </trkpt>
      <trkpt lat="44.33672" lon="6.80282">
        <ele>2664.0</ele>
      </trkpt>
      <trkpt lat="44.33666" lon="6.80396">
        <ele>2668.0</ele>
      </trkpt>
      <trkpt lat="44.33664" lon="6.80416">
        <ele>2667.9</ele>
      </trkpt>
      <trkpt lat="44.33654" lon="6.80456">
        <ele>2666.4</ele>
      </trkpt>
      <trkpt lat="44.33654" lon="6.80473">
        <ele>2667.4</ele>
      </trkpt>
      <trkpt lat="44.33659" lon="6.80521">
        <ele>2672.2</ele>
      </trkpt>
      <trkpt lat="44.336509" lon="6.80583">
        <ele>2672.8</ele>
      </trkpt>
      <trkpt lat="44.33643" lon="6.80645">
        <ele>2672.4</ele>
      </trkpt>
      <trkpt lat="44.33639" lon="6.80715">
        <ele>2674.8</ele>
      </trkpt>
      <trkpt lat="44.33628" lon="6.80777">
        <ele>2674.3</ele>
      </trkpt>
      <trkpt lat="44.33609" lon="6.80817">
        <ele>2670.4</ele>
      </trkpt>
      <trkpt lat="44.33597" lon="6.80846">
        <ele>2668.5</ele>
      </trkpt>
      <trkpt lat="44.33565" lon="6.809">
        <ele>2668.1</ele>
      </trkpt>
      <trkpt lat="44.33534" lon="6.80954">
        <ele>2669.8</ele>
      </trkpt>
      <trkpt lat="44.33476" lon="6.81007">
        <ele>2673.3</ele>
      </trkpt>
      <trkpt lat="44.33459" lon="6.81015">
        <ele>2673.1</ele>
      </trkpt>
      <trkpt lat="44.33435" lon="6.81023">
        <ele>2673.6</ele>
      </trkpt>
      <trkpt lat="44.333979" lon="6.81047">
        <ele>2680.2</ele>
      </trkpt>
      <trkpt lat="44.33374" lon="6.81056">
        <ele>2683.8</ele>
      </trkpt>
      <trkpt lat="44.33348" lon="6.81061">
        <ele>2686.6</ele>
      </trkpt>
      <trkpt lat="44.332859" lon="6.81062">
        <ele>2688.2</ele>
      </trkpt>
      <trkpt lat="44.33269" lon="6.81065">
        <ele>2689.2</ele>
      </trkpt>
      <trkpt lat="44.33245" lon="6.8108">
        <ele>2693.5</ele>
      </trkpt>
      <trkpt lat="44.33232" lon="6.8108">
        <ele>2694.5</ele>
      </trkpt>
      <trkpt lat="44.33216" lon="6.81076">
        <ele>2694.9</ele>
      </trkpt>
      <trkpt lat="44.33188" lon="6.81062">
        <ele>2694.8</ele>
      </trkpt>
      <trkpt lat="44.33179" lon="6.81055">
        <ele>2694.6</ele>
      </trkpt>
      <trkpt lat="44.331449" lon="6.81011">
        <ele>2691.7</ele>
      </trkpt>
      <trkpt lat="44.33112" lon="6.80967">
        <ele>2690.7</ele>
      </trkpt>
      <trkpt lat="44.33064" lon="6.80919">
        <ele>2696.6</ele>
      </trkpt>
      <trkpt lat="44.3304" lon="6.80885">
        <ele>2696.5</ele>
      </trkpt>
      <trkpt lat="44.33019" lon="6.80859">
        <ele>2698.0</ele>
      </trkpt>
      <trkpt lat="44.3298" lon="6.80823">
        <ele>2699.7</ele>
      </trkpt>
      <trkpt lat="44.32963" lon="6.80811">
        <ele>2697.8</ele>
      </trkpt>
      <trkpt lat="44.32903" lon="6.80785">
        <ele>2695.4</ele>
      </trkpt>
      <trkpt lat="44.32881" lon="6.8078">
        <ele>2694.2</ele>
      </trkpt>
      <trkpt lat="44.3286" lon="6.80777">
        <ele>2694.1</ele>
      </trkpt>
      <trkpt lat="44.32834" lon="6.80784">
        <ele>2697.4</ele>
      </trkpt>
      <trkpt lat="44.32812" lon="6.80786">
        <ele>2696.3</ele>
      </trkpt>
      <trkpt lat="44.3279" lon="6.80794">
        <ele>2696.4</ele>
      </trkpt>
      <trkpt lat="44.32774" lon="6.80797">
        <ele>2695.5</ele>
      </trkpt>
      <trkpt lat="44.327599" lon="6.80795">
        <ele>2693.9</ele>
      </trkpt>
      <trkpt lat="44.32738" lon="6.80784">
        <ele>2691.3</ele>
      </trkpt>
      <trkpt lat="44.32711" lon="6.80767">
        <ele>2692.0</ele>
      </trkpt>
      <trkpt lat="44.32674" lon="6.80739">
        <ele>2696.2</ele>
      </trkpt>
      <trkpt lat="44.32645" lon="6.807">
        <ele>2692.1</ele>
      </trkpt>
      <trkpt lat="44.326189" lon="6.80685">
        <ele>2695.7</ele>
      </trkpt>
      <trkpt lat="44.326099" lon="6.80676">
        <ele>2697.9</ele>
      </trkpt>
      <trkpt lat="44.32596" lon="6.80657">
        <ele>2700.1</ele>
      </trkpt>
      <trkpt lat="44.32576" lon="6.80616">
        <ele>2695.5</ele>
      </trkpt>
      <trkpt lat="44.3257" lon="6.80608">
        <ele>2694.1</ele>
      </trkpt>
      <trkpt lat="44.325629" lon="6.80605">
        <ele>2693.9</ele>
      </trkpt>
      <trkpt lat="44.32556" lon="6.80608">
        <ele>2695.0</ele>
      </trkpt>
      <trkpt lat="44.32532" lon="6.80632">
        <ele>2701.6</ele>
      </trkpt>
      <trkpt lat="44.32518" lon="6.80642">
        <ele>2704.6</ele>
      </trkpt>
      <trkpt lat="44.3251" lon="6.80647">
        <ele>2706.2</ele>
      </trkpt>
      <trkpt lat="44.32497" lon="6.80649">
        <ele>2707.8</ele>
      </trkpt>
      <trkpt lat="44.32486" lon="6.80648">
        <ele>2709.9</ele>
      </trkpt>
      <trkpt lat="44.32423" lon="6.80619">
        <ele>2715.1</ele>
      </trkpt>
      <trkpt lat="44.32398" lon="6.80619">
        <ele>2722.7</ele>
      </trkpt>
      <trkpt lat="44.3238" lon="6.80616">
        <ele>2728.1</ele>
      </trkpt>
      <trkpt lat="44.323659" lon="6.8061">
        <ele>2731.1</ele>
      </trkpt>
      <trkpt lat="44.32343" lon="6.80595">
        <ele>2734.4</ele>
      </trkpt>
      <trkpt lat="44.32326" lon="6.80581">
        <ele>2736.2</ele>
      </trkpt>
      <trkpt lat="44.323" lon="6.80552">
        <ele>2735.8</ele>
      </trkpt>
      <trkpt lat="44.32292" lon="6.80546">
        <ele>2737.1</ele>
      </trkpt>
      <trkpt lat="44.32257" lon="6.80541">
        <ele>2751.9</ele>
      </trkpt>
      <trkpt lat="44.32247" lon="6.8053">
        <ele>2752.7</ele>
      </trkpt>
      <trkpt lat="44.32208" lon="6.80461">
        <ele>2741.4</ele>
      </trkpt>
      <trkpt lat="44.322" lon="6.80455">
        <ele>2742.1</ele>
      </trkpt>
      <trkpt lat="44.32185" lon="6.80449">
        <ele>2745.9</ele>
      </trkpt>
      <trkpt lat="44.32175" lon="6.80449">
        <ele>2750.2</ele>
      </trkpt>
      <trkpt lat="44.32157" lon="6.80455">
        <ele>2759.1</ele>
      </trkpt>
      <trkpt lat="44.32146" lon="6.80455">
        <ele>2761.6</ele>
      </trkpt>
      <trkpt lat="44.32125" lon="6.8045">
        <ele>2764.2</ele>
      </trkpt>
      <trkpt lat="44.32101" lon="6.80454">
        <ele>2771.6</ele>
      </trkpt>
      <trkpt lat="44.32101" lon="6.80454">
        <ele>2771.6</ele>
      </trkpt>
      <trkpt lat="44.32125" lon="6.8045">
        <ele>2764.2</ele>
      </trkpt>
      <trkpt lat="44.32146" lon="6.80455">
        <ele>2761.6</ele>
      </trkpt>
      <trkpt lat="44.32157" lon="6.80455">
        <ele>2759.1</ele>
      </trkpt>
      <trkpt lat="44.32175" lon="6.80449">
        <ele>2750.2</ele>
      </trkpt>
      <trkpt lat="44.32185" lon="6.80449">
        <ele>2745.9</ele>
      </trkpt>
      <trkpt lat="44.322" lon="6.80455">
        <ele>2742.1</ele>
      </trkpt>
      <trkpt lat="44.32208" lon="6.80461">
        <ele>2741.4</ele>
      </trkpt>
      <trkpt lat="44.32247" lon="6.8053">
        <ele>2752.7</ele>
      </trkpt>
      <trkpt lat="44.32257" lon="6.80541">
        <ele>2751.9</ele>
      </trkpt>
      <trkpt lat="44.32292" lon="6.80546">
        <ele>2737.1</ele>
      </trkpt>
      <trkpt lat="44.323" lon="6.80552">
        <ele>2735.8</ele>
      </trkpt>
      <trkpt lat="44.32326" lon="6.80581">
        <ele>2736.2</ele>
      </trkpt>
      <trkpt lat="44.32343" lon="6.80595">
        <ele>2734.4</ele>
      </trkpt>
      <trkpt lat="44.323659" lon="6.8061">
        <ele>2731.1</ele>
      </trkpt>
      <trkpt lat="44.3238" lon="6.80616">
        <ele>2728.1</ele>
      </trkpt>
      <trkpt lat="44.32398" lon="6.80619">
        <ele>2722.7</ele>
      </trkpt>
      <trkpt lat="44.32423" lon="6.80619">
        <ele>2715.1</ele>
      </trkpt>
      <trkpt lat="44.32486" lon="6.80648">
        <ele>2709.9</ele>
      </trkpt>
      <trkpt lat="44.32497" lon="6.80649">
        <ele>2707.8</ele>
      </trkpt>
      <trkpt lat="44.3251" lon="6.80647">
        <ele>2706.2</ele>
      </trkpt>
      <trkpt lat="44.32518" lon="6.80642">
        <ele>2704.6</ele>
      </trkpt>
      <trkpt lat="44.32532" lon="6.80632">
        <ele>2701.6</ele>
      </trkpt>
      <trkpt lat="44.32556" lon="6.80608">
        <ele>2695.0</ele>
      </trkpt>
      <trkpt lat="44.325629" lon="6.80605">
        <ele>2693.9</ele>
      </trkpt>
      <trkpt lat="44.3257" lon="6.80608">
        <ele>2694.1</ele>
      </trkpt>
      <trkpt lat="44.32576" lon="6.80616">
        <ele>2695.5</ele>
      </trkpt>
      <trkpt lat="44.32596" lon="6.80657">
        <ele>2700.1</ele>
      </trkpt>
      <trkpt lat="44.326099" lon="6.80676">
        <ele>2697.9</ele>
      </trkpt>
      <trkpt lat="44.326189" lon="6.80685">
        <ele>2695.7</ele>
      </trkpt>
      <trkpt lat="44.32645" lon="6.807">
        <ele>2692.1</ele>
      </trkpt>
      <trkpt lat="44.32674" lon="6.80739">
        <ele>2696.2</ele>
      </trkpt>
      <trkpt lat="44.32711" lon="6.80767">
        <ele>2692.0</ele>
      </trkpt>
      <trkpt lat="44.32738" lon="6.80784">
        <ele>2691.3</ele>
      </trkpt>
      <trkpt lat="44.327599" lon="6.80795">
        <ele>2693.9</ele>
      </trkpt>
      <trkpt lat="44.32774" lon="6.80797">
        <ele>2695.5</ele>
      </trkpt>
      <trkpt lat="44.3279" lon="6.80794">
        <ele>2696.4</ele>
      </trkpt>
      <trkpt lat="44.32812" lon="6.80786">
        <ele>2696.3</ele>
      </trkpt>
      <trkpt lat="44.32834" lon="6.80784">
        <ele>2697.4</ele>
      </trkpt>
      <trkpt lat="44.3286" lon="6.80777">
        <ele>2694.1</ele>
      </trkpt>
      <trkpt lat="44.32881" lon="6.8078">
        <ele>2694.2</ele>
      </trkpt>
      <trkpt lat="44.32903" lon="6.80785">
        <ele>2695.4</ele>
      </trkpt>
      <trkpt lat="44.32963" lon="6.80811">
        <ele>2697.8</ele>
      </trkpt>
      <trkpt lat="44.3298" lon="6.80823">
        <ele>2699.7</ele>
      </trkpt>
      <trkpt lat="44.33019" lon="6.80859">
        <ele>2698.0</ele>
      </trkpt>
      <trkpt lat="44.3304" lon="6.80885">
        <ele>2696.5</ele>
      </trkpt>
      <trkpt lat="44.33064" lon="6.80919">
        <ele>2696.6</ele>
      </trkpt>
      <trkpt lat="44.33112" lon="6.80967">
        <ele>2690.7</ele>
      </trkpt>
      <trkpt lat="44.331449" lon="6.81011">
        <ele>2691.7</ele>
      </trkpt>
      <trkpt lat="44.33179" lon="6.81055">
        <ele>2694.6</ele>
      </trkpt>
      <trkpt lat="44.33188" lon="6.81062">
        <ele>2694.8</ele>
      </trkpt>
      <trkpt lat="44.33216" lon="6.81076">
        <ele>2694.9</ele>
      </trkpt>
      <trkpt lat="44.33232" lon="6.8108">
        <ele>2694.5</ele>
      </trkpt>
      <trkpt lat="44.33245" lon="6.8108">
        <ele>2693.5</ele>
      </trkpt>
      <trkpt lat="44.33269" lon="6.81065">
        <ele>2689.2</ele>
      </trkpt>
      <trkpt lat="44.332859" lon="6.81062">
        <ele>2688.2</ele>
      </trkpt>
      <trkpt lat="44.33348" lon="6.81061">
        <ele>2686.6</ele>
      </trkpt>
      <trkpt lat="44.33374" lon="6.81056">
        <ele>2683.8</ele>
      </trkpt>
      <trkpt lat="44.333979" lon="6.81047">
        <ele>2680.2</ele>
      </trkpt>
      <trkpt lat="44.33435" lon="6.81023">
        <ele>2673.6</ele>
      </trkpt>
      <trkpt lat="44.33459" lon="6.81015">
        <ele>2673.1</ele>
      </trkpt>
      <trkpt lat="44.33476" lon="6.81007">
        <ele>2673.3</ele>
      </trkpt>
      <trkpt lat="44.33534" lon="6.80954">
        <ele>2669.8</ele>
      </trkpt>
      <trkpt lat="44.33565" lon="6.809">
        <ele>2668.1</ele>
      </trkpt>
      <trkpt lat="44.33597" lon="6.80846">
        <ele>2668.5</ele>
      </trkpt>
      <trkpt lat="44.33609" lon="6.80817">
        <ele>2670.4</ele>
      </trkpt>
      <trkpt lat="44.33628" lon="6.80777">
        <ele>2674.3</ele>
      </trkpt>
      <trkpt lat="44.33639" lon="6.80715">
        <ele>2674.8</ele>
      </trkpt>
      <trkpt lat="44.33643" lon="6.80645">
        <ele>2672.4</ele>
      </trkpt>
      <trkpt lat="44.336509" lon="6.80583">
        <ele>2672.8</ele>
      </trkpt>
      <trkpt lat="44.33659" lon="6.80521">
        <ele>2672.2</ele>
      </trkpt>
      <trkpt lat="44.33654" lon="6.80473">
        <ele>2667.4</ele>
      </trkpt>
      <trkpt lat="44.33654" lon="6.80456">
        <ele>2666.4</ele>
      </trkpt>
      <trkpt lat="44.33664" lon="6.80416">
        <ele>2667.9</ele>
      </trkpt>
      <trkpt lat="44.33666" lon="6.80396">
        <ele>2668.0</ele>
      </trkpt>
      <trkpt lat="44.33672" lon="6.80282">
        <ele>2664.0</ele>
      </trkpt>
      <trkpt lat="44.3367" lon="6.80175">
        <ele>2653.7</ele>
      </trkpt>
      <trkpt lat="44.336709" lon="6.80151">
        <ele>2650.3</ele>
      </trkpt>
      <trkpt lat="44.33675" lon="6.80138">
        <ele>2647.9</ele>
      </trkpt>
      <trkpt lat="44.33682" lon="6.80129">
        <ele>2645.9</ele>
      </trkpt>
      <trkpt lat="44.33696" lon="6.80128">
        <ele>2644.6</ele>
      </trkpt>
      <trkpt lat="44.33709" lon="6.80133">
        <ele>2644.5</ele>
      </trkpt>
      <trkpt lat="44.33723" lon="6.80144">
        <ele>2645.7</ele>
      </trkpt>
      <trkpt lat="44.33752" lon="6.80178">
        <ele>2651.2</ele>
      </trkpt>
      <trkpt lat="44.33766" lon="6.80189">
        <ele>2650.3</ele>
      </trkpt>
      <trkpt lat="44.337919" lon="6.802">
        <ele>2646.7</ele>
      </trkpt>
      <trkpt lat="44.33811" lon="6.80212">
        <ele>2645.4</ele>
      </trkpt>
      <trkpt lat="44.33831" lon="6.8023">
        <ele>2645.8</ele>
      </trkpt>
      <trkpt lat="44.33866" lon="6.80247">
        <ele>2644.3</ele>
      </trkpt>
      <trkpt lat="44.338769" lon="6.80248">
        <ele>2642.6</ele>
      </trkpt>
      <trkpt lat="44.33891" lon="6.80243">
        <ele>2638.6</ele>
      </trkpt>
      <trkpt lat="44.3392" lon="6.80228">
        <ele>2629.9</ele>
      </trkpt>
      <trkpt lat="44.33944" lon="6.8021">
        <ele>2627.1</ele>
      </trkpt>
      <trkpt lat="44.33959" lon="6.80193">
        <ele>2624.2</ele>
      </trkpt>
      <trkpt lat="44.339799" lon="6.80146">
        <ele>2613.6</ele>
      </trkpt>
      <trkpt lat="44.33987" lon="6.8014">
        <ele>2612.4</ele>
      </trkpt>
      <trkpt lat="44.33994" lon="6.80137">
        <ele>2612.1</ele>
      </trkpt>
      <trkpt lat="44.34014" lon="6.80144">
        <ele>2612.8</ele>
      </trkpt>
      <trkpt lat="44.3406" lon="6.80171">
        <ele>2613.5</ele>
      </trkpt>
      <trkpt lat="44.34101" lon="6.80179">
        <ele>2609.5</ele>
      </trkpt>
      <trkpt lat="44.34126" lon="6.80194">
        <ele>2610.9</ele>
      </trkpt>
      <trkpt lat="44.341679" lon="6.80206">
        <ele>2609.1</ele>
      </trkpt>
      <trkpt lat="44.34175" lon="6.80207">
        <ele>2609.0</ele>
      </trkpt>
      <trkpt lat="44.34208" lon="6.80196">
        <ele>2603.8</ele>
      </trkpt>
      <trkpt lat="44.34223" lon="6.80198">
        <ele>2603.6</ele>
      </trkpt>
      <trkpt lat="44.34248" lon="6.80206">
        <ele>2604.1</ele>
      </trkpt>
      <trkpt lat="44.34285" lon="6.8019">
        <ele>2604.0</ele>
      </trkpt>
      <trkpt lat="44.3431" lon="6.80175">
        <ele>2603.3</ele>
      </trkpt>
      <trkpt lat="44.3432" lon="6.80161">
        <ele>2601.7</ele>
      </trkpt>
      <trkpt lat="44.3433" lon="6.80152">
        <ele>2601.3</ele>
      </trkpt>
      <trkpt lat="44.343649" lon="6.80129">
        <ele>2604.0</ele>
      </trkpt>
      <trkpt lat="44.34372" lon="6.80118">
        <ele>2603.1</ele>
      </trkpt>
      <trkpt lat="44.3438" lon="6.80097">
        <ele>2600.0</ele>
      </trkpt>
      <trkpt lat="44.34389" lon="6.80063">
        <ele>2595.1</ele>
      </trkpt>
      <trkpt lat="44.34396" lon="6.80042">
        <ele>2592.8</ele>
      </trkpt>
      <trkpt lat="44.34408" lon="6.80022">
        <ele>2591.7</ele>
      </trkpt>
      <trkpt lat="44.34423" lon="6.80005">
        <ele>2592.1</ele>
      </trkpt>
      <trkpt lat="44.34428" lon="6.79986">
        <ele>2590.9</ele>
      </trkpt>
      <trkpt lat="44.34429" lon="6.79965">
        <ele>2589.0</ele>
      </trkpt>
      <trkpt lat="44.34434" lon="6.79934">
        <ele>2586.7</ele>
      </trkpt>
      <trkpt lat="44.34433" lon="6.79921">
        <ele>2585.2</ele>
      </trkpt>
      <trkpt lat="44.34424" lon="6.79894">
        <ele>2579.1</ele>
      </trkpt>
      <trkpt lat="44.34424" lon="6.79883">
        <ele>2577.1</ele>
      </trkpt>
      <trkpt lat="44.34428" lon="6.79872">
        <ele>2575.7</ele>
      </trkpt>
      <trkpt lat="44.34463" lon="6.79828">
        <ele>2573.3</ele>
      </trkpt>
      <trkpt lat="44.34522" lon="6.79799">
        <ele>2576.8</ele>
      </trkpt>
      <trkpt lat="44.34526" lon="6.79792">
        <ele>2576.1</ele>
      </trkpt>
      <trkpt lat="44.34527" lon="6.79779">
        <ele>2574.3</ele>
      </trkpt>
      <trkpt lat="44.345239" lon="6.79769">
        <ele>2572.7</ele>
      </trkpt>
      <trkpt lat="44.34517" lon="6.79763">
        <ele>2571.7</ele>
      </trkpt>
      <trkpt lat="44.34508" lon="6.79763">
        <ele>2571.6</ele>
      </trkpt>
      <trkpt lat="44.34483" lon="6.79784">
        <ele>2572.0</ele>
      </trkpt>
      <trkpt lat="44.34473" lon="6.7978">
        <ele>2570.6</ele>
      </trkpt>
      <trkpt lat="44.34464" lon="6.7976">
        <ele>2568.2</ele>
      </trkpt>
      <trkpt lat="44.34455" lon="6.79754">
        <ele>2567.0</ele>
      </trkpt>
      <trkpt lat="44.34433" lon="6.79747">
        <ele>2565.1</ele>
      </trkpt>
      <trkpt lat="44.34413" lon="6.79728">
        <ele>2562.7</ele>
      </trkpt>
      <trkpt lat="44.34409" lon="6.79719">
        <ele>2561.7</ele>
      </trkpt>
      <trkpt lat="44.34402" lon="6.79689">
        <ele>2559.6</ele>
      </trkpt>
      <trkpt lat="44.34399" lon="6.79684">
        <ele>2558.9</ele>
      </trkpt>
      <trkpt lat="44.34394" lon="6.79682">
        <ele>2557.9</ele>
      </trkpt>
      <trkpt lat="44.3439" lon="6.79683">
        <ele>2557.2</ele>
      </trkpt>
      <trkpt lat="44.34386" lon="6.79692">
        <ele>2556.5</ele>
      </trkpt>
      <trkpt lat="44.34385" lon="6.79703">
        <ele>2556.5</ele>
      </trkpt>
      <trkpt lat="44.34388" lon="6.79715">
        <ele>2557.3</ele>
      </trkpt>
      <trkpt lat="44.34405" lon="6.79749">
        <ele>2561.5</ele>
      </trkpt>
      <trkpt lat="44.34406" lon="6.7976">
        <ele>2562.0</ele>
      </trkpt>
      <trkpt lat="44.34388" lon="6.79821">
        <ele>2558.6</ele>
      </trkpt>
      <trkpt lat="44.34381" lon="6.79824">
        <ele>2556.7</ele>
      </trkpt>
      <trkpt lat="44.34377" lon="6.79821">
        <ele>2555.6</ele>
      </trkpt>
      <trkpt lat="44.34375" lon="6.79814">
        <ele>2555.0</ele>
      </trkpt>
      <trkpt lat="44.343739" lon="6.79796">
        <ele>2554.7</ele>
      </trkpt>
      <trkpt lat="44.3437" lon="6.79784">
        <ele>2553.8</ele>
      </trkpt>
      <trkpt lat="44.34342" lon="6.79715">
        <ele>2547.8</ele>
      </trkpt>
      <trkpt lat="44.343359" lon="6.7969">
        <ele>2546.5</ele>
      </trkpt>
      <trkpt lat="44.343179" lon="6.79649">
        <ele>2544.0</ele>
      </trkpt>
      <trkpt lat="44.34304" lon="6.79609">
        <ele>2541.4</ele>
      </trkpt>
      <trkpt lat="44.34296" lon="6.79596">
        <ele>2539.6</ele>
      </trkpt>
      <trkpt lat="44.34274" lon="6.79571">
        <ele>2532.5</ele>
      </trkpt>
      <trkpt lat="44.34264" lon="6.79566">
        <ele>2529.6</ele>
      </trkpt>
      <trkpt lat="44.34251" lon="6.79565">
        <ele>2526.9</ele>
      </trkpt>
      <trkpt lat="44.34248" lon="6.79563">
        <ele>2526.0</ele>
      </trkpt>
      <trkpt lat="44.34247" lon="6.7955">
        <ele>2523.5</ele>
      </trkpt>
      <trkpt lat="44.34249" lon="6.79543">
        <ele>2522.6</ele>
      </trkpt>
      <trkpt lat="44.34256" lon="6.79539">
        <ele>2523.1</ele>
      </trkpt>
      <trkpt lat="44.34275" lon="6.79531">
        <ele>2524.9</ele>
      </trkpt>
      <trkpt lat="44.34288" lon="6.79521">
        <ele>2525.2</ele>
      </trkpt>
      <trkpt lat="44.34322" lon="6.79475">
        <ele>2519.6</ele>
      </trkpt>
      <trkpt lat="44.34331" lon="6.79467">
        <ele>2518.6</ele>
      </trkpt>
      <trkpt lat="44.3434" lon="6.79465">
        <ele>2518.6</ele>
      </trkpt>
      <trkpt lat="44.34379" lon="6.79468">
        <ele>2520.7</ele>
      </trkpt>
      <trkpt lat="44.34387" lon="6.79467">
        <ele>2520.7</ele>
      </trkpt>
      <trkpt lat="44.34393" lon="6.79456">
        <ele>2518.0</ele>
      </trkpt>
      <trkpt lat="44.34392" lon="6.79446">
        <ele>2515.4</ele>
      </trkpt>
      <trkpt lat="44.34386" lon="6.79438">
        <ele>2513.1</ele>
      </trkpt>
      <trkpt lat="44.34364" lon="6.79438">
        <ele>2512.2</ele>
      </trkpt>
      <trkpt lat="44.34324" lon="6.7942">
        <ele>2505.1</ele>
      </trkpt>
      <trkpt lat="44.343089" lon="6.79422">
        <ele>2504.3</ele>
      </trkpt>
      <trkpt lat="44.34267" lon="6.79432">
        <ele>2502.8</ele>
      </trkpt>
      <trkpt lat="44.342" lon="6.79453">
        <ele>2498.1</ele>
      </trkpt>
      <trkpt lat="44.34178" lon="6.79475">
        <ele>2498.2</ele>
      </trkpt>
      <trkpt lat="44.34148" lon="6.79484">
        <ele>2495.5</ele>
      </trkpt>
      <trkpt lat="44.3414" lon="6.79483">
        <ele>2494.4</ele>
      </trkpt>
      <trkpt lat="44.341299" lon="6.79476">
        <ele>2492.3</ele>
      </trkpt>
      <trkpt lat="44.34104" lon="6.79436">
        <ele>2485.4</ele>
      </trkpt>
      <trkpt lat="44.34101" lon="6.79427">
        <ele>2484.3</ele>
      </trkpt>
      <trkpt lat="44.34094" lon="6.79389">
        <ele>2480.1</ele>
      </trkpt>
      <trkpt lat="44.34086" lon="6.79372">
        <ele>2477.9</ele>
      </trkpt>
      <trkpt lat="44.34075" lon="6.79361">
        <ele>2475.8</ele>
      </trkpt>
      <trkpt lat="44.34062" lon="6.79355">
        <ele>2474.0</ele>
      </trkpt>
      <trkpt lat="44.34019" lon="6.79353">
        <ele>2469.5</ele>
      </trkpt>
      <trkpt lat="44.34008" lon="6.79349">
        <ele>2468.1</ele>
      </trkpt>
      <trkpt lat="44.34" lon="6.79343">
        <ele>2466.8</ele>
      </trkpt>
      <trkpt lat="44.33995" lon="6.79334">
        <ele>2465.1</ele>
      </trkpt>
      <trkpt lat="44.33995" lon="6.79325">
        <ele>2463.6</ele>
      </trkpt>
      <trkpt lat="44.33997" lon="6.79311">
        <ele>2461.6</ele>
      </trkpt>
      <trkpt lat="44.34004" lon="6.79296">
        <ele>2460.2</ele>
      </trkpt>
      <trkpt lat="44.34038" lon="6.79242">
        <ele>2456.6</ele>
      </trkpt>
      <trkpt lat="44.34054" lon="6.79207">
        <ele>2453.8</ele>
      </trkpt>
      <trkpt lat="44.34075" lon="6.7917">
        <ele>2453.3</ele>
      </trkpt>
      <trkpt lat="44.340829" lon="6.79135">
        <ele>2452.6</ele>
      </trkpt>
      <trkpt lat="44.34081" lon="6.7908">
        <ele>2448.1</ele>
      </trkpt>
      <trkpt lat="44.34082" lon="6.79043">
        <ele>2446.6</ele>
      </trkpt>
      <trkpt lat="44.340739" lon="6.78995">
        <ele>2440.7</ele>
      </trkpt>
      <trkpt lat="44.34076" lon="6.78977">
        <ele>2438.3</ele>
      </trkpt>
      <trkpt lat="44.340919" lon="6.7893">
        <ele>2433.1</ele>
      </trkpt>
      <trkpt lat="44.340919" lon="6.78921">
        <ele>2431.6</ele>
      </trkpt>
      <trkpt lat="44.3409" lon="6.78914">
        <ele>2430.0</ele>
      </trkpt>
      <trkpt lat="44.34085" lon="6.78912">
        <ele>2428.9</ele>
      </trkpt>
      <trkpt lat="44.34079" lon="6.78916">
        <ele>2428.5</ele>
      </trkpt>
      <trkpt lat="44.34068" lon="6.78936">
        <ele>2428.5</ele>
      </trkpt>
      <trkpt lat="44.340359" lon="6.79013">
        <ele>2428.4</ele>
      </trkpt>
      <trkpt lat="44.34026" lon="6.79072">
        <ele>2429.5</ele>
      </trkpt>
      <trkpt lat="44.34001" lon="6.79126">
        <ele>2428.4</ele>
      </trkpt>
      <trkpt lat="44.33992" lon="6.7914">
        <ele>2428.2</ele>
      </trkpt>
      <trkpt lat="44.33982" lon="6.79149">
        <ele>2427.0</ele>
      </trkpt>
      <trkpt lat="44.33974" lon="6.79152">
        <ele>2425.5</ele>
      </trkpt>
      <trkpt lat="44.33929" lon="6.79161">
        <ele>2416.0</ele>
      </trkpt>
      <trkpt lat="44.33883" lon="6.7917">
        <ele>2409.5</ele>
      </trkpt>
      <trkpt lat="44.33832" lon="6.79198">
        <ele>2408.9</ele>
      </trkpt>
      <trkpt lat="44.33826" lon="6.792">
        <ele>2410.9</ele>
      </trkpt>
      <trkpt lat="44.33813" lon="6.79199">
        <ele>2414.0</ele>
      </trkpt>
      <trkpt lat="44.33804" lon="6.79193">
        <ele>2415.0</ele>
      </trkpt>
      <trkpt lat="44.33796" lon="6.79183">
        <ele>2414.9</ele>
      </trkpt>
      <trkpt lat="44.337919" lon="6.79167">
        <ele>2412.5</ele>
      </trkpt>
      <trkpt lat="44.33788" lon="6.79106">
        <ele>2403.6</ele>
      </trkpt>
      <trkpt lat="44.337829" lon="6.7906">
        <ele>2399.3</ele>
      </trkpt>
      <trkpt lat="44.33784" lon="6.79031">
        <ele>2396.6</ele>
      </trkpt>
      <trkpt lat="44.33784" lon="6.78999">
        <ele>2394.0</ele>
      </trkpt>
      <trkpt lat="44.3378" lon="6.78961">
        <ele>2392.8</ele>
      </trkpt>
      <trkpt lat="44.33769" lon="6.78915">
        <ele>2392.3</ele>
      </trkpt>
      <trkpt lat="44.337649" lon="6.78893">
        <ele>2392.7</ele>
      </trkpt>
      <trkpt lat="44.33766" lon="6.78868">
        <ele>2392.0</ele>
      </trkpt>
      <trkpt lat="44.33773" lon="6.78834">
        <ele>2390.1</ele>
      </trkpt>
      <trkpt lat="44.33771" lon="6.78819">
        <ele>2389.9</ele>
      </trkpt>
      <trkpt lat="44.33766" lon="6.78802">
        <ele>2390.1</ele>
      </trkpt>
      <trkpt lat="44.33757" lon="6.78786">
        <ele>2391.1</ele>
      </trkpt>
      <trkpt lat="44.33754" lon="6.78768">
        <ele>2390.9</ele>
      </trkpt>
      <trkpt lat="44.33755" lon="6.78753">
        <ele>2390.2</ele>
      </trkpt>
      <trkpt lat="44.33761" lon="6.78732">
        <ele>2388.7</ele>
      </trkpt>
      <trkpt lat="44.33772" lon="6.78712">
        <ele>2386.2</ele>
      </trkpt>
      <trkpt lat="44.33806" lon="6.78665">
        <ele>2377.9</ele>
      </trkpt>
      <trkpt lat="44.338389" lon="6.78618">
        <ele>2371.3</ele>
      </trkpt>
      <trkpt lat="44.33843" lon="6.78604">
        <ele>2370.8</ele>
      </trkpt>
      <trkpt lat="44.33844" lon="6.78589">
        <ele>2370.7</ele>
      </trkpt>
      <trkpt lat="44.338389" lon="6.78564">
        <ele>2371.1</ele>
      </trkpt>
      <trkpt lat="44.3384" lon="6.78538">
        <ele>2370.7</ele>
      </trkpt>
      <trkpt lat="44.33847" lon="6.78512">
        <ele>2369.5</ele>
      </trkpt>
      <trkpt lat="44.33846" lon="6.78498">
        <ele>2369.5</ele>
      </trkpt>
      <trkpt lat="44.33841" lon="6.78486">
        <ele>2369.9</ele>
      </trkpt>
      <trkpt lat="44.33831" lon="6.78477">
        <ele>2371.1</ele>
      </trkpt>
      <trkpt lat="44.33817" lon="6.78473">
        <ele>2373.4</ele>
      </trkpt>
      <trkpt lat="44.33807" lon="6.78464">
        <ele>2374.8</ele>
      </trkpt>
      <trkpt lat="44.33804" lon="6.78457">
        <ele>2375.0</ele>
      </trkpt>
      <trkpt lat="44.33801" lon="6.78442">
        <ele>2375.0</ele>
      </trkpt>
      <trkpt lat="44.33803" lon="6.78433">
        <ele>2374.5</ele>
      </trkpt>
      <trkpt lat="44.33811" lon="6.78427">
        <ele>2373.2</ele>
      </trkpt>
      <trkpt lat="44.33841" lon="6.78416">
        <ele>2369.1</ele>
      </trkpt>
      <trkpt lat="44.33853" lon="6.78406">
        <ele>2367.7</ele>
      </trkpt>
      <trkpt lat="44.33862" lon="6.78395">
        <ele>2366.7</ele>
      </trkpt>
      <trkpt lat="44.33902" lon="6.78304">
        <ele>2365.0</ele>
      </trkpt>
      <trkpt lat="44.33913" lon="6.78291">
        <ele>2365.0</ele>
      </trkpt>
      <trkpt lat="44.3395" lon="6.78259">
        <ele>2362.6</ele>
      </trkpt>
      <trkpt lat="44.33964" lon="6.7825">
        <ele>2361.0</ele>
      </trkpt>
      <trkpt lat="44.33973" lon="6.78251">
        <ele>2359.5</ele>
      </trkpt>
      <trkpt lat="44.3399" lon="6.78256">
        <ele>2356.3</ele>
      </trkpt>
      <trkpt lat="44.34013" lon="6.78268">
        <ele>2352.4</ele>
      </trkpt>
      <trkpt lat="44.34028" lon="6.78271">
        <ele>2350.4</ele>
      </trkpt>
      <trkpt lat="44.341119" lon="6.78256">
        <ele>2342.3</ele>
      </trkpt>
      <trkpt lat="44.34188" lon="6.78219">
        <ele>2343.3</ele>
      </trkpt>
      <trkpt lat="44.34203" lon="6.78215">
        <ele>2343.4</ele>
      </trkpt>
      <trkpt lat="44.3426" lon="6.78222">
        <ele>2340.3</ele>
      </trkpt>
      <trkpt lat="44.34278" lon="6.78232">
        <ele>2340.4</ele>
      </trkpt>
      <trkpt lat="44.34315" lon="6.78301">
        <ele>2337.0</ele>
      </trkpt>
      <trkpt lat="44.34319" lon="6.78313">
        <ele>2336.1</ele>
      </trkpt>
      <trkpt lat="44.3432" lon="6.78325">
        <ele>2334.8</ele>
      </trkpt>
      <trkpt lat="44.34313" lon="6.78376">
        <ele>2330.1</ele>
      </trkpt>
      <trkpt lat="44.343089" lon="6.78391">
        <ele>2328.7</ele>
      </trkpt>
      <trkpt lat="44.34308" lon="6.78418">
        <ele>2326.6</ele>
      </trkpt>
      <trkpt lat="44.34311" lon="6.78429">
        <ele>2325.6</ele>
      </trkpt>
      <trkpt lat="44.34317" lon="6.78439">
        <ele>2324.6</ele>
      </trkpt>
      <trkpt lat="44.3433" lon="6.78452">
        <ele>2323.3</ele>
      </trkpt>
      <trkpt lat="44.34346" lon="6.78462">
        <ele>2320.8</ele>
      </trkpt>
      <trkpt lat="44.34359" lon="6.78464">
        <ele>2319.3</ele>
      </trkpt>
      <trkpt lat="44.34376" lon="6.78461">
        <ele>2318.2</ele>
      </trkpt>
      <trkpt lat="44.34404" lon="6.78449">
        <ele>2317.8</ele>
      </trkpt>
      <trkpt lat="44.34419" lon="6.78446">
        <ele>2317.1</ele>
      </trkpt>
      <trkpt lat="44.34455" lon="6.78451">
        <ele>2312.9</ele>
      </trkpt>
      <trkpt lat="44.34478" lon="6.78452">
        <ele>2310.6</ele>
      </trkpt>
      <trkpt lat="44.34488" lon="6.78456">
        <ele>2309.3</ele>
      </trkpt>
      <trkpt lat="44.34494" lon="6.78465">
        <ele>2307.8</ele>
      </trkpt>
      <trkpt lat="44.34497" lon="6.78481">
        <ele>2306.0</ele>
      </trkpt>
      <trkpt lat="44.34492" lon="6.78532">
        <ele>2300.5</ele>
      </trkpt>
      <trkpt lat="44.34495" lon="6.78554">
        <ele>2297.8</ele>
      </trkpt>
      <trkpt lat="44.34504" lon="6.78564">
        <ele>2296.5</ele>
      </trkpt>
      <trkpt lat="44.34526" lon="6.78581">
        <ele>2294.9</ele>
      </trkpt>
      <trkpt lat="44.34567" lon="6.78632">
        <ele>2291.9</ele>
      </trkpt>
      <trkpt lat="44.34582" lon="6.78646">
        <ele>2290.7</ele>
      </trkpt>
      <trkpt lat="44.34607" lon="6.78663">
        <ele>2288.9</ele>
      </trkpt>
      <trkpt lat="44.34678" lon="6.78708">
        <ele>2283.0</ele>
      </trkpt>
      <trkpt lat="44.34695" lon="6.78712">
        <ele>2281.2</ele>
      </trkpt>
      <trkpt lat="44.34709" lon="6.7871">
        <ele>2280.1</ele>
      </trkpt>
      <trkpt lat="44.34723" lon="6.78703">
        <ele>2279.2</ele>
      </trkpt>
      <trkpt lat="44.34757" lon="6.78668">
        <ele>2277.4</ele>
      </trkpt>
      <trkpt lat="44.34817" lon="6.786">
        <ele>2267.4</ele>
      </trkpt>
      <trkpt lat="44.34833" lon="6.78579">
        <ele>2264.2</ele>
      </trkpt>
      <trkpt lat="44.34837" lon="6.78568">
        <ele>2262.1</ele>
      </trkpt>
      <trkpt lat="44.34836" lon="6.7856">
        <ele>2260.7</ele>
      </trkpt>
      <trkpt lat="44.34833" lon="6.78553">
        <ele>2259.6</ele>
      </trkpt>
      <trkpt lat="44.34828" lon="6.78549">
        <ele>2259.5</ele>
      </trkpt>
      <trkpt lat="44.34817" lon="6.7855">
        <ele>2261.0</ele>
      </trkpt>
      <trkpt lat="44.34789" lon="6.7856">
        <ele>2265.4</ele>
      </trkpt>
      <trkpt lat="44.34779" lon="6.78558">
        <ele>2266.3</ele>
      </trkpt>
      <trkpt lat="44.34773" lon="6.78549">
        <ele>2266.3</ele>
      </trkpt>
      <trkpt lat="44.3477" lon="6.78532">
        <ele>2265.6</ele>
      </trkpt>
      <trkpt lat="44.34773" lon="6.78518">
        <ele>2264.2</ele>
      </trkpt>
      <trkpt lat="44.34808" lon="6.78468">
        <ele>2252.3</ele>
      </trkpt>
      <trkpt lat="44.34812" lon="6.78453">
        <ele>2249.3</ele>
      </trkpt>
      <trkpt lat="44.34814" lon="6.78427">
        <ele>2245.5</ele>
      </trkpt>
      <trkpt lat="44.34818" lon="6.78421">
        <ele>2242.9</ele>
      </trkpt>
      <trkpt lat="44.34823" lon="6.78421">
        <ele>2240.6</ele>
      </trkpt>
      <trkpt lat="44.34827" lon="6.78425">
        <ele>2239.4</ele>
      </trkpt>
      <trkpt lat="44.34833" lon="6.78454">
        <ele>2241.8</ele>
      </trkpt>
      <trkpt lat="44.34839" lon="6.78469">
        <ele>2243.4</ele>
      </trkpt>
      <trkpt lat="44.34847" lon="6.78483">
        <ele>2244.7</ele>
      </trkpt>
      <trkpt lat="44.34865" lon="6.7849">
        <ele>2243.2</ele>
      </trkpt>
      <trkpt lat="44.34911" lon="6.7849">
        <ele>2236.0</ele>
      </trkpt>
      <trkpt lat="44.34925" lon="6.78493">
        <ele>2233.7</ele>
      </trkpt>
      <trkpt lat="44.3498" lon="6.78534">
        <ele>2228.0</ele>
      </trkpt>
      <trkpt lat="44.34985" lon="6.78533">
        <ele>2226.2</ele>
      </trkpt>
      <trkpt lat="44.34987" lon="6.78528">
        <ele>2224.5</ele>
      </trkpt>
      <trkpt lat="44.34987" lon="6.78521">
        <ele>2223.0</ele>
      </trkpt>
      <trkpt lat="44.34982" lon="6.78514">
        <ele>2223.0</ele>
      </trkpt>
      <trkpt lat="44.34915" lon="6.78453">
        <ele>2224.8</ele>
      </trkpt>
      <trkpt lat="44.34878" lon="6.78404">
        <ele>2221.5</ele>
      </trkpt>
      <trkpt lat="44.34868" lon="6.78389">
        <ele>2221.2</ele>
      </trkpt>
      <trkpt lat="44.34865" lon="6.78378">
        <ele>2219.8</ele>
      </trkpt>
      <trkpt lat="44.34868" lon="6.78361">
        <ele>2216.0</ele>
      </trkpt>
      <trkpt lat="44.34877" lon="6.78357">
        <ele>2213.3</ele>
      </trkpt>
      <trkpt lat="44.3496" lon="6.78354">
        <ele>2197.2</ele>
      </trkpt>
      <trkpt lat="44.34999" lon="6.78345">
        <ele>2189.7</ele>
      </trkpt>
      <trkpt lat="44.35011" lon="6.78346">
        <ele>2187.5</ele>
      </trkpt>
      <trkpt lat="44.35023" lon="6.78352">
        <ele>2185.9</ele>
      </trkpt>
      <trkpt lat="44.35035" lon="6.78369">
        <ele>2185.6</ele>
      </trkpt>
      <trkpt lat="44.35044" lon="6.7839">
        <ele>2186.3</ele>
      </trkpt>
      <trkpt lat="44.35051" lon="6.78413">
        <ele>2187.6</ele>
      </trkpt>
      <trkpt lat="44.35055" lon="6.78441">
        <ele>2190.4</ele>
      </trkpt>
      <trkpt lat="44.35062" lon="6.78453">
        <ele>2190.3</ele>
      </trkpt>
      <trkpt lat="44.35113" lon="6.78489">
        <ele>2182.2</ele>
      </trkpt>
      <trkpt lat="44.35156" lon="6.78511">
        <ele>2173.8</ele>
      </trkpt>
      <trkpt lat="44.35163" lon="6.7851">
        <ele>2172.1</ele>
      </trkpt>
      <trkpt lat="44.3517" lon="6.78504">
        <ele>2170.5</ele>
      </trkpt>
      <trkpt lat="44.35173" lon="6.78496">
        <ele>2169.6</ele>
      </trkpt>
      <trkpt lat="44.35173" lon="6.78487">
        <ele>2169.1</ele>
      </trkpt>
      <trkpt lat="44.35168" lon="6.78476">
        <ele>2169.3</ele>
      </trkpt>
      <trkpt lat="44.351439" lon="6.78458">
        <ele>2173.1</ele>
      </trkpt>
      <trkpt lat="44.3514" lon="6.78444">
        <ele>2172.9</ele>
      </trkpt>
      <trkpt lat="44.35141" lon="6.78432">
        <ele>2171.8</ele>
      </trkpt>
      <trkpt lat="44.35152" lon="6.78399">
        <ele>2167.1</ele>
      </trkpt>
      <trkpt lat="44.35152" lon="6.78336">
        <ele>2161.5</ele>
      </trkpt>
      <trkpt lat="44.35154" lon="6.78302">
        <ele>2160.6</ele>
      </trkpt>
      <trkpt lat="44.35158" lon="6.78285">
        <ele>2160.1</ele>
      </trkpt>
      <trkpt lat="44.351619" lon="6.78277">
        <ele>2159.9</ele>
      </trkpt>
      <trkpt lat="44.35169" lon="6.7827">
        <ele>2159.6</ele>
      </trkpt>
      <trkpt lat="44.35183" lon="6.78265">
        <ele>2159.1</ele>
      </trkpt>
      <trkpt lat="44.35198" lon="6.78268">
        <ele>2156.9</ele>
      </trkpt>
      <trkpt lat="44.35219" lon="6.78282">
        <ele>2153.6</ele>
      </trkpt>
      <trkpt lat="44.35261" lon="6.78317">
        <ele>2147.2</ele>
      </trkpt>
      <trkpt lat="44.35309" lon="6.78353">
        <ele>2141.5</ele>
      </trkpt>
      <trkpt lat="44.35348" lon="6.7836">
        <ele>2136.0</ele>
      </trkpt>
      <trkpt lat="44.35374" lon="6.78353">
        <ele>2132.8</ele>
      </trkpt>
      <trkpt lat="44.35408" lon="6.78337">
        <ele>2129.7</ele>
      </trkpt>
      <trkpt lat="44.35431" lon="6.78334">
        <ele>2126.4</ele>
      </trkpt>
      <trkpt lat="44.35449" lon="6.78327">
        <ele>2124.3</ele>
      </trkpt>
      <trkpt lat="44.35496" lon="6.78273">
        <ele>2125.6</ele>
      </trkpt>
      <trkpt lat="44.35513" lon="6.78263">
        <ele>2125.3</ele>
      </trkpt>
      <trkpt lat="44.35536" lon="6.78256">
        <ele>2124.1</ele>
      </trkpt>
      <trkpt lat="44.35552" lon="6.78256">
        <ele>2122.3</ele>
      </trkpt>
      <trkpt lat="44.35569" lon="6.78258">
        <ele>2120.2</ele>
      </trkpt>
      <trkpt lat="44.35605" lon="6.78269">
        <ele>2116.6</ele>
      </trkpt>
      <trkpt lat="44.35681" lon="6.78328">
        <ele>2102.6</ele>
      </trkpt>
      <trkpt lat="44.35706" lon="6.7834">
        <ele>2100.4</ele>
      </trkpt>
      <trkpt lat="44.35793" lon="6.78362">
        <ele>2093.0</ele>
      </trkpt>
      <trkpt lat="44.35811" lon="6.78358">
        <ele>2090.9</ele>
      </trkpt>
      <trkpt lat="44.358289" lon="6.78347">
        <ele>2089.0</ele>
      </trkpt>
      <trkpt lat="44.35859" lon="6.78307">
        <ele>2093.7</ele>
      </trkpt>
      <trkpt lat="44.35874" lon="6.78297">
        <ele>2095.4</ele>
      </trkpt>
      <trkpt lat="44.35888" lon="6.783">
        <ele>2095.1</ele>
      </trkpt>
      <trkpt lat="44.35899" lon="6.78311">
        <ele>2093.7</ele>
      </trkpt>
      <trkpt lat="44.35953" lon="6.78378">
        <ele>2087.3</ele>
      </trkpt>
      <trkpt lat="44.36001" lon="6.78445">
        <ele>2082.1</ele>
      </trkpt>
      <trkpt lat="44.36011" lon="6.78464">
        <ele>2081.8</ele>
      </trkpt>
      <trkpt lat="44.36018" lon="6.78488">
        <ele>2081.0</ele>
      </trkpt>
      <trkpt lat="44.36022" lon="6.78509">
        <ele>2080.4</ele>
      </trkpt>
      <trkpt lat="44.36027" lon="6.78543">
        <ele>2079.5</ele>
      </trkpt>
      <trkpt lat="44.36031" lon="6.78552">
        <ele>2079.2</ele>
      </trkpt>
      <trkpt lat="44.36059" lon="6.78563">
        <ele>2078.1</ele>
      </trkpt>
      <trkpt lat="44.360819" lon="6.7859">
        <ele>2073.6</ele>
      </trkpt>
      <trkpt lat="44.36103" lon="6.78608">
        <ele>2074.8</ele>
      </trkpt>
      <trkpt lat="44.361109" lon="6.7862">
        <ele>2074.4</ele>
      </trkpt>
      <trkpt lat="44.36114" lon="6.78633">
        <ele>2073.6</ele>
      </trkpt>
      <trkpt lat="44.36118" lon="6.78662">
        <ele>2071.2</ele>
      </trkpt>
      <trkpt lat="44.36126" lon="6.78684">
        <ele>2070.3</ele>
      </trkpt>
      <trkpt lat="44.36145" lon="6.78711">
        <ele>2065.3</ele>
      </trkpt>
      <trkpt lat="44.36164" lon="6.78732">
        <ele>2057.4</ele>
      </trkpt>
      <trkpt lat="44.36186" lon="6.78751">
        <ele>2054.5</ele>
      </trkpt>
      <trkpt lat="44.36198" lon="6.78757">
        <ele>2055.0</ele>
      </trkpt>
      <trkpt lat="44.36266" lon="6.78779">
        <ele>2054.3</ele>
      </trkpt>
      <trkpt lat="44.36278" lon="6.78785">
        <ele>2054.5</ele>
      </trkpt>
      <trkpt lat="44.3632" lon="6.78812">
        <ele>2058.2</ele>
      </trkpt>
      <trkpt lat="44.36334" lon="6.78818">
        <ele>2059.5</ele>
      </trkpt>
      <trkpt lat="44.36376" lon="6.78802">
        <ele>2052.8</ele>
      </trkpt>
      <trkpt lat="44.36384" lon="6.78803">
        <ele>2052.5</ele>
      </trkpt>
      <trkpt lat="44.36398" lon="6.7881">
        <ele>2054.2</ele>
      </trkpt>
      <trkpt lat="44.36407" lon="6.78811">
        <ele>2054.1</ele>
      </trkpt>
      <trkpt lat="44.36444" lon="6.78795">
        <ele>2040.7</ele>
      </trkpt>
      <trkpt lat="44.36454" lon="6.78794">
        <ele>2038.1</ele>
      </trkpt>
      <trkpt lat="44.36464" lon="6.78797">
        <ele>2037.0</ele>
      </trkpt>
      <trkpt lat="44.36482" lon="6.78811">
        <ele>2037.8</ele>
      </trkpt>
      <trkpt lat="44.36497" lon="6.78834">
        <ele>2042.1</ele>
      </trkpt>
      <trkpt lat="44.36508" lon="6.78845">
        <ele>2044.3</ele>
      </trkpt>
      <trkpt lat="44.36526" lon="6.78855">
        <ele>2045.0</ele>
      </trkpt>
      <trkpt lat="44.36546" lon="6.78861">
        <ele>2043.7</ele>
      </trkpt>
      <trkpt lat="44.36583" lon="6.78863">
        <ele>2037.4</ele>
      </trkpt>
      <trkpt lat="44.36603" lon="6.7887">
        <ele>2040.1</ele>
      </trkpt>
      <trkpt lat="44.36619" lon="6.78867">
        <ele>2038.1</ele>
      </trkpt>
      <trkpt lat="44.36632" lon="6.78861">
        <ele>2035.1</ele>
      </trkpt>
      <trkpt lat="44.36645" lon="6.78851">
        <ele>2031.0</ele>
      </trkpt>
      <trkpt lat="44.36677" lon="6.78839">
        <ele>2027.9</ele>
      </trkpt>
      <trkpt lat="44.36688" lon="6.78831">
        <ele>2026.4</ele>
      </trkpt>
      <trkpt lat="44.36704" lon="6.78802">
        <ele>2020.7</ele>
      </trkpt>
      <trkpt lat="44.36736" lon="6.78764">
        <ele>2014.7</ele>
      </trkpt>
      <trkpt lat="44.36745" lon="6.78758">
        <ele>2014.3</ele>
      </trkpt>
      <trkpt lat="44.367759" lon="6.78742">
        <ele>2013.2</ele>
      </trkpt>
      <trkpt lat="44.36789" lon="6.7873">
        <ele>2010.7</ele>
      </trkpt>
      <trkpt lat="44.36804" lon="6.78721">
        <ele>2009.4</ele>
      </trkpt>
      <trkpt lat="44.36846" lon="6.78705">
        <ele>2008.2</ele>
      </trkpt>
      <trkpt lat="44.36876" lon="6.78699">
        <ele>2008.3</ele>
      </trkpt>
      <trkpt lat="44.3688" lon="6.7869">
        <ele>2005.9</ele>
      </trkpt>
      <trkpt lat="44.36878" lon="6.78682">
        <ele>2003.3</ele>
      </trkpt>
      <trkpt lat="44.36874" lon="6.7868">
        <ele>2002.4</ele>
      </trkpt>
      <trkpt lat="44.36822" lon="6.78681">
        <ele>1998.4</ele>
      </trkpt>
      <trkpt lat="44.36772" lon="6.78675">
        <ele>1991.1</ele>
      </trkpt>
      <trkpt lat="44.36757" lon="6.78679">
        <ele>1990.8</ele>
      </trkpt>
      <trkpt lat="44.3674" lon="6.78688">
        <ele>1992.3</ele>
      </trkpt>
      <trkpt lat="44.36731" lon="6.7869">
        <ele>1992.4</ele>
      </trkpt>
      <trkpt lat="44.36724" lon="6.78688">
        <ele>1991.4</ele>
      </trkpt>
      <trkpt lat="44.367" lon="6.78675">
        <ele>1986.5</ele>
      </trkpt>
      <trkpt lat="44.36689" lon="6.78672">
        <ele>1985.2</ele>
      </trkpt>
      <trkpt lat="44.36675" lon="6.78674">
        <ele>1985.1</ele>
      </trkpt>
      <trkpt lat="44.36657" lon="6.78683">
        <ele>1985.9</ele>
      </trkpt>
      <trkpt lat="44.36649" lon="6.78679">
        <ele>1984.1</ele>
      </trkpt>
      <trkpt lat="44.36648" lon="6.78667">
        <ele>1981.1</ele>
      </trkpt>
      <trkpt lat="44.36652" lon="6.78661">
        <ele>1980.5</ele>
      </trkpt>
      <trkpt lat="44.36657" lon="6.78656">
        <ele>1980.2</ele>
      </trkpt>
      <trkpt lat="44.36675" lon="6.78649">
        <ele>1980.2</ele>
      </trkpt>
      <trkpt lat="44.367199" lon="6.7864">
        <ele>1979.6</ele>
      </trkpt>
      <trkpt lat="44.36743" lon="6.7863">
        <ele>1978.0</ele>
      </trkpt>
      <trkpt lat="44.36787" lon="6.78601">
        <ele>1972.3</ele>
      </trkpt>
      <trkpt lat="44.3682" lon="6.78592">
        <ele>1969.9</ele>
      </trkpt>
      <trkpt lat="44.36842" lon="6.78568">
        <ele>1964.1</ele>
      </trkpt>
      <trkpt lat="44.36871" lon="6.78543">
        <ele>1960.5</ele>
      </trkpt>
      <trkpt lat="44.36901" lon="6.78535">
        <ele>1960.9</ele>
      </trkpt>
      <trkpt lat="44.36912" lon="6.78529">
        <ele>1960.3</ele>
      </trkpt>
      <trkpt lat="44.3692" lon="6.78519">
        <ele>1958.8</ele>
      </trkpt>
      <trkpt lat="44.36925" lon="6.78509">
        <ele>1957.3</ele>
      </trkpt>
      <trkpt lat="44.36931" lon="6.78485">
        <ele>1953.4</ele>
      </trkpt>
      <trkpt lat="44.36957" lon="6.78462">
        <ele>1952.5</ele>
      </trkpt>
      <trkpt lat="44.37003" lon="6.78415">
        <ele>1948.4</ele>
      </trkpt>
      <trkpt lat="44.37016" lon="6.78396">
        <ele>1947.8</ele>
      </trkpt>
      <trkpt lat="44.37034" lon="6.78356">
        <ele>1943.2</ele>
      </trkpt>
      <trkpt lat="44.370579" lon="6.7831">
        <ele>1937.7</ele>
      </trkpt>
      <trkpt lat="44.37088" lon="6.78271">
        <ele>1930.7</ele>
      </trkpt>
      <trkpt lat="44.371339" lon="6.78237">
        <ele>1926.5</ele>
      </trkpt>
      <trkpt lat="44.37153" lon="6.78225">
        <ele>1924.8</ele>
      </trkpt>
      <trkpt lat="44.37173" lon="6.78218">
        <ele>1923.1</ele>
      </trkpt>
      <trkpt lat="44.3721" lon="6.78214">
        <ele>1920.9</ele>
      </trkpt>
      <trkpt lat="44.37229" lon="6.78204">
        <ele>1917.0</ele>
      </trkpt>
      <trkpt lat="44.3727" lon="6.78192">
        <ele>1906.1</ele>
      </trkpt>
      <trkpt lat="44.37285" lon="6.78193">
        <ele>1902.1</ele>
      </trkpt>
      <trkpt lat="44.37303" lon="6.78202">
        <ele>1900.0</ele>
      </trkpt>
      <trkpt lat="44.373399" lon="6.78238">
        <ele>1902.6</ele>
      </trkpt>
      <trkpt lat="44.37362" lon="6.78249">
        <ele>1902.5</ele>
      </trkpt>
      <trkpt lat="44.37391" lon="6.78255">
        <ele>1900.4</ele>
      </trkpt>
      <trkpt lat="44.37441" lon="6.78255">
        <ele>1894.5</ele>
      </trkpt>
      <trkpt lat="44.37492" lon="6.78255">
        <ele>1891.8</ele>
      </trkpt>
      <trkpt lat="44.3751" lon="6.78249">
        <ele>1889.2</ele>
      </trkpt>
      <trkpt lat="44.37536" lon="6.78233">
        <ele>1886.0</ele>
      </trkpt>
      <trkpt lat="44.37557" lon="6.78224">
        <ele>1884.7</ele>
      </trkpt>
      <trkpt lat="44.37587" lon="6.78217">
        <ele>1885.1</ele>
      </trkpt>
      <trkpt lat="44.37609" lon="6.78204">
        <ele>1886.1</ele>
      </trkpt>
      <trkpt lat="44.37627" lon="6.78186">
        <ele>1884.0</ele>
      </trkpt>
      <trkpt lat="44.37651" lon="6.78154">
        <ele>1876.8</ele>
      </trkpt>
      <trkpt lat="44.37675" lon="6.78133">
        <ele>1869.9</ele>
      </trkpt>
      <trkpt lat="44.37698" lon="6.78118">
        <ele>1861.2</ele>
      </trkpt>
      <trkpt lat="44.37719" lon="6.78114">
        <ele>1857.1</ele>
      </trkpt>
      <trkpt lat="44.3774" lon="6.78115">
        <ele>1855.1</ele>
      </trkpt>
      <trkpt lat="44.37758" lon="6.78122">
        <ele>1855.4</ele>
      </trkpt>
      <trkpt lat="44.37798" lon="6.78164">
        <ele>1862.7</ele>
      </trkpt>
      <trkpt lat="44.37822" lon="6.78178">
        <ele>1860.1</ele>
      </trkpt>
      <trkpt lat="44.37854" lon="6.78186">
        <ele>1856.6</ele>
      </trkpt>
      <trkpt lat="44.37909" lon="6.78191">
        <ele>1851.5</ele>
      </trkpt>
      <trkpt lat="44.37964" lon="6.78196">
        <ele>1849.8</ele>
      </trkpt>
      <trkpt lat="44.3799" lon="6.78191">
        <ele>1845.9</ele>
      </trkpt>
      <trkpt lat="44.38039" lon="6.78174">
        <ele>1838.5</ele>
      </trkpt>
      <trkpt lat="44.38076" lon="6.78154">
        <ele>1833.9</ele>
      </trkpt>
      <trkpt lat="44.38096" lon="6.78149">
        <ele>1832.4</ele>
      </trkpt>
      <trkpt lat="44.38157" lon="6.78159">
        <ele>1832.4</ele>
      </trkpt>
      <trkpt lat="44.38178" lon="6.78154">
        <ele>1829.2</ele>
      </trkpt>
      <trkpt lat="44.381839" lon="6.78151">
        <ele>1827.6</ele>
      </trkpt>
      <trkpt lat="44.38186" lon="6.78144">
        <ele>1825.5</ele>
      </trkpt>
      <trkpt lat="44.38186" lon="6.78138">
        <ele>1823.9</ele>
      </trkpt>
      <trkpt lat="44.38181" lon="6.7813">
        <ele>1822.4</ele>
      </trkpt>
      <trkpt lat="44.38152" lon="6.78125">
        <ele>1823.8</ele>
      </trkpt>
      <trkpt lat="44.38146" lon="6.7812">
        <ele>1822.8</ele>
      </trkpt>
      <trkpt lat="44.38125" lon="6.78097">
        <ele>1818.4</ele>
      </trkpt>
      <trkpt lat="44.38108" lon="6.78081">
        <ele>1815.7</ele>
      </trkpt>
      <trkpt lat="44.38095" lon="6.78075">
        <ele>1815.3</ele>
      </trkpt>
      <trkpt lat="44.380809" lon="6.78075">
        <ele>1816.1</ele>
      </trkpt>
      <trkpt lat="44.38067" lon="6.78078">
        <ele>1816.1</ele>
      </trkpt>
      <trkpt lat="44.38061" lon="6.78074">
        <ele>1815.0</ele>
      </trkpt>
      <trkpt lat="44.3806" lon="6.78068">
        <ele>1813.7</ele>
      </trkpt>
      <trkpt lat="44.38061" lon="6.78059">
        <ele>1811.9</ele>
      </trkpt>
      <trkpt lat="44.38066" lon="6.78054">
        <ele>1811.1</ele>
      </trkpt>
      <trkpt lat="44.38088" lon="6.78053">
        <ele>1811.1</ele>
      </trkpt>
      <trkpt lat="44.38118" lon="6.78035">
        <ele>1804.3</ele>
      </trkpt>
      <trkpt lat="44.38132" lon="6.78035">
        <ele>1803.0</ele>
      </trkpt>
      <trkpt lat="44.38148" lon="6.78044">
        <ele>1803.7</ele>
      </trkpt>
      <trkpt lat="44.38158" lon="6.78046">
        <ele>1803.4</ele>
      </trkpt>
      <trkpt lat="44.38173" lon="6.78042">
        <ele>1801.2</ele>
      </trkpt>
      <trkpt lat="44.38189" lon="6.78034">
        <ele>1798.4</ele>
      </trkpt>
      <trkpt lat="44.38207" lon="6.7803">
        <ele>1796.6</ele>
      </trkpt>
      <trkpt lat="44.38252" lon="6.78028">
        <ele>1794.2</ele>
      </trkpt>
      <trkpt lat="44.38261" lon="6.78033">
        <ele>1794.4</ele>
      </trkpt>
      <trkpt lat="44.38274" lon="6.78053">
        <ele>1796.9</ele>
      </trkpt>
      <trkpt lat="44.38285" lon="6.7806">
        <ele>1797.9</ele>
      </trkpt>
      <trkpt lat="44.38298" lon="6.78057">
        <ele>1797.2</ele>
      </trkpt>
      <trkpt lat="44.3832" lon="6.78043">
        <ele>1793.8</ele>
      </trkpt>
      <trkpt lat="44.38335" lon="6.78041">
        <ele>1792.8</ele>
      </trkpt>
      <trkpt lat="44.38355" lon="6.78048">
        <ele>1794.2</ele>
      </trkpt>
      <trkpt lat="44.38362" lon="6.78053">
        <ele>1795.4</ele>
      </trkpt>
      <trkpt lat="44.38369" lon="6.78052">
        <ele>1795.1</ele>
      </trkpt>
      <trkpt lat="44.38377" lon="6.78046">
        <ele>1793.4</ele>
      </trkpt>
      <trkpt lat="44.38394" lon="6.78028">
        <ele>1788.0</ele>
      </trkpt>
      <trkpt lat="44.38456" lon="6.77991">
        <ele>1778.1</ele>
      </trkpt>
      <trkpt lat="44.38468" lon="6.77988">
        <ele>1777.8</ele>
      </trkpt>
      <trkpt lat="44.38477" lon="6.77994">
        <ele>1778.8</ele>
      </trkpt>
      <trkpt lat="44.38494" lon="6.78025">
        <ele>1785.5</ele>
      </trkpt>
      <trkpt lat="44.38501" lon="6.78035">
        <ele>1787.3</ele>
      </trkpt>
      <trkpt lat="44.38512" lon="6.7804">
        <ele>1786.2</ele>
      </trkpt>
      <trkpt lat="44.38562" lon="6.78044">
        <ele>1777.7</ele>
      </trkpt>
      <trkpt lat="44.38604" lon="6.78038">
        <ele>1764.2</ele>
      </trkpt>
      <trkpt lat="44.38623" lon="6.78052">
        <ele>1765.4</ele>
      </trkpt>
      <trkpt lat="44.38646" lon="6.78061">
        <ele>1763.2</ele>
      </trkpt>
      <trkpt lat="44.386809" lon="6.781">
        <ele>1774.9</ele>
      </trkpt>
      <trkpt lat="44.38694" lon="6.78102">
        <ele>1773.1</ele>
      </trkpt>
      <trkpt lat="44.38709" lon="6.78101">
        <ele>1769.3</ele>
      </trkpt>
      <trkpt lat="44.38723" lon="6.78089">
        <ele>1760.3</ele>
      </trkpt>
      <trkpt lat="44.38737" lon="6.78081">
        <ele>1753.7</ele>
      </trkpt>
      <trkpt lat="44.3875" lon="6.78078">
        <ele>1750.0</ele>
      </trkpt>
      <trkpt lat="44.3877" lon="6.78077">
        <ele>1748.8</ele>
      </trkpt>
      <trkpt lat="44.38809" lon="6.78061">
        <ele>1742.0</ele>
      </trkpt>
      <trkpt lat="44.38891" lon="6.78057">
        <ele>1734.7</ele>
      </trkpt>
      <trkpt lat="44.389069" lon="6.78064">
        <ele>1735.1</ele>
      </trkpt>
      <trkpt lat="44.38914" lon="6.78075">
        <ele>1737.2</ele>
      </trkpt>
      <trkpt lat="44.38921" lon="6.7808">
        <ele>1737.1</ele>
      </trkpt>
      <trkpt lat="44.38926" lon="6.78078">
        <ele>1735.4</ele>
      </trkpt>
      <trkpt lat="44.38928" lon="6.78073">
        <ele>1733.7</ele>
      </trkpt>
      <trkpt lat="44.38928" lon="6.78068">
        <ele>1732.5</ele>
      </trkpt>
      <trkpt lat="44.38926" lon="6.78063">
        <ele>1731.7</ele>
      </trkpt>
      <trkpt lat="44.38913" lon="6.78049">
        <ele>1730.7</ele>
      </trkpt>
      <trkpt lat="44.38882" lon="6.78022">
        <ele>1726.1</ele>
      </trkpt>
      <trkpt lat="44.38853" lon="6.78013">
        <ele>1725.6</ele>
      </trkpt>
      <trkpt lat="44.38812" lon="6.78012">
        <ele>1726.3</ele>
      </trkpt>
      <trkpt lat="44.38803" lon="6.78008">
        <ele>1724.9</ele>
      </trkpt>
      <trkpt lat="44.38783" lon="6.77992">
        <ele>1719.0</ele>
      </trkpt>
      <trkpt lat="44.38773" lon="6.77993">
        <ele>1719.1</ele>
      </trkpt>
      <trkpt lat="44.3876" lon="6.78">
        <ele>1721.2</ele>
      </trkpt>
      <trkpt lat="44.38754" lon="6.77995">
        <ele>1719.3</ele>
      </trkpt>
      <trkpt lat="44.38751" lon="6.77988">
        <ele>1716.7</ele>
      </trkpt>
      <trkpt lat="44.38754" lon="6.77979">
        <ele>1713.6</ele>
      </trkpt>
      <trkpt lat="44.38788" lon="6.77967">
        <ele>1710.4</ele>
      </trkpt>
      <trkpt lat="44.38796" lon="6.77968">
        <ele>1711.0</ele>
      </trkpt>
      <trkpt lat="44.388039" lon="6.77975">
        <ele>1713.7</ele>
      </trkpt>
      <trkpt lat="44.38814" lon="6.77978">
        <ele>1715.0</ele>
      </trkpt>
      <trkpt lat="44.38821" lon="6.77978">
        <ele>1715.2</ele>
      </trkpt>
      <trkpt lat="44.3883" lon="6.77974">
        <ele>1714.2</ele>
      </trkpt>
      <trkpt lat="44.38841" lon="6.77967">
        <ele>1711.8</ele>
      </trkpt>
      <trkpt lat="44.388509" lon="6.77951">
        <ele>1706.6</ele>
      </trkpt>
      <trkpt lat="44.38866" lon="6.77912">
        <ele>1695.2</ele>
      </trkpt>
      <trkpt lat="44.38875" lon="6.779">
        <ele>1692.1</ele>
      </trkpt>
      <trkpt lat="44.38887" lon="6.77897">
        <ele>1691.8</ele>
      </trkpt>
      <trkpt lat="44.38896" lon="6.77898">
        <ele>1692.5</ele>
      </trkpt>
      <trkpt lat="44.3891" lon="6.7791">
        <ele>1696.7</ele>
      </trkpt>
      <trkpt lat="44.389249" lon="6.77936">
        <ele>1701.8</ele>
      </trkpt>
      <trkpt lat="44.38935" lon="6.77946">
        <ele>1702.1</ele>
      </trkpt>
      <trkpt lat="44.38941" lon="6.77947">
        <ele>1701.1</ele>
      </trkpt>
      <trkpt lat="44.38946" lon="6.77944">
        <ele>1699.5</ele>
      </trkpt>
      <trkpt lat="44.38946" lon="6.77933">
        <ele>1697.0</ele>
      </trkpt>
      <trkpt lat="44.38943" lon="6.77925">
        <ele>1695.8</ele>
      </trkpt>
      <trkpt lat="44.38913" lon="6.77868">
        <ele>1684.3</ele>
      </trkpt>
      <trkpt lat="44.38894" lon="6.77829">
        <ele>1671.7</ele>
      </trkpt>
      <trkpt lat="44.38884" lon="6.77824">
        <ele>1669.8</ele>
      </trkpt>
      <trkpt lat="44.38873" lon="6.77826">
        <ele>1670.2</ele>
      </trkpt>
      <trkpt lat="44.388599" lon="6.77836">
        <ele>1672.7</ele>
      </trkpt>
      <trkpt lat="44.38848" lon="6.77851">
        <ele>1676.7</ele>
      </trkpt>
      <trkpt lat="44.388219" lon="6.7787">
        <ele>1680.8</ele>
      </trkpt>
      <trkpt lat="44.388129" lon="6.7787">
        <ele>1680.2</ele>
      </trkpt>
      <trkpt lat="44.38809" lon="6.77867">
        <ele>1679.0</ele>
      </trkpt>
      <trkpt lat="44.38807" lon="6.77859">
        <ele>1676.5</ele>
      </trkpt>
      <trkpt lat="44.388129" lon="6.77853">
        <ele>1675.1</ele>
      </trkpt>
      <trkpt lat="44.388219" lon="6.7785">
        <ele>1674.9</ele>
      </trkpt>
      <trkpt lat="44.38834" lon="6.77842">
        <ele>1673.5</ele>
      </trkpt>
      <trkpt lat="44.38853" lon="6.77813">
        <ele>1665.9</ele>
      </trkpt>
      <trkpt lat="44.38867" lon="6.77797">
        <ele>1661.2</ele>
      </trkpt>
      <trkpt lat="44.38877" lon="6.7779">
        <ele>1659.0</ele>
      </trkpt>
      <trkpt lat="44.38887" lon="6.77789">
        <ele>1658.5</ele>
      </trkpt>
      <trkpt lat="44.38908" lon="6.77798">
        <ele>1661.3</ele>
      </trkpt>
      <trkpt lat="44.38937" lon="6.7782">
        <ele>1666.7</ele>
      </trkpt>
      <trkpt lat="44.38948" lon="6.77824">
        <ele>1665.1</ele>
      </trkpt>
      <trkpt lat="44.38964" lon="6.77821">
        <ele>1662.8</ele>
      </trkpt>
      <trkpt lat="44.38995" lon="6.77814">
        <ele>1658.5</ele>
      </trkpt>
      <trkpt lat="44.39022" lon="6.77785">
        <ele>1653.8</ele>
      </trkpt>
      <trkpt lat="44.39035" lon="6.77777">
        <ele>1653.3</ele>
      </trkpt>
      <trkpt lat="44.39052" lon="6.77773">
        <ele>1654.3</ele>
      </trkpt>
      <trkpt lat="44.39069" lon="6.77765">
        <ele>1653.9</ele>
      </trkpt>
      <trkpt lat="44.39109" lon="6.77725">
        <ele>1650.4</ele>
      </trkpt>
      <trkpt lat="44.39121" lon="6.77701">
        <ele>1649.0</ele>
      </trkpt>
      <trkpt lat="44.39126" lon="6.77686">
        <ele>1647.9</ele>
      </trkpt>
      <trkpt lat="44.39133" lon="6.77651">
        <ele>1644.9</ele>
      </trkpt>
      <trkpt lat="44.3915" lon="6.776">
        <ele>1642.2</ele>
      </trkpt>
      <trkpt lat="44.39154" lon="6.77549">
        <ele>1634.1</ele>
      </trkpt>
      <trkpt lat="44.39164" lon="6.77523">
        <ele>1631.1</ele>
      </trkpt>
      <trkpt lat="44.39181" lon="6.77502">
        <ele>1631.4</ele>
      </trkpt>
      <trkpt lat="44.39201" lon="6.77484">
        <ele>1632.9</ele>
      </trkpt>
      <trkpt lat="44.39214" lon="6.77465">
        <ele>1632.3</ele>
      </trkpt>
      <trkpt lat="44.392449" lon="6.77399">
        <ele>1626.6</ele>
      </trkpt>
      <trkpt lat="44.39277" lon="6.77333">
        <ele>1623.0</ele>
      </trkpt>
      <trkpt lat="44.39284" lon="6.77313">
        <ele>1621.6</ele>
      </trkpt>
      <trkpt lat="44.39302" lon="6.77231">
        <ele>1611.0</ele>
      </trkpt>
      <trkpt lat="44.39311" lon="6.77211">
        <ele>1609.5</ele>
      </trkpt>
      <trkpt lat="44.39346" lon="6.77153">
        <ele>1606.2</ele>
      </trkpt>
      <trkpt lat="44.3938" lon="6.77111">
        <ele>1604.4</ele>
      </trkpt>
      <trkpt lat="44.39414" lon="6.77068">
        <ele>1601.7</ele>
      </trkpt>
      <trkpt lat="44.39431" lon="6.77044">
        <ele>1600.5</ele>
      </trkpt>
      <trkpt lat="44.39445" lon="6.77008">
        <ele>1596.3</ele>
      </trkpt>
      <trkpt lat="44.39455" lon="6.76969">
        <ele>1592.4</ele>
      </trkpt>
      <trkpt lat="44.39461" lon="6.76917">
        <ele>1586.5</ele>
      </trkpt>
      <trkpt lat="44.39466" lon="6.76888">
        <ele>1583.9</ele>
      </trkpt>
      <trkpt lat="44.39476" lon="6.76857">
        <ele>1582.1</ele>
      </trkpt>
      <trkpt lat="44.39487" lon="6.76832">
        <ele>1581.3</ele>
      </trkpt>
      <trkpt lat="44.39502" lon="6.76808">
        <ele>1580.4</ele>
      </trkpt>
      <trkpt lat="44.39548" lon="6.76762">
        <ele>1575.0</ele>
      </trkpt>
      <trkpt lat="44.39575" lon="6.76739">
        <ele>1571.9</ele>
      </trkpt>
      <trkpt lat="44.396009" lon="6.76733">
        <ele>1570.5</ele>
      </trkpt>
      <trkpt lat="44.39627" lon="6.76736">
        <ele>1570.0</ele>
      </trkpt>
      <trkpt lat="44.39661" lon="6.76743">
        <ele>1570.0</ele>
      </trkpt>
      <trkpt lat="44.39712" lon="6.76735">
        <ele>1560.5</ele>
      </trkpt>
      <trkpt lat="44.3973" lon="6.76742">
        <ele>1558.1</ele>
      </trkpt>
      <trkpt lat="44.39755" lon="6.76774">
        <ele>1557.4</ele>
      </trkpt>
      <trkpt lat="44.39807" lon="6.76864">
        <ele>1556.2</ele>
      </trkpt>
      <trkpt lat="44.3982" lon="6.76879">
        <ele>1554.3</ele>
      </trkpt>
      <trkpt lat="44.39834" lon="6.76887">
        <ele>1551.0</ele>
      </trkpt>
      <trkpt lat="44.39859" lon="6.76891">
        <ele>1549.8</ele>
      </trkpt>
      <trkpt lat="44.39877" lon="6.76888">
        <ele>1548.0</ele>
      </trkpt>
      <trkpt lat="44.39894" lon="6.76876">
        <ele>1544.6</ele>
      </trkpt>
      <trkpt lat="44.39937" lon="6.76823">
        <ele>1533.8</ele>
      </trkpt>
      <trkpt lat="44.39954" lon="6.7681">
        <ele>1533.0</ele>
      </trkpt>
      <trkpt lat="44.39998" lon="6.76789">
        <ele>1532.5</ele>
      </trkpt>
      <trkpt lat="44.40017" lon="6.7677">
        <ele>1531.8</ele>
      </trkpt>
      <trkpt lat="44.40062" lon="6.76717">
        <ele>1526.2</ele>
      </trkpt>
      <trkpt lat="44.40096" lon="6.76664">
        <ele>1518.1</ele>
      </trkpt>
      <trkpt lat="44.4013" lon="6.76611">
        <ele>1511.4</ele>
      </trkpt>
      <trkpt lat="44.40148" lon="6.76598">
        <ele>1510.4</ele>
      </trkpt>
      <trkpt lat="44.40171" lon="6.76593">
        <ele>1511.6</ele>
      </trkpt>
      <trkpt lat="44.40203" lon="6.76598">
        <ele>1515.2</ele>
      </trkpt>
      <trkpt lat="44.402209" lon="6.76593">
        <ele>1515.8</ele>
      </trkpt>
      <trkpt lat="44.40229" lon="6.76588">
        <ele>1515.7</ele>
      </trkpt>
      <trkpt lat="44.40237" lon="6.76575">
        <ele>1514.3</ele>
      </trkpt>
      <trkpt lat="44.40244" lon="6.76557">
        <ele>1511.7</ele>
      </trkpt>
      <trkpt lat="44.40264" lon="6.76454">
        <ele>1499.8</ele>
      </trkpt>
      <trkpt lat="44.40274" lon="6.76415">
        <ele>1497.2</ele>
      </trkpt>
      <trkpt lat="44.40316" lon="6.76318">
        <ele>1496.2</ele>
      </trkpt>
      <trkpt lat="44.40336" lon="6.76255">
        <ele>1490.9</ele>
      </trkpt>
      <trkpt lat="44.4034" lon="6.76224">
        <ele>1488.8</ele>
      </trkpt>
      <trkpt lat="44.40345" lon="6.76131">
        <ele>1479.7</ele>
      </trkpt>
      <trkpt lat="44.40354" lon="6.761">
        <ele>1477.2</ele>
      </trkpt>
      <trkpt lat="44.40367" lon="6.7608">
        <ele>1476.2</ele>
      </trkpt>
      <trkpt lat="44.40381" lon="6.7607">
        <ele>1475.8</ele>
      </trkpt>
      <trkpt lat="44.40415" lon="6.7606">
        <ele>1479.3</ele>
      </trkpt>
      <trkpt lat="44.40437" lon="6.76051">
        <ele>1480.9</ele>
      </trkpt>
      <trkpt lat="44.404559" lon="6.76031">
        <ele>1478.8</ele>
      </trkpt>
      <trkpt lat="44.40506" lon="6.75941">
        <ele>1472.2</ele>
      </trkpt>
      <trkpt lat="44.40514" lon="6.75903">
        <ele>1468.8</ele>
      </trkpt>
      <trkpt lat="44.40514" lon="6.75865">
        <ele>1465.8</ele>
      </trkpt>
      <trkpt lat="44.40502" lon="6.75803">
        <ele>1458.4</ele>
      </trkpt>
      <trkpt lat="44.405" lon="6.75761">
        <ele>1454.1</ele>
      </trkpt>
      <trkpt lat="44.4051" lon="6.75732">
        <ele>1450.5</ele>
      </trkpt>
      <trkpt lat="44.40552" lon="6.75658">
        <ele>1445.8</ele>
      </trkpt>
      <trkpt lat="44.4056" lon="6.75632">
        <ele>1445.5</ele>
      </trkpt>
      <trkpt lat="44.40562" lon="6.75601">
        <ele>1443.2</ele>
      </trkpt>
      <trkpt lat="44.40558" lon="6.7555">
        <ele>1436.4</ele>
      </trkpt>
      <trkpt lat="44.40562" lon="6.75514">
        <ele>1434.5</ele>
      </trkpt>
      <trkpt lat="44.4057" lon="6.75487">
        <ele>1434.0</ele>
      </trkpt>
      <trkpt lat="44.40587" lon="6.75464">
        <ele>1435.2</ele>
      </trkpt>
      <trkpt lat="44.40607" lon="6.75455">
        <ele>1433.2</ele>
      </trkpt>
      <trkpt lat="44.40625" lon="6.75458">
        <ele>1433.7</ele>
      </trkpt>
      <trkpt lat="44.40634" lon="6.75463">
        <ele>1434.4</ele>
      </trkpt>
      <trkpt lat="44.40641" lon="6.75472">
        <ele>1435.6</ele>
      </trkpt>
      <trkpt lat="44.40661" lon="6.75517">
        <ele>1440.5</ele>
      </trkpt>
      <trkpt lat="44.406709" lon="6.75531">
        <ele>1441.7</ele>
      </trkpt>
      <trkpt lat="44.40685" lon="6.75539">
        <ele>1441.5</ele>
      </trkpt>
      <trkpt lat="44.40697" lon="6.75539">
        <ele>1440.5</ele>
      </trkpt>
      <trkpt lat="44.4071" lon="6.75528">
        <ele>1438.1</ele>
      </trkpt>
      <trkpt lat="44.40716" lon="6.75518">
        <ele>1436.4</ele>
      </trkpt>
      <trkpt lat="44.40729" lon="6.75459">
        <ele>1431.7</ele>
      </trkpt>
      <trkpt lat="44.40734" lon="6.75445">
        <ele>1430.9</ele>
      </trkpt>
      <trkpt lat="44.40744" lon="6.75432">
        <ele>1430.4</ele>
      </trkpt>
      <trkpt lat="44.407559" lon="6.75422">
        <ele>1429.9</ele>
      </trkpt>
      <trkpt lat="44.40782" lon="6.7541">
        <ele>1427.8</ele>
      </trkpt>
      <trkpt lat="44.40814" lon="6.75409">
        <ele>1426.0</ele>
      </trkpt>
      <trkpt lat="44.40842" lon="6.75395">
        <ele>1423.2</ele>
      </trkpt>
      <trkpt lat="44.4088" lon="6.75352">
        <ele>1416.9</ele>
      </trkpt>
      <trkpt lat="44.40904" lon="6.7534">
        <ele>1414.5</ele>
      </trkpt>
      <trkpt lat="44.40964" lon="6.75342">
        <ele>1409.6</ele>
      </trkpt>
      <trkpt lat="44.40981" lon="6.75338">
        <ele>1407.0</ele>
      </trkpt>
      <trkpt lat="44.410179" lon="6.7532">
        <ele>1399.1</ele>
      </trkpt>
      <trkpt lat="44.41041" lon="6.75305">
        <ele>1394.2</ele>
      </trkpt>
      <trkpt lat="44.41064" lon="6.75278">
        <ele>1390.4</ele>
      </trkpt>
      <trkpt lat="44.41076" lon="6.75256">
        <ele>1389.3</ele>
      </trkpt>
      <trkpt lat="44.41084" lon="6.75225">
        <ele>1389.7</ele>
      </trkpt>
      <trkpt lat="44.41089" lon="6.75144">
        <ele>1390.2</ele>
      </trkpt>
      <trkpt lat="44.411" lon="6.75106">
        <ele>1387.5</ele>
      </trkpt>
      <trkpt lat="44.41109" lon="6.75098">
        <ele>1385.6</ele>
      </trkpt>
      <trkpt lat="44.4112" lon="6.75104">
        <ele>1383.0</ele>
      </trkpt>
      <trkpt lat="44.41124" lon="6.75115">
        <ele>1381.8</ele>
      </trkpt>
      <trkpt lat="44.41118" lon="6.75165">
        <ele>1382.0</ele>
      </trkpt>
      <trkpt lat="44.41119" lon="6.75225">
        <ele>1379.6</ele>
      </trkpt>
      <trkpt lat="44.411209" lon="6.75264">
        <ele>1378.5</ele>
      </trkpt>
      <trkpt lat="44.41132" lon="6.75297">
        <ele>1376.7</ele>
      </trkpt>
      <trkpt lat="44.41192" lon="6.75378">
        <ele>1369.0</ele>
      </trkpt>
      <trkpt lat="44.41251" lon="6.7546">
        <ele>1363.3</ele>
      </trkpt>
      <trkpt lat="44.412619" lon="6.75478">
        <ele>1361.5</ele>
      </trkpt>
      <trkpt lat="44.41266" lon="6.75499">
        <ele>1361.9</ele>
      </trkpt>
      <trkpt lat="44.41267" lon="6.75522">
        <ele>1362.2</ele>
      </trkpt>
      <trkpt lat="44.41258" lon="6.75559">
        <ele>1365.0</ele>
      </trkpt>
      <trkpt lat="44.4126" lon="6.75581">
        <ele>1364.9</ele>
      </trkpt>
      <trkpt lat="44.4127" lon="6.75592">
        <ele>1363.4</ele>
      </trkpt>
      <trkpt lat="44.41283" lon="6.75587">
        <ele>1360.5</ele>
      </trkpt>
      <trkpt lat="44.412909" lon="6.75573">
        <ele>1358.3</ele>
      </trkpt>
      <trkpt lat="44.41302" lon="6.75547">
        <ele>1354.9</ele>
      </trkpt>
      <trkpt lat="44.41308" lon="6.75514">
        <ele>1352.0</ele>
      </trkpt>
      <trkpt lat="44.41308" lon="6.75488">
        <ele>1350.4</ele>
      </trkpt>
      <trkpt lat="44.41302" lon="6.7546">
        <ele>1349.6</ele>
      </trkpt>
      <trkpt lat="44.41271" lon="6.75363">
        <ele>1346.4</ele>
      </trkpt>
      <trkpt lat="44.41247" lon="6.75314">
        <ele>1345.3</ele>
      </trkpt>
      <trkpt lat="44.41241" lon="6.75298">
        <ele>1345.2</ele>
      </trkpt>
      <trkpt lat="44.41243" lon="6.75282">
        <ele>1342.5</ele>
      </trkpt>
      <trkpt lat="44.4125" lon="6.75274">
        <ele>1339.2</ele>
      </trkpt>
      <trkpt lat="44.41259" lon="6.75275">
        <ele>1337.3</ele>
      </trkpt>
      <trkpt lat="44.41273" lon="6.75286">
        <ele>1335.6</ele>
      </trkpt>
      <trkpt lat="44.4131" lon="6.75343">
        <ele>1333.2</ele>
      </trkpt>
      <trkpt lat="44.41343" lon="6.75401">
        <ele>1333.0</ele>
      </trkpt>
      <trkpt lat="44.41353" lon="6.75408">
        <ele>1331.9</ele>
      </trkpt>
      <trkpt lat="44.41362" lon="6.75407">
        <ele>1330.0</ele>
      </trkpt>
      <trkpt lat="44.41367" lon="6.75396">
        <ele>1327.6</ele>
      </trkpt>
      <trkpt lat="44.41369" lon="6.75381">
        <ele>1325.4</ele>
      </trkpt>
      <trkpt lat="44.41366" lon="6.75334">
        <ele>1320.2</ele>
      </trkpt>
      <trkpt lat="44.41361" lon="6.75304">
        <ele>1318.6</ele>
      </trkpt>
      <trkpt lat="44.41341" lon="6.75239">
        <ele>1316.0</ele>
      </trkpt>
      <trkpt lat="44.41329" lon="6.75183">
        <ele>1310.4</ele>
      </trkpt>
      <trkpt lat="44.41321" lon="6.75166">
        <ele>1309.9</ele>
      </trkpt>
      <trkpt lat="44.41307" lon="6.75149">
        <ele>1311.2</ele>
      </trkpt>
      <trkpt lat="44.41283" lon="6.75135">
        <ele>1316.4</ele>
      </trkpt>
      <trkpt lat="44.41277" lon="6.75128">
        <ele>1317.6</ele>
      </trkpt>
      <trkpt lat="44.41276" lon="6.75118">
        <ele>1317.2</ele>
      </trkpt>
      <trkpt lat="44.41279" lon="6.75112">
        <ele>1315.8</ele>
      </trkpt>
      <trkpt lat="44.41285" lon="6.75109">
        <ele>1313.6</ele>
      </trkpt>
      <trkpt lat="44.41298" lon="6.75113">
        <ele>1309.8</ele>
      </trkpt>
      <trkpt lat="44.41343" lon="6.75142">
        <ele>1301.0</ele>
      </trkpt>
      <trkpt lat="44.41388" lon="6.75171">
        <ele>1295.3</ele>
      </trkpt>
      <trkpt lat="44.41433" lon="6.75198">
        <ele>1291.7</ele>
      </trkpt>
      <trkpt lat="44.41456" lon="6.75232">
        <ele>1293.1</ele>
      </trkpt>
      <trkpt lat="44.41475" lon="6.75272">
        <ele>1293.8</ele>
      </trkpt>
      <trkpt lat="44.41485" lon="6.75285">
        <ele>1293.2</ele>
      </trkpt>
      <trkpt lat="44.41494" lon="6.75284">
        <ele>1291.3</ele>
      </trkpt>
      <trkpt lat="44.41502" lon="6.75275">
        <ele>1289.2</ele>
      </trkpt>
      <trkpt lat="44.41504" lon="6.75261">
        <ele>1287.8</ele>
      </trkpt>
      <trkpt lat="44.41502" lon="6.75246">
        <ele>1286.0</ele>
      </trkpt>
      <trkpt lat="44.41474" lon="6.75196">
        <ele>1285.7</ele>
      </trkpt>
      <trkpt lat="44.41464" lon="6.75173">
        <ele>1284.2</ele>
      </trkpt>
      <trkpt lat="44.41463" lon="6.75156">
        <ele>1282.3</ele>
      </trkpt>
      <trkpt lat="44.41466" lon="6.75146">
        <ele>1280.9</ele>
      </trkpt>
      <trkpt lat="44.41479" lon="6.75137">
        <ele>1278.8</ele>
      </trkpt>
      <trkpt lat="44.41514" lon="6.75127">
        <ele>1282.3</ele>
      </trkpt>
      <trkpt lat="44.4152" lon="6.75124">
        <ele>1283.0</ele>
      </trkpt>
      <trkpt lat="44.41543" lon="6.75104">
        <ele>1285.7</ele>
      </trkpt>
      <trkpt lat="44.4155" lon="6.75092">
        <ele>1286.8</ele>
      </trkpt>
      <trkpt lat="44.415529" lon="6.7508">
        <ele>1287.8</ele>
      </trkpt>
      <trkpt lat="44.41552" lon="6.75068">
        <ele>1287.0</ele>
      </trkpt>
      <trkpt lat="44.41533" lon="6.75042">
        <ele>1280.5</ele>
      </trkpt>
      <trkpt lat="44.41523" lon="6.75021">
        <ele>1277.0</ele>
      </trkpt>
      <trkpt lat="44.415" lon="6.74966">
        <ele>1269.6</ele>
      </trkpt>
      <trkpt lat="44.41478" lon="6.74911">
        <ele>1267.7</ele>
      </trkpt>
      <trkpt lat="44.414589" lon="6.74857">
        <ele>1263.8</ele>
      </trkpt>
      <trkpt lat="44.41456" lon="6.74841">
        <ele>1262.7</ele>
      </trkpt>
      <trkpt lat="44.41457" lon="6.74822">
        <ele>1261.9</ele>
      </trkpt>
      <trkpt lat="44.4146" lon="6.74808">
        <ele>1261.6</ele>
      </trkpt>
      <trkpt lat="44.41479" lon="6.74752">
        <ele>1260.1</ele>
      </trkpt>
      <trkpt lat="44.41493" lon="6.7467">
        <ele>1257.0</ele>
      </trkpt>
      <trkpt lat="44.41521" lon="6.74579">
        <ele>1258.1</ele>
      </trkpt>
      <trkpt lat="44.41523" lon="6.7455">
        <ele>1255.6</ele>
      </trkpt>
      <trkpt lat="44.41523" lon="6.74515">
        <ele>1252.0</ele>
      </trkpt>
      <trkpt lat="44.41525" lon="6.74491">
        <ele>1249.9</ele>
      </trkpt>
      <trkpt lat="44.41545" lon="6.74434">
        <ele>1245.9</ele>
      </trkpt>
      <trkpt lat="44.41585" lon="6.74338">
        <ele>1240.3</ele>
      </trkpt>
      <trkpt lat="44.41597" lon="6.74328">
        <ele>1240.1</ele>
      </trkpt>
      <trkpt lat="44.41612" lon="6.7432">
        <ele>1240.0</ele>
      </trkpt>
      <trkpt lat="44.41621" lon="6.74311">
        <ele>1239.8</ele>
      </trkpt>
      <trkpt lat="44.416559" lon="6.7427">
        <ele>1238.7</ele>
      </trkpt>
      <trkpt lat="44.4169" lon="6.74229">
        <ele>1238.4</ele>
      </trkpt>
      <trkpt lat="44.41713" lon="6.74191">
        <ele>1235.8</ele>
      </trkpt>
      <trkpt lat="44.41729" lon="6.74173">
        <ele>1233.8</ele>
      </trkpt>
      <trkpt lat="44.4177" lon="6.74142">
        <ele>1230.5</ele>
      </trkpt>
      <trkpt lat="44.41811" lon="6.74112">
        <ele>1226.8</ele>
      </trkpt>
      <trkpt lat="44.4187" lon="6.74057">
        <ele>1222.8</ele>
      </trkpt>
      <trkpt lat="44.41912" lon="6.74028">
        <ele>1222.6</ele>
      </trkpt>
      <trkpt lat="44.41954" lon="6.73999">
        <ele>1222.9</ele>
      </trkpt>
      <trkpt lat="44.41984" lon="6.73966">
        <ele>1222.8</ele>
      </trkpt>
      <trkpt lat="44.41992" lon="6.73951">
        <ele>1222.6</ele>
      </trkpt>
      <trkpt lat="44.42001" lon="6.7393">
        <ele>1222.3</ele>
      </trkpt>
      <trkpt lat="44.4201" lon="6.73872">
        <ele>1221.2</ele>
      </trkpt>
      <trkpt lat="44.42014" lon="6.73841">
        <ele>1220.6</ele>
      </trkpt>
      <trkpt lat="44.42022" lon="6.7377">
        <ele>1219.4</ele>
      </trkpt>
      <trkpt lat="44.42028" lon="6.73743">
        <ele>1219.4</ele>
      </trkpt>
      <trkpt lat="44.42038" lon="6.73709">
        <ele>1219.5</ele>
      </trkpt>
      <trkpt lat="44.42057" lon="6.73663">
        <ele>1219.3</ele>
      </trkpt>
      <trkpt lat="44.42027" lon="6.73636">
        <ele>1219.6</ele>
      </trkpt>
      <trkpt lat="44.42019" lon="6.73625">
        <ele>1219.7</ele>
      </trkpt>
      <trkpt lat="44.42012" lon="6.73604">
        <ele>1219.7</ele>
      </trkpt>
      <trkpt lat="44.42012" lon="6.73567">
        <ele>1220.2</ele>
      </trkpt>
      <trkpt lat="44.4201" lon="6.73555">
        <ele>1220.5</ele>
      </trkpt>
      <trkpt lat="44.41993" lon="6.73495">
        <ele>1220.5</ele>
      </trkpt>
      <trkpt lat="44.41987" lon="6.73476">
        <ele>1222.4</ele>
      </trkpt>
      <trkpt lat="44.41951" lon="6.73394">
        <ele>1225.3</ele>
      </trkpt>
      <trkpt lat="44.41935" lon="6.73365">
        <ele>1222.9</ele>
      </trkpt>
      <trkpt lat="44.4193" lon="6.73358">
        <ele>1222.0</ele>
      </trkpt>
      <trkpt lat="44.41889" lon="6.73326">
        <ele>1218.5</ele>
      </trkpt>
      <trkpt lat="44.41878" lon="6.73312">
        <ele>1218.0</ele>
      </trkpt>
      <trkpt lat="44.41874" lon="6.73303">
        <ele>1217.8</ele>
      </trkpt>
      <trkpt lat="44.41859" lon="6.73236">
        <ele>1215.5</ele>
      </trkpt>
      <trkpt lat="44.418439" lon="6.73168">
        <ele>1212.6</ele>
      </trkpt>
      <trkpt lat="44.41828" lon="6.73115">
        <ele>1214.4</ele>
      </trkpt>
      <trkpt lat="44.41814" lon="6.73085">
        <ele>1215.2</ele>
      </trkpt>
      <trkpt lat="44.41754" lon="6.72996">
        <ele>1212.5</ele>
      </trkpt>
      <trkpt lat="44.416939" lon="6.72907">
        <ele>1214.6</ele>
      </trkpt>
      <trkpt lat="44.416559" lon="6.72866">
        <ele>1215.7</ele>
      </trkpt>
      <trkpt lat="44.41633" lon="6.72848">
        <ele>1216.1</ele>
      </trkpt>
      <trkpt lat="44.41603" lon="6.72837">
        <ele>1216.1</ele>
      </trkpt>
      <trkpt lat="44.41558" lon="6.72826">
        <ele>1216.4</ele>
      </trkpt>
      <trkpt lat="44.41523" lon="6.72821">
        <ele>1216.7</ele>
      </trkpt>
      <trkpt lat="44.41505" lon="6.72824">
        <ele>1216.6</ele>
      </trkpt>
      <trkpt lat="44.41426" lon="6.72857">
        <ele>1216.4</ele>
      </trkpt>
      <trkpt lat="44.41346" lon="6.72891">
        <ele>1216.1</ele>
      </trkpt>
      <trkpt lat="44.41304" lon="6.72903">
        <ele>1215.3</ele>
      </trkpt>
      <trkpt lat="44.41266" lon="6.72902">
        <ele>1214.9</ele>
      </trkpt>
      <trkpt lat="44.41216" lon="6.72891">
        <ele>1214.9</ele>
      </trkpt>
      <trkpt lat="44.41161" lon="6.72872">
        <ele>1216.1</ele>
      </trkpt>
      <trkpt lat="44.41106" lon="6.72854">
        <ele>1215.5</ele>
      </trkpt>
      <trkpt lat="44.41085" lon="6.72842">
        <ele>1215.5</ele>
      </trkpt>
      <trkpt lat="44.41061" lon="6.72825">
        <ele>1215.6</ele>
      </trkpt>
      <trkpt lat="44.41021" lon="6.7279">
        <ele>1215.4</ele>
      </trkpt>
      <trkpt lat="44.4101" lon="6.72777">
        <ele>1215.4</ele>
      </trkpt>
      <trkpt lat="44.40986" lon="6.72748">
        <ele>1215.4</ele>
      </trkpt>
      <trkpt lat="44.40943" lon="6.72687">
        <ele>1214.0</ele>
      </trkpt>
      <trkpt lat="44.4093" lon="6.72666">
        <ele>1213.8</ele>
      </trkpt>
      <trkpt lat="44.40912" lon="6.72635">
        <ele>1213.6</ele>
      </trkpt>
      <trkpt lat="44.40902" lon="6.72618">
        <ele>1213.5</ele>
      </trkpt>
      <trkpt lat="44.40857" lon="6.72522">
        <ele>1213.0</ele>
      </trkpt>
      <trkpt lat="44.40811" lon="6.72425">
        <ele>1212.1</ele>
      </trkpt>
      <trkpt lat="44.40766" lon="6.72328">
        <ele>1211.3</ele>
      </trkpt>
      <trkpt lat="44.40721" lon="6.72232">
        <ele>1210.2</ele>
      </trkpt>
      <trkpt lat="44.407207" lon="6.722314">
        <ele>1210.2</ele>
      </trkpt>
      <trkpt lat="44.40711" lon="6.72211">
        <ele>1221.6</ele>
      </trkpt>
      <trkpt lat="44.40486" lon="6.71136">
        <ele>1192.8</ele>
      </trkpt>
      <trkpt lat="44.40402" lon="6.70263">
        <ele>1190.4</ele>
      </trkpt>
      <trkpt lat="44.40227" lon="6.70142">
        <ele>1204.0</ele>
      </trkpt>
      <trkpt lat="44.3994" lon="6.69414">
        <ele>1181.0</ele>
      </trkpt>
      <trkpt lat="44.39365" lon="6.68824">
        <ele>1187.3</ele>
      </trkpt>
      <trkpt lat="44.39162" lon="6.68288">
        <ele>1169.3</ele>
      </trkpt>
      <trkpt lat="44.390608" lon="6.671973">
        <ele>1150.2</ele>
      </trkpt>
      <trkpt lat="44.39138" lon="6.67195">
        <ele>1155.8</ele>
      </trkpt>
      <trkpt lat="44.39138" lon="6.67178">
        <ele>1155.7</ele>
      </trkpt>
      <trkpt lat="44.39137" lon="6.67133">
        <ele>1155.5</ele>
      </trkpt>
      <trkpt lat="44.39136" lon="6.67123">
        <ele>1155.4</ele>
      </trkpt>
      <trkpt lat="44.39135" lon="6.67112">
        <ele>1155.4</ele>
      </trkpt>
      <trkpt lat="44.39133" lon="6.67102">
        <ele>1155.3</ele>
      </trkpt>
      <trkpt lat="44.39132" lon="6.67095">
        <ele>1155.3</ele>
      </trkpt>
      <trkpt lat="44.39131" lon="6.670899">
        <ele>1155.3</ele>
      </trkpt>
      <trkpt lat="44.39128" lon="6.67082">
        <ele>1155.3</ele>
      </trkpt>
      <trkpt lat="44.39127" lon="6.67078">
        <ele>1155.2</ele>
      </trkpt>
      <trkpt lat="44.39125" lon="6.67071">
        <ele>1154.9</ele>
      </trkpt>
      <trkpt lat="44.3912" lon="6.6706">
        <ele>1154.4</ele>
      </trkpt>
      <trkpt lat="44.39118" lon="6.67057">
        <ele>1154.2</ele>
      </trkpt>
      <trkpt lat="44.39114" lon="6.6705">
        <ele>1153.8</ele>
      </trkpt>
      <trkpt lat="44.39107" lon="6.67037">
        <ele>1153.1</ele>
      </trkpt>
      <trkpt lat="44.391" lon="6.67028">
        <ele>1152.5</ele>
      </trkpt>
      <trkpt lat="44.39093" lon="6.6702">
        <ele>1151.8</ele>
      </trkpt>
      <trkpt lat="44.39083" lon="6.67011">
        <ele>1151.0</ele>
      </trkpt>
      <trkpt lat="44.39075" lon="6.67004">
        <ele>1150.8</ele>
      </trkpt>
      <trkpt lat="44.39068" lon="6.66999">
        <ele>1150.7</ele>
      </trkpt>
      <trkpt lat="44.3906" lon="6.66992">
        <ele>1150.8</ele>
      </trkpt>
      <trkpt lat="44.39055" lon="6.66987">
        <ele>1150.8</ele>
      </trkpt>
      <trkpt lat="44.39049" lon="6.66979">
        <ele>1150.9</ele>
      </trkpt>
      <trkpt lat="44.39044" lon="6.66971">
        <ele>1151.0</ele>
      </trkpt>
      <trkpt lat="44.3904" lon="6.66962">
        <ele>1151.0</ele>
      </trkpt>
      <trkpt lat="44.39038" lon="6.66958">
        <ele>1151.1</ele>
      </trkpt>
      <trkpt lat="44.39035" lon="6.66948">
        <ele>1151.2</ele>
      </trkpt>
      <trkpt lat="44.39032" lon="6.66935">
        <ele>1151.3</ele>
      </trkpt>
      <trkpt lat="44.3903" lon="6.66931">
        <ele>1151.2</ele>
      </trkpt>
      <trkpt lat="44.39029" lon="6.66926">
        <ele>1151.2</ele>
      </trkpt>
      <trkpt lat="44.39024" lon="6.66908">
        <ele>1150.9</ele>
      </trkpt>
      <trkpt lat="44.39022" lon="6.66896">
        <ele>1150.7</ele>
      </trkpt>
      <trkpt lat="44.39011" lon="6.66852">
        <ele>1149.3</ele>
      </trkpt>
      <trkpt lat="44.39009" lon="6.6684">
        <ele>1148.9</ele>
      </trkpt>
      <trkpt lat="44.39004" lon="6.66822">
        <ele>1148.7</ele>
      </trkpt>
      <trkpt lat="44.390009" lon="6.66805">
        <ele>1148.8</ele>
      </trkpt>
      <trkpt lat="44.38999" lon="6.66787">
        <ele>1149.1</ele>
      </trkpt>
      <trkpt lat="44.38999" lon="6.667849">
        <ele>1149.1</ele>
      </trkpt>
      <trkpt lat="44.39" lon="6.6676">
        <ele>1149.8</ele>
      </trkpt>
      <trkpt lat="44.39003" lon="6.66735">
        <ele>1150.5</ele>
      </trkpt>
      <trkpt lat="44.39007" lon="6.66715">
        <ele>1151.1</ele>
      </trkpt>
      <trkpt lat="44.39011" lon="6.66682">
        <ele>1151.8</ele>
      </trkpt>
      <trkpt lat="44.39012" lon="6.6668">
        <ele>1151.9</ele>
      </trkpt>
      <trkpt lat="44.39012" lon="6.66671">
        <ele>1152.0</ele>
      </trkpt>
      <trkpt lat="44.39012" lon="6.6666">
        <ele>1152.0</ele>
      </trkpt>
      <trkpt lat="44.39012" lon="6.66646">
        <ele>1152.1</ele>
      </trkpt>
      <trkpt lat="44.39011" lon="6.66644">
        <ele>1152.0</ele>
      </trkpt>
      <trkpt lat="44.390099" lon="6.66634">
        <ele>1151.9</ele>
      </trkpt>
      <trkpt lat="44.39007" lon="6.66622">
        <ele>1151.7</ele>
      </trkpt>
      <trkpt lat="44.39004" lon="6.66612">
        <ele>1151.4</ele>
      </trkpt>
      <trkpt lat="44.38999" lon="6.666019">
        <ele>1151.0</ele>
      </trkpt>
      <trkpt lat="44.38993" lon="6.66589">
        <ele>1150.7</ele>
      </trkpt>
      <trkpt lat="44.38986" lon="6.66575">
        <ele>1150.6</ele>
      </trkpt>
      <trkpt lat="44.38981" lon="6.66566">
        <ele>1150.4</ele>
      </trkpt>
      <trkpt lat="44.3898" lon="6.66564">
        <ele>1150.4</ele>
      </trkpt>
      <trkpt lat="44.38979" lon="6.66559">
        <ele>1150.4</ele>
      </trkpt>
      <trkpt lat="44.38973" lon="6.66546">
        <ele>1150.2</ele>
      </trkpt>
      <trkpt lat="44.389719" lon="6.66542">
        <ele>1150.2</ele>
      </trkpt>
      <trkpt lat="44.3897" lon="6.66532">
        <ele>1150.1</ele>
      </trkpt>
      <trkpt lat="44.38965" lon="6.66514">
        <ele>1149.9</ele>
      </trkpt>
      <trkpt lat="44.3896" lon="6.66498">
        <ele>1149.6</ele>
      </trkpt>
      <trkpt lat="44.389539" lon="6.66488">
        <ele>1149.1</ele>
      </trkpt>
      <trkpt lat="44.38947" lon="6.66476">
        <ele>1148.5</ele>
      </trkpt>
      <trkpt lat="44.38942" lon="6.66468">
        <ele>1148.1</ele>
      </trkpt>
      <trkpt lat="44.38937" lon="6.66461">
        <ele>1147.8</ele>
      </trkpt>
      <trkpt lat="44.38932" lon="6.66453">
        <ele>1147.4</ele>
      </trkpt>
      <trkpt lat="44.38924" lon="6.6644">
        <ele>1146.7</ele>
      </trkpt>
      <trkpt lat="44.38919" lon="6.66432">
        <ele>1146.3</ele>
      </trkpt>
      <trkpt lat="44.38915" lon="6.66424">
        <ele>1146.1</ele>
      </trkpt>
      <trkpt lat="44.38908" lon="6.6641">
        <ele>1145.7</ele>
      </trkpt>
      <trkpt lat="44.3887" lon="6.66298">
        <ele>1145.1</ele>
      </trkpt>
      <trkpt lat="44.388689" lon="6.66296">
        <ele>1145.1</ele>
      </trkpt>
      <trkpt lat="44.38863" lon="6.66275">
        <ele>1145.5</ele>
      </trkpt>
      <trkpt lat="44.38855" lon="6.6625">
        <ele>1146.0</ele>
      </trkpt>
      <trkpt lat="44.38849" lon="6.662289">
        <ele>1146.8</ele>
      </trkpt>
      <trkpt lat="44.38847" lon="6.66212">
        <ele>1147.4</ele>
      </trkpt>
      <trkpt lat="44.38842" lon="6.66183">
        <ele>1148.5</ele>
      </trkpt>
      <trkpt lat="44.3884" lon="6.66158">
        <ele>1149.1</ele>
      </trkpt>
      <trkpt lat="44.38837" lon="6.66133">
        <ele>1149.1</ele>
      </trkpt>
      <trkpt lat="44.38836" lon="6.66122">
        <ele>1149.1</ele>
      </trkpt>
      <trkpt lat="44.38833" lon="6.66097">
        <ele>1149.0</ele>
      </trkpt>
      <trkpt lat="44.38833" lon="6.66097">
        <ele>1149.0</ele>
      </trkpt>
      <trkpt lat="44.38827" lon="6.66047">
        <ele>1147.4</ele>
      </trkpt>
      <trkpt lat="44.38823" lon="6.66019">
        <ele>1146.3</ele>
      </trkpt>
      <trkpt lat="44.388219" lon="6.66013">
        <ele>1146.1</ele>
      </trkpt>
      <trkpt lat="44.3882" lon="6.65994">
        <ele>1145.4</ele>
      </trkpt>
      <trkpt lat="44.388129" lon="6.65933">
        <ele>1142.7</ele>
      </trkpt>
      <trkpt lat="44.38812" lon="6.659169">
        <ele>1142.0</ele>
      </trkpt>
      <trkpt lat="44.38809" lon="6.65882">
        <ele>1142.2</ele>
      </trkpt>
      <trkpt lat="44.38799" lon="6.65793">
        <ele>1142.7</ele>
      </trkpt>
      <trkpt lat="44.38796" lon="6.65756">
        <ele>1143.1</ele>
      </trkpt>
      <trkpt lat="44.38794" lon="6.6575">
        <ele>1143.1</ele>
      </trkpt>
      <trkpt lat="44.38793" lon="6.65745">
        <ele>1143.1</ele>
      </trkpt>
      <trkpt lat="44.3879" lon="6.65739">
        <ele>1143.0</ele>
      </trkpt>
      <trkpt lat="44.38789" lon="6.65736">
        <ele>1143.0</ele>
      </trkpt>
      <trkpt lat="44.38782" lon="6.657269">
        <ele>1142.6</ele>
      </trkpt>
      <trkpt lat="44.38782" lon="6.657269">
        <ele>1142.6</ele>
      </trkpt>
      <trkpt lat="44.38786" lon="6.65719">
        <ele>1142.9</ele>
      </trkpt>
      <trkpt lat="44.38787" lon="6.65716">
        <ele>1143.0</ele>
      </trkpt>
      <trkpt lat="44.38788" lon="6.65712">
        <ele>1143.0</ele>
      </trkpt>
      <trkpt lat="44.38788" lon="6.65707">
        <ele>1143.1</ele>
      </trkpt>
      <trkpt lat="44.38787" lon="6.65693">
        <ele>1143.1</ele>
      </trkpt>
      <trkpt lat="44.38784" lon="6.656589">
        <ele>1143.1</ele>
      </trkpt>
      <trkpt lat="44.38779" lon="6.65614">
        <ele>1143.0</ele>
      </trkpt>
      <trkpt lat="44.38778" lon="6.656119">
        <ele>1142.9</ele>
      </trkpt>
      <trkpt lat="44.38773" lon="6.65562">
        <ele>1142.4</ele>
      </trkpt>
      <trkpt lat="44.38768" lon="6.65516">
        <ele>1141.5</ele>
      </trkpt>
      <trkpt lat="44.387659" lon="6.65489">
        <ele>1141.2</ele>
      </trkpt>
      <trkpt lat="44.38761" lon="6.65452">
        <ele>1141.1</ele>
      </trkpt>
      <trkpt lat="44.38755" lon="6.654149">
        <ele>1141.2</ele>
      </trkpt>
      <trkpt lat="44.38751" lon="6.65388">
        <ele>1141.0</ele>
      </trkpt>
      <trkpt lat="44.38747" lon="6.65363">
        <ele>1140.9</ele>
      </trkpt>
      <trkpt lat="44.38747" lon="6.65363">
        <ele>1140.9</ele>
      </trkpt>
      <trkpt lat="44.38758" lon="6.65359">
        <ele>1141.2</ele>
      </trkpt>
      <trkpt lat="44.38771" lon="6.65353">
        <ele>1141.6</ele>
      </trkpt>
      <trkpt lat="44.3878" lon="6.6535">
        <ele>1141.8</ele>
      </trkpt>
      <trkpt lat="44.38799" lon="6.6534">
        <ele>1142.2</ele>
      </trkpt>
      <trkpt lat="44.38809" lon="6.65332">
        <ele>1142.4</ele>
      </trkpt>
      <trkpt lat="44.38811" lon="6.6533">
        <ele>1142.4</ele>
      </trkpt>
      <trkpt lat="44.38812" lon="6.65328">
        <ele>1142.4</ele>
      </trkpt>
      <trkpt lat="44.38824" lon="6.65327">
        <ele>1142.6</ele>
      </trkpt>
      <trkpt lat="44.38834" lon="6.65326">
        <ele>1142.9</ele>
      </trkpt>
      <trkpt lat="44.3887" lon="6.65323">
        <ele>1151.4</ele>
      </trkpt>
      <trkpt lat="44.3887" lon="6.65323">
        <ele>1151.4</ele>
      </trkpt>
      <trkpt lat="44.38834" lon="6.65326">
        <ele>1142.9</ele>
      </trkpt>
      <trkpt lat="44.38824" lon="6.65327">
        <ele>1142.6</ele>
      </trkpt>
      <trkpt lat="44.38812" lon="6.65328">
        <ele>1142.4</ele>
      </trkpt>
      <trkpt lat="44.38812" lon="6.65328">
        <ele>1142.4</ele>
      </trkpt>
      <trkpt lat="44.388129" lon="6.65326">
        <ele>1142.4</ele>
      </trkpt>
      <trkpt lat="44.388129" lon="6.65324">
        <ele>1142.3</ele>
      </trkpt>
      <trkpt lat="44.38814" lon="6.65322">
        <ele>1142.3</ele>
      </trkpt>
      <trkpt lat="44.388129" lon="6.65315">
        <ele>1142.1</ele>
      </trkpt>
      <trkpt lat="44.388129" lon="6.65315">
        <ele>1142.1</ele>
      </trkpt>
      <trkpt lat="44.38829" lon="6.65313">
        <ele>1142.2</ele>
      </trkpt>
      <trkpt lat="44.38831" lon="6.65312">
        <ele>1142.2</ele>
      </trkpt>
      <trkpt lat="44.38849" lon="6.65309">
        <ele>1145.8</ele>
      </trkpt>
    </trkseg>
  </trk>
</gpx>
