<?xml version="1.0" encoding="UTF-8"?>
<gpx xmlns:gpxdata="http://www.cluetrust.com/XML/GPXDATA/1/0" xmlns:xsi="http://www.w3.org/2001/XMLSchema-instance" xmlns="http://www.topografix.com/GPX/1/1" version="1.1" creator="http://ridewithgps.com/" xsi:schemaLocation="http://www.topografix.com/GPX/1/1 http://www.topografix.com/GPX/1/1/gpx.xsd http://www.cluetrust.com/XML/GPXDATA/1/0 http://www.cluetrust.com/Schemas/gpxdata10.xsd">
  <metadata>
    <name>TDGC_2026-09-12</name>
    <link href="https://ridewithgps.com/routes/38637504">
      <text>TDGC_2026-09-12</text>
    </link>
    <time>2022-02-24T22:35:50Z</time>
  </metadata>
  <trk>
    <name>TDGC_2026-09-12</name>
    <trkseg>
      <trkpt lat="44.38837" lon="6.65326">
        <ele>1143.6</ele>
      </trkpt>
      <trkpt lat="44.3887" lon="6.65323">
        <ele>1151.4</ele>
      </trkpt>
      <trkpt lat="44.3887" lon="6.65323">
        <ele>1151.4</ele>
      </trkpt>
      <trkpt lat="44.3887" lon="6.65323">
        <ele>1151.4</ele>
      </trkpt>
      <trkpt lat="44.38834" lon="6.65326">
        <ele>1142.9</ele>
      </trkpt>
      <trkpt lat="44.38824" lon="6.65327">
        <ele>1142.6</ele>
      </trkpt>
      <trkpt lat="44.38812" lon="6.65328">
        <ele>1142.4</ele>
      </trkpt>
      <trkpt lat="44.38811" lon="6.6533">
        <ele>1142.4</ele>
      </trkpt>
      <trkpt lat="44.38809" lon="6.65332">
        <ele>1142.4</ele>
      </trkpt>
      <trkpt lat="44.38799" lon="6.6534">
        <ele>1142.2</ele>
      </trkpt>
      <trkpt lat="44.3878" lon="6.6535">
        <ele>1141.8</ele>
      </trkpt>
      <trkpt lat="44.3878" lon="6.6535">
        <ele>1141.8</ele>
      </trkpt>
      <trkpt lat="44.38776" lon="6.65329">
        <ele>1141.6</ele>
      </trkpt>
      <trkpt lat="44.38772" lon="6.65305">
        <ele>1141.8</ele>
      </trkpt>
      <trkpt lat="44.38772" lon="6.65305">
        <ele>1141.8</ele>
      </trkpt>
      <trkpt lat="44.387659" lon="6.65271">
        <ele>1142.2</ele>
      </trkpt>
      <trkpt lat="44.387659" lon="6.65271">
        <ele>1142.2</ele>
      </trkpt>
      <trkpt lat="44.3875" lon="6.65277">
        <ele>1142.4</ele>
      </trkpt>
      <trkpt lat="44.38733" lon="6.65284">
        <ele>1141.7</ele>
      </trkpt>
      <trkpt lat="44.38733" lon="6.65284">
        <ele>1141.7</ele>
      </trkpt>
      <trkpt lat="44.38734" lon="6.6529">
        <ele>1141.6</ele>
      </trkpt>
      <trkpt lat="44.38734" lon="6.6529">
        <ele>1141.6</ele>
      </trkpt>
      <trkpt lat="44.38697" lon="6.65304">
        <ele>1140.0</ele>
      </trkpt>
      <trkpt lat="44.38686" lon="6.65309">
        <ele>1139.5</ele>
      </trkpt>
      <trkpt lat="44.38669" lon="6.65316">
        <ele>1138.7</ele>
      </trkpt>
      <trkpt lat="44.38666" lon="6.65317">
        <ele>1138.6</ele>
      </trkpt>
      <trkpt lat="44.38665" lon="6.65316">
        <ele>1138.6</ele>
      </trkpt>
      <trkpt lat="44.38664" lon="6.65313">
        <ele>1138.8</ele>
      </trkpt>
      <trkpt lat="44.38664" lon="6.65313">
        <ele>1138.8</ele>
      </trkpt>
      <trkpt lat="44.38652" lon="6.6525">
        <ele>1140.6</ele>
      </trkpt>
      <trkpt lat="44.38643" lon="6.65201">
        <ele>1140.4</ele>
      </trkpt>
      <trkpt lat="44.38636" lon="6.65166">
        <ele>1140.3</ele>
      </trkpt>
      <trkpt lat="44.38633" lon="6.65148">
        <ele>1140.5</ele>
      </trkpt>
      <trkpt lat="44.38623" lon="6.65099">
        <ele>1140.7</ele>
      </trkpt>
      <trkpt lat="44.38623" lon="6.65099">
        <ele>1140.7</ele>
      </trkpt>
      <trkpt lat="44.38605" lon="6.65105">
        <ele>1139.9</ele>
      </trkpt>
      <trkpt lat="44.38591" lon="6.65109">
        <ele>1139.3</ele>
      </trkpt>
      <trkpt lat="44.38591" lon="6.65109">
        <ele>1139.3</ele>
      </trkpt>
      <trkpt lat="44.38585" lon="6.650769">
        <ele>1138.9</ele>
      </trkpt>
      <trkpt lat="44.38581" lon="6.65059">
        <ele>1138.4</ele>
      </trkpt>
      <trkpt lat="44.38575" lon="6.65036">
        <ele>1137.8</ele>
      </trkpt>
      <trkpt lat="44.38571" lon="6.65026">
        <ele>1137.6</ele>
      </trkpt>
      <trkpt lat="44.38564" lon="6.65008">
        <ele>1137.2</ele>
      </trkpt>
      <trkpt lat="44.38564" lon="6.65008">
        <ele>1137.2</ele>
      </trkpt>
      <trkpt lat="44.385509" lon="6.64979">
        <ele>1136.7</ele>
      </trkpt>
      <trkpt lat="44.3854" lon="6.64956">
        <ele>1136.5</ele>
      </trkpt>
      <trkpt lat="44.38526" lon="6.64925">
        <ele>1136.4</ele>
      </trkpt>
      <trkpt lat="44.38517" lon="6.64906">
        <ele>1136.3</ele>
      </trkpt>
      <trkpt lat="44.38515" lon="6.64902">
        <ele>1136.2</ele>
      </trkpt>
      <trkpt lat="44.3851" lon="6.64891">
        <ele>1136.0</ele>
      </trkpt>
      <trkpt lat="44.38506" lon="6.64886">
        <ele>1135.9</ele>
      </trkpt>
      <trkpt lat="44.38506" lon="6.64885">
        <ele>1135.8</ele>
      </trkpt>
      <trkpt lat="44.38502" lon="6.648799">
        <ele>1135.7</ele>
      </trkpt>
      <trkpt lat="44.38499" lon="6.64876">
        <ele>1135.6</ele>
      </trkpt>
      <trkpt lat="44.38492" lon="6.64871">
        <ele>1135.6</ele>
      </trkpt>
      <trkpt lat="44.384839" lon="6.64865">
        <ele>1135.6</ele>
      </trkpt>
      <trkpt lat="44.3848" lon="6.64863">
        <ele>1135.6</ele>
      </trkpt>
      <trkpt lat="44.38477" lon="6.64861">
        <ele>1135.6</ele>
      </trkpt>
      <trkpt lat="44.38472" lon="6.64857">
        <ele>1135.6</ele>
      </trkpt>
      <trkpt lat="44.38468" lon="6.64855">
        <ele>1135.6</ele>
      </trkpt>
      <trkpt lat="44.38464" lon="6.64852">
        <ele>1135.6</ele>
      </trkpt>
      <trkpt lat="44.3846" lon="6.6485">
        <ele>1135.6</ele>
      </trkpt>
      <trkpt lat="44.384569" lon="6.64847">
        <ele>1135.6</ele>
      </trkpt>
      <trkpt lat="44.38456" lon="6.64846">
        <ele>1135.6</ele>
      </trkpt>
      <trkpt lat="44.38453" lon="6.64843">
        <ele>1135.6</ele>
      </trkpt>
      <trkpt lat="44.3845" lon="6.64838">
        <ele>1135.6</ele>
      </trkpt>
      <trkpt lat="44.38449" lon="6.64832">
        <ele>1135.6</ele>
      </trkpt>
      <trkpt lat="44.38448" lon="6.64824">
        <ele>1135.6</ele>
      </trkpt>
      <trkpt lat="44.38447" lon="6.64817">
        <ele>1135.4</ele>
      </trkpt>
      <trkpt lat="44.38447" lon="6.64808">
        <ele>1135.1</ele>
      </trkpt>
      <trkpt lat="44.38448" lon="6.64802">
        <ele>1134.9</ele>
      </trkpt>
      <trkpt lat="44.3845" lon="6.64789">
        <ele>1134.5</ele>
      </trkpt>
      <trkpt lat="44.38453" lon="6.64773">
        <ele>1134.1</ele>
      </trkpt>
      <trkpt lat="44.38454" lon="6.64767">
        <ele>1133.9</ele>
      </trkpt>
      <trkpt lat="44.38455" lon="6.64755">
        <ele>1133.6</ele>
      </trkpt>
      <trkpt lat="44.38455" lon="6.64747">
        <ele>1133.5</ele>
      </trkpt>
      <trkpt lat="44.38455" lon="6.64738">
        <ele>1133.4</ele>
      </trkpt>
      <trkpt lat="44.38455" lon="6.64734">
        <ele>1133.4</ele>
      </trkpt>
      <trkpt lat="44.38454" lon="6.64727">
        <ele>1133.4</ele>
      </trkpt>
      <trkpt lat="44.38454" lon="6.64724">
        <ele>1133.4</ele>
      </trkpt>
      <trkpt lat="44.38433" lon="6.647291">
        <ele>1133.0</ele>
      </trkpt>
      <trkpt lat="44.38305" lon="6.63689">
        <ele>1128.7</ele>
      </trkpt>
      <trkpt lat="44.38209" lon="6.63124">
        <ele>1133.8</ele>
      </trkpt>
      <trkpt lat="44.37863" lon="6.62843">
        <ele>1138.8</ele>
      </trkpt>
      <trkpt lat="44.36793" lon="6.62791">
        <ele>1153.5</ele>
      </trkpt>
      <trkpt lat="44.36306" lon="6.62753">
        <ele>1177.1</ele>
      </trkpt>
      <trkpt lat="44.360349" lon="6.62492">
        <ele>1190.5</ele>
      </trkpt>
      <trkpt lat="44.35592" lon="6.62249">
        <ele>1232.8</ele>
      </trkpt>
      <trkpt lat="44.35316" lon="6.62127">
        <ele>1230.6</ele>
      </trkpt>
      <trkpt lat="44.34961" lon="6.61923">
        <ele>1245.1</ele>
      </trkpt>
      <trkpt lat="44.3461" lon="6.62014">
        <ele>1256.8</ele>
      </trkpt>
      <trkpt lat="44.343359" lon="6.61957">
        <ele>1255.2</ele>
      </trkpt>
      <trkpt lat="44.34254" lon="6.61908">
        <ele>1255.4</ele>
      </trkpt>
      <trkpt lat="44.34054" lon="6.61838">
        <ele>1268.5</ele>
      </trkpt>
      <trkpt lat="44.33735" lon="6.61646">
        <ele>1281.8</ele>
      </trkpt>
      <trkpt lat="44.33605" lon="6.61622">
        <ele>1311.2</ele>
      </trkpt>
      <trkpt lat="44.33449" lon="6.61482">
        <ele>1337.9</ele>
      </trkpt>
      <trkpt lat="44.33217" lon="6.6138">
        <ele>1322.3</ele>
      </trkpt>
      <trkpt lat="44.33131" lon="6.61428">
        <ele>1316.9</ele>
      </trkpt>
      <trkpt lat="44.32835" lon="6.61348">
        <ele>1314.5</ele>
      </trkpt>
      <trkpt lat="44.32706" lon="6.61379">
        <ele>1333.0</ele>
      </trkpt>
      <trkpt lat="44.32578" lon="6.61377">
        <ele>1342.0</ele>
      </trkpt>
      <trkpt lat="44.32355" lon="6.61474">
        <ele>1336.7</ele>
      </trkpt>
      <trkpt lat="44.32239" lon="6.61651">
        <ele>1337.9</ele>
      </trkpt>
      <trkpt lat="44.3206" lon="6.61876">
        <ele>1360.7</ele>
      </trkpt>
      <trkpt lat="44.31995" lon="6.6233">
        <ele>1360.0</ele>
      </trkpt>
      <trkpt lat="44.32008" lon="6.626089">
        <ele>1389.0</ele>
      </trkpt>
      <trkpt lat="44.319159" lon="6.62783">
        <ele>1387.1</ele>
      </trkpt>
      <trkpt lat="44.31874" lon="6.63114">
        <ele>1413.5</ele>
      </trkpt>
      <trkpt lat="44.31844" lon="6.64058">
        <ele>1448.7</ele>
      </trkpt>
      <trkpt lat="44.31969" lon="6.65237">
        <ele>1476.9</ele>
      </trkpt>
      <trkpt lat="44.31978" lon="6.65645">
        <ele>1492.4</ele>
      </trkpt>
      <trkpt lat="44.32096" lon="6.65848">
        <ele>1511.7</ele>
      </trkpt>
      <trkpt lat="44.3223" lon="6.66036">
        <ele>1532.8</ele>
      </trkpt>
      <trkpt lat="44.3227" lon="6.66138">
        <ele>1534.3</ele>
      </trkpt>
      <trkpt lat="44.32312" lon="6.66422">
        <ele>1555.1</ele>
      </trkpt>
      <trkpt lat="44.32344" lon="6.66423">
        <ele>1563.3</ele>
      </trkpt>
      <trkpt lat="44.32316" lon="6.66786">
        <ele>1595.1</ele>
      </trkpt>
      <trkpt lat="44.32179" lon="6.66905">
        <ele>1575.1</ele>
      </trkpt>
      <trkpt lat="44.32052" lon="6.6755">
        <ele>1614.0</ele>
      </trkpt>
      <trkpt lat="44.31908" lon="6.68072">
        <ele>1634.6</ele>
      </trkpt>
      <trkpt lat="44.31863" lon="6.68666">
        <ele>1653.9</ele>
      </trkpt>
      <trkpt lat="44.31919" lon="6.69067">
        <ele>1653.3</ele>
      </trkpt>
      <trkpt lat="44.31884" lon="6.69267">
        <ele>1659.9</ele>
      </trkpt>
      <trkpt lat="44.31967" lon="6.69481">
        <ele>1675.2</ele>
      </trkpt>
      <trkpt lat="44.32099" lon="6.697059">
        <ele>1687.1</ele>
      </trkpt>
      <trkpt lat="44.32191" lon="6.70361">
        <ele>1712.6</ele>
      </trkpt>
      <trkpt lat="44.32136" lon="6.70481">
        <ele>1707.5</ele>
      </trkpt>
      <trkpt lat="44.321599" lon="6.70864">
        <ele>1729.9</ele>
      </trkpt>
      <trkpt lat="44.32148" lon="6.70966">
        <ele>1728.4</ele>
      </trkpt>
      <trkpt lat="44.32011" lon="6.71448">
        <ele>1740.3</ele>
      </trkpt>
      <trkpt lat="44.320189" lon="6.71552">
        <ele>1765.9</ele>
      </trkpt>
      <trkpt lat="44.31929" lon="6.7169">
        <ele>1743.5</ele>
      </trkpt>
      <trkpt lat="44.31961" lon="6.72107">
        <ele>1753.6</ele>
      </trkpt>
      <trkpt lat="44.31879" lon="6.72353">
        <ele>1743.3</ele>
      </trkpt>
      <trkpt lat="44.3117" lon="6.73967">
        <ele>1779.4</ele>
      </trkpt>
      <trkpt lat="44.31074" lon="6.73916">
        <ele>1788.0</ele>
      </trkpt>
      <trkpt lat="44.3112" lon="6.7379">
        <ele>1786.2</ele>
      </trkpt>
      <trkpt lat="44.31125" lon="6.73688">
        <ele>1801.0</ele>
      </trkpt>
      <trkpt lat="44.31075" lon="6.73704">
        <ele>1815.2</ele>
      </trkpt>
      <trkpt lat="44.31103" lon="6.73641">
        <ele>1816.4</ele>
      </trkpt>
      <trkpt lat="44.31038" lon="6.73726">
        <ele>1828.3</ele>
      </trkpt>
      <trkpt lat="44.3084" lon="6.74078">
        <ele>1850.0</ele>
      </trkpt>
      <trkpt lat="44.3074" lon="6.74185">
        <ele>1857.2</ele>
      </trkpt>
      <trkpt lat="44.30571" lon="6.74278">
        <ele>1861.7</ele>
      </trkpt>
      <trkpt lat="44.303579" lon="6.74424">
        <ele>1867.0</ele>
      </trkpt>
      <trkpt lat="44.30239" lon="6.74442">
        <ele>1864.1</ele>
      </trkpt>
      <trkpt lat="44.30048" lon="6.74414">
        <ele>1888.0</ele>
      </trkpt>
      <trkpt lat="44.29782" lon="6.74433">
        <ele>1897.2</ele>
      </trkpt>
      <trkpt lat="44.29556" lon="6.74392">
        <ele>1913.4</ele>
      </trkpt>
      <trkpt lat="44.29215" lon="6.74411">
        <ele>1921.6</ele>
      </trkpt>
      <trkpt lat="44.29086" lon="6.74397">
        <ele>1922.1</ele>
      </trkpt>
      <trkpt lat="44.28736" lon="6.74221">
        <ele>1944.3</ele>
      </trkpt>
      <trkpt lat="44.28498" lon="6.742">
        <ele>1957.3</ele>
      </trkpt>
      <trkpt lat="44.28379" lon="6.7438">
        <ele>1968.7</ele>
      </trkpt>
      <trkpt lat="44.285559" lon="6.74422">
        <ele>1964.8</ele>
      </trkpt>
      <trkpt lat="44.28499" lon="6.74498">
        <ele>1989.9</ele>
      </trkpt>
      <trkpt lat="44.28491" lon="6.74611">
        <ele>2001.2</ele>
      </trkpt>
      <trkpt lat="44.28292" lon="6.74615">
        <ele>2007.9</ele>
      </trkpt>
      <trkpt lat="44.2804" lon="6.74542">
        <ele>2060.1</ele>
      </trkpt>
      <trkpt lat="44.281" lon="6.74358">
        <ele>2044.6</ele>
      </trkpt>
      <trkpt lat="44.27992" lon="6.74133">
        <ele>2063.9</ele>
      </trkpt>
      <trkpt lat="44.27857" lon="6.74303">
        <ele>2093.0</ele>
      </trkpt>
      <trkpt lat="44.27926" lon="6.74552">
        <ele>2102.0</ele>
      </trkpt>
      <trkpt lat="44.27892" lon="6.74628">
        <ele>2100.2</ele>
      </trkpt>
      <trkpt lat="44.27715" lon="6.74606">
        <ele>2117.3</ele>
      </trkpt>
      <trkpt lat="44.27775" lon="6.74507">
        <ele>2127.4</ele>
      </trkpt>
      <trkpt lat="44.27743" lon="6.74404">
        <ele>2142.4</ele>
      </trkpt>
      <trkpt lat="44.27675" lon="6.74479">
        <ele>2148.4</ele>
      </trkpt>
      <trkpt lat="44.27363" lon="6.7451">
        <ele>2178.8</ele>
      </trkpt>
      <trkpt lat="44.271949" lon="6.74494">
        <ele>2202.1</ele>
      </trkpt>
      <trkpt lat="44.27121" lon="6.74628">
        <ele>2197.8</ele>
      </trkpt>
      <trkpt lat="44.265659" lon="6.74593">
        <ele>2248.7</ele>
      </trkpt>
      <trkpt lat="44.26396" lon="6.74603">
        <ele>2259.4</ele>
      </trkpt>
      <trkpt lat="44.26354" lon="6.74539">
        <ele>2265.0</ele>
      </trkpt>
      <trkpt lat="44.26427" lon="6.74501">
        <ele>2271.7</ele>
      </trkpt>
      <trkpt lat="44.264069" lon="6.74419">
        <ele>2280.0</ele>
      </trkpt>
      <trkpt lat="44.26311" lon="6.74251">
        <ele>2288.9</ele>
      </trkpt>
      <trkpt lat="44.261329" lon="6.74264">
        <ele>2309.9</ele>
      </trkpt>
      <trkpt lat="44.2613" lon="6.74253">
        <ele>2311.9</ele>
      </trkpt>
      <trkpt lat="44.26127" lon="6.74255">
        <ele>2312.0</ele>
      </trkpt>
      <trkpt lat="44.2611" lon="6.74264">
        <ele>2313.0</ele>
      </trkpt>
      <trkpt lat="44.26108" lon="6.74265">
        <ele>2313.1</ele>
      </trkpt>
      <trkpt lat="44.26094" lon="6.74274">
        <ele>2313.6</ele>
      </trkpt>
      <trkpt lat="44.26077" lon="6.74285">
        <ele>2315.0</ele>
      </trkpt>
      <trkpt lat="44.260689" lon="6.7429">
        <ele>2316.5</ele>
      </trkpt>
      <trkpt lat="44.26062" lon="6.74295">
        <ele>2317.6</ele>
      </trkpt>
      <trkpt lat="44.26055" lon="6.74301">
        <ele>2318.5</ele>
      </trkpt>
      <trkpt lat="44.26048" lon="6.74308">
        <ele>2319.1</ele>
      </trkpt>
      <trkpt lat="44.26046" lon="6.7431">
        <ele>2319.2</ele>
      </trkpt>
      <trkpt lat="44.26042" lon="6.74315">
        <ele>2319.3</ele>
      </trkpt>
      <trkpt lat="44.26036" lon="6.74324">
        <ele>2318.9</ele>
      </trkpt>
      <trkpt lat="44.26033" lon="6.74327">
        <ele>2319.1</ele>
      </trkpt>
      <trkpt lat="44.260309" lon="6.74332">
        <ele>2318.5</ele>
      </trkpt>
      <trkpt lat="44.26026" lon="6.74339">
        <ele>2318.7</ele>
      </trkpt>
      <trkpt lat="44.26021" lon="6.74345">
        <ele>2319.2</ele>
      </trkpt>
      <trkpt lat="44.26021" lon="6.74346">
        <ele>2319.1</ele>
      </trkpt>
      <trkpt lat="44.26015" lon="6.74352">
        <ele>2319.7</ele>
      </trkpt>
      <trkpt lat="44.2601" lon="6.74357">
        <ele>2320.2</ele>
      </trkpt>
      <trkpt lat="44.26006" lon="6.7436">
        <ele>2320.8</ele>
      </trkpt>
      <trkpt lat="44.26003" lon="6.74362">
        <ele>2321.2</ele>
      </trkpt>
      <trkpt lat="44.25997" lon="6.74366">
        <ele>2321.8</ele>
      </trkpt>
      <trkpt lat="44.25989" lon="6.74369">
        <ele>2322.6</ele>
      </trkpt>
      <trkpt lat="44.25983" lon="6.74371">
        <ele>2323.2</ele>
      </trkpt>
      <trkpt lat="44.25978" lon="6.74373">
        <ele>2323.7</ele>
      </trkpt>
      <trkpt lat="44.25961" lon="6.7438">
        <ele>2325.4</ele>
      </trkpt>
      <trkpt lat="44.25943" lon="6.74387">
        <ele>2327.4</ele>
      </trkpt>
      <trkpt lat="44.25926" lon="6.74394">
        <ele>2329.2</ele>
      </trkpt>
      <trkpt lat="44.2592" lon="6.74396">
        <ele>2329.9</ele>
      </trkpt>
      <trkpt lat="44.25918" lon="6.74397">
        <ele>2330.1</ele>
      </trkpt>
      <trkpt lat="44.25918" lon="6.74397">
        <ele>2330.1</ele>
      </trkpt>
      <trkpt lat="44.25906" lon="6.74402">
        <ele>2329.0</ele>
      </trkpt>
      <trkpt lat="44.25892" lon="6.74409">
        <ele>2327.0</ele>
      </trkpt>
      <trkpt lat="44.25885" lon="6.74415">
        <ele>2325.6</ele>
      </trkpt>
      <trkpt lat="44.25882" lon="6.74417">
        <ele>2325.1</ele>
      </trkpt>
      <trkpt lat="44.2587" lon="6.74429">
        <ele>2324.6</ele>
      </trkpt>
      <trkpt lat="44.25869" lon="6.74429">
        <ele>2324.5</ele>
      </trkpt>
      <trkpt lat="44.25855" lon="6.74443">
        <ele>2324.0</ele>
      </trkpt>
      <trkpt lat="44.2584" lon="6.74457">
        <ele>2323.5</ele>
      </trkpt>
      <trkpt lat="44.25821" lon="6.74476">
        <ele>2322.4</ele>
      </trkpt>
      <trkpt lat="44.2581" lon="6.74486">
        <ele>2321.4</ele>
      </trkpt>
      <trkpt lat="44.25803" lon="6.74493">
        <ele>2320.8</ele>
      </trkpt>
      <trkpt lat="44.25795" lon="6.74499">
        <ele>2319.9</ele>
      </trkpt>
      <trkpt lat="44.25789" lon="6.74503">
        <ele>2319.7</ele>
      </trkpt>
      <trkpt lat="44.25781" lon="6.74508">
        <ele>2319.7</ele>
      </trkpt>
      <trkpt lat="44.257599" lon="6.74518">
        <ele>2319.0</ele>
      </trkpt>
      <trkpt lat="44.25744" lon="6.74523">
        <ele>2318.0</ele>
      </trkpt>
      <trkpt lat="44.25743" lon="6.74524">
        <ele>2318.0</ele>
      </trkpt>
      <trkpt lat="44.257309" lon="6.74526">
        <ele>2316.9</ele>
      </trkpt>
      <trkpt lat="44.25726" lon="6.74525">
        <ele>2316.1</ele>
      </trkpt>
      <trkpt lat="44.25721" lon="6.74525">
        <ele>2315.5</ele>
      </trkpt>
      <trkpt lat="44.2571" lon="6.74522">
        <ele>2313.7</ele>
      </trkpt>
      <trkpt lat="44.25709" lon="6.74522">
        <ele>2313.6</ele>
      </trkpt>
      <trkpt lat="44.25692" lon="6.74513">
        <ele>2310.6</ele>
      </trkpt>
      <trkpt lat="44.256839" lon="6.7451">
        <ele>2309.5</ele>
      </trkpt>
      <trkpt lat="44.256749" lon="6.7451">
        <ele>2308.6</ele>
      </trkpt>
      <trkpt lat="44.25674" lon="6.74511">
        <ele>2308.5</ele>
      </trkpt>
      <trkpt lat="44.25665" lon="6.74514">
        <ele>2307.8</ele>
      </trkpt>
      <trkpt lat="44.25657" lon="6.7452">
        <ele>2307.4</ele>
      </trkpt>
      <trkpt lat="44.25645" lon="6.7453">
        <ele>2306.3</ele>
      </trkpt>
      <trkpt lat="44.25627" lon="6.74546">
        <ele>2303.8</ele>
      </trkpt>
      <trkpt lat="44.25617" lon="6.74555">
        <ele>2301.9</ele>
      </trkpt>
      <trkpt lat="44.25611" lon="6.74559">
        <ele>2300.6</ele>
      </trkpt>
      <trkpt lat="44.25604" lon="6.74565">
        <ele>2299.0</ele>
      </trkpt>
      <trkpt lat="44.25595" lon="6.7457">
        <ele>2296.8</ele>
      </trkpt>
      <trkpt lat="44.25586" lon="6.74572">
        <ele>2294.7</ele>
      </trkpt>
      <trkpt lat="44.25577" lon="6.7457">
        <ele>2293.4</ele>
      </trkpt>
      <trkpt lat="44.25575" lon="6.7457">
        <ele>2293.2</ele>
      </trkpt>
      <trkpt lat="44.2556" lon="6.74564">
        <ele>2291.9</ele>
      </trkpt>
      <trkpt lat="44.25558" lon="6.74563">
        <ele>2291.8</ele>
      </trkpt>
      <trkpt lat="44.255429" lon="6.74554">
        <ele>2291.4</ele>
      </trkpt>
      <trkpt lat="44.25531" lon="6.74546">
        <ele>2291.5</ele>
      </trkpt>
      <trkpt lat="44.25527" lon="6.74543">
        <ele>2291.7</ele>
      </trkpt>
      <trkpt lat="44.25519" lon="6.74536">
        <ele>2292.3</ele>
      </trkpt>
      <trkpt lat="44.25513" lon="6.74529">
        <ele>2293.3</ele>
      </trkpt>
      <trkpt lat="44.25511" lon="6.74527">
        <ele>2293.6</ele>
      </trkpt>
      <trkpt lat="44.25505" lon="6.74519">
        <ele>2294.9</ele>
      </trkpt>
      <trkpt lat="44.25501" lon="6.74509">
        <ele>2297.0</ele>
      </trkpt>
      <trkpt lat="44.25498" lon="6.74502">
        <ele>2298.4</ele>
      </trkpt>
      <trkpt lat="44.25493" lon="6.74493">
        <ele>2300.2</ele>
      </trkpt>
      <trkpt lat="44.2549" lon="6.7449">
        <ele>2300.9</ele>
      </trkpt>
      <trkpt lat="44.2549" lon="6.74489">
        <ele>2301.2</ele>
      </trkpt>
      <trkpt lat="44.254869" lon="6.74488">
        <ele>2301.3</ele>
      </trkpt>
      <trkpt lat="44.25483" lon="6.74487">
        <ele>2301.3</ele>
      </trkpt>
      <trkpt lat="44.2548" lon="6.74487">
        <ele>2301.2</ele>
      </trkpt>
      <trkpt lat="44.25477" lon="6.74489">
        <ele>2300.4</ele>
      </trkpt>
      <trkpt lat="44.25473" lon="6.74493">
        <ele>2298.8</ele>
      </trkpt>
      <trkpt lat="44.25471" lon="6.74496">
        <ele>2297.6</ele>
      </trkpt>
      <trkpt lat="44.25471" lon="6.745">
        <ele>2296.2</ele>
      </trkpt>
      <trkpt lat="44.25472" lon="6.74509">
        <ele>2294.2</ele>
      </trkpt>
      <trkpt lat="44.25475" lon="6.74515">
        <ele>2293.1</ele>
      </trkpt>
      <trkpt lat="44.25476" lon="6.74516">
        <ele>2293.0</ele>
      </trkpt>
      <trkpt lat="44.25484" lon="6.74526">
        <ele>2291.5</ele>
      </trkpt>
      <trkpt lat="44.25489" lon="6.74532">
        <ele>2290.6</ele>
      </trkpt>
      <trkpt lat="44.25491" lon="6.74534">
        <ele>2290.3</ele>
      </trkpt>
      <trkpt lat="44.25503" lon="6.74546">
        <ele>2288.8</ele>
      </trkpt>
      <trkpt lat="44.25511" lon="6.74555">
        <ele>2287.7</ele>
      </trkpt>
      <trkpt lat="44.25517" lon="6.74562">
        <ele>2286.9</ele>
      </trkpt>
      <trkpt lat="44.25531" lon="6.74578">
        <ele>2285.8</ele>
      </trkpt>
      <trkpt lat="44.25533" lon="6.74581">
        <ele>2285.6</ele>
      </trkpt>
      <trkpt lat="44.255429" lon="6.74591">
        <ele>2285.7</ele>
      </trkpt>
      <trkpt lat="44.25545" lon="6.74594">
        <ele>2285.7</ele>
      </trkpt>
      <trkpt lat="44.25546" lon="6.74597">
        <ele>2285.4</ele>
      </trkpt>
      <trkpt lat="44.2555" lon="6.74607">
        <ele>2284.9</ele>
      </trkpt>
      <trkpt lat="44.25553" lon="6.74615">
        <ele>2284.5</ele>
      </trkpt>
      <trkpt lat="44.25553" lon="6.74616">
        <ele>2284.4</ele>
      </trkpt>
      <trkpt lat="44.25557" lon="6.74633">
        <ele>2283.2</ele>
      </trkpt>
      <trkpt lat="44.25558" lon="6.7464">
        <ele>2282.6</ele>
      </trkpt>
      <trkpt lat="44.25558" lon="6.74645">
        <ele>2282.1</ele>
      </trkpt>
      <trkpt lat="44.25558" lon="6.74657">
        <ele>2280.7</ele>
      </trkpt>
      <trkpt lat="44.25556" lon="6.74665">
        <ele>2279.3</ele>
      </trkpt>
      <trkpt lat="44.25552" lon="6.74689">
        <ele>2277.3</ele>
      </trkpt>
      <trkpt lat="44.25551" lon="6.74698">
        <ele>2276.7</ele>
      </trkpt>
      <trkpt lat="44.25548" lon="6.74716">
        <ele>2274.9</ele>
      </trkpt>
      <trkpt lat="44.25547" lon="6.74732">
        <ele>2273.7</ele>
      </trkpt>
      <trkpt lat="44.25548" lon="6.74739">
        <ele>2273.8</ele>
      </trkpt>
      <trkpt lat="44.25548" lon="6.74749">
        <ele>2273.4</ele>
      </trkpt>
      <trkpt lat="44.25554" lon="6.74791">
        <ele>2269.7</ele>
      </trkpt>
      <trkpt lat="44.2556" lon="6.74835">
        <ele>2266.0</ele>
      </trkpt>
      <trkpt lat="44.2556" lon="6.74851">
        <ele>2264.0</ele>
      </trkpt>
      <trkpt lat="44.2556" lon="6.74864">
        <ele>2262.4</ele>
      </trkpt>
      <trkpt lat="44.25558" lon="6.74886">
        <ele>2258.5</ele>
      </trkpt>
      <trkpt lat="44.25558" lon="6.74888">
        <ele>2258.3</ele>
      </trkpt>
      <trkpt lat="44.25554" lon="6.74912">
        <ele>2253.1</ele>
      </trkpt>
      <trkpt lat="44.25552" lon="6.74926">
        <ele>2250.8</ele>
      </trkpt>
      <trkpt lat="44.25551" lon="6.74937">
        <ele>2249.5</ele>
      </trkpt>
      <trkpt lat="44.25549" lon="6.74956">
        <ele>2247.1</ele>
      </trkpt>
      <trkpt lat="44.2555" lon="6.74966">
        <ele>2247.0</ele>
      </trkpt>
      <trkpt lat="44.25552" lon="6.74978">
        <ele>2247.3</ele>
      </trkpt>
      <trkpt lat="44.2556" lon="6.75">
        <ele>2250.7</ele>
      </trkpt>
      <trkpt lat="44.255629" lon="6.75008">
        <ele>2251.1</ele>
      </trkpt>
      <trkpt lat="44.25567" lon="6.75021">
        <ele>2251.0</ele>
      </trkpt>
      <trkpt lat="44.25569" lon="6.75032">
        <ele>2250.1</ele>
      </trkpt>
      <trkpt lat="44.25569" lon="6.75035">
        <ele>2249.5</ele>
      </trkpt>
      <trkpt lat="44.2557" lon="6.75047">
        <ele>2247.8</ele>
      </trkpt>
      <trkpt lat="44.25568" lon="6.75056">
        <ele>2244.9</ele>
      </trkpt>
      <trkpt lat="44.25568" lon="6.75059">
        <ele>2244.4</ele>
      </trkpt>
      <trkpt lat="44.25566" lon="6.75064">
        <ele>2242.3</ele>
      </trkpt>
      <trkpt lat="44.2556" lon="6.75084">
        <ele>2235.3</ele>
      </trkpt>
      <trkpt lat="44.25559" lon="6.75086">
        <ele>2234.6</ele>
      </trkpt>
      <trkpt lat="44.25555" lon="6.751">
        <ele>2231.1</ele>
      </trkpt>
      <trkpt lat="44.25555" lon="6.75107">
        <ele>2230.4</ele>
      </trkpt>
      <trkpt lat="44.25555" lon="6.7511">
        <ele>2230.2</ele>
      </trkpt>
      <trkpt lat="44.25555" lon="6.75121">
        <ele>2229.1</ele>
      </trkpt>
      <trkpt lat="44.25558" lon="6.7513">
        <ele>2229.8</ele>
      </trkpt>
      <trkpt lat="44.25558" lon="6.75132">
        <ele>2229.6</ele>
      </trkpt>
      <trkpt lat="44.25562" lon="6.75139">
        <ele>2231.0</ele>
      </trkpt>
      <trkpt lat="44.25567" lon="6.75145">
        <ele>2233.0</ele>
      </trkpt>
      <trkpt lat="44.25571" lon="6.75148">
        <ele>2234.7</ele>
      </trkpt>
      <trkpt lat="44.25583" lon="6.75155">
        <ele>2240.1</ele>
      </trkpt>
      <trkpt lat="44.25588" lon="6.75158">
        <ele>2241.2</ele>
      </trkpt>
      <trkpt lat="44.25591" lon="6.75159">
        <ele>2241.9</ele>
      </trkpt>
      <trkpt lat="44.25593" lon="6.75162">
        <ele>2242.1</ele>
      </trkpt>
      <trkpt lat="44.25595" lon="6.75164">
        <ele>2242.5</ele>
      </trkpt>
      <trkpt lat="44.25597" lon="6.75166">
        <ele>2242.8</ele>
      </trkpt>
      <trkpt lat="44.25598" lon="6.7517">
        <ele>2243.2</ele>
      </trkpt>
      <trkpt lat="44.25597" lon="6.75176">
        <ele>2243.1</ele>
      </trkpt>
      <trkpt lat="44.25594" lon="6.75181">
        <ele>2242.3</ele>
      </trkpt>
      <trkpt lat="44.25591" lon="6.75183">
        <ele>2241.4</ele>
      </trkpt>
      <trkpt lat="44.25588" lon="6.75183">
        <ele>2240.5</ele>
      </trkpt>
      <trkpt lat="44.25583" lon="6.75182">
        <ele>2238.8</ele>
      </trkpt>
      <trkpt lat="44.255809" lon="6.75181">
        <ele>2237.8</ele>
      </trkpt>
      <trkpt lat="44.25579" lon="6.7518">
        <ele>2236.8</ele>
      </trkpt>
      <trkpt lat="44.25569" lon="6.75169">
        <ele>2231.8</ele>
      </trkpt>
      <trkpt lat="44.255629" lon="6.75161">
        <ele>2229.3</ele>
      </trkpt>
      <trkpt lat="44.25558" lon="6.75155">
        <ele>2227.4</ele>
      </trkpt>
      <trkpt lat="44.25554" lon="6.75148">
        <ele>2226.0</ele>
      </trkpt>
      <trkpt lat="44.25552" lon="6.75145">
        <ele>2225.3</ele>
      </trkpt>
      <trkpt lat="44.25551" lon="6.75142">
        <ele>2225.0</ele>
      </trkpt>
      <trkpt lat="44.25548" lon="6.75136">
        <ele>2224.0</ele>
      </trkpt>
      <trkpt lat="44.25546" lon="6.75129">
        <ele>2223.7</ele>
      </trkpt>
      <trkpt lat="44.25546" lon="6.75126">
        <ele>2223.9</ele>
      </trkpt>
      <trkpt lat="44.25544" lon="6.75117">
        <ele>2223.7</ele>
      </trkpt>
      <trkpt lat="44.25544" lon="6.75104">
        <ele>2224.9</ele>
      </trkpt>
      <trkpt lat="44.25544" lon="6.75093">
        <ele>2225.9</ele>
      </trkpt>
      <trkpt lat="44.25542" lon="6.7508">
        <ele>2226.2</ele>
      </trkpt>
      <trkpt lat="44.25542" lon="6.75077">
        <ele>2226.8</ele>
      </trkpt>
      <trkpt lat="44.2554" lon="6.75071">
        <ele>2226.7</ele>
      </trkpt>
      <trkpt lat="44.25539" lon="6.75069">
        <ele>2226.4</ele>
      </trkpt>
      <trkpt lat="44.2553" lon="6.75046">
        <ele>2225.1</ele>
      </trkpt>
      <trkpt lat="44.25526" lon="6.75036">
        <ele>2224.4</ele>
      </trkpt>
      <trkpt lat="44.25524" lon="6.75029">
        <ele>2224.3</ele>
      </trkpt>
      <trkpt lat="44.25519" lon="6.75009">
        <ele>2224.3</ele>
      </trkpt>
      <trkpt lat="44.255159" lon="6.74988">
        <ele>2225.0</ele>
      </trkpt>
      <trkpt lat="44.25512" lon="6.74963">
        <ele>2225.3</ele>
      </trkpt>
      <trkpt lat="44.25511" lon="6.74962">
        <ele>2224.9</ele>
      </trkpt>
      <trkpt lat="44.25508" lon="6.74939">
        <ele>2225.7</ele>
      </trkpt>
      <trkpt lat="44.25505" lon="6.74914">
        <ele>2227.0</ele>
      </trkpt>
      <trkpt lat="44.25504" lon="6.74912">
        <ele>2226.8</ele>
      </trkpt>
      <trkpt lat="44.25501" lon="6.74889">
        <ele>2228.5</ele>
      </trkpt>
      <trkpt lat="44.255" lon="6.74887">
        <ele>2228.3</ele>
      </trkpt>
      <trkpt lat="44.254959" lon="6.74873">
        <ele>2228.4</ele>
      </trkpt>
      <trkpt lat="44.25493" lon="6.74867">
        <ele>2227.8</ele>
      </trkpt>
      <trkpt lat="44.2549" lon="6.74861">
        <ele>2227.3</ele>
      </trkpt>
      <trkpt lat="44.25467" lon="6.74821">
        <ele>2223.3</ele>
      </trkpt>
      <trkpt lat="44.25459" lon="6.74809">
        <ele>2221.8</ele>
      </trkpt>
      <trkpt lat="44.2545" lon="6.74794">
        <ele>2220.5</ele>
      </trkpt>
      <trkpt lat="44.25432" lon="6.74764">
        <ele>2217.6</ele>
      </trkpt>
      <trkpt lat="44.254219" lon="6.74751">
        <ele>2215.3</ele>
      </trkpt>
      <trkpt lat="44.25421" lon="6.74751">
        <ele>2214.9</ele>
      </trkpt>
      <trkpt lat="44.25413" lon="6.74745">
        <ele>2214.7</ele>
      </trkpt>
      <trkpt lat="44.25403" lon="6.74741">
        <ele>2215.1</ele>
      </trkpt>
      <trkpt lat="44.25394" lon="6.7474">
        <ele>2214.2</ele>
      </trkpt>
      <trkpt lat="44.25385" lon="6.74742">
        <ele>2211.9</ele>
      </trkpt>
      <trkpt lat="44.25372" lon="6.74749">
        <ele>2207.0</ele>
      </trkpt>
      <trkpt lat="44.25354" lon="6.7476">
        <ele>2201.4</ele>
      </trkpt>
      <trkpt lat="44.25353" lon="6.74761">
        <ele>2200.9</ele>
      </trkpt>
      <trkpt lat="44.25344" lon="6.74766">
        <ele>2198.2</ele>
      </trkpt>
      <trkpt lat="44.25343" lon="6.74767">
        <ele>2197.7</ele>
      </trkpt>
      <trkpt lat="44.25339" lon="6.74774">
        <ele>2195.1</ele>
      </trkpt>
      <trkpt lat="44.253369" lon="6.74777">
        <ele>2193.9</ele>
      </trkpt>
      <trkpt lat="44.253369" lon="6.74781">
        <ele>2192.7</ele>
      </trkpt>
      <trkpt lat="44.253369" lon="6.74784">
        <ele>2191.9</ele>
      </trkpt>
      <trkpt lat="44.25336" lon="6.74788">
        <ele>2190.6</ele>
      </trkpt>
      <trkpt lat="44.253369" lon="6.74791">
        <ele>2189.9</ele>
      </trkpt>
      <trkpt lat="44.25338" lon="6.74793">
        <ele>2189.5</ele>
      </trkpt>
      <trkpt lat="44.2534" lon="6.74796">
        <ele>2189.1</ele>
      </trkpt>
      <trkpt lat="44.25341" lon="6.74798">
        <ele>2188.8</ele>
      </trkpt>
      <trkpt lat="44.25342" lon="6.74799">
        <ele>2188.7</ele>
      </trkpt>
      <trkpt lat="44.25345" lon="6.74801">
        <ele>2188.8</ele>
      </trkpt>
      <trkpt lat="44.25348" lon="6.74802">
        <ele>2189.1</ele>
      </trkpt>
      <trkpt lat="44.25351" lon="6.74802">
        <ele>2189.8</ele>
      </trkpt>
      <trkpt lat="44.25356" lon="6.748">
        <ele>2191.3</ele>
      </trkpt>
      <trkpt lat="44.25365" lon="6.74796">
        <ele>2194.2</ele>
      </trkpt>
      <trkpt lat="44.2538" lon="6.74788">
        <ele>2199.1</ele>
      </trkpt>
      <trkpt lat="44.2539" lon="6.74786">
        <ele>2201.4</ele>
      </trkpt>
      <trkpt lat="44.253929" lon="6.74786">
        <ele>2202.0</ele>
      </trkpt>
      <trkpt lat="44.25397" lon="6.74786">
        <ele>2202.8</ele>
      </trkpt>
      <trkpt lat="44.25401" lon="6.74788">
        <ele>2203.1</ele>
      </trkpt>
      <trkpt lat="44.25407" lon="6.74793">
        <ele>2203.3</ele>
      </trkpt>
      <trkpt lat="44.25408" lon="6.74794">
        <ele>2203.3</ele>
      </trkpt>
      <trkpt lat="44.25414" lon="6.748">
        <ele>2203.4</ele>
      </trkpt>
      <trkpt lat="44.25419" lon="6.74807">
        <ele>2203.8</ele>
      </trkpt>
      <trkpt lat="44.2542" lon="6.7481">
        <ele>2203.7</ele>
      </trkpt>
      <trkpt lat="44.25427" lon="6.74826">
        <ele>2204.0</ele>
      </trkpt>
      <trkpt lat="44.25429" lon="6.74832">
        <ele>2203.9</ele>
      </trkpt>
      <trkpt lat="44.25438" lon="6.74857">
        <ele>2203.5</ele>
      </trkpt>
      <trkpt lat="44.25447" lon="6.7488">
        <ele>2203.7</ele>
      </trkpt>
      <trkpt lat="44.25451" lon="6.74894">
        <ele>2203.2</ele>
      </trkpt>
      <trkpt lat="44.25453" lon="6.74907">
        <ele>2202.0</ele>
      </trkpt>
      <trkpt lat="44.25454" lon="6.74917">
        <ele>2200.8</ele>
      </trkpt>
      <trkpt lat="44.25453" lon="6.74938">
        <ele>2196.7</ele>
      </trkpt>
      <trkpt lat="44.25452" lon="6.74949">
        <ele>2194.4</ele>
      </trkpt>
      <trkpt lat="44.25451" lon="6.74964">
        <ele>2191.3</ele>
      </trkpt>
      <trkpt lat="44.25451" lon="6.74974">
        <ele>2189.6</ele>
      </trkpt>
      <trkpt lat="44.2545" lon="6.74982">
        <ele>2187.7</ele>
      </trkpt>
      <trkpt lat="44.25452" lon="6.75001">
        <ele>2185.6</ele>
      </trkpt>
      <trkpt lat="44.25455" lon="6.75018">
        <ele>2184.2</ele>
      </trkpt>
      <trkpt lat="44.25466" lon="6.7506">
        <ele>2183.7</ele>
      </trkpt>
      <trkpt lat="44.2547" lon="6.75074">
        <ele>2184.0</ele>
      </trkpt>
      <trkpt lat="44.25476" lon="6.75108">
        <ele>2185.8</ele>
      </trkpt>
      <trkpt lat="44.25477" lon="6.75115">
        <ele>2186.3</ele>
      </trkpt>
      <trkpt lat="44.25477" lon="6.75119">
        <ele>2186.1</ele>
      </trkpt>
      <trkpt lat="44.25481" lon="6.75143">
        <ele>2187.7</ele>
      </trkpt>
      <trkpt lat="44.25482" lon="6.75155">
        <ele>2187.8</ele>
      </trkpt>
      <trkpt lat="44.25481" lon="6.75163">
        <ele>2186.9</ele>
      </trkpt>
      <trkpt lat="44.25479" lon="6.75168">
        <ele>2185.7</ele>
      </trkpt>
      <trkpt lat="44.25477" lon="6.75175">
        <ele>2184.9</ele>
      </trkpt>
      <trkpt lat="44.25465" lon="6.75198">
        <ele>2179.8</ele>
      </trkpt>
      <trkpt lat="44.25452" lon="6.75222">
        <ele>2175.3</ele>
      </trkpt>
      <trkpt lat="44.25443" lon="6.75232">
        <ele>2172.1</ele>
      </trkpt>
      <trkpt lat="44.25432" lon="6.75243">
        <ele>2168.5</ele>
      </trkpt>
      <trkpt lat="44.25426" lon="6.75249">
        <ele>2166.7</ele>
      </trkpt>
      <trkpt lat="44.25418" lon="6.75258">
        <ele>2164.1</ele>
      </trkpt>
      <trkpt lat="44.25415" lon="6.75262">
        <ele>2163.2</ele>
      </trkpt>
      <trkpt lat="44.2541" lon="6.7527">
        <ele>2161.8</ele>
      </trkpt>
      <trkpt lat="44.25406" lon="6.75276">
        <ele>2160.6</ele>
      </trkpt>
      <trkpt lat="44.25395" lon="6.75297">
        <ele>2157.5</ele>
      </trkpt>
      <trkpt lat="44.25391" lon="6.75306">
        <ele>2156.5</ele>
      </trkpt>
      <trkpt lat="44.25386" lon="6.75318">
        <ele>2155.2</ele>
      </trkpt>
      <trkpt lat="44.25385" lon="6.75321">
        <ele>2154.9</ele>
      </trkpt>
      <trkpt lat="44.25383" lon="6.75333">
        <ele>2154.8</ele>
      </trkpt>
      <trkpt lat="44.25383" lon="6.75343">
        <ele>2154.0</ele>
      </trkpt>
      <trkpt lat="44.25386" lon="6.75367">
        <ele>2153.0</ele>
      </trkpt>
      <trkpt lat="44.25389" lon="6.75392">
        <ele>2152.0</ele>
      </trkpt>
      <trkpt lat="44.25389" lon="6.75409">
        <ele>2150.4</ele>
      </trkpt>
      <trkpt lat="44.25389" lon="6.75417">
        <ele>2149.7</ele>
      </trkpt>
      <trkpt lat="44.2539" lon="6.75427">
        <ele>2150.2</ele>
      </trkpt>
      <trkpt lat="44.25389" lon="6.75436">
        <ele>2149.9</ele>
      </trkpt>
      <trkpt lat="44.25387" lon="6.75441">
        <ele>2149.2</ele>
      </trkpt>
      <trkpt lat="44.25386" lon="6.75443">
        <ele>2148.9</ele>
      </trkpt>
      <trkpt lat="44.253839" lon="6.75444">
        <ele>2148.1</ele>
      </trkpt>
      <trkpt lat="44.25382" lon="6.75445">
        <ele>2147.4</ele>
      </trkpt>
      <trkpt lat="44.2538" lon="6.75445">
        <ele>2146.6</ele>
      </trkpt>
      <trkpt lat="44.25378" lon="6.75444">
        <ele>2145.8</ele>
      </trkpt>
      <trkpt lat="44.25377" lon="6.75442">
        <ele>2145.4</ele>
      </trkpt>
      <trkpt lat="44.253749" lon="6.75439">
        <ele>2144.5</ele>
      </trkpt>
      <trkpt lat="44.25374" lon="6.75433">
        <ele>2144.0</ele>
      </trkpt>
      <trkpt lat="44.25373" lon="6.7543">
        <ele>2143.5</ele>
      </trkpt>
      <trkpt lat="44.25374" lon="6.75408">
        <ele>2144.4</ele>
      </trkpt>
      <trkpt lat="44.253749" lon="6.75394">
        <ele>2146.0</ele>
      </trkpt>
      <trkpt lat="44.25374" lon="6.75383">
        <ele>2146.6</ele>
      </trkpt>
      <trkpt lat="44.25374" lon="6.75382">
        <ele>2146.7</ele>
      </trkpt>
      <trkpt lat="44.25371" lon="6.75372">
        <ele>2146.4</ele>
      </trkpt>
      <trkpt lat="44.25366" lon="6.75361">
        <ele>2145.3</ele>
      </trkpt>
      <trkpt lat="44.25364" lon="6.75355">
        <ele>2145.0</ele>
      </trkpt>
      <trkpt lat="44.2536" lon="6.75343">
        <ele>2144.4</ele>
      </trkpt>
      <trkpt lat="44.25358" lon="6.75333">
        <ele>2144.3</ele>
      </trkpt>
      <trkpt lat="44.25357" lon="6.75313">
        <ele>2142.8</ele>
      </trkpt>
      <trkpt lat="44.25356" lon="6.7529">
        <ele>2141.2</ele>
      </trkpt>
      <trkpt lat="44.25356" lon="6.75288">
        <ele>2141.1</ele>
      </trkpt>
      <trkpt lat="44.25354" lon="6.75263">
        <ele>2138.9</ele>
      </trkpt>
      <trkpt lat="44.25352" lon="6.7524">
        <ele>2136.1</ele>
      </trkpt>
      <trkpt lat="44.25352" lon="6.75238">
        <ele>2135.8</ele>
      </trkpt>
      <trkpt lat="44.2535" lon="6.75213">
        <ele>2131.7</ele>
      </trkpt>
      <trkpt lat="44.25349" lon="6.75191">
        <ele>2128.4</ele>
      </trkpt>
      <trkpt lat="44.25349" lon="6.75188">
        <ele>2128.0</ele>
      </trkpt>
      <trkpt lat="44.25349" lon="6.75178">
        <ele>2126.7</ele>
      </trkpt>
      <trkpt lat="44.2535" lon="6.75169">
        <ele>2125.9</ele>
      </trkpt>
      <trkpt lat="44.25351" lon="6.75163">
        <ele>2125.8</ele>
      </trkpt>
      <trkpt lat="44.25352" lon="6.7516">
        <ele>2126.0</ele>
      </trkpt>
      <trkpt lat="44.25371" lon="6.75121">
        <ele>2131.2</ele>
      </trkpt>
      <trkpt lat="44.25373" lon="6.75117">
        <ele>2131.8</ele>
      </trkpt>
      <trkpt lat="44.25374" lon="6.75114">
        <ele>2132.0</ele>
      </trkpt>
      <trkpt lat="44.25377" lon="6.75108">
        <ele>2132.7</ele>
      </trkpt>
      <trkpt lat="44.25381" lon="6.751">
        <ele>2133.8</ele>
      </trkpt>
      <trkpt lat="44.253839" lon="6.75085">
        <ele>2134.0</ele>
      </trkpt>
      <trkpt lat="44.253839" lon="6.75084">
        <ele>2133.9</ele>
      </trkpt>
      <trkpt lat="44.25385" lon="6.75063">
        <ele>2137.2</ele>
      </trkpt>
      <trkpt lat="44.25382" lon="6.75045">
        <ele>2138.4</ele>
      </trkpt>
      <trkpt lat="44.2538" lon="6.75036">
        <ele>2138.7</ele>
      </trkpt>
      <trkpt lat="44.25378" lon="6.7503">
        <ele>2138.4</ele>
      </trkpt>
      <trkpt lat="44.25373" lon="6.7502">
        <ele>2137.0</ele>
      </trkpt>
      <trkpt lat="44.25369" lon="6.75016">
        <ele>2135.3</ele>
      </trkpt>
      <trkpt lat="44.25366" lon="6.75012">
        <ele>2134.1</ele>
      </trkpt>
      <trkpt lat="44.25358" lon="6.75009">
        <ele>2129.8</ele>
      </trkpt>
      <trkpt lat="44.25344" lon="6.75007">
        <ele>2122.0</ele>
      </trkpt>
      <trkpt lat="44.25335" lon="6.75005">
        <ele>2116.9</ele>
      </trkpt>
      <trkpt lat="44.25334" lon="6.75005">
        <ele>2116.3</ele>
      </trkpt>
      <trkpt lat="44.25325" lon="6.75">
        <ele>2112.2</ele>
      </trkpt>
      <trkpt lat="44.25318" lon="6.74995">
        <ele>2110.3</ele>
      </trkpt>
      <trkpt lat="44.25316" lon="6.74994">
        <ele>2109.7</ele>
      </trkpt>
      <trkpt lat="44.25312" lon="6.74994">
        <ele>2107.9</ele>
      </trkpt>
      <trkpt lat="44.2531" lon="6.74995">
        <ele>2106.7</ele>
      </trkpt>
      <trkpt lat="44.25308" lon="6.74997">
        <ele>2105.2</ele>
      </trkpt>
      <trkpt lat="44.25305" lon="6.75002">
        <ele>2103.0</ele>
      </trkpt>
      <trkpt lat="44.25305" lon="6.75005">
        <ele>2102.9</ele>
      </trkpt>
      <trkpt lat="44.25305" lon="6.7501">
        <ele>2102.7</ele>
      </trkpt>
      <trkpt lat="44.25308" lon="6.75016">
        <ele>2103.9</ele>
      </trkpt>
      <trkpt lat="44.25315" lon="6.75024">
        <ele>2106.9</ele>
      </trkpt>
      <trkpt lat="44.25338" lon="6.75048">
        <ele>2117.6</ele>
      </trkpt>
      <trkpt lat="44.25342" lon="6.75056">
        <ele>2119.2</ele>
      </trkpt>
      <trkpt lat="44.25342" lon="6.75057">
        <ele>2119.1</ele>
      </trkpt>
      <trkpt lat="44.25345" lon="6.75066">
        <ele>2120.1</ele>
      </trkpt>
      <trkpt lat="44.253459" lon="6.75078">
        <ele>2120.0</ele>
      </trkpt>
      <trkpt lat="44.253459" lon="6.75081">
        <ele>2119.8</ele>
      </trkpt>
      <trkpt lat="44.25345" lon="6.75095">
        <ele>2119.9</ele>
      </trkpt>
      <trkpt lat="44.25343" lon="6.75103">
        <ele>2119.6</ele>
      </trkpt>
      <trkpt lat="44.25343" lon="6.75105">
        <ele>2119.7</ele>
      </trkpt>
      <trkpt lat="44.25342" lon="6.75108">
        <ele>2119.5</ele>
      </trkpt>
      <trkpt lat="44.2534" lon="6.75114">
        <ele>2119.0</ele>
      </trkpt>
      <trkpt lat="44.2534" lon="6.75116">
        <ele>2119.1</ele>
      </trkpt>
      <trkpt lat="44.25336" lon="6.75125">
        <ele>2118.0</ele>
      </trkpt>
      <trkpt lat="44.25327" lon="6.75137">
        <ele>2114.7</ele>
      </trkpt>
      <trkpt lat="44.25306" lon="6.75161">
        <ele>2107.3</ele>
      </trkpt>
      <trkpt lat="44.25292" lon="6.75177">
        <ele>2103.6</ele>
      </trkpt>
      <trkpt lat="44.25288" lon="6.75181">
        <ele>2102.5</ele>
      </trkpt>
      <trkpt lat="44.25278" lon="6.75193">
        <ele>2100.1</ele>
      </trkpt>
      <trkpt lat="44.25276" lon="6.75196">
        <ele>2099.7</ele>
      </trkpt>
      <trkpt lat="44.2527" lon="6.75206">
        <ele>2098.7</ele>
      </trkpt>
      <trkpt lat="44.2525" lon="6.75249">
        <ele>2096.9</ele>
      </trkpt>
      <trkpt lat="44.25238" lon="6.75276">
        <ele>2091.1</ele>
      </trkpt>
      <trkpt lat="44.252339" lon="6.75285">
        <ele>2089.2</ele>
      </trkpt>
      <trkpt lat="44.25231" lon="6.75297">
        <ele>2087.7</ele>
      </trkpt>
      <trkpt lat="44.25231" lon="6.75299">
        <ele>2087.7</ele>
      </trkpt>
      <trkpt lat="44.2523" lon="6.75308">
        <ele>2087.1</ele>
      </trkpt>
      <trkpt lat="44.2523" lon="6.7532">
        <ele>2087.0</ele>
      </trkpt>
      <trkpt lat="44.25231" lon="6.75324">
        <ele>2087.4</ele>
      </trkpt>
      <trkpt lat="44.25233" lon="6.75331">
        <ele>2088.3</ele>
      </trkpt>
      <trkpt lat="44.25236" lon="6.75339">
        <ele>2089.2</ele>
      </trkpt>
      <trkpt lat="44.2524" lon="6.75346">
        <ele>2090.4</ele>
      </trkpt>
      <trkpt lat="44.25247" lon="6.75361">
        <ele>2092.1</ele>
      </trkpt>
      <trkpt lat="44.2525" lon="6.75367">
        <ele>2092.8</ele>
      </trkpt>
      <trkpt lat="44.252519" lon="6.75373">
        <ele>2093.1</ele>
      </trkpt>
      <trkpt lat="44.25254" lon="6.75384">
        <ele>2093.0</ele>
      </trkpt>
      <trkpt lat="44.25254" lon="6.75395">
        <ele>2091.9</ele>
      </trkpt>
      <trkpt lat="44.25251" lon="6.7541">
        <ele>2089.1</ele>
      </trkpt>
      <trkpt lat="44.25249" lon="6.75414">
        <ele>2087.9</ele>
      </trkpt>
      <trkpt lat="44.25244" lon="6.75426">
        <ele>2086.8</ele>
      </trkpt>
      <trkpt lat="44.25239" lon="6.75436">
        <ele>2085.8</ele>
      </trkpt>
      <trkpt lat="44.25236" lon="6.75441">
        <ele>2085.3</ele>
      </trkpt>
      <trkpt lat="44.252339" lon="6.75446">
        <ele>2084.9</ele>
      </trkpt>
      <trkpt lat="44.25229" lon="6.75452">
        <ele>2084.2</ele>
      </trkpt>
      <trkpt lat="44.25226" lon="6.75454">
        <ele>2083.8</ele>
      </trkpt>
      <trkpt lat="44.25223" lon="6.75456">
        <ele>2083.5</ele>
      </trkpt>
      <trkpt lat="44.25211" lon="6.75459">
        <ele>2082.2</ele>
      </trkpt>
      <trkpt lat="44.25209" lon="6.7546">
        <ele>2081.6</ele>
      </trkpt>
      <trkpt lat="44.25197" lon="6.75462">
        <ele>2077.3</ele>
      </trkpt>
      <trkpt lat="44.25191" lon="6.75466">
        <ele>2075.6</ele>
      </trkpt>
      <trkpt lat="44.2519" lon="6.75467">
        <ele>2075.4</ele>
      </trkpt>
      <trkpt lat="44.25184" lon="6.75475">
        <ele>2074.3</ele>
      </trkpt>
      <trkpt lat="44.2518" lon="6.75486">
        <ele>2074.4</ele>
      </trkpt>
      <trkpt lat="44.25176" lon="6.75498">
        <ele>2074.6</ele>
      </trkpt>
      <trkpt lat="44.25171" lon="6.75507">
        <ele>2074.9</ele>
      </trkpt>
      <trkpt lat="44.25169" lon="6.75511">
        <ele>2075.3</ele>
      </trkpt>
      <trkpt lat="44.25153" lon="6.75536">
        <ele>2076.3</ele>
      </trkpt>
      <trkpt lat="44.25139" lon="6.75553">
        <ele>2075.7</ele>
      </trkpt>
      <trkpt lat="44.25133" lon="6.75559">
        <ele>2075.1</ele>
      </trkpt>
      <trkpt lat="44.25128" lon="6.75564">
        <ele>2074.5</ele>
      </trkpt>
      <trkpt lat="44.25117" lon="6.75572">
        <ele>2072.4</ele>
      </trkpt>
      <trkpt lat="44.25108" lon="6.75578">
        <ele>2070.5</ele>
      </trkpt>
      <trkpt lat="44.25088" lon="6.75596">
        <ele>2069.9</ele>
      </trkpt>
      <trkpt lat="44.25071" lon="6.75611">
        <ele>2071.6</ele>
      </trkpt>
      <trkpt lat="44.25065" lon="6.75616">
        <ele>2072.3</ele>
      </trkpt>
      <trkpt lat="44.25057" lon="6.7562">
        <ele>2071.8</ele>
      </trkpt>
      <trkpt lat="44.25054" lon="6.75621">
        <ele>2071.4</ele>
      </trkpt>
      <trkpt lat="44.25041" lon="6.75626">
        <ele>2070.0</ele>
      </trkpt>
      <trkpt lat="44.250369" lon="6.75626">
        <ele>2068.9</ele>
      </trkpt>
      <trkpt lat="44.25031" lon="6.75628">
        <ele>2068.1</ele>
      </trkpt>
      <trkpt lat="44.25026" lon="6.75631">
        <ele>2068.1</ele>
      </trkpt>
      <trkpt lat="44.250079" lon="6.75649">
        <ele>2071.6</ele>
      </trkpt>
      <trkpt lat="44.25006" lon="6.75651">
        <ele>2072.0</ele>
      </trkpt>
      <trkpt lat="44.24998" lon="6.75658">
        <ele>2072.8</ele>
      </trkpt>
      <trkpt lat="44.249899" lon="6.75662">
        <ele>2070.8</ele>
      </trkpt>
      <trkpt lat="44.2498" lon="6.75663">
        <ele>2066.4</ele>
      </trkpt>
      <trkpt lat="44.2497" lon="6.75661">
        <ele>2060.6</ele>
      </trkpt>
      <trkpt lat="44.24965" lon="6.7566">
        <ele>2057.7</ele>
      </trkpt>
      <trkpt lat="44.24959" lon="6.75659">
        <ele>2054.3</ele>
      </trkpt>
      <trkpt lat="44.24954" lon="6.7566">
        <ele>2052.3</ele>
      </trkpt>
      <trkpt lat="44.24953" lon="6.75661">
        <ele>2052.3</ele>
      </trkpt>
      <trkpt lat="44.24942" lon="6.75665">
        <ele>2048.7</ele>
      </trkpt>
      <trkpt lat="44.24918" lon="6.75674">
        <ele>2040.7</ele>
      </trkpt>
      <trkpt lat="44.24914" lon="6.75676">
        <ele>2040.0</ele>
      </trkpt>
      <trkpt lat="44.24904" lon="6.75676">
        <ele>2036.4</ele>
      </trkpt>
      <trkpt lat="44.24891" lon="6.75675">
        <ele>2031.2</ele>
      </trkpt>
      <trkpt lat="44.24883" lon="6.75675">
        <ele>2028.3</ele>
      </trkpt>
      <trkpt lat="44.24882" lon="6.75675">
        <ele>2028.0</ele>
      </trkpt>
      <trkpt lat="44.24875" lon="6.75678">
        <ele>2026.9</ele>
      </trkpt>
      <trkpt lat="44.24865" lon="6.75683">
        <ele>2025.7</ele>
      </trkpt>
      <trkpt lat="44.2486" lon="6.75685">
        <ele>2025.0</ele>
      </trkpt>
      <trkpt lat="44.24848" lon="6.75692">
        <ele>2026.8</ele>
      </trkpt>
      <trkpt lat="44.24842" lon="6.75696">
        <ele>2027.7</ele>
      </trkpt>
      <trkpt lat="44.24833" lon="6.75704">
        <ele>2029.3</ele>
      </trkpt>
      <trkpt lat="44.24829" lon="6.75709">
        <ele>2030.0</ele>
      </trkpt>
      <trkpt lat="44.24825" lon="6.75717">
        <ele>2031.0</ele>
      </trkpt>
      <trkpt lat="44.24823" lon="6.75725">
        <ele>2031.9</ele>
      </trkpt>
      <trkpt lat="44.24822" lon="6.75736">
        <ele>2033.0</ele>
      </trkpt>
      <trkpt lat="44.24822" lon="6.75744">
        <ele>2033.8</ele>
      </trkpt>
      <trkpt lat="44.24824" lon="6.75756">
        <ele>2035.1</ele>
      </trkpt>
      <trkpt lat="44.24827" lon="6.75763">
        <ele>2035.9</ele>
      </trkpt>
      <trkpt lat="44.248309" lon="6.75776">
        <ele>2037.4</ele>
      </trkpt>
      <trkpt lat="44.24832" lon="6.7578">
        <ele>2037.8</ele>
      </trkpt>
      <trkpt lat="44.24838" lon="6.75791">
        <ele>2039.2</ele>
      </trkpt>
      <trkpt lat="44.24845" lon="6.758">
        <ele>2040.6</ele>
      </trkpt>
      <trkpt lat="44.24867" lon="6.75822">
        <ele>2042.7</ele>
      </trkpt>
      <trkpt lat="44.2487" lon="6.75827">
        <ele>2042.6</ele>
      </trkpt>
      <trkpt lat="44.24883" lon="6.75842">
        <ele>2043.6</ele>
      </trkpt>
      <trkpt lat="44.24883" lon="6.75844">
        <ele>2043.0</ele>
      </trkpt>
      <trkpt lat="44.24892" lon="6.75858">
        <ele>2042.5</ele>
      </trkpt>
      <trkpt lat="44.24894" lon="6.75863">
        <ele>2041.9</ele>
      </trkpt>
      <trkpt lat="44.249" lon="6.75877">
        <ele>2040.4</ele>
      </trkpt>
      <trkpt lat="44.24903" lon="6.75885">
        <ele>2039.3</ele>
      </trkpt>
      <trkpt lat="44.249049" lon="6.75893">
        <ele>2038.0</ele>
      </trkpt>
      <trkpt lat="44.24908" lon="6.75909">
        <ele>2034.8</ele>
      </trkpt>
      <trkpt lat="44.24908" lon="6.75911">
        <ele>2034.3</ele>
      </trkpt>
      <trkpt lat="44.24911" lon="6.75929">
        <ele>2031.2</ele>
      </trkpt>
      <trkpt lat="44.24912" lon="6.75934">
        <ele>2030.5</ele>
      </trkpt>
      <trkpt lat="44.24914" lon="6.75942">
        <ele>2029.6</ele>
      </trkpt>
      <trkpt lat="44.24918" lon="6.75957">
        <ele>2028.1</ele>
      </trkpt>
      <trkpt lat="44.24921" lon="6.75965">
        <ele>2028.1</ele>
      </trkpt>
      <trkpt lat="44.24926" lon="6.7598">
        <ele>2027.6</ele>
      </trkpt>
      <trkpt lat="44.249339" lon="6.76003">
        <ele>2026.8</ele>
      </trkpt>
      <trkpt lat="44.249339" lon="6.76004">
        <ele>2026.6</ele>
      </trkpt>
      <trkpt lat="44.24941" lon="6.76023">
        <ele>2026.8</ele>
      </trkpt>
      <trkpt lat="44.24942" lon="6.76025">
        <ele>2027.0</ele>
      </trkpt>
      <trkpt lat="44.24945" lon="6.76039">
        <ele>2026.0</ele>
      </trkpt>
      <trkpt lat="44.24948" lon="6.76063">
        <ele>2023.0</ele>
      </trkpt>
      <trkpt lat="44.2495" lon="6.76106">
        <ele>2015.9</ele>
      </trkpt>
      <trkpt lat="44.24951" lon="6.76124">
        <ele>2012.9</ele>
      </trkpt>
      <trkpt lat="44.249519" lon="6.76127">
        <ele>2012.9</ele>
      </trkpt>
      <trkpt lat="44.24953" lon="6.76138">
        <ele>2011.3</ele>
      </trkpt>
      <trkpt lat="44.24955" lon="6.76149">
        <ele>2010.2</ele>
      </trkpt>
      <trkpt lat="44.24958" lon="6.76159">
        <ele>2009.8</ele>
      </trkpt>
      <trkpt lat="44.24962" lon="6.76172">
        <ele>2009.8</ele>
      </trkpt>
      <trkpt lat="44.24967" lon="6.76192">
        <ele>2010.1</ele>
      </trkpt>
      <trkpt lat="44.24973" lon="6.76215">
        <ele>2010.2</ele>
      </trkpt>
      <trkpt lat="44.24974" lon="6.7622">
        <ele>2010.1</ele>
      </trkpt>
      <trkpt lat="44.24976" lon="6.76236">
        <ele>2009.1</ele>
      </trkpt>
      <trkpt lat="44.24977" lon="6.76244">
        <ele>2008.5</ele>
      </trkpt>
      <trkpt lat="44.24978" lon="6.76258">
        <ele>2007.5</ele>
      </trkpt>
      <trkpt lat="44.24979" lon="6.76269">
        <ele>2006.8</ele>
      </trkpt>
      <trkpt lat="44.2498" lon="6.76294">
        <ele>2004.7</ele>
      </trkpt>
      <trkpt lat="44.2498" lon="6.76296">
        <ele>2004.5</ele>
      </trkpt>
      <trkpt lat="44.249809" lon="6.76319">
        <ele>2002.5</ele>
      </trkpt>
      <trkpt lat="44.249809" lon="6.7632">
        <ele>2002.4</ele>
      </trkpt>
      <trkpt lat="44.24984" lon="6.76336">
        <ele>2001.7</ele>
      </trkpt>
      <trkpt lat="44.24986" lon="6.76343">
        <ele>2001.6</ele>
      </trkpt>
      <trkpt lat="44.24987" lon="6.7635">
        <ele>2001.2</ele>
      </trkpt>
      <trkpt lat="44.24992" lon="6.76367">
        <ele>2000.9</ele>
      </trkpt>
      <trkpt lat="44.24996" lon="6.76383">
        <ele>2000.4</ele>
      </trkpt>
      <trkpt lat="44.24997" lon="6.76391">
        <ele>1999.9</ele>
      </trkpt>
      <trkpt lat="44.249989" lon="6.764">
        <ele>1999.5</ele>
      </trkpt>
      <trkpt lat="44.25" lon="6.76416">
        <ele>1998.1</ele>
      </trkpt>
      <trkpt lat="44.25" lon="6.76432">
        <ele>1997.6</ele>
      </trkpt>
      <trkpt lat="44.249989" lon="6.76441">
        <ele>1997.1</ele>
      </trkpt>
      <trkpt lat="44.24993" lon="6.76485">
        <ele>1994.5</ele>
      </trkpt>
      <trkpt lat="44.249899" lon="6.76503">
        <ele>1993.7</ele>
      </trkpt>
      <trkpt lat="44.24986" lon="6.76528">
        <ele>1994.0</ele>
      </trkpt>
      <trkpt lat="44.24986" lon="6.76529">
        <ele>1994.1</ele>
      </trkpt>
      <trkpt lat="44.249809" lon="6.76544">
        <ele>1993.6</ele>
      </trkpt>
      <trkpt lat="44.24978" lon="6.7655">
        <ele>1993.1</ele>
      </trkpt>
      <trkpt lat="44.24976" lon="6.76552">
        <ele>1992.7</ele>
      </trkpt>
      <trkpt lat="44.24971" lon="6.76556">
        <ele>1991.6</ele>
      </trkpt>
      <trkpt lat="44.24964" lon="6.76556">
        <ele>1989.7</ele>
      </trkpt>
      <trkpt lat="44.249609" lon="6.76555">
        <ele>1988.9</ele>
      </trkpt>
      <trkpt lat="44.24956" lon="6.76552">
        <ele>1987.4</ele>
      </trkpt>
      <trkpt lat="44.24949" lon="6.76547">
        <ele>1985.3</ele>
      </trkpt>
      <trkpt lat="44.24945" lon="6.7654">
        <ele>1983.9</ele>
      </trkpt>
      <trkpt lat="44.249429" lon="6.7653">
        <ele>1982.9</ele>
      </trkpt>
      <trkpt lat="44.24942" lon="6.76518">
        <ele>1982.2</ele>
      </trkpt>
      <trkpt lat="44.24942" lon="6.76509">
        <ele>1981.8</ele>
      </trkpt>
      <trkpt lat="44.24942" lon="6.76493">
        <ele>1981.3</ele>
      </trkpt>
      <trkpt lat="44.24942" lon="6.76459">
        <ele>1981.0</ele>
      </trkpt>
      <trkpt lat="44.249429" lon="6.76444">
        <ele>1981.1</ele>
      </trkpt>
      <trkpt lat="44.24941" lon="6.76431">
        <ele>1980.4</ele>
      </trkpt>
      <trkpt lat="44.24937" lon="6.76419">
        <ele>1979.1</ele>
      </trkpt>
      <trkpt lat="44.24936" lon="6.76415">
        <ele>1979.0</ele>
      </trkpt>
      <trkpt lat="44.24929" lon="6.76402">
        <ele>1978.1</ele>
      </trkpt>
      <trkpt lat="44.24927" lon="6.76399">
        <ele>1977.8</ele>
      </trkpt>
      <trkpt lat="44.24914" lon="6.76381">
        <ele>1975.7</ele>
      </trkpt>
      <trkpt lat="44.24911" lon="6.76377">
        <ele>1975.3</ele>
      </trkpt>
      <trkpt lat="44.24901" lon="6.76364">
        <ele>1973.5</ele>
      </trkpt>
      <trkpt lat="44.24895" lon="6.76356">
        <ele>1972.3</ele>
      </trkpt>
      <trkpt lat="44.24891" lon="6.76351">
        <ele>1971.3</ele>
      </trkpt>
      <trkpt lat="44.24883" lon="6.76339">
        <ele>1969.4</ele>
      </trkpt>
      <trkpt lat="44.24883" lon="6.76338">
        <ele>1969.5</ele>
      </trkpt>
      <trkpt lat="44.248779" lon="6.76327">
        <ele>1968.0</ele>
      </trkpt>
      <trkpt lat="44.24874" lon="6.76316">
        <ele>1966.7</ele>
      </trkpt>
      <trkpt lat="44.24868" lon="6.76292">
        <ele>1964.7</ele>
      </trkpt>
      <trkpt lat="44.24863" lon="6.76268">
        <ele>1963.0</ele>
      </trkpt>
      <trkpt lat="44.24862" lon="6.76266">
        <ele>1962.6</ele>
      </trkpt>
      <trkpt lat="44.24857" lon="6.76244">
        <ele>1961.2</ele>
      </trkpt>
      <trkpt lat="44.24851" lon="6.76221">
        <ele>1959.9</ele>
      </trkpt>
      <trkpt lat="44.2485" lon="6.76214">
        <ele>1959.8</ele>
      </trkpt>
      <trkpt lat="44.24845" lon="6.76197">
        <ele>1958.6</ele>
      </trkpt>
      <trkpt lat="44.24841" lon="6.76181">
        <ele>1957.5</ele>
      </trkpt>
      <trkpt lat="44.24839" lon="6.76174">
        <ele>1957.0</ele>
      </trkpt>
      <trkpt lat="44.24834" lon="6.76158">
        <ele>1956.5</ele>
      </trkpt>
      <trkpt lat="44.248309" lon="6.76151">
        <ele>1956.6</ele>
      </trkpt>
      <trkpt lat="44.24826" lon="6.76138">
        <ele>1957.1</ele>
      </trkpt>
      <trkpt lat="44.24822" lon="6.76129">
        <ele>1957.1</ele>
      </trkpt>
      <trkpt lat="44.24812" lon="6.76104">
        <ele>1957.0</ele>
      </trkpt>
      <trkpt lat="44.24804" lon="6.76085">
        <ele>1956.3</ele>
      </trkpt>
      <trkpt lat="44.24796" lon="6.76067">
        <ele>1957.5</ele>
      </trkpt>
      <trkpt lat="44.24795" lon="6.76064">
        <ele>1957.9</ele>
      </trkpt>
      <trkpt lat="44.24788" lon="6.76046">
        <ele>1959.6</ele>
      </trkpt>
      <trkpt lat="44.24783" lon="6.7604">
        <ele>1959.2</ele>
      </trkpt>
      <trkpt lat="44.24776" lon="6.76033">
        <ele>1958.2</ele>
      </trkpt>
      <trkpt lat="44.2477" lon="6.7603">
        <ele>1956.7</ele>
      </trkpt>
      <trkpt lat="44.2476" lon="6.76024">
        <ele>1954.3</ele>
      </trkpt>
      <trkpt lat="44.24745" lon="6.76016">
        <ele>1950.2</ele>
      </trkpt>
      <trkpt lat="44.2472" lon="6.75997">
        <ele>1942.7</ele>
      </trkpt>
      <trkpt lat="44.24706" lon="6.75983">
        <ele>1937.8</ele>
      </trkpt>
      <trkpt lat="44.24698" lon="6.75973">
        <ele>1934.8</ele>
      </trkpt>
      <trkpt lat="44.24695" lon="6.75964">
        <ele>1934.0</ele>
      </trkpt>
      <trkpt lat="44.24693" lon="6.75958">
        <ele>1933.4</ele>
      </trkpt>
      <trkpt lat="44.24691" lon="6.75945">
        <ele>1933.3</ele>
      </trkpt>
      <trkpt lat="44.24688" lon="6.75916">
        <ele>1933.6</ele>
      </trkpt>
      <trkpt lat="44.24685" lon="6.75866">
        <ele>1934.6</ele>
      </trkpt>
      <trkpt lat="44.24684" lon="6.75853">
        <ele>1934.6</ele>
      </trkpt>
      <trkpt lat="44.24684" lon="6.75841">
        <ele>1935.3</ele>
      </trkpt>
      <trkpt lat="44.24683" lon="6.75823">
        <ele>1934.5</ele>
      </trkpt>
      <trkpt lat="44.24679" lon="6.75791">
        <ele>1929.8</ele>
      </trkpt>
      <trkpt lat="44.24679" lon="6.75788">
        <ele>1929.7</ele>
      </trkpt>
      <trkpt lat="44.24676" lon="6.75766">
        <ele>1926.3</ele>
      </trkpt>
      <trkpt lat="44.24673" lon="6.75741">
        <ele>1923.5</ele>
      </trkpt>
      <trkpt lat="44.2467" lon="6.75716">
        <ele>1922.7</ele>
      </trkpt>
      <trkpt lat="44.2467" lon="6.75715">
        <ele>1922.7</ele>
      </trkpt>
      <trkpt lat="44.24664" lon="6.75666">
        <ele>1923.3</ele>
      </trkpt>
      <trkpt lat="44.246609" lon="6.75652">
        <ele>1923.6</ele>
      </trkpt>
      <trkpt lat="44.24658" lon="6.75643">
        <ele>1923.6</ele>
      </trkpt>
      <trkpt lat="44.24657" lon="6.75642">
        <ele>1923.4</ele>
      </trkpt>
      <trkpt lat="44.246519" lon="6.75632">
        <ele>1922.8</ele>
      </trkpt>
      <trkpt lat="44.24644" lon="6.75622">
        <ele>1921.5</ele>
      </trkpt>
      <trkpt lat="44.24631" lon="6.7561">
        <ele>1919.1</ele>
      </trkpt>
      <trkpt lat="44.24616" lon="6.75596">
        <ele>1918.2</ele>
      </trkpt>
      <trkpt lat="44.24611" lon="6.7559">
        <ele>1917.9</ele>
      </trkpt>
      <trkpt lat="44.24609" lon="6.75587">
        <ele>1917.8</ele>
      </trkpt>
      <trkpt lat="44.24599" lon="6.75577">
        <ele>1917.2</ele>
      </trkpt>
      <trkpt lat="44.24597" lon="6.75575">
        <ele>1917.1</ele>
      </trkpt>
      <trkpt lat="44.24577" lon="6.75557">
        <ele>1916.1</ele>
      </trkpt>
      <trkpt lat="44.2457" lon="6.7555">
        <ele>1916.4</ele>
      </trkpt>
      <trkpt lat="44.24562" lon="6.75543">
        <ele>1916.2</ele>
      </trkpt>
      <trkpt lat="44.2455" lon="6.75532">
        <ele>1915.6</ele>
      </trkpt>
      <trkpt lat="44.24547" lon="6.75529">
        <ele>1915.4</ele>
      </trkpt>
      <trkpt lat="44.24536" lon="6.75521">
        <ele>1913.8</ele>
      </trkpt>
      <trkpt lat="44.24531" lon="6.75518">
        <ele>1912.8</ele>
      </trkpt>
      <trkpt lat="44.24515" lon="6.75508">
        <ele>1909.2</ele>
      </trkpt>
      <trkpt lat="44.24492" lon="6.75494">
        <ele>1904.5</ele>
      </trkpt>
      <trkpt lat="44.24482" lon="6.75487">
        <ele>1903.5</ele>
      </trkpt>
      <trkpt lat="44.24458" lon="6.75471">
        <ele>1899.6</ele>
      </trkpt>
      <trkpt lat="44.2445" lon="6.75465">
        <ele>1898.1</ele>
      </trkpt>
      <trkpt lat="44.24443" lon="6.7546">
        <ele>1896.6</ele>
      </trkpt>
      <trkpt lat="44.24435" lon="6.75451">
        <ele>1895.6</ele>
      </trkpt>
      <trkpt lat="44.24427" lon="6.75438">
        <ele>1895.2</ele>
      </trkpt>
      <trkpt lat="44.24424" lon="6.75431">
        <ele>1895.4</ele>
      </trkpt>
      <trkpt lat="44.24421" lon="6.75423">
        <ele>1895.8</ele>
      </trkpt>
      <trkpt lat="44.244169" lon="6.75408">
        <ele>1897.6</ele>
      </trkpt>
      <trkpt lat="44.244169" lon="6.75407">
        <ele>1897.8</ele>
      </trkpt>
      <trkpt lat="44.24415" lon="6.75404">
        <ele>1897.8</ele>
      </trkpt>
      <trkpt lat="44.24413" lon="6.75403">
        <ele>1897.3</ele>
      </trkpt>
      <trkpt lat="44.24412" lon="6.75402">
        <ele>1897.2</ele>
      </trkpt>
      <trkpt lat="44.2441" lon="6.75401">
        <ele>1896.6</ele>
      </trkpt>
      <trkpt lat="44.244079" lon="6.75402">
        <ele>1895.5</ele>
      </trkpt>
      <trkpt lat="44.24406" lon="6.75404">
        <ele>1894.2</ele>
      </trkpt>
      <trkpt lat="44.24405" lon="6.75407">
        <ele>1893.0</ele>
      </trkpt>
      <trkpt lat="44.24405" lon="6.75413">
        <ele>1891.5</ele>
      </trkpt>
      <trkpt lat="44.24407" lon="6.75421">
        <ele>1890.4</ele>
      </trkpt>
      <trkpt lat="44.24418" lon="6.75439">
        <ele>1890.8</ele>
      </trkpt>
      <trkpt lat="44.2444" lon="6.75482">
        <ele>1889.6</ele>
      </trkpt>
      <trkpt lat="44.24445" lon="6.75492">
        <ele>1888.7</ele>
      </trkpt>
      <trkpt lat="44.244549" lon="6.75512">
        <ele>1888.7</ele>
      </trkpt>
      <trkpt lat="44.2446" lon="6.75526">
        <ele>1888.8</ele>
      </trkpt>
      <trkpt lat="44.24463" lon="6.75537">
        <ele>1888.5</ele>
      </trkpt>
      <trkpt lat="44.24463" lon="6.75549">
        <ele>1887.2</ele>
      </trkpt>
      <trkpt lat="44.24462" lon="6.75561">
        <ele>1885.7</ele>
      </trkpt>
      <trkpt lat="44.24462" lon="6.75563">
        <ele>1885.4</ele>
      </trkpt>
      <trkpt lat="44.24458" lon="6.75575">
        <ele>1883.3</ele>
      </trkpt>
      <trkpt lat="44.24452" lon="6.75588">
        <ele>1881.1</ele>
      </trkpt>
      <trkpt lat="44.24441" lon="6.75606">
        <ele>1878.5</ele>
      </trkpt>
      <trkpt lat="44.2444" lon="6.75607">
        <ele>1878.3</ele>
      </trkpt>
      <trkpt lat="44.24435" lon="6.75618">
        <ele>1877.2</ele>
      </trkpt>
      <trkpt lat="44.24433" lon="6.75629">
        <ele>1876.7</ele>
      </trkpt>
      <trkpt lat="44.24434" lon="6.7564">
        <ele>1876.7</ele>
      </trkpt>
      <trkpt lat="44.24437" lon="6.7565">
        <ele>1877.0</ele>
      </trkpt>
      <trkpt lat="44.24443" lon="6.75659">
        <ele>1877.7</ele>
      </trkpt>
      <trkpt lat="44.2445" lon="6.75668">
        <ele>1878.3</ele>
      </trkpt>
      <trkpt lat="44.24451" lon="6.75669">
        <ele>1878.4</ele>
      </trkpt>
      <trkpt lat="44.24459" lon="6.75678">
        <ele>1878.8</ele>
      </trkpt>
      <trkpt lat="44.24466" lon="6.75683">
        <ele>1879.3</ele>
      </trkpt>
      <trkpt lat="44.24479" lon="6.75693">
        <ele>1880.3</ele>
      </trkpt>
      <trkpt lat="44.24482" lon="6.75695">
        <ele>1880.6</ele>
      </trkpt>
      <trkpt lat="44.24486" lon="6.75699">
        <ele>1880.8</ele>
      </trkpt>
      <trkpt lat="44.24489" lon="6.75703">
        <ele>1880.9</ele>
      </trkpt>
      <trkpt lat="44.2449" lon="6.75709">
        <ele>1880.6</ele>
      </trkpt>
      <trkpt lat="44.24488" lon="6.75715">
        <ele>1879.9</ele>
      </trkpt>
      <trkpt lat="44.24486" lon="6.75717">
        <ele>1879.5</ele>
      </trkpt>
      <trkpt lat="44.24481" lon="6.75719">
        <ele>1878.7</ele>
      </trkpt>
      <trkpt lat="44.244639" lon="6.75715">
        <ele>1876.8</ele>
      </trkpt>
      <trkpt lat="44.24442" lon="6.75708">
        <ele>1874.4</ele>
      </trkpt>
      <trkpt lat="44.24411" lon="6.75699">
        <ele>1871.0</ele>
      </trkpt>
      <trkpt lat="44.24407" lon="6.75697">
        <ele>1870.6</ele>
      </trkpt>
      <trkpt lat="44.24389" lon="6.75691">
        <ele>1868.8</ele>
      </trkpt>
      <trkpt lat="44.24375" lon="6.75683">
        <ele>1867.7</ele>
      </trkpt>
      <trkpt lat="44.24373" lon="6.75681">
        <ele>1867.6</ele>
      </trkpt>
      <trkpt lat="44.24366" lon="6.75675">
        <ele>1867.3</ele>
      </trkpt>
      <trkpt lat="44.24358" lon="6.75667">
        <ele>1866.9</ele>
      </trkpt>
      <trkpt lat="44.24356" lon="6.75664">
        <ele>1866.7</ele>
      </trkpt>
      <trkpt lat="44.24346" lon="6.7565">
        <ele>1865.2</ele>
      </trkpt>
      <trkpt lat="44.2434" lon="6.75638">
        <ele>1864.2</ele>
      </trkpt>
      <trkpt lat="44.24336" lon="6.75628">
        <ele>1863.4</ele>
      </trkpt>
      <trkpt lat="44.24335" lon="6.75626">
        <ele>1863.2</ele>
      </trkpt>
      <trkpt lat="44.24329" lon="6.75605">
        <ele>1861.5</ele>
      </trkpt>
      <trkpt lat="44.24321" lon="6.75582">
        <ele>1859.0</ele>
      </trkpt>
      <trkpt lat="44.24316" lon="6.75566">
        <ele>1857.5</ele>
      </trkpt>
      <trkpt lat="44.243139" lon="6.75559">
        <ele>1856.9</ele>
      </trkpt>
      <trkpt lat="44.24306" lon="6.75536">
        <ele>1854.7</ele>
      </trkpt>
      <trkpt lat="44.24299" lon="6.75513">
        <ele>1852.8</ele>
      </trkpt>
      <trkpt lat="44.24295" lon="6.75503">
        <ele>1851.8</ele>
      </trkpt>
      <trkpt lat="44.24291" lon="6.7549">
        <ele>1850.9</ele>
      </trkpt>
      <trkpt lat="44.24284" lon="6.75467">
        <ele>1849.4</ele>
      </trkpt>
      <trkpt lat="44.24277" lon="6.75444">
        <ele>1847.6</ele>
      </trkpt>
      <trkpt lat="44.24273" lon="6.75432">
        <ele>1846.5</ele>
      </trkpt>
      <trkpt lat="44.24272" lon="6.7543">
        <ele>1846.2</ele>
      </trkpt>
      <trkpt lat="44.24265" lon="6.75407">
        <ele>1844.4</ele>
      </trkpt>
      <trkpt lat="44.24246" lon="6.75348">
        <ele>1839.3</ele>
      </trkpt>
      <trkpt lat="44.24228" lon="6.75296">
        <ele>1841.5</ele>
      </trkpt>
      <trkpt lat="44.24219" lon="6.75271">
        <ele>1843.1</ele>
      </trkpt>
      <trkpt lat="44.24219" lon="6.75269">
        <ele>1843.4</ele>
      </trkpt>
      <trkpt lat="44.24215" lon="6.75262">
        <ele>1843.5</ele>
      </trkpt>
      <trkpt lat="44.24208" lon="6.75255">
        <ele>1842.8</ele>
      </trkpt>
      <trkpt lat="44.24206" lon="6.75254">
        <ele>1842.5</ele>
      </trkpt>
      <trkpt lat="44.24197" lon="6.75246">
        <ele>1842.5</ele>
      </trkpt>
      <trkpt lat="44.24185" lon="6.75241">
        <ele>1841.6</ele>
      </trkpt>
      <trkpt lat="44.24172" lon="6.75239">
        <ele>1839.0</ele>
      </trkpt>
      <trkpt lat="44.24158" lon="6.7524">
        <ele>1835.9</ele>
      </trkpt>
      <trkpt lat="44.241459" lon="6.75241">
        <ele>1833.6</ele>
      </trkpt>
      <trkpt lat="44.24125" lon="6.75246">
        <ele>1828.7</ele>
      </trkpt>
      <trkpt lat="44.24115" lon="6.75246">
        <ele>1827.1</ele>
      </trkpt>
      <trkpt lat="44.24102" lon="6.75245">
        <ele>1825.3</ele>
      </trkpt>
      <trkpt lat="44.24087" lon="6.7524">
        <ele>1824.1</ele>
      </trkpt>
      <trkpt lat="44.24084" lon="6.75238">
        <ele>1824.1</ele>
      </trkpt>
      <trkpt lat="44.24069" lon="6.75229">
        <ele>1823.8</ele>
      </trkpt>
      <trkpt lat="44.24039" lon="6.75206">
        <ele>1823.8</ele>
      </trkpt>
      <trkpt lat="44.24028" lon="6.75199">
        <ele>1823.2</ele>
      </trkpt>
      <trkpt lat="44.2402" lon="6.75194">
        <ele>1822.7</ele>
      </trkpt>
      <trkpt lat="44.24011" lon="6.75191">
        <ele>1821.5</ele>
      </trkpt>
      <trkpt lat="44.24001" lon="6.75189">
        <ele>1819.9</ele>
      </trkpt>
      <trkpt lat="44.23994" lon="6.75188">
        <ele>1818.9</ele>
      </trkpt>
      <trkpt lat="44.23984" lon="6.75186">
        <ele>1817.6</ele>
      </trkpt>
      <trkpt lat="44.23975" lon="6.75184">
        <ele>1816.4</ele>
      </trkpt>
      <trkpt lat="44.23954" lon="6.75178">
        <ele>1813.6</ele>
      </trkpt>
      <trkpt lat="44.23923" lon="6.75167">
        <ele>1809.2</ele>
      </trkpt>
      <trkpt lat="44.23914" lon="6.75163">
        <ele>1808.7</ele>
      </trkpt>
      <trkpt lat="44.23913" lon="6.75162">
        <ele>1808.9</ele>
      </trkpt>
      <trkpt lat="44.239" lon="6.75151">
        <ele>1810.2</ele>
      </trkpt>
      <trkpt lat="44.2388" lon="6.75126">
        <ele>1813.7</ele>
      </trkpt>
      <trkpt lat="44.23867" lon="6.75113">
        <ele>1814.5</ele>
      </trkpt>
      <trkpt lat="44.23861" lon="6.75109">
        <ele>1814.3</ele>
      </trkpt>
      <trkpt lat="44.238549" lon="6.75107">
        <ele>1813.5</ele>
      </trkpt>
      <trkpt lat="44.23853" lon="6.75106">
        <ele>1813.3</ele>
      </trkpt>
      <trkpt lat="44.23845" lon="6.75106">
        <ele>1811.6</ele>
      </trkpt>
      <trkpt lat="44.23837" lon="6.75108">
        <ele>1809.4</ele>
      </trkpt>
      <trkpt lat="44.23836" lon="6.75108">
        <ele>1809.2</ele>
      </trkpt>
      <trkpt lat="44.2383" lon="6.75112">
        <ele>1807.5</ele>
      </trkpt>
      <trkpt lat="44.23821" lon="6.7512">
        <ele>1804.9</ele>
      </trkpt>
      <trkpt lat="44.2382" lon="6.75121">
        <ele>1804.6</ele>
      </trkpt>
      <trkpt lat="44.238079" lon="6.75136">
        <ele>1800.5</ele>
      </trkpt>
      <trkpt lat="44.23804" lon="6.75141">
        <ele>1799.1</ele>
      </trkpt>
      <trkpt lat="44.238" lon="6.75144">
        <ele>1798.2</ele>
      </trkpt>
      <trkpt lat="44.23792" lon="6.75151">
        <ele>1796.1</ele>
      </trkpt>
      <trkpt lat="44.23782" lon="6.75158">
        <ele>1794.0</ele>
      </trkpt>
      <trkpt lat="44.23773" lon="6.7516">
        <ele>1792.9</ele>
      </trkpt>
      <trkpt lat="44.23756" lon="6.75161">
        <ele>1791.5</ele>
      </trkpt>
      <trkpt lat="44.2374" lon="6.75159">
        <ele>1790.0</ele>
      </trkpt>
      <trkpt lat="44.2373" lon="6.75158">
        <ele>1788.9</ele>
      </trkpt>
      <trkpt lat="44.23712" lon="6.75157">
        <ele>1786.6</ele>
      </trkpt>
      <trkpt lat="44.23701" lon="6.75154">
        <ele>1785.6</ele>
      </trkpt>
      <trkpt lat="44.23694" lon="6.75151">
        <ele>1785.2</ele>
      </trkpt>
      <trkpt lat="44.23677" lon="6.75143">
        <ele>1784.1</ele>
      </trkpt>
      <trkpt lat="44.23674" lon="6.75141">
        <ele>1784.0</ele>
      </trkpt>
      <trkpt lat="44.2366" lon="6.75134">
        <ele>1784.1</ele>
      </trkpt>
      <trkpt lat="44.23643" lon="6.75126">
        <ele>1785.2</ele>
      </trkpt>
      <trkpt lat="44.23634" lon="6.75121">
        <ele>1785.9</ele>
      </trkpt>
      <trkpt lat="44.23627" lon="6.75117">
        <ele>1786.5</ele>
      </trkpt>
      <trkpt lat="44.2361" lon="6.75108">
        <ele>1787.7</ele>
      </trkpt>
      <trkpt lat="44.23604" lon="6.75106">
        <ele>1787.9</ele>
      </trkpt>
      <trkpt lat="44.23596" lon="6.75107">
        <ele>1787.7</ele>
      </trkpt>
      <trkpt lat="44.23588" lon="6.75111">
        <ele>1787.1</ele>
      </trkpt>
      <trkpt lat="44.23577" lon="6.75122">
        <ele>1785.5</ele>
      </trkpt>
      <trkpt lat="44.235639" lon="6.75144">
        <ele>1782.4</ele>
      </trkpt>
      <trkpt lat="44.23552" lon="6.75163">
        <ele>1779.9</ele>
      </trkpt>
      <trkpt lat="44.23548" lon="6.7517">
        <ele>1779.4</ele>
      </trkpt>
      <trkpt lat="44.2354" lon="6.75183">
        <ele>1779.3</ele>
      </trkpt>
      <trkpt lat="44.23536" lon="6.7519">
        <ele>1779.3</ele>
      </trkpt>
      <trkpt lat="44.23528" lon="6.75202">
        <ele>1779.2</ele>
      </trkpt>
      <trkpt lat="44.23523" lon="6.75212">
        <ele>1779.2</ele>
      </trkpt>
      <trkpt lat="44.235169" lon="6.75221">
        <ele>1779.1</ele>
      </trkpt>
      <trkpt lat="44.2351" lon="6.75231">
        <ele>1779.1</ele>
      </trkpt>
      <trkpt lat="44.23504" lon="6.75237">
        <ele>1779.1</ele>
      </trkpt>
      <trkpt lat="44.23503" lon="6.75238">
        <ele>1779.1</ele>
      </trkpt>
      <trkpt lat="44.23492" lon="6.75241">
        <ele>1778.2</ele>
      </trkpt>
      <trkpt lat="44.23486" lon="6.75241">
        <ele>1777.5</ele>
      </trkpt>
      <trkpt lat="44.23468" lon="6.75241">
        <ele>1775.4</ele>
      </trkpt>
      <trkpt lat="44.2345" lon="6.75241">
        <ele>1773.3</ele>
      </trkpt>
      <trkpt lat="44.23447" lon="6.75241">
        <ele>1772.9</ele>
      </trkpt>
      <trkpt lat="44.234319" lon="6.75241">
        <ele>1771.2</ele>
      </trkpt>
      <trkpt lat="44.234139" lon="6.75242">
        <ele>1769.1</ele>
      </trkpt>
      <trkpt lat="44.23405" lon="6.75242">
        <ele>1768.6</ele>
      </trkpt>
      <trkpt lat="44.23396" lon="6.75241">
        <ele>1768.2</ele>
      </trkpt>
      <trkpt lat="44.23387" lon="6.7524">
        <ele>1767.8</ele>
      </trkpt>
      <trkpt lat="44.23378" lon="6.75238">
        <ele>1767.6</ele>
      </trkpt>
      <trkpt lat="44.23366" lon="6.75235">
        <ele>1767.4</ele>
      </trkpt>
      <trkpt lat="44.2336" lon="6.75233">
        <ele>1767.4</ele>
      </trkpt>
      <trkpt lat="44.23339" lon="6.75225">
        <ele>1767.5</ele>
      </trkpt>
      <trkpt lat="44.23318" lon="6.75214">
        <ele>1765.5</ele>
      </trkpt>
      <trkpt lat="44.23301" lon="6.75206">
        <ele>1763.0</ele>
      </trkpt>
      <trkpt lat="44.23298" lon="6.75205">
        <ele>1762.5</ele>
      </trkpt>
      <trkpt lat="44.23284" lon="6.75197">
        <ele>1760.8</ele>
      </trkpt>
      <trkpt lat="44.23276" lon="6.75192">
        <ele>1759.9</ele>
      </trkpt>
      <trkpt lat="44.23269" lon="6.75186">
        <ele>1759.5</ele>
      </trkpt>
      <trkpt lat="44.23268" lon="6.75186">
        <ele>1759.3</ele>
      </trkpt>
      <trkpt lat="44.23267" lon="6.75184">
        <ele>1759.4</ele>
      </trkpt>
      <trkpt lat="44.23265" lon="6.75181">
        <ele>1759.6</ele>
      </trkpt>
      <trkpt lat="44.23263" lon="6.75177">
        <ele>1759.9</ele>
      </trkpt>
      <trkpt lat="44.23262" lon="6.75172">
        <ele>1760.6</ele>
      </trkpt>
      <trkpt lat="44.2326" lon="6.75165">
        <ele>1761.4</ele>
      </trkpt>
      <trkpt lat="44.2326" lon="6.75161">
        <ele>1761.9</ele>
      </trkpt>
      <trkpt lat="44.23258" lon="6.75139">
        <ele>1764.2</ele>
      </trkpt>
      <trkpt lat="44.23257" lon="6.75138">
        <ele>1764.2</ele>
      </trkpt>
      <trkpt lat="44.23256" lon="6.75129">
        <ele>1765.1</ele>
      </trkpt>
      <trkpt lat="44.23255" lon="6.75123">
        <ele>1765.7</ele>
      </trkpt>
      <trkpt lat="44.232529" lon="6.75119">
        <ele>1765.8</ele>
      </trkpt>
      <trkpt lat="44.23252" lon="6.75117">
        <ele>1765.9</ele>
      </trkpt>
      <trkpt lat="44.23251" lon="6.75116">
        <ele>1765.9</ele>
      </trkpt>
      <trkpt lat="44.2325" lon="6.75114">
        <ele>1766.0</ele>
      </trkpt>
      <trkpt lat="44.23249" lon="6.75111">
        <ele>1766.1</ele>
      </trkpt>
      <trkpt lat="44.23247" lon="6.75109">
        <ele>1765.9</ele>
      </trkpt>
      <trkpt lat="44.23246" lon="6.75107">
        <ele>1765.9</ele>
      </trkpt>
      <trkpt lat="44.23243" lon="6.75105">
        <ele>1765.4</ele>
      </trkpt>
      <trkpt lat="44.23241" lon="6.75104">
        <ele>1765.0</ele>
      </trkpt>
      <trkpt lat="44.23237" lon="6.75102">
        <ele>1764.3</ele>
      </trkpt>
      <trkpt lat="44.2323" lon="6.751">
        <ele>1762.9</ele>
      </trkpt>
      <trkpt lat="44.232259" lon="6.75099">
        <ele>1762.1</ele>
      </trkpt>
      <trkpt lat="44.23221" lon="6.75099">
        <ele>1760.9</ele>
      </trkpt>
      <trkpt lat="44.23219" lon="6.75099">
        <ele>1760.4</ele>
      </trkpt>
      <trkpt lat="44.23201" lon="6.75102">
        <ele>1755.4</ele>
      </trkpt>
      <trkpt lat="44.23199" lon="6.75102">
        <ele>1755.0</ele>
      </trkpt>
      <trkpt lat="44.23192" lon="6.75103">
        <ele>1753.0</ele>
      </trkpt>
      <trkpt lat="44.23183" lon="6.75103">
        <ele>1750.8</ele>
      </trkpt>
      <trkpt lat="44.23182" lon="6.75103">
        <ele>1750.6</ele>
      </trkpt>
      <trkpt lat="44.23175" lon="6.75102">
        <ele>1749.0</ele>
      </trkpt>
      <trkpt lat="44.23166" lon="6.75099">
        <ele>1747.4</ele>
      </trkpt>
      <trkpt lat="44.23165" lon="6.75099">
        <ele>1747.0</ele>
      </trkpt>
      <trkpt lat="44.2316" lon="6.75093">
        <ele>1746.5</ele>
      </trkpt>
      <trkpt lat="44.23157" lon="6.75088">
        <ele>1746.4</ele>
      </trkpt>
      <trkpt lat="44.23155" lon="6.75083">
        <ele>1746.6</ele>
      </trkpt>
      <trkpt lat="44.23155" lon="6.7508">
        <ele>1747.0</ele>
      </trkpt>
      <trkpt lat="44.23154" lon="6.75076">
        <ele>1747.2</ele>
      </trkpt>
      <trkpt lat="44.23154" lon="6.75067">
        <ele>1748.5</ele>
      </trkpt>
      <trkpt lat="44.23153" lon="6.75059">
        <ele>1749.3</ele>
      </trkpt>
      <trkpt lat="44.23152" lon="6.75055">
        <ele>1749.5</ele>
      </trkpt>
      <trkpt lat="44.23152" lon="6.75051">
        <ele>1750.1</ele>
      </trkpt>
      <trkpt lat="44.231499" lon="6.75038">
        <ele>1751.2</ele>
      </trkpt>
      <trkpt lat="44.23148" lon="6.75031">
        <ele>1751.5</ele>
      </trkpt>
      <trkpt lat="44.23145" lon="6.75021">
        <ele>1751.9</ele>
      </trkpt>
      <trkpt lat="44.23142" lon="6.75015">
        <ele>1751.6</ele>
      </trkpt>
      <trkpt lat="44.2314" lon="6.7501">
        <ele>1751.6</ele>
      </trkpt>
      <trkpt lat="44.23137" lon="6.75007">
        <ele>1750.9</ele>
      </trkpt>
      <trkpt lat="44.23135" lon="6.75004">
        <ele>1750.6</ele>
      </trkpt>
      <trkpt lat="44.23131" lon="6.75">
        <ele>1749.7</ele>
      </trkpt>
      <trkpt lat="44.23127" lon="6.74996">
        <ele>1749.1</ele>
      </trkpt>
      <trkpt lat="44.23126" lon="6.74995">
        <ele>1748.9</ele>
      </trkpt>
      <trkpt lat="44.23111" lon="6.74985">
        <ele>1745.5</ele>
      </trkpt>
      <trkpt lat="44.2311" lon="6.74984">
        <ele>1745.4</ele>
      </trkpt>
      <trkpt lat="44.23093" lon="6.74977">
        <ele>1740.7</ele>
      </trkpt>
      <trkpt lat="44.23073" lon="6.7497">
        <ele>1735.4</ele>
      </trkpt>
      <trkpt lat="44.2306" lon="6.74962">
        <ele>1732.7</ele>
      </trkpt>
      <trkpt lat="44.230559" lon="6.74953">
        <ele>1733.3</ele>
      </trkpt>
      <trkpt lat="44.23055" lon="6.74947">
        <ele>1734.2</ele>
      </trkpt>
      <trkpt lat="44.23052" lon="6.74927">
        <ele>1737.2</ele>
      </trkpt>
      <trkpt lat="44.23051" lon="6.74923">
        <ele>1737.7</ele>
      </trkpt>
      <trkpt lat="44.230469" lon="6.74912">
        <ele>1738.6</ele>
      </trkpt>
      <trkpt lat="44.23042" lon="6.74901">
        <ele>1739.5</ele>
      </trkpt>
      <trkpt lat="44.2304" lon="6.74899">
        <ele>1739.2</ele>
      </trkpt>
      <trkpt lat="44.230289" lon="6.74886">
        <ele>1738.5</ele>
      </trkpt>
      <trkpt lat="44.23028" lon="6.74885">
        <ele>1738.4</ele>
      </trkpt>
      <trkpt lat="44.23019" lon="6.74878">
        <ele>1737.0</ele>
      </trkpt>
      <trkpt lat="44.23012" lon="6.74875">
        <ele>1735.3</ele>
      </trkpt>
      <trkpt lat="44.23007" lon="6.74874">
        <ele>1733.7</ele>
      </trkpt>
      <trkpt lat="44.22994" lon="6.74873">
        <ele>1730.9</ele>
      </trkpt>
      <trkpt lat="44.2298" lon="6.74875">
        <ele>1728.8</ele>
      </trkpt>
      <trkpt lat="44.22976" lon="6.74876">
        <ele>1728.2</ele>
      </trkpt>
      <trkpt lat="44.22924" lon="6.74894">
        <ele>1719.4</ele>
      </trkpt>
      <trkpt lat="44.22919" lon="6.74896">
        <ele>1718.7</ele>
      </trkpt>
      <trkpt lat="44.229059" lon="6.749">
        <ele>1716.6</ele>
      </trkpt>
      <trkpt lat="44.22887" lon="6.74905">
        <ele>1713.4</ele>
      </trkpt>
      <trkpt lat="44.22877" lon="6.74907">
        <ele>1711.8</ele>
      </trkpt>
      <trkpt lat="44.22871" lon="6.74906">
        <ele>1711.3</ele>
      </trkpt>
      <trkpt lat="44.22862" lon="6.749">
        <ele>1711.5</ele>
      </trkpt>
      <trkpt lat="44.22855" lon="6.74893">
        <ele>1710.7</ele>
      </trkpt>
      <trkpt lat="44.22846" lon="6.74885">
        <ele>1709.8</ele>
      </trkpt>
      <trkpt lat="44.22842" lon="6.74881">
        <ele>1709.4</ele>
      </trkpt>
      <trkpt lat="44.2284" lon="6.74881">
        <ele>1709.2</ele>
      </trkpt>
      <trkpt lat="44.22833" lon="6.74879">
        <ele>1708.6</ele>
      </trkpt>
      <trkpt lat="44.22826" lon="6.74879">
        <ele>1708.0</ele>
      </trkpt>
      <trkpt lat="44.22791" lon="6.74889">
        <ele>1705.0</ele>
      </trkpt>
      <trkpt lat="44.22787" lon="6.74889">
        <ele>1704.5</ele>
      </trkpt>
      <trkpt lat="44.22782" lon="6.74889">
        <ele>1703.8</ele>
      </trkpt>
      <trkpt lat="44.2278" lon="6.74889">
        <ele>1703.5</ele>
      </trkpt>
      <trkpt lat="44.22771" lon="6.74885">
        <ele>1703.5</ele>
      </trkpt>
      <trkpt lat="44.2277" lon="6.74885">
        <ele>1703.4</ele>
      </trkpt>
      <trkpt lat="44.22769" lon="6.74884">
        <ele>1703.5</ele>
      </trkpt>
      <trkpt lat="44.22757" lon="6.74874">
        <ele>1705.2</ele>
      </trkpt>
      <trkpt lat="44.22754" lon="6.74872">
        <ele>1705.5</ele>
      </trkpt>
      <trkpt lat="44.22744" lon="6.74866">
        <ele>1706.1</ele>
      </trkpt>
      <trkpt lat="44.22737" lon="6.74865">
        <ele>1705.3</ele>
      </trkpt>
      <trkpt lat="44.22735" lon="6.74864">
        <ele>1705.3</ele>
      </trkpt>
      <trkpt lat="44.22733" lon="6.74864">
        <ele>1704.9</ele>
      </trkpt>
      <trkpt lat="44.22731" lon="6.74864">
        <ele>1704.6</ele>
      </trkpt>
      <trkpt lat="44.22723" lon="6.74865">
        <ele>1703.0</ele>
      </trkpt>
      <trkpt lat="44.22719" lon="6.74867">
        <ele>1701.7</ele>
      </trkpt>
      <trkpt lat="44.22703" lon="6.74874">
        <ele>1697.0</ele>
      </trkpt>
      <trkpt lat="44.22702" lon="6.74875">
        <ele>1696.5</ele>
      </trkpt>
      <trkpt lat="44.22685" lon="6.74882">
        <ele>1691.8</ele>
      </trkpt>
      <trkpt lat="44.22675" lon="6.74886">
        <ele>1689.1</ele>
      </trkpt>
      <trkpt lat="44.22667" lon="6.74886">
        <ele>1687.9</ele>
      </trkpt>
      <trkpt lat="44.22656" lon="6.74885">
        <ele>1687.1</ele>
      </trkpt>
      <trkpt lat="44.22649" lon="6.74883">
        <ele>1687.1</ele>
      </trkpt>
      <trkpt lat="44.22647" lon="6.74882">
        <ele>1687.2</ele>
      </trkpt>
      <trkpt lat="44.22634" lon="6.74872">
        <ele>1688.9</ele>
      </trkpt>
      <trkpt lat="44.22621" lon="6.74862">
        <ele>1690.7</ele>
      </trkpt>
      <trkpt lat="44.22616" lon="6.74858">
        <ele>1691.5</ele>
      </trkpt>
      <trkpt lat="44.22608" lon="6.74854">
        <ele>1691.9</ele>
      </trkpt>
      <trkpt lat="44.22595" lon="6.74854">
        <ele>1690.8</ele>
      </trkpt>
      <trkpt lat="44.22594" lon="6.74854">
        <ele>1690.7</ele>
      </trkpt>
      <trkpt lat="44.22586" lon="6.74856">
        <ele>1689.4</ele>
      </trkpt>
      <trkpt lat="44.22569" lon="6.7486">
        <ele>1686.1</ele>
      </trkpt>
      <trkpt lat="44.225589" lon="6.74863">
        <ele>1683.9</ele>
      </trkpt>
      <trkpt lat="44.22546" lon="6.74866">
        <ele>1681.3</ele>
      </trkpt>
      <trkpt lat="44.22536" lon="6.74866">
        <ele>1680.0</ele>
      </trkpt>
      <trkpt lat="44.22529" lon="6.74865">
        <ele>1679.3</ele>
      </trkpt>
      <trkpt lat="44.22519" lon="6.74861">
        <ele>1679.2</ele>
      </trkpt>
      <trkpt lat="44.225119" lon="6.74855">
        <ele>1680.1</ele>
      </trkpt>
      <trkpt lat="44.22501" lon="6.74845">
        <ele>1681.6</ele>
      </trkpt>
      <trkpt lat="44.22491" lon="6.74836">
        <ele>1682.6</ele>
      </trkpt>
      <trkpt lat="44.22483" lon="6.74831">
        <ele>1682.5</ele>
      </trkpt>
      <trkpt lat="44.22468" lon="6.74826">
        <ele>1681.1</ele>
      </trkpt>
      <trkpt lat="44.224649" lon="6.74825">
        <ele>1680.8</ele>
      </trkpt>
      <trkpt lat="44.22458" lon="6.74824">
        <ele>1679.9</ele>
      </trkpt>
      <trkpt lat="44.22414" lon="6.74819">
        <ele>1673.7</ele>
      </trkpt>
      <trkpt lat="44.22372" lon="6.74814">
        <ele>1670.1</ele>
      </trkpt>
      <trkpt lat="44.22323" lon="6.7481">
        <ele>1665.6</ele>
      </trkpt>
      <trkpt lat="44.22302" lon="6.74811">
        <ele>1663.4</ele>
      </trkpt>
      <trkpt lat="44.22298" lon="6.74812">
        <ele>1662.7</ele>
      </trkpt>
      <trkpt lat="44.22266" lon="6.74815">
        <ele>1658.9</ele>
      </trkpt>
      <trkpt lat="44.222499" lon="6.74817">
        <ele>1656.9</ele>
      </trkpt>
      <trkpt lat="44.22244" lon="6.74817">
        <ele>1655.9</ele>
      </trkpt>
      <trkpt lat="44.22207" lon="6.74813">
        <ele>1650.8</ele>
      </trkpt>
      <trkpt lat="44.22175" lon="6.74809">
        <ele>1646.5</ele>
      </trkpt>
      <trkpt lat="44.22171" lon="6.74808">
        <ele>1646.1</ele>
      </trkpt>
      <trkpt lat="44.22163" lon="6.74807">
        <ele>1644.9</ele>
      </trkpt>
      <trkpt lat="44.22155" lon="6.74802">
        <ele>1644.5</ele>
      </trkpt>
      <trkpt lat="44.22154" lon="6.74801">
        <ele>1644.5</ele>
      </trkpt>
      <trkpt lat="44.22146" lon="6.74795">
        <ele>1644.3</ele>
      </trkpt>
      <trkpt lat="44.22139" lon="6.74787">
        <ele>1644.6</ele>
      </trkpt>
      <trkpt lat="44.221269" lon="6.74774">
        <ele>1644.8</ele>
      </trkpt>
      <trkpt lat="44.22125" lon="6.74771">
        <ele>1645.0</ele>
      </trkpt>
      <trkpt lat="44.22111" lon="6.74755">
        <ele>1645.0</ele>
      </trkpt>
      <trkpt lat="44.22097" lon="6.74739">
        <ele>1643.7</ele>
      </trkpt>
      <trkpt lat="44.22087" lon="6.74728">
        <ele>1642.4</ele>
      </trkpt>
      <trkpt lat="44.22083" lon="6.74723">
        <ele>1641.8</ele>
      </trkpt>
      <trkpt lat="44.22078" lon="6.74716">
        <ele>1640.3</ele>
      </trkpt>
      <trkpt lat="44.22072" lon="6.74704">
        <ele>1638.9</ele>
      </trkpt>
      <trkpt lat="44.2207" lon="6.74701">
        <ele>1638.3</ele>
      </trkpt>
      <trkpt lat="44.22063" lon="6.74682">
        <ele>1636.9</ele>
      </trkpt>
      <trkpt lat="44.22054" lon="6.7466">
        <ele>1635.1</ele>
      </trkpt>
      <trkpt lat="44.220529" lon="6.74658">
        <ele>1635.0</ele>
      </trkpt>
      <trkpt lat="44.22044" lon="6.7464">
        <ele>1634.1</ele>
      </trkpt>
      <trkpt lat="44.22042" lon="6.74636">
        <ele>1633.9</ele>
      </trkpt>
      <trkpt lat="44.22034" lon="6.74619">
        <ele>1633.4</ele>
      </trkpt>
      <trkpt lat="44.22032" lon="6.74616">
        <ele>1633.0</ele>
      </trkpt>
      <trkpt lat="44.22025" lon="6.74602">
        <ele>1632.5</ele>
      </trkpt>
      <trkpt lat="44.22023" lon="6.74599">
        <ele>1632.2</ele>
      </trkpt>
      <trkpt lat="44.22014" lon="6.74586">
        <ele>1630.7</ele>
      </trkpt>
      <trkpt lat="44.2201" lon="6.74582">
        <ele>1629.9</ele>
      </trkpt>
      <trkpt lat="44.22008" lon="6.74581">
        <ele>1629.3</ele>
      </trkpt>
      <trkpt lat="44.22005" lon="6.74579">
        <ele>1628.7</ele>
      </trkpt>
      <trkpt lat="44.21994" lon="6.74572">
        <ele>1626.6</ele>
      </trkpt>
      <trkpt lat="44.2198" lon="6.74567">
        <ele>1622.9</ele>
      </trkpt>
      <trkpt lat="44.21976" lon="6.74566">
        <ele>1621.7</ele>
      </trkpt>
      <trkpt lat="44.21969" lon="6.74565">
        <ele>1619.4</ele>
      </trkpt>
      <trkpt lat="44.21958" lon="6.74564">
        <ele>1615.5</ele>
      </trkpt>
      <trkpt lat="44.21954" lon="6.74564">
        <ele>1613.9</ele>
      </trkpt>
      <trkpt lat="44.2194" lon="6.74562">
        <ele>1609.2</ele>
      </trkpt>
      <trkpt lat="44.21935" lon="6.74561">
        <ele>1607.7</ele>
      </trkpt>
      <trkpt lat="44.21924" lon="6.7456">
        <ele>1603.8</ele>
      </trkpt>
      <trkpt lat="44.21922" lon="6.74559">
        <ele>1603.4</ele>
      </trkpt>
      <trkpt lat="44.21915" lon="6.74557">
        <ele>1601.4</ele>
      </trkpt>
      <trkpt lat="44.21906" lon="6.74549">
        <ele>1600.5</ele>
      </trkpt>
      <trkpt lat="44.21904" lon="6.74548">
        <ele>1600.0</ele>
      </trkpt>
      <trkpt lat="44.21895" lon="6.74542">
        <ele>1598.4</ele>
      </trkpt>
      <trkpt lat="44.21893" lon="6.74541">
        <ele>1597.9</ele>
      </trkpt>
      <trkpt lat="44.21891" lon="6.74541">
        <ele>1597.0</ele>
      </trkpt>
      <trkpt lat="44.2189" lon="6.74541">
        <ele>1596.6</ele>
      </trkpt>
      <trkpt lat="44.21889" lon="6.74541">
        <ele>1596.2</ele>
      </trkpt>
      <trkpt lat="44.21888" lon="6.74541">
        <ele>1595.7</ele>
      </trkpt>
      <trkpt lat="44.21886" lon="6.74542">
        <ele>1594.4</ele>
      </trkpt>
      <trkpt lat="44.21885" lon="6.74542">
        <ele>1594.0</ele>
      </trkpt>
      <trkpt lat="44.21884" lon="6.74544">
        <ele>1592.7</ele>
      </trkpt>
      <trkpt lat="44.218829" lon="6.74549">
        <ele>1590.3</ele>
      </trkpt>
      <trkpt lat="44.21882" lon="6.74551">
        <ele>1589.0</ele>
      </trkpt>
      <trkpt lat="44.21882" lon="6.74553">
        <ele>1588.2</ele>
      </trkpt>
      <trkpt lat="44.218829" lon="6.74557">
        <ele>1587.0</ele>
      </trkpt>
      <trkpt lat="44.218829" lon="6.7456">
        <ele>1585.8</ele>
      </trkpt>
      <trkpt lat="44.218829" lon="6.74561">
        <ele>1585.4</ele>
      </trkpt>
      <trkpt lat="44.21884" lon="6.74564">
        <ele>1584.6</ele>
      </trkpt>
      <trkpt lat="44.21886" lon="6.74566">
        <ele>1584.7</ele>
      </trkpt>
      <trkpt lat="44.21887" lon="6.74567">
        <ele>1584.7</ele>
      </trkpt>
      <trkpt lat="44.21892" lon="6.74569">
        <ele>1586.2</ele>
      </trkpt>
      <trkpt lat="44.21898" lon="6.74572">
        <ele>1587.8</ele>
      </trkpt>
      <trkpt lat="44.21901" lon="6.74574">
        <ele>1588.4</ele>
      </trkpt>
      <trkpt lat="44.21916" lon="6.74577">
        <ele>1594.1</ele>
      </trkpt>
      <trkpt lat="44.21923" lon="6.74578">
        <ele>1596.5</ele>
      </trkpt>
      <trkpt lat="44.21934" lon="6.7458">
        <ele>1600.1</ele>
      </trkpt>
      <trkpt lat="44.21943" lon="6.74582">
        <ele>1602.9</ele>
      </trkpt>
      <trkpt lat="44.21951" lon="6.74585">
        <ele>1605.2</ele>
      </trkpt>
      <trkpt lat="44.21953" lon="6.74586">
        <ele>1605.7</ele>
      </trkpt>
      <trkpt lat="44.21966" lon="6.74599">
        <ele>1607.8</ele>
      </trkpt>
      <trkpt lat="44.21973" lon="6.74606">
        <ele>1609.1</ele>
      </trkpt>
      <trkpt lat="44.21983" lon="6.74619">
        <ele>1610.4</ele>
      </trkpt>
      <trkpt lat="44.21984" lon="6.74621">
        <ele>1610.4</ele>
      </trkpt>
      <trkpt lat="44.21986" lon="6.74631">
        <ele>1609.1</ele>
      </trkpt>
      <trkpt lat="44.21989" lon="6.74656">
        <ele>1605.0</ele>
      </trkpt>
      <trkpt lat="44.2199" lon="6.74657">
        <ele>1605.3</ele>
      </trkpt>
      <trkpt lat="44.2199" lon="6.74673">
        <ele>1603.0</ele>
      </trkpt>
      <trkpt lat="44.21989" lon="6.74681">
        <ele>1602.3</ele>
      </trkpt>
      <trkpt lat="44.21988" lon="6.74692">
        <ele>1601.6</ele>
      </trkpt>
      <trkpt lat="44.21981" lon="6.74709">
        <ele>1598.1</ele>
      </trkpt>
      <trkpt lat="44.21979" lon="6.74714">
        <ele>1597.1</ele>
      </trkpt>
      <trkpt lat="44.21978" lon="6.74718">
        <ele>1596.6</ele>
      </trkpt>
      <trkpt lat="44.2197" lon="6.7474">
        <ele>1592.9</ele>
      </trkpt>
      <trkpt lat="44.21967" lon="6.7475">
        <ele>1591.5</ele>
      </trkpt>
      <trkpt lat="44.2196" lon="6.74767">
        <ele>1590.5</ele>
      </trkpt>
      <trkpt lat="44.21958" lon="6.74772">
        <ele>1590.4</ele>
      </trkpt>
      <trkpt lat="44.21951" lon="6.74789">
        <ele>1590.2</ele>
      </trkpt>
      <trkpt lat="44.21948" lon="6.74793">
        <ele>1589.9</ele>
      </trkpt>
      <trkpt lat="44.21943" lon="6.74803">
        <ele>1590.0</ele>
      </trkpt>
      <trkpt lat="44.2194" lon="6.74807">
        <ele>1589.9</ele>
      </trkpt>
      <trkpt lat="44.21936" lon="6.7481">
        <ele>1589.4</ele>
      </trkpt>
      <trkpt lat="44.219299" lon="6.74811">
        <ele>1588.2</ele>
      </trkpt>
      <trkpt lat="44.21915" lon="6.74806">
        <ele>1585.2</ele>
      </trkpt>
      <trkpt lat="44.219" lon="6.74798">
        <ele>1582.2</ele>
      </trkpt>
      <trkpt lat="44.21898" lon="6.74797">
        <ele>1581.8</ele>
      </trkpt>
      <trkpt lat="44.21881" lon="6.74788">
        <ele>1578.3</ele>
      </trkpt>
      <trkpt lat="44.21877" lon="6.74786">
        <ele>1577.5</ele>
      </trkpt>
      <trkpt lat="44.218739" lon="6.74783">
        <ele>1576.7</ele>
      </trkpt>
      <trkpt lat="44.2187" lon="6.74782">
        <ele>1576.0</ele>
      </trkpt>
      <trkpt lat="44.21858" lon="6.74778">
        <ele>1573.6</ele>
      </trkpt>
      <trkpt lat="44.21852" lon="6.74779">
        <ele>1572.5</ele>
      </trkpt>
      <trkpt lat="44.21849" lon="6.74779">
        <ele>1572.3</ele>
      </trkpt>
      <trkpt lat="44.21846" lon="6.74782">
        <ele>1572.9</ele>
      </trkpt>
      <trkpt lat="44.21832" lon="6.7479">
        <ele>1575.4</ele>
      </trkpt>
      <trkpt lat="44.218179" lon="6.74799">
        <ele>1578.0</ele>
      </trkpt>
      <trkpt lat="44.21799" lon="6.74813">
        <ele>1581.6</ele>
      </trkpt>
      <trkpt lat="44.21783" lon="6.74827">
        <ele>1585.6</ele>
      </trkpt>
      <trkpt lat="44.21776" lon="6.74834">
        <ele>1587.5</ele>
      </trkpt>
      <trkpt lat="44.21755" lon="6.74857">
        <ele>1593.2</ele>
      </trkpt>
      <trkpt lat="44.2174" lon="6.74872">
        <ele>1597.2</ele>
      </trkpt>
      <trkpt lat="44.21731" lon="6.74881">
        <ele>1599.6</ele>
      </trkpt>
      <trkpt lat="44.21722" lon="6.74889">
        <ele>1601.9</ele>
      </trkpt>
      <trkpt lat="44.217149" lon="6.74891">
        <ele>1600.5</ele>
      </trkpt>
      <trkpt lat="44.21703" lon="6.74896">
        <ele>1598.7</ele>
      </trkpt>
      <trkpt lat="44.21698" lon="6.74898">
        <ele>1597.8</ele>
      </trkpt>
      <trkpt lat="44.2168" lon="6.74903">
        <ele>1593.3</ele>
      </trkpt>
      <trkpt lat="44.21676" lon="6.74904">
        <ele>1592.2</ele>
      </trkpt>
      <trkpt lat="44.21663" lon="6.74909">
        <ele>1591.1</ele>
      </trkpt>
      <trkpt lat="44.216589" lon="6.7491">
        <ele>1592.2</ele>
      </trkpt>
      <trkpt lat="44.21658" lon="6.74911">
        <ele>1592.7</ele>
      </trkpt>
      <trkpt lat="44.21648" lon="6.74915">
        <ele>1595.8</ele>
      </trkpt>
      <trkpt lat="44.21645" lon="6.74915">
        <ele>1595.5</ele>
      </trkpt>
      <trkpt lat="44.21642" lon="6.74915">
        <ele>1595.2</ele>
      </trkpt>
      <trkpt lat="44.21635" lon="6.74913">
        <ele>1594.5</ele>
      </trkpt>
      <trkpt lat="44.21628" lon="6.7491">
        <ele>1593.8</ele>
      </trkpt>
      <trkpt lat="44.21623" lon="6.74905">
        <ele>1593.3</ele>
      </trkpt>
      <trkpt lat="44.2162" lon="6.74903">
        <ele>1593.0</ele>
      </trkpt>
      <trkpt lat="44.21616" lon="6.74897">
        <ele>1592.4</ele>
      </trkpt>
      <trkpt lat="44.21614" lon="6.74895">
        <ele>1592.2</ele>
      </trkpt>
      <trkpt lat="44.21614" lon="6.74893">
        <ele>1592.0</ele>
      </trkpt>
      <trkpt lat="44.216119" lon="6.74888">
        <ele>1591.7</ele>
      </trkpt>
      <trkpt lat="44.21607" lon="6.74873">
        <ele>1590.6</ele>
      </trkpt>
      <trkpt lat="44.21606" lon="6.7487">
        <ele>1589.9</ele>
      </trkpt>
      <trkpt lat="44.21604" lon="6.74864">
        <ele>1588.5</ele>
      </trkpt>
      <trkpt lat="44.216" lon="6.74855">
        <ele>1586.6</ele>
      </trkpt>
      <trkpt lat="44.21596" lon="6.74849">
        <ele>1585.7</ele>
      </trkpt>
      <trkpt lat="44.21595" lon="6.74847">
        <ele>1585.4</ele>
      </trkpt>
      <trkpt lat="44.21593" lon="6.74845">
        <ele>1585.2</ele>
      </trkpt>
      <trkpt lat="44.21582" lon="6.74835">
        <ele>1584.8</ele>
      </trkpt>
      <trkpt lat="44.2157" lon="6.74829">
        <ele>1585.4</ele>
      </trkpt>
      <trkpt lat="44.215649" lon="6.74827">
        <ele>1585.7</ele>
      </trkpt>
      <trkpt lat="44.21548" lon="6.74821">
        <ele>1587.3</ele>
      </trkpt>
      <trkpt lat="44.21547" lon="6.74821">
        <ele>1587.5</ele>
      </trkpt>
      <trkpt lat="44.21534" lon="6.74816">
        <ele>1588.5</ele>
      </trkpt>
      <trkpt lat="44.2153" lon="6.74814">
        <ele>1588.6</ele>
      </trkpt>
      <trkpt lat="44.2152" lon="6.74809">
        <ele>1589.0</ele>
      </trkpt>
      <trkpt lat="44.21514" lon="6.74803">
        <ele>1588.1</ele>
      </trkpt>
      <trkpt lat="44.21507" lon="6.74797">
        <ele>1587.4</ele>
      </trkpt>
      <trkpt lat="44.21499" lon="6.74789">
        <ele>1586.1</ele>
      </trkpt>
      <trkpt lat="44.21497" lon="6.74787">
        <ele>1585.4</ele>
      </trkpt>
      <trkpt lat="44.21487" lon="6.74782">
        <ele>1583.6</ele>
      </trkpt>
      <trkpt lat="44.21477" lon="6.74779">
        <ele>1582.4</ele>
      </trkpt>
      <trkpt lat="44.21468" lon="6.74778">
        <ele>1582.0</ele>
      </trkpt>
      <trkpt lat="44.2145" lon="6.7478">
        <ele>1582.8</ele>
      </trkpt>
      <trkpt lat="44.214239" lon="6.74782">
        <ele>1583.9</ele>
      </trkpt>
      <trkpt lat="44.21411" lon="6.74783">
        <ele>1584.5</ele>
      </trkpt>
      <trkpt lat="44.21404" lon="6.74783">
        <ele>1584.6</ele>
      </trkpt>
      <trkpt lat="44.213949" lon="6.74783">
        <ele>1584.8</ele>
      </trkpt>
      <trkpt lat="44.21385" lon="6.74782">
        <ele>1584.4</ele>
      </trkpt>
      <trkpt lat="44.21378" lon="6.74782">
        <ele>1584.5</ele>
      </trkpt>
      <trkpt lat="44.21376" lon="6.74781">
        <ele>1584.0</ele>
      </trkpt>
      <trkpt lat="44.21354" lon="6.74784">
        <ele>1586.0</ele>
      </trkpt>
      <trkpt lat="44.21346" lon="6.74784">
        <ele>1586.1</ele>
      </trkpt>
      <trkpt lat="44.21342" lon="6.74784">
        <ele>1586.2</ele>
      </trkpt>
      <trkpt lat="44.213389" lon="6.74784">
        <ele>1586.3</ele>
      </trkpt>
      <trkpt lat="44.21331" lon="6.74783">
        <ele>1586.1</ele>
      </trkpt>
      <trkpt lat="44.21329" lon="6.74782">
        <ele>1585.8</ele>
      </trkpt>
      <trkpt lat="44.21326" lon="6.74777">
        <ele>1583.6</ele>
      </trkpt>
      <trkpt lat="44.21323" lon="6.74773">
        <ele>1581.9</ele>
      </trkpt>
      <trkpt lat="44.21317" lon="6.74765">
        <ele>1578.6</ele>
      </trkpt>
      <trkpt lat="44.21313" lon="6.7476">
        <ele>1576.7</ele>
      </trkpt>
      <trkpt lat="44.2131" lon="6.74756">
        <ele>1575.2</ele>
      </trkpt>
      <trkpt lat="44.21298" lon="6.74749">
        <ele>1573.9</ele>
      </trkpt>
      <trkpt lat="44.21297" lon="6.74748">
        <ele>1573.6</ele>
      </trkpt>
      <trkpt lat="44.21282" lon="6.74738">
        <ele>1571.6</ele>
      </trkpt>
      <trkpt lat="44.21281" lon="6.74737">
        <ele>1571.3</ele>
      </trkpt>
      <trkpt lat="44.21269" lon="6.74733">
        <ele>1571.5</ele>
      </trkpt>
      <trkpt lat="44.21264" lon="6.74732">
        <ele>1571.9</ele>
      </trkpt>
      <trkpt lat="44.21258" lon="6.74732">
        <ele>1573.0</ele>
      </trkpt>
      <trkpt lat="44.21246" lon="6.74732">
        <ele>1574.7</ele>
      </trkpt>
      <trkpt lat="44.2123" lon="6.74733">
        <ele>1576.3</ele>
      </trkpt>
      <trkpt lat="44.21228" lon="6.74732">
        <ele>1576.0</ele>
      </trkpt>
      <trkpt lat="44.21219" lon="6.74731">
        <ele>1576.1</ele>
      </trkpt>
      <trkpt lat="44.2121" lon="6.74726">
        <ele>1574.3</ele>
      </trkpt>
      <trkpt lat="44.21209" lon="6.74725">
        <ele>1573.9</ele>
      </trkpt>
      <trkpt lat="44.21197" lon="6.74718">
        <ele>1571.1</ele>
      </trkpt>
      <trkpt lat="44.21194" lon="6.74717">
        <ele>1570.8</ele>
      </trkpt>
      <trkpt lat="44.21185" lon="6.74714">
        <ele>1569.8</ele>
      </trkpt>
      <trkpt lat="44.21155" lon="6.74713">
        <ele>1571.5</ele>
      </trkpt>
      <trkpt lat="44.21144" lon="6.74715">
        <ele>1573.5</ele>
      </trkpt>
      <trkpt lat="44.21138" lon="6.74711">
        <ele>1572.1</ele>
      </trkpt>
      <trkpt lat="44.21132" lon="6.74707">
        <ele>1570.7</ele>
      </trkpt>
      <trkpt lat="44.21127" lon="6.74706">
        <ele>1570.7</ele>
      </trkpt>
      <trkpt lat="44.21121" lon="6.74703">
        <ele>1569.9</ele>
      </trkpt>
      <trkpt lat="44.21119" lon="6.74702">
        <ele>1569.7</ele>
      </trkpt>
      <trkpt lat="44.21116" lon="6.74697">
        <ele>1567.7</ele>
      </trkpt>
      <trkpt lat="44.21115" lon="6.74696">
        <ele>1567.4</ele>
      </trkpt>
      <trkpt lat="44.21109" lon="6.74685">
        <ele>1563.2</ele>
      </trkpt>
      <trkpt lat="44.21103" lon="6.7467">
        <ele>1557.4</ele>
      </trkpt>
      <trkpt lat="44.21099" lon="6.74662">
        <ele>1554.3</ele>
      </trkpt>
      <trkpt lat="44.21098" lon="6.74661">
        <ele>1554.0</ele>
      </trkpt>
      <trkpt lat="44.21094" lon="6.74658">
        <ele>1553.2</ele>
      </trkpt>
      <trkpt lat="44.21092" lon="6.74657">
        <ele>1553.0</ele>
      </trkpt>
      <trkpt lat="44.21085" lon="6.74653">
        <ele>1552.2</ele>
      </trkpt>
      <trkpt lat="44.210769" lon="6.74651">
        <ele>1552.3</ele>
      </trkpt>
      <trkpt lat="44.21075" lon="6.74651">
        <ele>1552.6</ele>
      </trkpt>
      <trkpt lat="44.2106" lon="6.74654">
        <ele>1555.8</ele>
      </trkpt>
      <trkpt lat="44.21041" lon="6.74658">
        <ele>1559.7</ele>
      </trkpt>
      <trkpt lat="44.21038" lon="6.74659">
        <ele>1560.4</ele>
      </trkpt>
      <trkpt lat="44.21028" lon="6.74659">
        <ele>1561.5</ele>
      </trkpt>
      <trkpt lat="44.21023" lon="6.74657">
        <ele>1561.4</ele>
      </trkpt>
      <trkpt lat="44.21019" lon="6.74656">
        <ele>1561.5</ele>
      </trkpt>
      <trkpt lat="44.21011" lon="6.74649">
        <ele>1560.2</ele>
      </trkpt>
      <trkpt lat="44.21009" lon="6.74644">
        <ele>1558.9</ele>
      </trkpt>
      <trkpt lat="44.20999" lon="6.74623">
        <ele>1554.1</ele>
      </trkpt>
      <trkpt lat="44.20998" lon="6.7462">
        <ele>1553.3</ele>
      </trkpt>
      <trkpt lat="44.20988" lon="6.74604">
        <ele>1550.5</ele>
      </trkpt>
      <trkpt lat="44.20986" lon="6.74601">
        <ele>1550.1</ele>
      </trkpt>
      <trkpt lat="44.20976" lon="6.74584">
        <ele>1547.6</ele>
      </trkpt>
      <trkpt lat="44.20971" lon="6.74576">
        <ele>1546.0</ele>
      </trkpt>
      <trkpt lat="44.20953" lon="6.74532">
        <ele>1536.4</ele>
      </trkpt>
      <trkpt lat="44.209449" lon="6.74516">
        <ele>1534.3</ele>
      </trkpt>
      <trkpt lat="44.20934" lon="6.74498">
        <ele>1533.1</ele>
      </trkpt>
      <trkpt lat="44.20918" lon="6.74475">
        <ele>1530.3</ele>
      </trkpt>
      <trkpt lat="44.20918" lon="6.74473">
        <ele>1529.4</ele>
      </trkpt>
      <trkpt lat="44.20911" lon="6.74466">
        <ele>1526.2</ele>
      </trkpt>
      <trkpt lat="44.20906" lon="6.74463">
        <ele>1524.2</ele>
      </trkpt>
      <trkpt lat="44.20903" lon="6.74461">
        <ele>1523.0</ele>
      </trkpt>
      <trkpt lat="44.20901" lon="6.74461">
        <ele>1522.7</ele>
      </trkpt>
      <trkpt lat="44.20894" lon="6.7446">
        <ele>1521.2</ele>
      </trkpt>
      <trkpt lat="44.20888" lon="6.74462">
        <ele>1521.0</ele>
      </trkpt>
      <trkpt lat="44.20886" lon="6.74463">
        <ele>1521.1</ele>
      </trkpt>
      <trkpt lat="44.20881" lon="6.74466">
        <ele>1521.4</ele>
      </trkpt>
      <trkpt lat="44.20874" lon="6.74471">
        <ele>1521.9</ele>
      </trkpt>
      <trkpt lat="44.2087" lon="6.74475">
        <ele>1522.6</ele>
      </trkpt>
      <trkpt lat="44.20855" lon="6.74487">
        <ele>1523.7</ele>
      </trkpt>
      <trkpt lat="44.20854" lon="6.74488">
        <ele>1523.8</ele>
      </trkpt>
      <trkpt lat="44.20841" lon="6.74505">
        <ele>1525.8</ele>
      </trkpt>
      <trkpt lat="44.20838" lon="6.74509">
        <ele>1526.0</ele>
      </trkpt>
      <trkpt lat="44.20837" lon="6.74511">
        <ele>1526.2</ele>
      </trkpt>
      <trkpt lat="44.2083" lon="6.74525">
        <ele>1527.2</ele>
      </trkpt>
      <trkpt lat="44.20826" lon="6.74533">
        <ele>1527.5</ele>
      </trkpt>
      <trkpt lat="44.20819" lon="6.74544">
        <ele>1527.6</ele>
      </trkpt>
      <trkpt lat="44.20817" lon="6.74548">
        <ele>1527.8</ele>
      </trkpt>
      <trkpt lat="44.20806" lon="6.74561">
        <ele>1527.1</ele>
      </trkpt>
      <trkpt lat="44.20799" lon="6.74569">
        <ele>1526.8</ele>
      </trkpt>
      <trkpt lat="44.20776" lon="6.7459">
        <ele>1524.9</ele>
      </trkpt>
      <trkpt lat="44.20754" lon="6.74611">
        <ele>1524.1</ele>
      </trkpt>
      <trkpt lat="44.20744" lon="6.74618">
        <ele>1524.7</ele>
      </trkpt>
      <trkpt lat="44.20735" lon="6.7462">
        <ele>1524.8</ele>
      </trkpt>
      <trkpt lat="44.20727" lon="6.74619">
        <ele>1524.1</ele>
      </trkpt>
      <trkpt lat="44.20721" lon="6.74616">
        <ele>1522.9</ele>
      </trkpt>
      <trkpt lat="44.20717" lon="6.74614">
        <ele>1522.1</ele>
      </trkpt>
      <trkpt lat="44.20712" lon="6.74606">
        <ele>1519.5</ele>
      </trkpt>
      <trkpt lat="44.20703" lon="6.74592">
        <ele>1514.8</ele>
      </trkpt>
      <trkpt lat="44.207" lon="6.74588">
        <ele>1513.4</ele>
      </trkpt>
      <trkpt lat="44.20694" lon="6.74582">
        <ele>1511.2</ele>
      </trkpt>
      <trkpt lat="44.20687" lon="6.74578">
        <ele>1509.4</ele>
      </trkpt>
      <trkpt lat="44.20684" lon="6.74576">
        <ele>1508.6</ele>
      </trkpt>
      <trkpt lat="44.20677" lon="6.74574">
        <ele>1507.4</ele>
      </trkpt>
      <trkpt lat="44.20666" lon="6.74573">
        <ele>1506.3</ele>
      </trkpt>
      <trkpt lat="44.20648" lon="6.74571">
        <ele>1504.1</ele>
      </trkpt>
      <trkpt lat="44.20618" lon="6.74568">
        <ele>1500.4</ele>
      </trkpt>
      <trkpt lat="44.20612" lon="6.74569">
        <ele>1500.2</ele>
      </trkpt>
      <trkpt lat="44.20608" lon="6.7457">
        <ele>1500.2</ele>
      </trkpt>
      <trkpt lat="44.20578" lon="6.74585">
        <ele>1502.9</ele>
      </trkpt>
      <trkpt lat="44.20575" lon="6.74586">
        <ele>1502.8</ele>
      </trkpt>
      <trkpt lat="44.20561" lon="6.74592">
        <ele>1502.9</ele>
      </trkpt>
      <trkpt lat="44.20544" lon="6.746">
        <ele>1503.1</ele>
      </trkpt>
      <trkpt lat="44.20527" lon="6.74608">
        <ele>1503.1</ele>
      </trkpt>
      <trkpt lat="44.20499" lon="6.7462">
        <ele>1502.3</ele>
      </trkpt>
      <trkpt lat="44.20493" lon="6.74622">
        <ele>1502.3</ele>
      </trkpt>
      <trkpt lat="44.20487" lon="6.74623">
        <ele>1502.0</ele>
      </trkpt>
      <trkpt lat="44.20478" lon="6.74622">
        <ele>1500.8</ele>
      </trkpt>
      <trkpt lat="44.20475" lon="6.74621">
        <ele>1500.2</ele>
      </trkpt>
      <trkpt lat="44.20471" lon="6.7462">
        <ele>1499.5</ele>
      </trkpt>
      <trkpt lat="44.20462" lon="6.74616">
        <ele>1497.6</ele>
      </trkpt>
      <trkpt lat="44.20458" lon="6.74612">
        <ele>1496.2</ele>
      </trkpt>
      <trkpt lat="44.20449" lon="6.74604">
        <ele>1493.5</ele>
      </trkpt>
      <trkpt lat="44.20444" lon="6.74597">
        <ele>1491.5</ele>
      </trkpt>
      <trkpt lat="44.204389" lon="6.74588">
        <ele>1489.1</ele>
      </trkpt>
      <trkpt lat="44.20431" lon="6.7458">
        <ele>1486.5</ele>
      </trkpt>
      <trkpt lat="44.20428" lon="6.74577">
        <ele>1485.3</ele>
      </trkpt>
      <trkpt lat="44.2042" lon="6.74573">
        <ele>1483.5</ele>
      </trkpt>
      <trkpt lat="44.20414" lon="6.74573">
        <ele>1482.7</ele>
      </trkpt>
      <trkpt lat="44.20411" lon="6.74573">
        <ele>1481.9</ele>
      </trkpt>
      <trkpt lat="44.20405" lon="6.74577">
        <ele>1481.9</ele>
      </trkpt>
      <trkpt lat="44.204" lon="6.74585">
        <ele>1483.3</ele>
      </trkpt>
      <trkpt lat="44.20399" lon="6.74587">
        <ele>1483.4</ele>
      </trkpt>
      <trkpt lat="44.20393" lon="6.74601">
        <ele>1484.5</ele>
      </trkpt>
      <trkpt lat="44.203919" lon="6.74608">
        <ele>1485.5</ele>
      </trkpt>
      <trkpt lat="44.20389" lon="6.74626">
        <ele>1487.9</ele>
      </trkpt>
      <trkpt lat="44.20387" lon="6.74632">
        <ele>1488.4</ele>
      </trkpt>
      <trkpt lat="44.20386" lon="6.74638">
        <ele>1489.2</ele>
      </trkpt>
      <trkpt lat="44.20378" lon="6.74653">
        <ele>1489.6</ele>
      </trkpt>
      <trkpt lat="44.20374" lon="6.74661">
        <ele>1489.8</ele>
      </trkpt>
      <trkpt lat="44.20367" lon="6.74673">
        <ele>1489.8</ele>
      </trkpt>
      <trkpt lat="44.20366" lon="6.74674">
        <ele>1489.7</ele>
      </trkpt>
      <trkpt lat="44.20356" lon="6.74679">
        <ele>1487.6</ele>
      </trkpt>
      <trkpt lat="44.2035" lon="6.7468">
        <ele>1486.1</ele>
      </trkpt>
      <trkpt lat="44.20342" lon="6.7468">
        <ele>1483.8</ele>
      </trkpt>
      <trkpt lat="44.20332" lon="6.74678">
        <ele>1480.7</ele>
      </trkpt>
      <trkpt lat="44.20304" lon="6.74671">
        <ele>1474.8</ele>
      </trkpt>
      <trkpt lat="44.20279" lon="6.74664">
        <ele>1469.4</ele>
      </trkpt>
      <trkpt lat="44.20261" lon="6.7466">
        <ele>1465.7</ele>
      </trkpt>
      <trkpt lat="44.20244" lon="6.74655">
        <ele>1461.9</ele>
      </trkpt>
      <trkpt lat="44.202419" lon="6.74655">
        <ele>1461.6</ele>
      </trkpt>
      <trkpt lat="44.20232" lon="6.74655">
        <ele>1460.0</ele>
      </trkpt>
      <trkpt lat="44.20224" lon="6.74658">
        <ele>1459.2</ele>
      </trkpt>
      <trkpt lat="44.202219" lon="6.7466">
        <ele>1459.2</ele>
      </trkpt>
      <trkpt lat="44.2022" lon="6.74662">
        <ele>1459.2</ele>
      </trkpt>
      <trkpt lat="44.20217" lon="6.74665">
        <ele>1459.2</ele>
      </trkpt>
      <trkpt lat="44.20217" lon="6.74666">
        <ele>1459.3</ele>
      </trkpt>
      <trkpt lat="44.20216" lon="6.74667">
        <ele>1459.4</ele>
      </trkpt>
      <trkpt lat="44.20206" lon="6.74687">
        <ele>1461.4</ele>
      </trkpt>
      <trkpt lat="44.20203" lon="6.74691">
        <ele>1461.6</ele>
      </trkpt>
      <trkpt lat="44.20194" lon="6.74706">
        <ele>1462.8</ele>
      </trkpt>
      <trkpt lat="44.20189" lon="6.74715">
        <ele>1463.6</ele>
      </trkpt>
      <trkpt lat="44.20187" lon="6.74718">
        <ele>1463.8</ele>
      </trkpt>
      <trkpt lat="44.20183" lon="6.74721">
        <ele>1463.7</ele>
      </trkpt>
      <trkpt lat="44.20181" lon="6.74722">
        <ele>1463.5</ele>
      </trkpt>
      <trkpt lat="44.20171" lon="6.74729">
        <ele>1463.0</ele>
      </trkpt>
      <trkpt lat="44.20168" lon="6.74731">
        <ele>1462.8</ele>
      </trkpt>
      <trkpt lat="44.20165" lon="6.74733">
        <ele>1462.6</ele>
      </trkpt>
      <trkpt lat="44.20158" lon="6.74735">
        <ele>1461.4</ele>
      </trkpt>
      <trkpt lat="44.20153" lon="6.74738">
        <ele>1460.8</ele>
      </trkpt>
      <trkpt lat="44.20149" lon="6.74739">
        <ele>1460.1</ele>
      </trkpt>
      <trkpt lat="44.20147" lon="6.74738">
        <ele>1459.5</ele>
      </trkpt>
      <trkpt lat="44.20138" lon="6.74737">
        <ele>1457.3</ele>
      </trkpt>
      <trkpt lat="44.2013" lon="6.74733">
        <ele>1454.7</ele>
      </trkpt>
      <trkpt lat="44.20126" lon="6.74731">
        <ele>1453.4</ele>
      </trkpt>
      <trkpt lat="44.20114" lon="6.7473">
        <ele>1450.4</ele>
      </trkpt>
      <trkpt lat="44.20106" lon="6.74732">
        <ele>1449.0</ele>
      </trkpt>
      <trkpt lat="44.20099" lon="6.74736">
        <ele>1448.3</ele>
      </trkpt>
      <trkpt lat="44.20097" lon="6.74741">
        <ele>1449.0</ele>
      </trkpt>
      <trkpt lat="44.20085" lon="6.7476">
        <ele>1451.2</ele>
      </trkpt>
      <trkpt lat="44.20069" lon="6.74783">
        <ele>1453.8</ele>
      </trkpt>
      <trkpt lat="44.20061" lon="6.74792">
        <ele>1454.2</ele>
      </trkpt>
      <trkpt lat="44.20059" lon="6.74794">
        <ele>1454.2</ele>
      </trkpt>
      <trkpt lat="44.20043" lon="6.74807">
        <ele>1453.6</ele>
      </trkpt>
      <trkpt lat="44.20041" lon="6.74809">
        <ele>1453.6</ele>
      </trkpt>
      <trkpt lat="44.2003" lon="6.74812">
        <ele>1451.5</ele>
      </trkpt>
      <trkpt lat="44.20026" lon="6.74813">
        <ele>1450.7</ele>
      </trkpt>
      <trkpt lat="44.20008" lon="6.74816">
        <ele>1446.6</ele>
      </trkpt>
      <trkpt lat="44.19996" lon="6.74818">
        <ele>1444.5</ele>
      </trkpt>
      <trkpt lat="44.19973" lon="6.74823">
        <ele>1443.0</ele>
      </trkpt>
      <trkpt lat="44.19955" lon="6.74827">
        <ele>1441.6</ele>
      </trkpt>
      <trkpt lat="44.19919" lon="6.74835">
        <ele>1438.6</ele>
      </trkpt>
      <trkpt lat="44.19908" lon="6.74837">
        <ele>1435.8</ele>
      </trkpt>
      <trkpt lat="44.19888" lon="6.74837">
        <ele>1429.1</ele>
      </trkpt>
      <trkpt lat="44.19876" lon="6.74847">
        <ele>1427.0</ele>
      </trkpt>
      <trkpt lat="44.19873" lon="6.74851">
        <ele>1426.8</ele>
      </trkpt>
      <trkpt lat="44.1987" lon="6.74854">
        <ele>1426.5</ele>
      </trkpt>
      <trkpt lat="44.19863" lon="6.74866">
        <ele>1426.6</ele>
      </trkpt>
      <trkpt lat="44.19861" lon="6.7487">
        <ele>1426.8</ele>
      </trkpt>
      <trkpt lat="44.19855" lon="6.74887">
        <ele>1428.4</ele>
      </trkpt>
      <trkpt lat="44.19853" lon="6.74892">
        <ele>1428.8</ele>
      </trkpt>
      <trkpt lat="44.19849" lon="6.74908">
        <ele>1430.9</ele>
      </trkpt>
      <trkpt lat="44.19847" lon="6.74916">
        <ele>1432.0</ele>
      </trkpt>
      <trkpt lat="44.19844" lon="6.74931">
        <ele>1434.1</ele>
      </trkpt>
      <trkpt lat="44.19841" lon="6.74934">
        <ele>1433.9</ele>
      </trkpt>
      <trkpt lat="44.19839" lon="6.74936">
        <ele>1433.7</ele>
      </trkpt>
      <trkpt lat="44.19837" lon="6.74938">
        <ele>1433.6</ele>
      </trkpt>
      <trkpt lat="44.19834" lon="6.74938">
        <ele>1432.8</ele>
      </trkpt>
      <trkpt lat="44.19831" lon="6.74938">
        <ele>1432.5</ele>
      </trkpt>
      <trkpt lat="44.19829" lon="6.74936">
        <ele>1432.0</ele>
      </trkpt>
      <trkpt lat="44.19825" lon="6.74934">
        <ele>1431.4</ele>
      </trkpt>
      <trkpt lat="44.19822" lon="6.74931">
        <ele>1430.5</ele>
      </trkpt>
      <trkpt lat="44.19821" lon="6.7493">
        <ele>1430.2</ele>
      </trkpt>
      <trkpt lat="44.19814" lon="6.7492">
        <ele>1427.4</ele>
      </trkpt>
      <trkpt lat="44.19811" lon="6.74912">
        <ele>1425.3</ele>
      </trkpt>
      <trkpt lat="44.19806" lon="6.74901">
        <ele>1422.2</ele>
      </trkpt>
      <trkpt lat="44.198" lon="6.74892">
        <ele>1419.4</ele>
      </trkpt>
      <trkpt lat="44.19794" lon="6.74884">
        <ele>1416.8</ele>
      </trkpt>
      <trkpt lat="44.19786" lon="6.74876">
        <ele>1413.9</ele>
      </trkpt>
      <trkpt lat="44.19775" lon="6.74863">
        <ele>1409.1</ele>
      </trkpt>
      <trkpt lat="44.197719" lon="6.74861">
        <ele>1408.1</ele>
      </trkpt>
      <trkpt lat="44.19771" lon="6.7486">
        <ele>1407.7</ele>
      </trkpt>
      <trkpt lat="44.19768" lon="6.74858">
        <ele>1406.8</ele>
      </trkpt>
      <trkpt lat="44.19765" lon="6.74858">
        <ele>1406.4</ele>
      </trkpt>
      <trkpt lat="44.197629" lon="6.74858">
        <ele>1406.1</ele>
      </trkpt>
      <trkpt lat="44.1976" lon="6.74859">
        <ele>1406.0</ele>
      </trkpt>
      <trkpt lat="44.19757" lon="6.74861">
        <ele>1406.2</ele>
      </trkpt>
      <trkpt lat="44.19755" lon="6.74862">
        <ele>1406.2</ele>
      </trkpt>
      <trkpt lat="44.197539" lon="6.74863">
        <ele>1406.4</ele>
      </trkpt>
      <trkpt lat="44.19752" lon="6.74864">
        <ele>1406.5</ele>
      </trkpt>
      <trkpt lat="44.1975" lon="6.74868">
        <ele>1407.4</ele>
      </trkpt>
      <trkpt lat="44.19745" lon="6.74879">
        <ele>1410.0</ele>
      </trkpt>
      <trkpt lat="44.19741" lon="6.74888">
        <ele>1412.1</ele>
      </trkpt>
      <trkpt lat="44.19736" lon="6.74897">
        <ele>1414.0</ele>
      </trkpt>
      <trkpt lat="44.19735" lon="6.74899">
        <ele>1414.4</ele>
      </trkpt>
      <trkpt lat="44.19733" lon="6.74901">
        <ele>1414.7</ele>
      </trkpt>
      <trkpt lat="44.19732" lon="6.74901">
        <ele>1414.5</ele>
      </trkpt>
      <trkpt lat="44.19728" lon="6.74904">
        <ele>1414.7</ele>
      </trkpt>
      <trkpt lat="44.19717" lon="6.74911">
        <ele>1414.9</ele>
      </trkpt>
      <trkpt lat="44.197" lon="6.7492">
        <ele>1414.7</ele>
      </trkpt>
      <trkpt lat="44.19688" lon="6.74927">
        <ele>1414.8</ele>
      </trkpt>
      <trkpt lat="44.19685" lon="6.74929">
        <ele>1414.9</ele>
      </trkpt>
      <trkpt lat="44.19683" lon="6.7493">
        <ele>1414.8</ele>
      </trkpt>
      <trkpt lat="44.19677" lon="6.74931">
        <ele>1414.1</ele>
      </trkpt>
      <trkpt lat="44.19673" lon="6.74929">
        <ele>1412.8</ele>
      </trkpt>
      <trkpt lat="44.19671" lon="6.74928">
        <ele>1412.2</ele>
      </trkpt>
      <trkpt lat="44.1967" lon="6.74926">
        <ele>1411.4</ele>
      </trkpt>
      <trkpt lat="44.19665" lon="6.74919">
        <ele>1408.5</ele>
      </trkpt>
      <trkpt lat="44.19662" lon="6.74913">
        <ele>1406.6</ele>
      </trkpt>
      <trkpt lat="44.19659" lon="6.74907">
        <ele>1404.9</ele>
      </trkpt>
      <trkpt lat="44.19652" lon="6.74887">
        <ele>1399.7</ele>
      </trkpt>
      <trkpt lat="44.19645" lon="6.74868">
        <ele>1394.8</ele>
      </trkpt>
      <trkpt lat="44.19643" lon="6.74862">
        <ele>1393.3</ele>
      </trkpt>
      <trkpt lat="44.19636" lon="6.74847">
        <ele>1389.4</ele>
      </trkpt>
      <trkpt lat="44.1963" lon="6.74839">
        <ele>1387.1</ele>
      </trkpt>
      <trkpt lat="44.19628" lon="6.74836">
        <ele>1386.3</ele>
      </trkpt>
      <trkpt lat="44.19625" lon="6.74834">
        <ele>1385.6</ele>
      </trkpt>
      <trkpt lat="44.196219" lon="6.74832">
        <ele>1384.9</ele>
      </trkpt>
      <trkpt lat="44.19618" lon="6.74831">
        <ele>1384.3</ele>
      </trkpt>
      <trkpt lat="44.19617" lon="6.74831">
        <ele>1384.3</ele>
      </trkpt>
      <trkpt lat="44.19616" lon="6.74831">
        <ele>1384.2</ele>
      </trkpt>
      <trkpt lat="44.19614" lon="6.74832">
        <ele>1384.3</ele>
      </trkpt>
      <trkpt lat="44.19611" lon="6.74834">
        <ele>1384.5</ele>
      </trkpt>
      <trkpt lat="44.19609" lon="6.74836">
        <ele>1384.7</ele>
      </trkpt>
      <trkpt lat="44.19605" lon="6.74841">
        <ele>1385.4</ele>
      </trkpt>
      <trkpt lat="44.19596" lon="6.74856">
        <ele>1387.5</ele>
      </trkpt>
      <trkpt lat="44.1959" lon="6.74863">
        <ele>1388.3</ele>
      </trkpt>
      <trkpt lat="44.19586" lon="6.74868">
        <ele>1388.9</ele>
      </trkpt>
      <trkpt lat="44.19573" lon="6.74879">
        <ele>1390.0</ele>
      </trkpt>
      <trkpt lat="44.19568" lon="6.74885">
        <ele>1390.7</ele>
      </trkpt>
      <trkpt lat="44.19563" lon="6.74895">
        <ele>1392.2</ele>
      </trkpt>
      <trkpt lat="44.195569" lon="6.7491">
        <ele>1394.5</ele>
      </trkpt>
      <trkpt lat="44.19555" lon="6.74916">
        <ele>1395.5</ele>
      </trkpt>
      <trkpt lat="44.19553" lon="6.74921">
        <ele>1396.4</ele>
      </trkpt>
      <trkpt lat="44.19547" lon="6.7493">
        <ele>1397.7</ele>
      </trkpt>
      <trkpt lat="44.19544" lon="6.74933">
        <ele>1398.1</ele>
      </trkpt>
      <trkpt lat="44.1954" lon="6.74936">
        <ele>1398.3</ele>
      </trkpt>
      <trkpt lat="44.19539" lon="6.74936">
        <ele>1398.2</ele>
      </trkpt>
      <trkpt lat="44.19535" lon="6.74938">
        <ele>1398.2</ele>
      </trkpt>
      <trkpt lat="44.1952" lon="6.74942">
        <ele>1397.5</ele>
      </trkpt>
      <trkpt lat="44.19516" lon="6.74943">
        <ele>1397.3</ele>
      </trkpt>
      <trkpt lat="44.19512" lon="6.74944">
        <ele>1397.1</ele>
      </trkpt>
      <trkpt lat="44.195099" lon="6.74944">
        <ele>1396.9</ele>
      </trkpt>
      <trkpt lat="44.19509" lon="6.74944">
        <ele>1396.8</ele>
      </trkpt>
      <trkpt lat="44.19507" lon="6.74942">
        <ele>1396.3</ele>
      </trkpt>
      <trkpt lat="44.19504" lon="6.74939">
        <ele>1395.4</ele>
      </trkpt>
      <trkpt lat="44.195" lon="6.74933">
        <ele>1393.9</ele>
      </trkpt>
      <trkpt lat="44.19499" lon="6.74931">
        <ele>1393.5</ele>
      </trkpt>
      <trkpt lat="44.19498" lon="6.7493">
        <ele>1393.2</ele>
      </trkpt>
      <trkpt lat="44.19497" lon="6.74926">
        <ele>1392.3</ele>
      </trkpt>
      <trkpt lat="44.19495" lon="6.7492">
        <ele>1391.0</ele>
      </trkpt>
      <trkpt lat="44.19494" lon="6.74916">
        <ele>1390.2</ele>
      </trkpt>
      <trkpt lat="44.19495" lon="6.74906">
        <ele>1388.5</ele>
      </trkpt>
      <trkpt lat="44.19495" lon="6.7489">
        <ele>1385.6</ele>
      </trkpt>
      <trkpt lat="44.19497" lon="6.74875">
        <ele>1383.2</ele>
      </trkpt>
      <trkpt lat="44.19497" lon="6.74858">
        <ele>1380.1</ele>
      </trkpt>
      <trkpt lat="44.19497" lon="6.74856">
        <ele>1379.8</ele>
      </trkpt>
      <trkpt lat="44.19496" lon="6.74852">
        <ele>1379.0</ele>
      </trkpt>
      <trkpt lat="44.19493" lon="6.74841">
        <ele>1376.7</ele>
      </trkpt>
      <trkpt lat="44.19484" lon="6.74817">
        <ele>1371.1</ele>
      </trkpt>
      <trkpt lat="44.19482" lon="6.74811">
        <ele>1369.7</ele>
      </trkpt>
      <trkpt lat="44.194809" lon="6.74811">
        <ele>1369.7</ele>
      </trkpt>
      <trkpt lat="44.1948" lon="6.74809">
        <ele>1369.2</ele>
      </trkpt>
      <trkpt lat="44.19477" lon="6.74806">
        <ele>1368.3</ele>
      </trkpt>
      <trkpt lat="44.19476" lon="6.74804">
        <ele>1367.9</ele>
      </trkpt>
      <trkpt lat="44.19473" lon="6.74803">
        <ele>1367.4</ele>
      </trkpt>
      <trkpt lat="44.19471" lon="6.74802">
        <ele>1367.1</ele>
      </trkpt>
      <trkpt lat="44.19467" lon="6.74801">
        <ele>1366.6</ele>
      </trkpt>
      <trkpt lat="44.19465" lon="6.74801">
        <ele>1366.5</ele>
      </trkpt>
      <trkpt lat="44.19465" lon="6.74802">
        <ele>1366.7</ele>
      </trkpt>
      <trkpt lat="44.19454" lon="6.74806">
        <ele>1366.6</ele>
      </trkpt>
      <trkpt lat="44.19422" lon="6.74826">
        <ele>1367.3</ele>
      </trkpt>
      <trkpt lat="44.194159" lon="6.7483">
        <ele>1367.3</ele>
      </trkpt>
      <trkpt lat="44.19413" lon="6.74832">
        <ele>1366.7</ele>
      </trkpt>
      <trkpt lat="44.19408" lon="6.74832">
        <ele>1365.1</ele>
      </trkpt>
      <trkpt lat="44.19404" lon="6.74831">
        <ele>1363.7</ele>
      </trkpt>
      <trkpt lat="44.19403" lon="6.74831">
        <ele>1363.4</ele>
      </trkpt>
      <trkpt lat="44.19403" lon="6.7483">
        <ele>1363.2</ele>
      </trkpt>
      <trkpt lat="44.19402" lon="6.74829">
        <ele>1362.7</ele>
      </trkpt>
      <trkpt lat="44.19401" lon="6.74828">
        <ele>1362.2</ele>
      </trkpt>
      <trkpt lat="44.19401" lon="6.74827">
        <ele>1362.1</ele>
      </trkpt>
      <trkpt lat="44.19401" lon="6.74825">
        <ele>1361.7</ele>
      </trkpt>
      <trkpt lat="44.19401" lon="6.74824">
        <ele>1361.6</ele>
      </trkpt>
      <trkpt lat="44.19401" lon="6.74821">
        <ele>1361.1</ele>
      </trkpt>
      <trkpt lat="44.19402" lon="6.74816">
        <ele>1360.6</ele>
      </trkpt>
      <trkpt lat="44.19403" lon="6.74813">
        <ele>1360.4</ele>
      </trkpt>
      <trkpt lat="44.19404" lon="6.7481">
        <ele>1360.2</ele>
      </trkpt>
      <trkpt lat="44.19406" lon="6.74806">
        <ele>1360.2</ele>
      </trkpt>
      <trkpt lat="44.19409" lon="6.74803">
        <ele>1360.7</ele>
      </trkpt>
      <trkpt lat="44.194249" lon="6.74793">
        <ele>1362.3</ele>
      </trkpt>
      <trkpt lat="44.19442" lon="6.74783">
        <ele>1361.7</ele>
      </trkpt>
      <trkpt lat="44.19452" lon="6.74776">
        <ele>1361.0</ele>
      </trkpt>
      <trkpt lat="44.19475" lon="6.74763">
        <ele>1359.7</ele>
      </trkpt>
      <trkpt lat="44.1948" lon="6.7476">
        <ele>1359.3</ele>
      </trkpt>
      <trkpt lat="44.19483" lon="6.74759">
        <ele>1359.2</ele>
      </trkpt>
      <trkpt lat="44.194899" lon="6.74759">
        <ele>1359.5</ele>
      </trkpt>
      <trkpt lat="44.19492" lon="6.74759">
        <ele>1359.6</ele>
      </trkpt>
      <trkpt lat="44.19504" lon="6.74762">
        <ele>1360.9</ele>
      </trkpt>
      <trkpt lat="44.1952" lon="6.74766">
        <ele>1363.1</ele>
      </trkpt>
      <trkpt lat="44.19527" lon="6.74768">
        <ele>1364.1</ele>
      </trkpt>
      <trkpt lat="44.19535" lon="6.7477">
        <ele>1365.2</ele>
      </trkpt>
      <trkpt lat="44.1954" lon="6.74769">
        <ele>1365.4</ele>
      </trkpt>
      <trkpt lat="44.19542" lon="6.74768">
        <ele>1365.3</ele>
      </trkpt>
      <trkpt lat="44.19546" lon="6.74766">
        <ele>1365.2</ele>
      </trkpt>
      <trkpt lat="44.19551" lon="6.74763">
        <ele>1365.0</ele>
      </trkpt>
      <trkpt lat="44.19552" lon="6.74762">
        <ele>1364.9</ele>
      </trkpt>
      <trkpt lat="44.19552" lon="6.74761">
        <ele>1364.7</ele>
      </trkpt>
      <trkpt lat="44.19554" lon="6.74758">
        <ele>1364.2</ele>
      </trkpt>
      <trkpt lat="44.19556" lon="6.74755">
        <ele>1363.7</ele>
      </trkpt>
      <trkpt lat="44.195569" lon="6.74752">
        <ele>1363.2</ele>
      </trkpt>
      <trkpt lat="44.19558" lon="6.74749">
        <ele>1362.6</ele>
      </trkpt>
      <trkpt lat="44.19558" lon="6.74747">
        <ele>1362.1</ele>
      </trkpt>
      <trkpt lat="44.195569" lon="6.74739">
        <ele>1360.0</ele>
      </trkpt>
      <trkpt lat="44.195569" lon="6.7473">
        <ele>1357.8</ele>
      </trkpt>
      <trkpt lat="44.19555" lon="6.747">
        <ele>1350.0</ele>
      </trkpt>
      <trkpt lat="44.19555" lon="6.74689">
        <ele>1347.2</ele>
      </trkpt>
      <trkpt lat="44.19555" lon="6.74678">
        <ele>1344.4</ele>
      </trkpt>
      <trkpt lat="44.19555" lon="6.74664">
        <ele>1340.8</ele>
      </trkpt>
      <trkpt lat="44.19555" lon="6.74653">
        <ele>1337.6</ele>
      </trkpt>
      <trkpt lat="44.19556" lon="6.74646">
        <ele>1335.8</ele>
      </trkpt>
      <trkpt lat="44.19556" lon="6.74643">
        <ele>1334.9</ele>
      </trkpt>
      <trkpt lat="44.195569" lon="6.7464">
        <ele>1334.2</ele>
      </trkpt>
      <trkpt lat="44.19558" lon="6.74638">
        <ele>1333.8</ele>
      </trkpt>
      <trkpt lat="44.19561" lon="6.74632">
        <ele>1332.5</ele>
      </trkpt>
      <trkpt lat="44.19563" lon="6.7463">
        <ele>1332.3</ele>
      </trkpt>
      <trkpt lat="44.19564" lon="6.74628">
        <ele>1331.9</ele>
      </trkpt>
      <trkpt lat="44.19568" lon="6.74626">
        <ele>1331.9</ele>
      </trkpt>
      <trkpt lat="44.19571" lon="6.74625">
        <ele>1332.1</ele>
      </trkpt>
      <trkpt lat="44.195749" lon="6.74624">
        <ele>1332.4</ele>
      </trkpt>
      <trkpt lat="44.19579" lon="6.74625">
        <ele>1333.3</ele>
      </trkpt>
      <trkpt lat="44.195839" lon="6.74627">
        <ele>1334.6</ele>
      </trkpt>
      <trkpt lat="44.19588" lon="6.7463">
        <ele>1335.8</ele>
      </trkpt>
      <trkpt lat="44.19604" lon="6.74641">
        <ele>1339.9</ele>
      </trkpt>
      <trkpt lat="44.19609" lon="6.74644">
        <ele>1340.9</ele>
      </trkpt>
      <trkpt lat="44.1962" lon="6.74653">
        <ele>1343.4</ele>
      </trkpt>
      <trkpt lat="44.19624" lon="6.74655">
        <ele>1344.0</ele>
      </trkpt>
      <trkpt lat="44.19635" lon="6.74666">
        <ele>1346.5</ele>
      </trkpt>
      <trkpt lat="44.19637" lon="6.74667">
        <ele>1346.7</ele>
      </trkpt>
      <trkpt lat="44.19638" lon="6.74668">
        <ele>1346.9</ele>
      </trkpt>
      <trkpt lat="44.19639" lon="6.74668">
        <ele>1347.0</ele>
      </trkpt>
      <trkpt lat="44.1964" lon="6.74668">
        <ele>1347.0</ele>
      </trkpt>
      <trkpt lat="44.19642" lon="6.74667">
        <ele>1346.8</ele>
      </trkpt>
      <trkpt lat="44.19643" lon="6.74666">
        <ele>1346.6</ele>
      </trkpt>
      <trkpt lat="44.19644" lon="6.74665">
        <ele>1346.4</ele>
      </trkpt>
      <trkpt lat="44.19644" lon="6.74664">
        <ele>1346.3</ele>
      </trkpt>
      <trkpt lat="44.19644" lon="6.74662">
        <ele>1345.9</ele>
      </trkpt>
      <trkpt lat="44.19645" lon="6.74659">
        <ele>1345.4</ele>
      </trkpt>
      <trkpt lat="44.19644" lon="6.74657">
        <ele>1345.0</ele>
      </trkpt>
      <trkpt lat="44.19644" lon="6.74654">
        <ele>1344.5</ele>
      </trkpt>
      <trkpt lat="44.19644" lon="6.74653">
        <ele>1344.3</ele>
      </trkpt>
      <trkpt lat="44.19644" lon="6.74652">
        <ele>1344.2</ele>
      </trkpt>
      <trkpt lat="44.19643" lon="6.74652">
        <ele>1344.1</ele>
      </trkpt>
      <trkpt lat="44.19643" lon="6.74651">
        <ele>1344.0</ele>
      </trkpt>
      <trkpt lat="44.19629" lon="6.7464">
        <ele>1341.2</ele>
      </trkpt>
      <trkpt lat="44.196129" lon="6.74627">
        <ele>1337.1</ele>
      </trkpt>
      <trkpt lat="44.19585" lon="6.74604">
        <ele>1328.2</ele>
      </trkpt>
      <trkpt lat="44.19576" lon="6.74595">
        <ele>1324.2</ele>
      </trkpt>
      <trkpt lat="44.1957" lon="6.74591">
        <ele>1322.1</ele>
      </trkpt>
      <trkpt lat="44.19565" lon="6.74588">
        <ele>1320.5</ele>
      </trkpt>
      <trkpt lat="44.19559" lon="6.74586">
        <ele>1319.0</ele>
      </trkpt>
      <trkpt lat="44.19553" lon="6.74587">
        <ele>1318.3</ele>
      </trkpt>
      <trkpt lat="44.19552" lon="6.74587">
        <ele>1318.2</ele>
      </trkpt>
      <trkpt lat="44.1955" lon="6.74588">
        <ele>1318.1</ele>
      </trkpt>
      <trkpt lat="44.19548" lon="6.74589">
        <ele>1318.1</ele>
      </trkpt>
      <trkpt lat="44.19546" lon="6.74591">
        <ele>1318.4</ele>
      </trkpt>
      <trkpt lat="44.19541" lon="6.74597">
        <ele>1319.3</ele>
      </trkpt>
      <trkpt lat="44.19539" lon="6.746">
        <ele>1319.9</ele>
      </trkpt>
      <trkpt lat="44.19539" lon="6.74601">
        <ele>1320.2</ele>
      </trkpt>
      <trkpt lat="44.19538" lon="6.74604">
        <ele>1320.9</ele>
      </trkpt>
      <trkpt lat="44.195369" lon="6.74607">
        <ele>1321.6</ele>
      </trkpt>
      <trkpt lat="44.19536" lon="6.74621">
        <ele>1325.5</ele>
      </trkpt>
      <trkpt lat="44.19535" lon="6.74626">
        <ele>1326.8</ele>
      </trkpt>
      <trkpt lat="44.19532" lon="6.74643">
        <ele>1331.2</ele>
      </trkpt>
      <trkpt lat="44.1953" lon="6.7465">
        <ele>1332.9</ele>
      </trkpt>
      <trkpt lat="44.195279" lon="6.74656">
        <ele>1334.3</ele>
      </trkpt>
      <trkpt lat="44.19527" lon="6.74658">
        <ele>1334.7</ele>
      </trkpt>
      <trkpt lat="44.19526" lon="6.74659">
        <ele>1334.9</ele>
      </trkpt>
      <trkpt lat="44.19525" lon="6.7466">
        <ele>1335.0</ele>
      </trkpt>
      <trkpt lat="44.19522" lon="6.74661">
        <ele>1334.8</ele>
      </trkpt>
      <trkpt lat="44.19521" lon="6.74662">
        <ele>1334.9</ele>
      </trkpt>
      <trkpt lat="44.1952" lon="6.74662">
        <ele>1334.8</ele>
      </trkpt>
      <trkpt lat="44.195189" lon="6.74662">
        <ele>1334.6</ele>
      </trkpt>
      <trkpt lat="44.19518" lon="6.74662">
        <ele>1334.5</ele>
      </trkpt>
      <trkpt lat="44.19515" lon="6.7466">
        <ele>1333.4</ele>
      </trkpt>
      <trkpt lat="44.19513" lon="6.74657">
        <ele>1332.2</ele>
      </trkpt>
      <trkpt lat="44.195099" lon="6.74654">
        <ele>1330.9</ele>
      </trkpt>
      <trkpt lat="44.19505" lon="6.74648">
        <ele>1328.4</ele>
      </trkpt>
      <trkpt lat="44.195" lon="6.74639">
        <ele>1325.0</ele>
      </trkpt>
      <trkpt lat="44.19497" lon="6.74635">
        <ele>1323.5</ele>
      </trkpt>
      <trkpt lat="44.19494" lon="6.74632">
        <ele>1322.2</ele>
      </trkpt>
      <trkpt lat="44.19491" lon="6.7463">
        <ele>1321.2</ele>
      </trkpt>
      <trkpt lat="44.19488" lon="6.74628">
        <ele>1320.3</ele>
      </trkpt>
      <trkpt lat="44.19485" lon="6.74627">
        <ele>1319.6</ele>
      </trkpt>
      <trkpt lat="44.1948" lon="6.74626">
        <ele>1318.6</ele>
      </trkpt>
      <trkpt lat="44.19476" lon="6.74627">
        <ele>1318.4</ele>
      </trkpt>
      <trkpt lat="44.19471" lon="6.74629">
        <ele>1318.3</ele>
      </trkpt>
      <trkpt lat="44.19469" lon="6.74629">
        <ele>1318.0</ele>
      </trkpt>
      <trkpt lat="44.19458" lon="6.74635">
        <ele>1318.2</ele>
      </trkpt>
      <trkpt lat="44.19454" lon="6.74637">
        <ele>1318.2</ele>
      </trkpt>
      <trkpt lat="44.19452" lon="6.74638">
        <ele>1318.2</ele>
      </trkpt>
      <trkpt lat="44.19446" lon="6.7464">
        <ele>1318.0</ele>
      </trkpt>
      <trkpt lat="44.1944" lon="6.7464">
        <ele>1317.1</ele>
      </trkpt>
      <trkpt lat="44.19436" lon="6.7464">
        <ele>1316.6</ele>
      </trkpt>
      <trkpt lat="44.194339" lon="6.7464">
        <ele>1316.3</ele>
      </trkpt>
      <trkpt lat="44.19422" lon="6.74638">
        <ele>1314.2</ele>
      </trkpt>
      <trkpt lat="44.19418" lon="6.74637">
        <ele>1313.4</ele>
      </trkpt>
      <trkpt lat="44.19411" lon="6.74636">
        <ele>1312.0</ele>
      </trkpt>
      <trkpt lat="44.19402" lon="6.74636">
        <ele>1310.4</ele>
      </trkpt>
      <trkpt lat="44.194" lon="6.74636">
        <ele>1310.1</ele>
      </trkpt>
      <trkpt lat="44.19398" lon="6.74636">
        <ele>1309.8</ele>
      </trkpt>
      <trkpt lat="44.19394" lon="6.74637">
        <ele>1309.3</ele>
      </trkpt>
      <trkpt lat="44.1939" lon="6.74638">
        <ele>1308.8</ele>
      </trkpt>
      <trkpt lat="44.19388" lon="6.7464">
        <ele>1308.8</ele>
      </trkpt>
      <trkpt lat="44.19383" lon="6.74643">
        <ele>1308.5</ele>
      </trkpt>
      <trkpt lat="44.19379" lon="6.74647">
        <ele>1308.3</ele>
      </trkpt>
      <trkpt lat="44.19363" lon="6.74658">
        <ele>1306.5</ele>
      </trkpt>
      <trkpt lat="44.19351" lon="6.74664">
        <ele>1304.2</ele>
      </trkpt>
      <trkpt lat="44.19347" lon="6.74666">
        <ele>1303.4</ele>
      </trkpt>
      <trkpt lat="44.19334" lon="6.74674">
        <ele>1302.4</ele>
      </trkpt>
      <trkpt lat="44.19326" lon="6.74678">
        <ele>1302.0</ele>
      </trkpt>
      <trkpt lat="44.19317" lon="6.74685">
        <ele>1302.0</ele>
      </trkpt>
      <trkpt lat="44.19309" lon="6.74693">
        <ele>1302.2</ele>
      </trkpt>
      <trkpt lat="44.19304" lon="6.747">
        <ele>1302.5</ele>
      </trkpt>
      <trkpt lat="44.19302" lon="6.74702">
        <ele>1302.5</ele>
      </trkpt>
      <trkpt lat="44.19297" lon="6.74709">
        <ele>1302.6</ele>
      </trkpt>
      <trkpt lat="44.19294" lon="6.74715">
        <ele>1303.0</ele>
      </trkpt>
      <trkpt lat="44.19292" lon="6.74719">
        <ele>1303.2</ele>
      </trkpt>
      <trkpt lat="44.1928" lon="6.74738">
        <ele>1302.6</ele>
      </trkpt>
      <trkpt lat="44.19278" lon="6.74743">
        <ele>1302.7</ele>
      </trkpt>
      <trkpt lat="44.19276" lon="6.74746">
        <ele>1302.4</ele>
      </trkpt>
      <trkpt lat="44.19273" lon="6.74748">
        <ele>1301.6</ele>
      </trkpt>
      <trkpt lat="44.19272" lon="6.74749">
        <ele>1301.3</ele>
      </trkpt>
      <trkpt lat="44.19269" lon="6.74751">
        <ele>1300.7</ele>
      </trkpt>
      <trkpt lat="44.19249" lon="6.74753">
        <ele>1294.1</ele>
      </trkpt>
      <trkpt lat="44.19233" lon="6.74752">
        <ele>1291.8</ele>
      </trkpt>
      <trkpt lat="44.19225" lon="6.74751">
        <ele>1290.4</ele>
      </trkpt>
      <trkpt lat="44.19215" lon="6.7475">
        <ele>1288.8</ele>
      </trkpt>
      <trkpt lat="44.19198" lon="6.74747">
        <ele>1286.6</ele>
      </trkpt>
      <trkpt lat="44.19197" lon="6.74747">
        <ele>1286.5</ele>
      </trkpt>
      <trkpt lat="44.19187" lon="6.74746">
        <ele>1285.3</ele>
      </trkpt>
      <trkpt lat="44.1918" lon="6.74746">
        <ele>1284.5</ele>
      </trkpt>
      <trkpt lat="44.19173" lon="6.74748">
        <ele>1283.7</ele>
      </trkpt>
      <trkpt lat="44.19169" lon="6.7475">
        <ele>1283.3</ele>
      </trkpt>
      <trkpt lat="44.19163" lon="6.74754">
        <ele>1283.9</ele>
      </trkpt>
      <trkpt lat="44.19157" lon="6.74758">
        <ele>1284.4</ele>
      </trkpt>
      <trkpt lat="44.19156" lon="6.7476">
        <ele>1284.9</ele>
      </trkpt>
      <trkpt lat="44.19149" lon="6.7477">
        <ele>1286.9</ele>
      </trkpt>
      <trkpt lat="44.19147" lon="6.74772">
        <ele>1287.1</ele>
      </trkpt>
      <trkpt lat="44.19146" lon="6.74773">
        <ele>1287.2</ele>
      </trkpt>
      <trkpt lat="44.19139" lon="6.74783">
        <ele>1288.6</ele>
      </trkpt>
      <trkpt lat="44.19135" lon="6.74786">
        <ele>1288.5</ele>
      </trkpt>
      <trkpt lat="44.1912" lon="6.74797">
        <ele>1287.4</ele>
      </trkpt>
      <trkpt lat="44.19119" lon="6.74797">
        <ele>1287.2</ele>
      </trkpt>
      <trkpt lat="44.19105" lon="6.74813">
        <ele>1286.4</ele>
      </trkpt>
      <trkpt lat="44.19104" lon="6.74815">
        <ele>1286.4</ele>
      </trkpt>
      <trkpt lat="44.19093" lon="6.74826">
        <ele>1284.5</ele>
      </trkpt>
      <trkpt lat="44.1909" lon="6.74828">
        <ele>1283.7</ele>
      </trkpt>
      <trkpt lat="44.19082" lon="6.74835">
        <ele>1282.5</ele>
      </trkpt>
      <trkpt lat="44.190689" lon="6.74844">
        <ele>1283.7</ele>
      </trkpt>
      <trkpt lat="44.19053" lon="6.74854">
        <ele>1283.8</ele>
      </trkpt>
      <trkpt lat="44.19051" lon="6.74855">
        <ele>1283.7</ele>
      </trkpt>
      <trkpt lat="44.19038" lon="6.74864">
        <ele>1283.3</ele>
      </trkpt>
      <trkpt lat="44.19035" lon="6.74866">
        <ele>1283.0</ele>
      </trkpt>
      <trkpt lat="44.19027" lon="6.74874">
        <ele>1283.0</ele>
      </trkpt>
      <trkpt lat="44.19025" lon="6.74875">
        <ele>1282.7</ele>
      </trkpt>
      <trkpt lat="44.19017" lon="6.74881">
        <ele>1281.7</ele>
      </trkpt>
      <trkpt lat="44.19011" lon="6.74885">
        <ele>1280.6</ele>
      </trkpt>
      <trkpt lat="44.1901" lon="6.74885">
        <ele>1280.3</ele>
      </trkpt>
      <trkpt lat="44.18996" lon="6.74893">
        <ele>1277.8</ele>
      </trkpt>
      <trkpt lat="44.189839" lon="6.749">
        <ele>1277.0</ele>
      </trkpt>
      <trkpt lat="44.18977" lon="6.74903">
        <ele>1276.3</ele>
      </trkpt>
      <trkpt lat="44.18973" lon="6.74905">
        <ele>1275.9</ele>
      </trkpt>
      <trkpt lat="44.1897" lon="6.74906">
        <ele>1275.5</ele>
      </trkpt>
      <trkpt lat="44.18966" lon="6.74907">
        <ele>1275.0</ele>
      </trkpt>
      <trkpt lat="44.1896" lon="6.74908">
        <ele>1274.0</ele>
      </trkpt>
      <trkpt lat="44.18959" lon="6.74908">
        <ele>1273.8</ele>
      </trkpt>
      <trkpt lat="44.18953" lon="6.74908">
        <ele>1272.7</ele>
      </trkpt>
      <trkpt lat="44.18948" lon="6.74907">
        <ele>1271.7</ele>
      </trkpt>
      <trkpt lat="44.189369" lon="6.74906">
        <ele>1269.5</ele>
      </trkpt>
      <trkpt lat="44.18923" lon="6.749">
        <ele>1266.3</ele>
      </trkpt>
      <trkpt lat="44.18921" lon="6.74899">
        <ele>1265.9</ele>
      </trkpt>
      <trkpt lat="44.18913" lon="6.74894">
        <ele>1264.5</ele>
      </trkpt>
      <trkpt lat="44.18905" lon="6.74889">
        <ele>1263.8</ele>
      </trkpt>
      <trkpt lat="44.18895" lon="6.74885">
        <ele>1263.2</ele>
      </trkpt>
      <trkpt lat="44.18891" lon="6.74883">
        <ele>1262.9</ele>
      </trkpt>
      <trkpt lat="44.18878" lon="6.74877">
        <ele>1262.2</ele>
      </trkpt>
      <trkpt lat="44.18869" lon="6.74873">
        <ele>1261.8</ele>
      </trkpt>
      <trkpt lat="44.1886" lon="6.74871">
        <ele>1261.5</ele>
      </trkpt>
      <trkpt lat="44.18846" lon="6.74866">
        <ele>1261.0</ele>
      </trkpt>
      <trkpt lat="44.1884" lon="6.74864">
        <ele>1260.9</ele>
      </trkpt>
      <trkpt lat="44.18827" lon="6.7486">
        <ele>1260.3</ele>
      </trkpt>
      <trkpt lat="44.18823" lon="6.74858">
        <ele>1259.9</ele>
      </trkpt>
      <trkpt lat="44.18812" lon="6.74851">
        <ele>1259.0</ele>
      </trkpt>
      <trkpt lat="44.18795" lon="6.74841">
        <ele>1257.6</ele>
      </trkpt>
      <trkpt lat="44.18783" lon="6.74833">
        <ele>1256.6</ele>
      </trkpt>
      <trkpt lat="44.1878" lon="6.7483">
        <ele>1256.6</ele>
      </trkpt>
      <trkpt lat="44.18766" lon="6.74815">
        <ele>1257.2</ele>
      </trkpt>
      <trkpt lat="44.18761" lon="6.74809">
        <ele>1257.4</ele>
      </trkpt>
      <trkpt lat="44.18753" lon="6.74801">
        <ele>1257.7</ele>
      </trkpt>
      <trkpt lat="44.18745" lon="6.74793">
        <ele>1258.1</ele>
      </trkpt>
      <trkpt lat="44.18742" lon="6.7479">
        <ele>1258.2</ele>
      </trkpt>
      <trkpt lat="44.18736" lon="6.74783">
        <ele>1258.5</ele>
      </trkpt>
      <trkpt lat="44.187309" lon="6.74779">
        <ele>1258.7</ele>
      </trkpt>
      <trkpt lat="44.18726" lon="6.74777">
        <ele>1258.9</ele>
      </trkpt>
      <trkpt lat="44.18721" lon="6.74776">
        <ele>1259.2</ele>
      </trkpt>
      <trkpt lat="44.18716" lon="6.74775">
        <ele>1259.6</ele>
      </trkpt>
      <trkpt lat="44.18713" lon="6.74776">
        <ele>1259.6</ele>
      </trkpt>
      <trkpt lat="44.18706" lon="6.74776">
        <ele>1260.0</ele>
      </trkpt>
      <trkpt lat="44.187" lon="6.74776">
        <ele>1260.3</ele>
      </trkpt>
      <trkpt lat="44.18688" lon="6.7478">
        <ele>1260.3</ele>
      </trkpt>
      <trkpt lat="44.18681" lon="6.74784">
        <ele>1259.9</ele>
      </trkpt>
      <trkpt lat="44.18673" lon="6.74788">
        <ele>1259.5</ele>
      </trkpt>
      <trkpt lat="44.18662" lon="6.74797">
        <ele>1258.0</ele>
      </trkpt>
      <trkpt lat="44.18654" lon="6.74802">
        <ele>1257.1</ele>
      </trkpt>
      <trkpt lat="44.18653" lon="6.74802">
        <ele>1257.1</ele>
      </trkpt>
      <trkpt lat="44.186369" lon="6.7481">
        <ele>1255.7</ele>
      </trkpt>
      <trkpt lat="44.18633" lon="6.74812">
        <ele>1255.3</ele>
      </trkpt>
      <trkpt lat="44.18622" lon="6.74817">
        <ele>1254.3</ele>
      </trkpt>
      <trkpt lat="44.1862" lon="6.74818">
        <ele>1254.1</ele>
      </trkpt>
      <trkpt lat="44.18606" lon="6.74825">
        <ele>1252.7</ele>
      </trkpt>
      <trkpt lat="44.18603" lon="6.74826">
        <ele>1252.5</ele>
      </trkpt>
      <trkpt lat="44.18598" lon="6.74829">
        <ele>1251.9</ele>
      </trkpt>
      <trkpt lat="44.18589" lon="6.74833">
        <ele>1251.1</ele>
      </trkpt>
      <trkpt lat="44.18572" lon="6.74841">
        <ele>1250.2</ele>
      </trkpt>
      <trkpt lat="44.18559" lon="6.74847">
        <ele>1249.7</ele>
      </trkpt>
      <trkpt lat="44.18555" lon="6.74848">
        <ele>1249.6</ele>
      </trkpt>
      <trkpt lat="44.18538" lon="6.74856">
        <ele>1248.5</ele>
      </trkpt>
      <trkpt lat="44.18528" lon="6.7486">
        <ele>1247.8</ele>
      </trkpt>
      <trkpt lat="44.18521" lon="6.74864">
        <ele>1247.0</ele>
      </trkpt>
      <trkpt lat="44.18517" lon="6.74865">
        <ele>1246.8</ele>
      </trkpt>
      <trkpt lat="44.18504" lon="6.74871">
        <ele>1245.5</ele>
      </trkpt>
      <trkpt lat="44.18486" lon="6.74878">
        <ele>1244.0</ele>
      </trkpt>
      <trkpt lat="44.18483" lon="6.74879">
        <ele>1243.8</ele>
      </trkpt>
      <trkpt lat="44.18448" lon="6.74894">
        <ele>1240.5</ele>
      </trkpt>
      <trkpt lat="44.18431" lon="6.749">
        <ele>1239.2</ele>
      </trkpt>
      <trkpt lat="44.18418" lon="6.74904">
        <ele>1238.3</ele>
      </trkpt>
      <trkpt lat="44.18413" lon="6.74905">
        <ele>1238.0</ele>
      </trkpt>
      <trkpt lat="44.18409" lon="6.74906">
        <ele>1237.7</ele>
      </trkpt>
      <trkpt lat="44.18395" lon="6.74908">
        <ele>1236.8</ele>
      </trkpt>
      <trkpt lat="44.1838" lon="6.74908">
        <ele>1236.5</ele>
      </trkpt>
      <trkpt lat="44.183639" lon="6.74906">
        <ele>1236.7</ele>
      </trkpt>
      <trkpt lat="44.18359" lon="6.74905">
        <ele>1236.9</ele>
      </trkpt>
      <trkpt lat="44.18341" lon="6.74902">
        <ele>1237.4</ele>
      </trkpt>
      <trkpt lat="44.1834" lon="6.74902">
        <ele>1237.4</ele>
      </trkpt>
      <trkpt lat="44.18324" lon="6.74898">
        <ele>1236.7</ele>
      </trkpt>
      <trkpt lat="44.1832" lon="6.74896">
        <ele>1236.5</ele>
      </trkpt>
      <trkpt lat="44.18307" lon="6.7489">
        <ele>1235.9</ele>
      </trkpt>
      <trkpt lat="44.18305" lon="6.74889">
        <ele>1235.9</ele>
      </trkpt>
      <trkpt lat="44.18287" lon="6.74875">
        <ele>1236.9</ele>
      </trkpt>
      <trkpt lat="44.18262" lon="6.74857">
        <ele>1238.3</ele>
      </trkpt>
      <trkpt lat="44.18259" lon="6.74855">
        <ele>1238.5</ele>
      </trkpt>
      <trkpt lat="44.18234" lon="6.74837">
        <ele>1241.1</ele>
      </trkpt>
      <trkpt lat="44.18228" lon="6.74833">
        <ele>1241.7</ele>
      </trkpt>
      <trkpt lat="44.1821" lon="6.74818">
        <ele>1244.7</ele>
      </trkpt>
      <trkpt lat="44.18201" lon="6.74813">
        <ele>1245.3</ele>
      </trkpt>
      <trkpt lat="44.181959" lon="6.74812">
        <ele>1245.0</ele>
      </trkpt>
      <trkpt lat="44.18194" lon="6.74812">
        <ele>1244.8</ele>
      </trkpt>
      <trkpt lat="44.18185" lon="6.74812">
        <ele>1243.7</ele>
      </trkpt>
      <trkpt lat="44.18178" lon="6.74814">
        <ele>1242.3</ele>
      </trkpt>
      <trkpt lat="44.18174" lon="6.74816">
        <ele>1241.2</ele>
      </trkpt>
      <trkpt lat="44.18162" lon="6.74822">
        <ele>1239.2</ele>
      </trkpt>
      <trkpt lat="44.18161" lon="6.74823">
        <ele>1239.0</ele>
      </trkpt>
      <trkpt lat="44.18145" lon="6.74835">
        <ele>1237.6</ele>
      </trkpt>
      <trkpt lat="44.181399" lon="6.74839">
        <ele>1237.0</ele>
      </trkpt>
      <trkpt lat="44.1813" lon="6.74848">
        <ele>1235.3</ele>
      </trkpt>
      <trkpt lat="44.18128" lon="6.7485">
        <ele>1234.9</ele>
      </trkpt>
      <trkpt lat="44.18115" lon="6.74857">
        <ele>1233.7</ele>
      </trkpt>
      <trkpt lat="44.18106" lon="6.74863">
        <ele>1232.3</ele>
      </trkpt>
      <trkpt lat="44.18097" lon="6.74867">
        <ele>1231.4</ele>
      </trkpt>
      <trkpt lat="44.1808" lon="6.74876">
        <ele>1228.6</ele>
      </trkpt>
      <trkpt lat="44.18069" lon="6.74881">
        <ele>1226.6</ele>
      </trkpt>
      <trkpt lat="44.18063" lon="6.74883">
        <ele>1225.9</ele>
      </trkpt>
      <trkpt lat="44.18056" lon="6.74886">
        <ele>1224.7</ele>
      </trkpt>
      <trkpt lat="44.18031" lon="6.74894">
        <ele>1222.0</ele>
      </trkpt>
      <trkpt lat="44.18028" lon="6.74894">
        <ele>1222.1</ele>
      </trkpt>
      <trkpt lat="44.18004" lon="6.74899">
        <ele>1220.7</ele>
      </trkpt>
      <trkpt lat="44.17993" lon="6.74899">
        <ele>1221.0</ele>
      </trkpt>
      <trkpt lat="44.17978" lon="6.74897">
        <ele>1222.1</ele>
      </trkpt>
      <trkpt lat="44.17974" lon="6.74896">
        <ele>1222.6</ele>
      </trkpt>
      <trkpt lat="44.179699" lon="6.74895">
        <ele>1223.0</ele>
      </trkpt>
      <trkpt lat="44.17958" lon="6.74888">
        <ele>1225.6</ele>
      </trkpt>
      <trkpt lat="44.1794" lon="6.74891">
        <ele>1225.0</ele>
      </trkpt>
      <trkpt lat="44.17918" lon="6.74894">
        <ele>1224.5</ele>
      </trkpt>
      <trkpt lat="44.17904" lon="6.74895">
        <ele>1223.7</ele>
      </trkpt>
      <trkpt lat="44.1789" lon="6.74897">
        <ele>1222.5</ele>
      </trkpt>
      <trkpt lat="44.17868" lon="6.74898">
        <ele>1221.3</ele>
      </trkpt>
      <trkpt lat="44.1785" lon="6.74899">
        <ele>1220.3</ele>
      </trkpt>
      <trkpt lat="44.17838" lon="6.74899">
        <ele>1219.8</ele>
      </trkpt>
      <trkpt lat="44.17825" lon="6.74898">
        <ele>1218.6</ele>
      </trkpt>
      <trkpt lat="44.178199" lon="6.74897">
        <ele>1218.1</ele>
      </trkpt>
      <trkpt lat="44.17816" lon="6.74894">
        <ele>1218.1</ele>
      </trkpt>
      <trkpt lat="44.17815" lon="6.74894">
        <ele>1218.0</ele>
      </trkpt>
      <trkpt lat="44.17807" lon="6.74887">
        <ele>1218.1</ele>
      </trkpt>
      <trkpt lat="44.17801" lon="6.74879">
        <ele>1218.7</ele>
      </trkpt>
      <trkpt lat="44.17796" lon="6.74868">
        <ele>1220.0</ele>
      </trkpt>
      <trkpt lat="44.17793" lon="6.74856">
        <ele>1221.6</ele>
      </trkpt>
      <trkpt lat="44.17792" lon="6.74854">
        <ele>1221.8</ele>
      </trkpt>
      <trkpt lat="44.17789" lon="6.74845">
        <ele>1222.9</ele>
      </trkpt>
      <trkpt lat="44.17784" lon="6.74838">
        <ele>1223.3</ele>
      </trkpt>
      <trkpt lat="44.17781" lon="6.74834">
        <ele>1223.5</ele>
      </trkpt>
      <trkpt lat="44.17777" lon="6.74831">
        <ele>1223.3</ele>
      </trkpt>
      <trkpt lat="44.17774" lon="6.74829">
        <ele>1223.0</ele>
      </trkpt>
      <trkpt lat="44.17766" lon="6.74827">
        <ele>1222.5</ele>
      </trkpt>
      <trkpt lat="44.177639" lon="6.74827">
        <ele>1222.4</ele>
      </trkpt>
      <trkpt lat="44.17759" lon="6.74827">
        <ele>1222.1</ele>
      </trkpt>
      <trkpt lat="44.17753" lon="6.74827">
        <ele>1221.7</ele>
      </trkpt>
      <trkpt lat="44.17703" lon="6.74842">
        <ele>1218.5</ele>
      </trkpt>
      <trkpt lat="44.17683" lon="6.74848">
        <ele>1217.3</ele>
      </trkpt>
      <trkpt lat="44.176699" lon="6.74856">
        <ele>1215.8</ele>
      </trkpt>
      <trkpt lat="44.1765" lon="6.74875">
        <ele>1212.9</ele>
      </trkpt>
      <trkpt lat="44.17646" lon="6.74878">
        <ele>1212.5</ele>
      </trkpt>
      <trkpt lat="44.17617" lon="6.74901">
        <ele>1209.4</ele>
      </trkpt>
      <trkpt lat="44.17599" lon="6.74915">
        <ele>1207.3</ele>
      </trkpt>
      <trkpt lat="44.17586" lon="6.74922">
        <ele>1206.5</ele>
      </trkpt>
      <trkpt lat="44.17564" lon="6.74927">
        <ele>1206.4</ele>
      </trkpt>
      <trkpt lat="44.1755" lon="6.7493">
        <ele>1206.3</ele>
      </trkpt>
      <trkpt lat="44.17547" lon="6.74931">
        <ele>1206.2</ele>
      </trkpt>
      <trkpt lat="44.17539" lon="6.74935">
        <ele>1205.5</ele>
      </trkpt>
      <trkpt lat="44.1753" lon="6.74942">
        <ele>1203.8</ele>
      </trkpt>
      <trkpt lat="44.17527" lon="6.74944">
        <ele>1203.4</ele>
      </trkpt>
      <trkpt lat="44.17518" lon="6.74946">
        <ele>1203.1</ele>
      </trkpt>
      <trkpt lat="44.17513" lon="6.74946">
        <ele>1203.3</ele>
      </trkpt>
      <trkpt lat="44.17508" lon="6.74947">
        <ele>1203.2</ele>
      </trkpt>
      <trkpt lat="44.17484" lon="6.7495">
        <ele>1205.3</ele>
      </trkpt>
      <trkpt lat="44.1747" lon="6.74956">
        <ele>1205.9</ele>
      </trkpt>
      <trkpt lat="44.17457" lon="6.74968">
        <ele>1204.6</ele>
      </trkpt>
      <trkpt lat="44.17448" lon="6.7498">
        <ele>1202.8</ele>
      </trkpt>
      <trkpt lat="44.17439" lon="6.74993">
        <ele>1200.7</ele>
      </trkpt>
      <trkpt lat="44.17429" lon="6.75007">
        <ele>1199.0</ele>
      </trkpt>
      <trkpt lat="44.17419" lon="6.75014">
        <ele>1199.2</ele>
      </trkpt>
      <trkpt lat="44.17411" lon="6.75016">
        <ele>1199.2</ele>
      </trkpt>
      <trkpt lat="44.17403" lon="6.75017">
        <ele>1199.0</ele>
      </trkpt>
      <trkpt lat="44.17397" lon="6.75018">
        <ele>1198.8</ele>
      </trkpt>
      <trkpt lat="44.17386" lon="6.75019">
        <ele>1198.6</ele>
      </trkpt>
      <trkpt lat="44.17382" lon="6.7502">
        <ele>1198.3</ele>
      </trkpt>
      <trkpt lat="44.17368" lon="6.75023">
        <ele>1197.6</ele>
      </trkpt>
      <trkpt lat="44.17362" lon="6.75024">
        <ele>1197.3</ele>
      </trkpt>
      <trkpt lat="44.1735" lon="6.75027">
        <ele>1196.5</ele>
      </trkpt>
      <trkpt lat="44.17348" lon="6.75027">
        <ele>1196.5</ele>
      </trkpt>
      <trkpt lat="44.17345" lon="6.75027">
        <ele>1196.5</ele>
      </trkpt>
      <trkpt lat="44.17342" lon="6.75027">
        <ele>1196.5</ele>
      </trkpt>
      <trkpt lat="44.1734" lon="6.75026">
        <ele>1196.8</ele>
      </trkpt>
      <trkpt lat="44.173319" lon="6.75023">
        <ele>1197.6</ele>
      </trkpt>
      <trkpt lat="44.17325" lon="6.7502">
        <ele>1198.0</ele>
      </trkpt>
      <trkpt lat="44.17316" lon="6.75014">
        <ele>1199.2</ele>
      </trkpt>
      <trkpt lat="44.173" lon="6.75003">
        <ele>1201.8</ele>
      </trkpt>
      <trkpt lat="44.17295" lon="6.75">
        <ele>1202.6</ele>
      </trkpt>
      <trkpt lat="44.17283" lon="6.74995">
        <ele>1204.5</ele>
      </trkpt>
      <trkpt lat="44.17277" lon="6.74993">
        <ele>1205.4</ele>
      </trkpt>
      <trkpt lat="44.17261" lon="6.74991">
        <ele>1206.2</ele>
      </trkpt>
      <trkpt lat="44.172469" lon="6.74992">
        <ele>1206.2</ele>
      </trkpt>
      <trkpt lat="44.17245" lon="6.74993">
        <ele>1206.1</ele>
      </trkpt>
      <trkpt lat="44.1723" lon="6.74999">
        <ele>1205.9</ele>
      </trkpt>
      <trkpt lat="44.17227" lon="6.75">
        <ele>1206.0</ele>
      </trkpt>
      <trkpt lat="44.17213" lon="6.7501">
        <ele>1204.8</ele>
      </trkpt>
      <trkpt lat="44.17201" lon="6.75018">
        <ele>1203.9</ele>
      </trkpt>
      <trkpt lat="44.17197" lon="6.75021">
        <ele>1203.4</ele>
      </trkpt>
      <trkpt lat="44.171819" lon="6.75034">
        <ele>1200.6</ele>
      </trkpt>
      <trkpt lat="44.17179" lon="6.75037">
        <ele>1199.9</ele>
      </trkpt>
      <trkpt lat="44.17169" lon="6.75047">
        <ele>1197.2</ele>
      </trkpt>
      <trkpt lat="44.17167" lon="6.75049">
        <ele>1196.6</ele>
      </trkpt>
      <trkpt lat="44.17161" lon="6.75058">
        <ele>1193.2</ele>
      </trkpt>
      <trkpt lat="44.17155" lon="6.75067">
        <ele>1189.9</ele>
      </trkpt>
      <trkpt lat="44.17154" lon="6.75068">
        <ele>1189.6</ele>
      </trkpt>
      <trkpt lat="44.17142" lon="6.75084">
        <ele>1184.4</ele>
      </trkpt>
      <trkpt lat="44.17142" lon="6.75085">
        <ele>1184.1</ele>
      </trkpt>
      <trkpt lat="44.171349" lon="6.75093">
        <ele>1182.6</ele>
      </trkpt>
      <trkpt lat="44.171259" lon="6.75099">
        <ele>1181.9</ele>
      </trkpt>
      <trkpt lat="44.17112" lon="6.75102">
        <ele>1182.6</ele>
      </trkpt>
      <trkpt lat="44.1711" lon="6.75101">
        <ele>1183.2</ele>
      </trkpt>
      <trkpt lat="44.17109" lon="6.75101">
        <ele>1183.3</ele>
      </trkpt>
      <trkpt lat="44.17104" lon="6.75101">
        <ele>1183.9</ele>
      </trkpt>
      <trkpt lat="44.17099" lon="6.75102">
        <ele>1184.2</ele>
      </trkpt>
      <trkpt lat="44.17094" lon="6.75103">
        <ele>1184.4</ele>
      </trkpt>
      <trkpt lat="44.1709" lon="6.75105">
        <ele>1184.2</ele>
      </trkpt>
      <trkpt lat="44.17087" lon="6.75108">
        <ele>1183.4</ele>
      </trkpt>
      <trkpt lat="44.17076" lon="6.75115">
        <ele>1182.6</ele>
      </trkpt>
      <trkpt lat="44.17071" lon="6.75119">
        <ele>1182.0</ele>
      </trkpt>
      <trkpt lat="44.17059" lon="6.75125">
        <ele>1181.7</ele>
      </trkpt>
      <trkpt lat="44.17039" lon="6.75136">
        <ele>1180.3</ele>
      </trkpt>
      <trkpt lat="44.17008" lon="6.75148">
        <ele>1179.3</ele>
      </trkpt>
      <trkpt lat="44.1699" lon="6.75153">
        <ele>1178.0</ele>
      </trkpt>
      <trkpt lat="44.16986" lon="6.75154">
        <ele>1177.5</ele>
      </trkpt>
      <trkpt lat="44.16972" lon="6.75155">
        <ele>1177.2</ele>
      </trkpt>
      <trkpt lat="44.1695" lon="6.75151">
        <ele>1179.5</ele>
      </trkpt>
      <trkpt lat="44.16942" lon="6.75151">
        <ele>1179.6</ele>
      </trkpt>
      <trkpt lat="44.16936" lon="6.75151">
        <ele>1179.7</ele>
      </trkpt>
      <trkpt lat="44.16933" lon="6.75151">
        <ele>1179.7</ele>
      </trkpt>
      <trkpt lat="44.16919" lon="6.75154">
        <ele>1178.4</ele>
      </trkpt>
      <trkpt lat="44.16917" lon="6.75154">
        <ele>1178.4</ele>
      </trkpt>
      <trkpt lat="44.16905" lon="6.75156">
        <ele>1178.2</ele>
      </trkpt>
      <trkpt lat="44.16901" lon="6.75156">
        <ele>1178.5</ele>
      </trkpt>
      <trkpt lat="44.16874" lon="6.75158">
        <ele>1179.3</ele>
      </trkpt>
      <trkpt lat="44.16865" lon="6.75159">
        <ele>1179.5</ele>
      </trkpt>
      <trkpt lat="44.16851" lon="6.7516">
        <ele>1180.0</ele>
      </trkpt>
      <trkpt lat="44.16847" lon="6.75161">
        <ele>1179.8</ele>
      </trkpt>
      <trkpt lat="44.1683" lon="6.75166">
        <ele>1178.8</ele>
      </trkpt>
      <trkpt lat="44.16798" lon="6.7518">
        <ele>1176.8</ele>
      </trkpt>
      <trkpt lat="44.16795" lon="6.75181">
        <ele>1176.8</ele>
      </trkpt>
      <trkpt lat="44.16765" lon="6.75191">
        <ele>1176.6</ele>
      </trkpt>
      <trkpt lat="44.1676" lon="6.75194">
        <ele>1176.1</ele>
      </trkpt>
      <trkpt lat="44.16745" lon="6.75201">
        <ele>1176.0</ele>
      </trkpt>
      <trkpt lat="44.16743" lon="6.75202">
        <ele>1176.2</ele>
      </trkpt>
      <trkpt lat="44.16728" lon="6.75216">
        <ele>1174.6</ele>
      </trkpt>
      <trkpt lat="44.16727" lon="6.75217">
        <ele>1174.4</ele>
      </trkpt>
      <trkpt lat="44.16718" lon="6.75226">
        <ele>1173.1</ele>
      </trkpt>
      <trkpt lat="44.16714" lon="6.75231">
        <ele>1172.1</ele>
      </trkpt>
      <trkpt lat="44.16708" lon="6.75238">
        <ele>1170.8</ele>
      </trkpt>
      <trkpt lat="44.16683" lon="6.75256">
        <ele>1169.8</ele>
      </trkpt>
      <trkpt lat="44.16657" lon="6.75274">
        <ele>1167.8</ele>
      </trkpt>
      <trkpt lat="44.16651" lon="6.75278">
        <ele>1167.1</ele>
      </trkpt>
      <trkpt lat="44.16636" lon="6.75288">
        <ele>1165.1</ele>
      </trkpt>
      <trkpt lat="44.16614" lon="6.75305">
        <ele>1159.5</ele>
      </trkpt>
      <trkpt lat="44.16604" lon="6.75315">
        <ele>1155.0</ele>
      </trkpt>
      <trkpt lat="44.16602" lon="6.75316">
        <ele>1154.7</ele>
      </trkpt>
      <trkpt lat="44.16595" lon="6.75321">
        <ele>1152.6</ele>
      </trkpt>
      <trkpt lat="44.16587" lon="6.75325">
        <ele>1151.0</ele>
      </trkpt>
      <trkpt lat="44.16584" lon="6.75326">
        <ele>1150.8</ele>
      </trkpt>
      <trkpt lat="44.16573" lon="6.7533">
        <ele>1151.0</ele>
      </trkpt>
      <trkpt lat="44.1657" lon="6.7533">
        <ele>1151.8</ele>
      </trkpt>
      <trkpt lat="44.165619" lon="6.75332">
        <ele>1152.7</ele>
      </trkpt>
      <trkpt lat="44.16552" lon="6.75332">
        <ele>1155.5</ele>
      </trkpt>
      <trkpt lat="44.16534" lon="6.75333">
        <ele>1159.8</ele>
      </trkpt>
      <trkpt lat="44.16533" lon="6.75333">
        <ele>1160.1</ele>
      </trkpt>
      <trkpt lat="44.16499" lon="6.75343">
        <ele>1163.9</ele>
      </trkpt>
      <trkpt lat="44.1649" lon="6.75346">
        <ele>1164.4</ele>
      </trkpt>
      <trkpt lat="44.16481" lon="6.75349">
        <ele>1164.7</ele>
      </trkpt>
      <trkpt lat="44.16464" lon="6.75355">
        <ele>1165.1</ele>
      </trkpt>
      <trkpt lat="44.16428" lon="6.75366">
        <ele>1166.1</ele>
      </trkpt>
      <trkpt lat="44.16424" lon="6.75368">
        <ele>1165.6</ele>
      </trkpt>
      <trkpt lat="44.16411" lon="6.75373">
        <ele>1163.4</ele>
      </trkpt>
      <trkpt lat="44.16407" lon="6.75374">
        <ele>1162.4</ele>
      </trkpt>
      <trkpt lat="44.16392" lon="6.75384">
        <ele>1155.0</ele>
      </trkpt>
      <trkpt lat="44.16378" lon="6.75391">
        <ele>1150.1</ele>
      </trkpt>
      <trkpt lat="44.16374" lon="6.75393">
        <ele>1148.7</ele>
      </trkpt>
      <trkpt lat="44.1636" lon="6.75395">
        <ele>1147.0</ele>
      </trkpt>
      <trkpt lat="44.16357" lon="6.75394">
        <ele>1147.4</ele>
      </trkpt>
      <trkpt lat="44.1635" lon="6.75392">
        <ele>1148.2</ele>
      </trkpt>
      <trkpt lat="44.16343" lon="6.75385">
        <ele>1151.5</ele>
      </trkpt>
      <trkpt lat="44.16342" lon="6.75382">
        <ele>1153.0</ele>
      </trkpt>
      <trkpt lat="44.1633" lon="6.75363">
        <ele>1161.8</ele>
      </trkpt>
      <trkpt lat="44.16327" lon="6.75358">
        <ele>1163.9</ele>
      </trkpt>
      <trkpt lat="44.16316" lon="6.75347">
        <ele>1161.3</ele>
      </trkpt>
      <trkpt lat="44.16315" lon="6.75346">
        <ele>1161.1</ele>
      </trkpt>
      <trkpt lat="44.16302" lon="6.75342">
        <ele>1158.6</ele>
      </trkpt>
      <trkpt lat="44.1629" lon="6.75342">
        <ele>1156.3</ele>
      </trkpt>
      <trkpt lat="44.16281" lon="6.75348">
        <ele>1154.5</ele>
      </trkpt>
      <trkpt lat="44.16276" lon="6.75356">
        <ele>1153.0</ele>
      </trkpt>
      <trkpt lat="44.16274" lon="6.7536">
        <ele>1152.4</ele>
      </trkpt>
      <trkpt lat="44.16272" lon="6.75367">
        <ele>1151.4</ele>
      </trkpt>
      <trkpt lat="44.16273" lon="6.7538">
        <ele>1149.6</ele>
      </trkpt>
      <trkpt lat="44.16273" lon="6.75384">
        <ele>1149.1</ele>
      </trkpt>
      <trkpt lat="44.16276" lon="6.75406">
        <ele>1146.1</ele>
      </trkpt>
      <trkpt lat="44.16277" lon="6.75408">
        <ele>1145.7</ele>
      </trkpt>
      <trkpt lat="44.16279" lon="6.75433">
        <ele>1142.4</ele>
      </trkpt>
      <trkpt lat="44.16282" lon="6.75469">
        <ele>1134.9</ele>
      </trkpt>
      <trkpt lat="44.16283" lon="6.75483">
        <ele>1132.1</ele>
      </trkpt>
      <trkpt lat="44.16284" lon="6.75499">
        <ele>1128.8</ele>
      </trkpt>
      <trkpt lat="44.16283" lon="6.75508">
        <ele>1127.6</ele>
      </trkpt>
      <trkpt lat="44.16283" lon="6.75511">
        <ele>1127.1</ele>
      </trkpt>
      <trkpt lat="44.16278" lon="6.75524">
        <ele>1126.0</ele>
      </trkpt>
      <trkpt lat="44.16274" lon="6.75528">
        <ele>1126.1</ele>
      </trkpt>
      <trkpt lat="44.16266" lon="6.75538">
        <ele>1125.7</ele>
      </trkpt>
      <trkpt lat="44.16259" lon="6.75543">
        <ele>1125.8</ele>
      </trkpt>
      <trkpt lat="44.16246" lon="6.75552">
        <ele>1126.3</ele>
      </trkpt>
      <trkpt lat="44.16243" lon="6.75554">
        <ele>1126.6</ele>
      </trkpt>
      <trkpt lat="44.16226" lon="6.75561">
        <ele>1128.7</ele>
      </trkpt>
      <trkpt lat="44.16209" lon="6.75569">
        <ele>1130.0</ele>
      </trkpt>
      <trkpt lat="44.16192" lon="6.75576">
        <ele>1131.1</ele>
      </trkpt>
      <trkpt lat="44.1619" lon="6.75577">
        <ele>1131.1</ele>
      </trkpt>
      <trkpt lat="44.16175" lon="6.75584">
        <ele>1131.4</ele>
      </trkpt>
      <trkpt lat="44.16167" lon="6.75587">
        <ele>1131.7</ele>
      </trkpt>
      <trkpt lat="44.16158" lon="6.75594">
        <ele>1131.3</ele>
      </trkpt>
      <trkpt lat="44.16142" lon="6.75606">
        <ele>1130.7</ele>
      </trkpt>
      <trkpt lat="44.1613" lon="6.75615">
        <ele>1130.3</ele>
      </trkpt>
      <trkpt lat="44.16127" lon="6.75618">
        <ele>1129.9</ele>
      </trkpt>
      <trkpt lat="44.16116" lon="6.75627">
        <ele>1129.3</ele>
      </trkpt>
      <trkpt lat="44.161" lon="6.7564">
        <ele>1128.4</ele>
      </trkpt>
      <trkpt lat="44.16085" lon="6.75653">
        <ele>1127.2</ele>
      </trkpt>
      <trkpt lat="44.16077" lon="6.75659">
        <ele>1127.3</ele>
      </trkpt>
      <trkpt lat="44.1607" lon="6.75667">
        <ele>1126.6</ele>
      </trkpt>
      <trkpt lat="44.16062" lon="6.75675">
        <ele>1127.3</ele>
      </trkpt>
      <trkpt lat="44.160559" lon="6.75683">
        <ele>1127.3</ele>
      </trkpt>
      <trkpt lat="44.1605" lon="6.75694">
        <ele>1126.6</ele>
      </trkpt>
      <trkpt lat="44.160469" lon="6.75705">
        <ele>1125.0</ele>
      </trkpt>
      <trkpt lat="44.16044" lon="6.75718">
        <ele>1122.9</ele>
      </trkpt>
      <trkpt lat="44.16039" lon="6.75727">
        <ele>1122.0</ele>
      </trkpt>
      <trkpt lat="44.16023" lon="6.75739">
        <ele>1122.5</ele>
      </trkpt>
      <trkpt lat="44.160089" lon="6.75746">
        <ele>1123.4</ele>
      </trkpt>
      <trkpt lat="44.16006" lon="6.75747">
        <ele>1123.7</ele>
      </trkpt>
      <trkpt lat="44.15996" lon="6.75748">
        <ele>1124.4</ele>
      </trkpt>
      <trkpt lat="44.15989" lon="6.75747">
        <ele>1124.6</ele>
      </trkpt>
      <trkpt lat="44.15977" lon="6.75747">
        <ele>1124.3</ele>
      </trkpt>
      <trkpt lat="44.159709" lon="6.75746">
        <ele>1124.5</ele>
      </trkpt>
      <trkpt lat="44.15958" lon="6.75746">
        <ele>1124.3</ele>
      </trkpt>
      <trkpt lat="44.159529" lon="6.75747">
        <ele>1123.9</ele>
      </trkpt>
      <trkpt lat="44.15923" lon="6.75749">
        <ele>1122.5</ele>
      </trkpt>
      <trkpt lat="44.15917" lon="6.75749">
        <ele>1122.4</ele>
      </trkpt>
      <trkpt lat="44.15908" lon="6.75748">
        <ele>1122.1</ele>
      </trkpt>
      <trkpt lat="44.15899" lon="6.75744">
        <ele>1123.2</ele>
      </trkpt>
      <trkpt lat="44.15892" lon="6.75741">
        <ele>1124.1</ele>
      </trkpt>
      <trkpt lat="44.15882" lon="6.75735">
        <ele>1126.5</ele>
      </trkpt>
      <trkpt lat="44.158769" lon="6.75732">
        <ele>1127.8</ele>
      </trkpt>
      <trkpt lat="44.15865" lon="6.75729">
        <ele>1129.1</ele>
      </trkpt>
      <trkpt lat="44.15862" lon="6.75728">
        <ele>1129.6</ele>
      </trkpt>
      <trkpt lat="44.15829" lon="6.75726">
        <ele>1132.1</ele>
      </trkpt>
      <trkpt lat="44.15811" lon="6.75723">
        <ele>1133.0</ele>
      </trkpt>
      <trkpt lat="44.15794" lon="6.75719">
        <ele>1133.8</ele>
      </trkpt>
      <trkpt lat="44.15776" lon="6.75716">
        <ele>1134.8</ele>
      </trkpt>
      <trkpt lat="44.1576" lon="6.75713">
        <ele>1135.6</ele>
      </trkpt>
      <trkpt lat="44.15758" lon="6.75712">
        <ele>1135.7</ele>
      </trkpt>
      <trkpt lat="44.1574" lon="6.75711">
        <ele>1136.6</ele>
      </trkpt>
      <trkpt lat="44.15722" lon="6.7571">
        <ele>1137.5</ele>
      </trkpt>
      <trkpt lat="44.15704" lon="6.75709">
        <ele>1138.5</ele>
      </trkpt>
      <trkpt lat="44.15686" lon="6.75708">
        <ele>1139.4</ele>
      </trkpt>
      <trkpt lat="44.15668" lon="6.75707">
        <ele>1140.3</ele>
      </trkpt>
      <trkpt lat="44.1565" lon="6.75705">
        <ele>1141.2</ele>
      </trkpt>
      <trkpt lat="44.15632" lon="6.75702">
        <ele>1142.1</ele>
      </trkpt>
      <trkpt lat="44.15614" lon="6.75699">
        <ele>1143.0</ele>
      </trkpt>
      <trkpt lat="44.15611" lon="6.75699">
        <ele>1143.2</ele>
      </trkpt>
      <trkpt lat="44.15596" lon="6.75696">
        <ele>1144.0</ele>
      </trkpt>
      <trkpt lat="44.15585" lon="6.75696">
        <ele>1144.5</ele>
      </trkpt>
      <trkpt lat="44.15579" lon="6.75696">
        <ele>1144.8</ele>
      </trkpt>
      <trkpt lat="44.15573" lon="6.75698">
        <ele>1145.2</ele>
      </trkpt>
      <trkpt lat="44.15562" lon="6.75702">
        <ele>1135.2</ele>
      </trkpt>
      <trkpt lat="44.15561" lon="6.75702">
        <ele>1134.7</ele>
      </trkpt>
      <trkpt lat="44.15545" lon="6.75709">
        <ele>1120.4</ele>
      </trkpt>
      <trkpt lat="44.15536" lon="6.75713">
        <ele>1113.1</ele>
      </trkpt>
      <trkpt lat="44.15522" lon="6.75716">
        <ele>1105.7</ele>
      </trkpt>
      <trkpt lat="44.15517" lon="6.75716">
        <ele>1104.1</ele>
      </trkpt>
      <trkpt lat="44.15513" lon="6.75716">
        <ele>1102.8</ele>
      </trkpt>
      <trkpt lat="44.15507" lon="6.75713">
        <ele>1103.0</ele>
      </trkpt>
      <trkpt lat="44.15493" lon="6.75705">
        <ele>1103.8</ele>
      </trkpt>
      <trkpt lat="44.15476" lon="6.75695">
        <ele>1104.6</ele>
      </trkpt>
      <trkpt lat="44.15467" lon="6.7569">
        <ele>1104.4</ele>
      </trkpt>
      <trkpt lat="44.1546" lon="6.75686">
        <ele>1104.0</ele>
      </trkpt>
      <trkpt lat="44.15455" lon="6.75683">
        <ele>1103.7</ele>
      </trkpt>
      <trkpt lat="44.15442" lon="6.75679">
        <ele>1100.7</ele>
      </trkpt>
      <trkpt lat="44.15434" lon="6.75676">
        <ele>1098.8</ele>
      </trkpt>
      <trkpt lat="44.15425" lon="6.75672">
        <ele>1096.7</ele>
      </trkpt>
      <trkpt lat="44.15406" lon="6.75663">
        <ele>1096.0</ele>
      </trkpt>
      <trkpt lat="44.15391" lon="6.75656">
        <ele>1098.3</ele>
      </trkpt>
      <trkpt lat="44.15367" lon="6.75645">
        <ele>1101.2</ele>
      </trkpt>
      <trkpt lat="44.15359" lon="6.75641">
        <ele>1102.1</ele>
      </trkpt>
      <trkpt lat="44.15357" lon="6.75641">
        <ele>1101.8</ele>
      </trkpt>
      <trkpt lat="44.15346" lon="6.75639">
        <ele>1101.3</ele>
      </trkpt>
      <trkpt lat="44.15339" lon="6.75639">
        <ele>1100.4</ele>
      </trkpt>
      <trkpt lat="44.15321" lon="6.75638">
        <ele>1098.6</ele>
      </trkpt>
      <trkpt lat="44.15313" lon="6.75638">
        <ele>1097.6</ele>
      </trkpt>
      <trkpt lat="44.15303" lon="6.75638">
        <ele>1096.4</ele>
      </trkpt>
      <trkpt lat="44.15298" lon="6.75638">
        <ele>1095.8</ele>
      </trkpt>
      <trkpt lat="44.15285" lon="6.75637">
        <ele>1094.6</ele>
      </trkpt>
      <trkpt lat="44.15275" lon="6.75637">
        <ele>1093.4</ele>
      </trkpt>
      <trkpt lat="44.15255" lon="6.75634">
        <ele>1092.2</ele>
      </trkpt>
      <trkpt lat="44.15249" lon="6.75635">
        <ele>1091.2</ele>
      </trkpt>
      <trkpt lat="44.15244" lon="6.75635">
        <ele>1091.4</ele>
      </trkpt>
      <trkpt lat="44.15231" lon="6.75639">
        <ele>1090.5</ele>
      </trkpt>
      <trkpt lat="44.15214" lon="6.75643">
        <ele>1089.9</ele>
      </trkpt>
      <trkpt lat="44.15196" lon="6.75648">
        <ele>1089.2</ele>
      </trkpt>
      <trkpt lat="44.151829" lon="6.75651">
        <ele>1089.1</ele>
      </trkpt>
      <trkpt lat="44.15169" lon="6.75654">
        <ele>1089.2</ele>
      </trkpt>
      <trkpt lat="44.15148" lon="6.75655">
        <ele>1088.2</ele>
      </trkpt>
      <trkpt lat="44.15139" lon="6.75657">
        <ele>1087.3</ele>
      </trkpt>
      <trkpt lat="44.15125" lon="6.7566">
        <ele>1085.8</ele>
      </trkpt>
      <trkpt lat="44.150889" lon="6.7567">
        <ele>1081.6</ele>
      </trkpt>
      <trkpt lat="44.15086" lon="6.7567">
        <ele>1081.4</ele>
      </trkpt>
      <trkpt lat="44.15085" lon="6.7567">
        <ele>1081.4</ele>
      </trkpt>
      <trkpt lat="44.15081" lon="6.7567">
        <ele>1081.2</ele>
      </trkpt>
      <trkpt lat="44.15077" lon="6.75668">
        <ele>1081.5</ele>
      </trkpt>
      <trkpt lat="44.15072" lon="6.75665">
        <ele>1082.1</ele>
      </trkpt>
      <trkpt lat="44.150709" lon="6.75664">
        <ele>1082.3</ele>
      </trkpt>
      <trkpt lat="44.15056" lon="6.7565">
        <ele>1085.8</ele>
      </trkpt>
      <trkpt lat="44.15044" lon="6.7564">
        <ele>1088.4</ele>
      </trkpt>
      <trkpt lat="44.15039" lon="6.75637">
        <ele>1089.2</ele>
      </trkpt>
      <trkpt lat="44.15034" lon="6.75636">
        <ele>1089.3</ele>
      </trkpt>
      <trkpt lat="44.15029" lon="6.75637">
        <ele>1088.9</ele>
      </trkpt>
      <trkpt lat="44.15022" lon="6.75638">
        <ele>1088.5</ele>
      </trkpt>
      <trkpt lat="44.15004" lon="6.75641">
        <ele>1087.1</ele>
      </trkpt>
      <trkpt lat="44.14987" lon="6.75644">
        <ele>1086.1</ele>
      </trkpt>
      <trkpt lat="44.14969" lon="6.75648">
        <ele>1085.0</ele>
      </trkpt>
      <trkpt lat="44.14957" lon="6.75651">
        <ele>1084.2</ele>
      </trkpt>
      <trkpt lat="44.14951" lon="6.75654">
        <ele>1083.5</ele>
      </trkpt>
      <trkpt lat="44.14943" lon="6.75658">
        <ele>1082.6</ele>
      </trkpt>
      <trkpt lat="44.14935" lon="6.75663">
        <ele>1081.5</ele>
      </trkpt>
      <trkpt lat="44.14918" lon="6.75673">
        <ele>1079.5</ele>
      </trkpt>
      <trkpt lat="44.14885" lon="6.75692">
        <ele>1076.6</ele>
      </trkpt>
      <trkpt lat="44.14868" lon="6.75702">
        <ele>1075.2</ele>
      </trkpt>
      <trkpt lat="44.14863" lon="6.75705">
        <ele>1074.8</ele>
      </trkpt>
      <trkpt lat="44.14852" lon="6.75711">
        <ele>1074.0</ele>
      </trkpt>
      <trkpt lat="44.148359" lon="6.75719">
        <ele>1073.2</ele>
      </trkpt>
      <trkpt lat="44.14809" lon="6.75728">
        <ele>1071.0</ele>
      </trkpt>
      <trkpt lat="44.14808" lon="6.75728">
        <ele>1071.0</ele>
      </trkpt>
      <trkpt lat="44.1479" lon="6.75732">
        <ele>1069.9</ele>
      </trkpt>
      <trkpt lat="44.14779" lon="6.75734">
        <ele>1069.4</ele>
      </trkpt>
      <trkpt lat="44.14773" lon="6.75736">
        <ele>1068.9</ele>
      </trkpt>
      <trkpt lat="44.14765" lon="6.75736">
        <ele>1068.8</ele>
      </trkpt>
      <trkpt lat="44.14762" lon="6.75737">
        <ele>1068.5</ele>
      </trkpt>
      <trkpt lat="44.14753" lon="6.75735">
        <ele>1068.7</ele>
      </trkpt>
      <trkpt lat="44.14737" lon="6.7573">
        <ele>1069.4</ele>
      </trkpt>
      <trkpt lat="44.14722" lon="6.75726">
        <ele>1070.0</ele>
      </trkpt>
      <trkpt lat="44.14719" lon="6.75726">
        <ele>1069.9</ele>
      </trkpt>
      <trkpt lat="44.14715" lon="6.75726">
        <ele>1069.9</ele>
      </trkpt>
      <trkpt lat="44.14706" lon="6.75727">
        <ele>1069.6</ele>
      </trkpt>
      <trkpt lat="44.14702" lon="6.75728">
        <ele>1069.4</ele>
      </trkpt>
      <trkpt lat="44.14669" lon="6.75739">
        <ele>1067.0</ele>
      </trkpt>
      <trkpt lat="44.14645" lon="6.75749">
        <ele>1065.4</ele>
      </trkpt>
      <trkpt lat="44.14597" lon="6.75768">
        <ele>1062.0</ele>
      </trkpt>
      <trkpt lat="44.145919" lon="6.7577">
        <ele>1061.6</ele>
      </trkpt>
      <trkpt lat="44.14576" lon="6.75777">
        <ele>1060.8</ele>
      </trkpt>
      <trkpt lat="44.14563" lon="6.75784">
        <ele>1060.7</ele>
      </trkpt>
      <trkpt lat="44.14561" lon="6.75786">
        <ele>1060.5</ele>
      </trkpt>
      <trkpt lat="44.14533" lon="6.75805">
        <ele>1060.3</ele>
      </trkpt>
      <trkpt lat="44.14526" lon="6.75811">
        <ele>1060.3</ele>
      </trkpt>
      <trkpt lat="44.14519" lon="6.75821">
        <ele>1059.8</ele>
      </trkpt>
      <trkpt lat="44.14518" lon="6.75823">
        <ele>1059.6</ele>
      </trkpt>
      <trkpt lat="44.14508" lon="6.75843">
        <ele>1058.3</ele>
      </trkpt>
      <trkpt lat="44.14506" lon="6.75846">
        <ele>1058.1</ele>
      </trkpt>
      <trkpt lat="44.14497" lon="6.75864">
        <ele>1056.6</ele>
      </trkpt>
      <trkpt lat="44.14495" lon="6.75868">
        <ele>1056.2</ele>
      </trkpt>
      <trkpt lat="44.14486" lon="6.75883">
        <ele>1055.4</ele>
      </trkpt>
      <trkpt lat="44.14484" lon="6.75887">
        <ele>1055.2</ele>
      </trkpt>
      <trkpt lat="44.14474" lon="6.75902">
        <ele>1055.2</ele>
      </trkpt>
      <trkpt lat="44.14466" lon="6.75913">
        <ele>1055.7</ele>
      </trkpt>
      <trkpt lat="44.14461" lon="6.7592">
        <ele>1055.8</ele>
      </trkpt>
      <trkpt lat="44.14453" lon="6.75932">
        <ele>1055.3</ele>
      </trkpt>
      <trkpt lat="44.14445" lon="6.75944">
        <ele>1054.8</ele>
      </trkpt>
      <trkpt lat="44.14441" lon="6.75949">
        <ele>1054.8</ele>
      </trkpt>
      <trkpt lat="44.14427" lon="6.75966">
        <ele>1054.8</ele>
      </trkpt>
      <trkpt lat="44.14426" lon="6.75967">
        <ele>1054.9</ele>
      </trkpt>
      <trkpt lat="44.14405" lon="6.75993">
        <ele>1053.4</ele>
      </trkpt>
      <trkpt lat="44.14387" lon="6.76011">
        <ele>1052.1</ele>
      </trkpt>
      <trkpt lat="44.14367" lon="6.76032">
        <ele>1050.6</ele>
      </trkpt>
      <trkpt lat="44.14359" lon="6.7604">
        <ele>1050.2</ele>
      </trkpt>
      <trkpt lat="44.14356" lon="6.76043">
        <ele>1050.1</ele>
      </trkpt>
      <trkpt lat="44.14343" lon="6.76058">
        <ele>1049.5</ele>
      </trkpt>
      <trkpt lat="44.14329" lon="6.76076">
        <ele>1048.1</ele>
      </trkpt>
      <trkpt lat="44.14326" lon="6.7608">
        <ele>1047.4</ele>
      </trkpt>
      <trkpt lat="44.14317" lon="6.76094">
        <ele>1044.6</ele>
      </trkpt>
      <trkpt lat="44.14316" lon="6.76095">
        <ele>1044.4</ele>
      </trkpt>
      <trkpt lat="44.14313" lon="6.76101">
        <ele>1043.2</ele>
      </trkpt>
      <trkpt lat="44.14307" lon="6.76109">
        <ele>1042.0</ele>
      </trkpt>
      <trkpt lat="44.14304" lon="6.76112">
        <ele>1041.6</ele>
      </trkpt>
      <trkpt lat="44.143009" lon="6.76116">
        <ele>1041.1</ele>
      </trkpt>
      <trkpt lat="44.14294" lon="6.76121">
        <ele>1040.9</ele>
      </trkpt>
      <trkpt lat="44.14289" lon="6.76123">
        <ele>1041.0</ele>
      </trkpt>
      <trkpt lat="44.14288" lon="6.76124">
        <ele>1041.0</ele>
      </trkpt>
      <trkpt lat="44.14271" lon="6.76127">
        <ele>1042.3</ele>
      </trkpt>
      <trkpt lat="44.14266" lon="6.76129">
        <ele>1042.7</ele>
      </trkpt>
      <trkpt lat="44.14258" lon="6.76131">
        <ele>1043.4</ele>
      </trkpt>
      <trkpt lat="44.14258" lon="6.76131">
        <ele>1043.4</ele>
      </trkpt>
      <trkpt lat="44.14268" lon="6.7611">
        <ele>1044.0</ele>
      </trkpt>
      <trkpt lat="44.14269" lon="6.76106">
        <ele>1044.3</ele>
      </trkpt>
      <trkpt lat="44.14276" lon="6.76088">
        <ele>1045.8</ele>
      </trkpt>
      <trkpt lat="44.14278" lon="6.76081">
        <ele>1046.5</ele>
      </trkpt>
      <trkpt lat="44.142829" lon="6.76065">
        <ele>1048.1</ele>
      </trkpt>
      <trkpt lat="44.14297" lon="6.76019">
        <ele>1053.6</ele>
      </trkpt>
      <trkpt lat="44.14304" lon="6.75996">
        <ele>1056.7</ele>
      </trkpt>
      <trkpt lat="44.14311" lon="6.75973">
        <ele>1058.8</ele>
      </trkpt>
      <trkpt lat="44.14316" lon="6.75958">
        <ele>1060.0</ele>
      </trkpt>
      <trkpt lat="44.14318" lon="6.75949">
        <ele>1060.5</ele>
      </trkpt>
      <trkpt lat="44.14325" lon="6.75926">
        <ele>1061.7</ele>
      </trkpt>
      <trkpt lat="44.14331" lon="6.75906">
        <ele>1062.0</ele>
      </trkpt>
      <trkpt lat="44.14332" lon="6.75903">
        <ele>1061.9</ele>
      </trkpt>
      <trkpt lat="44.14333" lon="6.75896">
        <ele>1061.8</ele>
      </trkpt>
      <trkpt lat="44.14334" lon="6.75888">
        <ele>1061.7</ele>
      </trkpt>
      <trkpt lat="44.14332" lon="6.75878">
        <ele>1061.7</ele>
      </trkpt>
      <trkpt lat="44.14331" lon="6.75874">
        <ele>1061.8</ele>
      </trkpt>
      <trkpt lat="44.14329" lon="6.75869">
        <ele>1062.1</ele>
      </trkpt>
      <trkpt lat="44.14327" lon="6.75866">
        <ele>1062.4</ele>
      </trkpt>
      <trkpt lat="44.14327" lon="6.75865">
        <ele>1062.4</ele>
      </trkpt>
      <trkpt lat="44.14324" lon="6.75861">
        <ele>1063.0</ele>
      </trkpt>
      <trkpt lat="44.14321" lon="6.75858">
        <ele>1063.6</ele>
      </trkpt>
      <trkpt lat="44.14317" lon="6.75855">
        <ele>1064.4</ele>
      </trkpt>
      <trkpt lat="44.14313" lon="6.75852">
        <ele>1065.4</ele>
      </trkpt>
      <trkpt lat="44.14312" lon="6.75852">
        <ele>1065.6</ele>
      </trkpt>
      <trkpt lat="44.14309" lon="6.75851">
        <ele>1066.3</ele>
      </trkpt>
      <trkpt lat="44.14304" lon="6.7585">
        <ele>1067.4</ele>
      </trkpt>
      <trkpt lat="44.143" lon="6.7585">
        <ele>1068.2</ele>
      </trkpt>
      <trkpt lat="44.14296" lon="6.75851">
        <ele>1069.0</ele>
      </trkpt>
      <trkpt lat="44.14294" lon="6.75852">
        <ele>1069.3</ele>
      </trkpt>
      <trkpt lat="44.14291" lon="6.75853">
        <ele>1069.8</ele>
      </trkpt>
      <trkpt lat="44.14287" lon="6.75855">
        <ele>1070.3</ele>
      </trkpt>
      <trkpt lat="44.14282" lon="6.75857">
        <ele>1071.0</ele>
      </trkpt>
      <trkpt lat="44.14278" lon="6.75859">
        <ele>1071.4</ele>
      </trkpt>
      <trkpt lat="44.14277" lon="6.75859">
        <ele>1071.6</ele>
      </trkpt>
      <trkpt lat="44.14273" lon="6.75861">
        <ele>1072.0</ele>
      </trkpt>
      <trkpt lat="44.14268" lon="6.75863">
        <ele>1072.5</ele>
      </trkpt>
      <trkpt lat="44.14264" lon="6.75866">
        <ele>1072.5</ele>
      </trkpt>
      <trkpt lat="44.1426" lon="6.75868">
        <ele>1072.7</ele>
      </trkpt>
      <trkpt lat="44.14259" lon="6.75869">
        <ele>1072.6</ele>
      </trkpt>
      <trkpt lat="44.14255" lon="6.75872">
        <ele>1072.5</ele>
      </trkpt>
      <trkpt lat="44.14251" lon="6.75875">
        <ele>1072.4</ele>
      </trkpt>
      <trkpt lat="44.14247" lon="6.7588">
        <ele>1072.2</ele>
      </trkpt>
      <trkpt lat="44.142449" lon="6.75881">
        <ele>1072.6</ele>
      </trkpt>
      <trkpt lat="44.14243" lon="6.75884">
        <ele>1072.5</ele>
      </trkpt>
      <trkpt lat="44.14239" lon="6.75888">
        <ele>1072.8</ele>
      </trkpt>
      <trkpt lat="44.142359" lon="6.75892">
        <ele>1072.7</ele>
      </trkpt>
      <trkpt lat="44.14232" lon="6.75897">
        <ele>1072.7</ele>
      </trkpt>
      <trkpt lat="44.14231" lon="6.75897">
        <ele>1073.0</ele>
      </trkpt>
      <trkpt lat="44.14228" lon="6.75901">
        <ele>1073.0</ele>
      </trkpt>
      <trkpt lat="44.14225" lon="6.75905">
        <ele>1072.9</ele>
      </trkpt>
      <trkpt lat="44.14221" lon="6.75909">
        <ele>1073.1</ele>
      </trkpt>
      <trkpt lat="44.14217" lon="6.75912">
        <ele>1073.5</ele>
      </trkpt>
      <trkpt lat="44.14217" lon="6.75913">
        <ele>1073.3</ele>
      </trkpt>
      <trkpt lat="44.14213" lon="6.75916">
        <ele>1073.7</ele>
      </trkpt>
      <trkpt lat="44.14209" lon="6.75919">
        <ele>1074.2</ele>
      </trkpt>
      <trkpt lat="44.14204" lon="6.75922">
        <ele>1074.9</ele>
      </trkpt>
      <trkpt lat="44.14201" lon="6.75923">
        <ele>1075.6</ele>
      </trkpt>
      <trkpt lat="44.142" lon="6.75924">
        <ele>1075.6</ele>
      </trkpt>
      <trkpt lat="44.14195" lon="6.75926">
        <ele>1076.5</ele>
      </trkpt>
      <trkpt lat="44.14191" lon="6.75927">
        <ele>1077.3</ele>
      </trkpt>
      <trkpt lat="44.14186" lon="6.75928">
        <ele>1078.4</ele>
      </trkpt>
      <trkpt lat="44.14183" lon="6.75929">
        <ele>1079.0</ele>
      </trkpt>
      <trkpt lat="44.14181" lon="6.75929">
        <ele>1079.5</ele>
      </trkpt>
      <trkpt lat="44.14171" lon="6.7593">
        <ele>1082.0</ele>
      </trkpt>
      <trkpt lat="44.14166" lon="6.75931">
        <ele>1083.0</ele>
      </trkpt>
      <trkpt lat="44.141599" lon="6.75931">
        <ele>1084.8</ele>
      </trkpt>
      <trkpt lat="44.14155" lon="6.75932">
        <ele>1086.0</ele>
      </trkpt>
      <trkpt lat="44.1415" lon="6.75933">
        <ele>1087.1</ele>
      </trkpt>
      <trkpt lat="44.14148" lon="6.75934">
        <ele>1087.4</ele>
      </trkpt>
      <trkpt lat="44.14144" lon="6.75935">
        <ele>1088.2</ele>
      </trkpt>
      <trkpt lat="44.14139" lon="6.75937">
        <ele>1089.0</ele>
      </trkpt>
      <trkpt lat="44.14134" lon="6.7594">
        <ele>1089.4</ele>
      </trkpt>
      <trkpt lat="44.14131" lon="6.75942">
        <ele>1089.6</ele>
      </trkpt>
      <trkpt lat="44.14129" lon="6.75944">
        <ele>1089.5</ele>
      </trkpt>
      <trkpt lat="44.14124" lon="6.75947">
        <ele>1089.9</ele>
      </trkpt>
      <trkpt lat="44.14119" lon="6.75952">
        <ele>1089.6</ele>
      </trkpt>
      <trkpt lat="44.14115" lon="6.75955">
        <ele>1089.7</ele>
      </trkpt>
      <trkpt lat="44.14114" lon="6.75956">
        <ele>1089.6</ele>
      </trkpt>
      <trkpt lat="44.14109" lon="6.7596">
        <ele>1089.7</ele>
      </trkpt>
      <trkpt lat="44.141039" lon="6.75964">
        <ele>1089.8</ele>
      </trkpt>
      <trkpt lat="44.14102" lon="6.75966">
        <ele>1089.6</ele>
      </trkpt>
      <trkpt lat="44.141" lon="6.75968">
        <ele>1089.5</ele>
      </trkpt>
      <trkpt lat="44.14099" lon="6.75968">
        <ele>1089.8</ele>
      </trkpt>
      <trkpt lat="44.14094" lon="6.75973">
        <ele>1089.5</ele>
      </trkpt>
      <trkpt lat="44.1409" lon="6.75978">
        <ele>1088.9</ele>
      </trkpt>
      <trkpt lat="44.14085" lon="6.75983">
        <ele>1088.6</ele>
      </trkpt>
      <trkpt lat="44.14081" lon="6.75988">
        <ele>1088.6</ele>
      </trkpt>
      <trkpt lat="44.14077" lon="6.75994">
        <ele>1088.8</ele>
      </trkpt>
      <trkpt lat="44.14072" lon="6.76">
        <ele>1089.5</ele>
      </trkpt>
      <trkpt lat="44.14068" lon="6.76006">
        <ele>1089.9</ele>
      </trkpt>
      <trkpt lat="44.14064" lon="6.76012">
        <ele>1090.3</ele>
      </trkpt>
      <trkpt lat="44.1406" lon="6.76018">
        <ele>1090.6</ele>
      </trkpt>
      <trkpt lat="44.14047" lon="6.76035">
        <ele>1092.4</ele>
      </trkpt>
      <trkpt lat="44.14037" lon="6.76049">
        <ele>1093.4</ele>
      </trkpt>
      <trkpt lat="44.14034" lon="6.76053">
        <ele>1093.7</ele>
      </trkpt>
      <trkpt lat="44.14022" lon="6.76066">
        <ele>1096.0</ele>
      </trkpt>
      <trkpt lat="44.140157" lon="6.760554">
        <ele>1103.0</ele>
      </trkpt>
      <trkpt lat="44.14022" lon="6.76066">
        <ele>1096.0</ele>
      </trkpt>
      <trkpt lat="44.14021" lon="6.76067">
        <ele>1096.2</ele>
      </trkpt>
      <trkpt lat="44.1402" lon="6.76068">
        <ele>1096.4</ele>
      </trkpt>
      <trkpt lat="44.14008" lon="6.76081">
        <ele>1098.5</ele>
      </trkpt>
      <trkpt lat="44.14006" lon="6.76084">
        <ele>1098.5</ele>
      </trkpt>
      <trkpt lat="44.139919" lon="6.761">
        <ele>1099.3</ele>
      </trkpt>
      <trkpt lat="44.1398" lon="6.76113">
        <ele>1100.1</ele>
      </trkpt>
      <trkpt lat="44.13979" lon="6.76115">
        <ele>1099.8</ele>
      </trkpt>
      <trkpt lat="44.13978" lon="6.76116">
        <ele>1099.9</ele>
      </trkpt>
      <trkpt lat="44.13965" lon="6.76132">
        <ele>1099.6</ele>
      </trkpt>
      <trkpt lat="44.1395" lon="6.7615">
        <ele>1099.3</ele>
      </trkpt>
      <trkpt lat="44.13936" lon="6.76162">
        <ele>1100.8</ele>
      </trkpt>
      <trkpt lat="44.13927" lon="6.7617">
        <ele>1101.9</ele>
      </trkpt>
      <trkpt lat="44.13921" lon="6.76176">
        <ele>1102.9</ele>
      </trkpt>
      <trkpt lat="44.13909" lon="6.76188">
        <ele>1104.2</ele>
      </trkpt>
      <trkpt lat="44.139069" lon="6.76191">
        <ele>1104.0</ele>
      </trkpt>
      <trkpt lat="44.13896" lon="6.76205">
        <ele>1103.3</ele>
      </trkpt>
      <trkpt lat="44.13893" lon="6.76208">
        <ele>1103.3</ele>
      </trkpt>
      <trkpt lat="44.13885" lon="6.76217">
        <ele>1102.7</ele>
      </trkpt>
      <trkpt lat="44.138779" lon="6.76222">
        <ele>1103.1</ele>
      </trkpt>
      <trkpt lat="44.13866" lon="6.7623">
        <ele>1103.6</ele>
      </trkpt>
      <trkpt lat="44.13845" lon="6.76241">
        <ele>1105.1</ele>
      </trkpt>
      <trkpt lat="44.13831" lon="6.76248">
        <ele>1105.5</ele>
      </trkpt>
      <trkpt lat="44.13828" lon="6.76249">
        <ele>1105.6</ele>
      </trkpt>
      <trkpt lat="44.13809" lon="6.76258">
        <ele>1106.6</ele>
      </trkpt>
      <trkpt lat="44.13791" lon="6.76265">
        <ele>1108.2</ele>
      </trkpt>
      <trkpt lat="44.13788" lon="6.76266">
        <ele>1108.5</ele>
      </trkpt>
      <trkpt lat="44.13782" lon="6.76268">
        <ele>1109.2</ele>
      </trkpt>
      <trkpt lat="44.13776" lon="6.76269">
        <ele>1110.2</ele>
      </trkpt>
      <trkpt lat="44.13769" lon="6.7627">
        <ele>1111.5</ele>
      </trkpt>
      <trkpt lat="44.13763" lon="6.76271">
        <ele>1112.5</ele>
      </trkpt>
      <trkpt lat="44.1376" lon="6.76272">
        <ele>1112.9</ele>
      </trkpt>
      <trkpt lat="44.137569" lon="6.76272">
        <ele>1113.6</ele>
      </trkpt>
      <trkpt lat="44.1375" lon="6.76273">
        <ele>1114.8</ele>
      </trkpt>
      <trkpt lat="44.13743" lon="6.76274">
        <ele>1115.9</ele>
      </trkpt>
      <trkpt lat="44.13711" lon="6.76278">
        <ele>1120.7</ele>
      </trkpt>
      <trkpt lat="44.13707" lon="6.76278">
        <ele>1121.5</ele>
      </trkpt>
      <trkpt lat="44.13704" lon="6.76279">
        <ele>1121.7</ele>
      </trkpt>
      <trkpt lat="44.13697" lon="6.76281">
        <ele>1122.4</ele>
      </trkpt>
      <trkpt lat="44.13691" lon="6.76282">
        <ele>1123.1</ele>
      </trkpt>
      <trkpt lat="44.13689" lon="6.76283">
        <ele>1123.1</ele>
      </trkpt>
      <trkpt lat="44.13685" lon="6.76285">
        <ele>1123.1</ele>
      </trkpt>
      <trkpt lat="44.13678" lon="6.76288">
        <ele>1123.3</ele>
      </trkpt>
      <trkpt lat="44.136719" lon="6.76291">
        <ele>1123.3</ele>
      </trkpt>
      <trkpt lat="44.13666" lon="6.76294">
        <ele>1123.2</ele>
      </trkpt>
      <trkpt lat="44.1366" lon="6.76297">
        <ele>1122.7</ele>
      </trkpt>
      <trkpt lat="44.13655" lon="6.763">
        <ele>1122.0</ele>
      </trkpt>
      <trkpt lat="44.136539" lon="6.76301">
        <ele>1121.7</ele>
      </trkpt>
      <trkpt lat="44.13649" lon="6.76304">
        <ele>1120.9</ele>
      </trkpt>
      <trkpt lat="44.13642" lon="6.76307">
        <ele>1120.3</ele>
      </trkpt>
      <trkpt lat="44.13638" lon="6.76308">
        <ele>1120.2</ele>
      </trkpt>
      <trkpt lat="44.13637" lon="6.76309">
        <ele>1119.9</ele>
      </trkpt>
      <trkpt lat="44.13631" lon="6.7631">
        <ele>1120.0</ele>
      </trkpt>
      <trkpt lat="44.136249" lon="6.7631">
        <ele>1120.5</ele>
      </trkpt>
      <trkpt lat="44.1362" lon="6.7631">
        <ele>1120.9</ele>
      </trkpt>
      <trkpt lat="44.13618" lon="6.7631">
        <ele>1121.1</ele>
      </trkpt>
      <trkpt lat="44.13612" lon="6.7631">
        <ele>1121.6</ele>
      </trkpt>
      <trkpt lat="44.13606" lon="6.7631">
        <ele>1122.1</ele>
      </trkpt>
      <trkpt lat="44.13602" lon="6.7631">
        <ele>1122.4</ele>
      </trkpt>
      <trkpt lat="44.136" lon="6.76309">
        <ele>1123.1</ele>
      </trkpt>
      <trkpt lat="44.13593" lon="6.76309">
        <ele>1123.7</ele>
      </trkpt>
      <trkpt lat="44.13587" lon="6.76308">
        <ele>1124.7</ele>
      </trkpt>
      <trkpt lat="44.13584" lon="6.76308">
        <ele>1125.0</ele>
      </trkpt>
      <trkpt lat="44.13581" lon="6.76307">
        <ele>1125.6</ele>
      </trkpt>
      <trkpt lat="44.13574" lon="6.76306">
        <ele>1126.1</ele>
      </trkpt>
      <trkpt lat="44.13568" lon="6.76304">
        <ele>1127.1</ele>
      </trkpt>
      <trkpt lat="44.13567" lon="6.76304">
        <ele>1127.1</ele>
      </trkpt>
      <trkpt lat="44.13562" lon="6.76302">
        <ele>1128.1</ele>
      </trkpt>
      <trkpt lat="44.13555" lon="6.76299">
        <ele>1129.6</ele>
      </trkpt>
      <trkpt lat="44.13549" lon="6.76297">
        <ele>1130.5</ele>
      </trkpt>
      <trkpt lat="44.13542" lon="6.76294">
        <ele>1131.9</ele>
      </trkpt>
      <trkpt lat="44.13535" lon="6.76292">
        <ele>1132.8</ele>
      </trkpt>
      <trkpt lat="44.13532" lon="6.76291">
        <ele>1133.2</ele>
      </trkpt>
      <trkpt lat="44.13529" lon="6.7629">
        <ele>1133.6</ele>
      </trkpt>
      <trkpt lat="44.135219" lon="6.76289">
        <ele>1134.0</ele>
      </trkpt>
      <trkpt lat="44.13515" lon="6.76289">
        <ele>1133.9</ele>
      </trkpt>
      <trkpt lat="44.13514" lon="6.76289">
        <ele>1133.9</ele>
      </trkpt>
      <trkpt lat="44.13508" lon="6.76288">
        <ele>1134.2</ele>
      </trkpt>
      <trkpt lat="44.13501" lon="6.76288">
        <ele>1134.1</ele>
      </trkpt>
      <trkpt lat="44.13494" lon="6.76287">
        <ele>1134.7</ele>
      </trkpt>
      <trkpt lat="44.13487" lon="6.76286">
        <ele>1135.3</ele>
      </trkpt>
      <trkpt lat="44.1348" lon="6.76285">
        <ele>1135.8</ele>
      </trkpt>
      <trkpt lat="44.13478" lon="6.76284">
        <ele>1136.3</ele>
      </trkpt>
      <trkpt lat="44.13473" lon="6.76283">
        <ele>1136.8</ele>
      </trkpt>
      <trkpt lat="44.134659" lon="6.76282">
        <ele>1137.3</ele>
      </trkpt>
      <trkpt lat="44.1346" lon="6.76281">
        <ele>1137.8</ele>
      </trkpt>
      <trkpt lat="44.13453" lon="6.7628">
        <ele>1138.2</ele>
      </trkpt>
      <trkpt lat="44.13446" lon="6.7628">
        <ele>1138.3</ele>
      </trkpt>
      <trkpt lat="44.13442" lon="6.76281">
        <ele>1138.0</ele>
      </trkpt>
      <trkpt lat="44.1344" lon="6.76282">
        <ele>1137.7</ele>
      </trkpt>
      <trkpt lat="44.13433" lon="6.76284">
        <ele>1137.1</ele>
      </trkpt>
      <trkpt lat="44.13427" lon="6.76286">
        <ele>1136.5</ele>
      </trkpt>
      <trkpt lat="44.13425" lon="6.76286">
        <ele>1136.6</ele>
      </trkpt>
      <trkpt lat="44.1342" lon="6.76288">
        <ele>1136.1</ele>
      </trkpt>
      <trkpt lat="44.13414" lon="6.7629">
        <ele>1135.3</ele>
      </trkpt>
      <trkpt lat="44.13408" lon="6.76292">
        <ele>1134.3</ele>
      </trkpt>
      <trkpt lat="44.13407" lon="6.76293">
        <ele>1133.9</ele>
      </trkpt>
      <trkpt lat="44.13403" lon="6.76294">
        <ele>1133.3</ele>
      </trkpt>
      <trkpt lat="44.13397" lon="6.76296">
        <ele>1132.2</ele>
      </trkpt>
      <trkpt lat="44.13392" lon="6.76297">
        <ele>1131.5</ele>
      </trkpt>
      <trkpt lat="44.1339" lon="6.76297">
        <ele>1131.3</ele>
      </trkpt>
      <trkpt lat="44.13387" lon="6.76298">
        <ele>1130.8</ele>
      </trkpt>
      <trkpt lat="44.13382" lon="6.76299">
        <ele>1130.1</ele>
      </trkpt>
      <trkpt lat="44.13378" lon="6.763">
        <ele>1129.4</ele>
      </trkpt>
      <trkpt lat="44.13374" lon="6.763">
        <ele>1129.1</ele>
      </trkpt>
      <trkpt lat="44.133719" lon="6.76301">
        <ele>1128.6</ele>
      </trkpt>
      <trkpt lat="44.13369" lon="6.76301">
        <ele>1128.4</ele>
      </trkpt>
      <trkpt lat="44.13366" lon="6.76302">
        <ele>1127.8</ele>
      </trkpt>
      <trkpt lat="44.13362" lon="6.76302">
        <ele>1127.5</ele>
      </trkpt>
      <trkpt lat="44.13359" lon="6.76303">
        <ele>1126.9</ele>
      </trkpt>
      <trkpt lat="44.13355" lon="6.76302">
        <ele>1127.0</ele>
      </trkpt>
      <trkpt lat="44.13354" lon="6.76301">
        <ele>1127.2</ele>
      </trkpt>
      <trkpt lat="44.13353" lon="6.763">
        <ele>1127.5</ele>
      </trkpt>
      <trkpt lat="44.13352" lon="6.76298">
        <ele>1128.1</ele>
      </trkpt>
      <trkpt lat="44.13351" lon="6.76297">
        <ele>1128.4</ele>
      </trkpt>
      <trkpt lat="44.13351" lon="6.76296">
        <ele>1128.8</ele>
      </trkpt>
      <trkpt lat="44.13351" lon="6.76294">
        <ele>1129.5</ele>
      </trkpt>
      <trkpt lat="44.13351" lon="6.76292">
        <ele>1130.2</ele>
      </trkpt>
      <trkpt lat="44.13352" lon="6.7629">
        <ele>1130.9</ele>
      </trkpt>
      <trkpt lat="44.13353" lon="6.76289">
        <ele>1131.3</ele>
      </trkpt>
      <trkpt lat="44.13355" lon="6.76288">
        <ele>1131.8</ele>
      </trkpt>
      <trkpt lat="44.13357" lon="6.76287">
        <ele>1132.3</ele>
      </trkpt>
      <trkpt lat="44.1336" lon="6.76288">
        <ele>1132.2</ele>
      </trkpt>
      <trkpt lat="44.13362" lon="6.76288">
        <ele>1132.3</ele>
      </trkpt>
      <trkpt lat="44.13365" lon="6.76288">
        <ele>1132.5</ele>
      </trkpt>
      <trkpt lat="44.13368" lon="6.76289">
        <ele>1132.4</ele>
      </trkpt>
      <trkpt lat="44.13371" lon="6.76289">
        <ele>1132.6</ele>
      </trkpt>
      <trkpt lat="44.13374" lon="6.7629">
        <ele>1132.5</ele>
      </trkpt>
      <trkpt lat="44.13377" lon="6.7629">
        <ele>1132.7</ele>
      </trkpt>
      <trkpt lat="44.13378" lon="6.7629">
        <ele>1132.8</ele>
      </trkpt>
      <trkpt lat="44.133809" lon="6.76289">
        <ele>1133.3</ele>
      </trkpt>
      <trkpt lat="44.13385" lon="6.76288">
        <ele>1133.9</ele>
      </trkpt>
      <trkpt lat="44.13389" lon="6.76286">
        <ele>1134.9</ele>
      </trkpt>
      <trkpt lat="44.13392" lon="6.76283">
        <ele>1136.0</ele>
      </trkpt>
      <trkpt lat="44.13395" lon="6.76282">
        <ele>1136.6</ele>
      </trkpt>
      <trkpt lat="44.13396" lon="6.76281">
        <ele>1137.0</ele>
      </trkpt>
      <trkpt lat="44.134" lon="6.76278">
        <ele>1138.2</ele>
      </trkpt>
      <trkpt lat="44.13404" lon="6.76274">
        <ele>1139.7</ele>
      </trkpt>
      <trkpt lat="44.13408" lon="6.76271">
        <ele>1140.9</ele>
      </trkpt>
      <trkpt lat="44.13412" lon="6.76269">
        <ele>1141.8</ele>
      </trkpt>
      <trkpt lat="44.13416" lon="6.76267">
        <ele>1142.7</ele>
      </trkpt>
      <trkpt lat="44.1342" lon="6.76265">
        <ele>1143.4</ele>
      </trkpt>
      <trkpt lat="44.13424" lon="6.76264">
        <ele>1143.7</ele>
      </trkpt>
      <trkpt lat="44.134279" lon="6.76263">
        <ele>1144.1</ele>
      </trkpt>
      <trkpt lat="44.13431" lon="6.76263">
        <ele>1144.2</ele>
      </trkpt>
      <trkpt lat="44.13438" lon="6.76262">
        <ele>1144.6</ele>
      </trkpt>
      <trkpt lat="44.1344" lon="6.76261">
        <ele>1145.0</ele>
      </trkpt>
      <trkpt lat="44.13441" lon="6.76261">
        <ele>1145.0</ele>
      </trkpt>
      <trkpt lat="44.13442" lon="6.76258">
        <ele>1146.1</ele>
      </trkpt>
      <trkpt lat="44.13443" lon="6.76255">
        <ele>1147.2</ele>
      </trkpt>
      <trkpt lat="44.13444" lon="6.76253">
        <ele>1147.9</ele>
      </trkpt>
      <trkpt lat="44.13443" lon="6.76251">
        <ele>1148.6</ele>
      </trkpt>
      <trkpt lat="44.13443" lon="6.76249">
        <ele>1149.4</ele>
      </trkpt>
      <trkpt lat="44.13442" lon="6.76249">
        <ele>1149.3</ele>
      </trkpt>
      <trkpt lat="44.13442" lon="6.76247">
        <ele>1150.2</ele>
      </trkpt>
      <trkpt lat="44.13441" lon="6.76246">
        <ele>1150.6</ele>
      </trkpt>
      <trkpt lat="44.1344" lon="6.76246">
        <ele>1150.5</ele>
      </trkpt>
      <trkpt lat="44.134369" lon="6.76246">
        <ele>1150.4</ele>
      </trkpt>
      <trkpt lat="44.13436" lon="6.76246">
        <ele>1150.4</ele>
      </trkpt>
      <trkpt lat="44.13433" lon="6.76247">
        <ele>1149.9</ele>
      </trkpt>
      <trkpt lat="44.1343" lon="6.76248">
        <ele>1149.3</ele>
      </trkpt>
      <trkpt lat="44.13427" lon="6.7625">
        <ele>1148.4</ele>
      </trkpt>
      <trkpt lat="44.13396" lon="6.76263">
        <ele>1142.8</ele>
      </trkpt>
      <trkpt lat="44.13392" lon="6.76264">
        <ele>1142.2</ele>
      </trkpt>
      <trkpt lat="44.13378" lon="6.76268">
        <ele>1140.1</ele>
      </trkpt>
      <trkpt lat="44.1337" lon="6.76269">
        <ele>1139.3</ele>
      </trkpt>
      <trkpt lat="44.13358" lon="6.7627">
        <ele>1138.3</ele>
      </trkpt>
      <trkpt lat="44.13347" lon="6.76269">
        <ele>1138.0</ele>
      </trkpt>
      <trkpt lat="44.13344" lon="6.76267">
        <ele>1138.5</ele>
      </trkpt>
      <trkpt lat="44.13343" lon="6.76266">
        <ele>1138.8</ele>
      </trkpt>
      <trkpt lat="44.13343" lon="6.76265">
        <ele>1139.1</ele>
      </trkpt>
      <trkpt lat="44.13342" lon="6.76262">
        <ele>1140.2</ele>
      </trkpt>
      <trkpt lat="44.13342" lon="6.76261">
        <ele>1140.5</ele>
      </trkpt>
      <trkpt lat="44.13343" lon="6.76258">
        <ele>1141.6</ele>
      </trkpt>
      <trkpt lat="44.13343" lon="6.76257">
        <ele>1142.0</ele>
      </trkpt>
      <trkpt lat="44.13344" lon="6.76256">
        <ele>1142.4</ele>
      </trkpt>
      <trkpt lat="44.13345" lon="6.76256">
        <ele>1142.4</ele>
      </trkpt>
      <trkpt lat="44.13345" lon="6.76255">
        <ele>1142.8</ele>
      </trkpt>
      <trkpt lat="44.1335" lon="6.76254">
        <ele>1143.4</ele>
      </trkpt>
      <trkpt lat="44.13355" lon="6.76254">
        <ele>1143.6</ele>
      </trkpt>
      <trkpt lat="44.13357" lon="6.76255">
        <ele>1143.4</ele>
      </trkpt>
      <trkpt lat="44.13364" lon="6.76256">
        <ele>1143.4</ele>
      </trkpt>
      <trkpt lat="44.133719" lon="6.76254">
        <ele>1144.5</ele>
      </trkpt>
      <trkpt lat="44.13373" lon="6.76254">
        <ele>1144.6</ele>
      </trkpt>
      <trkpt lat="44.133809" lon="6.76251">
        <ele>1146.0</ele>
      </trkpt>
      <trkpt lat="44.13389" lon="6.76247">
        <ele>1147.8</ele>
      </trkpt>
      <trkpt lat="44.13402" lon="6.7624">
        <ele>1151.4</ele>
      </trkpt>
      <trkpt lat="44.13406" lon="6.76236">
        <ele>1153.4</ele>
      </trkpt>
      <trkpt lat="44.13407" lon="6.76235">
        <ele>1153.9</ele>
      </trkpt>
      <trkpt lat="44.13407" lon="6.76234">
        <ele>1154.3</ele>
      </trkpt>
      <trkpt lat="44.13409" lon="6.7623">
        <ele>1156.2</ele>
      </trkpt>
      <trkpt lat="44.13409" lon="6.76229">
        <ele>1156.6</ele>
      </trkpt>
      <trkpt lat="44.13409" lon="6.76227">
        <ele>1157.5</ele>
      </trkpt>
      <trkpt lat="44.13408" lon="6.76225">
        <ele>1158.2</ele>
      </trkpt>
      <trkpt lat="44.13408" lon="6.76224">
        <ele>1158.7</ele>
      </trkpt>
      <trkpt lat="44.13406" lon="6.76223">
        <ele>1158.9</ele>
      </trkpt>
      <trkpt lat="44.134" lon="6.76221">
        <ele>1159.1</ele>
      </trkpt>
      <trkpt lat="44.13399" lon="6.76222">
        <ele>1158.6</ele>
      </trkpt>
      <trkpt lat="44.13394" lon="6.76225">
        <ele>1156.9</ele>
      </trkpt>
      <trkpt lat="44.13373" lon="6.76236">
        <ele>1150.9</ele>
      </trkpt>
      <trkpt lat="44.13367" lon="6.76239">
        <ele>1149.4</ele>
      </trkpt>
      <trkpt lat="44.13366" lon="6.76239">
        <ele>1149.3</ele>
      </trkpt>
      <trkpt lat="44.13362" lon="6.76239">
        <ele>1149.0</ele>
      </trkpt>
      <trkpt lat="44.13356" lon="6.76239">
        <ele>1148.6</ele>
      </trkpt>
      <trkpt lat="44.13352" lon="6.76238">
        <ele>1148.7</ele>
      </trkpt>
      <trkpt lat="44.13348" lon="6.76238">
        <ele>1148.4</ele>
      </trkpt>
      <trkpt lat="44.13347" lon="6.76238">
        <ele>1148.3</ele>
      </trkpt>
      <trkpt lat="44.13339" lon="6.76233">
        <ele>1149.2</ele>
      </trkpt>
      <trkpt lat="44.13333" lon="6.76227">
        <ele>1150.2</ele>
      </trkpt>
      <trkpt lat="44.13331" lon="6.76225">
        <ele>1149.7</ele>
      </trkpt>
      <trkpt lat="44.13329" lon="6.7622">
        <ele>1150.0</ele>
      </trkpt>
      <trkpt lat="44.13327" lon="6.76216">
        <ele>1150.0</ele>
      </trkpt>
      <trkpt lat="44.133249" lon="6.76208">
        <ele>1151.2</ele>
      </trkpt>
      <trkpt lat="44.133249" lon="6.76205">
        <ele>1152.0</ele>
      </trkpt>
      <trkpt lat="44.13323" lon="6.76195">
        <ele>1153.8</ele>
      </trkpt>
      <trkpt lat="44.13322" lon="6.7618">
        <ele>1157.4</ele>
      </trkpt>
      <trkpt lat="44.13321" lon="6.76159">
        <ele>1164.2</ele>
      </trkpt>
      <trkpt lat="44.1332" lon="6.76155">
        <ele>1165.5</ele>
      </trkpt>
      <trkpt lat="44.1332" lon="6.76154">
        <ele>1166.0</ele>
      </trkpt>
      <trkpt lat="44.1332" lon="6.76148">
        <ele>1168.7</ele>
      </trkpt>
      <trkpt lat="44.13319" lon="6.76141">
        <ele>1171.4</ele>
      </trkpt>
      <trkpt lat="44.13318" lon="6.76135">
        <ele>1173.6</ele>
      </trkpt>
      <trkpt lat="44.133159" lon="6.76131">
        <ele>1174.4</ele>
      </trkpt>
      <trkpt lat="44.133159" lon="6.76129">
        <ele>1175.3</ele>
      </trkpt>
      <trkpt lat="44.13313" lon="6.76123">
        <ele>1176.4</ele>
      </trkpt>
      <trkpt lat="44.13309" lon="6.76118">
        <ele>1176.5</ele>
      </trkpt>
      <trkpt lat="44.13305" lon="6.76112">
        <ele>1177.1</ele>
      </trkpt>
      <trkpt lat="44.13303" lon="6.76109">
        <ele>1177.3</ele>
      </trkpt>
      <trkpt lat="44.13291" lon="6.76095">
        <ele>1177.0</ele>
      </trkpt>
      <trkpt lat="44.13288" lon="6.7609">
        <ele>1177.5</ele>
      </trkpt>
      <trkpt lat="44.132779" lon="6.76078">
        <ele>1177.1</ele>
      </trkpt>
      <trkpt lat="44.132689" lon="6.76066">
        <ele>1177.2</ele>
      </trkpt>
      <trkpt lat="44.13265" lon="6.76061">
        <ele>1177.2</ele>
      </trkpt>
      <trkpt lat="44.13257" lon="6.76053">
        <ele>1176.3</ele>
      </trkpt>
      <trkpt lat="44.1325" lon="6.76047">
        <ele>1175.1</ele>
      </trkpt>
      <trkpt lat="44.13249" lon="6.76046">
        <ele>1175.1</ele>
      </trkpt>
      <trkpt lat="44.13242" lon="6.76038">
        <ele>1175.0</ele>
      </trkpt>
      <trkpt lat="44.13236" lon="6.76032">
        <ele>1174.4</ele>
      </trkpt>
      <trkpt lat="44.132309" lon="6.76026">
        <ele>1174.1</ele>
      </trkpt>
      <trkpt lat="44.13225" lon="6.76017">
        <ele>1174.3</ele>
      </trkpt>
      <trkpt lat="44.13223" lon="6.76014">
        <ele>1174.2</ele>
      </trkpt>
      <trkpt lat="44.1322" lon="6.76008">
        <ele>1174.7</ele>
      </trkpt>
      <trkpt lat="44.13214" lon="6.75998">
        <ele>1174.5</ele>
      </trkpt>
      <trkpt lat="44.132129" lon="6.75993">
        <ele>1175.1</ele>
      </trkpt>
      <trkpt lat="44.1321" lon="6.75987">
        <ele>1174.8</ele>
      </trkpt>
      <trkpt lat="44.13208" lon="6.75981">
        <ele>1175.1</ele>
      </trkpt>
      <trkpt lat="44.13207" lon="6.75975">
        <ele>1176.0</ele>
      </trkpt>
      <trkpt lat="44.13206" lon="6.7597">
        <ele>1176.6</ele>
      </trkpt>
      <trkpt lat="44.13206" lon="6.75968">
        <ele>1177.1</ele>
      </trkpt>
      <trkpt lat="44.13204" lon="6.75962">
        <ele>1177.3</ele>
      </trkpt>
      <trkpt lat="44.13203" lon="6.75951">
        <ele>1179.4</ele>
      </trkpt>
      <trkpt lat="44.13203" lon="6.75946">
        <ele>1180.7</ele>
      </trkpt>
      <trkpt lat="44.13202" lon="6.7594">
        <ele>1181.5</ele>
      </trkpt>
      <trkpt lat="44.13202" lon="6.75935">
        <ele>1182.8</ele>
      </trkpt>
      <trkpt lat="44.13201" lon="6.75912">
        <ele>1189.7</ele>
      </trkpt>
      <trkpt lat="44.13201" lon="6.75906">
        <ele>1193.5</ele>
      </trkpt>
      <trkpt lat="44.132" lon="6.75892">
        <ele>1201.6</ele>
      </trkpt>
      <trkpt lat="44.13199" lon="6.75886">
        <ele>1204.5</ele>
      </trkpt>
      <trkpt lat="44.13198" lon="6.75881">
        <ele>1206.7</ele>
      </trkpt>
      <trkpt lat="44.13198" lon="6.7588">
        <ele>1207.3</ele>
      </trkpt>
      <trkpt lat="44.13197" lon="6.75874">
        <ele>1210.0</ele>
      </trkpt>
      <trkpt lat="44.13196" lon="6.75868">
        <ele>1212.6</ele>
      </trkpt>
      <trkpt lat="44.131929" lon="6.75863">
        <ele>1212.3</ele>
      </trkpt>
      <trkpt lat="44.13192" lon="6.75858">
        <ele>1214.1</ele>
      </trkpt>
      <trkpt lat="44.13189" lon="6.75852">
        <ele>1213.9</ele>
      </trkpt>
      <trkpt lat="44.13187" lon="6.75847">
        <ele>1214.1</ele>
      </trkpt>
      <trkpt lat="44.13185" lon="6.75842">
        <ele>1214.2</ele>
      </trkpt>
      <trkpt lat="44.13182" lon="6.75837">
        <ele>1212.8</ele>
      </trkpt>
      <trkpt lat="44.13181" lon="6.7583">
        <ele>1215.1</ele>
      </trkpt>
      <trkpt lat="44.13179" lon="6.75825">
        <ele>1215.2</ele>
      </trkpt>
      <trkpt lat="44.13178" lon="6.7582">
        <ele>1216.7</ele>
      </trkpt>
      <trkpt lat="44.13177" lon="6.75813">
        <ele>1219.4</ele>
      </trkpt>
      <trkpt lat="44.13176" lon="6.75807">
        <ele>1221.5</ele>
      </trkpt>
      <trkpt lat="44.13174" lon="6.75802">
        <ele>1222.1</ele>
      </trkpt>
      <trkpt lat="44.13173" lon="6.75795">
        <ele>1225.0</ele>
      </trkpt>
      <trkpt lat="44.13172" lon="6.75789">
        <ele>1227.4</ele>
      </trkpt>
      <trkpt lat="44.13172" lon="6.75786">
        <ele>1229.2</ele>
      </trkpt>
      <trkpt lat="44.13169" lon="6.75778">
        <ele>1230.9</ele>
      </trkpt>
      <trkpt lat="44.13164" lon="6.75766">
        <ele>1233.7</ele>
      </trkpt>
      <trkpt lat="44.13156" lon="6.75748">
        <ele>1236.7</ele>
      </trkpt>
      <trkpt lat="44.13155" lon="6.75745">
        <ele>1236.3</ele>
      </trkpt>
      <trkpt lat="44.13149" lon="6.75731">
        <ele>1233.6</ele>
      </trkpt>
      <trkpt lat="44.13146" lon="6.75723">
        <ele>1232.9</ele>
      </trkpt>
      <trkpt lat="44.13143" lon="6.757">
        <ele>1231.1</ele>
      </trkpt>
      <trkpt lat="44.13139" lon="6.75676">
        <ele>1229.3</ele>
      </trkpt>
      <trkpt lat="44.13139" lon="6.75675">
        <ele>1229.2</ele>
      </trkpt>
      <trkpt lat="44.13131" lon="6.75627">
        <ele>1225.6</ele>
      </trkpt>
      <trkpt lat="44.1313" lon="6.75624">
        <ele>1225.3</ele>
      </trkpt>
      <trkpt lat="44.13129" lon="6.7562">
        <ele>1225.0</ele>
      </trkpt>
      <trkpt lat="44.13129" lon="6.75614">
        <ele>1224.5</ele>
      </trkpt>
      <trkpt lat="44.1313" lon="6.75612">
        <ele>1224.4</ele>
      </trkpt>
      <trkpt lat="44.1313" lon="6.7561">
        <ele>1224.2</ele>
      </trkpt>
      <trkpt lat="44.13132" lon="6.75604">
        <ele>1223.7</ele>
      </trkpt>
      <trkpt lat="44.13136" lon="6.75597">
        <ele>1223.1</ele>
      </trkpt>
      <trkpt lat="44.1314" lon="6.75591">
        <ele>1222.1</ele>
      </trkpt>
      <trkpt lat="44.13142" lon="6.75588">
        <ele>1221.5</ele>
      </trkpt>
      <trkpt lat="44.13144" lon="6.75583">
        <ele>1220.3</ele>
      </trkpt>
      <trkpt lat="44.13146" lon="6.75578">
        <ele>1219.8</ele>
      </trkpt>
      <trkpt lat="44.13149" lon="6.75572">
        <ele>1219.1</ele>
      </trkpt>
      <trkpt lat="44.13149" lon="6.7557">
        <ele>1218.9</ele>
      </trkpt>
      <trkpt lat="44.1315" lon="6.75566">
        <ele>1218.3</ele>
      </trkpt>
      <trkpt lat="44.13152" lon="6.75559">
        <ele>1217.3</ele>
      </trkpt>
      <trkpt lat="44.13153" lon="6.75553">
        <ele>1216.3</ele>
      </trkpt>
      <trkpt lat="44.13155" lon="6.75547">
        <ele>1215.3</ele>
      </trkpt>
      <trkpt lat="44.13155" lon="6.75546">
        <ele>1215.1</ele>
      </trkpt>
      <trkpt lat="44.13157" lon="6.75541">
        <ele>1214.1</ele>
      </trkpt>
      <trkpt lat="44.13159" lon="6.75535">
        <ele>1212.9</ele>
      </trkpt>
      <trkpt lat="44.13163" lon="6.7553">
        <ele>1211.6</ele>
      </trkpt>
      <trkpt lat="44.13165" lon="6.75526">
        <ele>1210.5</ele>
      </trkpt>
      <trkpt lat="44.13178" lon="6.75508">
        <ele>1213.6</ele>
      </trkpt>
      <trkpt lat="44.13182" lon="6.75503">
        <ele>1214.9</ele>
      </trkpt>
      <trkpt lat="44.13191" lon="6.7549">
        <ele>1218.4</ele>
      </trkpt>
      <trkpt lat="44.13195" lon="6.75484">
        <ele>1219.9</ele>
      </trkpt>
      <trkpt lat="44.13202" lon="6.75471">
        <ele>1221.5</ele>
      </trkpt>
      <trkpt lat="44.13203" lon="6.75469">
        <ele>1221.7</ele>
      </trkpt>
      <trkpt lat="44.13208" lon="6.75458">
        <ele>1222.1</ele>
      </trkpt>
      <trkpt lat="44.13212" lon="6.7545">
        <ele>1222.2</ele>
      </trkpt>
      <trkpt lat="44.13221" lon="6.75428">
        <ele>1220.7</ele>
      </trkpt>
      <trkpt lat="44.132219" lon="6.75426">
        <ele>1220.5</ele>
      </trkpt>
      <trkpt lat="44.13225" lon="6.75421">
        <ele>1220.2</ele>
      </trkpt>
      <trkpt lat="44.13228" lon="6.75417">
        <ele>1220.0</ele>
      </trkpt>
      <trkpt lat="44.132309" lon="6.75413">
        <ele>1220.2</ele>
      </trkpt>
      <trkpt lat="44.13234" lon="6.7541">
        <ele>1220.5</ele>
      </trkpt>
      <trkpt lat="44.13235" lon="6.75409">
        <ele>1220.5</ele>
      </trkpt>
      <trkpt lat="44.13239" lon="6.75406">
        <ele>1220.9</ele>
      </trkpt>
      <trkpt lat="44.13242" lon="6.75404">
        <ele>1221.1</ele>
      </trkpt>
      <trkpt lat="44.13247" lon="6.75402">
        <ele>1221.7</ele>
      </trkpt>
      <trkpt lat="44.1325" lon="6.754">
        <ele>1221.8</ele>
      </trkpt>
      <trkpt lat="44.13254" lon="6.75397">
        <ele>1223.4</ele>
      </trkpt>
      <trkpt lat="44.13258" lon="6.75394">
        <ele>1224.9</ele>
      </trkpt>
      <trkpt lat="44.132599" lon="6.7539">
        <ele>1225.1</ele>
      </trkpt>
      <trkpt lat="44.13262" lon="6.75386">
        <ele>1225.2</ele>
      </trkpt>
      <trkpt lat="44.13262" lon="6.75383">
        <ele>1224.4</ele>
      </trkpt>
      <trkpt lat="44.13263" lon="6.75381">
        <ele>1224.4</ele>
      </trkpt>
      <trkpt lat="44.13264" lon="6.75376">
        <ele>1223.7</ele>
      </trkpt>
      <trkpt lat="44.13263" lon="6.7537">
        <ele>1221.5</ele>
      </trkpt>
      <trkpt lat="44.13262" lon="6.75364">
        <ele>1219.4</ele>
      </trkpt>
      <trkpt lat="44.13261" lon="6.75359">
        <ele>1217.5</ele>
      </trkpt>
      <trkpt lat="44.13261" lon="6.75354">
        <ele>1216.2</ele>
      </trkpt>
      <trkpt lat="44.132599" lon="6.75348">
        <ele>1214.1</ele>
      </trkpt>
      <trkpt lat="44.13261" lon="6.75342">
        <ele>1213.1</ele>
      </trkpt>
      <trkpt lat="44.13262" lon="6.75336">
        <ele>1212.0</ele>
      </trkpt>
      <trkpt lat="44.13262" lon="6.75334">
        <ele>1211.5</ele>
      </trkpt>
      <trkpt lat="44.13264" lon="6.7533">
        <ele>1212.5</ele>
      </trkpt>
      <trkpt lat="44.1327" lon="6.75315">
        <ele>1215.9</ele>
      </trkpt>
      <trkpt lat="44.13272" lon="6.75313">
        <ele>1216.8</ele>
      </trkpt>
      <trkpt lat="44.13273" lon="6.7531">
        <ele>1217.2</ele>
      </trkpt>
      <trkpt lat="44.13276" lon="6.75306">
        <ele>1218.4</ele>
      </trkpt>
      <trkpt lat="44.13281" lon="6.75303">
        <ele>1220.3</ele>
      </trkpt>
      <trkpt lat="44.13284" lon="6.753">
        <ele>1221.3</ele>
      </trkpt>
      <trkpt lat="44.13286" lon="6.75299">
        <ele>1222.0</ele>
      </trkpt>
      <trkpt lat="44.13289" lon="6.75298">
        <ele>1223.1</ele>
      </trkpt>
      <trkpt lat="44.13293" lon="6.75296">
        <ele>1224.3</ele>
      </trkpt>
      <trkpt lat="44.13297" lon="6.75294">
        <ele>1225.6</ele>
      </trkpt>
      <trkpt lat="44.13302" lon="6.75292">
        <ele>1227.0</ele>
      </trkpt>
      <trkpt lat="44.13303" lon="6.75291">
        <ele>1227.2</ele>
      </trkpt>
      <trkpt lat="44.13306" lon="6.75289">
        <ele>1227.9</ele>
      </trkpt>
      <trkpt lat="44.13315" lon="6.75281">
        <ele>1229.3</ele>
      </trkpt>
      <trkpt lat="44.13318" lon="6.75277">
        <ele>1229.3</ele>
      </trkpt>
      <trkpt lat="44.13324" lon="6.75269">
        <ele>1229.1</ele>
      </trkpt>
      <trkpt lat="44.13331" lon="6.7526">
        <ele>1228.3</ele>
      </trkpt>
      <trkpt lat="44.13344" lon="6.75242">
        <ele>1232.0</ele>
      </trkpt>
      <trkpt lat="44.13348" lon="6.75237">
        <ele>1234.0</ele>
      </trkpt>
      <trkpt lat="44.13353" lon="6.7523">
        <ele>1236.3</ele>
      </trkpt>
      <trkpt lat="44.13357" lon="6.75225">
        <ele>1238.1</ele>
      </trkpt>
      <trkpt lat="44.13358" lon="6.75224">
        <ele>1238.6</ele>
      </trkpt>
      <trkpt lat="44.133629" lon="6.75219">
        <ele>1240.8</ele>
      </trkpt>
      <trkpt lat="44.13368" lon="6.75213">
        <ele>1242.9</ele>
      </trkpt>
      <trkpt lat="44.13373" lon="6.75208">
        <ele>1244.9</ele>
      </trkpt>
      <trkpt lat="44.13378" lon="6.75204">
        <ele>1247.0</ele>
      </trkpt>
      <trkpt lat="44.13383" lon="6.75199">
        <ele>1248.9</ele>
      </trkpt>
      <trkpt lat="44.13387" lon="6.75197">
        <ele>1250.6</ele>
      </trkpt>
      <trkpt lat="44.13388" lon="6.75195">
        <ele>1250.8</ele>
      </trkpt>
      <trkpt lat="44.13393" lon="6.75191">
        <ele>1252.6</ele>
      </trkpt>
      <trkpt lat="44.13398" lon="6.75187">
        <ele>1254.3</ele>
      </trkpt>
      <trkpt lat="44.13401" lon="6.75182">
        <ele>1254.9</ele>
      </trkpt>
      <trkpt lat="44.13402" lon="6.75182">
        <ele>1255.3</ele>
      </trkpt>
      <trkpt lat="44.13406" lon="6.75177">
        <ele>1256.3</ele>
      </trkpt>
      <trkpt lat="44.13409" lon="6.75171">
        <ele>1256.5</ele>
      </trkpt>
      <trkpt lat="44.13412" lon="6.75164">
        <ele>1256.5</ele>
      </trkpt>
      <trkpt lat="44.13412" lon="6.75163">
        <ele>1256.3</ele>
      </trkpt>
      <trkpt lat="44.13414" lon="6.75157">
        <ele>1256.0</ele>
      </trkpt>
      <trkpt lat="44.13416" lon="6.7515">
        <ele>1255.4</ele>
      </trkpt>
      <trkpt lat="44.13417" lon="6.75142">
        <ele>1254.2</ele>
      </trkpt>
      <trkpt lat="44.13418" lon="6.75139">
        <ele>1254.4</ele>
      </trkpt>
      <trkpt lat="44.134189" lon="6.75135">
        <ele>1254.4</ele>
      </trkpt>
      <trkpt lat="44.1342" lon="6.75128">
        <ele>1253.7</ele>
      </trkpt>
      <trkpt lat="44.1342" lon="6.7512">
        <ele>1252.1</ele>
      </trkpt>
      <trkpt lat="44.1342" lon="6.75114">
        <ele>1250.9</ele>
      </trkpt>
      <trkpt lat="44.1342" lon="6.75113">
        <ele>1250.7</ele>
      </trkpt>
      <trkpt lat="44.134189" lon="6.75105">
        <ele>1248.3</ele>
      </trkpt>
      <trkpt lat="44.13418" lon="6.75098">
        <ele>1246.1</ele>
      </trkpt>
      <trkpt lat="44.13417" lon="6.75091">
        <ele>1243.8</ele>
      </trkpt>
      <trkpt lat="44.13417" lon="6.7509">
        <ele>1243.6</ele>
      </trkpt>
      <trkpt lat="44.13416" lon="6.75084">
        <ele>1242.2</ele>
      </trkpt>
      <trkpt lat="44.13415" lon="6.75077">
        <ele>1241.6</ele>
      </trkpt>
      <trkpt lat="44.13416" lon="6.7507">
        <ele>1240.9</ele>
      </trkpt>
      <trkpt lat="44.13417" lon="6.75065">
        <ele>1240.7</ele>
      </trkpt>
      <trkpt lat="44.13417" lon="6.75063">
        <ele>1240.6</ele>
      </trkpt>
      <trkpt lat="44.134189" lon="6.75056">
        <ele>1241.4</ele>
      </trkpt>
      <trkpt lat="44.13421" lon="6.7505">
        <ele>1242.4</ele>
      </trkpt>
      <trkpt lat="44.13423" lon="6.75043">
        <ele>1243.1</ele>
      </trkpt>
      <trkpt lat="44.13424" lon="6.75042">
        <ele>1243.7</ele>
      </trkpt>
      <trkpt lat="44.13425" lon="6.75036">
        <ele>1243.8</ele>
      </trkpt>
      <trkpt lat="44.13427" lon="6.75029">
        <ele>1244.5</ele>
      </trkpt>
      <trkpt lat="44.13429" lon="6.75022">
        <ele>1245.1</ele>
      </trkpt>
      <trkpt lat="44.1343" lon="6.75018">
        <ele>1245.3</ele>
      </trkpt>
      <trkpt lat="44.13431" lon="6.75014">
        <ele>1245.5</ele>
      </trkpt>
      <trkpt lat="44.13432" lon="6.75006">
        <ele>1245.3</ele>
      </trkpt>
      <trkpt lat="44.13434" lon="6.74994">
        <ele>1246.1</ele>
      </trkpt>
      <trkpt lat="44.13436" lon="6.74983">
        <ele>1247.7</ele>
      </trkpt>
      <trkpt lat="44.13438" lon="6.74977">
        <ele>1249.0</ele>
      </trkpt>
      <trkpt lat="44.13441" lon="6.74971">
        <ele>1250.6</ele>
      </trkpt>
      <trkpt lat="44.13442" lon="6.74969">
        <ele>1251.1</ele>
      </trkpt>
      <trkpt lat="44.13453" lon="6.74952">
        <ele>1255.9</ele>
      </trkpt>
      <trkpt lat="44.134569" lon="6.74945">
        <ele>1257.2</ele>
      </trkpt>
      <trkpt lat="44.13461" lon="6.7494">
        <ele>1258.4</ele>
      </trkpt>
      <trkpt lat="44.13465" lon="6.74934">
        <ele>1259.3</ele>
      </trkpt>
      <trkpt lat="44.1347" lon="6.74923">
        <ele>1259.8</ele>
      </trkpt>
      <trkpt lat="44.13474" lon="6.74913">
        <ele>1260.0</ele>
      </trkpt>
      <trkpt lat="44.13478" lon="6.74906">
        <ele>1260.7</ele>
      </trkpt>
      <trkpt lat="44.13489" lon="6.74875">
        <ele>1259.6</ele>
      </trkpt>
      <trkpt lat="44.13495" lon="6.74857">
        <ele>1257.3</ele>
      </trkpt>
      <trkpt lat="44.13503" lon="6.74821">
        <ele>1255.0</ele>
      </trkpt>
      <trkpt lat="44.13505" lon="6.74811">
        <ele>1256.1</ele>
      </trkpt>
      <trkpt lat="44.13509" lon="6.74797">
        <ele>1258.1</ele>
      </trkpt>
      <trkpt lat="44.13514" lon="6.74773">
        <ele>1259.6</ele>
      </trkpt>
      <trkpt lat="44.13515" lon="6.7477">
        <ele>1259.9</ele>
      </trkpt>
      <trkpt lat="44.1352" lon="6.74756">
        <ele>1261.2</ele>
      </trkpt>
      <trkpt lat="44.135219" lon="6.74751">
        <ele>1261.5</ele>
      </trkpt>
      <trkpt lat="44.13525" lon="6.74747">
        <ele>1262.8</ele>
      </trkpt>
      <trkpt lat="44.13533" lon="6.74735">
        <ele>1265.9</ele>
      </trkpt>
      <trkpt lat="44.13535" lon="6.74734">
        <ele>1266.5</ele>
      </trkpt>
      <trkpt lat="44.13545" lon="6.74724">
        <ele>1268.8</ele>
      </trkpt>
      <trkpt lat="44.1355" lon="6.7472">
        <ele>1269.6</ele>
      </trkpt>
      <trkpt lat="44.135509" lon="6.74719">
        <ele>1269.7</ele>
      </trkpt>
      <trkpt lat="44.13557" lon="6.74715">
        <ele>1270.4</ele>
      </trkpt>
      <trkpt lat="44.13563" lon="6.74711">
        <ele>1270.8</ele>
      </trkpt>
      <trkpt lat="44.13574" lon="6.74703">
        <ele>1270.5</ele>
      </trkpt>
      <trkpt lat="44.1358" lon="6.74699">
        <ele>1270.1</ele>
      </trkpt>
      <trkpt lat="44.13585" lon="6.74695">
        <ele>1270.0</ele>
      </trkpt>
      <trkpt lat="44.13591" lon="6.74691">
        <ele>1271.7</ele>
      </trkpt>
      <trkpt lat="44.13596" lon="6.74686">
        <ele>1272.6</ele>
      </trkpt>
      <trkpt lat="44.13598" lon="6.74685">
        <ele>1273.2</ele>
      </trkpt>
      <trkpt lat="44.13602" lon="6.74681">
        <ele>1273.8</ele>
      </trkpt>
      <trkpt lat="44.13611" lon="6.7467">
        <ele>1274.1</ele>
      </trkpt>
      <trkpt lat="44.13612" lon="6.74669">
        <ele>1274.2</ele>
      </trkpt>
      <trkpt lat="44.136159" lon="6.74664">
        <ele>1275.2</ele>
      </trkpt>
      <trkpt lat="44.13621" lon="6.74658">
        <ele>1277.2</ele>
      </trkpt>
      <trkpt lat="44.136249" lon="6.74652">
        <ele>1278.6</ele>
      </trkpt>
      <trkpt lat="44.13629" lon="6.74646">
        <ele>1279.7</ele>
      </trkpt>
      <trkpt lat="44.13633" lon="6.7464">
        <ele>1280.6</ele>
      </trkpt>
      <trkpt lat="44.13637" lon="6.74635">
        <ele>1281.3</ele>
      </trkpt>
      <trkpt lat="44.13637" lon="6.74634">
        <ele>1281.2</ele>
      </trkpt>
      <trkpt lat="44.1364" lon="6.74628">
        <ele>1281.4</ele>
      </trkpt>
      <trkpt lat="44.13643" lon="6.74622">
        <ele>1281.4</ele>
      </trkpt>
      <trkpt lat="44.13646" lon="6.74616">
        <ele>1281.2</ele>
      </trkpt>
      <trkpt lat="44.13646" lon="6.74613">
        <ele>1280.8</ele>
      </trkpt>
      <trkpt lat="44.13647" lon="6.74609">
        <ele>1280.4</ele>
      </trkpt>
      <trkpt lat="44.13649" lon="6.74603">
        <ele>1279.8</ele>
      </trkpt>
      <trkpt lat="44.13651" lon="6.74592">
        <ele>1278.2</ele>
      </trkpt>
      <trkpt lat="44.13652" lon="6.74589">
        <ele>1277.8</ele>
      </trkpt>
      <trkpt lat="44.13653" lon="6.74587">
        <ele>1277.5</ele>
      </trkpt>
      <trkpt lat="44.13656" lon="6.74583">
        <ele>1276.9</ele>
      </trkpt>
      <trkpt lat="44.13659" lon="6.7458">
        <ele>1277.1</ele>
      </trkpt>
      <trkpt lat="44.136629" lon="6.74578">
        <ele>1277.1</ele>
      </trkpt>
      <trkpt lat="44.13667" lon="6.74575">
        <ele>1277.3</ele>
      </trkpt>
      <trkpt lat="44.13677" lon="6.74567">
        <ele>1281.5</ele>
      </trkpt>
      <trkpt lat="44.1368" lon="6.74565">
        <ele>1282.7</ele>
      </trkpt>
      <trkpt lat="44.13683" lon="6.74564">
        <ele>1283.9</ele>
      </trkpt>
      <trkpt lat="44.13684" lon="6.74564">
        <ele>1284.3</ele>
      </trkpt>
      <trkpt lat="44.13688" lon="6.74563">
        <ele>1285.8</ele>
      </trkpt>
      <trkpt lat="44.13691" lon="6.74563">
        <ele>1287.0</ele>
      </trkpt>
      <trkpt lat="44.13694" lon="6.74563">
        <ele>1288.2</ele>
      </trkpt>
      <trkpt lat="44.13698" lon="6.74563">
        <ele>1289.7</ele>
      </trkpt>
      <trkpt lat="44.137009" lon="6.74563">
        <ele>1290.9</ele>
      </trkpt>
      <trkpt lat="44.13703" lon="6.74561">
        <ele>1291.7</ele>
      </trkpt>
      <trkpt lat="44.13706" lon="6.74559">
        <ele>1292.8</ele>
      </trkpt>
      <trkpt lat="44.13708" lon="6.74556">
        <ele>1293.6</ele>
      </trkpt>
      <trkpt lat="44.13709" lon="6.74554">
        <ele>1293.9</ele>
      </trkpt>
      <trkpt lat="44.13709" lon="6.74552">
        <ele>1293.9</ele>
      </trkpt>
      <trkpt lat="44.13709" lon="6.74548">
        <ele>1293.8</ele>
      </trkpt>
      <trkpt lat="44.13709" lon="6.74545">
        <ele>1293.8</ele>
      </trkpt>
      <trkpt lat="44.13708" lon="6.74544">
        <ele>1293.4</ele>
      </trkpt>
      <trkpt lat="44.13708" lon="6.74543">
        <ele>1293.4</ele>
      </trkpt>
      <trkpt lat="44.13707" lon="6.74541">
        <ele>1293.0</ele>
      </trkpt>
      <trkpt lat="44.13706" lon="6.7454">
        <ele>1292.6</ele>
      </trkpt>
      <trkpt lat="44.13703" lon="6.74537">
        <ele>1291.5</ele>
      </trkpt>
      <trkpt lat="44.13699" lon="6.74535">
        <ele>1290.0</ele>
      </trkpt>
      <trkpt lat="44.13689" lon="6.74531">
        <ele>1286.4</ele>
      </trkpt>
      <trkpt lat="44.136809" lon="6.74529">
        <ele>1283.5</ele>
      </trkpt>
      <trkpt lat="44.13677" lon="6.74528">
        <ele>1282.1</ele>
      </trkpt>
      <trkpt lat="44.13675" lon="6.74528">
        <ele>1281.3</ele>
      </trkpt>
      <trkpt lat="44.1367" lon="6.74526">
        <ele>1279.6</ele>
      </trkpt>
      <trkpt lat="44.13669" lon="6.74525">
        <ele>1279.2</ele>
      </trkpt>
      <trkpt lat="44.13668" lon="6.74524">
        <ele>1278.9</ele>
      </trkpt>
      <trkpt lat="44.13666" lon="6.74522">
        <ele>1278.6</ele>
      </trkpt>
      <trkpt lat="44.13665" lon="6.7452">
        <ele>1278.8</ele>
      </trkpt>
      <trkpt lat="44.13664" lon="6.74519">
        <ele>1279.1</ele>
      </trkpt>
      <trkpt lat="44.13664" lon="6.74516">
        <ele>1279.2</ele>
      </trkpt>
      <trkpt lat="44.13664" lon="6.74512">
        <ele>1279.3</ele>
      </trkpt>
      <trkpt lat="44.13665" lon="6.74507">
        <ele>1279.2</ele>
      </trkpt>
      <trkpt lat="44.13669" lon="6.74492">
        <ele>1280.9</ele>
      </trkpt>
      <trkpt lat="44.1367" lon="6.74488">
        <ele>1281.7</ele>
      </trkpt>
      <trkpt lat="44.136719" lon="6.74477">
        <ele>1283.9</ele>
      </trkpt>
      <trkpt lat="44.13673" lon="6.74464">
        <ele>1286.0</ele>
      </trkpt>
      <trkpt lat="44.13673" lon="6.74462">
        <ele>1286.2</ele>
      </trkpt>
      <trkpt lat="44.13676" lon="6.74446">
        <ele>1289.4</ele>
      </trkpt>
      <trkpt lat="44.13677" lon="6.74439">
        <ele>1290.7</ele>
      </trkpt>
      <trkpt lat="44.1368" lon="6.74429">
        <ele>1293.1</ele>
      </trkpt>
      <trkpt lat="44.13682" lon="6.74424">
        <ele>1294.5</ele>
      </trkpt>
      <trkpt lat="44.13683" lon="6.74422">
        <ele>1295.2</ele>
      </trkpt>
      <trkpt lat="44.13684" lon="6.74421">
        <ele>1295.7</ele>
      </trkpt>
      <trkpt lat="44.13685" lon="6.74421">
        <ele>1296.0</ele>
      </trkpt>
      <trkpt lat="44.13686" lon="6.74421">
        <ele>1296.4</ele>
      </trkpt>
      <trkpt lat="44.13687" lon="6.74421">
        <ele>1296.7</ele>
      </trkpt>
      <trkpt lat="44.13688" lon="6.74421">
        <ele>1297.1</ele>
      </trkpt>
      <trkpt lat="44.13688" lon="6.74422">
        <ele>1296.9</ele>
      </trkpt>
      <trkpt lat="44.13689" lon="6.74422">
        <ele>1297.3</ele>
      </trkpt>
      <trkpt lat="44.13689" lon="6.74423">
        <ele>1297.2</ele>
      </trkpt>
      <trkpt lat="44.1369" lon="6.74424">
        <ele>1297.4</ele>
      </trkpt>
      <trkpt lat="44.1369" lon="6.74426">
        <ele>1297.1</ele>
      </trkpt>
      <trkpt lat="44.1369" lon="6.74428">
        <ele>1296.8</ele>
      </trkpt>
      <trkpt lat="44.1369" lon="6.7443">
        <ele>1296.6</ele>
      </trkpt>
      <trkpt lat="44.13689" lon="6.74432">
        <ele>1295.9</ele>
      </trkpt>
      <trkpt lat="44.13682" lon="6.74448">
        <ele>1291.3</ele>
      </trkpt>
      <trkpt lat="44.1368" lon="6.74456">
        <ele>1289.5</ele>
      </trkpt>
      <trkpt lat="44.13678" lon="6.74472">
        <ele>1286.6</ele>
      </trkpt>
      <trkpt lat="44.13676" lon="6.74485">
        <ele>1284.2</ele>
      </trkpt>
      <trkpt lat="44.13676" lon="6.7449">
        <ele>1283.5</ele>
      </trkpt>
      <trkpt lat="44.13677" lon="6.74501">
        <ele>1282.5</ele>
      </trkpt>
      <trkpt lat="44.13678" lon="6.74505">
        <ele>1282.7</ele>
      </trkpt>
      <trkpt lat="44.1368" lon="6.7451">
        <ele>1283.4</ele>
      </trkpt>
      <trkpt lat="44.13682" lon="6.74511">
        <ele>1284.0</ele>
      </trkpt>
      <trkpt lat="44.13683" lon="6.74512">
        <ele>1284.4</ele>
      </trkpt>
      <trkpt lat="44.13685" lon="6.74512">
        <ele>1285.1</ele>
      </trkpt>
      <trkpt lat="44.13688" lon="6.74514">
        <ele>1286.1</ele>
      </trkpt>
      <trkpt lat="44.13693" lon="6.74517">
        <ele>1287.8</ele>
      </trkpt>
      <trkpt lat="44.13698" lon="6.74518">
        <ele>1289.6</ele>
      </trkpt>
      <trkpt lat="44.137" lon="6.74519">
        <ele>1290.3</ele>
      </trkpt>
      <trkpt lat="44.13707" lon="6.7452">
        <ele>1292.8</ele>
      </trkpt>
      <trkpt lat="44.13712" lon="6.74521">
        <ele>1294.6</ele>
      </trkpt>
      <trkpt lat="44.13716" lon="6.74522">
        <ele>1296.0</ele>
      </trkpt>
      <trkpt lat="44.13718" lon="6.74522">
        <ele>1296.7</ele>
      </trkpt>
      <trkpt lat="44.13724" lon="6.74522">
        <ele>1298.8</ele>
      </trkpt>
      <trkpt lat="44.137279" lon="6.74522">
        <ele>1300.3</ele>
      </trkpt>
      <trkpt lat="44.1373" lon="6.7452">
        <ele>1300.9</ele>
      </trkpt>
      <trkpt lat="44.13731" lon="6.74519">
        <ele>1301.2</ele>
      </trkpt>
      <trkpt lat="44.13732" lon="6.74518">
        <ele>1301.5</ele>
      </trkpt>
      <trkpt lat="44.13733" lon="6.74517">
        <ele>1301.9</ele>
      </trkpt>
      <trkpt lat="44.13733" lon="6.74516">
        <ele>1301.8</ele>
      </trkpt>
      <trkpt lat="44.13733" lon="6.74515">
        <ele>1301.8</ele>
      </trkpt>
      <trkpt lat="44.13733" lon="6.74514">
        <ele>1301.8</ele>
      </trkpt>
      <trkpt lat="44.13733" lon="6.74512">
        <ele>1301.7</ele>
      </trkpt>
      <trkpt lat="44.13732" lon="6.74511">
        <ele>1301.3</ele>
      </trkpt>
      <trkpt lat="44.1373" lon="6.74509">
        <ele>1300.6</ele>
      </trkpt>
      <trkpt lat="44.13729" lon="6.74509">
        <ele>1300.2</ele>
      </trkpt>
      <trkpt lat="44.137279" lon="6.74508">
        <ele>1299.8</ele>
      </trkpt>
      <trkpt lat="44.13717" lon="6.7451">
        <ele>1296.1</ele>
      </trkpt>
      <trkpt lat="44.13714" lon="6.74511">
        <ele>1295.1</ele>
      </trkpt>
      <trkpt lat="44.13708" lon="6.7451">
        <ele>1293.0</ele>
      </trkpt>
      <trkpt lat="44.13703" lon="6.74508">
        <ele>1291.3</ele>
      </trkpt>
      <trkpt lat="44.137" lon="6.74506">
        <ele>1290.2</ele>
      </trkpt>
      <trkpt lat="44.13699" lon="6.74506">
        <ele>1289.9</ele>
      </trkpt>
      <trkpt lat="44.13696" lon="6.74502">
        <ele>1288.9</ele>
      </trkpt>
      <trkpt lat="44.13693" lon="6.74498">
        <ele>1288.1</ele>
      </trkpt>
      <trkpt lat="44.13691" lon="6.74493">
        <ele>1288.2</ele>
      </trkpt>
      <trkpt lat="44.1369" lon="6.74486">
        <ele>1288.8</ele>
      </trkpt>
      <trkpt lat="44.1369" lon="6.74485">
        <ele>1288.9</ele>
      </trkpt>
      <trkpt lat="44.13689" lon="6.7448">
        <ele>1289.3</ele>
      </trkpt>
      <trkpt lat="44.1369" lon="6.74475">
        <ele>1290.3</ele>
      </trkpt>
      <trkpt lat="44.13691" lon="6.74469">
        <ele>1291.5</ele>
      </trkpt>
      <trkpt lat="44.13693" lon="6.74462">
        <ele>1293.2</ele>
      </trkpt>
      <trkpt lat="44.13695" lon="6.74457">
        <ele>1294.6</ele>
      </trkpt>
      <trkpt lat="44.13699" lon="6.74445">
        <ele>1297.6</ele>
      </trkpt>
      <trkpt lat="44.137009" lon="6.7444">
        <ele>1299.1</ele>
      </trkpt>
      <trkpt lat="44.13709" lon="6.74415">
        <ele>1305.3</ele>
      </trkpt>
      <trkpt lat="44.13716" lon="6.74394">
        <ele>1308.3</ele>
      </trkpt>
      <trkpt lat="44.13716" lon="6.74392">
        <ele>1308.3</ele>
      </trkpt>
      <trkpt lat="44.13722" lon="6.74379">
        <ele>1310.0</ele>
      </trkpt>
      <trkpt lat="44.13733" lon="6.74357">
        <ele>1311.7</ele>
      </trkpt>
      <trkpt lat="44.13738" lon="6.74347">
        <ele>1311.9</ele>
      </trkpt>
      <trkpt lat="44.13743" lon="6.74338">
        <ele>1311.8</ele>
      </trkpt>
      <trkpt lat="44.13746" lon="6.74332">
        <ele>1311.8</ele>
      </trkpt>
      <trkpt lat="44.13747" lon="6.7433">
        <ele>1312.0</ele>
      </trkpt>
      <trkpt lat="44.1375" lon="6.74322">
        <ele>1312.7</ele>
      </trkpt>
      <trkpt lat="44.13752" lon="6.7431">
        <ele>1314.5</ele>
      </trkpt>
      <trkpt lat="44.13752" lon="6.74309">
        <ele>1314.6</ele>
      </trkpt>
      <trkpt lat="44.13754" lon="6.74295">
        <ele>1316.5</ele>
      </trkpt>
      <trkpt lat="44.13754" lon="6.74282">
        <ele>1317.3</ele>
      </trkpt>
      <trkpt lat="44.13754" lon="6.74269">
        <ele>1318.1</ele>
      </trkpt>
      <trkpt lat="44.13753" lon="6.74259">
        <ele>1318.1</ele>
      </trkpt>
      <trkpt lat="44.13752" lon="6.74257">
        <ele>1317.7</ele>
      </trkpt>
      <trkpt lat="44.1375" lon="6.74239">
        <ele>1317.0</ele>
      </trkpt>
      <trkpt lat="44.13747" lon="6.74226">
        <ele>1317.5</ele>
      </trkpt>
      <trkpt lat="44.13747" lon="6.74217">
        <ele>1317.5</ele>
      </trkpt>
      <trkpt lat="44.13747" lon="6.7421">
        <ele>1317.5</ele>
      </trkpt>
      <trkpt lat="44.137479" lon="6.74204">
        <ele>1317.4</ele>
      </trkpt>
      <trkpt lat="44.13751" lon="6.74191">
        <ele>1317.6</ele>
      </trkpt>
      <trkpt lat="44.13752" lon="6.74186">
        <ele>1318.2</ele>
      </trkpt>
      <trkpt lat="44.13756" lon="6.74172">
        <ele>1320.6</ele>
      </trkpt>
      <trkpt lat="44.13759" lon="6.74162">
        <ele>1322.8</ele>
      </trkpt>
      <trkpt lat="44.13762" lon="6.74151">
        <ele>1325.4</ele>
      </trkpt>
      <trkpt lat="44.13765" lon="6.74139">
        <ele>1328.0</ele>
      </trkpt>
      <trkpt lat="44.13768" lon="6.74127">
        <ele>1330.6</ele>
      </trkpt>
      <trkpt lat="44.1377" lon="6.74115">
        <ele>1332.6</ele>
      </trkpt>
      <trkpt lat="44.1377" lon="6.74114">
        <ele>1332.7</ele>
      </trkpt>
      <trkpt lat="44.13771" lon="6.74096">
        <ele>1334.5</ele>
      </trkpt>
      <trkpt lat="44.13772" lon="6.7409">
        <ele>1335.4</ele>
      </trkpt>
      <trkpt lat="44.13772" lon="6.74083">
        <ele>1335.9</ele>
      </trkpt>
      <trkpt lat="44.13772" lon="6.74071">
        <ele>1336.4</ele>
      </trkpt>
      <trkpt lat="44.13771" lon="6.74065">
        <ele>1336.2</ele>
      </trkpt>
      <trkpt lat="44.13771" lon="6.74063">
        <ele>1336.3</ele>
      </trkpt>
      <trkpt lat="44.1377" lon="6.74051">
        <ele>1336.3</ele>
      </trkpt>
      <trkpt lat="44.13767" lon="6.7404">
        <ele>1335.4</ele>
      </trkpt>
      <trkpt lat="44.13764" lon="6.7403">
        <ele>1334.4</ele>
      </trkpt>
      <trkpt lat="44.1376" lon="6.74018">
        <ele>1333.3</ele>
      </trkpt>
      <trkpt lat="44.13759" lon="6.74018">
        <ele>1332.8</ele>
      </trkpt>
      <trkpt lat="44.13753" lon="6.74005">
        <ele>1331.0</ele>
      </trkpt>
      <trkpt lat="44.13751" lon="6.73999">
        <ele>1330.6</ele>
      </trkpt>
      <trkpt lat="44.1375" lon="6.73996">
        <ele>1330.6</ele>
      </trkpt>
      <trkpt lat="44.13749" lon="6.73992">
        <ele>1331.4</ele>
      </trkpt>
      <trkpt lat="44.137479" lon="6.73988">
        <ele>1332.1</ele>
      </trkpt>
      <trkpt lat="44.137479" lon="6.73984">
        <ele>1332.8</ele>
      </trkpt>
      <trkpt lat="44.137479" lon="6.7398">
        <ele>1333.4</ele>
      </trkpt>
      <trkpt lat="44.137479" lon="6.73978">
        <ele>1333.7</ele>
      </trkpt>
      <trkpt lat="44.1375" lon="6.73973">
        <ele>1334.2</ele>
      </trkpt>
      <trkpt lat="44.1375" lon="6.73972">
        <ele>1334.4</ele>
      </trkpt>
      <trkpt lat="44.13751" lon="6.73971">
        <ele>1334.9</ele>
      </trkpt>
      <trkpt lat="44.13752" lon="6.73968">
        <ele>1335.7</ele>
      </trkpt>
      <trkpt lat="44.13754" lon="6.73966">
        <ele>1336.7</ele>
      </trkpt>
      <trkpt lat="44.13756" lon="6.73964">
        <ele>1337.7</ele>
      </trkpt>
      <trkpt lat="44.1376" lon="6.73962">
        <ele>1339.3</ele>
      </trkpt>
      <trkpt lat="44.13765" lon="6.73959">
        <ele>1341.3</ele>
      </trkpt>
      <trkpt lat="44.1377" lon="6.73962">
        <ele>1342.6</ele>
      </trkpt>
      <trkpt lat="44.13772" lon="6.73963">
        <ele>1343.2</ele>
      </trkpt>
      <trkpt lat="44.13774" lon="6.73966">
        <ele>1343.6</ele>
      </trkpt>
      <trkpt lat="44.13777" lon="6.73971">
        <ele>1344.2</ele>
      </trkpt>
      <trkpt lat="44.13779" lon="6.73974">
        <ele>1344.6</ele>
      </trkpt>
      <trkpt lat="44.13782" lon="6.73983">
        <ele>1345.1</ele>
      </trkpt>
      <trkpt lat="44.13785" lon="6.73993">
        <ele>1345.6</ele>
      </trkpt>
      <trkpt lat="44.13786" lon="6.73997">
        <ele>1345.7</ele>
      </trkpt>
      <trkpt lat="44.13788" lon="6.74003">
        <ele>1346.4</ele>
      </trkpt>
      <trkpt lat="44.13791" lon="6.74015">
        <ele>1347.4</ele>
      </trkpt>
      <trkpt lat="44.13792" lon="6.7402">
        <ele>1347.8</ele>
      </trkpt>
      <trkpt lat="44.13793" lon="6.74026">
        <ele>1348.2</ele>
      </trkpt>
      <trkpt lat="44.13793" lon="6.74033">
        <ele>1348.0</ele>
      </trkpt>
      <trkpt lat="44.13793" lon="6.7404">
        <ele>1347.9</ele>
      </trkpt>
      <trkpt lat="44.13792" lon="6.74045">
        <ele>1347.4</ele>
      </trkpt>
      <trkpt lat="44.13792" lon="6.74046">
        <ele>1347.3</ele>
      </trkpt>
      <trkpt lat="44.13792" lon="6.74053">
        <ele>1347.2</ele>
      </trkpt>
      <trkpt lat="44.1379" lon="6.74059">
        <ele>1346.1</ele>
      </trkpt>
      <trkpt lat="44.1379" lon="6.74065">
        <ele>1346.0</ele>
      </trkpt>
      <trkpt lat="44.13789" lon="6.7407">
        <ele>1345.4</ele>
      </trkpt>
      <trkpt lat="44.13788" lon="6.74079">
        <ele>1344.6</ele>
      </trkpt>
      <trkpt lat="44.13788" lon="6.74086">
        <ele>1344.4</ele>
      </trkpt>
      <trkpt lat="44.13788" lon="6.74095">
        <ele>1343.9</ele>
      </trkpt>
      <trkpt lat="44.13788" lon="6.74097">
        <ele>1343.8</ele>
      </trkpt>
      <trkpt lat="44.13788" lon="6.74105">
        <ele>1343.3</ele>
      </trkpt>
      <trkpt lat="44.1379" lon="6.74117">
        <ele>1343.8</ele>
      </trkpt>
      <trkpt lat="44.1379" lon="6.7412">
        <ele>1343.6</ele>
      </trkpt>
      <trkpt lat="44.13791" lon="6.74129">
        <ele>1343.7</ele>
      </trkpt>
      <trkpt lat="44.13793" lon="6.74144">
        <ele>1344.0</ele>
      </trkpt>
      <trkpt lat="44.13793" lon="6.74145">
        <ele>1344.0</ele>
      </trkpt>
      <trkpt lat="44.137949" lon="6.74159">
        <ele>1344.4</ele>
      </trkpt>
      <trkpt lat="44.13797" lon="6.74169">
        <ele>1345.1</ele>
      </trkpt>
      <trkpt lat="44.13798" lon="6.74175">
        <ele>1345.6</ele>
      </trkpt>
      <trkpt lat="44.138" lon="6.74182">
        <ele>1346.6</ele>
      </trkpt>
      <trkpt lat="44.13801" lon="6.7419">
        <ele>1346.9</ele>
      </trkpt>
      <trkpt lat="44.13801" lon="6.74193">
        <ele>1346.8</ele>
      </trkpt>
      <trkpt lat="44.13803" lon="6.74205">
        <ele>1347.6</ele>
      </trkpt>
      <trkpt lat="44.13805" lon="6.74218">
        <ele>1348.4</ele>
      </trkpt>
      <trkpt lat="44.13807" lon="6.74229">
        <ele>1349.2</ele>
      </trkpt>
      <trkpt lat="44.13809" lon="6.74242">
        <ele>1349.8</ele>
      </trkpt>
      <trkpt lat="44.1381" lon="6.74253">
        <ele>1349.9</ele>
      </trkpt>
      <trkpt lat="44.138129" lon="6.74267">
        <ele>1350.6</ele>
      </trkpt>
      <trkpt lat="44.138129" lon="6.74269">
        <ele>1350.5</ele>
      </trkpt>
      <trkpt lat="44.13815" lon="6.74278">
        <ele>1350.9</ele>
      </trkpt>
      <trkpt lat="44.13817" lon="6.74291">
        <ele>1351.1</ele>
      </trkpt>
      <trkpt lat="44.13818" lon="6.74293">
        <ele>1351.5</ele>
      </trkpt>
      <trkpt lat="44.1382" lon="6.74309">
        <ele>1351.5</ele>
      </trkpt>
      <trkpt lat="44.138219" lon="6.74315">
        <ele>1352.2</ele>
      </trkpt>
      <trkpt lat="44.13824" lon="6.74324">
        <ele>1352.6</ele>
      </trkpt>
      <trkpt lat="44.13827" lon="6.74331">
        <ele>1353.8</ele>
      </trkpt>
      <trkpt lat="44.13831" lon="6.74337">
        <ele>1354.9</ele>
      </trkpt>
      <trkpt lat="44.13834" lon="6.74342">
        <ele>1355.2</ele>
      </trkpt>
      <trkpt lat="44.13838" lon="6.74347">
        <ele>1355.2</ele>
      </trkpt>
      <trkpt lat="44.13843" lon="6.74351">
        <ele>1355.7</ele>
      </trkpt>
      <trkpt lat="44.13845" lon="6.74352">
        <ele>1356.0</ele>
      </trkpt>
      <trkpt lat="44.13848" lon="6.74355">
        <ele>1356.0</ele>
      </trkpt>
      <trkpt lat="44.13858" lon="6.74361">
        <ele>1357.1</ele>
      </trkpt>
      <trkpt lat="44.138689" lon="6.74363">
        <ele>1359.4</ele>
      </trkpt>
      <trkpt lat="44.13875" lon="6.74364">
        <ele>1360.6</ele>
      </trkpt>
      <trkpt lat="44.13879" lon="6.74363">
        <ele>1361.9</ele>
      </trkpt>
      <trkpt lat="44.13881" lon="6.74363">
        <ele>1362.5</ele>
      </trkpt>
      <trkpt lat="44.13891" lon="6.74361">
        <ele>1365.7</ele>
      </trkpt>
      <trkpt lat="44.13896" lon="6.74359">
        <ele>1367.7</ele>
      </trkpt>
      <trkpt lat="44.13897" lon="6.74359">
        <ele>1368.0</ele>
      </trkpt>
      <trkpt lat="44.13901" lon="6.74359">
        <ele>1369.0</ele>
      </trkpt>
      <trkpt lat="44.139069" lon="6.74358">
        <ele>1371.0</ele>
      </trkpt>
      <trkpt lat="44.13913" lon="6.74358">
        <ele>1372.6</ele>
      </trkpt>
      <trkpt lat="44.13915" lon="6.74358">
        <ele>1373.1</ele>
      </trkpt>
      <trkpt lat="44.13919" lon="6.74358">
        <ele>1374.2</ele>
      </trkpt>
      <trkpt lat="44.13924" lon="6.74358">
        <ele>1375.7</ele>
      </trkpt>
      <trkpt lat="44.1393" lon="6.74358">
        <ele>1377.5</ele>
      </trkpt>
      <trkpt lat="44.13935" lon="6.74359">
        <ele>1378.6</ele>
      </trkpt>
      <trkpt lat="44.13941" lon="6.74361">
        <ele>1379.7</ele>
      </trkpt>
      <trkpt lat="44.13947" lon="6.74364">
        <ele>1380.3</ele>
      </trkpt>
      <trkpt lat="44.13956" lon="6.7437">
        <ele>1380.7</ele>
      </trkpt>
      <trkpt lat="44.13961" lon="6.74374">
        <ele>1380.7</ele>
      </trkpt>
      <trkpt lat="44.13966" lon="6.74378">
        <ele>1380.7</ele>
      </trkpt>
      <trkpt lat="44.13971" lon="6.74381">
        <ele>1381.0</ele>
      </trkpt>
      <trkpt lat="44.13976" lon="6.74384">
        <ele>1381.3</ele>
      </trkpt>
      <trkpt lat="44.13981" lon="6.74389">
        <ele>1380.9</ele>
      </trkpt>
      <trkpt lat="44.13986" lon="6.74393">
        <ele>1380.9</ele>
      </trkpt>
      <trkpt lat="44.13993" lon="6.74405">
        <ele>1378.4</ele>
      </trkpt>
      <trkpt lat="44.13994" lon="6.74407">
        <ele>1377.9</ele>
      </trkpt>
      <trkpt lat="44.13995" lon="6.74411">
        <ele>1376.7</ele>
      </trkpt>
      <trkpt lat="44.13999" lon="6.74419">
        <ele>1375.5</ele>
      </trkpt>
      <trkpt lat="44.14005" lon="6.74431">
        <ele>1376.3</ele>
      </trkpt>
      <trkpt lat="44.14016" lon="6.74447">
        <ele>1377.7</ele>
      </trkpt>
      <trkpt lat="44.14018" lon="6.74449">
        <ele>1378.0</ele>
      </trkpt>
      <trkpt lat="44.14027" lon="6.74454">
        <ele>1379.8</ele>
      </trkpt>
      <trkpt lat="44.14034" lon="6.74458">
        <ele>1381.0</ele>
      </trkpt>
      <trkpt lat="44.14044" lon="6.74462">
        <ele>1382.9</ele>
      </trkpt>
      <trkpt lat="44.14052" lon="6.74464">
        <ele>1384.5</ele>
      </trkpt>
      <trkpt lat="44.14055" lon="6.74466">
        <ele>1384.8</ele>
      </trkpt>
      <trkpt lat="44.14067" lon="6.74469">
        <ele>1387.0</ele>
      </trkpt>
      <trkpt lat="44.14069" lon="6.7447">
        <ele>1387.2</ele>
      </trkpt>
      <trkpt lat="44.14079" lon="6.74473">
        <ele>1388.8</ele>
      </trkpt>
      <trkpt lat="44.14087" lon="6.74476">
        <ele>1389.6</ele>
      </trkpt>
      <trkpt lat="44.14097" lon="6.74479">
        <ele>1390.5</ele>
      </trkpt>
      <trkpt lat="44.14116" lon="6.74485">
        <ele>1392.0</ele>
      </trkpt>
      <trkpt lat="44.14121" lon="6.74487">
        <ele>1392.2</ele>
      </trkpt>
      <trkpt lat="44.141219" lon="6.74487">
        <ele>1392.4</ele>
      </trkpt>
      <trkpt lat="44.14134" lon="6.7449">
        <ele>1393.4</ele>
      </trkpt>
      <trkpt lat="44.14139" lon="6.74491">
        <ele>1393.9</ele>
      </trkpt>
      <trkpt lat="44.14145" lon="6.74493">
        <ele>1394.1</ele>
      </trkpt>
      <trkpt lat="44.141509" lon="6.74494">
        <ele>1394.8</ele>
      </trkpt>
      <trkpt lat="44.14156" lon="6.74496">
        <ele>1394.8</ele>
      </trkpt>
      <trkpt lat="44.14157" lon="6.74497">
        <ele>1394.6</ele>
      </trkpt>
      <trkpt lat="44.14161" lon="6.74498">
        <ele>1394.9</ele>
      </trkpt>
      <trkpt lat="44.14165" lon="6.74502">
        <ele>1394.8</ele>
      </trkpt>
      <trkpt lat="44.14172" lon="6.7451">
        <ele>1396.4</ele>
      </trkpt>
      <trkpt lat="44.14173" lon="6.74511">
        <ele>1396.7</ele>
      </trkpt>
      <trkpt lat="44.14176" lon="6.74518">
        <ele>1397.4</ele>
      </trkpt>
      <trkpt lat="44.14181" lon="6.7453">
        <ele>1398.6</ele>
      </trkpt>
      <trkpt lat="44.14182" lon="6.74531">
        <ele>1398.8</ele>
      </trkpt>
      <trkpt lat="44.14184" lon="6.74536">
        <ele>1399.2</ele>
      </trkpt>
      <trkpt lat="44.14187" lon="6.74541">
        <ele>1399.8</ele>
      </trkpt>
      <trkpt lat="44.14191" lon="6.74546">
        <ele>1400.5</ele>
      </trkpt>
      <trkpt lat="44.14194" lon="6.74549">
        <ele>1400.9</ele>
      </trkpt>
      <trkpt lat="44.14195" lon="6.7455">
        <ele>1401.1</ele>
      </trkpt>
      <trkpt lat="44.142" lon="6.74553">
        <ele>1401.8</ele>
      </trkpt>
      <trkpt lat="44.14205" lon="6.74556">
        <ele>1402.5</ele>
      </trkpt>
      <trkpt lat="44.1421" lon="6.74557">
        <ele>1403.2</ele>
      </trkpt>
      <trkpt lat="44.14211" lon="6.74558">
        <ele>1403.3</ele>
      </trkpt>
      <trkpt lat="44.14214" lon="6.74558">
        <ele>1403.8</ele>
      </trkpt>
      <trkpt lat="44.14219" lon="6.74559">
        <ele>1404.4</ele>
      </trkpt>
      <trkpt lat="44.14225" lon="6.74559">
        <ele>1405.3</ele>
      </trkpt>
      <trkpt lat="44.14229" lon="6.74559">
        <ele>1405.8</ele>
      </trkpt>
      <trkpt lat="44.1423" lon="6.74559">
        <ele>1406.0</ele>
      </trkpt>
      <trkpt lat="44.14235" lon="6.7456">
        <ele>1406.6</ele>
      </trkpt>
      <trkpt lat="44.14241" lon="6.7456">
        <ele>1407.4</ele>
      </trkpt>
      <trkpt lat="44.14247" lon="6.74561">
        <ele>1408.2</ele>
      </trkpt>
      <trkpt lat="44.142629" lon="6.74562">
        <ele>1410.3</ele>
      </trkpt>
      <trkpt lat="44.14265" lon="6.74562">
        <ele>1410.5</ele>
      </trkpt>
      <trkpt lat="44.14274" lon="6.74562">
        <ele>1411.7</ele>
      </trkpt>
      <trkpt lat="44.14279" lon="6.74563">
        <ele>1412.3</ele>
      </trkpt>
      <trkpt lat="44.142829" lon="6.74562">
        <ele>1412.9</ele>
      </trkpt>
      <trkpt lat="44.14297" lon="6.7456">
        <ele>1415.0</ele>
      </trkpt>
      <trkpt lat="44.143009" lon="6.74559">
        <ele>1415.7</ele>
      </trkpt>
      <trkpt lat="44.14306" lon="6.7456">
        <ele>1416.2</ele>
      </trkpt>
      <trkpt lat="44.14307" lon="6.74561">
        <ele>1416.2</ele>
      </trkpt>
      <trkpt lat="44.14308" lon="6.74561">
        <ele>1416.4</ele>
      </trkpt>
      <trkpt lat="44.14308" lon="6.74562">
        <ele>1416.2</ele>
      </trkpt>
      <trkpt lat="44.14309" lon="6.74564">
        <ele>1416.1</ele>
      </trkpt>
      <trkpt lat="44.14309" lon="6.74566">
        <ele>1415.8</ele>
      </trkpt>
      <trkpt lat="44.14309" lon="6.74568">
        <ele>1415.5</ele>
      </trkpt>
      <trkpt lat="44.14308" lon="6.74569">
        <ele>1415.3</ele>
      </trkpt>
      <trkpt lat="44.14307" lon="6.74571">
        <ele>1414.9</ele>
      </trkpt>
      <trkpt lat="44.14306" lon="6.74573">
        <ele>1414.5</ele>
      </trkpt>
      <trkpt lat="44.14306" lon="6.74574">
        <ele>1414.3</ele>
      </trkpt>
      <trkpt lat="44.14305" lon="6.74574">
        <ele>1414.2</ele>
      </trkpt>
      <trkpt lat="44.143" lon="6.74578">
        <ele>1413.1</ele>
      </trkpt>
      <trkpt lat="44.14271" lon="6.74589">
        <ele>1410.5</ele>
      </trkpt>
      <trkpt lat="44.14267" lon="6.74591">
        <ele>1410.5</ele>
      </trkpt>
      <trkpt lat="44.142539" lon="6.74596">
        <ele>1410.2</ele>
      </trkpt>
      <trkpt lat="44.14237" lon="6.74604">
        <ele>1410.2</ele>
      </trkpt>
      <trkpt lat="44.1422" lon="6.74611">
        <ele>1410.1</ele>
      </trkpt>
      <trkpt lat="44.14203" lon="6.74618">
        <ele>1410.1</ele>
      </trkpt>
      <trkpt lat="44.14185" lon="6.74626">
        <ele>1410.4</ele>
      </trkpt>
      <trkpt lat="44.14168" lon="6.74633">
        <ele>1410.6</ele>
      </trkpt>
      <trkpt lat="44.141509" lon="6.74641">
        <ele>1411.2</ele>
      </trkpt>
      <trkpt lat="44.14143" lon="6.74644">
        <ele>1411.4</ele>
      </trkpt>
      <trkpt lat="44.14134" lon="6.74649">
        <ele>1412.1</ele>
      </trkpt>
      <trkpt lat="44.14127" lon="6.74653">
        <ele>1412.7</ele>
      </trkpt>
      <trkpt lat="44.14118" lon="6.7466">
        <ele>1414.1</ele>
      </trkpt>
      <trkpt lat="44.14111" lon="6.74664">
        <ele>1414.9</ele>
      </trkpt>
      <trkpt lat="44.14102" lon="6.74672">
        <ele>1417.0</ele>
      </trkpt>
      <trkpt lat="44.14093" lon="6.74681">
        <ele>1419.7</ele>
      </trkpt>
      <trkpt lat="44.14087" lon="6.74686">
        <ele>1421.1</ele>
      </trkpt>
      <trkpt lat="44.14082" lon="6.74689">
        <ele>1422.1</ele>
      </trkpt>
      <trkpt lat="44.1407" lon="6.74697">
        <ele>1425.0</ele>
      </trkpt>
      <trkpt lat="44.140569" lon="6.74702">
        <ele>1426.9</ele>
      </trkpt>
      <trkpt lat="44.14053" lon="6.74703">
        <ele>1427.3</ele>
      </trkpt>
      <trkpt lat="44.14036" lon="6.74708">
        <ele>1429.2</ele>
      </trkpt>
      <trkpt lat="44.14018" lon="6.74713">
        <ele>1431.0</ele>
      </trkpt>
      <trkpt lat="44.14" lon="6.74718">
        <ele>1432.9</ele>
      </trkpt>
      <trkpt lat="44.13987" lon="6.74721">
        <ele>1433.2</ele>
      </trkpt>
      <trkpt lat="44.13983" lon="6.74722">
        <ele>1433.3</ele>
      </trkpt>
      <trkpt lat="44.13971" lon="6.74724">
        <ele>1433.3</ele>
      </trkpt>
      <trkpt lat="44.13961" lon="6.74725">
        <ele>1433.2</ele>
      </trkpt>
      <trkpt lat="44.13947" lon="6.74724">
        <ele>1432.0</ele>
      </trkpt>
      <trkpt lat="44.13946" lon="6.74724">
        <ele>1432.0</ele>
      </trkpt>
      <trkpt lat="44.13942" lon="6.74724">
        <ele>1431.7</ele>
      </trkpt>
      <trkpt lat="44.1394" lon="6.74726">
        <ele>1432.4</ele>
      </trkpt>
      <trkpt lat="44.13938" lon="6.74727">
        <ele>1432.6</ele>
      </trkpt>
      <trkpt lat="44.13937" lon="6.74729">
        <ele>1433.3</ele>
      </trkpt>
      <trkpt lat="44.13935" lon="6.74731">
        <ele>1433.9</ele>
      </trkpt>
      <trkpt lat="44.13935" lon="6.74732">
        <ele>1434.3</ele>
      </trkpt>
      <trkpt lat="44.13935" lon="6.74734">
        <ele>1435.0</ele>
      </trkpt>
      <trkpt lat="44.13935" lon="6.74736">
        <ele>1435.7</ele>
      </trkpt>
      <trkpt lat="44.13935" lon="6.74737">
        <ele>1436.1</ele>
      </trkpt>
      <trkpt lat="44.13935" lon="6.74738">
        <ele>1436.5</ele>
      </trkpt>
      <trkpt lat="44.13935" lon="6.7474">
        <ele>1437.2</ele>
      </trkpt>
      <trkpt lat="44.13936" lon="6.74741">
        <ele>1437.6</ele>
      </trkpt>
      <trkpt lat="44.13937" lon="6.74742">
        <ele>1438.1</ele>
      </trkpt>
      <trkpt lat="44.13938" lon="6.74744">
        <ele>1438.8</ele>
      </trkpt>
      <trkpt lat="44.13939" lon="6.74745">
        <ele>1439.2</ele>
      </trkpt>
      <trkpt lat="44.13941" lon="6.74745">
        <ele>1439.3</ele>
      </trkpt>
      <trkpt lat="44.13944" lon="6.74745">
        <ele>1439.5</ele>
      </trkpt>
      <trkpt lat="44.1395" lon="6.74744">
        <ele>1439.4</ele>
      </trkpt>
      <trkpt lat="44.13951" lon="6.74744">
        <ele>1439.5</ele>
      </trkpt>
      <trkpt lat="44.13958" lon="6.74741">
        <ele>1438.7</ele>
      </trkpt>
      <trkpt lat="44.13967" lon="6.74739">
        <ele>1438.5</ele>
      </trkpt>
      <trkpt lat="44.13968" lon="6.74738">
        <ele>1438.2</ele>
      </trkpt>
      <trkpt lat="44.13986" lon="6.74736">
        <ele>1438.4</ele>
      </trkpt>
      <trkpt lat="44.13987" lon="6.74736">
        <ele>1438.5</ele>
      </trkpt>
      <trkpt lat="44.14004" lon="6.74737">
        <ele>1439.5</ele>
      </trkpt>
      <trkpt lat="44.14021" lon="6.74738">
        <ele>1439.8</ele>
      </trkpt>
      <trkpt lat="44.140389" lon="6.74739">
        <ele>1440.1</ele>
      </trkpt>
      <trkpt lat="44.14054" lon="6.74741">
        <ele>1440.8</ele>
      </trkpt>
      <trkpt lat="44.14065" lon="6.74742">
        <ele>1441.1</ele>
      </trkpt>
      <trkpt lat="44.14075" lon="6.74741">
        <ele>1440.8</ele>
      </trkpt>
      <trkpt lat="44.14078" lon="6.74741">
        <ele>1440.8</ele>
      </trkpt>
      <trkpt lat="44.14093" lon="6.74736">
        <ele>1439.2</ele>
      </trkpt>
      <trkpt lat="44.14097" lon="6.74735">
        <ele>1438.9</ele>
      </trkpt>
      <trkpt lat="44.14111" lon="6.74733">
        <ele>1438.5</ele>
      </trkpt>
      <trkpt lat="44.14128" lon="6.74737">
        <ele>1440.2</ele>
      </trkpt>
      <trkpt lat="44.14136" lon="6.74738">
        <ele>1440.7</ele>
      </trkpt>
      <trkpt lat="44.14145" lon="6.74744">
        <ele>1442.8</ele>
      </trkpt>
      <trkpt lat="44.14149" lon="6.74746">
        <ele>1443.5</ele>
      </trkpt>
      <trkpt lat="44.14162" lon="6.74754">
        <ele>1445.5</ele>
      </trkpt>
      <trkpt lat="44.14178" lon="6.74764">
        <ele>1447.5</ele>
      </trkpt>
      <trkpt lat="44.14182" lon="6.74766">
        <ele>1448.0</ele>
      </trkpt>
      <trkpt lat="44.14201" lon="6.74777">
        <ele>1450.0</ele>
      </trkpt>
      <trkpt lat="44.1421" lon="6.74781">
        <ele>1450.7</ele>
      </trkpt>
      <trkpt lat="44.1422" lon="6.74781">
        <ele>1451.0</ele>
      </trkpt>
      <trkpt lat="44.14223" lon="6.74781">
        <ele>1451.1</ele>
      </trkpt>
      <trkpt lat="44.14224" lon="6.74782">
        <ele>1451.2</ele>
      </trkpt>
      <trkpt lat="44.14226" lon="6.74782">
        <ele>1451.3</ele>
      </trkpt>
      <trkpt lat="44.14227" lon="6.74784">
        <ele>1451.4</ele>
      </trkpt>
      <trkpt lat="44.14228" lon="6.74784">
        <ele>1451.5</ele>
      </trkpt>
      <trkpt lat="44.14229" lon="6.74786">
        <ele>1451.7</ele>
      </trkpt>
      <trkpt lat="44.14247" lon="6.74781">
        <ele>1451.8</ele>
      </trkpt>
      <trkpt lat="44.14252" lon="6.74779">
        <ele>1451.8</ele>
      </trkpt>
      <trkpt lat="44.14264" lon="6.74775">
        <ele>1451.9</ele>
      </trkpt>
      <trkpt lat="44.14269" lon="6.74773">
        <ele>1452.0</ele>
      </trkpt>
      <trkpt lat="44.14278" lon="6.7477">
        <ele>1452.3</ele>
      </trkpt>
      <trkpt lat="44.14304" lon="6.74766">
        <ele>1453.5</ele>
      </trkpt>
      <trkpt lat="44.1432" lon="6.74766">
        <ele>1454.3</ele>
      </trkpt>
      <trkpt lat="44.14328" lon="6.74766">
        <ele>1454.6</ele>
      </trkpt>
      <trkpt lat="44.1434" lon="6.74767">
        <ele>1455.2</ele>
      </trkpt>
      <trkpt lat="44.143479" lon="6.74768">
        <ele>1455.5</ele>
      </trkpt>
      <trkpt lat="44.14358" lon="6.74766">
        <ele>1456.5</ele>
      </trkpt>
      <trkpt lat="44.14362" lon="6.74766">
        <ele>1456.7</ele>
      </trkpt>
      <trkpt lat="44.14377" lon="6.74762">
        <ele>1458.7</ele>
      </trkpt>
      <trkpt lat="44.14393" lon="6.74755">
        <ele>1462.0</ele>
      </trkpt>
      <trkpt lat="44.14397" lon="6.74754">
        <ele>1462.7</ele>
      </trkpt>
      <trkpt lat="44.14406" lon="6.74748">
        <ele>1464.6</ele>
      </trkpt>
      <trkpt lat="44.1441" lon="6.74746">
        <ele>1464.7</ele>
      </trkpt>
      <trkpt lat="44.14417" lon="6.74741">
        <ele>1464.9</ele>
      </trkpt>
      <trkpt lat="44.14423" lon="6.74735">
        <ele>1465.0</ele>
      </trkpt>
      <trkpt lat="44.14425" lon="6.74733">
        <ele>1465.0</ele>
      </trkpt>
      <trkpt lat="44.14429" lon="6.74728">
        <ele>1465.1</ele>
      </trkpt>
      <trkpt lat="44.1444" lon="6.74719">
        <ele>1465.9</ele>
      </trkpt>
      <trkpt lat="44.14446" lon="6.74714">
        <ele>1466.5</ele>
      </trkpt>
      <trkpt lat="44.14454" lon="6.74707">
        <ele>1467.3</ele>
      </trkpt>
      <trkpt lat="44.14455" lon="6.74705">
        <ele>1467.4</ele>
      </trkpt>
      <trkpt lat="44.144599" lon="6.74701">
        <ele>1468.0</ele>
      </trkpt>
      <trkpt lat="44.1447" lon="6.74692">
        <ele>1469.4</ele>
      </trkpt>
      <trkpt lat="44.14476" lon="6.74684">
        <ele>1470.2</ele>
      </trkpt>
      <trkpt lat="44.14484" lon="6.74676">
        <ele>1471.6</ele>
      </trkpt>
      <trkpt lat="44.14487" lon="6.74673">
        <ele>1472.1</ele>
      </trkpt>
      <trkpt lat="44.14505" lon="6.74663">
        <ele>1475.3</ele>
      </trkpt>
      <trkpt lat="44.14511" lon="6.7466">
        <ele>1475.9</ele>
      </trkpt>
      <trkpt lat="44.14517" lon="6.74656">
        <ele>1476.3</ele>
      </trkpt>
      <trkpt lat="44.14521" lon="6.74653">
        <ele>1476.5</ele>
      </trkpt>
      <trkpt lat="44.14529" lon="6.74646">
        <ele>1476.6</ele>
      </trkpt>
      <trkpt lat="44.14533" lon="6.74644">
        <ele>1477.0</ele>
      </trkpt>
      <trkpt lat="44.14537" lon="6.74643">
        <ele>1477.6</ele>
      </trkpt>
      <trkpt lat="44.14539" lon="6.74642">
        <ele>1477.8</ele>
      </trkpt>
      <trkpt lat="44.1454" lon="6.74643">
        <ele>1478.3</ele>
      </trkpt>
      <trkpt lat="44.14541" lon="6.74644">
        <ele>1478.7</ele>
      </trkpt>
      <trkpt lat="44.14543" lon="6.74646">
        <ele>1479.6</ele>
      </trkpt>
      <trkpt lat="44.14544" lon="6.74649">
        <ele>1480.5</ele>
      </trkpt>
      <trkpt lat="44.145449" lon="6.7465">
        <ele>1480.9</ele>
      </trkpt>
      <trkpt lat="44.14546" lon="6.74653">
        <ele>1481.8</ele>
      </trkpt>
      <trkpt lat="44.14546" lon="6.74655">
        <ele>1482.3</ele>
      </trkpt>
      <trkpt lat="44.14546" lon="6.74657">
        <ele>1482.7</ele>
      </trkpt>
      <trkpt lat="44.145449" lon="6.74659">
        <ele>1483.0</ele>
      </trkpt>
      <trkpt lat="44.14544" lon="6.74661">
        <ele>1483.2</ele>
      </trkpt>
      <trkpt lat="44.14542" lon="6.74665">
        <ele>1483.7</ele>
      </trkpt>
      <trkpt lat="44.14539" lon="6.74668">
        <ele>1483.4</ele>
      </trkpt>
      <trkpt lat="44.14535" lon="6.74671">
        <ele>1482.4</ele>
      </trkpt>
      <trkpt lat="44.14532" lon="6.74673">
        <ele>1481.7</ele>
      </trkpt>
      <trkpt lat="44.14523" lon="6.74678">
        <ele>1479.7</ele>
      </trkpt>
      <trkpt lat="44.14513" lon="6.74684">
        <ele>1477.8</ele>
      </trkpt>
      <trkpt lat="44.14504" lon="6.7469">
        <ele>1476.2</ele>
      </trkpt>
      <trkpt lat="44.14491" lon="6.74699">
        <ele>1474.0</ele>
      </trkpt>
      <trkpt lat="44.144889" lon="6.747">
        <ele>1473.6</ele>
      </trkpt>
      <trkpt lat="44.14488" lon="6.74702">
        <ele>1473.5</ele>
      </trkpt>
      <trkpt lat="44.14487" lon="6.74703">
        <ele>1473.4</ele>
      </trkpt>
      <trkpt lat="44.14486" lon="6.74705">
        <ele>1473.3</ele>
      </trkpt>
      <trkpt lat="44.14485" lon="6.74708">
        <ele>1473.2</ele>
      </trkpt>
      <trkpt lat="44.14485" lon="6.7471">
        <ele>1473.3</ele>
      </trkpt>
      <trkpt lat="44.14485" lon="6.74712">
        <ele>1473.4</ele>
      </trkpt>
      <trkpt lat="44.14485" lon="6.74713">
        <ele>1473.4</ele>
      </trkpt>
      <trkpt lat="44.14485" lon="6.74714">
        <ele>1473.5</ele>
      </trkpt>
      <trkpt lat="44.14486" lon="6.74717">
        <ele>1473.8</ele>
      </trkpt>
      <trkpt lat="44.14487" lon="6.74718">
        <ele>1474.0</ele>
      </trkpt>
      <trkpt lat="44.14488" lon="6.74719">
        <ele>1474.2</ele>
      </trkpt>
      <trkpt lat="44.144889" lon="6.7472">
        <ele>1474.4</ele>
      </trkpt>
      <trkpt lat="44.1449" lon="6.74721">
        <ele>1474.6</ele>
      </trkpt>
      <trkpt lat="44.14493" lon="6.74721">
        <ele>1475.1</ele>
      </trkpt>
      <trkpt lat="44.14494" lon="6.74721">
        <ele>1475.3</ele>
      </trkpt>
      <trkpt lat="44.14496" lon="6.7472">
        <ele>1475.6</ele>
      </trkpt>
      <trkpt lat="44.145" lon="6.74718">
        <ele>1476.2</ele>
      </trkpt>
      <trkpt lat="44.14504" lon="6.74716">
        <ele>1476.7</ele>
      </trkpt>
      <trkpt lat="44.14508" lon="6.74714">
        <ele>1477.1</ele>
      </trkpt>
      <trkpt lat="44.14511" lon="6.74712">
        <ele>1477.5</ele>
      </trkpt>
      <trkpt lat="44.14512" lon="6.74711">
        <ele>1477.6</ele>
      </trkpt>
      <trkpt lat="44.14517" lon="6.74709">
        <ele>1478.2</ele>
      </trkpt>
      <trkpt lat="44.14523" lon="6.74708">
        <ele>1479.0</ele>
      </trkpt>
      <trkpt lat="44.14528" lon="6.74707">
        <ele>1479.7</ele>
      </trkpt>
      <trkpt lat="44.14531" lon="6.74707">
        <ele>1480.1</ele>
      </trkpt>
      <trkpt lat="44.14539" lon="6.74707">
        <ele>1481.2</ele>
      </trkpt>
      <trkpt lat="44.14546" lon="6.74707">
        <ele>1482.2</ele>
      </trkpt>
      <trkpt lat="44.14551" lon="6.74707">
        <ele>1482.8</ele>
      </trkpt>
      <trkpt lat="44.14564" lon="6.74709">
        <ele>1484.4</ele>
      </trkpt>
      <trkpt lat="44.14575" lon="6.74712">
        <ele>1485.4</ele>
      </trkpt>
      <trkpt lat="44.14581" lon="6.74712">
        <ele>1486.2</ele>
      </trkpt>
      <trkpt lat="44.14587" lon="6.74712">
        <ele>1486.7</ele>
      </trkpt>
      <trkpt lat="44.14597" lon="6.74708">
        <ele>1488.0</ele>
      </trkpt>
      <trkpt lat="44.14599" lon="6.74707">
        <ele>1488.3</ele>
      </trkpt>
      <trkpt lat="44.1462" lon="6.74691">
        <ele>1492.9</ele>
      </trkpt>
      <trkpt lat="44.146299" lon="6.74682">
        <ele>1495.6</ele>
      </trkpt>
      <trkpt lat="44.14636" lon="6.74677">
        <ele>1497.2</ele>
      </trkpt>
      <trkpt lat="44.14646" lon="6.74669">
        <ele>1500.0</ele>
      </trkpt>
      <trkpt lat="44.146479" lon="6.74667">
        <ele>1500.7</ele>
      </trkpt>
      <trkpt lat="44.14649" lon="6.74666">
        <ele>1500.8</ele>
      </trkpt>
      <trkpt lat="44.146512" lon="6.746767">
        <ele>1498.9</ele>
      </trkpt>
      <trkpt lat="44.14649" lon="6.74666">
        <ele>1500.8</ele>
      </trkpt>
      <trkpt lat="44.14654" lon="6.74664">
        <ele>1501.3</ele>
      </trkpt>
      <trkpt lat="44.146569" lon="6.74663">
        <ele>1501.7</ele>
      </trkpt>
      <trkpt lat="44.14661" lon="6.74663">
        <ele>1502.2</ele>
      </trkpt>
      <trkpt lat="44.14663" lon="6.74663">
        <ele>1502.4</ele>
      </trkpt>
      <trkpt lat="44.14665" lon="6.74663">
        <ele>1502.7</ele>
      </trkpt>
      <trkpt lat="44.14681" lon="6.74666">
        <ele>1505.4</ele>
      </trkpt>
      <trkpt lat="44.14681" lon="6.74667">
        <ele>1505.3</ele>
      </trkpt>
      <trkpt lat="44.14693" lon="6.74667">
        <ele>1507.3</ele>
      </trkpt>
      <trkpt lat="44.14711" lon="6.74666">
        <ele>1510.5</ele>
      </trkpt>
      <trkpt lat="44.14717" lon="6.74665">
        <ele>1511.6</ele>
      </trkpt>
      <trkpt lat="44.14718" lon="6.74664">
        <ele>1511.8</ele>
      </trkpt>
      <trkpt lat="44.1472" lon="6.74663">
        <ele>1512.2</ele>
      </trkpt>
      <trkpt lat="44.14721" lon="6.74662">
        <ele>1512.5</ele>
      </trkpt>
      <trkpt lat="44.14721" lon="6.7466">
        <ele>1512.6</ele>
      </trkpt>
      <trkpt lat="44.14722" lon="6.74658">
        <ele>1513.0</ele>
      </trkpt>
      <trkpt lat="44.14722" lon="6.74656">
        <ele>1513.1</ele>
      </trkpt>
      <trkpt lat="44.14722" lon="6.74654">
        <ele>1513.3</ele>
      </trkpt>
      <trkpt lat="44.14721" lon="6.74651">
        <ele>1513.3</ele>
      </trkpt>
      <trkpt lat="44.1472" lon="6.74649">
        <ele>1513.3</ele>
      </trkpt>
      <trkpt lat="44.14719" lon="6.74649">
        <ele>1513.1</ele>
      </trkpt>
      <trkpt lat="44.14718" lon="6.74648">
        <ele>1513.0</ele>
      </trkpt>
      <trkpt lat="44.14717" lon="6.74647">
        <ele>1512.8</ele>
      </trkpt>
      <trkpt lat="44.14714" lon="6.74647">
        <ele>1512.2</ele>
      </trkpt>
      <trkpt lat="44.147039" lon="6.74649">
        <ele>1510.1</ele>
      </trkpt>
      <trkpt lat="44.14699" lon="6.74649">
        <ele>1509.1</ele>
      </trkpt>
      <trkpt lat="44.14696" lon="6.7465">
        <ele>1508.4</ele>
      </trkpt>
      <trkpt lat="44.14683" lon="6.74649">
        <ele>1505.9</ele>
      </trkpt>
      <trkpt lat="44.14681" lon="6.74649">
        <ele>1505.5</ele>
      </trkpt>
      <trkpt lat="44.14675" lon="6.74648">
        <ele>1504.2</ele>
      </trkpt>
      <trkpt lat="44.14671" lon="6.74647">
        <ele>1503.4</ele>
      </trkpt>
      <trkpt lat="44.14668" lon="6.74646">
        <ele>1502.8</ele>
      </trkpt>
      <trkpt lat="44.14666" lon="6.74643">
        <ele>1502.3</ele>
      </trkpt>
      <trkpt lat="44.14665" lon="6.7464">
        <ele>1502.0</ele>
      </trkpt>
      <trkpt lat="44.14664" lon="6.74637">
        <ele>1501.8</ele>
      </trkpt>
      <trkpt lat="44.14664" lon="6.74635">
        <ele>1501.7</ele>
      </trkpt>
      <trkpt lat="44.14664" lon="6.74633">
        <ele>1501.6</ele>
      </trkpt>
      <trkpt lat="44.14665" lon="6.74631">
        <ele>1501.8</ele>
      </trkpt>
      <trkpt lat="44.14666" lon="6.74627">
        <ele>1501.9</ele>
      </trkpt>
      <trkpt lat="44.14669" lon="6.74624">
        <ele>1502.6</ele>
      </trkpt>
      <trkpt lat="44.14672" lon="6.7462">
        <ele>1503.2</ele>
      </trkpt>
      <trkpt lat="44.14675" lon="6.74617">
        <ele>1504.0</ele>
      </trkpt>
      <trkpt lat="44.14688" lon="6.74608">
        <ele>1507.5</ele>
      </trkpt>
      <trkpt lat="44.146949" lon="6.74602">
        <ele>1509.6</ele>
      </trkpt>
      <trkpt lat="44.14711" lon="6.74592">
        <ele>1514.9</ele>
      </trkpt>
      <trkpt lat="44.14721" lon="6.74585">
        <ele>1518.5</ele>
      </trkpt>
      <trkpt lat="44.14732" lon="6.74576">
        <ele>1521.4</ele>
      </trkpt>
      <trkpt lat="44.14748" lon="6.74567">
        <ele>1525.6</ele>
      </trkpt>
      <trkpt lat="44.1475" lon="6.74566">
        <ele>1526.1</ele>
      </trkpt>
      <trkpt lat="44.14782" lon="6.74548">
        <ele>1532.6</ele>
      </trkpt>
      <trkpt lat="44.14831" lon="6.74519">
        <ele>1540.1</ele>
      </trkpt>
      <trkpt lat="44.148359" lon="6.74517">
        <ele>1540.9</ele>
      </trkpt>
      <trkpt lat="44.14848" lon="6.7451">
        <ele>1542.2</ele>
      </trkpt>
      <trkpt lat="44.14865" lon="6.745">
        <ele>1544.2</ele>
      </trkpt>
      <trkpt lat="44.14893" lon="6.74482">
        <ele>1551.1</ele>
      </trkpt>
      <trkpt lat="44.1491" lon="6.74472">
        <ele>1554.7</ele>
      </trkpt>
      <trkpt lat="44.14942" lon="6.7445">
        <ele>1561.4</ele>
      </trkpt>
      <trkpt lat="44.14975" lon="6.74429">
        <ele>1565.9</ele>
      </trkpt>
      <trkpt lat="44.14991" lon="6.74419">
        <ele>1567.1</ele>
      </trkpt>
      <trkpt lat="44.15007" lon="6.74408">
        <ele>1570.2</ele>
      </trkpt>
      <trkpt lat="44.15047" lon="6.74382">
        <ele>1576.5</ele>
      </trkpt>
      <trkpt lat="44.15084" lon="6.74354">
        <ele>1577.6</ele>
      </trkpt>
      <trkpt lat="44.15111" lon="6.74336">
        <ele>1580.2</ele>
      </trkpt>
      <trkpt lat="44.15121" lon="6.74329">
        <ele>1581.9</ele>
      </trkpt>
      <trkpt lat="44.151269" lon="6.74325">
        <ele>1583.1</ele>
      </trkpt>
      <trkpt lat="44.15137" lon="6.74319">
        <ele>1585.0</ele>
      </trkpt>
      <trkpt lat="44.15144" lon="6.74316">
        <ele>1586.1</ele>
      </trkpt>
      <trkpt lat="44.15161" lon="6.74307">
        <ele>1588.6</ele>
      </trkpt>
      <trkpt lat="44.15163" lon="6.74305">
        <ele>1589.0</ele>
      </trkpt>
      <trkpt lat="44.15182" lon="6.74295">
        <ele>1591.9</ele>
      </trkpt>
      <trkpt lat="44.15202" lon="6.74282">
        <ele>1594.2</ele>
      </trkpt>
      <trkpt lat="44.1521" lon="6.74277">
        <ele>1594.8</ele>
      </trkpt>
      <trkpt lat="44.15225" lon="6.74266">
        <ele>1595.3</ele>
      </trkpt>
      <trkpt lat="44.15226" lon="6.74265">
        <ele>1595.3</ele>
      </trkpt>
      <trkpt lat="44.15238" lon="6.74258">
        <ele>1595.4</ele>
      </trkpt>
      <trkpt lat="44.15243" lon="6.74257">
        <ele>1595.6</ele>
      </trkpt>
      <trkpt lat="44.15247" lon="6.74255">
        <ele>1595.5</ele>
      </trkpt>
      <trkpt lat="44.15254" lon="6.74254">
        <ele>1595.7</ele>
      </trkpt>
      <trkpt lat="44.15261" lon="6.74252">
        <ele>1595.7</ele>
      </trkpt>
      <trkpt lat="44.15264" lon="6.74251">
        <ele>1595.6</ele>
      </trkpt>
      <trkpt lat="44.15275" lon="6.7425">
        <ele>1595.9</ele>
      </trkpt>
      <trkpt lat="44.15288" lon="6.74247">
        <ele>1596.4</ele>
      </trkpt>
      <trkpt lat="44.15298" lon="6.74242">
        <ele>1596.9</ele>
      </trkpt>
      <trkpt lat="44.15306" lon="6.74238">
        <ele>1597.2</ele>
      </trkpt>
      <trkpt lat="44.15312" lon="6.74233">
        <ele>1597.4</ele>
      </trkpt>
      <trkpt lat="44.15319" lon="6.74228">
        <ele>1597.7</ele>
      </trkpt>
      <trkpt lat="44.15328" lon="6.74222">
        <ele>1597.9</ele>
      </trkpt>
      <trkpt lat="44.15339" lon="6.74214">
        <ele>1598.5</ele>
      </trkpt>
      <trkpt lat="44.15345" lon="6.74211">
        <ele>1599.0</ele>
      </trkpt>
      <trkpt lat="44.15355" lon="6.74206">
        <ele>1599.8</ele>
      </trkpt>
      <trkpt lat="44.153619" lon="6.74203">
        <ele>1600.2</ele>
      </trkpt>
      <trkpt lat="44.15377" lon="6.74196">
        <ele>1601.0</ele>
      </trkpt>
      <trkpt lat="44.15413" lon="6.74181">
        <ele>1602.2</ele>
      </trkpt>
      <trkpt lat="44.15421" lon="6.74178">
        <ele>1602.5</ele>
      </trkpt>
      <trkpt lat="44.15452" lon="6.74164">
        <ele>1604.0</ele>
      </trkpt>
      <trkpt lat="44.15484" lon="6.74146">
        <ele>1606.2</ele>
      </trkpt>
      <trkpt lat="44.1551" lon="6.74126">
        <ele>1607.7</ele>
      </trkpt>
      <trkpt lat="44.15513" lon="6.74124">
        <ele>1608.0</ele>
      </trkpt>
      <trkpt lat="44.15545" lon="6.74099">
        <ele>1609.6</ele>
      </trkpt>
      <trkpt lat="44.1556" lon="6.74088">
        <ele>1609.8</ele>
      </trkpt>
      <trkpt lat="44.155679" lon="6.74083">
        <ele>1609.9</ele>
      </trkpt>
      <trkpt lat="44.15583" lon="6.74076">
        <ele>1610.8</ele>
      </trkpt>
      <trkpt lat="44.15589" lon="6.74073">
        <ele>1611.6</ele>
      </trkpt>
      <trkpt lat="44.15594" lon="6.7407">
        <ele>1612.2</ele>
      </trkpt>
      <trkpt lat="44.15599" lon="6.74067">
        <ele>1612.8</ele>
      </trkpt>
      <trkpt lat="44.15608" lon="6.74062">
        <ele>1613.8</ele>
      </trkpt>
      <trkpt lat="44.15616" lon="6.74057">
        <ele>1614.6</ele>
      </trkpt>
      <trkpt lat="44.15625" lon="6.74047">
        <ele>1615.1</ele>
      </trkpt>
      <trkpt lat="44.15647" lon="6.74022">
        <ele>1615.5</ele>
      </trkpt>
      <trkpt lat="44.15666" lon="6.74">
        <ele>1615.0</ele>
      </trkpt>
      <trkpt lat="44.15667" lon="6.73999">
        <ele>1615.0</ele>
      </trkpt>
      <trkpt lat="44.15681" lon="6.73983">
        <ele>1614.5</ele>
      </trkpt>
      <trkpt lat="44.1569" lon="6.73972">
        <ele>1614.2</ele>
      </trkpt>
      <trkpt lat="44.15702" lon="6.73956">
        <ele>1613.7</ele>
      </trkpt>
      <trkpt lat="44.15704" lon="6.7395">
        <ele>1613.5</ele>
      </trkpt>
      <trkpt lat="44.15708" lon="6.73938">
        <ele>1613.0</ele>
      </trkpt>
      <trkpt lat="44.1571" lon="6.73923">
        <ele>1612.3</ele>
      </trkpt>
      <trkpt lat="44.15711" lon="6.73916">
        <ele>1612.1</ele>
      </trkpt>
      <trkpt lat="44.15712" lon="6.73899">
        <ele>1611.9</ele>
      </trkpt>
      <trkpt lat="44.15711" lon="6.73887">
        <ele>1611.8</ele>
      </trkpt>
      <trkpt lat="44.1571" lon="6.73873">
        <ele>1611.7</ele>
      </trkpt>
      <trkpt lat="44.15707" lon="6.73859">
        <ele>1611.7</ele>
      </trkpt>
      <trkpt lat="44.15705" lon="6.73854">
        <ele>1611.7</ele>
      </trkpt>
      <trkpt lat="44.15703" lon="6.73851">
        <ele>1611.7</ele>
      </trkpt>
      <trkpt lat="44.15701" lon="6.73848">
        <ele>1611.8</ele>
      </trkpt>
      <trkpt lat="44.15692" lon="6.73839">
        <ele>1612.1</ele>
      </trkpt>
      <trkpt lat="44.15688" lon="6.73836">
        <ele>1612.2</ele>
      </trkpt>
      <trkpt lat="44.156799" lon="6.73828">
        <ele>1611.9</ele>
      </trkpt>
      <trkpt lat="44.15673" lon="6.73822">
        <ele>1611.6</ele>
      </trkpt>
      <trkpt lat="44.15669" lon="6.73818">
        <ele>1611.4</ele>
      </trkpt>
      <trkpt lat="44.1566" lon="6.73808">
        <ele>1611.6</ele>
      </trkpt>
      <trkpt lat="44.15654" lon="6.73798">
        <ele>1611.8</ele>
      </trkpt>
      <trkpt lat="44.15648" lon="6.73787">
        <ele>1612.2</ele>
      </trkpt>
      <trkpt lat="44.15648" lon="6.73785">
        <ele>1612.1</ele>
      </trkpt>
      <trkpt lat="44.15643" lon="6.7377">
        <ele>1612.4</ele>
      </trkpt>
      <trkpt lat="44.15642" lon="6.73764">
        <ele>1612.4</ele>
      </trkpt>
      <trkpt lat="44.15641" lon="6.73763">
        <ele>1612.6</ele>
      </trkpt>
      <trkpt lat="44.15639" lon="6.73748">
        <ele>1612.4</ele>
      </trkpt>
      <trkpt lat="44.15637" lon="6.73733">
        <ele>1611.1</ele>
      </trkpt>
      <trkpt lat="44.15635" lon="6.73718">
        <ele>1609.9</ele>
      </trkpt>
      <trkpt lat="44.15634" lon="6.73715">
        <ele>1609.9</ele>
      </trkpt>
      <trkpt lat="44.15628" lon="6.73698">
        <ele>1610.3</ele>
      </trkpt>
      <trkpt lat="44.15626" lon="6.73692">
        <ele>1610.5</ele>
      </trkpt>
      <trkpt lat="44.15623" lon="6.73683">
        <ele>1610.9</ele>
      </trkpt>
      <trkpt lat="44.1562" lon="6.73669">
        <ele>1611.0</ele>
      </trkpt>
      <trkpt lat="44.1562" lon="6.73668">
        <ele>1610.9</ele>
      </trkpt>
      <trkpt lat="44.15616" lon="6.73654">
        <ele>1610.3</ele>
      </trkpt>
      <trkpt lat="44.15614" lon="6.73645">
        <ele>1609.6</ele>
      </trkpt>
      <trkpt lat="44.15614" lon="6.73642">
        <ele>1609.0</ele>
      </trkpt>
      <trkpt lat="44.1561" lon="6.73634">
        <ele>1609.4</ele>
      </trkpt>
      <trkpt lat="44.15604" lon="6.73624">
        <ele>1610.3</ele>
      </trkpt>
      <trkpt lat="44.15598" lon="6.73615">
        <ele>1611.3</ele>
      </trkpt>
      <trkpt lat="44.1559" lon="6.73603">
        <ele>1612.7</ele>
      </trkpt>
      <trkpt lat="44.15585" lon="6.7359">
        <ele>1612.5</ele>
      </trkpt>
      <trkpt lat="44.15584" lon="6.73584">
        <ele>1611.8</ele>
      </trkpt>
      <trkpt lat="44.1558" lon="6.73571">
        <ele>1609.8</ele>
      </trkpt>
      <trkpt lat="44.15576" lon="6.73561">
        <ele>1608.4</ele>
      </trkpt>
      <trkpt lat="44.155679" lon="6.73552">
        <ele>1608.0</ele>
      </trkpt>
      <trkpt lat="44.15562" lon="6.73546">
        <ele>1607.8</ele>
      </trkpt>
      <trkpt lat="44.155589" lon="6.73544">
        <ele>1608.0</ele>
      </trkpt>
      <trkpt lat="44.15552" lon="6.73536">
        <ele>1607.5</ele>
      </trkpt>
      <trkpt lat="44.15548" lon="6.73531">
        <ele>1607.0</ele>
      </trkpt>
      <trkpt lat="44.15548" lon="6.7353">
        <ele>1606.7</ele>
      </trkpt>
      <trkpt lat="44.15546" lon="6.73525">
        <ele>1605.8</ele>
      </trkpt>
      <trkpt lat="44.15544" lon="6.73517">
        <ele>1604.1</ele>
      </trkpt>
      <trkpt lat="44.15543" lon="6.73509">
        <ele>1602.2</ele>
      </trkpt>
      <trkpt lat="44.15542" lon="6.73507">
        <ele>1601.8</ele>
      </trkpt>
      <trkpt lat="44.15539" lon="6.73499">
        <ele>1600.3</ele>
      </trkpt>
      <trkpt lat="44.15536" lon="6.73495">
        <ele>1600.0</ele>
      </trkpt>
      <trkpt lat="44.15533" lon="6.7349">
        <ele>1599.6</ele>
      </trkpt>
      <trkpt lat="44.15531" lon="6.73488">
        <ele>1599.5</ele>
      </trkpt>
      <trkpt lat="44.15529" lon="6.73487">
        <ele>1599.7</ele>
      </trkpt>
      <trkpt lat="44.15524" lon="6.73482">
        <ele>1599.7</ele>
      </trkpt>
      <trkpt lat="44.15515" lon="6.73475">
        <ele>1600.0</ele>
      </trkpt>
      <trkpt lat="44.15511" lon="6.73472">
        <ele>1600.1</ele>
      </trkpt>
      <trkpt lat="44.15506" lon="6.7347">
        <ele>1600.7</ele>
      </trkpt>
      <trkpt lat="44.15501" lon="6.73469">
        <ele>1601.5</ele>
      </trkpt>
      <trkpt lat="44.15498" lon="6.73469">
        <ele>1602.0</ele>
      </trkpt>
      <trkpt lat="44.15496" lon="6.7347">
        <ele>1602.4</ele>
      </trkpt>
      <trkpt lat="44.15491" lon="6.7347">
        <ele>1603.2</ele>
      </trkpt>
      <trkpt lat="44.15485" lon="6.73471">
        <ele>1604.2</ele>
      </trkpt>
      <trkpt lat="44.1548" lon="6.73472">
        <ele>1605.1</ele>
      </trkpt>
      <trkpt lat="44.15476" lon="6.73473">
        <ele>1605.8</ele>
      </trkpt>
      <trkpt lat="44.15471" lon="6.73472">
        <ele>1606.4</ele>
      </trkpt>
      <trkpt lat="44.15466" lon="6.7347">
        <ele>1606.7</ele>
      </trkpt>
      <trkpt lat="44.15463" lon="6.73467">
        <ele>1606.7</ele>
      </trkpt>
      <trkpt lat="44.15459" lon="6.73461">
        <ele>1606.3</ele>
      </trkpt>
      <trkpt lat="44.154559" lon="6.73452">
        <ele>1605.4</ele>
      </trkpt>
      <trkpt lat="44.15454" lon="6.73446">
        <ele>1604.8</ele>
      </trkpt>
      <trkpt lat="44.15453" lon="6.73442">
        <ele>1604.4</ele>
      </trkpt>
      <trkpt lat="44.15447" lon="6.73423">
        <ele>1602.7</ele>
      </trkpt>
      <trkpt lat="44.15447" lon="6.73422">
        <ele>1602.6</ele>
      </trkpt>
      <trkpt lat="44.15443" lon="6.73406">
        <ele>1602.1</ele>
      </trkpt>
      <trkpt lat="44.15442" lon="6.73399">
        <ele>1602.0</ele>
      </trkpt>
      <trkpt lat="44.15442" lon="6.73397">
        <ele>1601.9</ele>
      </trkpt>
      <trkpt lat="44.15442" lon="6.73384">
        <ele>1601.3</ele>
      </trkpt>
      <trkpt lat="44.15443" lon="6.73374">
        <ele>1600.6</ele>
      </trkpt>
      <trkpt lat="44.15443" lon="6.73355">
        <ele>1599.7</ele>
      </trkpt>
      <trkpt lat="44.15444" lon="6.73349">
        <ele>1599.2</ele>
      </trkpt>
      <trkpt lat="44.15444" lon="6.73325">
        <ele>1597.8</ele>
      </trkpt>
      <trkpt lat="44.15444" lon="6.73324">
        <ele>1597.7</ele>
      </trkpt>
      <trkpt lat="44.15443" lon="6.73312">
        <ele>1597.0</ele>
      </trkpt>
      <trkpt lat="44.15442" lon="6.73305">
        <ele>1596.7</ele>
      </trkpt>
      <trkpt lat="44.1544" lon="6.73298">
        <ele>1596.7</ele>
      </trkpt>
      <trkpt lat="44.15435" lon="6.73291">
        <ele>1597.3</ele>
      </trkpt>
      <trkpt lat="44.15425" lon="6.73281">
        <ele>1598.7</ele>
      </trkpt>
      <trkpt lat="44.15413" lon="6.7327">
        <ele>1600.6</ele>
      </trkpt>
      <trkpt lat="44.15412" lon="6.73269">
        <ele>1600.8</ele>
      </trkpt>
      <trkpt lat="44.15401" lon="6.73257">
        <ele>1602.4</ele>
      </trkpt>
      <trkpt lat="44.15398" lon="6.73253">
        <ele>1602.8</ele>
      </trkpt>
      <trkpt lat="44.15393" lon="6.73248">
        <ele>1603.7</ele>
      </trkpt>
      <trkpt lat="44.15384" lon="6.73238">
        <ele>1605.7</ele>
      </trkpt>
      <trkpt lat="44.15382" lon="6.73236">
        <ele>1606.1</ele>
      </trkpt>
      <trkpt lat="44.15378" lon="6.7323">
        <ele>1606.9</ele>
      </trkpt>
      <trkpt lat="44.15375" lon="6.73221">
        <ele>1607.3</ele>
      </trkpt>
      <trkpt lat="44.15373" lon="6.73212">
        <ele>1607.5</ele>
      </trkpt>
      <trkpt lat="44.15374" lon="6.73204">
        <ele>1607.1</ele>
      </trkpt>
      <trkpt lat="44.15376" lon="6.73194">
        <ele>1606.5</ele>
      </trkpt>
      <trkpt lat="44.15382" lon="6.73182">
        <ele>1605.4</ele>
      </trkpt>
      <trkpt lat="44.15388" lon="6.73174">
        <ele>1604.5</ele>
      </trkpt>
      <trkpt lat="44.15393" lon="6.73167">
        <ele>1603.8</ele>
      </trkpt>
      <trkpt lat="44.154" lon="6.7316">
        <ele>1604.0</ele>
      </trkpt>
      <trkpt lat="44.15402" lon="6.73158">
        <ele>1604.0</ele>
      </trkpt>
      <trkpt lat="44.15405" lon="6.73156">
        <ele>1604.0</ele>
      </trkpt>
      <trkpt lat="44.15411" lon="6.73153">
        <ele>1603.9</ele>
      </trkpt>
      <trkpt lat="44.15416" lon="6.7315">
        <ele>1603.9</ele>
      </trkpt>
      <trkpt lat="44.15433" lon="6.73145">
        <ele>1603.1</ele>
      </trkpt>
      <trkpt lat="44.154359" lon="6.73144">
        <ele>1603.0</ele>
      </trkpt>
      <trkpt lat="44.1545" lon="6.7314">
        <ele>1602.4</ele>
      </trkpt>
      <trkpt lat="44.15467" lon="6.73136">
        <ele>1601.6</ele>
      </trkpt>
      <trkpt lat="44.15472" lon="6.73133">
        <ele>1601.8</ele>
      </trkpt>
      <trkpt lat="44.15477" lon="6.73131">
        <ele>1601.7</ele>
      </trkpt>
      <trkpt lat="44.15482" lon="6.73127">
        <ele>1602.1</ele>
      </trkpt>
      <trkpt lat="44.15487" lon="6.73122">
        <ele>1602.7</ele>
      </trkpt>
      <trkpt lat="44.15497" lon="6.73113">
        <ele>1603.8</ele>
      </trkpt>
      <trkpt lat="44.15507" lon="6.73106">
        <ele>1605.3</ele>
      </trkpt>
      <trkpt lat="44.15518" lon="6.731">
        <ele>1607.0</ele>
      </trkpt>
      <trkpt lat="44.15527" lon="6.73097">
        <ele>1608.0</ele>
      </trkpt>
      <trkpt lat="44.15534" lon="6.73096">
        <ele>1608.5</ele>
      </trkpt>
      <trkpt lat="44.15542" lon="6.73096">
        <ele>1608.7</ele>
      </trkpt>
      <trkpt lat="44.15554" lon="6.73099">
        <ele>1608.4</ele>
      </trkpt>
      <trkpt lat="44.15566" lon="6.73103">
        <ele>1607.6</ele>
      </trkpt>
      <trkpt lat="44.15575" lon="6.73107">
        <ele>1606.7</ele>
      </trkpt>
      <trkpt lat="44.15593" lon="6.73105">
        <ele>1607.6</ele>
      </trkpt>
      <trkpt lat="44.15597" lon="6.73104">
        <ele>1607.9</ele>
      </trkpt>
      <trkpt lat="44.1561" lon="6.731">
        <ele>1609.3</ele>
      </trkpt>
      <trkpt lat="44.15616" lon="6.73098">
        <ele>1610.0</ele>
      </trkpt>
      <trkpt lat="44.15628" lon="6.73094">
        <ele>1611.5</ele>
      </trkpt>
      <trkpt lat="44.15635" lon="6.73091">
        <ele>1612.7</ele>
      </trkpt>
      <trkpt lat="44.15645" lon="6.73088">
        <ele>1613.9</ele>
      </trkpt>
      <trkpt lat="44.15648" lon="6.73087">
        <ele>1614.3</ele>
      </trkpt>
      <trkpt lat="44.15663" lon="6.73081">
        <ele>1616.8</ele>
      </trkpt>
      <trkpt lat="44.15667" lon="6.7308">
        <ele>1617.2</ele>
      </trkpt>
      <trkpt lat="44.15675" lon="6.73076">
        <ele>1618.1</ele>
      </trkpt>
      <trkpt lat="44.156799" lon="6.73074">
        <ele>1618.4</ele>
      </trkpt>
      <trkpt lat="44.15697" lon="6.73069">
        <ele>1618.7</ele>
      </trkpt>
      <trkpt lat="44.156999" lon="6.73068">
        <ele>1618.7</ele>
      </trkpt>
      <trkpt lat="44.15715" lon="6.73066">
        <ele>1618.0</ele>
      </trkpt>
      <trkpt lat="44.15722" lon="6.73066">
        <ele>1617.3</ele>
      </trkpt>
      <trkpt lat="44.15728" lon="6.73064">
        <ele>1617.3</ele>
      </trkpt>
      <trkpt lat="44.15728" lon="6.73064">
        <ele>1617.3</ele>
      </trkpt>
      <trkpt lat="44.15728" lon="6.7306">
        <ele>1618.3</ele>
      </trkpt>
      <trkpt lat="44.15728" lon="6.73058">
        <ele>1618.8</ele>
      </trkpt>
      <trkpt lat="44.15728" lon="6.73057">
        <ele>1619.1</ele>
      </trkpt>
      <trkpt lat="44.15728" lon="6.73055">
        <ele>1619.6</ele>
      </trkpt>
      <trkpt lat="44.157269" lon="6.73054">
        <ele>1620.0</ele>
      </trkpt>
      <trkpt lat="44.157269" lon="6.73053">
        <ele>1620.2</ele>
      </trkpt>
      <trkpt lat="44.15726" lon="6.73053">
        <ele>1620.4</ele>
      </trkpt>
      <trkpt lat="44.15725" lon="6.73052">
        <ele>1620.7</ele>
      </trkpt>
      <trkpt lat="44.15723" lon="6.73051">
        <ele>1621.2</ele>
      </trkpt>
      <trkpt lat="44.1572" lon="6.7305">
        <ele>1621.9</ele>
      </trkpt>
      <trkpt lat="44.15717" lon="6.7305">
        <ele>1622.2</ele>
      </trkpt>
      <trkpt lat="44.1571" lon="6.73049">
        <ele>1623.4</ele>
      </trkpt>
      <trkpt lat="44.15697" lon="6.7305">
        <ele>1624.7</ele>
      </trkpt>
      <trkpt lat="44.15696" lon="6.7305">
        <ele>1624.8</ele>
      </trkpt>
      <trkpt lat="44.15687" lon="6.73051">
        <ele>1625.6</ele>
      </trkpt>
      <trkpt lat="44.15678" lon="6.73052">
        <ele>1626.3</ele>
      </trkpt>
      <trkpt lat="44.15677" lon="6.73053">
        <ele>1626.1</ele>
      </trkpt>
      <trkpt lat="44.15666" lon="6.73054">
        <ele>1626.9</ele>
      </trkpt>
      <trkpt lat="44.15659" lon="6.73055">
        <ele>1626.6</ele>
      </trkpt>
      <trkpt lat="44.156529" lon="6.73056">
        <ele>1626.2</ele>
      </trkpt>
      <trkpt lat="44.15646" lon="6.73056">
        <ele>1626.2</ele>
      </trkpt>
      <trkpt lat="44.15639" lon="6.73057">
        <ele>1625.9</ele>
      </trkpt>
      <trkpt lat="44.15619" lon="6.73055">
        <ele>1626.8</ele>
      </trkpt>
      <trkpt lat="44.156059" lon="6.73054">
        <ele>1627.2</ele>
      </trkpt>
      <trkpt lat="44.15605" lon="6.73054">
        <ele>1627.3</ele>
      </trkpt>
      <trkpt lat="44.15592" lon="6.73052">
        <ele>1628.2</ele>
      </trkpt>
      <trkpt lat="44.15588" lon="6.73051">
        <ele>1628.7</ele>
      </trkpt>
      <trkpt lat="44.155859" lon="6.7305">
        <ele>1629.2</ele>
      </trkpt>
      <trkpt lat="44.1558" lon="6.73049">
        <ele>1629.3</ele>
      </trkpt>
      <trkpt lat="44.15574" lon="6.73047">
        <ele>1629.7</ele>
      </trkpt>
      <trkpt lat="44.15569" lon="6.73045">
        <ele>1630.1</ele>
      </trkpt>
      <trkpt lat="44.15564" lon="6.73042">
        <ele>1630.9</ele>
      </trkpt>
      <trkpt lat="44.1556" lon="6.7304">
        <ele>1631.3</ele>
      </trkpt>
      <trkpt lat="44.15558" lon="6.73037">
        <ele>1632.4</ele>
      </trkpt>
      <trkpt lat="44.15557" lon="6.73036">
        <ele>1632.7</ele>
      </trkpt>
      <trkpt lat="44.15556" lon="6.73034">
        <ele>1633.4</ele>
      </trkpt>
      <trkpt lat="44.15556" lon="6.73033">
        <ele>1633.9</ele>
      </trkpt>
      <trkpt lat="44.15556" lon="6.73032">
        <ele>1634.3</ele>
      </trkpt>
      <trkpt lat="44.15556" lon="6.7303">
        <ele>1635.1</ele>
      </trkpt>
      <trkpt lat="44.15556" lon="6.73029">
        <ele>1635.5</ele>
      </trkpt>
      <trkpt lat="44.15557" lon="6.73028">
        <ele>1636.1</ele>
      </trkpt>
      <trkpt lat="44.15558" lon="6.73027">
        <ele>1636.6</ele>
      </trkpt>
      <trkpt lat="44.155589" lon="6.73026">
        <ele>1637.2</ele>
      </trkpt>
      <trkpt lat="44.1556" lon="6.73025">
        <ele>1637.7</ele>
      </trkpt>
      <trkpt lat="44.15561" lon="6.73025">
        <ele>1637.8</ele>
      </trkpt>
      <trkpt lat="44.15562" lon="6.73025">
        <ele>1638.0</ele>
      </trkpt>
      <trkpt lat="44.15567" lon="6.73027">
        <ele>1637.7</ele>
      </trkpt>
      <trkpt lat="44.1557" lon="6.73028">
        <ele>1637.6</ele>
      </trkpt>
      <trkpt lat="44.1557" lon="6.73029">
        <ele>1637.2</ele>
      </trkpt>
      <trkpt lat="44.155769" lon="6.73031">
        <ele>1637.1</ele>
      </trkpt>
      <trkpt lat="44.15588" lon="6.73033">
        <ele>1636.8</ele>
      </trkpt>
      <trkpt lat="44.15589" lon="6.73033">
        <ele>1636.8</ele>
      </trkpt>
      <trkpt lat="44.15597" lon="6.73032">
        <ele>1637.0</ele>
      </trkpt>
      <trkpt lat="44.156059" lon="6.73032">
        <ele>1636.8</ele>
      </trkpt>
      <trkpt lat="44.15608" lon="6.73032">
        <ele>1636.7</ele>
      </trkpt>
      <trkpt lat="44.15613" lon="6.73031">
        <ele>1637.0</ele>
      </trkpt>
      <trkpt lat="44.156239" lon="6.73029">
        <ele>1637.5</ele>
      </trkpt>
      <trkpt lat="44.15631" lon="6.73027">
        <ele>1638.1</ele>
      </trkpt>
      <trkpt lat="44.15641" lon="6.73024">
        <ele>1639.0</ele>
      </trkpt>
      <trkpt lat="44.15643" lon="6.73024">
        <ele>1638.9</ele>
      </trkpt>
      <trkpt lat="44.15649" lon="6.73022">
        <ele>1639.5</ele>
      </trkpt>
      <trkpt lat="44.15654" lon="6.73019">
        <ele>1640.4</ele>
      </trkpt>
      <trkpt lat="44.15658" lon="6.73017">
        <ele>1641.0</ele>
      </trkpt>
      <trkpt lat="44.15659" lon="6.73017">
        <ele>1641.0</ele>
      </trkpt>
      <trkpt lat="44.15663" lon="6.73013">
        <ele>1642.3</ele>
      </trkpt>
      <trkpt lat="44.15667" lon="6.73009">
        <ele>1643.6</ele>
      </trkpt>
      <trkpt lat="44.15669" lon="6.73004">
        <ele>1645.0</ele>
      </trkpt>
      <trkpt lat="44.1567" lon="6.72999">
        <ele>1646.5</ele>
      </trkpt>
      <trkpt lat="44.156709" lon="6.72998">
        <ele>1646.5</ele>
      </trkpt>
      <trkpt lat="44.15672" lon="6.72985">
        <ele>1649.1</ele>
      </trkpt>
      <trkpt lat="44.15672" lon="6.72974">
        <ele>1651.5</ele>
      </trkpt>
      <trkpt lat="44.15672" lon="6.72967">
        <ele>1653.0</ele>
      </trkpt>
      <trkpt lat="44.15674" lon="6.72953">
        <ele>1655.6</ele>
      </trkpt>
      <trkpt lat="44.15675" lon="6.72939">
        <ele>1658.4</ele>
      </trkpt>
      <trkpt lat="44.15677" lon="6.72925">
        <ele>1661.0</ele>
      </trkpt>
      <trkpt lat="44.15677" lon="6.72924">
        <ele>1661.2</ele>
      </trkpt>
      <trkpt lat="44.15678" lon="6.72916">
        <ele>1662.7</ele>
      </trkpt>
      <trkpt lat="44.15679" lon="6.72908">
        <ele>1664.3</ele>
      </trkpt>
      <trkpt lat="44.15681" lon="6.729">
        <ele>1665.6</ele>
      </trkpt>
      <trkpt lat="44.15682" lon="6.72893">
        <ele>1667.0</ele>
      </trkpt>
      <trkpt lat="44.15683" lon="6.72886">
        <ele>1668.4</ele>
      </trkpt>
      <trkpt lat="44.15684" lon="6.72879">
        <ele>1669.8</ele>
      </trkpt>
      <trkpt lat="44.15685" lon="6.72876">
        <ele>1670.2</ele>
      </trkpt>
      <trkpt lat="44.15686" lon="6.72873">
        <ele>1670.7</ele>
      </trkpt>
      <trkpt lat="44.15687" lon="6.72868">
        <ele>1671.7</ele>
      </trkpt>
      <trkpt lat="44.15689" lon="6.72863">
        <ele>1672.5</ele>
      </trkpt>
      <trkpt lat="44.1569" lon="6.72859">
        <ele>1673.2</ele>
      </trkpt>
      <trkpt lat="44.1569" lon="6.72855">
        <ele>1674.1</ele>
      </trkpt>
      <trkpt lat="44.1569" lon="6.72854">
        <ele>1674.3</ele>
      </trkpt>
      <trkpt lat="44.1569" lon="6.72852">
        <ele>1674.8</ele>
      </trkpt>
      <trkpt lat="44.1569" lon="6.72851">
        <ele>1675.0</ele>
      </trkpt>
      <trkpt lat="44.15689" lon="6.7285">
        <ele>1675.4</ele>
      </trkpt>
      <trkpt lat="44.15688" lon="6.72849">
        <ele>1675.8</ele>
      </trkpt>
      <trkpt lat="44.15688" lon="6.72848">
        <ele>1676.1</ele>
      </trkpt>
      <trkpt lat="44.15687" lon="6.72848">
        <ele>1676.2</ele>
      </trkpt>
      <trkpt lat="44.15687" lon="6.72847">
        <ele>1676.5</ele>
      </trkpt>
      <trkpt lat="44.15686" lon="6.72847">
        <ele>1676.6</ele>
      </trkpt>
      <trkpt lat="44.15685" lon="6.72847">
        <ele>1676.8</ele>
      </trkpt>
      <trkpt lat="44.15684" lon="6.72847">
        <ele>1677.0</ele>
      </trkpt>
      <trkpt lat="44.15683" lon="6.72847">
        <ele>1677.2</ele>
      </trkpt>
      <trkpt lat="44.15682" lon="6.72848">
        <ele>1677.1</ele>
      </trkpt>
      <trkpt lat="44.15681" lon="6.72849">
        <ele>1677.1</ele>
      </trkpt>
      <trkpt lat="44.156799" lon="6.72851">
        <ele>1676.8</ele>
      </trkpt>
      <trkpt lat="44.15679" lon="6.72852">
        <ele>1676.8</ele>
      </trkpt>
      <trkpt lat="44.15678" lon="6.72856">
        <ele>1676.0</ele>
      </trkpt>
      <trkpt lat="44.15677" lon="6.72857">
        <ele>1676.0</ele>
      </trkpt>
      <trkpt lat="44.15676" lon="6.72861">
        <ele>1675.3</ele>
      </trkpt>
      <trkpt lat="44.15672" lon="6.72879">
        <ele>1672.1</ele>
      </trkpt>
      <trkpt lat="44.156709" lon="6.72881">
        <ele>1671.9</ele>
      </trkpt>
      <trkpt lat="44.15668" lon="6.72894">
        <ele>1669.6</ele>
      </trkpt>
      <trkpt lat="44.15666" lon="6.72903">
        <ele>1668.1</ele>
      </trkpt>
      <trkpt lat="44.15665" lon="6.72904">
        <ele>1668.1</ele>
      </trkpt>
      <trkpt lat="44.15659" lon="6.72927">
        <ele>1664.3</ele>
      </trkpt>
      <trkpt lat="44.15659" lon="6.72928">
        <ele>1664.0</ele>
      </trkpt>
      <trkpt lat="44.15657" lon="6.72935">
        <ele>1662.8</ele>
      </trkpt>
      <trkpt lat="44.15656" lon="6.72942">
        <ele>1661.3</ele>
      </trkpt>
      <trkpt lat="44.15654" lon="6.72949">
        <ele>1660.0</ele>
      </trkpt>
      <trkpt lat="44.15654" lon="6.72952">
        <ele>1659.3</ele>
      </trkpt>
      <trkpt lat="44.15654" lon="6.72954">
        <ele>1658.8</ele>
      </trkpt>
      <trkpt lat="44.156529" lon="6.72959">
        <ele>1657.7</ele>
      </trkpt>
      <trkpt lat="44.15652" lon="6.72963">
        <ele>1656.9</ele>
      </trkpt>
      <trkpt lat="44.15651" lon="6.72966">
        <ele>1656.3</ele>
      </trkpt>
      <trkpt lat="44.15651" lon="6.72967">
        <ele>1656.0</ele>
      </trkpt>
      <trkpt lat="44.1565" lon="6.72968">
        <ele>1655.9</ele>
      </trkpt>
      <trkpt lat="44.15649" lon="6.72969">
        <ele>1655.8</ele>
      </trkpt>
      <trkpt lat="44.15648" lon="6.7297">
        <ele>1655.6</ele>
      </trkpt>
      <trkpt lat="44.15647" lon="6.7297">
        <ele>1655.8</ele>
      </trkpt>
      <trkpt lat="44.15646" lon="6.7297">
        <ele>1655.9</ele>
      </trkpt>
      <trkpt lat="44.15645" lon="6.72969">
        <ele>1656.2</ele>
      </trkpt>
      <trkpt lat="44.15644" lon="6.72968">
        <ele>1656.6</ele>
      </trkpt>
      <trkpt lat="44.15643" lon="6.72967">
        <ele>1657.0</ele>
      </trkpt>
      <trkpt lat="44.15642" lon="6.72965">
        <ele>1657.7</ele>
      </trkpt>
      <trkpt lat="44.15642" lon="6.72964">
        <ele>1657.9</ele>
      </trkpt>
      <trkpt lat="44.15642" lon="6.72962">
        <ele>1658.4</ele>
      </trkpt>
      <trkpt lat="44.15642" lon="6.72959">
        <ele>1659.2</ele>
      </trkpt>
      <trkpt lat="44.15644" lon="6.72946">
        <ele>1662.3</ele>
      </trkpt>
      <trkpt lat="44.15645" lon="6.72942">
        <ele>1663.2</ele>
      </trkpt>
      <trkpt lat="44.15647" lon="6.72926">
        <ele>1666.9</ele>
      </trkpt>
      <trkpt lat="44.15648" lon="6.72922">
        <ele>1667.7</ele>
      </trkpt>
      <trkpt lat="44.15649" lon="6.72914">
        <ele>1669.4</ele>
      </trkpt>
      <trkpt lat="44.1565" lon="6.72901">
        <ele>1671.8</ele>
      </trkpt>
      <trkpt lat="44.15652" lon="6.72878">
        <ele>1676.1</ele>
      </trkpt>
      <trkpt lat="44.15652" lon="6.72872">
        <ele>1677.3</ele>
      </trkpt>
      <trkpt lat="44.15654" lon="6.72844">
        <ele>1682.8</ele>
      </trkpt>
      <trkpt lat="44.15655" lon="6.72834">
        <ele>1684.7</ele>
      </trkpt>
      <trkpt lat="44.15657" lon="6.72822">
        <ele>1686.0</ele>
      </trkpt>
      <trkpt lat="44.15659" lon="6.72804">
        <ele>1688.1</ele>
      </trkpt>
      <trkpt lat="44.15661" lon="6.72784">
        <ele>1690.4</ele>
      </trkpt>
      <trkpt lat="44.156619" lon="6.72773">
        <ele>1691.7</ele>
      </trkpt>
      <trkpt lat="44.15667" lon="6.72723">
        <ele>1696.9</ele>
      </trkpt>
      <trkpt lat="44.15668" lon="6.72716">
        <ele>1697.6</ele>
      </trkpt>
      <trkpt lat="44.15669" lon="6.72708">
        <ele>1698.5</ele>
      </trkpt>
      <trkpt lat="44.156709" lon="6.727">
        <ele>1699.3</ele>
      </trkpt>
      <trkpt lat="44.156709" lon="6.72699">
        <ele>1699.5</ele>
      </trkpt>
      <trkpt lat="44.15673" lon="6.72694">
        <ele>1700.1</ele>
      </trkpt>
      <trkpt lat="44.15675" lon="6.72689">
        <ele>1700.7</ele>
      </trkpt>
      <trkpt lat="44.15677" lon="6.72685">
        <ele>1701.3</ele>
      </trkpt>
      <trkpt lat="44.15681" lon="6.72681">
        <ele>1702.0</ele>
      </trkpt>
      <trkpt lat="44.15682" lon="6.7268">
        <ele>1702.1</ele>
      </trkpt>
      <trkpt lat="44.15685" lon="6.72679">
        <ele>1702.4</ele>
      </trkpt>
      <trkpt lat="44.15689" lon="6.72678">
        <ele>1702.7</ele>
      </trkpt>
      <trkpt lat="44.15696" lon="6.72678">
        <ele>1703.0</ele>
      </trkpt>
      <trkpt lat="44.15708" lon="6.72683">
        <ele>1702.5</ele>
      </trkpt>
      <trkpt lat="44.15717" lon="6.72688">
        <ele>1701.5</ele>
      </trkpt>
      <trkpt lat="44.15729" lon="6.72695">
        <ele>1699.8</ele>
      </trkpt>
      <trkpt lat="44.15734" lon="6.72697">
        <ele>1699.3</ele>
      </trkpt>
      <trkpt lat="44.15743" lon="6.72703">
        <ele>1697.4</ele>
      </trkpt>
      <trkpt lat="44.1575" lon="6.72707">
        <ele>1695.9</ele>
      </trkpt>
      <trkpt lat="44.15758" lon="6.72712">
        <ele>1697.0</ele>
      </trkpt>
      <trkpt lat="44.15767" lon="6.72718">
        <ele>1698.1</ele>
      </trkpt>
      <trkpt lat="44.15769" lon="6.72719">
        <ele>1698.4</ele>
      </trkpt>
      <trkpt lat="44.15781" lon="6.72728">
        <ele>1699.5</ele>
      </trkpt>
      <trkpt lat="44.15782" lon="6.72729">
        <ele>1699.6</ele>
      </trkpt>
      <trkpt lat="44.15791" lon="6.72738">
        <ele>1699.7</ele>
      </trkpt>
      <trkpt lat="44.15796" lon="6.72743">
        <ele>1699.7</ele>
      </trkpt>
      <trkpt lat="44.15797" lon="6.72744">
        <ele>1699.7</ele>
      </trkpt>
      <trkpt lat="44.158" lon="6.7275">
        <ele>1698.8</ele>
      </trkpt>
      <trkpt lat="44.15805" lon="6.72756">
        <ele>1699.3</ele>
      </trkpt>
      <trkpt lat="44.15808" lon="6.72763">
        <ele>1698.8</ele>
      </trkpt>
      <trkpt lat="44.15815" lon="6.72776">
        <ele>1698.3</ele>
      </trkpt>
      <trkpt lat="44.15819" lon="6.72784">
        <ele>1697.9</ele>
      </trkpt>
      <trkpt lat="44.1582" lon="6.72786">
        <ele>1697.7</ele>
      </trkpt>
      <trkpt lat="44.15825" lon="6.72795">
        <ele>1697.3</ele>
      </trkpt>
      <trkpt lat="44.15826" lon="6.72796">
        <ele>1697.3</ele>
      </trkpt>
      <trkpt lat="44.15828" lon="6.72797">
        <ele>1697.7</ele>
      </trkpt>
      <trkpt lat="44.15829" lon="6.72797">
        <ele>1698.0</ele>
      </trkpt>
      <trkpt lat="44.158299" lon="6.72798">
        <ele>1698.1</ele>
      </trkpt>
      <trkpt lat="44.15832" lon="6.72798">
        <ele>1698.7</ele>
      </trkpt>
      <trkpt lat="44.15833" lon="6.72798">
        <ele>1699.0</ele>
      </trkpt>
      <trkpt lat="44.15834" lon="6.72798">
        <ele>1699.1</ele>
      </trkpt>
      <trkpt lat="44.15835" lon="6.72797">
        <ele>1699.4</ele>
      </trkpt>
      <trkpt lat="44.15836" lon="6.72796">
        <ele>1699.8</ele>
      </trkpt>
      <trkpt lat="44.15838" lon="6.72795">
        <ele>1700.2</ele>
      </trkpt>
      <trkpt lat="44.15838" lon="6.72794">
        <ele>1700.4</ele>
      </trkpt>
      <trkpt lat="44.15838" lon="6.72793">
        <ele>1700.7</ele>
      </trkpt>
      <trkpt lat="44.15839" lon="6.72791">
        <ele>1701.2</ele>
      </trkpt>
      <trkpt lat="44.15839" lon="6.72789">
        <ele>1701.7</ele>
      </trkpt>
      <trkpt lat="44.15839" lon="6.72788">
        <ele>1701.9</ele>
      </trkpt>
      <trkpt lat="44.15839" lon="6.72786">
        <ele>1702.4</ele>
      </trkpt>
      <trkpt lat="44.15838" lon="6.72786">
        <ele>1702.3</ele>
      </trkpt>
      <trkpt lat="44.15836" lon="6.72779">
        <ele>1703.7</ele>
      </trkpt>
      <trkpt lat="44.15835" lon="6.72778">
        <ele>1703.8</ele>
      </trkpt>
      <trkpt lat="44.15831" lon="6.7277">
        <ele>1704.7</ele>
      </trkpt>
      <trkpt lat="44.15825" lon="6.72759">
        <ele>1705.2</ele>
      </trkpt>
      <trkpt lat="44.158209" lon="6.7275">
        <ele>1705.9</ele>
      </trkpt>
      <trkpt lat="44.15813" lon="6.72731">
        <ele>1709.3</ele>
      </trkpt>
      <trkpt lat="44.15804" lon="6.7271">
        <ele>1713.1</ele>
      </trkpt>
      <trkpt lat="44.15795" lon="6.72696">
        <ele>1714.6</ele>
      </trkpt>
      <trkpt lat="44.15785" lon="6.72682">
        <ele>1715.8</ele>
      </trkpt>
      <trkpt lat="44.15783" lon="6.72678">
        <ele>1716.4</ele>
      </trkpt>
      <trkpt lat="44.15775" lon="6.72668">
        <ele>1717.0</ele>
      </trkpt>
      <trkpt lat="44.1577" lon="6.72661">
        <ele>1717.5</ele>
      </trkpt>
      <trkpt lat="44.15757" lon="6.72644">
        <ele>1718.6</ele>
      </trkpt>
      <trkpt lat="44.15751" lon="6.72636">
        <ele>1719.3</ele>
      </trkpt>
      <trkpt lat="44.15721" lon="6.72587">
        <ele>1729.4</ele>
      </trkpt>
      <trkpt lat="44.15717" lon="6.7258">
        <ele>1730.6</ele>
      </trkpt>
      <trkpt lat="44.157089" lon="6.72569">
        <ele>1732.0</ele>
      </trkpt>
      <trkpt lat="44.15699" lon="6.72553">
        <ele>1734.0</ele>
      </trkpt>
      <trkpt lat="44.15698" lon="6.7255">
        <ele>1734.5</ele>
      </trkpt>
      <trkpt lat="44.15686" lon="6.7253">
        <ele>1736.2</ele>
      </trkpt>
      <trkpt lat="44.15663" lon="6.72492">
        <ele>1738.9</ele>
      </trkpt>
      <trkpt lat="44.156619" lon="6.72489">
        <ele>1739.6</ele>
      </trkpt>
      <trkpt lat="44.15652" lon="6.72477">
        <ele>1742.3</ele>
      </trkpt>
      <trkpt lat="44.15644" lon="6.72469">
        <ele>1743.9</ele>
      </trkpt>
      <trkpt lat="44.15641" lon="6.72466">
        <ele>1744.5</ele>
      </trkpt>
      <trkpt lat="44.15639" lon="6.72464">
        <ele>1744.9</ele>
      </trkpt>
      <trkpt lat="44.15639" lon="6.72463">
        <ele>1745.0</ele>
      </trkpt>
      <trkpt lat="44.15638" lon="6.72461">
        <ele>1745.4</ele>
      </trkpt>
      <trkpt lat="44.15638" lon="6.7246">
        <ele>1745.5</ele>
      </trkpt>
      <trkpt lat="44.15638" lon="6.72459">
        <ele>1745.7</ele>
      </trkpt>
      <trkpt lat="44.15638" lon="6.72458">
        <ele>1745.9</ele>
      </trkpt>
      <trkpt lat="44.15638" lon="6.72457">
        <ele>1746.1</ele>
      </trkpt>
      <trkpt lat="44.15639" lon="6.72456">
        <ele>1746.2</ele>
      </trkpt>
      <trkpt lat="44.15639" lon="6.72455">
        <ele>1746.4</ele>
      </trkpt>
      <trkpt lat="44.15641" lon="6.72453">
        <ele>1746.8</ele>
      </trkpt>
      <trkpt lat="44.15641" lon="6.72452">
        <ele>1747.0</ele>
      </trkpt>
      <trkpt lat="44.15642" lon="6.72451">
        <ele>1747.1</ele>
      </trkpt>
      <trkpt lat="44.15644" lon="6.72451">
        <ele>1747.2</ele>
      </trkpt>
      <trkpt lat="44.15646" lon="6.72451">
        <ele>1747.2</ele>
      </trkpt>
      <trkpt lat="44.15649" lon="6.72452">
        <ele>1747.1</ele>
      </trkpt>
      <trkpt lat="44.15652" lon="6.72453">
        <ele>1746.9</ele>
      </trkpt>
      <trkpt lat="44.15655" lon="6.72455">
        <ele>1746.6</ele>
      </trkpt>
      <trkpt lat="44.15657" lon="6.72458">
        <ele>1746.0</ele>
      </trkpt>
      <trkpt lat="44.15663" lon="6.72464">
        <ele>1744.8</ele>
      </trkpt>
      <trkpt lat="44.1567" lon="6.7247">
        <ele>1744.6</ele>
      </trkpt>
      <trkpt lat="44.15677" lon="6.72478">
        <ele>1745.2</ele>
      </trkpt>
      <trkpt lat="44.15685" lon="6.72486">
        <ele>1746.0</ele>
      </trkpt>
      <trkpt lat="44.15686" lon="6.72488">
        <ele>1745.9</ele>
      </trkpt>
      <trkpt lat="44.156999" lon="6.72503">
        <ele>1747.0</ele>
      </trkpt>
      <trkpt lat="44.15702" lon="6.72505">
        <ele>1747.2</ele>
      </trkpt>
      <trkpt lat="44.15714" lon="6.72518">
        <ele>1747.3</ele>
      </trkpt>
      <trkpt lat="44.15717" lon="6.7252">
        <ele>1747.6</ele>
      </trkpt>
      <trkpt lat="44.15729" lon="6.72533">
        <ele>1747.2</ele>
      </trkpt>
      <trkpt lat="44.15743" lon="6.72547">
        <ele>1746.5</ele>
      </trkpt>
      <trkpt lat="44.15743" lon="6.72548">
        <ele>1746.1</ele>
      </trkpt>
      <trkpt lat="44.15754" lon="6.72558">
        <ele>1745.6</ele>
      </trkpt>
      <trkpt lat="44.15758" lon="6.72563">
        <ele>1744.9</ele>
      </trkpt>
      <trkpt lat="44.15772" lon="6.72578">
        <ele>1743.8</ele>
      </trkpt>
      <trkpt lat="44.15775" lon="6.72581">
        <ele>1743.7</ele>
      </trkpt>
      <trkpt lat="44.15787" lon="6.72591">
        <ele>1743.9</ele>
      </trkpt>
      <trkpt lat="44.15794" lon="6.72596">
        <ele>1744.4</ele>
      </trkpt>
      <trkpt lat="44.15801" lon="6.72599">
        <ele>1745.6</ele>
      </trkpt>
      <trkpt lat="44.15804" lon="6.72601">
        <ele>1745.9</ele>
      </trkpt>
      <trkpt lat="44.15807" lon="6.72603">
        <ele>1746.2</ele>
      </trkpt>
      <trkpt lat="44.15813" lon="6.72606">
        <ele>1747.1</ele>
      </trkpt>
      <trkpt lat="44.15819" lon="6.7261">
        <ele>1747.7</ele>
      </trkpt>
      <trkpt lat="44.1582" lon="6.72611">
        <ele>1747.8</ele>
      </trkpt>
      <trkpt lat="44.15829" lon="6.72619">
        <ele>1748.3</ele>
      </trkpt>
      <trkpt lat="44.15834" lon="6.72624">
        <ele>1748.2</ele>
      </trkpt>
      <trkpt lat="44.15835" lon="6.72625">
        <ele>1747.9</ele>
      </trkpt>
      <trkpt lat="44.15839" lon="6.72629">
        <ele>1746.6</ele>
      </trkpt>
      <trkpt lat="44.15843" lon="6.72633">
        <ele>1745.5</ele>
      </trkpt>
      <trkpt lat="44.15848" lon="6.72637">
        <ele>1744.3</ele>
      </trkpt>
      <trkpt lat="44.15851" lon="6.72638">
        <ele>1744.0</ele>
      </trkpt>
      <trkpt lat="44.15853" lon="6.72639">
        <ele>1743.7</ele>
      </trkpt>
      <trkpt lat="44.15855" lon="6.7264">
        <ele>1743.4</ele>
      </trkpt>
      <trkpt lat="44.15858" lon="6.72639">
        <ele>1743.5</ele>
      </trkpt>
      <trkpt lat="44.15861" lon="6.72639">
        <ele>1743.4</ele>
      </trkpt>
      <trkpt lat="44.15864" lon="6.72637">
        <ele>1743.7</ele>
      </trkpt>
      <trkpt lat="44.15866" lon="6.72635">
        <ele>1744.1</ele>
      </trkpt>
      <trkpt lat="44.15867" lon="6.72633">
        <ele>1744.4</ele>
      </trkpt>
      <trkpt lat="44.15869" lon="6.7263">
        <ele>1744.9</ele>
      </trkpt>
      <trkpt lat="44.15872" lon="6.72625">
        <ele>1745.7</ele>
      </trkpt>
      <trkpt lat="44.15878" lon="6.72613">
        <ele>1747.4</ele>
      </trkpt>
      <trkpt lat="44.15882" lon="6.72607">
        <ele>1748.1</ele>
      </trkpt>
      <trkpt lat="44.15884" lon="6.726">
        <ele>1749.0</ele>
      </trkpt>
      <trkpt lat="44.15886" lon="6.72593">
        <ele>1749.9</ele>
      </trkpt>
      <trkpt lat="44.15887" lon="6.72591">
        <ele>1750.1</ele>
      </trkpt>
      <trkpt lat="44.15888" lon="6.72586">
        <ele>1750.7</ele>
      </trkpt>
      <trkpt lat="44.15889" lon="6.72578">
        <ele>1751.5</ele>
      </trkpt>
      <trkpt lat="44.1589" lon="6.7257">
        <ele>1752.2</ele>
      </trkpt>
      <trkpt lat="44.1589" lon="6.72567">
        <ele>1752.5</ele>
      </trkpt>
      <trkpt lat="44.1589" lon="6.72562">
        <ele>1753.0</ele>
      </trkpt>
      <trkpt lat="44.1589" lon="6.72554">
        <ele>1753.8</ele>
      </trkpt>
      <trkpt lat="44.15889" lon="6.72545">
        <ele>1755.0</ele>
      </trkpt>
      <trkpt lat="44.15889" lon="6.72542">
        <ele>1755.3</ele>
      </trkpt>
      <trkpt lat="44.15889" lon="6.72537">
        <ele>1755.8</ele>
      </trkpt>
      <trkpt lat="44.15888" lon="6.72528">
        <ele>1757.0</ele>
      </trkpt>
      <trkpt lat="44.15887" lon="6.7252">
        <ele>1758.2</ele>
      </trkpt>
      <trkpt lat="44.15886" lon="6.72511">
        <ele>1759.6</ele>
      </trkpt>
      <trkpt lat="44.15884" lon="6.72503">
        <ele>1761.4</ele>
      </trkpt>
      <trkpt lat="44.15884" lon="6.72494">
        <ele>1762.1</ele>
      </trkpt>
      <trkpt lat="44.15883" lon="6.72492">
        <ele>1762.7</ele>
      </trkpt>
      <trkpt lat="44.15882" lon="6.72485">
        <ele>1763.6</ele>
      </trkpt>
      <trkpt lat="44.15881" lon="6.72477">
        <ele>1764.5</ele>
      </trkpt>
      <trkpt lat="44.1588" lon="6.72468">
        <ele>1765.6</ele>
      </trkpt>
      <trkpt lat="44.1588" lon="6.72467">
        <ele>1765.7</ele>
      </trkpt>
      <trkpt lat="44.15878" lon="6.72458">
        <ele>1767.3</ele>
      </trkpt>
      <trkpt lat="44.158769" lon="6.7245">
        <ele>1768.4</ele>
      </trkpt>
      <trkpt lat="44.15876" lon="6.72443">
        <ele>1769.4</ele>
      </trkpt>
      <trkpt lat="44.15876" lon="6.72441">
        <ele>1769.6</ele>
      </trkpt>
      <trkpt lat="44.15875" lon="6.72431">
        <ele>1770.9</ele>
      </trkpt>
      <trkpt lat="44.15874" lon="6.72421">
        <ele>1772.2</ele>
      </trkpt>
      <trkpt lat="44.15873" lon="6.72419">
        <ele>1772.9</ele>
      </trkpt>
      <trkpt lat="44.15872" lon="6.72412">
        <ele>1774.0</ele>
      </trkpt>
      <trkpt lat="44.15871" lon="6.72403">
        <ele>1775.3</ele>
      </trkpt>
      <trkpt lat="44.1587" lon="6.72393">
        <ele>1776.7</ele>
      </trkpt>
      <trkpt lat="44.1587" lon="6.72383">
        <ele>1777.6</ele>
      </trkpt>
      <trkpt lat="44.15869" lon="6.72373">
        <ele>1779.0</ele>
      </trkpt>
      <trkpt lat="44.15869" lon="6.72369">
        <ele>1779.4</ele>
      </trkpt>
      <trkpt lat="44.15869" lon="6.72363">
        <ele>1779.9</ele>
      </trkpt>
      <trkpt lat="44.15869" lon="6.72353">
        <ele>1780.8</ele>
      </trkpt>
      <trkpt lat="44.15869" lon="6.72344">
        <ele>1781.5</ele>
      </trkpt>
      <trkpt lat="44.15869" lon="6.72342">
        <ele>1781.7</ele>
      </trkpt>
      <trkpt lat="44.1587" lon="6.72331">
        <ele>1782.0</ele>
      </trkpt>
      <trkpt lat="44.15871" lon="6.72321">
        <ele>1782.1</ele>
      </trkpt>
      <trkpt lat="44.15872" lon="6.72311">
        <ele>1782.3</ele>
      </trkpt>
      <trkpt lat="44.15874" lon="6.72299">
        <ele>1782.0</ele>
      </trkpt>
      <trkpt lat="44.15875" lon="6.72289">
        <ele>1782.2</ele>
      </trkpt>
      <trkpt lat="44.15876" lon="6.72278">
        <ele>1782.5</ele>
      </trkpt>
      <trkpt lat="44.158769" lon="6.72269">
        <ele>1782.6</ele>
      </trkpt>
      <trkpt lat="44.158769" lon="6.72268">
        <ele>1782.7</ele>
      </trkpt>
      <trkpt lat="44.15879" lon="6.72255">
        <ele>1782.6</ele>
      </trkpt>
      <trkpt lat="44.1588" lon="6.72245">
        <ele>1783.0</ele>
      </trkpt>
      <trkpt lat="44.15881" lon="6.72234">
        <ele>1783.7</ele>
      </trkpt>
      <trkpt lat="44.15882" lon="6.72222">
        <ele>1784.5</ele>
      </trkpt>
      <trkpt lat="44.15883" lon="6.72211">
        <ele>1785.2</ele>
      </trkpt>
      <trkpt lat="44.15883" lon="6.722">
        <ele>1786.5</ele>
      </trkpt>
      <trkpt lat="44.15883" lon="6.72189">
        <ele>1787.8</ele>
      </trkpt>
      <trkpt lat="44.15882" lon="6.72178">
        <ele>1789.6</ele>
      </trkpt>
      <trkpt lat="44.15882" lon="6.72167">
        <ele>1790.9</ele>
      </trkpt>
      <trkpt lat="44.15881" lon="6.72155">
        <ele>1792.1</ele>
      </trkpt>
      <trkpt lat="44.15881" lon="6.72143">
        <ele>1792.8</ele>
      </trkpt>
      <trkpt lat="44.15881" lon="6.72133">
        <ele>1793.3</ele>
      </trkpt>
      <trkpt lat="44.15882" lon="6.72121">
        <ele>1793.3</ele>
      </trkpt>
      <trkpt lat="44.15883" lon="6.7211">
        <ele>1793.2</ele>
      </trkpt>
      <trkpt lat="44.15884" lon="6.721">
        <ele>1793.1</ele>
      </trkpt>
      <trkpt lat="44.15884" lon="6.72095">
        <ele>1793.4</ele>
      </trkpt>
      <trkpt lat="44.15885" lon="6.72089">
        <ele>1793.1</ele>
      </trkpt>
      <trkpt lat="44.15885" lon="6.72079">
        <ele>1793.6</ele>
      </trkpt>
      <trkpt lat="44.15884" lon="6.7207">
        <ele>1794.7</ele>
      </trkpt>
      <trkpt lat="44.15884" lon="6.72068">
        <ele>1794.8</ele>
      </trkpt>
      <trkpt lat="44.15883" lon="6.72058">
        <ele>1796.0</ele>
      </trkpt>
      <trkpt lat="44.15883" lon="6.72047">
        <ele>1796.6</ele>
      </trkpt>
      <trkpt lat="44.15882" lon="6.72045">
        <ele>1797.3</ele>
      </trkpt>
      <trkpt lat="44.15882" lon="6.72037">
        <ele>1797.8</ele>
      </trkpt>
      <trkpt lat="44.15882" lon="6.72027">
        <ele>1798.3</ele>
      </trkpt>
      <trkpt lat="44.15882" lon="6.72017">
        <ele>1798.9</ele>
      </trkpt>
      <trkpt lat="44.15883" lon="6.72006">
        <ele>1798.9</ele>
      </trkpt>
      <trkpt lat="44.15883" lon="6.71997">
        <ele>1799.0</ele>
      </trkpt>
      <trkpt lat="44.15883" lon="6.71988">
        <ele>1798.5</ele>
      </trkpt>
      <trkpt lat="44.15883" lon="6.71978">
        <ele>1797.9</ele>
      </trkpt>
      <trkpt lat="44.15881" lon="6.71968">
        <ele>1798.5</ele>
      </trkpt>
      <trkpt lat="44.15879" lon="6.71958">
        <ele>1799.2</ele>
      </trkpt>
      <trkpt lat="44.15878" lon="6.71949">
        <ele>1799.3</ele>
      </trkpt>
      <trkpt lat="44.15878" lon="6.71946">
        <ele>1799.2</ele>
      </trkpt>
      <trkpt lat="44.158769" lon="6.7194">
        <ele>1799.5</ele>
      </trkpt>
      <trkpt lat="44.15876" lon="6.7193">
        <ele>1799.6</ele>
      </trkpt>
      <trkpt lat="44.15875" lon="6.71921">
        <ele>1799.7</ele>
      </trkpt>
      <trkpt lat="44.15875" lon="6.7192">
        <ele>1799.7</ele>
      </trkpt>
      <trkpt lat="44.15874" lon="6.71911">
        <ele>1799.4</ele>
      </trkpt>
      <trkpt lat="44.15873" lon="6.71901">
        <ele>1798.8</ele>
      </trkpt>
      <trkpt lat="44.15872" lon="6.71896">
        <ele>1798.8</ele>
      </trkpt>
      <trkpt lat="44.15871" lon="6.71891">
        <ele>1798.9</ele>
      </trkpt>
      <trkpt lat="44.15869" lon="6.71882">
        <ele>1799.0</ele>
      </trkpt>
      <trkpt lat="44.15866" lon="6.71873">
        <ele>1799.8</ele>
      </trkpt>
      <trkpt lat="44.15863" lon="6.71863">
        <ele>1800.4</ele>
      </trkpt>
      <trkpt lat="44.1586" lon="6.71853">
        <ele>1801.0</ele>
      </trkpt>
      <trkpt lat="44.15858" lon="6.71844">
        <ele>1801.0</ele>
      </trkpt>
      <trkpt lat="44.15855" lon="6.71834">
        <ele>1801.6</ele>
      </trkpt>
      <trkpt lat="44.15853" lon="6.71826">
        <ele>1801.8</ele>
      </trkpt>
      <trkpt lat="44.15849" lon="6.71814">
        <ele>1802.6</ele>
      </trkpt>
      <trkpt lat="44.15846" lon="6.71803">
        <ele>1802.9</ele>
      </trkpt>
      <trkpt lat="44.1584" lon="6.71783">
        <ele>1803.5</ele>
      </trkpt>
      <trkpt lat="44.15839" lon="6.7178">
        <ele>1803.6</ele>
      </trkpt>
      <trkpt lat="44.15834" lon="6.71762">
        <ele>1803.5</ele>
      </trkpt>
      <trkpt lat="44.15828" lon="6.71741">
        <ele>1806.1</ele>
      </trkpt>
      <trkpt lat="44.15826" lon="6.71733">
        <ele>1807.6</ele>
      </trkpt>
      <trkpt lat="44.15825" lon="6.7173">
        <ele>1808.3</ele>
      </trkpt>
      <trkpt lat="44.15823" lon="6.7172">
        <ele>1809.8</ele>
      </trkpt>
      <trkpt lat="44.158209" lon="6.7171">
        <ele>1811.2</ele>
      </trkpt>
      <trkpt lat="44.158209" lon="6.71709">
        <ele>1811.2</ele>
      </trkpt>
      <trkpt lat="44.1582" lon="6.71699">
        <ele>1811.8</ele>
      </trkpt>
      <trkpt lat="44.1582" lon="6.71689">
        <ele>1811.9</ele>
      </trkpt>
      <trkpt lat="44.1582" lon="6.71684">
        <ele>1811.9</ele>
      </trkpt>
      <trkpt lat="44.1582" lon="6.7168">
        <ele>1812.0</ele>
      </trkpt>
      <trkpt lat="44.15822" lon="6.71671">
        <ele>1811.1</ele>
      </trkpt>
      <trkpt lat="44.15824" lon="6.71662">
        <ele>1810.8</ele>
      </trkpt>
      <trkpt lat="44.15825" lon="6.7166">
        <ele>1810.5</ele>
      </trkpt>
      <trkpt lat="44.15827" lon="6.71654">
        <ele>1810.4</ele>
      </trkpt>
      <trkpt lat="44.158299" lon="6.71646">
        <ele>1810.1</ele>
      </trkpt>
      <trkpt lat="44.15833" lon="6.71639">
        <ele>1809.8</ele>
      </trkpt>
      <trkpt lat="44.15833" lon="6.71638">
        <ele>1809.9</ele>
      </trkpt>
      <trkpt lat="44.15835" lon="6.7163">
        <ele>1810.4</ele>
      </trkpt>
      <trkpt lat="44.15837" lon="6.71622">
        <ele>1811.0</ele>
      </trkpt>
      <trkpt lat="44.15837" lon="6.71613">
        <ele>1812.2</ele>
      </trkpt>
      <trkpt lat="44.15836" lon="6.71605">
        <ele>1813.5</ele>
      </trkpt>
      <trkpt lat="44.15834" lon="6.71587">
        <ele>1816.4</ele>
      </trkpt>
      <trkpt lat="44.15833" lon="6.71572">
        <ele>1819.3</ele>
      </trkpt>
      <trkpt lat="44.15834" lon="6.71561">
        <ele>1821.2</ele>
      </trkpt>
      <trkpt lat="44.15839" lon="6.71546">
        <ele>1823.2</ele>
      </trkpt>
      <trkpt lat="44.15842" lon="6.71541">
        <ele>1823.7</ele>
      </trkpt>
      <trkpt lat="44.15843" lon="6.71539">
        <ele>1823.9</ele>
      </trkpt>
      <trkpt lat="44.15847" lon="6.71531">
        <ele>1824.9</ele>
      </trkpt>
      <trkpt lat="44.15851" lon="6.71525">
        <ele>1825.5</ele>
      </trkpt>
      <trkpt lat="44.15853" lon="6.71522">
        <ele>1825.8</ele>
      </trkpt>
      <trkpt lat="44.1586" lon="6.71513">
        <ele>1826.7</ele>
      </trkpt>
      <trkpt lat="44.15865" lon="6.71506">
        <ele>1827.5</ele>
      </trkpt>
      <trkpt lat="44.15866" lon="6.71505">
        <ele>1827.6</ele>
      </trkpt>
      <trkpt lat="44.15875" lon="6.71496">
        <ele>1828.6</ele>
      </trkpt>
      <trkpt lat="44.15881" lon="6.7149">
        <ele>1829.4</ele>
      </trkpt>
      <trkpt lat="44.15892" lon="6.71483">
        <ele>1829.9</ele>
      </trkpt>
      <trkpt lat="44.158969" lon="6.7148">
        <ele>1830.0</ele>
      </trkpt>
      <trkpt lat="44.15903" lon="6.7148">
        <ele>1829.2</ele>
      </trkpt>
      <trkpt lat="44.15917" lon="6.7148">
        <ele>1827.3</ele>
      </trkpt>
      <trkpt lat="44.15928" lon="6.71483">
        <ele>1826.3</ele>
      </trkpt>
      <trkpt lat="44.15938" lon="6.71487">
        <ele>1825.2</ele>
      </trkpt>
      <trkpt lat="44.1594" lon="6.71488">
        <ele>1824.9</ele>
      </trkpt>
      <trkpt lat="44.15952" lon="6.71494">
        <ele>1823.6</ele>
      </trkpt>
      <trkpt lat="44.15955" lon="6.71496">
        <ele>1823.2</ele>
      </trkpt>
      <trkpt lat="44.15963" lon="6.715">
        <ele>1822.6</ele>
      </trkpt>
      <trkpt lat="44.15973" lon="6.71502">
        <ele>1822.2</ele>
      </trkpt>
      <trkpt lat="44.15974" lon="6.71502">
        <ele>1822.2</ele>
      </trkpt>
      <trkpt lat="44.15979" lon="6.71501">
        <ele>1822.5</ele>
      </trkpt>
      <trkpt lat="44.15984" lon="6.715">
        <ele>1822.8</ele>
      </trkpt>
      <trkpt lat="44.1599" lon="6.71498">
        <ele>1823.1</ele>
      </trkpt>
      <trkpt lat="44.159999" lon="6.71493">
        <ele>1823.8</ele>
      </trkpt>
      <trkpt lat="44.16008" lon="6.71491">
        <ele>1821.8</ele>
      </trkpt>
      <trkpt lat="44.16011" lon="6.7149">
        <ele>1821.1</ele>
      </trkpt>
      <trkpt lat="44.16021" lon="6.71485">
        <ele>1819.0</ele>
      </trkpt>
      <trkpt lat="44.16025" lon="6.71483">
        <ele>1818.1</ele>
      </trkpt>
      <trkpt lat="44.16028" lon="6.7148">
        <ele>1817.6</ele>
      </trkpt>
      <trkpt lat="44.16035" lon="6.71473">
        <ele>1816.4</ele>
      </trkpt>
      <trkpt lat="44.16039" lon="6.71467">
        <ele>1815.9</ele>
      </trkpt>
      <trkpt lat="44.1604" lon="6.71466">
        <ele>1815.7</ele>
      </trkpt>
      <trkpt lat="44.16044" lon="6.71454">
        <ele>1815.8</ele>
      </trkpt>
      <trkpt lat="44.16045" lon="6.71444">
        <ele>1816.4</ele>
      </trkpt>
      <trkpt lat="44.16046" lon="6.71438">
        <ele>1816.7</ele>
      </trkpt>
      <trkpt lat="44.160469" lon="6.7143">
        <ele>1817.2</ele>
      </trkpt>
      <trkpt lat="44.16048" lon="6.71421">
        <ele>1817.8</ele>
      </trkpt>
      <trkpt lat="44.16048" lon="6.7142">
        <ele>1817.9</ele>
      </trkpt>
      <trkpt lat="44.16048" lon="6.71413">
        <ele>1818.4</ele>
      </trkpt>
      <trkpt lat="44.160469" lon="6.71405">
        <ele>1819.3</ele>
      </trkpt>
      <trkpt lat="44.16044" lon="6.71395">
        <ele>1821.0</ele>
      </trkpt>
      <trkpt lat="44.16041" lon="6.71381">
        <ele>1823.0</ele>
      </trkpt>
      <trkpt lat="44.16037" lon="6.71367">
        <ele>1825.4</ele>
      </trkpt>
      <trkpt lat="44.16035" lon="6.71358">
        <ele>1826.9</ele>
      </trkpt>
      <trkpt lat="44.16035" lon="6.7135">
        <ele>1827.6</ele>
      </trkpt>
      <trkpt lat="44.16035" lon="6.71347">
        <ele>1827.8</ele>
      </trkpt>
      <trkpt lat="44.16035" lon="6.7134">
        <ele>1828.4</ele>
      </trkpt>
      <trkpt lat="44.16035" lon="6.71333">
        <ele>1829.0</ele>
      </trkpt>
      <trkpt lat="44.16037" lon="6.71323">
        <ele>1830.2</ele>
      </trkpt>
      <trkpt lat="44.16038" lon="6.71317">
        <ele>1830.9</ele>
      </trkpt>
      <trkpt lat="44.16041" lon="6.71309">
        <ele>1831.3</ele>
      </trkpt>
      <trkpt lat="44.16045" lon="6.713">
        <ele>1831.4</ele>
      </trkpt>
      <trkpt lat="44.16048" lon="6.71295">
        <ele>1831.2</ele>
      </trkpt>
      <trkpt lat="44.16055" lon="6.7128">
        <ele>1831.4</ele>
      </trkpt>
      <trkpt lat="44.16059" lon="6.71272">
        <ele>1831.3</ele>
      </trkpt>
      <trkpt lat="44.16066" lon="6.7126">
        <ele>1830.8</ele>
      </trkpt>
      <trkpt lat="44.16067" lon="6.71258">
        <ele>1830.8</ele>
      </trkpt>
      <trkpt lat="44.16072" lon="6.71251">
        <ele>1830.2</ele>
      </trkpt>
      <trkpt lat="44.16081" lon="6.71237">
        <ele>1831.1</ele>
      </trkpt>
      <trkpt lat="44.1609" lon="6.71225">
        <ele>1832.5</ele>
      </trkpt>
      <trkpt lat="44.16091" lon="6.71224">
        <ele>1832.6</ele>
      </trkpt>
      <trkpt lat="44.16107" lon="6.71212">
        <ele>1832.5</ele>
      </trkpt>
      <trkpt lat="44.1611" lon="6.7121">
        <ele>1832.4</ele>
      </trkpt>
      <trkpt lat="44.1612" lon="6.71202">
        <ele>1832.4</ele>
      </trkpt>
      <trkpt lat="44.16123" lon="6.712">
        <ele>1832.2</ele>
      </trkpt>
      <trkpt lat="44.16131" lon="6.71196">
        <ele>1831.3</ele>
      </trkpt>
      <trkpt lat="44.16139" lon="6.71189">
        <ele>1831.3</ele>
      </trkpt>
      <trkpt lat="44.16145" lon="6.71185">
        <ele>1830.8</ele>
      </trkpt>
      <trkpt lat="44.16155" lon="6.71181">
        <ele>1829.3</ele>
      </trkpt>
      <trkpt lat="44.16156" lon="6.7118">
        <ele>1829.3</ele>
      </trkpt>
      <trkpt lat="44.16165" lon="6.71176">
        <ele>1828.0</ele>
      </trkpt>
      <trkpt lat="44.16173" lon="6.71172">
        <ele>1828.1</ele>
      </trkpt>
      <trkpt lat="44.16175" lon="6.71171">
        <ele>1828.2</ele>
      </trkpt>
      <trkpt lat="44.16183" lon="6.71165">
        <ele>1829.2</ele>
      </trkpt>
      <trkpt lat="44.16189" lon="6.71161">
        <ele>1829.9</ele>
      </trkpt>
      <trkpt lat="44.16191" lon="6.7116">
        <ele>1830.0</ele>
      </trkpt>
      <trkpt lat="44.16201" lon="6.71151">
        <ele>1831.5</ele>
      </trkpt>
      <trkpt lat="44.16204" lon="6.71147">
        <ele>1832.2</ele>
      </trkpt>
      <trkpt lat="44.16205" lon="6.71146">
        <ele>1832.4</ele>
      </trkpt>
      <trkpt lat="44.16209" lon="6.71139">
        <ele>1833.7</ele>
      </trkpt>
      <trkpt lat="44.16213" lon="6.71126">
        <ele>1836.4</ele>
      </trkpt>
      <trkpt lat="44.16217" lon="6.71117">
        <ele>1835.4</ele>
      </trkpt>
      <trkpt lat="44.16222" lon="6.7111">
        <ele>1834.5</ele>
      </trkpt>
      <trkpt lat="44.16225" lon="6.71107">
        <ele>1834.1</ele>
      </trkpt>
      <trkpt lat="44.16229" lon="6.71106">
        <ele>1833.6</ele>
      </trkpt>
      <trkpt lat="44.16233" lon="6.71106">
        <ele>1833.1</ele>
      </trkpt>
      <trkpt lat="44.16236" lon="6.71107">
        <ele>1832.7</ele>
      </trkpt>
      <trkpt lat="44.16239" lon="6.7111">
        <ele>1832.3</ele>
      </trkpt>
      <trkpt lat="44.16241" lon="6.71111">
        <ele>1832.0</ele>
      </trkpt>
      <trkpt lat="44.16243" lon="6.71113">
        <ele>1831.7</ele>
      </trkpt>
      <trkpt lat="44.162439" lon="6.71115">
        <ele>1831.5</ele>
      </trkpt>
      <trkpt lat="44.162529" lon="6.7113">
        <ele>1829.8</ele>
      </trkpt>
      <trkpt lat="44.16259" lon="6.71138">
        <ele>1829.8</ele>
      </trkpt>
      <trkpt lat="44.1626" lon="6.71138">
        <ele>1830.0</ele>
      </trkpt>
      <trkpt lat="44.16269" lon="6.71149">
        <ele>1830.2</ele>
      </trkpt>
      <trkpt lat="44.16274" lon="6.71154">
        <ele>1830.5</ele>
      </trkpt>
      <trkpt lat="44.16279" lon="6.71161">
        <ele>1830.5</ele>
      </trkpt>
      <trkpt lat="44.16287" lon="6.71171">
        <ele>1830.8</ele>
      </trkpt>
      <trkpt lat="44.16288" lon="6.71173">
        <ele>1830.7</ele>
      </trkpt>
      <trkpt lat="44.16295" lon="6.71184">
        <ele>1830.6</ele>
      </trkpt>
      <trkpt lat="44.16298" lon="6.71191">
        <ele>1830.2</ele>
      </trkpt>
      <trkpt lat="44.16298" lon="6.71192">
        <ele>1830.1</ele>
      </trkpt>
      <trkpt lat="44.16301" lon="6.712">
        <ele>1829.5</ele>
      </trkpt>
      <trkpt lat="44.16305" lon="6.71208">
        <ele>1829.1</ele>
      </trkpt>
      <trkpt lat="44.16307" lon="6.71213">
        <ele>1828.7</ele>
      </trkpt>
      <trkpt lat="44.16307" lon="6.71214">
        <ele>1828.6</ele>
      </trkpt>
      <trkpt lat="44.163089" lon="6.71218">
        <ele>1828.4</ele>
      </trkpt>
      <trkpt lat="44.16311" lon="6.71221">
        <ele>1828.3</ele>
      </trkpt>
      <trkpt lat="44.16313" lon="6.71222">
        <ele>1828.6</ele>
      </trkpt>
      <trkpt lat="44.16317" lon="6.71224">
        <ele>1829.1</ele>
      </trkpt>
      <trkpt lat="44.16319" lon="6.71225">
        <ele>1829.3</ele>
      </trkpt>
      <trkpt lat="44.16321" lon="6.71225">
        <ele>1829.7</ele>
      </trkpt>
      <trkpt lat="44.16324" lon="6.71224">
        <ele>1830.5</ele>
      </trkpt>
      <trkpt lat="44.16326" lon="6.71223">
        <ele>1831.0</ele>
      </trkpt>
      <trkpt lat="44.16328" lon="6.71221">
        <ele>1831.8</ele>
      </trkpt>
      <trkpt lat="44.16335" lon="6.71215">
        <ele>1834.2</ele>
      </trkpt>
      <trkpt lat="44.16336" lon="6.71212">
        <ele>1834.9</ele>
      </trkpt>
      <trkpt lat="44.1634" lon="6.71208">
        <ele>1836.2</ele>
      </trkpt>
      <trkpt lat="44.16344" lon="6.71203">
        <ele>1837.7</ele>
      </trkpt>
      <trkpt lat="44.16349" lon="6.71198">
        <ele>1839.4</ele>
      </trkpt>
      <trkpt lat="44.16352" lon="6.71194">
        <ele>1840.6</ele>
      </trkpt>
      <trkpt lat="44.163559" lon="6.7119">
        <ele>1842.0</ele>
      </trkpt>
      <trkpt lat="44.1636" lon="6.71186">
        <ele>1843.3</ele>
      </trkpt>
      <trkpt lat="44.16366" lon="6.71184">
        <ele>1844.7</ele>
      </trkpt>
      <trkpt lat="44.16368" lon="6.71182">
        <ele>1845.3</ele>
      </trkpt>
      <trkpt lat="44.16372" lon="6.71181">
        <ele>1846.2</ele>
      </trkpt>
      <trkpt lat="44.16379" lon="6.71181">
        <ele>1847.4</ele>
      </trkpt>
      <trkpt lat="44.16383" lon="6.71182">
        <ele>1847.9</ele>
      </trkpt>
      <trkpt lat="44.16384" lon="6.71182">
        <ele>1848.0</ele>
      </trkpt>
      <trkpt lat="44.16389" lon="6.71182">
        <ele>1848.9</ele>
      </trkpt>
      <trkpt lat="44.16396" lon="6.71185">
        <ele>1849.6</ele>
      </trkpt>
      <trkpt lat="44.16401" lon="6.71187">
        <ele>1850.2</ele>
      </trkpt>
      <trkpt lat="44.164029" lon="6.71188">
        <ele>1850.3</ele>
      </trkpt>
      <trkpt lat="44.16411" lon="6.71195">
        <ele>1850.6</ele>
      </trkpt>
      <trkpt lat="44.16415" lon="6.71202">
        <ele>1850.2</ele>
      </trkpt>
      <trkpt lat="44.16416" lon="6.71202">
        <ele>1850.4</ele>
      </trkpt>
      <trkpt lat="44.16419" lon="6.71212">
        <ele>1849.5</ele>
      </trkpt>
      <trkpt lat="44.16422" lon="6.71222">
        <ele>1848.7</ele>
      </trkpt>
      <trkpt lat="44.16424" lon="6.71231">
        <ele>1847.9</ele>
      </trkpt>
      <trkpt lat="44.16427" lon="6.7124">
        <ele>1847.3</ele>
      </trkpt>
      <trkpt lat="44.1643" lon="6.71247">
        <ele>1847.0</ele>
      </trkpt>
      <trkpt lat="44.16433" lon="6.71254">
        <ele>1846.5</ele>
      </trkpt>
      <trkpt lat="44.16438" lon="6.7126">
        <ele>1846.7</ele>
      </trkpt>
      <trkpt lat="44.16443" lon="6.71263">
        <ele>1847.3</ele>
      </trkpt>
      <trkpt lat="44.16445" lon="6.71264">
        <ele>1847.6</ele>
      </trkpt>
      <trkpt lat="44.164499" lon="6.71267">
        <ele>1848.3</ele>
      </trkpt>
      <trkpt lat="44.16458" lon="6.7127">
        <ele>1849.6</ele>
      </trkpt>
      <trkpt lat="44.1646" lon="6.7127">
        <ele>1850.1</ele>
      </trkpt>
      <trkpt lat="44.16464" lon="6.7127">
        <ele>1851.1</ele>
      </trkpt>
      <trkpt lat="44.16471" lon="6.71271">
        <ele>1852.6</ele>
      </trkpt>
      <trkpt lat="44.16478" lon="6.71273">
        <ele>1853.8</ele>
      </trkpt>
      <trkpt lat="44.16478" lon="6.71274">
        <ele>1853.6</ele>
      </trkpt>
      <trkpt lat="44.16482" lon="6.71275">
        <ele>1854.3</ele>
      </trkpt>
      <trkpt lat="44.16489" lon="6.71278">
        <ele>1855.3</ele>
      </trkpt>
      <trkpt lat="44.164969" lon="6.71283">
        <ele>1856.0</ele>
      </trkpt>
      <trkpt lat="44.16505" lon="6.71288">
        <ele>1856.2</ele>
      </trkpt>
      <trkpt lat="44.1651" lon="6.71294">
        <ele>1855.4</ele>
      </trkpt>
      <trkpt lat="44.16516" lon="6.71299">
        <ele>1855.1</ele>
      </trkpt>
      <trkpt lat="44.16521" lon="6.71304">
        <ele>1854.7</ele>
      </trkpt>
      <trkpt lat="44.16525" lon="6.71306">
        <ele>1854.8</ele>
      </trkpt>
      <trkpt lat="44.16526" lon="6.71307">
        <ele>1854.7</ele>
      </trkpt>
      <trkpt lat="44.16529" lon="6.71308">
        <ele>1854.9</ele>
      </trkpt>
      <trkpt lat="44.16536" lon="6.71307">
        <ele>1856.3</ele>
      </trkpt>
      <trkpt lat="44.16541" lon="6.71304">
        <ele>1857.8</ele>
      </trkpt>
      <trkpt lat="44.16543" lon="6.71302">
        <ele>1858.5</ele>
      </trkpt>
      <trkpt lat="44.16545" lon="6.71301">
        <ele>1859.1</ele>
      </trkpt>
      <trkpt lat="44.16549" lon="6.71297">
        <ele>1860.6</ele>
      </trkpt>
      <trkpt lat="44.16555" lon="6.71293">
        <ele>1862.4</ele>
      </trkpt>
      <trkpt lat="44.16563" lon="6.71288">
        <ele>1864.8</ele>
      </trkpt>
      <trkpt lat="44.16573" lon="6.71284">
        <ele>1867.1</ele>
      </trkpt>
      <trkpt lat="44.16576" lon="6.71284">
        <ele>1867.6</ele>
      </trkpt>
      <trkpt lat="44.16583" lon="6.71282">
        <ele>1869.0</ele>
      </trkpt>
      <trkpt lat="44.1659" lon="6.71282">
        <ele>1870.7</ele>
      </trkpt>
      <trkpt lat="44.16594" lon="6.7128">
        <ele>1872.1</ele>
      </trkpt>
      <trkpt lat="44.16595" lon="6.7128">
        <ele>1872.4</ele>
      </trkpt>
      <trkpt lat="44.16596" lon="6.71279">
        <ele>1872.8</ele>
      </trkpt>
      <trkpt lat="44.16597" lon="6.71277">
        <ele>1873.5</ele>
      </trkpt>
      <trkpt lat="44.16597" lon="6.71276">
        <ele>1873.7</ele>
      </trkpt>
      <trkpt lat="44.16598" lon="6.71275">
        <ele>1874.1</ele>
      </trkpt>
      <trkpt lat="44.16598" lon="6.71274">
        <ele>1874.3</ele>
      </trkpt>
      <trkpt lat="44.16598" lon="6.71273">
        <ele>1874.5</ele>
      </trkpt>
      <trkpt lat="44.16598" lon="6.71272">
        <ele>1874.7</ele>
      </trkpt>
      <trkpt lat="44.16597" lon="6.7127">
        <ele>1874.9</ele>
      </trkpt>
      <trkpt lat="44.16597" lon="6.71269">
        <ele>1875.1</ele>
      </trkpt>
      <trkpt lat="44.16596" lon="6.71267">
        <ele>1875.3</ele>
      </trkpt>
      <trkpt lat="44.16595" lon="6.71267">
        <ele>1875.1</ele>
      </trkpt>
      <trkpt lat="44.16594" lon="6.71266">
        <ele>1875.0</ele>
      </trkpt>
      <trkpt lat="44.165909" lon="6.71265">
        <ele>1874.5</ele>
      </trkpt>
      <trkpt lat="44.16589" lon="6.71265">
        <ele>1874.1</ele>
      </trkpt>
      <trkpt lat="44.16588" lon="6.71266">
        <ele>1873.6</ele>
      </trkpt>
      <trkpt lat="44.16586" lon="6.71266">
        <ele>1873.2</ele>
      </trkpt>
      <trkpt lat="44.165819" lon="6.71267">
        <ele>1872.1</ele>
      </trkpt>
      <trkpt lat="44.16574" lon="6.71269">
        <ele>1870.6</ele>
      </trkpt>
      <trkpt lat="44.16572" lon="6.71269">
        <ele>1870.3</ele>
      </trkpt>
      <trkpt lat="44.16557" lon="6.71274">
        <ele>1867.1</ele>
      </trkpt>
      <trkpt lat="44.16554" lon="6.71274">
        <ele>1866.6</ele>
      </trkpt>
      <trkpt lat="44.16545" lon="6.71276">
        <ele>1864.9</ele>
      </trkpt>
      <trkpt lat="44.16536" lon="6.71275">
        <ele>1863.8</ele>
      </trkpt>
      <trkpt lat="44.16533" lon="6.71274">
        <ele>1863.7</ele>
      </trkpt>
      <trkpt lat="44.16526" lon="6.71269">
        <ele>1863.9</ele>
      </trkpt>
      <trkpt lat="44.16521" lon="6.71263">
        <ele>1864.6</ele>
      </trkpt>
      <trkpt lat="44.16519" lon="6.71261">
        <ele>1864.8</ele>
      </trkpt>
      <trkpt lat="44.16509" lon="6.7125">
        <ele>1866.2</ele>
      </trkpt>
      <trkpt lat="44.16507" lon="6.71247">
        <ele>1866.3</ele>
      </trkpt>
      <trkpt lat="44.16502" lon="6.71242">
        <ele>1866.3</ele>
      </trkpt>
      <trkpt lat="44.16499" lon="6.71238">
        <ele>1866.3</ele>
      </trkpt>
      <trkpt lat="44.16495" lon="6.71227">
        <ele>1866.8</ele>
      </trkpt>
      <trkpt lat="44.16489" lon="6.71205">
        <ele>1868.2</ele>
      </trkpt>
      <trkpt lat="44.16487" lon="6.71194">
        <ele>1869.2</ele>
      </trkpt>
      <trkpt lat="44.16485" lon="6.71183">
        <ele>1870.2</ele>
      </trkpt>
      <trkpt lat="44.16484" lon="6.71181">
        <ele>1870.2</ele>
      </trkpt>
      <trkpt lat="44.16483" lon="6.71174">
        <ele>1870.9</ele>
      </trkpt>
      <trkpt lat="44.16482" lon="6.71168">
        <ele>1871.5</ele>
      </trkpt>
      <trkpt lat="44.1648" lon="6.71161">
        <ele>1871.7</ele>
      </trkpt>
      <trkpt lat="44.1648" lon="6.71156">
        <ele>1872.1</ele>
      </trkpt>
      <trkpt lat="44.1648" lon="6.71149">
        <ele>1872.6</ele>
      </trkpt>
      <trkpt lat="44.1648" lon="6.71142">
        <ele>1873.2</ele>
      </trkpt>
      <trkpt lat="44.1648" lon="6.71141">
        <ele>1873.2</ele>
      </trkpt>
      <trkpt lat="44.16481" lon="6.71139">
        <ele>1873.6</ele>
      </trkpt>
      <trkpt lat="44.16482" lon="6.71138">
        <ele>1873.9</ele>
      </trkpt>
      <trkpt lat="44.16483" lon="6.71136">
        <ele>1874.2</ele>
      </trkpt>
      <trkpt lat="44.16484" lon="6.71135">
        <ele>1874.5</ele>
      </trkpt>
      <trkpt lat="44.16485" lon="6.71134">
        <ele>1874.7</ele>
      </trkpt>
      <trkpt lat="44.164879" lon="6.71133">
        <ele>1875.4</ele>
      </trkpt>
      <trkpt lat="44.16491" lon="6.71133">
        <ele>1875.9</ele>
      </trkpt>
      <trkpt lat="44.16495" lon="6.71135">
        <ele>1876.6</ele>
      </trkpt>
      <trkpt lat="44.16499" lon="6.71138">
        <ele>1877.2</ele>
      </trkpt>
      <trkpt lat="44.16502" lon="6.71139">
        <ele>1877.6</ele>
      </trkpt>
      <trkpt lat="44.16503" lon="6.7114">
        <ele>1877.7</ele>
      </trkpt>
      <trkpt lat="44.165059" lon="6.71142">
        <ele>1878.0</ele>
      </trkpt>
      <trkpt lat="44.16512" lon="6.71145">
        <ele>1878.6</ele>
      </trkpt>
      <trkpt lat="44.16517" lon="6.71145">
        <ele>1879.2</ele>
      </trkpt>
      <trkpt lat="44.16519" lon="6.71145">
        <ele>1879.5</ele>
      </trkpt>
      <trkpt lat="44.16521" lon="6.71146">
        <ele>1879.7</ele>
      </trkpt>
      <trkpt lat="44.16525" lon="6.71146">
        <ele>1880.2</ele>
      </trkpt>
      <trkpt lat="44.16529" lon="6.71145">
        <ele>1880.8</ele>
      </trkpt>
      <trkpt lat="44.16533" lon="6.71145">
        <ele>1881.3</ele>
      </trkpt>
      <trkpt lat="44.16536" lon="6.71143">
        <ele>1881.8</ele>
      </trkpt>
      <trkpt lat="44.16537" lon="6.71143">
        <ele>1881.9</ele>
      </trkpt>
      <trkpt lat="44.1654" lon="6.71142">
        <ele>1882.3</ele>
      </trkpt>
      <trkpt lat="44.16543" lon="6.71139">
        <ele>1882.8</ele>
      </trkpt>
      <trkpt lat="44.16548" lon="6.71135">
        <ele>1883.6</ele>
      </trkpt>
      <trkpt lat="44.16552" lon="6.7113">
        <ele>1884.4</ele>
      </trkpt>
      <trkpt lat="44.165529" lon="6.71129">
        <ele>1884.5</ele>
      </trkpt>
      <trkpt lat="44.16554" lon="6.71126">
        <ele>1884.8</ele>
      </trkpt>
      <trkpt lat="44.16556" lon="6.71122">
        <ele>1885.2</ele>
      </trkpt>
      <trkpt lat="44.16558" lon="6.71118">
        <ele>1885.6</ele>
      </trkpt>
      <trkpt lat="44.1656" lon="6.71114">
        <ele>1886.0</ele>
      </trkpt>
      <trkpt lat="44.16561" lon="6.7111">
        <ele>1886.3</ele>
      </trkpt>
      <trkpt lat="44.165619" lon="6.71109">
        <ele>1886.4</ele>
      </trkpt>
      <trkpt lat="44.1657" lon="6.71087">
        <ele>1888.3</ele>
      </trkpt>
      <trkpt lat="44.16573" lon="6.71079">
        <ele>1889.0</ele>
      </trkpt>
      <trkpt lat="44.16577" lon="6.71064">
        <ele>1890.4</ele>
      </trkpt>
      <trkpt lat="44.16581" lon="6.71052">
        <ele>1891.6</ele>
      </trkpt>
      <trkpt lat="44.16583" lon="6.7104">
        <ele>1892.6</ele>
      </trkpt>
      <trkpt lat="44.16589" lon="6.71017">
        <ele>1895.5</ele>
      </trkpt>
      <trkpt lat="44.1659" lon="6.71012">
        <ele>1896.0</ele>
      </trkpt>
      <trkpt lat="44.16596" lon="6.70993">
        <ele>1898.6</ele>
      </trkpt>
      <trkpt lat="44.16596" lon="6.70992">
        <ele>1898.7</ele>
      </trkpt>
      <trkpt lat="44.16604" lon="6.70971">
        <ele>1901.7</ele>
      </trkpt>
      <trkpt lat="44.16619" lon="6.70942">
        <ele>1907.1</ele>
      </trkpt>
      <trkpt lat="44.166289" lon="6.70922">
        <ele>1910.9</ele>
      </trkpt>
      <trkpt lat="44.16633" lon="6.70908">
        <ele>1913.0</ele>
      </trkpt>
      <trkpt lat="44.16635" lon="6.70901">
        <ele>1914.0</ele>
      </trkpt>
      <trkpt lat="44.166379" lon="6.70884">
        <ele>1915.9</ele>
      </trkpt>
      <trkpt lat="44.1664" lon="6.7087">
        <ele>1917.2</ele>
      </trkpt>
      <trkpt lat="44.16642" lon="6.7086">
        <ele>1918.1</ele>
      </trkpt>
      <trkpt lat="44.16644" lon="6.70854">
        <ele>1918.7</ele>
      </trkpt>
      <trkpt lat="44.16648" lon="6.7084">
        <ele>1919.9</ele>
      </trkpt>
      <trkpt lat="44.1665" lon="6.70837">
        <ele>1920.3</ele>
      </trkpt>
      <trkpt lat="44.16657" lon="6.70824">
        <ele>1922.1</ele>
      </trkpt>
      <trkpt lat="44.1666" lon="6.70817">
        <ele>1923.0</ele>
      </trkpt>
      <trkpt lat="44.16664" lon="6.70807">
        <ele>1924.3</ele>
      </trkpt>
      <trkpt lat="44.16664" lon="6.708">
        <ele>1925.0</ele>
      </trkpt>
      <trkpt lat="44.16664" lon="6.70796">
        <ele>1925.4</ele>
      </trkpt>
      <trkpt lat="44.16663" lon="6.70791">
        <ele>1925.9</ele>
      </trkpt>
      <trkpt lat="44.16659" lon="6.70784">
        <ele>1926.4</ele>
      </trkpt>
      <trkpt lat="44.166559" lon="6.7078">
        <ele>1926.7</ele>
      </trkpt>
      <trkpt lat="44.16652" lon="6.70778">
        <ele>1926.7</ele>
      </trkpt>
      <trkpt lat="44.16644" lon="6.70775">
        <ele>1926.8</ele>
      </trkpt>
      <trkpt lat="44.16639" lon="6.70774">
        <ele>1926.7</ele>
      </trkpt>
      <trkpt lat="44.16635" lon="6.70773">
        <ele>1926.7</ele>
      </trkpt>
      <trkpt lat="44.16633" lon="6.70773">
        <ele>1926.6</ele>
      </trkpt>
      <trkpt lat="44.16622" lon="6.70773">
        <ele>1926.2</ele>
      </trkpt>
      <trkpt lat="44.16616" lon="6.70773">
        <ele>1926.0</ele>
      </trkpt>
      <trkpt lat="44.16608" lon="6.70775">
        <ele>1925.4</ele>
      </trkpt>
      <trkpt lat="44.16604" lon="6.70775">
        <ele>1925.3</ele>
      </trkpt>
      <trkpt lat="44.16597" lon="6.70776">
        <ele>1924.8</ele>
      </trkpt>
      <trkpt lat="44.16594" lon="6.70776">
        <ele>1924.7</ele>
      </trkpt>
      <trkpt lat="44.16581" lon="6.70779">
        <ele>1923.9</ele>
      </trkpt>
      <trkpt lat="44.16572" lon="6.70783">
        <ele>1923.4</ele>
      </trkpt>
      <trkpt lat="44.16564" lon="6.70786">
        <ele>1923.0</ele>
      </trkpt>
      <trkpt lat="44.165619" lon="6.70787">
        <ele>1922.9</ele>
      </trkpt>
      <trkpt lat="44.16559" lon="6.70787">
        <ele>1923.0</ele>
      </trkpt>
      <trkpt lat="44.16555" lon="6.70788">
        <ele>1922.9</ele>
      </trkpt>
      <trkpt lat="44.16551" lon="6.70787">
        <ele>1923.2</ele>
      </trkpt>
      <trkpt lat="44.165439" lon="6.70785">
        <ele>1923.8</ele>
      </trkpt>
      <trkpt lat="44.16543" lon="6.70785">
        <ele>1923.8</ele>
      </trkpt>
      <trkpt lat="44.16539" lon="6.70783">
        <ele>1924.3</ele>
      </trkpt>
      <trkpt lat="44.165349" lon="6.70782">
        <ele>1924.7</ele>
      </trkpt>
      <trkpt lat="44.16532" lon="6.70781">
        <ele>1925.0</ele>
      </trkpt>
      <trkpt lat="44.16527" lon="6.7078">
        <ele>1925.3</ele>
      </trkpt>
      <trkpt lat="44.16526" lon="6.7078">
        <ele>1925.4</ele>
      </trkpt>
      <trkpt lat="44.16524" lon="6.7078">
        <ele>1925.4</ele>
      </trkpt>
      <trkpt lat="44.16519" lon="6.7078">
        <ele>1925.6</ele>
      </trkpt>
      <trkpt lat="44.16515" lon="6.7078">
        <ele>1925.7</ele>
      </trkpt>
      <trkpt lat="44.16511" lon="6.70779">
        <ele>1926.0</ele>
      </trkpt>
      <trkpt lat="44.16508" lon="6.70777">
        <ele>1926.6</ele>
      </trkpt>
      <trkpt lat="44.16505" lon="6.70774">
        <ele>1927.4</ele>
      </trkpt>
      <trkpt lat="44.16502" lon="6.70767">
        <ele>1929.0</ele>
      </trkpt>
      <trkpt lat="44.16501" lon="6.70762">
        <ele>1930.2</ele>
      </trkpt>
      <trkpt lat="44.16499" lon="6.70754">
        <ele>1932.0</ele>
      </trkpt>
      <trkpt lat="44.16498" lon="6.70747">
        <ele>1933.5</ele>
      </trkpt>
      <trkpt lat="44.16496" lon="6.7074">
        <ele>1934.9</ele>
      </trkpt>
      <trkpt lat="44.16493" lon="6.70734">
        <ele>1936.1</ele>
      </trkpt>
      <trkpt lat="44.16493" lon="6.70733">
        <ele>1936.3</ele>
      </trkpt>
      <trkpt lat="44.1649" lon="6.70729">
        <ele>1937.0</ele>
      </trkpt>
      <trkpt lat="44.16487" lon="6.70726">
        <ele>1937.5</ele>
      </trkpt>
      <trkpt lat="44.16482" lon="6.70725">
        <ele>1937.4</ele>
      </trkpt>
      <trkpt lat="44.16478" lon="6.70723">
        <ele>1937.7</ele>
      </trkpt>
      <trkpt lat="44.1647" lon="6.70724">
        <ele>1937.0</ele>
      </trkpt>
      <trkpt lat="44.1646" lon="6.70725">
        <ele>1936.3</ele>
      </trkpt>
      <trkpt lat="44.16451" lon="6.70724">
        <ele>1936.0</ele>
      </trkpt>
      <trkpt lat="44.16446" lon="6.70723">
        <ele>1936.0</ele>
      </trkpt>
      <trkpt lat="44.16442" lon="6.70721">
        <ele>1936.3</ele>
      </trkpt>
      <trkpt lat="44.16439" lon="6.7072">
        <ele>1936.3</ele>
      </trkpt>
      <trkpt lat="44.16435" lon="6.70718">
        <ele>1936.6</ele>
      </trkpt>
      <trkpt lat="44.16427" lon="6.70717">
        <ele>1936.4</ele>
      </trkpt>
      <trkpt lat="44.16421" lon="6.70718">
        <ele>1935.9</ele>
      </trkpt>
      <trkpt lat="44.16415" lon="6.70719">
        <ele>1935.1</ele>
      </trkpt>
      <trkpt lat="44.164119" lon="6.70718">
        <ele>1934.6</ele>
      </trkpt>
      <trkpt lat="44.16411" lon="6.70717">
        <ele>1934.7</ele>
      </trkpt>
      <trkpt lat="44.1641" lon="6.70716">
        <ele>1934.7</ele>
      </trkpt>
      <trkpt lat="44.16409" lon="6.70715">
        <ele>1934.7</ele>
      </trkpt>
      <trkpt lat="44.16408" lon="6.70713">
        <ele>1935.0</ele>
      </trkpt>
      <trkpt lat="44.16408" lon="6.70711">
        <ele>1935.4</ele>
      </trkpt>
      <trkpt lat="44.16408" lon="6.70709">
        <ele>1935.9</ele>
      </trkpt>
      <trkpt lat="44.16408" lon="6.70707">
        <ele>1936.4</ele>
      </trkpt>
      <trkpt lat="44.16409" lon="6.70705">
        <ele>1937.1</ele>
      </trkpt>
      <trkpt lat="44.1641" lon="6.70704">
        <ele>1937.6</ele>
      </trkpt>
      <trkpt lat="44.164119" lon="6.70702">
        <ele>1938.5</ele>
      </trkpt>
      <trkpt lat="44.16414" lon="6.70701">
        <ele>1939.2</ele>
      </trkpt>
      <trkpt lat="44.1642" lon="6.70699">
        <ele>1940.4</ele>
      </trkpt>
      <trkpt lat="44.16435" lon="6.70695">
        <ele>1942.0</ele>
      </trkpt>
      <trkpt lat="44.16438" lon="6.70694">
        <ele>1942.4</ele>
      </trkpt>
      <trkpt lat="44.16444" lon="6.70693">
        <ele>1942.9</ele>
      </trkpt>
      <trkpt lat="44.16457" lon="6.70688">
        <ele>1944.6</ele>
      </trkpt>
      <trkpt lat="44.16462" lon="6.70684">
        <ele>1945.7</ele>
      </trkpt>
      <trkpt lat="44.1647" lon="6.70677">
        <ele>1947.6</ele>
      </trkpt>
      <trkpt lat="44.16471" lon="6.70676">
        <ele>1947.9</ele>
      </trkpt>
      <trkpt lat="44.16472" lon="6.70674">
        <ele>1948.3</ele>
      </trkpt>
      <trkpt lat="44.16476" lon="6.70667">
        <ele>1950.1</ele>
      </trkpt>
      <trkpt lat="44.16479" lon="6.70664">
        <ele>1951.0</ele>
      </trkpt>
      <trkpt lat="44.16483" lon="6.70658">
        <ele>1952.7</ele>
      </trkpt>
      <trkpt lat="44.16489" lon="6.70655">
        <ele>1953.6</ele>
      </trkpt>
      <trkpt lat="44.16495" lon="6.70654">
        <ele>1954.1</ele>
      </trkpt>
      <trkpt lat="44.16508" lon="6.70655">
        <ele>1954.0</ele>
      </trkpt>
      <trkpt lat="44.16536" lon="6.70659">
        <ele>1953.0</ele>
      </trkpt>
      <trkpt lat="44.16537" lon="6.70659">
        <ele>1953.0</ele>
      </trkpt>
      <trkpt lat="44.165529" lon="6.7066">
        <ele>1952.7</ele>
      </trkpt>
      <trkpt lat="44.16561" lon="6.70661">
        <ele>1952.5</ele>
      </trkpt>
      <trkpt lat="44.16567" lon="6.7066">
        <ele>1952.7</ele>
      </trkpt>
      <trkpt lat="44.16569" lon="6.7066">
        <ele>1952.7</ele>
      </trkpt>
      <trkpt lat="44.16572" lon="6.70659">
        <ele>1953.0</ele>
      </trkpt>
      <trkpt lat="44.16574" lon="6.70658">
        <ele>1953.3</ele>
      </trkpt>
      <trkpt lat="44.16578" lon="6.70657">
        <ele>1953.5</ele>
      </trkpt>
      <trkpt lat="44.165819" lon="6.70654">
        <ele>1954.3</ele>
      </trkpt>
      <trkpt lat="44.16585" lon="6.7065">
        <ele>1955.2</ele>
      </trkpt>
      <trkpt lat="44.16588" lon="6.70647">
        <ele>1955.7</ele>
      </trkpt>
      <trkpt lat="44.165909" lon="6.70643">
        <ele>1956.5</ele>
      </trkpt>
      <trkpt lat="44.16596" lon="6.70632">
        <ele>1958.8</ele>
      </trkpt>
      <trkpt lat="44.16598" lon="6.70627">
        <ele>1959.9</ele>
      </trkpt>
      <trkpt lat="44.16603" lon="6.70617">
        <ele>1961.9</ele>
      </trkpt>
      <trkpt lat="44.16612" lon="6.70596">
        <ele>1966.1</ele>
      </trkpt>
      <trkpt lat="44.16618" lon="6.70585">
        <ele>1968.0</ele>
      </trkpt>
      <trkpt lat="44.16625" lon="6.70569">
        <ele>1971.4</ele>
      </trkpt>
      <trkpt lat="44.166379" lon="6.70549">
        <ele>1975.4</ele>
      </trkpt>
      <trkpt lat="44.1664" lon="6.70545">
        <ele>1976.3</ele>
      </trkpt>
      <trkpt lat="44.16651" lon="6.70526">
        <ele>1980.6</ele>
      </trkpt>
      <trkpt lat="44.16662" lon="6.705059">
        <ele>1985.6</ele>
      </trkpt>
      <trkpt lat="44.16663" lon="6.70505">
        <ele>1985.8</ele>
      </trkpt>
      <trkpt lat="44.16665" lon="6.705">
        <ele>1987.1</ele>
      </trkpt>
      <trkpt lat="44.16672" lon="6.70489">
        <ele>1989.9</ele>
      </trkpt>
      <trkpt lat="44.16674" lon="6.70487">
        <ele>1990.3</ele>
      </trkpt>
      <trkpt lat="44.16679" lon="6.7048">
        <ele>1991.8</ele>
      </trkpt>
      <trkpt lat="44.16684" lon="6.70476">
        <ele>1992.5</ele>
      </trkpt>
      <trkpt lat="44.16688" lon="6.70472">
        <ele>1993.2</ele>
      </trkpt>
      <trkpt lat="44.166939" lon="6.70468">
        <ele>1993.6</ele>
      </trkpt>
      <trkpt lat="44.16708" lon="6.70462">
        <ele>1993.5</ele>
      </trkpt>
      <trkpt lat="44.16734" lon="6.7045">
        <ele>1993.2</ele>
      </trkpt>
      <trkpt lat="44.16755" lon="6.70437">
        <ele>1994.3</ele>
      </trkpt>
      <trkpt lat="44.16757" lon="6.70436">
        <ele>1994.6</ele>
      </trkpt>
      <trkpt lat="44.16768" lon="6.70423">
        <ele>1997.9</ele>
      </trkpt>
      <trkpt lat="44.1677" lon="6.70421">
        <ele>1998.3</ele>
      </trkpt>
      <trkpt lat="44.167789" lon="6.7041">
        <ele>2000.8</ele>
      </trkpt>
      <trkpt lat="44.16791" lon="6.703979">
        <ele>2003.2</ele>
      </trkpt>
      <trkpt lat="44.16798" lon="6.703909">
        <ele>2004.4</ele>
      </trkpt>
      <trkpt lat="44.16807" lon="6.70382">
        <ele>2005.7</ele>
      </trkpt>
      <trkpt lat="44.16813" lon="6.70378">
        <ele>2006.1</ele>
      </trkpt>
      <trkpt lat="44.16815" lon="6.70376">
        <ele>2006.3</ele>
      </trkpt>
      <trkpt lat="44.1682" lon="6.70375">
        <ele>2006.2</ele>
      </trkpt>
      <trkpt lat="44.16822" lon="6.70374">
        <ele>2006.3</ele>
      </trkpt>
      <trkpt lat="44.16825" lon="6.70374">
        <ele>2006.1</ele>
      </trkpt>
      <trkpt lat="44.16831" lon="6.70376">
        <ele>2005.5</ele>
      </trkpt>
      <trkpt lat="44.16834" lon="6.703769">
        <ele>2005.4</ele>
      </trkpt>
      <trkpt lat="44.16839" lon="6.70379">
        <ele>2006.3</ele>
      </trkpt>
      <trkpt lat="44.16843" lon="6.703839">
        <ele>2006.6</ele>
      </trkpt>
      <trkpt lat="44.16846" lon="6.70388">
        <ele>2006.8</ele>
      </trkpt>
      <trkpt lat="44.1685" lon="6.70392">
        <ele>2007.2</ele>
      </trkpt>
      <trkpt lat="44.168529" lon="6.70397">
        <ele>2007.3</ele>
      </trkpt>
      <trkpt lat="44.16859" lon="6.70407">
        <ele>2007.6</ele>
      </trkpt>
      <trkpt lat="44.16866" lon="6.70418">
        <ele>2008.1</ele>
      </trkpt>
      <trkpt lat="44.16872" lon="6.70421">
        <ele>2009.4</ele>
      </trkpt>
      <trkpt lat="44.168729" lon="6.70422">
        <ele>2009.6</ele>
      </trkpt>
      <trkpt lat="44.16876" lon="6.70422">
        <ele>2010.4</ele>
      </trkpt>
      <trkpt lat="44.16877" lon="6.70421">
        <ele>2010.7</ele>
      </trkpt>
      <trkpt lat="44.16879" lon="6.7042">
        <ele>2011.3</ele>
      </trkpt>
      <trkpt lat="44.1688" lon="6.70419">
        <ele>2011.6</ele>
      </trkpt>
      <trkpt lat="44.16881" lon="6.70418">
        <ele>2011.9</ele>
      </trkpt>
      <trkpt lat="44.168819" lon="6.70416">
        <ele>2012.3</ele>
      </trkpt>
      <trkpt lat="44.16885" lon="6.7041">
        <ele>2013.7</ele>
      </trkpt>
      <trkpt lat="44.16887" lon="6.70406">
        <ele>2014.6</ele>
      </trkpt>
      <trkpt lat="44.16888" lon="6.704">
        <ele>2015.5</ele>
      </trkpt>
      <trkpt lat="44.16887" lon="6.70394">
        <ele>2015.8</ele>
      </trkpt>
      <trkpt lat="44.16887" lon="6.70388">
        <ele>2016.4</ele>
      </trkpt>
      <trkpt lat="44.16886" lon="6.70381">
        <ele>2016.9</ele>
      </trkpt>
      <trkpt lat="44.16883" lon="6.7037">
        <ele>2017.3</ele>
      </trkpt>
      <trkpt lat="44.16879" lon="6.70348">
        <ele>2018.8</ele>
      </trkpt>
      <trkpt lat="44.16876" lon="6.70325">
        <ele>2020.6</ele>
      </trkpt>
      <trkpt lat="44.16877" lon="6.70302">
        <ele>2023.4</ele>
      </trkpt>
      <trkpt lat="44.16876" lon="6.70298">
        <ele>2023.7</ele>
      </trkpt>
      <trkpt lat="44.16876" lon="6.70286">
        <ele>2025.1</ele>
      </trkpt>
      <trkpt lat="44.16874" lon="6.70274">
        <ele>2026.1</ele>
      </trkpt>
      <trkpt lat="44.16871" lon="6.70263">
        <ele>2027.0</ele>
      </trkpt>
      <trkpt lat="44.16867" lon="6.7025">
        <ele>2028.0</ele>
      </trkpt>
      <trkpt lat="44.16864" lon="6.70239">
        <ele>2030.4</ele>
      </trkpt>
      <trkpt lat="44.16862" lon="6.70232">
        <ele>2032.0</ele>
      </trkpt>
      <trkpt lat="44.1686" lon="6.70226">
        <ele>2033.4</ele>
      </trkpt>
      <trkpt lat="44.16858" lon="6.70221">
        <ele>2034.6</ele>
      </trkpt>
      <trkpt lat="44.16855" lon="6.70217">
        <ele>2035.5</ele>
      </trkpt>
      <trkpt lat="44.168529" lon="6.70214">
        <ele>2036.2</ele>
      </trkpt>
      <trkpt lat="44.16851" lon="6.70213">
        <ele>2036.3</ele>
      </trkpt>
      <trkpt lat="44.16848" lon="6.70212">
        <ele>2036.5</ele>
      </trkpt>
      <trkpt lat="44.16845" lon="6.70213">
        <ele>2036.1</ele>
      </trkpt>
      <trkpt lat="44.16841" lon="6.702149">
        <ele>2035.3</ele>
      </trkpt>
      <trkpt lat="44.16832" lon="6.70221">
        <ele>2033.4</ele>
      </trkpt>
      <trkpt lat="44.16815" lon="6.70232">
        <ele>2034.1</ele>
      </trkpt>
      <trkpt lat="44.16814" lon="6.70233">
        <ele>2034.0</ele>
      </trkpt>
      <trkpt lat="44.16802" lon="6.7024">
        <ele>2034.7</ele>
      </trkpt>
      <trkpt lat="44.16792" lon="6.70245">
        <ele>2035.5</ele>
      </trkpt>
      <trkpt lat="44.16782" lon="6.70249">
        <ele>2036.6</ele>
      </trkpt>
      <trkpt lat="44.1678" lon="6.70249">
        <ele>2037.1</ele>
      </trkpt>
      <trkpt lat="44.16776" lon="6.70251">
        <ele>2037.5</ele>
      </trkpt>
      <trkpt lat="44.16765" lon="6.70254">
        <ele>2039.4</ele>
      </trkpt>
      <trkpt lat="44.16763" lon="6.702549">
        <ele>2039.6</ele>
      </trkpt>
      <trkpt lat="44.16738" lon="6.7026">
        <ele>2042.3</ele>
      </trkpt>
      <trkpt lat="44.16727" lon="6.70264">
        <ele>2042.3</ele>
      </trkpt>
      <trkpt lat="44.16719" lon="6.70266">
        <ele>2042.6</ele>
      </trkpt>
      <trkpt lat="44.16708" lon="6.702689">
        <ele>2043.0</ele>
      </trkpt>
      <trkpt lat="44.16692" lon="6.70273">
        <ele>2043.7</ele>
      </trkpt>
      <trkpt lat="44.1669" lon="6.70274">
        <ele>2043.7</ele>
      </trkpt>
      <trkpt lat="44.16678" lon="6.70275">
        <ele>2044.7</ele>
      </trkpt>
      <trkpt lat="44.16674" lon="6.70275">
        <ele>2045.1</ele>
      </trkpt>
      <trkpt lat="44.16671" lon="6.70273">
        <ele>2045.9</ele>
      </trkpt>
      <trkpt lat="44.16668" lon="6.702689">
        <ele>2047.0</ele>
      </trkpt>
      <trkpt lat="44.16666" lon="6.70267">
        <ele>2047.6</ele>
      </trkpt>
      <trkpt lat="44.16665" lon="6.70264">
        <ele>2048.4</ele>
      </trkpt>
      <trkpt lat="44.16664" lon="6.70261">
        <ele>2049.2</ele>
      </trkpt>
      <trkpt lat="44.16664" lon="6.70256">
        <ele>2050.2</ele>
      </trkpt>
      <trkpt lat="44.16666" lon="6.70251">
        <ele>2050.9</ele>
      </trkpt>
      <trkpt lat="44.16669" lon="6.70244">
        <ele>2053.0</ele>
      </trkpt>
      <trkpt lat="44.16671" lon="6.7024">
        <ele>2054.3</ele>
      </trkpt>
      <trkpt lat="44.16673" lon="6.70236">
        <ele>2055.6</ele>
      </trkpt>
      <trkpt lat="44.16675" lon="6.70232">
        <ele>2056.9</ele>
      </trkpt>
      <trkpt lat="44.16677" lon="6.70229">
        <ele>2057.8</ele>
      </trkpt>
      <trkpt lat="44.1668" lon="6.70224">
        <ele>2059.4</ele>
      </trkpt>
      <trkpt lat="44.16683" lon="6.70221">
        <ele>2060.2</ele>
      </trkpt>
      <trkpt lat="44.16686" lon="6.70218">
        <ele>2061.0</ele>
      </trkpt>
      <trkpt lat="44.16691" lon="6.70217">
        <ele>2060.9</ele>
      </trkpt>
      <trkpt lat="44.16698" lon="6.702149">
        <ele>2060.9</ele>
      </trkpt>
      <trkpt lat="44.167" lon="6.70216">
        <ele>2060.4</ele>
      </trkpt>
      <trkpt lat="44.16708" lon="6.70217">
        <ele>2059.2</ele>
      </trkpt>
      <trkpt lat="44.16713" lon="6.70218">
        <ele>2058.4</ele>
      </trkpt>
      <trkpt lat="44.16723" lon="6.7022">
        <ele>2056.7</ele>
      </trkpt>
      <trkpt lat="44.16733" lon="6.7022">
        <ele>2055.7</ele>
      </trkpt>
      <trkpt lat="44.16736" lon="6.70219">
        <ele>2055.8</ele>
      </trkpt>
      <trkpt lat="44.16743" lon="6.70218">
        <ele>2055.4</ele>
      </trkpt>
      <trkpt lat="44.16754" lon="6.702149">
        <ele>2054.8</ele>
      </trkpt>
      <trkpt lat="44.16764" lon="6.7021">
        <ele>2053.9</ele>
      </trkpt>
      <trkpt lat="44.1677" lon="6.70205">
        <ele>2054.1</ele>
      </trkpt>
      <trkpt lat="44.16774" lon="6.702009">
        <ele>2054.4</ele>
      </trkpt>
      <trkpt lat="44.167789" lon="6.70197">
        <ele>2054.4</ele>
      </trkpt>
      <trkpt lat="44.16783" lon="6.70192">
        <ele>2055.0</ele>
      </trkpt>
      <trkpt lat="44.16784" lon="6.7019">
        <ele>2055.4</ele>
      </trkpt>
      <trkpt lat="44.167879" lon="6.70185">
        <ele>2056.0</ele>
      </trkpt>
      <trkpt lat="44.16796" lon="6.70172">
        <ele>2058.1</ele>
      </trkpt>
      <trkpt lat="44.167969" lon="6.70169">
        <ele>2058.8</ele>
      </trkpt>
      <trkpt lat="44.16804" lon="6.70156">
        <ele>2061.5</ele>
      </trkpt>
      <trkpt lat="44.1681" lon="6.70141">
        <ele>2065.3</ele>
      </trkpt>
      <trkpt lat="44.16815" lon="6.70127">
        <ele>2069.0</ele>
      </trkpt>
      <trkpt lat="44.16822" lon="6.70111">
        <ele>2072.9</ele>
      </trkpt>
      <trkpt lat="44.168259" lon="6.700999">
        <ele>2075.9</ele>
      </trkpt>
      <trkpt lat="44.16832" lon="6.70091">
        <ele>2077.6</ele>
      </trkpt>
      <trkpt lat="44.168349" lon="6.70088">
        <ele>2078.1</ele>
      </trkpt>
      <trkpt lat="44.16838" lon="6.70085">
        <ele>2078.7</ele>
      </trkpt>
      <trkpt lat="44.16846" lon="6.7008">
        <ele>2079.0</ele>
      </trkpt>
      <trkpt lat="44.16851" lon="6.70076">
        <ele>2079.4</ele>
      </trkpt>
      <trkpt lat="44.16857" lon="6.70074">
        <ele>2079.0</ele>
      </trkpt>
      <trkpt lat="44.16868" lon="6.70069">
        <ele>2078.8</ele>
      </trkpt>
      <trkpt lat="44.16869" lon="6.70069">
        <ele>2078.6</ele>
      </trkpt>
      <trkpt lat="44.16879" lon="6.70065">
        <ele>2078.3</ele>
      </trkpt>
      <trkpt lat="44.16885" lon="6.70062">
        <ele>2078.2</ele>
      </trkpt>
      <trkpt lat="44.16888" lon="6.70061">
        <ele>2078.1</ele>
      </trkpt>
      <trkpt lat="44.168999" lon="6.70056">
        <ele>2077.7</ele>
      </trkpt>
      <trkpt lat="44.16903" lon="6.70055">
        <ele>2077.6</ele>
      </trkpt>
      <trkpt lat="44.16906" lon="6.70053">
        <ele>2077.7</ele>
      </trkpt>
      <trkpt lat="44.16912" lon="6.70049">
        <ele>2078.0</ele>
      </trkpt>
      <trkpt lat="44.16919" lon="6.70044">
        <ele>2078.9</ele>
      </trkpt>
      <trkpt lat="44.16923" lon="6.70042">
        <ele>2079.6</ele>
      </trkpt>
      <trkpt lat="44.16932" lon="6.70037">
        <ele>2081.3</ele>
      </trkpt>
      <trkpt lat="44.16936" lon="6.70035">
        <ele>2082.0</ele>
      </trkpt>
      <trkpt lat="44.1694" lon="6.70034">
        <ele>2082.4</ele>
      </trkpt>
      <trkpt lat="44.16946" lon="6.70034">
        <ele>2082.5</ele>
      </trkpt>
      <trkpt lat="44.16952" lon="6.70034">
        <ele>2082.7</ele>
      </trkpt>
      <trkpt lat="44.16963" lon="6.700319">
        <ele>2083.5</ele>
      </trkpt>
      <trkpt lat="44.16969" lon="6.70031">
        <ele>2083.9</ele>
      </trkpt>
      <trkpt lat="44.16971" lon="6.70029">
        <ele>2084.4</ele>
      </trkpt>
      <trkpt lat="44.16974" lon="6.70028">
        <ele>2084.8</ele>
      </trkpt>
      <trkpt lat="44.16978" lon="6.70023">
        <ele>2086.1</ele>
      </trkpt>
      <trkpt lat="44.16982" lon="6.700179">
        <ele>2087.4</ele>
      </trkpt>
      <trkpt lat="44.169849" lon="6.70014">
        <ele>2088.5</ele>
      </trkpt>
      <trkpt lat="44.16986" lon="6.70012">
        <ele>2089.0</ele>
      </trkpt>
      <trkpt lat="44.16988" lon="6.70009">
        <ele>2089.8</ele>
      </trkpt>
      <trkpt lat="44.16991" lon="6.70007">
        <ele>2090.3</ele>
      </trkpt>
      <trkpt lat="44.16995" lon="6.70003">
        <ele>2091.3</ele>
      </trkpt>
      <trkpt lat="44.17" lon="6.7">
        <ele>2092.0</ele>
      </trkpt>
      <trkpt lat="44.17005" lon="6.69998">
        <ele>2093.2</ele>
      </trkpt>
      <trkpt lat="44.17018" lon="6.69998">
        <ele>2095.1</ele>
      </trkpt>
      <trkpt lat="44.17021" lon="6.69998">
        <ele>2095.5</ele>
      </trkpt>
      <trkpt lat="44.17027" lon="6.7">
        <ele>2095.9</ele>
      </trkpt>
      <trkpt lat="44.170319" lon="6.70003">
        <ele>2095.9</ele>
      </trkpt>
      <trkpt lat="44.17037" lon="6.70005">
        <ele>2096.2</ele>
      </trkpt>
      <trkpt lat="44.17044" lon="6.70009">
        <ele>2096.2</ele>
      </trkpt>
      <trkpt lat="44.17048" lon="6.70012">
        <ele>2096.1</ele>
      </trkpt>
      <trkpt lat="44.17051" lon="6.70015">
        <ele>2095.9</ele>
      </trkpt>
      <trkpt lat="44.17053" lon="6.70016">
        <ele>2095.9</ele>
      </trkpt>
      <trkpt lat="44.17062" lon="6.70024">
        <ele>2095.4</ele>
      </trkpt>
      <trkpt lat="44.17066" lon="6.70028">
        <ele>2095.1</ele>
      </trkpt>
      <trkpt lat="44.170699" lon="6.700319">
        <ele>2094.7</ele>
      </trkpt>
      <trkpt lat="44.170789" lon="6.700389">
        <ele>2094.5</ele>
      </trkpt>
      <trkpt lat="44.17082" lon="6.70041">
        <ele>2094.5</ele>
      </trkpt>
      <trkpt lat="44.17087" lon="6.70043">
        <ele>2094.0</ele>
      </trkpt>
      <trkpt lat="44.17095" lon="6.70047">
        <ele>2092.8</ele>
      </trkpt>
      <trkpt lat="44.17099" lon="6.70047">
        <ele>2092.6</ele>
      </trkpt>
      <trkpt lat="44.17106" lon="6.70045">
        <ele>2092.7</ele>
      </trkpt>
      <trkpt lat="44.17114" lon="6.70041">
        <ele>2093.2</ele>
      </trkpt>
      <trkpt lat="44.17116" lon="6.7004">
        <ele>2093.2</ele>
      </trkpt>
      <trkpt lat="44.1712" lon="6.70038">
        <ele>2093.4</ele>
      </trkpt>
      <trkpt lat="44.17125" lon="6.70037">
        <ele>2093.3</ele>
      </trkpt>
      <trkpt lat="44.17131" lon="6.70037">
        <ele>2093.0</ele>
      </trkpt>
      <trkpt lat="44.17134" lon="6.70037">
        <ele>2092.9</ele>
      </trkpt>
      <trkpt lat="44.1714" lon="6.70038">
        <ele>2092.4</ele>
      </trkpt>
      <trkpt lat="44.17151" lon="6.7004">
        <ele>2091.5</ele>
      </trkpt>
      <trkpt lat="44.17157" lon="6.7004">
        <ele>2091.2</ele>
      </trkpt>
      <trkpt lat="44.17162" lon="6.700389">
        <ele>2091.1</ele>
      </trkpt>
      <trkpt lat="44.17166" lon="6.70038">
        <ele>2091.0</ele>
      </trkpt>
      <trkpt lat="44.171729" lon="6.70034">
        <ele>2090.8</ele>
      </trkpt>
      <trkpt lat="44.17187" lon="6.70022">
        <ele>2090.7</ele>
      </trkpt>
      <trkpt lat="44.17196" lon="6.70013">
        <ele>2090.7</ele>
      </trkpt>
      <trkpt lat="44.17207" lon="6.70003">
        <ele>2090.4</ele>
      </trkpt>
      <trkpt lat="44.17211" lon="6.7">
        <ele>2090.1</ele>
      </trkpt>
      <trkpt lat="44.17215" lon="6.69997">
        <ele>2090.2</ele>
      </trkpt>
      <trkpt lat="44.17219" lon="6.69994">
        <ele>2090.2</ele>
      </trkpt>
      <trkpt lat="44.17224" lon="6.69991">
        <ele>2090.0</ele>
      </trkpt>
      <trkpt lat="44.17232" lon="6.69988">
        <ele>2089.5</ele>
      </trkpt>
      <trkpt lat="44.17233" lon="6.69988">
        <ele>2089.3</ele>
      </trkpt>
      <trkpt lat="44.17245" lon="6.69986">
        <ele>2088.0</ele>
      </trkpt>
      <trkpt lat="44.17254" lon="6.69987">
        <ele>2087.1</ele>
      </trkpt>
      <trkpt lat="44.17268" lon="6.69988">
        <ele>2086.8</ele>
      </trkpt>
      <trkpt lat="44.17283" lon="6.69988">
        <ele>2086.6</ele>
      </trkpt>
      <trkpt lat="44.17295" lon="6.69986">
        <ele>2086.7</ele>
      </trkpt>
      <trkpt lat="44.173" lon="6.69984">
        <ele>2086.9</ele>
      </trkpt>
      <trkpt lat="44.17303" lon="6.69982">
        <ele>2087.1</ele>
      </trkpt>
      <trkpt lat="44.17312" lon="6.69976">
        <ele>2087.5</ele>
      </trkpt>
      <trkpt lat="44.17316" lon="6.69972">
        <ele>2087.8</ele>
      </trkpt>
      <trkpt lat="44.17319" lon="6.69968">
        <ele>2088.1</ele>
      </trkpt>
      <trkpt lat="44.17325" lon="6.699569">
        <ele>2089.0</ele>
      </trkpt>
      <trkpt lat="44.17329" lon="6.69947">
        <ele>2089.7</ele>
      </trkpt>
      <trkpt lat="44.17333" lon="6.69935">
        <ele>2090.5</ele>
      </trkpt>
      <trkpt lat="44.17342" lon="6.69907">
        <ele>2092.5</ele>
      </trkpt>
      <trkpt lat="44.17345" lon="6.69902">
        <ele>2092.9</ele>
      </trkpt>
      <trkpt lat="44.17349" lon="6.69897">
        <ele>2093.1</ele>
      </trkpt>
      <trkpt lat="44.17352" lon="6.69893">
        <ele>2093.4</ele>
      </trkpt>
      <trkpt lat="44.17356" lon="6.6989">
        <ele>2093.3</ele>
      </trkpt>
      <trkpt lat="44.17358" lon="6.69888">
        <ele>2093.4</ele>
      </trkpt>
      <trkpt lat="44.17372" lon="6.69882">
        <ele>2092.6</ele>
      </trkpt>
      <trkpt lat="44.17378" lon="6.69879">
        <ele>2092.3</ele>
      </trkpt>
      <trkpt lat="44.17389" lon="6.69874">
        <ele>2091.6</ele>
      </trkpt>
      <trkpt lat="44.17396" lon="6.6987">
        <ele>2091.3</ele>
      </trkpt>
      <trkpt lat="44.17404" lon="6.69865">
        <ele>2091.1</ele>
      </trkpt>
      <trkpt lat="44.17406" lon="6.69863">
        <ele>2091.1</ele>
      </trkpt>
      <trkpt lat="44.17414" lon="6.69857">
        <ele>2090.9</ele>
      </trkpt>
      <trkpt lat="44.17421" lon="6.698489">
        <ele>2090.9</ele>
      </trkpt>
      <trkpt lat="44.17423" lon="6.69848">
        <ele>2090.7</ele>
      </trkpt>
      <trkpt lat="44.17428" lon="6.69839">
        <ele>2091.0</ele>
      </trkpt>
      <trkpt lat="44.17431" lon="6.69829">
        <ele>2091.5</ele>
      </trkpt>
      <trkpt lat="44.17434" lon="6.69815">
        <ele>2091.7</ele>
      </trkpt>
      <trkpt lat="44.17437" lon="6.69807">
        <ele>2091.7</ele>
      </trkpt>
      <trkpt lat="44.17437" lon="6.69806">
        <ele>2091.7</ele>
      </trkpt>
      <trkpt lat="44.17439" lon="6.69802">
        <ele>2091.6</ele>
      </trkpt>
      <trkpt lat="44.17442" lon="6.69799">
        <ele>2091.3</ele>
      </trkpt>
      <trkpt lat="44.17444" lon="6.69797">
        <ele>2091.1</ele>
      </trkpt>
      <trkpt lat="44.17448" lon="6.69796">
        <ele>2090.4</ele>
      </trkpt>
      <trkpt lat="44.17452" lon="6.697949">
        <ele>2089.8</ele>
      </trkpt>
      <trkpt lat="44.17454" lon="6.697949">
        <ele>2089.5</ele>
      </trkpt>
      <trkpt lat="44.17465" lon="6.69799">
        <ele>2087.3</ele>
      </trkpt>
      <trkpt lat="44.17476" lon="6.698">
        <ele>2085.3</ele>
      </trkpt>
      <trkpt lat="44.17484" lon="6.69799">
        <ele>2084.0</ele>
      </trkpt>
      <trkpt lat="44.1749" lon="6.69796">
        <ele>2083.3</ele>
      </trkpt>
      <trkpt lat="44.17505" lon="6.69791">
        <ele>2081.4</ele>
      </trkpt>
      <trkpt lat="44.17505" lon="6.69791">
        <ele>2081.4</ele>
      </trkpt>
      <trkpt lat="44.17514" lon="6.69784">
        <ele>2080.9</ele>
      </trkpt>
      <trkpt lat="44.17516" lon="6.69782">
        <ele>2080.8</ele>
      </trkpt>
      <trkpt lat="44.17521" lon="6.69776">
        <ele>2080.7</ele>
      </trkpt>
      <trkpt lat="44.17524" lon="6.6977">
        <ele>2080.9</ele>
      </trkpt>
      <trkpt lat="44.17525" lon="6.69768">
        <ele>2081.0</ele>
      </trkpt>
      <trkpt lat="44.17525" lon="6.69766">
        <ele>2081.2</ele>
      </trkpt>
      <trkpt lat="44.17526" lon="6.69759">
        <ele>2081.7</ele>
      </trkpt>
      <trkpt lat="44.17525" lon="6.69753">
        <ele>2082.4</ele>
      </trkpt>
      <trkpt lat="44.17523" lon="6.69745">
        <ele>2083.1</ele>
      </trkpt>
      <trkpt lat="44.175199" lon="6.69733">
        <ele>2084.0</ele>
      </trkpt>
      <trkpt lat="44.17519" lon="6.697269">
        <ele>2084.4</ele>
      </trkpt>
      <trkpt lat="44.17519" lon="6.69722">
        <ele>2084.6</ele>
      </trkpt>
      <trkpt lat="44.17519" lon="6.697199">
        <ele>2084.7</ele>
      </trkpt>
      <trkpt lat="44.17521" lon="6.6971">
        <ele>2084.8</ele>
      </trkpt>
      <trkpt lat="44.17523" lon="6.69698">
        <ele>2084.9</ele>
      </trkpt>
      <trkpt lat="44.17523" lon="6.69697">
        <ele>2084.9</ele>
      </trkpt>
      <trkpt lat="44.17528" lon="6.69677">
        <ele>2084.6</ele>
      </trkpt>
      <trkpt lat="44.175289" lon="6.696729">
        <ele>2084.5</ele>
      </trkpt>
      <trkpt lat="44.1753" lon="6.69669">
        <ele>2084.4</ele>
      </trkpt>
      <trkpt lat="44.17531" lon="6.6966">
        <ele>2084.4</ele>
      </trkpt>
      <trkpt lat="44.17532" lon="6.69655">
        <ele>2084.3</ele>
      </trkpt>
      <trkpt lat="44.17533" lon="6.6965">
        <ele>2084.1</ele>
      </trkpt>
      <trkpt lat="44.17533" lon="6.69649">
        <ele>2084.1</ele>
      </trkpt>
      <trkpt lat="44.17533" lon="6.69643">
        <ele>2084.2</ele>
      </trkpt>
      <trkpt lat="44.17532" lon="6.69637">
        <ele>2084.5</ele>
      </trkpt>
      <trkpt lat="44.1753" lon="6.6963">
        <ele>2085.2</ele>
      </trkpt>
      <trkpt lat="44.175289" lon="6.69625">
        <ele>2085.6</ele>
      </trkpt>
      <trkpt lat="44.17523" lon="6.69609">
        <ele>2088.0</ele>
      </trkpt>
      <trkpt lat="44.17521" lon="6.69603">
        <ele>2088.9</ele>
      </trkpt>
      <trkpt lat="44.17519" lon="6.695909">
        <ele>2090.1</ele>
      </trkpt>
      <trkpt lat="44.17518" lon="6.69578">
        <ele>2091.0</ele>
      </trkpt>
      <trkpt lat="44.17518" lon="6.69573">
        <ele>2091.2</ele>
      </trkpt>
      <trkpt lat="44.17519" lon="6.69553">
        <ele>2091.5</ele>
      </trkpt>
      <trkpt lat="44.17519" lon="6.69536">
        <ele>2092.1</ele>
      </trkpt>
      <trkpt lat="44.175199" lon="6.69524">
        <ele>2092.2</ele>
      </trkpt>
      <trkpt lat="44.175199" lon="6.69503">
        <ele>2092.9</ele>
      </trkpt>
      <trkpt lat="44.175199" lon="6.69502">
        <ele>2093.0</ele>
      </trkpt>
      <trkpt lat="44.17522" lon="6.69488">
        <ele>2093.5</ele>
      </trkpt>
      <trkpt lat="44.17524" lon="6.694829">
        <ele>2093.3</ele>
      </trkpt>
      <trkpt lat="44.17526" lon="6.69471">
        <ele>2093.9</ele>
      </trkpt>
      <trkpt lat="44.17528" lon="6.69458">
        <ele>2094.6</ele>
      </trkpt>
      <trkpt lat="44.175289" lon="6.69454">
        <ele>2094.8</ele>
      </trkpt>
      <trkpt lat="44.17531" lon="6.69448">
        <ele>2094.8</ele>
      </trkpt>
      <trkpt lat="44.17533" lon="6.69444">
        <ele>2094.7</ele>
      </trkpt>
      <trkpt lat="44.17536" lon="6.69443">
        <ele>2093.9</ele>
      </trkpt>
      <trkpt lat="44.17552" lon="6.69443">
        <ele>2089.4</ele>
      </trkpt>
      <trkpt lat="44.175579" lon="6.69441">
        <ele>2088.0</ele>
      </trkpt>
      <trkpt lat="44.1756" lon="6.69439">
        <ele>2087.7</ele>
      </trkpt>
      <trkpt lat="44.17563" lon="6.69436">
        <ele>2087.3</ele>
      </trkpt>
      <trkpt lat="44.17573" lon="6.69424">
        <ele>2086.5</ele>
      </trkpt>
      <trkpt lat="44.17574" lon="6.69423">
        <ele>2086.4</ele>
      </trkpt>
      <trkpt lat="44.175849" lon="6.69403">
        <ele>2086.0</ele>
      </trkpt>
      <trkpt lat="44.17588" lon="6.69399">
        <ele>2085.6</ele>
      </trkpt>
      <trkpt lat="44.17595" lon="6.69383">
        <ele>2085.4</ele>
      </trkpt>
      <trkpt lat="44.17599" lon="6.69374">
        <ele>2085.3</ele>
      </trkpt>
      <trkpt lat="44.17604" lon="6.693609">
        <ele>2085.3</ele>
      </trkpt>
      <trkpt lat="44.176049" lon="6.69348">
        <ele>2086.4</ele>
      </trkpt>
      <trkpt lat="44.17607" lon="6.69336">
        <ele>2087.2</ele>
      </trkpt>
      <trkpt lat="44.17607" lon="6.6933">
        <ele>2087.6</ele>
      </trkpt>
      <trkpt lat="44.1761" lon="6.69312">
        <ele>2087.7</ele>
      </trkpt>
      <trkpt lat="44.17611" lon="6.69306">
        <ele>2087.7</ele>
      </trkpt>
      <trkpt lat="44.17616" lon="6.69289">
        <ele>2086.9</ele>
      </trkpt>
      <trkpt lat="44.17616" lon="6.69288">
        <ele>2087.0</ele>
      </trkpt>
      <trkpt lat="44.17625" lon="6.69266">
        <ele>2084.9</ele>
      </trkpt>
      <trkpt lat="44.17627" lon="6.69261">
        <ele>2084.4</ele>
      </trkpt>
      <trkpt lat="44.17634" lon="6.69247">
        <ele>2082.2</ele>
      </trkpt>
      <trkpt lat="44.17634" lon="6.69245">
        <ele>2082.1</ele>
      </trkpt>
      <trkpt lat="44.17638" lon="6.69235">
        <ele>2080.3</ele>
      </trkpt>
      <trkpt lat="44.17639" lon="6.69224">
        <ele>2079.5</ele>
      </trkpt>
      <trkpt lat="44.17638" lon="6.69221">
        <ele>2079.7</ele>
      </trkpt>
      <trkpt lat="44.17638" lon="6.69217">
        <ele>2079.5</ele>
      </trkpt>
      <trkpt lat="44.17636" lon="6.69209">
        <ele>2079.9</ele>
      </trkpt>
      <trkpt lat="44.176319" lon="6.69198">
        <ele>2080.8</ele>
      </trkpt>
      <trkpt lat="44.17631" lon="6.69196">
        <ele>2081.1</ele>
      </trkpt>
      <trkpt lat="44.17625" lon="6.69181">
        <ele>2082.6</ele>
      </trkpt>
      <trkpt lat="44.176229" lon="6.69176">
        <ele>2083.1</ele>
      </trkpt>
      <trkpt lat="44.17621" lon="6.69168">
        <ele>2083.5</ele>
      </trkpt>
      <trkpt lat="44.17619" lon="6.691569">
        <ele>2081.0</ele>
      </trkpt>
      <trkpt lat="44.1762" lon="6.69153">
        <ele>2079.3</ele>
      </trkpt>
      <trkpt lat="44.1762" lon="6.69151">
        <ele>2078.7</ele>
      </trkpt>
      <trkpt lat="44.1762" lon="6.69149">
        <ele>2078.0</ele>
      </trkpt>
      <trkpt lat="44.17624" lon="6.69137">
        <ele>2072.6</ele>
      </trkpt>
      <trkpt lat="44.17625" lon="6.6913">
        <ele>2069.9</ele>
      </trkpt>
      <trkpt lat="44.17625" lon="6.69128">
        <ele>2069.2</ele>
      </trkpt>
      <trkpt lat="44.17625" lon="6.69127">
        <ele>2068.9</ele>
      </trkpt>
      <trkpt lat="44.17624" lon="6.69125">
        <ele>2068.6</ele>
      </trkpt>
      <trkpt lat="44.17624" lon="6.69123">
        <ele>2068.0</ele>
      </trkpt>
      <trkpt lat="44.17622" lon="6.69121">
        <ele>2068.1</ele>
      </trkpt>
      <trkpt lat="44.17615" lon="6.69116">
        <ele>2069.1</ele>
      </trkpt>
      <trkpt lat="44.17611" lon="6.69113">
        <ele>2069.7</ele>
      </trkpt>
      <trkpt lat="44.17608" lon="6.69111">
        <ele>2070.2</ele>
      </trkpt>
      <trkpt lat="44.17599" lon="6.691099">
        <ele>2073.3</ele>
      </trkpt>
      <trkpt lat="44.17594" lon="6.69112">
        <ele>2075.8</ele>
      </trkpt>
      <trkpt lat="44.17586" lon="6.69116">
        <ele>2080.2</ele>
      </trkpt>
      <trkpt lat="44.17584" lon="6.691169">
        <ele>2081.2</ele>
      </trkpt>
      <trkpt lat="44.17581" lon="6.69118">
        <ele>2082.7</ele>
      </trkpt>
      <trkpt lat="44.17577" lon="6.69118">
        <ele>2084.2</ele>
      </trkpt>
      <trkpt lat="44.175759" lon="6.69118">
        <ele>2084.6</ele>
      </trkpt>
      <trkpt lat="44.17572" lon="6.69118">
        <ele>2086.1</ele>
      </trkpt>
      <trkpt lat="44.17566" lon="6.69116">
        <ele>2087.7</ele>
      </trkpt>
      <trkpt lat="44.17563" lon="6.69114">
        <ele>2088.2</ele>
      </trkpt>
      <trkpt lat="44.1756" lon="6.69112">
        <ele>2088.6</ele>
      </trkpt>
      <trkpt lat="44.175579" lon="6.691099">
        <ele>2088.7</ele>
      </trkpt>
      <trkpt lat="44.17555" lon="6.69107">
        <ele>2088.9</ele>
      </trkpt>
      <trkpt lat="44.17553" lon="6.691029">
        <ele>2088.3</ele>
      </trkpt>
      <trkpt lat="44.17552" lon="6.69099">
        <ele>2087.4</ele>
      </trkpt>
      <trkpt lat="44.17549" lon="6.69094">
        <ele>2086.8</ele>
      </trkpt>
      <trkpt lat="44.17549" lon="6.69093">
        <ele>2086.5</ele>
      </trkpt>
      <trkpt lat="44.17545" lon="6.69087">
        <ele>2086.0</ele>
      </trkpt>
      <trkpt lat="44.17542" lon="6.69083">
        <ele>2085.8</ele>
      </trkpt>
      <trkpt lat="44.17537" lon="6.69079">
        <ele>2087.2</ele>
      </trkpt>
      <trkpt lat="44.17534" lon="6.69078">
        <ele>2088.2</ele>
      </trkpt>
      <trkpt lat="44.1753" lon="6.69078">
        <ele>2089.6</ele>
      </trkpt>
      <trkpt lat="44.17524" lon="6.69077">
        <ele>2091.7</ele>
      </trkpt>
      <trkpt lat="44.17521" lon="6.69076">
        <ele>2092.7</ele>
      </trkpt>
      <trkpt lat="44.17518" lon="6.69075">
        <ele>2093.7</ele>
      </trkpt>
      <trkpt lat="44.17517" lon="6.69074">
        <ele>2094.0</ele>
      </trkpt>
      <trkpt lat="44.17512" lon="6.69072">
        <ele>2095.6</ele>
      </trkpt>
      <trkpt lat="44.17508" lon="6.69065">
        <ele>2096.5</ele>
      </trkpt>
      <trkpt lat="44.17505" lon="6.69061">
        <ele>2097.2</ele>
      </trkpt>
      <trkpt lat="44.17504" lon="6.69058">
        <ele>2097.4</ele>
      </trkpt>
      <trkpt lat="44.17499" lon="6.69046">
        <ele>2098.3</ele>
      </trkpt>
      <trkpt lat="44.17496" lon="6.69039">
        <ele>2099.1</ele>
      </trkpt>
      <trkpt lat="44.17495" lon="6.69036">
        <ele>2099.3</ele>
      </trkpt>
      <trkpt lat="44.17494" lon="6.69034">
        <ele>2099.6</ele>
      </trkpt>
      <trkpt lat="44.17493" lon="6.690279">
        <ele>2099.5</ele>
      </trkpt>
      <trkpt lat="44.17493" lon="6.69023">
        <ele>2099.1</ele>
      </trkpt>
      <trkpt lat="44.17493" lon="6.69019">
        <ele>2098.8</ele>
      </trkpt>
      <trkpt lat="44.17493" lon="6.69014">
        <ele>2098.3</ele>
      </trkpt>
      <trkpt lat="44.17494" lon="6.69011">
        <ele>2097.6</ele>
      </trkpt>
      <trkpt lat="44.17495" lon="6.69006">
        <ele>2096.7</ele>
      </trkpt>
      <trkpt lat="44.17497" lon="6.68999">
        <ele>2095.5</ele>
      </trkpt>
      <trkpt lat="44.17501" lon="6.68989">
        <ele>2095.8</ele>
      </trkpt>
      <trkpt lat="44.17504" lon="6.68983">
        <ele>2095.7</ele>
      </trkpt>
      <trkpt lat="44.17513" lon="6.68973">
        <ele>2093.8</ele>
      </trkpt>
      <trkpt lat="44.17514" lon="6.68972">
        <ele>2093.6</ele>
      </trkpt>
      <trkpt lat="44.17524" lon="6.68965">
        <ele>2090.6</ele>
      </trkpt>
      <trkpt lat="44.1753" lon="6.6896">
        <ele>2088.9</ele>
      </trkpt>
      <trkpt lat="44.1753" lon="6.68959">
        <ele>2089.0</ele>
      </trkpt>
      <trkpt lat="44.17537" lon="6.68952">
        <ele>2087.2</ele>
      </trkpt>
      <trkpt lat="44.17543" lon="6.68943">
        <ele>2086.1</ele>
      </trkpt>
      <trkpt lat="44.17548" lon="6.68935">
        <ele>2085.3</ele>
      </trkpt>
      <trkpt lat="44.17552" lon="6.68931">
        <ele>2084.2</ele>
      </trkpt>
      <trkpt lat="44.17557" lon="6.68926">
        <ele>2082.7</ele>
      </trkpt>
      <trkpt lat="44.17562" lon="6.68922">
        <ele>2081.1</ele>
      </trkpt>
      <trkpt lat="44.175669" lon="6.68918">
        <ele>2079.4</ele>
      </trkpt>
      <trkpt lat="44.17571" lon="6.68912">
        <ele>2077.9</ele>
      </trkpt>
      <trkpt lat="44.17574" lon="6.68908">
        <ele>2076.5</ele>
      </trkpt>
      <trkpt lat="44.17575" lon="6.68901">
        <ele>2076.2</ele>
      </trkpt>
      <trkpt lat="44.175759" lon="6.68892">
        <ele>2075.9</ele>
      </trkpt>
      <trkpt lat="44.17575" lon="6.68889">
        <ele>2076.5</ele>
      </trkpt>
      <trkpt lat="44.17575" lon="6.68885">
        <ele>2076.5</ele>
      </trkpt>
      <trkpt lat="44.17573" lon="6.68871">
        <ele>2077.7</ele>
      </trkpt>
      <trkpt lat="44.17573" lon="6.68864">
        <ele>2077.9</ele>
      </trkpt>
      <trkpt lat="44.17573" lon="6.68863">
        <ele>2077.9</ele>
      </trkpt>
      <trkpt lat="44.17574" lon="6.68855">
        <ele>2077.6</ele>
      </trkpt>
      <trkpt lat="44.175759" lon="6.68848">
        <ele>2076.9</ele>
      </trkpt>
      <trkpt lat="44.17579" lon="6.6884">
        <ele>2075.7</ele>
      </trkpt>
      <trkpt lat="44.1758" lon="6.68836">
        <ele>2075.4</ele>
      </trkpt>
      <trkpt lat="44.17582" lon="6.68831">
        <ele>2074.3</ele>
      </trkpt>
      <trkpt lat="44.17583" lon="6.68828">
        <ele>2073.5</ele>
      </trkpt>
      <trkpt lat="44.17583" lon="6.68826">
        <ele>2073.3</ele>
      </trkpt>
      <trkpt lat="44.17583" lon="6.68824">
        <ele>2073.0</ele>
      </trkpt>
      <trkpt lat="44.17582" lon="6.6882">
        <ele>2073.0</ele>
      </trkpt>
      <trkpt lat="44.17582" lon="6.68817">
        <ele>2072.6</ele>
      </trkpt>
      <trkpt lat="44.17581" lon="6.68815">
        <ele>2072.8</ele>
      </trkpt>
      <trkpt lat="44.1758" lon="6.68813">
        <ele>2073.0</ele>
      </trkpt>
      <trkpt lat="44.175759" lon="6.68807">
        <ele>2074.0</ele>
      </trkpt>
      <trkpt lat="44.17573" lon="6.68803">
        <ele>2074.8</ele>
      </trkpt>
      <trkpt lat="44.1757" lon="6.68797">
        <ele>2075.4</ele>
      </trkpt>
      <trkpt lat="44.17569" lon="6.68794">
        <ele>2075.5</ele>
      </trkpt>
      <trkpt lat="44.175669" lon="6.68786">
        <ele>2075.4</ele>
      </trkpt>
      <trkpt lat="44.17565" lon="6.68774">
        <ele>2074.8</ele>
      </trkpt>
      <trkpt lat="44.17563" lon="6.68762">
        <ele>2074.2</ele>
      </trkpt>
      <trkpt lat="44.1756" lon="6.68749">
        <ele>2074.1</ele>
      </trkpt>
      <trkpt lat="44.17559" lon="6.6874">
        <ele>2074.7</ele>
      </trkpt>
      <trkpt lat="44.17559" lon="6.68734">
        <ele>2074.8</ele>
      </trkpt>
      <trkpt lat="44.17559" lon="6.68731">
        <ele>2074.9</ele>
      </trkpt>
      <trkpt lat="44.1756" lon="6.68726">
        <ele>2074.6</ele>
      </trkpt>
      <trkpt lat="44.1756" lon="6.68724">
        <ele>2074.6</ele>
      </trkpt>
      <trkpt lat="44.17561" lon="6.6872">
        <ele>2074.3</ele>
      </trkpt>
      <trkpt lat="44.17565" lon="6.68705">
        <ele>2072.9</ele>
      </trkpt>
      <trkpt lat="44.175669" lon="6.687">
        <ele>2072.1</ele>
      </trkpt>
      <trkpt lat="44.17569" lon="6.68694">
        <ele>2071.4</ele>
      </trkpt>
      <trkpt lat="44.1757" lon="6.68688">
        <ele>2071.1</ele>
      </trkpt>
      <trkpt lat="44.17571" lon="6.686829">
        <ele>2070.8</ele>
      </trkpt>
      <trkpt lat="44.17572" lon="6.686689">
        <ele>2070.7</ele>
      </trkpt>
      <trkpt lat="44.17572" lon="6.68664">
        <ele>2070.9</ele>
      </trkpt>
      <trkpt lat="44.17573" lon="6.68656">
        <ele>2070.7</ele>
      </trkpt>
      <trkpt lat="44.17574" lon="6.68653">
        <ele>2070.5</ele>
      </trkpt>
      <trkpt lat="44.17575" lon="6.6865">
        <ele>2070.2</ele>
      </trkpt>
      <trkpt lat="44.17578" lon="6.68644">
        <ele>2069.2</ele>
      </trkpt>
      <trkpt lat="44.17584" lon="6.68632">
        <ele>2067.5</ele>
      </trkpt>
      <trkpt lat="44.17596" lon="6.68613">
        <ele>2066.1</ele>
      </trkpt>
      <trkpt lat="44.176" lon="6.68607">
        <ele>2065.7</ele>
      </trkpt>
      <trkpt lat="44.17611" lon="6.68591">
        <ele>2064.6</ele>
      </trkpt>
      <trkpt lat="44.176139" lon="6.68587">
        <ele>2064.3</ele>
      </trkpt>
      <trkpt lat="44.17619" lon="6.68584">
        <ele>2063.5</ele>
      </trkpt>
      <trkpt lat="44.176229" lon="6.68583">
        <ele>2062.9</ele>
      </trkpt>
      <trkpt lat="44.17624" lon="6.68584">
        <ele>2062.6</ele>
      </trkpt>
      <trkpt lat="44.17625" lon="6.68584">
        <ele>2062.5</ele>
      </trkpt>
      <trkpt lat="44.17629" lon="6.68588">
        <ele>2061.5</ele>
      </trkpt>
      <trkpt lat="44.176319" lon="6.68591">
        <ele>2060.7</ele>
      </trkpt>
      <trkpt lat="44.17636" lon="6.686">
        <ele>2059.3</ele>
      </trkpt>
      <trkpt lat="44.17637" lon="6.686009">
        <ele>2059.1</ele>
      </trkpt>
      <trkpt lat="44.17642" lon="6.68609">
        <ele>2057.6</ele>
      </trkpt>
      <trkpt lat="44.17647" lon="6.68614">
        <ele>2056.2</ele>
      </trkpt>
      <trkpt lat="44.1765" lon="6.68616">
        <ele>2055.5</ele>
      </trkpt>
      <trkpt lat="44.176519" lon="6.68617">
        <ele>2055.0</ele>
      </trkpt>
      <trkpt lat="44.17668" lon="6.68621">
        <ele>2051.5</ele>
      </trkpt>
      <trkpt lat="44.17682" lon="6.68623">
        <ele>2048.4</ele>
      </trkpt>
      <trkpt lat="44.17686" lon="6.68623">
        <ele>2047.6</ele>
      </trkpt>
      <trkpt lat="44.17695" lon="6.68623">
        <ele>2045.6</ele>
      </trkpt>
      <trkpt lat="44.17699" lon="6.68623">
        <ele>2044.8</ele>
      </trkpt>
      <trkpt lat="44.17701" lon="6.686219">
        <ele>2044.4</ele>
      </trkpt>
      <trkpt lat="44.17704" lon="6.68621">
        <ele>2043.8</ele>
      </trkpt>
      <trkpt lat="44.177079" lon="6.68617">
        <ele>2043.1</ele>
      </trkpt>
      <trkpt lat="44.17711" lon="6.68614">
        <ele>2042.5</ele>
      </trkpt>
      <trkpt lat="44.17712" lon="6.68612">
        <ele>2042.3</ele>
      </trkpt>
      <trkpt lat="44.17712" lon="6.6861">
        <ele>2042.4</ele>
      </trkpt>
      <trkpt lat="44.17714" lon="6.68599">
        <ele>2042.1</ele>
      </trkpt>
      <trkpt lat="44.17714" lon="6.68589">
        <ele>2042.4</ele>
      </trkpt>
      <trkpt lat="44.17714" lon="6.68583">
        <ele>2042.5</ele>
      </trkpt>
      <trkpt lat="44.17713" lon="6.68579">
        <ele>2042.8</ele>
      </trkpt>
      <trkpt lat="44.17713" lon="6.68577">
        <ele>2042.8</ele>
      </trkpt>
      <trkpt lat="44.17712" lon="6.68573">
        <ele>2043.1</ele>
      </trkpt>
      <trkpt lat="44.17712" lon="6.6857">
        <ele>2043.1</ele>
      </trkpt>
      <trkpt lat="44.17712" lon="6.68566">
        <ele>2043.1</ele>
      </trkpt>
      <trkpt lat="44.17712" lon="6.68564">
        <ele>2043.1</ele>
      </trkpt>
      <trkpt lat="44.17713" lon="6.68563">
        <ele>2042.8</ele>
      </trkpt>
      <trkpt lat="44.17713" lon="6.68562">
        <ele>2042.8</ele>
      </trkpt>
      <trkpt lat="44.17714" lon="6.685609">
        <ele>2042.6</ele>
      </trkpt>
      <trkpt lat="44.17715" lon="6.685609">
        <ele>2042.3</ele>
      </trkpt>
      <trkpt lat="44.17715" lon="6.6856">
        <ele>2042.3</ele>
      </trkpt>
      <trkpt lat="44.17716" lon="6.6856">
        <ele>2042.0</ele>
      </trkpt>
      <trkpt lat="44.177169" lon="6.6856">
        <ele>2041.8</ele>
      </trkpt>
      <trkpt lat="44.17718" lon="6.6856">
        <ele>2041.5</ele>
      </trkpt>
      <trkpt lat="44.17719" lon="6.685609">
        <ele>2041.2</ele>
      </trkpt>
      <trkpt lat="44.17721" lon="6.68563">
        <ele>2040.7</ele>
      </trkpt>
      <trkpt lat="44.17722" lon="6.68566">
        <ele>2040.4</ele>
      </trkpt>
      <trkpt lat="44.17725" lon="6.68578">
        <ele>2039.6</ele>
      </trkpt>
      <trkpt lat="44.177259" lon="6.68583">
        <ele>2039.3</ele>
      </trkpt>
      <trkpt lat="44.177259" lon="6.68588">
        <ele>2039.3</ele>
      </trkpt>
      <trkpt lat="44.17727" lon="6.68599">
        <ele>2039.0</ele>
      </trkpt>
      <trkpt lat="44.17727" lon="6.68606">
        <ele>2038.9</ele>
      </trkpt>
      <trkpt lat="44.17728" lon="6.68609">
        <ele>2038.7</ele>
      </trkpt>
      <trkpt lat="44.17728" lon="6.68618">
        <ele>2038.6</ele>
      </trkpt>
      <trkpt lat="44.1773" lon="6.68631">
        <ele>2038.2</ele>
      </trkpt>
      <trkpt lat="44.1773" lon="6.68634">
        <ele>2038.2</ele>
      </trkpt>
      <trkpt lat="44.17733" lon="6.6865">
        <ele>2037.6</ele>
      </trkpt>
      <trkpt lat="44.177349" lon="6.68658">
        <ele>2037.3</ele>
      </trkpt>
      <trkpt lat="44.17736" lon="6.686619">
        <ele>2037.2</ele>
      </trkpt>
      <trkpt lat="44.17737" lon="6.686689">
        <ele>2036.9</ele>
      </trkpt>
      <trkpt lat="44.17738" lon="6.686759">
        <ele>2036.6</ele>
      </trkpt>
      <trkpt lat="44.17737" lon="6.686829">
        <ele>2036.5</ele>
      </trkpt>
      <trkpt lat="44.17737" lon="6.68686">
        <ele>2036.4</ele>
      </trkpt>
      <trkpt lat="44.177349" lon="6.68694">
        <ele>2036.5</ele>
      </trkpt>
      <trkpt lat="44.17733" lon="6.68699">
        <ele>2036.6</ele>
      </trkpt>
      <trkpt lat="44.17731" lon="6.68702">
        <ele>2036.9</ele>
      </trkpt>
      <trkpt lat="44.1773" lon="6.68706">
        <ele>2036.9</ele>
      </trkpt>
      <trkpt lat="44.1773" lon="6.68707">
        <ele>2036.9</ele>
      </trkpt>
      <trkpt lat="44.17728" lon="6.68711">
        <ele>2037.1</ele>
      </trkpt>
      <trkpt lat="44.17728" lon="6.68716">
        <ele>2037.0</ele>
      </trkpt>
      <trkpt lat="44.17728" lon="6.68719">
        <ele>2036.9</ele>
      </trkpt>
      <trkpt lat="44.17728" lon="6.6872">
        <ele>2036.8</ele>
      </trkpt>
      <trkpt lat="44.17729" lon="6.68722">
        <ele>2036.6</ele>
      </trkpt>
      <trkpt lat="44.1773" lon="6.687229">
        <ele>2036.4</ele>
      </trkpt>
      <trkpt lat="44.1773" lon="6.68724">
        <ele>2036.4</ele>
      </trkpt>
      <trkpt lat="44.17731" lon="6.68724">
        <ele>2036.2</ele>
      </trkpt>
      <trkpt lat="44.17731" lon="6.68725">
        <ele>2036.2</ele>
      </trkpt>
      <trkpt lat="44.17732" lon="6.68725">
        <ele>2036.0</ele>
      </trkpt>
      <trkpt lat="44.17733" lon="6.68725">
        <ele>2035.8</ele>
      </trkpt>
      <trkpt lat="44.17734" lon="6.68725">
        <ele>2035.7</ele>
      </trkpt>
      <trkpt lat="44.177349" lon="6.68724">
        <ele>2035.5</ele>
      </trkpt>
      <trkpt lat="44.17736" lon="6.68724">
        <ele>2035.3</ele>
      </trkpt>
      <trkpt lat="44.17739" lon="6.68719">
        <ele>2035.0</ele>
      </trkpt>
      <trkpt lat="44.17743" lon="6.68713">
        <ele>2034.5</ele>
      </trkpt>
      <trkpt lat="44.17747" lon="6.68708">
        <ele>2034.0</ele>
      </trkpt>
      <trkpt lat="44.17749" lon="6.68705">
        <ele>2033.8</ele>
      </trkpt>
      <trkpt lat="44.17753" lon="6.68699">
        <ele>2032.3</ele>
      </trkpt>
      <trkpt lat="44.17759" lon="6.68688">
        <ele>2029.6</ele>
      </trkpt>
      <trkpt lat="44.17761" lon="6.68679">
        <ele>2029.0</ele>
      </trkpt>
      <trkpt lat="44.17763" lon="6.68667">
        <ele>2028.6</ele>
      </trkpt>
      <trkpt lat="44.17763" lon="6.68665">
        <ele>2028.5</ele>
      </trkpt>
      <trkpt lat="44.17765" lon="6.68652">
        <ele>2027.0</ele>
      </trkpt>
      <trkpt lat="44.17766" lon="6.68642">
        <ele>2026.1</ele>
      </trkpt>
      <trkpt lat="44.17766" lon="6.6864">
        <ele>2026.0</ele>
      </trkpt>
      <trkpt lat="44.17767" lon="6.68634">
        <ele>2025.3</ele>
      </trkpt>
      <trkpt lat="44.17768" lon="6.68628">
        <ele>2024.5</ele>
      </trkpt>
      <trkpt lat="44.17768" lon="6.68618">
        <ele>2024.1</ele>
      </trkpt>
      <trkpt lat="44.17767" lon="6.686149">
        <ele>2024.5</ele>
      </trkpt>
      <trkpt lat="44.17767" lon="6.68609">
        <ele>2024.3</ele>
      </trkpt>
      <trkpt lat="44.17765" lon="6.68604">
        <ele>2025.2</ele>
      </trkpt>
      <trkpt lat="44.17757" lon="6.6858">
        <ele>2028.9</ele>
      </trkpt>
      <trkpt lat="44.17753" lon="6.6857">
        <ele>2031.1</ele>
      </trkpt>
      <trkpt lat="44.17751" lon="6.68564">
        <ele>2032.2</ele>
      </trkpt>
      <trkpt lat="44.17749" lon="6.68552">
        <ele>2032.9</ele>
      </trkpt>
      <trkpt lat="44.17748" lon="6.68546">
        <ele>2033.1</ele>
      </trkpt>
      <trkpt lat="44.17747" lon="6.68534">
        <ele>2033.3</ele>
      </trkpt>
      <trkpt lat="44.17747" lon="6.68527">
        <ele>2033.2</ele>
      </trkpt>
      <trkpt lat="44.17749" lon="6.68518">
        <ele>2032.5</ele>
      </trkpt>
      <trkpt lat="44.17751" lon="6.6851">
        <ele>2031.6</ele>
      </trkpt>
      <trkpt lat="44.177549" lon="6.68501">
        <ele>2029.5</ele>
      </trkpt>
      <trkpt lat="44.17756" lon="6.68498">
        <ele>2029.3</ele>
      </trkpt>
      <trkpt lat="44.17758" lon="6.68494">
        <ele>2028.9</ele>
      </trkpt>
      <trkpt lat="44.17762" lon="6.68485">
        <ele>2028.2</ele>
      </trkpt>
      <trkpt lat="44.177639" lon="6.68481">
        <ele>2027.8</ele>
      </trkpt>
      <trkpt lat="44.17765" lon="6.684789">
        <ele>2027.6</ele>
      </trkpt>
      <trkpt lat="44.17766" lon="6.68478">
        <ele>2027.3</ele>
      </trkpt>
      <trkpt lat="44.17767" lon="6.68477">
        <ele>2026.9</ele>
      </trkpt>
      <trkpt lat="44.1777" lon="6.68475">
        <ele>2025.7</ele>
      </trkpt>
      <trkpt lat="44.17777" lon="6.68472">
        <ele>2022.5</ele>
      </trkpt>
      <trkpt lat="44.1778" lon="6.68471">
        <ele>2021.1</ele>
      </trkpt>
      <trkpt lat="44.17783" lon="6.68469">
        <ele>2019.9</ele>
      </trkpt>
      <trkpt lat="44.17784" lon="6.68469">
        <ele>2019.4</ele>
      </trkpt>
      <trkpt lat="44.17787" lon="6.68466">
        <ele>2018.3</ele>
      </trkpt>
      <trkpt lat="44.1779" lon="6.68463">
        <ele>2017.2</ele>
      </trkpt>
      <trkpt lat="44.17795" lon="6.68457">
        <ele>2015.5</ele>
      </trkpt>
      <trkpt lat="44.17797" lon="6.68454">
        <ele>2014.9</ele>
      </trkpt>
      <trkpt lat="44.17798" lon="6.68452">
        <ele>2014.6</ele>
      </trkpt>
      <trkpt lat="44.17801" lon="6.68447">
        <ele>2013.8</ele>
      </trkpt>
      <trkpt lat="44.17804" lon="6.68441">
        <ele>2013.1</ele>
      </trkpt>
      <trkpt lat="44.17806" lon="6.68434">
        <ele>2013.0</ele>
      </trkpt>
      <trkpt lat="44.17806" lon="6.684319">
        <ele>2013.3</ele>
      </trkpt>
      <trkpt lat="44.17807" lon="6.68429">
        <ele>2013.2</ele>
      </trkpt>
      <trkpt lat="44.17808" lon="6.68424">
        <ele>2013.3</ele>
      </trkpt>
      <trkpt lat="44.17808" lon="6.68419">
        <ele>2014.0</ele>
      </trkpt>
      <trkpt lat="44.17809" lon="6.68412">
        <ele>2014.4</ele>
      </trkpt>
      <trkpt lat="44.1781" lon="6.684">
        <ele>2015.4</ele>
      </trkpt>
      <trkpt lat="44.17812" lon="6.68388">
        <ele>2015.8</ele>
      </trkpt>
      <trkpt lat="44.17813" lon="6.68383">
        <ele>2015.9</ele>
      </trkpt>
      <trkpt lat="44.17813" lon="6.68382">
        <ele>2016.0</ele>
      </trkpt>
      <trkpt lat="44.17814" lon="6.68375">
        <ele>2016.3</ele>
      </trkpt>
      <trkpt lat="44.17815" lon="6.68369">
        <ele>2016.5</ele>
      </trkpt>
      <trkpt lat="44.17816" lon="6.68358">
        <ele>2017.3</ele>
      </trkpt>
      <trkpt lat="44.17817" lon="6.68353">
        <ele>2017.4</ele>
      </trkpt>
      <trkpt lat="44.17816" lon="6.68349">
        <ele>2018.4</ele>
      </trkpt>
      <trkpt lat="44.17816" lon="6.68346">
        <ele>2018.8</ele>
      </trkpt>
      <trkpt lat="44.17816" lon="6.68338">
        <ele>2019.8</ele>
      </trkpt>
      <trkpt lat="44.17816" lon="6.68334">
        <ele>2020.3</ele>
      </trkpt>
      <trkpt lat="44.17817" lon="6.68332">
        <ele>2019.9</ele>
      </trkpt>
      <trkpt lat="44.17818" lon="6.68328">
        <ele>2019.7</ele>
      </trkpt>
      <trkpt lat="44.17819" lon="6.68325">
        <ele>2019.4</ele>
      </trkpt>
      <trkpt lat="44.178199" lon="6.68323">
        <ele>2019.0</ele>
      </trkpt>
      <trkpt lat="44.17822" lon="6.68321">
        <ele>2018.1</ele>
      </trkpt>
      <trkpt lat="44.17827" lon="6.68318">
        <ele>2015.5</ele>
      </trkpt>
      <trkpt lat="44.178289" lon="6.68318">
        <ele>2014.3</ele>
      </trkpt>
      <trkpt lat="44.17832" lon="6.68316">
        <ele>2012.8</ele>
      </trkpt>
      <trkpt lat="44.17835" lon="6.68314">
        <ele>2011.3</ele>
      </trkpt>
      <trkpt lat="44.17838" lon="6.68311">
        <ele>2009.8</ele>
      </trkpt>
      <trkpt lat="44.17841" lon="6.68307">
        <ele>2008.5</ele>
      </trkpt>
      <trkpt lat="44.17843" lon="6.68304">
        <ele>2007.6</ele>
      </trkpt>
      <trkpt lat="44.17844" lon="6.683029">
        <ele>2007.1</ele>
      </trkpt>
      <trkpt lat="44.17848" lon="6.68295">
        <ele>2005.5</ele>
      </trkpt>
      <trkpt lat="44.178489" lon="6.6829">
        <ele>2005.3</ele>
      </trkpt>
      <trkpt lat="44.17851" lon="6.68284">
        <ele>2004.7</ele>
      </trkpt>
      <trkpt lat="44.17851" lon="6.68279">
        <ele>2005.0</ele>
      </trkpt>
      <trkpt lat="44.17851" lon="6.6827">
        <ele>2005.6</ele>
      </trkpt>
      <trkpt lat="44.1785" lon="6.68262">
        <ele>2006.6</ele>
      </trkpt>
      <trkpt lat="44.1785" lon="6.682559">
        <ele>2007.0</ele>
      </trkpt>
      <trkpt lat="44.1785" lon="6.68255">
        <ele>2007.1</ele>
      </trkpt>
      <trkpt lat="44.1785" lon="6.68251">
        <ele>2007.3</ele>
      </trkpt>
      <trkpt lat="44.17851" lon="6.68247">
        <ele>2006.8</ele>
      </trkpt>
      <trkpt lat="44.17853" lon="6.6824">
        <ele>2005.8</ele>
      </trkpt>
      <trkpt lat="44.17856" lon="6.68234">
        <ele>2004.2</ele>
      </trkpt>
      <trkpt lat="44.17856" lon="6.68233">
        <ele>2004.2</ele>
      </trkpt>
      <trkpt lat="44.1786" lon="6.68221">
        <ele>2002.2</ele>
      </trkpt>
      <trkpt lat="44.17861" lon="6.68212">
        <ele>2001.7</ele>
      </trkpt>
      <trkpt lat="44.17861" lon="6.68209">
        <ele>2001.7</ele>
      </trkpt>
      <trkpt lat="44.17862" lon="6.68205">
        <ele>2001.2</ele>
      </trkpt>
      <trkpt lat="44.17862" lon="6.682">
        <ele>2001.2</ele>
      </trkpt>
      <trkpt lat="44.17862" lon="6.68192">
        <ele>2001.2</ele>
      </trkpt>
      <trkpt lat="44.17862" lon="6.68184">
        <ele>2001.3</ele>
      </trkpt>
      <trkpt lat="44.17862" lon="6.68183">
        <ele>2001.3</ele>
      </trkpt>
      <trkpt lat="44.17864" lon="6.68175">
        <ele>2000.4</ele>
      </trkpt>
      <trkpt lat="44.178669" lon="6.68165">
        <ele>1999.0</ele>
      </trkpt>
      <trkpt lat="44.17869" lon="6.68161">
        <ele>1998.1</ele>
      </trkpt>
      <trkpt lat="44.1787" lon="6.68158">
        <ele>1997.6</ele>
      </trkpt>
      <trkpt lat="44.17873" lon="6.68152">
        <ele>1996.2</ele>
      </trkpt>
      <trkpt lat="44.178759" lon="6.68145">
        <ele>1994.8</ele>
      </trkpt>
      <trkpt lat="44.17877" lon="6.681409">
        <ele>1994.3</ele>
      </trkpt>
      <trkpt lat="44.17877" lon="6.68136">
        <ele>1994.3</ele>
      </trkpt>
      <trkpt lat="44.17877" lon="6.68131">
        <ele>1994.2</ele>
      </trkpt>
      <trkpt lat="44.178759" lon="6.681269">
        <ele>1994.6</ele>
      </trkpt>
      <trkpt lat="44.17875" lon="6.68122">
        <ele>1995.0</ele>
      </trkpt>
      <trkpt lat="44.17873" lon="6.68119">
        <ele>1995.8</ele>
      </trkpt>
      <trkpt lat="44.1787" lon="6.681129">
        <ele>1996.9</ele>
      </trkpt>
      <trkpt lat="44.178669" lon="6.68107">
        <ele>1998.1</ele>
      </trkpt>
      <trkpt lat="44.17866" lon="6.68104">
        <ele>1998.4</ele>
      </trkpt>
      <trkpt lat="44.17865" lon="6.68101">
        <ele>1998.8</ele>
      </trkpt>
      <trkpt lat="44.17866" lon="6.68095">
        <ele>1998.3</ele>
      </trkpt>
      <trkpt lat="44.17866" lon="6.68094">
        <ele>1998.2</ele>
      </trkpt>
      <trkpt lat="44.17868" lon="6.68084">
        <ele>1997.3</ele>
      </trkpt>
      <trkpt lat="44.1787" lon="6.68076">
        <ele>1996.9</ele>
      </trkpt>
      <trkpt lat="44.17873" lon="6.680659">
        <ele>1996.2</ele>
      </trkpt>
      <trkpt lat="44.178759" lon="6.68055">
        <ele>1995.6</ele>
      </trkpt>
      <trkpt lat="44.17879" lon="6.68047">
        <ele>1994.9</ele>
      </trkpt>
      <trkpt lat="44.1788" lon="6.68043">
        <ele>1994.8</ele>
      </trkpt>
      <trkpt lat="44.17883" lon="6.6803">
        <ele>1994.4</ele>
      </trkpt>
      <trkpt lat="44.17888" lon="6.68016">
        <ele>1993.4</ele>
      </trkpt>
      <trkpt lat="44.17892" lon="6.68006">
        <ele>1992.5</ele>
      </trkpt>
      <trkpt lat="44.17897" lon="6.67997">
        <ele>1991.5</ele>
      </trkpt>
      <trkpt lat="44.17901" lon="6.67992">
        <ele>1990.8</ele>
      </trkpt>
      <trkpt lat="44.17904" lon="6.67988">
        <ele>1990.4</ele>
      </trkpt>
      <trkpt lat="44.17908" lon="6.67986">
        <ele>1989.3</ele>
      </trkpt>
      <trkpt lat="44.17908" lon="6.67985">
        <ele>1989.5</ele>
      </trkpt>
      <trkpt lat="44.17917" lon="6.67982">
        <ele>1987.0</ele>
      </trkpt>
      <trkpt lat="44.17925" lon="6.6798">
        <ele>1985.9</ele>
      </trkpt>
      <trkpt lat="44.17929" lon="6.67979">
        <ele>1985.4</ele>
      </trkpt>
      <trkpt lat="44.17938" lon="6.67977">
        <ele>1984.2</ele>
      </trkpt>
      <trkpt lat="44.17943" lon="6.67977">
        <ele>1983.3</ele>
      </trkpt>
      <trkpt lat="44.17946" lon="6.67977">
        <ele>1982.8</ele>
      </trkpt>
      <trkpt lat="44.17959" lon="6.67978">
        <ele>1980.3</ele>
      </trkpt>
      <trkpt lat="44.179609" lon="6.67979">
        <ele>1979.8</ele>
      </trkpt>
      <trkpt lat="44.17975" lon="6.67982">
        <ele>1976.8</ele>
      </trkpt>
      <trkpt lat="44.179789" lon="6.67982">
        <ele>1976.1</ele>
      </trkpt>
      <trkpt lat="44.17986" lon="6.67983">
        <ele>1974.7</ele>
      </trkpt>
      <trkpt lat="44.17992" lon="6.67983">
        <ele>1973.7</ele>
      </trkpt>
      <trkpt lat="44.17996" lon="6.67982">
        <ele>1973.2</ele>
      </trkpt>
      <trkpt lat="44.18002" lon="6.67981">
        <ele>1971.8</ele>
      </trkpt>
      <trkpt lat="44.1801" lon="6.67978">
        <ele>1969.2</ele>
      </trkpt>
      <trkpt lat="44.18021" lon="6.67971">
        <ele>1966.0</ele>
      </trkpt>
      <trkpt lat="44.18027" lon="6.67966">
        <ele>1964.4</ele>
      </trkpt>
      <trkpt lat="44.18033" lon="6.67959">
        <ele>1963.2</ele>
      </trkpt>
      <trkpt lat="44.18041" lon="6.67945">
        <ele>1962.3</ele>
      </trkpt>
      <trkpt lat="44.18042" lon="6.67945">
        <ele>1961.9</ele>
      </trkpt>
      <trkpt lat="44.18049" lon="6.67929">
        <ele>1961.7</ele>
      </trkpt>
      <trkpt lat="44.18051" lon="6.67924">
        <ele>1961.7</ele>
      </trkpt>
      <trkpt lat="44.18054" lon="6.67917">
        <ele>1961.6</ele>
      </trkpt>
      <trkpt lat="44.18056" lon="6.67912">
        <ele>1960.9</ele>
      </trkpt>
      <trkpt lat="44.1806" lon="6.67901">
        <ele>1959.4</ele>
      </trkpt>
      <trkpt lat="44.18063" lon="6.67889">
        <ele>1958.4</ele>
      </trkpt>
      <trkpt lat="44.18063" lon="6.67881">
        <ele>1958.5</ele>
      </trkpt>
      <trkpt lat="44.18063" lon="6.67877">
        <ele>1958.6</ele>
      </trkpt>
      <trkpt lat="44.18063" lon="6.67867">
        <ele>1958.8</ele>
      </trkpt>
      <trkpt lat="44.18062" lon="6.6786">
        <ele>1959.4</ele>
      </trkpt>
      <trkpt lat="44.18061" lon="6.67855">
        <ele>1959.9</ele>
      </trkpt>
      <trkpt lat="44.18061" lon="6.67852">
        <ele>1959.9</ele>
      </trkpt>
      <trkpt lat="44.18059" lon="6.67847">
        <ele>1960.8</ele>
      </trkpt>
      <trkpt lat="44.18056" lon="6.67837">
        <ele>1962.1</ele>
      </trkpt>
      <trkpt lat="44.18052" lon="6.6783">
        <ele>1963.6</ele>
      </trkpt>
      <trkpt lat="44.18049" lon="6.67823">
        <ele>1964.7</ele>
      </trkpt>
      <trkpt lat="44.180459" lon="6.67813">
        <ele>1965.7</ele>
      </trkpt>
      <trkpt lat="44.180459" lon="6.67807">
        <ele>1965.6</ele>
      </trkpt>
      <trkpt lat="44.18045" lon="6.678009">
        <ele>1965.9</ele>
      </trkpt>
      <trkpt lat="44.18048" lon="6.67788">
        <ele>1964.8</ele>
      </trkpt>
      <trkpt lat="44.18054" lon="6.67765">
        <ele>1962.6</ele>
      </trkpt>
      <trkpt lat="44.18056" lon="6.6776">
        <ele>1961.9</ele>
      </trkpt>
      <trkpt lat="44.1806" lon="6.67749">
        <ele>1960.6</ele>
      </trkpt>
      <trkpt lat="44.18063" lon="6.67737">
        <ele>1960.4</ele>
      </trkpt>
      <trkpt lat="44.18065" lon="6.67732">
        <ele>1960.0</ele>
      </trkpt>
      <trkpt lat="44.18069" lon="6.67723">
        <ele>1959.4</ele>
      </trkpt>
      <trkpt lat="44.180729" lon="6.67716">
        <ele>1958.6</ele>
      </trkpt>
      <trkpt lat="44.18075" lon="6.67711">
        <ele>1958.3</ele>
      </trkpt>
      <trkpt lat="44.18081" lon="6.67698">
        <ele>1957.4</ele>
      </trkpt>
      <trkpt lat="44.18082" lon="6.67694">
        <ele>1957.4</ele>
      </trkpt>
      <trkpt lat="44.18085" lon="6.67682">
        <ele>1957.4</ele>
      </trkpt>
      <trkpt lat="44.18088" lon="6.67671">
        <ele>1957.2</ele>
      </trkpt>
      <trkpt lat="44.18089" lon="6.67667">
        <ele>1957.1</ele>
      </trkpt>
      <trkpt lat="44.18091" lon="6.67656">
        <ele>1955.9</ele>
      </trkpt>
      <trkpt lat="44.18091" lon="6.676459">
        <ele>1955.4</ele>
      </trkpt>
      <trkpt lat="44.18091" lon="6.67644">
        <ele>1955.3</ele>
      </trkpt>
      <trkpt lat="44.1809" lon="6.67631">
        <ele>1954.9</ele>
      </trkpt>
      <trkpt lat="44.18089" lon="6.67621">
        <ele>1954.7</ele>
      </trkpt>
      <trkpt lat="44.18088" lon="6.67615">
        <ele>1954.8</ele>
      </trkpt>
      <trkpt lat="44.18089" lon="6.67596">
        <ele>1953.4</ele>
      </trkpt>
      <trkpt lat="44.18089" lon="6.675849">
        <ele>1952.8</ele>
      </trkpt>
      <trkpt lat="44.1809" lon="6.675709">
        <ele>1952.2</ele>
      </trkpt>
      <trkpt lat="44.18091" lon="6.675569">
        <ele>1951.7</ele>
      </trkpt>
      <trkpt lat="44.18096" lon="6.67538">
        <ele>1949.6</ele>
      </trkpt>
      <trkpt lat="44.181" lon="6.675239">
        <ele>1948.0</ele>
      </trkpt>
      <trkpt lat="44.18101" lon="6.67523">
        <ele>1947.6</ele>
      </trkpt>
      <trkpt lat="44.18108" lon="6.67501">
        <ele>1944.8</ele>
      </trkpt>
      <trkpt lat="44.1811" lon="6.674959">
        <ele>1944.3</ele>
      </trkpt>
      <trkpt lat="44.18112" lon="6.67477">
        <ele>1944.6</ele>
      </trkpt>
      <trkpt lat="44.18112" lon="6.67474">
        <ele>1944.8</ele>
      </trkpt>
      <trkpt lat="44.18117" lon="6.67453">
        <ele>1944.4</ele>
      </trkpt>
      <trkpt lat="44.18118" lon="6.67448">
        <ele>1944.4</ele>
      </trkpt>
      <trkpt lat="44.18124" lon="6.6743">
        <ele>1943.8</ele>
      </trkpt>
      <trkpt lat="44.18125" lon="6.67427">
        <ele>1943.8</ele>
      </trkpt>
      <trkpt lat="44.18133" lon="6.67408">
        <ele>1943.1</ele>
      </trkpt>
      <trkpt lat="44.18136" lon="6.67401">
        <ele>1943.0</ele>
      </trkpt>
      <trkpt lat="44.18143" lon="6.67387">
        <ele>1942.4</ele>
      </trkpt>
      <trkpt lat="44.18152" lon="6.67367">
        <ele>1941.8</ele>
      </trkpt>
      <trkpt lat="44.18153" lon="6.67366">
        <ele>1941.6</ele>
      </trkpt>
      <trkpt lat="44.18161" lon="6.67344">
        <ele>1941.5</ele>
      </trkpt>
      <trkpt lat="44.18162" lon="6.67343">
        <ele>1941.4</ele>
      </trkpt>
      <trkpt lat="44.181669" lon="6.67329">
        <ele>1941.5</ele>
      </trkpt>
      <trkpt lat="44.18171" lon="6.67317">
        <ele>1941.9</ele>
      </trkpt>
      <trkpt lat="44.18173" lon="6.67305">
        <ele>1943.1</ele>
      </trkpt>
      <trkpt lat="44.18174" lon="6.67298">
        <ele>1943.9</ele>
      </trkpt>
      <trkpt lat="44.18174" lon="6.67292">
        <ele>1944.8</ele>
      </trkpt>
      <trkpt lat="44.18175" lon="6.67284">
        <ele>1945.7</ele>
      </trkpt>
      <trkpt lat="44.18178" lon="6.67275">
        <ele>1946.4</ele>
      </trkpt>
      <trkpt lat="44.18179" lon="6.67274">
        <ele>1946.3</ele>
      </trkpt>
      <trkpt lat="44.1818" lon="6.67271">
        <ele>1946.5</ele>
      </trkpt>
      <trkpt lat="44.18186" lon="6.67267">
        <ele>1945.6</ele>
      </trkpt>
      <trkpt lat="44.18192" lon="6.67265">
        <ele>1944.5</ele>
      </trkpt>
      <trkpt lat="44.18198" lon="6.67264">
        <ele>1943.1</ele>
      </trkpt>
      <trkpt lat="44.18206" lon="6.67268">
        <ele>1940.3</ele>
      </trkpt>
      <trkpt lat="44.18212" lon="6.67269">
        <ele>1938.6</ele>
      </trkpt>
      <trkpt lat="44.182139" lon="6.6727">
        <ele>1937.8</ele>
      </trkpt>
      <trkpt lat="44.182229" lon="6.67271">
        <ele>1935.3</ele>
      </trkpt>
      <trkpt lat="44.1823" lon="6.6727">
        <ele>1933.7</ele>
      </trkpt>
      <trkpt lat="44.18232" lon="6.67269">
        <ele>1933.4</ele>
      </trkpt>
      <trkpt lat="44.1824" lon="6.67267">
        <ele>1931.9</ele>
      </trkpt>
      <trkpt lat="44.18247" lon="6.67262">
        <ele>1931.4</ele>
      </trkpt>
      <trkpt lat="44.18248" lon="6.67261">
        <ele>1931.4</ele>
      </trkpt>
      <trkpt lat="44.1826" lon="6.67253">
        <ele>1930.3</ele>
      </trkpt>
      <trkpt lat="44.18263" lon="6.67251">
        <ele>1930.0</ele>
      </trkpt>
      <trkpt lat="44.18269" lon="6.67248">
        <ele>1929.3</ele>
      </trkpt>
      <trkpt lat="44.1828" lon="6.67244">
        <ele>1927.9</ele>
      </trkpt>
      <trkpt lat="44.18315" lon="6.67231">
        <ele>1924.3</ele>
      </trkpt>
      <trkpt lat="44.183169" lon="6.6723">
        <ele>1924.3</ele>
      </trkpt>
      <trkpt lat="44.18325" lon="6.67226">
        <ele>1924.2</ele>
      </trkpt>
      <trkpt lat="44.18331" lon="6.67222">
        <ele>1924.7</ele>
      </trkpt>
      <trkpt lat="44.18332" lon="6.67221">
        <ele>1924.9</ele>
      </trkpt>
      <trkpt lat="44.18339" lon="6.67213">
        <ele>1927.0</ele>
      </trkpt>
      <trkpt lat="44.18351" lon="6.67197">
        <ele>1930.9</ele>
      </trkpt>
      <trkpt lat="44.18358" lon="6.67187">
        <ele>1933.2</ele>
      </trkpt>
      <trkpt lat="44.183639" lon="6.67177">
        <ele>1935.6</ele>
      </trkpt>
      <trkpt lat="44.18372" lon="6.67171">
        <ele>1935.3</ele>
      </trkpt>
      <trkpt lat="44.18373" lon="6.6717">
        <ele>1935.3</ele>
      </trkpt>
      <trkpt lat="44.18379" lon="6.67166">
        <ele>1934.7</ele>
      </trkpt>
      <trkpt lat="44.183839" lon="6.67163">
        <ele>1933.9</ele>
      </trkpt>
      <trkpt lat="44.18388" lon="6.67161">
        <ele>1933.0</ele>
      </trkpt>
      <trkpt lat="44.18405" lon="6.67155">
        <ele>1928.7</ele>
      </trkpt>
      <trkpt lat="44.18416" lon="6.671509">
        <ele>1925.9</ele>
      </trkpt>
      <trkpt lat="44.18423" lon="6.67148">
        <ele>1923.8</ele>
      </trkpt>
      <trkpt lat="44.18431" lon="6.67143">
        <ele>1921.9</ele>
      </trkpt>
      <trkpt lat="44.18439" lon="6.671369">
        <ele>1920.0</ele>
      </trkpt>
      <trkpt lat="44.18451" lon="6.67127">
        <ele>1917.3</ele>
      </trkpt>
      <trkpt lat="44.18459" lon="6.6712">
        <ele>1915.3</ele>
      </trkpt>
      <trkpt lat="44.184669" lon="6.6711">
        <ele>1913.9</ele>
      </trkpt>
      <trkpt lat="44.18468" lon="6.67108">
        <ele>1913.9</ele>
      </trkpt>
      <trkpt lat="44.18472" lon="6.67102">
        <ele>1913.3</ele>
      </trkpt>
      <trkpt lat="44.18479" lon="6.67095">
        <ele>1911.2</ele>
      </trkpt>
      <trkpt lat="44.18482" lon="6.67092">
        <ele>1910.3</ele>
      </trkpt>
      <trkpt lat="44.18483" lon="6.67091">
        <ele>1910.0</ele>
      </trkpt>
      <trkpt lat="44.18491" lon="6.67086">
        <ele>1906.6</ele>
      </trkpt>
      <trkpt lat="44.18498" lon="6.6708">
        <ele>1903.7</ele>
      </trkpt>
      <trkpt lat="44.18499" lon="6.67078">
        <ele>1903.4</ele>
      </trkpt>
      <trkpt lat="44.18508" lon="6.67068">
        <ele>1901.2</ele>
      </trkpt>
      <trkpt lat="44.18511" lon="6.67063">
        <ele>1900.7</ele>
      </trkpt>
      <trkpt lat="44.18513" lon="6.6706">
        <ele>1900.3</ele>
      </trkpt>
      <trkpt lat="44.18516" lon="6.67053">
        <ele>1900.0</ele>
      </trkpt>
      <trkpt lat="44.1852" lon="6.67042">
        <ele>1899.7</ele>
      </trkpt>
      <trkpt lat="44.18523" lon="6.670359">
        <ele>1899.1</ele>
      </trkpt>
      <trkpt lat="44.18527" lon="6.67019">
        <ele>1899.2</ele>
      </trkpt>
      <trkpt lat="44.18528" lon="6.67016">
        <ele>1899.1</ele>
      </trkpt>
      <trkpt lat="44.18531" lon="6.67004">
        <ele>1898.9</ele>
      </trkpt>
      <trkpt lat="44.18531" lon="6.66995">
        <ele>1899.1</ele>
      </trkpt>
      <trkpt lat="44.18532" lon="6.66987">
        <ele>1898.1</ele>
      </trkpt>
      <trkpt lat="44.18533" lon="6.669749">
        <ele>1896.8</ele>
      </trkpt>
      <trkpt lat="44.18533" lon="6.66962">
        <ele>1896.0</ele>
      </trkpt>
      <trkpt lat="44.18531" lon="6.6695">
        <ele>1896.3</ele>
      </trkpt>
      <trkpt lat="44.1853" lon="6.66945">
        <ele>1896.5</ele>
      </trkpt>
      <trkpt lat="44.18526" lon="6.66921">
        <ele>1897.2</ele>
      </trkpt>
      <trkpt lat="44.18526" lon="6.66919">
        <ele>1897.1</ele>
      </trkpt>
      <trkpt lat="44.18522" lon="6.66899">
        <ele>1896.7</ele>
      </trkpt>
      <trkpt lat="44.18515" lon="6.66879">
        <ele>1897.4</ele>
      </trkpt>
      <trkpt lat="44.185139" lon="6.66873">
        <ele>1897.0</ele>
      </trkpt>
      <trkpt lat="44.1851" lon="6.66862">
        <ele>1897.2</ele>
      </trkpt>
      <trkpt lat="44.18509" lon="6.6685">
        <ele>1895.8</ele>
      </trkpt>
      <trkpt lat="44.18508" lon="6.66843">
        <ele>1895.1</ele>
      </trkpt>
      <trkpt lat="44.18507" lon="6.66827">
        <ele>1893.1</ele>
      </trkpt>
      <trkpt lat="44.18507" lon="6.668249">
        <ele>1892.8</ele>
      </trkpt>
      <trkpt lat="44.18506" lon="6.66816">
        <ele>1891.8</ele>
      </trkpt>
      <trkpt lat="44.18503" lon="6.668">
        <ele>1890.6</ele>
      </trkpt>
      <trkpt lat="44.18501" lon="6.66791">
        <ele>1890.0</ele>
      </trkpt>
      <trkpt lat="44.18497" lon="6.66781">
        <ele>1890.1</ele>
      </trkpt>
      <trkpt lat="44.18495" lon="6.667779">
        <ele>1890.4</ele>
      </trkpt>
      <trkpt lat="44.18494" lon="6.66774">
        <ele>1890.2</ele>
      </trkpt>
      <trkpt lat="44.18484" lon="6.66756">
        <ele>1891.3</ele>
      </trkpt>
      <trkpt lat="44.18479" lon="6.66745">
        <ele>1891.7</ele>
      </trkpt>
      <trkpt lat="44.18477" lon="6.66735">
        <ele>1891.2</ele>
      </trkpt>
      <trkpt lat="44.18475" lon="6.66726">
        <ele>1890.8</ele>
      </trkpt>
      <trkpt lat="44.18472" lon="6.66711">
        <ele>1890.3</ele>
      </trkpt>
      <trkpt lat="44.18472" lon="6.66707">
        <ele>1889.8</ele>
      </trkpt>
      <trkpt lat="44.184669" lon="6.66687">
        <ele>1889.6</ele>
      </trkpt>
      <trkpt lat="44.18466" lon="6.66682">
        <ele>1889.5</ele>
      </trkpt>
      <trkpt lat="44.18464" lon="6.66672">
        <ele>1889.3</ele>
      </trkpt>
      <trkpt lat="44.18464" lon="6.66665">
        <ele>1888.6</ele>
      </trkpt>
      <trkpt lat="44.18464" lon="6.66662">
        <ele>1888.4</ele>
      </trkpt>
      <trkpt lat="44.18465" lon="6.66658">
        <ele>1887.6</ele>
      </trkpt>
      <trkpt lat="44.18468" lon="6.666419">
        <ele>1885.0</ele>
      </trkpt>
      <trkpt lat="44.18469" lon="6.66638">
        <ele>1884.2</ele>
      </trkpt>
      <trkpt lat="44.1847" lon="6.66633">
        <ele>1883.3</ele>
      </trkpt>
      <trkpt lat="44.18471" lon="6.66627">
        <ele>1882.4</ele>
      </trkpt>
      <trkpt lat="44.18472" lon="6.6662">
        <ele>1881.4</ele>
      </trkpt>
      <trkpt lat="44.18473" lon="6.66616">
        <ele>1880.6</ele>
      </trkpt>
      <trkpt lat="44.18473" lon="6.66614">
        <ele>1880.5</ele>
      </trkpt>
      <trkpt lat="44.18476" lon="6.666089">
        <ele>1878.6</ele>
      </trkpt>
      <trkpt lat="44.18481" lon="6.66599">
        <ele>1875.5</ele>
      </trkpt>
      <trkpt lat="44.18484" lon="6.66594">
        <ele>1873.6</ele>
      </trkpt>
      <trkpt lat="44.18485" lon="6.66592">
        <ele>1873.0</ele>
      </trkpt>
      <trkpt lat="44.18489" lon="6.66584">
        <ele>1870.5</ele>
      </trkpt>
      <trkpt lat="44.1849" lon="6.66579">
        <ele>1869.9</ele>
      </trkpt>
      <trkpt lat="44.18491" lon="6.66573">
        <ele>1869.4</ele>
      </trkpt>
      <trkpt lat="44.18492" lon="6.66571">
        <ele>1868.9</ele>
      </trkpt>
      <trkpt lat="44.18492" lon="6.66565">
        <ele>1868.8</ele>
      </trkpt>
      <trkpt lat="44.18493" lon="6.66551">
        <ele>1868.3</ele>
      </trkpt>
      <trkpt lat="44.18493" lon="6.66546">
        <ele>1868.3</ele>
      </trkpt>
      <trkpt lat="44.18494" lon="6.66526">
        <ele>1867.7</ele>
      </trkpt>
      <trkpt lat="44.18494" lon="6.66521">
        <ele>1867.7</ele>
      </trkpt>
      <trkpt lat="44.18495" lon="6.66505">
        <ele>1867.2</ele>
      </trkpt>
      <trkpt lat="44.184959" lon="6.66494">
        <ele>1866.9</ele>
      </trkpt>
      <trkpt lat="44.184959" lon="6.66484">
        <ele>1867.1</ele>
      </trkpt>
      <trkpt lat="44.184959" lon="6.66469">
        <ele>1867.5</ele>
      </trkpt>
      <trkpt lat="44.184959" lon="6.66456">
        <ele>1867.8</ele>
      </trkpt>
      <trkpt lat="44.184959" lon="6.6645">
        <ele>1867.9</ele>
      </trkpt>
      <trkpt lat="44.18497" lon="6.66446">
        <ele>1867.6</ele>
      </trkpt>
      <trkpt lat="44.18498" lon="6.66443">
        <ele>1867.2</ele>
      </trkpt>
      <trkpt lat="44.18501" lon="6.66436">
        <ele>1866.2</ele>
      </trkpt>
      <trkpt lat="44.18513" lon="6.66417">
        <ele>1862.0</ele>
      </trkpt>
      <trkpt lat="44.18516" lon="6.66413">
        <ele>1860.6</ele>
      </trkpt>
      <trkpt lat="44.18519" lon="6.6641">
        <ele>1859.2</ele>
      </trkpt>
      <trkpt lat="44.1852" lon="6.66408">
        <ele>1858.6</ele>
      </trkpt>
      <trkpt lat="44.18521" lon="6.66407">
        <ele>1858.1</ele>
      </trkpt>
      <trkpt lat="44.18523" lon="6.66404">
        <ele>1857.1</ele>
      </trkpt>
      <trkpt lat="44.18524" lon="6.66401">
        <ele>1856.5</ele>
      </trkpt>
      <trkpt lat="44.18525" lon="6.66397">
        <ele>1855.8</ele>
      </trkpt>
      <trkpt lat="44.18526" lon="6.66394">
        <ele>1855.1</ele>
      </trkpt>
      <trkpt lat="44.18526" lon="6.663909">
        <ele>1854.9</ele>
      </trkpt>
      <trkpt lat="44.18525" lon="6.66387">
        <ele>1854.9</ele>
      </trkpt>
      <trkpt lat="44.18525" lon="6.66386">
        <ele>1854.9</ele>
      </trkpt>
      <trkpt lat="44.18524" lon="6.66383">
        <ele>1855.0</ele>
      </trkpt>
      <trkpt lat="44.18522" lon="6.66379">
        <ele>1855.5</ele>
      </trkpt>
      <trkpt lat="44.1852" lon="6.66374">
        <ele>1855.9</ele>
      </trkpt>
      <trkpt lat="44.18515" lon="6.66366">
        <ele>1857.3</ele>
      </trkpt>
      <trkpt lat="44.18513" lon="6.66363">
        <ele>1857.8</ele>
      </trkpt>
      <trkpt lat="44.18509" lon="6.66356">
        <ele>1858.9</ele>
      </trkpt>
      <trkpt lat="44.18504" lon="6.66345">
        <ele>1860.2</ele>
      </trkpt>
      <trkpt lat="44.18502" lon="6.6634">
        <ele>1860.6</ele>
      </trkpt>
      <trkpt lat="44.18498" lon="6.66327">
        <ele>1860.6</ele>
      </trkpt>
      <trkpt lat="44.184959" lon="6.66323">
        <ele>1860.7</ele>
      </trkpt>
      <trkpt lat="44.18494" lon="6.66314">
        <ele>1859.8</ele>
      </trkpt>
      <trkpt lat="44.18491" lon="6.663">
        <ele>1858.4</ele>
      </trkpt>
      <trkpt lat="44.1849" lon="6.66299">
        <ele>1858.6</ele>
      </trkpt>
      <trkpt lat="44.18489" lon="6.66279">
        <ele>1855.3</ele>
      </trkpt>
      <trkpt lat="44.18488" lon="6.66274">
        <ele>1854.8</ele>
      </trkpt>
      <trkpt lat="44.184869" lon="6.66263">
        <ele>1853.2</ele>
      </trkpt>
      <trkpt lat="44.18485" lon="6.6625">
        <ele>1851.7</ele>
      </trkpt>
      <trkpt lat="44.18485" lon="6.66249">
        <ele>1851.6</ele>
      </trkpt>
      <trkpt lat="44.18483" lon="6.6623">
        <ele>1851.5</ele>
      </trkpt>
      <trkpt lat="44.18483" lon="6.66225">
        <ele>1851.2</ele>
      </trkpt>
      <trkpt lat="44.18484" lon="6.66212">
        <ele>1850.1</ele>
      </trkpt>
      <trkpt lat="44.18485" lon="6.662">
        <ele>1849.0</ele>
      </trkpt>
      <trkpt lat="44.18485" lon="6.66197">
        <ele>1848.8</ele>
      </trkpt>
      <trkpt lat="44.18489" lon="6.661749">
        <ele>1845.7</ele>
      </trkpt>
      <trkpt lat="44.1849" lon="6.6617">
        <ele>1845.0</ele>
      </trkpt>
      <trkpt lat="44.18492" lon="6.66153">
        <ele>1843.0</ele>
      </trkpt>
      <trkpt lat="44.18492" lon="6.6615">
        <ele>1842.8</ele>
      </trkpt>
      <trkpt lat="44.18493" lon="6.6614">
        <ele>1841.7</ele>
      </trkpt>
      <trkpt lat="44.18494" lon="6.66126">
        <ele>1840.4</ele>
      </trkpt>
      <trkpt lat="44.18494" lon="6.6612">
        <ele>1840.0</ele>
      </trkpt>
      <trkpt lat="44.18493" lon="6.661069">
        <ele>1839.7</ele>
      </trkpt>
      <trkpt lat="44.18492" lon="6.66101">
        <ele>1839.7</ele>
      </trkpt>
      <trkpt lat="44.18491" lon="6.660929">
        <ele>1839.7</ele>
      </trkpt>
      <trkpt lat="44.18489" lon="6.66083">
        <ele>1840.0</ele>
      </trkpt>
      <trkpt lat="44.18489" lon="6.66077">
        <ele>1839.4</ele>
      </trkpt>
      <trkpt lat="44.18489" lon="6.66076">
        <ele>1839.3</ele>
      </trkpt>
      <trkpt lat="44.18489" lon="6.66069">
        <ele>1838.7</ele>
      </trkpt>
      <trkpt lat="44.18489" lon="6.66055">
        <ele>1837.4</ele>
      </trkpt>
      <trkpt lat="44.18489" lon="6.66051">
        <ele>1837.1</ele>
      </trkpt>
      <trkpt lat="44.18489" lon="6.66037">
        <ele>1835.8</ele>
      </trkpt>
      <trkpt lat="44.18489" lon="6.66026">
        <ele>1834.8</ele>
      </trkpt>
      <trkpt lat="44.18488" lon="6.66018">
        <ele>1834.5</ele>
      </trkpt>
      <trkpt lat="44.184869" lon="6.66004">
        <ele>1833.7</ele>
      </trkpt>
      <trkpt lat="44.18486" lon="6.6599">
        <ele>1833.2</ele>
      </trkpt>
      <trkpt lat="44.18483" lon="6.65977">
        <ele>1833.6</ele>
      </trkpt>
      <trkpt lat="44.1848" lon="6.65966">
        <ele>1834.2</ele>
      </trkpt>
      <trkpt lat="44.18479" lon="6.65962">
        <ele>1834.4</ele>
      </trkpt>
      <trkpt lat="44.18478" lon="6.65959">
        <ele>1834.6</ele>
      </trkpt>
      <trkpt lat="44.18478" lon="6.65958">
        <ele>1834.5</ele>
      </trkpt>
      <trkpt lat="44.18479" lon="6.65956">
        <ele>1833.9</ele>
      </trkpt>
      <trkpt lat="44.18479" lon="6.65955">
        <ele>1833.8</ele>
      </trkpt>
      <trkpt lat="44.18479" lon="6.65954">
        <ele>1833.7</ele>
      </trkpt>
      <trkpt lat="44.18481" lon="6.65953">
        <ele>1832.7</ele>
      </trkpt>
      <trkpt lat="44.18483" lon="6.65953">
        <ele>1831.8</ele>
      </trkpt>
      <trkpt lat="44.18484" lon="6.65953">
        <ele>1831.4</ele>
      </trkpt>
      <trkpt lat="44.18485" lon="6.65954">
        <ele>1831.0</ele>
      </trkpt>
      <trkpt lat="44.18486" lon="6.65955">
        <ele>1830.6</ele>
      </trkpt>
      <trkpt lat="44.184869" lon="6.65956">
        <ele>1830.3</ele>
      </trkpt>
      <trkpt lat="44.18488" lon="6.65957">
        <ele>1829.9</ele>
      </trkpt>
      <trkpt lat="44.184959" lon="6.65982">
        <ele>1827.8</ele>
      </trkpt>
      <trkpt lat="44.18511" lon="6.66028">
        <ele>1826.5</ele>
      </trkpt>
      <trkpt lat="44.185139" lon="6.66038">
        <ele>1826.4</ele>
      </trkpt>
      <trkpt lat="44.18523" lon="6.66061">
        <ele>1825.4</ele>
      </trkpt>
      <trkpt lat="44.18523" lon="6.66062">
        <ele>1825.4</ele>
      </trkpt>
      <trkpt lat="44.18528" lon="6.66074">
        <ele>1824.6</ele>
      </trkpt>
      <trkpt lat="44.18532" lon="6.66082">
        <ele>1823.8</ele>
      </trkpt>
      <trkpt lat="44.185339" lon="6.66088">
        <ele>1823.3</ele>
      </trkpt>
      <trkpt lat="44.1854" lon="6.66101">
        <ele>1821.6</ele>
      </trkpt>
      <trkpt lat="44.18541" lon="6.66104">
        <ele>1821.4</ele>
      </trkpt>
      <trkpt lat="44.18544" lon="6.66113">
        <ele>1820.5</ele>
      </trkpt>
      <trkpt lat="44.18548" lon="6.66127">
        <ele>1819.4</ele>
      </trkpt>
      <trkpt lat="44.1855" lon="6.6614">
        <ele>1819.0</ele>
      </trkpt>
      <trkpt lat="44.185519" lon="6.66151">
        <ele>1818.4</ele>
      </trkpt>
      <trkpt lat="44.18553" lon="6.66158">
        <ele>1818.2</ele>
      </trkpt>
      <trkpt lat="44.18555" lon="6.66169">
        <ele>1817.7</ele>
      </trkpt>
      <trkpt lat="44.18556" lon="6.66176">
        <ele>1817.9</ele>
      </trkpt>
      <trkpt lat="44.18558" lon="6.66182">
        <ele>1817.6</ele>
      </trkpt>
      <trkpt lat="44.185609" lon="6.66193">
        <ele>1817.4</ele>
      </trkpt>
      <trkpt lat="44.18563" lon="6.66199">
        <ele>1817.1</ele>
      </trkpt>
      <trkpt lat="44.18564" lon="6.66201">
        <ele>1816.9</ele>
      </trkpt>
      <trkpt lat="44.18566" lon="6.66206">
        <ele>1816.5</ele>
      </trkpt>
      <trkpt lat="44.18567" lon="6.6621">
        <ele>1816.5</ele>
      </trkpt>
      <trkpt lat="44.1857" lon="6.66217">
        <ele>1816.0</ele>
      </trkpt>
      <trkpt lat="44.18571" lon="6.66221">
        <ele>1816.0</ele>
      </trkpt>
      <trkpt lat="44.18573" lon="6.66225">
        <ele>1815.5</ele>
      </trkpt>
      <trkpt lat="44.18578" lon="6.66239">
        <ele>1814.9</ele>
      </trkpt>
      <trkpt lat="44.1858" lon="6.66243">
        <ele>1814.6</ele>
      </trkpt>
      <trkpt lat="44.18582" lon="6.66248">
        <ele>1814.3</ele>
      </trkpt>
      <trkpt lat="44.185899" lon="6.66264">
        <ele>1814.7</ele>
      </trkpt>
      <trkpt lat="44.18595" lon="6.66277">
        <ele>1815.7</ele>
      </trkpt>
      <trkpt lat="44.185989" lon="6.66286">
        <ele>1816.4</ele>
      </trkpt>
      <trkpt lat="44.186" lon="6.66288">
        <ele>1816.5</ele>
      </trkpt>
      <trkpt lat="44.18604" lon="6.66296">
        <ele>1817.1</ele>
      </trkpt>
      <trkpt lat="44.1861" lon="6.66302">
        <ele>1817.0</ele>
      </trkpt>
      <trkpt lat="44.18612" lon="6.66303">
        <ele>1816.9</ele>
      </trkpt>
      <trkpt lat="44.18614" lon="6.66305">
        <ele>1816.9</ele>
      </trkpt>
      <trkpt lat="44.18619" lon="6.66306">
        <ele>1816.2</ele>
      </trkpt>
      <trkpt lat="44.18626" lon="6.66307">
        <ele>1815.3</ele>
      </trkpt>
      <trkpt lat="44.18629" lon="6.66306">
        <ele>1814.6</ele>
      </trkpt>
      <trkpt lat="44.18633" lon="6.66306">
        <ele>1813.9</ele>
      </trkpt>
      <trkpt lat="44.18647" lon="6.66302">
        <ele>1810.9</ele>
      </trkpt>
      <trkpt lat="44.18651" lon="6.66301">
        <ele>1810.0</ele>
      </trkpt>
      <trkpt lat="44.18658" lon="6.66298">
        <ele>1808.3</ele>
      </trkpt>
      <trkpt lat="44.18665" lon="6.66296">
        <ele>1806.7</ele>
      </trkpt>
      <trkpt lat="44.18682" lon="6.66294">
        <ele>1803.0</ele>
      </trkpt>
      <trkpt lat="44.186929" lon="6.66293">
        <ele>1800.7</ele>
      </trkpt>
      <trkpt lat="44.187" lon="6.66294">
        <ele>1799.5</ele>
      </trkpt>
      <trkpt lat="44.18704" lon="6.66294">
        <ele>1798.8</ele>
      </trkpt>
      <trkpt lat="44.18716" lon="6.662969">
        <ele>1797.0</ele>
      </trkpt>
      <trkpt lat="44.18718" lon="6.66298">
        <ele>1796.7</ele>
      </trkpt>
      <trkpt lat="44.18722" lon="6.663">
        <ele>1796.3</ele>
      </trkpt>
      <trkpt lat="44.18727" lon="6.66303">
        <ele>1795.8</ele>
      </trkpt>
      <trkpt lat="44.18732" lon="6.6631">
        <ele>1796.0</ele>
      </trkpt>
      <trkpt lat="44.18733" lon="6.66311">
        <ele>1796.0</ele>
      </trkpt>
      <trkpt lat="44.18737" lon="6.66319">
        <ele>1796.5</ele>
      </trkpt>
      <trkpt lat="44.187399" lon="6.66326">
        <ele>1797.0</ele>
      </trkpt>
      <trkpt lat="44.18742" lon="6.66333">
        <ele>1797.7</ele>
      </trkpt>
      <trkpt lat="44.18744" lon="6.6634">
        <ele>1797.9</ele>
      </trkpt>
      <trkpt lat="44.18748" lon="6.66356">
        <ele>1798.6</ele>
      </trkpt>
      <trkpt lat="44.187489" lon="6.6636">
        <ele>1798.8</ele>
      </trkpt>
      <trkpt lat="44.18755" lon="6.66379">
        <ele>1798.9</ele>
      </trkpt>
      <trkpt lat="44.18755" lon="6.66381">
        <ele>1799.1</ele>
      </trkpt>
      <trkpt lat="44.18762" lon="6.66402">
        <ele>1799.2</ele>
      </trkpt>
      <trkpt lat="44.1877" lon="6.66423">
        <ele>1798.5</ele>
      </trkpt>
      <trkpt lat="44.18771" lon="6.66424">
        <ele>1798.3</ele>
      </trkpt>
      <trkpt lat="44.18775" lon="6.66437">
        <ele>1797.4</ele>
      </trkpt>
      <trkpt lat="44.18777" lon="6.66448">
        <ele>1797.1</ele>
      </trkpt>
      <trkpt lat="44.187779" lon="6.66453">
        <ele>1797.0</ele>
      </trkpt>
      <trkpt lat="44.18782" lon="6.66472">
        <ele>1796.5</ele>
      </trkpt>
      <trkpt lat="44.18783" lon="6.66478">
        <ele>1796.5</ele>
      </trkpt>
      <trkpt lat="44.18785" lon="6.66492">
        <ele>1796.5</ele>
      </trkpt>
      <trkpt lat="44.18786" lon="6.66496">
        <ele>1796.4</ele>
      </trkpt>
      <trkpt lat="44.18788" lon="6.66502">
        <ele>1796.1</ele>
      </trkpt>
      <trkpt lat="44.18792" lon="6.66518">
        <ele>1794.9</ele>
      </trkpt>
      <trkpt lat="44.18793" lon="6.665199">
        <ele>1794.7</ele>
      </trkpt>
      <trkpt lat="44.18797" lon="6.6653">
        <ele>1793.7</ele>
      </trkpt>
      <trkpt lat="44.18803" lon="6.6654">
        <ele>1792.3</ele>
      </trkpt>
      <trkpt lat="44.18811" lon="6.66552">
        <ele>1790.6</ele>
      </trkpt>
      <trkpt lat="44.18816" lon="6.66561">
        <ele>1789.5</ele>
      </trkpt>
      <trkpt lat="44.18822" lon="6.66565">
        <ele>1788.4</ele>
      </trkpt>
      <trkpt lat="44.18827" lon="6.66562">
        <ele>1787.6</ele>
      </trkpt>
      <trkpt lat="44.18829" lon="6.66561">
        <ele>1787.3</ele>
      </trkpt>
      <trkpt lat="44.1883" lon="6.66559">
        <ele>1787.2</ele>
      </trkpt>
      <trkpt lat="44.18831" lon="6.66556">
        <ele>1787.1</ele>
      </trkpt>
      <trkpt lat="44.18832" lon="6.66552">
        <ele>1787.0</ele>
      </trkpt>
      <trkpt lat="44.188339" lon="6.66545">
        <ele>1786.8</ele>
      </trkpt>
      <trkpt lat="44.18837" lon="6.665339">
        <ele>1786.3</ele>
      </trkpt>
      <trkpt lat="44.18841" lon="6.66525">
        <ele>1785.6</ele>
      </trkpt>
      <trkpt lat="44.18845" lon="6.66515">
        <ele>1784.8</ele>
      </trkpt>
      <trkpt lat="44.18855" lon="6.66498">
        <ele>1782.3</ele>
      </trkpt>
      <trkpt lat="44.18863" lon="6.66486">
        <ele>1779.0</ele>
      </trkpt>
      <trkpt lat="44.18866" lon="6.66484">
        <ele>1778.0</ele>
      </trkpt>
      <trkpt lat="44.18868" lon="6.66479">
        <ele>1777.0</ele>
      </trkpt>
      <trkpt lat="44.1887" lon="6.66474">
        <ele>1775.9</ele>
      </trkpt>
      <trkpt lat="44.18871" lon="6.6647">
        <ele>1775.2</ele>
      </trkpt>
      <trkpt lat="44.18872" lon="6.664659">
        <ele>1774.4</ele>
      </trkpt>
      <trkpt lat="44.18872" lon="6.66465">
        <ele>1774.3</ele>
      </trkpt>
      <trkpt lat="44.18872" lon="6.6646">
        <ele>1773.8</ele>
      </trkpt>
      <trkpt lat="44.18871" lon="6.66455">
        <ele>1773.5</ele>
      </trkpt>
      <trkpt lat="44.18868" lon="6.66446">
        <ele>1773.4</ele>
      </trkpt>
      <trkpt lat="44.18867" lon="6.66442">
        <ele>1773.2</ele>
      </trkpt>
      <trkpt lat="44.18864" lon="6.66434">
        <ele>1773.3</ele>
      </trkpt>
      <trkpt lat="44.18859" lon="6.66424">
        <ele>1773.7</ele>
      </trkpt>
      <trkpt lat="44.18857" lon="6.66421">
        <ele>1774.0</ele>
      </trkpt>
      <trkpt lat="44.18853" lon="6.66414">
        <ele>1774.5</ele>
      </trkpt>
      <trkpt lat="44.18848" lon="6.66406">
        <ele>1775.0</ele>
      </trkpt>
      <trkpt lat="44.188429" lon="6.66399">
        <ele>1775.7</ele>
      </trkpt>
      <trkpt lat="44.1884" lon="6.66392">
        <ele>1775.7</ele>
      </trkpt>
      <trkpt lat="44.18837" lon="6.6638">
        <ele>1775.0</ele>
      </trkpt>
      <trkpt lat="44.18837" lon="6.66379">
        <ele>1774.9</ele>
      </trkpt>
      <trkpt lat="44.18835" lon="6.66355">
        <ele>1772.4</ele>
      </trkpt>
      <trkpt lat="44.18835" lon="6.66354">
        <ele>1772.2</ele>
      </trkpt>
      <trkpt lat="44.18832" lon="6.66339">
        <ele>1771.2</ele>
      </trkpt>
      <trkpt lat="44.1883" lon="6.66331">
        <ele>1770.8</ele>
      </trkpt>
      <trkpt lat="44.18829" lon="6.66325">
        <ele>1770.5</ele>
      </trkpt>
      <trkpt lat="44.18826" lon="6.66307">
        <ele>1769.6</ele>
      </trkpt>
      <trkpt lat="44.18824" lon="6.66294">
        <ele>1768.9</ele>
      </trkpt>
      <trkpt lat="44.18822" lon="6.66282">
        <ele>1768.2</ele>
      </trkpt>
      <trkpt lat="44.18822" lon="6.6628">
        <ele>1768.0</ele>
      </trkpt>
      <trkpt lat="44.18822" lon="6.66265">
        <ele>1766.4</ele>
      </trkpt>
      <trkpt lat="44.18823" lon="6.66257">
        <ele>1765.3</ele>
      </trkpt>
      <trkpt lat="44.18823" lon="6.66251">
        <ele>1764.7</ele>
      </trkpt>
      <trkpt lat="44.18823" lon="6.6624">
        <ele>1763.5</ele>
      </trkpt>
      <trkpt lat="44.18822" lon="6.66232">
        <ele>1762.8</ele>
      </trkpt>
      <trkpt lat="44.1882" lon="6.66223">
        <ele>1762.3</ele>
      </trkpt>
      <trkpt lat="44.18815" lon="6.66212">
        <ele>1762.2</ele>
      </trkpt>
      <trkpt lat="44.18814" lon="6.6621">
        <ele>1762.2</ele>
      </trkpt>
      <trkpt lat="44.18811" lon="6.66202">
        <ele>1762.0</ele>
      </trkpt>
      <trkpt lat="44.18809" lon="6.6619">
        <ele>1761.0</ele>
      </trkpt>
      <trkpt lat="44.18809" lon="6.66186">
        <ele>1760.5</ele>
      </trkpt>
      <trkpt lat="44.18808" lon="6.6618">
        <ele>1760.1</ele>
      </trkpt>
      <trkpt lat="44.18809" lon="6.6617">
        <ele>1758.6</ele>
      </trkpt>
      <trkpt lat="44.18811" lon="6.66157">
        <ele>1756.9</ele>
      </trkpt>
      <trkpt lat="44.18814" lon="6.66139">
        <ele>1754.6</ele>
      </trkpt>
      <trkpt lat="44.18814" lon="6.66137">
        <ele>1754.4</ele>
      </trkpt>
      <trkpt lat="44.18813" lon="6.66116">
        <ele>1752.7</ele>
      </trkpt>
      <trkpt lat="44.18811" lon="6.66094">
        <ele>1751.0</ele>
      </trkpt>
      <trkpt lat="44.18811" lon="6.66087">
        <ele>1750.4</ele>
      </trkpt>
      <trkpt lat="44.18811" lon="6.66082">
        <ele>1749.9</ele>
      </trkpt>
      <trkpt lat="44.1881" lon="6.66067">
        <ele>1748.6</ele>
      </trkpt>
      <trkpt lat="44.18809" lon="6.66062">
        <ele>1748.3</ele>
      </trkpt>
      <trkpt lat="44.18808" lon="6.66054">
        <ele>1747.6</ele>
      </trkpt>
      <trkpt lat="44.188049" lon="6.66043">
        <ele>1747.1</ele>
      </trkpt>
      <trkpt lat="44.18802" lon="6.6604">
        <ele>1747.3</ele>
      </trkpt>
      <trkpt lat="44.188" lon="6.66037">
        <ele>1747.3</ele>
      </trkpt>
      <trkpt lat="44.18795" lon="6.66031">
        <ele>1747.6</ele>
      </trkpt>
      <trkpt lat="44.18789" lon="6.66024">
        <ele>1747.9</ele>
      </trkpt>
      <trkpt lat="44.18789" lon="6.66023">
        <ele>1747.8</ele>
      </trkpt>
      <trkpt lat="44.18784" lon="6.66017">
        <ele>1748.0</ele>
      </trkpt>
      <trkpt lat="44.1878" lon="6.66003">
        <ele>1747.3</ele>
      </trkpt>
      <trkpt lat="44.1878" lon="6.66001">
        <ele>1747.1</ele>
      </trkpt>
      <trkpt lat="44.1878" lon="6.65991">
        <ele>1746.2</ele>
      </trkpt>
      <trkpt lat="44.1878" lon="6.65976">
        <ele>1744.9</ele>
      </trkpt>
      <trkpt lat="44.1878" lon="6.659709">
        <ele>1744.5</ele>
      </trkpt>
      <trkpt lat="44.187779" lon="6.65958">
        <ele>1743.8</ele>
      </trkpt>
      <trkpt lat="44.18776" lon="6.65952">
        <ele>1743.6</ele>
      </trkpt>
      <trkpt lat="44.18772" lon="6.65941">
        <ele>1743.5</ele>
      </trkpt>
      <trkpt lat="44.18766" lon="6.65928">
        <ele>1743.6</ele>
      </trkpt>
      <trkpt lat="44.18763" lon="6.6592">
        <ele>1743.6</ele>
      </trkpt>
      <trkpt lat="44.1876" lon="6.65907">
        <ele>1743.4</ele>
      </trkpt>
      <trkpt lat="44.18759" lon="6.65891">
        <ele>1742.8</ele>
      </trkpt>
      <trkpt lat="44.187579" lon="6.65876">
        <ele>1742.2</ele>
      </trkpt>
      <trkpt lat="44.18757" lon="6.65857">
        <ele>1741.5</ele>
      </trkpt>
      <trkpt lat="44.18757" lon="6.65855">
        <ele>1741.4</ele>
      </trkpt>
      <trkpt lat="44.18755" lon="6.65832">
        <ele>1740.6</ele>
      </trkpt>
      <trkpt lat="44.18755" lon="6.65813">
        <ele>1739.0</ele>
      </trkpt>
      <trkpt lat="44.18756" lon="6.65807">
        <ele>1738.2</ele>
      </trkpt>
      <trkpt lat="44.18757" lon="6.657879">
        <ele>1736.3</ele>
      </trkpt>
      <trkpt lat="44.18757" lon="6.65782">
        <ele>1735.8</ele>
      </trkpt>
      <trkpt lat="44.18759" lon="6.65763">
        <ele>1733.6</ele>
      </trkpt>
      <trkpt lat="44.18762" lon="6.65739">
        <ele>1730.8</ele>
      </trkpt>
      <trkpt lat="44.18763" lon="6.65732">
        <ele>1729.9</ele>
      </trkpt>
      <trkpt lat="44.18768" lon="6.65714">
        <ele>1727.1</ele>
      </trkpt>
      <trkpt lat="44.18769" lon="6.65709">
        <ele>1726.4</ele>
      </trkpt>
      <trkpt lat="44.18771" lon="6.65698">
        <ele>1725.0</ele>
      </trkpt>
      <trkpt lat="44.18772" lon="6.65681">
        <ele>1723.3</ele>
      </trkpt>
      <trkpt lat="44.18772" lon="6.65665">
        <ele>1722.1</ele>
      </trkpt>
      <trkpt lat="44.1877" lon="6.65636">
        <ele>1721.2</ele>
      </trkpt>
      <trkpt lat="44.18769" lon="6.65615">
        <ele>1720.4</ele>
      </trkpt>
      <trkpt lat="44.18768" lon="6.65607">
        <ele>1720.2</ele>
      </trkpt>
      <trkpt lat="44.18768" lon="6.65601">
        <ele>1719.9</ele>
      </trkpt>
      <trkpt lat="44.18769" lon="6.65594">
        <ele>1719.3</ele>
      </trkpt>
      <trkpt lat="44.18771" lon="6.65591">
        <ele>1718.6</ele>
      </trkpt>
      <trkpt lat="44.18775" lon="6.65584">
        <ele>1717.1</ele>
      </trkpt>
      <trkpt lat="44.18779" lon="6.65576">
        <ele>1715.4</ele>
      </trkpt>
      <trkpt lat="44.18782" lon="6.65571">
        <ele>1714.1</ele>
      </trkpt>
      <trkpt lat="44.18782" lon="6.6557">
        <ele>1714.0</ele>
      </trkpt>
      <trkpt lat="44.18784" lon="6.6556">
        <ele>1712.7</ele>
      </trkpt>
      <trkpt lat="44.18785" lon="6.65547">
        <ele>1711.3</ele>
      </trkpt>
      <trkpt lat="44.18786" lon="6.65531">
        <ele>1709.7</ele>
      </trkpt>
      <trkpt lat="44.18786" lon="6.65521">
        <ele>1708.8</ele>
      </trkpt>
      <trkpt lat="44.18786" lon="6.65515">
        <ele>1708.3</ele>
      </trkpt>
      <trkpt lat="44.18784" lon="6.65503">
        <ele>1707.9</ele>
      </trkpt>
      <trkpt lat="44.18782" lon="6.654969">
        <ele>1707.8</ele>
      </trkpt>
      <trkpt lat="44.18781" lon="6.65494">
        <ele>1707.6</ele>
      </trkpt>
      <trkpt lat="44.18776" lon="6.65486">
        <ele>1707.9</ele>
      </trkpt>
      <trkpt lat="44.1877" lon="6.65478">
        <ele>1708.3</ele>
      </trkpt>
      <trkpt lat="44.18768" lon="6.65475">
        <ele>1708.3</ele>
      </trkpt>
      <trkpt lat="44.18763" lon="6.65465">
        <ele>1708.1</ele>
      </trkpt>
      <trkpt lat="44.18761" lon="6.65457">
        <ele>1707.3</ele>
      </trkpt>
      <trkpt lat="44.1876" lon="6.65453">
        <ele>1706.9</ele>
      </trkpt>
      <trkpt lat="44.187579" lon="6.65438">
        <ele>1704.9</ele>
      </trkpt>
      <trkpt lat="44.18757" lon="6.65433">
        <ele>1704.4</ele>
      </trkpt>
      <trkpt lat="44.18756" lon="6.65423">
        <ele>1702.9</ele>
      </trkpt>
      <trkpt lat="44.18752" lon="6.65409">
        <ele>1701.4</ele>
      </trkpt>
      <trkpt lat="44.18752" lon="6.65408">
        <ele>1701.3</ele>
      </trkpt>
      <trkpt lat="44.18748" lon="6.65392">
        <ele>1699.7</ele>
      </trkpt>
      <trkpt lat="44.18746" lon="6.65385">
        <ele>1699.2</ele>
      </trkpt>
      <trkpt lat="44.18745" lon="6.65383">
        <ele>1699.1</ele>
      </trkpt>
      <trkpt lat="44.18738" lon="6.65369">
        <ele>1699.0</ele>
      </trkpt>
      <trkpt lat="44.18737" lon="6.653679">
        <ele>1699.1</ele>
      </trkpt>
      <trkpt lat="44.18734" lon="6.65365">
        <ele>1699.6</ele>
      </trkpt>
      <trkpt lat="44.18732" lon="6.65363">
        <ele>1699.9</ele>
      </trkpt>
      <trkpt lat="44.18727" lon="6.6536">
        <ele>1700.9</ele>
      </trkpt>
      <trkpt lat="44.18724" lon="6.65357">
        <ele>1701.4</ele>
      </trkpt>
      <trkpt lat="44.18722" lon="6.65356">
        <ele>1701.8</ele>
      </trkpt>
      <trkpt lat="44.18718" lon="6.65351">
        <ele>1702.3</ele>
      </trkpt>
      <trkpt lat="44.18717" lon="6.65347">
        <ele>1702.1</ele>
      </trkpt>
      <trkpt lat="44.18715" lon="6.65343">
        <ele>1702.2</ele>
      </trkpt>
      <trkpt lat="44.18714" lon="6.65338">
        <ele>1701.8</ele>
      </trkpt>
      <trkpt lat="44.18714" lon="6.65335">
        <ele>1701.4</ele>
      </trkpt>
      <trkpt lat="44.18713" lon="6.65329">
        <ele>1701.1</ele>
      </trkpt>
      <trkpt lat="44.18713" lon="6.65319">
        <ele>1700.1</ele>
      </trkpt>
      <trkpt lat="44.18714" lon="6.65313">
        <ele>1699.2</ele>
      </trkpt>
      <trkpt lat="44.18715" lon="6.65298">
        <ele>1697.4</ele>
      </trkpt>
      <trkpt lat="44.18716" lon="6.6529">
        <ele>1696.3</ele>
      </trkpt>
      <trkpt lat="44.18716" lon="6.65284">
        <ele>1695.6</ele>
      </trkpt>
      <trkpt lat="44.18717" lon="6.65273">
        <ele>1694.2</ele>
      </trkpt>
      <trkpt lat="44.18717" lon="6.65263">
        <ele>1693.2</ele>
      </trkpt>
      <trkpt lat="44.18717" lon="6.65262">
        <ele>1693.1</ele>
      </trkpt>
      <trkpt lat="44.18714" lon="6.65241">
        <ele>1692.4</ele>
      </trkpt>
      <trkpt lat="44.18713" lon="6.65238">
        <ele>1692.5</ele>
      </trkpt>
      <trkpt lat="44.18709" lon="6.65223">
        <ele>1692.8</ele>
      </trkpt>
      <trkpt lat="44.187019" lon="6.65191">
        <ele>1692.7</ele>
      </trkpt>
      <trkpt lat="44.18698" lon="6.65177">
        <ele>1692.8</ele>
      </trkpt>
      <trkpt lat="44.18695" lon="6.65156">
        <ele>1692.2</ele>
      </trkpt>
      <trkpt lat="44.18695" lon="6.6515">
        <ele>1691.8</ele>
      </trkpt>
      <trkpt lat="44.18695" lon="6.65143">
        <ele>1691.3</ele>
      </trkpt>
      <trkpt lat="44.18695" lon="6.651309">
        <ele>1690.5</ele>
      </trkpt>
      <trkpt lat="44.18696" lon="6.65125">
        <ele>1689.9</ele>
      </trkpt>
      <trkpt lat="44.18697" lon="6.65116">
        <ele>1689.0</ele>
      </trkpt>
      <trkpt lat="44.18697" lon="6.65105">
        <ele>1688.3</ele>
      </trkpt>
      <trkpt lat="44.18697" lon="6.651">
        <ele>1688.0</ele>
      </trkpt>
      <trkpt lat="44.18696" lon="6.65096">
        <ele>1688.0</ele>
      </trkpt>
      <trkpt lat="44.18694" lon="6.65088">
        <ele>1688.1</ele>
      </trkpt>
      <trkpt lat="44.18691" lon="6.65078">
        <ele>1687.3</ele>
      </trkpt>
      <trkpt lat="44.1869" lon="6.650769">
        <ele>1687.4</ele>
      </trkpt>
      <trkpt lat="44.18687" lon="6.650699">
        <ele>1686.5</ele>
      </trkpt>
      <trkpt lat="44.18679" lon="6.65057">
        <ele>1685.4</ele>
      </trkpt>
      <trkpt lat="44.18676" lon="6.65052">
        <ele>1685.0</ele>
      </trkpt>
      <trkpt lat="44.18668" lon="6.6504">
        <ele>1684.2</ele>
      </trkpt>
      <trkpt lat="44.18667" lon="6.65038">
        <ele>1683.9</ele>
      </trkpt>
      <trkpt lat="44.18664" lon="6.6503">
        <ele>1682.6</ele>
      </trkpt>
      <trkpt lat="44.1866" lon="6.650159">
        <ele>1680.0</ele>
      </trkpt>
      <trkpt lat="44.186549" lon="6.65003">
        <ele>1678.0</ele>
      </trkpt>
      <trkpt lat="44.18652" lon="6.64997">
        <ele>1677.2</ele>
      </trkpt>
      <trkpt lat="44.18647" lon="6.64992">
        <ele>1677.2</ele>
      </trkpt>
      <trkpt lat="44.1864" lon="6.64987">
        <ele>1677.8</ele>
      </trkpt>
      <trkpt lat="44.18634" lon="6.64983">
        <ele>1678.6</ele>
      </trkpt>
      <trkpt lat="44.18632" lon="6.64981">
        <ele>1678.7</ele>
      </trkpt>
      <trkpt lat="44.18621" lon="6.64973">
        <ele>1680.1</ele>
      </trkpt>
      <trkpt lat="44.18618" lon="6.64971">
        <ele>1680.6</ele>
      </trkpt>
      <trkpt lat="44.18615" lon="6.64969">
        <ele>1681.1</ele>
      </trkpt>
      <trkpt lat="44.186079" lon="6.64966">
        <ele>1682.7</ele>
      </trkpt>
      <trkpt lat="44.18602" lon="6.64964">
        <ele>1684.3</ele>
      </trkpt>
      <trkpt lat="44.18601" lon="6.64963">
        <ele>1684.4</ele>
      </trkpt>
      <trkpt lat="44.18597" lon="6.64962">
        <ele>1685.6</ele>
      </trkpt>
      <trkpt lat="44.18593" lon="6.64957">
        <ele>1685.9</ele>
      </trkpt>
      <trkpt lat="44.185899" lon="6.64951">
        <ele>1685.8</ele>
      </trkpt>
      <trkpt lat="44.18589" lon="6.64946">
        <ele>1685.2</ele>
      </trkpt>
      <trkpt lat="44.18588" lon="6.64944">
        <ele>1685.2</ele>
      </trkpt>
      <trkpt lat="44.18586" lon="6.64928">
        <ele>1683.0</ele>
      </trkpt>
      <trkpt lat="44.18586" lon="6.64921">
        <ele>1681.7</ele>
      </trkpt>
      <trkpt lat="44.18586" lon="6.64914">
        <ele>1680.7</ele>
      </trkpt>
      <trkpt lat="44.18586" lon="6.64899">
        <ele>1679.2</ele>
      </trkpt>
      <trkpt lat="44.18586" lon="6.64896">
        <ele>1678.9</ele>
      </trkpt>
      <trkpt lat="44.18587" lon="6.64884">
        <ele>1677.4</ele>
      </trkpt>
      <trkpt lat="44.18588" lon="6.64875">
        <ele>1676.1</ele>
      </trkpt>
      <trkpt lat="44.18591" lon="6.64867">
        <ele>1674.2</ele>
      </trkpt>
      <trkpt lat="44.18592" lon="6.64862">
        <ele>1673.3</ele>
      </trkpt>
      <trkpt lat="44.18592" lon="6.64857">
        <ele>1672.8</ele>
      </trkpt>
      <trkpt lat="44.18592" lon="6.64852">
        <ele>1672.3</ele>
      </trkpt>
      <trkpt lat="44.18591" lon="6.64848">
        <ele>1672.3</ele>
      </trkpt>
      <trkpt lat="44.18587" lon="6.64843">
        <ele>1673.5</ele>
      </trkpt>
      <trkpt lat="44.18582" lon="6.64837">
        <ele>1674.9</ele>
      </trkpt>
      <trkpt lat="44.18577" lon="6.64833">
        <ele>1676.8</ele>
      </trkpt>
      <trkpt lat="44.18571" lon="6.64829">
        <ele>1679.1</ele>
      </trkpt>
      <trkpt lat="44.18565" lon="6.64823">
        <ele>1681.3</ele>
      </trkpt>
      <trkpt lat="44.18562" lon="6.648189">
        <ele>1682.4</ele>
      </trkpt>
      <trkpt lat="44.1856" lon="6.64813">
        <ele>1682.8</ele>
      </trkpt>
      <trkpt lat="44.18559" lon="6.64809">
        <ele>1683.0</ele>
      </trkpt>
      <trkpt lat="44.18558" lon="6.64804">
        <ele>1683.1</ele>
      </trkpt>
      <trkpt lat="44.18558" lon="6.64785">
        <ele>1681.7</ele>
      </trkpt>
      <trkpt lat="44.18557" lon="6.64761">
        <ele>1680.4</ele>
      </trkpt>
      <trkpt lat="44.18557" lon="6.6476">
        <ele>1680.3</ele>
      </trkpt>
      <trkpt lat="44.18557" lon="6.64745">
        <ele>1679.0</ele>
      </trkpt>
      <trkpt lat="44.18557" lon="6.64734">
        <ele>1677.7</ele>
      </trkpt>
      <trkpt lat="44.18557" lon="6.6472">
        <ele>1676.1</ele>
      </trkpt>
      <trkpt lat="44.18559" lon="6.6471">
        <ele>1673.8</ele>
      </trkpt>
      <trkpt lat="44.1856" lon="6.64698">
        <ele>1671.9</ele>
      </trkpt>
      <trkpt lat="44.18562" lon="6.64685">
        <ele>1669.2</ele>
      </trkpt>
      <trkpt lat="44.18562" lon="6.646829">
        <ele>1669.0</ele>
      </trkpt>
      <trkpt lat="44.18563" lon="6.64671">
        <ele>1667.0</ele>
      </trkpt>
      <trkpt lat="44.18564" lon="6.6466">
        <ele>1665.3</ele>
      </trkpt>
      <trkpt lat="44.18564" lon="6.64657">
        <ele>1665.1</ele>
      </trkpt>
      <trkpt lat="44.18566" lon="6.64635">
        <ele>1662.2</ele>
      </trkpt>
      <trkpt lat="44.18566" lon="6.64632">
        <ele>1661.9</ele>
      </trkpt>
      <trkpt lat="44.18566" lon="6.64604">
        <ele>1659.6</ele>
      </trkpt>
      <trkpt lat="44.18566" lon="6.64585">
        <ele>1658.1</ele>
      </trkpt>
      <trkpt lat="44.18567" lon="6.6456">
        <ele>1654.4</ele>
      </trkpt>
      <trkpt lat="44.18567" lon="6.64547">
        <ele>1652.7</ele>
      </trkpt>
      <trkpt lat="44.18567" lon="6.645209">
        <ele>1649.4</ele>
      </trkpt>
      <trkpt lat="44.18568" lon="6.6451">
        <ele>1647.7</ele>
      </trkpt>
      <trkpt lat="44.18568" lon="6.64506">
        <ele>1647.2</ele>
      </trkpt>
      <trkpt lat="44.1857" lon="6.6449">
        <ele>1644.2</ele>
      </trkpt>
      <trkpt lat="44.18571" lon="6.64485">
        <ele>1643.1</ele>
      </trkpt>
      <trkpt lat="44.18572" lon="6.64477">
        <ele>1641.6</ele>
      </trkpt>
      <trkpt lat="44.18575" lon="6.64464">
        <ele>1638.9</ele>
      </trkpt>
      <trkpt lat="44.18575" lon="6.64461">
        <ele>1638.5</ele>
      </trkpt>
      <trkpt lat="44.18575" lon="6.64455">
        <ele>1637.5</ele>
      </trkpt>
      <trkpt lat="44.18575" lon="6.64451">
        <ele>1636.9</ele>
      </trkpt>
      <trkpt lat="44.18574" lon="6.64448">
        <ele>1636.6</ele>
      </trkpt>
      <trkpt lat="44.18573" lon="6.644459">
        <ele>1636.5</ele>
      </trkpt>
      <trkpt lat="44.18571" lon="6.64442">
        <ele>1636.1</ele>
      </trkpt>
      <trkpt lat="44.18569" lon="6.6444">
        <ele>1636.1</ele>
      </trkpt>
      <trkpt lat="44.18568" lon="6.644389">
        <ele>1636.1</ele>
      </trkpt>
      <trkpt lat="44.18567" lon="6.644389">
        <ele>1636.2</ele>
      </trkpt>
      <trkpt lat="44.18566" lon="6.64438">
        <ele>1636.2</ele>
      </trkpt>
      <trkpt lat="44.18562" lon="6.64438">
        <ele>1636.7</ele>
      </trkpt>
      <trkpt lat="44.18557" lon="6.64438">
        <ele>1637.4</ele>
      </trkpt>
      <trkpt lat="44.1855" lon="6.644389">
        <ele>1638.6</ele>
      </trkpt>
      <trkpt lat="44.18537" lon="6.64441">
        <ele>1640.9</ele>
      </trkpt>
      <trkpt lat="44.18532" lon="6.64441">
        <ele>1641.6</ele>
      </trkpt>
      <trkpt lat="44.18521" lon="6.6444">
        <ele>1642.9</ele>
      </trkpt>
      <trkpt lat="44.185139" lon="6.64441">
        <ele>1644.2</ele>
      </trkpt>
      <trkpt lat="44.18502" lon="6.64442">
        <ele>1646.2</ele>
      </trkpt>
      <trkpt lat="44.18497" lon="6.64442">
        <ele>1647.2</ele>
      </trkpt>
      <trkpt lat="44.18492" lon="6.64441">
        <ele>1648.0</ele>
      </trkpt>
      <trkpt lat="44.1849" lon="6.64441">
        <ele>1648.4</ele>
      </trkpt>
      <trkpt lat="44.18485" lon="6.64435">
        <ele>1647.5</ele>
      </trkpt>
      <trkpt lat="44.18481" lon="6.64431">
        <ele>1647.1</ele>
      </trkpt>
      <trkpt lat="44.1848" lon="6.64429">
        <ele>1646.7</ele>
      </trkpt>
      <trkpt lat="44.18475" lon="6.64419">
        <ele>1644.5</ele>
      </trkpt>
      <trkpt lat="44.18471" lon="6.6441">
        <ele>1643.1</ele>
      </trkpt>
      <trkpt lat="44.1847" lon="6.64408">
        <ele>1642.9</ele>
      </trkpt>
      <trkpt lat="44.18459" lon="6.643919">
        <ele>1641.9</ele>
      </trkpt>
      <trkpt lat="44.184579" lon="6.64391">
        <ele>1641.9</ele>
      </trkpt>
      <trkpt lat="44.18452" lon="6.64379">
        <ele>1640.5</ele>
      </trkpt>
      <trkpt lat="44.184489" lon="6.6437">
        <ele>1639.2</ele>
      </trkpt>
      <trkpt lat="44.18448" lon="6.64366">
        <ele>1638.5</ele>
      </trkpt>
      <trkpt lat="44.1845" lon="6.64346">
        <ele>1633.6</ele>
      </trkpt>
      <trkpt lat="44.1845" lon="6.6434">
        <ele>1632.3</ele>
      </trkpt>
      <trkpt lat="44.18452" lon="6.64326">
        <ele>1628.8</ele>
      </trkpt>
      <trkpt lat="44.18453" lon="6.64321">
        <ele>1627.5</ele>
      </trkpt>
      <trkpt lat="44.18454" lon="6.64314">
        <ele>1625.8</ele>
      </trkpt>
      <trkpt lat="44.18454" lon="6.64305">
        <ele>1623.9</ele>
      </trkpt>
      <trkpt lat="44.18453" lon="6.64298">
        <ele>1622.6</ele>
      </trkpt>
      <trkpt lat="44.18452" lon="6.64296">
        <ele>1622.3</ele>
      </trkpt>
      <trkpt lat="44.18448" lon="6.64286">
        <ele>1620.7</ele>
      </trkpt>
      <trkpt lat="44.18442" lon="6.642769">
        <ele>1619.4</ele>
      </trkpt>
      <trkpt lat="44.18442" lon="6.64276">
        <ele>1619.2</ele>
      </trkpt>
      <trkpt lat="44.18432" lon="6.64268">
        <ele>1618.4</ele>
      </trkpt>
      <trkpt lat="44.18426" lon="6.64267">
        <ele>1618.7</ele>
      </trkpt>
      <trkpt lat="44.1842" lon="6.64265">
        <ele>1618.8</ele>
      </trkpt>
      <trkpt lat="44.18408" lon="6.64265">
        <ele>1618.4</ele>
      </trkpt>
      <trkpt lat="44.18405" lon="6.64264">
        <ele>1617.9</ele>
      </trkpt>
      <trkpt lat="44.18388" lon="6.64266">
        <ele>1617.0</ele>
      </trkpt>
      <trkpt lat="44.18374" lon="6.64267">
        <ele>1616.1</ele>
      </trkpt>
      <trkpt lat="44.18372" lon="6.64268">
        <ele>1616.2</ele>
      </trkpt>
      <trkpt lat="44.18367" lon="6.64271">
        <ele>1616.6</ele>
      </trkpt>
      <trkpt lat="44.18361" lon="6.64275">
        <ele>1617.2</ele>
      </trkpt>
      <trkpt lat="44.18356" lon="6.64279">
        <ele>1617.9</ele>
      </trkpt>
      <trkpt lat="44.18354" lon="6.6428">
        <ele>1618.0</ele>
      </trkpt>
      <trkpt lat="44.18342" lon="6.6429">
        <ele>1619.8</ele>
      </trkpt>
      <trkpt lat="44.1834" lon="6.64291">
        <ele>1619.9</ele>
      </trkpt>
      <trkpt lat="44.18334" lon="6.64294">
        <ele>1620.2</ele>
      </trkpt>
      <trkpt lat="44.18326" lon="6.64296">
        <ele>1620.8</ele>
      </trkpt>
      <trkpt lat="44.18323" lon="6.64296">
        <ele>1620.9</ele>
      </trkpt>
      <trkpt lat="44.18318" lon="6.64296">
        <ele>1621.0</ele>
      </trkpt>
      <trkpt lat="44.1831" lon="6.64293">
        <ele>1620.3</ele>
      </trkpt>
      <trkpt lat="44.18305" lon="6.6429">
        <ele>1619.5</ele>
      </trkpt>
      <trkpt lat="44.18302" lon="6.64287">
        <ele>1618.8</ele>
      </trkpt>
      <trkpt lat="44.18298" lon="6.64283">
        <ele>1617.7</ele>
      </trkpt>
      <trkpt lat="44.18291" lon="6.64275">
        <ele>1615.6</ele>
      </trkpt>
      <trkpt lat="44.18287" lon="6.64269">
        <ele>1613.9</ele>
      </trkpt>
      <trkpt lat="44.1828" lon="6.642559">
        <ele>1610.3</ele>
      </trkpt>
      <trkpt lat="44.1828" lon="6.64255">
        <ele>1610.1</ele>
      </trkpt>
      <trkpt lat="44.18272" lon="6.64237">
        <ele>1606.6</ele>
      </trkpt>
      <trkpt lat="44.182699" lon="6.64234">
        <ele>1606.1</ele>
      </trkpt>
      <trkpt lat="44.18264" lon="6.64226">
        <ele>1604.9</ele>
      </trkpt>
      <trkpt lat="44.18255" lon="6.64221">
        <ele>1604.4</ele>
      </trkpt>
      <trkpt lat="44.18254" lon="6.6422">
        <ele>1604.2</ele>
      </trkpt>
      <trkpt lat="44.18247" lon="6.64217">
        <ele>1604.6</ele>
      </trkpt>
      <trkpt lat="44.18239" lon="6.64212">
        <ele>1605.7</ele>
      </trkpt>
      <trkpt lat="44.18238" lon="6.64212">
        <ele>1605.9</ele>
      </trkpt>
      <trkpt lat="44.18232" lon="6.64208">
        <ele>1606.6</ele>
      </trkpt>
      <trkpt lat="44.182229" lon="6.642">
        <ele>1607.2</ele>
      </trkpt>
      <trkpt lat="44.18217" lon="6.641949">
        <ele>1607.4</ele>
      </trkpt>
      <trkpt lat="44.18208" lon="6.64185">
        <ele>1607.1</ele>
      </trkpt>
      <trkpt lat="44.18208" lon="6.64184">
        <ele>1606.9</ele>
      </trkpt>
      <trkpt lat="44.182" lon="6.64173">
        <ele>1605.9</ele>
      </trkpt>
      <trkpt lat="44.181959" lon="6.64166">
        <ele>1604.9</ele>
      </trkpt>
      <trkpt lat="44.1819" lon="6.64152">
        <ele>1602.9</ele>
      </trkpt>
      <trkpt lat="44.18187" lon="6.64144">
        <ele>1601.7</ele>
      </trkpt>
      <trkpt lat="44.18186" lon="6.64138">
        <ele>1600.6</ele>
      </trkpt>
      <trkpt lat="44.18181" lon="6.64123">
        <ele>1598.2</ele>
      </trkpt>
      <trkpt lat="44.18181" lon="6.64121">
        <ele>1597.7</ele>
      </trkpt>
      <trkpt lat="44.18176" lon="6.64107">
        <ele>1595.5</ele>
      </trkpt>
      <trkpt lat="44.18173" lon="6.64099">
        <ele>1594.3</ele>
      </trkpt>
      <trkpt lat="44.181669" lon="6.64084">
        <ele>1592.1</ele>
      </trkpt>
      <trkpt lat="44.18164" lon="6.64077">
        <ele>1591.9</ele>
      </trkpt>
      <trkpt lat="44.1816" lon="6.64067">
        <ele>1591.6</ele>
      </trkpt>
      <trkpt lat="44.18153" lon="6.64057">
        <ele>1592.4</ele>
      </trkpt>
      <trkpt lat="44.18146" lon="6.64047">
        <ele>1593.1</ele>
      </trkpt>
      <trkpt lat="44.181399" lon="6.64036">
        <ele>1593.1</ele>
      </trkpt>
      <trkpt lat="44.18139" lon="6.64035">
        <ele>1593.3</ele>
      </trkpt>
      <trkpt lat="44.18137" lon="6.64028">
        <ele>1592.6</ele>
      </trkpt>
      <trkpt lat="44.18136" lon="6.64017">
        <ele>1590.7</ele>
      </trkpt>
      <trkpt lat="44.18135" lon="6.63998">
        <ele>1587.2</ele>
      </trkpt>
      <trkpt lat="44.18135" lon="6.63985">
        <ele>1584.3</ele>
      </trkpt>
      <trkpt lat="44.18135" lon="6.63973">
        <ele>1581.7</ele>
      </trkpt>
      <trkpt lat="44.18134" lon="6.63961">
        <ele>1579.3</ele>
      </trkpt>
      <trkpt lat="44.1813" lon="6.63947">
        <ele>1577.3</ele>
      </trkpt>
      <trkpt lat="44.18126" lon="6.63938">
        <ele>1576.2</ele>
      </trkpt>
      <trkpt lat="44.18125" lon="6.63935">
        <ele>1575.8</ele>
      </trkpt>
      <trkpt lat="44.18121" lon="6.63928">
        <ele>1575.1</ele>
      </trkpt>
      <trkpt lat="44.18118" lon="6.63923">
        <ele>1574.6</ele>
      </trkpt>
      <trkpt lat="44.18115" lon="6.63919">
        <ele>1574.4</ele>
      </trkpt>
      <trkpt lat="44.18112" lon="6.63916">
        <ele>1574.3</ele>
      </trkpt>
      <trkpt lat="44.1811" lon="6.63912">
        <ele>1573.4</ele>
      </trkpt>
      <trkpt lat="44.1811" lon="6.6391">
        <ele>1572.8</ele>
      </trkpt>
      <trkpt lat="44.1811" lon="6.63909">
        <ele>1572.5</ele>
      </trkpt>
      <trkpt lat="44.1811" lon="6.63908">
        <ele>1572.2</ele>
      </trkpt>
      <trkpt lat="44.1811" lon="6.63907">
        <ele>1571.9</ele>
      </trkpt>
      <trkpt lat="44.1811" lon="6.63906">
        <ele>1571.5</ele>
      </trkpt>
      <trkpt lat="44.181109" lon="6.63905">
        <ele>1571.0</ele>
      </trkpt>
      <trkpt lat="44.18112" lon="6.639039">
        <ele>1570.5</ele>
      </trkpt>
      <trkpt lat="44.18112" lon="6.63903">
        <ele>1570.2</ele>
      </trkpt>
      <trkpt lat="44.18113" lon="6.63902">
        <ele>1569.6</ele>
      </trkpt>
      <trkpt lat="44.18114" lon="6.63902">
        <ele>1569.4</ele>
      </trkpt>
      <trkpt lat="44.18115" lon="6.63902">
        <ele>1569.2</ele>
      </trkpt>
      <trkpt lat="44.18116" lon="6.63902">
        <ele>1569.0</ele>
      </trkpt>
      <trkpt lat="44.18119" lon="6.639039">
        <ele>1568.9</ele>
      </trkpt>
      <trkpt lat="44.18131" lon="6.63914">
        <ele>1569.3</ele>
      </trkpt>
      <trkpt lat="44.18132" lon="6.63914">
        <ele>1569.1</ele>
      </trkpt>
      <trkpt lat="44.18138" lon="6.63917">
        <ele>1568.6</ele>
      </trkpt>
      <trkpt lat="44.18148" lon="6.63924">
        <ele>1567.8</ele>
      </trkpt>
      <trkpt lat="44.18155" lon="6.63929">
        <ele>1567.1</ele>
      </trkpt>
      <trkpt lat="44.18161" lon="6.63934">
        <ele>1566.5</ele>
      </trkpt>
      <trkpt lat="44.18163" lon="6.63938">
        <ele>1566.8</ele>
      </trkpt>
      <trkpt lat="44.18168" lon="6.63943">
        <ele>1566.4</ele>
      </trkpt>
      <trkpt lat="44.18172" lon="6.63952">
        <ele>1567.0</ele>
      </trkpt>
      <trkpt lat="44.18174" lon="6.63957">
        <ele>1567.3</ele>
      </trkpt>
      <trkpt lat="44.18178" lon="6.63966">
        <ele>1567.8</ele>
      </trkpt>
      <trkpt lat="44.18182" lon="6.63978">
        <ele>1568.7</ele>
      </trkpt>
      <trkpt lat="44.18182" lon="6.6398">
        <ele>1569.1</ele>
      </trkpt>
      <trkpt lat="44.18184" lon="6.63985">
        <ele>1569.3</ele>
      </trkpt>
      <trkpt lat="44.18187" lon="6.63996">
        <ele>1570.2</ele>
      </trkpt>
      <trkpt lat="44.18188" lon="6.64004">
        <ele>1571.5</ele>
      </trkpt>
      <trkpt lat="44.18188" lon="6.64006">
        <ele>1571.9</ele>
      </trkpt>
      <trkpt lat="44.18186" lon="6.64015">
        <ele>1574.4</ele>
      </trkpt>
      <trkpt lat="44.18186" lon="6.64018">
        <ele>1575.0</ele>
      </trkpt>
      <trkpt lat="44.18185" lon="6.64021">
        <ele>1575.9</ele>
      </trkpt>
      <trkpt lat="44.18185" lon="6.64022">
        <ele>1576.1</ele>
      </trkpt>
      <trkpt lat="44.18186" lon="6.64023">
        <ele>1576.0</ele>
      </trkpt>
      <trkpt lat="44.18186" lon="6.64025">
        <ele>1576.5</ele>
      </trkpt>
      <trkpt lat="44.18187" lon="6.640259">
        <ele>1576.4</ele>
      </trkpt>
      <trkpt lat="44.18188" lon="6.64027">
        <ele>1576.4</ele>
      </trkpt>
      <trkpt lat="44.18188" lon="6.64028">
        <ele>1576.6</ele>
      </trkpt>
      <trkpt lat="44.18189" lon="6.64028">
        <ele>1576.3</ele>
      </trkpt>
      <trkpt lat="44.1819" lon="6.64029">
        <ele>1576.3</ele>
      </trkpt>
      <trkpt lat="44.18191" lon="6.64029">
        <ele>1576.0</ele>
      </trkpt>
      <trkpt lat="44.18192" lon="6.64028">
        <ele>1575.6</ele>
      </trkpt>
      <trkpt lat="44.18193" lon="6.64028">
        <ele>1575.3</ele>
      </trkpt>
      <trkpt lat="44.18194" lon="6.64027">
        <ele>1574.8</ele>
      </trkpt>
      <trkpt lat="44.18195" lon="6.640259">
        <ele>1574.3</ele>
      </trkpt>
      <trkpt lat="44.18195" lon="6.64024">
        <ele>1573.9</ele>
      </trkpt>
      <trkpt lat="44.181959" lon="6.64018">
        <ele>1572.3</ele>
      </trkpt>
      <trkpt lat="44.18195" lon="6.640119">
        <ele>1571.2</ele>
      </trkpt>
      <trkpt lat="44.18195" lon="6.6401">
        <ele>1570.7</ele>
      </trkpt>
      <trkpt lat="44.18195" lon="6.64002">
        <ele>1568.9</ele>
      </trkpt>
      <trkpt lat="44.181959" lon="6.63993">
        <ele>1567.1</ele>
      </trkpt>
      <trkpt lat="44.18197" lon="6.63987">
        <ele>1565.9</ele>
      </trkpt>
      <trkpt lat="44.18198" lon="6.63982">
        <ele>1564.8</ele>
      </trkpt>
      <trkpt lat="44.18201" lon="6.6397">
        <ele>1562.2</ele>
      </trkpt>
      <trkpt lat="44.18202" lon="6.63963">
        <ele>1560.9</ele>
      </trkpt>
      <trkpt lat="44.18202" lon="6.63961">
        <ele>1560.6</ele>
      </trkpt>
      <trkpt lat="44.18202" lon="6.63953">
        <ele>1559.4</ele>
      </trkpt>
      <trkpt lat="44.182" lon="6.639439">
        <ele>1558.5</ele>
      </trkpt>
      <trkpt lat="44.18198" lon="6.63939">
        <ele>1558.3</ele>
      </trkpt>
      <trkpt lat="44.181959" lon="6.63936">
        <ele>1558.3</ele>
      </trkpt>
      <trkpt lat="44.18188" lon="6.63926">
        <ele>1558.6</ele>
      </trkpt>
      <trkpt lat="44.18185" lon="6.63921">
        <ele>1558.5</ele>
      </trkpt>
      <trkpt lat="44.18181" lon="6.63915">
        <ele>1558.3</ele>
      </trkpt>
      <trkpt lat="44.1817" lon="6.63901">
        <ele>1557.0</ele>
      </trkpt>
      <trkpt lat="44.18163" lon="6.63894">
        <ele>1556.5</ele>
      </trkpt>
      <trkpt lat="44.18157" lon="6.638899">
        <ele>1556.7</ele>
      </trkpt>
      <trkpt lat="44.18156" lon="6.63889">
        <ele>1556.6</ele>
      </trkpt>
      <trkpt lat="44.18144" lon="6.638829">
        <ele>1557.3</ele>
      </trkpt>
      <trkpt lat="44.18141" lon="6.63881">
        <ele>1557.3</ele>
      </trkpt>
      <trkpt lat="44.18127" lon="6.63875">
        <ele>1558.4</ele>
      </trkpt>
      <trkpt lat="44.18107" lon="6.63866">
        <ele>1559.4</ele>
      </trkpt>
      <trkpt lat="44.18106" lon="6.63866">
        <ele>1559.6</ele>
      </trkpt>
      <trkpt lat="44.18089" lon="6.63858">
        <ele>1560.2</ele>
      </trkpt>
      <trkpt lat="44.18089" lon="6.63857">
        <ele>1559.9</ele>
      </trkpt>
      <trkpt lat="44.18074" lon="6.63847">
        <ele>1560.5</ele>
      </trkpt>
      <trkpt lat="44.18069" lon="6.6384">
        <ele>1559.7</ele>
      </trkpt>
      <trkpt lat="44.18066" lon="6.638359">
        <ele>1559.3</ele>
      </trkpt>
      <trkpt lat="44.18063" lon="6.63826">
        <ele>1557.5</ele>
      </trkpt>
      <trkpt lat="44.18057" lon="6.63805">
        <ele>1554.2</ele>
      </trkpt>
      <trkpt lat="44.18056" lon="6.63803">
        <ele>1554.0</ele>
      </trkpt>
      <trkpt lat="44.18054" lon="6.63793">
        <ele>1552.1</ele>
      </trkpt>
      <trkpt lat="44.1805" lon="6.63779">
        <ele>1549.8</ele>
      </trkpt>
      <trkpt lat="44.18045" lon="6.637609">
        <ele>1546.8</ele>
      </trkpt>
      <trkpt lat="44.18044" lon="6.63756">
        <ele>1545.8</ele>
      </trkpt>
      <trkpt lat="44.1804" lon="6.63742">
        <ele>1543.6</ele>
      </trkpt>
      <trkpt lat="44.18038" lon="6.63732">
        <ele>1541.9</ele>
      </trkpt>
      <trkpt lat="44.18038" lon="6.637279">
        <ele>1541.0</ele>
      </trkpt>
      <trkpt lat="44.18036" lon="6.63719">
        <ele>1539.4</ele>
      </trkpt>
      <trkpt lat="44.18035" lon="6.63713">
        <ele>1538.3</ele>
      </trkpt>
      <trkpt lat="44.18035" lon="6.637069">
        <ele>1536.9</ele>
      </trkpt>
      <trkpt lat="44.18035" lon="6.63702">
        <ele>1535.7</ele>
      </trkpt>
      <trkpt lat="44.18036" lon="6.63699">
        <ele>1534.8</ele>
      </trkpt>
      <trkpt lat="44.18036" lon="6.63697">
        <ele>1534.3</ele>
      </trkpt>
      <trkpt lat="44.18038" lon="6.63694">
        <ele>1533.1</ele>
      </trkpt>
      <trkpt lat="44.1804" lon="6.63691">
        <ele>1531.9</ele>
      </trkpt>
      <trkpt lat="44.18043" lon="6.63689">
        <ele>1530.8</ele>
      </trkpt>
      <trkpt lat="44.18044" lon="6.63688">
        <ele>1530.3</ele>
      </trkpt>
      <trkpt lat="44.18045" lon="6.63688">
        <ele>1530.1</ele>
      </trkpt>
      <trkpt lat="44.18048" lon="6.63687">
        <ele>1529.2</ele>
      </trkpt>
      <trkpt lat="44.18062" lon="6.6369">
        <ele>1526.5</ele>
      </trkpt>
      <trkpt lat="44.18079" lon="6.63698">
        <ele>1524.1</ele>
      </trkpt>
      <trkpt lat="44.1808" lon="6.63698">
        <ele>1523.8</ele>
      </trkpt>
      <trkpt lat="44.18094" lon="6.63704">
        <ele>1522.4</ele>
      </trkpt>
      <trkpt lat="44.18096" lon="6.63705">
        <ele>1522.3</ele>
      </trkpt>
      <trkpt lat="44.18105" lon="6.63708">
        <ele>1521.4</ele>
      </trkpt>
      <trkpt lat="44.18114" lon="6.63709">
        <ele>1520.2</ele>
      </trkpt>
      <trkpt lat="44.18116" lon="6.6371">
        <ele>1520.1</ele>
      </trkpt>
      <trkpt lat="44.18127" lon="6.63712">
        <ele>1518.7</ele>
      </trkpt>
      <trkpt lat="44.18132" lon="6.63712">
        <ele>1517.9</ele>
      </trkpt>
      <trkpt lat="44.1815" lon="6.637139">
        <ele>1515.6</ele>
      </trkpt>
      <trkpt lat="44.1816" lon="6.63716">
        <ele>1514.5</ele>
      </trkpt>
      <trkpt lat="44.18168" lon="6.63718">
        <ele>1513.8</ele>
      </trkpt>
      <trkpt lat="44.18171" lon="6.6372">
        <ele>1513.9</ele>
      </trkpt>
      <trkpt lat="44.18185" lon="6.63727">
        <ele>1513.9</ele>
      </trkpt>
      <trkpt lat="44.18192" lon="6.63731">
        <ele>1514.1</ele>
      </trkpt>
      <trkpt lat="44.18201" lon="6.63739">
        <ele>1515.2</ele>
      </trkpt>
      <trkpt lat="44.18207" lon="6.63749">
        <ele>1517.4</ele>
      </trkpt>
      <trkpt lat="44.1822" lon="6.63769">
        <ele>1520.3</ele>
      </trkpt>
      <trkpt lat="44.18222" lon="6.6377">
        <ele>1520.3</ele>
      </trkpt>
      <trkpt lat="44.18222" lon="6.63771">
        <ele>1520.5</ele>
      </trkpt>
      <trkpt lat="44.18224" lon="6.63771">
        <ele>1520.3</ele>
      </trkpt>
      <trkpt lat="44.18226" lon="6.63772">
        <ele>1520.3</ele>
      </trkpt>
      <trkpt lat="44.18229" lon="6.63772">
        <ele>1520.0</ele>
      </trkpt>
      <trkpt lat="44.18239" lon="6.6377">
        <ele>1518.5</ele>
      </trkpt>
      <trkpt lat="44.18244" lon="6.63769">
        <ele>1517.7</ele>
      </trkpt>
      <trkpt lat="44.18254" lon="6.637679">
        <ele>1516.6</ele>
      </trkpt>
      <trkpt lat="44.182609" lon="6.63765">
        <ele>1515.6</ele>
      </trkpt>
      <trkpt lat="44.18266" lon="6.63764">
        <ele>1515.1</ele>
      </trkpt>
      <trkpt lat="44.18279" lon="6.63762">
        <ele>1513.9</ele>
      </trkpt>
      <trkpt lat="44.18279" lon="6.637609">
        <ele>1513.7</ele>
      </trkpt>
      <trkpt lat="44.18293" lon="6.63758">
        <ele>1512.4</ele>
      </trkpt>
      <trkpt lat="44.18305" lon="6.63753">
        <ele>1510.9</ele>
      </trkpt>
      <trkpt lat="44.18322" lon="6.63746">
        <ele>1508.3</ele>
      </trkpt>
      <trkpt lat="44.1834" lon="6.63738">
        <ele>1504.3</ele>
      </trkpt>
      <trkpt lat="44.18348" lon="6.63735">
        <ele>1502.1</ele>
      </trkpt>
      <trkpt lat="44.1835" lon="6.63734">
        <ele>1501.4</ele>
      </trkpt>
      <trkpt lat="44.18358" lon="6.63733">
        <ele>1499.8</ele>
      </trkpt>
      <trkpt lat="44.18365" lon="6.63733">
        <ele>1498.7</ele>
      </trkpt>
      <trkpt lat="44.18366" lon="6.63733">
        <ele>1498.5</ele>
      </trkpt>
      <trkpt lat="44.18373" lon="6.63737">
        <ele>1498.5</ele>
      </trkpt>
      <trkpt lat="44.18379" lon="6.63739">
        <ele>1498.1</ele>
      </trkpt>
      <trkpt lat="44.18382" lon="6.63744">
        <ele>1499.1</ele>
      </trkpt>
      <trkpt lat="44.18383" lon="6.63744">
        <ele>1498.9</ele>
      </trkpt>
      <trkpt lat="44.18387" lon="6.6375">
        <ele>1500.0</ele>
      </trkpt>
      <trkpt lat="44.18388" lon="6.63751">
        <ele>1499.9</ele>
      </trkpt>
      <trkpt lat="44.18389" lon="6.63751">
        <ele>1499.8</ele>
      </trkpt>
      <trkpt lat="44.1839" lon="6.63751">
        <ele>1499.6</ele>
      </trkpt>
      <trkpt lat="44.18392" lon="6.6375">
        <ele>1499.1</ele>
      </trkpt>
      <trkpt lat="44.183929" lon="6.63749">
        <ele>1498.7</ele>
      </trkpt>
      <trkpt lat="44.183929" lon="6.63748">
        <ele>1498.4</ele>
      </trkpt>
      <trkpt lat="44.18394" lon="6.63748">
        <ele>1498.2</ele>
      </trkpt>
      <trkpt lat="44.18394" lon="6.63747">
        <ele>1497.9</ele>
      </trkpt>
      <trkpt lat="44.18394" lon="6.63744">
        <ele>1497.1</ele>
      </trkpt>
      <trkpt lat="44.18394" lon="6.63743">
        <ele>1496.8</ele>
      </trkpt>
      <trkpt lat="44.183929" lon="6.63742">
        <ele>1496.6</ele>
      </trkpt>
      <trkpt lat="44.183929" lon="6.63741">
        <ele>1496.4</ele>
      </trkpt>
      <trkpt lat="44.18392" lon="6.6374">
        <ele>1496.2</ele>
      </trkpt>
      <trkpt lat="44.18386" lon="6.63734">
        <ele>1495.5</ele>
      </trkpt>
      <trkpt lat="44.18381" lon="6.63729">
        <ele>1494.8</ele>
      </trkpt>
      <trkpt lat="44.18379" lon="6.637279">
        <ele>1494.9</ele>
      </trkpt>
      <trkpt lat="44.18375" lon="6.63724">
        <ele>1494.4</ele>
      </trkpt>
      <trkpt lat="44.18368" lon="6.63717">
        <ele>1493.4</ele>
      </trkpt>
      <trkpt lat="44.183639" lon="6.63715">
        <ele>1493.5</ele>
      </trkpt>
      <trkpt lat="44.18357" lon="6.63711">
        <ele>1493.5</ele>
      </trkpt>
      <trkpt lat="44.183459" lon="6.63708">
        <ele>1494.3</ele>
      </trkpt>
      <trkpt lat="44.18339" lon="6.63709">
        <ele>1495.8</ele>
      </trkpt>
      <trkpt lat="44.18329" lon="6.63708">
        <ele>1496.6</ele>
      </trkpt>
      <trkpt lat="44.18328" lon="6.63708">
        <ele>1496.6</ele>
      </trkpt>
      <trkpt lat="44.18318" lon="6.63709">
        <ele>1497.3</ele>
      </trkpt>
      <trkpt lat="44.1831" lon="6.63709">
        <ele>1497.7</ele>
      </trkpt>
      <trkpt lat="44.18306" lon="6.63708">
        <ele>1497.5</ele>
      </trkpt>
      <trkpt lat="44.18293" lon="6.63709">
        <ele>1498.4</ele>
      </trkpt>
      <trkpt lat="44.18292" lon="6.63709">
        <ele>1498.4</ele>
      </trkpt>
      <trkpt lat="44.18285" lon="6.637069">
        <ele>1498.1</ele>
      </trkpt>
      <trkpt lat="44.18276" lon="6.63704">
        <ele>1497.6</ele>
      </trkpt>
      <trkpt lat="44.18275" lon="6.63703">
        <ele>1497.3</ele>
      </trkpt>
      <trkpt lat="44.18269" lon="6.63701">
        <ele>1496.9</ele>
      </trkpt>
      <trkpt lat="44.18262" lon="6.63699">
        <ele>1496.6</ele>
      </trkpt>
      <trkpt lat="44.18257" lon="6.63698">
        <ele>1496.5</ele>
      </trkpt>
      <trkpt lat="44.18256" lon="6.63698">
        <ele>1496.5</ele>
      </trkpt>
      <trkpt lat="44.18242" lon="6.63696">
        <ele>1497.3</ele>
      </trkpt>
      <trkpt lat="44.18239" lon="6.63695">
        <ele>1497.5</ele>
      </trkpt>
      <trkpt lat="44.18229" lon="6.63694">
        <ele>1498.6</ele>
      </trkpt>
      <trkpt lat="44.18222" lon="6.63691">
        <ele>1498.8</ele>
      </trkpt>
      <trkpt lat="44.182139" lon="6.63687">
        <ele>1498.9</ele>
      </trkpt>
      <trkpt lat="44.18213" lon="6.63686">
        <ele>1498.7</ele>
      </trkpt>
      <trkpt lat="44.18212" lon="6.63685">
        <ele>1498.6</ele>
      </trkpt>
      <trkpt lat="44.18211" lon="6.63684">
        <ele>1498.5</ele>
      </trkpt>
      <trkpt lat="44.18211" lon="6.63683">
        <ele>1498.2</ele>
      </trkpt>
      <trkpt lat="44.18211" lon="6.63682">
        <ele>1497.9</ele>
      </trkpt>
      <trkpt lat="44.18211" lon="6.63681">
        <ele>1497.6</ele>
      </trkpt>
      <trkpt lat="44.18211" lon="6.6368">
        <ele>1497.3</ele>
      </trkpt>
      <trkpt lat="44.18211" lon="6.63679">
        <ele>1497.1</ele>
      </trkpt>
      <trkpt lat="44.18211" lon="6.63678">
        <ele>1496.8</ele>
      </trkpt>
      <trkpt lat="44.18212" lon="6.63676">
        <ele>1496.0</ele>
      </trkpt>
      <trkpt lat="44.18213" lon="6.63675">
        <ele>1495.6</ele>
      </trkpt>
      <trkpt lat="44.182139" lon="6.63674">
        <ele>1495.1</ele>
      </trkpt>
      <trkpt lat="44.18216" lon="6.63674">
        <ele>1494.8</ele>
      </trkpt>
      <trkpt lat="44.18218" lon="6.63674">
        <ele>1494.5</ele>
      </trkpt>
      <trkpt lat="44.18224" lon="6.63677">
        <ele>1494.4</ele>
      </trkpt>
      <trkpt lat="44.18229" lon="6.63679">
        <ele>1494.2</ele>
      </trkpt>
      <trkpt lat="44.18231" lon="6.6368">
        <ele>1494.2</ele>
      </trkpt>
      <trkpt lat="44.18236" lon="6.6368">
        <ele>1493.4</ele>
      </trkpt>
      <trkpt lat="44.18241" lon="6.63679">
        <ele>1492.3</ele>
      </trkpt>
      <trkpt lat="44.18247" lon="6.63677">
        <ele>1490.7</ele>
      </trkpt>
      <trkpt lat="44.18253" lon="6.63673">
        <ele>1488.9</ele>
      </trkpt>
      <trkpt lat="44.18263" lon="6.636669">
        <ele>1486.6</ele>
      </trkpt>
      <trkpt lat="44.1828" lon="6.63658">
        <ele>1482.9</ele>
      </trkpt>
      <trkpt lat="44.18281" lon="6.63658">
        <ele>1482.9</ele>
      </trkpt>
      <trkpt lat="44.18293" lon="6.636529">
        <ele>1480.6</ele>
      </trkpt>
      <trkpt lat="44.18297" lon="6.63651">
        <ele>1479.7</ele>
      </trkpt>
      <trkpt lat="44.18313" lon="6.63645">
        <ele>1476.9</ele>
      </trkpt>
      <trkpt lat="44.18315" lon="6.63645">
        <ele>1476.8</ele>
      </trkpt>
      <trkpt lat="44.18324" lon="6.63643">
        <ele>1475.6</ele>
      </trkpt>
      <trkpt lat="44.18333" lon="6.63642">
        <ele>1474.8</ele>
      </trkpt>
      <trkpt lat="44.183369" lon="6.63642">
        <ele>1474.3</ele>
      </trkpt>
      <trkpt lat="44.18351" lon="6.63642">
        <ele>1472.3</ele>
      </trkpt>
      <trkpt lat="44.18369" lon="6.63643">
        <ele>1470.0</ele>
      </trkpt>
      <trkpt lat="44.18376" lon="6.63643">
        <ele>1469.0</ele>
      </trkpt>
      <trkpt lat="44.18385" lon="6.636459">
        <ele>1468.7</ele>
      </trkpt>
      <trkpt lat="44.18386" lon="6.636459">
        <ele>1468.6</ele>
      </trkpt>
      <trkpt lat="44.18394" lon="6.63648">
        <ele>1468.1</ele>
      </trkpt>
      <trkpt lat="44.18399" lon="6.63652">
        <ele>1468.7</ele>
      </trkpt>
      <trkpt lat="44.18403" lon="6.63654">
        <ele>1468.8</ele>
      </trkpt>
      <trkpt lat="44.18407" lon="6.63656">
        <ele>1468.9</ele>
      </trkpt>
      <trkpt lat="44.18416" lon="6.63659">
        <ele>1468.5</ele>
      </trkpt>
      <trkpt lat="44.18421" lon="6.636599">
        <ele>1468.4</ele>
      </trkpt>
      <trkpt lat="44.18436" lon="6.63661">
        <ele>1467.3</ele>
      </trkpt>
      <trkpt lat="44.18445" lon="6.63656">
        <ele>1465.0</ele>
      </trkpt>
      <trkpt lat="44.18455" lon="6.63652">
        <ele>1462.9</ele>
      </trkpt>
      <trkpt lat="44.18456" lon="6.63652">
        <ele>1462.8</ele>
      </trkpt>
      <trkpt lat="44.18461" lon="6.6365">
        <ele>1461.8</ele>
      </trkpt>
      <trkpt lat="44.18466" lon="6.6365">
        <ele>1461.4</ele>
      </trkpt>
      <trkpt lat="44.18472" lon="6.6365">
        <ele>1460.9</ele>
      </trkpt>
      <trkpt lat="44.18473" lon="6.6365">
        <ele>1460.8</ele>
      </trkpt>
      <trkpt lat="44.18477" lon="6.63651">
        <ele>1460.8</ele>
      </trkpt>
      <trkpt lat="44.18483" lon="6.63652">
        <ele>1460.5</ele>
      </trkpt>
      <trkpt lat="44.18491" lon="6.63652">
        <ele>1459.9</ele>
      </trkpt>
      <trkpt lat="44.18494" lon="6.636529">
        <ele>1459.9</ele>
      </trkpt>
      <trkpt lat="44.18504" lon="6.63652">
        <ele>1458.3</ele>
      </trkpt>
      <trkpt lat="44.18509" lon="6.63652">
        <ele>1457.3</ele>
      </trkpt>
      <trkpt lat="44.18512" lon="6.63652">
        <ele>1456.8</ele>
      </trkpt>
      <trkpt lat="44.185139" lon="6.636529">
        <ele>1456.6</ele>
      </trkpt>
      <trkpt lat="44.18517" lon="6.63654">
        <ele>1456.3</ele>
      </trkpt>
      <trkpt lat="44.1852" lon="6.63656">
        <ele>1456.2</ele>
      </trkpt>
      <trkpt lat="44.18522" lon="6.63658">
        <ele>1456.3</ele>
      </trkpt>
      <trkpt lat="44.18524" lon="6.63662">
        <ele>1456.9</ele>
      </trkpt>
      <trkpt lat="44.18525" lon="6.63663">
        <ele>1457.0</ele>
      </trkpt>
      <trkpt lat="44.18525" lon="6.63664">
        <ele>1457.2</ele>
      </trkpt>
      <trkpt lat="44.18526" lon="6.63664">
        <ele>1457.0</ele>
      </trkpt>
      <trkpt lat="44.18528" lon="6.63665">
        <ele>1456.9</ele>
      </trkpt>
      <trkpt lat="44.18531" lon="6.63665">
        <ele>1456.3</ele>
      </trkpt>
      <trkpt lat="44.18532" lon="6.63665">
        <ele>1456.1</ele>
      </trkpt>
      <trkpt lat="44.185339" lon="6.63664">
        <ele>1455.4</ele>
      </trkpt>
      <trkpt lat="44.185339" lon="6.63663">
        <ele>1455.1</ele>
      </trkpt>
      <trkpt lat="44.18535" lon="6.63662">
        <ele>1454.7</ele>
      </trkpt>
      <trkpt lat="44.18535" lon="6.63661">
        <ele>1454.4</ele>
      </trkpt>
      <trkpt lat="44.18535" lon="6.63657">
        <ele>1453.5</ele>
      </trkpt>
      <trkpt lat="44.18535" lon="6.63656">
        <ele>1453.2</ele>
      </trkpt>
      <trkpt lat="44.18535" lon="6.63655">
        <ele>1453.0</ele>
      </trkpt>
      <trkpt lat="44.185339" lon="6.63654">
        <ele>1452.9</ele>
      </trkpt>
      <trkpt lat="44.18525" lon="6.636389">
        <ele>1450.9</ele>
      </trkpt>
      <trkpt lat="44.18522" lon="6.63635">
        <ele>1450.5</ele>
      </trkpt>
      <trkpt lat="44.1852" lon="6.63632">
        <ele>1450.1</ele>
      </trkpt>
      <trkpt lat="44.18512" lon="6.63623">
        <ele>1449.2</ele>
      </trkpt>
      <trkpt lat="44.18507" lon="6.63621">
        <ele>1449.7</ele>
      </trkpt>
      <trkpt lat="44.18501" lon="6.63617">
        <ele>1449.7</ele>
      </trkpt>
      <trkpt lat="44.1849" lon="6.63613">
        <ele>1449.3</ele>
      </trkpt>
      <trkpt lat="44.18474" lon="6.63608">
        <ele>1448.7</ele>
      </trkpt>
      <trkpt lat="44.18473" lon="6.63607">
        <ele>1448.4</ele>
      </trkpt>
      <trkpt lat="44.18455" lon="6.63601">
        <ele>1447.4</ele>
      </trkpt>
      <trkpt lat="44.18438" lon="6.63598">
        <ele>1447.1</ele>
      </trkpt>
      <trkpt lat="44.18437" lon="6.63598">
        <ele>1447.2</ele>
      </trkpt>
      <trkpt lat="44.18425" lon="6.63595">
        <ele>1446.6</ele>
      </trkpt>
      <trkpt lat="44.1842" lon="6.635919">
        <ele>1445.8</ele>
      </trkpt>
      <trkpt lat="44.18415" lon="6.6359">
        <ele>1445.4</ele>
      </trkpt>
      <trkpt lat="44.18405" lon="6.635849">
        <ele>1445.0</ele>
      </trkpt>
      <trkpt lat="44.18403" lon="6.63584">
        <ele>1444.9</ele>
      </trkpt>
      <trkpt lat="44.18386" lon="6.63577">
        <ele>1444.4</ele>
      </trkpt>
      <trkpt lat="44.18369" lon="6.63569">
        <ele>1443.3</ele>
      </trkpt>
      <trkpt lat="44.18352" lon="6.63562">
        <ele>1442.5</ele>
      </trkpt>
      <trkpt lat="44.18343" lon="6.63558">
        <ele>1441.9</ele>
      </trkpt>
      <trkpt lat="44.183369" lon="6.63554">
        <ele>1441.0</ele>
      </trkpt>
      <trkpt lat="44.18332" lon="6.63546">
        <ele>1438.3</ele>
      </trkpt>
      <trkpt lat="44.18323" lon="6.63533">
        <ele>1434.1</ele>
      </trkpt>
      <trkpt lat="44.18321" lon="6.63529">
        <ele>1432.8</ele>
      </trkpt>
      <trkpt lat="44.183169" lon="6.63522">
        <ele>1430.5</ele>
      </trkpt>
      <trkpt lat="44.18311" lon="6.63516">
        <ele>1428.8</ele>
      </trkpt>
      <trkpt lat="44.1831" lon="6.63515">
        <ele>1428.5</ele>
      </trkpt>
      <trkpt lat="44.18305" lon="6.6351">
        <ele>1427.2</ele>
      </trkpt>
      <trkpt lat="44.18295" lon="6.63502">
        <ele>1425.3</ele>
      </trkpt>
      <trkpt lat="44.18293" lon="6.635">
        <ele>1424.8</ele>
      </trkpt>
      <trkpt lat="44.18285" lon="6.63497">
        <ele>1424.7</ele>
      </trkpt>
      <trkpt lat="44.18278" lon="6.63493">
        <ele>1424.1</ele>
      </trkpt>
      <trkpt lat="44.18276" lon="6.63492">
        <ele>1424.0</ele>
      </trkpt>
      <trkpt lat="44.18266" lon="6.6349">
        <ele>1424.6</ele>
      </trkpt>
      <trkpt lat="44.182609" lon="6.63489">
        <ele>1424.8</ele>
      </trkpt>
      <trkpt lat="44.182429" lon="6.63488">
        <ele>1425.9</ele>
      </trkpt>
      <trkpt lat="44.1824" lon="6.63488">
        <ele>1426.0</ele>
      </trkpt>
      <trkpt lat="44.18232" lon="6.63486">
        <ele>1425.4</ele>
      </trkpt>
      <trkpt lat="44.18225" lon="6.63483">
        <ele>1424.4</ele>
      </trkpt>
      <trkpt lat="44.18217" lon="6.63478">
        <ele>1422.8</ele>
      </trkpt>
      <trkpt lat="44.1821" lon="6.634699">
        <ele>1420.2</ele>
      </trkpt>
      <trkpt lat="44.18207" lon="6.63467">
        <ele>1419.2</ele>
      </trkpt>
      <trkpt lat="44.18199" lon="6.63459">
        <ele>1416.6</ele>
      </trkpt>
      <trkpt lat="44.18195" lon="6.634559">
        <ele>1415.7</ele>
      </trkpt>
      <trkpt lat="44.18191" lon="6.63453">
        <ele>1414.8</ele>
      </trkpt>
      <trkpt lat="44.18185" lon="6.6345">
        <ele>1413.8</ele>
      </trkpt>
      <trkpt lat="44.1818" lon="6.63448">
        <ele>1413.3</ele>
      </trkpt>
      <trkpt lat="44.18178" lon="6.63447">
        <ele>1413.0</ele>
      </trkpt>
      <trkpt lat="44.18171" lon="6.63446">
        <ele>1412.8</ele>
      </trkpt>
      <trkpt lat="44.18164" lon="6.63447">
        <ele>1413.2</ele>
      </trkpt>
      <trkpt lat="44.18161" lon="6.63449">
        <ele>1413.8</ele>
      </trkpt>
      <trkpt lat="44.181579" lon="6.6345">
        <ele>1414.2</ele>
      </trkpt>
      <trkpt lat="44.18145" lon="6.63458">
        <ele>1417.0</ele>
      </trkpt>
      <trkpt lat="44.18144" lon="6.63459">
        <ele>1417.4</ele>
      </trkpt>
      <trkpt lat="44.18143" lon="6.63459">
        <ele>1417.4</ele>
      </trkpt>
      <trkpt lat="44.18142" lon="6.63459">
        <ele>1417.4</ele>
      </trkpt>
      <trkpt lat="44.18142" lon="6.63458">
        <ele>1417.0</ele>
      </trkpt>
      <trkpt lat="44.18141" lon="6.63458">
        <ele>1417.0</ele>
      </trkpt>
      <trkpt lat="44.18141" lon="6.63457">
        <ele>1416.7</ele>
      </trkpt>
      <trkpt lat="44.181399" lon="6.634559">
        <ele>1416.3</ele>
      </trkpt>
      <trkpt lat="44.181399" lon="6.63454">
        <ele>1415.6</ele>
      </trkpt>
      <trkpt lat="44.181399" lon="6.63453">
        <ele>1415.2</ele>
      </trkpt>
      <trkpt lat="44.181399" lon="6.63452">
        <ele>1414.8</ele>
      </trkpt>
      <trkpt lat="44.181399" lon="6.63451">
        <ele>1414.4</ele>
      </trkpt>
      <trkpt lat="44.18141" lon="6.6345">
        <ele>1414.1</ele>
      </trkpt>
      <trkpt lat="44.18142" lon="6.63449">
        <ele>1413.7</ele>
      </trkpt>
      <trkpt lat="44.18143" lon="6.63447">
        <ele>1413.0</ele>
      </trkpt>
      <trkpt lat="44.18148" lon="6.63444">
        <ele>1412.0</ele>
      </trkpt>
      <trkpt lat="44.18173" lon="6.63424">
        <ele>1405.3</ele>
      </trkpt>
      <trkpt lat="44.1818" lon="6.63421">
        <ele>1404.1</ele>
      </trkpt>
      <trkpt lat="44.18183" lon="6.6342">
        <ele>1403.7</ele>
      </trkpt>
      <trkpt lat="44.18193" lon="6.63415">
        <ele>1401.7</ele>
      </trkpt>
      <trkpt lat="44.18197" lon="6.63414">
        <ele>1401.1</ele>
      </trkpt>
      <trkpt lat="44.18203" lon="6.63413">
        <ele>1400.5</ele>
      </trkpt>
      <trkpt lat="44.18209" lon="6.63412">
        <ele>1399.9</ele>
      </trkpt>
      <trkpt lat="44.18215" lon="6.63412">
        <ele>1399.8</ele>
      </trkpt>
      <trkpt lat="44.18219" lon="6.63412">
        <ele>1399.7</ele>
      </trkpt>
      <trkpt lat="44.18232" lon="6.63414">
        <ele>1400.2</ele>
      </trkpt>
      <trkpt lat="44.18233" lon="6.63414">
        <ele>1400.2</ele>
      </trkpt>
      <trkpt lat="44.18242" lon="6.634159">
        <ele>1400.9</ele>
      </trkpt>
      <trkpt lat="44.18251" lon="6.63417">
        <ele>1401.0</ele>
      </trkpt>
      <trkpt lat="44.182519" lon="6.63417">
        <ele>1400.8</ele>
      </trkpt>
      <trkpt lat="44.18265" lon="6.63421">
        <ele>1400.4</ele>
      </trkpt>
      <trkpt lat="44.18268" lon="6.634229">
        <ele>1400.6</ele>
      </trkpt>
      <trkpt lat="44.18275" lon="6.63426">
        <ele>1400.7</ele>
      </trkpt>
      <trkpt lat="44.18285" lon="6.63429">
        <ele>1400.4</ele>
      </trkpt>
      <trkpt lat="44.18309" lon="6.63438">
        <ele>1400.3</ele>
      </trkpt>
      <trkpt lat="44.1832" lon="6.63442">
        <ele>1400.2</ele>
      </trkpt>
      <trkpt lat="44.18321" lon="6.63442">
        <ele>1400.1</ele>
      </trkpt>
      <trkpt lat="44.183369" lon="6.63447">
        <ele>1400.0</ele>
      </trkpt>
      <trkpt lat="44.18338" lon="6.63447">
        <ele>1399.9</ele>
      </trkpt>
      <trkpt lat="44.18354" lon="6.6345">
        <ele>1399.9</ele>
      </trkpt>
      <trkpt lat="44.18356" lon="6.63451">
        <ele>1400.1</ele>
      </trkpt>
      <trkpt lat="44.1837" lon="6.63452">
        <ele>1399.5</ele>
      </trkpt>
      <trkpt lat="44.18374" lon="6.63453">
        <ele>1399.6</ele>
      </trkpt>
      <trkpt lat="44.18378" lon="6.63454">
        <ele>1399.7</ele>
      </trkpt>
      <trkpt lat="44.18387" lon="6.63454">
        <ele>1399.0</ele>
      </trkpt>
      <trkpt lat="44.18392" lon="6.63453">
        <ele>1398.3</ele>
      </trkpt>
      <trkpt lat="44.18396" lon="6.63451">
        <ele>1397.3</ele>
      </trkpt>
      <trkpt lat="44.18404" lon="6.63448">
        <ele>1395.6</ele>
      </trkpt>
      <trkpt lat="44.18409" lon="6.63445">
        <ele>1394.1</ele>
      </trkpt>
      <trkpt lat="44.18415" lon="6.63442">
        <ele>1392.5</ele>
      </trkpt>
      <trkpt lat="44.18424" lon="6.63436">
        <ele>1390.3</ele>
      </trkpt>
      <trkpt lat="44.18425" lon="6.63435">
        <ele>1389.9</ele>
      </trkpt>
      <trkpt lat="44.18441" lon="6.63424">
        <ele>1386.0</ele>
      </trkpt>
      <trkpt lat="44.18445" lon="6.63422">
        <ele>1385.3</ele>
      </trkpt>
      <trkpt lat="44.184579" lon="6.63414">
        <ele>1382.5</ele>
      </trkpt>
      <trkpt lat="44.18481" lon="6.634">
        <ele>1377.7</ele>
      </trkpt>
      <trkpt lat="44.18485" lon="6.63397">
        <ele>1376.7</ele>
      </trkpt>
      <trkpt lat="44.18492" lon="6.63393">
        <ele>1375.3</ele>
      </trkpt>
      <trkpt lat="44.18498" lon="6.6339">
        <ele>1374.4</ele>
      </trkpt>
      <trkpt lat="44.18503" lon="6.63389">
        <ele>1373.8</ele>
      </trkpt>
      <trkpt lat="44.18512" lon="6.63387">
        <ele>1372.4</ele>
      </trkpt>
      <trkpt lat="44.18516" lon="6.63387">
        <ele>1372.0</ele>
      </trkpt>
      <trkpt lat="44.18523" lon="6.63386">
        <ele>1371.1</ele>
      </trkpt>
      <trkpt lat="44.185339" lon="6.63386">
        <ele>1370.3</ele>
      </trkpt>
      <trkpt lat="44.18547" lon="6.63387">
        <ele>1369.6</ele>
      </trkpt>
      <trkpt lat="44.18551" lon="6.63387">
        <ele>1369.3</ele>
      </trkpt>
      <trkpt lat="44.18557" lon="6.63388">
        <ele>1369.1</ele>
      </trkpt>
      <trkpt lat="44.18569" lon="6.63392">
        <ele>1369.6</ele>
      </trkpt>
      <trkpt lat="44.1857" lon="6.63392">
        <ele>1369.5</ele>
      </trkpt>
      <trkpt lat="44.18578" lon="6.633949">
        <ele>1369.9</ele>
      </trkpt>
      <trkpt lat="44.185809" lon="6.63397">
        <ele>1370.3</ele>
      </trkpt>
      <trkpt lat="44.18583" lon="6.63397">
        <ele>1370.2</ele>
      </trkpt>
      <trkpt lat="44.18585" lon="6.63397">
        <ele>1369.8</ele>
      </trkpt>
      <trkpt lat="44.18586" lon="6.63396">
        <ele>1369.3</ele>
      </trkpt>
      <trkpt lat="44.18587" lon="6.63396">
        <ele>1369.1</ele>
      </trkpt>
      <trkpt lat="44.18587" lon="6.633949">
        <ele>1368.7</ele>
      </trkpt>
      <trkpt lat="44.18588" lon="6.63394">
        <ele>1368.2</ele>
      </trkpt>
      <trkpt lat="44.18588" lon="6.63392">
        <ele>1367.5</ele>
      </trkpt>
      <trkpt lat="44.18588" lon="6.6339">
        <ele>1366.8</ele>
      </trkpt>
      <trkpt lat="44.18588" lon="6.63389">
        <ele>1366.4</ele>
      </trkpt>
      <trkpt lat="44.18588" lon="6.63388">
        <ele>1366.1</ele>
      </trkpt>
      <trkpt lat="44.18588" lon="6.63387">
        <ele>1365.7</ele>
      </trkpt>
      <trkpt lat="44.18587" lon="6.63386">
        <ele>1365.6</ele>
      </trkpt>
      <trkpt lat="44.18586" lon="6.63386">
        <ele>1365.8</ele>
      </trkpt>
      <trkpt lat="44.185809" lon="6.63383">
        <ele>1365.5</ele>
      </trkpt>
      <trkpt lat="44.185429" lon="6.63366">
        <ele>1362.5</ele>
      </trkpt>
      <trkpt lat="44.18519" lon="6.63356">
        <ele>1360.7</ele>
      </trkpt>
      <trkpt lat="44.1851" lon="6.63352">
        <ele>1360.0</ele>
      </trkpt>
      <trkpt lat="44.18509" lon="6.63352">
        <ele>1360.0</ele>
      </trkpt>
      <trkpt lat="44.185" lon="6.6335">
        <ele>1360.0</ele>
      </trkpt>
      <trkpt lat="44.18491" lon="6.63349">
        <ele>1359.4</ele>
      </trkpt>
      <trkpt lat="44.184869" lon="6.63349">
        <ele>1359.2</ele>
      </trkpt>
      <trkpt lat="44.18477" lon="6.6335">
        <ele>1359.3</ele>
      </trkpt>
      <trkpt lat="44.18473" lon="6.6335">
        <ele>1359.2</ele>
      </trkpt>
      <trkpt lat="44.18469" lon="6.6335">
        <ele>1359.0</ele>
      </trkpt>
      <trkpt lat="44.18455" lon="6.63352">
        <ele>1359.3</ele>
      </trkpt>
      <trkpt lat="44.18437" lon="6.63354">
        <ele>1359.5</ele>
      </trkpt>
      <trkpt lat="44.18431" lon="6.63354">
        <ele>1359.4</ele>
      </trkpt>
      <trkpt lat="44.18424" lon="6.63354">
        <ele>1359.2</ele>
      </trkpt>
      <trkpt lat="44.18419" lon="6.63353">
        <ele>1358.6</ele>
      </trkpt>
      <trkpt lat="44.18417" lon="6.63352">
        <ele>1358.2</ele>
      </trkpt>
      <trkpt lat="44.184109" lon="6.63349">
        <ele>1357.5</ele>
      </trkpt>
      <trkpt lat="44.18405" lon="6.63345">
        <ele>1356.6</ele>
      </trkpt>
      <trkpt lat="44.18403" lon="6.63343">
        <ele>1356.0</ele>
      </trkpt>
      <trkpt lat="44.18388" lon="6.6333">
        <ele>1352.5</ele>
      </trkpt>
      <trkpt lat="44.18378" lon="6.63321">
        <ele>1349.8</ele>
      </trkpt>
      <trkpt lat="44.18372" lon="6.63317">
        <ele>1348.7</ele>
      </trkpt>
      <trkpt lat="44.18368" lon="6.63314">
        <ele>1347.8</ele>
      </trkpt>
      <trkpt lat="44.18359" lon="6.6331">
        <ele>1346.8</ele>
      </trkpt>
      <trkpt lat="44.183549" lon="6.63309">
        <ele>1346.6</ele>
      </trkpt>
      <trkpt lat="44.18349" lon="6.63306">
        <ele>1345.8</ele>
      </trkpt>
      <trkpt lat="44.18338" lon="6.63304">
        <ele>1345.7</ele>
      </trkpt>
      <trkpt lat="44.1833" lon="6.63302">
        <ele>1345.2</ele>
      </trkpt>
      <trkpt lat="44.18318" lon="6.633">
        <ele>1344.5</ele>
      </trkpt>
      <trkpt lat="44.183079" lon="6.63298">
        <ele>1343.8</ele>
      </trkpt>
      <trkpt lat="44.18302" lon="6.63299">
        <ele>1344.3</ele>
      </trkpt>
      <trkpt lat="44.18294" lon="6.63299">
        <ele>1344.5</ele>
      </trkpt>
      <trkpt lat="44.1828" lon="6.63303">
        <ele>1346.7</ele>
      </trkpt>
      <trkpt lat="44.18274" lon="6.63302">
        <ele>1346.3</ele>
      </trkpt>
      <trkpt lat="44.18266" lon="6.63299">
        <ele>1345.0</ele>
      </trkpt>
      <trkpt lat="44.18253" lon="6.632939">
        <ele>1342.7</ele>
      </trkpt>
      <trkpt lat="44.1824" lon="6.63288">
        <ele>1340.3</ele>
      </trkpt>
      <trkpt lat="44.18228" lon="6.63284">
        <ele>1339.0</ele>
      </trkpt>
      <trkpt lat="44.18222" lon="6.63282">
        <ele>1338.4</ele>
      </trkpt>
      <trkpt lat="44.1821" lon="6.63278">
        <ele>1337.2</ele>
      </trkpt>
      <trkpt lat="44.18204" lon="6.63275">
        <ele>1336.0</ele>
      </trkpt>
      <trkpt lat="44.18192" lon="6.632729">
        <ele>1335.9</ele>
      </trkpt>
      <trkpt lat="44.18175" lon="6.6327">
        <ele>1335.5</ele>
      </trkpt>
      <trkpt lat="44.18166" lon="6.63269">
        <ele>1335.5</ele>
      </trkpt>
      <trkpt lat="44.18157" lon="6.632659">
        <ele>1333.6</ele>
      </trkpt>
      <trkpt lat="44.18146" lon="6.63264">
        <ele>1332.1</ele>
      </trkpt>
      <trkpt lat="44.18139" lon="6.63262">
        <ele>1330.8</ele>
      </trkpt>
      <trkpt lat="44.18138" lon="6.63262">
        <ele>1330.8</ele>
      </trkpt>
      <trkpt lat="44.18133" lon="6.6326">
        <ele>1329.6</ele>
      </trkpt>
      <trkpt lat="44.18126" lon="6.6326">
        <ele>1329.3</ele>
      </trkpt>
      <trkpt lat="44.18121" lon="6.63261">
        <ele>1329.5</ele>
      </trkpt>
      <trkpt lat="44.181199" lon="6.63261">
        <ele>1329.5</ele>
      </trkpt>
      <trkpt lat="44.18118" lon="6.63261">
        <ele>1329.4</ele>
      </trkpt>
      <trkpt lat="44.18115" lon="6.6326">
        <ele>1328.8</ele>
      </trkpt>
      <trkpt lat="44.18115" lon="6.63259">
        <ele>1328.3</ele>
      </trkpt>
      <trkpt lat="44.18114" lon="6.63258">
        <ele>1327.8</ele>
      </trkpt>
      <trkpt lat="44.18114" lon="6.63257">
        <ele>1327.4</ele>
      </trkpt>
      <trkpt lat="44.18114" lon="6.63256">
        <ele>1326.9</ele>
      </trkpt>
      <trkpt lat="44.18114" lon="6.63255">
        <ele>1326.4</ele>
      </trkpt>
      <trkpt lat="44.18114" lon="6.63253">
        <ele>1325.5</ele>
      </trkpt>
      <trkpt lat="44.18115" lon="6.63252">
        <ele>1325.1</ele>
      </trkpt>
      <trkpt lat="44.18116" lon="6.63251">
        <ele>1324.6</ele>
      </trkpt>
      <trkpt lat="44.18118" lon="6.6325">
        <ele>1324.3</ele>
      </trkpt>
      <trkpt lat="44.181199" lon="6.6325">
        <ele>1324.3</ele>
      </trkpt>
      <trkpt lat="44.18125" lon="6.6325">
        <ele>1324.5</ele>
      </trkpt>
      <trkpt lat="44.1813" lon="6.63251">
        <ele>1325.2</ele>
      </trkpt>
      <trkpt lat="44.18138" lon="6.63251">
        <ele>1325.5</ele>
      </trkpt>
      <trkpt lat="44.18146" lon="6.63252">
        <ele>1326.2</ele>
      </trkpt>
      <trkpt lat="44.18148" lon="6.63252">
        <ele>1326.3</ele>
      </trkpt>
      <trkpt lat="44.18152" lon="6.63253">
        <ele>1327.0</ele>
      </trkpt>
      <trkpt lat="44.18153" lon="6.63253">
        <ele>1327.0</ele>
      </trkpt>
      <trkpt lat="44.18155" lon="6.63255">
        <ele>1328.1</ele>
      </trkpt>
      <trkpt lat="44.18156" lon="6.63255">
        <ele>1328.1</ele>
      </trkpt>
      <trkpt lat="44.18157" lon="6.63255">
        <ele>1328.1</ele>
      </trkpt>
      <trkpt lat="44.181579" lon="6.63255">
        <ele>1328.2</ele>
      </trkpt>
      <trkpt lat="44.1816" lon="6.63255">
        <ele>1328.3</ele>
      </trkpt>
      <trkpt lat="44.18161" lon="6.63254">
        <ele>1327.8</ele>
      </trkpt>
      <trkpt lat="44.18162" lon="6.63253">
        <ele>1327.3</ele>
      </trkpt>
      <trkpt lat="44.18162" lon="6.63252">
        <ele>1326.8</ele>
      </trkpt>
      <trkpt lat="44.18163" lon="6.63252">
        <ele>1326.9</ele>
      </trkpt>
      <trkpt lat="44.18163" lon="6.63251">
        <ele>1326.4</ele>
      </trkpt>
      <trkpt lat="44.18163" lon="6.6325">
        <ele>1325.9</ele>
      </trkpt>
      <trkpt lat="44.18163" lon="6.63249">
        <ele>1325.5</ele>
      </trkpt>
      <trkpt lat="44.18162" lon="6.63248">
        <ele>1325.1</ele>
      </trkpt>
      <trkpt lat="44.18162" lon="6.63247">
        <ele>1324.7</ele>
      </trkpt>
      <trkpt lat="44.1816" lon="6.63245">
        <ele>1323.9</ele>
      </trkpt>
      <trkpt lat="44.18159" lon="6.63245">
        <ele>1323.8</ele>
      </trkpt>
      <trkpt lat="44.18157" lon="6.63244">
        <ele>1323.4</ele>
      </trkpt>
      <trkpt lat="44.18156" lon="6.63244">
        <ele>1323.3</ele>
      </trkpt>
      <trkpt lat="44.18152" lon="6.63243">
        <ele>1322.8</ele>
      </trkpt>
      <trkpt lat="44.18144" lon="6.63242">
        <ele>1322.2</ele>
      </trkpt>
      <trkpt lat="44.18136" lon="6.6324">
        <ele>1321.2</ele>
      </trkpt>
      <trkpt lat="44.18127" lon="6.63238">
        <ele>1320.2</ele>
      </trkpt>
      <trkpt lat="44.181199" lon="6.63239">
        <ele>1320.3</ele>
      </trkpt>
      <trkpt lat="44.18118" lon="6.63239">
        <ele>1320.3</ele>
      </trkpt>
      <trkpt lat="44.18109" lon="6.63241">
        <ele>1320.7</ele>
      </trkpt>
      <trkpt lat="44.18103" lon="6.63244">
        <ele>1321.6</ele>
      </trkpt>
      <trkpt lat="44.18098" lon="6.63247">
        <ele>1322.5</ele>
      </trkpt>
      <trkpt lat="44.18089" lon="6.63249">
        <ele>1322.9</ele>
      </trkpt>
      <trkpt lat="44.18077" lon="6.6325">
        <ele>1322.7</ele>
      </trkpt>
      <trkpt lat="44.18069" lon="6.63253">
        <ele>1323.7</ele>
      </trkpt>
      <trkpt lat="44.18068" lon="6.63254">
        <ele>1324.1</ele>
      </trkpt>
      <trkpt lat="44.18058" lon="6.63258">
        <ele>1325.4</ele>
      </trkpt>
      <trkpt lat="44.18051" lon="6.63261">
        <ele>1326.4</ele>
      </trkpt>
      <trkpt lat="44.18048" lon="6.63263">
        <ele>1327.2</ele>
      </trkpt>
      <trkpt lat="44.18041" lon="6.63264">
        <ele>1327.4</ele>
      </trkpt>
      <trkpt lat="44.18034" lon="6.63263">
        <ele>1326.6</ele>
      </trkpt>
      <trkpt lat="44.18033" lon="6.63262">
        <ele>1326.1</ele>
      </trkpt>
      <trkpt lat="44.180259" lon="6.63261">
        <ele>1325.3</ele>
      </trkpt>
      <trkpt lat="44.18018" lon="6.63258">
        <ele>1323.6</ele>
      </trkpt>
      <trkpt lat="44.18011" lon="6.63256">
        <ele>1322.3</ele>
      </trkpt>
      <trkpt lat="44.18003" lon="6.63254">
        <ele>1321.0</ele>
      </trkpt>
      <trkpt lat="44.17998" lon="6.63253">
        <ele>1320.2</ele>
      </trkpt>
      <trkpt lat="44.17997" lon="6.63253">
        <ele>1320.2</ele>
      </trkpt>
      <trkpt lat="44.1799" lon="6.63252">
        <ele>1319.1</ele>
      </trkpt>
      <trkpt lat="44.17987" lon="6.63252">
        <ele>1318.8</ele>
      </trkpt>
      <trkpt lat="44.17985" lon="6.6325">
        <ele>1317.7</ele>
      </trkpt>
      <trkpt lat="44.17984" lon="6.63248">
        <ele>1317.0</ele>
      </trkpt>
      <trkpt lat="44.17983" lon="6.63246">
        <ele>1316.3</ele>
      </trkpt>
      <trkpt lat="44.17983" lon="6.63244">
        <ele>1315.6</ele>
      </trkpt>
      <trkpt lat="44.17983" lon="6.63244">
        <ele>1315.6</ele>
      </trkpt>
      <trkpt lat="44.17985" lon="6.63241">
        <ele>1314.8</ele>
      </trkpt>
      <trkpt lat="44.17988" lon="6.6324">
        <ele>1314.7</ele>
      </trkpt>
      <trkpt lat="44.17992" lon="6.63239">
        <ele>1314.7</ele>
      </trkpt>
      <trkpt lat="44.18001" lon="6.63241">
        <ele>1316.0</ele>
      </trkpt>
      <trkpt lat="44.18005" lon="6.63241">
        <ele>1316.2</ele>
      </trkpt>
      <trkpt lat="44.18014" lon="6.63242">
        <ele>1317.0</ele>
      </trkpt>
      <trkpt lat="44.18023" lon="6.6324">
        <ele>1316.7</ele>
      </trkpt>
      <trkpt lat="44.18031" lon="6.63238">
        <ele>1316.4</ele>
      </trkpt>
      <trkpt lat="44.1804" lon="6.63235">
        <ele>1315.8</ele>
      </trkpt>
      <trkpt lat="44.18043" lon="6.63234">
        <ele>1315.6</ele>
      </trkpt>
      <trkpt lat="44.18049" lon="6.6323">
        <ele>1314.5</ele>
      </trkpt>
      <trkpt lat="44.18057" lon="6.63224">
        <ele>1312.8</ele>
      </trkpt>
      <trkpt lat="44.18059" lon="6.63223">
        <ele>1312.5</ele>
      </trkpt>
      <trkpt lat="44.18072" lon="6.632119">
        <ele>1309.3</ele>
      </trkpt>
      <trkpt lat="44.180929" lon="6.63194">
        <ele>1303.6</ele>
      </trkpt>
      <trkpt lat="44.18101" lon="6.63189">
        <ele>1301.9</ele>
      </trkpt>
      <trkpt lat="44.18104" lon="6.63188">
        <ele>1301.6</ele>
      </trkpt>
      <trkpt lat="44.18108" lon="6.63187">
        <ele>1301.3</ele>
      </trkpt>
      <trkpt lat="44.18117" lon="6.63185">
        <ele>1300.6</ele>
      </trkpt>
      <trkpt lat="44.18121" lon="6.63184">
        <ele>1300.3</ele>
      </trkpt>
      <trkpt lat="44.181489" lon="6.63182">
        <ele>1299.8</ele>
      </trkpt>
      <trkpt lat="44.18157" lon="6.63181">
        <ele>1299.4</ele>
      </trkpt>
      <trkpt lat="44.18174" lon="6.63181">
        <ele>1299.1</ele>
      </trkpt>
      <trkpt lat="44.18175" lon="6.63181">
        <ele>1299.0</ele>
      </trkpt>
      <trkpt lat="44.18193" lon="6.6318">
        <ele>1297.5</ele>
      </trkpt>
      <trkpt lat="44.18212" lon="6.63179">
        <ele>1295.9</ele>
      </trkpt>
      <trkpt lat="44.18224" lon="6.63179">
        <ele>1295.2</ele>
      </trkpt>
      <trkpt lat="44.18229" lon="6.63178">
        <ele>1294.5</ele>
      </trkpt>
      <trkpt lat="44.18234" lon="6.63177">
        <ele>1293.8</ele>
      </trkpt>
      <trkpt lat="44.18244" lon="6.63174">
        <ele>1292.1</ele>
      </trkpt>
      <trkpt lat="44.18247" lon="6.63173">
        <ele>1291.5</ele>
      </trkpt>
      <trkpt lat="44.18257" lon="6.63167">
        <ele>1289.4</ele>
      </trkpt>
      <trkpt lat="44.18267" lon="6.63161">
        <ele>1288.3</ele>
      </trkpt>
      <trkpt lat="44.18273" lon="6.631579">
        <ele>1287.8</ele>
      </trkpt>
      <trkpt lat="44.18278" lon="6.63156">
        <ele>1287.5</ele>
      </trkpt>
      <trkpt lat="44.1828" lon="6.63156">
        <ele>1287.6</ele>
      </trkpt>
      <trkpt lat="44.18282" lon="6.63155">
        <ele>1287.5</ele>
      </trkpt>
      <trkpt lat="44.18289" lon="6.63152">
        <ele>1287.1</ele>
      </trkpt>
      <trkpt lat="44.18298" lon="6.63148">
        <ele>1286.7</ele>
      </trkpt>
      <trkpt lat="44.183" lon="6.63146">
        <ele>1286.3</ele>
      </trkpt>
      <trkpt lat="44.18313" lon="6.63137">
        <ele>1285.1</ele>
      </trkpt>
      <trkpt lat="44.18322" lon="6.63129">
        <ele>1284.1</ele>
      </trkpt>
      <trkpt lat="44.18328" lon="6.63122">
        <ele>1283.1</ele>
      </trkpt>
      <trkpt lat="44.18329" lon="6.63121">
        <ele>1282.9</ele>
      </trkpt>
      <trkpt lat="44.18335" lon="6.63113">
        <ele>1281.6</ele>
      </trkpt>
      <trkpt lat="44.18339" lon="6.63103">
        <ele>1279.2</ele>
      </trkpt>
      <trkpt lat="44.18343" lon="6.63093">
        <ele>1276.9</ele>
      </trkpt>
      <trkpt lat="44.18345" lon="6.630829">
        <ele>1274.7</ele>
      </trkpt>
      <trkpt lat="44.183459" lon="6.6308">
        <ele>1274.4</ele>
      </trkpt>
      <trkpt lat="44.18347" lon="6.63074">
        <ele>1273.9</ele>
      </trkpt>
      <trkpt lat="44.18347" lon="6.63067">
        <ele>1273.4</ele>
      </trkpt>
      <trkpt lat="44.18347" lon="6.63062">
        <ele>1273.1</ele>
      </trkpt>
      <trkpt lat="44.18347" lon="6.63055">
        <ele>1272.6</ele>
      </trkpt>
      <trkpt lat="44.18347" lon="6.63049">
        <ele>1272.2</ele>
      </trkpt>
      <trkpt lat="44.18347" lon="6.63038">
        <ele>1271.4</ele>
      </trkpt>
      <trkpt lat="44.18349" lon="6.6303">
        <ele>1270.7</ele>
      </trkpt>
      <trkpt lat="44.1835" lon="6.63026">
        <ele>1270.3</ele>
      </trkpt>
      <trkpt lat="44.18352" lon="6.63024">
        <ele>1270.0</ele>
      </trkpt>
      <trkpt lat="44.18354" lon="6.63021">
        <ele>1269.6</ele>
      </trkpt>
      <trkpt lat="44.183549" lon="6.6302">
        <ele>1269.5</ele>
      </trkpt>
      <trkpt lat="44.18356" lon="6.63017">
        <ele>1269.2</ele>
      </trkpt>
      <trkpt lat="44.18357" lon="6.63014">
        <ele>1268.9</ele>
      </trkpt>
      <trkpt lat="44.18358" lon="6.63009">
        <ele>1268.5</ele>
      </trkpt>
      <trkpt lat="44.18359" lon="6.63006">
        <ele>1268.2</ele>
      </trkpt>
      <trkpt lat="44.18359" lon="6.63006">
        <ele>1268.2</ele>
      </trkpt>
      <trkpt lat="44.18356" lon="6.63002">
        <ele>1268.2</ele>
      </trkpt>
      <trkpt lat="44.18352" lon="6.62999">
        <ele>1268.4</ele>
      </trkpt>
      <trkpt lat="44.1835" lon="6.62999">
        <ele>1268.5</ele>
      </trkpt>
      <trkpt lat="44.18347" lon="6.62998">
        <ele>1268.7</ele>
      </trkpt>
      <trkpt lat="44.18341" lon="6.62998">
        <ele>1269.2</ele>
      </trkpt>
      <trkpt lat="44.18334" lon="6.63002">
        <ele>1270.1</ele>
      </trkpt>
      <trkpt lat="44.18305" lon="6.6302">
        <ele>1268.2</ele>
      </trkpt>
      <trkpt lat="44.18271" lon="6.63044">
        <ele>1266.5</ele>
      </trkpt>
      <trkpt lat="44.18255" lon="6.630499">
        <ele>1265.3</ele>
      </trkpt>
      <trkpt lat="44.18244" lon="6.63054">
        <ele>1265.1</ele>
      </trkpt>
      <trkpt lat="44.18239" lon="6.63056">
        <ele>1265.2</ele>
      </trkpt>
      <trkpt lat="44.1823" lon="6.63057">
        <ele>1265.3</ele>
      </trkpt>
      <trkpt lat="44.18222" lon="6.63058">
        <ele>1265.3</ele>
      </trkpt>
      <trkpt lat="44.1822" lon="6.63057">
        <ele>1265.2</ele>
      </trkpt>
      <trkpt lat="44.18184" lon="6.63053">
        <ele>1264.2</ele>
      </trkpt>
      <trkpt lat="44.18178" lon="6.63051">
        <ele>1263.7</ele>
      </trkpt>
      <trkpt lat="44.18175" lon="6.63049">
        <ele>1263.4</ele>
      </trkpt>
      <trkpt lat="44.18172" lon="6.63046">
        <ele>1262.8</ele>
      </trkpt>
      <trkpt lat="44.18169" lon="6.63042">
        <ele>1262.1</ele>
      </trkpt>
      <trkpt lat="44.18169" lon="6.63041">
        <ele>1261.9</ele>
      </trkpt>
      <trkpt lat="44.181669" lon="6.63038">
        <ele>1261.4</ele>
      </trkpt>
      <trkpt lat="44.18165" lon="6.63031">
        <ele>1260.3</ele>
      </trkpt>
      <trkpt lat="44.18165" lon="6.6303">
        <ele>1260.1</ele>
      </trkpt>
      <trkpt lat="44.181641" lon="6.630302">
        <ele>1260.1</ele>
      </trkpt>
      <trkpt lat="44.18165" lon="6.6303">
        <ele>1260.1</ele>
      </trkpt>
      <trkpt lat="44.18164" lon="6.63025">
        <ele>1259.3</ele>
      </trkpt>
      <trkpt lat="44.18163" lon="6.63019">
        <ele>1258.3</ele>
      </trkpt>
      <trkpt lat="44.18163" lon="6.63008">
        <ele>1256.5</ele>
      </trkpt>
      <trkpt lat="44.18163" lon="6.62981">
        <ele>1253.3</ele>
      </trkpt>
      <trkpt lat="44.18163" lon="6.62973">
        <ele>1252.5</ele>
      </trkpt>
      <trkpt lat="44.18163" lon="6.62967">
        <ele>1251.9</ele>
      </trkpt>
      <trkpt lat="44.18164" lon="6.6293">
        <ele>1248.3</ele>
      </trkpt>
      <trkpt lat="44.18165" lon="6.629069">
        <ele>1246.9</ele>
      </trkpt>
      <trkpt lat="44.18166" lon="6.62896">
        <ele>1246.8</ele>
      </trkpt>
      <trkpt lat="44.18168" lon="6.62886">
        <ele>1246.7</ele>
      </trkpt>
      <trkpt lat="44.18169" lon="6.62883">
        <ele>1246.8</ele>
      </trkpt>
      <trkpt lat="44.18172" lon="6.62875">
        <ele>1246.9</ele>
      </trkpt>
      <trkpt lat="44.18176" lon="6.62866">
        <ele>1247.1</ele>
      </trkpt>
      <trkpt lat="44.18178" lon="6.62861">
        <ele>1247.2</ele>
      </trkpt>
      <trkpt lat="44.1818" lon="6.62859">
        <ele>1247.3</ele>
      </trkpt>
      <trkpt lat="44.18185" lon="6.62852">
        <ele>1247.6</ele>
      </trkpt>
      <trkpt lat="44.18189" lon="6.62848">
        <ele>1247.8</ele>
      </trkpt>
      <trkpt lat="44.18192" lon="6.62845">
        <ele>1248.0</ele>
      </trkpt>
      <trkpt lat="44.18194" lon="6.62843">
        <ele>1248.1</ele>
      </trkpt>
      <trkpt lat="44.18199" lon="6.62837">
        <ele>1248.4</ele>
      </trkpt>
      <trkpt lat="44.18203" lon="6.62834">
        <ele>1248.6</ele>
      </trkpt>
      <trkpt lat="44.18224" lon="6.62809">
        <ele>1249.7</ele>
      </trkpt>
      <trkpt lat="44.18226" lon="6.628059">
        <ele>1249.8</ele>
      </trkpt>
      <trkpt lat="44.18227" lon="6.62802">
        <ele>1249.7</ele>
      </trkpt>
      <trkpt lat="44.18229" lon="6.62795">
        <ele>1249.7</ele>
      </trkpt>
      <trkpt lat="44.18229" lon="6.6279">
        <ele>1249.6</ele>
      </trkpt>
      <trkpt lat="44.18229" lon="6.62784">
        <ele>1249.5</ele>
      </trkpt>
      <trkpt lat="44.18228" lon="6.62779">
        <ele>1249.3</ele>
      </trkpt>
      <trkpt lat="44.18225" lon="6.62772">
        <ele>1249.1</ele>
      </trkpt>
      <trkpt lat="44.182219" lon="6.627674">
        <ele>1248.9</ele>
      </trkpt>
      <trkpt lat="44.18222" lon="6.62768">
        <ele>1248.9</ele>
      </trkpt>
      <trkpt lat="44.18221" lon="6.62766">
        <ele>1248.9</ele>
      </trkpt>
      <trkpt lat="44.18215" lon="6.62762">
        <ele>1248.7</ele>
      </trkpt>
      <trkpt lat="44.18215" lon="6.62762">
        <ele>1248.7</ele>
      </trkpt>
      <trkpt lat="44.18216" lon="6.62758">
        <ele>1248.7</ele>
      </trkpt>
      <trkpt lat="44.18216" lon="6.62754">
        <ele>1248.6</ele>
      </trkpt>
      <trkpt lat="44.18217" lon="6.62749">
        <ele>1248.6</ele>
      </trkpt>
      <trkpt lat="44.18216" lon="6.627379">
        <ele>1248.5</ele>
      </trkpt>
      <trkpt lat="44.18216" lon="6.627379">
        <ele>1248.5</ele>
      </trkpt>
      <trkpt lat="44.18203" lon="6.627379">
        <ele>1248.4</ele>
      </trkpt>
      <trkpt lat="44.18201" lon="6.62737">
        <ele>1248.4</ele>
      </trkpt>
      <trkpt lat="44.18195" lon="6.62729">
        <ele>1248.3</ele>
      </trkpt>
      <trkpt lat="44.18188" lon="6.62721">
        <ele>1248.3</ele>
      </trkpt>
      <trkpt lat="44.18188" lon="6.62721">
        <ele>1248.3</ele>
      </trkpt>
      <trkpt lat="44.18184" lon="6.62713">
        <ele>1248.4</ele>
      </trkpt>
      <trkpt lat="44.18182" lon="6.62703">
        <ele>1248.4</ele>
      </trkpt>
      <trkpt lat="44.18182" lon="6.62703">
        <ele>1248.4</ele>
      </trkpt>
      <trkpt lat="44.18184" lon="6.62713">
        <ele>1248.4</ele>
      </trkpt>
      <trkpt lat="44.18188" lon="6.62721">
        <ele>1248.3</ele>
      </trkpt>
      <trkpt lat="44.18195" lon="6.62729">
        <ele>1248.3</ele>
      </trkpt>
      <trkpt lat="44.18201" lon="6.62737">
        <ele>1248.4</ele>
      </trkpt>
      <trkpt lat="44.18203" lon="6.627379">
        <ele>1248.4</ele>
      </trkpt>
      <trkpt lat="44.18216" lon="6.627379">
        <ele>1248.5</ele>
      </trkpt>
      <trkpt lat="44.18216" lon="6.627379">
        <ele>1248.5</ele>
      </trkpt>
      <trkpt lat="44.18217" lon="6.62749">
        <ele>1248.6</ele>
      </trkpt>
      <trkpt lat="44.18216" lon="6.62754">
        <ele>1248.6</ele>
      </trkpt>
      <trkpt lat="44.18216" lon="6.62758">
        <ele>1248.7</ele>
      </trkpt>
      <trkpt lat="44.18215" lon="6.62762">
        <ele>1248.7</ele>
      </trkpt>
      <trkpt lat="44.18215" lon="6.62762">
        <ele>1248.7</ele>
      </trkpt>
      <trkpt lat="44.1821" lon="6.62761">
        <ele>1248.6</ele>
      </trkpt>
      <trkpt lat="44.182049" lon="6.62761">
        <ele>1248.5</ele>
      </trkpt>
      <trkpt lat="44.1818" lon="6.62766">
        <ele>1247.9</ele>
      </trkpt>
      <trkpt lat="44.18174" lon="6.62768">
        <ele>1247.8</ele>
      </trkpt>
      <trkpt lat="44.181736" lon="6.627674">
        <ele>1247.8</ele>
      </trkpt>
      <trkpt lat="44.18162" lon="6.6277">
        <ele>1247.5</ele>
      </trkpt>
      <trkpt lat="44.18145" lon="6.62774">
        <ele>1247.3</ele>
      </trkpt>
      <trkpt lat="44.181399" lon="6.62774">
        <ele>1247.3</ele>
      </trkpt>
      <trkpt lat="44.18133" lon="6.62773">
        <ele>1247.3</ele>
      </trkpt>
      <trkpt lat="44.18127" lon="6.6277">
        <ele>1247.4</ele>
      </trkpt>
      <trkpt lat="44.18121" lon="6.62766">
        <ele>1247.5</ele>
      </trkpt>
      <trkpt lat="44.18116" lon="6.62759">
        <ele>1247.7</ele>
      </trkpt>
      <trkpt lat="44.18094" lon="6.627309">
        <ele>1248.4</ele>
      </trkpt>
      <trkpt lat="44.18086" lon="6.62719">
        <ele>1248.7</ele>
      </trkpt>
      <trkpt lat="44.18076" lon="6.62698">
        <ele>1248.9</ele>
      </trkpt>
      <trkpt lat="44.18076" lon="6.62696">
        <ele>1248.9</ele>
      </trkpt>
      <trkpt lat="44.18071" lon="6.62687">
        <ele>1248.8</ele>
      </trkpt>
      <trkpt lat="44.18069" lon="6.62675">
        <ele>1248.9</ele>
      </trkpt>
      <trkpt lat="44.18068" lon="6.62664">
        <ele>1248.8</ele>
      </trkpt>
      <trkpt lat="44.18065" lon="6.62647">
        <ele>1248.1</ele>
      </trkpt>
      <trkpt lat="44.18063" lon="6.62639">
        <ele>1247.7</ele>
      </trkpt>
      <trkpt lat="44.18062" lon="6.62631">
        <ele>1247.4</ele>
      </trkpt>
      <trkpt lat="44.18058" lon="6.62619">
        <ele>1246.8</ele>
      </trkpt>
      <trkpt lat="44.180549" lon="6.62612">
        <ele>1246.4</ele>
      </trkpt>
      <trkpt lat="44.18054" lon="6.62608">
        <ele>1246.3</ele>
      </trkpt>
      <trkpt lat="44.18053" lon="6.62605">
        <ele>1246.1</ele>
      </trkpt>
      <trkpt lat="44.18051" lon="6.62601">
        <ele>1245.9</ele>
      </trkpt>
      <trkpt lat="44.18049" lon="6.62597">
        <ele>1245.7</ele>
      </trkpt>
      <trkpt lat="44.18043" lon="6.62592">
        <ele>1245.3</ele>
      </trkpt>
      <trkpt lat="44.18038" lon="6.6259">
        <ele>1245.0</ele>
      </trkpt>
      <trkpt lat="44.18015" lon="6.62584">
        <ele>1243.7</ele>
      </trkpt>
      <trkpt lat="44.18004" lon="6.62581">
        <ele>1243.2</ele>
      </trkpt>
      <trkpt lat="44.17994" lon="6.62578">
        <ele>1242.8</ele>
      </trkpt>
      <trkpt lat="44.17986" lon="6.62575">
        <ele>1242.5</ele>
      </trkpt>
      <trkpt lat="44.179789" lon="6.62571">
        <ele>1242.2</ele>
      </trkpt>
      <trkpt lat="44.17975" lon="6.62568">
        <ele>1242.1</ele>
      </trkpt>
      <trkpt lat="44.17973" lon="6.62566">
        <ele>1242.0</ele>
      </trkpt>
      <trkpt lat="44.17969" lon="6.62561">
        <ele>1241.8</ele>
      </trkpt>
      <trkpt lat="44.17966" lon="6.62556">
        <ele>1241.6</ele>
      </trkpt>
      <trkpt lat="44.17964" lon="6.6255">
        <ele>1241.4</ele>
      </trkpt>
      <trkpt lat="44.179609" lon="6.62542">
        <ele>1241.2</ele>
      </trkpt>
      <trkpt lat="44.17959" lon="6.62533">
        <ele>1240.9</ele>
      </trkpt>
      <trkpt lat="44.17957" lon="6.62525">
        <ele>1240.7</ele>
      </trkpt>
      <trkpt lat="44.17955" lon="6.62507">
        <ele>1240.3</ele>
      </trkpt>
      <trkpt lat="44.17954" lon="6.62495">
        <ele>1240.0</ele>
      </trkpt>
      <trkpt lat="44.17955" lon="6.62483">
        <ele>1239.6</ele>
      </trkpt>
      <trkpt lat="44.17958" lon="6.62469">
        <ele>1239.4</ele>
      </trkpt>
      <trkpt lat="44.179609" lon="6.62458">
        <ele>1239.2</ele>
      </trkpt>
      <trkpt lat="44.17966" lon="6.62448">
        <ele>1239.3</ele>
      </trkpt>
      <trkpt lat="44.17972" lon="6.62439">
        <ele>1239.5</ele>
      </trkpt>
      <trkpt lat="44.17973" lon="6.62439">
        <ele>1239.5</ele>
      </trkpt>
      <trkpt lat="44.17976" lon="6.62435">
        <ele>1239.6</ele>
      </trkpt>
      <trkpt lat="44.17981" lon="6.6243">
        <ele>1239.9</ele>
      </trkpt>
      <trkpt lat="44.17987" lon="6.62424">
        <ele>1240.2</ele>
      </trkpt>
      <trkpt lat="44.17993" lon="6.624189">
        <ele>1240.5</ele>
      </trkpt>
      <trkpt lat="44.17997" lon="6.62415">
        <ele>1240.7</ele>
      </trkpt>
      <trkpt lat="44.18001" lon="6.62409">
        <ele>1240.5</ele>
      </trkpt>
      <trkpt lat="44.18004" lon="6.62403">
        <ele>1240.3</ele>
      </trkpt>
      <trkpt lat="44.18006" lon="6.62398">
        <ele>1240.1</ele>
      </trkpt>
      <trkpt lat="44.180079" lon="6.6239">
        <ele>1239.9</ele>
      </trkpt>
      <trkpt lat="44.1801" lon="6.62378">
        <ele>1239.6</ele>
      </trkpt>
      <trkpt lat="44.18009" lon="6.623649">
        <ele>1239.3</ele>
      </trkpt>
      <trkpt lat="44.18009" lon="6.62347">
        <ele>1238.9</ele>
      </trkpt>
      <trkpt lat="44.18009" lon="6.62322">
        <ele>1238.3</ele>
      </trkpt>
      <trkpt lat="44.18009" lon="6.6232">
        <ele>1238.3</ele>
      </trkpt>
      <trkpt lat="44.18009" lon="6.623039">
        <ele>1239.3</ele>
      </trkpt>
      <trkpt lat="44.1801" lon="6.622969">
        <ele>1239.8</ele>
      </trkpt>
      <trkpt lat="44.18011" lon="6.62285">
        <ele>1240.6</ele>
      </trkpt>
      <trkpt lat="44.18013" lon="6.62262">
        <ele>1242.3</ele>
      </trkpt>
      <trkpt lat="44.180169" lon="6.62233">
        <ele>1244.7</ele>
      </trkpt>
      <trkpt lat="44.180169" lon="6.62224">
        <ele>1245.3</ele>
      </trkpt>
      <trkpt lat="44.180169" lon="6.62215">
        <ele>1245.9</ele>
      </trkpt>
      <trkpt lat="44.18016" lon="6.62205">
        <ele>1246.3</ele>
      </trkpt>
      <trkpt lat="44.18012" lon="6.6219">
        <ele>1246.2</ele>
      </trkpt>
      <trkpt lat="44.18007" lon="6.62179">
        <ele>1245.4</ele>
      </trkpt>
      <trkpt lat="44.18003" lon="6.62169">
        <ele>1244.8</ele>
      </trkpt>
      <trkpt lat="44.1798" lon="6.62111">
        <ele>1248.8</ele>
      </trkpt>
      <trkpt lat="44.17972" lon="6.62094">
        <ele>1248.8</ele>
      </trkpt>
      <trkpt lat="44.17967" lon="6.62082">
        <ele>1248.7</ele>
      </trkpt>
      <trkpt lat="44.17964" lon="6.62077">
        <ele>1248.2</ele>
      </trkpt>
      <trkpt lat="44.17955" lon="6.62063">
        <ele>1246.4</ele>
      </trkpt>
      <trkpt lat="44.17948" lon="6.62051">
        <ele>1244.9</ele>
      </trkpt>
      <trkpt lat="44.17931" lon="6.62026">
        <ele>1239.9</ele>
      </trkpt>
      <trkpt lat="44.17924" lon="6.62015">
        <ele>1237.6</ele>
      </trkpt>
      <trkpt lat="44.17908" lon="6.61989">
        <ele>1235.6</ele>
      </trkpt>
      <trkpt lat="44.17889" lon="6.61962">
        <ele>1236.2</ele>
      </trkpt>
      <trkpt lat="44.17885" lon="6.61957">
        <ele>1236.1</ele>
      </trkpt>
      <trkpt lat="44.17881" lon="6.61953">
        <ele>1235.8</ele>
      </trkpt>
      <trkpt lat="44.178669" lon="6.61936">
        <ele>1234.7</ele>
      </trkpt>
      <trkpt lat="44.17854" lon="6.6192">
        <ele>1232.9</ele>
      </trkpt>
      <trkpt lat="44.17833" lon="6.61896">
        <ele>1232.9</ele>
      </trkpt>
      <trkpt lat="44.17826" lon="6.61888">
        <ele>1233.8</ele>
      </trkpt>
      <trkpt lat="44.17819" lon="6.6188">
        <ele>1234.6</ele>
      </trkpt>
      <trkpt lat="44.17809" lon="6.61871">
        <ele>1235.0</ele>
      </trkpt>
      <trkpt lat="44.17797" lon="6.61862">
        <ele>1234.9</ele>
      </trkpt>
      <trkpt lat="44.17796" lon="6.61861">
        <ele>1234.9</ele>
      </trkpt>
      <trkpt lat="44.17786" lon="6.61854">
        <ele>1234.5</ele>
      </trkpt>
      <trkpt lat="44.177729" lon="6.61846">
        <ele>1233.5</ele>
      </trkpt>
      <trkpt lat="44.17763" lon="6.61841">
        <ele>1232.5</ele>
      </trkpt>
      <trkpt lat="44.17757" lon="6.61838">
        <ele>1231.8</ele>
      </trkpt>
      <trkpt lat="44.17746" lon="6.61834">
        <ele>1230.8</ele>
      </trkpt>
      <trkpt lat="44.177349" lon="6.6183">
        <ele>1231.7</ele>
      </trkpt>
      <trkpt lat="44.17728" lon="6.61828">
        <ele>1232.1</ele>
      </trkpt>
      <trkpt lat="44.17719" lon="6.61826">
        <ele>1232.4</ele>
      </trkpt>
      <trkpt lat="44.1771" lon="6.618229">
        <ele>1233.0</ele>
      </trkpt>
      <trkpt lat="44.17693" lon="6.61818">
        <ele>1233.7</ele>
      </trkpt>
      <trkpt lat="44.17675" lon="6.61812">
        <ele>1234.4</ele>
      </trkpt>
      <trkpt lat="44.176609" lon="6.61808">
        <ele>1234.3</ele>
      </trkpt>
      <trkpt lat="44.17658" lon="6.61807">
        <ele>1234.2</ele>
      </trkpt>
      <trkpt lat="44.17641" lon="6.61799">
        <ele>1234.0</ele>
      </trkpt>
      <trkpt lat="44.1764" lon="6.61798">
        <ele>1234.1</ele>
      </trkpt>
      <trkpt lat="44.17625" lon="6.61789">
        <ele>1233.8</ele>
      </trkpt>
      <trkpt lat="44.17608" lon="6.61776">
        <ele>1233.3</ele>
      </trkpt>
      <trkpt lat="44.17593" lon="6.61763">
        <ele>1232.4</ele>
      </trkpt>
      <trkpt lat="44.17581" lon="6.61751">
        <ele>1231.7</ele>
      </trkpt>
      <trkpt lat="44.17552" lon="6.61721">
        <ele>1233.1</ele>
      </trkpt>
      <trkpt lat="44.17537" lon="6.61706">
        <ele>1232.8</ele>
      </trkpt>
      <trkpt lat="44.17499" lon="6.61668">
        <ele>1228.8</ele>
      </trkpt>
      <trkpt lat="44.174639" lon="6.616329">
        <ele>1228.4</ele>
      </trkpt>
      <trkpt lat="44.1745" lon="6.616189">
        <ele>1227.5</ele>
      </trkpt>
      <trkpt lat="44.174349" lon="6.61604">
        <ele>1226.2</ele>
      </trkpt>
      <trkpt lat="44.17414" lon="6.61584">
        <ele>1223.9</ele>
      </trkpt>
      <trkpt lat="44.17376" lon="6.61546">
        <ele>1225.9</ele>
      </trkpt>
      <trkpt lat="44.17347" lon="6.61516">
        <ele>1225.1</ele>
      </trkpt>
      <trkpt lat="44.17333" lon="6.61502">
        <ele>1223.9</ele>
      </trkpt>
      <trkpt lat="44.17318" lon="6.61487">
        <ele>1225.1</ele>
      </trkpt>
      <trkpt lat="44.17303" lon="6.61473">
        <ele>1225.8</ele>
      </trkpt>
      <trkpt lat="44.17289" lon="6.61458">
        <ele>1226.3</ele>
      </trkpt>
      <trkpt lat="44.17274" lon="6.614429">
        <ele>1226.1</ele>
      </trkpt>
      <trkpt lat="44.17245" lon="6.61414">
        <ele>1224.6</ele>
      </trkpt>
      <trkpt lat="44.17218" lon="6.61387">
        <ele>1223.5</ele>
      </trkpt>
      <trkpt lat="44.17203" lon="6.61372">
        <ele>1222.8</ele>
      </trkpt>
      <trkpt lat="44.17178" lon="6.61346">
        <ele>1221.5</ele>
      </trkpt>
      <trkpt lat="44.17175" lon="6.61343">
        <ele>1221.4</ele>
      </trkpt>
      <trkpt lat="44.17163" lon="6.61332">
        <ele>1220.8</ele>
      </trkpt>
      <trkpt lat="44.17154" lon="6.61324">
        <ele>1220.9</ele>
      </trkpt>
      <trkpt lat="44.17133" lon="6.61305">
        <ele>1220.6</ele>
      </trkpt>
      <trkpt lat="44.17131" lon="6.61306">
        <ele>1220.3</ele>
      </trkpt>
      <trkpt lat="44.1713" lon="6.61306">
        <ele>1220.2</ele>
      </trkpt>
      <trkpt lat="44.17125" lon="6.61304">
        <ele>1219.8</ele>
      </trkpt>
      <trkpt lat="44.1712" lon="6.613">
        <ele>1219.5</ele>
      </trkpt>
      <trkpt lat="44.17114" lon="6.61296">
        <ele>1219.1</ele>
      </trkpt>
      <trkpt lat="44.171" lon="6.61287">
        <ele>1217.8</ele>
      </trkpt>
      <trkpt lat="44.17063" lon="6.612669">
        <ele>1215.1</ele>
      </trkpt>
      <trkpt lat="44.17033" lon="6.61251">
        <ele>1213.4</ele>
      </trkpt>
      <trkpt lat="44.16996" lon="6.61231">
        <ele>1210.7</ele>
      </trkpt>
      <trkpt lat="44.16967" lon="6.61216">
        <ele>1209.8</ele>
      </trkpt>
      <trkpt lat="44.16911" lon="6.61187">
        <ele>1206.5</ele>
      </trkpt>
      <trkpt lat="44.1686" lon="6.61161">
        <ele>1205.7</ele>
      </trkpt>
      <trkpt lat="44.16843" lon="6.61151">
        <ele>1205.9</ele>
      </trkpt>
      <trkpt lat="44.16811" lon="6.61135">
        <ele>1206.8</ele>
      </trkpt>
      <trkpt lat="44.16777" lon="6.61118">
        <ele>1208.0</ele>
      </trkpt>
      <trkpt lat="44.16753" lon="6.61105">
        <ele>1208.9</ele>
      </trkpt>
      <trkpt lat="44.16708" lon="6.61082">
        <ele>1209.5</ele>
      </trkpt>
      <trkpt lat="44.16657" lon="6.61056">
        <ele>1209.5</ele>
      </trkpt>
      <trkpt lat="44.165909" lon="6.61022">
        <ele>1208.5</ele>
      </trkpt>
      <trkpt lat="44.16581" lon="6.61017">
        <ele>1208.3</ele>
      </trkpt>
      <trkpt lat="44.16575" lon="6.61014">
        <ele>1208.2</ele>
      </trkpt>
      <trkpt lat="44.165619" lon="6.61007">
        <ele>1208.0</ele>
      </trkpt>
      <trkpt lat="44.16558" lon="6.61005">
        <ele>1208.0</ele>
      </trkpt>
      <trkpt lat="44.16548" lon="6.61">
        <ele>1207.8</ele>
      </trkpt>
      <trkpt lat="44.165439" lon="6.60998">
        <ele>1207.8</ele>
      </trkpt>
      <trkpt lat="44.16483" lon="6.60967">
        <ele>1206.9</ele>
      </trkpt>
      <trkpt lat="44.16443" lon="6.60947">
        <ele>1205.4</ele>
      </trkpt>
      <trkpt lat="44.1643" lon="6.6094">
        <ele>1204.8</ele>
      </trkpt>
      <trkpt lat="44.16369" lon="6.6091">
        <ele>1201.4</ele>
      </trkpt>
      <trkpt lat="44.163559" lon="6.609009">
        <ele>1200.5</ele>
      </trkpt>
      <trkpt lat="44.163379" lon="6.60893">
        <ele>1199.4</ele>
      </trkpt>
      <trkpt lat="44.1633" lon="6.6089">
        <ele>1198.8</ele>
      </trkpt>
      <trkpt lat="44.16321" lon="6.60885">
        <ele>1198.0</ele>
      </trkpt>
      <trkpt lat="44.1632" lon="6.60885">
        <ele>1198.0</ele>
      </trkpt>
      <trkpt lat="44.16314" lon="6.60882">
        <ele>1197.5</ele>
      </trkpt>
      <trkpt lat="44.1631" lon="6.608799">
        <ele>1197.1</ele>
      </trkpt>
      <trkpt lat="44.16281" lon="6.60862">
        <ele>1194.7</ele>
      </trkpt>
      <trkpt lat="44.16255" lon="6.60843">
        <ele>1192.5</ele>
      </trkpt>
      <trkpt lat="44.16233" lon="6.60823">
        <ele>1192.1</ele>
      </trkpt>
      <trkpt lat="44.1623" lon="6.60821">
        <ele>1192.1</ele>
      </trkpt>
      <trkpt lat="44.1621" lon="6.60802">
        <ele>1191.9</ele>
      </trkpt>
      <trkpt lat="44.16193" lon="6.60783">
        <ele>1191.7</ele>
      </trkpt>
      <trkpt lat="44.16178" lon="6.60766">
        <ele>1191.4</ele>
      </trkpt>
      <trkpt lat="44.1617" lon="6.60755">
        <ele>1191.1</ele>
      </trkpt>
      <trkpt lat="44.16142" lon="6.607109">
        <ele>1190.5</ele>
      </trkpt>
      <trkpt lat="44.16137" lon="6.607039">
        <ele>1190.4</ele>
      </trkpt>
      <trkpt lat="44.1613" lon="6.60692">
        <ele>1190.2</ele>
      </trkpt>
      <trkpt lat="44.16076" lon="6.606029">
        <ele>1187.2</ele>
      </trkpt>
      <trkpt lat="44.16029" lon="6.60527">
        <ele>1187.7</ele>
      </trkpt>
      <trkpt lat="44.16012" lon="6.60499">
        <ele>1188.2</ele>
      </trkpt>
      <trkpt lat="44.15996" lon="6.604739">
        <ele>1187.6</ele>
      </trkpt>
      <trkpt lat="44.15977" lon="6.60444">
        <ele>1185.7</ele>
      </trkpt>
      <trkpt lat="44.15957" lon="6.60415">
        <ele>1184.5</ele>
      </trkpt>
      <trkpt lat="44.15933" lon="6.60384">
        <ele>1184.0</ele>
      </trkpt>
      <trkpt lat="44.15919" lon="6.60368">
        <ele>1184.0</ele>
      </trkpt>
      <trkpt lat="44.15918" lon="6.60366">
        <ele>1184.0</ele>
      </trkpt>
      <trkpt lat="44.15912" lon="6.603589">
        <ele>1183.8</ele>
      </trkpt>
      <trkpt lat="44.15887" lon="6.603309">
        <ele>1182.9</ele>
      </trkpt>
      <trkpt lat="44.15861" lon="6.60302">
        <ele>1182.2</ele>
      </trkpt>
      <trkpt lat="44.15826" lon="6.60265">
        <ele>1181.5</ele>
      </trkpt>
      <trkpt lat="44.15793" lon="6.60231">
        <ele>1180.5</ele>
      </trkpt>
      <trkpt lat="44.15724" lon="6.6016">
        <ele>1180.1</ele>
      </trkpt>
      <trkpt lat="44.15652" lon="6.60085">
        <ele>1182.2</ele>
      </trkpt>
      <trkpt lat="44.15601" lon="6.60031">
        <ele>1180.1</ele>
      </trkpt>
      <trkpt lat="44.15551" lon="6.5998">
        <ele>1177.8</ele>
      </trkpt>
      <trkpt lat="44.15548" lon="6.59976">
        <ele>1177.8</ele>
      </trkpt>
      <trkpt lat="44.15534" lon="6.59963">
        <ele>1177.3</ele>
      </trkpt>
      <trkpt lat="44.15504" lon="6.59935">
        <ele>1176.0</ele>
      </trkpt>
      <trkpt lat="44.15502" lon="6.59933">
        <ele>1175.9</ele>
      </trkpt>
      <trkpt lat="44.154829" lon="6.599179">
        <ele>1175.6</ele>
      </trkpt>
      <trkpt lat="44.1546" lon="6.59901">
        <ele>1175.4</ele>
      </trkpt>
      <trkpt lat="44.15439" lon="6.59888">
        <ele>1174.9</ele>
      </trkpt>
      <trkpt lat="44.1542" lon="6.59878">
        <ele>1174.2</ele>
      </trkpt>
      <trkpt lat="44.15402" lon="6.59869">
        <ele>1173.7</ele>
      </trkpt>
      <trkpt lat="44.15383" lon="6.59862">
        <ele>1173.3</ele>
      </trkpt>
      <trkpt lat="44.15364" lon="6.59855">
        <ele>1172.9</ele>
      </trkpt>
      <trkpt lat="44.15361" lon="6.59853">
        <ele>1172.8</ele>
      </trkpt>
      <trkpt lat="44.15343" lon="6.59848">
        <ele>1172.4</ele>
      </trkpt>
      <trkpt lat="44.1531" lon="6.59841">
        <ele>1171.0</ele>
      </trkpt>
      <trkpt lat="44.15309" lon="6.59841">
        <ele>1170.9</ele>
      </trkpt>
      <trkpt lat="44.1529" lon="6.59839">
        <ele>1170.0</ele>
      </trkpt>
      <trkpt lat="44.15289" lon="6.59839">
        <ele>1169.9</ele>
      </trkpt>
      <trkpt lat="44.15269" lon="6.59838">
        <ele>1169.0</ele>
      </trkpt>
      <trkpt lat="44.152389" lon="6.59839">
        <ele>1167.9</ele>
      </trkpt>
      <trkpt lat="44.15219" lon="6.59842">
        <ele>1167.7</ele>
      </trkpt>
      <trkpt lat="44.15189" lon="6.59845">
        <ele>1167.3</ele>
      </trkpt>
      <trkpt lat="44.15182" lon="6.59846">
        <ele>1167.2</ele>
      </trkpt>
      <trkpt lat="44.151649" lon="6.59848">
        <ele>1166.9</ele>
      </trkpt>
      <trkpt lat="44.15146" lon="6.59849">
        <ele>1166.4</ele>
      </trkpt>
      <trkpt lat="44.15141" lon="6.59849">
        <ele>1166.2</ele>
      </trkpt>
      <trkpt lat="44.15128" lon="6.59849">
        <ele>1165.8</ele>
      </trkpt>
      <trkpt lat="44.15099" lon="6.598499">
        <ele>1164.9</ele>
      </trkpt>
      <trkpt lat="44.15074" lon="6.59849">
        <ele>1164.4</ele>
      </trkpt>
      <trkpt lat="44.1505" lon="6.59848">
        <ele>1164.5</ele>
      </trkpt>
      <trkpt lat="44.15039" lon="6.59847">
        <ele>1164.5</ele>
      </trkpt>
      <trkpt lat="44.15027" lon="6.59845">
        <ele>1164.6</ele>
      </trkpt>
      <trkpt lat="44.15009" lon="6.59842">
        <ele>1164.7</ele>
      </trkpt>
      <trkpt lat="44.14989" lon="6.59839">
        <ele>1164.7</ele>
      </trkpt>
      <trkpt lat="44.14985" lon="6.59838">
        <ele>1164.7</ele>
      </trkpt>
      <trkpt lat="44.14967" lon="6.59834">
        <ele>1164.6</ele>
      </trkpt>
      <trkpt lat="44.14963" lon="6.59833">
        <ele>1164.6</ele>
      </trkpt>
      <trkpt lat="44.14933" lon="6.59824">
        <ele>1165.0</ele>
      </trkpt>
      <trkpt lat="44.14902" lon="6.59813">
        <ele>1165.6</ele>
      </trkpt>
      <trkpt lat="44.14897" lon="6.59811">
        <ele>1165.6</ele>
      </trkpt>
      <trkpt lat="44.14886" lon="6.59807">
        <ele>1165.7</ele>
      </trkpt>
      <trkpt lat="44.1488" lon="6.59804">
        <ele>1165.8</ele>
      </trkpt>
      <trkpt lat="44.14863" lon="6.597959">
        <ele>1166.0</ele>
      </trkpt>
      <trkpt lat="44.14824" lon="6.59778">
        <ele>1166.0</ele>
      </trkpt>
      <trkpt lat="44.14795" lon="6.59763">
        <ele>1165.0</ele>
      </trkpt>
      <trkpt lat="44.14786" lon="6.59758">
        <ele>1164.6</ele>
      </trkpt>
      <trkpt lat="44.14761" lon="6.59744">
        <ele>1163.7</ele>
      </trkpt>
      <trkpt lat="44.14713" lon="6.59712">
        <ele>1164.0</ele>
      </trkpt>
      <trkpt lat="44.14708" lon="6.59709">
        <ele>1163.9</ele>
      </trkpt>
      <trkpt lat="44.14697" lon="6.597">
        <ele>1163.9</ele>
      </trkpt>
      <trkpt lat="44.14671" lon="6.596809">
        <ele>1163.2</ele>
      </trkpt>
      <trkpt lat="44.14665" lon="6.59676">
        <ele>1163.1</ele>
      </trkpt>
      <trkpt lat="44.14646" lon="6.596599">
        <ele>1163.1</ele>
      </trkpt>
      <trkpt lat="44.14621" lon="6.59638">
        <ele>1162.6</ele>
      </trkpt>
      <trkpt lat="44.1462" lon="6.59636">
        <ele>1162.7</ele>
      </trkpt>
      <trkpt lat="44.145919" lon="6.59612">
        <ele>1162.1</ele>
      </trkpt>
      <trkpt lat="44.14565" lon="6.59588">
        <ele>1161.3</ele>
      </trkpt>
      <trkpt lat="44.1455" lon="6.59575">
        <ele>1160.5</ele>
      </trkpt>
      <trkpt lat="44.14544" lon="6.59569">
        <ele>1160.3</ele>
      </trkpt>
      <trkpt lat="44.14538" lon="6.59564">
        <ele>1160.0</ele>
      </trkpt>
      <trkpt lat="44.14513" lon="6.59542">
        <ele>1159.0</ele>
      </trkpt>
      <trkpt lat="44.14485" lon="6.59517">
        <ele>1158.2</ele>
      </trkpt>
      <trkpt lat="44.14483" lon="6.59516">
        <ele>1158.1</ele>
      </trkpt>
      <trkpt lat="44.14469" lon="6.59503">
        <ele>1157.7</ele>
      </trkpt>
      <trkpt lat="44.14456" lon="6.59492">
        <ele>1157.3</ele>
      </trkpt>
      <trkpt lat="44.14454" lon="6.594909">
        <ele>1157.2</ele>
      </trkpt>
      <trkpt lat="44.1445" lon="6.59488">
        <ele>1157.1</ele>
      </trkpt>
      <trkpt lat="44.14445" lon="6.59483">
        <ele>1157.1</ele>
      </trkpt>
      <trkpt lat="44.1444" lon="6.59479">
        <ele>1157.1</ele>
      </trkpt>
      <trkpt lat="44.14429" lon="6.59469">
        <ele>1157.0</ele>
      </trkpt>
      <trkpt lat="44.14399" lon="6.59442">
        <ele>1157.0</ele>
      </trkpt>
      <trkpt lat="44.14369" lon="6.59415">
        <ele>1156.1</ele>
      </trkpt>
      <trkpt lat="44.14354" lon="6.59401">
        <ele>1155.6</ele>
      </trkpt>
      <trkpt lat="44.14329" lon="6.59379">
        <ele>1155.1</ele>
      </trkpt>
      <trkpt lat="44.14291" lon="6.59344">
        <ele>1155.5</ele>
      </trkpt>
      <trkpt lat="44.14285" lon="6.59339">
        <ele>1155.5</ele>
      </trkpt>
      <trkpt lat="44.1427" lon="6.59325">
        <ele>1155.5</ele>
      </trkpt>
      <trkpt lat="44.14249" lon="6.59307">
        <ele>1155.6</ele>
      </trkpt>
      <trkpt lat="44.1422" lon="6.59281">
        <ele>1157.0</ele>
      </trkpt>
      <trkpt lat="44.142" lon="6.59262">
        <ele>1157.1</ele>
      </trkpt>
      <trkpt lat="44.14185" lon="6.59249">
        <ele>1156.7</ele>
      </trkpt>
      <trkpt lat="44.14158" lon="6.59225">
        <ele>1156.3</ele>
      </trkpt>
      <trkpt lat="44.14154" lon="6.59221">
        <ele>1156.3</ele>
      </trkpt>
      <trkpt lat="44.14146" lon="6.59214">
        <ele>1156.4</ele>
      </trkpt>
      <trkpt lat="44.14143" lon="6.59211">
        <ele>1156.4</ele>
      </trkpt>
      <trkpt lat="44.14128" lon="6.59197">
        <ele>1156.2</ele>
      </trkpt>
      <trkpt lat="44.14112" lon="6.59183">
        <ele>1155.9</ele>
      </trkpt>
      <trkpt lat="44.14097" lon="6.5917">
        <ele>1155.4</ele>
      </trkpt>
      <trkpt lat="44.14093" lon="6.59166">
        <ele>1155.2</ele>
      </trkpt>
      <trkpt lat="44.14088" lon="6.59161">
        <ele>1155.0</ele>
      </trkpt>
      <trkpt lat="44.14082" lon="6.59156">
        <ele>1154.7</ele>
      </trkpt>
      <trkpt lat="44.14067" lon="6.59142">
        <ele>1154.5</ele>
      </trkpt>
      <trkpt lat="44.14052" lon="6.59128">
        <ele>1154.4</ele>
      </trkpt>
      <trkpt lat="44.14022" lon="6.591">
        <ele>1154.6</ele>
      </trkpt>
      <trkpt lat="44.14016" lon="6.59095">
        <ele>1154.7</ele>
      </trkpt>
      <trkpt lat="44.14008" lon="6.59086">
        <ele>1154.8</ele>
      </trkpt>
      <trkpt lat="44.139249" lon="6.590029">
        <ele>1148.7</ele>
      </trkpt>
      <trkpt lat="44.1392" lon="6.58999">
        <ele>1148.3</ele>
      </trkpt>
      <trkpt lat="44.13876" lon="6.58956">
        <ele>1149.7</ele>
      </trkpt>
      <trkpt lat="44.13841" lon="6.58922">
        <ele>1149.4</ele>
      </trkpt>
      <trkpt lat="44.13811" lon="6.58892">
        <ele>1148.9</ele>
      </trkpt>
      <trkpt lat="44.137749" lon="6.58855">
        <ele>1148.9</ele>
      </trkpt>
      <trkpt lat="44.13692" lon="6.58775">
        <ele>1147.6</ele>
      </trkpt>
      <trkpt lat="44.13667" lon="6.58749">
        <ele>1147.0</ele>
      </trkpt>
      <trkpt lat="44.13649" lon="6.58729">
        <ele>1145.5</ele>
      </trkpt>
      <trkpt lat="44.13638" lon="6.58718">
        <ele>1144.6</ele>
      </trkpt>
      <trkpt lat="44.13635" lon="6.58714">
        <ele>1144.3</ele>
      </trkpt>
      <trkpt lat="44.13606" lon="6.58681">
        <ele>1142.2</ele>
      </trkpt>
      <trkpt lat="44.1358" lon="6.58649">
        <ele>1140.9</ele>
      </trkpt>
      <trkpt lat="44.13564" lon="6.58631">
        <ele>1140.9</ele>
      </trkpt>
      <trkpt lat="44.13546" lon="6.58608">
        <ele>1140.9</ele>
      </trkpt>
      <trkpt lat="44.13538" lon="6.58596">
        <ele>1140.8</ele>
      </trkpt>
      <trkpt lat="44.13529" lon="6.58582">
        <ele>1140.7</ele>
      </trkpt>
      <trkpt lat="44.135219" lon="6.58572">
        <ele>1140.7</ele>
      </trkpt>
      <trkpt lat="44.135129" lon="6.58559">
        <ele>1140.6</ele>
      </trkpt>
      <trkpt lat="44.13509" lon="6.58554">
        <ele>1140.5</ele>
      </trkpt>
      <trkpt lat="44.13496" lon="6.58534">
        <ele>1139.7</ele>
      </trkpt>
      <trkpt lat="44.13485" lon="6.58517">
        <ele>1139.0</ele>
      </trkpt>
      <trkpt lat="44.13479" lon="6.585079">
        <ele>1138.7</ele>
      </trkpt>
      <trkpt lat="44.13473" lon="6.58499">
        <ele>1138.4</ele>
      </trkpt>
      <trkpt lat="44.13467" lon="6.5849">
        <ele>1138.4</ele>
      </trkpt>
      <trkpt lat="44.13454" lon="6.5847">
        <ele>1138.4</ele>
      </trkpt>
      <trkpt lat="44.13446" lon="6.58458">
        <ele>1138.2</ele>
      </trkpt>
      <trkpt lat="44.13438" lon="6.58446">
        <ele>1138.0</ele>
      </trkpt>
      <trkpt lat="44.1343" lon="6.584329">
        <ele>1137.7</ele>
      </trkpt>
      <trkpt lat="44.13423" lon="6.58422">
        <ele>1137.4</ele>
      </trkpt>
      <trkpt lat="44.13418" lon="6.58414">
        <ele>1137.3</ele>
      </trkpt>
      <trkpt lat="44.13405" lon="6.58396">
        <ele>1138.0</ele>
      </trkpt>
      <trkpt lat="44.13393" lon="6.58378">
        <ele>1138.6</ele>
      </trkpt>
      <trkpt lat="44.13378" lon="6.58357">
        <ele>1138.8</ele>
      </trkpt>
      <trkpt lat="44.13366" lon="6.58342">
        <ele>1138.7</ele>
      </trkpt>
      <trkpt lat="44.13353" lon="6.58328">
        <ele>1138.6</ele>
      </trkpt>
      <trkpt lat="44.13347" lon="6.58322">
        <ele>1138.8</ele>
      </trkpt>
      <trkpt lat="44.1334" lon="6.58316">
        <ele>1138.8</ele>
      </trkpt>
      <trkpt lat="44.13328" lon="6.583039">
        <ele>1138.9</ele>
      </trkpt>
      <trkpt lat="44.13308" lon="6.58288">
        <ele>1138.2</ele>
      </trkpt>
      <trkpt lat="44.13296" lon="6.58278">
        <ele>1137.6</ele>
      </trkpt>
      <trkpt lat="44.13293" lon="6.58275">
        <ele>1137.4</ele>
      </trkpt>
      <trkpt lat="44.132779" lon="6.5826">
        <ele>1136.6</ele>
      </trkpt>
      <trkpt lat="44.13273" lon="6.58255">
        <ele>1136.2</ele>
      </trkpt>
      <trkpt lat="44.13264" lon="6.58244">
        <ele>1136.1</ele>
      </trkpt>
      <trkpt lat="44.13259" lon="6.58236">
        <ele>1136.5</ele>
      </trkpt>
      <trkpt lat="44.13249" lon="6.58222">
        <ele>1137.3</ele>
      </trkpt>
      <trkpt lat="44.13241" lon="6.582099">
        <ele>1138.4</ele>
      </trkpt>
      <trkpt lat="44.13232" lon="6.58199">
        <ele>1139.1</ele>
      </trkpt>
      <trkpt lat="44.132219" lon="6.58187">
        <ele>1139.8</ele>
      </trkpt>
      <trkpt lat="44.13211" lon="6.58177">
        <ele>1139.9</ele>
      </trkpt>
      <trkpt lat="44.13208" lon="6.58174">
        <ele>1140.0</ele>
      </trkpt>
      <trkpt lat="44.13196" lon="6.58162">
        <ele>1140.6</ele>
      </trkpt>
      <trkpt lat="44.13169" lon="6.58136">
        <ele>1143.6</ele>
      </trkpt>
      <trkpt lat="44.13162" lon="6.5813">
        <ele>1144.3</ele>
      </trkpt>
      <trkpt lat="44.13151" lon="6.581209">
        <ele>1145.2</ele>
      </trkpt>
      <trkpt lat="44.13135" lon="6.58113">
        <ele>1145.2</ele>
      </trkpt>
      <trkpt lat="44.13121" lon="6.58107">
        <ele>1144.9</ele>
      </trkpt>
      <trkpt lat="44.13117" lon="6.58106">
        <ele>1144.7</ele>
      </trkpt>
      <trkpt lat="44.13104" lon="6.58103">
        <ele>1143.7</ele>
      </trkpt>
      <trkpt lat="44.130629" lon="6.58103">
        <ele>1139.2</ele>
      </trkpt>
      <trkpt lat="44.13061" lon="6.58103">
        <ele>1139.0</ele>
      </trkpt>
      <trkpt lat="44.13045" lon="6.58102">
        <ele>1137.6</ele>
      </trkpt>
      <trkpt lat="44.13017" lon="6.58101">
        <ele>1135.0</ele>
      </trkpt>
      <trkpt lat="44.13013" lon="6.581">
        <ele>1134.7</ele>
      </trkpt>
      <trkpt lat="44.13006" lon="6.58098">
        <ele>1134.3</ele>
      </trkpt>
      <trkpt lat="44.13005" lon="6.58098">
        <ele>1134.2</ele>
      </trkpt>
      <trkpt lat="44.13002" lon="6.58096">
        <ele>1134.2</ele>
      </trkpt>
      <trkpt lat="44.12998" lon="6.58094">
        <ele>1134.1</ele>
      </trkpt>
      <trkpt lat="44.12995" lon="6.58092">
        <ele>1134.2</ele>
      </trkpt>
      <trkpt lat="44.129779" lon="6.58084">
        <ele>1133.5</ele>
      </trkpt>
      <trkpt lat="44.12961" lon="6.58075">
        <ele>1133.2</ele>
      </trkpt>
      <trkpt lat="44.12954" lon="6.58071">
        <ele>1133.2</ele>
      </trkpt>
      <trkpt lat="44.12944" lon="6.58068">
        <ele>1132.5</ele>
      </trkpt>
      <trkpt lat="44.12934" lon="6.58065">
        <ele>1131.9</ele>
      </trkpt>
      <trkpt lat="44.12926" lon="6.58064">
        <ele>1131.1</ele>
      </trkpt>
      <trkpt lat="44.12916" lon="6.58062">
        <ele>1130.3</ele>
      </trkpt>
      <trkpt lat="44.12896" lon="6.58061">
        <ele>1129.5</ele>
      </trkpt>
      <trkpt lat="44.12881" lon="6.58062">
        <ele>1128.5</ele>
      </trkpt>
      <trkpt lat="44.12807" lon="6.580599">
        <ele>1125.3</ele>
      </trkpt>
      <trkpt lat="44.12769" lon="6.58059">
        <ele>1123.7</ele>
      </trkpt>
      <trkpt lat="44.12753" lon="6.58059">
        <ele>1122.9</ele>
      </trkpt>
      <trkpt lat="44.12735" lon="6.58058">
        <ele>1122.7</ele>
      </trkpt>
      <trkpt lat="44.12717" lon="6.58058">
        <ele>1122.4</ele>
      </trkpt>
      <trkpt lat="44.12667" lon="6.58057">
        <ele>1121.6</ele>
      </trkpt>
      <trkpt lat="44.12645" lon="6.58056">
        <ele>1120.9</ele>
      </trkpt>
      <trkpt lat="44.12558" lon="6.58054">
        <ele>1118.3</ele>
      </trkpt>
      <trkpt lat="44.125549" lon="6.58054">
        <ele>1118.2</ele>
      </trkpt>
      <trkpt lat="44.12519" lon="6.58053">
        <ele>1117.6</ele>
      </trkpt>
      <trkpt lat="44.12465" lon="6.58052">
        <ele>1117.9</ele>
      </trkpt>
      <trkpt lat="44.1246" lon="6.58052">
        <ele>1117.9</ele>
      </trkpt>
      <trkpt lat="44.12447" lon="6.58051">
        <ele>1118.2</ele>
      </trkpt>
      <trkpt lat="44.12393" lon="6.58049">
        <ele>1118.6</ele>
      </trkpt>
      <trkpt lat="44.12367" lon="6.58048">
        <ele>1118.4</ele>
      </trkpt>
      <trkpt lat="44.12339" lon="6.58048">
        <ele>1118.0</ele>
      </trkpt>
      <trkpt lat="44.12321" lon="6.58048">
        <ele>1117.5</ele>
      </trkpt>
      <trkpt lat="44.12277" lon="6.58047">
        <ele>1116.2</ele>
      </trkpt>
      <trkpt lat="44.12186" lon="6.58043">
        <ele>1114.7</ele>
      </trkpt>
      <trkpt lat="44.12177" lon="6.58042">
        <ele>1114.7</ele>
      </trkpt>
      <trkpt lat="44.12174" lon="6.58041">
        <ele>1114.7</ele>
      </trkpt>
      <trkpt lat="44.12162" lon="6.58039">
        <ele>1114.6</ele>
      </trkpt>
      <trkpt lat="44.12147" lon="6.58034">
        <ele>1114.4</ele>
      </trkpt>
      <trkpt lat="44.12142" lon="6.58032">
        <ele>1114.4</ele>
      </trkpt>
      <trkpt lat="44.12136" lon="6.58029">
        <ele>1114.3</ele>
      </trkpt>
      <trkpt lat="44.12128" lon="6.58026">
        <ele>1114.2</ele>
      </trkpt>
      <trkpt lat="44.12125" lon="6.58024">
        <ele>1114.3</ele>
      </trkpt>
      <trkpt lat="44.12108" lon="6.58014">
        <ele>1114.2</ele>
      </trkpt>
      <trkpt lat="44.12075" lon="6.57995">
        <ele>1115.4</ele>
      </trkpt>
      <trkpt lat="44.120579" lon="6.57986">
        <ele>1117.5</ele>
      </trkpt>
      <trkpt lat="44.12053" lon="6.57982">
        <ele>1118.6</ele>
      </trkpt>
      <trkpt lat="44.12042" lon="6.57977">
        <ele>1119.4</ele>
      </trkpt>
      <trkpt lat="44.12025" lon="6.57968">
        <ele>1121.0</ele>
      </trkpt>
      <trkpt lat="44.12022" lon="6.57967">
        <ele>1121.0</ele>
      </trkpt>
      <trkpt lat="44.12005" lon="6.57961">
        <ele>1121.2</ele>
      </trkpt>
      <trkpt lat="44.11988" lon="6.57957">
        <ele>1121.1</ele>
      </trkpt>
      <trkpt lat="44.1198" lon="6.57955">
        <ele>1121.2</ele>
      </trkpt>
      <trkpt lat="44.11972" lon="6.57955">
        <ele>1120.6</ele>
      </trkpt>
      <trkpt lat="44.11954" lon="6.57954">
        <ele>1119.7</ele>
      </trkpt>
      <trkpt lat="44.11941" lon="6.57953">
        <ele>1119.0</ele>
      </trkpt>
      <trkpt lat="44.119" lon="6.57951">
        <ele>1116.2</ele>
      </trkpt>
      <trkpt lat="44.11882" lon="6.5795">
        <ele>1114.7</ele>
      </trkpt>
      <trkpt lat="44.1184" lon="6.57948">
        <ele>1110.9</ele>
      </trkpt>
      <trkpt lat="44.1181" lon="6.57948">
        <ele>1109.6</ele>
      </trkpt>
      <trkpt lat="44.11792" lon="6.57947">
        <ele>1109.2</ele>
      </trkpt>
      <trkpt lat="44.11787" lon="6.57947">
        <ele>1109.1</ele>
      </trkpt>
      <trkpt lat="44.11715" lon="6.57944">
        <ele>1105.4</ele>
      </trkpt>
      <trkpt lat="44.117019" lon="6.57943">
        <ele>1104.4</ele>
      </trkpt>
      <trkpt lat="44.11684" lon="6.57943">
        <ele>1102.8</ele>
      </trkpt>
      <trkpt lat="44.11666" lon="6.57942">
        <ele>1101.4</ele>
      </trkpt>
      <trkpt lat="44.1163" lon="6.57941">
        <ele>1101.7</ele>
      </trkpt>
      <trkpt lat="44.11558" lon="6.57939">
        <ele>1102.0</ele>
      </trkpt>
      <trkpt lat="44.1154" lon="6.57939">
        <ele>1101.8</ele>
      </trkpt>
      <trkpt lat="44.11522" lon="6.579379">
        <ele>1101.7</ele>
      </trkpt>
      <trkpt lat="44.11468" lon="6.57937">
        <ele>1101.0</ele>
      </trkpt>
      <trkpt lat="44.114579" lon="6.57937">
        <ele>1100.8</ele>
      </trkpt>
      <trkpt lat="44.1135" lon="6.57937">
        <ele>1097.8</ele>
      </trkpt>
      <trkpt lat="44.11305" lon="6.57935">
        <ele>1097.7</ele>
      </trkpt>
      <trkpt lat="44.11248" lon="6.57932">
        <ele>1098.4</ele>
      </trkpt>
      <trkpt lat="44.11162" lon="6.57931">
        <ele>1096.4</ele>
      </trkpt>
      <trkpt lat="44.11141" lon="6.57927">
        <ele>1096.1</ele>
      </trkpt>
      <trkpt lat="44.11128" lon="6.57924">
        <ele>1095.8</ele>
      </trkpt>
      <trkpt lat="44.11114" lon="6.57919">
        <ele>1095.7</ele>
      </trkpt>
      <trkpt lat="44.11106" lon="6.57916">
        <ele>1095.6</ele>
      </trkpt>
      <trkpt lat="44.111" lon="6.57914">
        <ele>1095.5</ele>
      </trkpt>
      <trkpt lat="44.11089" lon="6.57908">
        <ele>1095.5</ele>
      </trkpt>
      <trkpt lat="44.11081" lon="6.57904">
        <ele>1095.5</ele>
      </trkpt>
      <trkpt lat="44.11072" lon="6.579">
        <ele>1095.7</ele>
      </trkpt>
      <trkpt lat="44.11067" lon="6.57897">
        <ele>1095.9</ele>
      </trkpt>
      <trkpt lat="44.11058" lon="6.578909">
        <ele>1096.1</ele>
      </trkpt>
      <trkpt lat="44.11056" lon="6.57889">
        <ele>1096.2</ele>
      </trkpt>
      <trkpt lat="44.11045" lon="6.57881">
        <ele>1096.5</ele>
      </trkpt>
      <trkpt lat="44.1104" lon="6.578769">
        <ele>1096.7</ele>
      </trkpt>
      <trkpt lat="44.11034" lon="6.57872">
        <ele>1096.9</ele>
      </trkpt>
      <trkpt lat="44.11025" lon="6.57863">
        <ele>1097.2</ele>
      </trkpt>
      <trkpt lat="44.11013" lon="6.57851">
        <ele>1097.5</ele>
      </trkpt>
      <trkpt lat="44.11006" lon="6.57842">
        <ele>1097.8</ele>
      </trkpt>
      <trkpt lat="44.10995" lon="6.57828">
        <ele>1097.9</ele>
      </trkpt>
      <trkpt lat="44.10993" lon="6.57825">
        <ele>1097.8</ele>
      </trkpt>
      <trkpt lat="44.10981" lon="6.57805">
        <ele>1097.6</ele>
      </trkpt>
      <trkpt lat="44.109699" lon="6.57786">
        <ele>1097.3</ele>
      </trkpt>
      <trkpt lat="44.10958" lon="6.57767">
        <ele>1096.9</ele>
      </trkpt>
      <trkpt lat="44.10943" lon="6.57741">
        <ele>1096.2</ele>
      </trkpt>
      <trkpt lat="44.10913" lon="6.57689">
        <ele>1092.8</ele>
      </trkpt>
      <trkpt lat="44.10901" lon="6.5767">
        <ele>1091.9</ele>
      </trkpt>
      <trkpt lat="44.10895" lon="6.5766">
        <ele>1092.4</ele>
      </trkpt>
      <trkpt lat="44.10879" lon="6.57631">
        <ele>1094.3</ele>
      </trkpt>
      <trkpt lat="44.1085" lon="6.5758">
        <ele>1095.4</ele>
      </trkpt>
      <trkpt lat="44.10806" lon="6.57508">
        <ele>1098.7</ele>
      </trkpt>
      <trkpt lat="44.10798" lon="6.57497">
        <ele>1098.9</ele>
      </trkpt>
      <trkpt lat="44.10764" lon="6.57448">
        <ele>1098.7</ele>
      </trkpt>
      <trkpt lat="44.10729" lon="6.57397">
        <ele>1098.1</ele>
      </trkpt>
      <trkpt lat="44.10706" lon="6.57368">
        <ele>1099.3</ele>
      </trkpt>
      <trkpt lat="44.10685" lon="6.573419">
        <ele>1097.9</ele>
      </trkpt>
      <trkpt lat="44.10665" lon="6.57319">
        <ele>1097.1</ele>
      </trkpt>
      <trkpt lat="44.10651" lon="6.57302">
        <ele>1099.2</ele>
      </trkpt>
      <trkpt lat="44.10643" lon="6.57292">
        <ele>1100.0</ele>
      </trkpt>
      <trkpt lat="44.10637" lon="6.57287">
        <ele>1100.0</ele>
      </trkpt>
      <trkpt lat="44.106229" lon="6.57272">
        <ele>1100.0</ele>
      </trkpt>
      <trkpt lat="44.105939" lon="6.57242">
        <ele>1099.2</ele>
      </trkpt>
      <trkpt lat="44.10572" lon="6.572199">
        <ele>1100.0</ele>
      </trkpt>
      <trkpt lat="44.10551" lon="6.57197">
        <ele>1100.4</ele>
      </trkpt>
      <trkpt lat="44.10536" lon="6.57181">
        <ele>1099.3</ele>
      </trkpt>
      <trkpt lat="44.10522" lon="6.571659">
        <ele>1097.4</ele>
      </trkpt>
      <trkpt lat="44.10508" lon="6.57151">
        <ele>1098.5</ele>
      </trkpt>
      <trkpt lat="44.10494" lon="6.57136">
        <ele>1099.1</ele>
      </trkpt>
      <trkpt lat="44.10479" lon="6.5712">
        <ele>1100.3</ele>
      </trkpt>
      <trkpt lat="44.10469" lon="6.5711">
        <ele>1100.3</ele>
      </trkpt>
      <trkpt lat="44.10441" lon="6.57079">
        <ele>1098.1</ele>
      </trkpt>
      <trkpt lat="44.10436" lon="6.57073">
        <ele>1098.1</ele>
      </trkpt>
      <trkpt lat="44.10428" lon="6.57062">
        <ele>1098.1</ele>
      </trkpt>
      <trkpt lat="44.10415" lon="6.570439">
        <ele>1097.6</ele>
      </trkpt>
      <trkpt lat="44.10402" lon="6.57026">
        <ele>1098.9</ele>
      </trkpt>
      <trkpt lat="44.10389" lon="6.57009">
        <ele>1099.0</ele>
      </trkpt>
      <trkpt lat="44.10381" lon="6.56996">
        <ele>1099.2</ele>
      </trkpt>
      <trkpt lat="44.10371" lon="6.569829">
        <ele>1099.1</ele>
      </trkpt>
      <trkpt lat="44.10365" lon="6.56972">
        <ele>1099.7</ele>
      </trkpt>
      <trkpt lat="44.10364" lon="6.5697">
        <ele>1099.8</ele>
      </trkpt>
      <trkpt lat="44.10352" lon="6.569549">
        <ele>1099.4</ele>
      </trkpt>
      <trkpt lat="44.10351" lon="6.56954">
        <ele>1099.4</ele>
      </trkpt>
      <trkpt lat="44.10337" lon="6.5694">
        <ele>1098.1</ele>
      </trkpt>
      <trkpt lat="44.10335" lon="6.56939">
        <ele>1097.7</ele>
      </trkpt>
      <trkpt lat="44.10322" lon="6.56927">
        <ele>1098.3</ele>
      </trkpt>
      <trkpt lat="44.10314" lon="6.56921">
        <ele>1098.4</ele>
      </trkpt>
      <trkpt lat="44.10306" lon="6.569149">
        <ele>1098.4</ele>
      </trkpt>
      <trkpt lat="44.102939" lon="6.56905">
        <ele>1098.6</ele>
      </trkpt>
      <trkpt lat="44.10284" lon="6.56898">
        <ele>1098.5</ele>
      </trkpt>
      <trkpt lat="44.10278" lon="6.56895">
        <ele>1098.2</ele>
      </trkpt>
      <trkpt lat="44.10274" lon="6.568939">
        <ele>1097.8</ele>
      </trkpt>
      <trkpt lat="44.10272" lon="6.56893">
        <ele>1097.7</ele>
      </trkpt>
      <trkpt lat="44.10266" lon="6.56892">
        <ele>1097.0</ele>
      </trkpt>
      <trkpt lat="44.10259" lon="6.56892">
        <ele>1096.0</ele>
      </trkpt>
      <trkpt lat="44.102559" lon="6.56892">
        <ele>1095.6</ele>
      </trkpt>
      <trkpt lat="44.10251" lon="6.56893">
        <ele>1094.7</ele>
      </trkpt>
      <trkpt lat="44.10245" lon="6.568939">
        <ele>1094.1</ele>
      </trkpt>
      <trkpt lat="44.102379" lon="6.56895">
        <ele>1093.7</ele>
      </trkpt>
      <trkpt lat="44.1022" lon="6.56898">
        <ele>1092.3</ele>
      </trkpt>
      <trkpt lat="44.10202" lon="6.569">
        <ele>1091.1</ele>
      </trkpt>
      <trkpt lat="44.10197" lon="6.569009">
        <ele>1090.7</ele>
      </trkpt>
      <trkpt lat="44.10184" lon="6.56902">
        <ele>1089.9</ele>
      </trkpt>
      <trkpt lat="44.10166" lon="6.56903">
        <ele>1088.9</ele>
      </trkpt>
      <trkpt lat="44.1015" lon="6.56903">
        <ele>1088.4</ele>
      </trkpt>
      <trkpt lat="44.10148" lon="6.56903">
        <ele>1088.4</ele>
      </trkpt>
      <trkpt lat="44.1013" lon="6.569009">
        <ele>1088.2</ele>
      </trkpt>
      <trkpt lat="44.10129" lon="6.569009">
        <ele>1088.2</ele>
      </trkpt>
      <trkpt lat="44.10112" lon="6.56899">
        <ele>1088.1</ele>
      </trkpt>
      <trkpt lat="44.10095" lon="6.56896">
        <ele>1088.3</ele>
      </trkpt>
      <trkpt lat="44.10092" lon="6.56895">
        <ele>1088.5</ele>
      </trkpt>
      <trkpt lat="44.10077" lon="6.56892">
        <ele>1088.6</ele>
      </trkpt>
      <trkpt lat="44.10063" lon="6.56889">
        <ele>1088.3</ele>
      </trkpt>
      <trkpt lat="44.100589" lon="6.56887">
        <ele>1088.5</ele>
      </trkpt>
      <trkpt lat="44.10052" lon="6.56884">
        <ele>1088.5</ele>
      </trkpt>
      <trkpt lat="44.10044" lon="6.56879">
        <ele>1088.8</ele>
      </trkpt>
      <trkpt lat="44.10036" lon="6.56873">
        <ele>1089.0</ele>
      </trkpt>
      <trkpt lat="44.10028" lon="6.56866">
        <ele>1089.2</ele>
      </trkpt>
      <trkpt lat="44.10022" lon="6.5686">
        <ele>1089.4</ele>
      </trkpt>
      <trkpt lat="44.10015" lon="6.56852">
        <ele>1089.4</ele>
      </trkpt>
      <trkpt lat="44.10005" lon="6.56838">
        <ele>1089.4</ele>
      </trkpt>
      <trkpt lat="44.10002" lon="6.56834">
        <ele>1089.3</ele>
      </trkpt>
      <trkpt lat="44.09992" lon="6.56825">
        <ele>1089.4</ele>
      </trkpt>
      <trkpt lat="44.0998" lon="6.56811">
        <ele>1089.6</ele>
      </trkpt>
      <trkpt lat="44.0997" lon="6.56802">
        <ele>1089.7</ele>
      </trkpt>
      <trkpt lat="44.09961" lon="6.567929">
        <ele>1089.8</ele>
      </trkpt>
      <trkpt lat="44.09944" lon="6.56783">
        <ele>1090.1</ele>
      </trkpt>
      <trkpt lat="44.09941" lon="6.56781">
        <ele>1090.0</ele>
      </trkpt>
      <trkpt lat="44.09928" lon="6.567719">
        <ele>1089.6</ele>
      </trkpt>
      <trkpt lat="44.09912" lon="6.56761">
        <ele>1089.1</ele>
      </trkpt>
      <trkpt lat="44.09885" lon="6.56742">
        <ele>1086.7</ele>
      </trkpt>
      <trkpt lat="44.09863" lon="6.56729">
        <ele>1085.1</ele>
      </trkpt>
      <trkpt lat="44.09847" lon="6.56719">
        <ele>1084.5</ele>
      </trkpt>
      <trkpt lat="44.0983" lon="6.56709">
        <ele>1084.4</ele>
      </trkpt>
      <trkpt lat="44.09829" lon="6.56708">
        <ele>1084.6</ele>
      </trkpt>
      <trkpt lat="44.09779" lon="6.5668">
        <ele>1086.3</ele>
      </trkpt>
      <trkpt lat="44.09767" lon="6.5667">
        <ele>1085.6</ele>
      </trkpt>
      <trkpt lat="44.09765" lon="6.56668">
        <ele>1085.4</ele>
      </trkpt>
      <trkpt lat="44.09753" lon="6.56659">
        <ele>1085.0</ele>
      </trkpt>
      <trkpt lat="44.09749" lon="6.56655">
        <ele>1085.1</ele>
      </trkpt>
      <trkpt lat="44.09743" lon="6.56649">
        <ele>1085.6</ele>
      </trkpt>
      <trkpt lat="44.09735" lon="6.5664">
        <ele>1086.1</ele>
      </trkpt>
      <trkpt lat="44.0972" lon="6.56626">
        <ele>1086.0</ele>
      </trkpt>
      <trkpt lat="44.0971" lon="6.56615">
        <ele>1085.5</ele>
      </trkpt>
      <trkpt lat="44.09706" lon="6.56611">
        <ele>1085.1</ele>
      </trkpt>
      <trkpt lat="44.09692" lon="6.56595">
        <ele>1083.3</ele>
      </trkpt>
      <trkpt lat="44.09684" lon="6.56587">
        <ele>1081.9</ele>
      </trkpt>
      <trkpt lat="44.09678" lon="6.56579">
        <ele>1081.3</ele>
      </trkpt>
      <trkpt lat="44.09664" lon="6.56563">
        <ele>1081.6</ele>
      </trkpt>
      <trkpt lat="44.09661" lon="6.56559">
        <ele>1082.0</ele>
      </trkpt>
      <trkpt lat="44.09652" lon="6.56545">
        <ele>1083.1</ele>
      </trkpt>
      <trkpt lat="44.09646" lon="6.56534">
        <ele>1083.5</ele>
      </trkpt>
      <trkpt lat="44.09641" lon="6.56525">
        <ele>1083.5</ele>
      </trkpt>
      <trkpt lat="44.0964" lon="6.56524">
        <ele>1083.5</ele>
      </trkpt>
      <trkpt lat="44.09635" lon="6.56514">
        <ele>1083.3</ele>
      </trkpt>
      <trkpt lat="44.09632" lon="6.5651">
        <ele>1083.0</ele>
      </trkpt>
      <trkpt lat="44.0963" lon="6.56505">
        <ele>1082.8</ele>
      </trkpt>
      <trkpt lat="44.096269" lon="6.56499">
        <ele>1082.5</ele>
      </trkpt>
      <trkpt lat="44.09621" lon="6.565">
        <ele>1082.2</ele>
      </trkpt>
      <trkpt lat="44.09614" lon="6.56499">
        <ele>1081.8</ele>
      </trkpt>
      <trkpt lat="44.0961" lon="6.56497">
        <ele>1081.6</ele>
      </trkpt>
      <trkpt lat="44.09574" lon="6.564879">
        <ele>1079.8</ele>
      </trkpt>
      <trkpt lat="44.09557" lon="6.56484">
        <ele>1079.0</ele>
      </trkpt>
      <trkpt lat="44.09539" lon="6.56479">
        <ele>1078.1</ele>
      </trkpt>
      <trkpt lat="44.09521" lon="6.564739">
        <ele>1077.2</ele>
      </trkpt>
      <trkpt lat="44.09504" lon="6.5647">
        <ele>1076.9</ele>
      </trkpt>
      <trkpt lat="44.09494" lon="6.564669">
        <ele>1076.6</ele>
      </trkpt>
      <trkpt lat="44.09486" lon="6.56465">
        <ele>1076.4</ele>
      </trkpt>
      <trkpt lat="44.094679" lon="6.56461">
        <ele>1075.9</ele>
      </trkpt>
      <trkpt lat="44.09452" lon="6.56458">
        <ele>1075.5</ele>
      </trkpt>
      <trkpt lat="44.094499" lon="6.56458">
        <ele>1075.5</ele>
      </trkpt>
      <trkpt lat="44.09441" lon="6.56456">
        <ele>1075.2</ele>
      </trkpt>
      <trkpt lat="44.09432" lon="6.56456">
        <ele>1075.3</ele>
      </trkpt>
      <trkpt lat="44.094299" lon="6.56456">
        <ele>1075.3</ele>
      </trkpt>
      <trkpt lat="44.094209" lon="6.56456">
        <ele>1075.4</ele>
      </trkpt>
      <trkpt lat="44.09414" lon="6.56457">
        <ele>1075.5</ele>
      </trkpt>
      <trkpt lat="44.0941" lon="6.56458">
        <ele>1075.4</ele>
      </trkpt>
      <trkpt lat="44.09402" lon="6.5646">
        <ele>1075.3</ele>
      </trkpt>
      <trkpt lat="44.09397" lon="6.56462">
        <ele>1075.4</ele>
      </trkpt>
      <trkpt lat="44.09392" lon="6.56464">
        <ele>1075.5</ele>
      </trkpt>
      <trkpt lat="44.09384" lon="6.56468">
        <ele>1075.7</ele>
      </trkpt>
      <trkpt lat="44.0938" lon="6.5647">
        <ele>1075.8</ele>
      </trkpt>
      <trkpt lat="44.09375" lon="6.56473">
        <ele>1076.0</ele>
      </trkpt>
      <trkpt lat="44.09368" lon="6.56479">
        <ele>1076.6</ele>
      </trkpt>
      <trkpt lat="44.09364" lon="6.56482">
        <ele>1076.8</ele>
      </trkpt>
      <trkpt lat="44.0936" lon="6.56486">
        <ele>1077.2</ele>
      </trkpt>
      <trkpt lat="44.0935" lon="6.56497">
        <ele>1078.3</ele>
      </trkpt>
      <trkpt lat="44.09348" lon="6.56499">
        <ele>1078.4</ele>
      </trkpt>
      <trkpt lat="44.09328" lon="6.56521">
        <ele>1085.8</ele>
      </trkpt>
      <trkpt lat="44.09323" lon="6.56525">
        <ele>1087.2</ele>
      </trkpt>
      <trkpt lat="44.09314" lon="6.56533">
        <ele>1090.1</ele>
      </trkpt>
      <trkpt lat="44.09304" lon="6.56539">
        <ele>1092.1</ele>
      </trkpt>
      <trkpt lat="44.09294" lon="6.56544">
        <ele>1093.7</ele>
      </trkpt>
      <trkpt lat="44.09288" lon="6.56547">
        <ele>1094.6</ele>
      </trkpt>
      <trkpt lat="44.09286" lon="6.56548">
        <ele>1094.9</ele>
      </trkpt>
      <trkpt lat="44.092799" lon="6.5655">
        <ele>1095.4</ele>
      </trkpt>
      <trkpt lat="44.09274" lon="6.56551">
        <ele>1095.5</ele>
      </trkpt>
      <trkpt lat="44.0927" lon="6.56552">
        <ele>1095.7</ele>
      </trkpt>
      <trkpt lat="44.09268" lon="6.56552">
        <ele>1095.5</ele>
      </trkpt>
      <trkpt lat="44.092619" lon="6.56552">
        <ele>1095.2</ele>
      </trkpt>
      <trkpt lat="44.09258" lon="6.56552">
        <ele>1094.9</ele>
      </trkpt>
      <trkpt lat="44.09252" lon="6.56551">
        <ele>1094.2</ele>
      </trkpt>
      <trkpt lat="44.09249" lon="6.5655">
        <ele>1093.6</ele>
      </trkpt>
      <trkpt lat="44.09243" lon="6.565489">
        <ele>1093.0</ele>
      </trkpt>
      <trkpt lat="44.09235" lon="6.56545">
        <ele>1091.0</ele>
      </trkpt>
      <trkpt lat="44.09231" lon="6.56544">
        <ele>1090.5</ele>
      </trkpt>
      <trkpt lat="44.09218" lon="6.56539">
        <ele>1088.2</ele>
      </trkpt>
      <trkpt lat="44.092059" lon="6.565349">
        <ele>1086.3</ele>
      </trkpt>
      <trkpt lat="44.092" lon="6.565349">
        <ele>1086.2</ele>
      </trkpt>
      <trkpt lat="44.09197" lon="6.565349">
        <ele>1086.2</ele>
      </trkpt>
      <trkpt lat="44.0919" lon="6.56536">
        <ele>1086.4</ele>
      </trkpt>
      <trkpt lat="44.09179" lon="6.56541">
        <ele>1088.1</ele>
      </trkpt>
      <trkpt lat="44.09171" lon="6.56546">
        <ele>1089.7</ele>
      </trkpt>
      <trkpt lat="44.091679" lon="6.56548">
        <ele>1090.3</ele>
      </trkpt>
      <trkpt lat="44.09163" lon="6.56552">
        <ele>1091.2</ele>
      </trkpt>
      <trkpt lat="44.09152" lon="6.56562">
        <ele>1093.1</ele>
      </trkpt>
      <trkpt lat="44.09141" lon="6.56572">
        <ele>1094.9</ele>
      </trkpt>
      <trkpt lat="44.09135" lon="6.56577">
        <ele>1095.6</ele>
      </trkpt>
      <trkpt lat="44.09127" lon="6.56583">
        <ele>1096.2</ele>
      </trkpt>
      <trkpt lat="44.09122" lon="6.56587">
        <ele>1097.0</ele>
      </trkpt>
      <trkpt lat="44.09105" lon="6.56597">
        <ele>1098.5</ele>
      </trkpt>
      <trkpt lat="44.09088" lon="6.56604">
        <ele>1098.7</ele>
      </trkpt>
      <trkpt lat="44.09071" lon="6.56611">
        <ele>1098.8</ele>
      </trkpt>
      <trkpt lat="44.0907" lon="6.56612">
        <ele>1099.1</ele>
      </trkpt>
      <trkpt lat="44.09055" lon="6.56624">
        <ele>1101.5</ele>
      </trkpt>
      <trkpt lat="44.09046" lon="6.56631">
        <ele>1102.7</ele>
      </trkpt>
      <trkpt lat="44.0904" lon="6.56637">
        <ele>1104.1</ele>
      </trkpt>
      <trkpt lat="44.09021" lon="6.56652">
        <ele>1106.5</ele>
      </trkpt>
      <trkpt lat="44.09001" lon="6.56662">
        <ele>1106.4</ele>
      </trkpt>
      <trkpt lat="44.0899" lon="6.56661">
        <ele>1105.6</ele>
      </trkpt>
      <trkpt lat="44.08983" lon="6.56661">
        <ele>1105.5</ele>
      </trkpt>
      <trkpt lat="44.08965" lon="6.56662">
        <ele>1105.4</ele>
      </trkpt>
      <trkpt lat="44.08955" lon="6.56663">
        <ele>1105.6</ele>
      </trkpt>
      <trkpt lat="44.08937" lon="6.56659">
        <ele>1103.8</ele>
      </trkpt>
      <trkpt lat="44.08919" lon="6.56658">
        <ele>1103.0</ele>
      </trkpt>
      <trkpt lat="44.08918" lon="6.56658">
        <ele>1103.0</ele>
      </trkpt>
      <trkpt lat="44.08899" lon="6.566569">
        <ele>1101.7</ele>
      </trkpt>
      <trkpt lat="44.08899" lon="6.566569">
        <ele>1101.7</ele>
      </trkpt>
      <trkpt lat="44.08892" lon="6.56656">
        <ele>1101.0</ele>
      </trkpt>
      <trkpt lat="44.08881" lon="6.56656">
        <ele>1100.4</ele>
      </trkpt>
      <trkpt lat="44.08879" lon="6.56656">
        <ele>1100.3</ele>
      </trkpt>
      <trkpt lat="44.08863" lon="6.56658">
        <ele>1100.2</ele>
      </trkpt>
      <trkpt lat="44.08845" lon="6.56659">
        <ele>1099.7</ele>
      </trkpt>
      <trkpt lat="44.08827" lon="6.56661">
        <ele>1099.6</ele>
      </trkpt>
      <trkpt lat="44.088209" lon="6.56661">
        <ele>1099.3</ele>
      </trkpt>
      <trkpt lat="44.08815" lon="6.56662">
        <ele>1099.4</ele>
      </trkpt>
      <trkpt lat="44.08804" lon="6.56665">
        <ele>1100.0</ele>
      </trkpt>
      <trkpt lat="44.08794" lon="6.56668">
        <ele>1100.6</ele>
      </trkpt>
      <trkpt lat="44.08791" lon="6.5667">
        <ele>1101.1</ele>
      </trkpt>
      <trkpt lat="44.08788" lon="6.56673">
        <ele>1101.9</ele>
      </trkpt>
      <trkpt lat="44.08785" lon="6.56675">
        <ele>1102.3</ele>
      </trkpt>
      <trkpt lat="44.0878" lon="6.566779">
        <ele>1102.9</ele>
      </trkpt>
      <trkpt lat="44.08768" lon="6.56684">
        <ele>1103.8</ele>
      </trkpt>
      <trkpt lat="44.08751" lon="6.56693">
        <ele>1104.7</ele>
      </trkpt>
      <trkpt lat="44.08747" lon="6.56695">
        <ele>1104.8</ele>
      </trkpt>
      <trkpt lat="44.087359" lon="6.567">
        <ele>1104.8</ele>
      </trkpt>
      <trkpt lat="44.08734" lon="6.56701">
        <ele>1104.8</ele>
      </trkpt>
      <trkpt lat="44.08721" lon="6.56706">
        <ele>1104.5</ele>
      </trkpt>
      <trkpt lat="44.08717" lon="6.56707">
        <ele>1104.2</ele>
      </trkpt>
      <trkpt lat="44.087" lon="6.567109">
        <ele>1103.1</ele>
      </trkpt>
      <trkpt lat="44.08699" lon="6.56712">
        <ele>1103.3</ele>
      </trkpt>
      <trkpt lat="44.08693" lon="6.56714">
        <ele>1103.0</ele>
      </trkpt>
      <trkpt lat="44.08686" lon="6.56719">
        <ele>1103.3</ele>
      </trkpt>
      <trkpt lat="44.08683" lon="6.56721">
        <ele>1103.4</ele>
      </trkpt>
      <trkpt lat="44.08679" lon="6.567249">
        <ele>1103.8</ele>
      </trkpt>
      <trkpt lat="44.08675" lon="6.56728">
        <ele>1104.0</ele>
      </trkpt>
      <trkpt lat="44.08667" lon="6.56733">
        <ele>1104.2</ele>
      </trkpt>
      <trkpt lat="44.08663" lon="6.56735">
        <ele>1104.1</ele>
      </trkpt>
      <trkpt lat="44.0865" lon="6.56741">
        <ele>1103.7</ele>
      </trkpt>
      <trkpt lat="44.08649" lon="6.56741">
        <ele>1103.5</ele>
      </trkpt>
      <trkpt lat="44.08632" lon="6.56747">
        <ele>1102.4</ele>
      </trkpt>
      <trkpt lat="44.0863" lon="6.56748">
        <ele>1102.3</ele>
      </trkpt>
      <trkpt lat="44.08615" lon="6.5675">
        <ele>1100.6</ele>
      </trkpt>
      <trkpt lat="44.086" lon="6.56752">
        <ele>1099.1</ele>
      </trkpt>
      <trkpt lat="44.08597" lon="6.56753">
        <ele>1099.1</ele>
      </trkpt>
      <trkpt lat="44.08591" lon="6.56754">
        <ele>1098.6</ele>
      </trkpt>
      <trkpt lat="44.08581" lon="6.56758">
        <ele>1098.8</ele>
      </trkpt>
      <trkpt lat="44.08569" lon="6.56764">
        <ele>1100.3</ele>
      </trkpt>
      <trkpt lat="44.08562" lon="6.56765">
        <ele>1100.3</ele>
      </trkpt>
      <trkpt lat="44.08553" lon="6.56768">
        <ele>1100.9</ele>
      </trkpt>
      <trkpt lat="44.08544" lon="6.56769">
        <ele>1100.7</ele>
      </trkpt>
      <trkpt lat="44.0854" lon="6.56769">
        <ele>1100.5</ele>
      </trkpt>
      <trkpt lat="44.08526" lon="6.56768">
        <ele>1099.4</ele>
      </trkpt>
      <trkpt lat="44.08524" lon="6.56768">
        <ele>1099.3</ele>
      </trkpt>
      <trkpt lat="44.08509" lon="6.56763">
        <ele>1096.8</ele>
      </trkpt>
      <trkpt lat="44.08491" lon="6.56757">
        <ele>1094.8</ele>
      </trkpt>
      <trkpt lat="44.08482" lon="6.56754">
        <ele>1094.2</ele>
      </trkpt>
      <trkpt lat="44.08439" lon="6.567389">
        <ele>1093.4</ele>
      </trkpt>
      <trkpt lat="44.08417" lon="6.567319">
        <ele>1093.2</ele>
      </trkpt>
      <trkpt lat="44.08354" lon="6.56712">
        <ele>1088.5</ele>
      </trkpt>
      <trkpt lat="44.08343" lon="6.56708">
        <ele>1087.2</ele>
      </trkpt>
      <trkpt lat="44.08331" lon="6.56707">
        <ele>1086.3</ele>
      </trkpt>
      <trkpt lat="44.08321" lon="6.56708">
        <ele>1085.0</ele>
      </trkpt>
      <trkpt lat="44.08316" lon="6.5671">
        <ele>1084.8</ele>
      </trkpt>
      <trkpt lat="44.08308" lon="6.56713">
        <ele>1084.4</ele>
      </trkpt>
      <trkpt lat="44.08278" lon="6.5673">
        <ele>1084.8</ele>
      </trkpt>
      <trkpt lat="44.08259" lon="6.5674">
        <ele>1085.1</ele>
      </trkpt>
      <trkpt lat="44.08244" lon="6.56749">
        <ele>1085.6</ele>
      </trkpt>
      <trkpt lat="44.08228" lon="6.56759">
        <ele>1086.1</ele>
      </trkpt>
      <trkpt lat="44.08211" lon="6.56769">
        <ele>1086.2</ele>
      </trkpt>
      <trkpt lat="44.08186" lon="6.56784">
        <ele>1086.1</ele>
      </trkpt>
      <trkpt lat="44.08174" lon="6.56789">
        <ele>1085.2</ele>
      </trkpt>
      <trkpt lat="44.08161" lon="6.56792">
        <ele>1084.1</ele>
      </trkpt>
      <trkpt lat="44.081069" lon="6.56804">
        <ele>1082.3</ele>
      </trkpt>
      <trkpt lat="44.080889" lon="6.56808">
        <ele>1081.4</ele>
      </trkpt>
      <trkpt lat="44.08054" lon="6.56817">
        <ele>1080.0</ele>
      </trkpt>
      <trkpt lat="44.08053" lon="6.56817">
        <ele>1079.9</ele>
      </trkpt>
      <trkpt lat="44.08018" lon="6.56821">
        <ele>1077.7</ele>
      </trkpt>
      <trkpt lat="44.08005" lon="6.56823">
        <ele>1077.0</ele>
      </trkpt>
      <trkpt lat="44.08" lon="6.56824">
        <ele>1076.8</ele>
      </trkpt>
      <trkpt lat="44.07962" lon="6.56829">
        <ele>1071.7</ele>
      </trkpt>
      <trkpt lat="44.07914" lon="6.56838">
        <ele>1066.1</ele>
      </trkpt>
      <trkpt lat="44.07911" lon="6.56839">
        <ele>1065.9</ele>
      </trkpt>
      <trkpt lat="44.07884" lon="6.568469">
        <ele>1064.0</ele>
      </trkpt>
      <trkpt lat="44.0788" lon="6.56849">
        <ele>1064.0</ele>
      </trkpt>
      <trkpt lat="44.07876" lon="6.56851">
        <ele>1064.0</ele>
      </trkpt>
      <trkpt lat="44.0787" lon="6.568539">
        <ele>1064.0</ele>
      </trkpt>
      <trkpt lat="44.0786" lon="6.5686">
        <ele>1064.3</ele>
      </trkpt>
      <trkpt lat="44.07859" lon="6.5686">
        <ele>1064.2</ele>
      </trkpt>
      <trkpt lat="44.07851" lon="6.56866">
        <ele>1064.9</ele>
      </trkpt>
      <trkpt lat="44.07841" lon="6.56871">
        <ele>1064.9</ele>
      </trkpt>
      <trkpt lat="44.07829" lon="6.5688">
        <ele>1066.0</ele>
      </trkpt>
      <trkpt lat="44.07827" lon="6.56881">
        <ele>1066.0</ele>
      </trkpt>
      <trkpt lat="44.07817" lon="6.56889">
        <ele>1066.8</ele>
      </trkpt>
      <trkpt lat="44.07811" lon="6.56893">
        <ele>1066.9</ele>
      </trkpt>
      <trkpt lat="44.07805" lon="6.56898">
        <ele>1067.0</ele>
      </trkpt>
      <trkpt lat="44.07793" lon="6.56907">
        <ele>1066.7</ele>
      </trkpt>
      <trkpt lat="44.07782" lon="6.56917">
        <ele>1066.2</ele>
      </trkpt>
      <trkpt lat="44.07771" lon="6.56927">
        <ele>1066.7</ele>
      </trkpt>
      <trkpt lat="44.07759" lon="6.56936">
        <ele>1066.6</ele>
      </trkpt>
      <trkpt lat="44.07748" lon="6.56945">
        <ele>1066.9</ele>
      </trkpt>
      <trkpt lat="44.0774" lon="6.56949">
        <ele>1067.2</ele>
      </trkpt>
      <trkpt lat="44.07733" lon="6.56953">
        <ele>1067.5</ele>
      </trkpt>
      <trkpt lat="44.07732" lon="6.56953">
        <ele>1067.3</ele>
      </trkpt>
      <trkpt lat="44.07725" lon="6.56956">
        <ele>1067.2</ele>
      </trkpt>
      <trkpt lat="44.07717" lon="6.56959">
        <ele>1066.9</ele>
      </trkpt>
      <trkpt lat="44.07709" lon="6.56961">
        <ele>1066.3</ele>
      </trkpt>
      <trkpt lat="44.07701" lon="6.56963">
        <ele>1065.6</ele>
      </trkpt>
      <trkpt lat="44.07697" lon="6.56964">
        <ele>1065.3</ele>
      </trkpt>
      <trkpt lat="44.07669" lon="6.56971">
        <ele>1062.5</ele>
      </trkpt>
      <trkpt lat="44.0766" lon="6.56973">
        <ele>1061.7</ele>
      </trkpt>
      <trkpt lat="44.07651" lon="6.56977">
        <ele>1061.3</ele>
      </trkpt>
      <trkpt lat="44.07642" lon="6.56982">
        <ele>1060.9</ele>
      </trkpt>
      <trkpt lat="44.07634" lon="6.56987">
        <ele>1060.4</ele>
      </trkpt>
      <trkpt lat="44.07625" lon="6.56994">
        <ele>1059.8</ele>
      </trkpt>
      <trkpt lat="44.07618" lon="6.57001">
        <ele>1059.5</ele>
      </trkpt>
      <trkpt lat="44.07613" lon="6.57005">
        <ele>1059.4</ele>
      </trkpt>
      <trkpt lat="44.07603" lon="6.57015">
        <ele>1059.7</ele>
      </trkpt>
      <trkpt lat="44.07594" lon="6.57024">
        <ele>1059.9</ele>
      </trkpt>
      <trkpt lat="44.07579" lon="6.57039">
        <ele>1060.5</ele>
      </trkpt>
      <trkpt lat="44.07557" lon="6.57063">
        <ele>1061.2</ele>
      </trkpt>
      <trkpt lat="44.075449" lon="6.57074">
        <ele>1060.0</ele>
      </trkpt>
      <trkpt lat="44.07531" lon="6.5709">
        <ele>1059.1</ele>
      </trkpt>
      <trkpt lat="44.075249" lon="6.57096">
        <ele>1058.9</ele>
      </trkpt>
      <trkpt lat="44.07515" lon="6.57108">
        <ele>1058.9</ele>
      </trkpt>
      <trkpt lat="44.07512" lon="6.57112">
        <ele>1058.9</ele>
      </trkpt>
      <trkpt lat="44.07505" lon="6.5712">
        <ele>1058.5</ele>
      </trkpt>
      <trkpt lat="44.074979" lon="6.57129">
        <ele>1058.6</ele>
      </trkpt>
      <trkpt lat="44.07496" lon="6.57133">
        <ele>1059.1</ele>
      </trkpt>
      <trkpt lat="44.07487" lon="6.57146">
        <ele>1060.1</ele>
      </trkpt>
      <trkpt lat="44.07486" lon="6.57148">
        <ele>1060.3</ele>
      </trkpt>
      <trkpt lat="44.07476" lon="6.57167">
        <ele>1060.9</ele>
      </trkpt>
      <trkpt lat="44.07475" lon="6.57168">
        <ele>1061.0</ele>
      </trkpt>
      <trkpt lat="44.07466" lon="6.57181">
        <ele>1062.8</ele>
      </trkpt>
      <trkpt lat="44.07463" lon="6.57186">
        <ele>1063.5</ele>
      </trkpt>
      <trkpt lat="44.07456" lon="6.57195">
        <ele>1064.0</ele>
      </trkpt>
      <trkpt lat="44.07445" lon="6.57208">
        <ele>1063.9</ele>
      </trkpt>
      <trkpt lat="44.07434" lon="6.57221">
        <ele>1063.2</ele>
      </trkpt>
      <trkpt lat="44.07426" lon="6.57229">
        <ele>1061.9</ele>
      </trkpt>
      <trkpt lat="44.07416" lon="6.57238">
        <ele>1059.9</ele>
      </trkpt>
      <trkpt lat="44.07407" lon="6.57246">
        <ele>1060.1</ele>
      </trkpt>
      <trkpt lat="44.07406" lon="6.57247">
        <ele>1060.1</ele>
      </trkpt>
      <trkpt lat="44.07397" lon="6.57253">
        <ele>1060.5</ele>
      </trkpt>
      <trkpt lat="44.0739" lon="6.57257">
        <ele>1061.3</ele>
      </trkpt>
      <trkpt lat="44.07373" lon="6.57266">
        <ele>1062.4</ele>
      </trkpt>
      <trkpt lat="44.07365" lon="6.5727">
        <ele>1062.6</ele>
      </trkpt>
      <trkpt lat="44.07356" lon="6.57275">
        <ele>1062.9</ele>
      </trkpt>
      <trkpt lat="44.07331" lon="6.572879">
        <ele>1063.2</ele>
      </trkpt>
      <trkpt lat="44.07327" lon="6.57291">
        <ele>1064.2</ele>
      </trkpt>
      <trkpt lat="44.07323" lon="6.57293">
        <ele>1064.7</ele>
      </trkpt>
      <trkpt lat="44.073189" lon="6.572949">
        <ele>1065.3</ele>
      </trkpt>
      <trkpt lat="44.07315" lon="6.57297">
        <ele>1065.8</ele>
      </trkpt>
      <trkpt lat="44.07311" lon="6.57299">
        <ele>1066.2</ele>
      </trkpt>
      <trkpt lat="44.07307" lon="6.573">
        <ele>1066.3</ele>
      </trkpt>
      <trkpt lat="44.07303" lon="6.57302">
        <ele>1066.7</ele>
      </trkpt>
      <trkpt lat="44.07299" lon="6.57303">
        <ele>1066.8</ele>
      </trkpt>
      <trkpt lat="44.07297" lon="6.57303">
        <ele>1066.7</ele>
      </trkpt>
      <trkpt lat="44.07295" lon="6.57304">
        <ele>1066.8</ele>
      </trkpt>
      <trkpt lat="44.07294" lon="6.57304">
        <ele>1066.8</ele>
      </trkpt>
      <trkpt lat="44.07292" lon="6.57304">
        <ele>1066.7</ele>
      </trkpt>
      <trkpt lat="44.07284" lon="6.57306">
        <ele>1066.7</ele>
      </trkpt>
      <trkpt lat="44.07277" lon="6.57308">
        <ele>1066.7</ele>
      </trkpt>
      <trkpt lat="44.07269" lon="6.5731">
        <ele>1066.5</ele>
      </trkpt>
      <trkpt lat="44.072629" lon="6.57313">
        <ele>1066.6</ele>
      </trkpt>
      <trkpt lat="44.07261" lon="6.57313">
        <ele>1066.4</ele>
      </trkpt>
      <trkpt lat="44.072539" lon="6.57317">
        <ele>1066.4</ele>
      </trkpt>
      <trkpt lat="44.07246" lon="6.57321">
        <ele>1066.6</ele>
      </trkpt>
      <trkpt lat="44.07237" lon="6.57325">
        <ele>1067.3</ele>
      </trkpt>
      <trkpt lat="44.07227" lon="6.57331">
        <ele>1068.2</ele>
      </trkpt>
      <trkpt lat="44.07217" lon="6.57336">
        <ele>1069.9</ele>
      </trkpt>
      <trkpt lat="44.07213" lon="6.57339">
        <ele>1071.3</ele>
      </trkpt>
      <trkpt lat="44.072069" lon="6.573419">
        <ele>1072.6</ele>
      </trkpt>
      <trkpt lat="44.07202" lon="6.57344">
        <ele>1073.5</ele>
      </trkpt>
      <trkpt lat="44.07196" lon="6.57346">
        <ele>1074.3</ele>
      </trkpt>
      <trkpt lat="44.0719" lon="6.57346">
        <ele>1074.3</ele>
      </trkpt>
      <trkpt lat="44.07185" lon="6.57346">
        <ele>1074.3</ele>
      </trkpt>
      <trkpt lat="44.07179" lon="6.57346">
        <ele>1074.4</ele>
      </trkpt>
      <trkpt lat="44.071779" lon="6.57345">
        <ele>1074.0</ele>
      </trkpt>
      <trkpt lat="44.07173" lon="6.57344">
        <ele>1073.7</ele>
      </trkpt>
      <trkpt lat="44.07168" lon="6.57341">
        <ele>1072.7</ele>
      </trkpt>
      <trkpt lat="44.07163" lon="6.57338">
        <ele>1071.5</ele>
      </trkpt>
      <trkpt lat="44.07161" lon="6.57337">
        <ele>1071.0</ele>
      </trkpt>
      <trkpt lat="44.07154" lon="6.57333">
        <ele>1069.5</ele>
      </trkpt>
      <trkpt lat="44.07145" lon="6.573279">
        <ele>1068.3</ele>
      </trkpt>
      <trkpt lat="44.07144" lon="6.57327">
        <ele>1068.1</ele>
      </trkpt>
      <trkpt lat="44.07136" lon="6.57322">
        <ele>1067.0</ele>
      </trkpt>
      <trkpt lat="44.07128" lon="6.57317">
        <ele>1065.8</ele>
      </trkpt>
      <trkpt lat="44.07119" lon="6.57311">
        <ele>1064.3</ele>
      </trkpt>
      <trkpt lat="44.0711" lon="6.57306">
        <ele>1063.0</ele>
      </trkpt>
      <trkpt lat="44.07102" lon="6.57303">
        <ele>1062.1</ele>
      </trkpt>
      <trkpt lat="44.07093" lon="6.57299">
        <ele>1060.9</ele>
      </trkpt>
      <trkpt lat="44.07076" lon="6.572949">
        <ele>1059.5</ele>
      </trkpt>
      <trkpt lat="44.070659" lon="6.57292">
        <ele>1058.9</ele>
      </trkpt>
      <trkpt lat="44.07059" lon="6.5729">
        <ele>1058.4</ele>
      </trkpt>
      <trkpt lat="44.07053" lon="6.57289">
        <ele>1058.2</ele>
      </trkpt>
      <trkpt lat="44.07047" lon="6.572879">
        <ele>1057.9</ele>
      </trkpt>
      <trkpt lat="44.07041" lon="6.572879">
        <ele>1057.9</ele>
      </trkpt>
      <trkpt lat="44.07035" lon="6.57289">
        <ele>1058.0</ele>
      </trkpt>
      <trkpt lat="44.070279" lon="6.5729">
        <ele>1058.1</ele>
      </trkpt>
      <trkpt lat="44.07027" lon="6.5729">
        <ele>1058.1</ele>
      </trkpt>
      <trkpt lat="44.07026" lon="6.5729">
        <ele>1058.0</ele>
      </trkpt>
      <trkpt lat="44.07024" lon="6.57291">
        <ele>1057.9</ele>
      </trkpt>
      <trkpt lat="44.07023" lon="6.57291">
        <ele>1057.9</ele>
      </trkpt>
      <trkpt lat="44.07015" lon="6.572949">
        <ele>1057.9</ele>
      </trkpt>
      <trkpt lat="44.07008" lon="6.57298">
        <ele>1057.8</ele>
      </trkpt>
      <trkpt lat="44.07" lon="6.57302">
        <ele>1057.8</ele>
      </trkpt>
      <trkpt lat="44.06993" lon="6.57306">
        <ele>1057.7</ele>
      </trkpt>
      <trkpt lat="44.06977" lon="6.57313">
        <ele>1057.6</ele>
      </trkpt>
      <trkpt lat="44.06967" lon="6.57319">
        <ele>1057.6</ele>
      </trkpt>
      <trkpt lat="44.06956" lon="6.57325">
        <ele>1057.0</ele>
      </trkpt>
      <trkpt lat="44.06954" lon="6.57326">
        <ele>1056.9</ele>
      </trkpt>
      <trkpt lat="44.06945" lon="6.57332">
        <ele>1056.6</ele>
      </trkpt>
      <trkpt lat="44.06938" lon="6.57337">
        <ele>1056.6</ele>
      </trkpt>
      <trkpt lat="44.06935" lon="6.57339">
        <ele>1056.7</ele>
      </trkpt>
      <trkpt lat="44.06928" lon="6.57345">
        <ele>1057.1</ele>
      </trkpt>
      <trkpt lat="44.06919" lon="6.57352">
        <ele>1057.6</ele>
      </trkpt>
      <trkpt lat="44.0691" lon="6.57359">
        <ele>1057.9</ele>
      </trkpt>
      <trkpt lat="44.06907" lon="6.57362">
        <ele>1058.2</ele>
      </trkpt>
      <trkpt lat="44.06902" lon="6.57367">
        <ele>1058.6</ele>
      </trkpt>
      <trkpt lat="44.06893" lon="6.57374">
        <ele>1059.0</ele>
      </trkpt>
      <trkpt lat="44.06891" lon="6.57375">
        <ele>1059.0</ele>
      </trkpt>
      <trkpt lat="44.06876" lon="6.57387">
        <ele>1059.7</ele>
      </trkpt>
      <trkpt lat="44.06858" lon="6.57399">
        <ele>1060.1</ele>
      </trkpt>
      <trkpt lat="44.0685" lon="6.57404">
        <ele>1060.2</ele>
      </trkpt>
      <trkpt lat="44.06842" lon="6.57408">
        <ele>1060.1</ele>
      </trkpt>
      <trkpt lat="44.06833" lon="6.57411">
        <ele>1059.6</ele>
      </trkpt>
      <trkpt lat="44.06825" lon="6.57414">
        <ele>1059.2</ele>
      </trkpt>
      <trkpt lat="44.06817" lon="6.574169">
        <ele>1058.8</ele>
      </trkpt>
      <trkpt lat="44.06809" lon="6.5742">
        <ele>1058.7</ele>
      </trkpt>
      <trkpt lat="44.06801" lon="6.57424">
        <ele>1058.9</ele>
      </trkpt>
      <trkpt lat="44.067929" lon="6.57428">
        <ele>1059.0</ele>
      </trkpt>
      <trkpt lat="44.06768" lon="6.57444">
        <ele>1060.2</ele>
      </trkpt>
      <trkpt lat="44.06758" lon="6.574499">
        <ele>1060.4</ele>
      </trkpt>
      <trkpt lat="44.06739" lon="6.57463">
        <ele>1061.8</ele>
      </trkpt>
      <trkpt lat="44.06729" lon="6.57469">
        <ele>1062.3</ele>
      </trkpt>
      <trkpt lat="44.06726" lon="6.574709">
        <ele>1062.5</ele>
      </trkpt>
      <trkpt lat="44.067189" lon="6.57474">
        <ele>1062.4</ele>
      </trkpt>
      <trkpt lat="44.06709" lon="6.5748">
        <ele>1062.5</ele>
      </trkpt>
      <trkpt lat="44.066989" lon="6.57484">
        <ele>1062.0</ele>
      </trkpt>
      <trkpt lat="44.06689" lon="6.57487">
        <ele>1061.2</ele>
      </trkpt>
      <trkpt lat="44.06679" lon="6.5749">
        <ele>1060.3</ele>
      </trkpt>
      <trkpt lat="44.06669" lon="6.57492">
        <ele>1059.1</ele>
      </trkpt>
      <trkpt lat="44.06659" lon="6.57492">
        <ele>1058.7</ele>
      </trkpt>
      <trkpt lat="44.06649" lon="6.57492">
        <ele>1058.6</ele>
      </trkpt>
      <trkpt lat="44.06638" lon="6.57493">
        <ele>1058.7</ele>
      </trkpt>
      <trkpt lat="44.06628" lon="6.57492">
        <ele>1058.4</ele>
      </trkpt>
      <trkpt lat="44.06617" lon="6.57492">
        <ele>1058.3</ele>
      </trkpt>
      <trkpt lat="44.06613" lon="6.57493">
        <ele>1058.5</ele>
      </trkpt>
      <trkpt lat="44.0661" lon="6.57492">
        <ele>1058.2</ele>
      </trkpt>
      <trkpt lat="44.06606" lon="6.57492">
        <ele>1058.2</ele>
      </trkpt>
      <trkpt lat="44.06602" lon="6.57492">
        <ele>1058.2</ele>
      </trkpt>
      <trkpt lat="44.06591" lon="6.57491">
        <ele>1057.8</ele>
      </trkpt>
      <trkpt lat="44.06579" lon="6.57489">
        <ele>1057.3</ele>
      </trkpt>
      <trkpt lat="44.06568" lon="6.57488">
        <ele>1057.2</ele>
      </trkpt>
      <trkpt lat="44.06557" lon="6.57485">
        <ele>1056.7</ele>
      </trkpt>
      <trkpt lat="44.065399" lon="6.57482">
        <ele>1056.3</ele>
      </trkpt>
      <trkpt lat="44.06505" lon="6.57474">
        <ele>1055.3</ele>
      </trkpt>
      <trkpt lat="44.06492" lon="6.57472">
        <ele>1054.2</ele>
      </trkpt>
      <trkpt lat="44.06485" lon="6.5747">
        <ele>1053.0</ele>
      </trkpt>
      <trkpt lat="44.06479" lon="6.57469">
        <ele>1052.2</ele>
      </trkpt>
      <trkpt lat="44.06472" lon="6.57469">
        <ele>1051.5</ele>
      </trkpt>
      <trkpt lat="44.06469" lon="6.57468">
        <ele>1051.0</ele>
      </trkpt>
      <trkpt lat="44.06465" lon="6.57468">
        <ele>1050.6</ele>
      </trkpt>
      <trkpt lat="44.06458" lon="6.57469">
        <ele>1050.1</ele>
      </trkpt>
      <trkpt lat="44.06451" lon="6.57469">
        <ele>1049.5</ele>
      </trkpt>
      <trkpt lat="44.06444" lon="6.574709">
        <ele>1049.2</ele>
      </trkpt>
      <trkpt lat="44.064369" lon="6.57474">
        <ele>1049.1</ele>
      </trkpt>
      <trkpt lat="44.0643" lon="6.574779">
        <ele>1049.1</ele>
      </trkpt>
      <trkpt lat="44.06423" lon="6.57482">
        <ele>1049.2</ele>
      </trkpt>
      <trkpt lat="44.06408" lon="6.57494">
        <ele>1049.8</ele>
      </trkpt>
      <trkpt lat="44.06396" lon="6.57504">
        <ele>1050.0</ele>
      </trkpt>
      <trkpt lat="44.06393" lon="6.57506">
        <ele>1050.0</ele>
      </trkpt>
      <trkpt lat="44.06372" lon="6.57523">
        <ele>1050.2</ele>
      </trkpt>
      <trkpt lat="44.06365" lon="6.57529">
        <ele>1050.4</ele>
      </trkpt>
      <trkpt lat="44.06349" lon="6.57542">
        <ele>1050.6</ele>
      </trkpt>
      <trkpt lat="44.06335" lon="6.57552">
        <ele>1050.6</ele>
      </trkpt>
      <trkpt lat="44.06319" lon="6.57563">
        <ele>1050.6</ele>
      </trkpt>
      <trkpt lat="44.06312" lon="6.57568">
        <ele>1050.8</ele>
      </trkpt>
      <trkpt lat="44.06307" lon="6.575719">
        <ele>1050.9</ele>
      </trkpt>
      <trkpt lat="44.06301" lon="6.57575">
        <ele>1050.9</ele>
      </trkpt>
      <trkpt lat="44.06295" lon="6.57577">
        <ele>1050.6</ele>
      </trkpt>
      <trkpt lat="44.0629" lon="6.575789">
        <ele>1050.4</ele>
      </trkpt>
      <trkpt lat="44.06284" lon="6.575789">
        <ele>1049.8</ele>
      </trkpt>
      <trkpt lat="44.062779" lon="6.575789">
        <ele>1049.1</ele>
      </trkpt>
      <trkpt lat="44.06267" lon="6.57577">
        <ele>1047.5</ele>
      </trkpt>
      <trkpt lat="44.06255" lon="6.57574">
        <ele>1045.4</ele>
      </trkpt>
      <trkpt lat="44.0625" lon="6.57573">
        <ele>1044.6</ele>
      </trkpt>
      <trkpt lat="44.06246" lon="6.57573">
        <ele>1044.4</ele>
      </trkpt>
      <trkpt lat="44.06242" lon="6.57573">
        <ele>1044.1</ele>
      </trkpt>
      <trkpt lat="44.06238" lon="6.57574">
        <ele>1044.0</ele>
      </trkpt>
      <trkpt lat="44.06234" lon="6.57575">
        <ele>1044.0</ele>
      </trkpt>
      <trkpt lat="44.06232" lon="6.57576">
        <ele>1044.0</ele>
      </trkpt>
      <trkpt lat="44.0623" lon="6.57578">
        <ele>1044.3</ele>
      </trkpt>
      <trkpt lat="44.06222" lon="6.57582">
        <ele>1044.4</ele>
      </trkpt>
      <trkpt lat="44.06215" lon="6.575859">
        <ele>1045.3</ele>
      </trkpt>
      <trkpt lat="44.06214" lon="6.575859">
        <ele>1045.2</ele>
      </trkpt>
      <trkpt lat="44.06206" lon="6.57591">
        <ele>1046.9</ele>
      </trkpt>
      <trkpt lat="44.06199" lon="6.57595">
        <ele>1048.2</ele>
      </trkpt>
      <trkpt lat="44.06195" lon="6.57597">
        <ele>1048.8</ele>
      </trkpt>
      <trkpt lat="44.06192" lon="6.57599">
        <ele>1049.5</ele>
      </trkpt>
      <trkpt lat="44.06189" lon="6.575999">
        <ele>1049.8</ele>
      </trkpt>
      <trkpt lat="44.06186" lon="6.57601">
        <ele>1050.0</ele>
      </trkpt>
      <trkpt lat="44.061839" lon="6.57602">
        <ele>1050.3</ele>
      </trkpt>
      <trkpt lat="44.06181" lon="6.57603">
        <ele>1050.6</ele>
      </trkpt>
      <trkpt lat="44.06174" lon="6.57605">
        <ele>1051.0</ele>
      </trkpt>
      <trkpt lat="44.06167" lon="6.57605">
        <ele>1050.4</ele>
      </trkpt>
      <trkpt lat="44.06166" lon="6.57605">
        <ele>1050.4</ele>
      </trkpt>
      <trkpt lat="44.0616" lon="6.57605">
        <ele>1049.9</ele>
      </trkpt>
      <trkpt lat="44.06154" lon="6.57605">
        <ele>1049.5</ele>
      </trkpt>
      <trkpt lat="44.06148" lon="6.57603">
        <ele>1048.2</ele>
      </trkpt>
      <trkpt lat="44.06131" lon="6.57599">
        <ele>1045.0</ele>
      </trkpt>
      <trkpt lat="44.06123" lon="6.57597">
        <ele>1043.5</ele>
      </trkpt>
      <trkpt lat="44.06116" lon="6.57596">
        <ele>1042.5</ele>
      </trkpt>
      <trkpt lat="44.06113" lon="6.57596">
        <ele>1042.3</ele>
      </trkpt>
      <trkpt lat="44.061079" lon="6.57596">
        <ele>1042.0</ele>
      </trkpt>
      <trkpt lat="44.06101" lon="6.57596">
        <ele>1041.5</ele>
      </trkpt>
      <trkpt lat="44.06095" lon="6.57597">
        <ele>1041.5</ele>
      </trkpt>
      <trkpt lat="44.06093" lon="6.57598">
        <ele>1041.9</ele>
      </trkpt>
      <trkpt lat="44.06087" lon="6.57602">
        <ele>1043.4</ele>
      </trkpt>
      <trkpt lat="44.0608" lon="6.57605">
        <ele>1044.5</ele>
      </trkpt>
      <trkpt lat="44.06073" lon="6.57609">
        <ele>1046.3</ele>
      </trkpt>
      <trkpt lat="44.06067" lon="6.57613">
        <ele>1048.2</ele>
      </trkpt>
      <trkpt lat="44.060609" lon="6.57615">
        <ele>1049.1</ele>
      </trkpt>
      <trkpt lat="44.06054" lon="6.57617">
        <ele>1050.0</ele>
      </trkpt>
      <trkpt lat="44.06048" lon="6.57618">
        <ele>1050.5</ele>
      </trkpt>
      <trkpt lat="44.060429" lon="6.57618">
        <ele>1050.4</ele>
      </trkpt>
      <trkpt lat="44.06042" lon="6.57618">
        <ele>1050.4</ele>
      </trkpt>
      <trkpt lat="44.06035" lon="6.57618">
        <ele>1050.2</ele>
      </trkpt>
      <trkpt lat="44.06029" lon="6.57617">
        <ele>1049.6</ele>
      </trkpt>
      <trkpt lat="44.06025" lon="6.57616">
        <ele>1048.9</ele>
      </trkpt>
      <trkpt lat="44.06017" lon="6.57614">
        <ele>1047.5</ele>
      </trkpt>
      <trkpt lat="44.06008" lon="6.57612">
        <ele>1046.1</ele>
      </trkpt>
      <trkpt lat="44.060049" lon="6.57611">
        <ele>1045.4</ele>
      </trkpt>
      <trkpt lat="44.05993" lon="6.57607">
        <ele>1045.0</ele>
      </trkpt>
      <trkpt lat="44.05981" lon="6.57603">
        <ele>1046.2</ele>
      </trkpt>
      <trkpt lat="44.05975" lon="6.57601">
        <ele>1046.8</ele>
      </trkpt>
      <trkpt lat="44.05969" lon="6.57598">
        <ele>1046.7</ele>
      </trkpt>
      <trkpt lat="44.05963" lon="6.57595">
        <ele>1046.6</ele>
      </trkpt>
      <trkpt lat="44.05957" lon="6.57591">
        <ele>1045.9</ele>
      </trkpt>
      <trkpt lat="44.05956" lon="6.5759">
        <ele>1045.5</ele>
      </trkpt>
      <trkpt lat="44.05952" lon="6.575859">
        <ele>1044.1</ele>
      </trkpt>
      <trkpt lat="44.05946" lon="6.57581">
        <ele>1043.7</ele>
      </trkpt>
      <trkpt lat="44.05941" lon="6.57576">
        <ele>1044.1</ele>
      </trkpt>
      <trkpt lat="44.05938" lon="6.57573">
        <ele>1044.2</ele>
      </trkpt>
      <trkpt lat="44.05929" lon="6.57565">
        <ele>1044.5</ele>
      </trkpt>
      <trkpt lat="44.05927" lon="6.57562">
        <ele>1044.1</ele>
      </trkpt>
      <trkpt lat="44.05921" lon="6.57555">
        <ele>1043.3</ele>
      </trkpt>
      <trkpt lat="44.05913" lon="6.57546">
        <ele>1042.2</ele>
      </trkpt>
      <trkpt lat="44.05896" lon="6.57523">
        <ele>1038.6</ele>
      </trkpt>
      <trkpt lat="44.05894" lon="6.5752">
        <ele>1038.0</ele>
      </trkpt>
      <trkpt lat="44.05891" lon="6.57515">
        <ele>1037.0</ele>
      </trkpt>
      <trkpt lat="44.05885" lon="6.57508">
        <ele>1035.8</ele>
      </trkpt>
      <trkpt lat="44.05879" lon="6.57502">
        <ele>1034.9</ele>
      </trkpt>
      <trkpt lat="44.05873" lon="6.57496">
        <ele>1035.0</ele>
      </trkpt>
      <trkpt lat="44.05865" lon="6.5749">
        <ele>1035.6</ele>
      </trkpt>
      <trkpt lat="44.05857" lon="6.57484">
        <ele>1035.9</ele>
      </trkpt>
      <trkpt lat="44.05849" lon="6.57479">
        <ele>1036.1</ele>
      </trkpt>
      <trkpt lat="44.0584" lon="6.57474">
        <ele>1036.1</ele>
      </trkpt>
      <trkpt lat="44.05822" lon="6.574639">
        <ele>1035.7</ele>
      </trkpt>
      <trkpt lat="44.05804" lon="6.57454">
        <ele>1034.9</ele>
      </trkpt>
      <trkpt lat="44.05798" lon="6.57451">
        <ele>1034.5</ele>
      </trkpt>
      <trkpt lat="44.05792" lon="6.57449">
        <ele>1034.4</ele>
      </trkpt>
      <trkpt lat="44.05785" lon="6.57447">
        <ele>1034.4</ele>
      </trkpt>
      <trkpt lat="44.05779" lon="6.57446">
        <ele>1034.6</ele>
      </trkpt>
      <trkpt lat="44.05772" lon="6.57446">
        <ele>1035.1</ele>
      </trkpt>
      <trkpt lat="44.05765" lon="6.57446">
        <ele>1035.7</ele>
      </trkpt>
      <trkpt lat="44.0575" lon="6.57448">
        <ele>1037.8</ele>
      </trkpt>
      <trkpt lat="44.05742" lon="6.57449">
        <ele>1039.3</ele>
      </trkpt>
      <trkpt lat="44.05736" lon="6.57448">
        <ele>1039.7</ele>
      </trkpt>
      <trkpt lat="44.05734" lon="6.57448">
        <ele>1039.9</ele>
      </trkpt>
      <trkpt lat="44.05725" lon="6.57446">
        <ele>1040.4</ele>
      </trkpt>
      <trkpt lat="44.05717" lon="6.57444">
        <ele>1040.6</ele>
      </trkpt>
      <trkpt lat="44.05709" lon="6.57441">
        <ele>1040.5</ele>
      </trkpt>
      <trkpt lat="44.05702" lon="6.57438">
        <ele>1040.3</ele>
      </trkpt>
      <trkpt lat="44.056959" lon="6.57434">
        <ele>1039.6</ele>
      </trkpt>
      <trkpt lat="44.05689" lon="6.57429">
        <ele>1038.6</ele>
      </trkpt>
      <trkpt lat="44.05683" lon="6.57424">
        <ele>1037.5</ele>
      </trkpt>
      <trkpt lat="44.05677" lon="6.57418">
        <ele>1036.0</ele>
      </trkpt>
      <trkpt lat="44.05672" lon="6.57411">
        <ele>1035.3</ele>
      </trkpt>
      <trkpt lat="44.0565" lon="6.5738">
        <ele>1033.3</ele>
      </trkpt>
      <trkpt lat="44.05646" lon="6.57374">
        <ele>1032.8</ele>
      </trkpt>
      <trkpt lat="44.05641" lon="6.57368">
        <ele>1032.4</ele>
      </trkpt>
      <trkpt lat="44.05637" lon="6.57363">
        <ele>1032.0</ele>
      </trkpt>
      <trkpt lat="44.05632" lon="6.57359">
        <ele>1032.0</ele>
      </trkpt>
      <trkpt lat="44.05628" lon="6.57357">
        <ele>1032.2</ele>
      </trkpt>
      <trkpt lat="44.05615" lon="6.57351">
        <ele>1032.8</ele>
      </trkpt>
      <trkpt lat="44.05598" lon="6.573419">
        <ele>1033.1</ele>
      </trkpt>
      <trkpt lat="44.05586" lon="6.57337">
        <ele>1033.6</ele>
      </trkpt>
      <trkpt lat="44.05581" lon="6.57334">
        <ele>1033.4</ele>
      </trkpt>
      <trkpt lat="44.055729" lon="6.57331">
        <ele>1033.6</ele>
      </trkpt>
      <trkpt lat="44.055639" lon="6.57326">
        <ele>1033.4</ele>
      </trkpt>
      <trkpt lat="44.0556" lon="6.57325">
        <ele>1033.6</ele>
      </trkpt>
      <trkpt lat="44.05547" lon="6.57319">
        <ele>1033.5</ele>
      </trkpt>
      <trkpt lat="44.05525" lon="6.57311">
        <ele>1033.5</ele>
      </trkpt>
      <trkpt lat="44.05514" lon="6.57307">
        <ele>1033.5</ele>
      </trkpt>
      <trkpt lat="44.05512" lon="6.57307">
        <ele>1033.7</ele>
      </trkpt>
      <trkpt lat="44.05503" lon="6.57305">
        <ele>1033.9</ele>
      </trkpt>
      <trkpt lat="44.05494" lon="6.57303">
        <ele>1033.7</ele>
      </trkpt>
      <trkpt lat="44.05492" lon="6.57303">
        <ele>1033.7</ele>
      </trkpt>
      <trkpt lat="44.05481" lon="6.57302">
        <ele>1033.6</ele>
      </trkpt>
      <trkpt lat="44.05476" lon="6.57302">
        <ele>1033.6</ele>
      </trkpt>
      <trkpt lat="44.05434" lon="6.57298">
        <ele>1033.0</ele>
      </trkpt>
      <trkpt lat="44.0543" lon="6.57298">
        <ele>1033.1</ele>
      </trkpt>
      <trkpt lat="44.05425" lon="6.57298">
        <ele>1033.1</ele>
      </trkpt>
      <trkpt lat="44.05421" lon="6.57298">
        <ele>1033.2</ele>
      </trkpt>
      <trkpt lat="44.05417" lon="6.57298">
        <ele>1033.2</ele>
      </trkpt>
      <trkpt lat="44.05413" lon="6.57298">
        <ele>1033.3</ele>
      </trkpt>
      <trkpt lat="44.05408" lon="6.57298">
        <ele>1033.4</ele>
      </trkpt>
      <trkpt lat="44.05403" lon="6.57299">
        <ele>1033.8</ele>
      </trkpt>
      <trkpt lat="44.05398" lon="6.57299">
        <ele>1033.9</ele>
      </trkpt>
      <trkpt lat="44.05386" lon="6.57301">
        <ele>1034.7</ele>
      </trkpt>
      <trkpt lat="44.05373" lon="6.57301">
        <ele>1035.0</ele>
      </trkpt>
      <trkpt lat="44.05361" lon="6.57301">
        <ele>1035.2</ele>
      </trkpt>
      <trkpt lat="44.05348" lon="6.57299">
        <ele>1034.7</ele>
      </trkpt>
      <trkpt lat="44.05339" lon="6.57297">
        <ele>1034.1</ele>
      </trkpt>
      <trkpt lat="44.05332" lon="6.572949">
        <ele>1033.9</ele>
      </trkpt>
      <trkpt lat="44.0533" lon="6.57294">
        <ele>1034.3</ele>
      </trkpt>
      <trkpt lat="44.053199" lon="6.5729">
        <ele>1036.7</ele>
      </trkpt>
      <trkpt lat="44.05315" lon="6.57287">
        <ele>1037.3</ele>
      </trkpt>
      <trkpt lat="44.053109" lon="6.57285">
        <ele>1037.9</ele>
      </trkpt>
      <trkpt lat="44.05303" lon="6.5728">
        <ele>1038.5</ele>
      </trkpt>
      <trkpt lat="44.05298" lon="6.57277">
        <ele>1038.8</ele>
      </trkpt>
      <trkpt lat="44.05295" lon="6.57275">
        <ele>1038.8</ele>
      </trkpt>
      <trkpt lat="44.05292" lon="6.57273">
        <ele>1038.8</ele>
      </trkpt>
      <trkpt lat="44.05287" lon="6.5727">
        <ele>1038.9</ele>
      </trkpt>
      <trkpt lat="44.052819" lon="6.57266">
        <ele>1038.3</ele>
      </trkpt>
      <trkpt lat="44.05279" lon="6.57264">
        <ele>1038.1</ele>
      </trkpt>
      <trkpt lat="44.05267" lon="6.57253">
        <ele>1035.2</ele>
      </trkpt>
      <trkpt lat="44.05261" lon="6.57248">
        <ele>1034.4</ele>
      </trkpt>
      <trkpt lat="44.05239" lon="6.57229">
        <ele>1036.3</ele>
      </trkpt>
      <trkpt lat="44.05236" lon="6.572269">
        <ele>1036.9</ele>
      </trkpt>
      <trkpt lat="44.05225" lon="6.57217">
        <ele>1037.8</ele>
      </trkpt>
      <trkpt lat="44.05221" lon="6.57214">
        <ele>1038.2</ele>
      </trkpt>
      <trkpt lat="44.05213" lon="6.57208">
        <ele>1038.8</ele>
      </trkpt>
      <trkpt lat="44.05205" lon="6.57202">
        <ele>1039.2</ele>
      </trkpt>
      <trkpt lat="44.05195" lon="6.57195">
        <ele>1039.4</ele>
      </trkpt>
      <trkpt lat="44.05176" lon="6.5718">
        <ele>1037.8</ele>
      </trkpt>
      <trkpt lat="44.05174" lon="6.57177">
        <ele>1036.7</ele>
      </trkpt>
      <trkpt lat="44.05172" lon="6.57176">
        <ele>1036.8</ele>
      </trkpt>
      <trkpt lat="44.0516" lon="6.57161">
        <ele>1035.0</ele>
      </trkpt>
      <trkpt lat="44.05146" lon="6.571449">
        <ele>1037.3</ele>
      </trkpt>
      <trkpt lat="44.05142" lon="6.5714">
        <ele>1037.6</ele>
      </trkpt>
      <trkpt lat="44.05133" lon="6.57128">
        <ele>1037.4</ele>
      </trkpt>
      <trkpt lat="44.05131" lon="6.57126">
        <ele>1037.5</ele>
      </trkpt>
      <trkpt lat="44.05119" lon="6.57106">
        <ele>1034.6</ele>
      </trkpt>
      <trkpt lat="44.05116" lon="6.57101">
        <ele>1033.6</ele>
      </trkpt>
      <trkpt lat="44.0511" lon="6.5709">
        <ele>1031.0</ele>
      </trkpt>
      <trkpt lat="44.05108" lon="6.57085">
        <ele>1029.5</ele>
      </trkpt>
      <trkpt lat="44.05103" lon="6.57077">
        <ele>1029.0</ele>
      </trkpt>
      <trkpt lat="44.05098" lon="6.57071">
        <ele>1028.9</ele>
      </trkpt>
      <trkpt lat="44.05095" lon="6.57066">
        <ele>1028.5</ele>
      </trkpt>
      <trkpt lat="44.050849" lon="6.57054">
        <ele>1027.4</ele>
      </trkpt>
      <trkpt lat="44.05082" lon="6.57051">
        <ele>1027.3</ele>
      </trkpt>
      <trkpt lat="44.05074" lon="6.57042">
        <ele>1027.2</ele>
      </trkpt>
      <trkpt lat="44.05071" lon="6.57038">
        <ele>1027.0</ele>
      </trkpt>
      <trkpt lat="44.05057" lon="6.570229">
        <ele>1026.2</ele>
      </trkpt>
      <trkpt lat="44.05054" lon="6.5702">
        <ele>1025.9</ele>
      </trkpt>
      <trkpt lat="44.05045" lon="6.57012">
        <ele>1025.4</ele>
      </trkpt>
      <trkpt lat="44.05035" lon="6.57003">
        <ele>1024.3</ele>
      </trkpt>
      <trkpt lat="44.05005" lon="6.56981">
        <ele>1025.5</ele>
      </trkpt>
      <trkpt lat="44.04987" lon="6.56968">
        <ele>1026.6</ele>
      </trkpt>
      <trkpt lat="44.04978" lon="6.56961">
        <ele>1026.7</ele>
      </trkpt>
      <trkpt lat="44.04967" lon="6.56953">
        <ele>1026.5</ele>
      </trkpt>
      <trkpt lat="44.04963" lon="6.56949">
        <ele>1025.9</ele>
      </trkpt>
      <trkpt lat="44.04956" lon="6.56943">
        <ele>1025.0</ele>
      </trkpt>
      <trkpt lat="44.0494" lon="6.5693">
        <ele>1022.1</ele>
      </trkpt>
      <trkpt lat="44.04924" lon="6.56919">
        <ele>1018.7</ele>
      </trkpt>
      <trkpt lat="44.04915" lon="6.56914">
        <ele>1018.2</ele>
      </trkpt>
      <trkpt lat="44.04907" lon="6.5691">
        <ele>1019.3</ele>
      </trkpt>
      <trkpt lat="44.04887" lon="6.56899">
        <ele>1021.2</ele>
      </trkpt>
      <trkpt lat="44.04883" lon="6.56897">
        <ele>1021.5</ele>
      </trkpt>
      <trkpt lat="44.04882" lon="6.56896">
        <ele>1021.5</ele>
      </trkpt>
      <trkpt lat="44.0488" lon="6.56895">
        <ele>1021.6</ele>
      </trkpt>
      <trkpt lat="44.04877" lon="6.56893">
        <ele>1021.7</ele>
      </trkpt>
      <trkpt lat="44.04873" lon="6.56889">
        <ele>1021.6</ele>
      </trkpt>
      <trkpt lat="44.04869" lon="6.56885">
        <ele>1021.4</ele>
      </trkpt>
      <trkpt lat="44.04866" lon="6.56883">
        <ele>1021.3</ele>
      </trkpt>
      <trkpt lat="44.04865" lon="6.56881">
        <ele>1021.1</ele>
      </trkpt>
      <trkpt lat="44.04857" lon="6.56874">
        <ele>1020.5</ele>
      </trkpt>
      <trkpt lat="44.04851" lon="6.5687">
        <ele>1020.1</ele>
      </trkpt>
      <trkpt lat="44.04847" lon="6.56866">
        <ele>1019.5</ele>
      </trkpt>
      <trkpt lat="44.0484" lon="6.56862">
        <ele>1018.9</ele>
      </trkpt>
      <trkpt lat="44.048319" lon="6.56857">
        <ele>1018.2</ele>
      </trkpt>
      <trkpt lat="44.04826" lon="6.56853">
        <ele>1018.1</ele>
      </trkpt>
      <trkpt lat="44.04818" lon="6.56849">
        <ele>1018.4</ele>
      </trkpt>
      <trkpt lat="44.048139" lon="6.56848">
        <ele>1018.7</ele>
      </trkpt>
      <trkpt lat="44.04811" lon="6.56846">
        <ele>1018.7</ele>
      </trkpt>
      <trkpt lat="44.04808" lon="6.56845">
        <ele>1019.0</ele>
      </trkpt>
      <trkpt lat="44.04807" lon="6.56844">
        <ele>1018.9</ele>
      </trkpt>
      <trkpt lat="44.04803" lon="6.56841">
        <ele>1018.9</ele>
      </trkpt>
      <trkpt lat="44.04795" lon="6.568329">
        <ele>1018.4</ele>
      </trkpt>
      <trkpt lat="44.04787" lon="6.56825">
        <ele>1018.9</ele>
      </trkpt>
      <trkpt lat="44.04771" lon="6.56807">
        <ele>1018.5</ele>
      </trkpt>
      <trkpt lat="44.04764" lon="6.56798">
        <ele>1017.7</ele>
      </trkpt>
      <trkpt lat="44.04755" lon="6.56789">
        <ele>1016.7</ele>
      </trkpt>
      <trkpt lat="44.047469" lon="6.56781">
        <ele>1016.0</ele>
      </trkpt>
      <trkpt lat="44.04746" lon="6.5678">
        <ele>1016.0</ele>
      </trkpt>
      <trkpt lat="44.04739" lon="6.56773">
        <ele>1016.0</ele>
      </trkpt>
      <trkpt lat="44.04721" lon="6.56757">
        <ele>1015.4</ele>
      </trkpt>
      <trkpt lat="44.04711" lon="6.56751">
        <ele>1015.4</ele>
      </trkpt>
      <trkpt lat="44.04702" lon="6.56744">
        <ele>1016.0</ele>
      </trkpt>
      <trkpt lat="44.04684" lon="6.56731">
        <ele>1016.7</ele>
      </trkpt>
      <trkpt lat="44.04683" lon="6.5673">
        <ele>1016.6</ele>
      </trkpt>
      <trkpt lat="44.04654" lon="6.567109">
        <ele>1016.4</ele>
      </trkpt>
      <trkpt lat="44.04645" lon="6.56705">
        <ele>1016.3</ele>
      </trkpt>
      <trkpt lat="44.046349" lon="6.567">
        <ele>1016.4</ele>
      </trkpt>
      <trkpt lat="44.046349" lon="6.56699">
        <ele>1016.2</ele>
      </trkpt>
      <trkpt lat="44.046259" lon="6.56695">
        <ele>1016.2</ele>
      </trkpt>
      <trkpt lat="44.04618" lon="6.56692">
        <ele>1016.3</ele>
      </trkpt>
      <trkpt lat="44.046169" lon="6.56692">
        <ele>1016.4</ele>
      </trkpt>
      <trkpt lat="44.04611" lon="6.5669">
        <ele>1016.4</ele>
      </trkpt>
      <trkpt lat="44.04604" lon="6.56689">
        <ele>1016.9</ele>
      </trkpt>
      <trkpt lat="44.046" lon="6.56687">
        <ele>1016.6</ele>
      </trkpt>
      <trkpt lat="44.04585" lon="6.56683">
        <ele>1016.7</ele>
      </trkpt>
      <trkpt lat="44.045699" lon="6.566779">
        <ele>1017.4</ele>
      </trkpt>
      <trkpt lat="44.04559" lon="6.56673">
        <ele>1017.3</ele>
      </trkpt>
      <trkpt lat="44.04542" lon="6.56665">
        <ele>1017.2</ele>
      </trkpt>
      <trkpt lat="44.04531" lon="6.5666">
        <ele>1018.1</ele>
      </trkpt>
      <trkpt lat="44.04519" lon="6.56654">
        <ele>1018.7</ele>
      </trkpt>
      <trkpt lat="44.04512" lon="6.566499">
        <ele>1018.8</ele>
      </trkpt>
      <trkpt lat="44.04506" lon="6.56646">
        <ele>1018.6</ele>
      </trkpt>
      <trkpt lat="44.04499" lon="6.56642">
        <ele>1018.5</ele>
      </trkpt>
      <trkpt lat="44.04498" lon="6.56641">
        <ele>1018.4</ele>
      </trkpt>
      <trkpt lat="44.04493" lon="6.56638">
        <ele>1018.3</ele>
      </trkpt>
      <trkpt lat="44.04486" lon="6.56636">
        <ele>1018.7</ele>
      </trkpt>
      <trkpt lat="44.0448" lon="6.56635">
        <ele>1019.2</ele>
      </trkpt>
      <trkpt lat="44.04478" lon="6.56634">
        <ele>1019.2</ele>
      </trkpt>
      <trkpt lat="44.0447" lon="6.56632">
        <ele>1019.7</ele>
      </trkpt>
      <trkpt lat="44.04463" lon="6.56631">
        <ele>1020.2</ele>
      </trkpt>
      <trkpt lat="44.04462" lon="6.56631">
        <ele>1020.4</ele>
      </trkpt>
      <trkpt lat="44.04455" lon="6.5663">
        <ele>1020.9</ele>
      </trkpt>
      <trkpt lat="44.044469" lon="6.56628">
        <ele>1021.3</ele>
      </trkpt>
      <trkpt lat="44.04445" lon="6.56628">
        <ele>1021.6</ele>
      </trkpt>
      <trkpt lat="44.0444" lon="6.56626">
        <ele>1021.6</ele>
      </trkpt>
      <trkpt lat="44.04432" lon="6.56624">
        <ele>1022.0</ele>
      </trkpt>
      <trkpt lat="44.04427" lon="6.56622">
        <ele>1022.0</ele>
      </trkpt>
      <trkpt lat="44.0441" lon="6.56614">
        <ele>1021.6</ele>
      </trkpt>
      <trkpt lat="44.04395" lon="6.56606">
        <ele>1021.2</ele>
      </trkpt>
      <trkpt lat="44.04393" lon="6.56605">
        <ele>1021.1</ele>
      </trkpt>
      <trkpt lat="44.0439" lon="6.56602">
        <ele>1020.7</ele>
      </trkpt>
      <trkpt lat="44.04385" lon="6.56598">
        <ele>1020.2</ele>
      </trkpt>
      <trkpt lat="44.0438" lon="6.56593">
        <ele>1019.5</ele>
      </trkpt>
      <trkpt lat="44.04379" lon="6.56591">
        <ele>1019.1</ele>
      </trkpt>
      <trkpt lat="44.04376" lon="6.56588">
        <ele>1018.6</ele>
      </trkpt>
      <trkpt lat="44.04372" lon="6.56582">
        <ele>1017.7</ele>
      </trkpt>
      <trkpt lat="44.04369" lon="6.56575">
        <ele>1017.1</ele>
      </trkpt>
      <trkpt lat="44.04367" lon="6.56572">
        <ele>1016.9</ele>
      </trkpt>
      <trkpt lat="44.04354" lon="6.56552">
        <ele>1015.6</ele>
      </trkpt>
      <trkpt lat="44.04348" lon="6.5654">
        <ele>1014.5</ele>
      </trkpt>
      <trkpt lat="44.04332" lon="6.56514">
        <ele>1012.3</ele>
      </trkpt>
      <trkpt lat="44.04332" lon="6.56513">
        <ele>1012.1</ele>
      </trkpt>
      <trkpt lat="44.04324" lon="6.56499">
        <ele>1010.2</ele>
      </trkpt>
      <trkpt lat="44.04321" lon="6.56494">
        <ele>1009.5</ele>
      </trkpt>
      <trkpt lat="44.04318" lon="6.56489">
        <ele>1008.9</ele>
      </trkpt>
      <trkpt lat="44.04316" lon="6.56485">
        <ele>1008.3</ele>
      </trkpt>
      <trkpt lat="44.04314" lon="6.56482">
        <ele>1007.9</ele>
      </trkpt>
      <trkpt lat="44.04312" lon="6.56479">
        <ele>1007.5</ele>
      </trkpt>
      <trkpt lat="44.04309" lon="6.56477">
        <ele>1007.2</ele>
      </trkpt>
      <trkpt lat="44.043059" lon="6.56475">
        <ele>1007.0</ele>
      </trkpt>
      <trkpt lat="44.04304" lon="6.564739">
        <ele>1006.9</ele>
      </trkpt>
      <trkpt lat="44.04301" lon="6.56473">
        <ele>1006.8</ele>
      </trkpt>
      <trkpt lat="44.04284" lon="6.56468">
        <ele>1006.3</ele>
      </trkpt>
      <trkpt lat="44.0427" lon="6.56463">
        <ele>1005.6</ele>
      </trkpt>
      <trkpt lat="44.04266" lon="6.56462">
        <ele>1005.5</ele>
      </trkpt>
      <trkpt lat="44.04249" lon="6.56456">
        <ele>1004.6</ele>
      </trkpt>
      <trkpt lat="44.042319" lon="6.56449">
        <ele>1004.9</ele>
      </trkpt>
      <trkpt lat="44.04222" lon="6.56446">
        <ele>1005.3</ele>
      </trkpt>
      <trkpt lat="44.04214" lon="6.56443">
        <ele>1005.5</ele>
      </trkpt>
      <trkpt lat="44.04197" lon="6.56436">
        <ele>1005.8</ele>
      </trkpt>
      <trkpt lat="44.04177" lon="6.56428">
        <ele>1006.2</ele>
      </trkpt>
      <trkpt lat="44.04145" lon="6.56415">
        <ele>1006.5</ele>
      </trkpt>
      <trkpt lat="44.04137" lon="6.564129">
        <ele>1006.8</ele>
      </trkpt>
      <trkpt lat="44.0413" lon="6.56411">
        <ele>1007.1</ele>
      </trkpt>
      <trkpt lat="44.04127" lon="6.56411">
        <ele>1007.3</ele>
      </trkpt>
      <trkpt lat="44.04122" lon="6.56411">
        <ele>1007.6</ele>
      </trkpt>
      <trkpt lat="44.04114" lon="6.56411">
        <ele>1008.1</ele>
      </trkpt>
      <trkpt lat="44.04106" lon="6.56411">
        <ele>1008.6</ele>
      </trkpt>
      <trkpt lat="44.04099" lon="6.564129">
        <ele>1009.3</ele>
      </trkpt>
      <trkpt lat="44.04092" lon="6.56415">
        <ele>1010.1</ele>
      </trkpt>
      <trkpt lat="44.040909" lon="6.56415">
        <ele>1010.2</ele>
      </trkpt>
      <trkpt lat="44.04084" lon="6.56418">
        <ele>1011.2</ele>
      </trkpt>
      <trkpt lat="44.04074" lon="6.56421">
        <ele>1010.9</ele>
      </trkpt>
      <trkpt lat="44.04065" lon="6.56424">
        <ele>1010.7</ele>
      </trkpt>
      <trkpt lat="44.04058" lon="6.56426">
        <ele>1010.5</ele>
      </trkpt>
      <trkpt lat="44.04057" lon="6.56426">
        <ele>1010.4</ele>
      </trkpt>
      <trkpt lat="44.0405" lon="6.56428">
        <ele>1010.2</ele>
      </trkpt>
      <trkpt lat="44.04042" lon="6.5643">
        <ele>1010.0</ele>
      </trkpt>
      <trkpt lat="44.04039" lon="6.5643">
        <ele>1009.7</ele>
      </trkpt>
      <trkpt lat="44.04034" lon="6.56431">
        <ele>1009.6</ele>
      </trkpt>
      <trkpt lat="44.04023" lon="6.56432">
        <ele>1008.9</ele>
      </trkpt>
      <trkpt lat="44.04012" lon="6.56433">
        <ele>1008.3</ele>
      </trkpt>
      <trkpt lat="44.04003" lon="6.56433">
        <ele>1007.6</ele>
      </trkpt>
      <trkpt lat="44.04001" lon="6.56433">
        <ele>1007.4</ele>
      </trkpt>
      <trkpt lat="44.03991" lon="6.56432">
        <ele>1007.3</ele>
      </trkpt>
      <trkpt lat="44.03985" lon="6.56432">
        <ele>1007.5</ele>
      </trkpt>
      <trkpt lat="44.03979" lon="6.5643">
        <ele>1007.1</ele>
      </trkpt>
      <trkpt lat="44.03974" lon="6.56429">
        <ele>1007.0</ele>
      </trkpt>
      <trkpt lat="44.03969" lon="6.56426">
        <ele>1006.3</ele>
      </trkpt>
      <trkpt lat="44.03963" lon="6.56424">
        <ele>1005.9</ele>
      </trkpt>
      <trkpt lat="44.03958" lon="6.56421">
        <ele>1005.2</ele>
      </trkpt>
      <trkpt lat="44.03928" lon="6.56398">
        <ele>1002.3</ele>
      </trkpt>
      <trkpt lat="44.03927" lon="6.56397">
        <ele>1002.2</ele>
      </trkpt>
      <trkpt lat="44.0392" lon="6.56392">
        <ele>1001.7</ele>
      </trkpt>
      <trkpt lat="44.039119" lon="6.56386">
        <ele>1001.1</ele>
      </trkpt>
      <trkpt lat="44.03911" lon="6.56386">
        <ele>1001.2</ele>
      </trkpt>
      <trkpt lat="44.039029" lon="6.56382">
        <ele>1000.9</ele>
      </trkpt>
      <trkpt lat="44.038939" lon="6.56378">
        <ele>1000.6</ele>
      </trkpt>
      <trkpt lat="44.03884" lon="6.56375">
        <ele>1000.5</ele>
      </trkpt>
      <trkpt lat="44.03876" lon="6.563729">
        <ele>1000.4</ele>
      </trkpt>
      <trkpt lat="44.03868" lon="6.56371">
        <ele>1000.3</ele>
      </trkpt>
      <trkpt lat="44.03864" lon="6.56371">
        <ele>1000.4</ele>
      </trkpt>
      <trkpt lat="44.03859" lon="6.56371">
        <ele>1000.5</ele>
      </trkpt>
      <trkpt lat="44.03855" lon="6.56371">
        <ele>1000.6</ele>
      </trkpt>
      <trkpt lat="44.0385" lon="6.56372">
        <ele>1001.0</ele>
      </trkpt>
      <trkpt lat="44.03844" lon="6.563729">
        <ele>1001.3</ele>
      </trkpt>
      <trkpt lat="44.03841" lon="6.563729">
        <ele>1001.4</ele>
      </trkpt>
      <trkpt lat="44.03834" lon="6.563729">
        <ele>1001.6</ele>
      </trkpt>
      <trkpt lat="44.03825" lon="6.563729">
        <ele>1001.9</ele>
      </trkpt>
      <trkpt lat="44.03823" lon="6.563729">
        <ele>1001.9</ele>
      </trkpt>
      <trkpt lat="44.03815" lon="6.56372">
        <ele>1001.9</ele>
      </trkpt>
      <trkpt lat="44.03805" lon="6.56371">
        <ele>1002.0</ele>
      </trkpt>
      <trkpt lat="44.03796" lon="6.5637">
        <ele>1002.0</ele>
      </trkpt>
      <trkpt lat="44.037909" lon="6.56369">
        <ele>1001.9</ele>
      </trkpt>
      <trkpt lat="44.03787" lon="6.56369">
        <ele>1002.0</ele>
      </trkpt>
      <trkpt lat="44.03786" lon="6.56369">
        <ele>1002.1</ele>
      </trkpt>
      <trkpt lat="44.03777" lon="6.56369">
        <ele>1002.3</ele>
      </trkpt>
      <trkpt lat="44.03764" lon="6.56371">
        <ele>1003.1</ele>
      </trkpt>
      <trkpt lat="44.03758" lon="6.563729">
        <ele>1003.8</ele>
      </trkpt>
      <trkpt lat="44.03751" lon="6.56374">
        <ele>1004.2</ele>
      </trkpt>
      <trkpt lat="44.03745" lon="6.56375">
        <ele>1005.4</ele>
      </trkpt>
      <trkpt lat="44.03738" lon="6.56374">
        <ele>1006.5</ele>
      </trkpt>
      <trkpt lat="44.03733" lon="6.56374">
        <ele>1007.4</ele>
      </trkpt>
      <trkpt lat="44.0373" lon="6.563729">
        <ele>1007.7</ele>
      </trkpt>
      <trkpt lat="44.03724" lon="6.56371">
        <ele>1008.2</ele>
      </trkpt>
      <trkpt lat="44.03718" lon="6.56367">
        <ele>1008.2</ele>
      </trkpt>
      <trkpt lat="44.03716" lon="6.56365">
        <ele>1008.0</ele>
      </trkpt>
      <trkpt lat="44.037149" lon="6.56364">
        <ele>1007.8</ele>
      </trkpt>
      <trkpt lat="44.03711" lon="6.563589">
        <ele>1007.1</ele>
      </trkpt>
      <trkpt lat="44.03708" lon="6.56353">
        <ele>1005.8</ele>
      </trkpt>
      <trkpt lat="44.03707" lon="6.56349">
        <ele>1004.8</ele>
      </trkpt>
      <trkpt lat="44.037059" lon="6.563449">
        <ele>1003.8</ele>
      </trkpt>
      <trkpt lat="44.037059" lon="6.56341">
        <ele>1002.6</ele>
      </trkpt>
      <trkpt lat="44.037059" lon="6.56334">
        <ele>1000.5</ele>
      </trkpt>
      <trkpt lat="44.03707" lon="6.56326">
        <ele>999.9</ele>
      </trkpt>
      <trkpt lat="44.03709" lon="6.56319">
        <ele>1000.3</ele>
      </trkpt>
      <trkpt lat="44.03716" lon="6.56299">
        <ele>1001.5</ele>
      </trkpt>
      <trkpt lat="44.03724" lon="6.56276">
        <ele>1002.8</ele>
      </trkpt>
      <trkpt lat="44.03732" lon="6.56254">
        <ele>1004.2</ele>
      </trkpt>
      <trkpt lat="44.03734" lon="6.56249">
        <ele>1004.5</ele>
      </trkpt>
      <trkpt lat="44.03735" lon="6.56247">
        <ele>1004.6</ele>
      </trkpt>
      <trkpt lat="44.03735" lon="6.56245">
        <ele>1004.7</ele>
      </trkpt>
      <trkpt lat="44.03735" lon="6.562439">
        <ele>1004.8</ele>
      </trkpt>
      <trkpt lat="44.03735" lon="6.56242">
        <ele>1004.9</ele>
      </trkpt>
      <trkpt lat="44.03735" lon="6.56239">
        <ele>1005.0</ele>
      </trkpt>
      <trkpt lat="44.03735" lon="6.562369">
        <ele>1005.1</ele>
      </trkpt>
      <trkpt lat="44.03734" lon="6.56235">
        <ele>1005.3</ele>
      </trkpt>
      <trkpt lat="44.03734" lon="6.56233">
        <ele>1005.4</ele>
      </trkpt>
      <trkpt lat="44.03733" lon="6.562299">
        <ele>1005.6</ele>
      </trkpt>
      <trkpt lat="44.03732" lon="6.56227">
        <ele>1005.7</ele>
      </trkpt>
      <trkpt lat="44.0373" lon="6.56224">
        <ele>1006.0</ele>
      </trkpt>
      <trkpt lat="44.03727" lon="6.56221">
        <ele>1006.7</ele>
      </trkpt>
      <trkpt lat="44.03724" lon="6.56219">
        <ele>1007.1</ele>
      </trkpt>
      <trkpt lat="44.0372" lon="6.56218">
        <ele>1007.0</ele>
      </trkpt>
      <trkpt lat="44.03718" lon="6.56217">
        <ele>1007.1</ele>
      </trkpt>
      <trkpt lat="44.0371" lon="6.56215">
        <ele>1006.8</ele>
      </trkpt>
      <trkpt lat="44.037" lon="6.56213">
        <ele>1006.3</ele>
      </trkpt>
      <trkpt lat="44.036879" lon="6.5621">
        <ele>1005.7</ele>
      </trkpt>
      <trkpt lat="44.03676" lon="6.56204">
        <ele>1005.5</ele>
      </trkpt>
      <trkpt lat="44.03669" lon="6.56201">
        <ele>1005.1</ele>
      </trkpt>
      <trkpt lat="44.03666" lon="6.56198">
        <ele>1005.3</ele>
      </trkpt>
      <trkpt lat="44.03665" lon="6.56197">
        <ele>1005.3</ele>
      </trkpt>
      <trkpt lat="44.03654" lon="6.56187">
        <ele>1005.5</ele>
      </trkpt>
      <trkpt lat="44.03652" lon="6.56184">
        <ele>1005.6</ele>
      </trkpt>
      <trkpt lat="44.03644" lon="6.56173">
        <ele>1005.4</ele>
      </trkpt>
      <trkpt lat="44.0364" lon="6.56166">
        <ele>1005.5</ele>
      </trkpt>
      <trkpt lat="44.0364" lon="6.56165">
        <ele>1005.9</ele>
      </trkpt>
      <trkpt lat="44.03636" lon="6.56157">
        <ele>1008.3</ele>
      </trkpt>
      <trkpt lat="44.03632" lon="6.5615">
        <ele>1010.2</ele>
      </trkpt>
      <trkpt lat="44.0363" lon="6.56145">
        <ele>1011.8</ele>
      </trkpt>
      <trkpt lat="44.03624" lon="6.56132">
        <ele>1015.5</ele>
      </trkpt>
      <trkpt lat="44.0362" lon="6.56123">
        <ele>1018.0</ele>
      </trkpt>
      <trkpt lat="44.03616" lon="6.561149">
        <ele>1020.1</ele>
      </trkpt>
      <trkpt lat="44.03611" lon="6.56107">
        <ele>1021.9</ele>
      </trkpt>
      <trkpt lat="44.03609" lon="6.56104">
        <ele>1022.5</ele>
      </trkpt>
      <trkpt lat="44.03605" lon="6.561">
        <ele>1022.9</ele>
      </trkpt>
      <trkpt lat="44.036" lon="6.56094">
        <ele>1023.8</ele>
      </trkpt>
      <trkpt lat="44.035939" lon="6.56089">
        <ele>1024.0</ele>
      </trkpt>
      <trkpt lat="44.03587" lon="6.56084">
        <ele>1023.8</ele>
      </trkpt>
      <trkpt lat="44.0358" lon="6.5608">
        <ele>1024.1</ele>
      </trkpt>
      <trkpt lat="44.03578" lon="6.56079">
        <ele>1024.2</ele>
      </trkpt>
      <trkpt lat="44.03576" lon="6.56079">
        <ele>1023.8</ele>
      </trkpt>
      <trkpt lat="44.03573" lon="6.56077">
        <ele>1024.2</ele>
      </trkpt>
      <trkpt lat="44.035649" lon="6.56075">
        <ele>1023.5</ele>
      </trkpt>
      <trkpt lat="44.0356" lon="6.56075">
        <ele>1022.4</ele>
      </trkpt>
      <trkpt lat="44.03558" lon="6.56074">
        <ele>1022.5</ele>
      </trkpt>
      <trkpt lat="44.03542" lon="6.56073">
        <ele>1019.5</ele>
      </trkpt>
      <trkpt lat="44.03535" lon="6.56072">
        <ele>1018.4</ele>
      </trkpt>
      <trkpt lat="44.03527" lon="6.5607">
        <ele>1017.7</ele>
      </trkpt>
      <trkpt lat="44.03524" lon="6.5607">
        <ele>1017.0</ele>
      </trkpt>
      <trkpt lat="44.03519" lon="6.560679">
        <ele>1016.9</ele>
      </trkpt>
      <trkpt lat="44.03507" lon="6.56065">
        <ele>1015.6</ele>
      </trkpt>
      <trkpt lat="44.03506" lon="6.56064">
        <ele>1015.9</ele>
      </trkpt>
      <trkpt lat="44.03496" lon="6.5606">
        <ele>1015.9</ele>
      </trkpt>
      <trkpt lat="44.03472" lon="6.5605">
        <ele>1017.0</ele>
      </trkpt>
      <trkpt lat="44.034709" lon="6.56049">
        <ele>1017.2</ele>
      </trkpt>
      <trkpt lat="44.03456" lon="6.560399">
        <ele>1018.5</ele>
      </trkpt>
      <trkpt lat="44.03437" lon="6.56029">
        <ele>1019.3</ele>
      </trkpt>
      <trkpt lat="44.03408" lon="6.56012">
        <ele>1019.4</ele>
      </trkpt>
      <trkpt lat="44.034" lon="6.56008">
        <ele>1019.1</ele>
      </trkpt>
      <trkpt lat="44.03392" lon="6.56004">
        <ele>1018.8</ele>
      </trkpt>
      <trkpt lat="44.03389" lon="6.56004">
        <ele>1018.2</ele>
      </trkpt>
      <trkpt lat="44.03378" lon="6.56001">
        <ele>1016.8</ele>
      </trkpt>
      <trkpt lat="44.03371" lon="6.55998">
        <ele>1016.3</ele>
      </trkpt>
      <trkpt lat="44.033679" lon="6.55997">
        <ele>1015.9</ele>
      </trkpt>
      <trkpt lat="44.03344" lon="6.55989">
        <ele>1013.1</ele>
      </trkpt>
      <trkpt lat="44.03323" lon="6.55978">
        <ele>1011.5</ele>
      </trkpt>
      <trkpt lat="44.0332" lon="6.55977">
        <ele>1011.1</ele>
      </trkpt>
      <trkpt lat="44.03296" lon="6.55965">
        <ele>1009.0</ele>
      </trkpt>
      <trkpt lat="44.03291" lon="6.55961">
        <ele>1008.8</ele>
      </trkpt>
      <trkpt lat="44.03287" lon="6.55958">
        <ele>1008.6</ele>
      </trkpt>
      <trkpt lat="44.0328" lon="6.55952">
        <ele>1008.3</ele>
      </trkpt>
      <trkpt lat="44.03272" lon="6.55943">
        <ele>1008.3</ele>
      </trkpt>
      <trkpt lat="44.03271" lon="6.55942">
        <ele>1008.3</ele>
      </trkpt>
      <trkpt lat="44.03259" lon="6.55926">
        <ele>1008.5</ele>
      </trkpt>
      <trkpt lat="44.03252" lon="6.55917">
        <ele>1008.4</ele>
      </trkpt>
      <trkpt lat="44.03246" lon="6.55909">
        <ele>1008.9</ele>
      </trkpt>
      <trkpt lat="44.03234" lon="6.5589">
        <ele>1010.4</ele>
      </trkpt>
      <trkpt lat="44.03222" lon="6.558709">
        <ele>1011.8</ele>
      </trkpt>
      <trkpt lat="44.03202" lon="6.5584">
        <ele>1013.5</ele>
      </trkpt>
      <trkpt lat="44.03183" lon="6.558099">
        <ele>1014.5</ele>
      </trkpt>
      <trkpt lat="44.03176" lon="6.558">
        <ele>1014.4</ele>
      </trkpt>
      <trkpt lat="44.0317" lon="6.5579">
        <ele>1014.3</ele>
      </trkpt>
      <trkpt lat="44.03163" lon="6.5578">
        <ele>1014.3</ele>
      </trkpt>
      <trkpt lat="44.03149" lon="6.55762">
        <ele>1014.7</ele>
      </trkpt>
      <trkpt lat="44.03148" lon="6.55761">
        <ele>1014.7</ele>
      </trkpt>
      <trkpt lat="44.03136" lon="6.55748">
        <ele>1014.7</ele>
      </trkpt>
      <trkpt lat="44.03135" lon="6.55746">
        <ele>1015.0</ele>
      </trkpt>
      <trkpt lat="44.03125" lon="6.55734">
        <ele>1016.1</ele>
      </trkpt>
      <trkpt lat="44.03121" lon="6.55729">
        <ele>1016.5</ele>
      </trkpt>
      <trkpt lat="44.0311" lon="6.55716">
        <ele>1016.9</ele>
      </trkpt>
      <trkpt lat="44.03108" lon="6.55713">
        <ele>1017.1</ele>
      </trkpt>
      <trkpt lat="44.03103" lon="6.55707">
        <ele>1017.1</ele>
      </trkpt>
      <trkpt lat="44.03095" lon="6.55698">
        <ele>1016.7</ele>
      </trkpt>
      <trkpt lat="44.03087" lon="6.55689">
        <ele>1016.1</ele>
      </trkpt>
      <trkpt lat="44.0308" lon="6.556809">
        <ele>1015.8</ele>
      </trkpt>
      <trkpt lat="44.03079" lon="6.556809">
        <ele>1015.7</ele>
      </trkpt>
      <trkpt lat="44.03071" lon="6.55673">
        <ele>1015.7</ele>
      </trkpt>
      <trkpt lat="44.03065" lon="6.55668">
        <ele>1015.5</ele>
      </trkpt>
      <trkpt lat="44.03062" lon="6.55666">
        <ele>1015.4</ele>
      </trkpt>
      <trkpt lat="44.03054" lon="6.55658">
        <ele>1016.6</ele>
      </trkpt>
      <trkpt lat="44.03049" lon="6.55655">
        <ele>1016.6</ele>
      </trkpt>
      <trkpt lat="44.03034" lon="6.556409">
        <ele>1017.6</ele>
      </trkpt>
      <trkpt lat="44.03029" lon="6.55636">
        <ele>1017.8</ele>
      </trkpt>
      <trkpt lat="44.030209" lon="6.55628">
        <ele>1017.9</ele>
      </trkpt>
      <trkpt lat="44.0302" lon="6.55626">
        <ele>1018.1</ele>
      </trkpt>
      <trkpt lat="44.03013" lon="6.55619">
        <ele>1018.0</ele>
      </trkpt>
      <trkpt lat="44.03006" lon="6.5561">
        <ele>1018.1</ele>
      </trkpt>
      <trkpt lat="44.02992" lon="6.55594">
        <ele>1016.6</ele>
      </trkpt>
      <trkpt lat="44.02991" lon="6.55592">
        <ele>1016.6</ele>
      </trkpt>
      <trkpt lat="44.02979" lon="6.55577">
        <ele>1015.3</ele>
      </trkpt>
      <trkpt lat="44.02976" lon="6.55574">
        <ele>1014.9</ele>
      </trkpt>
      <trkpt lat="44.02952" lon="6.55544">
        <ele>1013.7</ele>
      </trkpt>
      <trkpt lat="44.02947" lon="6.55539">
        <ele>1013.1</ele>
      </trkpt>
      <trkpt lat="44.02944" lon="6.55535">
        <ele>1013.1</ele>
      </trkpt>
      <trkpt lat="44.0294" lon="6.55531">
        <ele>1012.6</ele>
      </trkpt>
      <trkpt lat="44.029359" lon="6.55528">
        <ele>1011.8</ele>
      </trkpt>
      <trkpt lat="44.02932" lon="6.55526">
        <ele>1010.8</ele>
      </trkpt>
      <trkpt lat="44.02924" lon="6.55522">
        <ele>1008.7</ele>
      </trkpt>
      <trkpt lat="44.02921" lon="6.5552">
        <ele>1008.0</ele>
      </trkpt>
      <trkpt lat="44.02915" lon="6.55518">
        <ele>1006.5</ele>
      </trkpt>
      <trkpt lat="44.0291" lon="6.55516">
        <ele>1006.0</ele>
      </trkpt>
      <trkpt lat="44.02906" lon="6.55515">
        <ele>1005.4</ele>
      </trkpt>
      <trkpt lat="44.02903" lon="6.55514">
        <ele>1005.0</ele>
      </trkpt>
      <trkpt lat="44.02898" lon="6.555119">
        <ele>1004.5</ele>
      </trkpt>
      <trkpt lat="44.028889" lon="6.55508">
        <ele>1003.3</ele>
      </trkpt>
      <trkpt lat="44.02886" lon="6.55506">
        <ele>1003.0</ele>
      </trkpt>
      <trkpt lat="44.028799" lon="6.55502">
        <ele>1002.4</ele>
      </trkpt>
      <trkpt lat="44.028709" lon="6.55493">
        <ele>1004.2</ele>
      </trkpt>
      <trkpt lat="44.02865" lon="6.55487">
        <ele>1005.9</ele>
      </trkpt>
      <trkpt lat="44.02858" lon="6.55479">
        <ele>1008.4</ele>
      </trkpt>
      <trkpt lat="44.02857" lon="6.55478">
        <ele>1008.7</ele>
      </trkpt>
      <trkpt lat="44.028419" lon="6.55464">
        <ele>1012.5</ele>
      </trkpt>
      <trkpt lat="44.02841" lon="6.55463">
        <ele>1012.8</ele>
      </trkpt>
      <trkpt lat="44.02827" lon="6.5545">
        <ele>1016.0</ele>
      </trkpt>
      <trkpt lat="44.02812" lon="6.554369">
        <ele>1017.5</ele>
      </trkpt>
      <trkpt lat="44.02796" lon="6.554229">
        <ele>1017.7</ele>
      </trkpt>
      <trkpt lat="44.02783" lon="6.55412">
        <ele>1017.6</ele>
      </trkpt>
      <trkpt lat="44.02781" lon="6.5541">
        <ele>1017.9</ele>
      </trkpt>
      <trkpt lat="44.02776" lon="6.55406">
        <ele>1018.1</ele>
      </trkpt>
      <trkpt lat="44.0277" lon="6.55402">
        <ele>1018.0</ele>
      </trkpt>
      <trkpt lat="44.02765" lon="6.55399">
        <ele>1017.7</ele>
      </trkpt>
      <trkpt lat="44.0276" lon="6.55396">
        <ele>1017.5</ele>
      </trkpt>
      <trkpt lat="44.02751" lon="6.553899">
        <ele>1017.4</ele>
      </trkpt>
      <trkpt lat="44.02748" lon="6.55389">
        <ele>1017.4</ele>
      </trkpt>
      <trkpt lat="44.0274" lon="6.55386">
        <ele>1018.2</ele>
      </trkpt>
      <trkpt lat="44.02731" lon="6.553829">
        <ele>1018.9</ele>
      </trkpt>
      <trkpt lat="44.027299" lon="6.553829">
        <ele>1018.8</ele>
      </trkpt>
      <trkpt lat="44.02719" lon="6.55381">
        <ele>1018.7</ele>
      </trkpt>
      <trkpt lat="44.02713" lon="6.55381">
        <ele>1018.0</ele>
      </trkpt>
      <trkpt lat="44.02708" lon="6.5538">
        <ele>1018.0</ele>
      </trkpt>
      <trkpt lat="44.02698" lon="6.5538">
        <ele>1016.8</ele>
      </trkpt>
      <trkpt lat="44.02687" lon="6.55381">
        <ele>1014.8</ele>
      </trkpt>
      <trkpt lat="44.02677" lon="6.55382">
        <ele>1013.0</ele>
      </trkpt>
      <trkpt lat="44.02657" lon="6.55387">
        <ele>1009.8</ele>
      </trkpt>
      <trkpt lat="44.02647" lon="6.553899">
        <ele>1009.2</ele>
      </trkpt>
      <trkpt lat="44.02625" lon="6.55401">
        <ele>1005.9</ele>
      </trkpt>
      <trkpt lat="44.026179" lon="6.55404">
        <ele>1005.2</ele>
      </trkpt>
      <trkpt lat="44.0261" lon="6.55407">
        <ele>1004.8</ele>
      </trkpt>
      <trkpt lat="44.025979" lon="6.5541">
        <ele>1005.0</ele>
      </trkpt>
      <trkpt lat="44.025889" lon="6.5541">
        <ele>1006.3</ele>
      </trkpt>
      <trkpt lat="44.02581" lon="6.5541">
        <ele>1007.2</ele>
      </trkpt>
      <trkpt lat="44.02564" lon="6.55408">
        <ele>1009.0</ele>
      </trkpt>
      <trkpt lat="44.02555" lon="6.55407">
        <ele>1009.9</ele>
      </trkpt>
      <trkpt lat="44.02544" lon="6.55408">
        <ele>1010.0</ele>
      </trkpt>
      <trkpt lat="44.02536" lon="6.55408">
        <ele>1010.4</ele>
      </trkpt>
      <trkpt lat="44.02534" lon="6.55408">
        <ele>1010.5</ele>
      </trkpt>
      <trkpt lat="44.02523" lon="6.55409">
        <ele>1010.5</ele>
      </trkpt>
      <trkpt lat="44.02518" lon="6.5541">
        <ele>1010.3</ele>
      </trkpt>
      <trkpt lat="44.02512" lon="6.5541">
        <ele>1010.6</ele>
      </trkpt>
      <trkpt lat="44.02502" lon="6.55412">
        <ele>1010.1</ele>
      </trkpt>
      <trkpt lat="44.025" lon="6.55412">
        <ele>1010.2</ele>
      </trkpt>
      <trkpt lat="44.02482" lon="6.55414">
        <ele>1009.5</ele>
      </trkpt>
      <trkpt lat="44.02467" lon="6.55416">
        <ele>1008.7</ele>
      </trkpt>
      <trkpt lat="44.02436" lon="6.5542">
        <ele>1007.6</ele>
      </trkpt>
      <trkpt lat="44.02424" lon="6.55422">
        <ele>1006.9</ele>
      </trkpt>
      <trkpt lat="44.02413" lon="6.55424">
        <ele>1006.8</ele>
      </trkpt>
      <trkpt lat="44.02411" lon="6.55424">
        <ele>1007.1</ele>
      </trkpt>
      <trkpt lat="44.02403" lon="6.55426">
        <ele>1007.5</ele>
      </trkpt>
      <trkpt lat="44.02394" lon="6.55428">
        <ele>1008.0</ele>
      </trkpt>
      <trkpt lat="44.02393" lon="6.55428">
        <ele>1008.2</ele>
      </trkpt>
      <trkpt lat="44.023919" lon="6.55428">
        <ele>1008.3</ele>
      </trkpt>
      <trkpt lat="44.02381" lon="6.55432">
        <ele>1008.2</ele>
      </trkpt>
      <trkpt lat="44.02375" lon="6.55434">
        <ele>1008.2</ele>
      </trkpt>
      <trkpt lat="44.0237" lon="6.55436">
        <ele>1008.0</ele>
      </trkpt>
      <trkpt lat="44.02359" lon="6.5544">
        <ele>1007.8</ele>
      </trkpt>
      <trkpt lat="44.02358" lon="6.55441">
        <ele>1007.5</ele>
      </trkpt>
      <trkpt lat="44.02349" lon="6.55445">
        <ele>1006.8</ele>
      </trkpt>
      <trkpt lat="44.02341" lon="6.55448">
        <ele>1006.4</ele>
      </trkpt>
      <trkpt lat="44.02339" lon="6.55449">
        <ele>1006.2</ele>
      </trkpt>
      <trkpt lat="44.02325" lon="6.55456">
        <ele>1004.5</ele>
      </trkpt>
      <trkpt lat="44.02324" lon="6.55456">
        <ele>1004.6</ele>
      </trkpt>
      <trkpt lat="44.02314" lon="6.55462">
        <ele>1003.2</ele>
      </trkpt>
      <trkpt lat="44.02307" lon="6.55466">
        <ele>1002.5</ele>
      </trkpt>
      <trkpt lat="44.02303" lon="6.55469">
        <ele>1001.8</ele>
      </trkpt>
      <trkpt lat="44.02293" lon="6.55477">
        <ele>1000.4</ele>
      </trkpt>
      <trkpt lat="44.02292" lon="6.55478">
        <ele>1000.2</ele>
      </trkpt>
      <trkpt lat="44.02281" lon="6.55489">
        <ele>998.5</ele>
      </trkpt>
      <trkpt lat="44.02277" lon="6.55492">
        <ele>998.3</ele>
      </trkpt>
      <trkpt lat="44.02272" lon="6.55497">
        <ele>997.9</ele>
      </trkpt>
      <trkpt lat="44.02262" lon="6.55506">
        <ele>997.9</ele>
      </trkpt>
      <trkpt lat="44.02255" lon="6.555119">
        <ele>998.0</ele>
      </trkpt>
      <trkpt lat="44.02247" lon="6.5552">
        <ele>996.9</ele>
      </trkpt>
      <trkpt lat="44.02243" lon="6.55523">
        <ele>996.1</ele>
      </trkpt>
      <trkpt lat="44.02234" lon="6.55536">
        <ele>993.1</ele>
      </trkpt>
      <trkpt lat="44.02234" lon="6.55537">
        <ele>992.8</ele>
      </trkpt>
      <trkpt lat="44.02227" lon="6.55548">
        <ele>990.5</ele>
      </trkpt>
      <trkpt lat="44.022239" lon="6.55553">
        <ele>989.6</ele>
      </trkpt>
      <trkpt lat="44.02222" lon="6.55556">
        <ele>989.0</ele>
      </trkpt>
      <trkpt lat="44.02221" lon="6.55558">
        <ele>988.7</ele>
      </trkpt>
      <trkpt lat="44.02219" lon="6.5556">
        <ele>988.3</ele>
      </trkpt>
      <trkpt lat="44.02216" lon="6.55563">
        <ele>987.9</ele>
      </trkpt>
      <trkpt lat="44.02215" lon="6.55564">
        <ele>987.7</ele>
      </trkpt>
      <trkpt lat="44.02214" lon="6.55565">
        <ele>987.6</ele>
      </trkpt>
      <trkpt lat="44.02212" lon="6.55568">
        <ele>987.1</ele>
      </trkpt>
      <trkpt lat="44.02209" lon="6.5557">
        <ele>986.9</ele>
      </trkpt>
      <trkpt lat="44.02207" lon="6.55572">
        <ele>986.7</ele>
      </trkpt>
      <trkpt lat="44.02202" lon="6.55575">
        <ele>986.5</ele>
      </trkpt>
      <trkpt lat="44.02199" lon="6.55576">
        <ele>986.5</ele>
      </trkpt>
      <trkpt lat="44.02196" lon="6.55577">
        <ele>986.6</ele>
      </trkpt>
      <trkpt lat="44.02191" lon="6.55577">
        <ele>987.0</ele>
      </trkpt>
      <trkpt lat="44.021859" lon="6.55578">
        <ele>987.2</ele>
      </trkpt>
      <trkpt lat="44.02181" lon="6.55577">
        <ele>987.7</ele>
      </trkpt>
      <trkpt lat="44.0218" lon="6.55577">
        <ele>987.8</ele>
      </trkpt>
      <trkpt lat="44.02175" lon="6.55575">
        <ele>988.4</ele>
      </trkpt>
      <trkpt lat="44.0217" lon="6.555729">
        <ele>989.0</ele>
      </trkpt>
      <trkpt lat="44.02164" lon="6.5557">
        <ele>989.6</ele>
      </trkpt>
      <trkpt lat="44.02159" lon="6.55567">
        <ele>990.0</ele>
      </trkpt>
      <trkpt lat="44.02153" lon="6.55563">
        <ele>990.6</ele>
      </trkpt>
      <trkpt lat="44.021479" lon="6.555589">
        <ele>991.4</ele>
      </trkpt>
      <trkpt lat="44.02143" lon="6.55554">
        <ele>992.4</ele>
      </trkpt>
      <trkpt lat="44.02133" lon="6.55546">
        <ele>994.1</ele>
      </trkpt>
      <trkpt lat="44.02117" lon="6.55534">
        <ele>996.9</ele>
      </trkpt>
      <trkpt lat="44.02113" lon="6.55531">
        <ele>997.6</ele>
      </trkpt>
      <trkpt lat="44.021099" lon="6.55529">
        <ele>998.1</ele>
      </trkpt>
      <trkpt lat="44.02107" lon="6.55527">
        <ele>998.6</ele>
      </trkpt>
      <trkpt lat="44.021009" lon="6.55525">
        <ele>999.5</ele>
      </trkpt>
      <trkpt lat="44.021" lon="6.55524">
        <ele>999.7</ele>
      </trkpt>
      <trkpt lat="44.02098" lon="6.55524">
        <ele>1000.0</ele>
      </trkpt>
      <trkpt lat="44.02094" lon="6.55523">
        <ele>1000.6</ele>
      </trkpt>
      <trkpt lat="44.02091" lon="6.55523">
        <ele>1001.1</ele>
      </trkpt>
      <trkpt lat="44.02088" lon="6.55523">
        <ele>1001.6</ele>
      </trkpt>
      <trkpt lat="44.02084" lon="6.55524">
        <ele>1001.6</ele>
      </trkpt>
      <trkpt lat="44.020829" lon="6.55525">
        <ele>1001.5</ele>
      </trkpt>
      <trkpt lat="44.02081" lon="6.55525">
        <ele>1001.9</ele>
      </trkpt>
      <trkpt lat="44.02078" lon="6.55526">
        <ele>1002.4</ele>
      </trkpt>
      <trkpt lat="44.02075" lon="6.55528">
        <ele>1002.5</ele>
      </trkpt>
      <trkpt lat="44.02069" lon="6.55534">
        <ele>1002.2</ele>
      </trkpt>
      <trkpt lat="44.02063" lon="6.5554">
        <ele>1001.9</ele>
      </trkpt>
      <trkpt lat="44.02057" lon="6.55547">
        <ele>1001.1</ele>
      </trkpt>
      <trkpt lat="44.02053" lon="6.555519">
        <ele>1000.5</ele>
      </trkpt>
      <trkpt lat="44.02051" lon="6.55554">
        <ele>1000.3</ele>
      </trkpt>
      <trkpt lat="44.02046" lon="6.55561">
        <ele>999.1</ele>
      </trkpt>
      <trkpt lat="44.0204" lon="6.55567">
        <ele>998.4</ele>
      </trkpt>
      <trkpt lat="44.02039" lon="6.55568">
        <ele>998.3</ele>
      </trkpt>
      <trkpt lat="44.02034" lon="6.555729">
        <ele>997.6</ele>
      </trkpt>
      <trkpt lat="44.02028" lon="6.55578">
        <ele>997.0</ele>
      </trkpt>
      <trkpt lat="44.02024" lon="6.5558">
        <ele>997.1</ele>
      </trkpt>
      <trkpt lat="44.0202" lon="6.55582">
        <ele>997.1</ele>
      </trkpt>
      <trkpt lat="44.02013" lon="6.55585">
        <ele>997.4</ele>
      </trkpt>
      <trkpt lat="44.02006" lon="6.55587">
        <ele>998.0</ele>
      </trkpt>
      <trkpt lat="44.02005" lon="6.55588">
        <ele>997.9</ele>
      </trkpt>
      <trkpt lat="44.01997" lon="6.5559">
        <ele>998.5</ele>
      </trkpt>
      <trkpt lat="44.01963" lon="6.55596">
        <ele>1000.6</ele>
      </trkpt>
      <trkpt lat="44.01953" lon="6.55598">
        <ele>1001.1</ele>
      </trkpt>
      <trkpt lat="44.01918" lon="6.55605">
        <ele>1002.6</ele>
      </trkpt>
      <trkpt lat="44.01901" lon="6.55609">
        <ele>1003.9</ele>
      </trkpt>
      <trkpt lat="44.01889" lon="6.55616">
        <ele>1003.4</ele>
      </trkpt>
      <trkpt lat="44.01877" lon="6.55623">
        <ele>1002.9</ele>
      </trkpt>
      <trkpt lat="44.01867" lon="6.55629">
        <ele>1002.3</ele>
      </trkpt>
      <trkpt lat="44.01865" lon="6.5563">
        <ele>1002.3</ele>
      </trkpt>
      <trkpt lat="44.01833" lon="6.55648">
        <ele>1000.8</ele>
      </trkpt>
      <trkpt lat="44.018099" lon="6.55662">
        <ele>1003.4</ele>
      </trkpt>
      <trkpt lat="44.018" lon="6.55669">
        <ele>1004.1</ele>
      </trkpt>
      <trkpt lat="44.01785" lon="6.55679">
        <ele>1005.6</ele>
      </trkpt>
      <trkpt lat="44.01781" lon="6.55684">
        <ele>1005.3</ele>
      </trkpt>
      <trkpt lat="44.01776" lon="6.55689">
        <ele>1005.1</ele>
      </trkpt>
      <trkpt lat="44.01772" lon="6.55694">
        <ele>1004.6</ele>
      </trkpt>
      <trkpt lat="44.01771" lon="6.55696">
        <ele>1004.3</ele>
      </trkpt>
      <trkpt lat="44.01768" lon="6.557">
        <ele>1003.8</ele>
      </trkpt>
      <trkpt lat="44.017629" lon="6.55706">
        <ele>1003.1</ele>
      </trkpt>
      <trkpt lat="44.01759" lon="6.55712">
        <ele>1002.2</ele>
      </trkpt>
      <trkpt lat="44.01758" lon="6.55713">
        <ele>1002.1</ele>
      </trkpt>
      <trkpt lat="44.01753" lon="6.55717">
        <ele>1002.1</ele>
      </trkpt>
      <trkpt lat="44.01748" lon="6.55722">
        <ele>1002.1</ele>
      </trkpt>
      <trkpt lat="44.01742" lon="6.55726">
        <ele>1003.8</ele>
      </trkpt>
      <trkpt lat="44.017359" lon="6.5573">
        <ele>1005.5</ele>
      </trkpt>
      <trkpt lat="44.01726" lon="6.55738">
        <ele>1007.9</ele>
      </trkpt>
      <trkpt lat="44.01725" lon="6.55739">
        <ele>1008.1</ele>
      </trkpt>
      <trkpt lat="44.01721" lon="6.557419">
        <ele>1009.1</ele>
      </trkpt>
      <trkpt lat="44.01717" lon="6.55746">
        <ele>1009.8</ele>
      </trkpt>
      <trkpt lat="44.01714" lon="6.5575">
        <ele>1010.0</ele>
      </trkpt>
      <trkpt lat="44.01712" lon="6.55752">
        <ele>1010.4</ele>
      </trkpt>
      <trkpt lat="44.0171" lon="6.55754">
        <ele>1010.8</ele>
      </trkpt>
      <trkpt lat="44.017069" lon="6.55759">
        <ele>1010.6</ele>
      </trkpt>
      <trkpt lat="44.01704" lon="6.55764">
        <ele>1010.3</ele>
      </trkpt>
      <trkpt lat="44.017" lon="6.55771">
        <ele>1009.8</ele>
      </trkpt>
      <trkpt lat="44.01697" lon="6.55774">
        <ele>1010.1</ele>
      </trkpt>
      <trkpt lat="44.0169" lon="6.55784">
        <ele>1009.5</ele>
      </trkpt>
      <trkpt lat="44.01687" lon="6.55788">
        <ele>1009.3</ele>
      </trkpt>
      <trkpt lat="44.01683" lon="6.55794">
        <ele>1008.6</ele>
      </trkpt>
      <trkpt lat="44.01674" lon="6.55805">
        <ele>1007.7</ele>
      </trkpt>
      <trkpt lat="44.01668" lon="6.55813">
        <ele>1006.5</ele>
      </trkpt>
      <trkpt lat="44.016599" lon="6.55821">
        <ele>1006.3</ele>
      </trkpt>
      <trkpt lat="44.016599" lon="6.55822">
        <ele>1005.9</ele>
      </trkpt>
      <trkpt lat="44.016509" lon="6.5583">
        <ele>1006.4</ele>
      </trkpt>
      <trkpt lat="44.01645" lon="6.55836">
        <ele>1006.7</ele>
      </trkpt>
      <trkpt lat="44.01634" lon="6.55847">
        <ele>1007.4</ele>
      </trkpt>
      <trkpt lat="44.01631" lon="6.55851">
        <ele>1007.1</ele>
      </trkpt>
      <trkpt lat="44.01625" lon="6.55856">
        <ele>1007.5</ele>
      </trkpt>
      <trkpt lat="44.01616" lon="6.55865">
        <ele>1007.2</ele>
      </trkpt>
      <trkpt lat="44.01584" lon="6.55894">
        <ele>1004.2</ele>
      </trkpt>
      <trkpt lat="44.01556" lon="6.55919">
        <ele>1004.6</ele>
      </trkpt>
      <trkpt lat="44.0154" lon="6.55933">
        <ele>1006.2</ele>
      </trkpt>
      <trkpt lat="44.01516" lon="6.55955">
        <ele>1006.5</ele>
      </trkpt>
      <trkpt lat="44.01495" lon="6.55974">
        <ele>1004.3</ele>
      </trkpt>
      <trkpt lat="44.01494" lon="6.55975">
        <ele>1004.0</ele>
      </trkpt>
      <trkpt lat="44.01485" lon="6.55984">
        <ele>1001.3</ele>
      </trkpt>
      <trkpt lat="44.0148" lon="6.55988">
        <ele>1000.4</ele>
      </trkpt>
      <trkpt lat="44.01476" lon="6.55992">
        <ele>999.4</ele>
      </trkpt>
      <trkpt lat="44.01466" lon="6.55999">
        <ele>998.4</ele>
      </trkpt>
      <trkpt lat="44.0145" lon="6.5601">
        <ele>998.1</ele>
      </trkpt>
      <trkpt lat="44.01448" lon="6.5601">
        <ele>998.4</ele>
      </trkpt>
      <trkpt lat="44.014449" lon="6.56012">
        <ele>998.4</ele>
      </trkpt>
      <trkpt lat="44.01441" lon="6.56014">
        <ele>998.5</ele>
      </trkpt>
      <trkpt lat="44.01439" lon="6.56014">
        <ele>998.9</ele>
      </trkpt>
      <trkpt lat="44.01433" lon="6.56016">
        <ele>999.4</ele>
      </trkpt>
      <trkpt lat="44.01431" lon="6.56016">
        <ele>999.7</ele>
      </trkpt>
      <trkpt lat="44.01427" lon="6.56016">
        <ele>1000.5</ele>
      </trkpt>
      <trkpt lat="44.0142" lon="6.56016">
        <ele>1001.8</ele>
      </trkpt>
      <trkpt lat="44.01413" lon="6.56014">
        <ele>1002.7</ele>
      </trkpt>
      <trkpt lat="44.01409" lon="6.56012">
        <ele>1002.9</ele>
      </trkpt>
      <trkpt lat="44.013979" lon="6.56008">
        <ele>1002.8</ele>
      </trkpt>
      <trkpt lat="44.01396" lon="6.560069">
        <ele>1002.9</ele>
      </trkpt>
      <trkpt lat="44.01387" lon="6.56003">
        <ele>1003.1</ele>
      </trkpt>
      <trkpt lat="44.01379" lon="6.55998">
        <ele>1003.7</ele>
      </trkpt>
      <trkpt lat="44.01376" lon="6.55997">
        <ele>1003.7</ele>
      </trkpt>
      <trkpt lat="44.01362" lon="6.55989">
        <ele>1004.7</ele>
      </trkpt>
      <trkpt lat="44.01344" lon="6.55978">
        <ele>1006.5</ele>
      </trkpt>
      <trkpt lat="44.01339" lon="6.55976">
        <ele>1006.6</ele>
      </trkpt>
      <trkpt lat="44.01334" lon="6.55973">
        <ele>1007.1</ele>
      </trkpt>
      <trkpt lat="44.01329" lon="6.55971">
        <ele>1007.2</ele>
      </trkpt>
      <trkpt lat="44.01324" lon="6.55969">
        <ele>1007.2</ele>
      </trkpt>
      <trkpt lat="44.01318" lon="6.55968">
        <ele>1006.8</ele>
      </trkpt>
      <trkpt lat="44.013129" lon="6.55967">
        <ele>1006.5</ele>
      </trkpt>
      <trkpt lat="44.01311" lon="6.55966">
        <ele>1006.6</ele>
      </trkpt>
      <trkpt lat="44.0129" lon="6.55963">
        <ele>1004.9</ele>
      </trkpt>
      <trkpt lat="44.01282" lon="6.55962">
        <ele>1004.3</ele>
      </trkpt>
      <trkpt lat="44.012749" lon="6.55962">
        <ele>1003.3</ele>
      </trkpt>
      <trkpt lat="44.01244" lon="6.55957">
        <ele>1001.9</ele>
      </trkpt>
      <trkpt lat="44.01234" lon="6.55955">
        <ele>1002.4</ele>
      </trkpt>
      <trkpt lat="44.01224" lon="6.55954">
        <ele>1002.6</ele>
      </trkpt>
      <trkpt lat="44.01214" lon="6.55952">
        <ele>1003.4</ele>
      </trkpt>
      <trkpt lat="44.01206" lon="6.55953">
        <ele>1002.7</ele>
      </trkpt>
      <trkpt lat="44.01204" lon="6.55953">
        <ele>1002.6</ele>
      </trkpt>
      <trkpt lat="44.01197" lon="6.55954">
        <ele>1001.9</ele>
      </trkpt>
      <trkpt lat="44.01189" lon="6.55956">
        <ele>1000.6</ele>
      </trkpt>
      <trkpt lat="44.01168" lon="6.55961">
        <ele>996.9</ele>
      </trkpt>
      <trkpt lat="44.0115" lon="6.55965">
        <ele>996.0</ele>
      </trkpt>
      <trkpt lat="44.01145" lon="6.55966">
        <ele>995.9</ele>
      </trkpt>
      <trkpt lat="44.01133" lon="6.55968">
        <ele>995.9</ele>
      </trkpt>
      <trkpt lat="44.01126" lon="6.5597">
        <ele>995.4</ele>
      </trkpt>
      <trkpt lat="44.0112" lon="6.55973">
        <ele>994.2</ele>
      </trkpt>
      <trkpt lat="44.01113" lon="6.55976">
        <ele>993.1</ele>
      </trkpt>
      <trkpt lat="44.01106" lon="6.559789">
        <ele>992.0</ele>
      </trkpt>
      <trkpt lat="44.011" lon="6.55982">
        <ele>990.9</ele>
      </trkpt>
      <trkpt lat="44.01094" lon="6.559859">
        <ele>989.1</ele>
      </trkpt>
      <trkpt lat="44.01088" lon="6.55989">
        <ele>988.0</ele>
      </trkpt>
      <trkpt lat="44.01086" lon="6.5599">
        <ele>987.6</ele>
      </trkpt>
      <trkpt lat="44.01083" lon="6.55992">
        <ele>986.7</ele>
      </trkpt>
      <trkpt lat="44.01082" lon="6.559929">
        <ele>986.2</ele>
      </trkpt>
      <trkpt lat="44.01077" lon="6.55994">
        <ele>985.9</ele>
      </trkpt>
      <trkpt lat="44.01071" lon="6.55996">
        <ele>985.0</ele>
      </trkpt>
      <trkpt lat="44.01065" lon="6.55997">
        <ele>984.8</ele>
      </trkpt>
      <trkpt lat="44.01059" lon="6.55998">
        <ele>984.6</ele>
      </trkpt>
      <trkpt lat="44.01028" lon="6.55997">
        <ele>986.9</ele>
      </trkpt>
      <trkpt lat="44.00992" lon="6.55996">
        <ele>987.9</ele>
      </trkpt>
      <trkpt lat="44.0099" lon="6.55996">
        <ele>987.6</ele>
      </trkpt>
      <trkpt lat="44.009749" lon="6.55994">
        <ele>986.6</ele>
      </trkpt>
      <trkpt lat="44.00974" lon="6.55994">
        <ele>986.5</ele>
      </trkpt>
      <trkpt lat="44.0096" lon="6.55992">
        <ele>985.7</ele>
      </trkpt>
      <trkpt lat="44.00956" lon="6.55992">
        <ele>985.1</ele>
      </trkpt>
      <trkpt lat="44.00945" lon="6.5599">
        <ele>984.7</ele>
      </trkpt>
      <trkpt lat="44.00939" lon="6.55989">
        <ele>984.4</ele>
      </trkpt>
      <trkpt lat="44.00931" lon="6.55987">
        <ele>984.4</ele>
      </trkpt>
      <trkpt lat="44.00921" lon="6.55984">
        <ele>984.6</ele>
      </trkpt>
      <trkpt lat="44.00915" lon="6.55983">
        <ele>984.3</ele>
      </trkpt>
      <trkpt lat="44.00903" lon="6.559789">
        <ele>984.0</ele>
      </trkpt>
      <trkpt lat="44.00899" lon="6.55978">
        <ele>983.7</ele>
      </trkpt>
      <trkpt lat="44.00883" lon="6.55973">
        <ele>983.0</ele>
      </trkpt>
      <trkpt lat="44.00868" lon="6.55967">
        <ele>982.9</ele>
      </trkpt>
      <trkpt lat="44.008339" lon="6.55954">
        <ele>982.1</ele>
      </trkpt>
      <trkpt lat="44.00824" lon="6.5595">
        <ele>981.7</ele>
      </trkpt>
      <trkpt lat="44.008159" lon="6.55947">
        <ele>981.1</ele>
      </trkpt>
      <trkpt lat="44.00814" lon="6.559459">
        <ele>981.0</ele>
      </trkpt>
      <trkpt lat="44.00804" lon="6.5594">
        <ele>980.8</ele>
      </trkpt>
      <trkpt lat="44.008" lon="6.55937">
        <ele>980.8</ele>
      </trkpt>
      <trkpt lat="44.00794" lon="6.55933">
        <ele>980.5</ele>
      </trkpt>
      <trkpt lat="44.00785" lon="6.55927">
        <ele>979.7</ele>
      </trkpt>
      <trkpt lat="44.00777" lon="6.55919">
        <ele>979.4</ele>
      </trkpt>
      <trkpt lat="44.00768" lon="6.55911">
        <ele>978.4</ele>
      </trkpt>
      <trkpt lat="44.007599" lon="6.55903">
        <ele>977.4</ele>
      </trkpt>
      <trkpt lat="44.00752" lon="6.55894">
        <ele>976.4</ele>
      </trkpt>
      <trkpt lat="44.00745" lon="6.55884">
        <ele>976.8</ele>
      </trkpt>
      <trkpt lat="44.00742" lon="6.5588">
        <ele>977.1</ele>
      </trkpt>
      <trkpt lat="44.00729" lon="6.55862">
        <ele>977.8</ele>
      </trkpt>
      <trkpt lat="44.00716" lon="6.55844">
        <ele>977.8</ele>
      </trkpt>
      <trkpt lat="44.00716" lon="6.55843">
        <ele>978.0</ele>
      </trkpt>
      <trkpt lat="44.00683" lon="6.557959">
        <ele>976.1</ele>
      </trkpt>
      <trkpt lat="44.00677" lon="6.55786">
        <ele>975.5</ele>
      </trkpt>
      <trkpt lat="44.00671" lon="6.55775">
        <ele>974.8</ele>
      </trkpt>
      <trkpt lat="44.00665" lon="6.55764">
        <ele>974.1</ele>
      </trkpt>
      <trkpt lat="44.00664" lon="6.55762">
        <ele>974.1</ele>
      </trkpt>
      <trkpt lat="44.0066" lon="6.55752">
        <ele>974.1</ele>
      </trkpt>
      <trkpt lat="44.00653" lon="6.55732">
        <ele>974.0</ele>
      </trkpt>
      <trkpt lat="44.00646" lon="6.55712">
        <ele>973.7</ele>
      </trkpt>
      <trkpt lat="44.0064" lon="6.55691">
        <ele>973.4</ele>
      </trkpt>
      <trkpt lat="44.00635" lon="6.55671">
        <ele>973.1</ele>
      </trkpt>
      <trkpt lat="44.00635" lon="6.5567">
        <ele>973.2</ele>
      </trkpt>
      <trkpt lat="44.00625" lon="6.55623">
        <ele>971.1</ele>
      </trkpt>
      <trkpt lat="44.0062" lon="6.55599">
        <ele>969.7</ele>
      </trkpt>
      <trkpt lat="44.00615" lon="6.55575">
        <ele>968.2</ele>
      </trkpt>
      <trkpt lat="44.00608" lon="6.55544">
        <ele>966.5</ele>
      </trkpt>
      <trkpt lat="44.00599" lon="6.55503">
        <ele>964.3</ele>
      </trkpt>
      <trkpt lat="44.00594" lon="6.55479">
        <ele>963.7</ele>
      </trkpt>
      <trkpt lat="44.00591" lon="6.55466">
        <ele>963.3</ele>
      </trkpt>
      <trkpt lat="44.00576" lon="6.55397">
        <ele>962.8</ele>
      </trkpt>
      <trkpt lat="44.0057" lon="6.553689">
        <ele>963.1</ele>
      </trkpt>
      <trkpt lat="44.00566" lon="6.55352">
        <ele>963.1</ele>
      </trkpt>
      <trkpt lat="44.00565" lon="6.55349">
        <ele>963.0</ele>
      </trkpt>
      <trkpt lat="44.00561" lon="6.55335">
        <ele>962.8</ele>
      </trkpt>
      <trkpt lat="44.00559" lon="6.55326">
        <ele>962.5</ele>
      </trkpt>
      <trkpt lat="44.00557" lon="6.55318">
        <ele>962.1</ele>
      </trkpt>
      <trkpt lat="44.00552" lon="6.55303">
        <ele>961.0</ele>
      </trkpt>
      <trkpt lat="44.00552" lon="6.553009">
        <ele>961.0</ele>
      </trkpt>
      <trkpt lat="44.00545" lon="6.5528">
        <ele>959.6</ele>
      </trkpt>
      <trkpt lat="44.00539" lon="6.55266">
        <ele>958.3</ele>
      </trkpt>
      <trkpt lat="44.005339" lon="6.55251">
        <ele>957.3</ele>
      </trkpt>
      <trkpt lat="44.00531" lon="6.55242">
        <ele>959.0</ele>
      </trkpt>
      <trkpt lat="44.0053" lon="6.55241">
        <ele>959.0</ele>
      </trkpt>
      <trkpt lat="44.00506" lon="6.55167">
        <ele>970.3</ele>
      </trkpt>
      <trkpt lat="44.004959" lon="6.55138">
        <ele>973.1</ele>
      </trkpt>
      <trkpt lat="44.00489" lon="6.55115">
        <ele>975.5</ele>
      </trkpt>
      <trkpt lat="44.00476" lon="6.55075">
        <ele>977.5</ele>
      </trkpt>
      <trkpt lat="44.00465" lon="6.55048">
        <ele>978.1</ele>
      </trkpt>
      <trkpt lat="44.00461" lon="6.55036">
        <ele>978.5</ele>
      </trkpt>
      <trkpt lat="44.00446" lon="6.55005">
        <ele>975.8</ele>
      </trkpt>
      <trkpt lat="44.00445" lon="6.550029">
        <ele>975.5</ele>
      </trkpt>
      <trkpt lat="44.00423" lon="6.54968">
        <ele>969.6</ele>
      </trkpt>
      <trkpt lat="44.004219" lon="6.54968">
        <ele>969.0</ele>
      </trkpt>
      <trkpt lat="44.00381" lon="6.54913">
        <ele>967.0</ele>
      </trkpt>
      <trkpt lat="44.00338" lon="6.54857">
        <ele>966.1</ele>
      </trkpt>
      <trkpt lat="44.00303" lon="6.548">
        <ele>967.1</ele>
      </trkpt>
      <trkpt lat="44.00273" lon="6.54751">
        <ele>966.4</ele>
      </trkpt>
      <trkpt lat="44.00266" lon="6.5474">
        <ele>966.0</ele>
      </trkpt>
      <trkpt lat="44.00251" lon="6.54713">
        <ele>965.2</ele>
      </trkpt>
      <trkpt lat="44.00241" lon="6.54696">
        <ele>965.2</ele>
      </trkpt>
      <trkpt lat="44.00231" lon="6.54671">
        <ele>965.7</ele>
      </trkpt>
      <trkpt lat="44.00223" lon="6.546509">
        <ele>966.1</ele>
      </trkpt>
      <trkpt lat="44.00211" lon="6.54615">
        <ele>967.0</ele>
      </trkpt>
      <trkpt lat="44.00207" lon="6.54604">
        <ele>967.2</ele>
      </trkpt>
      <trkpt lat="44.002" lon="6.54585">
        <ele>967.4</ele>
      </trkpt>
      <trkpt lat="44.002" lon="6.54581">
        <ele>968.0</ele>
      </trkpt>
      <trkpt lat="44.00193" lon="6.54558">
        <ele>970.8</ele>
      </trkpt>
      <trkpt lat="44.0019" lon="6.54547">
        <ele>972.1</ele>
      </trkpt>
      <trkpt lat="44.00188" lon="6.54541">
        <ele>972.7</ele>
      </trkpt>
      <trkpt lat="44.00171" lon="6.54514">
        <ele>973.6</ele>
      </trkpt>
      <trkpt lat="44.00159" lon="6.54488">
        <ele>974.7</ele>
      </trkpt>
      <trkpt lat="44.00158" lon="6.54485">
        <ele>974.9</ele>
      </trkpt>
      <trkpt lat="44.00156" lon="6.54474">
        <ele>976.2</ele>
      </trkpt>
      <trkpt lat="44.00154" lon="6.54462">
        <ele>977.7</ele>
      </trkpt>
      <trkpt lat="44.00152" lon="6.54449">
        <ele>979.3</ele>
      </trkpt>
      <trkpt lat="44.001489" lon="6.54433">
        <ele>981.0</ele>
      </trkpt>
      <trkpt lat="44.00147" lon="6.54425">
        <ele>981.7</ele>
      </trkpt>
      <trkpt lat="44.00145" lon="6.54418">
        <ele>982.2</ele>
      </trkpt>
      <trkpt lat="44.001399" lon="6.54406">
        <ele>983.9</ele>
      </trkpt>
      <trkpt lat="44.00135" lon="6.54396">
        <ele>985.1</ele>
      </trkpt>
      <trkpt lat="44.00127" lon="6.54387">
        <ele>984.8</ele>
      </trkpt>
      <trkpt lat="44.00101" lon="6.54357">
        <ele>983.5</ele>
      </trkpt>
      <trkpt lat="44.00094" lon="6.54351">
        <ele>982.5</ele>
      </trkpt>
      <trkpt lat="44.00089" lon="6.543459">
        <ele>981.9</ele>
      </trkpt>
      <trkpt lat="44.00083" lon="6.54341">
        <ele>980.9</ele>
      </trkpt>
      <trkpt lat="44.0006" lon="6.54321">
        <ele>981.0</ele>
      </trkpt>
      <trkpt lat="44.00044" lon="6.5431">
        <ele>980.3</ele>
      </trkpt>
      <trkpt lat="44.000279" lon="6.54299">
        <ele>979.6</ele>
      </trkpt>
      <trkpt lat="44.00026" lon="6.54298">
        <ele>979.4</ele>
      </trkpt>
      <trkpt lat="44.00013" lon="6.54288">
        <ele>979.0</ele>
      </trkpt>
      <trkpt lat="43.99996" lon="6.54276">
        <ele>978.5</ele>
      </trkpt>
      <trkpt lat="43.99975" lon="6.54265">
        <ele>978.4</ele>
      </trkpt>
      <trkpt lat="43.99962" lon="6.54258">
        <ele>978.4</ele>
      </trkpt>
      <trkpt lat="43.99941" lon="6.54249">
        <ele>977.9</ele>
      </trkpt>
      <trkpt lat="43.9993" lon="6.54243">
        <ele>978.7</ele>
      </trkpt>
      <trkpt lat="43.99908" lon="6.5423">
        <ele>981.1</ele>
      </trkpt>
      <trkpt lat="43.99898" lon="6.54222">
        <ele>983.0</ele>
      </trkpt>
      <trkpt lat="43.99892" lon="6.542169">
        <ele>984.3</ele>
      </trkpt>
      <trkpt lat="43.99885" lon="6.54212">
        <ele>985.4</ele>
      </trkpt>
      <trkpt lat="43.99876" lon="6.54207">
        <ele>986.2</ele>
      </trkpt>
      <trkpt lat="43.99859" lon="6.542">
        <ele>986.6</ele>
      </trkpt>
      <trkpt lat="43.99856" lon="6.54198">
        <ele>987.0</ele>
      </trkpt>
      <trkpt lat="43.99842" lon="6.54192">
        <ele>987.5</ele>
      </trkpt>
      <trkpt lat="43.99824" lon="6.54185">
        <ele>988.6</ele>
      </trkpt>
      <trkpt lat="43.99821" lon="6.54184">
        <ele>988.9</ele>
      </trkpt>
      <trkpt lat="43.99807" lon="6.54182">
        <ele>989.1</ele>
      </trkpt>
      <trkpt lat="43.998" lon="6.54182">
        <ele>988.8</ele>
      </trkpt>
      <trkpt lat="43.99789" lon="6.54181">
        <ele>988.7</ele>
      </trkpt>
      <trkpt lat="43.99778" lon="6.5418">
        <ele>988.6</ele>
      </trkpt>
      <trkpt lat="43.99753" lon="6.54172">
        <ele>989.7</ele>
      </trkpt>
      <trkpt lat="43.99751" lon="6.54171">
        <ele>989.9</ele>
      </trkpt>
      <trkpt lat="43.99704" lon="6.541419">
        <ele>990.2</ele>
      </trkpt>
      <trkpt lat="43.99684" lon="6.54133">
        <ele>989.2</ele>
      </trkpt>
      <trkpt lat="43.99669" lon="6.5413">
        <ele>988.0</ele>
      </trkpt>
      <trkpt lat="43.99666" lon="6.54129">
        <ele>987.8</ele>
      </trkpt>
      <trkpt lat="43.99651" lon="6.5413">
        <ele>988.4</ele>
      </trkpt>
      <trkpt lat="43.99638" lon="6.54131">
        <ele>988.9</ele>
      </trkpt>
      <trkpt lat="43.99615" lon="6.54131">
        <ele>989.8</ele>
      </trkpt>
      <trkpt lat="43.99611" lon="6.54131">
        <ele>990.0</ele>
      </trkpt>
      <trkpt lat="43.99598" lon="6.54126">
        <ele>991.2</ele>
      </trkpt>
      <trkpt lat="43.99583" lon="6.5412">
        <ele>992.7</ele>
      </trkpt>
      <trkpt lat="43.99581" lon="6.54118">
        <ele>992.6</ele>
      </trkpt>
      <trkpt lat="43.995579" lon="6.54103">
        <ele>991.1</ele>
      </trkpt>
      <trkpt lat="43.99535" lon="6.54083">
        <ele>991.7</ele>
      </trkpt>
      <trkpt lat="43.99519" lon="6.54067">
        <ele>993.1</ele>
      </trkpt>
      <trkpt lat="43.99505" lon="6.54052">
        <ele>995.0</ele>
      </trkpt>
      <trkpt lat="43.995019" lon="6.540479">
        <ele>995.7</ele>
      </trkpt>
      <trkpt lat="43.99485" lon="6.54028">
        <ele>995.5</ele>
      </trkpt>
      <trkpt lat="43.99472" lon="6.54005">
        <ele>997.3</ele>
      </trkpt>
      <trkpt lat="43.99469" lon="6.53996">
        <ele>998.3</ele>
      </trkpt>
      <trkpt lat="43.9946" lon="6.53975">
        <ele>998.9</ele>
      </trkpt>
      <trkpt lat="43.99452" lon="6.53953">
        <ele>1000.3</ele>
      </trkpt>
      <trkpt lat="43.99451" lon="6.53952">
        <ele>1000.2</ele>
      </trkpt>
      <trkpt lat="43.99439" lon="6.53923">
        <ele>1002.4</ele>
      </trkpt>
      <trkpt lat="43.9943" lon="6.53893">
        <ele>1005.6</ele>
      </trkpt>
      <trkpt lat="43.99427" lon="6.53886">
        <ele>1006.3</ele>
      </trkpt>
      <trkpt lat="43.99423" lon="6.53873">
        <ele>1008.1</ele>
      </trkpt>
      <trkpt lat="43.99422" lon="6.53871">
        <ele>1008.3</ele>
      </trkpt>
      <trkpt lat="43.994169" lon="6.53866">
        <ele>1008.8</ele>
      </trkpt>
      <trkpt lat="43.99415" lon="6.53862">
        <ele>1009.1</ele>
      </trkpt>
      <trkpt lat="43.99412" lon="6.5386">
        <ele>1008.8</ele>
      </trkpt>
      <trkpt lat="43.99407" lon="6.53859">
        <ele>1007.9</ele>
      </trkpt>
      <trkpt lat="43.99401" lon="6.538579">
        <ele>1006.8</ele>
      </trkpt>
      <trkpt lat="43.99396" lon="6.53857">
        <ele>1005.9</ele>
      </trkpt>
      <trkpt lat="43.99381" lon="6.53856">
        <ele>1002.8</ele>
      </trkpt>
      <trkpt lat="43.99373" lon="6.53854">
        <ele>1001.5</ele>
      </trkpt>
      <trkpt lat="43.99368" lon="6.53852">
        <ele>1000.9</ele>
      </trkpt>
      <trkpt lat="43.99351" lon="6.53836">
        <ele>1001.7</ele>
      </trkpt>
      <trkpt lat="43.99351" lon="6.53835">
        <ele>1001.9</ele>
      </trkpt>
      <trkpt lat="43.99337" lon="6.5382">
        <ele>1002.8</ele>
      </trkpt>
      <trkpt lat="43.99328" lon="6.53811">
        <ele>1002.6</ele>
      </trkpt>
      <trkpt lat="43.99313" lon="6.53793">
        <ele>1002.1</ele>
      </trkpt>
      <trkpt lat="43.99295" lon="6.53779">
        <ele>999.8</ele>
      </trkpt>
      <trkpt lat="43.992759" lon="6.53768">
        <ele>996.5</ele>
      </trkpt>
      <trkpt lat="43.99274" lon="6.53767">
        <ele>996.1</ele>
      </trkpt>
      <trkpt lat="43.99261" lon="6.53755">
        <ele>995.1</ele>
      </trkpt>
      <trkpt lat="43.992579" lon="6.53752">
        <ele>995.0</ele>
      </trkpt>
      <trkpt lat="43.99247" lon="6.53739">
        <ele>995.6</ele>
      </trkpt>
      <trkpt lat="43.99231" lon="6.53717">
        <ele>997.9</ele>
      </trkpt>
      <trkpt lat="43.99223" lon="6.53706">
        <ele>999.1</ele>
      </trkpt>
      <trkpt lat="43.99221" lon="6.53704">
        <ele>999.2</ele>
      </trkpt>
      <trkpt lat="43.99218" lon="6.53702">
        <ele>999.0</ele>
      </trkpt>
      <trkpt lat="43.99214" lon="6.53699">
        <ele>998.8</ele>
      </trkpt>
      <trkpt lat="43.992019" lon="6.53696">
        <ele>996.4</ele>
      </trkpt>
      <trkpt lat="43.99188" lon="6.53698">
        <ele>991.8</ele>
      </trkpt>
      <trkpt lat="43.991729" lon="6.53694">
        <ele>988.9</ele>
      </trkpt>
      <trkpt lat="43.99169" lon="6.53692">
        <ele>988.4</ele>
      </trkpt>
      <trkpt lat="43.99166" lon="6.5369">
        <ele>988.2</ele>
      </trkpt>
      <trkpt lat="43.99158" lon="6.53683">
        <ele>987.5</ele>
      </trkpt>
      <trkpt lat="43.991459" lon="6.53667">
        <ele>988.0</ele>
      </trkpt>
      <trkpt lat="43.99133" lon="6.53652">
        <ele>985.9</ele>
      </trkpt>
      <trkpt lat="43.99121" lon="6.53645">
        <ele>982.8</ele>
      </trkpt>
      <trkpt lat="43.99115" lon="6.5364">
        <ele>981.6</ele>
      </trkpt>
      <trkpt lat="43.99109" lon="6.53637">
        <ele>979.9</ele>
      </trkpt>
      <trkpt lat="43.99106" lon="6.53634">
        <ele>979.4</ele>
      </trkpt>
      <trkpt lat="43.99098" lon="6.53622">
        <ele>979.0</ele>
      </trkpt>
      <trkpt lat="43.99097" lon="6.53619">
        <ele>979.3</ele>
      </trkpt>
      <trkpt lat="43.99094" lon="6.536139">
        <ele>979.2</ele>
      </trkpt>
      <trkpt lat="43.99093" lon="6.53606">
        <ele>980.6</ele>
      </trkpt>
      <trkpt lat="43.99093" lon="6.53584">
        <ele>985.2</ele>
      </trkpt>
      <trkpt lat="43.99094" lon="6.53571">
        <ele>988.2</ele>
      </trkpt>
      <trkpt lat="43.99094" lon="6.53565">
        <ele>989.4</ele>
      </trkpt>
      <trkpt lat="43.99094" lon="6.5356">
        <ele>990.4</ele>
      </trkpt>
      <trkpt lat="43.99092" lon="6.53557">
        <ele>990.4</ele>
      </trkpt>
      <trkpt lat="43.99088" lon="6.5355">
        <ele>990.6</ele>
      </trkpt>
      <trkpt lat="43.99084" lon="6.53544">
        <ele>990.7</ele>
      </trkpt>
      <trkpt lat="43.990789" lon="6.5354">
        <ele>990.5</ele>
      </trkpt>
      <trkpt lat="43.99075" lon="6.535389">
        <ele>989.8</ele>
      </trkpt>
      <trkpt lat="43.99072" lon="6.53538">
        <ele>989.4</ele>
      </trkpt>
      <trkpt lat="43.99063" lon="6.53537">
        <ele>987.8</ele>
      </trkpt>
      <trkpt lat="43.99044" lon="6.5354">
        <ele>983.1</ele>
      </trkpt>
      <trkpt lat="43.99036" lon="6.535389">
        <ele>981.7</ele>
      </trkpt>
      <trkpt lat="43.99033" lon="6.535389">
        <ele>981.1</ele>
      </trkpt>
      <trkpt lat="43.99027" lon="6.53537">
        <ele>980.3</ele>
      </trkpt>
      <trkpt lat="43.99019" lon="6.53531">
        <ele>980.1</ele>
      </trkpt>
      <trkpt lat="43.99009" lon="6.535249">
        <ele>979.5</ele>
      </trkpt>
      <trkpt lat="43.99004" lon="6.53519">
        <ele>980.0</ele>
      </trkpt>
      <trkpt lat="43.98995" lon="6.53509">
        <ele>980.6</ele>
      </trkpt>
      <trkpt lat="43.98972" lon="6.53496">
        <ele>978.5</ele>
      </trkpt>
      <trkpt lat="43.98955" lon="6.53489">
        <ele>976.4</ele>
      </trkpt>
      <trkpt lat="43.98942" lon="6.53483">
        <ele>975.0</ele>
      </trkpt>
      <trkpt lat="43.98938" lon="6.53481">
        <ele>974.6</ele>
      </trkpt>
      <trkpt lat="43.98921" lon="6.53472">
        <ele>973.3</ele>
      </trkpt>
      <trkpt lat="43.98904" lon="6.534639">
        <ele>972.2</ele>
      </trkpt>
      <trkpt lat="43.98888" lon="6.53456">
        <ele>971.4</ele>
      </trkpt>
      <trkpt lat="43.98887" lon="6.53456">
        <ele>971.3</ele>
      </trkpt>
      <trkpt lat="43.9887" lon="6.53446">
        <ele>970.7</ele>
      </trkpt>
      <trkpt lat="43.988639" lon="6.53443">
        <ele>970.3</ele>
      </trkpt>
      <trkpt lat="43.98852" lon="6.5343">
        <ele>971.3</ele>
      </trkpt>
      <trkpt lat="43.98842" lon="6.53416">
        <ele>972.8</ele>
      </trkpt>
      <trkpt lat="43.98836" lon="6.53408">
        <ele>973.0</ele>
      </trkpt>
      <trkpt lat="43.98829" lon="6.53399">
        <ele>973.1</ele>
      </trkpt>
      <trkpt lat="43.9882" lon="6.53388">
        <ele>973.2</ele>
      </trkpt>
      <trkpt lat="43.98804" lon="6.53376">
        <ele>971.9</ele>
      </trkpt>
      <trkpt lat="43.98781" lon="6.53366">
        <ele>968.6</ele>
      </trkpt>
      <trkpt lat="43.9878" lon="6.53366">
        <ele>968.4</ele>
      </trkpt>
      <trkpt lat="43.98764" lon="6.53359">
        <ele>965.9</ele>
      </trkpt>
      <trkpt lat="43.98755" lon="6.53355">
        <ele>964.5</ele>
      </trkpt>
      <trkpt lat="43.98748" lon="6.53348">
        <ele>963.9</ele>
      </trkpt>
      <trkpt lat="43.987409" lon="6.53343">
        <ele>963.3</ele>
      </trkpt>
      <trkpt lat="43.98733" lon="6.53333">
        <ele>963.2</ele>
      </trkpt>
      <trkpt lat="43.987229" lon="6.53321">
        <ele>963.0</ele>
      </trkpt>
      <trkpt lat="43.9872" lon="6.53316">
        <ele>963.1</ele>
      </trkpt>
      <trkpt lat="43.98711" lon="6.53306">
        <ele>962.9</ele>
      </trkpt>
      <trkpt lat="43.98706" lon="6.53301">
        <ele>962.7</ele>
      </trkpt>
      <trkpt lat="43.98697" lon="6.53292">
        <ele>962.4</ele>
      </trkpt>
      <trkpt lat="43.98696" lon="6.53291">
        <ele>962.3</ele>
      </trkpt>
      <trkpt lat="43.98691" lon="6.532879">
        <ele>961.9</ele>
      </trkpt>
      <trkpt lat="43.98675" lon="6.53277">
        <ele>960.8</ele>
      </trkpt>
      <trkpt lat="43.9866" lon="6.53267">
        <ele>959.5</ele>
      </trkpt>
      <trkpt lat="43.986579" lon="6.53266">
        <ele>959.2</ele>
      </trkpt>
      <trkpt lat="43.98643" lon="6.53254">
        <ele>957.9</ele>
      </trkpt>
      <trkpt lat="43.986379" lon="6.5325">
        <ele>957.5</ele>
      </trkpt>
      <trkpt lat="43.98614" lon="6.53223">
        <ele>956.1</ele>
      </trkpt>
      <trkpt lat="43.9861" lon="6.532199">
        <ele>955.7</ele>
      </trkpt>
      <trkpt lat="43.98572" lon="6.53177">
        <ele>955.0</ele>
      </trkpt>
      <trkpt lat="43.98566" lon="6.53169">
        <ele>955.2</ele>
      </trkpt>
      <trkpt lat="43.98559" lon="6.53161">
        <ele>955.1</ele>
      </trkpt>
      <trkpt lat="43.985349" lon="6.53133">
        <ele>954.7</ele>
      </trkpt>
      <trkpt lat="43.98531" lon="6.53128">
        <ele>954.8</ele>
      </trkpt>
      <trkpt lat="43.98525" lon="6.5312">
        <ele>954.9</ele>
      </trkpt>
      <trkpt lat="43.98516" lon="6.53108">
        <ele>955.1</ele>
      </trkpt>
      <trkpt lat="43.98513" lon="6.53102">
        <ele>955.4</ele>
      </trkpt>
      <trkpt lat="43.9851" lon="6.530979">
        <ele>955.5</ele>
      </trkpt>
      <trkpt lat="43.98505" lon="6.53089">
        <ele>955.9</ele>
      </trkpt>
      <trkpt lat="43.98501" lon="6.5308">
        <ele>956.4</ele>
      </trkpt>
      <trkpt lat="43.98498" lon="6.5307">
        <ele>956.6</ele>
      </trkpt>
      <trkpt lat="43.984969" lon="6.53069">
        <ele>956.5</ele>
      </trkpt>
      <trkpt lat="43.98494" lon="6.53059">
        <ele>956.7</ele>
      </trkpt>
      <trkpt lat="43.98491" lon="6.53047">
        <ele>957.1</ele>
      </trkpt>
      <trkpt lat="43.98485" lon="6.53024">
        <ele>957.6</ele>
      </trkpt>
      <trkpt lat="43.98478" lon="6.53001">
        <ele>958.0</ele>
      </trkpt>
      <trkpt lat="43.98473" lon="6.52977">
        <ele>958.6</ele>
      </trkpt>
      <trkpt lat="43.98471" lon="6.52966">
        <ele>959.0</ele>
      </trkpt>
      <trkpt lat="43.98468" lon="6.52954">
        <ele>959.2</ele>
      </trkpt>
      <trkpt lat="43.98467" lon="6.52953">
        <ele>959.1</ele>
      </trkpt>
      <trkpt lat="43.98463" lon="6.5294">
        <ele>959.3</ele>
      </trkpt>
      <trkpt lat="43.98457" lon="6.52921">
        <ele>959.5</ele>
      </trkpt>
      <trkpt lat="43.98456" lon="6.52919">
        <ele>959.5</ele>
      </trkpt>
      <trkpt lat="43.98451" lon="6.52908">
        <ele>959.9</ele>
      </trkpt>
      <trkpt lat="43.98433" lon="6.52871">
        <ele>961.3</ele>
      </trkpt>
      <trkpt lat="43.98416" lon="6.52838">
        <ele>962.3</ele>
      </trkpt>
      <trkpt lat="43.98413" lon="6.52832">
        <ele>962.5</ele>
      </trkpt>
      <trkpt lat="43.98408" lon="6.52822">
        <ele>962.9</ele>
      </trkpt>
      <trkpt lat="43.98391" lon="6.527929">
        <ele>963.4</ele>
      </trkpt>
      <trkpt lat="43.98381" lon="6.52779">
        <ele>963.2</ele>
      </trkpt>
      <trkpt lat="43.9837" lon="6.52763">
        <ele>962.9</ele>
      </trkpt>
      <trkpt lat="43.98336" lon="6.52723">
        <ele>960.4</ele>
      </trkpt>
      <trkpt lat="43.98335" lon="6.52722">
        <ele>960.3</ele>
      </trkpt>
      <trkpt lat="43.98325" lon="6.52712">
        <ele>959.7</ele>
      </trkpt>
      <trkpt lat="43.98312" lon="6.527">
        <ele>958.9</ele>
      </trkpt>
      <trkpt lat="43.98309" lon="6.52698">
        <ele>958.6</ele>
      </trkpt>
      <trkpt lat="43.98305" lon="6.52694">
        <ele>958.4</ele>
      </trkpt>
      <trkpt lat="43.98296" lon="6.52686">
        <ele>957.9</ele>
      </trkpt>
      <trkpt lat="43.98279" lon="6.526709">
        <ele>957.0</ele>
      </trkpt>
      <trkpt lat="43.9825" lon="6.52647">
        <ele>954.9</ele>
      </trkpt>
      <trkpt lat="43.98248" lon="6.52645">
        <ele>954.6</ele>
      </trkpt>
      <trkpt lat="43.982349" lon="6.52634">
        <ele>952.8</ele>
      </trkpt>
      <trkpt lat="43.98223" lon="6.52621">
        <ele>951.4</ele>
      </trkpt>
      <trkpt lat="43.98213" lon="6.52606">
        <ele>950.5</ele>
      </trkpt>
      <trkpt lat="43.98208" lon="6.52596">
        <ele>950.3</ele>
      </trkpt>
      <trkpt lat="43.98205" lon="6.5259">
        <ele>950.1</ele>
      </trkpt>
      <trkpt lat="43.982" lon="6.52574">
        <ele>950.4</ele>
      </trkpt>
      <trkpt lat="43.981969" lon="6.52566">
        <ele>950.5</ele>
      </trkpt>
      <trkpt lat="43.98181" lon="6.52504">
        <ele>953.2</ele>
      </trkpt>
      <trkpt lat="43.98175" lon="6.5248">
        <ele>953.9</ele>
      </trkpt>
      <trkpt lat="43.98171" lon="6.52468">
        <ele>954.0</ele>
      </trkpt>
      <trkpt lat="43.98167" lon="6.52458">
        <ele>954.1</ele>
      </trkpt>
      <trkpt lat="43.98165" lon="6.52454">
        <ele>954.0</ele>
      </trkpt>
      <trkpt lat="43.98162" lon="6.52449">
        <ele>953.9</ele>
      </trkpt>
      <trkpt lat="43.98155" lon="6.52439">
        <ele>953.5</ele>
      </trkpt>
      <trkpt lat="43.98152" lon="6.52437">
        <ele>953.1</ele>
      </trkpt>
      <trkpt lat="43.98146" lon="6.5243">
        <ele>952.6</ele>
      </trkpt>
      <trkpt lat="43.9813" lon="6.5242">
        <ele>950.6</ele>
      </trkpt>
      <trkpt lat="43.9812" lon="6.52414">
        <ele>949.2</ele>
      </trkpt>
      <trkpt lat="43.98109" lon="6.52406">
        <ele>947.5</ele>
      </trkpt>
      <trkpt lat="43.98096" lon="6.52395">
        <ele>945.8</ele>
      </trkpt>
      <trkpt lat="43.98089" lon="6.52388">
        <ele>944.9</ele>
      </trkpt>
      <trkpt lat="43.98083" lon="6.52381">
        <ele>944.3</ele>
      </trkpt>
      <trkpt lat="43.98071" lon="6.52367">
        <ele>943.6</ele>
      </trkpt>
      <trkpt lat="43.98053" lon="6.52344">
        <ele>942.5</ele>
      </trkpt>
      <trkpt lat="43.98039" lon="6.523259">
        <ele>941.3</ele>
      </trkpt>
      <trkpt lat="43.9801" lon="6.52288">
        <ele>939.1</ele>
      </trkpt>
      <trkpt lat="43.97994" lon="6.522649">
        <ele>938.2</ele>
      </trkpt>
      <trkpt lat="43.97986" lon="6.52247">
        <ele>938.0</ele>
      </trkpt>
      <trkpt lat="43.97969" lon="6.522039">
        <ele>936.9</ele>
      </trkpt>
      <trkpt lat="43.97945" lon="6.52141">
        <ele>935.1</ele>
      </trkpt>
      <trkpt lat="43.97939" lon="6.52125">
        <ele>934.8</ele>
      </trkpt>
      <trkpt lat="43.97927" lon="6.52093">
        <ele>934.0</ele>
      </trkpt>
      <trkpt lat="43.97919" lon="6.52072">
        <ele>933.1</ele>
      </trkpt>
      <trkpt lat="43.97914" lon="6.5206">
        <ele>932.5</ele>
      </trkpt>
      <trkpt lat="43.97908" lon="6.52042">
        <ele>931.7</ele>
      </trkpt>
      <trkpt lat="43.97887" lon="6.51989">
        <ele>929.3</ele>
      </trkpt>
      <trkpt lat="43.97883" lon="6.5198">
        <ele>929.1</ele>
      </trkpt>
      <trkpt lat="43.978789" lon="6.5197">
        <ele>928.8</ele>
      </trkpt>
      <trkpt lat="43.97871" lon="6.51952">
        <ele>928.1</ele>
      </trkpt>
      <trkpt lat="43.97861" lon="6.51935">
        <ele>927.2</ele>
      </trkpt>
      <trkpt lat="43.97851" lon="6.5192">
        <ele>926.1</ele>
      </trkpt>
      <trkpt lat="43.97848" lon="6.51915">
        <ele>925.8</ele>
      </trkpt>
      <trkpt lat="43.97838" lon="6.51903">
        <ele>925.1</ele>
      </trkpt>
      <trkpt lat="43.97834" lon="6.51898">
        <ele>924.8</ele>
      </trkpt>
      <trkpt lat="43.97823" lon="6.51889">
        <ele>924.1</ele>
      </trkpt>
      <trkpt lat="43.97816" lon="6.51883">
        <ele>923.8</ele>
      </trkpt>
      <trkpt lat="43.97808" lon="6.51876">
        <ele>923.3</ele>
      </trkpt>
      <trkpt lat="43.978" lon="6.518709">
        <ele>922.8</ele>
      </trkpt>
      <trkpt lat="43.97795" lon="6.51867">
        <ele>922.6</ele>
      </trkpt>
      <trkpt lat="43.97719" lon="6.51809">
        <ele>917.8</ele>
      </trkpt>
      <trkpt lat="43.97688" lon="6.51785">
        <ele>915.5</ele>
      </trkpt>
      <trkpt lat="43.97674" lon="6.51774">
        <ele>914.5</ele>
      </trkpt>
      <trkpt lat="43.97663" lon="6.51766">
        <ele>913.8</ele>
      </trkpt>
      <trkpt lat="43.97655" lon="6.5176">
        <ele>913.4</ele>
      </trkpt>
      <trkpt lat="43.976529" lon="6.51758">
        <ele>913.3</ele>
      </trkpt>
      <trkpt lat="43.97632" lon="6.51742">
        <ele>912.3</ele>
      </trkpt>
      <trkpt lat="43.97583" lon="6.51705">
        <ele>909.5</ele>
      </trkpt>
      <trkpt lat="43.97579" lon="6.517019">
        <ele>909.4</ele>
      </trkpt>
      <trkpt lat="43.97548" lon="6.51679">
        <ele>908.7</ele>
      </trkpt>
      <trkpt lat="43.97535" lon="6.51671">
        <ele>908.5</ele>
      </trkpt>
      <trkpt lat="43.97527" lon="6.51663">
        <ele>908.3</ele>
      </trkpt>
      <trkpt lat="43.97509" lon="6.5165">
        <ele>907.9</ele>
      </trkpt>
      <trkpt lat="43.97471" lon="6.5162">
        <ele>907.2</ele>
      </trkpt>
      <trkpt lat="43.97457" lon="6.51609">
        <ele>907.0</ele>
      </trkpt>
      <trkpt lat="43.97415" lon="6.51574">
        <ele>906.0</ele>
      </trkpt>
      <trkpt lat="43.97379" lon="6.51542">
        <ele>906.0</ele>
      </trkpt>
      <trkpt lat="43.97342" lon="6.51511">
        <ele>906.0</ele>
      </trkpt>
      <trkpt lat="43.972969" lon="6.51473">
        <ele>905.5</ele>
      </trkpt>
      <trkpt lat="43.97267" lon="6.51448">
        <ele>904.3</ele>
      </trkpt>
      <trkpt lat="43.97241" lon="6.51427">
        <ele>902.9</ele>
      </trkpt>
      <trkpt lat="43.97225" lon="6.51414">
        <ele>902.1</ele>
      </trkpt>
      <trkpt lat="43.9721" lon="6.51402">
        <ele>901.4</ele>
      </trkpt>
      <trkpt lat="43.97207" lon="6.514">
        <ele>901.3</ele>
      </trkpt>
      <trkpt lat="43.97179" lon="6.51375">
        <ele>900.3</ele>
      </trkpt>
      <trkpt lat="43.97157" lon="6.51354">
        <ele>899.9</ele>
      </trkpt>
      <trkpt lat="43.971469" lon="6.51342">
        <ele>899.7</ele>
      </trkpt>
      <trkpt lat="43.97135" lon="6.51327">
        <ele>899.5</ele>
      </trkpt>
      <trkpt lat="43.97124" lon="6.51311">
        <ele>899.3</ele>
      </trkpt>
      <trkpt lat="43.9712" lon="6.51304">
        <ele>899.2</ele>
      </trkpt>
      <trkpt lat="43.971089" lon="6.51286">
        <ele>899.0</ele>
      </trkpt>
      <trkpt lat="43.97099" lon="6.5127">
        <ele>898.8</ele>
      </trkpt>
      <trkpt lat="43.97095" lon="6.512609">
        <ele>898.5</ele>
      </trkpt>
      <trkpt lat="43.97088" lon="6.51247">
        <ele>898.0</ele>
      </trkpt>
      <trkpt lat="43.97085" lon="6.51242">
        <ele>897.9</ele>
      </trkpt>
      <trkpt lat="43.97073" lon="6.51209">
        <ele>897.3</ele>
      </trkpt>
      <trkpt lat="43.97064" lon="6.5118">
        <ele>896.7</ele>
      </trkpt>
      <trkpt lat="43.970529" lon="6.511389">
        <ele>897.4</ele>
      </trkpt>
      <trkpt lat="43.97047" lon="6.51108">
        <ele>898.3</ele>
      </trkpt>
      <trkpt lat="43.97044" lon="6.51084">
        <ele>899.1</ele>
      </trkpt>
      <trkpt lat="43.97043" lon="6.5108">
        <ele>899.1</ele>
      </trkpt>
      <trkpt lat="43.97039" lon="6.51052">
        <ele>898.8</ele>
      </trkpt>
      <trkpt lat="43.97036" lon="6.51032">
        <ele>898.6</ele>
      </trkpt>
      <trkpt lat="43.97034" lon="6.51021">
        <ele>898.5</ele>
      </trkpt>
      <trkpt lat="43.97029" lon="6.51003">
        <ele>898.1</ele>
      </trkpt>
      <trkpt lat="43.97025" lon="6.50988">
        <ele>897.9</ele>
      </trkpt>
      <trkpt lat="43.97019" lon="6.50968">
        <ele>897.6</ele>
      </trkpt>
      <trkpt lat="43.97008" lon="6.50938">
        <ele>897.2</ele>
      </trkpt>
      <trkpt lat="43.96999" lon="6.50918">
        <ele>897.0</ele>
      </trkpt>
      <trkpt lat="43.96995" lon="6.50908">
        <ele>897.2</ele>
      </trkpt>
      <trkpt lat="43.96994" lon="6.50905">
        <ele>897.3</ele>
      </trkpt>
      <trkpt lat="43.96987" lon="6.50892">
        <ele>897.7</ele>
      </trkpt>
      <trkpt lat="43.96984" lon="6.50887">
        <ele>897.8</ele>
      </trkpt>
      <trkpt lat="43.96971" lon="6.50865">
        <ele>898.3</ele>
      </trkpt>
      <trkpt lat="43.96963" lon="6.50852">
        <ele>898.5</ele>
      </trkpt>
      <trkpt lat="43.96956" lon="6.50842">
        <ele>898.7</ele>
      </trkpt>
      <trkpt lat="43.96937" lon="6.50819">
        <ele>899.0</ele>
      </trkpt>
      <trkpt lat="43.96922" lon="6.50801">
        <ele>899.3</ele>
      </trkpt>
      <trkpt lat="43.96901" lon="6.50782">
        <ele>899.5</ele>
      </trkpt>
      <trkpt lat="43.96889" lon="6.50772">
        <ele>899.5</ele>
      </trkpt>
      <trkpt lat="43.96882" lon="6.507659">
        <ele>899.4</ele>
      </trkpt>
      <trkpt lat="43.96879" lon="6.50764">
        <ele>899.4</ele>
      </trkpt>
      <trkpt lat="43.968739" lon="6.50761">
        <ele>899.3</ele>
      </trkpt>
      <trkpt lat="43.96863" lon="6.50738">
        <ele>899.4</ele>
      </trkpt>
      <trkpt lat="43.96863" lon="6.50738">
        <ele>899.4</ele>
      </trkpt>
      <trkpt lat="43.96863" lon="6.50737">
        <ele>899.4</ele>
      </trkpt>
      <trkpt lat="43.96863" lon="6.50736">
        <ele>899.4</ele>
      </trkpt>
      <trkpt lat="43.96863" lon="6.50735">
        <ele>899.4</ele>
      </trkpt>
      <trkpt lat="43.96863" lon="6.50734">
        <ele>899.5</ele>
      </trkpt>
      <trkpt lat="43.96863" lon="6.507329">
        <ele>899.5</ele>
      </trkpt>
      <trkpt lat="43.96863" lon="6.50732">
        <ele>899.5</ele>
      </trkpt>
      <trkpt lat="43.96863" lon="6.50731">
        <ele>899.5</ele>
      </trkpt>
      <trkpt lat="43.96863" lon="6.5073">
        <ele>899.5</ele>
      </trkpt>
      <trkpt lat="43.96863" lon="6.50729">
        <ele>899.6</ele>
      </trkpt>
      <trkpt lat="43.96863" lon="6.50728">
        <ele>899.6</ele>
      </trkpt>
      <trkpt lat="43.96862" lon="6.50728">
        <ele>899.6</ele>
      </trkpt>
      <trkpt lat="43.96862" lon="6.50727">
        <ele>899.6</ele>
      </trkpt>
      <trkpt lat="43.96862" lon="6.507259">
        <ele>899.6</ele>
      </trkpt>
      <trkpt lat="43.96861" lon="6.50725">
        <ele>899.6</ele>
      </trkpt>
      <trkpt lat="43.96861" lon="6.50724">
        <ele>899.6</ele>
      </trkpt>
      <trkpt lat="43.9686" lon="6.50724">
        <ele>899.6</ele>
      </trkpt>
      <trkpt lat="43.9686" lon="6.50723">
        <ele>899.6</ele>
      </trkpt>
      <trkpt lat="43.9686" lon="6.50722">
        <ele>899.6</ele>
      </trkpt>
      <trkpt lat="43.96859" lon="6.50722">
        <ele>899.6</ele>
      </trkpt>
      <trkpt lat="43.96859" lon="6.50721">
        <ele>899.6</ele>
      </trkpt>
      <trkpt lat="43.96858" lon="6.5072">
        <ele>899.6</ele>
      </trkpt>
      <trkpt lat="43.96857" lon="6.5072">
        <ele>899.6</ele>
      </trkpt>
      <trkpt lat="43.96857" lon="6.507189">
        <ele>899.6</ele>
      </trkpt>
      <trkpt lat="43.968559" lon="6.507189">
        <ele>899.6</ele>
      </trkpt>
      <trkpt lat="43.96855" lon="6.50718">
        <ele>899.5</ele>
      </trkpt>
      <trkpt lat="43.96854" lon="6.50718">
        <ele>899.5</ele>
      </trkpt>
      <trkpt lat="43.96853" lon="6.50718">
        <ele>899.5</ele>
      </trkpt>
      <trkpt lat="43.96852" lon="6.50718">
        <ele>899.4</ele>
      </trkpt>
      <trkpt lat="43.96851" lon="6.50718">
        <ele>899.4</ele>
      </trkpt>
      <trkpt lat="43.9685" lon="6.50718">
        <ele>899.4</ele>
      </trkpt>
      <trkpt lat="43.96849" lon="6.50718">
        <ele>899.3</ele>
      </trkpt>
      <trkpt lat="43.96849" lon="6.507189">
        <ele>899.3</ele>
      </trkpt>
      <trkpt lat="43.96848" lon="6.507189">
        <ele>899.3</ele>
      </trkpt>
      <trkpt lat="43.96847" lon="6.507189">
        <ele>899.2</ele>
      </trkpt>
      <trkpt lat="43.96847" lon="6.5072">
        <ele>899.2</ele>
      </trkpt>
      <trkpt lat="43.96846" lon="6.5072">
        <ele>899.2</ele>
      </trkpt>
      <trkpt lat="43.96846" lon="6.50721">
        <ele>899.2</ele>
      </trkpt>
      <trkpt lat="43.96845" lon="6.50721">
        <ele>899.1</ele>
      </trkpt>
      <trkpt lat="43.96845" lon="6.50722">
        <ele>899.1</ele>
      </trkpt>
      <trkpt lat="43.96844" lon="6.50723">
        <ele>899.0</ele>
      </trkpt>
      <trkpt lat="43.96844" lon="6.50724">
        <ele>899.0</ele>
      </trkpt>
      <trkpt lat="43.96843" lon="6.50724">
        <ele>899.0</ele>
      </trkpt>
      <trkpt lat="43.96843" lon="6.50725">
        <ele>898.9</ele>
      </trkpt>
      <trkpt lat="43.96843" lon="6.507259">
        <ele>898.9</ele>
      </trkpt>
      <trkpt lat="43.96842" lon="6.50727">
        <ele>898.9</ele>
      </trkpt>
      <trkpt lat="43.96842" lon="6.50728">
        <ele>898.8</ele>
      </trkpt>
      <trkpt lat="43.96842" lon="6.50729">
        <ele>898.8</ele>
      </trkpt>
      <trkpt lat="43.96841" lon="6.50729">
        <ele>898.8</ele>
      </trkpt>
      <trkpt lat="43.96841" lon="6.5073">
        <ele>898.8</ele>
      </trkpt>
      <trkpt lat="43.968179" lon="6.50734">
        <ele>898.4</ele>
      </trkpt>
      <trkpt lat="43.96814" lon="6.507329">
        <ele>898.4</ele>
      </trkpt>
      <trkpt lat="43.96811" lon="6.50731">
        <ele>898.5</ele>
      </trkpt>
      <trkpt lat="43.96808" lon="6.50729">
        <ele>898.5</ele>
      </trkpt>
      <trkpt lat="43.96796" lon="6.50725">
        <ele>898.6</ele>
      </trkpt>
      <trkpt lat="43.96787" lon="6.50721">
        <ele>898.7</ele>
      </trkpt>
      <trkpt lat="43.96779" lon="6.50718">
        <ele>898.8</ele>
      </trkpt>
      <trkpt lat="43.9677" lon="6.50715">
        <ele>898.8</ele>
      </trkpt>
      <trkpt lat="43.967619" lon="6.507119">
        <ele>898.9</ele>
      </trkpt>
      <trkpt lat="43.96752" lon="6.50709">
        <ele>899.0</ele>
      </trkpt>
      <trkpt lat="43.96746" lon="6.50709">
        <ele>898.9</ele>
      </trkpt>
      <trkpt lat="43.96738" lon="6.50708">
        <ele>898.8</ele>
      </trkpt>
      <trkpt lat="43.96731" lon="6.50708">
        <ele>898.7</ele>
      </trkpt>
      <trkpt lat="43.96725" lon="6.50707">
        <ele>898.6</ele>
      </trkpt>
      <trkpt lat="43.96718" lon="6.507049">
        <ele>898.5</ele>
      </trkpt>
      <trkpt lat="43.96716" lon="6.50704">
        <ele>898.5</ele>
      </trkpt>
      <trkpt lat="43.96713" lon="6.50702">
        <ele>898.5</ele>
      </trkpt>
      <trkpt lat="43.96701" lon="6.50696">
        <ele>898.3</ele>
      </trkpt>
      <trkpt lat="43.96688" lon="6.5069">
        <ele>898.2</ele>
      </trkpt>
      <trkpt lat="43.96665" lon="6.50686">
        <ele>897.7</ele>
      </trkpt>
      <trkpt lat="43.96637" lon="6.50679">
        <ele>897.4</ele>
      </trkpt>
      <trkpt lat="43.96624" lon="6.50676">
        <ele>897.3</ele>
      </trkpt>
      <trkpt lat="43.96602" lon="6.50671">
        <ele>897.1</ele>
      </trkpt>
      <trkpt lat="43.96549" lon="6.506579">
        <ele>895.9</ele>
      </trkpt>
      <trkpt lat="43.96529" lon="6.50653">
        <ele>895.3</ele>
      </trkpt>
      <trkpt lat="43.9651" lon="6.50649">
        <ele>894.7</ele>
      </trkpt>
      <trkpt lat="43.96499" lon="6.50647">
        <ele>894.4</ele>
      </trkpt>
      <trkpt lat="43.96494" lon="6.50647">
        <ele>894.3</ele>
      </trkpt>
      <trkpt lat="43.9649" lon="6.50647">
        <ele>894.3</ele>
      </trkpt>
      <trkpt lat="43.96487" lon="6.50648">
        <ele>894.2</ele>
      </trkpt>
      <trkpt lat="43.96483" lon="6.50649">
        <ele>894.0</ele>
      </trkpt>
      <trkpt lat="43.96454" lon="6.50657">
        <ele>893.1</ele>
      </trkpt>
      <trkpt lat="43.96454" lon="6.50656">
        <ele>893.1</ele>
      </trkpt>
      <trkpt lat="43.96453" lon="6.50656">
        <ele>893.1</ele>
      </trkpt>
      <trkpt lat="43.96452" lon="6.50655">
        <ele>893.2</ele>
      </trkpt>
      <trkpt lat="43.96451" lon="6.50655">
        <ele>893.2</ele>
      </trkpt>
      <trkpt lat="43.96451" lon="6.50654">
        <ele>893.2</ele>
      </trkpt>
      <trkpt lat="43.9645" lon="6.50654">
        <ele>893.2</ele>
      </trkpt>
      <trkpt lat="43.96449" lon="6.50654">
        <ele>893.2</ele>
      </trkpt>
      <trkpt lat="43.96449" lon="6.50653">
        <ele>893.3</ele>
      </trkpt>
      <trkpt lat="43.96448" lon="6.50653">
        <ele>893.3</ele>
      </trkpt>
      <trkpt lat="43.96447" lon="6.50653">
        <ele>893.2</ele>
      </trkpt>
      <trkpt lat="43.96446" lon="6.50653">
        <ele>893.2</ele>
      </trkpt>
      <trkpt lat="43.96445" lon="6.50653">
        <ele>893.2</ele>
      </trkpt>
      <trkpt lat="43.96444" lon="6.50653">
        <ele>893.2</ele>
      </trkpt>
      <trkpt lat="43.96443" lon="6.50654">
        <ele>893.1</ele>
      </trkpt>
      <trkpt lat="43.964419" lon="6.50654">
        <ele>893.1</ele>
      </trkpt>
      <trkpt lat="43.96441" lon="6.50655">
        <ele>893.0</ele>
      </trkpt>
      <trkpt lat="43.9644" lon="6.50655">
        <ele>893.0</ele>
      </trkpt>
      <trkpt lat="43.9644" lon="6.50656">
        <ele>893.0</ele>
      </trkpt>
      <trkpt lat="43.96439" lon="6.50657">
        <ele>892.9</ele>
      </trkpt>
      <trkpt lat="43.96438" lon="6.506579">
        <ele>892.8</ele>
      </trkpt>
      <trkpt lat="43.96437" lon="6.50659">
        <ele>892.7</ele>
      </trkpt>
      <trkpt lat="43.96413" lon="6.506649">
        <ele>892.1</ele>
      </trkpt>
      <trkpt lat="43.96401" lon="6.50667">
        <ele>891.8</ele>
      </trkpt>
      <trkpt lat="43.96391" lon="6.50669">
        <ele>891.6</ele>
      </trkpt>
      <trkpt lat="43.96383" lon="6.5067">
        <ele>891.5</ele>
      </trkpt>
      <trkpt lat="43.96374" lon="6.5067">
        <ele>891.4</ele>
      </trkpt>
      <trkpt lat="43.96356" lon="6.50667">
        <ele>891.3</ele>
      </trkpt>
      <trkpt lat="43.96346" lon="6.50666">
        <ele>891.2</ele>
      </trkpt>
      <trkpt lat="43.96335" lon="6.506649">
        <ele>891.1</ele>
      </trkpt>
      <trkpt lat="43.96318" lon="6.50662">
        <ele>890.5</ele>
      </trkpt>
      <trkpt lat="43.962829" lon="6.50657">
        <ele>889.3</ele>
      </trkpt>
      <trkpt lat="43.96281" lon="6.50656">
        <ele>889.2</ele>
      </trkpt>
      <trkpt lat="43.962649" lon="6.50654">
        <ele>888.6</ele>
      </trkpt>
      <trkpt lat="43.96263" lon="6.50653">
        <ele>888.5</ele>
      </trkpt>
      <trkpt lat="43.96247" lon="6.506509">
        <ele>888.0</ele>
      </trkpt>
      <trkpt lat="43.9621" lon="6.50646">
        <ele>887.9</ele>
      </trkpt>
      <trkpt lat="43.96193" lon="6.50643">
        <ele>887.9</ele>
      </trkpt>
      <trkpt lat="43.961709" lon="6.5064">
        <ele>888.0</ele>
      </trkpt>
      <trkpt lat="43.96156" lon="6.50638">
        <ele>887.6</ele>
      </trkpt>
      <trkpt lat="43.96141" lon="6.50635">
        <ele>887.2</ele>
      </trkpt>
      <trkpt lat="43.96126" lon="6.50633">
        <ele>886.7</ele>
      </trkpt>
      <trkpt lat="43.96096" lon="6.5063">
        <ele>885.8</ele>
      </trkpt>
      <trkpt lat="43.96096" lon="6.506403">
        <ele>885.4</ele>
      </trkpt>
      <trkpt lat="43.96096" lon="6.5063">
        <ele>885.8</ele>
      </trkpt>
      <trkpt lat="43.96064" lon="6.50627">
        <ele>885.3</ele>
      </trkpt>
      <trkpt lat="43.96057" lon="6.50626">
        <ele>885.3</ele>
      </trkpt>
      <trkpt lat="43.960389" lon="6.50625">
        <ele>885.2</ele>
      </trkpt>
      <trkpt lat="43.96003" lon="6.50622">
        <ele>885.2</ele>
      </trkpt>
      <trkpt lat="43.95979" lon="6.5062">
        <ele>884.4</ele>
      </trkpt>
      <trkpt lat="43.95968" lon="6.50619">
        <ele>884.0</ele>
      </trkpt>
      <trkpt lat="43.9595" lon="6.50618">
        <ele>883.3</ele>
      </trkpt>
      <trkpt lat="43.95925" lon="6.50617">
        <ele>882.3</ele>
      </trkpt>
      <trkpt lat="43.95903" lon="6.50616">
        <ele>882.9</ele>
      </trkpt>
      <trkpt lat="43.95894" lon="6.50617">
        <ele>883.4</ele>
      </trkpt>
      <trkpt lat="43.9589" lon="6.50617">
        <ele>883.6</ele>
      </trkpt>
      <trkpt lat="43.9589" lon="6.50617">
        <ele>883.6</ele>
      </trkpt>
      <trkpt lat="43.95886" lon="6.50609">
        <ele>884.4</ele>
      </trkpt>
      <trkpt lat="43.95883" lon="6.50607">
        <ele>884.8</ele>
      </trkpt>
      <trkpt lat="43.95881" lon="6.50605">
        <ele>885.0</ele>
      </trkpt>
      <trkpt lat="43.958799" lon="6.50605">
        <ele>885.1</ele>
      </trkpt>
      <trkpt lat="43.95877" lon="6.506039">
        <ele>885.4</ele>
      </trkpt>
      <trkpt lat="43.95869" lon="6.50603">
        <ele>886.0</ele>
      </trkpt>
      <trkpt lat="43.95862" lon="6.50605">
        <ele>886.3</ele>
      </trkpt>
      <trkpt lat="43.95861" lon="6.50605">
        <ele>886.4</ele>
      </trkpt>
      <trkpt lat="43.95862" lon="6.50605">
        <ele>886.3</ele>
      </trkpt>
      <trkpt lat="43.95869" lon="6.50603">
        <ele>886.0</ele>
      </trkpt>
      <trkpt lat="43.95877" lon="6.506039">
        <ele>885.4</ele>
      </trkpt>
      <trkpt lat="43.958799" lon="6.50605">
        <ele>885.1</ele>
      </trkpt>
      <trkpt lat="43.95881" lon="6.50605">
        <ele>885.0</ele>
      </trkpt>
      <trkpt lat="43.95883" lon="6.50607">
        <ele>884.8</ele>
      </trkpt>
      <trkpt lat="43.95886" lon="6.50609">
        <ele>884.4</ele>
      </trkpt>
      <trkpt lat="43.9589" lon="6.50617">
        <ele>883.6</ele>
      </trkpt>
      <trkpt lat="43.9589" lon="6.50617">
        <ele>883.6</ele>
      </trkpt>
      <trkpt lat="43.95894" lon="6.50617">
        <ele>883.4</ele>
      </trkpt>
      <trkpt lat="43.95896" lon="6.50579">
        <ele>885.9</ele>
      </trkpt>
      <trkpt lat="43.95896" lon="6.50572">
        <ele>886.5</ele>
      </trkpt>
      <trkpt lat="43.95895" lon="6.50565">
        <ele>887.3</ele>
      </trkpt>
      <trkpt lat="43.95895" lon="6.5056">
        <ele>887.7</ele>
      </trkpt>
      <trkpt lat="43.95895" lon="6.5056">
        <ele>887.7</ele>
      </trkpt>
      <trkpt lat="43.95892" lon="6.505499">
        <ele>888.9</ele>
      </trkpt>
      <trkpt lat="43.95886" lon="6.50545">
        <ele>889.7</ele>
      </trkpt>
      <trkpt lat="43.95883" lon="6.50544">
        <ele>890.0</ele>
      </trkpt>
      <trkpt lat="43.95879" lon="6.50542">
        <ele>890.5</ele>
      </trkpt>
      <trkpt lat="43.95871" lon="6.50541">
        <ele>891.1</ele>
      </trkpt>
      <trkpt lat="43.95868" lon="6.5054">
        <ele>891.4</ele>
      </trkpt>
    </trkseg>
  </trk>
</gpx>
