<?xml version="1.0" encoding="UTF-8"?>
<gpx xmlns:gpxdata="http://www.cluetrust.com/XML/GPXDATA/1/0" xmlns:xsi="http://www.w3.org/2001/XMLSchema-instance" xmlns="http://www.topografix.com/GPX/1/1" version="1.1" creator="http://ridewithgps.com/" xsi:schemaLocation="http://www.topografix.com/GPX/1/1 http://www.topografix.com/GPX/1/1/gpx.xsd http://www.cluetrust.com/XML/GPXDATA/1/0 http://www.cluetrust.com/Schemas/gpxdata10.xsd">
  <metadata>
    <name>TDGC_2026-09-14</name>
    <link href="https://ridewithgps.com/routes/53962778">
      <text>TDGC_2026-09-14</text>
    </link>
    <time>2026-02-12T20:59:05Z</time>
  </metadata>
  <trk>
    <name>TDGC_2026-09-14</name>
    <trkseg>
      <trkpt lat="43.96262" lon="5.77819">
        <ele>574.0</ele>
      </trkpt>
      <trkpt lat="43.96276" lon="5.77811">
        <ele>575.9</ele>
      </trkpt>
      <trkpt lat="43.96293" lon="5.77801">
        <ele>578.3</ele>
      </trkpt>
      <trkpt lat="43.96293" lon="5.77801">
        <ele>578.3</ele>
      </trkpt>
      <trkpt lat="43.96276" lon="5.77811">
        <ele>575.9</ele>
      </trkpt>
      <trkpt lat="43.96259" lon="5.778209">
        <ele>573.5</ele>
      </trkpt>
      <trkpt lat="43.96243" lon="5.77831">
        <ele>571.3</ele>
      </trkpt>
      <trkpt lat="43.96226" lon="5.77841">
        <ele>569.1</ele>
      </trkpt>
      <trkpt lat="43.96226" lon="5.77841">
        <ele>569.1</ele>
      </trkpt>
      <trkpt lat="43.96222" lon="5.77829">
        <ele>569.1</ele>
      </trkpt>
      <trkpt lat="43.96219" lon="5.77824">
        <ele>568.9</ele>
      </trkpt>
      <trkpt lat="43.96216" lon="5.7782">
        <ele>568.7</ele>
      </trkpt>
      <trkpt lat="43.96214" lon="5.77817">
        <ele>568.5</ele>
      </trkpt>
      <trkpt lat="43.96209" lon="5.77811">
        <ele>568.1</ele>
      </trkpt>
      <trkpt lat="43.96204" lon="5.77806">
        <ele>567.7</ele>
      </trkpt>
      <trkpt lat="43.962" lon="5.77803">
        <ele>567.3</ele>
      </trkpt>
      <trkpt lat="43.96192" lon="5.77797">
        <ele>566.4</ele>
      </trkpt>
      <trkpt lat="43.9619" lon="5.77795">
        <ele>566.2</ele>
      </trkpt>
      <trkpt lat="43.96183" lon="5.77791">
        <ele>565.5</ele>
      </trkpt>
      <trkpt lat="43.96174" lon="5.77784">
        <ele>564.5</ele>
      </trkpt>
      <trkpt lat="43.96169" lon="5.7778">
        <ele>563.9</ele>
      </trkpt>
      <trkpt lat="43.96163" lon="5.77776">
        <ele>563.3</ele>
      </trkpt>
      <trkpt lat="43.96159" lon="5.77773">
        <ele>563.0</ele>
      </trkpt>
      <trkpt lat="43.96158" lon="5.77772">
        <ele>562.9</ele>
      </trkpt>
      <trkpt lat="43.96153" lon="5.77769">
        <ele>562.4</ele>
      </trkpt>
      <trkpt lat="43.96148" lon="5.77766">
        <ele>562.0</ele>
      </trkpt>
      <trkpt lat="43.96141" lon="5.77762">
        <ele>561.3</ele>
      </trkpt>
      <trkpt lat="43.96141" lon="5.77762">
        <ele>561.3</ele>
      </trkpt>
      <trkpt lat="43.96148" lon="5.77743">
        <ele>562.5</ele>
      </trkpt>
      <trkpt lat="43.96149" lon="5.777389">
        <ele>562.8</ele>
      </trkpt>
      <trkpt lat="43.96157" lon="5.77716">
        <ele>564.7</ele>
      </trkpt>
      <trkpt lat="43.96164" lon="5.77698">
        <ele>566.2</ele>
      </trkpt>
      <trkpt lat="43.96174" lon="5.77673">
        <ele>568.7</ele>
      </trkpt>
      <trkpt lat="43.96176" lon="5.77665">
        <ele>569.4</ele>
      </trkpt>
      <trkpt lat="43.96178" lon="5.77662">
        <ele>569.9</ele>
      </trkpt>
      <trkpt lat="43.961799" lon="5.77654">
        <ele>570.9</ele>
      </trkpt>
      <trkpt lat="43.96181" lon="5.7765">
        <ele>571.3</ele>
      </trkpt>
      <trkpt lat="43.96182" lon="5.77645">
        <ele>571.9</ele>
      </trkpt>
      <trkpt lat="43.96183" lon="5.77642">
        <ele>572.3</ele>
      </trkpt>
      <trkpt lat="43.96183" lon="5.77639">
        <ele>572.5</ele>
      </trkpt>
      <trkpt lat="43.96184" lon="5.77635">
        <ele>573.0</ele>
      </trkpt>
      <trkpt lat="43.96184" lon="5.776309">
        <ele>573.4</ele>
      </trkpt>
      <trkpt lat="43.96183" lon="5.77627">
        <ele>573.6</ele>
      </trkpt>
      <trkpt lat="43.96183" lon="5.77623">
        <ele>573.9</ele>
      </trkpt>
      <trkpt lat="43.96182" lon="5.7762">
        <ele>574.0</ele>
      </trkpt>
      <trkpt lat="43.96181" lon="5.77618">
        <ele>574.1</ele>
      </trkpt>
      <trkpt lat="43.96181" lon="5.77616">
        <ele>574.3</ele>
      </trkpt>
      <trkpt lat="43.96179" lon="5.77613">
        <ele>574.2</ele>
      </trkpt>
      <trkpt lat="43.96178" lon="5.776099">
        <ele>574.4</ele>
      </trkpt>
      <trkpt lat="43.96175" lon="5.77605">
        <ele>574.4</ele>
      </trkpt>
      <trkpt lat="43.96173" lon="5.77601">
        <ele>574.4</ele>
      </trkpt>
      <trkpt lat="43.96172" lon="5.77599">
        <ele>574.4</ele>
      </trkpt>
      <trkpt lat="43.96169" lon="5.77591">
        <ele>574.7</ele>
      </trkpt>
      <trkpt lat="43.96165" lon="5.77581">
        <ele>575.1</ele>
      </trkpt>
      <trkpt lat="43.96164" lon="5.77579">
        <ele>575.2</ele>
      </trkpt>
      <trkpt lat="43.96162" lon="5.77572">
        <ele>575.7</ele>
      </trkpt>
      <trkpt lat="43.96157" lon="5.77557">
        <ele>576.7</ele>
      </trkpt>
      <trkpt lat="43.96154" lon="5.77544">
        <ele>577.7</ele>
      </trkpt>
      <trkpt lat="43.96148" lon="5.77515">
        <ele>580.0</ele>
      </trkpt>
      <trkpt lat="43.96137" lon="5.77449">
        <ele>582.9</ele>
      </trkpt>
      <trkpt lat="43.961368" lon="5.774493">
        <ele>582.9</ele>
      </trkpt>
      <trkpt lat="43.961329" lon="5.774269">
        <ele>583.6</ele>
      </trkpt>
      <trkpt lat="43.96132" lon="5.77418">
        <ele>583.9</ele>
      </trkpt>
      <trkpt lat="43.96132" lon="5.77418">
        <ele>583.9</ele>
      </trkpt>
      <trkpt lat="43.96135" lon="5.77415">
        <ele>584.5</ele>
      </trkpt>
      <trkpt lat="43.96135" lon="5.77415">
        <ele>584.5</ele>
      </trkpt>
      <trkpt lat="43.96132" lon="5.77397">
        <ele>584.5</ele>
      </trkpt>
      <trkpt lat="43.96121" lon="5.7734">
        <ele>584.9</ele>
      </trkpt>
      <trkpt lat="43.96119" lon="5.77324">
        <ele>584.0</ele>
      </trkpt>
      <trkpt lat="43.96118" lon="5.773189">
        <ele>583.5</ele>
      </trkpt>
      <trkpt lat="43.96117" lon="5.77308">
        <ele>582.3</ele>
      </trkpt>
      <trkpt lat="43.96116" lon="5.77295">
        <ele>581.0</ele>
      </trkpt>
      <trkpt lat="43.96117" lon="5.77291">
        <ele>580.6</ele>
      </trkpt>
      <trkpt lat="43.96118" lon="5.77288">
        <ele>580.3</ele>
      </trkpt>
      <trkpt lat="43.96119" lon="5.77285">
        <ele>580.0</ele>
      </trkpt>
      <trkpt lat="43.9612" lon="5.77282">
        <ele>579.7</ele>
      </trkpt>
      <trkpt lat="43.96122" lon="5.7728">
        <ele>579.5</ele>
      </trkpt>
      <trkpt lat="43.961239" lon="5.77278">
        <ele>579.2</ele>
      </trkpt>
      <trkpt lat="43.961239" lon="5.77278">
        <ele>579.2</ele>
      </trkpt>
      <trkpt lat="43.96127" lon="5.77278">
        <ele>579.2</ele>
      </trkpt>
      <trkpt lat="43.9613" lon="5.77279">
        <ele>579.2</ele>
      </trkpt>
      <trkpt lat="43.96136" lon="5.77282">
        <ele>579.5</ele>
      </trkpt>
      <trkpt lat="43.96154" lon="5.77287">
        <ele>580.1</ele>
      </trkpt>
      <trkpt lat="43.9617" lon="5.77292">
        <ele>580.9</ele>
      </trkpt>
      <trkpt lat="43.96178" lon="5.77294">
        <ele>581.1</ele>
      </trkpt>
      <trkpt lat="43.96185" lon="5.77296">
        <ele>581.2</ele>
      </trkpt>
      <trkpt lat="43.961889" lon="5.77296">
        <ele>581.1</ele>
      </trkpt>
      <trkpt lat="43.96193" lon="5.77297">
        <ele>581.2</ele>
      </trkpt>
      <trkpt lat="43.9622" lon="5.773">
        <ele>581.1</ele>
      </trkpt>
      <trkpt lat="43.96243" lon="5.77302">
        <ele>580.9</ele>
      </trkpt>
      <trkpt lat="43.962449" lon="5.77302">
        <ele>580.9</ele>
      </trkpt>
      <trkpt lat="43.9626" lon="5.773049">
        <ele>580.8</ele>
      </trkpt>
      <trkpt lat="43.96278" lon="5.77309">
        <ele>580.6</ele>
      </trkpt>
      <trkpt lat="43.96296" lon="5.77313">
        <ele>580.3</ele>
      </trkpt>
      <trkpt lat="43.96314" lon="5.77317">
        <ele>579.9</ele>
      </trkpt>
      <trkpt lat="43.96331" lon="5.77321">
        <ele>579.5</ele>
      </trkpt>
      <trkpt lat="43.96349" lon="5.77325">
        <ele>579.5</ele>
      </trkpt>
      <trkpt lat="43.9635" lon="5.77325">
        <ele>579.4</ele>
      </trkpt>
      <trkpt lat="43.96359" lon="5.773259">
        <ele>579.2</ele>
      </trkpt>
      <trkpt lat="43.96375" lon="5.77323">
        <ele>577.9</ele>
      </trkpt>
      <trkpt lat="43.96385" lon="5.773189">
        <ele>577.0</ele>
      </trkpt>
      <trkpt lat="43.96385" lon="5.77318">
        <ele>576.8</ele>
      </trkpt>
      <trkpt lat="43.96399" lon="5.77309">
        <ele>575.3</ele>
      </trkpt>
      <trkpt lat="43.96401" lon="5.77308">
        <ele>575.2</ele>
      </trkpt>
      <trkpt lat="43.96417" lon="5.77297">
        <ele>574.0</ele>
      </trkpt>
      <trkpt lat="43.964329" lon="5.77286">
        <ele>574.5</ele>
      </trkpt>
      <trkpt lat="43.96435" lon="5.77285">
        <ele>574.6</ele>
      </trkpt>
      <trkpt lat="43.96437" lon="5.77283">
        <ele>574.7</ele>
      </trkpt>
      <trkpt lat="43.96439" lon="5.77281">
        <ele>574.8</ele>
      </trkpt>
      <trkpt lat="43.96441" lon="5.77278">
        <ele>574.8</ele>
      </trkpt>
      <trkpt lat="43.964419" lon="5.77275">
        <ele>574.7</ele>
      </trkpt>
      <trkpt lat="43.96443" lon="5.77271">
        <ele>574.6</ele>
      </trkpt>
      <trkpt lat="43.96443" lon="5.77267">
        <ele>574.4</ele>
      </trkpt>
      <trkpt lat="43.96443" lon="5.77263">
        <ele>574.2</ele>
      </trkpt>
      <trkpt lat="43.96443" lon="5.7726">
        <ele>574.0</ele>
      </trkpt>
      <trkpt lat="43.964419" lon="5.77256">
        <ele>573.7</ele>
      </trkpt>
      <trkpt lat="43.9644" lon="5.77253">
        <ele>573.3</ele>
      </trkpt>
      <trkpt lat="43.96436" lon="5.77245">
        <ele>572.9</ele>
      </trkpt>
      <trkpt lat="43.964239" lon="5.77226">
        <ele>572.7</ele>
      </trkpt>
      <trkpt lat="43.9641" lon="5.77202">
        <ele>572.6</ele>
      </trkpt>
      <trkpt lat="43.96408" lon="5.77196">
        <ele>572.7</ele>
      </trkpt>
      <trkpt lat="43.96406" lon="5.771899">
        <ele>572.8</ele>
      </trkpt>
      <trkpt lat="43.96404" lon="5.77184">
        <ele>572.9</ele>
      </trkpt>
      <trkpt lat="43.96403" lon="5.77178">
        <ele>573.1</ele>
      </trkpt>
      <trkpt lat="43.96402" lon="5.7716">
        <ele>573.8</ele>
      </trkpt>
      <trkpt lat="43.96402" lon="5.77158">
        <ele>573.9</ele>
      </trkpt>
      <trkpt lat="43.96402" lon="5.77155">
        <ele>574.0</ele>
      </trkpt>
      <trkpt lat="43.96402" lon="5.77149">
        <ele>574.2</ele>
      </trkpt>
      <trkpt lat="43.96402" lon="5.771429">
        <ele>574.5</ele>
      </trkpt>
      <trkpt lat="43.96403" lon="5.771359">
        <ele>574.9</ele>
      </trkpt>
      <trkpt lat="43.96404" lon="5.7713">
        <ele>575.3</ele>
      </trkpt>
      <trkpt lat="43.9641" lon="5.77114">
        <ele>576.9</ele>
      </trkpt>
      <trkpt lat="43.96426" lon="5.77069">
        <ele>578.6</ele>
      </trkpt>
      <trkpt lat="43.9643" lon="5.77059">
        <ele>578.1</ele>
      </trkpt>
      <trkpt lat="43.96435" lon="5.77049">
        <ele>577.6</ele>
      </trkpt>
      <trkpt lat="43.96436" lon="5.77048">
        <ele>577.6</ele>
      </trkpt>
      <trkpt lat="43.964419" lon="5.7704">
        <ele>577.4</ele>
      </trkpt>
      <trkpt lat="43.96449" lon="5.77034">
        <ele>577.5</ele>
      </trkpt>
      <trkpt lat="43.9645" lon="5.77033">
        <ele>577.5</ele>
      </trkpt>
      <trkpt lat="43.96463" lon="5.77026">
        <ele>578.1</ele>
      </trkpt>
      <trkpt lat="43.96467" lon="5.77024">
        <ele>578.3</ele>
      </trkpt>
      <trkpt lat="43.96477" lon="5.77017">
        <ele>578.6</ele>
      </trkpt>
      <trkpt lat="43.96517" lon="5.76983">
        <ele>578.5</ele>
      </trkpt>
      <trkpt lat="43.9652" lon="5.76981">
        <ele>578.5</ele>
      </trkpt>
      <trkpt lat="43.96526" lon="5.76978">
        <ele>578.6</ele>
      </trkpt>
      <trkpt lat="43.9653" lon="5.76977">
        <ele>578.8</ele>
      </trkpt>
      <trkpt lat="43.96569" lon="5.76964">
        <ele>579.6</ele>
      </trkpt>
      <trkpt lat="43.96571" lon="5.76963">
        <ele>579.6</ele>
      </trkpt>
      <trkpt lat="43.965829" lon="5.769599">
        <ele>579.8</ele>
      </trkpt>
      <trkpt lat="43.965829" lon="5.769599">
        <ele>579.8</ele>
      </trkpt>
      <trkpt lat="43.96591" lon="5.76959">
        <ele>580.3</ele>
      </trkpt>
      <trkpt lat="43.96601" lon="5.76958">
        <ele>580.9</ele>
      </trkpt>
      <trkpt lat="43.96619" lon="5.76955">
        <ele>581.9</ele>
      </trkpt>
      <trkpt lat="43.96637" lon="5.76952">
        <ele>582.8</ele>
      </trkpt>
      <trkpt lat="43.96645" lon="5.76951">
        <ele>583.2</ele>
      </trkpt>
      <trkpt lat="43.96651" lon="5.7695">
        <ele>583.5</ele>
      </trkpt>
      <trkpt lat="43.96655" lon="5.76948">
        <ele>583.4</ele>
      </trkpt>
      <trkpt lat="43.96657" lon="5.76947">
        <ele>583.4</ele>
      </trkpt>
      <trkpt lat="43.96664" lon="5.76944">
        <ele>583.4</ele>
      </trkpt>
      <trkpt lat="43.96669" lon="5.7694">
        <ele>583.0</ele>
      </trkpt>
      <trkpt lat="43.96671" lon="5.76938">
        <ele>582.9</ele>
      </trkpt>
      <trkpt lat="43.96675" lon="5.76936">
        <ele>582.9</ele>
      </trkpt>
      <trkpt lat="43.96694" lon="5.76918">
        <ele>581.2</ele>
      </trkpt>
      <trkpt lat="43.96698" lon="5.76914">
        <ele>581.2</ele>
      </trkpt>
      <trkpt lat="43.96702" lon="5.76912">
        <ele>581.5</ele>
      </trkpt>
      <trkpt lat="43.96702" lon="5.76911">
        <ele>581.4</ele>
      </trkpt>
      <trkpt lat="43.96707" lon="5.76909">
        <ele>581.8</ele>
      </trkpt>
      <trkpt lat="43.96711" lon="5.76907">
        <ele>582.1</ele>
      </trkpt>
      <trkpt lat="43.96716" lon="5.76905">
        <ele>582.5</ele>
      </trkpt>
      <trkpt lat="43.96719" lon="5.76905">
        <ele>582.8</ele>
      </trkpt>
      <trkpt lat="43.96721" lon="5.76904">
        <ele>582.9</ele>
      </trkpt>
      <trkpt lat="43.96737" lon="5.76902">
        <ele>584.4</ele>
      </trkpt>
      <trkpt lat="43.96766" lon="5.76898">
        <ele>587.4</ele>
      </trkpt>
      <trkpt lat="43.96772" lon="5.76896">
        <ele>588.0</ele>
      </trkpt>
      <trkpt lat="43.96788" lon="5.76893">
        <ele>589.6</ele>
      </trkpt>
      <trkpt lat="43.96835" lon="5.76875">
        <ele>593.2</ele>
      </trkpt>
      <trkpt lat="43.96841" lon="5.7687">
        <ele>593.3</ele>
      </trkpt>
      <trkpt lat="43.96846" lon="5.76865">
        <ele>593.4</ele>
      </trkpt>
      <trkpt lat="43.9685" lon="5.76857">
        <ele>593.0</ele>
      </trkpt>
      <trkpt lat="43.96852" lon="5.7685">
        <ele>592.5</ele>
      </trkpt>
      <trkpt lat="43.96855" lon="5.76843">
        <ele>592.2</ele>
      </trkpt>
      <trkpt lat="43.96858" lon="5.76836">
        <ele>591.8</ele>
      </trkpt>
      <trkpt lat="43.96862" lon="5.7683">
        <ele>592.2</ele>
      </trkpt>
      <trkpt lat="43.96866" lon="5.768239">
        <ele>592.9</ele>
      </trkpt>
      <trkpt lat="43.96871" lon="5.76819">
        <ele>593.6</ele>
      </trkpt>
      <trkpt lat="43.96891" lon="5.76799">
        <ele>595.5</ele>
      </trkpt>
      <trkpt lat="43.96904" lon="5.76786">
        <ele>595.9</ele>
      </trkpt>
      <trkpt lat="43.96906" lon="5.76785">
        <ele>596.0</ele>
      </trkpt>
      <trkpt lat="43.969209" lon="5.76772">
        <ele>596.2</ele>
      </trkpt>
      <trkpt lat="43.96923" lon="5.76771">
        <ele>596.4</ele>
      </trkpt>
      <trkpt lat="43.96928" lon="5.76767">
        <ele>596.8</ele>
      </trkpt>
      <trkpt lat="43.96932" lon="5.76764">
        <ele>597.0</ele>
      </trkpt>
      <trkpt lat="43.96942" lon="5.76759">
        <ele>597.8</ele>
      </trkpt>
      <trkpt lat="43.96971" lon="5.76744">
        <ele>600.2</ele>
      </trkpt>
      <trkpt lat="43.9698" lon="5.7674">
        <ele>601.2</ele>
      </trkpt>
      <trkpt lat="43.96983" lon="5.76738">
        <ele>601.5</ele>
      </trkpt>
      <trkpt lat="43.96985" lon="5.76735">
        <ele>601.8</ele>
      </trkpt>
      <trkpt lat="43.96986" lon="5.76732">
        <ele>601.9</ele>
      </trkpt>
      <trkpt lat="43.96986" lon="5.76732">
        <ele>601.9</ele>
      </trkpt>
      <trkpt lat="43.96989" lon="5.76723">
        <ele>602.3</ele>
      </trkpt>
      <trkpt lat="43.96989" lon="5.76719">
        <ele>602.4</ele>
      </trkpt>
      <trkpt lat="43.96987" lon="5.76711">
        <ele>602.5</ele>
      </trkpt>
      <trkpt lat="43.9698" lon="5.76696">
        <ele>602.7</ele>
      </trkpt>
      <trkpt lat="43.969769" lon="5.76692">
        <ele>602.8</ele>
      </trkpt>
      <trkpt lat="43.96975" lon="5.7669">
        <ele>602.9</ele>
      </trkpt>
      <trkpt lat="43.96974" lon="5.7669">
        <ele>602.9</ele>
      </trkpt>
      <trkpt lat="43.96972" lon="5.766879">
        <ele>603.0</ele>
      </trkpt>
      <trkpt lat="43.969679" lon="5.76687">
        <ele>603.0</ele>
      </trkpt>
      <trkpt lat="43.96963" lon="5.76686">
        <ele>603.1</ele>
      </trkpt>
      <trkpt lat="43.96957" lon="5.76685">
        <ele>603.2</ele>
      </trkpt>
      <trkpt lat="43.96948" lon="5.76684">
        <ele>603.3</ele>
      </trkpt>
      <trkpt lat="43.96943" lon="5.76685">
        <ele>603.2</ele>
      </trkpt>
      <trkpt lat="43.96939" lon="5.76686">
        <ele>603.2</ele>
      </trkpt>
      <trkpt lat="43.96938" lon="5.76686">
        <ele>603.2</ele>
      </trkpt>
      <trkpt lat="43.96934" lon="5.76689">
        <ele>602.8</ele>
      </trkpt>
      <trkpt lat="43.969299" lon="5.76692">
        <ele>602.5</ele>
      </trkpt>
      <trkpt lat="43.96923" lon="5.76698">
        <ele>601.6</ele>
      </trkpt>
      <trkpt lat="43.96908" lon="5.76712">
        <ele>599.6</ele>
      </trkpt>
      <trkpt lat="43.96902" lon="5.76717">
        <ele>599.0</ele>
      </trkpt>
      <trkpt lat="43.96896" lon="5.76721">
        <ele>598.5</ele>
      </trkpt>
      <trkpt lat="43.9689" lon="5.76724">
        <ele>598.2</ele>
      </trkpt>
      <trkpt lat="43.968829" lon="5.76726">
        <ele>598.0</ele>
      </trkpt>
      <trkpt lat="43.968739" lon="5.76727">
        <ele>598.0</ele>
      </trkpt>
      <trkpt lat="43.96854" lon="5.76731">
        <ele>597.7</ele>
      </trkpt>
      <trkpt lat="43.96839" lon="5.76733">
        <ele>597.6</ele>
      </trkpt>
      <trkpt lat="43.9681" lon="5.76737">
        <ele>595.2</ele>
      </trkpt>
      <trkpt lat="43.96807" lon="5.76737">
        <ele>595.0</ele>
      </trkpt>
      <trkpt lat="43.96803" lon="5.76736">
        <ele>594.8</ele>
      </trkpt>
      <trkpt lat="43.968" lon="5.76734">
        <ele>594.8</ele>
      </trkpt>
      <trkpt lat="43.96797" lon="5.76732">
        <ele>594.8</ele>
      </trkpt>
      <trkpt lat="43.96794" lon="5.76728">
        <ele>595.0</ele>
      </trkpt>
      <trkpt lat="43.96792" lon="5.76724">
        <ele>595.2</ele>
      </trkpt>
      <trkpt lat="43.96791" lon="5.7672">
        <ele>595.5</ele>
      </trkpt>
      <trkpt lat="43.96791" lon="5.76719">
        <ele>595.6</ele>
      </trkpt>
      <trkpt lat="43.9679" lon="5.76715">
        <ele>595.9</ele>
      </trkpt>
      <trkpt lat="43.9679" lon="5.7671">
        <ele>596.4</ele>
      </trkpt>
      <trkpt lat="43.96791" lon="5.76705">
        <ele>597.0</ele>
      </trkpt>
      <trkpt lat="43.96794" lon="5.76696">
        <ele>598.3</ele>
      </trkpt>
      <trkpt lat="43.96804" lon="5.76667">
        <ele>603.0</ele>
      </trkpt>
      <trkpt lat="43.968269" lon="5.76606">
        <ele>610.6</ele>
      </trkpt>
      <trkpt lat="43.96828" lon="5.76602">
        <ele>611.0</ele>
      </trkpt>
      <trkpt lat="43.9683" lon="5.76595">
        <ele>611.8</ele>
      </trkpt>
      <trkpt lat="43.96831" lon="5.76592">
        <ele>612.1</ele>
      </trkpt>
      <trkpt lat="43.9683" lon="5.76584">
        <ele>612.4</ele>
      </trkpt>
      <trkpt lat="43.96829" lon="5.76581">
        <ele>612.5</ele>
      </trkpt>
      <trkpt lat="43.96828" lon="5.76577">
        <ele>612.6</ele>
      </trkpt>
      <trkpt lat="43.96826" lon="5.76575">
        <ele>612.4</ele>
      </trkpt>
      <trkpt lat="43.96824" lon="5.76572">
        <ele>612.3</ele>
      </trkpt>
      <trkpt lat="43.96822" lon="5.7657">
        <ele>612.1</ele>
      </trkpt>
      <trkpt lat="43.96813" lon="5.76567">
        <ele>611.0</ele>
      </trkpt>
      <trkpt lat="43.9681" lon="5.76565">
        <ele>610.6</ele>
      </trkpt>
      <trkpt lat="43.96807" lon="5.76563">
        <ele>610.3</ele>
      </trkpt>
      <trkpt lat="43.96804" lon="5.7656">
        <ele>610.1</ele>
      </trkpt>
      <trkpt lat="43.96802" lon="5.76556">
        <ele>610.1</ele>
      </trkpt>
      <trkpt lat="43.96792" lon="5.76529">
        <ele>610.8</ele>
      </trkpt>
      <trkpt lat="43.9679" lon="5.765259">
        <ele>610.8</ele>
      </trkpt>
      <trkpt lat="43.96788" lon="5.765189">
        <ele>611.0</ele>
      </trkpt>
      <trkpt lat="43.96786" lon="5.765119">
        <ele>611.4</ele>
      </trkpt>
      <trkpt lat="43.96784" lon="5.765049">
        <ele>611.7</ele>
      </trkpt>
      <trkpt lat="43.96783" lon="5.76498">
        <ele>612.2</ele>
      </trkpt>
      <trkpt lat="43.96782" lon="5.76489">
        <ele>613.1</ele>
      </trkpt>
      <trkpt lat="43.96782" lon="5.764719">
        <ele>614.9</ele>
      </trkpt>
      <trkpt lat="43.96781" lon="5.76414">
        <ele>621.3</ele>
      </trkpt>
      <trkpt lat="43.96781" lon="5.76371">
        <ele>622.0</ele>
      </trkpt>
      <trkpt lat="43.967799" lon="5.76367">
        <ele>622.0</ele>
      </trkpt>
      <trkpt lat="43.96779" lon="5.76364">
        <ele>622.1</ele>
      </trkpt>
      <trkpt lat="43.96778" lon="5.76361">
        <ele>622.1</ele>
      </trkpt>
      <trkpt lat="43.96776" lon="5.76359">
        <ele>622.2</ele>
      </trkpt>
      <trkpt lat="43.96774" lon="5.76357">
        <ele>622.3</ele>
      </trkpt>
      <trkpt lat="43.967709" lon="5.76356">
        <ele>622.3</ele>
      </trkpt>
      <trkpt lat="43.96769" lon="5.76355">
        <ele>622.4</ele>
      </trkpt>
      <trkpt lat="43.96766" lon="5.76355">
        <ele>622.4</ele>
      </trkpt>
      <trkpt lat="43.96764" lon="5.76356">
        <ele>622.5</ele>
      </trkpt>
      <trkpt lat="43.96761" lon="5.76358">
        <ele>622.6</ele>
      </trkpt>
      <trkpt lat="43.96759" lon="5.7636">
        <ele>622.6</ele>
      </trkpt>
      <trkpt lat="43.9675" lon="5.76372">
        <ele>622.9</ele>
      </trkpt>
      <trkpt lat="43.96739" lon="5.76386">
        <ele>623.3</ele>
      </trkpt>
      <trkpt lat="43.96736" lon="5.76391">
        <ele>622.9</ele>
      </trkpt>
      <trkpt lat="43.96732" lon="5.76396">
        <ele>622.5</ele>
      </trkpt>
      <trkpt lat="43.96728" lon="5.764">
        <ele>622.4</ele>
      </trkpt>
      <trkpt lat="43.96723" lon="5.76403">
        <ele>622.4</ele>
      </trkpt>
      <trkpt lat="43.96723" lon="5.764039">
        <ele>622.3</ele>
      </trkpt>
      <trkpt lat="43.96719" lon="5.76406">
        <ele>622.4</ele>
      </trkpt>
      <trkpt lat="43.96714" lon="5.76408">
        <ele>622.6</ele>
      </trkpt>
      <trkpt lat="43.96709" lon="5.76409">
        <ele>622.9</ele>
      </trkpt>
      <trkpt lat="43.96705" lon="5.7641">
        <ele>623.1</ele>
      </trkpt>
      <trkpt lat="43.96703" lon="5.7641">
        <ele>623.3</ele>
      </trkpt>
      <trkpt lat="43.96698" lon="5.7641">
        <ele>623.8</ele>
      </trkpt>
      <trkpt lat="43.96692" lon="5.7641">
        <ele>624.4</ele>
      </trkpt>
      <trkpt lat="43.96687" lon="5.76408">
        <ele>625.1</ele>
      </trkpt>
      <trkpt lat="43.96681" lon="5.76406">
        <ele>625.8</ele>
      </trkpt>
      <trkpt lat="43.96671" lon="5.76398">
        <ele>627.6</ele>
      </trkpt>
      <trkpt lat="43.96656" lon="5.76385">
        <ele>628.8</ele>
      </trkpt>
      <trkpt lat="43.96655" lon="5.76384">
        <ele>628.9</ele>
      </trkpt>
      <trkpt lat="43.96641" lon="5.76371">
        <ele>629.3</ele>
      </trkpt>
      <trkpt lat="43.96622" lon="5.76354">
        <ele>629.5</ele>
      </trkpt>
      <trkpt lat="43.96619" lon="5.76348">
        <ele>629.8</ele>
      </trkpt>
      <trkpt lat="43.96616" lon="5.7634">
        <ele>630.2</ele>
      </trkpt>
      <trkpt lat="43.96615" lon="5.76332">
        <ele>630.8</ele>
      </trkpt>
      <trkpt lat="43.96616" lon="5.76326">
        <ele>631.3</ele>
      </trkpt>
      <trkpt lat="43.96618" lon="5.76296">
        <ele>633.8</ele>
      </trkpt>
      <trkpt lat="43.96619" lon="5.7628">
        <ele>635.1</ele>
      </trkpt>
      <trkpt lat="43.96619" lon="5.76274">
        <ele>635.6</ele>
      </trkpt>
      <trkpt lat="43.96618" lon="5.762679">
        <ele>635.9</ele>
      </trkpt>
      <trkpt lat="43.96616" lon="5.76263">
        <ele>636.1</ele>
      </trkpt>
      <trkpt lat="43.9661" lon="5.76249">
        <ele>636.6</ele>
      </trkpt>
      <trkpt lat="43.96609" lon="5.76246">
        <ele>636.7</ele>
      </trkpt>
      <trkpt lat="43.966" lon="5.76229">
        <ele>636.9</ele>
      </trkpt>
      <trkpt lat="43.96599" lon="5.76226">
        <ele>637.0</ele>
      </trkpt>
      <trkpt lat="43.96593" lon="5.76216">
        <ele>637.0</ele>
      </trkpt>
      <trkpt lat="43.9659" lon="5.76208">
        <ele>637.2</ele>
      </trkpt>
      <trkpt lat="43.96587" lon="5.761999">
        <ele>637.4</ele>
      </trkpt>
      <trkpt lat="43.96584" lon="5.76192">
        <ele>637.6</ele>
      </trkpt>
      <trkpt lat="43.96582" lon="5.76185">
        <ele>637.7</ele>
      </trkpt>
      <trkpt lat="43.96578" lon="5.7617">
        <ele>638.2</ele>
      </trkpt>
      <trkpt lat="43.96576" lon="5.76162">
        <ele>638.5</ele>
      </trkpt>
      <trkpt lat="43.96575" lon="5.76156">
        <ele>638.8</ele>
      </trkpt>
      <trkpt lat="43.96571" lon="5.76138">
        <ele>639.5</ele>
      </trkpt>
      <trkpt lat="43.96568" lon="5.76127">
        <ele>639.9</ele>
      </trkpt>
      <trkpt lat="43.96566" lon="5.76111">
        <ele>640.8</ele>
      </trkpt>
      <trkpt lat="43.96566" lon="5.76095">
        <ele>641.9</ele>
      </trkpt>
      <trkpt lat="43.96567" lon="5.76079">
        <ele>643.1</ele>
      </trkpt>
      <trkpt lat="43.96571" lon="5.76039">
        <ele>646.0</ele>
      </trkpt>
      <trkpt lat="43.96572" lon="5.76032">
        <ele>646.6</ele>
      </trkpt>
      <trkpt lat="43.96572" lon="5.76026">
        <ele>646.9</ele>
      </trkpt>
      <trkpt lat="43.96572" lon="5.76021">
        <ele>647.2</ele>
      </trkpt>
      <trkpt lat="43.96571" lon="5.76016">
        <ele>647.4</ele>
      </trkpt>
      <trkpt lat="43.96571" lon="5.76015">
        <ele>647.5</ele>
      </trkpt>
      <trkpt lat="43.9657" lon="5.76012">
        <ele>647.5</ele>
      </trkpt>
      <trkpt lat="43.96568" lon="5.76007">
        <ele>647.6</ele>
      </trkpt>
      <trkpt lat="43.96566" lon="5.76003">
        <ele>647.5</ele>
      </trkpt>
      <trkpt lat="43.9656" lon="5.75995">
        <ele>647.3</ele>
      </trkpt>
      <trkpt lat="43.96547" lon="5.759769">
        <ele>646.9</ele>
      </trkpt>
      <trkpt lat="43.9654" lon="5.75968">
        <ele>646.6</ele>
      </trkpt>
      <trkpt lat="43.96537" lon="5.75962">
        <ele>646.6</ele>
      </trkpt>
      <trkpt lat="43.965359" lon="5.75959">
        <ele>646.7</ele>
      </trkpt>
      <trkpt lat="43.96534" lon="5.75955">
        <ele>646.7</ele>
      </trkpt>
      <trkpt lat="43.96532" lon="5.75948">
        <ele>647.0</ele>
      </trkpt>
      <trkpt lat="43.9653" lon="5.75941">
        <ele>647.2</ele>
      </trkpt>
      <trkpt lat="43.9653" lon="5.75934">
        <ele>647.7</ele>
      </trkpt>
      <trkpt lat="43.9653" lon="5.75926">
        <ele>648.3</ele>
      </trkpt>
      <trkpt lat="43.96531" lon="5.75911">
        <ele>649.4</ele>
      </trkpt>
      <trkpt lat="43.96533" lon="5.759019">
        <ele>650.0</ele>
      </trkpt>
      <trkpt lat="43.96534" lon="5.75896">
        <ele>650.4</ele>
      </trkpt>
      <trkpt lat="43.96538" lon="5.75881">
        <ele>651.6</ele>
      </trkpt>
      <trkpt lat="43.96546" lon="5.758549">
        <ele>653.5</ele>
      </trkpt>
      <trkpt lat="43.96552" lon="5.75836">
        <ele>654.9</ele>
      </trkpt>
      <trkpt lat="43.96561" lon="5.7581">
        <ele>656.7</ele>
      </trkpt>
      <trkpt lat="43.965649" lon="5.75799">
        <ele>657.4</ele>
      </trkpt>
      <trkpt lat="43.96568" lon="5.7579">
        <ele>657.8</ele>
      </trkpt>
      <trkpt lat="43.96573" lon="5.75778">
        <ele>658.3</ele>
      </trkpt>
      <trkpt lat="43.96579" lon="5.75761">
        <ele>658.8</ele>
      </trkpt>
      <trkpt lat="43.96584" lon="5.75744">
        <ele>659.5</ele>
      </trkpt>
      <trkpt lat="43.96585" lon="5.75739">
        <ele>660.1</ele>
      </trkpt>
      <trkpt lat="43.96587" lon="5.75728">
        <ele>661.1</ele>
      </trkpt>
      <trkpt lat="43.96588" lon="5.75723">
        <ele>661.6</ele>
      </trkpt>
      <trkpt lat="43.96587" lon="5.7572">
        <ele>661.7</ele>
      </trkpt>
      <trkpt lat="43.96586" lon="5.757119">
        <ele>662.1</ele>
      </trkpt>
      <trkpt lat="43.96585" lon="5.75707">
        <ele>662.3</ele>
      </trkpt>
      <trkpt lat="43.965829" lon="5.75704">
        <ele>662.3</ele>
      </trkpt>
      <trkpt lat="43.96581" lon="5.75701">
        <ele>662.6</ele>
      </trkpt>
      <trkpt lat="43.9658" lon="5.757">
        <ele>662.8</ele>
      </trkpt>
      <trkpt lat="43.96579" lon="5.75698">
        <ele>663.0</ele>
      </trkpt>
      <trkpt lat="43.96576" lon="5.75696">
        <ele>663.3</ele>
      </trkpt>
      <trkpt lat="43.96573" lon="5.75696">
        <ele>663.4</ele>
      </trkpt>
      <trkpt lat="43.9657" lon="5.75696">
        <ele>663.6</ele>
      </trkpt>
      <trkpt lat="43.96566" lon="5.75695">
        <ele>663.9</ele>
      </trkpt>
      <trkpt lat="43.96563" lon="5.75695">
        <ele>664.1</ele>
      </trkpt>
      <trkpt lat="43.96559" lon="5.75696">
        <ele>664.2</ele>
      </trkpt>
      <trkpt lat="43.96556" lon="5.75698">
        <ele>664.2</ele>
      </trkpt>
      <trkpt lat="43.96553" lon="5.757">
        <ele>664.1</ele>
      </trkpt>
      <trkpt lat="43.96551" lon="5.75704">
        <ele>663.8</ele>
      </trkpt>
      <trkpt lat="43.96548" lon="5.75708">
        <ele>663.5</ele>
      </trkpt>
      <trkpt lat="43.96545" lon="5.757119">
        <ele>663.2</ele>
      </trkpt>
      <trkpt lat="43.96542" lon="5.75716">
        <ele>662.9</ele>
      </trkpt>
      <trkpt lat="43.96539" lon="5.757189">
        <ele>662.6</ele>
      </trkpt>
      <trkpt lat="43.965359" lon="5.75722">
        <ele>662.4</ele>
      </trkpt>
      <trkpt lat="43.96532" lon="5.75724">
        <ele>662.2</ele>
      </trkpt>
      <trkpt lat="43.96517" lon="5.75731">
        <ele>661.6</ele>
      </trkpt>
      <trkpt lat="43.96511" lon="5.75734">
        <ele>661.3</ele>
      </trkpt>
      <trkpt lat="43.965" lon="5.75739">
        <ele>660.7</ele>
      </trkpt>
      <trkpt lat="43.96492" lon="5.75743">
        <ele>660.0</ele>
      </trkpt>
      <trkpt lat="43.96473" lon="5.75751">
        <ele>658.9</ele>
      </trkpt>
      <trkpt lat="43.96469" lon="5.75751">
        <ele>658.9</ele>
      </trkpt>
      <trkpt lat="43.96464" lon="5.75749">
        <ele>659.1</ele>
      </trkpt>
      <trkpt lat="43.96461" lon="5.7575">
        <ele>659.0</ele>
      </trkpt>
      <trkpt lat="43.96459" lon="5.75749">
        <ele>659.1</ele>
      </trkpt>
      <trkpt lat="43.96455" lon="5.75747">
        <ele>659.4</ele>
      </trkpt>
      <trkpt lat="43.96453" lon="5.75743">
        <ele>659.8</ele>
      </trkpt>
      <trkpt lat="43.96451" lon="5.7574">
        <ele>660.1</ele>
      </trkpt>
      <trkpt lat="43.96446" lon="5.757119">
        <ele>663.2</ele>
      </trkpt>
      <trkpt lat="43.96444" lon="5.757049">
        <ele>663.8</ele>
      </trkpt>
      <trkpt lat="43.96439" lon="5.75681">
        <ele>666.1</ele>
      </trkpt>
      <trkpt lat="43.96437" lon="5.75669">
        <ele>667.2</ele>
      </trkpt>
      <trkpt lat="43.96434" lon="5.75657">
        <ele>668.3</ele>
      </trkpt>
      <trkpt lat="43.96432" lon="5.75649">
        <ele>669.1</ele>
      </trkpt>
      <trkpt lat="43.96429" lon="5.75626">
        <ele>671.4</ele>
      </trkpt>
      <trkpt lat="43.96426" lon="5.756039">
        <ele>673.6</ele>
      </trkpt>
      <trkpt lat="43.964239" lon="5.75584">
        <ele>675.6</ele>
      </trkpt>
      <trkpt lat="43.964239" lon="5.75577">
        <ele>676.4</ele>
      </trkpt>
      <trkpt lat="43.96423" lon="5.75557">
        <ele>678.4</ele>
      </trkpt>
      <trkpt lat="43.96423" lon="5.75545">
        <ele>679.6</ele>
      </trkpt>
      <trkpt lat="43.96422" lon="5.75539">
        <ele>680.2</ele>
      </trkpt>
      <trkpt lat="43.96421" lon="5.75534">
        <ele>680.7</ele>
      </trkpt>
      <trkpt lat="43.9642" lon="5.75532">
        <ele>680.8</ele>
      </trkpt>
      <trkpt lat="43.96417" lon="5.75528">
        <ele>681.0</ele>
      </trkpt>
      <trkpt lat="43.96413" lon="5.75525">
        <ele>681.3</ele>
      </trkpt>
      <trkpt lat="43.96406" lon="5.75523">
        <ele>681.6</ele>
      </trkpt>
      <trkpt lat="43.96405" lon="5.75523">
        <ele>681.6</ele>
      </trkpt>
      <trkpt lat="43.964" lon="5.75523">
        <ele>681.6</ele>
      </trkpt>
      <trkpt lat="43.96394" lon="5.75525">
        <ele>681.4</ele>
      </trkpt>
      <trkpt lat="43.963859" lon="5.7553">
        <ele>680.9</ele>
      </trkpt>
      <trkpt lat="43.963769" lon="5.75538">
        <ele>680.1</ele>
      </trkpt>
      <trkpt lat="43.96374" lon="5.75542">
        <ele>679.7</ele>
      </trkpt>
      <trkpt lat="43.963679" lon="5.755499">
        <ele>678.9</ele>
      </trkpt>
      <trkpt lat="43.9636" lon="5.75558">
        <ele>678.2</ele>
      </trkpt>
      <trkpt lat="43.96355" lon="5.75561">
        <ele>678.0</ele>
      </trkpt>
      <trkpt lat="43.9635" lon="5.75561">
        <ele>678.0</ele>
      </trkpt>
      <trkpt lat="43.96346" lon="5.7556">
        <ele>678.1</ele>
      </trkpt>
      <trkpt lat="43.96342" lon="5.75558">
        <ele>678.4</ele>
      </trkpt>
      <trkpt lat="43.96341" lon="5.75557">
        <ele>678.5</ele>
      </trkpt>
      <trkpt lat="43.96332" lon="5.75548">
        <ele>679.4</ele>
      </trkpt>
      <trkpt lat="43.96329" lon="5.75542">
        <ele>679.9</ele>
      </trkpt>
      <trkpt lat="43.96325" lon="5.755359">
        <ele>680.4</ele>
      </trkpt>
      <trkpt lat="43.9632" lon="5.75531">
        <ele>680.9</ele>
      </trkpt>
      <trkpt lat="43.96317" lon="5.75531">
        <ele>680.8</ele>
      </trkpt>
      <trkpt lat="43.96309" lon="5.75531">
        <ele>680.7</ele>
      </trkpt>
      <trkpt lat="43.963" lon="5.75531">
        <ele>680.6</ele>
      </trkpt>
      <trkpt lat="43.96293" lon="5.75531">
        <ele>680.5</ele>
      </trkpt>
      <trkpt lat="43.96286" lon="5.7553">
        <ele>680.6</ele>
      </trkpt>
      <trkpt lat="43.9628" lon="5.75528">
        <ele>680.7</ele>
      </trkpt>
      <trkpt lat="43.96273" lon="5.75523">
        <ele>681.1</ele>
      </trkpt>
      <trkpt lat="43.96266" lon="5.75517">
        <ele>681.6</ele>
      </trkpt>
      <trkpt lat="43.962649" lon="5.75515">
        <ele>681.7</ele>
      </trkpt>
      <trkpt lat="43.96259" lon="5.75508">
        <ele>682.3</ele>
      </trkpt>
      <trkpt lat="43.96252" lon="5.75497">
        <ele>683.2</ele>
      </trkpt>
      <trkpt lat="43.96252" lon="5.75496">
        <ele>683.3</ele>
      </trkpt>
      <trkpt lat="43.96246" lon="5.754819">
        <ele>683.7</ele>
      </trkpt>
      <trkpt lat="43.96244" lon="5.754749">
        <ele>684.0</ele>
      </trkpt>
      <trkpt lat="43.96242" lon="5.75469">
        <ele>684.2</ele>
      </trkpt>
      <trkpt lat="43.9624" lon="5.754609">
        <ele>684.5</ele>
      </trkpt>
      <trkpt lat="43.96239" lon="5.75448">
        <ele>685.2</ele>
      </trkpt>
      <trkpt lat="43.96239" lon="5.75431">
        <ele>686.2</ele>
      </trkpt>
      <trkpt lat="43.96238" lon="5.75425">
        <ele>686.5</ele>
      </trkpt>
      <trkpt lat="43.962359" lon="5.75412">
        <ele>687.0</ele>
      </trkpt>
      <trkpt lat="43.96232" lon="5.75393">
        <ele>687.6</ele>
      </trkpt>
      <trkpt lat="43.96228" lon="5.75377">
        <ele>687.9</ele>
      </trkpt>
      <trkpt lat="43.96222" lon="5.75357">
        <ele>688.3</ele>
      </trkpt>
      <trkpt lat="43.9622" lon="5.753459">
        <ele>688.6</ele>
      </trkpt>
      <trkpt lat="43.962179" lon="5.75337">
        <ele>688.8</ele>
      </trkpt>
      <trkpt lat="43.962179" lon="5.75329">
        <ele>689.1</ele>
      </trkpt>
      <trkpt lat="43.96219" lon="5.75323">
        <ele>689.4</ele>
      </trkpt>
      <trkpt lat="43.96222" lon="5.75316">
        <ele>689.9</ele>
      </trkpt>
      <trkpt lat="43.96226" lon="5.75312">
        <ele>690.4</ele>
      </trkpt>
      <trkpt lat="43.962269" lon="5.7531">
        <ele>690.6</ele>
      </trkpt>
      <trkpt lat="43.96235" lon="5.75303">
        <ele>691.6</ele>
      </trkpt>
      <trkpt lat="43.96248" lon="5.75291">
        <ele>693.3</ele>
      </trkpt>
      <trkpt lat="43.96254" lon="5.75282">
        <ele>694.1</ele>
      </trkpt>
      <trkpt lat="43.96258" lon="5.75274">
        <ele>694.8</ele>
      </trkpt>
      <trkpt lat="43.96258" lon="5.75274">
        <ele>694.8</ele>
      </trkpt>
      <trkpt lat="43.96259" lon="5.7527">
        <ele>695.0</ele>
      </trkpt>
      <trkpt lat="43.96259" lon="5.75265">
        <ele>695.2</ele>
      </trkpt>
      <trkpt lat="43.96257" lon="5.75256">
        <ele>695.4</ele>
      </trkpt>
      <trkpt lat="43.96255" lon="5.75249">
        <ele>695.5</ele>
      </trkpt>
      <trkpt lat="43.96249" lon="5.75235">
        <ele>695.4</ele>
      </trkpt>
      <trkpt lat="43.96244" lon="5.75221">
        <ele>695.4</ele>
      </trkpt>
      <trkpt lat="43.96242" lon="5.7521">
        <ele>695.6</ele>
      </trkpt>
      <trkpt lat="43.96241" lon="5.75205">
        <ele>695.7</ele>
      </trkpt>
      <trkpt lat="43.96241" lon="5.75201">
        <ele>695.9</ele>
      </trkpt>
      <trkpt lat="43.9624" lon="5.75192">
        <ele>696.1</ele>
      </trkpt>
      <trkpt lat="43.96241" lon="5.751769">
        <ele>696.8</ele>
      </trkpt>
      <trkpt lat="43.96244" lon="5.75165">
        <ele>697.4</ele>
      </trkpt>
      <trkpt lat="43.96249" lon="5.75147">
        <ele>698.1</ele>
      </trkpt>
      <trkpt lat="43.96254" lon="5.75132">
        <ele>698.8</ele>
      </trkpt>
      <trkpt lat="43.96259" lon="5.75124">
        <ele>699.4</ele>
      </trkpt>
      <trkpt lat="43.96264" lon="5.75119">
        <ele>699.9</ele>
      </trkpt>
      <trkpt lat="43.96269" lon="5.75115">
        <ele>700.4</ele>
      </trkpt>
      <trkpt lat="43.96279" lon="5.75115">
        <ele>701.4</ele>
      </trkpt>
      <trkpt lat="43.96287" lon="5.75114">
        <ele>702.2</ele>
      </trkpt>
      <trkpt lat="43.96294" lon="5.75113">
        <ele>702.9</ele>
      </trkpt>
      <trkpt lat="43.96303" lon="5.7511">
        <ele>703.8</ele>
      </trkpt>
      <trkpt lat="43.96318" lon="5.75104">
        <ele>705.3</ele>
      </trkpt>
      <trkpt lat="43.96328" lon="5.75099">
        <ele>706.3</ele>
      </trkpt>
      <trkpt lat="43.96332" lon="5.75098">
        <ele>706.7</ele>
      </trkpt>
      <trkpt lat="43.963389" lon="5.75092">
        <ele>707.4</ele>
      </trkpt>
      <trkpt lat="43.96343" lon="5.75086">
        <ele>707.8</ele>
      </trkpt>
      <trkpt lat="43.96349" lon="5.75074">
        <ele>708.0</ele>
      </trkpt>
      <trkpt lat="43.96353" lon="5.75066">
        <ele>708.1</ele>
      </trkpt>
      <trkpt lat="43.96355" lon="5.750619">
        <ele>708.1</ele>
      </trkpt>
      <trkpt lat="43.96359" lon="5.75054">
        <ele>708.2</ele>
      </trkpt>
      <trkpt lat="43.96364" lon="5.7505">
        <ele>708.5</ele>
      </trkpt>
      <trkpt lat="43.96367" lon="5.75047">
        <ele>708.7</ele>
      </trkpt>
      <trkpt lat="43.9637" lon="5.75046">
        <ele>708.9</ele>
      </trkpt>
      <trkpt lat="43.96382" lon="5.7504">
        <ele>709.8</ele>
      </trkpt>
      <trkpt lat="43.96383" lon="5.75039">
        <ele>709.9</ele>
      </trkpt>
      <trkpt lat="43.96388" lon="5.750339">
        <ele>710.2</ele>
      </trkpt>
      <trkpt lat="43.96392" lon="5.75027">
        <ele>710.4</ele>
      </trkpt>
      <trkpt lat="43.963949" lon="5.75018">
        <ele>710.4</ele>
      </trkpt>
      <trkpt lat="43.96397" lon="5.75008">
        <ele>710.3</ele>
      </trkpt>
      <trkpt lat="43.96397" lon="5.75">
        <ele>710.1</ele>
      </trkpt>
      <trkpt lat="43.96396" lon="5.749869">
        <ele>709.0</ele>
      </trkpt>
      <trkpt lat="43.96394" lon="5.74976">
        <ele>707.9</ele>
      </trkpt>
      <trkpt lat="43.96394" lon="5.74971">
        <ele>707.5</ele>
      </trkpt>
      <trkpt lat="43.96394" lon="5.74968">
        <ele>707.3</ele>
      </trkpt>
      <trkpt lat="43.96394" lon="5.74964">
        <ele>707.0</ele>
      </trkpt>
      <trkpt lat="43.96394" lon="5.74961">
        <ele>706.8</ele>
      </trkpt>
      <trkpt lat="43.96397" lon="5.74955">
        <ele>706.4</ele>
      </trkpt>
      <trkpt lat="43.96401" lon="5.74949">
        <ele>706.0</ele>
      </trkpt>
      <trkpt lat="43.96408" lon="5.74947">
        <ele>706.0</ele>
      </trkpt>
      <trkpt lat="43.96414" lon="5.74948">
        <ele>706.3</ele>
      </trkpt>
      <trkpt lat="43.96417" lon="5.74948">
        <ele>706.4</ele>
      </trkpt>
      <trkpt lat="43.96422" lon="5.7495">
        <ele>706.5</ele>
      </trkpt>
      <trkpt lat="43.96432" lon="5.74954">
        <ele>706.9</ele>
      </trkpt>
      <trkpt lat="43.96434" lon="5.74954">
        <ele>706.9</ele>
      </trkpt>
      <trkpt lat="43.96437" lon="5.74955">
        <ele>707.0</ele>
      </trkpt>
      <trkpt lat="43.96444" lon="5.74956">
        <ele>707.1</ele>
      </trkpt>
      <trkpt lat="43.96451" lon="5.74957">
        <ele>707.3</ele>
      </trkpt>
      <trkpt lat="43.96456" lon="5.74957">
        <ele>707.3</ele>
      </trkpt>
      <trkpt lat="43.96467" lon="5.74959">
        <ele>707.6</ele>
      </trkpt>
      <trkpt lat="43.96478" lon="5.74962">
        <ele>708.3</ele>
      </trkpt>
      <trkpt lat="43.9649" lon="5.74969">
        <ele>710.0</ele>
      </trkpt>
      <trkpt lat="43.96511" lon="5.749799">
        <ele>712.2</ele>
      </trkpt>
      <trkpt lat="43.9652" lon="5.74983">
        <ele>712.4</ele>
      </trkpt>
      <trkpt lat="43.9653" lon="5.74988">
        <ele>713.1</ele>
      </trkpt>
      <trkpt lat="43.96554" lon="5.74998">
        <ele>714.2</ele>
      </trkpt>
      <trkpt lat="43.96573" lon="5.75002">
        <ele>713.9</ele>
      </trkpt>
      <trkpt lat="43.96595" lon="5.75005">
        <ele>714.5</ele>
      </trkpt>
      <trkpt lat="43.96608" lon="5.75006">
        <ele>715.5</ele>
      </trkpt>
      <trkpt lat="43.96616" lon="5.75006">
        <ele>715.9</ele>
      </trkpt>
      <trkpt lat="43.96629" lon="5.75005">
        <ele>716.5</ele>
      </trkpt>
      <trkpt lat="43.96644" lon="5.750009">
        <ele>716.8</ele>
      </trkpt>
      <trkpt lat="43.96646" lon="5.750009">
        <ele>716.9</ele>
      </trkpt>
      <trkpt lat="43.96662" lon="5.74995">
        <ele>716.6</ele>
      </trkpt>
      <trkpt lat="43.96679" lon="5.74988">
        <ele>716.7</ele>
      </trkpt>
      <trkpt lat="43.96695" lon="5.74979">
        <ele>716.8</ele>
      </trkpt>
      <trkpt lat="43.96698" lon="5.74977">
        <ele>716.8</ele>
      </trkpt>
      <trkpt lat="43.96712" lon="5.7497">
        <ele>717.2</ele>
      </trkpt>
      <trkpt lat="43.967239" lon="5.74963">
        <ele>717.7</ele>
      </trkpt>
      <trkpt lat="43.96729" lon="5.74961">
        <ele>718.0</ele>
      </trkpt>
      <trkpt lat="43.96746" lon="5.74953">
        <ele>719.2</ele>
      </trkpt>
      <trkpt lat="43.96763" lon="5.74947">
        <ele>720.6</ele>
      </trkpt>
      <trkpt lat="43.96776" lon="5.74942">
        <ele>721.7</ele>
      </trkpt>
      <trkpt lat="43.96782" lon="5.74938">
        <ele>722.1</ele>
      </trkpt>
      <trkpt lat="43.96786" lon="5.74934">
        <ele>722.3</ele>
      </trkpt>
      <trkpt lat="43.96789" lon="5.74929">
        <ele>722.2</ele>
      </trkpt>
      <trkpt lat="43.9679" lon="5.74922">
        <ele>721.7</ele>
      </trkpt>
      <trkpt lat="43.9679" lon="5.74916">
        <ele>721.2</ele>
      </trkpt>
      <trkpt lat="43.9679" lon="5.749119">
        <ele>720.6</ele>
      </trkpt>
      <trkpt lat="43.96788" lon="5.74908">
        <ele>719.8</ele>
      </trkpt>
      <trkpt lat="43.96786" lon="5.74905">
        <ele>719.1</ele>
      </trkpt>
      <trkpt lat="43.96783" lon="5.749">
        <ele>717.9</ele>
      </trkpt>
      <trkpt lat="43.96777" lon="5.74895">
        <ele>716.3</ele>
      </trkpt>
      <trkpt lat="43.967709" lon="5.74887">
        <ele>714.2</ele>
      </trkpt>
      <trkpt lat="43.96768" lon="5.74882">
        <ele>713.0</ele>
      </trkpt>
      <trkpt lat="43.96767" lon="5.74877">
        <ele>712.1</ele>
      </trkpt>
      <trkpt lat="43.96767" lon="5.74876">
        <ele>712.0</ele>
      </trkpt>
      <trkpt lat="43.96767" lon="5.748719">
        <ele>711.4</ele>
      </trkpt>
      <trkpt lat="43.96769" lon="5.748649">
        <ele>710.8</ele>
      </trkpt>
      <trkpt lat="43.96772" lon="5.74857">
        <ele>710.2</ele>
      </trkpt>
      <trkpt lat="43.96787" lon="5.74837">
        <ele>710.2</ele>
      </trkpt>
      <trkpt lat="43.96787" lon="5.74836">
        <ele>710.0</ele>
      </trkpt>
      <trkpt lat="43.968" lon="5.74819">
        <ele>708.3</ele>
      </trkpt>
      <trkpt lat="43.96804" lon="5.74814">
        <ele>707.8</ele>
      </trkpt>
      <trkpt lat="43.96814" lon="5.74803">
        <ele>706.8</ele>
      </trkpt>
      <trkpt lat="43.968179" lon="5.74798">
        <ele>706.3</ele>
      </trkpt>
      <trkpt lat="43.96839" lon="5.74777">
        <ele>704.9</ele>
      </trkpt>
      <trkpt lat="43.96843" lon="5.74774">
        <ele>704.9</ele>
      </trkpt>
      <trkpt lat="43.96851" lon="5.74767">
        <ele>704.7</ele>
      </trkpt>
      <trkpt lat="43.96866" lon="5.747569">
        <ele>705.1</ele>
      </trkpt>
      <trkpt lat="43.96875" lon="5.74751">
        <ele>705.3</ele>
      </trkpt>
      <trkpt lat="43.9688" lon="5.74748">
        <ele>705.5</ele>
      </trkpt>
      <trkpt lat="43.96891" lon="5.7474">
        <ele>705.7</ele>
      </trkpt>
      <trkpt lat="43.96892" lon="5.7474">
        <ele>705.9</ele>
      </trkpt>
      <trkpt lat="43.969" lon="5.74733">
        <ele>705.7</ele>
      </trkpt>
      <trkpt lat="43.96906" lon="5.74726">
        <ele>705.2</ele>
      </trkpt>
      <trkpt lat="43.9691" lon="5.74722">
        <ele>705.0</ele>
      </trkpt>
      <trkpt lat="43.96917" lon="5.74713">
        <ele>704.2</ele>
      </trkpt>
      <trkpt lat="43.9692" lon="5.7471">
        <ele>704.2</ele>
      </trkpt>
      <trkpt lat="43.96924" lon="5.74703">
        <ele>703.4</ele>
      </trkpt>
      <trkpt lat="43.96938" lon="5.74681">
        <ele>701.1</ele>
      </trkpt>
      <trkpt lat="43.96949" lon="5.74662">
        <ele>698.9</ele>
      </trkpt>
      <trkpt lat="43.96955" lon="5.74653">
        <ele>698.0</ele>
      </trkpt>
      <trkpt lat="43.96963" lon="5.74642">
        <ele>696.8</ele>
      </trkpt>
      <trkpt lat="43.969679" lon="5.74637">
        <ele>696.5</ele>
      </trkpt>
      <trkpt lat="43.9697" lon="5.74636">
        <ele>696.6</ele>
      </trkpt>
      <trkpt lat="43.96975" lon="5.7463">
        <ele>696.0</ele>
      </trkpt>
      <trkpt lat="43.96983" lon="5.74624">
        <ele>695.8</ele>
      </trkpt>
      <trkpt lat="43.97016" lon="5.74602">
        <ele>693.7</ele>
      </trkpt>
      <trkpt lat="43.97044" lon="5.74583">
        <ele>690.1</ele>
      </trkpt>
      <trkpt lat="43.97055" lon="5.74577">
        <ele>688.9</ele>
      </trkpt>
      <trkpt lat="43.97059" lon="5.74575">
        <ele>688.5</ele>
      </trkpt>
      <trkpt lat="43.97064" lon="5.74572">
        <ele>687.8</ele>
      </trkpt>
      <trkpt lat="43.97077" lon="5.745669">
        <ele>686.8</ele>
      </trkpt>
      <trkpt lat="43.97088" lon="5.74564">
        <ele>686.3</ele>
      </trkpt>
      <trkpt lat="43.97095" lon="5.74563">
        <ele>686.2</ele>
      </trkpt>
      <trkpt lat="43.97099" lon="5.74562">
        <ele>686.0</ele>
      </trkpt>
      <trkpt lat="43.97107" lon="5.745599">
        <ele>685.6</ele>
      </trkpt>
      <trkpt lat="43.97124" lon="5.74558">
        <ele>685.6</ele>
      </trkpt>
      <trkpt lat="43.9715" lon="5.745529">
        <ele>684.6</ele>
      </trkpt>
      <trkpt lat="43.9717" lon="5.74549">
        <ele>683.7</ele>
      </trkpt>
      <trkpt lat="43.971739" lon="5.74548">
        <ele>683.4</ele>
      </trkpt>
      <trkpt lat="43.97195" lon="5.74542">
        <ele>681.7</ele>
      </trkpt>
      <trkpt lat="43.97205" lon="5.74538">
        <ele>680.4</ele>
      </trkpt>
      <trkpt lat="43.97209" lon="5.74536">
        <ele>679.7</ele>
      </trkpt>
      <trkpt lat="43.97237" lon="5.74526">
        <ele>676.8</ele>
      </trkpt>
      <trkpt lat="43.97254" lon="5.74519">
        <ele>674.8</ele>
      </trkpt>
      <trkpt lat="43.97257" lon="5.74518">
        <ele>674.5</ele>
      </trkpt>
      <trkpt lat="43.97279" lon="5.74508">
        <ele>671.9</ele>
      </trkpt>
      <trkpt lat="43.97294" lon="5.74502">
        <ele>670.4</ele>
      </trkpt>
      <trkpt lat="43.97302" lon="5.74498">
        <ele>669.3</ele>
      </trkpt>
      <trkpt lat="43.9731" lon="5.74495">
        <ele>668.5</ele>
      </trkpt>
      <trkpt lat="43.97326" lon="5.74489">
        <ele>667.0</ele>
      </trkpt>
      <trkpt lat="43.97331" lon="5.74488">
        <ele>666.9</ele>
      </trkpt>
      <trkpt lat="43.97342" lon="5.744849">
        <ele>665.7</ele>
      </trkpt>
      <trkpt lat="43.973439" lon="5.744849">
        <ele>665.6</ele>
      </trkpt>
      <trkpt lat="43.97352" lon="5.74484">
        <ele>665.0</ele>
      </trkpt>
      <trkpt lat="43.97361" lon="5.74483">
        <ele>664.4</ele>
      </trkpt>
      <trkpt lat="43.973619" lon="5.74483">
        <ele>664.4</ele>
      </trkpt>
      <trkpt lat="43.97384" lon="5.74483">
        <ele>663.9</ele>
      </trkpt>
      <trkpt lat="43.97398" lon="5.74483">
        <ele>663.5</ele>
      </trkpt>
      <trkpt lat="43.97407" lon="5.74484">
        <ele>663.7</ele>
      </trkpt>
      <trkpt lat="43.97428" lon="5.744849">
        <ele>663.1</ele>
      </trkpt>
      <trkpt lat="43.97434" lon="5.744849">
        <ele>662.7</ele>
      </trkpt>
      <trkpt lat="43.97445" lon="5.744849">
        <ele>662.1</ele>
      </trkpt>
      <trkpt lat="43.97457" lon="5.74484">
        <ele>661.0</ele>
      </trkpt>
      <trkpt lat="43.97483" lon="5.74481">
        <ele>658.4</ele>
      </trkpt>
      <trkpt lat="43.97488" lon="5.74481">
        <ele>658.1</ele>
      </trkpt>
      <trkpt lat="43.97498" lon="5.74482">
        <ele>657.9</ele>
      </trkpt>
      <trkpt lat="43.97509" lon="5.74483">
        <ele>656.8</ele>
      </trkpt>
      <trkpt lat="43.9752" lon="5.74484">
        <ele>655.6</ele>
      </trkpt>
      <trkpt lat="43.97528" lon="5.74486">
        <ele>655.2</ele>
      </trkpt>
      <trkpt lat="43.9753" lon="5.74486">
        <ele>654.9</ele>
      </trkpt>
      <trkpt lat="43.97552" lon="5.74493">
        <ele>653.8</ele>
      </trkpt>
      <trkpt lat="43.97564" lon="5.74497">
        <ele>653.2</ele>
      </trkpt>
      <trkpt lat="43.97574" lon="5.744989">
        <ele>652.2</ele>
      </trkpt>
      <trkpt lat="43.97581" lon="5.745">
        <ele>651.4</ele>
      </trkpt>
      <trkpt lat="43.97582" lon="5.745">
        <ele>651.2</ele>
      </trkpt>
      <trkpt lat="43.97599" lon="5.74503">
        <ele>650.6</ele>
      </trkpt>
      <trkpt lat="43.97601" lon="5.74503">
        <ele>650.5</ele>
      </trkpt>
      <trkpt lat="43.97616" lon="5.74504">
        <ele>649.4</ele>
      </trkpt>
      <trkpt lat="43.97625" lon="5.745059">
        <ele>649.2</ele>
      </trkpt>
      <trkpt lat="43.97632" lon="5.74507">
        <ele>648.8</ele>
      </trkpt>
      <trkpt lat="43.97639" lon="5.74509">
        <ele>648.7</ele>
      </trkpt>
      <trkpt lat="43.97646" lon="5.74512">
        <ele>648.8</ele>
      </trkpt>
      <trkpt lat="43.97649" lon="5.74514">
        <ele>649.0</ele>
      </trkpt>
      <trkpt lat="43.97666" lon="5.74525">
        <ele>649.8</ele>
      </trkpt>
      <trkpt lat="43.97674" lon="5.7453">
        <ele>650.0</ele>
      </trkpt>
      <trkpt lat="43.97683" lon="5.74534">
        <ele>649.8</ele>
      </trkpt>
      <trkpt lat="43.9769" lon="5.74538">
        <ele>649.8</ele>
      </trkpt>
      <trkpt lat="43.97697" lon="5.74544">
        <ele>650.2</ele>
      </trkpt>
      <trkpt lat="43.97714" lon="5.74552">
        <ele>649.5</ele>
      </trkpt>
      <trkpt lat="43.97724" lon="5.74556">
        <ele>649.0</ele>
      </trkpt>
      <trkpt lat="43.97731" lon="5.74558">
        <ele>648.4</ele>
      </trkpt>
      <trkpt lat="43.97732" lon="5.74558">
        <ele>648.2</ele>
      </trkpt>
      <trkpt lat="43.9774" lon="5.745599">
        <ele>647.5</ele>
      </trkpt>
      <trkpt lat="43.97745" lon="5.745599">
        <ele>646.8</ele>
      </trkpt>
      <trkpt lat="43.97752" lon="5.74558">
        <ele>645.7</ele>
      </trkpt>
      <trkpt lat="43.97758" lon="5.74556">
        <ele>645.2</ele>
      </trkpt>
      <trkpt lat="43.97766" lon="5.74551">
        <ele>644.3</ele>
      </trkpt>
      <trkpt lat="43.97773" lon="5.74547">
        <ele>643.5</ele>
      </trkpt>
      <trkpt lat="43.9778" lon="5.74544">
        <ele>642.8</ele>
      </trkpt>
      <trkpt lat="43.97788" lon="5.74542">
        <ele>642.4</ele>
      </trkpt>
      <trkpt lat="43.977939" lon="5.74542">
        <ele>642.3</ele>
      </trkpt>
      <trkpt lat="43.97802" lon="5.74541">
        <ele>642.0</ele>
      </trkpt>
      <trkpt lat="43.9781" lon="5.74539">
        <ele>641.5</ele>
      </trkpt>
      <trkpt lat="43.97814" lon="5.74538">
        <ele>641.3</ele>
      </trkpt>
      <trkpt lat="43.978319" lon="5.74534">
        <ele>640.3</ele>
      </trkpt>
      <trkpt lat="43.97839" lon="5.74532">
        <ele>639.8</ele>
      </trkpt>
      <trkpt lat="43.978499" lon="5.74529">
        <ele>639.0</ele>
      </trkpt>
      <trkpt lat="43.97852" lon="5.74529">
        <ele>638.9</ele>
      </trkpt>
      <trkpt lat="43.97862" lon="5.74527">
        <ele>638.3</ele>
      </trkpt>
      <trkpt lat="43.97868" lon="5.74527">
        <ele>638.1</ele>
      </trkpt>
      <trkpt lat="43.97872" lon="5.74527">
        <ele>638.0</ele>
      </trkpt>
      <trkpt lat="43.97878" lon="5.74527">
        <ele>637.8</ele>
      </trkpt>
      <trkpt lat="43.97886" lon="5.74526">
        <ele>637.4</ele>
      </trkpt>
      <trkpt lat="43.97891" lon="5.74526">
        <ele>637.2</ele>
      </trkpt>
      <trkpt lat="43.97896" lon="5.74524">
        <ele>636.8</ele>
      </trkpt>
      <trkpt lat="43.97903" lon="5.7452">
        <ele>636.0</ele>
      </trkpt>
      <trkpt lat="43.97907" lon="5.74514">
        <ele>635.1</ele>
      </trkpt>
      <trkpt lat="43.97911" lon="5.74507">
        <ele>634.1</ele>
      </trkpt>
      <trkpt lat="43.97916" lon="5.74501">
        <ele>633.1</ele>
      </trkpt>
      <trkpt lat="43.9792" lon="5.74495">
        <ele>632.4</ele>
      </trkpt>
      <trkpt lat="43.97923" lon="5.744919">
        <ele>632.0</ele>
      </trkpt>
      <trkpt lat="43.97929" lon="5.74487">
        <ele>631.4</ele>
      </trkpt>
      <trkpt lat="43.979349" lon="5.74483">
        <ele>630.9</ele>
      </trkpt>
      <trkpt lat="43.97936" lon="5.74483">
        <ele>631.0</ele>
      </trkpt>
      <trkpt lat="43.97946" lon="5.74479">
        <ele>630.6</ele>
      </trkpt>
      <trkpt lat="43.97961" lon="5.74474">
        <ele>630.2</ele>
      </trkpt>
      <trkpt lat="43.9797" lon="5.74473">
        <ele>630.2</ele>
      </trkpt>
      <trkpt lat="43.97976" lon="5.74469">
        <ele>629.7</ele>
      </trkpt>
      <trkpt lat="43.97984" lon="5.74464">
        <ele>629.1</ele>
      </trkpt>
      <trkpt lat="43.97989" lon="5.74461">
        <ele>628.7</ele>
      </trkpt>
      <trkpt lat="43.98003" lon="5.74453">
        <ele>627.6</ele>
      </trkpt>
      <trkpt lat="43.9801" lon="5.74448">
        <ele>626.8</ele>
      </trkpt>
      <trkpt lat="43.98035" lon="5.74432">
        <ele>624.2</ele>
      </trkpt>
      <trkpt lat="43.98052" lon="5.744239">
        <ele>623.0</ele>
      </trkpt>
      <trkpt lat="43.98053" lon="5.74423">
        <ele>622.9</ele>
      </trkpt>
      <trkpt lat="43.98061" lon="5.74419">
        <ele>622.3</ele>
      </trkpt>
      <trkpt lat="43.98067" lon="5.74414">
        <ele>621.7</ele>
      </trkpt>
      <trkpt lat="43.98068" lon="5.74413">
        <ele>621.6</ele>
      </trkpt>
      <trkpt lat="43.98084" lon="5.74398">
        <ele>619.7</ele>
      </trkpt>
      <trkpt lat="43.980939" lon="5.74392">
        <ele>618.8</ele>
      </trkpt>
      <trkpt lat="43.98106" lon="5.74386">
        <ele>617.8</ele>
      </trkpt>
      <trkpt lat="43.98127" lon="5.7438">
        <ele>616.6</ele>
      </trkpt>
      <trkpt lat="43.98138" lon="5.74376">
        <ele>615.8</ele>
      </trkpt>
      <trkpt lat="43.98151" lon="5.74372">
        <ele>615.0</ele>
      </trkpt>
      <trkpt lat="43.98154" lon="5.74371">
        <ele>614.7</ele>
      </trkpt>
      <trkpt lat="43.98159" lon="5.74368">
        <ele>614.2</ele>
      </trkpt>
      <trkpt lat="43.98161" lon="5.74366">
        <ele>613.9</ele>
      </trkpt>
      <trkpt lat="43.98167" lon="5.74361">
        <ele>613.0</ele>
      </trkpt>
      <trkpt lat="43.98178" lon="5.7435">
        <ele>611.6</ele>
      </trkpt>
      <trkpt lat="43.9819" lon="5.74338">
        <ele>610.0</ele>
      </trkpt>
      <trkpt lat="43.98191" lon="5.74338">
        <ele>610.0</ele>
      </trkpt>
      <trkpt lat="43.98205" lon="5.74326">
        <ele>608.6</ele>
      </trkpt>
      <trkpt lat="43.98206" lon="5.74325">
        <ele>608.5</ele>
      </trkpt>
      <trkpt lat="43.98212" lon="5.7432">
        <ele>608.0</ele>
      </trkpt>
      <trkpt lat="43.9822" lon="5.7431">
        <ele>607.0</ele>
      </trkpt>
      <trkpt lat="43.982259" lon="5.74303">
        <ele>606.4</ele>
      </trkpt>
      <trkpt lat="43.98234" lon="5.74293">
        <ele>605.6</ele>
      </trkpt>
      <trkpt lat="43.98238" lon="5.74288">
        <ele>605.2</ele>
      </trkpt>
      <trkpt lat="43.98246" lon="5.74277">
        <ele>604.4</ele>
      </trkpt>
      <trkpt lat="43.98247" lon="5.74276">
        <ele>604.4</ele>
      </trkpt>
      <trkpt lat="43.98252" lon="5.74269">
        <ele>603.9</ele>
      </trkpt>
      <trkpt lat="43.98254" lon="5.74266">
        <ele>603.6</ele>
      </trkpt>
      <trkpt lat="43.9826" lon="5.742549">
        <ele>602.6</ele>
      </trkpt>
      <trkpt lat="43.98265" lon="5.74243">
        <ele>601.0</ele>
      </trkpt>
      <trkpt lat="43.98268" lon="5.74236">
        <ele>599.9</ele>
      </trkpt>
      <trkpt lat="43.98269" lon="5.74232">
        <ele>599.3</ele>
      </trkpt>
      <trkpt lat="43.98271" lon="5.74229">
        <ele>598.8</ele>
      </trkpt>
      <trkpt lat="43.98274" lon="5.74222">
        <ele>597.7</ele>
      </trkpt>
      <trkpt lat="43.98279" lon="5.74217">
        <ele>596.9</ele>
      </trkpt>
      <trkpt lat="43.9828" lon="5.74217">
        <ele>597.0</ele>
      </trkpt>
      <trkpt lat="43.98286" lon="5.74214">
        <ele>596.6</ele>
      </trkpt>
      <trkpt lat="43.98293" lon="5.74213">
        <ele>596.5</ele>
      </trkpt>
      <trkpt lat="43.98297" lon="5.74214">
        <ele>596.8</ele>
      </trkpt>
      <trkpt lat="43.98302" lon="5.74214">
        <ele>596.8</ele>
      </trkpt>
      <trkpt lat="43.9831" lon="5.74216">
        <ele>597.3</ele>
      </trkpt>
      <trkpt lat="43.98315" lon="5.74215">
        <ele>597.2</ele>
      </trkpt>
      <trkpt lat="43.98321" lon="5.74213">
        <ele>597.0</ele>
      </trkpt>
      <trkpt lat="43.98327" lon="5.74211">
        <ele>596.8</ele>
      </trkpt>
      <trkpt lat="43.98334" lon="5.74206">
        <ele>596.1</ele>
      </trkpt>
      <trkpt lat="43.983379" lon="5.74202">
        <ele>595.5</ele>
      </trkpt>
      <trkpt lat="43.98341" lon="5.74198">
        <ele>594.8</ele>
      </trkpt>
      <trkpt lat="43.98348" lon="5.7419">
        <ele>593.4</ele>
      </trkpt>
      <trkpt lat="43.98352" lon="5.74185">
        <ele>592.5</ele>
      </trkpt>
      <trkpt lat="43.98356" lon="5.74178">
        <ele>591.2</ele>
      </trkpt>
      <trkpt lat="43.98358" lon="5.74174">
        <ele>590.4</ele>
      </trkpt>
      <trkpt lat="43.98361" lon="5.7417">
        <ele>589.6</ele>
      </trkpt>
      <trkpt lat="43.98364" lon="5.74168">
        <ele>589.1</ele>
      </trkpt>
      <trkpt lat="43.98365" lon="5.74168">
        <ele>589.1</ele>
      </trkpt>
      <trkpt lat="43.9837" lon="5.74165">
        <ele>588.1</ele>
      </trkpt>
      <trkpt lat="43.98382" lon="5.74163">
        <ele>587.0</ele>
      </trkpt>
      <trkpt lat="43.98386" lon="5.74162">
        <ele>586.6</ele>
      </trkpt>
      <trkpt lat="43.984" lon="5.74159">
        <ele>585.1</ele>
      </trkpt>
      <trkpt lat="43.984139" lon="5.74156">
        <ele>583.6</ele>
      </trkpt>
      <trkpt lat="43.98417" lon="5.74155">
        <ele>583.2</ele>
      </trkpt>
      <trkpt lat="43.98438" lon="5.7415">
        <ele>581.7</ele>
      </trkpt>
      <trkpt lat="43.98451" lon="5.74148">
        <ele>581.2</ele>
      </trkpt>
      <trkpt lat="43.98453" lon="5.74148">
        <ele>581.2</ele>
      </trkpt>
      <trkpt lat="43.98463" lon="5.74146">
        <ele>580.7</ele>
      </trkpt>
      <trkpt lat="43.984699" lon="5.74144">
        <ele>580.2</ele>
      </trkpt>
      <trkpt lat="43.98471" lon="5.74143">
        <ele>580.0</ele>
      </trkpt>
      <trkpt lat="43.98475" lon="5.74142">
        <ele>579.8</ele>
      </trkpt>
      <trkpt lat="43.98483" lon="5.74136">
        <ele>578.3</ele>
      </trkpt>
      <trkpt lat="43.984879" lon="5.74135">
        <ele>578.2</ele>
      </trkpt>
      <trkpt lat="43.98493" lon="5.741329">
        <ele>577.8</ele>
      </trkpt>
      <trkpt lat="43.98506" lon="5.74129">
        <ele>577.0</ele>
      </trkpt>
      <trkpt lat="43.9851" lon="5.74128">
        <ele>576.8</ele>
      </trkpt>
      <trkpt lat="43.98516" lon="5.741259">
        <ele>576.4</ele>
      </trkpt>
      <trkpt lat="43.98521" lon="5.74122">
        <ele>575.6</ele>
      </trkpt>
      <trkpt lat="43.98522" lon="5.74121">
        <ele>575.4</ele>
      </trkpt>
      <trkpt lat="43.9853" lon="5.74113">
        <ele>573.8</ele>
      </trkpt>
      <trkpt lat="43.98538" lon="5.74105">
        <ele>572.3</ele>
      </trkpt>
      <trkpt lat="43.98549" lon="5.74096">
        <ele>570.9</ele>
      </trkpt>
      <trkpt lat="43.98552" lon="5.74094">
        <ele>570.6</ele>
      </trkpt>
      <trkpt lat="43.98558" lon="5.74089">
        <ele>569.9</ele>
      </trkpt>
      <trkpt lat="43.98565" lon="5.74086">
        <ele>569.6</ele>
      </trkpt>
      <trkpt lat="43.98569" lon="5.74085">
        <ele>569.6</ele>
      </trkpt>
      <trkpt lat="43.9857" lon="5.74085">
        <ele>569.7</ele>
      </trkpt>
      <trkpt lat="43.98577" lon="5.74085">
        <ele>570.0</ele>
      </trkpt>
      <trkpt lat="43.98585" lon="5.74085">
        <ele>570.2</ele>
      </trkpt>
      <trkpt lat="43.985909" lon="5.74086">
        <ele>570.1</ele>
      </trkpt>
      <trkpt lat="43.98595" lon="5.74086">
        <ele>569.9</ele>
      </trkpt>
      <trkpt lat="43.98599" lon="5.74085">
        <ele>569.5</ele>
      </trkpt>
      <trkpt lat="43.98603" lon="5.74083">
        <ele>569.0</ele>
      </trkpt>
      <trkpt lat="43.98604" lon="5.74083">
        <ele>569.0</ele>
      </trkpt>
      <trkpt lat="43.98612" lon="5.74077">
        <ele>567.6</ele>
      </trkpt>
      <trkpt lat="43.98626" lon="5.7407">
        <ele>565.7</ele>
      </trkpt>
      <trkpt lat="43.98635" lon="5.74066">
        <ele>564.6</ele>
      </trkpt>
      <trkpt lat="43.986379" lon="5.74066">
        <ele>564.5</ele>
      </trkpt>
      <trkpt lat="43.98641" lon="5.740649">
        <ele>564.2</ele>
      </trkpt>
      <trkpt lat="43.98642" lon="5.740649">
        <ele>564.1</ele>
      </trkpt>
      <trkpt lat="43.98652" lon="5.74066">
        <ele>563.8</ele>
      </trkpt>
      <trkpt lat="43.98661" lon="5.74067">
        <ele>563.5</ele>
      </trkpt>
      <trkpt lat="43.9867" lon="5.7407">
        <ele>563.4</ele>
      </trkpt>
      <trkpt lat="43.98673" lon="5.74071">
        <ele>563.2</ele>
      </trkpt>
      <trkpt lat="43.986759" lon="5.740719">
        <ele>563.0</ele>
      </trkpt>
      <trkpt lat="43.9868" lon="5.7407">
        <ele>562.2</ele>
      </trkpt>
      <trkpt lat="43.98686" lon="5.74066">
        <ele>560.9</ele>
      </trkpt>
      <trkpt lat="43.9869" lon="5.74063">
        <ele>559.9</ele>
      </trkpt>
      <trkpt lat="43.98695" lon="5.74061">
        <ele>559.0</ele>
      </trkpt>
      <trkpt lat="43.987" lon="5.74059">
        <ele>558.1</ele>
      </trkpt>
      <trkpt lat="43.98708" lon="5.74059">
        <ele>557.2</ele>
      </trkpt>
      <trkpt lat="43.98709" lon="5.740579">
        <ele>557.0</ele>
      </trkpt>
      <trkpt lat="43.98719" lon="5.740579">
        <ele>555.8</ele>
      </trkpt>
      <trkpt lat="43.98726" lon="5.74059">
        <ele>555.2</ele>
      </trkpt>
      <trkpt lat="43.98743" lon="5.74063">
        <ele>553.9</ele>
      </trkpt>
      <trkpt lat="43.98747" lon="5.74064">
        <ele>553.6</ele>
      </trkpt>
      <trkpt lat="43.98757" lon="5.74066">
        <ele>552.2</ele>
      </trkpt>
      <trkpt lat="43.987609" lon="5.74068">
        <ele>551.8</ele>
      </trkpt>
      <trkpt lat="43.98763" lon="5.74069">
        <ele>551.5</ele>
      </trkpt>
      <trkpt lat="43.987699" lon="5.74074">
        <ele>550.9</ele>
      </trkpt>
      <trkpt lat="43.98774" lon="5.74078">
        <ele>550.7</ele>
      </trkpt>
      <trkpt lat="43.98776" lon="5.74081">
        <ele>550.7</ele>
      </trkpt>
      <trkpt lat="43.98778" lon="5.74086">
        <ele>550.9</ele>
      </trkpt>
      <trkpt lat="43.987789" lon="5.74096">
        <ele>551.6</ele>
      </trkpt>
      <trkpt lat="43.987789" lon="5.74109">
        <ele>552.8</ele>
      </trkpt>
      <trkpt lat="43.987789" lon="5.74115">
        <ele>553.4</ele>
      </trkpt>
      <trkpt lat="43.9878" lon="5.7412">
        <ele>553.6</ele>
      </trkpt>
      <trkpt lat="43.98782" lon="5.74124">
        <ele>553.6</ele>
      </trkpt>
      <trkpt lat="43.9879" lon="5.74132">
        <ele>553.0</ele>
      </trkpt>
      <trkpt lat="43.98793" lon="5.74134">
        <ele>552.6</ele>
      </trkpt>
      <trkpt lat="43.98801" lon="5.741399">
        <ele>551.8</ele>
      </trkpt>
      <trkpt lat="43.98802" lon="5.741399">
        <ele>551.6</ele>
      </trkpt>
      <trkpt lat="43.98809" lon="5.74146">
        <ele>551.0</ele>
      </trkpt>
      <trkpt lat="43.98813" lon="5.74153">
        <ele>551.0</ele>
      </trkpt>
      <trkpt lat="43.98814" lon="5.74155">
        <ele>551.1</ele>
      </trkpt>
      <trkpt lat="43.98815" lon="5.7416">
        <ele>551.4</ele>
      </trkpt>
      <trkpt lat="43.98816" lon="5.74163">
        <ele>551.5</ele>
      </trkpt>
      <trkpt lat="43.98816" lon="5.74168">
        <ele>552.0</ele>
      </trkpt>
      <trkpt lat="43.98816" lon="5.741799">
        <ele>553.1</ele>
      </trkpt>
      <trkpt lat="43.98815" lon="5.741869">
        <ele>553.9</ele>
      </trkpt>
      <trkpt lat="43.98816" lon="5.74193">
        <ele>554.3</ele>
      </trkpt>
      <trkpt lat="43.98819" lon="5.74196">
        <ele>554.1</ele>
      </trkpt>
      <trkpt lat="43.98823" lon="5.74198">
        <ele>553.5</ele>
      </trkpt>
      <trkpt lat="43.98824" lon="5.74198">
        <ele>553.3</ele>
      </trkpt>
      <trkpt lat="43.98828" lon="5.74195">
        <ele>552.3</ele>
      </trkpt>
      <trkpt lat="43.98834" lon="5.74189">
        <ele>551.0</ele>
      </trkpt>
      <trkpt lat="43.98839" lon="5.74184">
        <ele>551.3</ele>
      </trkpt>
      <trkpt lat="43.98846" lon="5.74175">
        <ele>551.5</ele>
      </trkpt>
      <trkpt lat="43.98853" lon="5.74169">
        <ele>552.0</ele>
      </trkpt>
      <trkpt lat="43.98858" lon="5.74164">
        <ele>552.2</ele>
      </trkpt>
      <trkpt lat="43.98861" lon="5.74158">
        <ele>551.8</ele>
      </trkpt>
      <trkpt lat="43.988639" lon="5.74152">
        <ele>551.4</ele>
      </trkpt>
      <trkpt lat="43.98865" lon="5.74151">
        <ele>551.4</ele>
      </trkpt>
      <trkpt lat="43.988729" lon="5.74135">
        <ele>550.0</ele>
      </trkpt>
      <trkpt lat="43.98875" lon="5.7413">
        <ele>549.5</ele>
      </trkpt>
      <trkpt lat="43.98886" lon="5.7411">
        <ele>547.5</ele>
      </trkpt>
      <trkpt lat="43.9889" lon="5.74102">
        <ele>546.5</ele>
      </trkpt>
      <trkpt lat="43.989019" lon="5.74078">
        <ele>543.2</ele>
      </trkpt>
      <trkpt lat="43.98907" lon="5.74069">
        <ele>542.0</ele>
      </trkpt>
      <trkpt lat="43.98916" lon="5.74052">
        <ele>539.3</ele>
      </trkpt>
      <trkpt lat="43.98924" lon="5.74035">
        <ele>536.7</ele>
      </trkpt>
      <trkpt lat="43.98927" lon="5.74028">
        <ele>535.6</ele>
      </trkpt>
      <trkpt lat="43.98932" lon="5.74019">
        <ele>534.2</ele>
      </trkpt>
      <trkpt lat="43.98939" lon="5.74007">
        <ele>532.4</ele>
      </trkpt>
      <trkpt lat="43.98946" lon="5.739969">
        <ele>530.7</ele>
      </trkpt>
      <trkpt lat="43.9895" lon="5.73992">
        <ele>529.8</ele>
      </trkpt>
      <trkpt lat="43.98954" lon="5.73987">
        <ele>528.8</ele>
      </trkpt>
      <trkpt lat="43.9896" lon="5.73983">
        <ele>528.1</ele>
      </trkpt>
      <trkpt lat="43.98961" lon="5.73983">
        <ele>528.1</ele>
      </trkpt>
      <trkpt lat="43.98965" lon="5.73982">
        <ele>528.0</ele>
      </trkpt>
      <trkpt lat="43.98973" lon="5.73982">
        <ele>528.3</ele>
      </trkpt>
      <trkpt lat="43.989849" lon="5.73983">
        <ele>529.0</ele>
      </trkpt>
      <trkpt lat="43.98994" lon="5.73985">
        <ele>529.8</ele>
      </trkpt>
      <trkpt lat="43.98997" lon="5.73986">
        <ele>530.2</ele>
      </trkpt>
      <trkpt lat="43.99004" lon="5.739899">
        <ele>530.9</ele>
      </trkpt>
      <trkpt lat="43.9902" lon="5.73999">
        <ele>531.1</ele>
      </trkpt>
      <trkpt lat="43.9903" lon="5.74005">
        <ele>531.1</ele>
      </trkpt>
      <trkpt lat="43.99036" lon="5.74007">
        <ele>530.7</ele>
      </trkpt>
      <trkpt lat="43.99047" lon="5.74007">
        <ele>529.3</ele>
      </trkpt>
      <trkpt lat="43.9906" lon="5.74008">
        <ele>527.9</ele>
      </trkpt>
      <trkpt lat="43.99066" lon="5.74008">
        <ele>527.1</ele>
      </trkpt>
      <trkpt lat="43.99073" lon="5.74008">
        <ele>526.2</ele>
      </trkpt>
      <trkpt lat="43.99084" lon="5.7401">
        <ele>525.3</ele>
      </trkpt>
      <trkpt lat="43.99094" lon="5.74012">
        <ele>523.9</ele>
      </trkpt>
      <trkpt lat="43.99102" lon="5.74013">
        <ele>522.6</ele>
      </trkpt>
      <trkpt lat="43.991079" lon="5.74014">
        <ele>521.7</ele>
      </trkpt>
      <trkpt lat="43.9911" lon="5.74013">
        <ele>521.1</ele>
      </trkpt>
      <trkpt lat="43.99112" lon="5.740109">
        <ele>520.3</ele>
      </trkpt>
      <trkpt lat="43.99113" lon="5.7401">
        <ele>519.9</ele>
      </trkpt>
      <trkpt lat="43.99114" lon="5.74007">
        <ele>519.2</ele>
      </trkpt>
      <trkpt lat="43.99113" lon="5.740039">
        <ele>518.8</ele>
      </trkpt>
      <trkpt lat="43.99113" lon="5.74003">
        <ele>518.6</ele>
      </trkpt>
      <trkpt lat="43.991079" lon="5.73994">
        <ele>518.2</ele>
      </trkpt>
      <trkpt lat="43.991" lon="5.73985">
        <ele>518.5</ele>
      </trkpt>
      <trkpt lat="43.99094" lon="5.73977">
        <ele>518.3</ele>
      </trkpt>
      <trkpt lat="43.9909" lon="5.73973">
        <ele>518.3</ele>
      </trkpt>
      <trkpt lat="43.99087" lon="5.73968">
        <ele>518.0</ele>
      </trkpt>
      <trkpt lat="43.99087" lon="5.73963">
        <ele>517.3</ele>
      </trkpt>
      <trkpt lat="43.99088" lon="5.73958">
        <ele>516.5</ele>
      </trkpt>
      <trkpt lat="43.99092" lon="5.73954">
        <ele>515.6</ele>
      </trkpt>
      <trkpt lat="43.99097" lon="5.73952">
        <ele>514.9</ele>
      </trkpt>
      <trkpt lat="43.99109" lon="5.73947">
        <ele>513.4</ele>
      </trkpt>
      <trkpt lat="43.99115" lon="5.73946">
        <ele>512.9</ele>
      </trkpt>
      <trkpt lat="43.99116" lon="5.73945">
        <ele>512.7</ele>
      </trkpt>
      <trkpt lat="43.99122" lon="5.73941">
        <ele>511.9</ele>
      </trkpt>
      <trkpt lat="43.99128" lon="5.73935">
        <ele>511.2</ele>
      </trkpt>
      <trkpt lat="43.9913" lon="5.73933">
        <ele>510.9</ele>
      </trkpt>
      <trkpt lat="43.99135" lon="5.73928">
        <ele>510.4</ele>
      </trkpt>
      <trkpt lat="43.99143" lon="5.73916">
        <ele>509.5</ele>
      </trkpt>
      <trkpt lat="43.99144" lon="5.73916">
        <ele>509.5</ele>
      </trkpt>
      <trkpt lat="43.99156" lon="5.73899">
        <ele>508.9</ele>
      </trkpt>
      <trkpt lat="43.99169" lon="5.73881">
        <ele>508.6</ele>
      </trkpt>
      <trkpt lat="43.99171" lon="5.73877">
        <ele>508.5</ele>
      </trkpt>
      <trkpt lat="43.991729" lon="5.73874">
        <ele>508.5</ele>
      </trkpt>
      <trkpt lat="43.9918" lon="5.73867">
        <ele>508.5</ele>
      </trkpt>
      <trkpt lat="43.99196" lon="5.73848">
        <ele>508.9</ele>
      </trkpt>
      <trkpt lat="43.99209" lon="5.73836">
        <ele>509.2</ele>
      </trkpt>
      <trkpt lat="43.99219" lon="5.73827">
        <ele>509.5</ele>
      </trkpt>
      <trkpt lat="43.99223" lon="5.73823">
        <ele>509.6</ele>
      </trkpt>
      <trkpt lat="43.99227" lon="5.7382">
        <ele>509.7</ele>
      </trkpt>
      <trkpt lat="43.992289" lon="5.7382">
        <ele>509.8</ele>
      </trkpt>
      <trkpt lat="43.99237" lon="5.73815">
        <ele>510.0</ele>
      </trkpt>
      <trkpt lat="43.9925" lon="5.73809">
        <ele>510.6</ele>
      </trkpt>
      <trkpt lat="43.99263" lon="5.73803">
        <ele>511.2</ele>
      </trkpt>
      <trkpt lat="43.99271" lon="5.73797">
        <ele>511.7</ele>
      </trkpt>
      <trkpt lat="43.99282" lon="5.7379">
        <ele>512.2</ele>
      </trkpt>
      <trkpt lat="43.99282" lon="5.7379">
        <ele>512.2</ele>
      </trkpt>
      <trkpt lat="43.9929" lon="5.73788">
        <ele>512.5</ele>
      </trkpt>
      <trkpt lat="43.99299" lon="5.73783">
        <ele>512.9</ele>
      </trkpt>
      <trkpt lat="43.993" lon="5.73783">
        <ele>512.9</ele>
      </trkpt>
      <trkpt lat="43.99315" lon="5.73773">
        <ele>513.4</ele>
      </trkpt>
      <trkpt lat="43.9932" lon="5.7377">
        <ele>513.6</ele>
      </trkpt>
      <trkpt lat="43.99339" lon="5.73759">
        <ele>514.1</ele>
      </trkpt>
      <trkpt lat="43.99347" lon="5.73754">
        <ele>514.3</ele>
      </trkpt>
      <trkpt lat="43.99348" lon="5.737529">
        <ele>514.4</ele>
      </trkpt>
      <trkpt lat="43.9935" lon="5.73752">
        <ele>514.4</ele>
      </trkpt>
      <trkpt lat="43.99355" lon="5.7375">
        <ele>514.5</ele>
      </trkpt>
      <trkpt lat="43.9936" lon="5.73749">
        <ele>514.6</ele>
      </trkpt>
      <trkpt lat="43.99366" lon="5.73749">
        <ele>514.8</ele>
      </trkpt>
      <trkpt lat="43.99367" lon="5.73749">
        <ele>514.8</ele>
      </trkpt>
      <trkpt lat="43.99379" lon="5.7375">
        <ele>515.1</ele>
      </trkpt>
      <trkpt lat="43.99384" lon="5.73751">
        <ele>515.2</ele>
      </trkpt>
      <trkpt lat="43.99393" lon="5.73752">
        <ele>515.4</ele>
      </trkpt>
      <trkpt lat="43.99402" lon="5.73755">
        <ele>515.7</ele>
      </trkpt>
      <trkpt lat="43.99406" lon="5.73757">
        <ele>515.8</ele>
      </trkpt>
      <trkpt lat="43.99413" lon="5.73759">
        <ele>516.0</ele>
      </trkpt>
      <trkpt lat="43.99419" lon="5.73761">
        <ele>516.2</ele>
      </trkpt>
      <trkpt lat="43.99431" lon="5.73766">
        <ele>516.8</ele>
      </trkpt>
      <trkpt lat="43.99448" lon="5.73773">
        <ele>517.6</ele>
      </trkpt>
      <trkpt lat="43.99453" lon="5.73776">
        <ele>517.9</ele>
      </trkpt>
      <trkpt lat="43.99461" lon="5.7378">
        <ele>518.3</ele>
      </trkpt>
      <trkpt lat="43.99475" lon="5.73787">
        <ele>519.2</ele>
      </trkpt>
      <trkpt lat="43.99483" lon="5.73793">
        <ele>519.7</ele>
      </trkpt>
      <trkpt lat="43.99489" lon="5.73799">
        <ele>520.2</ele>
      </trkpt>
      <trkpt lat="43.99489" lon="5.73799">
        <ele>520.2</ele>
      </trkpt>
      <trkpt lat="43.99498" lon="5.73799">
        <ele>520.7</ele>
      </trkpt>
      <trkpt lat="43.99506" lon="5.73801">
        <ele>521.1</ele>
      </trkpt>
      <trkpt lat="43.99519" lon="5.73804">
        <ele>521.7</ele>
      </trkpt>
      <trkpt lat="43.99536" lon="5.73808">
        <ele>522.5</ele>
      </trkpt>
      <trkpt lat="43.99551" lon="5.7381">
        <ele>523.2</ele>
      </trkpt>
      <trkpt lat="43.99588" lon="5.73812">
        <ele>524.7</ele>
      </trkpt>
      <trkpt lat="43.99617" lon="5.738139">
        <ele>525.8</ele>
      </trkpt>
      <trkpt lat="43.99617" lon="5.738138">
        <ele>525.8</ele>
      </trkpt>
      <trkpt lat="43.99653" lon="5.73816">
        <ele>527.3</ele>
      </trkpt>
      <trkpt lat="43.99659" lon="5.73816">
        <ele>527.5</ele>
      </trkpt>
      <trkpt lat="43.99677" lon="5.73817">
        <ele>528.2</ele>
      </trkpt>
      <trkpt lat="43.99719" lon="5.73818">
        <ele>529.6</ele>
      </trkpt>
      <trkpt lat="43.99747" lon="5.73818">
        <ele>530.5</ele>
      </trkpt>
      <trkpt lat="43.99756" lon="5.73817">
        <ele>530.8</ele>
      </trkpt>
      <trkpt lat="43.997639" lon="5.73815">
        <ele>530.9</ele>
      </trkpt>
      <trkpt lat="43.99783" lon="5.73808">
        <ele>531.3</ele>
      </trkpt>
      <trkpt lat="43.99816" lon="5.73798">
        <ele>532.1</ele>
      </trkpt>
      <trkpt lat="43.998579" lon="5.73783">
        <ele>533.9</ele>
      </trkpt>
      <trkpt lat="43.99868" lon="5.7378">
        <ele>534.4</ele>
      </trkpt>
      <trkpt lat="43.99886" lon="5.73773">
        <ele>535.4</ele>
      </trkpt>
      <trkpt lat="43.99891" lon="5.73772">
        <ele>535.7</ele>
      </trkpt>
      <trkpt lat="43.999429" lon="5.73751">
        <ele>538.0</ele>
      </trkpt>
      <trkpt lat="43.99988" lon="5.73734">
        <ele>539.3</ele>
      </trkpt>
      <trkpt lat="43.99995" lon="5.73731">
        <ele>539.6</ele>
      </trkpt>
      <trkpt lat="44.00036" lon="5.73714">
        <ele>540.9</ele>
      </trkpt>
      <trkpt lat="44.000549" lon="5.73707">
        <ele>541.5</ele>
      </trkpt>
      <trkpt lat="44.00099" lon="5.73689">
        <ele>542.9</ele>
      </trkpt>
      <trkpt lat="44.00113" lon="5.73684">
        <ele>543.5</ele>
      </trkpt>
      <trkpt lat="44.0013" lon="5.73677">
        <ele>544.2</ele>
      </trkpt>
      <trkpt lat="44.00168" lon="5.73661">
        <ele>546.1</ele>
      </trkpt>
      <trkpt lat="44.00226" lon="5.73636">
        <ele>548.2</ele>
      </trkpt>
      <trkpt lat="44.00279" lon="5.73613">
        <ele>550.6</ele>
      </trkpt>
      <trkpt lat="44.00298" lon="5.73604">
        <ele>551.7</ele>
      </trkpt>
      <trkpt lat="44.00335" lon="5.73586">
        <ele>554.0</ele>
      </trkpt>
      <trkpt lat="44.00356" lon="5.73576">
        <ele>554.2</ele>
      </trkpt>
      <trkpt lat="44.00365" lon="5.735699">
        <ele>554.3</ele>
      </trkpt>
      <trkpt lat="44.00365" lon="5.73569">
        <ele>554.3</ele>
      </trkpt>
      <trkpt lat="44.00372" lon="5.73564">
        <ele>554.4</ele>
      </trkpt>
      <trkpt lat="44.00388" lon="5.73551">
        <ele>554.8</ele>
      </trkpt>
      <trkpt lat="44.00427" lon="5.73519">
        <ele>556.1</ele>
      </trkpt>
      <trkpt lat="44.00453" lon="5.73496">
        <ele>557.4</ele>
      </trkpt>
      <trkpt lat="44.00459" lon="5.73491">
        <ele>557.9</ele>
      </trkpt>
      <trkpt lat="44.00494" lon="5.734619">
        <ele>560.5</ele>
      </trkpt>
      <trkpt lat="44.005249" lon="5.73436">
        <ele>562.0</ele>
      </trkpt>
      <trkpt lat="44.00537" lon="5.73424">
        <ele>562.6</ele>
      </trkpt>
      <trkpt lat="44.00539" lon="5.73422">
        <ele>562.7</ele>
      </trkpt>
      <trkpt lat="44.00559" lon="5.734">
        <ele>564.7</ele>
      </trkpt>
      <trkpt lat="44.00582" lon="5.73373">
        <ele>567.7</ele>
      </trkpt>
      <trkpt lat="44.00592" lon="5.7336">
        <ele>568.9</ele>
      </trkpt>
      <trkpt lat="44.00612" lon="5.73335">
        <ele>571.1</ele>
      </trkpt>
      <trkpt lat="44.00644" lon="5.73297">
        <ele>575.2</ele>
      </trkpt>
      <trkpt lat="44.00651" lon="5.73288">
        <ele>576.3</ele>
      </trkpt>
      <trkpt lat="44.00659" lon="5.73278">
        <ele>577.4</ele>
      </trkpt>
      <trkpt lat="44.00673" lon="5.73259">
        <ele>579.3</ele>
      </trkpt>
      <trkpt lat="44.00677" lon="5.73254">
        <ele>579.6</ele>
      </trkpt>
      <trkpt lat="44.0069" lon="5.73237">
        <ele>579.3</ele>
      </trkpt>
      <trkpt lat="44.00696" lon="5.73228">
        <ele>579.1</ele>
      </trkpt>
      <trkpt lat="44.00703" lon="5.73219">
        <ele>578.8</ele>
      </trkpt>
      <trkpt lat="44.00715" lon="5.73201">
        <ele>578.6</ele>
      </trkpt>
      <trkpt lat="44.00716" lon="5.732">
        <ele>578.5</ele>
      </trkpt>
      <trkpt lat="44.00727" lon="5.73184">
        <ele>578.4</ele>
      </trkpt>
      <trkpt lat="44.00728" lon="5.73183">
        <ele>578.4</ele>
      </trkpt>
      <trkpt lat="44.007399" lon="5.731639">
        <ele>578.6</ele>
      </trkpt>
      <trkpt lat="44.00754" lon="5.73142">
        <ele>578.4</ele>
      </trkpt>
      <trkpt lat="44.00763" lon="5.73127">
        <ele>577.9</ele>
      </trkpt>
      <trkpt lat="44.00776" lon="5.73109">
        <ele>576.7</ele>
      </trkpt>
      <trkpt lat="44.00788" lon="5.73091">
        <ele>575.4</ele>
      </trkpt>
      <trkpt lat="44.00799" lon="5.730749">
        <ele>574.8</ele>
      </trkpt>
      <trkpt lat="44.00803" lon="5.7307">
        <ele>574.7</ele>
      </trkpt>
      <trkpt lat="44.00812" lon="5.73057">
        <ele>574.9</ele>
      </trkpt>
      <trkpt lat="44.00824" lon="5.73039">
        <ele>575.4</ele>
      </trkpt>
      <trkpt lat="44.0083" lon="5.73029">
        <ele>575.9</ele>
      </trkpt>
      <trkpt lat="44.00859" lon="5.72986">
        <ele>577.3</ele>
      </trkpt>
      <trkpt lat="44.0086" lon="5.72984">
        <ele>577.4</ele>
      </trkpt>
      <trkpt lat="44.00862" lon="5.72982">
        <ele>577.3</ele>
      </trkpt>
      <trkpt lat="44.008719" lon="5.72966">
        <ele>577.1</ele>
      </trkpt>
      <trkpt lat="44.00882" lon="5.72951">
        <ele>576.5</ele>
      </trkpt>
      <trkpt lat="44.00885" lon="5.72947">
        <ele>576.2</ele>
      </trkpt>
      <trkpt lat="44.00887" lon="5.72944">
        <ele>576.1</ele>
      </trkpt>
      <trkpt lat="44.00897" lon="5.72929">
        <ele>574.9</ele>
      </trkpt>
      <trkpt lat="44.00916" lon="5.729">
        <ele>571.1</ele>
      </trkpt>
      <trkpt lat="44.00918" lon="5.72898">
        <ele>571.0</ele>
      </trkpt>
      <trkpt lat="44.009189" lon="5.72896">
        <ele>571.0</ele>
      </trkpt>
      <trkpt lat="44.00926" lon="5.72887">
        <ele>571.1</ele>
      </trkpt>
      <trkpt lat="44.00929" lon="5.7288">
        <ele>571.1</ele>
      </trkpt>
      <trkpt lat="44.00932" lon="5.72872">
        <ele>571.2</ele>
      </trkpt>
      <trkpt lat="44.00933" lon="5.72864">
        <ele>571.2</ele>
      </trkpt>
      <trkpt lat="44.00933" lon="5.72863">
        <ele>571.3</ele>
      </trkpt>
      <trkpt lat="44.00934" lon="5.7285">
        <ele>571.3</ele>
      </trkpt>
      <trkpt lat="44.00934" lon="5.7283">
        <ele>571.5</ele>
      </trkpt>
      <trkpt lat="44.00933" lon="5.72826">
        <ele>571.5</ele>
      </trkpt>
      <trkpt lat="44.00931" lon="5.72804">
        <ele>571.8</ele>
      </trkpt>
      <trkpt lat="44.0093" lon="5.72778">
        <ele>572.1</ele>
      </trkpt>
      <trkpt lat="44.0093" lon="5.72765">
        <ele>572.3</ele>
      </trkpt>
      <trkpt lat="44.0093" lon="5.72761">
        <ele>572.3</ele>
      </trkpt>
      <trkpt lat="44.00931" lon="5.72741">
        <ele>572.8</ele>
      </trkpt>
      <trkpt lat="44.00931" lon="5.7274">
        <ele>572.8</ele>
      </trkpt>
      <trkpt lat="44.00932" lon="5.72724">
        <ele>573.3</ele>
      </trkpt>
      <trkpt lat="44.00933" lon="5.72708">
        <ele>573.8</ele>
      </trkpt>
      <trkpt lat="44.00936" lon="5.72691">
        <ele>574.4</ele>
      </trkpt>
      <trkpt lat="44.00943" lon="5.72666">
        <ele>575.6</ele>
      </trkpt>
      <trkpt lat="44.00951" lon="5.7264">
        <ele>576.5</ele>
      </trkpt>
      <trkpt lat="44.009569" lon="5.72621">
        <ele>577.2</ele>
      </trkpt>
      <trkpt lat="44.0096" lon="5.7261">
        <ele>577.6</ele>
      </trkpt>
      <trkpt lat="44.00968" lon="5.72583">
        <ele>578.7</ele>
      </trkpt>
      <trkpt lat="44.00985" lon="5.72534">
        <ele>580.6</ele>
      </trkpt>
      <trkpt lat="44.00998" lon="5.72494">
        <ele>581.9</ele>
      </trkpt>
      <trkpt lat="44.00999" lon="5.72491">
        <ele>581.9</ele>
      </trkpt>
      <trkpt lat="44.01014" lon="5.72446">
        <ele>582.6</ele>
      </trkpt>
      <trkpt lat="44.01019" lon="5.7243">
        <ele>582.8</ele>
      </trkpt>
      <trkpt lat="44.01033" lon="5.72386">
        <ele>583.6</ele>
      </trkpt>
      <trkpt lat="44.01043" lon="5.723569">
        <ele>584.1</ele>
      </trkpt>
      <trkpt lat="44.01052" lon="5.72333">
        <ele>584.5</ele>
      </trkpt>
      <trkpt lat="44.010599" lon="5.72313">
        <ele>585.0</ele>
      </trkpt>
      <trkpt lat="44.01075" lon="5.72286">
        <ele>585.7</ele>
      </trkpt>
      <trkpt lat="44.01092" lon="5.72254">
        <ele>586.4</ele>
      </trkpt>
      <trkpt lat="44.01094" lon="5.7225">
        <ele>586.5</ele>
      </trkpt>
      <trkpt lat="44.01103" lon="5.72234">
        <ele>587.0</ele>
      </trkpt>
      <trkpt lat="44.011069" lon="5.722279">
        <ele>587.2</ele>
      </trkpt>
      <trkpt lat="44.01119" lon="5.72203">
        <ele>588.0</ele>
      </trkpt>
      <trkpt lat="44.01136" lon="5.72168">
        <ele>589.2</ele>
      </trkpt>
      <trkpt lat="44.01161" lon="5.72115">
        <ele>590.7</ele>
      </trkpt>
      <trkpt lat="44.011629" lon="5.7211">
        <ele>590.8</ele>
      </trkpt>
      <trkpt lat="44.01183" lon="5.72068">
        <ele>591.4</ele>
      </trkpt>
      <trkpt lat="44.01185" lon="5.72065">
        <ele>591.5</ele>
      </trkpt>
      <trkpt lat="44.01194" lon="5.72047">
        <ele>591.8</ele>
      </trkpt>
      <trkpt lat="44.01218" lon="5.719979">
        <ele>592.8</ele>
      </trkpt>
      <trkpt lat="44.01224" lon="5.71985">
        <ele>593.1</ele>
      </trkpt>
      <trkpt lat="44.0124" lon="5.71954">
        <ele>593.6</ele>
      </trkpt>
      <trkpt lat="44.012479" lon="5.719369">
        <ele>593.9</ele>
      </trkpt>
      <trkpt lat="44.01273" lon="5.71888">
        <ele>595.4</ele>
      </trkpt>
      <trkpt lat="44.012748" lon="5.718844">
        <ele>595.5</ele>
      </trkpt>
      <trkpt lat="44.01276" lon="5.71882">
        <ele>595.5</ele>
      </trkpt>
      <trkpt lat="44.01276" lon="5.71881">
        <ele>595.5</ele>
      </trkpt>
      <trkpt lat="44.01294" lon="5.71846">
        <ele>596.5</ele>
      </trkpt>
      <trkpt lat="44.01312" lon="5.71806">
        <ele>597.3</ele>
      </trkpt>
      <trkpt lat="44.01325" lon="5.71778">
        <ele>597.8</ele>
      </trkpt>
      <trkpt lat="44.01334" lon="5.71756">
        <ele>598.0</ele>
      </trkpt>
      <trkpt lat="44.01348" lon="5.71724">
        <ele>599.4</ele>
      </trkpt>
      <trkpt lat="44.01359" lon="5.717">
        <ele>600.4</ele>
      </trkpt>
      <trkpt lat="44.01367" lon="5.71676">
        <ele>601.2</ele>
      </trkpt>
      <trkpt lat="44.01372" lon="5.71661">
        <ele>601.5</ele>
      </trkpt>
      <trkpt lat="44.01374" lon="5.71655">
        <ele>601.6</ele>
      </trkpt>
      <trkpt lat="44.01376" lon="5.71646">
        <ele>601.6</ele>
      </trkpt>
      <trkpt lat="44.01384" lon="5.7162">
        <ele>601.9</ele>
      </trkpt>
      <trkpt lat="44.01391" lon="5.71593">
        <ele>602.3</ele>
      </trkpt>
      <trkpt lat="44.01395" lon="5.7158">
        <ele>602.5</ele>
      </trkpt>
      <trkpt lat="44.01404" lon="5.71549">
        <ele>602.3</ele>
      </trkpt>
      <trkpt lat="44.01409" lon="5.71535">
        <ele>602.3</ele>
      </trkpt>
      <trkpt lat="44.01412" lon="5.71526">
        <ele>602.2</ele>
      </trkpt>
      <trkpt lat="44.01415" lon="5.71518">
        <ele>602.2</ele>
      </trkpt>
      <trkpt lat="44.0142" lon="5.715099">
        <ele>602.2</ele>
      </trkpt>
      <trkpt lat="44.01426" lon="5.715">
        <ele>602.1</ele>
      </trkpt>
      <trkpt lat="44.01432" lon="5.71493">
        <ele>602.3</ele>
      </trkpt>
      <trkpt lat="44.0145" lon="5.71473">
        <ele>602.7</ele>
      </trkpt>
      <trkpt lat="44.01473" lon="5.71451">
        <ele>603.3</ele>
      </trkpt>
      <trkpt lat="44.01509" lon="5.71418">
        <ele>604.5</ele>
      </trkpt>
      <trkpt lat="44.01525" lon="5.71403">
        <ele>605.7</ele>
      </trkpt>
      <trkpt lat="44.01528" lon="5.714">
        <ele>605.9</ele>
      </trkpt>
      <trkpt lat="44.01538" lon="5.71392">
        <ele>606.6</ele>
      </trkpt>
      <trkpt lat="44.01552" lon="5.7138">
        <ele>607.5</ele>
      </trkpt>
      <trkpt lat="44.01564" lon="5.7137">
        <ele>608.1</ele>
      </trkpt>
      <trkpt lat="44.01577" lon="5.71361">
        <ele>608.7</ele>
      </trkpt>
      <trkpt lat="44.01589" lon="5.71352">
        <ele>609.2</ele>
      </trkpt>
      <trkpt lat="44.016" lon="5.71346">
        <ele>609.6</ele>
      </trkpt>
      <trkpt lat="44.01633" lon="5.71329">
        <ele>610.8</ele>
      </trkpt>
      <trkpt lat="44.016419" lon="5.71324">
        <ele>611.2</ele>
      </trkpt>
      <trkpt lat="44.016599" lon="5.71314">
        <ele>612.0</ele>
      </trkpt>
      <trkpt lat="44.01671" lon="5.71309">
        <ele>612.4</ele>
      </trkpt>
      <trkpt lat="44.01691" lon="5.712989">
        <ele>612.8</ele>
      </trkpt>
      <trkpt lat="44.017" lon="5.71294">
        <ele>613.1</ele>
      </trkpt>
      <trkpt lat="44.01708" lon="5.71291">
        <ele>613.3</ele>
      </trkpt>
      <trkpt lat="44.01717" lon="5.71289">
        <ele>613.5</ele>
      </trkpt>
      <trkpt lat="44.01731" lon="5.71287">
        <ele>613.8</ele>
      </trkpt>
      <trkpt lat="44.01739" lon="5.71287">
        <ele>613.9</ele>
      </trkpt>
      <trkpt lat="44.01774" lon="5.71285">
        <ele>614.5</ele>
      </trkpt>
      <trkpt lat="44.01812" lon="5.71284">
        <ele>615.1</ele>
      </trkpt>
      <trkpt lat="44.01833" lon="5.71282">
        <ele>615.5</ele>
      </trkpt>
      <trkpt lat="44.01861" lon="5.7128">
        <ele>616.3</ele>
      </trkpt>
      <trkpt lat="44.0188" lon="5.71279">
        <ele>616.8</ele>
      </trkpt>
      <trkpt lat="44.01891" lon="5.71278">
        <ele>617.3</ele>
      </trkpt>
      <trkpt lat="44.01894" lon="5.71277">
        <ele>617.5</ele>
      </trkpt>
      <trkpt lat="44.01907" lon="5.71277">
        <ele>617.8</ele>
      </trkpt>
      <trkpt lat="44.01912" lon="5.71277">
        <ele>618.0</ele>
      </trkpt>
      <trkpt lat="44.01918" lon="5.71277">
        <ele>618.2</ele>
      </trkpt>
      <trkpt lat="44.019329" lon="5.71279">
        <ele>618.7</ele>
      </trkpt>
      <trkpt lat="44.01949" lon="5.71282">
        <ele>619.2</ele>
      </trkpt>
      <trkpt lat="44.01966" lon="5.71285">
        <ele>619.7</ele>
      </trkpt>
      <trkpt lat="44.01996" lon="5.71292">
        <ele>620.2</ele>
      </trkpt>
      <trkpt lat="44.02023" lon="5.71296">
        <ele>620.3</ele>
      </trkpt>
      <trkpt lat="44.02041" lon="5.71301">
        <ele>619.8</ele>
      </trkpt>
      <trkpt lat="44.02053" lon="5.71304">
        <ele>619.6</ele>
      </trkpt>
      <trkpt lat="44.02062" lon="5.71305">
        <ele>619.7</ele>
      </trkpt>
      <trkpt lat="44.02069" lon="5.71303">
        <ele>620.1</ele>
      </trkpt>
      <trkpt lat="44.02076" lon="5.713">
        <ele>620.7</ele>
      </trkpt>
      <trkpt lat="44.02094" lon="5.71289">
        <ele>622.3</ele>
      </trkpt>
      <trkpt lat="44.02123" lon="5.71272">
        <ele>623.0</ele>
      </trkpt>
      <trkpt lat="44.02131" lon="5.712659">
        <ele>622.9</ele>
      </trkpt>
      <trkpt lat="44.021389" lon="5.71258">
        <ele>622.5</ele>
      </trkpt>
      <trkpt lat="44.02144" lon="5.71251">
        <ele>622.2</ele>
      </trkpt>
      <trkpt lat="44.02152" lon="5.71237">
        <ele>621.8</ele>
      </trkpt>
      <trkpt lat="44.02159" lon="5.71218">
        <ele>621.6</ele>
      </trkpt>
      <trkpt lat="44.02163" lon="5.71208">
        <ele>621.4</ele>
      </trkpt>
      <trkpt lat="44.02165" lon="5.71201">
        <ele>621.4</ele>
      </trkpt>
      <trkpt lat="44.02166" lon="5.71199">
        <ele>621.3</ele>
      </trkpt>
      <trkpt lat="44.02168" lon="5.711909">
        <ele>621.4</ele>
      </trkpt>
      <trkpt lat="44.02168" lon="5.71185">
        <ele>621.6</ele>
      </trkpt>
      <trkpt lat="44.02167" lon="5.71179">
        <ele>621.7</ele>
      </trkpt>
      <trkpt lat="44.02166" lon="5.71175">
        <ele>621.9</ele>
      </trkpt>
      <trkpt lat="44.02165" lon="5.71173">
        <ele>622.0</ele>
      </trkpt>
      <trkpt lat="44.02163" lon="5.71169">
        <ele>622.4</ele>
      </trkpt>
      <trkpt lat="44.02147" lon="5.71132">
        <ele>624.8</ele>
      </trkpt>
      <trkpt lat="44.021299" lon="5.71095">
        <ele>625.3</ele>
      </trkpt>
      <trkpt lat="44.02123" lon="5.71087">
        <ele>625.1</ele>
      </trkpt>
      <trkpt lat="44.02115" lon="5.71079">
        <ele>624.8</ele>
      </trkpt>
      <trkpt lat="44.02114" lon="5.71078">
        <ele>624.8</ele>
      </trkpt>
      <trkpt lat="44.02103" lon="5.71068">
        <ele>624.7</ele>
      </trkpt>
      <trkpt lat="44.02098" lon="5.710619">
        <ele>624.7</ele>
      </trkpt>
      <trkpt lat="44.02093" lon="5.71051">
        <ele>624.7</ele>
      </trkpt>
      <trkpt lat="44.02088" lon="5.71037">
        <ele>624.7</ele>
      </trkpt>
      <trkpt lat="44.02084" lon="5.7102">
        <ele>624.8</ele>
      </trkpt>
      <trkpt lat="44.02082" lon="5.710009">
        <ele>625.0</ele>
      </trkpt>
      <trkpt lat="44.02081" lon="5.70991">
        <ele>625.0</ele>
      </trkpt>
      <trkpt lat="44.02076" lon="5.70941">
        <ele>624.3</ele>
      </trkpt>
      <trkpt lat="44.02074" lon="5.70927">
        <ele>624.1</ele>
      </trkpt>
      <trkpt lat="44.02073" lon="5.70917">
        <ele>623.9</ele>
      </trkpt>
      <trkpt lat="44.02071" lon="5.70892">
        <ele>623.6</ele>
      </trkpt>
      <trkpt lat="44.02069" lon="5.708719">
        <ele>623.4</ele>
      </trkpt>
      <trkpt lat="44.02068" lon="5.70867">
        <ele>623.3</ele>
      </trkpt>
      <trkpt lat="44.02067" lon="5.708649">
        <ele>623.3</ele>
      </trkpt>
      <trkpt lat="44.02065" lon="5.70858">
        <ele>623.2</ele>
      </trkpt>
      <trkpt lat="44.02056" lon="5.7084">
        <ele>623.1</ele>
      </trkpt>
      <trkpt lat="44.02047" lon="5.708249">
        <ele>623.2</ele>
      </trkpt>
      <trkpt lat="44.0203" lon="5.70802">
        <ele>623.8</ele>
      </trkpt>
      <trkpt lat="44.02021" lon="5.7079">
        <ele>624.0</ele>
      </trkpt>
      <trkpt lat="44.02016" lon="5.70783">
        <ele>624.2</ele>
      </trkpt>
      <trkpt lat="44.02011" lon="5.70777">
        <ele>624.4</ele>
      </trkpt>
      <trkpt lat="44.02009" lon="5.70774">
        <ele>624.4</ele>
      </trkpt>
      <trkpt lat="44.02008" lon="5.70773">
        <ele>624.4</ele>
      </trkpt>
      <trkpt lat="44.02008" lon="5.70772">
        <ele>624.5</ele>
      </trkpt>
      <trkpt lat="44.01995" lon="5.70755">
        <ele>624.8</ele>
      </trkpt>
      <trkpt lat="44.019889" lon="5.70747">
        <ele>624.9</ele>
      </trkpt>
      <trkpt lat="44.01946" lon="5.706889">
        <ele>625.3</ele>
      </trkpt>
      <trkpt lat="44.0193" lon="5.70668">
        <ele>625.8</ele>
      </trkpt>
      <trkpt lat="44.01928" lon="5.70664">
        <ele>625.9</ele>
      </trkpt>
      <trkpt lat="44.01926" lon="5.70661">
        <ele>625.9</ele>
      </trkpt>
      <trkpt lat="44.01908" lon="5.70639">
        <ele>626.1</ele>
      </trkpt>
      <trkpt lat="44.01862" lon="5.70579">
        <ele>627.3</ele>
      </trkpt>
      <trkpt lat="44.01829" lon="5.70537">
        <ele>628.1</ele>
      </trkpt>
      <trkpt lat="44.01816" lon="5.705199">
        <ele>628.5</ele>
      </trkpt>
      <trkpt lat="44.01813" lon="5.70515">
        <ele>628.6</ele>
      </trkpt>
      <trkpt lat="44.01803" lon="5.70502">
        <ele>629.1</ele>
      </trkpt>
      <trkpt lat="44.01744" lon="5.70426">
        <ele>630.0</ele>
      </trkpt>
      <trkpt lat="44.01713" lon="5.70382">
        <ele>629.9</ele>
      </trkpt>
      <trkpt lat="44.01693" lon="5.70352">
        <ele>630.4</ele>
      </trkpt>
      <trkpt lat="44.01688" lon="5.70347">
        <ele>630.5</ele>
      </trkpt>
      <trkpt lat="44.01685" lon="5.70342">
        <ele>630.6</ele>
      </trkpt>
      <trkpt lat="44.0168" lon="5.703369">
        <ele>630.8</ele>
      </trkpt>
      <trkpt lat="44.01674" lon="5.70332">
        <ele>631.1</ele>
      </trkpt>
      <trkpt lat="44.01673" lon="5.70332">
        <ele>631.1</ele>
      </trkpt>
      <trkpt lat="44.01663" lon="5.70325">
        <ele>632.1</ele>
      </trkpt>
      <trkpt lat="44.01657" lon="5.70322">
        <ele>632.6</ele>
      </trkpt>
      <trkpt lat="44.01632" lon="5.70308">
        <ele>635.0</ele>
      </trkpt>
      <trkpt lat="44.01624" lon="5.70303">
        <ele>635.8</ele>
      </trkpt>
      <trkpt lat="44.01598" lon="5.70288">
        <ele>637.8</ele>
      </trkpt>
      <trkpt lat="44.01571" lon="5.70271">
        <ele>639.5</ele>
      </trkpt>
      <trkpt lat="44.015569" lon="5.70261">
        <ele>640.0</ele>
      </trkpt>
      <trkpt lat="44.01543" lon="5.70249">
        <ele>640.6</ele>
      </trkpt>
      <trkpt lat="44.0154" lon="5.70244">
        <ele>641.1</ele>
      </trkpt>
      <trkpt lat="44.015389" lon="5.70243">
        <ele>641.1</ele>
      </trkpt>
      <trkpt lat="44.01529" lon="5.70232">
        <ele>642.1</ele>
      </trkpt>
      <trkpt lat="44.01525" lon="5.70226">
        <ele>642.6</ele>
      </trkpt>
      <trkpt lat="44.01517" lon="5.70212">
        <ele>643.9</ele>
      </trkpt>
      <trkpt lat="44.01506" lon="5.70198">
        <ele>645.1</ele>
      </trkpt>
      <trkpt lat="44.01503" lon="5.70195">
        <ele>645.3</ele>
      </trkpt>
      <trkpt lat="44.015009" lon="5.70193">
        <ele>645.5</ele>
      </trkpt>
      <trkpt lat="44.01498" lon="5.70191">
        <ele>645.6</ele>
      </trkpt>
      <trkpt lat="44.01491" lon="5.70187">
        <ele>645.9</ele>
      </trkpt>
      <trkpt lat="44.01484" lon="5.70186">
        <ele>645.9</ele>
      </trkpt>
      <trkpt lat="44.01475" lon="5.70185">
        <ele>645.8</ele>
      </trkpt>
      <trkpt lat="44.01466" lon="5.70183">
        <ele>645.9</ele>
      </trkpt>
      <trkpt lat="44.01459" lon="5.70181">
        <ele>645.9</ele>
      </trkpt>
      <trkpt lat="44.014449" lon="5.70175">
        <ele>646.1</ele>
      </trkpt>
      <trkpt lat="44.01439" lon="5.70172">
        <ele>646.2</ele>
      </trkpt>
      <trkpt lat="44.01435" lon="5.70169">
        <ele>646.3</ele>
      </trkpt>
      <trkpt lat="44.01433" lon="5.70166">
        <ele>646.5</ele>
      </trkpt>
      <trkpt lat="44.0143" lon="5.70162">
        <ele>646.8</ele>
      </trkpt>
      <trkpt lat="44.014249" lon="5.70152">
        <ele>647.6</ele>
      </trkpt>
      <trkpt lat="44.01422" lon="5.70146">
        <ele>648.1</ele>
      </trkpt>
      <trkpt lat="44.01417" lon="5.70136">
        <ele>649.0</ele>
      </trkpt>
      <trkpt lat="44.01411" lon="5.70126">
        <ele>650.0</ele>
      </trkpt>
      <trkpt lat="44.01409" lon="5.70124">
        <ele>650.2</ele>
      </trkpt>
      <trkpt lat="44.01404" lon="5.70122">
        <ele>650.4</ele>
      </trkpt>
      <trkpt lat="44.01402" lon="5.70121">
        <ele>650.6</ele>
      </trkpt>
      <trkpt lat="44.01394" lon="5.7012">
        <ele>650.8</ele>
      </trkpt>
      <trkpt lat="44.01388" lon="5.7012">
        <ele>650.8</ele>
      </trkpt>
      <trkpt lat="44.01374" lon="5.7012">
        <ele>651.0</ele>
      </trkpt>
      <trkpt lat="44.01359" lon="5.70119">
        <ele>651.3</ele>
      </trkpt>
      <trkpt lat="44.0134" lon="5.70115">
        <ele>651.9</ele>
      </trkpt>
      <trkpt lat="44.013219" lon="5.7011">
        <ele>652.7</ele>
      </trkpt>
      <trkpt lat="44.01311" lon="5.70107">
        <ele>653.1</ele>
      </trkpt>
      <trkpt lat="44.01305" lon="5.70105">
        <ele>653.4</ele>
      </trkpt>
      <trkpt lat="44.01281" lon="5.70098">
        <ele>654.4</ele>
      </trkpt>
      <trkpt lat="44.01261" lon="5.7009">
        <ele>655.4</ele>
      </trkpt>
      <trkpt lat="44.012479" lon="5.70082">
        <ele>656.2</ele>
      </trkpt>
      <trkpt lat="44.0124" lon="5.70076">
        <ele>656.8</ele>
      </trkpt>
      <trkpt lat="44.01237" lon="5.70074">
        <ele>657.0</ele>
      </trkpt>
      <trkpt lat="44.01213" lon="5.70059">
        <ele>658.5</ele>
      </trkpt>
      <trkpt lat="44.01188" lon="5.7004">
        <ele>660.1</ele>
      </trkpt>
      <trkpt lat="44.01165" lon="5.70019">
        <ele>661.6</ele>
      </trkpt>
      <trkpt lat="44.0116" lon="5.700109">
        <ele>662.2</ele>
      </trkpt>
      <trkpt lat="44.01155" lon="5.70005">
        <ele>662.6</ele>
      </trkpt>
      <trkpt lat="44.01149" lon="5.69991">
        <ele>663.1</ele>
      </trkpt>
      <trkpt lat="44.01147" lon="5.69982">
        <ele>663.3</ele>
      </trkpt>
      <trkpt lat="44.01145" lon="5.69972">
        <ele>663.4</ele>
      </trkpt>
      <trkpt lat="44.01145" lon="5.69967">
        <ele>663.5</ele>
      </trkpt>
      <trkpt lat="44.01145" lon="5.69962">
        <ele>663.6</ele>
      </trkpt>
      <trkpt lat="44.01147" lon="5.69942">
        <ele>663.9</ele>
      </trkpt>
      <trkpt lat="44.01149" lon="5.69926">
        <ele>664.1</ele>
      </trkpt>
      <trkpt lat="44.0115" lon="5.69918">
        <ele>664.2</ele>
      </trkpt>
      <trkpt lat="44.011539" lon="5.69897">
        <ele>663.8</ele>
      </trkpt>
      <trkpt lat="44.01155" lon="5.69894">
        <ele>663.7</ele>
      </trkpt>
      <trkpt lat="44.0116" lon="5.69878">
        <ele>663.3</ele>
      </trkpt>
      <trkpt lat="44.011629" lon="5.69872">
        <ele>663.1</ele>
      </trkpt>
      <trkpt lat="44.01168" lon="5.69857">
        <ele>662.6</ele>
      </trkpt>
      <trkpt lat="44.01171" lon="5.6985">
        <ele>662.6</ele>
      </trkpt>
      <trkpt lat="44.01176" lon="5.69836">
        <ele>662.4</ele>
      </trkpt>
      <trkpt lat="44.01178" lon="5.69827">
        <ele>662.2</ele>
      </trkpt>
      <trkpt lat="44.0118" lon="5.69821">
        <ele>662.0</ele>
      </trkpt>
      <trkpt lat="44.011809" lon="5.69806">
        <ele>661.5</ele>
      </trkpt>
      <trkpt lat="44.0118" lon="5.69802">
        <ele>661.4</ele>
      </trkpt>
      <trkpt lat="44.0118" lon="5.69792">
        <ele>661.0</ele>
      </trkpt>
      <trkpt lat="44.01178" lon="5.69779">
        <ele>660.5</ele>
      </trkpt>
      <trkpt lat="44.01177" lon="5.69778">
        <ele>660.4</ele>
      </trkpt>
      <trkpt lat="44.01174" lon="5.69764">
        <ele>659.8</ele>
      </trkpt>
      <trkpt lat="44.01166" lon="5.69738">
        <ele>658.8</ele>
      </trkpt>
      <trkpt lat="44.0116" lon="5.69719">
        <ele>659.0</ele>
      </trkpt>
      <trkpt lat="44.01156" lon="5.69699">
        <ele>658.9</ele>
      </trkpt>
      <trkpt lat="44.011539" lon="5.69684">
        <ele>658.7</ele>
      </trkpt>
      <trkpt lat="44.01151" lon="5.6966">
        <ele>658.5</ele>
      </trkpt>
      <trkpt lat="44.01151" lon="5.696589">
        <ele>658.5</ele>
      </trkpt>
      <trkpt lat="44.01147" lon="5.69636">
        <ele>658.6</ele>
      </trkpt>
      <trkpt lat="44.01146" lon="5.69635">
        <ele>658.7</ele>
      </trkpt>
      <trkpt lat="44.0114" lon="5.69611">
        <ele>658.9</ele>
      </trkpt>
      <trkpt lat="44.01139" lon="5.69607">
        <ele>658.9</ele>
      </trkpt>
      <trkpt lat="44.01135" lon="5.69594">
        <ele>659.0</ele>
      </trkpt>
      <trkpt lat="44.01127" lon="5.69577">
        <ele>659.4</ele>
      </trkpt>
      <trkpt lat="44.01114" lon="5.69554">
        <ele>659.7</ele>
      </trkpt>
      <trkpt lat="44.01096" lon="5.69525">
        <ele>659.2</ele>
      </trkpt>
      <trkpt lat="44.01088" lon="5.6951">
        <ele>658.5</ele>
      </trkpt>
      <trkpt lat="44.01082" lon="5.69499">
        <ele>658.1</ele>
      </trkpt>
      <trkpt lat="44.0107" lon="5.69475">
        <ele>658.7</ele>
      </trkpt>
      <trkpt lat="44.01056" lon="5.69454">
        <ele>658.8</ele>
      </trkpt>
      <trkpt lat="44.01042" lon="5.69436">
        <ele>658.5</ele>
      </trkpt>
      <trkpt lat="44.01025" lon="5.69417">
        <ele>657.6</ele>
      </trkpt>
      <trkpt lat="44.01016" lon="5.694079">
        <ele>657.5</ele>
      </trkpt>
      <trkpt lat="44.01009" lon="5.69402">
        <ele>657.3</ele>
      </trkpt>
      <trkpt lat="44.01006" lon="5.69399">
        <ele>657.2</ele>
      </trkpt>
      <trkpt lat="44.00995" lon="5.69388">
        <ele>656.8</ele>
      </trkpt>
      <trkpt lat="44.00983" lon="5.69376">
        <ele>656.1</ele>
      </trkpt>
      <trkpt lat="44.00968" lon="5.69357">
        <ele>655.0</ele>
      </trkpt>
      <trkpt lat="44.00959" lon="5.69344">
        <ele>654.2</ele>
      </trkpt>
      <trkpt lat="44.00953" lon="5.69332">
        <ele>653.6</ele>
      </trkpt>
      <trkpt lat="44.00949" lon="5.69325">
        <ele>653.4</ele>
      </trkpt>
      <trkpt lat="44.00947" lon="5.69323">
        <ele>653.3</ele>
      </trkpt>
      <trkpt lat="44.00946" lon="5.69321">
        <ele>653.3</ele>
      </trkpt>
      <trkpt lat="44.00946" lon="5.6932">
        <ele>653.3</ele>
      </trkpt>
      <trkpt lat="44.00945" lon="5.69318">
        <ele>653.2</ele>
      </trkpt>
      <trkpt lat="44.00945" lon="5.69313">
        <ele>653.3</ele>
      </trkpt>
      <trkpt lat="44.00945" lon="5.69305">
        <ele>653.4</ele>
      </trkpt>
      <trkpt lat="44.00945" lon="5.69292">
        <ele>653.5</ele>
      </trkpt>
      <trkpt lat="44.00943" lon="5.69285">
        <ele>653.4</ele>
      </trkpt>
      <trkpt lat="44.0094" lon="5.69248">
        <ele>653.7</ele>
      </trkpt>
      <trkpt lat="44.00938" lon="5.69237">
        <ele>654.1</ele>
      </trkpt>
      <trkpt lat="44.00936" lon="5.692319">
        <ele>654.2</ele>
      </trkpt>
      <trkpt lat="44.00932" lon="5.69224">
        <ele>654.0</ele>
      </trkpt>
      <trkpt lat="44.00922" lon="5.6921">
        <ele>652.9</ele>
      </trkpt>
      <trkpt lat="44.00918" lon="5.69205">
        <ele>652.3</ele>
      </trkpt>
      <trkpt lat="44.00911" lon="5.69195">
        <ele>652.5</ele>
      </trkpt>
      <trkpt lat="44.00907" lon="5.6919">
        <ele>652.6</ele>
      </trkpt>
      <trkpt lat="44.00904" lon="5.69181">
        <ele>652.8</ele>
      </trkpt>
      <trkpt lat="44.009" lon="5.691709">
        <ele>653.0</ele>
      </trkpt>
      <trkpt lat="44.00899" lon="5.69167">
        <ele>653.0</ele>
      </trkpt>
      <trkpt lat="44.00895" lon="5.69153">
        <ele>654.3</ele>
      </trkpt>
      <trkpt lat="44.00894" lon="5.69148">
        <ele>654.8</ele>
      </trkpt>
      <trkpt lat="44.00892" lon="5.69141">
        <ele>655.3</ele>
      </trkpt>
      <trkpt lat="44.00888" lon="5.69127">
        <ele>656.3</ele>
      </trkpt>
      <trkpt lat="44.00882" lon="5.69116">
        <ele>656.5</ele>
      </trkpt>
      <trkpt lat="44.0088" lon="5.69112">
        <ele>656.5</ele>
      </trkpt>
      <trkpt lat="44.00874" lon="5.69102">
        <ele>656.4</ele>
      </trkpt>
      <trkpt lat="44.00866" lon="5.69088">
        <ele>655.7</ele>
      </trkpt>
      <trkpt lat="44.00852" lon="5.69067">
        <ele>654.4</ele>
      </trkpt>
      <trkpt lat="44.0085" lon="5.69064">
        <ele>654.1</ele>
      </trkpt>
      <trkpt lat="44.00844" lon="5.69053">
        <ele>653.3</ele>
      </trkpt>
      <trkpt lat="44.00831" lon="5.69025">
        <ele>651.8</ele>
      </trkpt>
      <trkpt lat="44.00821" lon="5.69002">
        <ele>653.6</ele>
      </trkpt>
      <trkpt lat="44.00818" lon="5.6899">
        <ele>654.2</ele>
      </trkpt>
      <trkpt lat="44.00815" lon="5.68979">
        <ele>654.7</ele>
      </trkpt>
      <trkpt lat="44.00812" lon="5.68965">
        <ele>655.2</ele>
      </trkpt>
      <trkpt lat="44.00811" lon="5.68954">
        <ele>655.4</ele>
      </trkpt>
      <trkpt lat="44.00811" lon="5.6894">
        <ele>655.6</ele>
      </trkpt>
      <trkpt lat="44.00814" lon="5.68924">
        <ele>655.6</ele>
      </trkpt>
      <trkpt lat="44.00815" lon="5.68917">
        <ele>655.7</ele>
      </trkpt>
      <trkpt lat="44.00818" lon="5.68905">
        <ele>655.2</ele>
      </trkpt>
      <trkpt lat="44.008249" lon="5.68871">
        <ele>653.5</ele>
      </trkpt>
      <trkpt lat="44.008249" lon="5.68869">
        <ele>653.5</ele>
      </trkpt>
      <trkpt lat="44.00832" lon="5.68829">
        <ele>650.7</ele>
      </trkpt>
      <trkpt lat="44.00835" lon="5.68821">
        <ele>650.4</ele>
      </trkpt>
      <trkpt lat="44.00838" lon="5.68808">
        <ele>650.2</ele>
      </trkpt>
      <trkpt lat="44.00846" lon="5.687839">
        <ele>650.8</ele>
      </trkpt>
      <trkpt lat="44.00851" lon="5.68769">
        <ele>651.1</ele>
      </trkpt>
      <trkpt lat="44.00853" lon="5.6876">
        <ele>650.9</ele>
      </trkpt>
      <trkpt lat="44.00853" lon="5.687509">
        <ele>649.9</ele>
      </trkpt>
      <trkpt lat="44.00854" lon="5.68739">
        <ele>649.9</ele>
      </trkpt>
      <trkpt lat="44.00853" lon="5.68726">
        <ele>649.2</ele>
      </trkpt>
      <trkpt lat="44.00852" lon="5.68724">
        <ele>648.7</ele>
      </trkpt>
      <trkpt lat="44.00852" lon="5.687229">
        <ele>648.7</ele>
      </trkpt>
      <trkpt lat="44.00848" lon="5.68705">
        <ele>646.8</ele>
      </trkpt>
      <trkpt lat="44.00842" lon="5.68688">
        <ele>644.3</ele>
      </trkpt>
      <trkpt lat="44.00838" lon="5.68681">
        <ele>642.8</ele>
      </trkpt>
      <trkpt lat="44.00837" lon="5.68678">
        <ele>642.4</ele>
      </trkpt>
      <trkpt lat="44.0083" lon="5.68663">
        <ele>640.3</ele>
      </trkpt>
      <trkpt lat="44.0082" lon="5.6864">
        <ele>637.3</ele>
      </trkpt>
      <trkpt lat="44.008159" lon="5.68624">
        <ele>635.5</ele>
      </trkpt>
      <trkpt lat="44.00815" lon="5.686149">
        <ele>634.7</ele>
      </trkpt>
      <trkpt lat="44.00815" lon="5.68614">
        <ele>634.6</ele>
      </trkpt>
      <trkpt lat="44.00815" lon="5.68609">
        <ele>634.2</ele>
      </trkpt>
      <trkpt lat="44.00815" lon="5.68604">
        <ele>633.8</ele>
      </trkpt>
      <trkpt lat="44.008159" lon="5.686009">
        <ele>633.7</ele>
      </trkpt>
      <trkpt lat="44.00818" lon="5.68595">
        <ele>633.5</ele>
      </trkpt>
      <trkpt lat="44.00824" lon="5.68586">
        <ele>633.7</ele>
      </trkpt>
      <trkpt lat="44.00835" lon="5.68577">
        <ele>634.7</ele>
      </trkpt>
      <trkpt lat="44.00836" lon="5.68577">
        <ele>634.9</ele>
      </trkpt>
      <trkpt lat="44.00852" lon="5.685679">
        <ele>636.7</ele>
      </trkpt>
      <trkpt lat="44.00866" lon="5.6856">
        <ele>637.8</ele>
      </trkpt>
      <trkpt lat="44.00868" lon="5.68558">
        <ele>637.8</ele>
      </trkpt>
      <trkpt lat="44.00885" lon="5.6855">
        <ele>639.0</ele>
      </trkpt>
      <trkpt lat="44.00902" lon="5.68541">
        <ele>639.5</ele>
      </trkpt>
      <trkpt lat="44.009189" lon="5.68532">
        <ele>639.5</ele>
      </trkpt>
      <trkpt lat="44.00953" lon="5.68514">
        <ele>638.5</ele>
      </trkpt>
      <trkpt lat="44.00967" lon="5.685069">
        <ele>638.0</ele>
      </trkpt>
      <trkpt lat="44.009749" lon="5.68502">
        <ele>637.4</ele>
      </trkpt>
      <trkpt lat="44.009839" lon="5.68497">
        <ele>637.2</ele>
      </trkpt>
      <trkpt lat="44.00991" lon="5.684929">
        <ele>637.2</ele>
      </trkpt>
      <trkpt lat="44.01001" lon="5.68488">
        <ele>637.4</ele>
      </trkpt>
      <trkpt lat="44.01012" lon="5.6848">
        <ele>637.1</ele>
      </trkpt>
      <trkpt lat="44.01024" lon="5.6847">
        <ele>636.6</ele>
      </trkpt>
      <trkpt lat="44.01033" lon="5.68463">
        <ele>636.3</ele>
      </trkpt>
      <trkpt lat="44.01056" lon="5.68449">
        <ele>636.0</ele>
      </trkpt>
      <trkpt lat="44.01073" lon="5.684389">
        <ele>635.7</ele>
      </trkpt>
      <trkpt lat="44.01095" lon="5.68427">
        <ele>634.6</ele>
      </trkpt>
      <trkpt lat="44.01102" lon="5.68423">
        <ele>633.9</ele>
      </trkpt>
      <trkpt lat="44.011719" lon="5.68383">
        <ele>629.9</ele>
      </trkpt>
      <trkpt lat="44.01191" lon="5.68373">
        <ele>630.4</ele>
      </trkpt>
      <trkpt lat="44.01202" lon="5.68366">
        <ele>630.5</ele>
      </trkpt>
      <trkpt lat="44.012189" lon="5.68356">
        <ele>630.7</ele>
      </trkpt>
      <trkpt lat="44.01235" lon="5.68347">
        <ele>630.7</ele>
      </trkpt>
      <trkpt lat="44.01268" lon="5.68328">
        <ele>630.7</ele>
      </trkpt>
      <trkpt lat="44.01302" lon="5.68309">
        <ele>631.0</ele>
      </trkpt>
      <trkpt lat="44.01362" lon="5.68275">
        <ele>630.0</ele>
      </trkpt>
      <trkpt lat="44.01396" lon="5.68257">
        <ele>629.8</ele>
      </trkpt>
      <trkpt lat="44.01414" lon="5.68247">
        <ele>629.8</ele>
      </trkpt>
      <trkpt lat="44.01437" lon="5.682349">
        <ele>629.7</ele>
      </trkpt>
      <trkpt lat="44.0145" lon="5.68228">
        <ele>629.5</ele>
      </trkpt>
      <trkpt lat="44.01465" lon="5.68221">
        <ele>629.3</ele>
      </trkpt>
      <trkpt lat="44.0148" lon="5.68215">
        <ele>629.2</ele>
      </trkpt>
      <trkpt lat="44.01486" lon="5.68214">
        <ele>629.2</ele>
      </trkpt>
      <trkpt lat="44.01496" lon="5.68214">
        <ele>629.2</ele>
      </trkpt>
      <trkpt lat="44.01503" lon="5.68215">
        <ele>629.4</ele>
      </trkpt>
      <trkpt lat="44.01505" lon="5.68215">
        <ele>629.4</ele>
      </trkpt>
      <trkpt lat="44.015099" lon="5.68216">
        <ele>629.6</ele>
      </trkpt>
      <trkpt lat="44.01522" lon="5.6822">
        <ele>630.0</ele>
      </trkpt>
      <trkpt lat="44.01538" lon="5.68228">
        <ele>630.6</ele>
      </trkpt>
      <trkpt lat="44.01547" lon="5.68231">
        <ele>630.9</ele>
      </trkpt>
      <trkpt lat="44.01552" lon="5.68233">
        <ele>631.1</ele>
      </trkpt>
      <trkpt lat="44.01558" lon="5.682349">
        <ele>631.2</ele>
      </trkpt>
      <trkpt lat="44.01562" lon="5.682349">
        <ele>631.3</ele>
      </trkpt>
      <trkpt lat="44.01572" lon="5.68234">
        <ele>631.4</ele>
      </trkpt>
      <trkpt lat="44.01577" lon="5.68232">
        <ele>631.5</ele>
      </trkpt>
      <trkpt lat="44.01581" lon="5.6823">
        <ele>631.5</ele>
      </trkpt>
      <trkpt lat="44.01598" lon="5.68217">
        <ele>631.5</ele>
      </trkpt>
      <trkpt lat="44.01603" lon="5.68212">
        <ele>631.6</ele>
      </trkpt>
      <trkpt lat="44.01614" lon="5.682019">
        <ele>632.0</ele>
      </trkpt>
      <trkpt lat="44.01624" lon="5.68192">
        <ele>632.4</ele>
      </trkpt>
      <trkpt lat="44.01638" lon="5.68177">
        <ele>632.9</ele>
      </trkpt>
      <trkpt lat="44.01649" lon="5.68166">
        <ele>633.3</ele>
      </trkpt>
      <trkpt lat="44.01652" lon="5.68162">
        <ele>634.5</ele>
      </trkpt>
      <trkpt lat="44.01656" lon="5.68159">
        <ele>635.5</ele>
      </trkpt>
      <trkpt lat="44.016599" lon="5.68156">
        <ele>636.6</ele>
      </trkpt>
      <trkpt lat="44.01664" lon="5.68154">
        <ele>637.3</ele>
      </trkpt>
      <trkpt lat="44.016689" lon="5.68152">
        <ele>638.2</ele>
      </trkpt>
      <trkpt lat="44.01674" lon="5.68151">
        <ele>638.7</ele>
      </trkpt>
      <trkpt lat="44.01678" lon="5.6815">
        <ele>639.2</ele>
      </trkpt>
      <trkpt lat="44.01686" lon="5.68148">
        <ele>640.2</ele>
      </trkpt>
      <trkpt lat="44.01696" lon="5.68147">
        <ele>641.1</ele>
      </trkpt>
      <trkpt lat="44.01727" lon="5.6815">
        <ele>641.9</ele>
      </trkpt>
      <trkpt lat="44.01769" lon="5.68155">
        <ele>642.1</ele>
      </trkpt>
      <trkpt lat="44.01793" lon="5.68158">
        <ele>641.9</ele>
      </trkpt>
      <trkpt lat="44.01802" lon="5.68158">
        <ele>642.2</ele>
      </trkpt>
      <trkpt lat="44.01807" lon="5.68157">
        <ele>642.6</ele>
      </trkpt>
      <trkpt lat="44.01817" lon="5.68157">
        <ele>642.9</ele>
      </trkpt>
      <trkpt lat="44.01822" lon="5.68156">
        <ele>643.3</ele>
      </trkpt>
      <trkpt lat="44.01828" lon="5.68155">
        <ele>643.7</ele>
      </trkpt>
      <trkpt lat="44.0183" lon="5.68154">
        <ele>644.0</ele>
      </trkpt>
      <trkpt lat="44.01858" lon="5.68145">
        <ele>645.3</ele>
      </trkpt>
      <trkpt lat="44.01865" lon="5.68143">
        <ele>645.4</ele>
      </trkpt>
      <trkpt lat="44.01875" lon="5.6814">
        <ele>645.5</ele>
      </trkpt>
      <trkpt lat="44.01882" lon="5.68136">
        <ele>645.8</ele>
      </trkpt>
      <trkpt lat="44.01885" lon="5.68135">
        <ele>645.8</ele>
      </trkpt>
      <trkpt lat="44.01894" lon="5.68129">
        <ele>646.1</ele>
      </trkpt>
      <trkpt lat="44.01899" lon="5.68126">
        <ele>646.1</ele>
      </trkpt>
      <trkpt lat="44.01902" lon="5.68124">
        <ele>646.2</ele>
      </trkpt>
      <trkpt lat="44.01908" lon="5.68118">
        <ele>646.4</ele>
      </trkpt>
      <trkpt lat="44.01914" lon="5.68112">
        <ele>646.5</ele>
      </trkpt>
      <trkpt lat="44.01916" lon="5.6811">
        <ele>646.5</ele>
      </trkpt>
      <trkpt lat="44.01922" lon="5.68103">
        <ele>646.8</ele>
      </trkpt>
      <trkpt lat="44.01925" lon="5.68099">
        <ele>647.0</ele>
      </trkpt>
      <trkpt lat="44.0193" lon="5.68095">
        <ele>647.0</ele>
      </trkpt>
      <trkpt lat="44.01934" lon="5.6809">
        <ele>647.2</ele>
      </trkpt>
      <trkpt lat="44.01946" lon="5.68083">
        <ele>646.9</ele>
      </trkpt>
      <trkpt lat="44.01946" lon="5.68082">
        <ele>647.0</ele>
      </trkpt>
      <trkpt lat="44.01978" lon="5.68062">
        <ele>647.5</ele>
      </trkpt>
      <trkpt lat="44.01979" lon="5.68062">
        <ele>647.4</ele>
      </trkpt>
      <trkpt lat="44.0202" lon="5.68036">
        <ele>648.6</ele>
      </trkpt>
      <trkpt lat="44.02028" lon="5.68031">
        <ele>648.7</ele>
      </trkpt>
      <trkpt lat="44.02044" lon="5.6802">
        <ele>648.8</ele>
      </trkpt>
      <trkpt lat="44.02048" lon="5.68017">
        <ele>648.8</ele>
      </trkpt>
      <trkpt lat="44.02055" lon="5.68013">
        <ele>648.6</ele>
      </trkpt>
      <trkpt lat="44.02058" lon="5.68011">
        <ele>648.5</ele>
      </trkpt>
      <trkpt lat="44.0207" lon="5.680049">
        <ele>647.9</ele>
      </trkpt>
      <trkpt lat="44.020829" lon="5.68001">
        <ele>647.0</ele>
      </trkpt>
      <trkpt lat="44.02096" lon="5.679979">
        <ele>647.0</ele>
      </trkpt>
      <trkpt lat="44.02115" lon="5.67996">
        <ele>647.0</ele>
      </trkpt>
      <trkpt lat="44.02151" lon="5.67993">
        <ele>647.0</ele>
      </trkpt>
      <trkpt lat="44.0218" lon="5.679909">
        <ele>647.2</ele>
      </trkpt>
      <trkpt lat="44.02184" lon="5.679909">
        <ele>647.3</ele>
      </trkpt>
      <trkpt lat="44.02201" lon="5.6799">
        <ele>647.6</ele>
      </trkpt>
      <trkpt lat="44.0222" lon="5.679909">
        <ele>647.7</ele>
      </trkpt>
      <trkpt lat="44.02238" lon="5.67993">
        <ele>647.6</ele>
      </trkpt>
      <trkpt lat="44.02257" lon="5.67996">
        <ele>647.9</ele>
      </trkpt>
      <trkpt lat="44.022799" lon="5.68">
        <ele>649.2</ele>
      </trkpt>
      <trkpt lat="44.02317" lon="5.6801">
        <ele>650.9</ele>
      </trkpt>
      <trkpt lat="44.023269" lon="5.68013">
        <ele>651.2</ele>
      </trkpt>
      <trkpt lat="44.0233" lon="5.68013">
        <ele>651.4</ele>
      </trkpt>
      <trkpt lat="44.02342" lon="5.68017">
        <ele>651.2</ele>
      </trkpt>
      <trkpt lat="44.02347" lon="5.68018">
        <ele>651.2</ele>
      </trkpt>
      <trkpt lat="44.02349" lon="5.68019">
        <ele>651.1</ele>
      </trkpt>
      <trkpt lat="44.02359" lon="5.68022">
        <ele>650.9</ele>
      </trkpt>
      <trkpt lat="44.02365" lon="5.68023">
        <ele>650.9</ele>
      </trkpt>
      <trkpt lat="44.02382" lon="5.68029">
        <ele>650.7</ele>
      </trkpt>
      <trkpt lat="44.02393" lon="5.68032">
        <ele>650.6</ele>
      </trkpt>
      <trkpt lat="44.0241" lon="5.68036">
        <ele>650.7</ele>
      </trkpt>
      <trkpt lat="44.02419" lon="5.68037">
        <ele>650.8</ele>
      </trkpt>
      <trkpt lat="44.02428" lon="5.6804">
        <ele>650.7</ele>
      </trkpt>
      <trkpt lat="44.02446" lon="5.68045">
        <ele>650.5</ele>
      </trkpt>
      <trkpt lat="44.02457" lon="5.68048">
        <ele>650.3</ele>
      </trkpt>
      <trkpt lat="44.02463" lon="5.6805">
        <ele>650.2</ele>
      </trkpt>
      <trkpt lat="44.02504" lon="5.68062">
        <ele>649.7</ele>
      </trkpt>
      <trkpt lat="44.02516" lon="5.68065">
        <ele>649.9</ele>
      </trkpt>
      <trkpt lat="44.02552" lon="5.68074">
        <ele>650.6</ele>
      </trkpt>
      <trkpt lat="44.02605" lon="5.68088">
        <ele>652.0</ele>
      </trkpt>
      <trkpt lat="44.02622" lon="5.68092">
        <ele>652.8</ele>
      </trkpt>
      <trkpt lat="44.02623" lon="5.68093">
        <ele>652.8</ele>
      </trkpt>
      <trkpt lat="44.0264" lon="5.68097">
        <ele>653.5</ele>
      </trkpt>
      <trkpt lat="44.02698" lon="5.68112">
        <ele>655.3</ele>
      </trkpt>
      <trkpt lat="44.02723" lon="5.68119">
        <ele>655.8</ele>
      </trkpt>
      <trkpt lat="44.02754" lon="5.681269">
        <ele>656.6</ele>
      </trkpt>
      <trkpt lat="44.027589" lon="5.68128">
        <ele>656.8</ele>
      </trkpt>
      <trkpt lat="44.02776" lon="5.68133">
        <ele>657.5</ele>
      </trkpt>
      <trkpt lat="44.02789" lon="5.68136">
        <ele>658.0</ele>
      </trkpt>
      <trkpt lat="44.02806" lon="5.681409">
        <ele>658.5</ele>
      </trkpt>
      <trkpt lat="44.028239" lon="5.68147">
        <ele>658.8</ele>
      </trkpt>
      <trkpt lat="44.02838" lon="5.68151">
        <ele>658.9</ele>
      </trkpt>
      <trkpt lat="44.028419" lon="5.68152">
        <ele>658.8</ele>
      </trkpt>
      <trkpt lat="44.02845" lon="5.68153">
        <ele>658.6</ele>
      </trkpt>
      <trkpt lat="44.02851" lon="5.68152">
        <ele>658.7</ele>
      </trkpt>
      <trkpt lat="44.02853" lon="5.68152">
        <ele>658.7</ele>
      </trkpt>
      <trkpt lat="44.02857" lon="5.68152">
        <ele>658.7</ele>
      </trkpt>
      <trkpt lat="44.02864" lon="5.68152">
        <ele>658.7</ele>
      </trkpt>
      <trkpt lat="44.028709" lon="5.68149">
        <ele>659.0</ele>
      </trkpt>
      <trkpt lat="44.02883" lon="5.681409">
        <ele>659.6</ele>
      </trkpt>
      <trkpt lat="44.0289" lon="5.681339">
        <ele>660.0</ele>
      </trkpt>
      <trkpt lat="44.02895" lon="5.68128">
        <ele>660.3</ele>
      </trkpt>
      <trkpt lat="44.02903" lon="5.681129">
        <ele>661.0</ele>
      </trkpt>
      <trkpt lat="44.02917" lon="5.68082">
        <ele>662.2</ele>
      </trkpt>
      <trkpt lat="44.02929" lon="5.68057">
        <ele>665.0</ele>
      </trkpt>
      <trkpt lat="44.02938" lon="5.68035">
        <ele>667.0</ele>
      </trkpt>
      <trkpt lat="44.02944" lon="5.68023">
        <ele>667.8</ele>
      </trkpt>
      <trkpt lat="44.02948" lon="5.68015">
        <ele>668.2</ele>
      </trkpt>
      <trkpt lat="44.0295" lon="5.680119">
        <ele>668.3</ele>
      </trkpt>
      <trkpt lat="44.02951" lon="5.68009">
        <ele>668.4</ele>
      </trkpt>
      <trkpt lat="44.02958" lon="5.67995">
        <ele>669.0</ele>
      </trkpt>
      <trkpt lat="44.0296" lon="5.67992">
        <ele>669.1</ele>
      </trkpt>
      <trkpt lat="44.02964" lon="5.67986">
        <ele>669.2</ele>
      </trkpt>
      <trkpt lat="44.02978" lon="5.67967">
        <ele>669.2</ele>
      </trkpt>
      <trkpt lat="44.03004" lon="5.679369">
        <ele>668.0</ele>
      </trkpt>
      <trkpt lat="44.03014" lon="5.67926">
        <ele>668.3</ele>
      </trkpt>
      <trkpt lat="44.03031" lon="5.67908">
        <ele>669.4</ele>
      </trkpt>
      <trkpt lat="44.03042" lon="5.67894">
        <ele>670.7</ele>
      </trkpt>
      <trkpt lat="44.03048" lon="5.67887">
        <ele>671.1</ele>
      </trkpt>
      <trkpt lat="44.03058" lon="5.678759">
        <ele>671.5</ele>
      </trkpt>
      <trkpt lat="44.03079" lon="5.67851">
        <ele>671.5</ele>
      </trkpt>
      <trkpt lat="44.03087" lon="5.67842">
        <ele>671.7</ele>
      </trkpt>
      <trkpt lat="44.03095" lon="5.67832">
        <ele>672.7</ele>
      </trkpt>
      <trkpt lat="44.03108" lon="5.6782">
        <ele>675.3</ele>
      </trkpt>
      <trkpt lat="44.0312" lon="5.67809">
        <ele>676.9</ele>
      </trkpt>
      <trkpt lat="44.03127" lon="5.678009">
        <ele>677.7</ele>
      </trkpt>
      <trkpt lat="44.031329" lon="5.67796">
        <ele>677.9</ele>
      </trkpt>
      <trkpt lat="44.03142" lon="5.67788">
        <ele>677.9</ele>
      </trkpt>
      <trkpt lat="44.03151" lon="5.6778">
        <ele>677.5</ele>
      </trkpt>
      <trkpt lat="44.03177" lon="5.67756">
        <ele>677.1</ele>
      </trkpt>
      <trkpt lat="44.03187" lon="5.677469">
        <ele>678.4</ele>
      </trkpt>
      <trkpt lat="44.032089" lon="5.67729">
        <ele>681.4</ele>
      </trkpt>
      <trkpt lat="44.03245" lon="5.67699">
        <ele>680.2</ele>
      </trkpt>
      <trkpt lat="44.03264" lon="5.67682">
        <ele>680.4</ele>
      </trkpt>
      <trkpt lat="44.03275" lon="5.67671">
        <ele>680.6</ele>
      </trkpt>
      <trkpt lat="44.03283" lon="5.67662">
        <ele>681.3</ele>
      </trkpt>
      <trkpt lat="44.03291" lon="5.67651">
        <ele>682.7</ele>
      </trkpt>
      <trkpt lat="44.03298" lon="5.6764">
        <ele>683.5</ele>
      </trkpt>
      <trkpt lat="44.03302" lon="5.6763">
        <ele>683.8</ele>
      </trkpt>
      <trkpt lat="44.033029" lon="5.67627">
        <ele>683.8</ele>
      </trkpt>
      <trkpt lat="44.03311" lon="5.67608">
        <ele>683.5</ele>
      </trkpt>
      <trkpt lat="44.033119" lon="5.67606">
        <ele>683.4</ele>
      </trkpt>
      <trkpt lat="44.03319" lon="5.67586">
        <ele>682.2</ele>
      </trkpt>
      <trkpt lat="44.033299" lon="5.67558">
        <ele>683.4</ele>
      </trkpt>
      <trkpt lat="44.03336" lon="5.67542">
        <ele>685.0</ele>
      </trkpt>
      <trkpt lat="44.03345" lon="5.6752">
        <ele>688.5</ele>
      </trkpt>
      <trkpt lat="44.03345" lon="5.67518">
        <ele>688.6</ele>
      </trkpt>
      <trkpt lat="44.03353" lon="5.674959">
        <ele>691.1</ele>
      </trkpt>
      <trkpt lat="44.0336" lon="5.67477">
        <ele>693.3</ele>
      </trkpt>
      <trkpt lat="44.03361" lon="5.67475">
        <ele>693.4</ele>
      </trkpt>
      <trkpt lat="44.03366" lon="5.67461">
        <ele>694.4</ele>
      </trkpt>
      <trkpt lat="44.03369" lon="5.67454">
        <ele>694.6</ele>
      </trkpt>
      <trkpt lat="44.0337" lon="5.67453">
        <ele>694.6</ele>
      </trkpt>
      <trkpt lat="44.03375" lon="5.67447">
        <ele>694.4</ele>
      </trkpt>
      <trkpt lat="44.0338" lon="5.67441">
        <ele>694.0</ele>
      </trkpt>
      <trkpt lat="44.03384" lon="5.67438">
        <ele>693.6</ele>
      </trkpt>
      <trkpt lat="44.03399" lon="5.67424">
        <ele>690.9</ele>
      </trkpt>
      <trkpt lat="44.03411" lon="5.67413">
        <ele>688.5</ele>
      </trkpt>
      <trkpt lat="44.03459" lon="5.6737">
        <ele>691.7</ele>
      </trkpt>
      <trkpt lat="44.034619" lon="5.67368">
        <ele>691.6</ele>
      </trkpt>
      <trkpt lat="44.03475" lon="5.67357">
        <ele>690.2</ele>
      </trkpt>
      <trkpt lat="44.03488" lon="5.67344">
        <ele>687.4</ele>
      </trkpt>
      <trkpt lat="44.03492" lon="5.673409">
        <ele>686.5</ele>
      </trkpt>
      <trkpt lat="44.03496" lon="5.67337">
        <ele>685.3</ele>
      </trkpt>
      <trkpt lat="44.03502" lon="5.6733">
        <ele>684.8</ele>
      </trkpt>
      <trkpt lat="44.03508" lon="5.67323">
        <ele>686.7</ele>
      </trkpt>
      <trkpt lat="44.03514" lon="5.673129">
        <ele>688.4</ele>
      </trkpt>
      <trkpt lat="44.03515" lon="5.67309">
        <ele>688.7</ele>
      </trkpt>
      <trkpt lat="44.035179" lon="5.67302">
        <ele>689.4</ele>
      </trkpt>
      <trkpt lat="44.03525" lon="5.67283">
        <ele>690.3</ele>
      </trkpt>
      <trkpt lat="44.0353" lon="5.672589">
        <ele>690.1</ele>
      </trkpt>
      <trkpt lat="44.03541" lon="5.67216">
        <ele>692.2</ele>
      </trkpt>
      <trkpt lat="44.03546" lon="5.671979">
        <ele>692.7</ele>
      </trkpt>
      <trkpt lat="44.03554" lon="5.67163">
        <ele>692.5</ele>
      </trkpt>
      <trkpt lat="44.03562" lon="5.67133">
        <ele>692.3</ele>
      </trkpt>
      <trkpt lat="44.035649" lon="5.67123">
        <ele>692.0</ele>
      </trkpt>
      <trkpt lat="44.03566" lon="5.67122">
        <ele>691.8</ele>
      </trkpt>
      <trkpt lat="44.03568" lon="5.67116">
        <ele>691.5</ele>
      </trkpt>
      <trkpt lat="44.035739" lon="5.67106">
        <ele>690.0</ele>
      </trkpt>
      <trkpt lat="44.03583" lon="5.67094">
        <ele>687.5</ele>
      </trkpt>
      <trkpt lat="44.03585" lon="5.67092">
        <ele>687.6</ele>
      </trkpt>
      <trkpt lat="44.03597" lon="5.67077">
        <ele>690.0</ele>
      </trkpt>
      <trkpt lat="44.0362" lon="5.67052">
        <ele>694.5</ele>
      </trkpt>
      <trkpt lat="44.03643" lon="5.67031">
        <ele>695.5</ele>
      </trkpt>
      <trkpt lat="44.036589" lon="5.67016">
        <ele>694.7</ele>
      </trkpt>
      <trkpt lat="44.03663" lon="5.67012">
        <ele>694.2</ele>
      </trkpt>
      <trkpt lat="44.03667" lon="5.67009">
        <ele>693.8</ele>
      </trkpt>
      <trkpt lat="44.03677" lon="5.67003">
        <ele>693.5</ele>
      </trkpt>
      <trkpt lat="44.03682" lon="5.67">
        <ele>693.3</ele>
      </trkpt>
      <trkpt lat="44.036879" lon="5.66998">
        <ele>693.6</ele>
      </trkpt>
      <trkpt lat="44.03693" lon="5.66996">
        <ele>694.1</ele>
      </trkpt>
      <trkpt lat="44.03699" lon="5.66995">
        <ele>694.1</ele>
      </trkpt>
      <trkpt lat="44.03703" lon="5.66994">
        <ele>694.2</ele>
      </trkpt>
      <trkpt lat="44.0371" lon="5.66994">
        <ele>693.9</ele>
      </trkpt>
      <trkpt lat="44.03719" lon="5.66996">
        <ele>692.8</ele>
      </trkpt>
      <trkpt lat="44.03736" lon="5.66999">
        <ele>691.0</ele>
      </trkpt>
      <trkpt lat="44.03759" lon="5.67003">
        <ele>690.7</ele>
      </trkpt>
      <trkpt lat="44.03785" lon="5.67009">
        <ele>692.4</ele>
      </trkpt>
      <trkpt lat="44.03786" lon="5.6701">
        <ele>692.6</ele>
      </trkpt>
      <trkpt lat="44.03793" lon="5.67011">
        <ele>692.9</ele>
      </trkpt>
      <trkpt lat="44.03803" lon="5.67012">
        <ele>693.4</ele>
      </trkpt>
      <trkpt lat="44.03808" lon="5.67013">
        <ele>693.6</ele>
      </trkpt>
      <trkpt lat="44.03813" lon="5.67013">
        <ele>693.8</ele>
      </trkpt>
      <trkpt lat="44.03822" lon="5.67012">
        <ele>693.9</ele>
      </trkpt>
      <trkpt lat="44.03835" lon="5.670079">
        <ele>693.9</ele>
      </trkpt>
      <trkpt lat="44.03849" lon="5.67">
        <ele>693.4</ele>
      </trkpt>
      <trkpt lat="44.03872" lon="5.66986">
        <ele>696.3</ele>
      </trkpt>
      <trkpt lat="44.03896" lon="5.66971">
        <ele>698.2</ele>
      </trkpt>
      <trkpt lat="44.03921" lon="5.66956">
        <ele>699.6</ele>
      </trkpt>
      <trkpt lat="44.03923" lon="5.66955">
        <ele>699.8</ele>
      </trkpt>
      <trkpt lat="44.03934" lon="5.66949">
        <ele>700.7</ele>
      </trkpt>
      <trkpt lat="44.03943" lon="5.66943">
        <ele>701.2</ele>
      </trkpt>
      <trkpt lat="44.03967" lon="5.66924">
        <ele>700.1</ele>
      </trkpt>
      <trkpt lat="44.03996" lon="5.66898">
        <ele>699.1</ele>
      </trkpt>
      <trkpt lat="44.04002" lon="5.668929">
        <ele>699.1</ele>
      </trkpt>
      <trkpt lat="44.04009" lon="5.66889">
        <ele>699.9</ele>
      </trkpt>
      <trkpt lat="44.04015" lon="5.668859">
        <ele>700.5</ele>
      </trkpt>
      <trkpt lat="44.04024" lon="5.66883">
        <ele>701.1</ele>
      </trkpt>
      <trkpt lat="44.04034" lon="5.66881">
        <ele>701.6</ele>
      </trkpt>
      <trkpt lat="44.0404" lon="5.6688">
        <ele>701.8</ele>
      </trkpt>
      <trkpt lat="44.04045" lon="5.6688">
        <ele>702.0</ele>
      </trkpt>
      <trkpt lat="44.04059" lon="5.66878">
        <ele>702.5</ele>
      </trkpt>
      <trkpt lat="44.04068" lon="5.66877">
        <ele>702.7</ele>
      </trkpt>
      <trkpt lat="44.04077" lon="5.66876">
        <ele>702.9</ele>
      </trkpt>
      <trkpt lat="44.04092" lon="5.66875">
        <ele>703.2</ele>
      </trkpt>
      <trkpt lat="44.04113" lon="5.66873">
        <ele>703.3</ele>
      </trkpt>
      <trkpt lat="44.04116" lon="5.66873">
        <ele>703.3</ele>
      </trkpt>
      <trkpt lat="44.04131" lon="5.66872">
        <ele>703.4</ele>
      </trkpt>
      <trkpt lat="44.04144" lon="5.66873">
        <ele>703.8</ele>
      </trkpt>
      <trkpt lat="44.04149" lon="5.66874">
        <ele>704.0</ele>
      </trkpt>
      <trkpt lat="44.04161" lon="5.66876">
        <ele>704.5</ele>
      </trkpt>
      <trkpt lat="44.04167" lon="5.66878">
        <ele>704.9</ele>
      </trkpt>
      <trkpt lat="44.04183" lon="5.66881">
        <ele>705.5</ele>
      </trkpt>
      <trkpt lat="44.041849" lon="5.66882">
        <ele>705.6</ele>
      </trkpt>
      <trkpt lat="44.04202" lon="5.668859">
        <ele>706.0</ele>
      </trkpt>
      <trkpt lat="44.04207" lon="5.66887">
        <ele>706.1</ele>
      </trkpt>
      <trkpt lat="44.042319" lon="5.668929">
        <ele>706.1</ele>
      </trkpt>
      <trkpt lat="44.04258" lon="5.66899">
        <ele>705.7</ele>
      </trkpt>
      <trkpt lat="44.0427" lon="5.66901">
        <ele>705.8</ele>
      </trkpt>
      <trkpt lat="44.04285" lon="5.66905">
        <ele>705.8</ele>
      </trkpt>
      <trkpt lat="44.04305" lon="5.66908">
        <ele>705.9</ele>
      </trkpt>
      <trkpt lat="44.04309" lon="5.66909">
        <ele>705.9</ele>
      </trkpt>
      <trkpt lat="44.04321" lon="5.6691">
        <ele>706.0</ele>
      </trkpt>
      <trkpt lat="44.04327" lon="5.6691">
        <ele>706.1</ele>
      </trkpt>
      <trkpt lat="44.04333" lon="5.6691">
        <ele>706.2</ele>
      </trkpt>
      <trkpt lat="44.04339" lon="5.6691">
        <ele>706.9</ele>
      </trkpt>
      <trkpt lat="44.04361" lon="5.66904">
        <ele>709.7</ele>
      </trkpt>
      <trkpt lat="44.0438" lon="5.66896">
        <ele>711.3</ele>
      </trkpt>
      <trkpt lat="44.04389" lon="5.6689">
        <ele>711.5</ele>
      </trkpt>
      <trkpt lat="44.04395" lon="5.66884">
        <ele>711.2</ele>
      </trkpt>
      <trkpt lat="44.04398" lon="5.66881">
        <ele>711.0</ele>
      </trkpt>
      <trkpt lat="44.04406" lon="5.66869">
        <ele>709.5</ele>
      </trkpt>
      <trkpt lat="44.04408" lon="5.66866">
        <ele>709.1</ele>
      </trkpt>
      <trkpt lat="44.04415" lon="5.66855">
        <ele>707.2</ele>
      </trkpt>
      <trkpt lat="44.04419" lon="5.66847">
        <ele>706.3</ele>
      </trkpt>
      <trkpt lat="44.044199" lon="5.66844">
        <ele>706.1</ele>
      </trkpt>
      <trkpt lat="44.04424" lon="5.66835">
        <ele>705.5</ele>
      </trkpt>
      <trkpt lat="44.044289" lon="5.66826">
        <ele>706.6</ele>
      </trkpt>
      <trkpt lat="44.04437" lon="5.6681">
        <ele>708.6</ele>
      </trkpt>
      <trkpt lat="44.04445" lon="5.66791">
        <ele>709.9</ele>
      </trkpt>
      <trkpt lat="44.044469" lon="5.667849">
        <ele>710.2</ele>
      </trkpt>
      <trkpt lat="44.04453" lon="5.66765">
        <ele>710.4</ele>
      </trkpt>
      <trkpt lat="44.04458" lon="5.66737">
        <ele>710.1</ele>
      </trkpt>
      <trkpt lat="44.04462" lon="5.66716">
        <ele>709.9</ele>
      </trkpt>
      <trkpt lat="44.04464" lon="5.6669">
        <ele>709.0</ele>
      </trkpt>
      <trkpt lat="44.04464" lon="5.66686">
        <ele>708.9</ele>
      </trkpt>
      <trkpt lat="44.04466" lon="5.66671">
        <ele>708.4</ele>
      </trkpt>
      <trkpt lat="44.04466" lon="5.66659">
        <ele>708.4</ele>
      </trkpt>
      <trkpt lat="44.04465" lon="5.66641">
        <ele>708.8</ele>
      </trkpt>
      <trkpt lat="44.04462" lon="5.66623">
        <ele>709.0</ele>
      </trkpt>
      <trkpt lat="44.04455" lon="5.66587">
        <ele>709.1</ele>
      </trkpt>
      <trkpt lat="44.04451" lon="5.66564">
        <ele>710.1</ele>
      </trkpt>
      <trkpt lat="44.04445" lon="5.66532">
        <ele>711.4</ele>
      </trkpt>
      <trkpt lat="44.0444" lon="5.66516">
        <ele>711.5</ele>
      </trkpt>
      <trkpt lat="44.04425" lon="5.66445">
        <ele>710.1</ele>
      </trkpt>
      <trkpt lat="44.04421" lon="5.66426">
        <ele>709.2</ele>
      </trkpt>
      <trkpt lat="44.04417" lon="5.66406">
        <ele>708.0</ele>
      </trkpt>
      <trkpt lat="44.04411" lon="5.66372">
        <ele>709.0</ele>
      </trkpt>
      <trkpt lat="44.04407" lon="5.66352">
        <ele>709.7</ele>
      </trkpt>
      <trkpt lat="44.04405" lon="5.66343">
        <ele>710.1</ele>
      </trkpt>
      <trkpt lat="44.04405" lon="5.6634">
        <ele>710.0</ele>
      </trkpt>
      <trkpt lat="44.04404" lon="5.66331">
        <ele>710.2</ele>
      </trkpt>
      <trkpt lat="44.04403" lon="5.66312">
        <ele>711.0</ele>
      </trkpt>
      <trkpt lat="44.04403" lon="5.66309">
        <ele>711.0</ele>
      </trkpt>
      <trkpt lat="44.04403" lon="5.66307">
        <ele>711.1</ele>
      </trkpt>
      <trkpt lat="44.04403" lon="5.66302">
        <ele>711.2</ele>
      </trkpt>
      <trkpt lat="44.04404" lon="5.66291">
        <ele>711.2</ele>
      </trkpt>
      <trkpt lat="44.04405" lon="5.662829">
        <ele>711.1</ele>
      </trkpt>
      <trkpt lat="44.04405" lon="5.66282">
        <ele>711.2</ele>
      </trkpt>
      <trkpt lat="44.04407" lon="5.66272">
        <ele>710.9</ele>
      </trkpt>
      <trkpt lat="44.04412" lon="5.6626">
        <ele>709.9</ele>
      </trkpt>
      <trkpt lat="44.04413" lon="5.66257">
        <ele>709.8</ele>
      </trkpt>
      <trkpt lat="44.04416" lon="5.66252">
        <ele>709.1</ele>
      </trkpt>
      <trkpt lat="44.04421" lon="5.66243">
        <ele>710.1</ele>
      </trkpt>
      <trkpt lat="44.04423" lon="5.6624">
        <ele>710.5</ele>
      </trkpt>
      <trkpt lat="44.04435" lon="5.662219">
        <ele>712.5</ele>
      </trkpt>
      <trkpt lat="44.04437" lon="5.66219">
        <ele>712.7</ele>
      </trkpt>
      <trkpt lat="44.044469" lon="5.66203">
        <ele>713.6</ele>
      </trkpt>
      <trkpt lat="44.04449" lon="5.66201">
        <ele>713.6</ele>
      </trkpt>
      <trkpt lat="44.04455" lon="5.66191">
        <ele>713.7</ele>
      </trkpt>
      <trkpt lat="44.04458" lon="5.66183">
        <ele>713.8</ele>
      </trkpt>
      <trkpt lat="44.04459" lon="5.66181">
        <ele>713.7</ele>
      </trkpt>
      <trkpt lat="44.04463" lon="5.66167">
        <ele>713.8</ele>
      </trkpt>
      <trkpt lat="44.04466" lon="5.6615">
        <ele>713.4</ele>
      </trkpt>
      <trkpt lat="44.04469" lon="5.66136">
        <ele>713.0</ele>
      </trkpt>
      <trkpt lat="44.04472" lon="5.66123">
        <ele>712.7</ele>
      </trkpt>
      <trkpt lat="44.04475" lon="5.661069">
        <ele>712.5</ele>
      </trkpt>
      <trkpt lat="44.04478" lon="5.66101">
        <ele>712.2</ele>
      </trkpt>
      <trkpt lat="44.04483" lon="5.66084">
        <ele>711.8</ele>
      </trkpt>
      <trkpt lat="44.044849" lon="5.66078">
        <ele>712.3</ele>
      </trkpt>
      <trkpt lat="44.04493" lon="5.66064">
        <ele>713.4</ele>
      </trkpt>
      <trkpt lat="44.044939" lon="5.66064">
        <ele>713.3</ele>
      </trkpt>
      <trkpt lat="44.04498" lon="5.66057">
        <ele>714.0</ele>
      </trkpt>
      <trkpt lat="44.04507" lon="5.66042">
        <ele>716.0</ele>
      </trkpt>
      <trkpt lat="44.04517" lon="5.66026">
        <ele>717.8</ele>
      </trkpt>
      <trkpt lat="44.04519" lon="5.660249">
        <ele>717.8</ele>
      </trkpt>
      <trkpt lat="44.0453" lon="5.66009">
        <ele>718.8</ele>
      </trkpt>
      <trkpt lat="44.04536" lon="5.66003">
        <ele>718.8</ele>
      </trkpt>
      <trkpt lat="44.04546" lon="5.65991">
        <ele>719.2</ele>
      </trkpt>
      <trkpt lat="44.04558" lon="5.65977">
        <ele>719.3</ele>
      </trkpt>
      <trkpt lat="44.04561" lon="5.65975">
        <ele>719.2</ele>
      </trkpt>
      <trkpt lat="44.04573" lon="5.65959">
        <ele>718.9</ele>
      </trkpt>
      <trkpt lat="44.04585" lon="5.65942">
        <ele>718.6</ele>
      </trkpt>
      <trkpt lat="44.04594" lon="5.65926">
        <ele>720.2</ele>
      </trkpt>
      <trkpt lat="44.04603" lon="5.65906">
        <ele>722.1</ele>
      </trkpt>
      <trkpt lat="44.04605" lon="5.65902">
        <ele>722.5</ele>
      </trkpt>
      <trkpt lat="44.04613" lon="5.65881">
        <ele>723.9</ele>
      </trkpt>
      <trkpt lat="44.04613" lon="5.6588">
        <ele>724.0</ele>
      </trkpt>
      <trkpt lat="44.04621" lon="5.65862">
        <ele>724.4</ele>
      </trkpt>
      <trkpt lat="44.04629" lon="5.65838">
        <ele>724.3</ele>
      </trkpt>
      <trkpt lat="44.04634" lon="5.6582">
        <ele>724.9</ele>
      </trkpt>
      <trkpt lat="44.04637" lon="5.65813">
        <ele>725.0</ele>
      </trkpt>
      <trkpt lat="44.04643" lon="5.65796">
        <ele>725.3</ele>
      </trkpt>
      <trkpt lat="44.04645" lon="5.6579">
        <ele>725.4</ele>
      </trkpt>
      <trkpt lat="44.04649" lon="5.65779">
        <ele>725.4</ele>
      </trkpt>
      <trkpt lat="44.04652" lon="5.65767">
        <ele>725.6</ele>
      </trkpt>
      <trkpt lat="44.04653" lon="5.65762">
        <ele>725.7</ele>
      </trkpt>
      <trkpt lat="44.04663" lon="5.65725">
        <ele>725.2</ele>
      </trkpt>
      <trkpt lat="44.04672" lon="5.65688">
        <ele>726.1</ele>
      </trkpt>
      <trkpt lat="44.046819" lon="5.65653">
        <ele>727.7</ele>
      </trkpt>
      <trkpt lat="44.04685" lon="5.65643">
        <ele>728.1</ele>
      </trkpt>
      <trkpt lat="44.04689" lon="5.6563">
        <ele>728.6</ele>
      </trkpt>
      <trkpt lat="44.046909" lon="5.65622">
        <ele>728.9</ele>
      </trkpt>
      <trkpt lat="44.04692" lon="5.65614">
        <ele>729.2</ele>
      </trkpt>
      <trkpt lat="44.04695" lon="5.65589">
        <ele>730.1</ele>
      </trkpt>
      <trkpt lat="44.04696" lon="5.65581">
        <ele>730.3</ele>
      </trkpt>
      <trkpt lat="44.04699" lon="5.65556">
        <ele>730.8</ele>
      </trkpt>
      <trkpt lat="44.04699" lon="5.65554">
        <ele>730.8</ele>
      </trkpt>
      <trkpt lat="44.04703" lon="5.65519">
        <ele>731.5</ele>
      </trkpt>
      <trkpt lat="44.04704" lon="5.655">
        <ele>731.9</ele>
      </trkpt>
      <trkpt lat="44.04705" lon="5.65486">
        <ele>731.3</ele>
      </trkpt>
      <trkpt lat="44.04704" lon="5.65474">
        <ele>731.0</ele>
      </trkpt>
      <trkpt lat="44.04702" lon="5.65464">
        <ele>730.8</ele>
      </trkpt>
      <trkpt lat="44.047" lon="5.65453">
        <ele>730.5</ele>
      </trkpt>
      <trkpt lat="44.04694" lon="5.65438">
        <ele>730.2</ele>
      </trkpt>
      <trkpt lat="44.04688" lon="5.65425">
        <ele>729.9</ele>
      </trkpt>
      <trkpt lat="44.04676" lon="5.65408">
        <ele>728.9</ele>
      </trkpt>
      <trkpt lat="44.04671" lon="5.65399">
        <ele>728.0</ele>
      </trkpt>
      <trkpt lat="44.04668" lon="5.65395">
        <ele>727.6</ele>
      </trkpt>
      <trkpt lat="44.04661" lon="5.65383">
        <ele>727.9</ele>
      </trkpt>
      <trkpt lat="44.04655" lon="5.65369">
        <ele>727.8</ele>
      </trkpt>
      <trkpt lat="44.04651" lon="5.65358">
        <ele>727.4</ele>
      </trkpt>
      <trkpt lat="44.046439" lon="5.65341">
        <ele>726.7</ele>
      </trkpt>
      <trkpt lat="44.0464" lon="5.6533">
        <ele>726.1</ele>
      </trkpt>
      <trkpt lat="44.0462" lon="5.65271">
        <ele>722.9</ele>
      </trkpt>
      <trkpt lat="44.04611" lon="5.652459">
        <ele>720.9</ele>
      </trkpt>
      <trkpt lat="44.04603" lon="5.65224">
        <ele>720.8</ele>
      </trkpt>
      <trkpt lat="44.04594" lon="5.65201">
        <ele>720.6</ele>
      </trkpt>
      <trkpt lat="44.04586" lon="5.65179">
        <ele>720.3</ele>
      </trkpt>
      <trkpt lat="44.04585" lon="5.65174">
        <ele>720.2</ele>
      </trkpt>
      <trkpt lat="44.04576" lon="5.65148">
        <ele>720.8</ele>
      </trkpt>
      <trkpt lat="44.04565" lon="5.65116">
        <ele>721.6</ele>
      </trkpt>
      <trkpt lat="44.04562" lon="5.65106">
        <ele>721.7</ele>
      </trkpt>
      <trkpt lat="44.04557" lon="5.6509">
        <ele>721.7</ele>
      </trkpt>
      <trkpt lat="44.04552" lon="5.650699">
        <ele>722.0</ele>
      </trkpt>
      <trkpt lat="44.04544" lon="5.65042">
        <ele>722.6</ele>
      </trkpt>
      <trkpt lat="44.04542" lon="5.65035">
        <ele>722.8</ele>
      </trkpt>
      <trkpt lat="44.04538" lon="5.65015">
        <ele>723.1</ele>
      </trkpt>
      <trkpt lat="44.04536" lon="5.65001">
        <ele>723.3</ele>
      </trkpt>
      <trkpt lat="44.04533" lon="5.64971">
        <ele>723.5</ele>
      </trkpt>
      <trkpt lat="44.04533" lon="5.64967">
        <ele>723.5</ele>
      </trkpt>
      <trkpt lat="44.04531" lon="5.64892">
        <ele>723.6</ele>
      </trkpt>
      <trkpt lat="44.04531" lon="5.64851">
        <ele>723.4</ele>
      </trkpt>
      <trkpt lat="44.0453" lon="5.64848">
        <ele>723.4</ele>
      </trkpt>
      <trkpt lat="44.0453" lon="5.64842">
        <ele>723.4</ele>
      </trkpt>
      <trkpt lat="44.0453" lon="5.64837">
        <ele>723.4</ele>
      </trkpt>
      <trkpt lat="44.04528" lon="5.64746">
        <ele>723.3</ele>
      </trkpt>
      <trkpt lat="44.04527" lon="5.64716">
        <ele>723.3</ele>
      </trkpt>
      <trkpt lat="44.04526" lon="5.64706">
        <ele>723.3</ele>
      </trkpt>
      <trkpt lat="44.04525" lon="5.64664">
        <ele>723.3</ele>
      </trkpt>
      <trkpt lat="44.04525" lon="5.64631">
        <ele>723.7</ele>
      </trkpt>
      <trkpt lat="44.045229" lon="5.64556">
        <ele>724.9</ele>
      </trkpt>
      <trkpt lat="44.045229" lon="5.645539">
        <ele>725.0</ele>
      </trkpt>
      <trkpt lat="44.04521" lon="5.64456">
        <ele>728.2</ele>
      </trkpt>
      <trkpt lat="44.04521" lon="5.644459">
        <ele>728.7</ele>
      </trkpt>
      <trkpt lat="44.04521" lon="5.64437">
        <ele>729.1</ele>
      </trkpt>
      <trkpt lat="44.04521" lon="5.64431">
        <ele>729.4</ele>
      </trkpt>
      <trkpt lat="44.0452" lon="5.64406">
        <ele>730.8</ele>
      </trkpt>
      <trkpt lat="44.0452" lon="5.64381">
        <ele>732.7</ele>
      </trkpt>
      <trkpt lat="44.04519" lon="5.64342">
        <ele>735.6</ele>
      </trkpt>
      <trkpt lat="44.04519" lon="5.64327">
        <ele>736.6</ele>
      </trkpt>
      <trkpt lat="44.04519" lon="5.64323">
        <ele>736.9</ele>
      </trkpt>
      <trkpt lat="44.04524" lon="5.64304">
        <ele>738.2</ele>
      </trkpt>
      <trkpt lat="44.04525" lon="5.64296">
        <ele>738.8</ele>
      </trkpt>
      <trkpt lat="44.04526" lon="5.6428">
        <ele>739.9</ele>
      </trkpt>
      <trkpt lat="44.04528" lon="5.64275">
        <ele>740.3</ele>
      </trkpt>
      <trkpt lat="44.04528" lon="5.64275">
        <ele>740.3</ele>
      </trkpt>
      <trkpt lat="44.04521" lon="5.64268">
        <ele>740.4</ele>
      </trkpt>
      <trkpt lat="44.04502" lon="5.64246">
        <ele>740.4</ele>
      </trkpt>
      <trkpt lat="44.04496" lon="5.64238">
        <ele>740.5</ele>
      </trkpt>
      <trkpt lat="44.04491" lon="5.64233">
        <ele>740.4</ele>
      </trkpt>
      <trkpt lat="44.04491" lon="5.64233">
        <ele>740.4</ele>
      </trkpt>
      <trkpt lat="44.04488" lon="5.64221">
        <ele>741.0</ele>
      </trkpt>
      <trkpt lat="44.04477" lon="5.64198">
        <ele>741.6</ele>
      </trkpt>
      <trkpt lat="44.04468" lon="5.64179">
        <ele>742.1</ele>
      </trkpt>
      <trkpt lat="44.04466" lon="5.64169">
        <ele>742.6</ele>
      </trkpt>
      <trkpt lat="44.04463" lon="5.6416">
        <ele>742.8</ele>
      </trkpt>
      <trkpt lat="44.04461" lon="5.64151">
        <ele>743.0</ele>
      </trkpt>
      <trkpt lat="44.04452" lon="5.64114">
        <ele>744.0</ele>
      </trkpt>
      <trkpt lat="44.044469" lon="5.64085">
        <ele>745.1</ele>
      </trkpt>
      <trkpt lat="44.04445" lon="5.64065">
        <ele>745.6</ele>
      </trkpt>
      <trkpt lat="44.04445" lon="5.64045">
        <ele>746.3</ele>
      </trkpt>
      <trkpt lat="44.04446" lon="5.64028">
        <ele>746.9</ele>
      </trkpt>
      <trkpt lat="44.04446" lon="5.64022">
        <ele>747.1</ele>
      </trkpt>
      <trkpt lat="44.044469" lon="5.64004">
        <ele>747.9</ele>
      </trkpt>
      <trkpt lat="44.04449" lon="5.639649">
        <ele>750.2</ele>
      </trkpt>
      <trkpt lat="44.04449" lon="5.63957">
        <ele>750.6</ele>
      </trkpt>
      <trkpt lat="44.04449" lon="5.639509">
        <ele>750.9</ele>
      </trkpt>
      <trkpt lat="44.04449" lon="5.63938">
        <ele>751.7</ele>
      </trkpt>
      <trkpt lat="44.04448" lon="5.63926">
        <ele>752.1</ele>
      </trkpt>
      <trkpt lat="44.0444" lon="5.63848">
        <ele>756.5</ele>
      </trkpt>
      <trkpt lat="44.04434" lon="5.63817">
        <ele>757.8</ele>
      </trkpt>
      <trkpt lat="44.044199" lon="5.63752">
        <ele>760.7</ele>
      </trkpt>
      <trkpt lat="44.04415" lon="5.63724">
        <ele>761.9</ele>
      </trkpt>
      <trkpt lat="44.04413" lon="5.63713">
        <ele>762.5</ele>
      </trkpt>
      <trkpt lat="44.04413" lon="5.63697">
        <ele>763.9</ele>
      </trkpt>
      <trkpt lat="44.04412" lon="5.636599">
        <ele>766.8</ele>
      </trkpt>
      <trkpt lat="44.04411" lon="5.63648">
        <ele>767.6</ele>
      </trkpt>
      <trkpt lat="44.04406" lon="5.63633">
        <ele>768.0</ele>
      </trkpt>
      <trkpt lat="44.043999" lon="5.6362">
        <ele>768.0</ele>
      </trkpt>
      <trkpt lat="44.04386" lon="5.63596">
        <ele>767.2</ele>
      </trkpt>
      <trkpt lat="44.04381" lon="5.63583">
        <ele>767.2</ele>
      </trkpt>
      <trkpt lat="44.04376" lon="5.63566">
        <ele>766.7</ele>
      </trkpt>
      <trkpt lat="44.04372" lon="5.63549">
        <ele>766.4</ele>
      </trkpt>
      <trkpt lat="44.04371" lon="5.63528">
        <ele>766.8</ele>
      </trkpt>
      <trkpt lat="44.04371" lon="5.63511">
        <ele>767.3</ele>
      </trkpt>
      <trkpt lat="44.043729" lon="5.63497">
        <ele>768.2</ele>
      </trkpt>
      <trkpt lat="44.04377" lon="5.63483">
        <ele>769.8</ele>
      </trkpt>
      <trkpt lat="44.043819" lon="5.63472">
        <ele>771.3</ele>
      </trkpt>
      <trkpt lat="44.04397" lon="5.63424">
        <ele>776.2</ele>
      </trkpt>
      <trkpt lat="44.04398" lon="5.63419">
        <ele>776.6</ele>
      </trkpt>
      <trkpt lat="44.04403" lon="5.63401">
        <ele>779.0</ele>
      </trkpt>
      <trkpt lat="44.04402" lon="5.63389">
        <ele>780.0</ele>
      </trkpt>
      <trkpt lat="44.04399" lon="5.63375">
        <ele>780.8</ele>
      </trkpt>
      <trkpt lat="44.04393" lon="5.63363">
        <ele>780.9</ele>
      </trkpt>
      <trkpt lat="44.04385" lon="5.63347">
        <ele>781.0</ele>
      </trkpt>
      <trkpt lat="44.04372" lon="5.63332">
        <ele>780.2</ele>
      </trkpt>
      <trkpt lat="44.04367" lon="5.63325">
        <ele>780.4</ele>
      </trkpt>
      <trkpt lat="44.043639" lon="5.633212">
        <ele>780.4</ele>
      </trkpt>
      <trkpt lat="44.04334" lon="5.63285">
        <ele>779.0</ele>
      </trkpt>
      <trkpt lat="44.043059" lon="5.63252">
        <ele>778.2</ele>
      </trkpt>
      <trkpt lat="44.04294" lon="5.63232">
        <ele>780.6</ele>
      </trkpt>
      <trkpt lat="44.04281" lon="5.63215">
        <ele>782.1</ele>
      </trkpt>
      <trkpt lat="44.04251" lon="5.631719">
        <ele>785.1</ele>
      </trkpt>
      <trkpt lat="44.04249" lon="5.63169">
        <ele>785.3</ele>
      </trkpt>
      <trkpt lat="44.04243" lon="5.63159">
        <ele>785.9</ele>
      </trkpt>
      <trkpt lat="44.04242" lon="5.631579">
        <ele>785.8</ele>
      </trkpt>
      <trkpt lat="44.0422" lon="5.6312">
        <ele>787.9</ele>
      </trkpt>
      <trkpt lat="44.04211" lon="5.631039">
        <ele>789.1</ele>
      </trkpt>
      <trkpt lat="44.04197" lon="5.63084">
        <ele>790.3</ele>
      </trkpt>
      <trkpt lat="44.04181" lon="5.63068">
        <ele>791.8</ele>
      </trkpt>
      <trkpt lat="44.041759" lon="5.63063">
        <ele>792.2</ele>
      </trkpt>
      <trkpt lat="44.04165" lon="5.63055">
        <ele>792.2</ele>
      </trkpt>
      <trkpt lat="44.04102" lon="5.63007">
        <ele>790.0</ele>
      </trkpt>
      <trkpt lat="44.04092" lon="5.63002">
        <ele>788.6</ele>
      </trkpt>
      <trkpt lat="44.040819" lon="5.62996">
        <ele>788.1</ele>
      </trkpt>
      <trkpt lat="44.0407" lon="5.62986">
        <ele>790.2</ele>
      </trkpt>
      <trkpt lat="44.04067" lon="5.62984">
        <ele>790.5</ele>
      </trkpt>
      <trkpt lat="44.04054" lon="5.62973">
        <ele>792.2</ele>
      </trkpt>
      <trkpt lat="44.04049" lon="5.629679">
        <ele>792.9</ele>
      </trkpt>
      <trkpt lat="44.0403" lon="5.62952">
        <ele>794.0</ele>
      </trkpt>
      <trkpt lat="44.04004" lon="5.629279">
        <ele>794.1</ele>
      </trkpt>
      <trkpt lat="44.04004" lon="5.629279">
        <ele>794.1</ele>
      </trkpt>
      <trkpt lat="44.03957" lon="5.62883">
        <ele>801.3</ele>
      </trkpt>
      <trkpt lat="44.03957" lon="5.62883">
        <ele>801.3</ele>
      </trkpt>
      <trkpt lat="44.03946" lon="5.62889">
        <ele>799.8</ele>
      </trkpt>
      <trkpt lat="44.03918" lon="5.628999">
        <ele>797.6</ele>
      </trkpt>
      <trkpt lat="44.0391" lon="5.62902">
        <ele>797.3</ele>
      </trkpt>
      <trkpt lat="44.03902" lon="5.62901">
        <ele>797.2</ele>
      </trkpt>
      <trkpt lat="44.03901" lon="5.62901">
        <ele>797.2</ele>
      </trkpt>
      <trkpt lat="44.03896" lon="5.62899">
        <ele>797.2</ele>
      </trkpt>
      <trkpt lat="44.0389" lon="5.62896">
        <ele>797.3</ele>
      </trkpt>
      <trkpt lat="44.038849" lon="5.62892">
        <ele>797.5</ele>
      </trkpt>
      <trkpt lat="44.0388" lon="5.62885">
        <ele>797.9</ele>
      </trkpt>
      <trkpt lat="44.03871" lon="5.62876">
        <ele>798.3</ele>
      </trkpt>
      <trkpt lat="44.03871" lon="5.62876">
        <ele>798.3</ele>
      </trkpt>
      <trkpt lat="44.03866" lon="5.628669">
        <ele>798.7</ele>
      </trkpt>
      <trkpt lat="44.03864" lon="5.62863">
        <ele>798.9</ele>
      </trkpt>
      <trkpt lat="44.03852" lon="5.62848">
        <ele>799.3</ele>
      </trkpt>
      <trkpt lat="44.03832" lon="5.6283">
        <ele>799.5</ele>
      </trkpt>
      <trkpt lat="44.03822" lon="5.62821">
        <ele>799.9</ele>
      </trkpt>
      <trkpt lat="44.03821" lon="5.6282">
        <ele>800.0</ele>
      </trkpt>
      <trkpt lat="44.03808" lon="5.62807">
        <ele>800.8</ele>
      </trkpt>
      <trkpt lat="44.03806" lon="5.62805">
        <ele>800.9</ele>
      </trkpt>
      <trkpt lat="44.03795" lon="5.62795">
        <ele>801.5</ele>
      </trkpt>
      <trkpt lat="44.037909" lon="5.627919">
        <ele>801.6</ele>
      </trkpt>
      <trkpt lat="44.03788" lon="5.62789">
        <ele>801.8</ele>
      </trkpt>
      <trkpt lat="44.03781" lon="5.62782">
        <ele>802.3</ele>
      </trkpt>
      <trkpt lat="44.03773" lon="5.62776">
        <ele>802.5</ele>
      </trkpt>
      <trkpt lat="44.0376" lon="5.62768">
        <ele>802.6</ele>
      </trkpt>
      <trkpt lat="44.03738" lon="5.62757">
        <ele>801.1</ele>
      </trkpt>
      <trkpt lat="44.03723" lon="5.62751">
        <ele>799.0</ele>
      </trkpt>
      <trkpt lat="44.0371" lon="5.62744">
        <ele>797.1</ele>
      </trkpt>
      <trkpt lat="44.03682" lon="5.62729">
        <ele>792.2</ele>
      </trkpt>
      <trkpt lat="44.03675" lon="5.62722">
        <ele>791.1</ele>
      </trkpt>
      <trkpt lat="44.03671" lon="5.62714">
        <ele>790.7</ele>
      </trkpt>
      <trkpt lat="44.03667" lon="5.62706">
        <ele>790.3</ele>
      </trkpt>
      <trkpt lat="44.03667" lon="5.62696">
        <ele>791.0</ele>
      </trkpt>
      <trkpt lat="44.03667" lon="5.62688">
        <ele>791.6</ele>
      </trkpt>
      <trkpt lat="44.03669" lon="5.62679">
        <ele>792.8</ele>
      </trkpt>
      <trkpt lat="44.03673" lon="5.62671">
        <ele>794.6</ele>
      </trkpt>
      <trkpt lat="44.03677" lon="5.62665">
        <ele>796.0</ele>
      </trkpt>
      <trkpt lat="44.0368" lon="5.62659">
        <ele>796.2</ele>
      </trkpt>
      <trkpt lat="44.03689" lon="5.62647">
        <ele>797.2</ele>
      </trkpt>
      <trkpt lat="44.03694" lon="5.62642">
        <ele>798.0</ele>
      </trkpt>
      <trkpt lat="44.03698" lon="5.62636">
        <ele>798.3</ele>
      </trkpt>
      <trkpt lat="44.03703" lon="5.62631">
        <ele>798.9</ele>
      </trkpt>
      <trkpt lat="44.03708" lon="5.62627">
        <ele>799.7</ele>
      </trkpt>
      <trkpt lat="44.03718" lon="5.62617">
        <ele>800.9</ele>
      </trkpt>
      <trkpt lat="44.03723" lon="5.62613">
        <ele>801.5</ele>
      </trkpt>
      <trkpt lat="44.03738" lon="5.62599">
        <ele>803.0</ele>
      </trkpt>
      <trkpt lat="44.03748" lon="5.6259">
        <ele>803.8</ele>
      </trkpt>
      <trkpt lat="44.03761" lon="5.62578">
        <ele>804.7</ele>
      </trkpt>
      <trkpt lat="44.03777" lon="5.6256">
        <ele>804.5</ele>
      </trkpt>
      <trkpt lat="44.03786" lon="5.6255">
        <ele>804.4</ele>
      </trkpt>
      <trkpt lat="44.0382" lon="5.62515">
        <ele>803.8</ele>
      </trkpt>
      <trkpt lat="44.03821" lon="5.62514">
        <ele>803.8</ele>
      </trkpt>
      <trkpt lat="44.03834" lon="5.62498">
        <ele>802.8</ele>
      </trkpt>
      <trkpt lat="44.038469" lon="5.62482">
        <ele>803.7</ele>
      </trkpt>
      <trkpt lat="44.03855" lon="5.62471">
        <ele>804.0</ele>
      </trkpt>
      <trkpt lat="44.0386" lon="5.62464">
        <ele>804.3</ele>
      </trkpt>
      <trkpt lat="44.03864" lon="5.62459">
        <ele>804.6</ele>
      </trkpt>
      <trkpt lat="44.03873" lon="5.62446">
        <ele>805.0</ele>
      </trkpt>
      <trkpt lat="44.03888" lon="5.62424">
        <ele>805.9</ele>
      </trkpt>
      <trkpt lat="44.03905" lon="5.624">
        <ele>806.6</ele>
      </trkpt>
      <trkpt lat="44.03923" lon="5.62375">
        <ele>806.0</ele>
      </trkpt>
      <trkpt lat="44.03929" lon="5.62367">
        <ele>806.2</ele>
      </trkpt>
      <trkpt lat="44.03947" lon="5.62343">
        <ele>807.2</ele>
      </trkpt>
      <trkpt lat="44.03954" lon="5.62336">
        <ele>808.1</ele>
      </trkpt>
      <trkpt lat="44.03968" lon="5.6232">
        <ele>810.7</ele>
      </trkpt>
      <trkpt lat="44.03986" lon="5.62298">
        <ele>812.9</ele>
      </trkpt>
      <trkpt lat="44.0399" lon="5.62292">
        <ele>813.0</ele>
      </trkpt>
      <trkpt lat="44.04005" lon="5.6227">
        <ele>813.4</ele>
      </trkpt>
      <trkpt lat="44.04014" lon="5.62255">
        <ele>814.0</ele>
      </trkpt>
      <trkpt lat="44.04015" lon="5.62255">
        <ele>814.4</ele>
      </trkpt>
      <trkpt lat="44.04023" lon="5.62237">
        <ele>814.9</ele>
      </trkpt>
      <trkpt lat="44.04024" lon="5.62234">
        <ele>814.9</ele>
      </trkpt>
      <trkpt lat="44.04027" lon="5.62227">
        <ele>815.1</ele>
      </trkpt>
      <trkpt lat="44.04032" lon="5.62218">
        <ele>815.8</ele>
      </trkpt>
      <trkpt lat="44.04036" lon="5.62206">
        <ele>815.8</ele>
      </trkpt>
      <trkpt lat="44.04047" lon="5.62178">
        <ele>816.5</ele>
      </trkpt>
      <trkpt lat="44.0405" lon="5.621679">
        <ele>816.4</ele>
      </trkpt>
      <trkpt lat="44.04065" lon="5.62127">
        <ele>817.6</ele>
      </trkpt>
      <trkpt lat="44.04066" lon="5.62123">
        <ele>817.4</ele>
      </trkpt>
      <trkpt lat="44.04068" lon="5.62116">
        <ele>817.1</ele>
      </trkpt>
      <trkpt lat="44.04074" lon="5.62101">
        <ele>816.3</ele>
      </trkpt>
      <trkpt lat="44.04077" lon="5.62094">
        <ele>815.8</ele>
      </trkpt>
      <trkpt lat="44.0409" lon="5.62056">
        <ele>815.9</ele>
      </trkpt>
      <trkpt lat="44.04098" lon="5.62035">
        <ele>817.6</ele>
      </trkpt>
      <trkpt lat="44.04098" lon="5.62034">
        <ele>817.5</ele>
      </trkpt>
      <trkpt lat="44.040999" lon="5.62026">
        <ele>817.6</ele>
      </trkpt>
      <trkpt lat="44.04105" lon="5.62011">
        <ele>818.3</ele>
      </trkpt>
      <trkpt lat="44.04106" lon="5.62007">
        <ele>818.3</ele>
      </trkpt>
      <trkpt lat="44.0411" lon="5.61987">
        <ele>818.3</ele>
      </trkpt>
      <trkpt lat="44.04112" lon="5.61979">
        <ele>818.4</ele>
      </trkpt>
      <trkpt lat="44.04115" lon="5.61963">
        <ele>818.2</ele>
      </trkpt>
      <trkpt lat="44.04123" lon="5.61926">
        <ele>817.0</ele>
      </trkpt>
      <trkpt lat="44.04128" lon="5.61901">
        <ele>816.5</ele>
      </trkpt>
      <trkpt lat="44.041289" lon="5.61897">
        <ele>816.5</ele>
      </trkpt>
      <trkpt lat="44.041379" lon="5.61853">
        <ele>815.5</ele>
      </trkpt>
      <trkpt lat="44.04139" lon="5.61847">
        <ele>815.2</ele>
      </trkpt>
      <trkpt lat="44.04146" lon="5.61819">
        <ele>814.8</ele>
      </trkpt>
      <trkpt lat="44.04148" lon="5.61805">
        <ele>814.9</ele>
      </trkpt>
      <trkpt lat="44.04151" lon="5.61786">
        <ele>817.4</ele>
      </trkpt>
      <trkpt lat="44.04151" lon="5.61779">
        <ele>818.3</ele>
      </trkpt>
      <trkpt lat="44.04151" lon="5.61771">
        <ele>819.3</ele>
      </trkpt>
      <trkpt lat="44.04151" lon="5.61767">
        <ele>819.8</ele>
      </trkpt>
      <trkpt lat="44.0415" lon="5.6175">
        <ele>822.0</ele>
      </trkpt>
      <trkpt lat="44.0415" lon="5.617479">
        <ele>822.3</ele>
      </trkpt>
      <trkpt lat="44.04149" lon="5.61736">
        <ele>823.8</ele>
      </trkpt>
      <trkpt lat="44.04149" lon="5.61734">
        <ele>824.1</ele>
      </trkpt>
      <trkpt lat="44.0415" lon="5.6172">
        <ele>825.9</ele>
      </trkpt>
      <trkpt lat="44.04152" lon="5.61712">
        <ele>827.0</ele>
      </trkpt>
      <trkpt lat="44.04155" lon="5.61706">
        <ele>828.0</ele>
      </trkpt>
      <trkpt lat="44.04159" lon="5.617009">
        <ele>828.9</ele>
      </trkpt>
      <trkpt lat="44.04165" lon="5.61697">
        <ele>829.2</ele>
      </trkpt>
      <trkpt lat="44.04166" lon="5.61696">
        <ele>829.3</ele>
      </trkpt>
      <trkpt lat="44.04169" lon="5.616939">
        <ele>829.8</ele>
      </trkpt>
      <trkpt lat="44.04174" lon="5.61691">
        <ele>830.8</ele>
      </trkpt>
      <trkpt lat="44.04183" lon="5.6169">
        <ele>831.1</ele>
      </trkpt>
      <trkpt lat="44.04187" lon="5.6169">
        <ele>831.2</ele>
      </trkpt>
      <trkpt lat="44.04199" lon="5.6169">
        <ele>831.3</ele>
      </trkpt>
      <trkpt lat="44.04215" lon="5.61691">
        <ele>831.1</ele>
      </trkpt>
      <trkpt lat="44.04228" lon="5.61692">
        <ele>830.9</ele>
      </trkpt>
      <trkpt lat="44.04247" lon="5.61696">
        <ele>829.8</ele>
      </trkpt>
      <trkpt lat="44.04255" lon="5.61698">
        <ele>829.9</ele>
      </trkpt>
      <trkpt lat="44.042789" lon="5.61703">
        <ele>831.6</ele>
      </trkpt>
      <trkpt lat="44.04315" lon="5.61715">
        <ele>833.0</ele>
      </trkpt>
      <trkpt lat="44.04347" lon="5.61726">
        <ele>833.9</ele>
      </trkpt>
      <trkpt lat="44.04367" lon="5.61734">
        <ele>833.9</ele>
      </trkpt>
      <trkpt lat="44.04387" lon="5.61744">
        <ele>833.3</ele>
      </trkpt>
      <trkpt lat="44.043909" lon="5.61746">
        <ele>833.2</ele>
      </trkpt>
      <trkpt lat="44.04422" lon="5.61765">
        <ele>833.6</ele>
      </trkpt>
      <trkpt lat="44.04436" lon="5.61773">
        <ele>834.8</ele>
      </trkpt>
      <trkpt lat="44.04437" lon="5.61773">
        <ele>835.0</ele>
      </trkpt>
      <trkpt lat="44.04462" lon="5.61787">
        <ele>836.7</ele>
      </trkpt>
      <trkpt lat="44.044939" lon="5.61804">
        <ele>838.4</ele>
      </trkpt>
      <trkpt lat="44.04514" lon="5.61813">
        <ele>839.2</ele>
      </trkpt>
      <trkpt lat="44.04543" lon="5.61822">
        <ele>840.6</ele>
      </trkpt>
      <trkpt lat="44.045699" lon="5.61828">
        <ele>842.1</ele>
      </trkpt>
      <trkpt lat="44.04603" lon="5.61834">
        <ele>844.3</ele>
      </trkpt>
      <trkpt lat="44.04623" lon="5.61838">
        <ele>846.0</ele>
      </trkpt>
      <trkpt lat="44.04628" lon="5.61838">
        <ele>846.5</ele>
      </trkpt>
      <trkpt lat="44.0464" lon="5.6184">
        <ele>847.5</ele>
      </trkpt>
      <trkpt lat="44.04646" lon="5.61841">
        <ele>848.0</ele>
      </trkpt>
      <trkpt lat="44.046639" lon="5.61844">
        <ele>849.4</ele>
      </trkpt>
      <trkpt lat="44.04692" lon="5.61851">
        <ele>849.5</ele>
      </trkpt>
      <trkpt lat="44.04709" lon="5.61854">
        <ele>849.7</ele>
      </trkpt>
      <trkpt lat="44.04727" lon="5.61855">
        <ele>850.4</ele>
      </trkpt>
      <trkpt lat="44.04735" lon="5.61854">
        <ele>851.0</ele>
      </trkpt>
      <trkpt lat="44.04739" lon="5.61853">
        <ele>851.4</ele>
      </trkpt>
      <trkpt lat="44.04759" lon="5.6185">
        <ele>852.5</ele>
      </trkpt>
      <trkpt lat="44.0478" lon="5.61845">
        <ele>853.2</ele>
      </trkpt>
      <trkpt lat="44.04796" lon="5.6184">
        <ele>853.8</ele>
      </trkpt>
      <trkpt lat="44.04806" lon="5.61836">
        <ele>854.2</ele>
      </trkpt>
      <trkpt lat="44.048229" lon="5.61828">
        <ele>856.5</ele>
      </trkpt>
      <trkpt lat="44.04857" lon="5.61807">
        <ele>862.8</ele>
      </trkpt>
      <trkpt lat="44.048879" lon="5.61786">
        <ele>866.3</ele>
      </trkpt>
      <trkpt lat="44.04896" lon="5.6178">
        <ele>867.0</ele>
      </trkpt>
      <trkpt lat="44.04936" lon="5.61753">
        <ele>868.5</ele>
      </trkpt>
      <trkpt lat="44.04953" lon="5.61743">
        <ele>870.1</ele>
      </trkpt>
      <trkpt lat="44.04965" lon="5.61736">
        <ele>871.7</ele>
      </trkpt>
      <trkpt lat="44.05001" lon="5.61718">
        <ele>874.9</ele>
      </trkpt>
      <trkpt lat="44.05003" lon="5.61717">
        <ele>875.1</ele>
      </trkpt>
      <trkpt lat="44.05025" lon="5.61706">
        <ele>877.2</ele>
      </trkpt>
      <trkpt lat="44.05037" lon="5.617009">
        <ele>877.7</ele>
      </trkpt>
      <trkpt lat="44.0505" lon="5.61696">
        <ele>877.8</ele>
      </trkpt>
      <trkpt lat="44.050669" lon="5.61692">
        <ele>876.7</ele>
      </trkpt>
      <trkpt lat="44.05092" lon="5.61688">
        <ele>875.5</ele>
      </trkpt>
      <trkpt lat="44.05119" lon="5.61685">
        <ele>876.1</ele>
      </trkpt>
      <trkpt lat="44.05126" lon="5.61684">
        <ele>876.4</ele>
      </trkpt>
      <trkpt lat="44.05147" lon="5.61682">
        <ele>876.7</ele>
      </trkpt>
      <trkpt lat="44.05177" lon="5.61681">
        <ele>877.5</ele>
      </trkpt>
      <trkpt lat="44.0518" lon="5.61681">
        <ele>877.7</ele>
      </trkpt>
      <trkpt lat="44.05198" lon="5.61681">
        <ele>879.1</ele>
      </trkpt>
      <trkpt lat="44.05202" lon="5.61681">
        <ele>879.4</ele>
      </trkpt>
      <trkpt lat="44.05216" lon="5.61682">
        <ele>880.2</ele>
      </trkpt>
      <trkpt lat="44.05221" lon="5.61683">
        <ele>880.3</ele>
      </trkpt>
      <trkpt lat="44.05256" lon="5.61684">
        <ele>883.2</ele>
      </trkpt>
      <trkpt lat="44.05278" lon="5.616869">
        <ele>885.8</ele>
      </trkpt>
      <trkpt lat="44.05295" lon="5.6169">
        <ele>887.5</ele>
      </trkpt>
      <trkpt lat="44.05306" lon="5.61693">
        <ele>888.3</ele>
      </trkpt>
      <trkpt lat="44.053109" lon="5.616939">
        <ele>888.7</ele>
      </trkpt>
      <trkpt lat="44.05323" lon="5.61699">
        <ele>889.0</ele>
      </trkpt>
      <trkpt lat="44.05324" lon="5.617">
        <ele>888.8</ele>
      </trkpt>
      <trkpt lat="44.05328" lon="5.617009">
        <ele>889.1</ele>
      </trkpt>
      <trkpt lat="44.05336" lon="5.61706">
        <ele>888.9</ele>
      </trkpt>
      <trkpt lat="44.0534" lon="5.61708">
        <ele>889.2</ele>
      </trkpt>
      <trkpt lat="44.053669" lon="5.61725">
        <ele>890.1</ele>
      </trkpt>
      <trkpt lat="44.05378" lon="5.61733">
        <ele>890.1</ele>
      </trkpt>
      <trkpt lat="44.05415" lon="5.61763">
        <ele>890.5</ele>
      </trkpt>
      <trkpt lat="44.0543" lon="5.61777">
        <ele>892.2</ele>
      </trkpt>
      <trkpt lat="44.05442" lon="5.61788">
        <ele>893.6</ele>
      </trkpt>
      <trkpt lat="44.05456" lon="5.618019">
        <ele>894.8</ele>
      </trkpt>
      <trkpt lat="44.05469" lon="5.61815">
        <ele>895.8</ele>
      </trkpt>
      <trkpt lat="44.05477" lon="5.61826">
        <ele>895.5</ele>
      </trkpt>
      <trkpt lat="44.05486" lon="5.6184">
        <ele>895.3</ele>
      </trkpt>
      <trkpt lat="44.05527" lon="5.61898">
        <ele>898.1</ele>
      </trkpt>
      <trkpt lat="44.0555" lon="5.6193">
        <ele>900.0</ele>
      </trkpt>
      <trkpt lat="44.05553" lon="5.61933">
        <ele>900.4</ele>
      </trkpt>
      <trkpt lat="44.05581" lon="5.61963">
        <ele>903.2</ele>
      </trkpt>
      <trkpt lat="44.05581" lon="5.61964">
        <ele>902.9</ele>
      </trkpt>
      <trkpt lat="44.056019" lon="5.61984">
        <ele>905.1</ele>
      </trkpt>
      <trkpt lat="44.05629" lon="5.62009">
        <ele>907.5</ele>
      </trkpt>
      <trkpt lat="44.05688" lon="5.62068">
        <ele>907.5</ele>
      </trkpt>
      <trkpt lat="44.0569" lon="5.6207">
        <ele>907.4</ele>
      </trkpt>
      <trkpt lat="44.05709" lon="5.62084">
        <ele>908.0</ele>
      </trkpt>
      <trkpt lat="44.05725" lon="5.62093">
        <ele>909.6</ele>
      </trkpt>
      <trkpt lat="44.05751" lon="5.62106">
        <ele>911.4</ele>
      </trkpt>
      <trkpt lat="44.05764" lon="5.62111">
        <ele>910.0</ele>
      </trkpt>
      <trkpt lat="44.05777" lon="5.62115">
        <ele>909.0</ele>
      </trkpt>
      <trkpt lat="44.05787" lon="5.62116">
        <ele>908.9</ele>
      </trkpt>
      <trkpt lat="44.05793" lon="5.62116">
        <ele>909.1</ele>
      </trkpt>
      <trkpt lat="44.05798" lon="5.62116">
        <ele>909.2</ele>
      </trkpt>
      <trkpt lat="44.058" lon="5.621139">
        <ele>909.9</ele>
      </trkpt>
      <trkpt lat="44.05802" lon="5.62111">
        <ele>911.0</ele>
      </trkpt>
      <trkpt lat="44.05804" lon="5.62108">
        <ele>912.0</ele>
      </trkpt>
      <trkpt lat="44.05804" lon="5.621069">
        <ele>912.3</ele>
      </trkpt>
      <trkpt lat="44.05804" lon="5.62104">
        <ele>913.4</ele>
      </trkpt>
      <trkpt lat="44.05804" lon="5.62102">
        <ele>914.0</ele>
      </trkpt>
      <trkpt lat="44.05803" lon="5.62099">
        <ele>915.0</ele>
      </trkpt>
      <trkpt lat="44.05801" lon="5.62097">
        <ele>915.6</ele>
      </trkpt>
      <trkpt lat="44.05798" lon="5.62095">
        <ele>916.2</ele>
      </trkpt>
      <trkpt lat="44.057899" lon="5.62094">
        <ele>916.4</ele>
      </trkpt>
      <trkpt lat="44.05779" lon="5.62093">
        <ele>916.4</ele>
      </trkpt>
      <trkpt lat="44.05766" lon="5.62093">
        <ele>916.1</ele>
      </trkpt>
      <trkpt lat="44.05751" lon="5.62089">
        <ele>917.1</ele>
      </trkpt>
      <trkpt lat="44.05736" lon="5.6208">
        <ele>916.5</ele>
      </trkpt>
      <trkpt lat="44.057229" lon="5.62071">
        <ele>916.2</ele>
      </trkpt>
      <trkpt lat="44.05721" lon="5.62069">
        <ele>916.3</ele>
      </trkpt>
      <trkpt lat="44.05709" lon="5.62059">
        <ele>916.4</ele>
      </trkpt>
      <trkpt lat="44.05695" lon="5.62044">
        <ele>917.2</ele>
      </trkpt>
      <trkpt lat="44.05684" lon="5.62029">
        <ele>918.7</ele>
      </trkpt>
      <trkpt lat="44.05671" lon="5.620059">
        <ele>921.6</ele>
      </trkpt>
      <trkpt lat="44.0566" lon="5.61986">
        <ele>923.8</ele>
      </trkpt>
      <trkpt lat="44.05652" lon="5.61971">
        <ele>925.4</ele>
      </trkpt>
      <trkpt lat="44.05646" lon="5.61963">
        <ele>925.5</ele>
      </trkpt>
      <trkpt lat="44.05641" lon="5.61955">
        <ele>926.0</ele>
      </trkpt>
      <trkpt lat="44.05633" lon="5.619449">
        <ele>925.9</ele>
      </trkpt>
      <trkpt lat="44.05621" lon="5.61927">
        <ele>926.3</ele>
      </trkpt>
      <trkpt lat="44.056109" lon="5.61911">
        <ele>926.6</ele>
      </trkpt>
      <trkpt lat="44.05609" lon="5.61908">
        <ele>926.6</ele>
      </trkpt>
      <trkpt lat="44.05594" lon="5.61875">
        <ele>928.8</ele>
      </trkpt>
      <trkpt lat="44.0558" lon="5.61844">
        <ele>931.1</ele>
      </trkpt>
      <trkpt lat="44.055729" lon="5.61826">
        <ele>932.6</ele>
      </trkpt>
      <trkpt lat="44.05566" lon="5.61808">
        <ele>934.2</ele>
      </trkpt>
      <trkpt lat="44.05553" lon="5.6178">
        <ele>936.1</ele>
      </trkpt>
      <trkpt lat="44.05553" lon="5.61779">
        <ele>936.4</ele>
      </trkpt>
      <trkpt lat="44.05544" lon="5.61763">
        <ele>937.0</ele>
      </trkpt>
      <trkpt lat="44.05536" lon="5.617479">
        <ele>937.8</ele>
      </trkpt>
      <trkpt lat="44.05528" lon="5.61737">
        <ele>937.3</ele>
      </trkpt>
      <trkpt lat="44.05518" lon="5.61722">
        <ele>937.3</ele>
      </trkpt>
      <trkpt lat="44.05513" lon="5.61716">
        <ele>937.1</ele>
      </trkpt>
      <trkpt lat="44.05488" lon="5.616869">
        <ele>936.8</ele>
      </trkpt>
      <trkpt lat="44.05442" lon="5.61638">
        <ele>935.3</ele>
      </trkpt>
      <trkpt lat="44.05434" lon="5.61629">
        <ele>935.6</ele>
      </trkpt>
      <trkpt lat="44.05404" lon="5.616">
        <ele>937.7</ele>
      </trkpt>
      <trkpt lat="44.05393" lon="5.61589">
        <ele>939.2</ele>
      </trkpt>
      <trkpt lat="44.05368" lon="5.61564">
        <ele>940.3</ele>
      </trkpt>
      <trkpt lat="44.05361" lon="5.615579">
        <ele>940.3</ele>
      </trkpt>
      <trkpt lat="44.05356" lon="5.61553">
        <ele>940.5</ele>
      </trkpt>
      <trkpt lat="44.05333" lon="5.61526">
        <ele>942.7</ele>
      </trkpt>
      <trkpt lat="44.05321" lon="5.61512">
        <ele>945.3</ele>
      </trkpt>
      <trkpt lat="44.05305" lon="5.61489">
        <ele>948.3</ele>
      </trkpt>
      <trkpt lat="44.05296" lon="5.61478">
        <ele>948.8</ele>
      </trkpt>
      <trkpt lat="44.052819" lon="5.61456">
        <ele>949.4</ele>
      </trkpt>
      <trkpt lat="44.05277" lon="5.61448">
        <ele>949.5</ele>
      </trkpt>
      <trkpt lat="44.05261" lon="5.61427">
        <ele>948.9</ele>
      </trkpt>
      <trkpt lat="44.05254" lon="5.61418">
        <ele>948.4</ele>
      </trkpt>
      <trkpt lat="44.05245" lon="5.6141">
        <ele>948.9</ele>
      </trkpt>
      <trkpt lat="44.05242" lon="5.61407">
        <ele>949.3</ele>
      </trkpt>
      <trkpt lat="44.05236" lon="5.61402">
        <ele>949.7</ele>
      </trkpt>
      <trkpt lat="44.05228" lon="5.613959">
        <ele>950.1</ele>
      </trkpt>
      <trkpt lat="44.05194" lon="5.61374">
        <ele>949.7</ele>
      </trkpt>
      <trkpt lat="44.05177" lon="5.61363">
        <ele>948.8</ele>
      </trkpt>
      <trkpt lat="44.05149" lon="5.61344">
        <ele>947.3</ele>
      </trkpt>
      <trkpt lat="44.05124" lon="5.61329">
        <ele>945.5</ele>
      </trkpt>
      <trkpt lat="44.05115" lon="5.61324">
        <ele>945.0</ele>
      </trkpt>
      <trkpt lat="44.05107" lon="5.6132">
        <ele>944.6</ele>
      </trkpt>
      <trkpt lat="44.05099" lon="5.61316">
        <ele>944.1</ele>
      </trkpt>
      <trkpt lat="44.05084" lon="5.61312">
        <ele>942.6</ele>
      </trkpt>
      <trkpt lat="44.05041" lon="5.61305">
        <ele>941.4</ele>
      </trkpt>
      <trkpt lat="44.05005" lon="5.613">
        <ele>940.1</ele>
      </trkpt>
      <trkpt lat="44.04997" lon="5.61299">
        <ele>939.6</ele>
      </trkpt>
      <trkpt lat="44.049819" lon="5.61296">
        <ele>938.2</ele>
      </trkpt>
      <trkpt lat="44.049729" lon="5.61293">
        <ele>937.5</ele>
      </trkpt>
      <trkpt lat="44.0497" lon="5.61291">
        <ele>937.3</ele>
      </trkpt>
      <trkpt lat="44.04967" lon="5.61289">
        <ele>937.1</ele>
      </trkpt>
      <trkpt lat="44.04962" lon="5.61287">
        <ele>936.7</ele>
      </trkpt>
      <trkpt lat="44.04958" lon="5.61282">
        <ele>936.5</ele>
      </trkpt>
      <trkpt lat="44.04954" lon="5.61279">
        <ele>936.3</ele>
      </trkpt>
      <trkpt lat="44.04953" lon="5.61278">
        <ele>936.2</ele>
      </trkpt>
      <trkpt lat="44.0495" lon="5.6127">
        <ele>936.3</ele>
      </trkpt>
      <trkpt lat="44.04943" lon="5.61255">
        <ele>936.2</ele>
      </trkpt>
      <trkpt lat="44.04936" lon="5.61236">
        <ele>936.1</ele>
      </trkpt>
      <trkpt lat="44.0493" lon="5.61216">
        <ele>936.2</ele>
      </trkpt>
      <trkpt lat="44.04928" lon="5.61207">
        <ele>936.4</ele>
      </trkpt>
      <trkpt lat="44.04927" lon="5.611989">
        <ele>936.6</ele>
      </trkpt>
      <trkpt lat="44.04925" lon="5.611849">
        <ele>937.0</ele>
      </trkpt>
      <trkpt lat="44.04929" lon="5.61162">
        <ele>938.1</ele>
      </trkpt>
      <trkpt lat="44.04931" lon="5.61156">
        <ele>938.2</ele>
      </trkpt>
      <trkpt lat="44.04933" lon="5.61149">
        <ele>938.2</ele>
      </trkpt>
      <trkpt lat="44.04936" lon="5.6114">
        <ele>938.2</ele>
      </trkpt>
      <trkpt lat="44.04937" lon="5.611379">
        <ele>938.3</ele>
      </trkpt>
      <trkpt lat="44.04941" lon="5.611309">
        <ele>938.4</ele>
      </trkpt>
      <trkpt lat="44.04949" lon="5.61119">
        <ele>938.6</ele>
      </trkpt>
      <trkpt lat="44.04962" lon="5.61102">
        <ele>938.9</ele>
      </trkpt>
      <trkpt lat="44.05014" lon="5.61033">
        <ele>937.7</ele>
      </trkpt>
      <trkpt lat="44.05021" lon="5.61024">
        <ele>937.8</ele>
      </trkpt>
      <trkpt lat="44.05026" lon="5.61014">
        <ele>937.7</ele>
      </trkpt>
      <trkpt lat="44.05028" lon="5.61011">
        <ele>937.7</ele>
      </trkpt>
      <trkpt lat="44.05033" lon="5.610019">
        <ele>937.7</ele>
      </trkpt>
      <trkpt lat="44.050379" lon="5.6099">
        <ele>937.8</ele>
      </trkpt>
      <trkpt lat="44.05041" lon="5.60978">
        <ele>937.8</ele>
      </trkpt>
      <trkpt lat="44.05044" lon="5.60966">
        <ele>937.7</ele>
      </trkpt>
      <trkpt lat="44.05045" lon="5.60952">
        <ele>937.4</ele>
      </trkpt>
      <trkpt lat="44.05046" lon="5.60946">
        <ele>937.2</ele>
      </trkpt>
      <trkpt lat="44.05047" lon="5.60931">
        <ele>936.8</ele>
      </trkpt>
      <trkpt lat="44.05049" lon="5.60921">
        <ele>936.7</ele>
      </trkpt>
      <trkpt lat="44.05049" lon="5.60918">
        <ele>936.6</ele>
      </trkpt>
      <trkpt lat="44.05053" lon="5.60902">
        <ele>936.0</ele>
      </trkpt>
      <trkpt lat="44.05057" lon="5.608869">
        <ele>935.4</ele>
      </trkpt>
      <trkpt lat="44.05061" lon="5.60876">
        <ele>935.1</ele>
      </trkpt>
      <trkpt lat="44.05065" lon="5.60866">
        <ele>934.8</ele>
      </trkpt>
      <trkpt lat="44.0507" lon="5.60856">
        <ele>934.5</ele>
      </trkpt>
      <trkpt lat="44.050759" lon="5.60848">
        <ele>934.4</ele>
      </trkpt>
      <trkpt lat="44.05083" lon="5.608399">
        <ele>934.4</ele>
      </trkpt>
      <trkpt lat="44.05092" lon="5.60832">
        <ele>934.1</ele>
      </trkpt>
      <trkpt lat="44.05107" lon="5.60823">
        <ele>933.8</ele>
      </trkpt>
      <trkpt lat="44.05119" lon="5.60817">
        <ele>933.6</ele>
      </trkpt>
      <trkpt lat="44.05156" lon="5.60804">
        <ele>933.3</ele>
      </trkpt>
      <trkpt lat="44.05167" lon="5.60798">
        <ele>933.0</ele>
      </trkpt>
      <trkpt lat="44.05189" lon="5.60785">
        <ele>932.4</ele>
      </trkpt>
      <trkpt lat="44.0519" lon="5.60784">
        <ele>932.3</ele>
      </trkpt>
      <trkpt lat="44.05209" lon="5.607719">
        <ele>931.7</ele>
      </trkpt>
      <trkpt lat="44.05213" lon="5.6077">
        <ele>931.7</ele>
      </trkpt>
      <trkpt lat="44.052259" lon="5.60761">
        <ele>931.3</ele>
      </trkpt>
      <trkpt lat="44.05227" lon="5.6076">
        <ele>931.2</ele>
      </trkpt>
      <trkpt lat="44.05242" lon="5.60751">
        <ele>930.9</ele>
      </trkpt>
      <trkpt lat="44.05254" lon="5.60742">
        <ele>931.0</ele>
      </trkpt>
      <trkpt lat="44.05258" lon="5.6074">
        <ele>931.2</ele>
      </trkpt>
      <trkpt lat="44.05307" lon="5.60707">
        <ele>932.9</ele>
      </trkpt>
      <trkpt lat="44.05307" lon="5.60706">
        <ele>932.8</ele>
      </trkpt>
      <trkpt lat="44.05323" lon="5.606969">
        <ele>933.2</ele>
      </trkpt>
      <trkpt lat="44.05341" lon="5.60685">
        <ele>933.5</ele>
      </trkpt>
      <trkpt lat="44.05351" lon="5.60679">
        <ele>933.6</ele>
      </trkpt>
      <trkpt lat="44.05356" lon="5.60677">
        <ele>933.7</ele>
      </trkpt>
      <trkpt lat="44.05362" lon="5.60675">
        <ele>933.9</ele>
      </trkpt>
      <trkpt lat="44.05374" lon="5.60671">
        <ele>934.2</ele>
      </trkpt>
      <trkpt lat="44.05379" lon="5.6067">
        <ele>934.4</ele>
      </trkpt>
      <trkpt lat="44.05391" lon="5.60668">
        <ele>934.8</ele>
      </trkpt>
      <trkpt lat="44.05407" lon="5.60667">
        <ele>935.6</ele>
      </trkpt>
      <trkpt lat="44.05409" lon="5.60667">
        <ele>935.7</ele>
      </trkpt>
      <trkpt lat="44.05434" lon="5.60666">
        <ele>936.4</ele>
      </trkpt>
      <trkpt lat="44.05445" lon="5.60666">
        <ele>936.6</ele>
      </trkpt>
      <trkpt lat="44.05463" lon="5.60666">
        <ele>937.1</ele>
      </trkpt>
      <trkpt lat="44.05482" lon="5.60666">
        <ele>937.5</ele>
      </trkpt>
      <trkpt lat="44.05493" lon="5.606639">
        <ele>937.6</ele>
      </trkpt>
      <trkpt lat="44.05502" lon="5.6066">
        <ele>937.6</ele>
      </trkpt>
      <trkpt lat="44.05505" lon="5.60659">
        <ele>937.6</ele>
      </trkpt>
      <trkpt lat="44.05518" lon="5.60654">
        <ele>937.8</ele>
      </trkpt>
      <trkpt lat="44.0553" lon="5.60648">
        <ele>937.9</ele>
      </trkpt>
      <trkpt lat="44.05542" lon="5.60641">
        <ele>938.0</ele>
      </trkpt>
      <trkpt lat="44.0555" lon="5.606359">
        <ele>938.0</ele>
      </trkpt>
      <trkpt lat="44.05566" lon="5.60625">
        <ele>938.2</ele>
      </trkpt>
      <trkpt lat="44.055729" lon="5.60621">
        <ele>938.3</ele>
      </trkpt>
      <trkpt lat="44.0561" lon="5.605959">
        <ele>938.7</ele>
      </trkpt>
      <trkpt lat="44.05631" lon="5.60583">
        <ele>938.7</ele>
      </trkpt>
      <trkpt lat="44.05653" lon="5.60572">
        <ele>938.9</ele>
      </trkpt>
      <trkpt lat="44.05669" lon="5.60565">
        <ele>939.0</ele>
      </trkpt>
      <trkpt lat="44.057" lon="5.60553">
        <ele>939.4</ele>
      </trkpt>
      <trkpt lat="44.05701" lon="5.60553">
        <ele>939.4</ele>
      </trkpt>
      <trkpt lat="44.05719" lon="5.60547">
        <ele>939.7</ele>
      </trkpt>
      <trkpt lat="44.05731" lon="5.60544">
        <ele>940.0</ele>
      </trkpt>
      <trkpt lat="44.05769" lon="5.60532">
        <ele>940.7</ele>
      </trkpt>
      <trkpt lat="44.05807" lon="5.60522">
        <ele>941.4</ele>
      </trkpt>
      <trkpt lat="44.05823" lon="5.60518">
        <ele>941.6</ele>
      </trkpt>
      <trkpt lat="44.05865" lon="5.60505">
        <ele>942.8</ele>
      </trkpt>
      <trkpt lat="44.05877" lon="5.60501">
        <ele>943.3</ele>
      </trkpt>
      <trkpt lat="44.05922" lon="5.60488">
        <ele>945.1</ele>
      </trkpt>
      <trkpt lat="44.05943" lon="5.60482">
        <ele>945.0</ele>
      </trkpt>
      <trkpt lat="44.05965" lon="5.60476">
        <ele>944.8</ele>
      </trkpt>
      <trkpt lat="44.05974" lon="5.60473">
        <ele>944.7</ele>
      </trkpt>
      <trkpt lat="44.059959" lon="5.60466">
        <ele>944.3</ele>
      </trkpt>
      <trkpt lat="44.06" lon="5.60464">
        <ele>944.1</ele>
      </trkpt>
      <trkpt lat="44.060139" lon="5.60458">
        <ele>944.1</ele>
      </trkpt>
      <trkpt lat="44.06028" lon="5.60452">
        <ele>944.2</ele>
      </trkpt>
      <trkpt lat="44.06047" lon="5.60441">
        <ele>944.1</ele>
      </trkpt>
      <trkpt lat="44.06066" lon="5.60429">
        <ele>944.1</ele>
      </trkpt>
      <trkpt lat="44.06067" lon="5.60428">
        <ele>944.0</ele>
      </trkpt>
      <trkpt lat="44.06083" lon="5.60417">
        <ele>944.0</ele>
      </trkpt>
      <trkpt lat="44.061079" lon="5.60401">
        <ele>944.7</ele>
      </trkpt>
      <trkpt lat="44.061279" lon="5.60387">
        <ele>945.5</ele>
      </trkpt>
      <trkpt lat="44.06132" lon="5.60385">
        <ele>945.6</ele>
      </trkpt>
      <trkpt lat="44.061459" lon="5.60375">
        <ele>946.3</ele>
      </trkpt>
      <trkpt lat="44.06164" lon="5.60362">
        <ele>947.2</ele>
      </trkpt>
      <trkpt lat="44.06172" lon="5.60356">
        <ele>947.7</ele>
      </trkpt>
      <trkpt lat="44.06203" lon="5.60336">
        <ele>950.1</ele>
      </trkpt>
      <trkpt lat="44.06229" lon="5.60319">
        <ele>951.9</ele>
      </trkpt>
      <trkpt lat="44.06235" lon="5.60316">
        <ele>952.2</ele>
      </trkpt>
      <trkpt lat="44.06246" lon="5.60309">
        <ele>952.8</ele>
      </trkpt>
      <trkpt lat="44.0627" lon="5.60294">
        <ele>952.6</ele>
      </trkpt>
      <trkpt lat="44.06288" lon="5.60286">
        <ele>952.2</ele>
      </trkpt>
      <trkpt lat="44.062959" lon="5.602839">
        <ele>952.1</ele>
      </trkpt>
      <trkpt lat="44.063" lon="5.60283">
        <ele>952.1</ele>
      </trkpt>
      <trkpt lat="44.06313" lon="5.60279">
        <ele>951.8</ele>
      </trkpt>
      <trkpt lat="44.06314" lon="5.60279">
        <ele>951.8</ele>
      </trkpt>
      <trkpt lat="44.06332" lon="5.60276">
        <ele>951.6</ele>
      </trkpt>
      <trkpt lat="44.06356" lon="5.60272">
        <ele>952.1</ele>
      </trkpt>
      <trkpt lat="44.06385" lon="5.60268">
        <ele>952.8</ele>
      </trkpt>
      <trkpt lat="44.06403" lon="5.60265">
        <ele>953.3</ele>
      </trkpt>
      <trkpt lat="44.06408" lon="5.60264">
        <ele>953.4</ele>
      </trkpt>
      <trkpt lat="44.06421" lon="5.60262">
        <ele>953.7</ele>
      </trkpt>
      <trkpt lat="44.06424" lon="5.60261">
        <ele>953.7</ele>
      </trkpt>
      <trkpt lat="44.0647" lon="5.60254">
        <ele>954.4</ele>
      </trkpt>
      <trkpt lat="44.06491" lon="5.6025">
        <ele>954.8</ele>
      </trkpt>
      <trkpt lat="44.06535" lon="5.60243">
        <ele>956.1</ele>
      </trkpt>
      <trkpt lat="44.065489" lon="5.6024">
        <ele>956.5</ele>
      </trkpt>
      <trkpt lat="44.06582" lon="5.60235">
        <ele>957.2</ele>
      </trkpt>
      <trkpt lat="44.066" lon="5.60233">
        <ele>957.8</ele>
      </trkpt>
      <trkpt lat="44.06614" lon="5.60231">
        <ele>958.2</ele>
      </trkpt>
      <trkpt lat="44.06674" lon="5.60221">
        <ele>959.8</ele>
      </trkpt>
      <trkpt lat="44.06689" lon="5.60217">
        <ele>960.0</ele>
      </trkpt>
      <trkpt lat="44.06697" lon="5.602159">
        <ele>960.1</ele>
      </trkpt>
      <trkpt lat="44.06707" lon="5.60212">
        <ele>960.1</ele>
      </trkpt>
      <trkpt lat="44.06708" lon="5.60212">
        <ele>960.2</ele>
      </trkpt>
      <trkpt lat="44.06725" lon="5.60204">
        <ele>960.2</ele>
      </trkpt>
      <trkpt lat="44.06733" lon="5.60199">
        <ele>960.1</ele>
      </trkpt>
      <trkpt lat="44.06743" lon="5.60188">
        <ele>959.9</ele>
      </trkpt>
      <trkpt lat="44.06755" lon="5.60174">
        <ele>959.8</ele>
      </trkpt>
      <trkpt lat="44.06761" lon="5.60167">
        <ele>960.1</ele>
      </trkpt>
      <trkpt lat="44.06772" lon="5.60153">
        <ele>961.1</ele>
      </trkpt>
      <trkpt lat="44.06774" lon="5.6015">
        <ele>961.2</ele>
      </trkpt>
      <trkpt lat="44.06796" lon="5.60116">
        <ele>963.1</ele>
      </trkpt>
      <trkpt lat="44.06811" lon="5.60097">
        <ele>964.2</ele>
      </trkpt>
      <trkpt lat="44.06824" lon="5.60079">
        <ele>965.0</ele>
      </trkpt>
      <trkpt lat="44.06827" lon="5.60076">
        <ele>965.1</ele>
      </trkpt>
      <trkpt lat="44.06844" lon="5.60057">
        <ele>965.1</ele>
      </trkpt>
      <trkpt lat="44.0689" lon="5.60014">
        <ele>965.2</ele>
      </trkpt>
      <trkpt lat="44.06913" lon="5.59991">
        <ele>965.5</ele>
      </trkpt>
      <trkpt lat="44.06929" lon="5.59976">
        <ele>966.0</ele>
      </trkpt>
      <trkpt lat="44.069629" lon="5.59943">
        <ele>967.3</ele>
      </trkpt>
      <trkpt lat="44.06977" lon="5.5993">
        <ele>967.8</ele>
      </trkpt>
      <trkpt lat="44.06987" lon="5.59919">
        <ele>968.1</ele>
      </trkpt>
      <trkpt lat="44.07023" lon="5.59883">
        <ele>969.0</ele>
      </trkpt>
      <trkpt lat="44.07031" lon="5.59876">
        <ele>969.0</ele>
      </trkpt>
      <trkpt lat="44.07047" lon="5.59861">
        <ele>968.8</ele>
      </trkpt>
      <trkpt lat="44.07054" lon="5.59854">
        <ele>968.6</ele>
      </trkpt>
      <trkpt lat="44.070569" lon="5.59851">
        <ele>968.5</ele>
      </trkpt>
      <trkpt lat="44.07067" lon="5.598429">
        <ele>968.3</ele>
      </trkpt>
      <trkpt lat="44.07069" lon="5.59841">
        <ele>968.2</ele>
      </trkpt>
      <trkpt lat="44.07077" lon="5.59835">
        <ele>968.0</ele>
      </trkpt>
      <trkpt lat="44.07087" lon="5.59828">
        <ele>967.4</ele>
      </trkpt>
      <trkpt lat="44.07099" lon="5.59821">
        <ele>966.5</ele>
      </trkpt>
      <trkpt lat="44.07119" lon="5.59812">
        <ele>965.4</ele>
      </trkpt>
      <trkpt lat="44.07137" lon="5.59806">
        <ele>964.6</ele>
      </trkpt>
      <trkpt lat="44.07143" lon="5.598029">
        <ele>964.3</ele>
      </trkpt>
      <trkpt lat="44.07157" lon="5.59798">
        <ele>963.9</ele>
      </trkpt>
      <trkpt lat="44.07162" lon="5.597959">
        <ele>963.7</ele>
      </trkpt>
      <trkpt lat="44.07174" lon="5.5979">
        <ele>963.8</ele>
      </trkpt>
      <trkpt lat="44.07177" lon="5.597889">
        <ele>963.9</ele>
      </trkpt>
      <trkpt lat="44.07182" lon="5.59787">
        <ele>964.1</ele>
      </trkpt>
      <trkpt lat="44.07211" lon="5.597749">
        <ele>965.0</ele>
      </trkpt>
      <trkpt lat="44.07226" lon="5.59769">
        <ele>965.5</ele>
      </trkpt>
      <trkpt lat="44.07243" lon="5.59762">
        <ele>966.1</ele>
      </trkpt>
      <trkpt lat="44.07252" lon="5.59759">
        <ele>966.4</ele>
      </trkpt>
      <trkpt lat="44.073" lon="5.59741">
        <ele>967.1</ele>
      </trkpt>
      <trkpt lat="44.07312" lon="5.59733">
        <ele>966.9</ele>
      </trkpt>
      <trkpt lat="44.073189" lon="5.597279">
        <ele>966.8</ele>
      </trkpt>
      <trkpt lat="44.07325" lon="5.59723">
        <ele>966.7</ele>
      </trkpt>
      <trkpt lat="44.07332" lon="5.59716">
        <ele>966.5</ele>
      </trkpt>
      <trkpt lat="44.07337" lon="5.59707">
        <ele>966.1</ele>
      </trkpt>
      <trkpt lat="44.07339" lon="5.59702">
        <ele>965.9</ele>
      </trkpt>
      <trkpt lat="44.0734" lon="5.597">
        <ele>965.9</ele>
      </trkpt>
      <trkpt lat="44.07346" lon="5.59686">
        <ele>965.4</ele>
      </trkpt>
      <trkpt lat="44.07353" lon="5.59656">
        <ele>965.0</ele>
      </trkpt>
      <trkpt lat="44.07358" lon="5.59632">
        <ele>966.4</ele>
      </trkpt>
      <trkpt lat="44.07369" lon="5.59583">
        <ele>969.7</ele>
      </trkpt>
      <trkpt lat="44.07376" lon="5.59551">
        <ele>972.2</ele>
      </trkpt>
      <trkpt lat="44.07379" lon="5.595309">
        <ele>973.6</ele>
      </trkpt>
      <trkpt lat="44.07381" lon="5.59514">
        <ele>974.7</ele>
      </trkpt>
      <trkpt lat="44.07381" lon="5.5951">
        <ele>974.9</ele>
      </trkpt>
      <trkpt lat="44.07381" lon="5.59499">
        <ele>975.5</ele>
      </trkpt>
      <trkpt lat="44.07381" lon="5.59481">
        <ele>976.1</ele>
      </trkpt>
      <trkpt lat="44.0738" lon="5.5946">
        <ele>976.7</ele>
      </trkpt>
      <trkpt lat="44.07374" lon="5.59412">
        <ele>977.6</ele>
      </trkpt>
      <trkpt lat="44.07369" lon="5.59373">
        <ele>978.7</ele>
      </trkpt>
      <trkpt lat="44.073659" lon="5.59361">
        <ele>978.9</ele>
      </trkpt>
      <trkpt lat="44.07362" lon="5.5935">
        <ele>979.0</ele>
      </trkpt>
      <trkpt lat="44.073569" lon="5.59341">
        <ele>978.9</ele>
      </trkpt>
      <trkpt lat="44.07347" lon="5.59329">
        <ele>978.6</ele>
      </trkpt>
      <trkpt lat="44.07336" lon="5.59319">
        <ele>978.4</ele>
      </trkpt>
      <trkpt lat="44.073189" lon="5.5931">
        <ele>978.8</ele>
      </trkpt>
      <trkpt lat="44.073099" lon="5.59306">
        <ele>978.9</ele>
      </trkpt>
      <trkpt lat="44.07299" lon="5.593009">
        <ele>979.1</ele>
      </trkpt>
      <trkpt lat="44.07293" lon="5.59297">
        <ele>979.2</ele>
      </trkpt>
      <trkpt lat="44.07287" lon="5.59292">
        <ele>979.4</ele>
      </trkpt>
      <trkpt lat="44.07277" lon="5.59282">
        <ele>979.6</ele>
      </trkpt>
      <trkpt lat="44.0727" lon="5.59273">
        <ele>979.9</ele>
      </trkpt>
      <trkpt lat="44.07262" lon="5.59262">
        <ele>980.1</ele>
      </trkpt>
      <trkpt lat="44.072539" lon="5.59246">
        <ele>980.3</ele>
      </trkpt>
      <trkpt lat="44.07247" lon="5.59225">
        <ele>980.8</ele>
      </trkpt>
      <trkpt lat="44.07226" lon="5.59167">
        <ele>982.4</ele>
      </trkpt>
      <trkpt lat="44.07214" lon="5.59131">
        <ele>983.2</ele>
      </trkpt>
      <trkpt lat="44.072069" lon="5.59112">
        <ele>983.6</ele>
      </trkpt>
      <trkpt lat="44.07203" lon="5.59096">
        <ele>983.9</ele>
      </trkpt>
      <trkpt lat="44.072" lon="5.59085">
        <ele>984.2</ele>
      </trkpt>
      <trkpt lat="44.072" lon="5.59081">
        <ele>984.1</ele>
      </trkpt>
      <trkpt lat="44.07199" lon="5.59073">
        <ele>983.9</ele>
      </trkpt>
      <trkpt lat="44.07199" lon="5.59059">
        <ele>983.5</ele>
      </trkpt>
      <trkpt lat="44.07199" lon="5.59032">
        <ele>982.8</ele>
      </trkpt>
      <trkpt lat="44.07199" lon="5.590029">
        <ele>982.0</ele>
      </trkpt>
      <trkpt lat="44.072" lon="5.58957">
        <ele>979.8</ele>
      </trkpt>
      <trkpt lat="44.072" lon="5.5891">
        <ele>977.8</ele>
      </trkpt>
      <trkpt lat="44.072" lon="5.58906">
        <ele>977.8</ele>
      </trkpt>
      <trkpt lat="44.072" lon="5.588809">
        <ele>977.8</ele>
      </trkpt>
      <trkpt lat="44.072" lon="5.5887">
        <ele>977.8</ele>
      </trkpt>
      <trkpt lat="44.07201" lon="5.58856">
        <ele>977.8</ele>
      </trkpt>
      <trkpt lat="44.07201" lon="5.5883">
        <ele>977.9</ele>
      </trkpt>
      <trkpt lat="44.07201" lon="5.58771">
        <ele>979.2</ele>
      </trkpt>
      <trkpt lat="44.07201" lon="5.587449">
        <ele>979.7</ele>
      </trkpt>
      <trkpt lat="44.07202" lon="5.5868">
        <ele>980.5</ele>
      </trkpt>
      <trkpt lat="44.07202" lon="5.58656">
        <ele>980.6</ele>
      </trkpt>
      <trkpt lat="44.07202" lon="5.58655">
        <ele>980.6</ele>
      </trkpt>
      <trkpt lat="44.07202" lon="5.586299">
        <ele>980.4</ele>
      </trkpt>
      <trkpt lat="44.07202" lon="5.58605">
        <ele>980.3</ele>
      </trkpt>
      <trkpt lat="44.07202" lon="5.5858">
        <ele>979.9</ele>
      </trkpt>
      <trkpt lat="44.07202" lon="5.585549">
        <ele>978.4</ele>
      </trkpt>
      <trkpt lat="44.07202" lon="5.58547">
        <ele>977.9</ele>
      </trkpt>
      <trkpt lat="44.07203" lon="5.58476">
        <ele>973.8</ele>
      </trkpt>
      <trkpt lat="44.07203" lon="5.58455">
        <ele>972.7</ele>
      </trkpt>
      <trkpt lat="44.07203" lon="5.5843">
        <ele>971.4</ele>
      </trkpt>
      <trkpt lat="44.07203" lon="5.58405">
        <ele>970.9</ele>
      </trkpt>
      <trkpt lat="44.07203" lon="5.583929">
        <ele>971.0</ele>
      </trkpt>
      <trkpt lat="44.07203" lon="5.5838">
        <ele>971.1</ele>
      </trkpt>
      <trkpt lat="44.07204" lon="5.58355">
        <ele>971.5</ele>
      </trkpt>
      <trkpt lat="44.07204" lon="5.58336">
        <ele>971.7</ele>
      </trkpt>
      <trkpt lat="44.07204" lon="5.58305">
        <ele>971.9</ele>
      </trkpt>
      <trkpt lat="44.07206" lon="5.58267">
        <ele>972.3</ele>
      </trkpt>
      <trkpt lat="44.07208" lon="5.58255">
        <ele>972.5</ele>
      </trkpt>
      <trkpt lat="44.07209" lon="5.58246">
        <ele>972.4</ele>
      </trkpt>
      <trkpt lat="44.07211" lon="5.58235">
        <ele>972.0</ele>
      </trkpt>
      <trkpt lat="44.07213" lon="5.58222">
        <ele>971.6</ele>
      </trkpt>
      <trkpt lat="44.07214" lon="5.58218">
        <ele>971.5</ele>
      </trkpt>
      <trkpt lat="44.072159" lon="5.58213">
        <ele>971.4</ele>
      </trkpt>
      <trkpt lat="44.0724" lon="5.58126">
        <ele>968.1</ele>
      </trkpt>
      <trkpt lat="44.07253" lon="5.58078">
        <ele>966.1</ele>
      </trkpt>
      <trkpt lat="44.07267" lon="5.58033">
        <ele>965.7</ele>
      </trkpt>
      <trkpt lat="44.072809" lon="5.57986">
        <ele>964.6</ele>
      </trkpt>
      <trkpt lat="44.07282" lon="5.57984">
        <ele>964.5</ele>
      </trkpt>
      <trkpt lat="44.07289" lon="5.57968">
        <ele>963.6</ele>
      </trkpt>
      <trkpt lat="44.07291" lon="5.57965">
        <ele>963.5</ele>
      </trkpt>
      <trkpt lat="44.07296" lon="5.57958">
        <ele>963.0</ele>
      </trkpt>
      <trkpt lat="44.07305" lon="5.57947">
        <ele>962.2</ele>
      </trkpt>
      <trkpt lat="44.07312" lon="5.57942">
        <ele>961.8</ele>
      </trkpt>
      <trkpt lat="44.07318" lon="5.5794">
        <ele>961.6</ele>
      </trkpt>
      <trkpt lat="44.07326" lon="5.57939">
        <ele>961.4</ele>
      </trkpt>
      <trkpt lat="44.07339" lon="5.5794">
        <ele>961.3</ele>
      </trkpt>
      <trkpt lat="44.07352" lon="5.57943">
        <ele>961.2</ele>
      </trkpt>
      <trkpt lat="44.073659" lon="5.579449">
        <ele>960.9</ele>
      </trkpt>
      <trkpt lat="44.07374" lon="5.579449">
        <ele>960.6</ele>
      </trkpt>
      <trkpt lat="44.07379" lon="5.579449">
        <ele>960.4</ele>
      </trkpt>
      <trkpt lat="44.07392" lon="5.57943">
        <ele>959.7</ele>
      </trkpt>
      <trkpt lat="44.07403" lon="5.57941">
        <ele>959.0</ele>
      </trkpt>
      <trkpt lat="44.074219" lon="5.57937">
        <ele>957.5</ele>
      </trkpt>
      <trkpt lat="44.07439" lon="5.57934">
        <ele>955.8</ele>
      </trkpt>
      <trkpt lat="44.07452" lon="5.57934">
        <ele>954.9</ele>
      </trkpt>
      <trkpt lat="44.07464" lon="5.57937">
        <ele>954.4</ele>
      </trkpt>
      <trkpt lat="44.07479" lon="5.5794">
        <ele>953.7</ele>
      </trkpt>
      <trkpt lat="44.07481" lon="5.57941">
        <ele>953.6</ele>
      </trkpt>
      <trkpt lat="44.07489" lon="5.579449">
        <ele>953.6</ele>
      </trkpt>
      <trkpt lat="44.074979" lon="5.57951">
        <ele>953.7</ele>
      </trkpt>
      <trkpt lat="44.07501" lon="5.57953">
        <ele>953.8</ele>
      </trkpt>
      <trkpt lat="44.07512" lon="5.579659">
        <ele>955.3</ele>
      </trkpt>
      <trkpt lat="44.0752" lon="5.57977">
        <ele>956.1</ele>
      </trkpt>
      <trkpt lat="44.07524" lon="5.57984">
        <ele>956.6</ele>
      </trkpt>
      <trkpt lat="44.07529" lon="5.57994">
        <ele>957.1</ele>
      </trkpt>
      <trkpt lat="44.07539" lon="5.580129">
        <ele>957.9</ele>
      </trkpt>
      <trkpt lat="44.07546" lon="5.58024">
        <ele>958.2</ele>
      </trkpt>
      <trkpt lat="44.07547" lon="5.58028">
        <ele>958.5</ele>
      </trkpt>
      <trkpt lat="44.07553" lon="5.58036">
        <ele>958.6</ele>
      </trkpt>
      <trkpt lat="44.07559" lon="5.5804">
        <ele>958.3</ele>
      </trkpt>
      <trkpt lat="44.07565" lon="5.58043">
        <ele>958.1</ele>
      </trkpt>
      <trkpt lat="44.07569" lon="5.58044">
        <ele>957.9</ele>
      </trkpt>
      <trkpt lat="44.07575" lon="5.58044">
        <ele>957.7</ele>
      </trkpt>
      <trkpt lat="44.07582" lon="5.58042">
        <ele>957.4</ele>
      </trkpt>
      <trkpt lat="44.07588" lon="5.58038">
        <ele>957.2</ele>
      </trkpt>
      <trkpt lat="44.07591" lon="5.58034">
        <ele>957.0</ele>
      </trkpt>
      <trkpt lat="44.07594" lon="5.58031">
        <ele>956.9</ele>
      </trkpt>
      <trkpt lat="44.07597" lon="5.58024">
        <ele>956.6</ele>
      </trkpt>
      <trkpt lat="44.07598" lon="5.580199">
        <ele>956.5</ele>
      </trkpt>
      <trkpt lat="44.07599" lon="5.58014">
        <ele>956.4</ele>
      </trkpt>
      <trkpt lat="44.07599" lon="5.58007">
        <ele>956.1</ele>
      </trkpt>
      <trkpt lat="44.07598" lon="5.580059">
        <ele>955.9</ele>
      </trkpt>
      <trkpt lat="44.07598" lon="5.58">
        <ele>955.6</ele>
      </trkpt>
      <trkpt lat="44.07596" lon="5.57988">
        <ele>955.6</ele>
      </trkpt>
      <trkpt lat="44.07589" lon="5.57951">
        <ele>955.3</ele>
      </trkpt>
      <trkpt lat="44.07585" lon="5.57929">
        <ele>955.0</ele>
      </trkpt>
      <trkpt lat="44.07584" lon="5.57927">
        <ele>954.9</ele>
      </trkpt>
      <trkpt lat="44.0758" lon="5.57902">
        <ele>956.1</ele>
      </trkpt>
      <trkpt lat="44.07578" lon="5.57893">
        <ele>956.7</ele>
      </trkpt>
      <trkpt lat="44.07575" lon="5.57883">
        <ele>957.3</ele>
      </trkpt>
      <trkpt lat="44.0757" lon="5.5787">
        <ele>957.7</ele>
      </trkpt>
      <trkpt lat="44.07564" lon="5.57858">
        <ele>957.8</ele>
      </trkpt>
      <trkpt lat="44.07561" lon="5.57851">
        <ele>957.8</ele>
      </trkpt>
      <trkpt lat="44.07553" lon="5.57838">
        <ele>957.3</ele>
      </trkpt>
      <trkpt lat="44.07549" lon="5.57832">
        <ele>957.0</ele>
      </trkpt>
      <trkpt lat="44.07543" lon="5.57825">
        <ele>956.9</ele>
      </trkpt>
      <trkpt lat="44.07532" lon="5.57812">
        <ele>956.9</ele>
      </trkpt>
      <trkpt lat="44.0751" lon="5.57795">
        <ele>956.0</ele>
      </trkpt>
      <trkpt lat="44.074689" lon="5.577619">
        <ele>956.3</ele>
      </trkpt>
      <trkpt lat="44.07462" lon="5.57757">
        <ele>956.1</ele>
      </trkpt>
      <trkpt lat="44.07442" lon="5.57743">
        <ele>955.5</ele>
      </trkpt>
      <trkpt lat="44.07429" lon="5.57734">
        <ele>955.4</ele>
      </trkpt>
      <trkpt lat="44.07397" lon="5.57714">
        <ele>955.3</ele>
      </trkpt>
      <trkpt lat="44.07389" lon="5.57709">
        <ele>955.2</ele>
      </trkpt>
      <trkpt lat="44.07369" lon="5.57695">
        <ele>955.0</ele>
      </trkpt>
      <trkpt lat="44.07365" lon="5.57692">
        <ele>954.9</ele>
      </trkpt>
      <trkpt lat="44.0735" lon="5.5768">
        <ele>954.6</ele>
      </trkpt>
      <trkpt lat="44.07338" lon="5.57667">
        <ele>954.6</ele>
      </trkpt>
      <trkpt lat="44.07322" lon="5.57648">
        <ele>954.4</ele>
      </trkpt>
      <trkpt lat="44.07313" lon="5.57636">
        <ele>954.4</ele>
      </trkpt>
      <trkpt lat="44.07303" lon="5.5762">
        <ele>954.9</ele>
      </trkpt>
      <trkpt lat="44.07299" lon="5.5761">
        <ele>955.5</ele>
      </trkpt>
      <trkpt lat="44.07286" lon="5.57565">
        <ele>957.7</ele>
      </trkpt>
      <trkpt lat="44.07282" lon="5.57546">
        <ele>958.2</ele>
      </trkpt>
      <trkpt lat="44.07278" lon="5.57522">
        <ele>959.0</ele>
      </trkpt>
      <trkpt lat="44.07274" lon="5.57492">
        <ele>959.7</ele>
      </trkpt>
      <trkpt lat="44.07275" lon="5.57482">
        <ele>959.8</ele>
      </trkpt>
      <trkpt lat="44.07276" lon="5.574639">
        <ele>959.9</ele>
      </trkpt>
      <trkpt lat="44.07278" lon="5.57452">
        <ele>960.0</ele>
      </trkpt>
      <trkpt lat="44.0728" lon="5.57437">
        <ele>960.1</ele>
      </trkpt>
      <trkpt lat="44.07289" lon="5.57391">
        <ele>959.5</ele>
      </trkpt>
      <trkpt lat="44.07292" lon="5.57379">
        <ele>959.2</ele>
      </trkpt>
      <trkpt lat="44.07294" lon="5.57372">
        <ele>958.9</ele>
      </trkpt>
      <trkpt lat="44.07317" lon="5.57261">
        <ele>955.4</ele>
      </trkpt>
      <trkpt lat="44.073189" lon="5.57249">
        <ele>955.0</ele>
      </trkpt>
      <trkpt lat="44.07327" lon="5.57208">
        <ele>954.1</ele>
      </trkpt>
      <trkpt lat="44.07332" lon="5.57184">
        <ele>953.4</ele>
      </trkpt>
      <trkpt lat="44.07341" lon="5.5714">
        <ele>953.1</ele>
      </trkpt>
      <trkpt lat="44.07344" lon="5.57122">
        <ele>953.1</ele>
      </trkpt>
      <trkpt lat="44.0736" lon="5.57039">
        <ele>951.7</ele>
      </trkpt>
      <trkpt lat="44.0737" lon="5.5699">
        <ele>950.9</ele>
      </trkpt>
      <trkpt lat="44.073749" lon="5.56967">
        <ele>951.2</ele>
      </trkpt>
      <trkpt lat="44.07378" lon="5.5695">
        <ele>951.4</ele>
      </trkpt>
      <trkpt lat="44.07383" lon="5.56923">
        <ele>951.6</ele>
      </trkpt>
      <trkpt lat="44.07386" lon="5.569">
        <ele>951.5</ele>
      </trkpt>
      <trkpt lat="44.07389" lon="5.56877">
        <ele>951.2</ele>
      </trkpt>
      <trkpt lat="44.0739" lon="5.568609">
        <ele>951.0</ele>
      </trkpt>
      <trkpt lat="44.07391" lon="5.56839">
        <ele>950.7</ele>
      </trkpt>
      <trkpt lat="44.07391" lon="5.56828">
        <ele>950.6</ele>
      </trkpt>
      <trkpt lat="44.07391" lon="5.56827">
        <ele>950.6</ele>
      </trkpt>
      <trkpt lat="44.07392" lon="5.567999">
        <ele>950.6</ele>
      </trkpt>
      <trkpt lat="44.07392" lon="5.56759">
        <ele>950.7</ele>
      </trkpt>
      <trkpt lat="44.07392" lon="5.56751">
        <ele>950.7</ele>
      </trkpt>
      <trkpt lat="44.07394" lon="5.56687">
        <ele>952.0</ele>
      </trkpt>
      <trkpt lat="44.07394" lon="5.56651">
        <ele>952.3</ele>
      </trkpt>
      <trkpt lat="44.07395" lon="5.56629">
        <ele>952.1</ele>
      </trkpt>
      <trkpt lat="44.07396" lon="5.566099">
        <ele>952.0</ele>
      </trkpt>
      <trkpt lat="44.07397" lon="5.56605">
        <ele>952.0</ele>
      </trkpt>
      <trkpt lat="44.07401" lon="5.5658">
        <ele>951.6</ele>
      </trkpt>
      <trkpt lat="44.07402" lon="5.56574">
        <ele>951.3</ele>
      </trkpt>
      <trkpt lat="44.07405" lon="5.565559">
        <ele>950.4</ele>
      </trkpt>
      <trkpt lat="44.07407" lon="5.5655">
        <ele>950.1</ele>
      </trkpt>
      <trkpt lat="44.0741" lon="5.56532">
        <ele>949.3</ele>
      </trkpt>
      <trkpt lat="44.07416" lon="5.56509">
        <ele>948.4</ele>
      </trkpt>
      <trkpt lat="44.07419" lon="5.56492">
        <ele>947.9</ele>
      </trkpt>
      <trkpt lat="44.07424" lon="5.56462">
        <ele>947.1</ele>
      </trkpt>
      <trkpt lat="44.07424" lon="5.56459">
        <ele>947.0</ele>
      </trkpt>
      <trkpt lat="44.07425" lon="5.56445">
        <ele>946.6</ele>
      </trkpt>
      <trkpt lat="44.074219" lon="5.56387">
        <ele>945.4</ele>
      </trkpt>
      <trkpt lat="44.07417" lon="5.56342">
        <ele>945.0</ele>
      </trkpt>
      <trkpt lat="44.07408" lon="5.56267">
        <ele>943.8</ele>
      </trkpt>
      <trkpt lat="44.07405" lon="5.56235">
        <ele>943.1</ele>
      </trkpt>
      <trkpt lat="44.074039" lon="5.56226">
        <ele>942.9</ele>
      </trkpt>
      <trkpt lat="44.07399" lon="5.56173">
        <ele>941.5</ele>
      </trkpt>
      <trkpt lat="44.07392" lon="5.56111">
        <ele>941.8</ele>
      </trkpt>
      <trkpt lat="44.07392" lon="5.56105">
        <ele>941.9</ele>
      </trkpt>
      <trkpt lat="44.07386" lon="5.56062">
        <ele>941.4</ele>
      </trkpt>
      <trkpt lat="44.07383" lon="5.56037">
        <ele>940.7</ele>
      </trkpt>
      <trkpt lat="44.07381" lon="5.5602">
        <ele>940.2</ele>
      </trkpt>
      <trkpt lat="44.07381" lon="5.56013">
        <ele>940.0</ele>
      </trkpt>
      <trkpt lat="44.0738" lon="5.55998">
        <ele>939.6</ele>
      </trkpt>
      <trkpt lat="44.07381" lon="5.55988">
        <ele>939.0</ele>
      </trkpt>
      <trkpt lat="44.07382" lon="5.55978">
        <ele>938.4</ele>
      </trkpt>
      <trkpt lat="44.07386" lon="5.55965">
        <ele>937.8</ele>
      </trkpt>
      <trkpt lat="44.07392" lon="5.55954">
        <ele>937.4</ele>
      </trkpt>
      <trkpt lat="44.07398" lon="5.55945">
        <ele>937.0</ele>
      </trkpt>
      <trkpt lat="44.07405" lon="5.559389">
        <ele>936.9</ele>
      </trkpt>
      <trkpt lat="44.07412" lon="5.55934">
        <ele>936.9</ele>
      </trkpt>
      <trkpt lat="44.07414" lon="5.55933">
        <ele>936.9</ele>
      </trkpt>
      <trkpt lat="44.0742" lon="5.5593">
        <ele>936.6</ele>
      </trkpt>
      <trkpt lat="44.07428" lon="5.55927">
        <ele>936.0</ele>
      </trkpt>
      <trkpt lat="44.07436" lon="5.55926">
        <ele>935.5</ele>
      </trkpt>
      <trkpt lat="44.07445" lon="5.55926">
        <ele>935.0</ele>
      </trkpt>
      <trkpt lat="44.07463" lon="5.55927">
        <ele>934.0</ele>
      </trkpt>
      <trkpt lat="44.07467" lon="5.55927">
        <ele>933.8</ele>
      </trkpt>
      <trkpt lat="44.07481" lon="5.55927">
        <ele>933.0</ele>
      </trkpt>
      <trkpt lat="44.07485" lon="5.55927">
        <ele>932.8</ele>
      </trkpt>
      <trkpt lat="44.07491" lon="5.55926">
        <ele>932.4</ele>
      </trkpt>
      <trkpt lat="44.07501" lon="5.55924">
        <ele>931.7</ele>
      </trkpt>
      <trkpt lat="44.0751" lon="5.55921">
        <ele>931.3</ele>
      </trkpt>
      <trkpt lat="44.0752" lon="5.55915">
        <ele>930.7</ele>
      </trkpt>
      <trkpt lat="44.07533" lon="5.55905">
        <ele>930.0</ele>
      </trkpt>
      <trkpt lat="44.075449" lon="5.55895">
        <ele>929.4</ele>
      </trkpt>
      <trkpt lat="44.0755" lon="5.55889">
        <ele>929.1</ele>
      </trkpt>
      <trkpt lat="44.07564" lon="5.55872">
        <ele>928.4</ele>
      </trkpt>
      <trkpt lat="44.07565" lon="5.55869">
        <ele>928.3</ele>
      </trkpt>
      <trkpt lat="44.075719" lon="5.5586">
        <ele>927.9</ele>
      </trkpt>
      <trkpt lat="44.07576" lon="5.55854">
        <ele>927.7</ele>
      </trkpt>
      <trkpt lat="44.07581" lon="5.55847">
        <ele>927.5</ele>
      </trkpt>
      <trkpt lat="44.076009" lon="5.55818">
        <ele>927.5</ele>
      </trkpt>
      <trkpt lat="44.07614" lon="5.558">
        <ele>927.3</ele>
      </trkpt>
      <trkpt lat="44.07638" lon="5.55765">
        <ele>926.4</ele>
      </trkpt>
      <trkpt lat="44.076479" lon="5.55748">
        <ele>925.9</ele>
      </trkpt>
      <trkpt lat="44.07671" lon="5.55712">
        <ele>926.9</ele>
      </trkpt>
      <trkpt lat="44.07684" lon="5.55692">
        <ele>927.6</ele>
      </trkpt>
      <trkpt lat="44.07693" lon="5.55678">
        <ele>928.1</ele>
      </trkpt>
      <trkpt lat="44.07703" lon="5.55665">
        <ele>928.6</ele>
      </trkpt>
      <trkpt lat="44.077129" lon="5.55653">
        <ele>929.3</ele>
      </trkpt>
      <trkpt lat="44.07725" lon="5.5564">
        <ele>929.8</ele>
      </trkpt>
      <trkpt lat="44.07735" lon="5.55629">
        <ele>930.1</ele>
      </trkpt>
      <trkpt lat="44.077419" lon="5.55622">
        <ele>930.1</ele>
      </trkpt>
      <trkpt lat="44.0775" lon="5.55614">
        <ele>930.1</ele>
      </trkpt>
      <trkpt lat="44.07767" lon="5.55597">
        <ele>929.0</ele>
      </trkpt>
      <trkpt lat="44.07776" lon="5.55588">
        <ele>928.3</ele>
      </trkpt>
      <trkpt lat="44.07814" lon="5.55547">
        <ele>926.1</ele>
      </trkpt>
      <trkpt lat="44.07852" lon="5.55507">
        <ele>923.1</ele>
      </trkpt>
      <trkpt lat="44.07881" lon="5.55478">
        <ele>922.0</ele>
      </trkpt>
      <trkpt lat="44.07882" lon="5.55477">
        <ele>922.0</ele>
      </trkpt>
      <trkpt lat="44.07895" lon="5.55463">
        <ele>921.7</ele>
      </trkpt>
      <trkpt lat="44.079099" lon="5.55448">
        <ele>921.3</ele>
      </trkpt>
      <trkpt lat="44.07924" lon="5.55433">
        <ele>921.2</ele>
      </trkpt>
      <trkpt lat="44.07943" lon="5.55413">
        <ele>921.4</ele>
      </trkpt>
      <trkpt lat="44.07953" lon="5.55403">
        <ele>921.9</ele>
      </trkpt>
      <trkpt lat="44.0796" lon="5.55395">
        <ele>922.2</ele>
      </trkpt>
      <trkpt lat="44.07967" lon="5.55388">
        <ele>922.5</ele>
      </trkpt>
      <trkpt lat="44.079859" lon="5.55368">
        <ele>923.2</ele>
      </trkpt>
      <trkpt lat="44.07997" lon="5.55357">
        <ele>923.5</ele>
      </trkpt>
      <trkpt lat="44.08041" lon="5.55309">
        <ele>924.4</ele>
      </trkpt>
      <trkpt lat="44.08049" lon="5.55297">
        <ele>924.9</ele>
      </trkpt>
      <trkpt lat="44.08059" lon="5.55283">
        <ele>925.3</ele>
      </trkpt>
      <trkpt lat="44.08066" lon="5.55269">
        <ele>925.8</ele>
      </trkpt>
      <trkpt lat="44.08075" lon="5.55253">
        <ele>926.4</ele>
      </trkpt>
      <trkpt lat="44.08091" lon="5.55215">
        <ele>927.2</ele>
      </trkpt>
      <trkpt lat="44.08111" lon="5.55169">
        <ele>927.2</ele>
      </trkpt>
      <trkpt lat="44.08114" lon="5.55161">
        <ele>927.3</ele>
      </trkpt>
      <trkpt lat="44.0812" lon="5.55147">
        <ele>927.4</ele>
      </trkpt>
      <trkpt lat="44.08129" lon="5.551249">
        <ele>927.9</ele>
      </trkpt>
      <trkpt lat="44.08137" lon="5.55106">
        <ele>928.7</ele>
      </trkpt>
      <trkpt lat="44.08148" lon="5.55084">
        <ele>929.8</ele>
      </trkpt>
      <trkpt lat="44.08148" lon="5.55084">
        <ele>929.8</ele>
      </trkpt>
      <trkpt lat="44.08155" lon="5.55074">
        <ele>930.5</ele>
      </trkpt>
      <trkpt lat="44.08147" lon="5.55072">
        <ele>931.0</ele>
      </trkpt>
      <trkpt lat="44.08138" lon="5.55069">
        <ele>931.6</ele>
      </trkpt>
      <trkpt lat="44.08137" lon="5.55069">
        <ele>931.6</ele>
      </trkpt>
      <trkpt lat="44.08132" lon="5.55066">
        <ele>932.0</ele>
      </trkpt>
      <trkpt lat="44.08124" lon="5.55062">
        <ele>932.6</ele>
      </trkpt>
      <trkpt lat="44.08117" lon="5.550569">
        <ele>933.1</ele>
      </trkpt>
      <trkpt lat="44.0811" lon="5.55052">
        <ele>933.6</ele>
      </trkpt>
      <trkpt lat="44.08102" lon="5.55046">
        <ele>934.0</ele>
      </trkpt>
      <trkpt lat="44.08099" lon="5.55044">
        <ele>934.2</ele>
      </trkpt>
      <trkpt lat="44.080889" lon="5.5504">
        <ele>934.5</ele>
      </trkpt>
      <trkpt lat="44.08088" lon="5.55039">
        <ele>934.6</ele>
      </trkpt>
      <trkpt lat="44.08078" lon="5.55026">
        <ele>935.2</ele>
      </trkpt>
      <trkpt lat="44.08078" lon="5.55026">
        <ele>935.2</ele>
      </trkpt>
      <trkpt lat="44.08064" lon="5.55038">
        <ele>935.2</ele>
      </trkpt>
      <trkpt lat="44.08062" lon="5.55039">
        <ele>935.2</ele>
      </trkpt>
      <trkpt lat="44.08044" lon="5.55052">
        <ele>935.6</ele>
      </trkpt>
      <trkpt lat="44.08012" lon="5.5507">
        <ele>937.1</ele>
      </trkpt>
      <trkpt lat="44.08002" lon="5.55074">
        <ele>937.7</ele>
      </trkpt>
      <trkpt lat="44.08002" lon="5.55074">
        <ele>937.7</ele>
      </trkpt>
      <trkpt lat="44.07998" lon="5.55092">
        <ele>938.0</ele>
      </trkpt>
      <trkpt lat="44.07983" lon="5.55149">
        <ele>938.1</ele>
      </trkpt>
      <trkpt lat="44.07978" lon="5.55165">
        <ele>938.3</ele>
      </trkpt>
      <trkpt lat="44.07976" lon="5.55178">
        <ele>937.8</ele>
      </trkpt>
      <trkpt lat="44.07977" lon="5.55178">
        <ele>937.7</ele>
      </trkpt>
      <trkpt lat="44.07976" lon="5.55178">
        <ele>937.8</ele>
      </trkpt>
      <trkpt lat="44.07978" lon="5.55165">
        <ele>938.3</ele>
      </trkpt>
      <trkpt lat="44.07983" lon="5.55149">
        <ele>938.1</ele>
      </trkpt>
      <trkpt lat="44.07998" lon="5.55092">
        <ele>938.0</ele>
      </trkpt>
      <trkpt lat="44.08002" lon="5.55074">
        <ele>937.7</ele>
      </trkpt>
      <trkpt lat="44.08002" lon="5.55074">
        <ele>937.7</ele>
      </trkpt>
      <trkpt lat="44.08012" lon="5.5507">
        <ele>937.1</ele>
      </trkpt>
      <trkpt lat="44.08044" lon="5.55052">
        <ele>935.6</ele>
      </trkpt>
      <trkpt lat="44.08062" lon="5.55039">
        <ele>935.2</ele>
      </trkpt>
      <trkpt lat="44.08064" lon="5.55038">
        <ele>935.2</ele>
      </trkpt>
      <trkpt lat="44.08078" lon="5.55026">
        <ele>935.2</ele>
      </trkpt>
      <trkpt lat="44.08078" lon="5.55026">
        <ele>935.2</ele>
      </trkpt>
      <trkpt lat="44.08093" lon="5.55014">
        <ele>935.6</ele>
      </trkpt>
      <trkpt lat="44.0811" lon="5.54994">
        <ele>936.7</ele>
      </trkpt>
      <trkpt lat="44.0812" lon="5.54982">
        <ele>937.2</ele>
      </trkpt>
      <trkpt lat="44.08147" lon="5.54953">
        <ele>938.5</ele>
      </trkpt>
      <trkpt lat="44.08149" lon="5.54952">
        <ele>938.6</ele>
      </trkpt>
      <trkpt lat="44.081629" lon="5.54937">
        <ele>939.4</ele>
      </trkpt>
      <trkpt lat="44.08168" lon="5.54933">
        <ele>939.6</ele>
      </trkpt>
      <trkpt lat="44.0817" lon="5.5493">
        <ele>939.7</ele>
      </trkpt>
      <trkpt lat="44.08172" lon="5.54926">
        <ele>939.8</ele>
      </trkpt>
      <trkpt lat="44.08175" lon="5.54919">
        <ele>940.0</ele>
      </trkpt>
      <trkpt lat="44.08185" lon="5.54891">
        <ele>940.0</ele>
      </trkpt>
      <trkpt lat="44.08199" lon="5.54853">
        <ele>940.2</ele>
      </trkpt>
      <trkpt lat="44.082" lon="5.54846">
        <ele>940.2</ele>
      </trkpt>
      <trkpt lat="44.08204" lon="5.54829">
        <ele>940.3</ele>
      </trkpt>
      <trkpt lat="44.08217" lon="5.54789">
        <ele>940.3</ele>
      </trkpt>
      <trkpt lat="44.08226" lon="5.54762">
        <ele>940.3</ele>
      </trkpt>
      <trkpt lat="44.08226" lon="5.54762">
        <ele>940.3</ele>
      </trkpt>
      <trkpt lat="44.08237" lon="5.54709">
        <ele>938.6</ele>
      </trkpt>
      <trkpt lat="44.08253" lon="5.546369">
        <ele>934.9</ele>
      </trkpt>
      <trkpt lat="44.08263" lon="5.545899">
        <ele>931.8</ele>
      </trkpt>
      <trkpt lat="44.08267" lon="5.54574">
        <ele>931.0</ele>
      </trkpt>
      <trkpt lat="44.08269" lon="5.54566">
        <ele>930.7</ele>
      </trkpt>
      <trkpt lat="44.08274" lon="5.54542">
        <ele>929.7</ele>
      </trkpt>
      <trkpt lat="44.08279" lon="5.54518">
        <ele>928.5</ele>
      </trkpt>
      <trkpt lat="44.08285" lon="5.545079">
        <ele>928.0</ele>
      </trkpt>
      <trkpt lat="44.08285" lon="5.545079">
        <ele>928.0</ele>
      </trkpt>
      <trkpt lat="44.08273" lon="5.54483">
        <ele>926.5</ele>
      </trkpt>
      <trkpt lat="44.08264" lon="5.544609">
        <ele>925.0</ele>
      </trkpt>
      <trkpt lat="44.08262" lon="5.54456">
        <ele>924.7</ele>
      </trkpt>
      <trkpt lat="44.08253" lon="5.54435">
        <ele>923.3</ele>
      </trkpt>
      <trkpt lat="44.082479" lon="5.54425">
        <ele>922.6</ele>
      </trkpt>
      <trkpt lat="44.08232" lon="5.543929">
        <ele>920.8</ele>
      </trkpt>
      <trkpt lat="44.08227" lon="5.5438">
        <ele>920.1</ele>
      </trkpt>
      <trkpt lat="44.08218" lon="5.54358">
        <ele>918.9</ele>
      </trkpt>
      <trkpt lat="44.08209" lon="5.54337">
        <ele>917.7</ele>
      </trkpt>
      <trkpt lat="44.082" lon="5.54315">
        <ele>916.6</ele>
      </trkpt>
      <trkpt lat="44.08199" lon="5.54312">
        <ele>916.5</ele>
      </trkpt>
      <trkpt lat="44.08195" lon="5.543">
        <ele>915.9</ele>
      </trkpt>
      <trkpt lat="44.08194" lon="5.542919">
        <ele>915.5</ele>
      </trkpt>
      <trkpt lat="44.081919" lon="5.54284">
        <ele>915.1</ele>
      </trkpt>
      <trkpt lat="44.08191" lon="5.542709">
        <ele>914.5</ele>
      </trkpt>
      <trkpt lat="44.08193" lon="5.54257">
        <ele>913.9</ele>
      </trkpt>
      <trkpt lat="44.08194" lon="5.54249">
        <ele>913.6</ele>
      </trkpt>
      <trkpt lat="44.08197" lon="5.5424">
        <ele>913.1</ele>
      </trkpt>
      <trkpt lat="44.08206" lon="5.54219">
        <ele>911.9</ele>
      </trkpt>
      <trkpt lat="44.082099" lon="5.54208">
        <ele>911.3</ele>
      </trkpt>
      <trkpt lat="44.08215" lon="5.54197">
        <ele>910.6</ele>
      </trkpt>
      <trkpt lat="44.08225" lon="5.54182">
        <ele>909.7</ele>
      </trkpt>
      <trkpt lat="44.08226" lon="5.5418">
        <ele>909.6</ele>
      </trkpt>
      <trkpt lat="44.08233" lon="5.541699">
        <ele>909.0</ele>
      </trkpt>
      <trkpt lat="44.08242" lon="5.54161">
        <ele>908.6</ele>
      </trkpt>
      <trkpt lat="44.08253" lon="5.54152">
        <ele>908.2</ele>
      </trkpt>
      <trkpt lat="44.08265" lon="5.54144">
        <ele>907.7</ele>
      </trkpt>
      <trkpt lat="44.08276" lon="5.54137">
        <ele>907.3</ele>
      </trkpt>
      <trkpt lat="44.08283" lon="5.54133">
        <ele>907.1</ele>
      </trkpt>
      <trkpt lat="44.082859" lon="5.54131">
        <ele>907.0</ele>
      </trkpt>
      <trkpt lat="44.08298" lon="5.54122">
        <ele>906.6</ele>
      </trkpt>
      <trkpt lat="44.08308" lon="5.54113">
        <ele>906.4</ele>
      </trkpt>
      <trkpt lat="44.08313" lon="5.54107">
        <ele>906.2</ele>
      </trkpt>
      <trkpt lat="44.08316" lon="5.54104">
        <ele>906.2</ele>
      </trkpt>
      <trkpt lat="44.08318" lon="5.54101">
        <ele>906.1</ele>
      </trkpt>
      <trkpt lat="44.08322" lon="5.54097">
        <ele>906.1</ele>
      </trkpt>
      <trkpt lat="44.08334" lon="5.5408">
        <ele>905.9</ele>
      </trkpt>
      <trkpt lat="44.0834" lon="5.54068">
        <ele>905.7</ele>
      </trkpt>
      <trkpt lat="44.08347" lon="5.54055">
        <ele>905.5</ele>
      </trkpt>
      <trkpt lat="44.08355" lon="5.54037">
        <ele>905.1</ele>
      </trkpt>
      <trkpt lat="44.08369" lon="5.54011">
        <ele>904.7</ele>
      </trkpt>
      <trkpt lat="44.08376" lon="5.54001">
        <ele>904.6</ele>
      </trkpt>
      <trkpt lat="44.0839" lon="5.53981">
        <ele>904.1</ele>
      </trkpt>
      <trkpt lat="44.08405" lon="5.53964">
        <ele>903.6</ele>
      </trkpt>
      <trkpt lat="44.08405" lon="5.53963">
        <ele>903.5</ele>
      </trkpt>
      <trkpt lat="44.0842" lon="5.53944">
        <ele>902.7</ele>
      </trkpt>
      <trkpt lat="44.0843" lon="5.53934">
        <ele>902.2</ele>
      </trkpt>
      <trkpt lat="44.08439" lon="5.53926">
        <ele>901.8</ele>
      </trkpt>
      <trkpt lat="44.08448" lon="5.539189">
        <ele>901.5</ele>
      </trkpt>
      <trkpt lat="44.08462" lon="5.5391">
        <ele>901.2</ele>
      </trkpt>
      <trkpt lat="44.08476" lon="5.539">
        <ele>900.8</ele>
      </trkpt>
      <trkpt lat="44.08485" lon="5.53895">
        <ele>900.6</ele>
      </trkpt>
      <trkpt lat="44.08497" lon="5.53887">
        <ele>900.2</ele>
      </trkpt>
      <trkpt lat="44.08505" lon="5.53881">
        <ele>899.9</ele>
      </trkpt>
      <trkpt lat="44.08512" lon="5.53875">
        <ele>899.6</ele>
      </trkpt>
      <trkpt lat="44.08519" lon="5.53869">
        <ele>899.3</ele>
      </trkpt>
      <trkpt lat="44.08528" lon="5.53862">
        <ele>899.0</ele>
      </trkpt>
      <trkpt lat="44.08535" lon="5.53855">
        <ele>898.8</ele>
      </trkpt>
      <trkpt lat="44.08537" lon="5.53852">
        <ele>898.7</ele>
      </trkpt>
      <trkpt lat="44.08541" lon="5.53846">
        <ele>898.5</ele>
      </trkpt>
      <trkpt lat="44.08549" lon="5.53835">
        <ele>898.2</ele>
      </trkpt>
      <trkpt lat="44.08556" lon="5.53821">
        <ele>898.0</ele>
      </trkpt>
      <trkpt lat="44.08563" lon="5.53805">
        <ele>897.8</ele>
      </trkpt>
      <trkpt lat="44.08579" lon="5.53762">
        <ele>897.2</ele>
      </trkpt>
      <trkpt lat="44.08584" lon="5.53747">
        <ele>897.1</ele>
      </trkpt>
      <trkpt lat="44.085859" lon="5.53743">
        <ele>897.3</ele>
      </trkpt>
      <trkpt lat="44.08591" lon="5.537289">
        <ele>897.8</ele>
      </trkpt>
      <trkpt lat="44.08596" lon="5.53717">
        <ele>898.2</ele>
      </trkpt>
      <trkpt lat="44.086039" lon="5.53699">
        <ele>898.8</ele>
      </trkpt>
      <trkpt lat="44.08613" lon="5.53683">
        <ele>899.4</ele>
      </trkpt>
      <trkpt lat="44.08614" lon="5.53681">
        <ele>899.4</ele>
      </trkpt>
      <trkpt lat="44.08623" lon="5.536679">
        <ele>899.9</ele>
      </trkpt>
      <trkpt lat="44.08636" lon="5.53655">
        <ele>900.1</ele>
      </trkpt>
      <trkpt lat="44.08649" lon="5.53644">
        <ele>900.3</ele>
      </trkpt>
      <trkpt lat="44.08663" lon="5.53634">
        <ele>900.6</ele>
      </trkpt>
      <trkpt lat="44.08672" lon="5.53627">
        <ele>901.0</ele>
      </trkpt>
      <trkpt lat="44.08704" lon="5.53603">
        <ele>902.6</ele>
      </trkpt>
      <trkpt lat="44.0872" lon="5.53591">
        <ele>903.2</ele>
      </trkpt>
      <trkpt lat="44.08728" lon="5.53585">
        <ele>903.5</ele>
      </trkpt>
      <trkpt lat="44.08735" lon="5.53578">
        <ele>903.6</ele>
      </trkpt>
      <trkpt lat="44.08764" lon="5.53555">
        <ele>903.4</ele>
      </trkpt>
      <trkpt lat="44.087829" lon="5.53538">
        <ele>902.7</ele>
      </trkpt>
      <trkpt lat="44.08793" lon="5.53529">
        <ele>902.5</ele>
      </trkpt>
      <trkpt lat="44.08807" lon="5.53516">
        <ele>902.1</ele>
      </trkpt>
      <trkpt lat="44.08823" lon="5.53502">
        <ele>901.8</ele>
      </trkpt>
      <trkpt lat="44.08842" lon="5.53486">
        <ele>901.9</ele>
      </trkpt>
      <trkpt lat="44.08855" lon="5.53477">
        <ele>902.3</ele>
      </trkpt>
      <trkpt lat="44.08869" lon="5.53467">
        <ele>902.7</ele>
      </trkpt>
      <trkpt lat="44.0888" lon="5.53462">
        <ele>903.1</ele>
      </trkpt>
      <trkpt lat="44.08888" lon="5.53457">
        <ele>903.4</ele>
      </trkpt>
      <trkpt lat="44.08897" lon="5.53454">
        <ele>903.8</ele>
      </trkpt>
      <trkpt lat="44.08905" lon="5.53451">
        <ele>904.2</ele>
      </trkpt>
      <trkpt lat="44.0891" lon="5.53449">
        <ele>904.4</ele>
      </trkpt>
      <trkpt lat="44.0893" lon="5.53444">
        <ele>905.1</ele>
      </trkpt>
      <trkpt lat="44.08958" lon="5.53439">
        <ele>905.9</ele>
      </trkpt>
      <trkpt lat="44.08968" lon="5.53438">
        <ele>906.2</ele>
      </trkpt>
      <trkpt lat="44.08974" lon="5.53437">
        <ele>906.4</ele>
      </trkpt>
      <trkpt lat="44.0901" lon="5.53432">
        <ele>907.0</ele>
      </trkpt>
      <trkpt lat="44.09035" lon="5.53427">
        <ele>906.9</ele>
      </trkpt>
      <trkpt lat="44.09049" lon="5.53423">
        <ele>906.9</ele>
      </trkpt>
      <trkpt lat="44.09056" lon="5.53421">
        <ele>906.9</ele>
      </trkpt>
      <trkpt lat="44.09066" lon="5.53416">
        <ele>906.8</ele>
      </trkpt>
      <trkpt lat="44.090739" lon="5.53412">
        <ele>906.8</ele>
      </trkpt>
      <trkpt lat="44.09085" lon="5.53405">
        <ele>906.7</ele>
      </trkpt>
      <trkpt lat="44.09095" lon="5.53398">
        <ele>906.7</ele>
      </trkpt>
      <trkpt lat="44.09108" lon="5.5339">
        <ele>906.6</ele>
      </trkpt>
      <trkpt lat="44.09115" lon="5.53385">
        <ele>906.5</ele>
      </trkpt>
      <trkpt lat="44.09128" lon="5.53375">
        <ele>906.3</ele>
      </trkpt>
      <trkpt lat="44.09146" lon="5.5336">
        <ele>905.9</ele>
      </trkpt>
      <trkpt lat="44.09157" lon="5.53347">
        <ele>905.5</ele>
      </trkpt>
      <trkpt lat="44.09163" lon="5.5334">
        <ele>905.2</ele>
      </trkpt>
      <trkpt lat="44.09184" lon="5.53308">
        <ele>904.3</ele>
      </trkpt>
      <trkpt lat="44.091859" lon="5.53305">
        <ele>904.2</ele>
      </trkpt>
      <trkpt lat="44.09199" lon="5.53286">
        <ele>903.7</ele>
      </trkpt>
      <trkpt lat="44.09213" lon="5.53266">
        <ele>903.1</ele>
      </trkpt>
      <trkpt lat="44.09223" lon="5.53253">
        <ele>902.8</ele>
      </trkpt>
      <trkpt lat="44.09232" lon="5.53243">
        <ele>902.6</ele>
      </trkpt>
      <trkpt lat="44.09236" lon="5.53238">
        <ele>902.5</ele>
      </trkpt>
      <trkpt lat="44.092529" lon="5.53222">
        <ele>902.5</ele>
      </trkpt>
      <trkpt lat="44.09264" lon="5.53214">
        <ele>903.0</ele>
      </trkpt>
      <trkpt lat="44.09276" lon="5.53205">
        <ele>903.5</ele>
      </trkpt>
      <trkpt lat="44.09321" lon="5.53177">
        <ele>905.5</ele>
      </trkpt>
      <trkpt lat="44.09329" lon="5.53171">
        <ele>905.8</ele>
      </trkpt>
      <trkpt lat="44.09345" lon="5.53154">
        <ele>906.1</ele>
      </trkpt>
      <trkpt lat="44.093559" lon="5.53143">
        <ele>906.3</ele>
      </trkpt>
      <trkpt lat="44.09371" lon="5.53125">
        <ele>906.4</ele>
      </trkpt>
      <trkpt lat="44.09381" lon="5.5311">
        <ele>906.5</ele>
      </trkpt>
      <trkpt lat="44.09408" lon="5.53068">
        <ele>907.4</ele>
      </trkpt>
      <trkpt lat="44.09423" lon="5.53045">
        <ele>908.6</ele>
      </trkpt>
      <trkpt lat="44.09439" lon="5.53021">
        <ele>909.8</ele>
      </trkpt>
      <trkpt lat="44.09452" lon="5.53003">
        <ele>910.8</ele>
      </trkpt>
      <trkpt lat="44.09461" lon="5.52993">
        <ele>911.2</ele>
      </trkpt>
      <trkpt lat="44.094679" lon="5.52984">
        <ele>911.5</ele>
      </trkpt>
      <trkpt lat="44.09484" lon="5.5297">
        <ele>911.8</ele>
      </trkpt>
      <trkpt lat="44.09491" lon="5.52965">
        <ele>911.9</ele>
      </trkpt>
      <trkpt lat="44.09516" lon="5.52948">
        <ele>912.7</ele>
      </trkpt>
      <trkpt lat="44.09537" lon="5.529359">
        <ele>913.3</ele>
      </trkpt>
      <trkpt lat="44.09578" lon="5.5291">
        <ele>913.8</ele>
      </trkpt>
      <trkpt lat="44.09602" lon="5.52892">
        <ele>914.0</ele>
      </trkpt>
      <trkpt lat="44.09634" lon="5.52869">
        <ele>913.6</ele>
      </trkpt>
      <trkpt lat="44.09643" lon="5.52862">
        <ele>913.4</ele>
      </trkpt>
      <trkpt lat="44.096649" lon="5.52845">
        <ele>912.6</ele>
      </trkpt>
      <trkpt lat="44.09678" lon="5.52836">
        <ele>912.0</ele>
      </trkpt>
      <trkpt lat="44.09718" lon="5.528069">
        <ele>911.5</ele>
      </trkpt>
      <trkpt lat="44.09726" lon="5.52801">
        <ele>911.4</ele>
      </trkpt>
      <trkpt lat="44.09739" lon="5.52792">
        <ele>911.2</ele>
      </trkpt>
      <trkpt lat="44.0976" lon="5.52776">
        <ele>911.0</ele>
      </trkpt>
      <trkpt lat="44.09772" lon="5.52767">
        <ele>910.9</ele>
      </trkpt>
      <trkpt lat="44.09835" lon="5.52721">
        <ele>909.7</ele>
      </trkpt>
      <trkpt lat="44.09865" lon="5.526989">
        <ele>909.6</ele>
      </trkpt>
      <trkpt lat="44.09872" lon="5.52694">
        <ele>909.6</ele>
      </trkpt>
      <trkpt lat="44.09926" lon="5.52656">
        <ele>910.1</ele>
      </trkpt>
      <trkpt lat="44.09968" lon="5.52622">
        <ele>910.9</ele>
      </trkpt>
      <trkpt lat="44.09974" lon="5.52613">
        <ele>910.8</ele>
      </trkpt>
      <trkpt lat="44.09978" lon="5.52607">
        <ele>910.8</ele>
      </trkpt>
      <trkpt lat="44.09984" lon="5.52597">
        <ele>910.7</ele>
      </trkpt>
      <trkpt lat="44.09992" lon="5.5258">
        <ele>910.6</ele>
      </trkpt>
      <trkpt lat="44.10005" lon="5.52544">
        <ele>910.7</ele>
      </trkpt>
      <trkpt lat="44.10016" lon="5.5251">
        <ele>910.6</ele>
      </trkpt>
      <trkpt lat="44.10022" lon="5.52493">
        <ele>910.5</ele>
      </trkpt>
      <trkpt lat="44.10037" lon="5.52447">
        <ele>910.5</ele>
      </trkpt>
      <trkpt lat="44.10038" lon="5.52443">
        <ele>910.5</ele>
      </trkpt>
      <trkpt lat="44.10044" lon="5.52424">
        <ele>910.6</ele>
      </trkpt>
      <trkpt lat="44.1007" lon="5.52344">
        <ele>911.7</ele>
      </trkpt>
      <trkpt lat="44.10071" lon="5.52342">
        <ele>911.7</ele>
      </trkpt>
      <trkpt lat="44.10083" lon="5.52303">
        <ele>912.0</ele>
      </trkpt>
      <trkpt lat="44.10087" lon="5.52291">
        <ele>912.1</ele>
      </trkpt>
      <trkpt lat="44.10091" lon="5.52283">
        <ele>912.3</ele>
      </trkpt>
      <trkpt lat="44.10095" lon="5.52276">
        <ele>912.4</ele>
      </trkpt>
      <trkpt lat="44.10101" lon="5.52266">
        <ele>912.6</ele>
      </trkpt>
      <trkpt lat="44.10107" lon="5.522579">
        <ele>912.9</ele>
      </trkpt>
      <trkpt lat="44.10118" lon="5.52246">
        <ele>913.2</ele>
      </trkpt>
      <trkpt lat="44.10129" lon="5.52235">
        <ele>913.6</ele>
      </trkpt>
      <trkpt lat="44.10132" lon="5.52231">
        <ele>913.7</ele>
      </trkpt>
      <trkpt lat="44.1014" lon="5.52213">
        <ele>913.9</ele>
      </trkpt>
      <trkpt lat="44.10143" lon="5.52205">
        <ele>914.0</ele>
      </trkpt>
      <trkpt lat="44.101439" lon="5.52194">
        <ele>914.0</ele>
      </trkpt>
      <trkpt lat="44.101439" lon="5.52185">
        <ele>914.0</ele>
      </trkpt>
      <trkpt lat="44.101439" lon="5.521829">
        <ele>914.0</ele>
      </trkpt>
      <trkpt lat="44.101439" lon="5.52177">
        <ele>913.9</ele>
      </trkpt>
      <trkpt lat="44.10142" lon="5.52169">
        <ele>913.8</ele>
      </trkpt>
      <trkpt lat="44.10139" lon="5.5216">
        <ele>914.0</ele>
      </trkpt>
      <trkpt lat="44.10136" lon="5.52153">
        <ele>914.3</ele>
      </trkpt>
      <trkpt lat="44.10131" lon="5.52146">
        <ele>914.4</ele>
      </trkpt>
      <trkpt lat="44.10127" lon="5.52141">
        <ele>914.5</ele>
      </trkpt>
      <trkpt lat="44.10122" lon="5.52135">
        <ele>914.6</ele>
      </trkpt>
      <trkpt lat="44.10099" lon="5.52112">
        <ele>914.5</ele>
      </trkpt>
      <trkpt lat="44.100679" lon="5.52079">
        <ele>915.1</ele>
      </trkpt>
      <trkpt lat="44.10055" lon="5.52066">
        <ele>915.8</ele>
      </trkpt>
      <trkpt lat="44.10038" lon="5.520539">
        <ele>916.4</ele>
      </trkpt>
      <trkpt lat="44.10025" lon="5.52045">
        <ele>916.7</ele>
      </trkpt>
      <trkpt lat="44.10001" lon="5.52031">
        <ele>917.2</ele>
      </trkpt>
      <trkpt lat="44.09988" lon="5.52023">
        <ele>917.6</ele>
      </trkpt>
      <trkpt lat="44.09986" lon="5.520209">
        <ele>917.7</ele>
      </trkpt>
      <trkpt lat="44.09945" lon="5.51996">
        <ele>918.4</ele>
      </trkpt>
      <trkpt lat="44.09923" lon="5.51981">
        <ele>918.1</ele>
      </trkpt>
      <trkpt lat="44.09894" lon="5.51962">
        <ele>918.3</ele>
      </trkpt>
      <trkpt lat="44.09884" lon="5.51954">
        <ele>918.4</ele>
      </trkpt>
      <trkpt lat="44.09879" lon="5.51947">
        <ele>918.5</ele>
      </trkpt>
      <trkpt lat="44.09875" lon="5.51941">
        <ele>918.5</ele>
      </trkpt>
      <trkpt lat="44.098619" lon="5.51914">
        <ele>918.6</ele>
      </trkpt>
      <trkpt lat="44.09846" lon="5.51874">
        <ele>918.5</ele>
      </trkpt>
      <trkpt lat="44.09838" lon="5.5185">
        <ele>918.2</ele>
      </trkpt>
      <trkpt lat="44.09837" lon="5.51848">
        <ele>918.2</ele>
      </trkpt>
      <trkpt lat="44.09827" lon="5.518239">
        <ele>917.7</ele>
      </trkpt>
      <trkpt lat="44.09783" lon="5.51755">
        <ele>915.9</ele>
      </trkpt>
      <trkpt lat="44.09781" lon="5.5175">
        <ele>915.9</ele>
      </trkpt>
      <trkpt lat="44.09769" lon="5.51732">
        <ele>916.0</ele>
      </trkpt>
      <trkpt lat="44.09763" lon="5.51722">
        <ele>916.1</ele>
      </trkpt>
      <trkpt lat="44.09734" lon="5.51675">
        <ele>916.4</ele>
      </trkpt>
      <trkpt lat="44.09675" lon="5.515799">
        <ele>914.5</ele>
      </trkpt>
      <trkpt lat="44.09668" lon="5.51568">
        <ele>914.4</ele>
      </trkpt>
      <trkpt lat="44.09614" lon="5.51479">
        <ele>912.9</ele>
      </trkpt>
      <trkpt lat="44.09599" lon="5.51455">
        <ele>912.3</ele>
      </trkpt>
      <trkpt lat="44.0959" lon="5.51436">
        <ele>912.0</ele>
      </trkpt>
      <trkpt lat="44.09586" lon="5.51422">
        <ele>912.0</ele>
      </trkpt>
      <trkpt lat="44.09584" lon="5.51408">
        <ele>912.0</ele>
      </trkpt>
      <trkpt lat="44.09583" lon="5.51389">
        <ele>912.0</ele>
      </trkpt>
      <trkpt lat="44.09584" lon="5.51363">
        <ele>912.0</ele>
      </trkpt>
      <trkpt lat="44.09588" lon="5.5133">
        <ele>912.0</ele>
      </trkpt>
      <trkpt lat="44.09593" lon="5.51296">
        <ele>911.1</ele>
      </trkpt>
      <trkpt lat="44.09594" lon="5.512889">
        <ele>910.9</ele>
      </trkpt>
      <trkpt lat="44.09597" lon="5.5126">
        <ele>910.1</ele>
      </trkpt>
      <trkpt lat="44.09599" lon="5.51239">
        <ele>909.4</ele>
      </trkpt>
      <trkpt lat="44.09604" lon="5.5119">
        <ele>907.8</ele>
      </trkpt>
      <trkpt lat="44.09607" lon="5.51165">
        <ele>906.9</ele>
      </trkpt>
      <trkpt lat="44.0961" lon="5.51131">
        <ele>905.6</ele>
      </trkpt>
      <trkpt lat="44.09617" lon="5.51076">
        <ele>903.3</ele>
      </trkpt>
      <trkpt lat="44.096179" lon="5.51063">
        <ele>902.5</ele>
      </trkpt>
      <trkpt lat="44.0962" lon="5.5105">
        <ele>901.7</ele>
      </trkpt>
      <trkpt lat="44.09624" lon="5.510309">
        <ele>900.5</ele>
      </trkpt>
      <trkpt lat="44.09626" lon="5.51021">
        <ele>899.9</ele>
      </trkpt>
      <trkpt lat="44.09631" lon="5.50999">
        <ele>898.7</ele>
      </trkpt>
      <trkpt lat="44.09636" lon="5.50973">
        <ele>897.5</ele>
      </trkpt>
      <trkpt lat="44.096469" lon="5.50938">
        <ele>895.9</ele>
      </trkpt>
      <trkpt lat="44.0966" lon="5.50903">
        <ele>893.9</ele>
      </trkpt>
      <trkpt lat="44.0966" lon="5.509019">
        <ele>893.9</ele>
      </trkpt>
      <trkpt lat="44.0967" lon="5.5088">
        <ele>892.3</ele>
      </trkpt>
      <trkpt lat="44.0968" lon="5.50862">
        <ele>890.8</ele>
      </trkpt>
      <trkpt lat="44.09695" lon="5.50842">
        <ele>889.5</ele>
      </trkpt>
      <trkpt lat="44.09699" lon="5.50835">
        <ele>889.1</ele>
      </trkpt>
      <trkpt lat="44.09707" lon="5.50824">
        <ele>888.8</ele>
      </trkpt>
      <trkpt lat="44.09733" lon="5.50788">
        <ele>888.0</ele>
      </trkpt>
      <trkpt lat="44.0977" lon="5.50734">
        <ele>887.3</ele>
      </trkpt>
      <trkpt lat="44.09845" lon="5.50625">
        <ele>884.4</ele>
      </trkpt>
      <trkpt lat="44.0992" lon="5.50517">
        <ele>883.3</ele>
      </trkpt>
      <trkpt lat="44.09928" lon="5.50507">
        <ele>883.2</ele>
      </trkpt>
      <trkpt lat="44.09943" lon="5.50485">
        <ele>883.0</ele>
      </trkpt>
      <trkpt lat="44.09984" lon="5.504279">
        <ele>881.5</ele>
      </trkpt>
      <trkpt lat="44.10001" lon="5.50403">
        <ele>880.6</ele>
      </trkpt>
      <trkpt lat="44.10014" lon="5.50385">
        <ele>880.9</ele>
      </trkpt>
      <trkpt lat="44.10018" lon="5.50378">
        <ele>881.0</ele>
      </trkpt>
      <trkpt lat="44.10022" lon="5.50373">
        <ele>881.2</ele>
      </trkpt>
      <trkpt lat="44.10031" lon="5.503599">
        <ele>881.6</ele>
      </trkpt>
      <trkpt lat="44.10044" lon="5.50342">
        <ele>882.4</ele>
      </trkpt>
      <trkpt lat="44.10087" lon="5.50281">
        <ele>885.0</ele>
      </trkpt>
      <trkpt lat="44.100969" lon="5.50264">
        <ele>885.2</ele>
      </trkpt>
      <trkpt lat="44.10141" lon="5.50201">
        <ele>885.9</ele>
      </trkpt>
      <trkpt lat="44.1016" lon="5.50174">
        <ele>886.6</ele>
      </trkpt>
      <trkpt lat="44.10172" lon="5.501559">
        <ele>886.8</ele>
      </trkpt>
      <trkpt lat="44.10178" lon="5.50147">
        <ele>886.7</ele>
      </trkpt>
      <trkpt lat="44.10185" lon="5.50138">
        <ele>886.6</ele>
      </trkpt>
      <trkpt lat="44.10197" lon="5.5012">
        <ele>886.2</ele>
      </trkpt>
      <trkpt lat="44.10202" lon="5.50113">
        <ele>886.1</ele>
      </trkpt>
      <trkpt lat="44.10219" lon="5.5009">
        <ele>885.5</ele>
      </trkpt>
      <trkpt lat="44.102469" lon="5.500479">
        <ele>885.1</ele>
      </trkpt>
      <trkpt lat="44.103" lon="5.49972">
        <ele>885.9</ele>
      </trkpt>
      <trkpt lat="44.10335" lon="5.49922">
        <ele>887.1</ele>
      </trkpt>
      <trkpt lat="44.103409" lon="5.49914">
        <ele>887.5</ele>
      </trkpt>
      <trkpt lat="44.10347" lon="5.49904">
        <ele>888.0</ele>
      </trkpt>
      <trkpt lat="44.1036" lon="5.49886">
        <ele>888.6</ele>
      </trkpt>
      <trkpt lat="44.10363" lon="5.4988">
        <ele>888.7</ele>
      </trkpt>
      <trkpt lat="44.10394" lon="5.49839">
        <ele>888.4</ele>
      </trkpt>
      <trkpt lat="44.10398" lon="5.49833">
        <ele>888.2</ele>
      </trkpt>
      <trkpt lat="44.10411" lon="5.49815">
        <ele>887.0</ele>
      </trkpt>
      <trkpt lat="44.10414" lon="5.498109">
        <ele>886.7</ele>
      </trkpt>
      <trkpt lat="44.10415" lon="5.49808">
        <ele>886.5</ele>
      </trkpt>
      <trkpt lat="44.10418" lon="5.49802">
        <ele>886.1</ele>
      </trkpt>
      <trkpt lat="44.10425" lon="5.497899">
        <ele>885.6</ele>
      </trkpt>
      <trkpt lat="44.10429" lon="5.49782">
        <ele>885.2</ele>
      </trkpt>
      <trkpt lat="44.10434" lon="5.49771">
        <ele>884.7</ele>
      </trkpt>
      <trkpt lat="44.10441" lon="5.49752">
        <ele>884.0</ele>
      </trkpt>
      <trkpt lat="44.10445" lon="5.49741">
        <ele>883.8</ele>
      </trkpt>
      <trkpt lat="44.10449" lon="5.49731">
        <ele>883.8</ele>
      </trkpt>
      <trkpt lat="44.104529" lon="5.49719">
        <ele>883.7</ele>
      </trkpt>
      <trkpt lat="44.10456" lon="5.49709">
        <ele>883.7</ele>
      </trkpt>
      <trkpt lat="44.10459" lon="5.49697">
        <ele>883.6</ele>
      </trkpt>
      <trkpt lat="44.10463" lon="5.49685">
        <ele>883.5</ele>
      </trkpt>
      <trkpt lat="44.10465" lon="5.49673">
        <ele>883.4</ele>
      </trkpt>
      <trkpt lat="44.10468" lon="5.49663">
        <ele>883.4</ele>
      </trkpt>
      <trkpt lat="44.10473" lon="5.49645">
        <ele>883.5</ele>
      </trkpt>
      <trkpt lat="44.10486" lon="5.49599">
        <ele>883.7</ele>
      </trkpt>
      <trkpt lat="44.10497" lon="5.49562">
        <ele>884.1</ele>
      </trkpt>
      <trkpt lat="44.10506" lon="5.49531">
        <ele>884.6</ele>
      </trkpt>
      <trkpt lat="44.10511" lon="5.49512">
        <ele>884.6</ele>
      </trkpt>
      <trkpt lat="44.10511" lon="5.49511">
        <ele>884.7</ele>
      </trkpt>
      <trkpt lat="44.10522" lon="5.49475">
        <ele>885.1</ele>
      </trkpt>
      <trkpt lat="44.10524" lon="5.49465">
        <ele>885.3</ele>
      </trkpt>
      <trkpt lat="44.10535" lon="5.49429">
        <ele>886.4</ele>
      </trkpt>
      <trkpt lat="44.10537" lon="5.49419">
        <ele>886.8</ele>
      </trkpt>
      <trkpt lat="44.10557" lon="5.49349">
        <ele>888.2</ele>
      </trkpt>
      <trkpt lat="44.10564" lon="5.49326">
        <ele>888.3</ele>
      </trkpt>
      <trkpt lat="44.1057" lon="5.49303">
        <ele>887.8</ele>
      </trkpt>
      <trkpt lat="44.10577" lon="5.49279">
        <ele>887.4</ele>
      </trkpt>
      <trkpt lat="44.10584" lon="5.49256">
        <ele>887.2</ele>
      </trkpt>
      <trkpt lat="44.10597" lon="5.4921">
        <ele>884.4</ele>
      </trkpt>
      <trkpt lat="44.10637" lon="5.4907">
        <ele>876.0</ele>
      </trkpt>
      <trkpt lat="44.10643" lon="5.49046">
        <ele>875.5</ele>
      </trkpt>
      <trkpt lat="44.106499" lon="5.49023">
        <ele>875.2</ele>
      </trkpt>
      <trkpt lat="44.10656" lon="5.49">
        <ele>874.7</ele>
      </trkpt>
      <trkpt lat="44.10663" lon="5.48977">
        <ele>875.7</ele>
      </trkpt>
      <trkpt lat="44.10684" lon="5.48902">
        <ele>877.6</ele>
      </trkpt>
      <trkpt lat="44.10685" lon="5.48897">
        <ele>877.5</ele>
      </trkpt>
      <trkpt lat="44.10692" lon="5.48877">
        <ele>877.2</ele>
      </trkpt>
      <trkpt lat="44.10698" lon="5.48855">
        <ele>876.9</ele>
      </trkpt>
      <trkpt lat="44.10703" lon="5.488349">
        <ele>876.6</ele>
      </trkpt>
      <trkpt lat="44.10706" lon="5.48822">
        <ele>876.4</ele>
      </trkpt>
      <trkpt lat="44.1071" lon="5.48806">
        <ele>876.1</ele>
      </trkpt>
      <trkpt lat="44.10711" lon="5.48798">
        <ele>876.0</ele>
      </trkpt>
      <trkpt lat="44.10713" lon="5.48781">
        <ele>875.7</ele>
      </trkpt>
      <trkpt lat="44.10715" lon="5.48762">
        <ele>875.4</ele>
      </trkpt>
      <trkpt lat="44.10716" lon="5.48757">
        <ele>875.3</ele>
      </trkpt>
      <trkpt lat="44.10717" lon="5.487529">
        <ele>875.2</ele>
      </trkpt>
      <trkpt lat="44.10717" lon="5.4875">
        <ele>875.2</ele>
      </trkpt>
      <trkpt lat="44.10718" lon="5.48732">
        <ele>874.8</ele>
      </trkpt>
      <trkpt lat="44.10718" lon="5.48719">
        <ele>874.6</ele>
      </trkpt>
      <trkpt lat="44.10718" lon="5.48707">
        <ele>874.3</ele>
      </trkpt>
      <trkpt lat="44.10719" lon="5.48684">
        <ele>873.8</ele>
      </trkpt>
      <trkpt lat="44.10719" lon="5.48682">
        <ele>873.8</ele>
      </trkpt>
      <trkpt lat="44.10718" lon="5.48651">
        <ele>873.3</ele>
      </trkpt>
      <trkpt lat="44.10718" lon="5.48611">
        <ele>872.6</ele>
      </trkpt>
      <trkpt lat="44.10718" lon="5.48607">
        <ele>872.5</ele>
      </trkpt>
      <trkpt lat="44.10718" lon="5.48593">
        <ele>872.3</ele>
      </trkpt>
      <trkpt lat="44.10716" lon="5.48547">
        <ele>870.8</ele>
      </trkpt>
      <trkpt lat="44.10716" lon="5.48541">
        <ele>870.6</ele>
      </trkpt>
      <trkpt lat="44.10716" lon="5.48534">
        <ele>870.3</ele>
      </trkpt>
      <trkpt lat="44.10716" lon="5.48533">
        <ele>870.3</ele>
      </trkpt>
      <trkpt lat="44.10715" lon="5.48484">
        <ele>868.6</ele>
      </trkpt>
      <trkpt lat="44.10715" lon="5.48479">
        <ele>868.4</ele>
      </trkpt>
      <trkpt lat="44.10714" lon="5.48422">
        <ele>866.8</ele>
      </trkpt>
      <trkpt lat="44.10713" lon="5.48396">
        <ele>866.0</ele>
      </trkpt>
      <trkpt lat="44.10712" lon="5.48384">
        <ele>865.7</ele>
      </trkpt>
      <trkpt lat="44.1071" lon="5.48372">
        <ele>865.5</ele>
      </trkpt>
      <trkpt lat="44.10706" lon="5.48349">
        <ele>865.2</ele>
      </trkpt>
      <trkpt lat="44.10703" lon="5.483259">
        <ele>864.9</ele>
      </trkpt>
      <trkpt lat="44.10702" lon="5.48313">
        <ele>864.8</ele>
      </trkpt>
      <trkpt lat="44.10702" lon="5.4831">
        <ele>864.7</ele>
      </trkpt>
      <trkpt lat="44.10701" lon="5.48301">
        <ele>864.7</ele>
      </trkpt>
      <trkpt lat="44.10701" lon="5.48291">
        <ele>864.5</ele>
      </trkpt>
      <trkpt lat="44.10702" lon="5.482649">
        <ele>863.9</ele>
      </trkpt>
      <trkpt lat="44.10704" lon="5.4824">
        <ele>863.1</ele>
      </trkpt>
      <trkpt lat="44.10704" lon="5.48217">
        <ele>862.4</ele>
      </trkpt>
      <trkpt lat="44.10702" lon="5.48198">
        <ele>862.0</ele>
      </trkpt>
      <trkpt lat="44.106969" lon="5.48182">
        <ele>861.9</ele>
      </trkpt>
      <trkpt lat="44.10689" lon="5.48167">
        <ele>862.1</ele>
      </trkpt>
      <trkpt lat="44.10686" lon="5.48163">
        <ele>862.1</ele>
      </trkpt>
      <trkpt lat="44.1068" lon="5.48153">
        <ele>861.6</ele>
      </trkpt>
      <trkpt lat="44.10672" lon="5.481429">
        <ele>861.1</ele>
      </trkpt>
      <trkpt lat="44.10668" lon="5.48137">
        <ele>860.7</ele>
      </trkpt>
      <trkpt lat="44.10659" lon="5.48126">
        <ele>860.1</ele>
      </trkpt>
      <trkpt lat="44.10654" lon="5.4812">
        <ele>859.7</ele>
      </trkpt>
      <trkpt lat="44.10647" lon="5.48108">
        <ele>858.9</ele>
      </trkpt>
      <trkpt lat="44.1064" lon="5.48099">
        <ele>858.5</ele>
      </trkpt>
      <trkpt lat="44.10631" lon="5.48087">
        <ele>857.9</ele>
      </trkpt>
      <trkpt lat="44.10628" lon="5.48084">
        <ele>857.8</ele>
      </trkpt>
      <trkpt lat="44.10616" lon="5.48073">
        <ele>858.1</ele>
      </trkpt>
      <trkpt lat="44.10604" lon="5.48064">
        <ele>858.4</ele>
      </trkpt>
      <trkpt lat="44.10593" lon="5.48056">
        <ele>858.7</ele>
      </trkpt>
      <trkpt lat="44.10589" lon="5.4805">
        <ele>858.6</ele>
      </trkpt>
      <trkpt lat="44.105849" lon="5.48045">
        <ele>858.6</ele>
      </trkpt>
      <trkpt lat="44.10578" lon="5.48031">
        <ele>858.4</ele>
      </trkpt>
      <trkpt lat="44.10572" lon="5.480139">
        <ele>858.1</ele>
      </trkpt>
      <trkpt lat="44.10568" lon="5.47996">
        <ele>857.7</ele>
      </trkpt>
      <trkpt lat="44.10568" lon="5.47992">
        <ele>857.5</ele>
      </trkpt>
      <trkpt lat="44.10567" lon="5.47983">
        <ele>857.2</ele>
      </trkpt>
      <trkpt lat="44.10566" lon="5.47954">
        <ele>856.1</ele>
      </trkpt>
      <trkpt lat="44.10566" lon="5.47936">
        <ele>855.3</ele>
      </trkpt>
      <trkpt lat="44.10565" lon="5.47918">
        <ele>854.7</ele>
      </trkpt>
      <trkpt lat="44.10564" lon="5.47905">
        <ele>854.2</ele>
      </trkpt>
      <trkpt lat="44.10563" lon="5.47898">
        <ele>854.0</ele>
      </trkpt>
      <trkpt lat="44.10558" lon="5.47884">
        <ele>854.0</ele>
      </trkpt>
      <trkpt lat="44.10551" lon="5.47865">
        <ele>853.9</ele>
      </trkpt>
      <trkpt lat="44.10543" lon="5.47847">
        <ele>854.1</ele>
      </trkpt>
      <trkpt lat="44.10537" lon="5.47829">
        <ele>853.9</ele>
      </trkpt>
      <trkpt lat="44.10532" lon="5.4781">
        <ele>853.7</ele>
      </trkpt>
      <trkpt lat="44.105289" lon="5.47788">
        <ele>853.0</ele>
      </trkpt>
      <trkpt lat="44.10528" lon="5.47778">
        <ele>852.7</ele>
      </trkpt>
      <trkpt lat="44.10527" lon="5.47767">
        <ele>852.2</ele>
      </trkpt>
      <trkpt lat="44.10527" lon="5.47766">
        <ele>852.2</ele>
      </trkpt>
      <trkpt lat="44.10524" lon="5.47737">
        <ele>850.8</ele>
      </trkpt>
      <trkpt lat="44.1052" lon="5.477089">
        <ele>849.4</ele>
      </trkpt>
      <trkpt lat="44.10517" lon="5.47693">
        <ele>848.5</ele>
      </trkpt>
      <trkpt lat="44.10515" lon="5.47684">
        <ele>848.1</ele>
      </trkpt>
      <trkpt lat="44.10511" lon="5.47673">
        <ele>847.6</ele>
      </trkpt>
      <trkpt lat="44.10505" lon="5.4766">
        <ele>847.1</ele>
      </trkpt>
      <trkpt lat="44.104999" lon="5.47651">
        <ele>846.7</ele>
      </trkpt>
      <trkpt lat="44.10499" lon="5.47649">
        <ele>846.5</ele>
      </trkpt>
      <trkpt lat="44.10492" lon="5.47635">
        <ele>845.5</ele>
      </trkpt>
      <trkpt lat="44.1048" lon="5.47616">
        <ele>844.1</ele>
      </trkpt>
      <trkpt lat="44.10475" lon="5.47606">
        <ele>843.4</ele>
      </trkpt>
      <trkpt lat="44.10468" lon="5.475939">
        <ele>842.6</ele>
      </trkpt>
      <trkpt lat="44.10466" lon="5.4759">
        <ele>842.3</ele>
      </trkpt>
      <trkpt lat="44.10457" lon="5.47574">
        <ele>841.6</ele>
      </trkpt>
      <trkpt lat="44.10455" lon="5.4757">
        <ele>841.5</ele>
      </trkpt>
      <trkpt lat="44.10448" lon="5.47553">
        <ele>840.9</ele>
      </trkpt>
      <trkpt lat="44.10441" lon="5.47535">
        <ele>840.3</ele>
      </trkpt>
      <trkpt lat="44.10439" lon="5.47529">
        <ele>840.0</ele>
      </trkpt>
      <trkpt lat="44.10438" lon="5.47523">
        <ele>839.8</ele>
      </trkpt>
      <trkpt lat="44.10436" lon="5.47515">
        <ele>839.4</ele>
      </trkpt>
      <trkpt lat="44.104349" lon="5.4751">
        <ele>839.2</ele>
      </trkpt>
      <trkpt lat="44.10434" lon="5.47505">
        <ele>839.0</ele>
      </trkpt>
      <trkpt lat="44.10434" lon="5.47496">
        <ele>838.8</ele>
      </trkpt>
      <trkpt lat="44.10433" lon="5.4749">
        <ele>838.8</ele>
      </trkpt>
      <trkpt lat="44.10433" lon="5.47488">
        <ele>838.8</ele>
      </trkpt>
      <trkpt lat="44.10433" lon="5.474789">
        <ele>838.8</ele>
      </trkpt>
      <trkpt lat="44.10434" lon="5.4747">
        <ele>838.7</ele>
      </trkpt>
      <trkpt lat="44.104349" lon="5.4746">
        <ele>838.7</ele>
      </trkpt>
      <trkpt lat="44.10438" lon="5.47438">
        <ele>838.6</ele>
      </trkpt>
      <trkpt lat="44.10441" lon="5.474179">
        <ele>838.4</ele>
      </trkpt>
      <trkpt lat="44.10443" lon="5.473969">
        <ele>837.8</ele>
      </trkpt>
      <trkpt lat="44.104439" lon="5.47391">
        <ele>837.6</ele>
      </trkpt>
      <trkpt lat="44.10445" lon="5.47377">
        <ele>837.2</ele>
      </trkpt>
      <trkpt lat="44.10446" lon="5.47365">
        <ele>836.8</ele>
      </trkpt>
      <trkpt lat="44.10446" lon="5.47361">
        <ele>836.7</ele>
      </trkpt>
      <trkpt lat="44.104439" lon="5.4734">
        <ele>836.2</ele>
      </trkpt>
      <trkpt lat="44.10443" lon="5.47327">
        <ele>835.8</ele>
      </trkpt>
      <trkpt lat="44.10442" lon="5.47317">
        <ele>835.3</ele>
      </trkpt>
      <trkpt lat="44.10438" lon="5.47297">
        <ele>834.4</ele>
      </trkpt>
      <trkpt lat="44.10432" lon="5.47278">
        <ele>833.3</ele>
      </trkpt>
      <trkpt lat="44.10424" lon="5.4726">
        <ele>832.0</ele>
      </trkpt>
      <trkpt lat="44.10416" lon="5.4724">
        <ele>831.0</ele>
      </trkpt>
      <trkpt lat="44.104059" lon="5.472209">
        <ele>831.5</ele>
      </trkpt>
      <trkpt lat="44.10404" lon="5.47217">
        <ele>831.5</ele>
      </trkpt>
      <trkpt lat="44.10396" lon="5.47201">
        <ele>831.7</ele>
      </trkpt>
      <trkpt lat="44.10386" lon="5.47178">
        <ele>831.6</ele>
      </trkpt>
      <trkpt lat="44.103789" lon="5.47162">
        <ele>831.5</ele>
      </trkpt>
      <trkpt lat="44.10377" lon="5.47158">
        <ele>831.5</ele>
      </trkpt>
      <trkpt lat="44.10371" lon="5.47143">
        <ele>831.5</ele>
      </trkpt>
      <trkpt lat="44.1037" lon="5.4714">
        <ele>831.4</ele>
      </trkpt>
      <trkpt lat="44.10369" lon="5.47135">
        <ele>831.4</ele>
      </trkpt>
      <trkpt lat="44.10363" lon="5.47119">
        <ele>831.2</ele>
      </trkpt>
      <trkpt lat="44.10357" lon="5.47097">
        <ele>830.6</ele>
      </trkpt>
      <trkpt lat="44.10355" lon="5.47089">
        <ele>830.4</ele>
      </trkpt>
      <trkpt lat="44.10352" lon="5.47075">
        <ele>830.6</ele>
      </trkpt>
      <trkpt lat="44.10348" lon="5.470519">
        <ele>831.6</ele>
      </trkpt>
      <trkpt lat="44.10346" lon="5.47034">
        <ele>832.5</ele>
      </trkpt>
      <trkpt lat="44.10344" lon="5.47017">
        <ele>833.2</ele>
      </trkpt>
      <trkpt lat="44.10342" lon="5.46999">
        <ele>834.0</ele>
      </trkpt>
      <trkpt lat="44.1034" lon="5.46987">
        <ele>835.0</ele>
      </trkpt>
      <trkpt lat="44.1034" lon="5.46983">
        <ele>835.4</ele>
      </trkpt>
      <trkpt lat="44.1034" lon="5.469769">
        <ele>835.9</ele>
      </trkpt>
      <trkpt lat="44.10339" lon="5.4696">
        <ele>837.5</ele>
      </trkpt>
      <trkpt lat="44.10339" lon="5.46949">
        <ele>838.5</ele>
      </trkpt>
      <trkpt lat="44.10338" lon="5.46939">
        <ele>839.4</ele>
      </trkpt>
      <trkpt lat="44.10338" lon="5.46924">
        <ele>840.8</ele>
      </trkpt>
      <trkpt lat="44.10338" lon="5.46921">
        <ele>841.1</ele>
      </trkpt>
      <trkpt lat="44.10338" lon="5.46915">
        <ele>841.5</ele>
      </trkpt>
      <trkpt lat="44.10339" lon="5.46899">
        <ele>841.8</ele>
      </trkpt>
      <trkpt lat="44.10339" lon="5.46895">
        <ele>841.8</ele>
      </trkpt>
      <trkpt lat="44.1034" lon="5.468759">
        <ele>842.1</ele>
      </trkpt>
      <trkpt lat="44.103409" lon="5.46874">
        <ele>842.2</ele>
      </trkpt>
      <trkpt lat="44.10343" lon="5.46852">
        <ele>842.5</ele>
      </trkpt>
      <trkpt lat="44.10343" lon="5.4685">
        <ele>842.5</ele>
      </trkpt>
      <trkpt lat="44.10346" lon="5.46829">
        <ele>842.5</ele>
      </trkpt>
      <trkpt lat="44.10346" lon="5.46825">
        <ele>842.3</ele>
      </trkpt>
      <trkpt lat="44.10348" lon="5.46812">
        <ele>841.8</ele>
      </trkpt>
      <trkpt lat="44.103499" lon="5.468">
        <ele>841.2</ele>
      </trkpt>
      <trkpt lat="44.10352" lon="5.46791">
        <ele>840.9</ele>
      </trkpt>
      <trkpt lat="44.10356" lon="5.4677">
        <ele>839.9</ele>
      </trkpt>
      <trkpt lat="44.10358" lon="5.46759">
        <ele>839.4</ele>
      </trkpt>
      <trkpt lat="44.1036" lon="5.46751">
        <ele>839.0</ele>
      </trkpt>
      <trkpt lat="44.10364" lon="5.46736">
        <ele>839.2</ele>
      </trkpt>
      <trkpt lat="44.10365" lon="5.467329">
        <ele>839.2</ele>
      </trkpt>
      <trkpt lat="44.10371" lon="5.46716">
        <ele>839.5</ele>
      </trkpt>
      <trkpt lat="44.10372" lon="5.46713">
        <ele>839.6</ele>
      </trkpt>
      <trkpt lat="44.10378" lon="5.46697">
        <ele>839.9</ele>
      </trkpt>
      <trkpt lat="44.10386" lon="5.46678">
        <ele>840.4</ele>
      </trkpt>
      <trkpt lat="44.10394" lon="5.46659">
        <ele>841.2</ele>
      </trkpt>
      <trkpt lat="44.10407" lon="5.46633">
        <ele>842.5</ele>
      </trkpt>
      <trkpt lat="44.10413" lon="5.46616">
        <ele>843.1</ele>
      </trkpt>
      <trkpt lat="44.10416" lon="5.46609">
        <ele>843.4</ele>
      </trkpt>
      <trkpt lat="44.10425" lon="5.46587">
        <ele>844.2</ele>
      </trkpt>
      <trkpt lat="44.10431" lon="5.4657">
        <ele>844.5</ele>
      </trkpt>
      <trkpt lat="44.10433" lon="5.465639">
        <ele>844.5</ele>
      </trkpt>
      <trkpt lat="44.10441" lon="5.46542">
        <ele>844.7</ele>
      </trkpt>
      <trkpt lat="44.10446" lon="5.46523">
        <ele>844.8</ele>
      </trkpt>
      <trkpt lat="44.10448" lon="5.46519">
        <ele>844.8</ele>
      </trkpt>
      <trkpt lat="44.10451" lon="5.46506">
        <ele>844.9</ele>
      </trkpt>
      <trkpt lat="44.10455" lon="5.464959">
        <ele>844.8</ele>
      </trkpt>
      <trkpt lat="44.10456" lon="5.46491">
        <ele>844.6</ele>
      </trkpt>
      <trkpt lat="44.10462" lon="5.46472">
        <ele>843.9</ele>
      </trkpt>
      <trkpt lat="44.10463" lon="5.46466">
        <ele>843.7</ele>
      </trkpt>
      <trkpt lat="44.10465" lon="5.46461">
        <ele>843.5</ele>
      </trkpt>
      <trkpt lat="44.10471" lon="5.46446">
        <ele>842.9</ele>
      </trkpt>
      <trkpt lat="44.10474" lon="5.46439">
        <ele>842.7</ele>
      </trkpt>
      <trkpt lat="44.10483" lon="5.46416">
        <ele>841.7</ele>
      </trkpt>
      <trkpt lat="44.10488" lon="5.46402">
        <ele>840.4</ele>
      </trkpt>
      <trkpt lat="44.10492" lon="5.46394">
        <ele>839.7</ele>
      </trkpt>
      <trkpt lat="44.10494" lon="5.46389">
        <ele>839.3</ele>
      </trkpt>
      <trkpt lat="44.10499" lon="5.46377">
        <ele>838.2</ele>
      </trkpt>
      <trkpt lat="44.10502" lon="5.46369">
        <ele>837.5</ele>
      </trkpt>
      <trkpt lat="44.10508" lon="5.46355">
        <ele>836.6</ele>
      </trkpt>
      <trkpt lat="44.1051" lon="5.4635">
        <ele>836.2</ele>
      </trkpt>
      <trkpt lat="44.10517" lon="5.46336">
        <ele>835.5</ele>
      </trkpt>
      <trkpt lat="44.10517" lon="5.46335">
        <ele>835.4</ele>
      </trkpt>
      <trkpt lat="44.1053" lon="5.46317">
        <ele>835.1</ele>
      </trkpt>
      <trkpt lat="44.10536" lon="5.46308">
        <ele>834.9</ele>
      </trkpt>
      <trkpt lat="44.10549" lon="5.4629">
        <ele>834.6</ele>
      </trkpt>
      <trkpt lat="44.10555" lon="5.46282">
        <ele>834.5</ele>
      </trkpt>
      <trkpt lat="44.105559" lon="5.4628">
        <ele>834.4</ele>
      </trkpt>
      <trkpt lat="44.10559" lon="5.46277">
        <ele>834.4</ele>
      </trkpt>
      <trkpt lat="44.10569" lon="5.462659">
        <ele>834.3</ele>
      </trkpt>
      <trkpt lat="44.1057" lon="5.46265">
        <ele>834.3</ele>
      </trkpt>
      <trkpt lat="44.105759" lon="5.462589">
        <ele>834.2</ele>
      </trkpt>
      <trkpt lat="44.10583" lon="5.46251">
        <ele>834.1</ele>
      </trkpt>
      <trkpt lat="44.10596" lon="5.46236">
        <ele>832.8</ele>
      </trkpt>
      <trkpt lat="44.10597" lon="5.46235">
        <ele>832.8</ele>
      </trkpt>
      <trkpt lat="44.10612" lon="5.4622">
        <ele>831.3</ele>
      </trkpt>
      <trkpt lat="44.10614" lon="5.46218">
        <ele>831.1</ele>
      </trkpt>
      <trkpt lat="44.106319" lon="5.46201">
        <ele>829.1</ele>
      </trkpt>
      <trkpt lat="44.10636" lon="5.46196">
        <ele>828.4</ele>
      </trkpt>
      <trkpt lat="44.10649" lon="5.46183">
        <ele>826.6</ele>
      </trkpt>
      <trkpt lat="44.10651" lon="5.46181">
        <ele>826.3</ele>
      </trkpt>
      <trkpt lat="44.10659" lon="5.46173">
        <ele>825.1</ele>
      </trkpt>
      <trkpt lat="44.10665" lon="5.46167">
        <ele>824.1</ele>
      </trkpt>
      <trkpt lat="44.10666" lon="5.46166">
        <ele>824.0</ele>
      </trkpt>
      <trkpt lat="44.1068" lon="5.46152">
        <ele>823.5</ele>
      </trkpt>
      <trkpt lat="44.10682" lon="5.4615">
        <ele>823.5</ele>
      </trkpt>
      <trkpt lat="44.10695" lon="5.461369">
        <ele>823.2</ele>
      </trkpt>
      <trkpt lat="44.10698" lon="5.46134">
        <ele>823.1</ele>
      </trkpt>
      <trkpt lat="44.10709" lon="5.461229">
        <ele>822.9</ele>
      </trkpt>
      <trkpt lat="44.10714" lon="5.46118">
        <ele>822.9</ele>
      </trkpt>
      <trkpt lat="44.10724" lon="5.46108">
        <ele>822.8</ele>
      </trkpt>
      <trkpt lat="44.10731" lon="5.46101">
        <ele>822.8</ele>
      </trkpt>
      <trkpt lat="44.10738" lon="5.46093">
        <ele>822.8</ele>
      </trkpt>
      <trkpt lat="44.1074" lon="5.46091">
        <ele>822.8</ele>
      </trkpt>
      <trkpt lat="44.10746" lon="5.46084">
        <ele>822.9</ele>
      </trkpt>
      <trkpt lat="44.10752" lon="5.46077">
        <ele>823.3</ele>
      </trkpt>
      <trkpt lat="44.1076" lon="5.46067">
        <ele>823.9</ele>
      </trkpt>
      <trkpt lat="44.10766" lon="5.46061">
        <ele>824.3</ele>
      </trkpt>
      <trkpt lat="44.10768" lon="5.46058">
        <ele>824.4</ele>
      </trkpt>
      <trkpt lat="44.10772" lon="5.46052">
        <ele>824.7</ele>
      </trkpt>
      <trkpt lat="44.10781" lon="5.4604">
        <ele>825.3</ele>
      </trkpt>
      <trkpt lat="44.107819" lon="5.46038">
        <ele>825.4</ele>
      </trkpt>
      <trkpt lat="44.10787" lon="5.46032">
        <ele>825.6</ele>
      </trkpt>
      <trkpt lat="44.10793" lon="5.46023">
        <ele>826.0</ele>
      </trkpt>
      <trkpt lat="44.10795" lon="5.4602">
        <ele>826.1</ele>
      </trkpt>
      <trkpt lat="44.10804" lon="5.46005">
        <ele>826.5</ele>
      </trkpt>
      <trkpt lat="44.10806" lon="5.460009">
        <ele>826.7</ele>
      </trkpt>
      <trkpt lat="44.10815" lon="5.459869">
        <ele>826.3</ele>
      </trkpt>
      <trkpt lat="44.10817" lon="5.45981">
        <ele>826.1</ele>
      </trkpt>
      <trkpt lat="44.10825" lon="5.45966">
        <ele>825.6</ele>
      </trkpt>
      <trkpt lat="44.10828" lon="5.45961">
        <ele>825.5</ele>
      </trkpt>
      <trkpt lat="44.10828" lon="5.45959">
        <ele>825.4</ele>
      </trkpt>
      <trkpt lat="44.10834" lon="5.45946">
        <ele>825.1</ele>
      </trkpt>
      <trkpt lat="44.10837" lon="5.45939">
        <ele>824.9</ele>
      </trkpt>
      <trkpt lat="44.10842" lon="5.459259">
        <ele>824.5</ele>
      </trkpt>
      <trkpt lat="44.10846" lon="5.45915">
        <ele>824.1</ele>
      </trkpt>
      <trkpt lat="44.10848" lon="5.45906">
        <ele>823.7</ele>
      </trkpt>
      <trkpt lat="44.10855" lon="5.45887">
        <ele>822.9</ele>
      </trkpt>
      <trkpt lat="44.10859" lon="5.45871">
        <ele>822.3</ele>
      </trkpt>
      <trkpt lat="44.1086" lon="5.45869">
        <ele>822.2</ele>
      </trkpt>
      <trkpt lat="44.10863" lon="5.45856">
        <ele>821.7</ele>
      </trkpt>
      <trkpt lat="44.10866" lon="5.45847">
        <ele>821.4</ele>
      </trkpt>
      <trkpt lat="44.108669" lon="5.45843">
        <ele>821.2</ele>
      </trkpt>
      <trkpt lat="44.10871" lon="5.458249">
        <ele>821.0</ele>
      </trkpt>
      <trkpt lat="44.10871" lon="5.45824">
        <ele>821.1</ele>
      </trkpt>
      <trkpt lat="44.10873" lon="5.45817">
        <ele>821.2</ele>
      </trkpt>
      <trkpt lat="44.10875" lon="5.45807">
        <ele>821.5</ele>
      </trkpt>
      <trkpt lat="44.108759" lon="5.458">
        <ele>821.6</ele>
      </trkpt>
      <trkpt lat="44.10878" lon="5.4579">
        <ele>821.9</ele>
      </trkpt>
      <trkpt lat="44.10884" lon="5.45762">
        <ele>822.6</ele>
      </trkpt>
      <trkpt lat="44.10896" lon="5.45708">
        <ele>823.4</ele>
      </trkpt>
      <trkpt lat="44.10897" lon="5.45704">
        <ele>823.4</ele>
      </trkpt>
      <trkpt lat="44.10903" lon="5.45678">
        <ele>823.7</ele>
      </trkpt>
      <trkpt lat="44.1091" lon="5.45646">
        <ele>823.4</ele>
      </trkpt>
      <trkpt lat="44.10929" lon="5.45563">
        <ele>822.8</ele>
      </trkpt>
      <trkpt lat="44.1093" lon="5.45558">
        <ele>823.0</ele>
      </trkpt>
      <trkpt lat="44.10935" lon="5.45534">
        <ele>823.9</ele>
      </trkpt>
      <trkpt lat="44.1095" lon="5.45463">
        <ele>826.3</ele>
      </trkpt>
      <trkpt lat="44.10958" lon="5.45428">
        <ele>827.6</ele>
      </trkpt>
      <trkpt lat="44.10959" lon="5.45421">
        <ele>827.8</ele>
      </trkpt>
      <trkpt lat="44.10962" lon="5.45411">
        <ele>828.2</ele>
      </trkpt>
      <trkpt lat="44.10964" lon="5.45401">
        <ele>828.5</ele>
      </trkpt>
      <trkpt lat="44.10974" lon="5.45358">
        <ele>829.9</ele>
      </trkpt>
      <trkpt lat="44.10983" lon="5.45317">
        <ele>830.1</ele>
      </trkpt>
      <trkpt lat="44.1099" lon="5.45285">
        <ele>828.7</ele>
      </trkpt>
      <trkpt lat="44.10993" lon="5.45274">
        <ele>828.2</ele>
      </trkpt>
      <trkpt lat="44.10994" lon="5.45265">
        <ele>827.8</ele>
      </trkpt>
      <trkpt lat="44.11005" lon="5.4522">
        <ele>826.1</ele>
      </trkpt>
      <trkpt lat="44.11011" lon="5.451939">
        <ele>825.4</ele>
      </trkpt>
      <trkpt lat="44.11016" lon="5.45173">
        <ele>825.0</ele>
      </trkpt>
      <trkpt lat="44.11025" lon="5.45131">
        <ele>824.5</ele>
      </trkpt>
      <trkpt lat="44.11027" lon="5.45123">
        <ele>824.4</ele>
      </trkpt>
      <trkpt lat="44.11027" lon="5.45122">
        <ele>824.4</ele>
      </trkpt>
      <trkpt lat="44.11033" lon="5.45097">
        <ele>824.2</ele>
      </trkpt>
      <trkpt lat="44.110349" lon="5.45088">
        <ele>824.2</ele>
      </trkpt>
      <trkpt lat="44.1104" lon="5.45064">
        <ele>823.5</ele>
      </trkpt>
      <trkpt lat="44.110439" lon="5.45046">
        <ele>822.8</ele>
      </trkpt>
      <trkpt lat="44.11045" lon="5.4504">
        <ele>822.6</ele>
      </trkpt>
      <trkpt lat="44.11051" lon="5.45016">
        <ele>821.6</ele>
      </trkpt>
      <trkpt lat="44.11054" lon="5.45003">
        <ele>821.1</ele>
      </trkpt>
      <trkpt lat="44.11061" lon="5.44968">
        <ele>818.0</ele>
      </trkpt>
      <trkpt lat="44.110639" lon="5.449569">
        <ele>817.0</ele>
      </trkpt>
      <trkpt lat="44.1107" lon="5.44928">
        <ele>814.2</ele>
      </trkpt>
      <trkpt lat="44.11074" lon="5.449">
        <ele>811.8</ele>
      </trkpt>
      <trkpt lat="44.11075" lon="5.44892">
        <ele>811.3</ele>
      </trkpt>
      <trkpt lat="44.11077" lon="5.44881">
        <ele>810.5</ele>
      </trkpt>
      <trkpt lat="44.11077" lon="5.44878">
        <ele>810.3</ele>
      </trkpt>
      <trkpt lat="44.11078" lon="5.44871">
        <ele>809.7</ele>
      </trkpt>
      <trkpt lat="44.110819" lon="5.44845">
        <ele>807.9</ele>
      </trkpt>
      <trkpt lat="44.11085" lon="5.44824">
        <ele>806.7</ele>
      </trkpt>
      <trkpt lat="44.11085" lon="5.44822">
        <ele>806.7</ele>
      </trkpt>
      <trkpt lat="44.11086" lon="5.44819">
        <ele>806.6</ele>
      </trkpt>
      <trkpt lat="44.11095" lon="5.44755">
        <ele>804.7</ele>
      </trkpt>
      <trkpt lat="44.11098" lon="5.44735">
        <ele>804.0</ele>
      </trkpt>
      <trkpt lat="44.11099" lon="5.44724">
        <ele>803.4</ele>
      </trkpt>
      <trkpt lat="44.11105" lon="5.44681">
        <ele>801.5</ele>
      </trkpt>
      <trkpt lat="44.11106" lon="5.44674">
        <ele>801.2</ele>
      </trkpt>
      <trkpt lat="44.11108" lon="5.446589">
        <ele>801.2</ele>
      </trkpt>
      <trkpt lat="44.11109" lon="5.44649">
        <ele>801.6</ele>
      </trkpt>
      <trkpt lat="44.111109" lon="5.44633">
        <ele>802.3</ele>
      </trkpt>
      <trkpt lat="44.111109" lon="5.4463">
        <ele>802.5</ele>
      </trkpt>
      <trkpt lat="44.11113" lon="5.44612">
        <ele>803.3</ele>
      </trkpt>
      <trkpt lat="44.11115" lon="5.44599">
        <ele>803.9</ele>
      </trkpt>
      <trkpt lat="44.11116" lon="5.44589">
        <ele>804.3</ele>
      </trkpt>
      <trkpt lat="44.11116" lon="5.44581">
        <ele>804.7</ele>
      </trkpt>
      <trkpt lat="44.11118" lon="5.44566">
        <ele>805.4</ele>
      </trkpt>
      <trkpt lat="44.11119" lon="5.44548">
        <ele>806.2</ele>
      </trkpt>
      <trkpt lat="44.111199" lon="5.445299">
        <ele>807.0</ele>
      </trkpt>
      <trkpt lat="44.111199" lon="5.44513">
        <ele>807.8</ele>
      </trkpt>
      <trkpt lat="44.111199" lon="5.44504">
        <ele>808.1</ele>
      </trkpt>
      <trkpt lat="44.111199" lon="5.44496">
        <ele>808.4</ele>
      </trkpt>
      <trkpt lat="44.111199" lon="5.44479">
        <ele>808.9</ele>
      </trkpt>
      <trkpt lat="44.11119" lon="5.44463">
        <ele>809.4</ele>
      </trkpt>
      <trkpt lat="44.11117" lon="5.44446">
        <ele>809.8</ele>
      </trkpt>
      <trkpt lat="44.11114" lon="5.4443">
        <ele>810.1</ele>
      </trkpt>
      <trkpt lat="44.111109" lon="5.44413">
        <ele>810.4</ele>
      </trkpt>
      <trkpt lat="44.11107" lon="5.44395">
        <ele>810.8</ele>
      </trkpt>
      <trkpt lat="44.11105" lon="5.44388">
        <ele>811.0</ele>
      </trkpt>
      <trkpt lat="44.11103" lon="5.44382">
        <ele>811.1</ele>
      </trkpt>
      <trkpt lat="44.11103" lon="5.44378">
        <ele>811.2</ele>
      </trkpt>
      <trkpt lat="44.11098" lon="5.44363">
        <ele>811.5</ele>
      </trkpt>
      <trkpt lat="44.11093" lon="5.44349">
        <ele>811.8</ele>
      </trkpt>
      <trkpt lat="44.11087" lon="5.44335">
        <ele>812.1</ele>
      </trkpt>
      <trkpt lat="44.11085" lon="5.44331">
        <ele>812.1</ele>
      </trkpt>
      <trkpt lat="44.11083" lon="5.44325">
        <ele>812.2</ele>
      </trkpt>
      <trkpt lat="44.11077" lon="5.44311">
        <ele>812.3</ele>
      </trkpt>
      <trkpt lat="44.11072" lon="5.44295">
        <ele>812.5</ele>
      </trkpt>
      <trkpt lat="44.11069" lon="5.442859">
        <ele>812.5</ele>
      </trkpt>
      <trkpt lat="44.11062" lon="5.44275">
        <ele>812.5</ele>
      </trkpt>
      <trkpt lat="44.11058" lon="5.44267">
        <ele>812.4</ele>
      </trkpt>
      <trkpt lat="44.11045" lon="5.44248">
        <ele>812.1</ele>
      </trkpt>
      <trkpt lat="44.11041" lon="5.44242">
        <ele>811.9</ele>
      </trkpt>
      <trkpt lat="44.11029" lon="5.44228">
        <ele>811.3</ele>
      </trkpt>
      <trkpt lat="44.11016" lon="5.44214">
        <ele>810.7</ele>
      </trkpt>
      <trkpt lat="44.10998" lon="5.44195">
        <ele>810.0</ele>
      </trkpt>
      <trkpt lat="44.10976" lon="5.44173">
        <ele>809.7</ele>
      </trkpt>
      <trkpt lat="44.10949" lon="5.44148">
        <ele>809.2</ele>
      </trkpt>
      <trkpt lat="44.10939" lon="5.4414">
        <ele>808.9</ele>
      </trkpt>
      <trkpt lat="44.109319" lon="5.44135">
        <ele>808.8</ele>
      </trkpt>
      <trkpt lat="44.10904" lon="5.441099">
        <ele>808.2</ele>
      </trkpt>
      <trkpt lat="44.10858" lon="5.44073">
        <ele>808.0</ele>
      </trkpt>
      <trkpt lat="44.10833" lon="5.44052">
        <ele>808.0</ele>
      </trkpt>
      <trkpt lat="44.10828" lon="5.44048">
        <ele>807.9</ele>
      </trkpt>
      <trkpt lat="44.10826" lon="5.44046">
        <ele>807.8</ele>
      </trkpt>
      <trkpt lat="44.10813" lon="5.44034">
        <ele>807.5</ele>
      </trkpt>
      <trkpt lat="44.10803" lon="5.44023">
        <ele>807.3</ele>
      </trkpt>
      <trkpt lat="44.107909" lon="5.44011">
        <ele>807.0</ele>
      </trkpt>
      <trkpt lat="44.1078" lon="5.43996">
        <ele>806.8</ele>
      </trkpt>
      <trkpt lat="44.10778" lon="5.43993">
        <ele>806.8</ele>
      </trkpt>
      <trkpt lat="44.10771" lon="5.43985">
        <ele>806.8</ele>
      </trkpt>
      <trkpt lat="44.10764" lon="5.43975">
        <ele>806.8</ele>
      </trkpt>
      <trkpt lat="44.10757" lon="5.43962">
        <ele>807.0</ele>
      </trkpt>
      <trkpt lat="44.10752" lon="5.43953">
        <ele>807.1</ele>
      </trkpt>
      <trkpt lat="44.10749" lon="5.43945">
        <ele>807.3</ele>
      </trkpt>
      <trkpt lat="44.10746" lon="5.43937">
        <ele>807.3</ele>
      </trkpt>
      <trkpt lat="44.107439" lon="5.43931">
        <ele>807.4</ele>
      </trkpt>
      <trkpt lat="44.10742" lon="5.43924">
        <ele>807.5</ele>
      </trkpt>
      <trkpt lat="44.10738" lon="5.43894">
        <ele>807.4</ele>
      </trkpt>
      <trkpt lat="44.10738" lon="5.43886">
        <ele>807.4</ele>
      </trkpt>
      <trkpt lat="44.10738" lon="5.4388">
        <ele>807.4</ele>
      </trkpt>
      <trkpt lat="44.10739" lon="5.43875">
        <ele>807.4</ele>
      </trkpt>
      <trkpt lat="44.10739" lon="5.43868">
        <ele>807.4</ele>
      </trkpt>
      <trkpt lat="44.1074" lon="5.43865">
        <ele>807.4</ele>
      </trkpt>
      <trkpt lat="44.10743" lon="5.43858">
        <ele>807.4</ele>
      </trkpt>
      <trkpt lat="44.107439" lon="5.43856">
        <ele>807.4</ele>
      </trkpt>
      <trkpt lat="44.10745" lon="5.43853">
        <ele>807.3</ele>
      </trkpt>
      <trkpt lat="44.10748" lon="5.43849">
        <ele>807.2</ele>
      </trkpt>
      <trkpt lat="44.10751" lon="5.43844">
        <ele>807.1</ele>
      </trkpt>
      <trkpt lat="44.10754" lon="5.43841">
        <ele>807.0</ele>
      </trkpt>
      <trkpt lat="44.10759" lon="5.43836">
        <ele>806.8</ele>
      </trkpt>
      <trkpt lat="44.10764" lon="5.43832">
        <ele>806.6</ele>
      </trkpt>
      <trkpt lat="44.10774" lon="5.43825">
        <ele>806.0</ele>
      </trkpt>
      <trkpt lat="44.1079" lon="5.43813">
        <ele>805.0</ele>
      </trkpt>
      <trkpt lat="44.10805" lon="5.43803">
        <ele>803.9</ele>
      </trkpt>
      <trkpt lat="44.10816" lon="5.437979">
        <ele>803.1</ele>
      </trkpt>
      <trkpt lat="44.10827" lon="5.43794">
        <ele>802.4</ele>
      </trkpt>
      <trkpt lat="44.10837" lon="5.43792">
        <ele>801.9</ele>
      </trkpt>
      <trkpt lat="44.10849" lon="5.43792">
        <ele>801.6</ele>
      </trkpt>
      <trkpt lat="44.10871" lon="5.43793">
        <ele>801.0</ele>
      </trkpt>
      <trkpt lat="44.1089" lon="5.43795">
        <ele>800.5</ele>
      </trkpt>
      <trkpt lat="44.10906" lon="5.43797">
        <ele>800.1</ele>
      </trkpt>
      <trkpt lat="44.1092" lon="5.43801">
        <ele>800.0</ele>
      </trkpt>
      <trkpt lat="44.10931" lon="5.438049">
        <ele>800.0</ele>
      </trkpt>
      <trkpt lat="44.109409" lon="5.43807">
        <ele>799.9</ele>
      </trkpt>
      <trkpt lat="44.10944" lon="5.43807">
        <ele>799.9</ele>
      </trkpt>
      <trkpt lat="44.10946" lon="5.43806">
        <ele>799.8</ele>
      </trkpt>
      <trkpt lat="44.10949" lon="5.43806">
        <ele>799.7</ele>
      </trkpt>
      <trkpt lat="44.10952" lon="5.438049">
        <ele>799.6</ele>
      </trkpt>
      <trkpt lat="44.10953" lon="5.43804">
        <ele>799.5</ele>
      </trkpt>
      <trkpt lat="44.10955" lon="5.43803">
        <ele>799.5</ele>
      </trkpt>
      <trkpt lat="44.10957" lon="5.438">
        <ele>799.3</ele>
      </trkpt>
      <trkpt lat="44.10958" lon="5.43799">
        <ele>799.3</ele>
      </trkpt>
      <trkpt lat="44.10959" lon="5.43797">
        <ele>799.2</ele>
      </trkpt>
      <trkpt lat="44.1096" lon="5.43794">
        <ele>799.1</ele>
      </trkpt>
      <trkpt lat="44.10961" lon="5.437909">
        <ele>798.9</ele>
      </trkpt>
      <trkpt lat="44.10962" lon="5.43788">
        <ele>798.8</ele>
      </trkpt>
      <trkpt lat="44.10962" lon="5.437839">
        <ele>798.7</ele>
      </trkpt>
      <trkpt lat="44.10962" lon="5.4378">
        <ele>798.6</ele>
      </trkpt>
      <trkpt lat="44.10962" lon="5.43777">
        <ele>798.5</ele>
      </trkpt>
      <trkpt lat="44.10962" lon="5.43774">
        <ele>798.4</ele>
      </trkpt>
      <trkpt lat="44.10961" lon="5.43771">
        <ele>798.3</ele>
      </trkpt>
      <trkpt lat="44.10961" lon="5.43769">
        <ele>798.2</ele>
      </trkpt>
      <trkpt lat="44.10959" lon="5.43764">
        <ele>798.0</ele>
      </trkpt>
      <trkpt lat="44.10958" lon="5.43762">
        <ele>797.9</ele>
      </trkpt>
      <trkpt lat="44.10957" lon="5.43759">
        <ele>797.8</ele>
      </trkpt>
      <trkpt lat="44.10956" lon="5.43757">
        <ele>797.7</ele>
      </trkpt>
      <trkpt lat="44.10954" lon="5.43755">
        <ele>797.6</ele>
      </trkpt>
      <trkpt lat="44.10948" lon="5.4375">
        <ele>797.4</ele>
      </trkpt>
      <trkpt lat="44.10942" lon="5.43743">
        <ele>797.2</ele>
      </trkpt>
      <trkpt lat="44.1093" lon="5.43733">
        <ele>796.8</ele>
      </trkpt>
      <trkpt lat="44.10924" lon="5.43728">
        <ele>796.6</ele>
      </trkpt>
      <trkpt lat="44.10909" lon="5.43717">
        <ele>796.2</ele>
      </trkpt>
      <trkpt lat="44.108849" lon="5.43697">
        <ele>795.5</ele>
      </trkpt>
      <trkpt lat="44.10873" lon="5.43686">
        <ele>794.9</ele>
      </trkpt>
      <trkpt lat="44.10861" lon="5.436759">
        <ele>794.2</ele>
      </trkpt>
      <trkpt lat="44.10846" lon="5.43661">
        <ele>792.9</ele>
      </trkpt>
      <trkpt lat="44.10834" lon="5.43648">
        <ele>791.7</ele>
      </trkpt>
      <trkpt lat="44.108289" lon="5.43642">
        <ele>791.6</ele>
      </trkpt>
      <trkpt lat="44.10825" lon="5.43637">
        <ele>791.6</ele>
      </trkpt>
      <trkpt lat="44.10822" lon="5.43632">
        <ele>791.5</ele>
      </trkpt>
      <trkpt lat="44.10818" lon="5.43625">
        <ele>791.3</ele>
      </trkpt>
      <trkpt lat="44.10815" lon="5.43616">
        <ele>790.9</ele>
      </trkpt>
      <trkpt lat="44.10812" lon="5.4361">
        <ele>790.7</ele>
      </trkpt>
      <trkpt lat="44.1081" lon="5.43603">
        <ele>790.4</ele>
      </trkpt>
      <trkpt lat="44.10809" lon="5.43597">
        <ele>790.0</ele>
      </trkpt>
      <trkpt lat="44.10808" lon="5.43593">
        <ele>789.8</ele>
      </trkpt>
      <trkpt lat="44.10808" lon="5.43588">
        <ele>789.5</ele>
      </trkpt>
      <trkpt lat="44.10807" lon="5.4358">
        <ele>789.1</ele>
      </trkpt>
      <trkpt lat="44.10807" lon="5.43569">
        <ele>788.6</ele>
      </trkpt>
      <trkpt lat="44.10805" lon="5.43552">
        <ele>788.0</ele>
      </trkpt>
      <trkpt lat="44.10804" lon="5.43526">
        <ele>786.9</ele>
      </trkpt>
      <trkpt lat="44.10803" lon="5.435069">
        <ele>786.0</ele>
      </trkpt>
      <trkpt lat="44.10803" lon="5.43492">
        <ele>785.4</ele>
      </trkpt>
      <trkpt lat="44.10805" lon="5.43477">
        <ele>784.8</ele>
      </trkpt>
      <trkpt lat="44.1081" lon="5.43461">
        <ele>784.2</ele>
      </trkpt>
      <trkpt lat="44.10814" lon="5.43451">
        <ele>783.9</ele>
      </trkpt>
      <trkpt lat="44.10817" lon="5.43444">
        <ele>783.7</ele>
      </trkpt>
      <trkpt lat="44.10822" lon="5.43437">
        <ele>783.5</ele>
      </trkpt>
      <trkpt lat="44.10828" lon="5.4343">
        <ele>783.3</ele>
      </trkpt>
      <trkpt lat="44.10833" lon="5.43426">
        <ele>783.2</ele>
      </trkpt>
      <trkpt lat="44.10839" lon="5.43422">
        <ele>783.3</ele>
      </trkpt>
      <trkpt lat="44.10845" lon="5.43419">
        <ele>783.5</ele>
      </trkpt>
      <trkpt lat="44.10854" lon="5.43413">
        <ele>783.8</ele>
      </trkpt>
      <trkpt lat="44.1086" lon="5.43405">
        <ele>784.2</ele>
      </trkpt>
      <trkpt lat="44.10863" lon="5.43398">
        <ele>784.4</ele>
      </trkpt>
      <trkpt lat="44.10863" lon="5.43391">
        <ele>784.5</ele>
      </trkpt>
      <trkpt lat="44.10863" lon="5.433849">
        <ele>784.6</ele>
      </trkpt>
      <trkpt lat="44.10861" lon="5.4337">
        <ele>784.7</ele>
      </trkpt>
      <trkpt lat="44.10858" lon="5.43363">
        <ele>784.8</ele>
      </trkpt>
      <trkpt lat="44.10853" lon="5.43352">
        <ele>784.9</ele>
      </trkpt>
      <trkpt lat="44.10849" lon="5.43347">
        <ele>784.9</ele>
      </trkpt>
      <trkpt lat="44.108469" lon="5.43344">
        <ele>785.0</ele>
      </trkpt>
      <trkpt lat="44.10845" lon="5.43342">
        <ele>785.0</ele>
      </trkpt>
      <trkpt lat="44.10834" lon="5.43334">
        <ele>785.0</ele>
      </trkpt>
      <trkpt lat="44.10822" lon="5.43326">
        <ele>785.7</ele>
      </trkpt>
      <trkpt lat="44.1081" lon="5.43319">
        <ele>786.4</ele>
      </trkpt>
      <trkpt lat="44.10804" lon="5.433169">
        <ele>786.6</ele>
      </trkpt>
      <trkpt lat="44.10795" lon="5.43314">
        <ele>786.8</ele>
      </trkpt>
      <trkpt lat="44.10774" lon="5.43306">
        <ele>787.7</ele>
      </trkpt>
      <trkpt lat="44.10743" lon="5.43297">
        <ele>788.7</ele>
      </trkpt>
      <trkpt lat="44.1074" lon="5.432959">
        <ele>788.9</ele>
      </trkpt>
      <trkpt lat="44.10712" lon="5.43289">
        <ele>790.4</ele>
      </trkpt>
      <trkpt lat="44.10669" lon="5.4328">
        <ele>792.8</ele>
      </trkpt>
      <trkpt lat="44.10659" lon="5.43278">
        <ele>793.3</ele>
      </trkpt>
      <trkpt lat="44.10651" lon="5.43276">
        <ele>793.6</ele>
      </trkpt>
      <trkpt lat="44.10625" lon="5.4327">
        <ele>794.7</ele>
      </trkpt>
      <trkpt lat="44.10608" lon="5.43265">
        <ele>795.5</ele>
      </trkpt>
      <trkpt lat="44.10574" lon="5.43254">
        <ele>797.1</ele>
      </trkpt>
      <trkpt lat="44.105559" lon="5.43247">
        <ele>797.8</ele>
      </trkpt>
      <trkpt lat="44.10541" lon="5.43239">
        <ele>798.5</ele>
      </trkpt>
      <trkpt lat="44.10518" lon="5.43225">
        <ele>799.8</ele>
      </trkpt>
      <trkpt lat="44.104999" lon="5.43213">
        <ele>800.9</ele>
      </trkpt>
      <trkpt lat="44.10483" lon="5.43203">
        <ele>800.2</ele>
      </trkpt>
      <trkpt lat="44.10481" lon="5.43201">
        <ele>800.2</ele>
      </trkpt>
      <trkpt lat="44.10474" lon="5.431949">
        <ele>800.1</ele>
      </trkpt>
      <trkpt lat="44.10468" lon="5.43189">
        <ele>800.2</ele>
      </trkpt>
      <trkpt lat="44.10462" lon="5.43183">
        <ele>800.3</ele>
      </trkpt>
      <trkpt lat="44.10454" lon="5.4317">
        <ele>801.0</ele>
      </trkpt>
      <trkpt lat="44.10449" lon="5.43161">
        <ele>801.3</ele>
      </trkpt>
      <trkpt lat="44.10445" lon="5.43149">
        <ele>801.7</ele>
      </trkpt>
      <trkpt lat="44.10442" lon="5.43138">
        <ele>802.2</ele>
      </trkpt>
      <trkpt lat="44.10439" lon="5.43126">
        <ele>802.8</ele>
      </trkpt>
      <trkpt lat="44.10438" lon="5.43114">
        <ele>803.7</ele>
      </trkpt>
      <trkpt lat="44.10438" lon="5.43105">
        <ele>804.4</ele>
      </trkpt>
      <trkpt lat="44.10433" lon="5.4307">
        <ele>806.0</ele>
      </trkpt>
      <trkpt lat="44.10433" lon="5.430659">
        <ele>806.1</ele>
      </trkpt>
      <trkpt lat="44.10432" lon="5.4306">
        <ele>806.2</ele>
      </trkpt>
      <trkpt lat="44.1043" lon="5.43041">
        <ele>806.6</ele>
      </trkpt>
      <trkpt lat="44.1043" lon="5.43035">
        <ele>806.7</ele>
      </trkpt>
      <trkpt lat="44.10427" lon="5.43004">
        <ele>807.5</ele>
      </trkpt>
      <trkpt lat="44.104259" lon="5.429909">
        <ele>807.5</ele>
      </trkpt>
      <trkpt lat="44.10424" lon="5.4298">
        <ele>807.4</ele>
      </trkpt>
      <trkpt lat="44.10423" lon="5.4297">
        <ele>807.3</ele>
      </trkpt>
      <trkpt lat="44.10423" lon="5.42958">
        <ele>807.3</ele>
      </trkpt>
      <trkpt lat="44.10422" lon="5.42949">
        <ele>807.2</ele>
      </trkpt>
      <trkpt lat="44.10421" lon="5.42934">
        <ele>807.2</ele>
      </trkpt>
      <trkpt lat="44.1042" lon="5.42932">
        <ele>807.1</ele>
      </trkpt>
      <trkpt lat="44.10419" lon="5.42916">
        <ele>807.1</ele>
      </trkpt>
      <trkpt lat="44.10418" lon="5.42902">
        <ele>806.9</ele>
      </trkpt>
      <trkpt lat="44.10416" lon="5.42884">
        <ele>806.6</ele>
      </trkpt>
      <trkpt lat="44.10414" lon="5.428619">
        <ele>806.2</ele>
      </trkpt>
      <trkpt lat="44.10413" lon="5.42853">
        <ele>806.1</ele>
      </trkpt>
      <trkpt lat="44.10412" lon="5.42836">
        <ele>805.9</ele>
      </trkpt>
      <trkpt lat="44.10412" lon="5.42824">
        <ele>805.8</ele>
      </trkpt>
      <trkpt lat="44.10412" lon="5.42813">
        <ele>805.9</ele>
      </trkpt>
      <trkpt lat="44.10411" lon="5.42799">
        <ele>805.9</ele>
      </trkpt>
      <trkpt lat="44.10412" lon="5.42773">
        <ele>805.9</ele>
      </trkpt>
      <trkpt lat="44.10411" lon="5.42763">
        <ele>805.9</ele>
      </trkpt>
      <trkpt lat="44.10411" lon="5.42746">
        <ele>806.0</ele>
      </trkpt>
      <trkpt lat="44.10409" lon="5.42728">
        <ele>806.5</ele>
      </trkpt>
      <trkpt lat="44.10407" lon="5.42718">
        <ele>806.7</ele>
      </trkpt>
      <trkpt lat="44.10405" lon="5.42709">
        <ele>806.9</ele>
      </trkpt>
      <trkpt lat="44.104" lon="5.42689">
        <ele>807.4</ele>
      </trkpt>
      <trkpt lat="44.104" lon="5.426859">
        <ele>807.5</ele>
      </trkpt>
      <trkpt lat="44.10394" lon="5.42667">
        <ele>808.0</ele>
      </trkpt>
      <trkpt lat="44.103879" lon="5.42649">
        <ele>808.4</ele>
      </trkpt>
      <trkpt lat="44.10384" lon="5.42636">
        <ele>808.7</ele>
      </trkpt>
      <trkpt lat="44.1038" lon="5.426249">
        <ele>808.8</ele>
      </trkpt>
      <trkpt lat="44.10378" lon="5.42621">
        <ele>808.9</ele>
      </trkpt>
      <trkpt lat="44.10376" lon="5.42616">
        <ele>808.9</ele>
      </trkpt>
      <trkpt lat="44.10373" lon="5.42605">
        <ele>809.1</ele>
      </trkpt>
      <trkpt lat="44.10367" lon="5.42592">
        <ele>809.1</ele>
      </trkpt>
      <trkpt lat="44.10358" lon="5.42574">
        <ele>808.9</ele>
      </trkpt>
      <trkpt lat="44.1034" lon="5.4254">
        <ele>808.2</ele>
      </trkpt>
      <trkpt lat="44.10328" lon="5.42518">
        <ele>807.9</ele>
      </trkpt>
      <trkpt lat="44.1032" lon="5.42502">
        <ele>807.7</ele>
      </trkpt>
      <trkpt lat="44.10317" lon="5.424959">
        <ele>807.7</ele>
      </trkpt>
      <trkpt lat="44.10307" lon="5.42478">
        <ele>807.9</ele>
      </trkpt>
      <trkpt lat="44.10295" lon="5.42459">
        <ele>808.1</ele>
      </trkpt>
      <trkpt lat="44.10286" lon="5.424419">
        <ele>808.3</ele>
      </trkpt>
      <trkpt lat="44.1027" lon="5.42412">
        <ele>808.5</ele>
      </trkpt>
      <trkpt lat="44.10252" lon="5.42382">
        <ele>808.0</ele>
      </trkpt>
      <trkpt lat="44.10251" lon="5.4238">
        <ele>808.0</ele>
      </trkpt>
      <trkpt lat="44.102379" lon="5.42356">
        <ele>807.7</ele>
      </trkpt>
      <trkpt lat="44.10227" lon="5.42333">
        <ele>807.7</ele>
      </trkpt>
      <trkpt lat="44.10221" lon="5.42322">
        <ele>807.6</ele>
      </trkpt>
      <trkpt lat="44.10215" lon="5.42312">
        <ele>807.5</ele>
      </trkpt>
      <trkpt lat="44.102089" lon="5.423">
        <ele>807.5</ele>
      </trkpt>
      <trkpt lat="44.10199" lon="5.422799">
        <ele>807.5</ele>
      </trkpt>
      <trkpt lat="44.10193" lon="5.422659">
        <ele>807.6</ele>
      </trkpt>
      <trkpt lat="44.10188" lon="5.42253">
        <ele>807.7</ele>
      </trkpt>
      <trkpt lat="44.10183" lon="5.42239">
        <ele>807.5</ele>
      </trkpt>
      <trkpt lat="44.101819" lon="5.42238">
        <ele>807.5</ele>
      </trkpt>
      <trkpt lat="44.10178" lon="5.42226">
        <ele>807.1</ele>
      </trkpt>
      <trkpt lat="44.10173" lon="5.42211">
        <ele>806.6</ele>
      </trkpt>
      <trkpt lat="44.10169" lon="5.42197">
        <ele>806.1</ele>
      </trkpt>
      <trkpt lat="44.10166" lon="5.42183">
        <ele>805.6</ele>
      </trkpt>
      <trkpt lat="44.101619" lon="5.42168">
        <ele>804.9</ele>
      </trkpt>
      <trkpt lat="44.10159" lon="5.42154">
        <ele>804.0</ele>
      </trkpt>
      <trkpt lat="44.10155" lon="5.4214">
        <ele>803.0</ele>
      </trkpt>
      <trkpt lat="44.10155" lon="5.421369">
        <ele>802.9</ele>
      </trkpt>
      <trkpt lat="44.10152" lon="5.42124">
        <ele>802.0</ele>
      </trkpt>
      <trkpt lat="44.10147" lon="5.42105">
        <ele>800.8</ele>
      </trkpt>
      <trkpt lat="44.10145" lon="5.42096">
        <ele>800.2</ele>
      </trkpt>
      <trkpt lat="44.10143" lon="5.42084">
        <ele>799.5</ele>
      </trkpt>
      <trkpt lat="44.1014" lon="5.42072">
        <ele>799.2</ele>
      </trkpt>
      <trkpt lat="44.101349" lon="5.42054">
        <ele>798.9</ele>
      </trkpt>
      <trkpt lat="44.10127" lon="5.42041">
        <ele>798.5</ele>
      </trkpt>
      <trkpt lat="44.10119" lon="5.42027">
        <ele>798.2</ele>
      </trkpt>
      <trkpt lat="44.1011" lon="5.42014">
        <ele>797.8</ele>
      </trkpt>
      <trkpt lat="44.10101" lon="5.42">
        <ele>797.4</ele>
      </trkpt>
      <trkpt lat="44.10092" lon="5.41987">
        <ele>797.3</ele>
      </trkpt>
      <trkpt lat="44.10087" lon="5.4198">
        <ele>797.3</ele>
      </trkpt>
      <trkpt lat="44.10083" lon="5.41974">
        <ele>797.3</ele>
      </trkpt>
      <trkpt lat="44.10073" lon="5.4196">
        <ele>797.2</ele>
      </trkpt>
      <trkpt lat="44.10064" lon="5.419469">
        <ele>797.2</ele>
      </trkpt>
      <trkpt lat="44.10062" lon="5.41943">
        <ele>797.3</ele>
      </trkpt>
      <trkpt lat="44.10055" lon="5.41934">
        <ele>797.3</ele>
      </trkpt>
      <trkpt lat="44.10046" lon="5.4192">
        <ele>797.5</ele>
      </trkpt>
      <trkpt lat="44.10037" lon="5.419069">
        <ele>797.9</ele>
      </trkpt>
      <trkpt lat="44.10028" lon="5.41894">
        <ele>798.3</ele>
      </trkpt>
      <trkpt lat="44.10019" lon="5.4188">
        <ele>798.9</ele>
      </trkpt>
      <trkpt lat="44.1001" lon="5.41867">
        <ele>799.4</ele>
      </trkpt>
      <trkpt lat="44.1" lon="5.418529">
        <ele>800.1</ele>
      </trkpt>
      <trkpt lat="44.09991" lon="5.418389">
        <ele>800.5</ele>
      </trkpt>
      <trkpt lat="44.09981" lon="5.418249">
        <ele>801.1</ele>
      </trkpt>
      <trkpt lat="44.09972" lon="5.41811">
        <ele>801.7</ele>
      </trkpt>
      <trkpt lat="44.09962" lon="5.41797">
        <ele>802.1</ele>
      </trkpt>
      <trkpt lat="44.09953" lon="5.41784">
        <ele>802.4</ele>
      </trkpt>
      <trkpt lat="44.09943" lon="5.4177">
        <ele>802.6</ele>
      </trkpt>
      <trkpt lat="44.09935" lon="5.41758">
        <ele>802.7</ele>
      </trkpt>
      <trkpt lat="44.09926" lon="5.41745">
        <ele>802.7</ele>
      </trkpt>
      <trkpt lat="44.09915" lon="5.4173">
        <ele>802.4</ele>
      </trkpt>
      <trkpt lat="44.0991" lon="5.41721">
        <ele>802.3</ele>
      </trkpt>
      <trkpt lat="44.09902" lon="5.417099">
        <ele>802.2</ele>
      </trkpt>
      <trkpt lat="44.09894" lon="5.41699">
        <ele>802.0</ele>
      </trkpt>
      <trkpt lat="44.09886" lon="5.41687">
        <ele>801.8</ele>
      </trkpt>
      <trkpt lat="44.09878" lon="5.41676">
        <ele>801.5</ele>
      </trkpt>
      <trkpt lat="44.09878" lon="5.41675">
        <ele>801.5</ele>
      </trkpt>
      <trkpt lat="44.0987" lon="5.416629">
        <ele>801.3</ele>
      </trkpt>
      <trkpt lat="44.09861" lon="5.41651">
        <ele>800.9</ele>
      </trkpt>
      <trkpt lat="44.098529" lon="5.41638">
        <ele>800.7</ele>
      </trkpt>
      <trkpt lat="44.09846" lon="5.41627">
        <ele>800.6</ele>
      </trkpt>
      <trkpt lat="44.098439" lon="5.41626">
        <ele>800.5</ele>
      </trkpt>
      <trkpt lat="44.09836" lon="5.41613">
        <ele>800.4</ele>
      </trkpt>
      <trkpt lat="44.09827" lon="5.41601">
        <ele>800.2</ele>
      </trkpt>
      <trkpt lat="44.09818" lon="5.415879">
        <ele>800.0</ele>
      </trkpt>
      <trkpt lat="44.09809" lon="5.41576">
        <ele>799.6</ele>
      </trkpt>
      <trkpt lat="44.09801" lon="5.41564">
        <ele>799.3</ele>
      </trkpt>
      <trkpt lat="44.09795" lon="5.41556">
        <ele>799.2</ele>
      </trkpt>
      <trkpt lat="44.09792" lon="5.41552">
        <ele>799.1</ele>
      </trkpt>
      <trkpt lat="44.09783" lon="5.4154">
        <ele>798.9</ele>
      </trkpt>
      <trkpt lat="44.09774" lon="5.41528">
        <ele>798.9</ele>
      </trkpt>
      <trkpt lat="44.09766" lon="5.41516">
        <ele>798.9</ele>
      </trkpt>
      <trkpt lat="44.09763" lon="5.41511">
        <ele>799.0</ele>
      </trkpt>
      <trkpt lat="44.09762" lon="5.4151">
        <ele>799.0</ele>
      </trkpt>
      <trkpt lat="44.09758" lon="5.41504">
        <ele>799.1</ele>
      </trkpt>
      <trkpt lat="44.097499" lon="5.41493">
        <ele>799.1</ele>
      </trkpt>
      <trkpt lat="44.09744" lon="5.41485">
        <ele>799.0</ele>
      </trkpt>
      <trkpt lat="44.09742" lon="5.41482">
        <ele>799.0</ele>
      </trkpt>
      <trkpt lat="44.09734" lon="5.41471">
        <ele>798.9</ele>
      </trkpt>
      <trkpt lat="44.09726" lon="5.4146">
        <ele>798.9</ele>
      </trkpt>
      <trkpt lat="44.09718" lon="5.41449">
        <ele>798.9</ele>
      </trkpt>
      <trkpt lat="44.09711" lon="5.41438">
        <ele>799.0</ele>
      </trkpt>
      <trkpt lat="44.097029" lon="5.41428">
        <ele>799.1</ele>
      </trkpt>
      <trkpt lat="44.09696" lon="5.41418">
        <ele>799.3</ele>
      </trkpt>
      <trkpt lat="44.09689" lon="5.41408">
        <ele>799.2</ele>
      </trkpt>
      <trkpt lat="44.09683" lon="5.41399">
        <ele>799.0</ele>
      </trkpt>
      <trkpt lat="44.09676" lon="5.4139">
        <ele>798.8</ele>
      </trkpt>
      <trkpt lat="44.0967" lon="5.41382">
        <ele>798.6</ele>
      </trkpt>
      <trkpt lat="44.096649" lon="5.41374">
        <ele>798.4</ele>
      </trkpt>
      <trkpt lat="44.09661" lon="5.41368">
        <ele>798.2</ele>
      </trkpt>
      <trkpt lat="44.09651" lon="5.41346">
        <ele>797.7</ele>
      </trkpt>
      <trkpt lat="44.09649" lon="5.4134">
        <ele>797.6</ele>
      </trkpt>
      <trkpt lat="44.09649" lon="5.413369">
        <ele>797.6</ele>
      </trkpt>
      <trkpt lat="44.09649" lon="5.41334">
        <ele>797.6</ele>
      </trkpt>
      <trkpt lat="44.0965" lon="5.413299">
        <ele>797.6</ele>
      </trkpt>
      <trkpt lat="44.09649" lon="5.41328">
        <ele>797.5</ele>
      </trkpt>
      <trkpt lat="44.09649" lon="5.41326">
        <ele>797.5</ele>
      </trkpt>
      <trkpt lat="44.09648" lon="5.41324">
        <ele>797.5</ele>
      </trkpt>
      <trkpt lat="44.096469" lon="5.41322">
        <ele>797.4</ele>
      </trkpt>
      <trkpt lat="44.09646" lon="5.4132">
        <ele>797.4</ele>
      </trkpt>
      <trkpt lat="44.09644" lon="5.41317">
        <ele>797.3</ele>
      </trkpt>
      <trkpt lat="44.09642" lon="5.41315">
        <ele>797.3</ele>
      </trkpt>
      <trkpt lat="44.0964" lon="5.41314">
        <ele>797.2</ele>
      </trkpt>
      <trkpt lat="44.09635" lon="5.41314">
        <ele>797.1</ele>
      </trkpt>
      <trkpt lat="44.09633" lon="5.41314">
        <ele>797.1</ele>
      </trkpt>
      <trkpt lat="44.09631" lon="5.41315">
        <ele>797.0</ele>
      </trkpt>
      <trkpt lat="44.09612" lon="5.41296">
        <ele>796.5</ele>
      </trkpt>
      <trkpt lat="44.09595" lon="5.412689">
        <ele>796.2</ele>
      </trkpt>
      <trkpt lat="44.09593" lon="5.41267">
        <ele>796.1</ele>
      </trkpt>
      <trkpt lat="44.09589" lon="5.41261">
        <ele>796.1</ele>
      </trkpt>
      <trkpt lat="44.09585" lon="5.41255">
        <ele>796.0</ele>
      </trkpt>
      <trkpt lat="44.09577" lon="5.41243">
        <ele>796.0</ele>
      </trkpt>
      <trkpt lat="44.09568" lon="5.4123">
        <ele>796.0</ele>
      </trkpt>
      <trkpt lat="44.095619" lon="5.4122">
        <ele>795.9</ele>
      </trkpt>
      <trkpt lat="44.09557" lon="5.41207">
        <ele>795.8</ele>
      </trkpt>
      <trkpt lat="44.09552" lon="5.41196">
        <ele>795.8</ele>
      </trkpt>
      <trkpt lat="44.09544" lon="5.41177">
        <ele>795.6</ele>
      </trkpt>
      <trkpt lat="44.09542" lon="5.411679">
        <ele>795.5</ele>
      </trkpt>
      <trkpt lat="44.0954" lon="5.41159">
        <ele>795.4</ele>
      </trkpt>
      <trkpt lat="44.09536" lon="5.41136">
        <ele>795.1</ele>
      </trkpt>
      <trkpt lat="44.09533" lon="5.41125">
        <ele>794.9</ele>
      </trkpt>
      <trkpt lat="44.09532" lon="5.4112">
        <ele>794.8</ele>
      </trkpt>
      <trkpt lat="44.0953" lon="5.4111">
        <ele>794.7</ele>
      </trkpt>
      <trkpt lat="44.09526" lon="5.41098">
        <ele>794.5</ele>
      </trkpt>
      <trkpt lat="44.09522" lon="5.41088">
        <ele>794.3</ele>
      </trkpt>
      <trkpt lat="44.09518" lon="5.41079">
        <ele>793.9</ele>
      </trkpt>
      <trkpt lat="44.09513" lon="5.41071">
        <ele>793.2</ele>
      </trkpt>
      <trkpt lat="44.09507" lon="5.41063">
        <ele>792.4</ele>
      </trkpt>
      <trkpt lat="44.09503" lon="5.41059">
        <ele>792.0</ele>
      </trkpt>
      <trkpt lat="44.09502" lon="5.41058">
        <ele>791.9</ele>
      </trkpt>
      <trkpt lat="44.09501" lon="5.41057">
        <ele>791.8</ele>
      </trkpt>
      <trkpt lat="44.09496" lon="5.410529">
        <ele>791.2</ele>
      </trkpt>
      <trkpt lat="44.09494" lon="5.41051">
        <ele>790.9</ele>
      </trkpt>
      <trkpt lat="44.09492" lon="5.41049">
        <ele>790.6</ele>
      </trkpt>
      <trkpt lat="44.09485" lon="5.410459">
        <ele>789.9</ele>
      </trkpt>
      <trkpt lat="44.09485" lon="5.410459">
        <ele>789.9</ele>
      </trkpt>
      <trkpt lat="44.09478" lon="5.41024">
        <ele>787.8</ele>
      </trkpt>
      <trkpt lat="44.09463" lon="5.4099">
        <ele>784.2</ele>
      </trkpt>
      <trkpt lat="44.09461" lon="5.40987">
        <ele>783.8</ele>
      </trkpt>
      <trkpt lat="44.094589" lon="5.40981">
        <ele>783.1</ele>
      </trkpt>
      <trkpt lat="44.09455" lon="5.40972">
        <ele>782.0</ele>
      </trkpt>
      <trkpt lat="44.09437" lon="5.40939">
        <ele>778.3</ele>
      </trkpt>
      <trkpt lat="44.09433" lon="5.40932">
        <ele>777.6</ele>
      </trkpt>
      <trkpt lat="44.09432" lon="5.409309">
        <ele>777.5</ele>
      </trkpt>
      <trkpt lat="44.09422" lon="5.40921">
        <ele>776.4</ele>
      </trkpt>
      <trkpt lat="44.09422" lon="5.40921">
        <ele>776.4</ele>
      </trkpt>
      <trkpt lat="44.09417" lon="5.409169">
        <ele>776.0</ele>
      </trkpt>
      <trkpt lat="44.0941" lon="5.40913">
        <ele>775.1</ele>
      </trkpt>
      <trkpt lat="44.094029" lon="5.40907">
        <ele>773.7</ele>
      </trkpt>
      <trkpt lat="44.09384" lon="5.40888">
        <ele>770.0</ele>
      </trkpt>
      <trkpt lat="44.09379" lon="5.40885">
        <ele>769.4</ele>
      </trkpt>
      <trkpt lat="44.09376" lon="5.40884">
        <ele>769.2</ele>
      </trkpt>
      <trkpt lat="44.093739" lon="5.40884">
        <ele>769.2</ele>
      </trkpt>
      <trkpt lat="44.09355" lon="5.40881">
        <ele>768.5</ele>
      </trkpt>
      <trkpt lat="44.09348" lon="5.40881">
        <ele>768.4</ele>
      </trkpt>
      <trkpt lat="44.09339" lon="5.40882">
        <ele>768.5</ele>
      </trkpt>
      <trkpt lat="44.093269" lon="5.40885">
        <ele>768.8</ele>
      </trkpt>
      <trkpt lat="44.09321" lon="5.4089">
        <ele>769.5</ele>
      </trkpt>
      <trkpt lat="44.09321" lon="5.4089">
        <ele>769.5</ele>
      </trkpt>
      <trkpt lat="44.09299" lon="5.40878">
        <ele>768.2</ele>
      </trkpt>
      <trkpt lat="44.09279" lon="5.40869">
        <ele>767.6</ele>
      </trkpt>
      <trkpt lat="44.09274" lon="5.40867">
        <ele>767.6</ele>
      </trkpt>
      <trkpt lat="44.09256" lon="5.408629">
        <ele>767.6</ele>
      </trkpt>
      <trkpt lat="44.09252" lon="5.40862">
        <ele>767.7</ele>
      </trkpt>
      <trkpt lat="44.09247" lon="5.40859">
        <ele>767.5</ele>
      </trkpt>
      <trkpt lat="44.0924" lon="5.40853">
        <ele>767.3</ele>
      </trkpt>
      <trkpt lat="44.09232" lon="5.40846">
        <ele>767.0</ele>
      </trkpt>
      <trkpt lat="44.09228" lon="5.408419">
        <ele>766.9</ele>
      </trkpt>
      <trkpt lat="44.09223" lon="5.40833">
        <ele>766.6</ele>
      </trkpt>
      <trkpt lat="44.09223" lon="5.40833">
        <ele>766.6</ele>
      </trkpt>
      <trkpt lat="44.09229" lon="5.40832">
        <ele>766.3</ele>
      </trkpt>
      <trkpt lat="44.09235" lon="5.40831">
        <ele>765.9</ele>
      </trkpt>
      <trkpt lat="44.09241" lon="5.4083">
        <ele>765.6</ele>
      </trkpt>
      <trkpt lat="44.09247" lon="5.40829">
        <ele>765.2</ele>
      </trkpt>
      <trkpt lat="44.09259" lon="5.40828">
        <ele>764.5</ele>
      </trkpt>
      <trkpt lat="44.09276" lon="5.40828">
        <ele>763.6</ele>
      </trkpt>
      <trkpt lat="44.09277" lon="5.40828">
        <ele>763.6</ele>
      </trkpt>
      <trkpt lat="44.09298" lon="5.40827">
        <ele>762.3</ele>
      </trkpt>
      <trkpt lat="44.09313" lon="5.40825">
        <ele>761.0</ele>
      </trkpt>
      <trkpt lat="44.09322" lon="5.40824">
        <ele>760.3</ele>
      </trkpt>
      <trkpt lat="44.09331" lon="5.40822">
        <ele>759.3</ele>
      </trkpt>
      <trkpt lat="44.09344" lon="5.4082">
        <ele>758.3</ele>
      </trkpt>
      <trkpt lat="44.09355" lon="5.40819">
        <ele>757.7</ele>
      </trkpt>
      <trkpt lat="44.09355" lon="5.40819">
        <ele>757.7</ele>
      </trkpt>
      <trkpt lat="44.09352" lon="5.40814">
        <ele>756.5</ele>
      </trkpt>
      <trkpt lat="44.0935" lon="5.40812">
        <ele>756.0</ele>
      </trkpt>
      <trkpt lat="44.09348" lon="5.408089">
        <ele>755.3</ele>
      </trkpt>
      <trkpt lat="44.09346" lon="5.40806">
        <ele>754.6</ele>
      </trkpt>
      <trkpt lat="44.09341" lon="5.40803">
        <ele>754.0</ele>
      </trkpt>
      <trkpt lat="44.09337" lon="5.408">
        <ele>753.4</ele>
      </trkpt>
      <trkpt lat="44.093" lon="5.40776">
        <ele>750.5</ele>
      </trkpt>
      <trkpt lat="44.0929" lon="5.40768">
        <ele>749.7</ele>
      </trkpt>
      <trkpt lat="44.09288" lon="5.40768">
        <ele>749.8</ele>
      </trkpt>
      <trkpt lat="44.09278" lon="5.40758">
        <ele>748.7</ele>
      </trkpt>
      <trkpt lat="44.09274" lon="5.40755">
        <ele>748.5</ele>
      </trkpt>
      <trkpt lat="44.09274" lon="5.40754">
        <ele>748.2</ele>
      </trkpt>
      <trkpt lat="44.09266" lon="5.40749">
        <ele>748.0</ele>
      </trkpt>
      <trkpt lat="44.09238" lon="5.40729">
        <ele>745.3</ele>
      </trkpt>
      <trkpt lat="44.09219" lon="5.40719">
        <ele>743.7</ele>
      </trkpt>
      <trkpt lat="44.09211" lon="5.40714">
        <ele>742.8</ele>
      </trkpt>
      <trkpt lat="44.09209" lon="5.40713">
        <ele>742.6</ele>
      </trkpt>
      <trkpt lat="44.09204" lon="5.40711">
        <ele>742.3</ele>
      </trkpt>
      <trkpt lat="44.09192" lon="5.40709">
        <ele>742.3</ele>
      </trkpt>
      <trkpt lat="44.09192" lon="5.40709">
        <ele>742.3</ele>
      </trkpt>
      <trkpt lat="44.09197" lon="5.40702">
        <ele>739.9</ele>
      </trkpt>
      <trkpt lat="44.09198" lon="5.40702">
        <ele>739.9</ele>
      </trkpt>
      <trkpt lat="44.092" lon="5.40701">
        <ele>739.5</ele>
      </trkpt>
      <trkpt lat="44.09204" lon="5.407">
        <ele>739.0</ele>
      </trkpt>
      <trkpt lat="44.0921" lon="5.407">
        <ele>738.7</ele>
      </trkpt>
      <trkpt lat="44.092149" lon="5.40701">
        <ele>738.8</ele>
      </trkpt>
      <trkpt lat="44.09225" lon="5.40704">
        <ele>739.1</ele>
      </trkpt>
      <trkpt lat="44.09234" lon="5.40707">
        <ele>739.5</ele>
      </trkpt>
      <trkpt lat="44.09237" lon="5.40709">
        <ele>739.9</ele>
      </trkpt>
      <trkpt lat="44.09247" lon="5.40711">
        <ele>739.9</ele>
      </trkpt>
      <trkpt lat="44.09251" lon="5.40712">
        <ele>739.9</ele>
      </trkpt>
      <trkpt lat="44.09269" lon="5.40715">
        <ele>738.6</ele>
      </trkpt>
      <trkpt lat="44.09268" lon="5.40713">
        <ele>738.2</ele>
      </trkpt>
      <trkpt lat="44.0926" lon="5.40704">
        <ele>736.7</ele>
      </trkpt>
      <trkpt lat="44.09256" lon="5.407">
        <ele>736.1</ele>
      </trkpt>
      <trkpt lat="44.09254" lon="5.40698">
        <ele>735.8</ele>
      </trkpt>
      <trkpt lat="44.09239" lon="5.40683">
        <ele>732.7</ele>
      </trkpt>
      <trkpt lat="44.09234" lon="5.40679">
        <ele>731.8</ele>
      </trkpt>
      <trkpt lat="44.09225" lon="5.40676">
        <ele>731.2</ele>
      </trkpt>
      <trkpt lat="44.09202" lon="5.40671">
        <ele>730.4</ele>
      </trkpt>
      <trkpt lat="44.09154" lon="5.406659">
        <ele>729.1</ele>
      </trkpt>
      <trkpt lat="44.09136" lon="5.40665">
        <ele>727.7</ele>
      </trkpt>
      <trkpt lat="44.09119" lon="5.40663">
        <ele>726.2</ele>
      </trkpt>
      <trkpt lat="44.09118" lon="5.40663">
        <ele>726.2</ele>
      </trkpt>
      <trkpt lat="44.091" lon="5.40661">
        <ele>724.7</ele>
      </trkpt>
      <trkpt lat="44.09069" lon="5.40658">
        <ele>721.0</ele>
      </trkpt>
      <trkpt lat="44.09058" lon="5.40657">
        <ele>719.2</ele>
      </trkpt>
      <trkpt lat="44.09046" lon="5.4066">
        <ele>718.0</ele>
      </trkpt>
      <trkpt lat="44.09032" lon="5.40663">
        <ele>716.4</ele>
      </trkpt>
      <trkpt lat="44.09029" lon="5.40665">
        <ele>716.3</ele>
      </trkpt>
      <trkpt lat="44.09023" lon="5.40667">
        <ele>715.7</ele>
      </trkpt>
      <trkpt lat="44.09016" lon="5.40672">
        <ele>715.7</ele>
      </trkpt>
      <trkpt lat="44.09012" lon="5.40675">
        <ele>715.7</ele>
      </trkpt>
      <trkpt lat="44.09006" lon="5.406799">
        <ele>715.8</ele>
      </trkpt>
      <trkpt lat="44.08999" lon="5.4069">
        <ele>716.6</ele>
      </trkpt>
      <trkpt lat="44.08999" lon="5.4069">
        <ele>716.6</ele>
      </trkpt>
      <trkpt lat="44.08996" lon="5.4069">
        <ele>716.0</ele>
      </trkpt>
      <trkpt lat="44.08994" lon="5.40689">
        <ele>715.4</ele>
      </trkpt>
      <trkpt lat="44.08991" lon="5.40688">
        <ele>714.7</ele>
      </trkpt>
      <trkpt lat="44.089889" lon="5.40686">
        <ele>714.0</ele>
      </trkpt>
      <trkpt lat="44.08987" lon="5.40684">
        <ele>713.2</ele>
      </trkpt>
      <trkpt lat="44.08994" lon="5.40672">
        <ele>712.2</ele>
      </trkpt>
      <trkpt lat="44.08997" lon="5.40667">
        <ele>711.6</ele>
      </trkpt>
      <trkpt lat="44.08999" lon="5.40665">
        <ele>711.7</ele>
      </trkpt>
      <trkpt lat="44.09002" lon="5.4066">
        <ele>711.5</ele>
      </trkpt>
      <trkpt lat="44.0901" lon="5.40651">
        <ele>711.5</ele>
      </trkpt>
      <trkpt lat="44.09012" lon="5.40648">
        <ele>711.3</ele>
      </trkpt>
      <trkpt lat="44.09026" lon="5.40632">
        <ele>710.7</ele>
      </trkpt>
      <trkpt lat="44.09028" lon="5.4063">
        <ele>710.6</ele>
      </trkpt>
      <trkpt lat="44.09031" lon="5.40624">
        <ele>710.0</ele>
      </trkpt>
      <trkpt lat="44.09039" lon="5.40618">
        <ele>709.8</ele>
      </trkpt>
      <trkpt lat="44.09043" lon="5.40611">
        <ele>708.9</ele>
      </trkpt>
      <trkpt lat="44.09045" lon="5.40609">
        <ele>708.7</ele>
      </trkpt>
      <trkpt lat="44.09049" lon="5.406049">
        <ele>708.3</ele>
      </trkpt>
      <trkpt lat="44.09055" lon="5.40597">
        <ele>707.3</ele>
      </trkpt>
      <trkpt lat="44.0906" lon="5.40587">
        <ele>705.6</ele>
      </trkpt>
      <trkpt lat="44.09063" lon="5.40578">
        <ele>704.7</ele>
      </trkpt>
      <trkpt lat="44.09066" lon="5.40569">
        <ele>704.2</ele>
      </trkpt>
      <trkpt lat="44.0907" lon="5.405509">
        <ele>703.1</ele>
      </trkpt>
      <trkpt lat="44.090698" lon="5.405512">
        <ele>703.1</ele>
      </trkpt>
      <trkpt lat="44.09072" lon="5.40541">
        <ele>702.5</ele>
      </trkpt>
      <trkpt lat="44.09076" lon="5.40523">
        <ele>701.4</ele>
      </trkpt>
      <trkpt lat="44.090829" lon="5.40492">
        <ele>699.6</ele>
      </trkpt>
      <trkpt lat="44.09086" lon="5.4048">
        <ele>699.0</ele>
      </trkpt>
      <trkpt lat="44.0909" lon="5.40466">
        <ele>698.4</ele>
      </trkpt>
      <trkpt lat="44.09093" lon="5.40457">
        <ele>697.9</ele>
      </trkpt>
      <trkpt lat="44.09097" lon="5.40448">
        <ele>697.5</ele>
      </trkpt>
      <trkpt lat="44.09097" lon="5.40446">
        <ele>697.5</ele>
      </trkpt>
      <trkpt lat="44.09102" lon="5.40435">
        <ele>697.0</ele>
      </trkpt>
      <trkpt lat="44.09106" lon="5.40425">
        <ele>696.6</ele>
      </trkpt>
      <trkpt lat="44.09106" lon="5.40424">
        <ele>696.6</ele>
      </trkpt>
      <trkpt lat="44.09114" lon="5.40407">
        <ele>696.1</ele>
      </trkpt>
      <trkpt lat="44.09115" lon="5.40403">
        <ele>696.1</ele>
      </trkpt>
      <trkpt lat="44.09124" lon="5.403819">
        <ele>695.7</ele>
      </trkpt>
      <trkpt lat="44.09128" lon="5.40373">
        <ele>695.5</ele>
      </trkpt>
      <trkpt lat="44.09134" lon="5.4036">
        <ele>695.2</ele>
      </trkpt>
      <trkpt lat="44.09143" lon="5.40338">
        <ele>694.8</ele>
      </trkpt>
      <trkpt lat="44.09149" lon="5.40324">
        <ele>694.6</ele>
      </trkpt>
      <trkpt lat="44.0915" lon="5.403209">
        <ele>694.5</ele>
      </trkpt>
      <trkpt lat="44.0917" lon="5.40276">
        <ele>693.6</ele>
      </trkpt>
      <trkpt lat="44.09227" lon="5.4015">
        <ele>690.7</ele>
      </trkpt>
      <trkpt lat="44.09241" lon="5.401169">
        <ele>690.3</ele>
      </trkpt>
      <trkpt lat="44.09251" lon="5.40096">
        <ele>690.1</ele>
      </trkpt>
      <trkpt lat="44.0926" lon="5.40075">
        <ele>689.7</ele>
      </trkpt>
      <trkpt lat="44.09263" lon="5.40068">
        <ele>689.5</ele>
      </trkpt>
      <trkpt lat="44.09269" lon="5.40053">
        <ele>689.2</ele>
      </trkpt>
      <trkpt lat="44.092799" lon="5.40029">
        <ele>688.8</ele>
      </trkpt>
      <trkpt lat="44.09293" lon="5.39998">
        <ele>688.5</ele>
      </trkpt>
      <trkpt lat="44.09299" lon="5.39987">
        <ele>688.6</ele>
      </trkpt>
      <trkpt lat="44.09305" lon="5.39974">
        <ele>688.7</ele>
      </trkpt>
      <trkpt lat="44.0931" lon="5.39966">
        <ele>688.7</ele>
      </trkpt>
      <trkpt lat="44.09314" lon="5.3996">
        <ele>688.8</ele>
      </trkpt>
      <trkpt lat="44.093179" lon="5.39956">
        <ele>688.8</ele>
      </trkpt>
      <trkpt lat="44.09323" lon="5.39951">
        <ele>688.9</ele>
      </trkpt>
      <trkpt lat="44.093269" lon="5.39947">
        <ele>689.0</ele>
      </trkpt>
      <trkpt lat="44.09332" lon="5.39944">
        <ele>689.2</ele>
      </trkpt>
      <trkpt lat="44.09337" lon="5.39939">
        <ele>689.5</ele>
      </trkpt>
      <trkpt lat="44.09342" lon="5.39936">
        <ele>689.7</ele>
      </trkpt>
      <trkpt lat="44.09345" lon="5.39933">
        <ele>689.8</ele>
      </trkpt>
      <trkpt lat="44.09348" lon="5.3993">
        <ele>689.9</ele>
      </trkpt>
      <trkpt lat="44.09351" lon="5.399269">
        <ele>690.1</ele>
      </trkpt>
      <trkpt lat="44.09354" lon="5.39924">
        <ele>690.2</ele>
      </trkpt>
      <trkpt lat="44.09357" lon="5.39914">
        <ele>690.5</ele>
      </trkpt>
      <trkpt lat="44.09361" lon="5.39903">
        <ele>690.9</ele>
      </trkpt>
      <trkpt lat="44.09363" lon="5.39897">
        <ele>691.2</ele>
      </trkpt>
      <trkpt lat="44.09364" lon="5.39886">
        <ele>691.5</ele>
      </trkpt>
      <trkpt lat="44.09367" lon="5.39863">
        <ele>692.3</ele>
      </trkpt>
      <trkpt lat="44.0937" lon="5.39829">
        <ele>693.3</ele>
      </trkpt>
      <trkpt lat="44.09372" lon="5.398049">
        <ele>693.0</ele>
      </trkpt>
      <trkpt lat="44.093739" lon="5.39781">
        <ele>692.6</ele>
      </trkpt>
      <trkpt lat="44.09377" lon="5.39747">
        <ele>692.2</ele>
      </trkpt>
      <trkpt lat="44.0938" lon="5.39705">
        <ele>691.9</ele>
      </trkpt>
      <trkpt lat="44.0938" lon="5.39702">
        <ele>691.8</ele>
      </trkpt>
      <trkpt lat="44.093829" lon="5.39678">
        <ele>691.7</ele>
      </trkpt>
      <trkpt lat="44.093829" lon="5.39646">
        <ele>691.4</ele>
      </trkpt>
      <trkpt lat="44.09382" lon="5.39607">
        <ele>691.0</ele>
      </trkpt>
      <trkpt lat="44.09381" lon="5.39544">
        <ele>690.5</ele>
      </trkpt>
      <trkpt lat="44.09381" lon="5.39513">
        <ele>690.4</ele>
      </trkpt>
      <trkpt lat="44.09379" lon="5.39449">
        <ele>689.1</ele>
      </trkpt>
      <trkpt lat="44.09379" lon="5.393989">
        <ele>688.0</ele>
      </trkpt>
      <trkpt lat="44.09378" lon="5.39391">
        <ele>687.7</ele>
      </trkpt>
      <trkpt lat="44.09376" lon="5.39353">
        <ele>686.6</ele>
      </trkpt>
      <trkpt lat="44.09375" lon="5.3933">
        <ele>685.9</ele>
      </trkpt>
      <trkpt lat="44.09372" lon="5.39292">
        <ele>684.3</ele>
      </trkpt>
      <trkpt lat="44.09371" lon="5.39271">
        <ele>683.4</ele>
      </trkpt>
      <trkpt lat="44.0937" lon="5.39255">
        <ele>682.8</ele>
      </trkpt>
      <trkpt lat="44.0937" lon="5.39248">
        <ele>682.6</ele>
      </trkpt>
      <trkpt lat="44.09366" lon="5.39207">
        <ele>681.8</ele>
      </trkpt>
      <trkpt lat="44.093649" lon="5.39184">
        <ele>681.5</ele>
      </trkpt>
      <trkpt lat="44.0936" lon="5.391409">
        <ele>681.2</ele>
      </trkpt>
      <trkpt lat="44.09359" lon="5.39115">
        <ele>681.5</ele>
      </trkpt>
      <trkpt lat="44.09357" lon="5.39097">
        <ele>681.5</ele>
      </trkpt>
      <trkpt lat="44.09353" lon="5.39057">
        <ele>682.4</ele>
      </trkpt>
      <trkpt lat="44.09348" lon="5.38984">
        <ele>684.1</ele>
      </trkpt>
      <trkpt lat="44.09346" lon="5.38957">
        <ele>684.0</ele>
      </trkpt>
      <trkpt lat="44.09342" lon="5.38913">
        <ele>683.6</ele>
      </trkpt>
      <trkpt lat="44.0934" lon="5.38891">
        <ele>683.4</ele>
      </trkpt>
      <trkpt lat="44.09335" lon="5.38842">
        <ele>682.4</ele>
      </trkpt>
      <trkpt lat="44.09334" lon="5.38818">
        <ele>682.4</ele>
      </trkpt>
      <trkpt lat="44.0933" lon="5.38766">
        <ele>682.6</ele>
      </trkpt>
      <trkpt lat="44.093269" lon="5.38741">
        <ele>682.5</ele>
      </trkpt>
      <trkpt lat="44.09321" lon="5.38677">
        <ele>681.9</ele>
      </trkpt>
      <trkpt lat="44.0932" lon="5.38669">
        <ele>681.7</ele>
      </trkpt>
      <trkpt lat="44.093179" lon="5.38655">
        <ele>681.9</ele>
      </trkpt>
      <trkpt lat="44.09316" lon="5.38622">
        <ele>682.8</ele>
      </trkpt>
      <trkpt lat="44.09311" lon="5.385779">
        <ele>683.6</ele>
      </trkpt>
      <trkpt lat="44.09311" lon="5.385779">
        <ele>683.6</ele>
      </trkpt>
      <trkpt lat="44.0931" lon="5.38556">
        <ele>683.3</ele>
      </trkpt>
      <trkpt lat="44.09308" lon="5.38514">
        <ele>682.9</ele>
      </trkpt>
      <trkpt lat="44.09307" lon="5.38489">
        <ele>682.6</ele>
      </trkpt>
      <trkpt lat="44.09307" lon="5.38487">
        <ele>682.6</ele>
      </trkpt>
      <trkpt lat="44.09301" lon="5.38425">
        <ele>681.2</ele>
      </trkpt>
      <trkpt lat="44.09301" lon="5.38381">
        <ele>681.3</ele>
      </trkpt>
      <trkpt lat="44.09303" lon="5.383549">
        <ele>681.7</ele>
      </trkpt>
      <trkpt lat="44.09305" lon="5.38344">
        <ele>681.9</ele>
      </trkpt>
      <trkpt lat="44.09307" lon="5.38326">
        <ele>682.1</ele>
      </trkpt>
      <trkpt lat="44.0931" lon="5.38306">
        <ele>682.2</ele>
      </trkpt>
      <trkpt lat="44.09314" lon="5.382869">
        <ele>682.3</ele>
      </trkpt>
      <trkpt lat="44.09321" lon="5.38253">
        <ele>682.4</ele>
      </trkpt>
      <trkpt lat="44.09324" lon="5.38234">
        <ele>682.6</ele>
      </trkpt>
      <trkpt lat="44.09329" lon="5.382">
        <ele>682.8</ele>
      </trkpt>
      <trkpt lat="44.09333" lon="5.38182">
        <ele>683.0</ele>
      </trkpt>
      <trkpt lat="44.09333" lon="5.381719">
        <ele>683.0</ele>
      </trkpt>
      <trkpt lat="44.09333" lon="5.381649">
        <ele>683.0</ele>
      </trkpt>
      <trkpt lat="44.09333" lon="5.381579">
        <ele>683.1</ele>
      </trkpt>
      <trkpt lat="44.09332" lon="5.38147">
        <ele>683.2</ele>
      </trkpt>
      <trkpt lat="44.0933" lon="5.38134">
        <ele>683.3</ele>
      </trkpt>
      <trkpt lat="44.093269" lon="5.38118">
        <ele>683.4</ele>
      </trkpt>
      <trkpt lat="44.09321" lon="5.38092">
        <ele>683.6</ele>
      </trkpt>
      <trkpt lat="44.09312" lon="5.38062">
        <ele>683.7</ele>
      </trkpt>
      <trkpt lat="44.09311" lon="5.3806">
        <ele>683.7</ele>
      </trkpt>
      <trkpt lat="44.0931" lon="5.38056">
        <ele>683.8</ele>
      </trkpt>
      <trkpt lat="44.09299" lon="5.38009">
        <ele>684.1</ele>
      </trkpt>
      <trkpt lat="44.09288" lon="5.37972">
        <ele>684.4</ele>
      </trkpt>
      <trkpt lat="44.09287" lon="5.37966">
        <ele>684.5</ele>
      </trkpt>
      <trkpt lat="44.09285" lon="5.379609">
        <ele>684.5</ele>
      </trkpt>
      <trkpt lat="44.09284" lon="5.37956">
        <ele>684.6</ele>
      </trkpt>
      <trkpt lat="44.09277" lon="5.37924">
        <ele>684.9</ele>
      </trkpt>
      <trkpt lat="44.09257" lon="5.37845">
        <ele>686.0</ele>
      </trkpt>
      <trkpt lat="44.09248" lon="5.37801">
        <ele>687.0</ele>
      </trkpt>
      <trkpt lat="44.09244" lon="5.37765">
        <ele>688.1</ele>
      </trkpt>
      <trkpt lat="44.09243" lon="5.37753">
        <ele>688.5</ele>
      </trkpt>
      <trkpt lat="44.09243" lon="5.37747">
        <ele>688.7</ele>
      </trkpt>
      <trkpt lat="44.09243" lon="5.37743">
        <ele>688.8</ele>
      </trkpt>
      <trkpt lat="44.09244" lon="5.37695">
        <ele>690.7</ele>
      </trkpt>
      <trkpt lat="44.09244" lon="5.376769">
        <ele>691.3</ele>
      </trkpt>
      <trkpt lat="44.09242" lon="5.37659">
        <ele>692.1</ele>
      </trkpt>
      <trkpt lat="44.0924" lon="5.37642">
        <ele>692.9</ele>
      </trkpt>
      <trkpt lat="44.09238" lon="5.37628">
        <ele>693.6</ele>
      </trkpt>
      <trkpt lat="44.09229" lon="5.3758">
        <ele>695.6</ele>
      </trkpt>
      <trkpt lat="44.09228" lon="5.37575">
        <ele>695.8</ele>
      </trkpt>
      <trkpt lat="44.09221" lon="5.375409">
        <ele>696.6</ele>
      </trkpt>
      <trkpt lat="44.09214" lon="5.37511">
        <ele>697.1</ele>
      </trkpt>
      <trkpt lat="44.09213" lon="5.37507">
        <ele>697.2</ele>
      </trkpt>
      <trkpt lat="44.09213" lon="5.37507">
        <ele>697.2</ele>
      </trkpt>
      <trkpt lat="44.09217" lon="5.37502">
        <ele>697.8</ele>
      </trkpt>
      <trkpt lat="44.09223" lon="5.37493">
        <ele>698.6</ele>
      </trkpt>
      <trkpt lat="44.09232" lon="5.374799">
        <ele>699.8</ele>
      </trkpt>
      <trkpt lat="44.09249" lon="5.37458">
        <ele>702.4</ele>
      </trkpt>
      <trkpt lat="44.09249" lon="5.37458">
        <ele>702.4</ele>
      </trkpt>
      <trkpt lat="44.09242" lon="5.37435">
        <ele>702.3</ele>
      </trkpt>
      <trkpt lat="44.09241" lon="5.37432">
        <ele>702.3</ele>
      </trkpt>
      <trkpt lat="44.09234" lon="5.37407">
        <ele>701.7</ele>
      </trkpt>
      <trkpt lat="44.09228" lon="5.37386">
        <ele>700.7</ele>
      </trkpt>
      <trkpt lat="44.09223" lon="5.37375">
        <ele>699.9</ele>
      </trkpt>
      <trkpt lat="44.0922" lon="5.37367">
        <ele>699.5</ele>
      </trkpt>
      <trkpt lat="44.09218" lon="5.373649">
        <ele>699.3</ele>
      </trkpt>
      <trkpt lat="44.09212" lon="5.37355">
        <ele>698.5</ele>
      </trkpt>
      <trkpt lat="44.09205" lon="5.37344">
        <ele>697.7</ele>
      </trkpt>
      <trkpt lat="44.09201" lon="5.37336">
        <ele>697.3</ele>
      </trkpt>
      <trkpt lat="44.092" lon="5.37331">
        <ele>697.2</ele>
      </trkpt>
      <trkpt lat="44.09199" lon="5.37327">
        <ele>697.2</ele>
      </trkpt>
      <trkpt lat="44.09199" lon="5.37326">
        <ele>697.2</ele>
      </trkpt>
      <trkpt lat="44.092" lon="5.3732">
        <ele>697.4</ele>
      </trkpt>
      <trkpt lat="44.092" lon="5.373109">
        <ele>697.5</ele>
      </trkpt>
      <trkpt lat="44.09203" lon="5.37298">
        <ele>697.9</ele>
      </trkpt>
      <trkpt lat="44.09203" lon="5.37298">
        <ele>697.9</ele>
      </trkpt>
      <trkpt lat="44.09195" lon="5.37303">
        <ele>697.3</ele>
      </trkpt>
      <trkpt lat="44.09193" lon="5.373039">
        <ele>697.2</ele>
      </trkpt>
      <trkpt lat="44.0919" lon="5.37306">
        <ele>696.9</ele>
      </trkpt>
      <trkpt lat="44.09188" lon="5.37307">
        <ele>696.7</ele>
      </trkpt>
      <trkpt lat="44.091859" lon="5.3731">
        <ele>696.5</ele>
      </trkpt>
      <trkpt lat="44.091859" lon="5.3731">
        <ele>696.5</ele>
      </trkpt>
      <trkpt lat="44.09188" lon="5.37276">
        <ele>697.6</ele>
      </trkpt>
      <trkpt lat="44.0919" lon="5.37258">
        <ele>698.1</ele>
      </trkpt>
      <trkpt lat="44.09192" lon="5.37223">
        <ele>699.1</ele>
      </trkpt>
      <trkpt lat="44.09196" lon="5.37178">
        <ele>700.3</ele>
      </trkpt>
      <trkpt lat="44.09196" lon="5.37177">
        <ele>700.4</ele>
      </trkpt>
      <trkpt lat="44.09197" lon="5.37171">
        <ele>700.5</ele>
      </trkpt>
      <trkpt lat="44.09198" lon="5.37152">
        <ele>701.6</ele>
      </trkpt>
      <trkpt lat="44.09198" lon="5.37145">
        <ele>702.1</ele>
      </trkpt>
      <trkpt lat="44.09198" lon="5.37136">
        <ele>702.7</ele>
      </trkpt>
      <trkpt lat="44.09198" lon="5.371139">
        <ele>704.3</ele>
      </trkpt>
      <trkpt lat="44.09199" lon="5.37102">
        <ele>705.1</ele>
      </trkpt>
      <trkpt lat="44.09198" lon="5.37094">
        <ele>705.6</ele>
      </trkpt>
      <trkpt lat="44.09199" lon="5.37092">
        <ele>705.8</ele>
      </trkpt>
      <trkpt lat="44.09198" lon="5.37088">
        <ele>706.1</ele>
      </trkpt>
      <trkpt lat="44.09197" lon="5.3707">
        <ele>707.6</ele>
      </trkpt>
      <trkpt lat="44.09197" lon="5.37069">
        <ele>707.7</ele>
      </trkpt>
      <trkpt lat="44.09196" lon="5.37065">
        <ele>708.0</ele>
      </trkpt>
      <trkpt lat="44.09195" lon="5.37056">
        <ele>708.9</ele>
      </trkpt>
      <trkpt lat="44.09193" lon="5.37045">
        <ele>709.9</ele>
      </trkpt>
      <trkpt lat="44.09192" lon="5.37041">
        <ele>710.2</ele>
      </trkpt>
      <trkpt lat="44.09188" lon="5.37025">
        <ele>711.7</ele>
      </trkpt>
      <trkpt lat="44.09182" lon="5.369989">
        <ele>714.1</ele>
      </trkpt>
      <trkpt lat="44.09181" lon="5.36998">
        <ele>714.2</ele>
      </trkpt>
      <trkpt lat="44.09174" lon="5.36972">
        <ele>716.3</ele>
      </trkpt>
      <trkpt lat="44.09174" lon="5.36971">
        <ele>716.4</ele>
      </trkpt>
      <trkpt lat="44.09166" lon="5.36949">
        <ele>718.3</ele>
      </trkpt>
      <trkpt lat="44.09162" lon="5.3694">
        <ele>718.9</ele>
      </trkpt>
      <trkpt lat="44.09158" lon="5.3693">
        <ele>719.6</ele>
      </trkpt>
      <trkpt lat="44.0915" lon="5.36917">
        <ele>720.6</ele>
      </trkpt>
      <trkpt lat="44.09146" lon="5.36911">
        <ele>721.4</ele>
      </trkpt>
      <trkpt lat="44.09142" lon="5.36903">
        <ele>722.5</ele>
      </trkpt>
      <trkpt lat="44.09132" lon="5.368909">
        <ele>724.1</ele>
      </trkpt>
      <trkpt lat="44.0912" lon="5.36881">
        <ele>725.5</ele>
      </trkpt>
      <trkpt lat="44.09108" lon="5.36873">
        <ele>726.6</ele>
      </trkpt>
      <trkpt lat="44.09099" lon="5.36867">
        <ele>727.5</ele>
      </trkpt>
      <trkpt lat="44.09087" lon="5.36862">
        <ele>728.2</ele>
      </trkpt>
      <trkpt lat="44.09072" lon="5.36855">
        <ele>730.9</ele>
      </trkpt>
      <trkpt lat="44.09057" lon="5.36852">
        <ele>733.3</ele>
      </trkpt>
      <trkpt lat="44.09037" lon="5.36851">
        <ele>736.1</ele>
      </trkpt>
      <trkpt lat="44.0902" lon="5.36853">
        <ele>738.0</ele>
      </trkpt>
      <trkpt lat="44.08997" lon="5.36859">
        <ele>740.4</ele>
      </trkpt>
      <trkpt lat="44.0899" lon="5.36861">
        <ele>741.4</ele>
      </trkpt>
      <trkpt lat="44.08979" lon="5.368629">
        <ele>743.2</ele>
      </trkpt>
      <trkpt lat="44.0897" lon="5.36864">
        <ele>744.7</ele>
      </trkpt>
      <trkpt lat="44.08961" lon="5.36865">
        <ele>746.2</ele>
      </trkpt>
      <trkpt lat="44.0895" lon="5.36866">
        <ele>748.1</ele>
      </trkpt>
      <trkpt lat="44.08934" lon="5.36864">
        <ele>751.1</ele>
      </trkpt>
      <trkpt lat="44.08919" lon="5.3686">
        <ele>754.0</ele>
      </trkpt>
      <trkpt lat="44.08904" lon="5.36854">
        <ele>753.8</ele>
      </trkpt>
      <trkpt lat="44.08893" lon="5.36847">
        <ele>753.5</ele>
      </trkpt>
      <trkpt lat="44.08882" lon="5.36836">
        <ele>753.3</ele>
      </trkpt>
      <trkpt lat="44.08875" lon="5.36828">
        <ele>753.8</ele>
      </trkpt>
      <trkpt lat="44.08858" lon="5.36805">
        <ele>756.3</ele>
      </trkpt>
      <trkpt lat="44.08849" lon="5.36794">
        <ele>757.6</ele>
      </trkpt>
      <trkpt lat="44.088389" lon="5.36783">
        <ele>758.8</ele>
      </trkpt>
      <trkpt lat="44.08835" lon="5.36777">
        <ele>759.6</ele>
      </trkpt>
      <trkpt lat="44.08834" lon="5.36775">
        <ele>759.8</ele>
      </trkpt>
      <trkpt lat="44.08817" lon="5.367549">
        <ele>762.2</ele>
      </trkpt>
      <trkpt lat="44.08806" lon="5.36744">
        <ele>764.5</ele>
      </trkpt>
      <trkpt lat="44.08791" lon="5.36731">
        <ele>768.4</ele>
      </trkpt>
      <trkpt lat="44.08773" lon="5.36718">
        <ele>772.4</ele>
      </trkpt>
      <trkpt lat="44.08753" lon="5.36705">
        <ele>776.4</ele>
      </trkpt>
      <trkpt lat="44.08743" lon="5.367">
        <ele>778.2</ele>
      </trkpt>
      <trkpt lat="44.08731" lon="5.366939">
        <ele>780.5</ele>
      </trkpt>
      <trkpt lat="44.08726" lon="5.36693">
        <ele>780.9</ele>
      </trkpt>
      <trkpt lat="44.0872" lon="5.3669">
        <ele>782.1</ele>
      </trkpt>
      <trkpt lat="44.08709" lon="5.36688">
        <ele>782.9</ele>
      </trkpt>
      <trkpt lat="44.08697" lon="5.36688">
        <ele>783.0</ele>
      </trkpt>
      <trkpt lat="44.08695" lon="5.36688">
        <ele>783.0</ele>
      </trkpt>
      <trkpt lat="44.08673" lon="5.36685">
        <ele>784.3</ele>
      </trkpt>
      <trkpt lat="44.08655" lon="5.36682">
        <ele>785.7</ele>
      </trkpt>
      <trkpt lat="44.08645" lon="5.36681">
        <ele>786.2</ele>
      </trkpt>
      <trkpt lat="44.086329" lon="5.36681">
        <ele>786.4</ele>
      </trkpt>
      <trkpt lat="44.086239" lon="5.36682">
        <ele>786.1</ele>
      </trkpt>
      <trkpt lat="44.08622" lon="5.36682">
        <ele>786.1</ele>
      </trkpt>
      <trkpt lat="44.08615" lon="5.36681">
        <ele>786.6</ele>
      </trkpt>
      <trkpt lat="44.08606" lon="5.36681">
        <ele>786.7</ele>
      </trkpt>
      <trkpt lat="44.0847" lon="5.36663">
        <ele>790.4</ele>
      </trkpt>
      <trkpt lat="44.08434" lon="5.3665">
        <ele>793.0</ele>
      </trkpt>
      <trkpt lat="44.084269" lon="5.36647">
        <ele>793.8</ele>
      </trkpt>
      <trkpt lat="44.084069" lon="5.366399">
        <ele>795.1</ele>
      </trkpt>
      <trkpt lat="44.08385" lon="5.36631">
        <ele>797.0</ele>
      </trkpt>
      <trkpt lat="44.08359" lon="5.36622">
        <ele>798.1</ele>
      </trkpt>
      <trkpt lat="44.083419" lon="5.36615">
        <ele>799.3</ele>
      </trkpt>
      <trkpt lat="44.08328" lon="5.3661">
        <ele>800.0</ele>
      </trkpt>
      <trkpt lat="44.08317" lon="5.36606">
        <ele>800.9</ele>
      </trkpt>
      <trkpt lat="44.08301" lon="5.36599">
        <ele>802.7</ele>
      </trkpt>
      <trkpt lat="44.08281" lon="5.36591">
        <ele>804.5</ele>
      </trkpt>
      <trkpt lat="44.08261" lon="5.36584">
        <ele>805.9</ele>
      </trkpt>
      <trkpt lat="44.08243" lon="5.36578">
        <ele>806.6</ele>
      </trkpt>
      <trkpt lat="44.08227" lon="5.36573">
        <ele>806.8</ele>
      </trkpt>
      <trkpt lat="44.08215" lon="5.3657">
        <ele>806.6</ele>
      </trkpt>
      <trkpt lat="44.08202" lon="5.36567">
        <ele>806.2</ele>
      </trkpt>
      <trkpt lat="44.08189" lon="5.36563">
        <ele>806.4</ele>
      </trkpt>
      <trkpt lat="44.08176" lon="5.36559">
        <ele>806.6</ele>
      </trkpt>
      <trkpt lat="44.08161" lon="5.36553">
        <ele>807.3</ele>
      </trkpt>
      <trkpt lat="44.08135" lon="5.3654">
        <ele>809.1</ele>
      </trkpt>
      <trkpt lat="44.08117" lon="5.36531">
        <ele>810.4</ele>
      </trkpt>
      <trkpt lat="44.08099" lon="5.36522">
        <ele>811.7</ele>
      </trkpt>
      <trkpt lat="44.08084" lon="5.36515">
        <ele>812.6</ele>
      </trkpt>
      <trkpt lat="44.08065" lon="5.36505">
        <ele>814.2</ele>
      </trkpt>
      <trkpt lat="44.0804" lon="5.36492">
        <ele>815.9</ele>
      </trkpt>
      <trkpt lat="44.08023" lon="5.36483">
        <ele>817.0</ele>
      </trkpt>
      <trkpt lat="44.08005" lon="5.36475">
        <ele>817.3</ele>
      </trkpt>
      <trkpt lat="44.07981" lon="5.36462">
        <ele>818.8</ele>
      </trkpt>
      <trkpt lat="44.07954" lon="5.364499">
        <ele>819.2</ele>
      </trkpt>
      <trkpt lat="44.07947" lon="5.36448">
        <ele>818.8</ele>
      </trkpt>
      <trkpt lat="44.079389" lon="5.36445">
        <ele>818.6</ele>
      </trkpt>
      <trkpt lat="44.07921" lon="5.36439">
        <ele>817.9</ele>
      </trkpt>
      <trkpt lat="44.07905" lon="5.36435">
        <ele>816.6</ele>
      </trkpt>
      <trkpt lat="44.07882" lon="5.36423">
        <ele>817.5</ele>
      </trkpt>
      <trkpt lat="44.07867" lon="5.36412">
        <ele>818.4</ele>
      </trkpt>
      <trkpt lat="44.078539" lon="5.36401">
        <ele>818.1</ele>
      </trkpt>
      <trkpt lat="44.07841" lon="5.3639">
        <ele>817.5</ele>
      </trkpt>
      <trkpt lat="44.07831" lon="5.36377">
        <ele>817.5</ele>
      </trkpt>
      <trkpt lat="44.07828" lon="5.36372">
        <ele>817.5</ele>
      </trkpt>
      <trkpt lat="44.07825" lon="5.36364">
        <ele>818.0</ele>
      </trkpt>
      <trkpt lat="44.07823" lon="5.36357">
        <ele>818.6</ele>
      </trkpt>
      <trkpt lat="44.07821" lon="5.3635">
        <ele>819.1</ele>
      </trkpt>
      <trkpt lat="44.07821" lon="5.36341">
        <ele>820.6</ele>
      </trkpt>
      <trkpt lat="44.07821" lon="5.36333">
        <ele>821.8</ele>
      </trkpt>
      <trkpt lat="44.07823" lon="5.3632">
        <ele>821.3</ele>
      </trkpt>
      <trkpt lat="44.07824" lon="5.36315">
        <ele>821.2</ele>
      </trkpt>
      <trkpt lat="44.078449" lon="5.36261">
        <ele>823.2</ele>
      </trkpt>
      <trkpt lat="44.07851" lon="5.36244">
        <ele>824.5</ele>
      </trkpt>
      <trkpt lat="44.07857" lon="5.3623">
        <ele>826.5</ele>
      </trkpt>
      <trkpt lat="44.07864" lon="5.36214">
        <ele>828.4</ele>
      </trkpt>
      <trkpt lat="44.0787" lon="5.36201">
        <ele>829.7</ele>
      </trkpt>
      <trkpt lat="44.0788" lon="5.36186">
        <ele>831.7</ele>
      </trkpt>
      <trkpt lat="44.07888" lon="5.36175">
        <ele>833.1</ele>
      </trkpt>
      <trkpt lat="44.07896" lon="5.36166">
        <ele>834.3</ele>
      </trkpt>
      <trkpt lat="44.07902" lon="5.36156">
        <ele>835.6</ele>
      </trkpt>
      <trkpt lat="44.07908" lon="5.3615">
        <ele>836.6</ele>
      </trkpt>
      <trkpt lat="44.07913" lon="5.36142">
        <ele>837.0</ele>
      </trkpt>
      <trkpt lat="44.07921" lon="5.36133">
        <ele>838.3</ele>
      </trkpt>
      <trkpt lat="44.07926" lon="5.36127">
        <ele>839.3</ele>
      </trkpt>
      <trkpt lat="44.07932" lon="5.36121">
        <ele>840.6</ele>
      </trkpt>
      <trkpt lat="44.07937" lon="5.36117">
        <ele>841.7</ele>
      </trkpt>
      <trkpt lat="44.07944" lon="5.36111">
        <ele>843.2</ele>
      </trkpt>
      <trkpt lat="44.07949" lon="5.36107">
        <ele>844.2</ele>
      </trkpt>
      <trkpt lat="44.07952" lon="5.36105">
        <ele>844.9</ele>
      </trkpt>
      <trkpt lat="44.07955" lon="5.36104">
        <ele>845.6</ele>
      </trkpt>
      <trkpt lat="44.07961" lon="5.36099">
        <ele>846.7</ele>
      </trkpt>
      <trkpt lat="44.07965" lon="5.36094">
        <ele>847.3</ele>
      </trkpt>
      <trkpt lat="44.0797" lon="5.36088">
        <ele>847.9</ele>
      </trkpt>
      <trkpt lat="44.07973" lon="5.360839">
        <ele>848.3</ele>
      </trkpt>
      <trkpt lat="44.07974" lon="5.3608">
        <ele>848.9</ele>
      </trkpt>
      <trkpt lat="44.07976" lon="5.36076">
        <ele>849.9</ele>
      </trkpt>
      <trkpt lat="44.07976" lon="5.36073">
        <ele>850.2</ele>
      </trkpt>
      <trkpt lat="44.07977" lon="5.36068">
        <ele>851.0</ele>
      </trkpt>
      <trkpt lat="44.07978" lon="5.36065">
        <ele>851.6</ele>
      </trkpt>
      <trkpt lat="44.07979" lon="5.3606">
        <ele>852.3</ele>
      </trkpt>
      <trkpt lat="44.07979" lon="5.36054">
        <ele>853.0</ele>
      </trkpt>
      <trkpt lat="44.07979" lon="5.36051">
        <ele>853.3</ele>
      </trkpt>
      <trkpt lat="44.07978" lon="5.36047">
        <ele>853.6</ele>
      </trkpt>
      <trkpt lat="44.07977" lon="5.36043">
        <ele>854.0</ele>
      </trkpt>
      <trkpt lat="44.07975" lon="5.36038">
        <ele>854.4</ele>
      </trkpt>
      <trkpt lat="44.07973" lon="5.36034">
        <ele>854.8</ele>
      </trkpt>
      <trkpt lat="44.0797" lon="5.36029">
        <ele>855.3</ele>
      </trkpt>
      <trkpt lat="44.07968" lon="5.36027">
        <ele>855.5</ele>
      </trkpt>
      <trkpt lat="44.07967" lon="5.36025">
        <ele>855.7</ele>
      </trkpt>
      <trkpt lat="44.07964" lon="5.36022">
        <ele>856.1</ele>
      </trkpt>
      <trkpt lat="44.07961" lon="5.3602">
        <ele>856.3</ele>
      </trkpt>
      <trkpt lat="44.07959" lon="5.36019">
        <ele>856.5</ele>
      </trkpt>
      <trkpt lat="44.07956" lon="5.36017">
        <ele>856.8</ele>
      </trkpt>
      <trkpt lat="44.07952" lon="5.36015">
        <ele>857.2</ele>
      </trkpt>
      <trkpt lat="44.0795" lon="5.36015">
        <ele>857.2</ele>
      </trkpt>
      <trkpt lat="44.07947" lon="5.36015">
        <ele>857.1</ele>
      </trkpt>
      <trkpt lat="44.07944" lon="5.36015">
        <ele>857.1</ele>
      </trkpt>
      <trkpt lat="44.0794" lon="5.360159">
        <ele>856.8</ele>
      </trkpt>
      <trkpt lat="44.07937" lon="5.36017">
        <ele>856.6</ele>
      </trkpt>
      <trkpt lat="44.07933" lon="5.36019">
        <ele>855.9</ele>
      </trkpt>
      <trkpt lat="44.0793" lon="5.36021">
        <ele>855.3</ele>
      </trkpt>
      <trkpt lat="44.07926" lon="5.36024">
        <ele>854.3</ele>
      </trkpt>
      <trkpt lat="44.07918" lon="5.36032">
        <ele>851.3</ele>
      </trkpt>
      <trkpt lat="44.07911" lon="5.36038">
        <ele>849.9</ele>
      </trkpt>
      <trkpt lat="44.07905" lon="5.36042">
        <ele>849.1</ele>
      </trkpt>
      <trkpt lat="44.07902" lon="5.36045">
        <ele>848.4</ele>
      </trkpt>
      <trkpt lat="44.07895" lon="5.36048">
        <ele>848.1</ele>
      </trkpt>
      <trkpt lat="44.07894" lon="5.36048">
        <ele>848.2</ele>
      </trkpt>
      <trkpt lat="44.07894" lon="5.36049">
        <ele>847.9</ele>
      </trkpt>
      <trkpt lat="44.07891" lon="5.3605">
        <ele>847.8</ele>
      </trkpt>
      <trkpt lat="44.07887" lon="5.36051">
        <ele>847.9</ele>
      </trkpt>
      <trkpt lat="44.07876" lon="5.36054">
        <ele>848.0</ele>
      </trkpt>
      <trkpt lat="44.07868" lon="5.36057">
        <ele>847.7</ele>
      </trkpt>
      <trkpt lat="44.07859" lon="5.3606">
        <ele>847.5</ele>
      </trkpt>
      <trkpt lat="44.07849" lon="5.36062">
        <ele>847.7</ele>
      </trkpt>
      <trkpt lat="44.07826" lon="5.36069">
        <ele>847.1</ele>
      </trkpt>
      <trkpt lat="44.078" lon="5.360769">
        <ele>846.5</ele>
      </trkpt>
      <trkpt lat="44.07781" lon="5.36083">
        <ele>846.1</ele>
      </trkpt>
      <trkpt lat="44.07768" lon="5.36086">
        <ele>846.3</ele>
      </trkpt>
      <trkpt lat="44.07757" lon="5.36088">
        <ele>846.6</ele>
      </trkpt>
      <trkpt lat="44.07745" lon="5.36088">
        <ele>846.4</ele>
      </trkpt>
      <trkpt lat="44.07733" lon="5.36086">
        <ele>845.3</ele>
      </trkpt>
      <trkpt lat="44.077219" lon="5.36083">
        <ele>844.7</ele>
      </trkpt>
      <trkpt lat="44.07711" lon="5.36078">
        <ele>844.7</ele>
      </trkpt>
      <trkpt lat="44.07701" lon="5.36072">
        <ele>845.2</ele>
      </trkpt>
      <trkpt lat="44.07691" lon="5.36064">
        <ele>846.5</ele>
      </trkpt>
      <trkpt lat="44.07681" lon="5.36056">
        <ele>847.7</ele>
      </trkpt>
      <trkpt lat="44.07671" lon="5.36049">
        <ele>848.6</ele>
      </trkpt>
      <trkpt lat="44.0767" lon="5.36048">
        <ele>848.8</ele>
      </trkpt>
      <trkpt lat="44.07661" lon="5.36041">
        <ele>849.5</ele>
      </trkpt>
      <trkpt lat="44.07652" lon="5.36034">
        <ele>850.0</ele>
      </trkpt>
      <trkpt lat="44.07642" lon="5.36026">
        <ele>850.5</ele>
      </trkpt>
      <trkpt lat="44.07622" lon="5.3601">
        <ele>851.5</ele>
      </trkpt>
      <trkpt lat="44.07603" lon="5.35994">
        <ele>852.6</ele>
      </trkpt>
      <trkpt lat="44.07593" lon="5.35986">
        <ele>853.2</ele>
      </trkpt>
      <trkpt lat="44.07582" lon="5.35978">
        <ele>853.7</ele>
      </trkpt>
      <trkpt lat="44.07573" lon="5.35971">
        <ele>854.4</ele>
      </trkpt>
      <trkpt lat="44.075629" lon="5.359619">
        <ele>855.7</ele>
      </trkpt>
      <trkpt lat="44.07553" lon="5.35954">
        <ele>856.5</ele>
      </trkpt>
      <trkpt lat="44.07543" lon="5.35947">
        <ele>857.0</ele>
      </trkpt>
      <trkpt lat="44.07534" lon="5.35939">
        <ele>858.1</ele>
      </trkpt>
      <trkpt lat="44.07524" lon="5.35931">
        <ele>858.9</ele>
      </trkpt>
      <trkpt lat="44.07514" lon="5.35924">
        <ele>859.3</ele>
      </trkpt>
      <trkpt lat="44.07514" lon="5.35923">
        <ele>859.6</ele>
      </trkpt>
      <trkpt lat="44.07513" lon="5.35923">
        <ele>859.4</ele>
      </trkpt>
      <trkpt lat="44.07503" lon="5.35916">
        <ele>859.8</ele>
      </trkpt>
      <trkpt lat="44.07497" lon="5.35912">
        <ele>859.9</ele>
      </trkpt>
      <trkpt lat="44.07493" lon="5.3591">
        <ele>859.8</ele>
      </trkpt>
      <trkpt lat="44.07482" lon="5.35903">
        <ele>860.0</ele>
      </trkpt>
      <trkpt lat="44.07472" lon="5.35897">
        <ele>860.1</ele>
      </trkpt>
      <trkpt lat="44.07462" lon="5.35891">
        <ele>860.4</ele>
      </trkpt>
      <trkpt lat="44.07449" lon="5.35883">
        <ele>861.0</ele>
      </trkpt>
      <trkpt lat="44.07441" lon="5.35879">
        <ele>861.2</ele>
      </trkpt>
      <trkpt lat="44.07429" lon="5.35872">
        <ele>861.9</ele>
      </trkpt>
      <trkpt lat="44.0742" lon="5.35866">
        <ele>862.8</ele>
      </trkpt>
      <trkpt lat="44.07409" lon="5.3586">
        <ele>862.3</ele>
      </trkpt>
      <trkpt lat="44.07387" lon="5.358469">
        <ele>861.1</ele>
      </trkpt>
      <trkpt lat="44.07378" lon="5.358399">
        <ele>861.7</ele>
      </trkpt>
      <trkpt lat="44.07368" lon="5.358329">
        <ele>862.1</ele>
      </trkpt>
      <trkpt lat="44.07356" lon="5.35824">
        <ele>862.3</ele>
      </trkpt>
      <trkpt lat="44.07348" lon="5.35816">
        <ele>863.5</ele>
      </trkpt>
      <trkpt lat="44.07339" lon="5.35807">
        <ele>865.1</ele>
      </trkpt>
      <trkpt lat="44.073279" lon="5.35797">
        <ele>866.6</ele>
      </trkpt>
      <trkpt lat="44.07323" lon="5.35792">
        <ele>867.4</ele>
      </trkpt>
      <trkpt lat="44.073189" lon="5.35789">
        <ele>867.7</ele>
      </trkpt>
      <trkpt lat="44.07316" lon="5.357859">
        <ele>868.2</ele>
      </trkpt>
      <trkpt lat="44.07308" lon="5.35781">
        <ele>868.4</ele>
      </trkpt>
      <trkpt lat="44.07298" lon="5.35775">
        <ele>868.5</ele>
      </trkpt>
      <trkpt lat="44.07292" lon="5.357719">
        <ele>868.4</ele>
      </trkpt>
      <trkpt lat="44.07287" lon="5.35769">
        <ele>868.6</ele>
      </trkpt>
      <trkpt lat="44.07279" lon="5.357649">
        <ele>868.5</ele>
      </trkpt>
      <trkpt lat="44.07269" lon="5.3576">
        <ele>868.5</ele>
      </trkpt>
      <trkpt lat="44.072629" lon="5.35757">
        <ele>868.5</ele>
      </trkpt>
      <trkpt lat="44.07258" lon="5.35754">
        <ele>868.8</ele>
      </trkpt>
      <trkpt lat="44.07255" lon="5.35752">
        <ele>869.2</ele>
      </trkpt>
      <trkpt lat="44.072539" lon="5.35751">
        <ele>869.4</ele>
      </trkpt>
      <trkpt lat="44.0725" lon="5.35748">
        <ele>869.7</ele>
      </trkpt>
      <trkpt lat="44.07246" lon="5.35745">
        <ele>869.4</ele>
      </trkpt>
      <trkpt lat="44.07239" lon="5.35739">
        <ele>869.3</ele>
      </trkpt>
      <trkpt lat="44.07231" lon="5.35733">
        <ele>869.0</ele>
      </trkpt>
      <trkpt lat="44.07219" lon="5.35723">
        <ele>869.0</ele>
      </trkpt>
      <trkpt lat="44.07213" lon="5.357179">
        <ele>869.2</ele>
      </trkpt>
      <trkpt lat="44.07212" lon="5.35717">
        <ele>869.3</ele>
      </trkpt>
      <trkpt lat="44.07201" lon="5.35708">
        <ele>869.7</ele>
      </trkpt>
      <trkpt lat="44.07196" lon="5.357039">
        <ele>869.9</ele>
      </trkpt>
      <trkpt lat="44.07191" lon="5.357">
        <ele>870.2</ele>
      </trkpt>
      <trkpt lat="44.07174" lon="5.35685">
        <ele>872.0</ele>
      </trkpt>
      <trkpt lat="44.071689" lon="5.35681">
        <ele>872.5</ele>
      </trkpt>
      <trkpt lat="44.07163" lon="5.35676">
        <ele>873.3</ele>
      </trkpt>
      <trkpt lat="44.07156" lon="5.35669">
        <ele>874.7</ele>
      </trkpt>
      <trkpt lat="44.07152" lon="5.35665">
        <ele>875.1</ele>
      </trkpt>
      <trkpt lat="44.07148" lon="5.35661">
        <ele>874.8</ele>
      </trkpt>
      <trkpt lat="44.07144" lon="5.356569">
        <ele>874.6</ele>
      </trkpt>
      <trkpt lat="44.07141" lon="5.35653">
        <ele>874.6</ele>
      </trkpt>
      <trkpt lat="44.07138" lon="5.35649">
        <ele>874.6</ele>
      </trkpt>
      <trkpt lat="44.07137" lon="5.35647">
        <ele>874.7</ele>
      </trkpt>
      <trkpt lat="44.07135" lon="5.35644">
        <ele>874.8</ele>
      </trkpt>
      <trkpt lat="44.071309" lon="5.35639">
        <ele>874.8</ele>
      </trkpt>
      <trkpt lat="44.07128" lon="5.35633">
        <ele>875.2</ele>
      </trkpt>
      <trkpt lat="44.07124" lon="5.35627">
        <ele>875.5</ele>
      </trkpt>
      <trkpt lat="44.07121" lon="5.3562">
        <ele>876.1</ele>
      </trkpt>
      <trkpt lat="44.07118" lon="5.35615">
        <ele>876.5</ele>
      </trkpt>
      <trkpt lat="44.07116" lon="5.35609">
        <ele>877.2</ele>
      </trkpt>
      <trkpt lat="44.07114" lon="5.356029">
        <ele>877.9</ele>
      </trkpt>
      <trkpt lat="44.0711" lon="5.35594">
        <ele>878.9</ele>
      </trkpt>
      <trkpt lat="44.07109" lon="5.35591">
        <ele>879.3</ele>
      </trkpt>
      <trkpt lat="44.07107" lon="5.35584">
        <ele>880.3</ele>
      </trkpt>
      <trkpt lat="44.07106" lon="5.35579">
        <ele>880.4</ele>
      </trkpt>
      <trkpt lat="44.07103" lon="5.35565">
        <ele>880.6</ele>
      </trkpt>
      <trkpt lat="44.07102" lon="5.35559">
        <ele>880.7</ele>
      </trkpt>
      <trkpt lat="44.07102" lon="5.35553">
        <ele>881.0</ele>
      </trkpt>
      <trkpt lat="44.07101" lon="5.35544">
        <ele>881.2</ele>
      </trkpt>
      <trkpt lat="44.07101" lon="5.35536">
        <ele>881.6</ele>
      </trkpt>
      <trkpt lat="44.071" lon="5.35529">
        <ele>881.7</ele>
      </trkpt>
      <trkpt lat="44.07101" lon="5.35523">
        <ele>882.1</ele>
      </trkpt>
      <trkpt lat="44.07101" lon="5.35509">
        <ele>882.7</ele>
      </trkpt>
      <trkpt lat="44.07101" lon="5.35503">
        <ele>883.0</ele>
      </trkpt>
      <trkpt lat="44.07102" lon="5.35492">
        <ele>883.1</ele>
      </trkpt>
      <trkpt lat="44.07103" lon="5.35485">
        <ele>883.1</ele>
      </trkpt>
      <trkpt lat="44.07105" lon="5.35477">
        <ele>883.3</ele>
      </trkpt>
      <trkpt lat="44.07106" lon="5.354669">
        <ele>883.2</ele>
      </trkpt>
      <trkpt lat="44.07108" lon="5.354599">
        <ele>883.3</ele>
      </trkpt>
      <trkpt lat="44.07109" lon="5.35454">
        <ele>883.4</ele>
      </trkpt>
      <trkpt lat="44.07111" lon="5.3545">
        <ele>883.5</ele>
      </trkpt>
      <trkpt lat="44.07112" lon="5.35445">
        <ele>883.6</ele>
      </trkpt>
      <trkpt lat="44.07115" lon="5.35437">
        <ele>883.8</ele>
      </trkpt>
      <trkpt lat="44.07118" lon="5.3543">
        <ele>884.0</ele>
      </trkpt>
      <trkpt lat="44.0712" lon="5.35426">
        <ele>884.1</ele>
      </trkpt>
      <trkpt lat="44.07125" lon="5.35415">
        <ele>884.4</ele>
      </trkpt>
      <trkpt lat="44.07129" lon="5.35409">
        <ele>884.7</ele>
      </trkpt>
      <trkpt lat="44.07141" lon="5.35391">
        <ele>885.5</ele>
      </trkpt>
      <trkpt lat="44.0717" lon="5.35351">
        <ele>888.6</ele>
      </trkpt>
      <trkpt lat="44.07192" lon="5.3532">
        <ele>890.5</ele>
      </trkpt>
      <trkpt lat="44.072" lon="5.35308">
        <ele>891.1</ele>
      </trkpt>
      <trkpt lat="44.07214" lon="5.35288">
        <ele>892.3</ele>
      </trkpt>
      <trkpt lat="44.07218" lon="5.35283">
        <ele>892.7</ele>
      </trkpt>
      <trkpt lat="44.07229" lon="5.352699">
        <ele>893.8</ele>
      </trkpt>
      <trkpt lat="44.07245" lon="5.35259">
        <ele>895.5</ele>
      </trkpt>
      <trkpt lat="44.07261" lon="5.35248">
        <ele>896.7</ele>
      </trkpt>
      <trkpt lat="44.07277" lon="5.35237">
        <ele>897.5</ele>
      </trkpt>
      <trkpt lat="44.07291" lon="5.35228">
        <ele>898.2</ele>
      </trkpt>
      <trkpt lat="44.07324" lon="5.35214">
        <ele>900.0</ele>
      </trkpt>
      <trkpt lat="44.07336" lon="5.352089">
        <ele>900.8</ele>
      </trkpt>
      <trkpt lat="44.07346" lon="5.35207">
        <ele>901.6</ele>
      </trkpt>
      <trkpt lat="44.07352" lon="5.35206">
        <ele>902.1</ele>
      </trkpt>
      <trkpt lat="44.0736" lon="5.35204">
        <ele>902.9</ele>
      </trkpt>
      <trkpt lat="44.07378" lon="5.35203">
        <ele>904.6</ele>
      </trkpt>
      <trkpt lat="44.07383" lon="5.35202">
        <ele>905.1</ele>
      </trkpt>
      <trkpt lat="44.07388" lon="5.35202">
        <ele>905.5</ele>
      </trkpt>
      <trkpt lat="44.07396" lon="5.35202">
        <ele>906.3</ele>
      </trkpt>
      <trkpt lat="44.07398" lon="5.35202">
        <ele>906.5</ele>
      </trkpt>
      <trkpt lat="44.0741" lon="5.35203">
        <ele>907.6</ele>
      </trkpt>
      <trkpt lat="44.07424" lon="5.35205">
        <ele>909.0</ele>
      </trkpt>
      <trkpt lat="44.07428" lon="5.35206">
        <ele>909.3</ele>
      </trkpt>
      <trkpt lat="44.07444" lon="5.3521">
        <ele>910.9</ele>
      </trkpt>
      <trkpt lat="44.07446" lon="5.35211">
        <ele>911.0</ele>
      </trkpt>
      <trkpt lat="44.07458" lon="5.35215">
        <ele>912.1</ele>
      </trkpt>
      <trkpt lat="44.07472" lon="5.3522">
        <ele>913.2</ele>
      </trkpt>
      <trkpt lat="44.0748" lon="5.35225">
        <ele>913.7</ele>
      </trkpt>
      <trkpt lat="44.07482" lon="5.35227">
        <ele>913.8</ele>
      </trkpt>
      <trkpt lat="44.07485" lon="5.35228">
        <ele>914.1</ele>
      </trkpt>
      <trkpt lat="44.07497" lon="5.35235">
        <ele>914.8</ele>
      </trkpt>
      <trkpt lat="44.07509" lon="5.35241">
        <ele>915.4</ele>
      </trkpt>
      <trkpt lat="44.07522" lon="5.3525">
        <ele>915.8</ele>
      </trkpt>
      <trkpt lat="44.07543" lon="5.35263">
        <ele>917.2</ele>
      </trkpt>
      <trkpt lat="44.07553" lon="5.35269">
        <ele>917.9</ele>
      </trkpt>
      <trkpt lat="44.0756" lon="5.35273">
        <ele>918.3</ele>
      </trkpt>
      <trkpt lat="44.07579" lon="5.35286">
        <ele>919.4</ele>
      </trkpt>
      <trkpt lat="44.07592" lon="5.35295">
        <ele>919.9</ele>
      </trkpt>
      <trkpt lat="44.07596" lon="5.35297">
        <ele>920.0</ele>
      </trkpt>
      <trkpt lat="44.07608" lon="5.35305">
        <ele>920.4</ele>
      </trkpt>
      <trkpt lat="44.07637" lon="5.35323">
        <ele>921.5</ele>
      </trkpt>
      <trkpt lat="44.07676" lon="5.35348">
        <ele>924.2</ele>
      </trkpt>
      <trkpt lat="44.07697" lon="5.35361">
        <ele>925.8</ele>
      </trkpt>
      <trkpt lat="44.07705" lon="5.35366">
        <ele>926.3</ele>
      </trkpt>
      <trkpt lat="44.07735" lon="5.35385">
        <ele>928.6</ele>
      </trkpt>
      <trkpt lat="44.07749" lon="5.35394">
        <ele>929.6</ele>
      </trkpt>
      <trkpt lat="44.07779" lon="5.35414">
        <ele>932.2</ele>
      </trkpt>
      <trkpt lat="44.07788" lon="5.354199">
        <ele>933.1</ele>
      </trkpt>
      <trkpt lat="44.07796" lon="5.35424">
        <ele>933.8</ele>
      </trkpt>
      <trkpt lat="44.07804" lon="5.3543">
        <ele>934.7</ele>
      </trkpt>
      <trkpt lat="44.07821" lon="5.35441">
        <ele>936.5</ele>
      </trkpt>
      <trkpt lat="44.07829" lon="5.35446">
        <ele>937.3</ele>
      </trkpt>
      <trkpt lat="44.07847" lon="5.35457">
        <ele>938.8</ele>
      </trkpt>
      <trkpt lat="44.07859" lon="5.35464">
        <ele>939.7</ele>
      </trkpt>
      <trkpt lat="44.0787" lon="5.3547">
        <ele>940.5</ele>
      </trkpt>
      <trkpt lat="44.07876" lon="5.354739">
        <ele>941.0</ele>
      </trkpt>
      <trkpt lat="44.07881" lon="5.35476">
        <ele>941.3</ele>
      </trkpt>
      <trkpt lat="44.07891" lon="5.354809">
        <ele>941.9</ele>
      </trkpt>
      <trkpt lat="44.07904" lon="5.35488">
        <ele>942.8</ele>
      </trkpt>
      <trkpt lat="44.07916" lon="5.35494">
        <ele>943.6</ele>
      </trkpt>
      <trkpt lat="44.07931" lon="5.35501">
        <ele>944.7</ele>
      </trkpt>
      <trkpt lat="44.0794" lon="5.35505">
        <ele>945.4</ele>
      </trkpt>
      <trkpt lat="44.079479" lon="5.35508">
        <ele>945.9</ele>
      </trkpt>
      <trkpt lat="44.07963" lon="5.355139">
        <ele>946.9</ele>
      </trkpt>
      <trkpt lat="44.07964" lon="5.355139">
        <ele>946.9</ele>
      </trkpt>
      <trkpt lat="44.07971" lon="5.35517">
        <ele>947.4</ele>
      </trkpt>
      <trkpt lat="44.07977" lon="5.35519">
        <ele>947.7</ele>
      </trkpt>
      <trkpt lat="44.07991" lon="5.35525">
        <ele>948.5</ele>
      </trkpt>
      <trkpt lat="44.08015" lon="5.35532">
        <ele>950.6</ele>
      </trkpt>
      <trkpt lat="44.08036" lon="5.35538">
        <ele>952.7</ele>
      </trkpt>
      <trkpt lat="44.08062" lon="5.35545">
        <ele>955.0</ele>
      </trkpt>
      <trkpt lat="44.0807" lon="5.35546">
        <ele>955.7</ele>
      </trkpt>
      <trkpt lat="44.08079" lon="5.35548">
        <ele>956.3</ele>
      </trkpt>
      <trkpt lat="44.08084" lon="5.3555">
        <ele>956.6</ele>
      </trkpt>
      <trkpt lat="44.08096" lon="5.35552">
        <ele>956.9</ele>
      </trkpt>
      <trkpt lat="44.08118" lon="5.35556">
        <ele>957.4</ele>
      </trkpt>
      <trkpt lat="44.08123" lon="5.35557">
        <ele>957.5</ele>
      </trkpt>
      <trkpt lat="44.0814" lon="5.35558">
        <ele>957.9</ele>
      </trkpt>
      <trkpt lat="44.08159" lon="5.3556">
        <ele>958.3</ele>
      </trkpt>
      <trkpt lat="44.08162" lon="5.3556">
        <ele>958.4</ele>
      </trkpt>
      <trkpt lat="44.08188" lon="5.35561">
        <ele>958.2</ele>
      </trkpt>
      <trkpt lat="44.08195" lon="5.35561">
        <ele>958.1</ele>
      </trkpt>
      <trkpt lat="44.08204" lon="5.35561">
        <ele>958.0</ele>
      </trkpt>
      <trkpt lat="44.08213" lon="5.35561">
        <ele>957.9</ele>
      </trkpt>
      <trkpt lat="44.08218" lon="5.35561">
        <ele>957.8</ele>
      </trkpt>
      <trkpt lat="44.08229" lon="5.35561">
        <ele>957.7</ele>
      </trkpt>
      <trkpt lat="44.08252" lon="5.3556">
        <ele>957.6</ele>
      </trkpt>
      <trkpt lat="44.0826" lon="5.35559">
        <ele>957.7</ele>
      </trkpt>
      <trkpt lat="44.0828" lon="5.35557">
        <ele>957.7</ele>
      </trkpt>
      <trkpt lat="44.08307" lon="5.35553">
        <ele>958.1</ele>
      </trkpt>
      <trkpt lat="44.08323" lon="5.35551">
        <ele>958.3</ele>
      </trkpt>
      <trkpt lat="44.08341" lon="5.35548">
        <ele>958.6</ele>
      </trkpt>
      <trkpt lat="44.08385" lon="5.3554">
        <ele>959.1</ele>
      </trkpt>
      <trkpt lat="44.0841" lon="5.35536">
        <ele>959.2</ele>
      </trkpt>
      <trkpt lat="44.08416" lon="5.355349">
        <ele>959.3</ele>
      </trkpt>
      <trkpt lat="44.08457" lon="5.35527">
        <ele>959.8</ele>
      </trkpt>
      <trkpt lat="44.08471" lon="5.35526">
        <ele>959.7</ele>
      </trkpt>
      <trkpt lat="44.08496" lon="5.355209">
        <ele>960.1</ele>
      </trkpt>
      <trkpt lat="44.08526" lon="5.35516">
        <ele>959.9</ele>
      </trkpt>
      <trkpt lat="44.08565" lon="5.35511">
        <ele>959.2</ele>
      </trkpt>
      <trkpt lat="44.085769" lon="5.35509">
        <ele>959.0</ele>
      </trkpt>
      <trkpt lat="44.08583" lon="5.35508">
        <ele>958.9</ele>
      </trkpt>
      <trkpt lat="44.08615" lon="5.35501">
        <ele>959.9</ele>
      </trkpt>
      <trkpt lat="44.08639" lon="5.35497">
        <ele>960.5</ele>
      </trkpt>
      <trkpt lat="44.0867" lon="5.3549">
        <ele>961.5</ele>
      </trkpt>
      <trkpt lat="44.08707" lon="5.35484">
        <ele>961.8</ele>
      </trkpt>
      <trkpt lat="44.087269" lon="5.35482">
        <ele>961.8</ele>
      </trkpt>
      <trkpt lat="44.08735" lon="5.354809">
        <ele>961.8</ele>
      </trkpt>
      <trkpt lat="44.08747" lon="5.35479">
        <ele>961.8</ele>
      </trkpt>
      <trkpt lat="44.08779" lon="5.35472">
        <ele>963.3</ele>
      </trkpt>
      <trkpt lat="44.08795" lon="5.35469">
        <ele>963.9</ele>
      </trkpt>
      <trkpt lat="44.08796" lon="5.35469">
        <ele>963.9</ele>
      </trkpt>
      <trkpt lat="44.08815" lon="5.35464">
        <ele>964.7</ele>
      </trkpt>
      <trkpt lat="44.08835" lon="5.35457">
        <ele>965.6</ele>
      </trkpt>
      <trkpt lat="44.08852" lon="5.3545">
        <ele>966.4</ele>
      </trkpt>
      <trkpt lat="44.08861" lon="5.35446">
        <ele>966.8</ele>
      </trkpt>
      <trkpt lat="44.0889" lon="5.35429">
        <ele>968.2</ele>
      </trkpt>
      <trkpt lat="44.08896" lon="5.35425">
        <ele>968.5</ele>
      </trkpt>
      <trkpt lat="44.08931" lon="5.353989">
        <ele>969.5</ele>
      </trkpt>
      <trkpt lat="44.08935" lon="5.35396">
        <ele>969.6</ele>
      </trkpt>
      <trkpt lat="44.08952" lon="5.35383">
        <ele>969.9</ele>
      </trkpt>
      <trkpt lat="44.08956" lon="5.35379">
        <ele>970.0</ele>
      </trkpt>
      <trkpt lat="44.08966" lon="5.35369">
        <ele>970.1</ele>
      </trkpt>
      <trkpt lat="44.08976" lon="5.35358">
        <ele>970.1</ele>
      </trkpt>
      <trkpt lat="44.0899" lon="5.35342">
        <ele>970.1</ele>
      </trkpt>
      <trkpt lat="44.0902" lon="5.35304">
        <ele>970.0</ele>
      </trkpt>
      <trkpt lat="44.09024" lon="5.353">
        <ele>970.0</ele>
      </trkpt>
      <trkpt lat="44.09037" lon="5.352839">
        <ele>969.8</ele>
      </trkpt>
      <trkpt lat="44.09043" lon="5.35276">
        <ele>969.6</ele>
      </trkpt>
      <trkpt lat="44.0906" lon="5.35254">
        <ele>968.9</ele>
      </trkpt>
      <trkpt lat="44.09078" lon="5.35232">
        <ele>967.9</ele>
      </trkpt>
      <trkpt lat="44.09084" lon="5.352229">
        <ele>967.4</ele>
      </trkpt>
      <trkpt lat="44.09088" lon="5.352159">
        <ele>967.3</ele>
      </trkpt>
      <trkpt lat="44.09098" lon="5.35206">
        <ele>967.2</ele>
      </trkpt>
      <trkpt lat="44.09106" lon="5.35197">
        <ele>967.1</ele>
      </trkpt>
      <trkpt lat="44.09118" lon="5.35181">
        <ele>966.7</ele>
      </trkpt>
      <trkpt lat="44.09129" lon="5.35167">
        <ele>966.2</ele>
      </trkpt>
      <trkpt lat="44.0914" lon="5.35154">
        <ele>965.2</ele>
      </trkpt>
      <trkpt lat="44.09152" lon="5.35138">
        <ele>963.7</ele>
      </trkpt>
      <trkpt lat="44.09162" lon="5.35125">
        <ele>962.4</ele>
      </trkpt>
      <trkpt lat="44.09171" lon="5.35111">
        <ele>961.0</ele>
      </trkpt>
      <trkpt lat="44.09175" lon="5.35105">
        <ele>960.6</ele>
      </trkpt>
      <trkpt lat="44.09184" lon="5.35092">
        <ele>959.8</ele>
      </trkpt>
      <trkpt lat="44.09193" lon="5.35075">
        <ele>958.6</ele>
      </trkpt>
      <trkpt lat="44.09203" lon="5.35058">
        <ele>957.6</ele>
      </trkpt>
      <trkpt lat="44.09205" lon="5.35053">
        <ele>957.2</ele>
      </trkpt>
      <trkpt lat="44.09212" lon="5.35036">
        <ele>955.9</ele>
      </trkpt>
      <trkpt lat="44.092149" lon="5.35028">
        <ele>955.3</ele>
      </trkpt>
      <trkpt lat="44.0922" lon="5.35014">
        <ele>954.1</ele>
      </trkpt>
      <trkpt lat="44.09227" lon="5.34995">
        <ele>952.5</ele>
      </trkpt>
      <trkpt lat="44.0923" lon="5.34987">
        <ele>951.8</ele>
      </trkpt>
      <trkpt lat="44.09232" lon="5.349789">
        <ele>951.0</ele>
      </trkpt>
      <trkpt lat="44.09237" lon="5.34953">
        <ele>948.4</ele>
      </trkpt>
      <trkpt lat="44.09243" lon="5.34916">
        <ele>944.5</ele>
      </trkpt>
      <trkpt lat="44.09245" lon="5.34899">
        <ele>944.4</ele>
      </trkpt>
      <trkpt lat="44.09245" lon="5.34889">
        <ele>944.2</ele>
      </trkpt>
      <trkpt lat="44.09246" lon="5.34874">
        <ele>944.1</ele>
      </trkpt>
      <trkpt lat="44.09246" lon="5.34849">
        <ele>943.7</ele>
      </trkpt>
      <trkpt lat="44.09246" lon="5.34846">
        <ele>943.7</ele>
      </trkpt>
      <trkpt lat="44.09246" lon="5.3484">
        <ele>943.6</ele>
      </trkpt>
      <trkpt lat="44.09246" lon="5.34835">
        <ele>943.5</ele>
      </trkpt>
      <trkpt lat="44.09243" lon="5.34799">
        <ele>945.2</ele>
      </trkpt>
      <trkpt lat="44.09242" lon="5.3479">
        <ele>945.6</ele>
      </trkpt>
      <trkpt lat="44.09235" lon="5.34743">
        <ele>947.6</ele>
      </trkpt>
      <trkpt lat="44.092329" lon="5.34733">
        <ele>947.8</ele>
      </trkpt>
      <trkpt lat="44.09231" lon="5.3472">
        <ele>948.2</ele>
      </trkpt>
      <trkpt lat="44.09229" lon="5.34713">
        <ele>948.4</ele>
      </trkpt>
      <trkpt lat="44.09227" lon="5.34695">
        <ele>949.1</ele>
      </trkpt>
      <trkpt lat="44.0922" lon="5.34646">
        <ele>950.6</ele>
      </trkpt>
      <trkpt lat="44.09219" lon="5.3464">
        <ele>950.7</ele>
      </trkpt>
      <trkpt lat="44.09216" lon="5.34622">
        <ele>951.2</ele>
      </trkpt>
      <trkpt lat="44.092149" lon="5.34617">
        <ele>951.3</ele>
      </trkpt>
      <trkpt lat="44.09211" lon="5.34598">
        <ele>951.6</ele>
      </trkpt>
      <trkpt lat="44.0921" lon="5.3459">
        <ele>951.9</ele>
      </trkpt>
      <trkpt lat="44.09207" lon="5.34573">
        <ele>952.7</ele>
      </trkpt>
      <trkpt lat="44.092059" lon="5.34568">
        <ele>952.9</ele>
      </trkpt>
      <trkpt lat="44.09197" lon="5.34516">
        <ele>955.6</ele>
      </trkpt>
      <trkpt lat="44.09191" lon="5.34476">
        <ele>959.0</ele>
      </trkpt>
      <trkpt lat="44.09187" lon="5.34451">
        <ele>961.6</ele>
      </trkpt>
      <trkpt lat="44.09184" lon="5.34432">
        <ele>963.7</ele>
      </trkpt>
      <trkpt lat="44.09179" lon="5.34403">
        <ele>966.9</ele>
      </trkpt>
      <trkpt lat="44.09173" lon="5.34372">
        <ele>970.5</ele>
      </trkpt>
      <trkpt lat="44.09172" lon="5.3435">
        <ele>973.5</ele>
      </trkpt>
      <trkpt lat="44.09169" lon="5.34337">
        <ele>974.9</ele>
      </trkpt>
      <trkpt lat="44.09162" lon="5.34256">
        <ele>983.6</ele>
      </trkpt>
      <trkpt lat="44.0916" lon="5.34204">
        <ele>987.4</ele>
      </trkpt>
      <trkpt lat="44.0916" lon="5.34181">
        <ele>989.1</ele>
      </trkpt>
      <trkpt lat="44.0916" lon="5.341789">
        <ele>989.3</ele>
      </trkpt>
      <trkpt lat="44.0916" lon="5.34154">
        <ele>990.7</ele>
      </trkpt>
      <trkpt lat="44.0916" lon="5.34129">
        <ele>991.6</ele>
      </trkpt>
      <trkpt lat="44.0916" lon="5.34108">
        <ele>992.4</ele>
      </trkpt>
      <trkpt lat="44.09161" lon="5.34083">
        <ele>993.4</ele>
      </trkpt>
      <trkpt lat="44.09161" lon="5.34079">
        <ele>993.3</ele>
      </trkpt>
      <trkpt lat="44.09165" lon="5.34007">
        <ele>992.9</ele>
      </trkpt>
      <trkpt lat="44.091679" lon="5.33986">
        <ele>993.0</ele>
      </trkpt>
      <trkpt lat="44.09169" lon="5.33979">
        <ele>993.0</ele>
      </trkpt>
      <trkpt lat="44.0917" lon="5.33966">
        <ele>992.9</ele>
      </trkpt>
      <trkpt lat="44.09173" lon="5.33931">
        <ele>992.7</ele>
      </trkpt>
      <trkpt lat="44.09176" lon="5.33907">
        <ele>992.3</ele>
      </trkpt>
      <trkpt lat="44.09183" lon="5.33859">
        <ele>991.0</ele>
      </trkpt>
      <trkpt lat="44.09187" lon="5.33835">
        <ele>990.3</ele>
      </trkpt>
      <trkpt lat="44.09192" lon="5.33807">
        <ele>990.0</ele>
      </trkpt>
      <trkpt lat="44.09196" lon="5.3378">
        <ele>989.6</ele>
      </trkpt>
      <trkpt lat="44.09199" lon="5.33755">
        <ele>989.1</ele>
      </trkpt>
      <trkpt lat="44.09203" lon="5.33727">
        <ele>987.8</ele>
      </trkpt>
      <trkpt lat="44.0921" lon="5.336839">
        <ele>985.4</ele>
      </trkpt>
      <trkpt lat="44.09214" lon="5.33659">
        <ele>983.6</ele>
      </trkpt>
      <trkpt lat="44.09214" lon="5.33657">
        <ele>983.4</ele>
      </trkpt>
      <trkpt lat="44.09217" lon="5.33635">
        <ele>981.2</ele>
      </trkpt>
      <trkpt lat="44.09217" lon="5.33633">
        <ele>981.0</ele>
      </trkpt>
      <trkpt lat="44.09221" lon="5.33608">
        <ele>978.6</ele>
      </trkpt>
      <trkpt lat="44.09225" lon="5.33584">
        <ele>976.4</ele>
      </trkpt>
      <trkpt lat="44.09228" lon="5.335619">
        <ele>974.5</ele>
      </trkpt>
      <trkpt lat="44.09231" lon="5.33544">
        <ele>973.1</ele>
      </trkpt>
      <trkpt lat="44.09232" lon="5.33535">
        <ele>972.4</ele>
      </trkpt>
      <trkpt lat="44.09234" lon="5.33518">
        <ele>971.0</ele>
      </trkpt>
      <trkpt lat="44.09235" lon="5.33512">
        <ele>970.6</ele>
      </trkpt>
      <trkpt lat="44.09239" lon="5.33486">
        <ele>969.7</ele>
      </trkpt>
      <trkpt lat="44.09244" lon="5.3345">
        <ele>970.2</ele>
      </trkpt>
      <trkpt lat="44.09246" lon="5.33436">
        <ele>970.4</ele>
      </trkpt>
      <trkpt lat="44.09252" lon="5.33396">
        <ele>972.1</ele>
      </trkpt>
      <trkpt lat="44.092529" lon="5.33387">
        <ele>972.6</ele>
      </trkpt>
      <trkpt lat="44.0926" lon="5.33349">
        <ele>974.7</ele>
      </trkpt>
      <trkpt lat="44.09268" lon="5.33295">
        <ele>980.6</ele>
      </trkpt>
      <trkpt lat="44.09274" lon="5.33254">
        <ele>986.1</ele>
      </trkpt>
      <trkpt lat="44.09279" lon="5.33216">
        <ele>990.5</ele>
      </trkpt>
      <trkpt lat="44.09283" lon="5.33191">
        <ele>993.4</ele>
      </trkpt>
      <trkpt lat="44.09283" lon="5.3319">
        <ele>993.6</ele>
      </trkpt>
      <trkpt lat="44.09287" lon="5.33167">
        <ele>996.3</ele>
      </trkpt>
      <trkpt lat="44.0929" lon="5.331419">
        <ele>997.3</ele>
      </trkpt>
      <trkpt lat="44.09294" lon="5.33118">
        <ele>998.3</ele>
      </trkpt>
      <trkpt lat="44.09297" lon="5.33093">
        <ele>999.3</ele>
      </trkpt>
      <trkpt lat="44.09301" lon="5.33069">
        <ele>999.5</ele>
      </trkpt>
      <trkpt lat="44.09307" lon="5.33029">
        <ele>998.8</ele>
      </trkpt>
      <trkpt lat="44.09308" lon="5.330199">
        <ele>998.6</ele>
      </trkpt>
      <trkpt lat="44.09312" lon="5.32994">
        <ele>998.2</ele>
      </trkpt>
      <trkpt lat="44.09314" lon="5.32975">
        <ele>997.6</ele>
      </trkpt>
      <trkpt lat="44.09315" lon="5.3297">
        <ele>997.5</ele>
      </trkpt>
      <trkpt lat="44.09319" lon="5.32942">
        <ele>996.8</ele>
      </trkpt>
      <trkpt lat="44.0932" lon="5.32937">
        <ele>996.7</ele>
      </trkpt>
      <trkpt lat="44.09323" lon="5.32921">
        <ele>996.3</ele>
      </trkpt>
      <trkpt lat="44.09331" lon="5.32874">
        <ele>994.8</ele>
      </trkpt>
      <trkpt lat="44.09332" lon="5.32863">
        <ele>994.3</ele>
      </trkpt>
      <trkpt lat="44.093359" lon="5.32839">
        <ele>993.6</ele>
      </trkpt>
      <trkpt lat="44.0934" lon="5.32814">
        <ele>992.8</ele>
      </trkpt>
      <trkpt lat="44.09351" lon="5.32739">
        <ele>989.8</ele>
      </trkpt>
      <trkpt lat="44.09369" lon="5.32635">
        <ele>984.5</ele>
      </trkpt>
      <trkpt lat="44.09382" lon="5.32541">
        <ele>980.0</ele>
      </trkpt>
      <trkpt lat="44.09384" lon="5.325319">
        <ele>979.7</ele>
      </trkpt>
      <trkpt lat="44.09387" lon="5.32509">
        <ele>978.9</ele>
      </trkpt>
      <trkpt lat="44.09395" lon="5.3246">
        <ele>977.6</ele>
      </trkpt>
      <trkpt lat="44.094" lon="5.32433">
        <ele>977.0</ele>
      </trkpt>
      <trkpt lat="44.09402" lon="5.32421">
        <ele>976.8</ele>
      </trkpt>
      <trkpt lat="44.09404" lon="5.32404">
        <ele>976.2</ele>
      </trkpt>
      <trkpt lat="44.0941" lon="5.32365">
        <ele>974.9</ele>
      </trkpt>
      <trkpt lat="44.094119" lon="5.3235">
        <ele>974.4</ele>
      </trkpt>
      <trkpt lat="44.09419" lon="5.32277">
        <ele>973.7</ele>
      </trkpt>
      <trkpt lat="44.094209" lon="5.32241">
        <ele>973.7</ele>
      </trkpt>
      <trkpt lat="44.09422" lon="5.32217">
        <ele>974.0</ele>
      </trkpt>
      <trkpt lat="44.09422" lon="5.32197">
        <ele>974.1</ele>
      </trkpt>
      <trkpt lat="44.094209" lon="5.32154">
        <ele>973.9</ele>
      </trkpt>
      <trkpt lat="44.0942" lon="5.32146">
        <ele>973.7</ele>
      </trkpt>
      <trkpt lat="44.0942" lon="5.32128">
        <ele>973.2</ele>
      </trkpt>
      <trkpt lat="44.09418" lon="5.32096">
        <ele>972.3</ele>
      </trkpt>
      <trkpt lat="44.09417" lon="5.32081">
        <ele>971.8</ele>
      </trkpt>
      <trkpt lat="44.09408" lon="5.32018">
        <ele>967.1</ele>
      </trkpt>
      <trkpt lat="44.09389" lon="5.31926">
        <ele>962.1</ele>
      </trkpt>
      <trkpt lat="44.0938" lon="5.31892">
        <ele>960.9</ele>
      </trkpt>
      <trkpt lat="44.09377" lon="5.31879">
        <ele>960.5</ele>
      </trkpt>
      <trkpt lat="44.09373" lon="5.31863">
        <ele>959.9</ele>
      </trkpt>
      <trkpt lat="44.093559" lon="5.31809">
        <ele>957.7</ele>
      </trkpt>
      <trkpt lat="44.09343" lon="5.31773">
        <ele>956.3</ele>
      </trkpt>
      <trkpt lat="44.09332" lon="5.31742">
        <ele>954.9</ele>
      </trkpt>
      <trkpt lat="44.09326" lon="5.31723">
        <ele>954.2</ele>
      </trkpt>
      <trkpt lat="44.09324" lon="5.3172">
        <ele>954.0</ele>
      </trkpt>
      <trkpt lat="44.093089" lon="5.316779">
        <ele>951.7</ele>
      </trkpt>
      <trkpt lat="44.09267" lon="5.31565">
        <ele>942.6</ele>
      </trkpt>
      <trkpt lat="44.09266" lon="5.31564">
        <ele>942.5</ele>
      </trkpt>
      <trkpt lat="44.09261" lon="5.31547">
        <ele>941.6</ele>
      </trkpt>
      <trkpt lat="44.09259" lon="5.31541">
        <ele>941.2</ele>
      </trkpt>
      <trkpt lat="44.09243" lon="5.31496">
        <ele>939.4</ele>
      </trkpt>
      <trkpt lat="44.09235" lon="5.3147">
        <ele>938.7</ele>
      </trkpt>
      <trkpt lat="44.09234" lon="5.314669">
        <ele>938.7</ele>
      </trkpt>
      <trkpt lat="44.0923" lon="5.31455">
        <ele>938.3</ele>
      </trkpt>
      <trkpt lat="44.09227" lon="5.31446">
        <ele>938.1</ele>
      </trkpt>
      <trkpt lat="44.09218" lon="5.31425">
        <ele>937.3</ele>
      </trkpt>
      <trkpt lat="44.09212" lon="5.31404">
        <ele>936.8</ele>
      </trkpt>
      <trkpt lat="44.09209" lon="5.31397">
        <ele>936.6</ele>
      </trkpt>
      <trkpt lat="44.09187" lon="5.31337">
        <ele>934.2</ele>
      </trkpt>
      <trkpt lat="44.09178" lon="5.31311">
        <ele>932.7</ele>
      </trkpt>
      <trkpt lat="44.09171" lon="5.31292">
        <ele>931.5</ele>
      </trkpt>
      <trkpt lat="44.09167" lon="5.31281">
        <ele>930.8</ele>
      </trkpt>
      <trkpt lat="44.091589" lon="5.31259">
        <ele>929.9</ele>
      </trkpt>
      <trkpt lat="44.09142" lon="5.31214">
        <ele>929.4</ele>
      </trkpt>
      <trkpt lat="44.09133" lon="5.31188">
        <ele>929.2</ele>
      </trkpt>
      <trkpt lat="44.09108" lon="5.311219">
        <ele>927.4</ele>
      </trkpt>
      <trkpt lat="44.09094" lon="5.31073">
        <ele>924.8</ele>
      </trkpt>
      <trkpt lat="44.09084" lon="5.31039">
        <ele>922.5</ele>
      </trkpt>
      <trkpt lat="44.09081" lon="5.31026">
        <ele>921.6</ele>
      </trkpt>
      <trkpt lat="44.090739" lon="5.30994">
        <ele>919.4</ele>
      </trkpt>
      <trkpt lat="44.090649" lon="5.30949">
        <ele>917.5</ele>
      </trkpt>
      <trkpt lat="44.09062" lon="5.3093">
        <ele>916.8</ele>
      </trkpt>
      <trkpt lat="44.0906" lon="5.30905">
        <ele>916.3</ele>
      </trkpt>
      <trkpt lat="44.09058" lon="5.3089">
        <ele>915.9</ele>
      </trkpt>
      <trkpt lat="44.09057" lon="5.3087">
        <ele>915.8</ele>
      </trkpt>
      <trkpt lat="44.09057" lon="5.308099">
        <ele>915.4</ele>
      </trkpt>
      <trkpt lat="44.09058" lon="5.30798">
        <ele>915.3</ele>
      </trkpt>
      <trkpt lat="44.09059" lon="5.30776">
        <ele>914.9</ele>
      </trkpt>
      <trkpt lat="44.09059" lon="5.30773">
        <ele>914.9</ele>
      </trkpt>
      <trkpt lat="44.0906" lon="5.30767">
        <ele>914.9</ele>
      </trkpt>
      <trkpt lat="44.09062" lon="5.30744">
        <ele>914.2</ele>
      </trkpt>
      <trkpt lat="44.0907" lon="5.30692">
        <ele>910.3</ele>
      </trkpt>
      <trkpt lat="44.090739" lon="5.30675">
        <ele>909.1</ele>
      </trkpt>
      <trkpt lat="44.09075" lon="5.3067">
        <ele>908.7</ele>
      </trkpt>
      <trkpt lat="44.09081" lon="5.30646">
        <ele>906.9</ele>
      </trkpt>
      <trkpt lat="44.09081" lon="5.30644">
        <ele>906.7</ele>
      </trkpt>
      <trkpt lat="44.09082" lon="5.3064">
        <ele>906.4</ele>
      </trkpt>
      <trkpt lat="44.09088" lon="5.30619">
        <ele>904.8</ele>
      </trkpt>
      <trkpt lat="44.09089" lon="5.30617">
        <ele>904.7</ele>
      </trkpt>
      <trkpt lat="44.09111" lon="5.30555">
        <ele>902.0</ele>
      </trkpt>
      <trkpt lat="44.09124" lon="5.30518">
        <ele>901.0</ele>
      </trkpt>
      <trkpt lat="44.09137" lon="5.30482">
        <ele>899.7</ele>
      </trkpt>
      <trkpt lat="44.09145" lon="5.3046">
        <ele>898.7</ele>
      </trkpt>
      <trkpt lat="44.09149" lon="5.30447">
        <ele>898.0</ele>
      </trkpt>
      <trkpt lat="44.09157" lon="5.30419">
        <ele>896.4</ele>
      </trkpt>
      <trkpt lat="44.09162" lon="5.30399">
        <ele>894.3</ele>
      </trkpt>
      <trkpt lat="44.09166" lon="5.30381">
        <ele>892.2</ele>
      </trkpt>
      <trkpt lat="44.09169" lon="5.30366">
        <ele>890.3</ele>
      </trkpt>
      <trkpt lat="44.09169" lon="5.30366">
        <ele>890.3</ele>
      </trkpt>
      <trkpt lat="44.09171" lon="5.30359">
        <ele>889.4</ele>
      </trkpt>
      <trkpt lat="44.09199" lon="5.303619">
        <ele>889.7</ele>
      </trkpt>
      <trkpt lat="44.09209" lon="5.30364">
        <ele>889.9</ele>
      </trkpt>
      <trkpt lat="44.09218" lon="5.30367">
        <ele>890.3</ele>
      </trkpt>
      <trkpt lat="44.09223" lon="5.30371">
        <ele>890.9</ele>
      </trkpt>
      <trkpt lat="44.09225" lon="5.30372">
        <ele>891.1</ele>
      </trkpt>
      <trkpt lat="44.09239" lon="5.30382">
        <ele>892.6</ele>
      </trkpt>
      <trkpt lat="44.09246" lon="5.30387">
        <ele>893.4</ele>
      </trkpt>
      <trkpt lat="44.09255" lon="5.30394">
        <ele>894.3</ele>
      </trkpt>
      <trkpt lat="44.092619" lon="5.304">
        <ele>895.0</ele>
      </trkpt>
      <trkpt lat="44.092709" lon="5.30407">
        <ele>895.7</ele>
      </trkpt>
      <trkpt lat="44.09286" lon="5.3042">
        <ele>896.7</ele>
      </trkpt>
      <trkpt lat="44.09294" lon="5.30426">
        <ele>897.2</ele>
      </trkpt>
      <trkpt lat="44.09302" lon="5.30433">
        <ele>898.0</ele>
      </trkpt>
      <trkpt lat="44.09305" lon="5.30435">
        <ele>898.1</ele>
      </trkpt>
      <trkpt lat="44.09317" lon="5.30445">
        <ele>899.3</ele>
      </trkpt>
      <trkpt lat="44.09321" lon="5.30448">
        <ele>899.6</ele>
      </trkpt>
      <trkpt lat="44.09332" lon="5.30458">
        <ele>901.0</ele>
      </trkpt>
      <trkpt lat="44.09348" lon="5.30472">
        <ele>902.6</ele>
      </trkpt>
      <trkpt lat="44.09363" lon="5.30485">
        <ele>903.6</ele>
      </trkpt>
      <trkpt lat="44.09368" lon="5.3049">
        <ele>903.9</ele>
      </trkpt>
      <trkpt lat="44.09393" lon="5.30511">
        <ele>904.5</ele>
      </trkpt>
      <trkpt lat="44.09395" lon="5.305119">
        <ele>904.5</ele>
      </trkpt>
      <trkpt lat="44.0941" lon="5.30521">
        <ele>904.6</ele>
      </trkpt>
      <trkpt lat="44.09426" lon="5.30531">
        <ele>905.2</ele>
      </trkpt>
      <trkpt lat="44.09427" lon="5.30531">
        <ele>905.2</ele>
      </trkpt>
      <trkpt lat="44.09442" lon="5.3054">
        <ele>905.9</ele>
      </trkpt>
      <trkpt lat="44.09443" lon="5.3054">
        <ele>905.9</ele>
      </trkpt>
      <trkpt lat="44.09458" lon="5.30549">
        <ele>906.2</ele>
      </trkpt>
      <trkpt lat="44.0946" lon="5.30549">
        <ele>906.1</ele>
      </trkpt>
      <trkpt lat="44.09475" lon="5.30556">
        <ele>906.0</ele>
      </trkpt>
      <trkpt lat="44.09487" lon="5.30564">
        <ele>905.9</ele>
      </trkpt>
      <trkpt lat="44.0949" lon="5.305659">
        <ele>905.8</ele>
      </trkpt>
      <trkpt lat="44.09494" lon="5.30567">
        <ele>905.6</ele>
      </trkpt>
      <trkpt lat="44.095" lon="5.3057">
        <ele>905.4</ele>
      </trkpt>
      <trkpt lat="44.09511" lon="5.30571">
        <ele>906.3</ele>
      </trkpt>
      <trkpt lat="44.09514" lon="5.30571">
        <ele>906.5</ele>
      </trkpt>
      <trkpt lat="44.09523" lon="5.305659">
        <ele>907.1</ele>
      </trkpt>
      <trkpt lat="44.0953" lon="5.30556">
        <ele>907.3</ele>
      </trkpt>
      <trkpt lat="44.09532" lon="5.30547">
        <ele>907.2</ele>
      </trkpt>
      <trkpt lat="44.09534" lon="5.30533">
        <ele>907.0</ele>
      </trkpt>
      <trkpt lat="44.09535" lon="5.30519">
        <ele>906.7</ele>
      </trkpt>
      <trkpt lat="44.09534" lon="5.30508">
        <ele>906.3</ele>
      </trkpt>
      <trkpt lat="44.09535" lon="5.305">
        <ele>906.2</ele>
      </trkpt>
      <trkpt lat="44.09535" lon="5.30485">
        <ele>906.2</ele>
      </trkpt>
      <trkpt lat="44.09538" lon="5.3047">
        <ele>906.6</ele>
      </trkpt>
      <trkpt lat="44.09546" lon="5.30446">
        <ele>907.5</ele>
      </trkpt>
      <trkpt lat="44.0955" lon="5.30435">
        <ele>907.8</ele>
      </trkpt>
      <trkpt lat="44.09554" lon="5.30422">
        <ele>908.2</ele>
      </trkpt>
      <trkpt lat="44.09563" lon="5.30399">
        <ele>908.4</ele>
      </trkpt>
      <trkpt lat="44.09577" lon="5.30361">
        <ele>907.9</ele>
      </trkpt>
      <trkpt lat="44.09579" lon="5.30357">
        <ele>907.8</ele>
      </trkpt>
      <trkpt lat="44.09581" lon="5.30353">
        <ele>907.8</ele>
      </trkpt>
      <trkpt lat="44.09601" lon="5.30318">
        <ele>907.1</ele>
      </trkpt>
      <trkpt lat="44.09605" lon="5.30312">
        <ele>906.8</ele>
      </trkpt>
      <trkpt lat="44.09614" lon="5.30299">
        <ele>906.3</ele>
      </trkpt>
      <trkpt lat="44.09628" lon="5.30289">
        <ele>906.2</ele>
      </trkpt>
      <trkpt lat="44.09645" lon="5.30283">
        <ele>906.5</ele>
      </trkpt>
      <trkpt lat="44.09658" lon="5.30281">
        <ele>906.9</ele>
      </trkpt>
      <trkpt lat="44.09664" lon="5.3028">
        <ele>907.1</ele>
      </trkpt>
      <trkpt lat="44.09681" lon="5.30281">
        <ele>907.3</ele>
      </trkpt>
      <trkpt lat="44.09698" lon="5.30285">
        <ele>907.7</ele>
      </trkpt>
      <trkpt lat="44.09707" lon="5.3029">
        <ele>908.3</ele>
      </trkpt>
      <trkpt lat="44.0972" lon="5.30296">
        <ele>909.0</ele>
      </trkpt>
      <trkpt lat="44.0974" lon="5.30306">
        <ele>910.4</ele>
      </trkpt>
      <trkpt lat="44.09762" lon="5.30314">
        <ele>910.8</ele>
      </trkpt>
      <trkpt lat="44.09776" lon="5.3032">
        <ele>910.6</ele>
      </trkpt>
      <trkpt lat="44.0978" lon="5.30323">
        <ele>910.7</ele>
      </trkpt>
      <trkpt lat="44.0979" lon="5.303289">
        <ele>910.7</ele>
      </trkpt>
      <trkpt lat="44.09805" lon="5.3034">
        <ele>910.8</ele>
      </trkpt>
      <trkpt lat="44.09833" lon="5.3036">
        <ele>911.2</ele>
      </trkpt>
      <trkpt lat="44.098529" lon="5.30377">
        <ele>913.1</ele>
      </trkpt>
      <trkpt lat="44.09864" lon="5.30384">
        <ele>913.7</ele>
      </trkpt>
      <trkpt lat="44.09868" lon="5.30386">
        <ele>913.8</ele>
      </trkpt>
      <trkpt lat="44.09876" lon="5.303899">
        <ele>914.1</ele>
      </trkpt>
      <trkpt lat="44.09881" lon="5.30392">
        <ele>914.2</ele>
      </trkpt>
      <trkpt lat="44.09885" lon="5.30393">
        <ele>914.2</ele>
      </trkpt>
      <trkpt lat="44.098909" lon="5.30392">
        <ele>914.0</ele>
      </trkpt>
      <trkpt lat="44.09896" lon="5.303899">
        <ele>913.7</ele>
      </trkpt>
      <trkpt lat="44.098999" lon="5.30386">
        <ele>913.4</ele>
      </trkpt>
      <trkpt lat="44.09904" lon="5.30381">
        <ele>913.0</ele>
      </trkpt>
      <trkpt lat="44.09907" lon="5.30375">
        <ele>912.6</ele>
      </trkpt>
      <trkpt lat="44.09917" lon="5.30354">
        <ele>911.3</ele>
      </trkpt>
      <trkpt lat="44.09921" lon="5.30344">
        <ele>911.0</ele>
      </trkpt>
      <trkpt lat="44.09928" lon="5.30331">
        <ele>910.7</ele>
      </trkpt>
      <trkpt lat="44.09932" lon="5.30318">
        <ele>910.6</ele>
      </trkpt>
      <trkpt lat="44.09935" lon="5.303079">
        <ele>910.4</ele>
      </trkpt>
      <trkpt lat="44.09937" lon="5.30299">
        <ele>910.2</ele>
      </trkpt>
      <trkpt lat="44.09941" lon="5.30282">
        <ele>909.9</ele>
      </trkpt>
      <trkpt lat="44.09944" lon="5.30271">
        <ele>909.7</ele>
      </trkpt>
      <trkpt lat="44.09948" lon="5.302609">
        <ele>909.7</ele>
      </trkpt>
      <trkpt lat="44.09954" lon="5.30251">
        <ele>909.7</ele>
      </trkpt>
      <trkpt lat="44.09964" lon="5.30236">
        <ele>909.9</ele>
      </trkpt>
      <trkpt lat="44.09973" lon="5.30228">
        <ele>910.1</ele>
      </trkpt>
      <trkpt lat="44.09979" lon="5.30222">
        <ele>910.1</ele>
      </trkpt>
      <trkpt lat="44.0999" lon="5.30218">
        <ele>910.5</ele>
      </trkpt>
      <trkpt lat="44.099939" lon="5.30216">
        <ele>910.6</ele>
      </trkpt>
      <trkpt lat="44.100029" lon="5.30215">
        <ele>910.9</ele>
      </trkpt>
      <trkpt lat="44.10013" lon="5.30217">
        <ele>910.9</ele>
      </trkpt>
      <trkpt lat="44.10023" lon="5.30222">
        <ele>911.0</ele>
      </trkpt>
      <trkpt lat="44.10026" lon="5.30224">
        <ele>911.1</ele>
      </trkpt>
      <trkpt lat="44.10035" lon="5.3023">
        <ele>911.4</ele>
      </trkpt>
      <trkpt lat="44.10042" lon="5.30236">
        <ele>911.7</ele>
      </trkpt>
      <trkpt lat="44.10048" lon="5.30243">
        <ele>912.0</ele>
      </trkpt>
      <trkpt lat="44.10057" lon="5.3025">
        <ele>912.3</ele>
      </trkpt>
      <trkpt lat="44.10063" lon="5.302539">
        <ele>912.4</ele>
      </trkpt>
      <trkpt lat="44.10069" lon="5.30256">
        <ele>912.4</ele>
      </trkpt>
      <trkpt lat="44.10074" lon="5.30255">
        <ele>912.3</ele>
      </trkpt>
      <trkpt lat="44.10081" lon="5.30246">
        <ele>911.8</ele>
      </trkpt>
      <trkpt lat="44.10084" lon="5.30239">
        <ele>911.4</ele>
      </trkpt>
      <trkpt lat="44.10085" lon="5.30236">
        <ele>911.3</ele>
      </trkpt>
      <trkpt lat="44.10086" lon="5.30202">
        <ele>909.4</ele>
      </trkpt>
      <trkpt lat="44.100879" lon="5.30184">
        <ele>908.5</ele>
      </trkpt>
      <trkpt lat="44.10093" lon="5.30166">
        <ele>908.0</ele>
      </trkpt>
      <trkpt lat="44.100969" lon="5.30151">
        <ele>907.8</ele>
      </trkpt>
      <trkpt lat="44.10104" lon="5.30129">
        <ele>907.7</ele>
      </trkpt>
      <trkpt lat="44.10109" lon="5.30111">
        <ele>907.5</ele>
      </trkpt>
      <trkpt lat="44.10113" lon="5.3009">
        <ele>907.2</ele>
      </trkpt>
      <trkpt lat="44.10124" lon="5.3">
        <ele>905.3</ele>
      </trkpt>
      <trkpt lat="44.10127" lon="5.29978">
        <ele>904.9</ele>
      </trkpt>
      <trkpt lat="44.1013" lon="5.29968">
        <ele>904.9</ele>
      </trkpt>
      <trkpt lat="44.10134" lon="5.29955">
        <ele>904.8</ele>
      </trkpt>
      <trkpt lat="44.10139" lon="5.29946">
        <ele>905.1</ele>
      </trkpt>
      <trkpt lat="44.10143" lon="5.29938">
        <ele>905.2</ele>
      </trkpt>
      <trkpt lat="44.10155" lon="5.29921">
        <ele>905.8</ele>
      </trkpt>
      <trkpt lat="44.10179" lon="5.29893">
        <ele>905.9</ele>
      </trkpt>
      <trkpt lat="44.101909" lon="5.29883">
        <ele>905.6</ele>
      </trkpt>
      <trkpt lat="44.10201" lon="5.29876">
        <ele>905.4</ele>
      </trkpt>
      <trkpt lat="44.10215" lon="5.29871">
        <ele>905.4</ele>
      </trkpt>
      <trkpt lat="44.10229" lon="5.29867">
        <ele>905.4</ele>
      </trkpt>
      <trkpt lat="44.10239" lon="5.29868">
        <ele>905.7</ele>
      </trkpt>
      <trkpt lat="44.10248" lon="5.29871">
        <ele>906.1</ele>
      </trkpt>
      <trkpt lat="44.10258" lon="5.29878">
        <ele>905.1</ele>
      </trkpt>
      <trkpt lat="44.10261" lon="5.29882">
        <ele>904.8</ele>
      </trkpt>
      <trkpt lat="44.10264" lon="5.29885">
        <ele>904.4</ele>
      </trkpt>
      <trkpt lat="44.10268" lon="5.29891">
        <ele>904.1</ele>
      </trkpt>
      <trkpt lat="44.10274" lon="5.29899">
        <ele>903.6</ele>
      </trkpt>
      <trkpt lat="44.10282" lon="5.29912">
        <ele>903.1</ele>
      </trkpt>
      <trkpt lat="44.10297" lon="5.29941">
        <ele>903.1</ele>
      </trkpt>
      <trkpt lat="44.10308" lon="5.29957">
        <ele>902.9</ele>
      </trkpt>
      <trkpt lat="44.10328" lon="5.29984">
        <ele>902.8</ele>
      </trkpt>
      <trkpt lat="44.10334" lon="5.29992">
        <ele>902.9</ele>
      </trkpt>
      <trkpt lat="44.10337" lon="5.299959">
        <ele>903.0</ele>
      </trkpt>
      <trkpt lat="44.103409" lon="5.30001">
        <ele>903.0</ele>
      </trkpt>
      <trkpt lat="44.10347" lon="5.30008">
        <ele>903.1</ele>
      </trkpt>
      <trkpt lat="44.103499" lon="5.30012">
        <ele>903.2</ele>
      </trkpt>
      <trkpt lat="44.103589" lon="5.30021">
        <ele>902.9</ele>
      </trkpt>
      <trkpt lat="44.10378" lon="5.30044">
        <ele>902.5</ele>
      </trkpt>
      <trkpt lat="44.10387" lon="5.30056">
        <ele>902.2</ele>
      </trkpt>
      <trkpt lat="44.103879" lon="5.300569">
        <ele>902.1</ele>
      </trkpt>
      <trkpt lat="44.10396" lon="5.30069">
        <ele>901.8</ele>
      </trkpt>
      <trkpt lat="44.10403" lon="5.30081">
        <ele>901.6</ele>
      </trkpt>
      <trkpt lat="44.10421" lon="5.30111">
        <ele>903.2</ele>
      </trkpt>
      <trkpt lat="44.10429" lon="5.30124">
        <ele>905.0</ele>
      </trkpt>
      <trkpt lat="44.104349" lon="5.30133">
        <ele>906.1</ele>
      </trkpt>
      <trkpt lat="44.10436" lon="5.30135">
        <ele>906.3</ele>
      </trkpt>
      <trkpt lat="44.10441" lon="5.30142">
        <ele>906.9</ele>
      </trkpt>
      <trkpt lat="44.10447" lon="5.30144">
        <ele>906.9</ele>
      </trkpt>
      <trkpt lat="44.104529" lon="5.30143">
        <ele>906.7</ele>
      </trkpt>
      <trkpt lat="44.10458" lon="5.301389">
        <ele>906.3</ele>
      </trkpt>
      <trkpt lat="44.1046" lon="5.30133">
        <ele>906.0</ele>
      </trkpt>
      <trkpt lat="44.10462" lon="5.30129">
        <ele>905.8</ele>
      </trkpt>
      <trkpt lat="44.10463" lon="5.30126">
        <ele>905.6</ele>
      </trkpt>
      <trkpt lat="44.10463" lon="5.30122">
        <ele>905.4</ele>
      </trkpt>
      <trkpt lat="44.10462" lon="5.30116">
        <ele>905.1</ele>
      </trkpt>
      <trkpt lat="44.10458" lon="5.30104">
        <ele>904.2</ele>
      </trkpt>
      <trkpt lat="44.10442" lon="5.30065">
        <ele>900.7</ele>
      </trkpt>
      <trkpt lat="44.10441" lon="5.30061">
        <ele>900.4</ele>
      </trkpt>
      <trkpt lat="44.10434" lon="5.30039">
        <ele>898.3</ele>
      </trkpt>
      <trkpt lat="44.10428" lon="5.30023">
        <ele>896.2</ele>
      </trkpt>
      <trkpt lat="44.104259" lon="5.30016">
        <ele>895.3</ele>
      </trkpt>
      <trkpt lat="44.10423" lon="5.30007">
        <ele>894.0</ele>
      </trkpt>
      <trkpt lat="44.10419" lon="5.29993">
        <ele>892.6</ele>
      </trkpt>
      <trkpt lat="44.10412" lon="5.2997">
        <ele>892.4</ele>
      </trkpt>
      <trkpt lat="44.10405" lon="5.29947">
        <ele>892.7</ele>
      </trkpt>
      <trkpt lat="44.10396" lon="5.29918">
        <ele>892.3</ele>
      </trkpt>
      <trkpt lat="44.103879" lon="5.29894">
        <ele>892.0</ele>
      </trkpt>
      <trkpt lat="44.10385" lon="5.298809">
        <ele>891.6</ele>
      </trkpt>
      <trkpt lat="44.10384" lon="5.29878">
        <ele>891.5</ele>
      </trkpt>
      <trkpt lat="44.1038" lon="5.29866">
        <ele>891.0</ele>
      </trkpt>
      <trkpt lat="44.10378" lon="5.29854">
        <ele>890.5</ele>
      </trkpt>
      <trkpt lat="44.10377" lon="5.29849">
        <ele>890.2</ele>
      </trkpt>
      <trkpt lat="44.10373" lon="5.2983">
        <ele>889.1</ele>
      </trkpt>
      <trkpt lat="44.10372" lon="5.29805">
        <ele>887.6</ele>
      </trkpt>
      <trkpt lat="44.10371" lon="5.2979">
        <ele>886.6</ele>
      </trkpt>
      <trkpt lat="44.10369" lon="5.29746">
        <ele>883.8</ele>
      </trkpt>
      <trkpt lat="44.10367" lon="5.2973">
        <ele>883.2</ele>
      </trkpt>
      <trkpt lat="44.10366" lon="5.29725">
        <ele>883.0</ele>
      </trkpt>
      <trkpt lat="44.10362" lon="5.29703">
        <ele>881.8</ele>
      </trkpt>
      <trkpt lat="44.10352" lon="5.29676">
        <ele>878.9</ele>
      </trkpt>
      <trkpt lat="44.103499" lon="5.29673">
        <ele>878.4</ele>
      </trkpt>
      <trkpt lat="44.10344" lon="5.29659">
        <ele>877.4</ele>
      </trkpt>
      <trkpt lat="44.10342" lon="5.29655">
        <ele>877.3</ele>
      </trkpt>
      <trkpt lat="44.10325" lon="5.29629">
        <ele>877.2</ele>
      </trkpt>
      <trkpt lat="44.10315" lon="5.29618">
        <ele>877.2</ele>
      </trkpt>
      <trkpt lat="44.10304" lon="5.29606">
        <ele>876.6</ele>
      </trkpt>
      <trkpt lat="44.10302" lon="5.29604">
        <ele>876.4</ele>
      </trkpt>
      <trkpt lat="44.10291" lon="5.29594">
        <ele>875.0</ele>
      </trkpt>
      <trkpt lat="44.10288" lon="5.29589">
        <ele>874.5</ele>
      </trkpt>
      <trkpt lat="44.10274" lon="5.29573">
        <ele>872.6</ele>
      </trkpt>
      <trkpt lat="44.10271" lon="5.29568">
        <ele>872.4</ele>
      </trkpt>
      <trkpt lat="44.10264" lon="5.29555">
        <ele>871.7</ele>
      </trkpt>
      <trkpt lat="44.10263" lon="5.29554">
        <ele>871.6</ele>
      </trkpt>
      <trkpt lat="44.10255" lon="5.29543">
        <ele>870.5</ele>
      </trkpt>
      <trkpt lat="44.10237" lon="5.29513">
        <ele>868.8</ele>
      </trkpt>
      <trkpt lat="44.10226" lon="5.29498">
        <ele>867.2</ele>
      </trkpt>
      <trkpt lat="44.10215" lon="5.29485">
        <ele>866.7</ele>
      </trkpt>
      <trkpt lat="44.10213" lon="5.29482">
        <ele>866.7</ele>
      </trkpt>
      <trkpt lat="44.10206" lon="5.29476">
        <ele>866.0</ele>
      </trkpt>
      <trkpt lat="44.10195" lon="5.294679">
        <ele>864.8</ele>
      </trkpt>
      <trkpt lat="44.101819" lon="5.2946">
        <ele>863.2</ele>
      </trkpt>
      <trkpt lat="44.10181" lon="5.2946">
        <ele>863.0</ele>
      </trkpt>
      <trkpt lat="44.101529" lon="5.29448">
        <ele>860.3</ele>
      </trkpt>
      <trkpt lat="44.10146" lon="5.29445">
        <ele>859.8</ele>
      </trkpt>
      <trkpt lat="44.10129" lon="5.29437">
        <ele>858.4</ele>
      </trkpt>
      <trkpt lat="44.10112" lon="5.29429">
        <ele>856.5</ele>
      </trkpt>
      <trkpt lat="44.10105" lon="5.29426">
        <ele>855.5</ele>
      </trkpt>
      <trkpt lat="44.10082" lon="5.29413">
        <ele>852.4</ele>
      </trkpt>
      <trkpt lat="44.10079" lon="5.2941">
        <ele>852.7</ele>
      </trkpt>
      <trkpt lat="44.10066" lon="5.29396">
        <ele>853.5</ele>
      </trkpt>
      <trkpt lat="44.10052" lon="5.29377">
        <ele>853.3</ele>
      </trkpt>
      <trkpt lat="44.10048" lon="5.29371">
        <ele>853.1</ele>
      </trkpt>
      <trkpt lat="44.1004" lon="5.29359">
        <ele>852.1</ele>
      </trkpt>
      <trkpt lat="44.10031" lon="5.293459">
        <ele>850.5</ele>
      </trkpt>
      <trkpt lat="44.10023" lon="5.29333">
        <ele>848.4</ele>
      </trkpt>
      <trkpt lat="44.10011" lon="5.29312">
        <ele>847.1</ele>
      </trkpt>
      <trkpt lat="44.1" lon="5.29287">
        <ele>845.1</ele>
      </trkpt>
      <trkpt lat="44.09984" lon="5.29251">
        <ele>847.0</ele>
      </trkpt>
      <trkpt lat="44.0998" lon="5.29238">
        <ele>846.8</ele>
      </trkpt>
      <trkpt lat="44.09979" lon="5.29236">
        <ele>846.8</ele>
      </trkpt>
      <trkpt lat="44.0997" lon="5.29206">
        <ele>846.1</ele>
      </trkpt>
      <trkpt lat="44.09967" lon="5.29189">
        <ele>845.5</ele>
      </trkpt>
      <trkpt lat="44.09963" lon="5.29167">
        <ele>844.6</ele>
      </trkpt>
      <trkpt lat="44.09961" lon="5.291419">
        <ele>843.0</ele>
      </trkpt>
      <trkpt lat="44.09961" lon="5.29139">
        <ele>842.9</ele>
      </trkpt>
      <trkpt lat="44.09962" lon="5.29128">
        <ele>842.2</ele>
      </trkpt>
      <trkpt lat="44.099649" lon="5.291019">
        <ele>840.6</ele>
      </trkpt>
      <trkpt lat="44.09971" lon="5.2905">
        <ele>836.6</ele>
      </trkpt>
      <trkpt lat="44.09972" lon="5.2904">
        <ele>835.7</ele>
      </trkpt>
      <trkpt lat="44.09974" lon="5.29026">
        <ele>834.4</ele>
      </trkpt>
      <trkpt lat="44.09976" lon="5.29016">
        <ele>833.4</ele>
      </trkpt>
      <trkpt lat="44.0998" lon="5.28997">
        <ele>831.4</ele>
      </trkpt>
      <trkpt lat="44.09981" lon="5.28992">
        <ele>830.9</ele>
      </trkpt>
      <trkpt lat="44.09984" lon="5.28974">
        <ele>829.0</ele>
      </trkpt>
      <trkpt lat="44.09996" lon="5.2892">
        <ele>822.0</ele>
      </trkpt>
      <trkpt lat="44.09997" lon="5.28916">
        <ele>821.4</ele>
      </trkpt>
      <trkpt lat="44.10002" lon="5.28896">
        <ele>820.0</ele>
      </trkpt>
      <trkpt lat="44.10004" lon="5.28888">
        <ele>820.0</ele>
      </trkpt>
      <trkpt lat="44.10008" lon="5.28872">
        <ele>819.9</ele>
      </trkpt>
      <trkpt lat="44.1001" lon="5.28864">
        <ele>819.9</ele>
      </trkpt>
      <trkpt lat="44.10014" lon="5.28849">
        <ele>819.9</ele>
      </trkpt>
      <trkpt lat="44.10016" lon="5.28838">
        <ele>819.6</ele>
      </trkpt>
      <trkpt lat="44.1002" lon="5.28826">
        <ele>820.1</ele>
      </trkpt>
      <trkpt lat="44.10021" lon="5.28825">
        <ele>820.4</ele>
      </trkpt>
      <trkpt lat="44.10022" lon="5.2881">
        <ele>819.9</ele>
      </trkpt>
      <trkpt lat="44.10025" lon="5.28794">
        <ele>820.0</ele>
      </trkpt>
      <trkpt lat="44.10026" lon="5.28782">
        <ele>819.7</ele>
      </trkpt>
      <trkpt lat="44.10026" lon="5.287759">
        <ele>819.4</ele>
      </trkpt>
      <trkpt lat="44.10026" lon="5.28763">
        <ele>818.7</ele>
      </trkpt>
      <trkpt lat="44.10024" lon="5.28752">
        <ele>817.5</ele>
      </trkpt>
      <trkpt lat="44.10022" lon="5.2874">
        <ele>816.9</ele>
      </trkpt>
      <trkpt lat="44.10013" lon="5.28711">
        <ele>814.5</ele>
      </trkpt>
      <trkpt lat="44.10011" lon="5.28705">
        <ele>814.0</ele>
      </trkpt>
      <trkpt lat="44.10011" lon="5.28704">
        <ele>814.0</ele>
      </trkpt>
      <trkpt lat="44.10002" lon="5.28683">
        <ele>811.3</ele>
      </trkpt>
      <trkpt lat="44.10001" lon="5.2868">
        <ele>811.0</ele>
      </trkpt>
      <trkpt lat="44.09993" lon="5.28662">
        <ele>810.9</ele>
      </trkpt>
      <trkpt lat="44.09991" lon="5.28658">
        <ele>811.0</ele>
      </trkpt>
      <trkpt lat="44.09983" lon="5.28641">
        <ele>811.2</ele>
      </trkpt>
      <trkpt lat="44.09982" lon="5.28637">
        <ele>811.2</ele>
      </trkpt>
      <trkpt lat="44.09968" lon="5.286069">
        <ele>809.8</ele>
      </trkpt>
      <trkpt lat="44.09964" lon="5.28598">
        <ele>809.0</ele>
      </trkpt>
      <trkpt lat="44.09936" lon="5.28534">
        <ele>804.3</ele>
      </trkpt>
      <trkpt lat="44.09927" lon="5.28518">
        <ele>802.8</ele>
      </trkpt>
      <trkpt lat="44.09925" lon="5.28514">
        <ele>802.5</ele>
      </trkpt>
      <trkpt lat="44.09915" lon="5.28494">
        <ele>801.4</ele>
      </trkpt>
      <trkpt lat="44.0991" lon="5.28484">
        <ele>801.9</ele>
      </trkpt>
      <trkpt lat="44.098999" lon="5.28472">
        <ele>801.8</ele>
      </trkpt>
      <trkpt lat="44.09888" lon="5.28462">
        <ele>801.4</ele>
      </trkpt>
      <trkpt lat="44.09877" lon="5.28454">
        <ele>800.9</ele>
      </trkpt>
      <trkpt lat="44.09872" lon="5.28451">
        <ele>800.6</ele>
      </trkpt>
      <trkpt lat="44.09867" lon="5.28448">
        <ele>800.4</ele>
      </trkpt>
      <trkpt lat="44.09845" lon="5.28433">
        <ele>799.8</ele>
      </trkpt>
      <trkpt lat="44.09832" lon="5.28426">
        <ele>799.2</ele>
      </trkpt>
      <trkpt lat="44.09813" lon="5.28415">
        <ele>797.2</ele>
      </trkpt>
      <trkpt lat="44.09803" lon="5.28406">
        <ele>795.6</ele>
      </trkpt>
      <trkpt lat="44.09795" lon="5.28395">
        <ele>794.6</ele>
      </trkpt>
      <trkpt lat="44.09787" lon="5.28382">
        <ele>793.9</ele>
      </trkpt>
      <trkpt lat="44.09782" lon="5.28365">
        <ele>793.9</ele>
      </trkpt>
      <trkpt lat="44.09779" lon="5.28352">
        <ele>794.1</ele>
      </trkpt>
      <trkpt lat="44.09779" lon="5.2834">
        <ele>794.8</ele>
      </trkpt>
      <trkpt lat="44.09778" lon="5.28337">
        <ele>794.8</ele>
      </trkpt>
      <trkpt lat="44.09779" lon="5.28325">
        <ele>794.8</ele>
      </trkpt>
      <trkpt lat="44.09779" lon="5.2831">
        <ele>794.2</ele>
      </trkpt>
      <trkpt lat="44.09781" lon="5.28296">
        <ele>793.9</ele>
      </trkpt>
      <trkpt lat="44.09784" lon="5.28284">
        <ele>793.7</ele>
      </trkpt>
      <trkpt lat="44.09785" lon="5.2828">
        <ele>793.7</ele>
      </trkpt>
      <trkpt lat="44.09791" lon="5.28271">
        <ele>793.9</ele>
      </trkpt>
      <trkpt lat="44.09796" lon="5.28261">
        <ele>794.0</ele>
      </trkpt>
      <trkpt lat="44.09811" lon="5.28245">
        <ele>794.4</ele>
      </trkpt>
      <trkpt lat="44.09826" lon="5.28233">
        <ele>794.7</ele>
      </trkpt>
      <trkpt lat="44.09841" lon="5.282199">
        <ele>794.5</ele>
      </trkpt>
      <trkpt lat="44.09854" lon="5.28209">
        <ele>793.9</ele>
      </trkpt>
      <trkpt lat="44.09856" lon="5.28206">
        <ele>793.7</ele>
      </trkpt>
      <trkpt lat="44.09916" lon="5.28151">
        <ele>790.1</ele>
      </trkpt>
      <trkpt lat="44.099179" lon="5.2815">
        <ele>790.1</ele>
      </trkpt>
      <trkpt lat="44.09931" lon="5.28136">
        <ele>789.1</ele>
      </trkpt>
      <trkpt lat="44.09943" lon="5.28124">
        <ele>788.1</ele>
      </trkpt>
      <trkpt lat="44.09946" lon="5.28122">
        <ele>788.0</ele>
      </trkpt>
      <trkpt lat="44.099649" lon="5.28103">
        <ele>786.4</ele>
      </trkpt>
      <trkpt lat="44.09976" lon="5.28094">
        <ele>785.6</ele>
      </trkpt>
      <trkpt lat="44.09985" lon="5.28086">
        <ele>784.8</ele>
      </trkpt>
      <trkpt lat="44.09998" lon="5.28076">
        <ele>783.8</ele>
      </trkpt>
      <trkpt lat="44.10007" lon="5.28067">
        <ele>782.6</ele>
      </trkpt>
      <trkpt lat="44.10013" lon="5.28062">
        <ele>781.9</ele>
      </trkpt>
      <trkpt lat="44.10022" lon="5.28055">
        <ele>781.0</ele>
      </trkpt>
      <trkpt lat="44.10037" lon="5.28043">
        <ele>779.6</ele>
      </trkpt>
      <trkpt lat="44.10053" lon="5.2803">
        <ele>778.1</ele>
      </trkpt>
      <trkpt lat="44.10084" lon="5.28005">
        <ele>775.7</ele>
      </trkpt>
      <trkpt lat="44.10093" lon="5.27998">
        <ele>775.0</ele>
      </trkpt>
      <trkpt lat="44.10107" lon="5.27988">
        <ele>774.5</ele>
      </trkpt>
      <trkpt lat="44.10116" lon="5.27982">
        <ele>774.2</ele>
      </trkpt>
      <trkpt lat="44.10127" lon="5.279759">
        <ele>773.9</ele>
      </trkpt>
      <trkpt lat="44.101439" lon="5.27967">
        <ele>773.6</ele>
      </trkpt>
      <trkpt lat="44.10156" lon="5.27962">
        <ele>773.5</ele>
      </trkpt>
      <trkpt lat="44.10168" lon="5.27959">
        <ele>773.6</ele>
      </trkpt>
      <trkpt lat="44.10178" lon="5.2796">
        <ele>773.7</ele>
      </trkpt>
      <trkpt lat="44.10179" lon="5.27961">
        <ele>773.8</ele>
      </trkpt>
      <trkpt lat="44.10186" lon="5.27964">
        <ele>774.1</ele>
      </trkpt>
      <trkpt lat="44.10198" lon="5.27973">
        <ele>774.8</ele>
      </trkpt>
      <trkpt lat="44.10207" lon="5.27979">
        <ele>775.2</ele>
      </trkpt>
      <trkpt lat="44.102089" lon="5.2798">
        <ele>775.3</ele>
      </trkpt>
      <trkpt lat="44.10212" lon="5.27981">
        <ele>775.4</ele>
      </trkpt>
      <trkpt lat="44.10213" lon="5.27981">
        <ele>775.4</ele>
      </trkpt>
      <trkpt lat="44.10216" lon="5.27981">
        <ele>775.5</ele>
      </trkpt>
      <trkpt lat="44.10219" lon="5.27981">
        <ele>775.5</ele>
      </trkpt>
      <trkpt lat="44.10222" lon="5.27978">
        <ele>775.3</ele>
      </trkpt>
      <trkpt lat="44.10228" lon="5.27972">
        <ele>775.1</ele>
      </trkpt>
      <trkpt lat="44.10229" lon="5.2797">
        <ele>774.9</ele>
      </trkpt>
      <trkpt lat="44.1023" lon="5.27962">
        <ele>774.5</ele>
      </trkpt>
      <trkpt lat="44.1023" lon="5.27956">
        <ele>774.1</ele>
      </trkpt>
      <trkpt lat="44.10229" lon="5.27949">
        <ele>773.7</ele>
      </trkpt>
      <trkpt lat="44.10221" lon="5.27904">
        <ele>770.8</ele>
      </trkpt>
      <trkpt lat="44.1022" lon="5.2789">
        <ele>769.9</ele>
      </trkpt>
      <trkpt lat="44.1022" lon="5.27883">
        <ele>769.5</ele>
      </trkpt>
      <trkpt lat="44.10221" lon="5.27877">
        <ele>769.1</ele>
      </trkpt>
      <trkpt lat="44.10222" lon="5.27871">
        <ele>768.7</ele>
      </trkpt>
      <trkpt lat="44.10223" lon="5.27863">
        <ele>768.2</ele>
      </trkpt>
      <trkpt lat="44.10228" lon="5.27846">
        <ele>767.3</ele>
      </trkpt>
      <trkpt lat="44.10231" lon="5.27836">
        <ele>766.7</ele>
      </trkpt>
      <trkpt lat="44.10242" lon="5.278069">
        <ele>765.0</ele>
      </trkpt>
      <trkpt lat="44.10252" lon="5.27787">
        <ele>763.7</ele>
      </trkpt>
      <trkpt lat="44.102559" lon="5.27782">
        <ele>763.5</ele>
      </trkpt>
      <trkpt lat="44.10265" lon="5.27767">
        <ele>762.8</ele>
      </trkpt>
      <trkpt lat="44.10276" lon="5.277529">
        <ele>762.2</ele>
      </trkpt>
      <trkpt lat="44.10297" lon="5.27734">
        <ele>761.2</ele>
      </trkpt>
      <trkpt lat="44.10309" lon="5.27724">
        <ele>760.7</ele>
      </trkpt>
      <trkpt lat="44.10326" lon="5.27715">
        <ele>760.4</ele>
      </trkpt>
      <trkpt lat="44.1034" lon="5.27712">
        <ele>760.7</ele>
      </trkpt>
      <trkpt lat="44.10352" lon="5.27711">
        <ele>761.1</ele>
      </trkpt>
      <trkpt lat="44.10361" lon="5.27711">
        <ele>761.5</ele>
      </trkpt>
      <trkpt lat="44.10365" lon="5.27711">
        <ele>761.7</ele>
      </trkpt>
      <trkpt lat="44.10366" lon="5.2771">
        <ele>761.7</ele>
      </trkpt>
      <trkpt lat="44.10371" lon="5.27708">
        <ele>761.8</ele>
      </trkpt>
      <trkpt lat="44.10376" lon="5.27702">
        <ele>761.6</ele>
      </trkpt>
      <trkpt lat="44.1038" lon="5.27697">
        <ele>761.5</ele>
      </trkpt>
      <trkpt lat="44.10382" lon="5.27682">
        <ele>760.5</ele>
      </trkpt>
      <trkpt lat="44.10382" lon="5.27674">
        <ele>760.0</ele>
      </trkpt>
      <trkpt lat="44.10377" lon="5.27649">
        <ele>758.4</ele>
      </trkpt>
      <trkpt lat="44.10376" lon="5.27642">
        <ele>758.1</ele>
      </trkpt>
      <trkpt lat="44.10365" lon="5.27573">
        <ele>753.6</ele>
      </trkpt>
      <trkpt lat="44.10363" lon="5.27558">
        <ele>752.7</ele>
      </trkpt>
      <trkpt lat="44.10361" lon="5.27541">
        <ele>751.8</ele>
      </trkpt>
      <trkpt lat="44.1036" lon="5.27521">
        <ele>750.9</ele>
      </trkpt>
      <trkpt lat="44.1036" lon="5.27507">
        <ele>750.4</ele>
      </trkpt>
      <trkpt lat="44.10363" lon="5.27479">
        <ele>748.6</ele>
      </trkpt>
      <trkpt lat="44.10364" lon="5.27476">
        <ele>748.5</ele>
      </trkpt>
      <trkpt lat="44.10366" lon="5.2746">
        <ele>747.2</ele>
      </trkpt>
      <trkpt lat="44.10371" lon="5.27444">
        <ele>746.3</ele>
      </trkpt>
      <trkpt lat="44.10378" lon="5.27428">
        <ele>745.5</ele>
      </trkpt>
      <trkpt lat="44.10387" lon="5.27411">
        <ele>744.8</ele>
      </trkpt>
      <trkpt lat="44.103879" lon="5.2741">
        <ele>744.8</ele>
      </trkpt>
      <trkpt lat="44.10393" lon="5.27401">
        <ele>744.4</ele>
      </trkpt>
      <trkpt lat="44.10402" lon="5.2739">
        <ele>744.0</ele>
      </trkpt>
      <trkpt lat="44.10418" lon="5.27375">
        <ele>743.6</ele>
      </trkpt>
      <trkpt lat="44.10433" lon="5.2736">
        <ele>742.2</ele>
      </trkpt>
      <trkpt lat="44.10442" lon="5.27352">
        <ele>741.5</ele>
      </trkpt>
      <trkpt lat="44.10445" lon="5.2735">
        <ele>741.4</ele>
      </trkpt>
      <trkpt lat="44.10451" lon="5.27344">
        <ele>740.8</ele>
      </trkpt>
      <trkpt lat="44.10459" lon="5.27338">
        <ele>740.2</ele>
      </trkpt>
      <trkpt lat="44.10474" lon="5.27329">
        <ele>739.5</ele>
      </trkpt>
      <trkpt lat="44.10477" lon="5.27329">
        <ele>739.6</ele>
      </trkpt>
      <trkpt lat="44.10493" lon="5.27327">
        <ele>739.9</ele>
      </trkpt>
      <trkpt lat="44.10495" lon="5.27328">
        <ele>740.1</ele>
      </trkpt>
      <trkpt lat="44.10506" lon="5.2733">
        <ele>741.0</ele>
      </trkpt>
      <trkpt lat="44.10513" lon="5.27332">
        <ele>741.8</ele>
      </trkpt>
      <trkpt lat="44.10516" lon="5.27334">
        <ele>742.2</ele>
      </trkpt>
      <trkpt lat="44.10527" lon="5.2734">
        <ele>743.9</ele>
      </trkpt>
      <trkpt lat="44.105289" lon="5.27341">
        <ele>744.1</ele>
      </trkpt>
      <trkpt lat="44.105379" lon="5.27345">
        <ele>745.2</ele>
      </trkpt>
      <trkpt lat="44.10543" lon="5.27346">
        <ele>745.7</ele>
      </trkpt>
      <trkpt lat="44.105469" lon="5.27345">
        <ele>745.8</ele>
      </trkpt>
      <trkpt lat="44.10551" lon="5.27341">
        <ele>745.6</ele>
      </trkpt>
      <trkpt lat="44.10554" lon="5.27336">
        <ele>745.2</ele>
      </trkpt>
      <trkpt lat="44.105559" lon="5.27332">
        <ele>744.9</ele>
      </trkpt>
      <trkpt lat="44.10558" lon="5.273259">
        <ele>744.5</ele>
      </trkpt>
      <trkpt lat="44.10559" lon="5.27318">
        <ele>743.9</ele>
      </trkpt>
      <trkpt lat="44.1056" lon="5.27307">
        <ele>743.0</ele>
      </trkpt>
      <trkpt lat="44.10559" lon="5.2729">
        <ele>741.4</ele>
      </trkpt>
      <trkpt lat="44.10559" lon="5.27254">
        <ele>738.1</ele>
      </trkpt>
      <trkpt lat="44.10559" lon="5.272509">
        <ele>737.9</ele>
      </trkpt>
      <trkpt lat="44.1056" lon="5.27239">
        <ele>737.0</ele>
      </trkpt>
      <trkpt lat="44.10561" lon="5.27226">
        <ele>736.1</ele>
      </trkpt>
      <trkpt lat="44.10562" lon="5.27219">
        <ele>735.7</ele>
      </trkpt>
      <trkpt lat="44.10566" lon="5.27189">
        <ele>733.9</ele>
      </trkpt>
      <trkpt lat="44.10569" lon="5.27177">
        <ele>733.4</ele>
      </trkpt>
      <trkpt lat="44.10571" lon="5.27163">
        <ele>732.5</ele>
      </trkpt>
      <trkpt lat="44.105759" lon="5.27142">
        <ele>730.8</ele>
      </trkpt>
      <trkpt lat="44.10579" lon="5.27128">
        <ele>729.7</ele>
      </trkpt>
      <trkpt lat="44.10583" lon="5.271149">
        <ele>728.7</ele>
      </trkpt>
      <trkpt lat="44.10587" lon="5.27106">
        <ele>728.1</ele>
      </trkpt>
      <trkpt lat="44.1059" lon="5.271">
        <ele>727.6</ele>
      </trkpt>
      <trkpt lat="44.10597" lon="5.27086">
        <ele>726.5</ele>
      </trkpt>
      <trkpt lat="44.10604" lon="5.27076">
        <ele>725.5</ele>
      </trkpt>
      <trkpt lat="44.1061" lon="5.27069">
        <ele>724.8</ele>
      </trkpt>
      <trkpt lat="44.10615" lon="5.27065">
        <ele>724.6</ele>
      </trkpt>
      <trkpt lat="44.10626" lon="5.27057">
        <ele>724.2</ele>
      </trkpt>
      <trkpt lat="44.10639" lon="5.27049">
        <ele>723.9</ele>
      </trkpt>
      <trkpt lat="44.1066" lon="5.27042">
        <ele>724.5</ele>
      </trkpt>
      <trkpt lat="44.10666" lon="5.2704">
        <ele>724.7</ele>
      </trkpt>
      <trkpt lat="44.10678" lon="5.27038">
        <ele>724.7</ele>
      </trkpt>
      <trkpt lat="44.10686" lon="5.27036">
        <ele>724.7</ele>
      </trkpt>
      <trkpt lat="44.10696" lon="5.27034">
        <ele>724.7</ele>
      </trkpt>
      <trkpt lat="44.10707" lon="5.27032">
        <ele>724.8</ele>
      </trkpt>
      <trkpt lat="44.10719" lon="5.27029">
        <ele>724.7</ele>
      </trkpt>
      <trkpt lat="44.10736" lon="5.27023">
        <ele>724.5</ele>
      </trkpt>
      <trkpt lat="44.107439" lon="5.27018">
        <ele>724.1</ele>
      </trkpt>
      <trkpt lat="44.1075" lon="5.27012">
        <ele>723.6</ele>
      </trkpt>
      <trkpt lat="44.10758" lon="5.27004">
        <ele>723.4</ele>
      </trkpt>
      <trkpt lat="44.10761" lon="5.26999">
        <ele>723.2</ele>
      </trkpt>
      <trkpt lat="44.10763" lon="5.26994">
        <ele>723.6</ele>
      </trkpt>
      <trkpt lat="44.10764" lon="5.2699">
        <ele>723.8</ele>
      </trkpt>
      <trkpt lat="44.10764" lon="5.26986">
        <ele>723.9</ele>
      </trkpt>
      <trkpt lat="44.10765" lon="5.26982">
        <ele>724.1</ele>
      </trkpt>
      <trkpt lat="44.10764" lon="5.26978">
        <ele>724.1</ele>
      </trkpt>
      <trkpt lat="44.1076" lon="5.2697">
        <ele>723.8</ele>
      </trkpt>
      <trkpt lat="44.107529" lon="5.26961">
        <ele>723.3</ele>
      </trkpt>
      <trkpt lat="44.10741" lon="5.26947">
        <ele>722.1</ele>
      </trkpt>
      <trkpt lat="44.10737" lon="5.26941">
        <ele>721.6</ele>
      </trkpt>
      <trkpt lat="44.10723" lon="5.26925">
        <ele>719.3</ele>
      </trkpt>
      <trkpt lat="44.10712" lon="5.26912">
        <ele>717.3</ele>
      </trkpt>
      <trkpt lat="44.10699" lon="5.26896">
        <ele>715.3</ele>
      </trkpt>
      <trkpt lat="44.10696" lon="5.268919">
        <ele>714.9</ele>
      </trkpt>
      <trkpt lat="44.10692" lon="5.26886">
        <ele>714.3</ele>
      </trkpt>
      <trkpt lat="44.10687" lon="5.26876">
        <ele>713.6</ele>
      </trkpt>
      <trkpt lat="44.10685" lon="5.26872">
        <ele>713.4</ele>
      </trkpt>
      <trkpt lat="44.1068" lon="5.26863">
        <ele>712.7</ele>
      </trkpt>
      <trkpt lat="44.10675" lon="5.26852">
        <ele>712.1</ele>
      </trkpt>
      <trkpt lat="44.10675" lon="5.26851">
        <ele>712.1</ele>
      </trkpt>
      <trkpt lat="44.106699" lon="5.26842">
        <ele>711.4</ele>
      </trkpt>
      <trkpt lat="44.10667" lon="5.26833">
        <ele>711.1</ele>
      </trkpt>
      <trkpt lat="44.10666" lon="5.2683">
        <ele>710.9</ele>
      </trkpt>
      <trkpt lat="44.10663" lon="5.268239">
        <ele>710.2</ele>
      </trkpt>
      <trkpt lat="44.1066" lon="5.26815">
        <ele>709.6</ele>
      </trkpt>
      <trkpt lat="44.10656" lon="5.26808">
        <ele>708.7</ele>
      </trkpt>
      <trkpt lat="44.10656" lon="5.26807">
        <ele>708.7</ele>
      </trkpt>
      <trkpt lat="44.10652" lon="5.26798">
        <ele>707.8</ele>
      </trkpt>
      <trkpt lat="44.10649" lon="5.26789">
        <ele>707.2</ele>
      </trkpt>
      <trkpt lat="44.10648" lon="5.26786">
        <ele>707.0</ele>
      </trkpt>
      <trkpt lat="44.10646" lon="5.26781">
        <ele>706.5</ele>
      </trkpt>
      <trkpt lat="44.10643" lon="5.26771">
        <ele>705.9</ele>
      </trkpt>
      <trkpt lat="44.106409" lon="5.267629">
        <ele>705.4</ele>
      </trkpt>
      <trkpt lat="44.106409" lon="5.26762">
        <ele>705.4</ele>
      </trkpt>
      <trkpt lat="44.10638" lon="5.26743">
        <ele>704.5</ele>
      </trkpt>
      <trkpt lat="44.10635" lon="5.26724">
        <ele>703.1</ele>
      </trkpt>
      <trkpt lat="44.10633" lon="5.26704">
        <ele>701.9</ele>
      </trkpt>
      <trkpt lat="44.106319" lon="5.26694">
        <ele>701.3</ele>
      </trkpt>
      <trkpt lat="44.106319" lon="5.26689">
        <ele>701.1</ele>
      </trkpt>
      <trkpt lat="44.10631" lon="5.26685">
        <ele>700.8</ele>
      </trkpt>
      <trkpt lat="44.10631" lon="5.26675">
        <ele>700.4</ele>
      </trkpt>
      <trkpt lat="44.1063" lon="5.26666">
        <ele>699.9</ele>
      </trkpt>
      <trkpt lat="44.1063" lon="5.26656">
        <ele>699.6</ele>
      </trkpt>
      <trkpt lat="44.1063" lon="5.26646">
        <ele>699.2</ele>
      </trkpt>
      <trkpt lat="44.1063" lon="5.26637">
        <ele>698.9</ele>
      </trkpt>
      <trkpt lat="44.10631" lon="5.26628">
        <ele>698.8</ele>
      </trkpt>
      <trkpt lat="44.10634" lon="5.26609">
        <ele>698.5</ele>
      </trkpt>
      <trkpt lat="44.10637" lon="5.2659">
        <ele>698.1</ele>
      </trkpt>
      <trkpt lat="44.106409" lon="5.26572">
        <ele>697.6</ele>
      </trkpt>
      <trkpt lat="44.10642" lon="5.265659">
        <ele>697.4</ele>
      </trkpt>
      <trkpt lat="44.10643" lon="5.26563">
        <ele>697.3</ele>
      </trkpt>
      <trkpt lat="44.10645" lon="5.26555">
        <ele>697.1</ele>
      </trkpt>
      <trkpt lat="44.10648" lon="5.26546">
        <ele>696.8</ele>
      </trkpt>
      <trkpt lat="44.10649" lon="5.26543">
        <ele>696.7</ele>
      </trkpt>
      <trkpt lat="44.10651" lon="5.26538">
        <ele>696.6</ele>
      </trkpt>
      <trkpt lat="44.10654" lon="5.2653">
        <ele>696.3</ele>
      </trkpt>
      <trkpt lat="44.10657" lon="5.26522">
        <ele>696.0</ele>
      </trkpt>
      <trkpt lat="44.10658" lon="5.26521">
        <ele>696.0</ele>
      </trkpt>
      <trkpt lat="44.10661" lon="5.26515">
        <ele>695.7</ele>
      </trkpt>
      <trkpt lat="44.10665" lon="5.26509">
        <ele>695.6</ele>
      </trkpt>
      <trkpt lat="44.10669" lon="5.26502">
        <ele>695.2</ele>
      </trkpt>
      <trkpt lat="44.10673" lon="5.26495">
        <ele>694.8</ele>
      </trkpt>
      <trkpt lat="44.10677" lon="5.26489">
        <ele>694.5</ele>
      </trkpt>
      <trkpt lat="44.10682" lon="5.26482">
        <ele>694.1</ele>
      </trkpt>
      <trkpt lat="44.106879" lon="5.264719">
        <ele>693.5</ele>
      </trkpt>
      <trkpt lat="44.1069" lon="5.26469">
        <ele>693.3</ele>
      </trkpt>
      <trkpt lat="44.10699" lon="5.26457">
        <ele>692.8</ele>
      </trkpt>
      <trkpt lat="44.10703" lon="5.26452">
        <ele>692.5</ele>
      </trkpt>
      <trkpt lat="44.10715" lon="5.26438">
        <ele>692.0</ele>
      </trkpt>
      <trkpt lat="44.10722" lon="5.26431">
        <ele>691.7</ele>
      </trkpt>
      <trkpt lat="44.10725" lon="5.26427">
        <ele>691.6</ele>
      </trkpt>
      <trkpt lat="44.10728" lon="5.26423">
        <ele>691.4</ele>
      </trkpt>
      <trkpt lat="44.1073" lon="5.2642">
        <ele>691.3</ele>
      </trkpt>
      <trkpt lat="44.10732" lon="5.26415">
        <ele>691.1</ele>
      </trkpt>
      <trkpt lat="44.10733" lon="5.264109">
        <ele>691.1</ele>
      </trkpt>
      <trkpt lat="44.10734" lon="5.26406">
        <ele>691.1</ele>
      </trkpt>
      <trkpt lat="44.10733" lon="5.26401">
        <ele>690.9</ele>
      </trkpt>
      <trkpt lat="44.10733" lon="5.26399">
        <ele>690.9</ele>
      </trkpt>
      <trkpt lat="44.10732" lon="5.26396">
        <ele>690.8</ele>
      </trkpt>
      <trkpt lat="44.10729" lon="5.26391">
        <ele>690.5</ele>
      </trkpt>
      <trkpt lat="44.107259" lon="5.26386">
        <ele>690.3</ele>
      </trkpt>
      <trkpt lat="44.10721" lon="5.26381">
        <ele>689.9</ele>
      </trkpt>
      <trkpt lat="44.1072" lon="5.26381">
        <ele>689.8</ele>
      </trkpt>
      <trkpt lat="44.10715" lon="5.26376">
        <ele>689.4</ele>
      </trkpt>
      <trkpt lat="44.10709" lon="5.26372">
        <ele>689.0</ele>
      </trkpt>
      <trkpt lat="44.10695" lon="5.26363">
        <ele>687.9</ele>
      </trkpt>
      <trkpt lat="44.10674" lon="5.26348">
        <ele>686.0</ele>
      </trkpt>
      <trkpt lat="44.10672" lon="5.26347">
        <ele>685.9</ele>
      </trkpt>
      <trkpt lat="44.1066" lon="5.26338">
        <ele>684.7</ele>
      </trkpt>
      <trkpt lat="44.10657" lon="5.26335">
        <ele>684.4</ele>
      </trkpt>
      <trkpt lat="44.10638" lon="5.26321">
        <ele>683.2</ele>
      </trkpt>
      <trkpt lat="44.10618" lon="5.26303">
        <ele>682.0</ele>
      </trkpt>
      <trkpt lat="44.10597" lon="5.26285">
        <ele>680.7</ele>
      </trkpt>
      <trkpt lat="44.10591" lon="5.26279">
        <ele>680.3</ele>
      </trkpt>
      <trkpt lat="44.10577" lon="5.26267">
        <ele>678.9</ele>
      </trkpt>
      <trkpt lat="44.10571" lon="5.26262">
        <ele>678.1</ele>
      </trkpt>
      <trkpt lat="44.10552" lon="5.26245">
        <ele>675.2</ele>
      </trkpt>
      <trkpt lat="44.10549" lon="5.26243">
        <ele>674.8</ele>
      </trkpt>
      <trkpt lat="44.10539" lon="5.26235">
        <ele>673.4</ele>
      </trkpt>
      <trkpt lat="44.10533" lon="5.26229">
        <ele>672.5</ele>
      </trkpt>
      <trkpt lat="44.10527" lon="5.26224">
        <ele>671.6</ele>
      </trkpt>
      <trkpt lat="44.10521" lon="5.26218">
        <ele>670.8</ele>
      </trkpt>
      <trkpt lat="44.10519" lon="5.26216">
        <ele>670.5</ele>
      </trkpt>
      <trkpt lat="44.10515" lon="5.26212">
        <ele>669.9</ele>
      </trkpt>
      <trkpt lat="44.1051" lon="5.26205">
        <ele>669.2</ele>
      </trkpt>
      <trkpt lat="44.10506" lon="5.26198">
        <ele>668.6</ele>
      </trkpt>
      <trkpt lat="44.10502" lon="5.2619">
        <ele>668.1</ele>
      </trkpt>
      <trkpt lat="44.10498" lon="5.26182">
        <ele>667.3</ele>
      </trkpt>
      <trkpt lat="44.10496" lon="5.26178">
        <ele>666.8</ele>
      </trkpt>
      <trkpt lat="44.1049" lon="5.26165">
        <ele>665.3</ele>
      </trkpt>
      <trkpt lat="44.10483" lon="5.26147">
        <ele>663.7</ele>
      </trkpt>
      <trkpt lat="44.1048" lon="5.26137">
        <ele>663.1</ele>
      </trkpt>
      <trkpt lat="44.10479" lon="5.26134">
        <ele>662.9</ele>
      </trkpt>
      <trkpt lat="44.10473" lon="5.26119">
        <ele>661.5</ele>
      </trkpt>
      <trkpt lat="44.10471" lon="5.26112">
        <ele>661.1</ele>
      </trkpt>
      <trkpt lat="44.10467" lon="5.26101">
        <ele>660.2</ele>
      </trkpt>
      <trkpt lat="44.10464" lon="5.260919">
        <ele>659.5</ele>
      </trkpt>
      <trkpt lat="44.1046" lon="5.26083">
        <ele>658.5</ele>
      </trkpt>
      <trkpt lat="44.10457" lon="5.26075">
        <ele>658.1</ele>
      </trkpt>
      <trkpt lat="44.104529" lon="5.26066">
        <ele>657.5</ele>
      </trkpt>
      <trkpt lat="44.10448" lon="5.26057">
        <ele>656.8</ele>
      </trkpt>
      <trkpt lat="44.104439" lon="5.26049">
        <ele>656.4</ele>
      </trkpt>
      <trkpt lat="44.10443" lon="5.26047">
        <ele>656.3</ele>
      </trkpt>
      <trkpt lat="44.10433" lon="5.26027">
        <ele>655.6</ele>
      </trkpt>
      <trkpt lat="44.10427" lon="5.260169">
        <ele>655.3</ele>
      </trkpt>
      <trkpt lat="44.10422" lon="5.26007">
        <ele>655.3</ele>
      </trkpt>
      <trkpt lat="44.10411" lon="5.25987">
        <ele>654.3</ele>
      </trkpt>
      <trkpt lat="44.104059" lon="5.259769">
        <ele>653.7</ele>
      </trkpt>
      <trkpt lat="44.10393" lon="5.25953">
        <ele>652.0</ele>
      </trkpt>
      <trkpt lat="44.1039" lon="5.25946">
        <ele>651.7</ele>
      </trkpt>
      <trkpt lat="44.1039" lon="5.25945">
        <ele>651.7</ele>
      </trkpt>
      <trkpt lat="44.10382" lon="5.25929">
        <ele>650.8</ele>
      </trkpt>
      <trkpt lat="44.103789" lon="5.25921">
        <ele>650.5</ele>
      </trkpt>
      <trkpt lat="44.10376" lon="5.25912">
        <ele>649.9</ele>
      </trkpt>
      <trkpt lat="44.10373" lon="5.25903">
        <ele>648.9</ele>
      </trkpt>
      <trkpt lat="44.10371" lon="5.25894">
        <ele>648.0</ele>
      </trkpt>
      <trkpt lat="44.10368" lon="5.25876">
        <ele>646.6</ele>
      </trkpt>
      <trkpt lat="44.10367" lon="5.25867">
        <ele>645.9</ele>
      </trkpt>
      <trkpt lat="44.10366" lon="5.25857">
        <ele>645.2</ele>
      </trkpt>
      <trkpt lat="44.10365" lon="5.25847">
        <ele>644.5</ele>
      </trkpt>
      <trkpt lat="44.10365" lon="5.25838">
        <ele>644.1</ele>
      </trkpt>
      <trkpt lat="44.10365" lon="5.25829">
        <ele>643.5</ele>
      </trkpt>
      <trkpt lat="44.10366" lon="5.2582">
        <ele>642.9</ele>
      </trkpt>
      <trkpt lat="44.10367" lon="5.25811">
        <ele>642.3</ele>
      </trkpt>
      <trkpt lat="44.10368" lon="5.25804">
        <ele>641.8</ele>
      </trkpt>
      <trkpt lat="44.10368" lon="5.25802">
        <ele>641.7</ele>
      </trkpt>
      <trkpt lat="44.1037" lon="5.25793">
        <ele>641.1</ele>
      </trkpt>
      <trkpt lat="44.10373" lon="5.25784">
        <ele>640.7</ele>
      </trkpt>
      <trkpt lat="44.10374" lon="5.25781">
        <ele>640.5</ele>
      </trkpt>
      <trkpt lat="44.10376" lon="5.25777">
        <ele>640.4</ele>
      </trkpt>
      <trkpt lat="44.1038" lon="5.25769">
        <ele>640.0</ele>
      </trkpt>
      <trkpt lat="44.10384" lon="5.25762">
        <ele>639.7</ele>
      </trkpt>
      <trkpt lat="44.10389" lon="5.25755">
        <ele>639.5</ele>
      </trkpt>
      <trkpt lat="44.10393" lon="5.25749">
        <ele>639.1</ele>
      </trkpt>
      <trkpt lat="44.10398" lon="5.25744">
        <ele>638.7</ele>
      </trkpt>
      <trkpt lat="44.10398" lon="5.25743">
        <ele>638.5</ele>
      </trkpt>
      <trkpt lat="44.10404" lon="5.25738">
        <ele>638.1</ele>
      </trkpt>
      <trkpt lat="44.10409" lon="5.25732">
        <ele>637.5</ele>
      </trkpt>
      <trkpt lat="44.10415" lon="5.25728">
        <ele>637.2</ele>
      </trkpt>
      <trkpt lat="44.10421" lon="5.25724">
        <ele>636.8</ele>
      </trkpt>
      <trkpt lat="44.10439" lon="5.257119">
        <ele>635.8</ele>
      </trkpt>
      <trkpt lat="44.10445" lon="5.25707">
        <ele>635.3</ele>
      </trkpt>
      <trkpt lat="44.10457" lon="5.257">
        <ele>634.9</ele>
      </trkpt>
      <trkpt lat="44.10462" lon="5.25697">
        <ele>634.8</ele>
      </trkpt>
      <trkpt lat="44.10468" lon="5.25693">
        <ele>634.5</ele>
      </trkpt>
      <trkpt lat="44.10478" lon="5.25686">
        <ele>634.2</ele>
      </trkpt>
      <trkpt lat="44.10479" lon="5.25686">
        <ele>634.2</ele>
      </trkpt>
      <trkpt lat="44.10484" lon="5.25682">
        <ele>634.0</ele>
      </trkpt>
      <trkpt lat="44.1049" lon="5.25677">
        <ele>633.7</ele>
      </trkpt>
      <trkpt lat="44.10493" lon="5.25674">
        <ele>633.5</ele>
      </trkpt>
      <trkpt lat="44.10494" lon="5.25673">
        <ele>633.4</ele>
      </trkpt>
      <trkpt lat="44.10499" lon="5.25667">
        <ele>633.0</ele>
      </trkpt>
      <trkpt lat="44.10502" lon="5.25661">
        <ele>632.2</ele>
      </trkpt>
      <trkpt lat="44.10506" lon="5.25654">
        <ele>631.2</ele>
      </trkpt>
      <trkpt lat="44.105089" lon="5.25647">
        <ele>630.1</ele>
      </trkpt>
      <trkpt lat="44.10514" lon="5.25633">
        <ele>628.0</ele>
      </trkpt>
      <trkpt lat="44.10519" lon="5.2562">
        <ele>626.0</ele>
      </trkpt>
      <trkpt lat="44.10522" lon="5.25614">
        <ele>625.0</ele>
      </trkpt>
      <trkpt lat="44.10525" lon="5.25608">
        <ele>624.0</ele>
      </trkpt>
      <trkpt lat="44.10532" lon="5.25593">
        <ele>621.5</ele>
      </trkpt>
      <trkpt lat="44.10534" lon="5.25589">
        <ele>620.8</ele>
      </trkpt>
      <trkpt lat="44.10536" lon="5.25585">
        <ele>620.1</ele>
      </trkpt>
      <trkpt lat="44.10537" lon="5.25581">
        <ele>619.5</ele>
      </trkpt>
      <trkpt lat="44.10537" lon="5.25577">
        <ele>619.2</ele>
      </trkpt>
      <trkpt lat="44.10536" lon="5.25573">
        <ele>618.8</ele>
      </trkpt>
      <trkpt lat="44.10535" lon="5.25569">
        <ele>618.5</ele>
      </trkpt>
      <trkpt lat="44.10533" lon="5.25566">
        <ele>618.4</ele>
      </trkpt>
      <trkpt lat="44.1053" lon="5.25563">
        <ele>618.3</ele>
      </trkpt>
      <trkpt lat="44.10526" lon="5.25562">
        <ele>618.5</ele>
      </trkpt>
      <trkpt lat="44.10522" lon="5.25563">
        <ele>618.9</ele>
      </trkpt>
      <trkpt lat="44.10521" lon="5.25563">
        <ele>619.0</ele>
      </trkpt>
      <trkpt lat="44.10515" lon="5.25565">
        <ele>619.6</ele>
      </trkpt>
      <trkpt lat="44.1051" lon="5.25569">
        <ele>620.3</ele>
      </trkpt>
      <trkpt lat="44.10506" lon="5.25572">
        <ele>620.8</ele>
      </trkpt>
      <trkpt lat="44.10505" lon="5.25573">
        <ele>620.9</ele>
      </trkpt>
      <trkpt lat="44.104999" lon="5.25579">
        <ele>621.7</ele>
      </trkpt>
      <trkpt lat="44.10496" lon="5.25586">
        <ele>622.0</ele>
      </trkpt>
      <trkpt lat="44.10492" lon="5.25593">
        <ele>622.5</ele>
      </trkpt>
      <trkpt lat="44.10488" lon="5.25599">
        <ele>623.0</ele>
      </trkpt>
      <trkpt lat="44.10483" lon="5.25605">
        <ele>623.3</ele>
      </trkpt>
      <trkpt lat="44.1048" lon="5.25608">
        <ele>623.5</ele>
      </trkpt>
      <trkpt lat="44.10478" lon="5.2561">
        <ele>623.6</ele>
      </trkpt>
      <trkpt lat="44.10472" lon="5.25613">
        <ele>623.5</ele>
      </trkpt>
      <trkpt lat="44.10466" lon="5.25615">
        <ele>623.2</ele>
      </trkpt>
      <trkpt lat="44.10459" lon="5.25616">
        <ele>622.8</ele>
      </trkpt>
      <trkpt lat="44.10452" lon="5.25616">
        <ele>622.2</ele>
      </trkpt>
      <trkpt lat="44.10446" lon="5.25616">
        <ele>621.6</ele>
      </trkpt>
      <trkpt lat="44.10445" lon="5.25616">
        <ele>621.6</ele>
      </trkpt>
      <trkpt lat="44.10431" lon="5.25615">
        <ele>620.2</ele>
      </trkpt>
      <trkpt lat="44.104" lon="5.25614">
        <ele>617.8</ele>
      </trkpt>
      <trkpt lat="44.10385" lon="5.25613">
        <ele>616.8</ele>
      </trkpt>
      <trkpt lat="44.1036" lon="5.25612">
        <ele>615.1</ele>
      </trkpt>
      <trkpt lat="44.10338" lon="5.256109">
        <ele>613.6</ele>
      </trkpt>
      <trkpt lat="44.10336" lon="5.256109">
        <ele>613.5</ele>
      </trkpt>
      <trkpt lat="44.1032" lon="5.2561">
        <ele>612.1</ele>
      </trkpt>
      <trkpt lat="44.10302" lon="5.25609">
        <ele>610.4</ele>
      </trkpt>
      <trkpt lat="44.10297" lon="5.25609">
        <ele>610.0</ele>
      </trkpt>
      <trkpt lat="44.10274" lon="5.2561">
        <ele>608.4</ele>
      </trkpt>
      <trkpt lat="44.10266" lon="5.2561">
        <ele>607.8</ele>
      </trkpt>
      <trkpt lat="44.10259" lon="5.2561">
        <ele>607.2</ele>
      </trkpt>
      <trkpt lat="44.10252" lon="5.256109">
        <ele>606.8</ele>
      </trkpt>
      <trkpt lat="44.102379" lon="5.25615">
        <ele>605.8</ele>
      </trkpt>
      <trkpt lat="44.10231" lon="5.25617">
        <ele>605.2</ele>
      </trkpt>
      <trkpt lat="44.10225" lon="5.2562">
        <ele>604.9</ele>
      </trkpt>
      <trkpt lat="44.10218" lon="5.25624">
        <ele>604.6</ele>
      </trkpt>
      <trkpt lat="44.10214" lon="5.25627">
        <ele>604.5</ele>
      </trkpt>
      <trkpt lat="44.10212" lon="5.25628">
        <ele>604.4</ele>
      </trkpt>
      <trkpt lat="44.10207" lon="5.25634">
        <ele>604.6</ele>
      </trkpt>
      <trkpt lat="44.10203" lon="5.2564">
        <ele>604.9</ele>
      </trkpt>
      <trkpt lat="44.10198" lon="5.25647">
        <ele>605.2</ele>
      </trkpt>
      <trkpt lat="44.1019" lon="5.25661">
        <ele>605.9</ele>
      </trkpt>
      <trkpt lat="44.10185" lon="5.25667">
        <ele>605.9</ele>
      </trkpt>
      <trkpt lat="44.1018" lon="5.25673">
        <ele>606.0</ele>
      </trkpt>
      <trkpt lat="44.10174" lon="5.25677">
        <ele>605.7</ele>
      </trkpt>
      <trkpt lat="44.10168" lon="5.2568">
        <ele>605.3</ele>
      </trkpt>
      <trkpt lat="44.101619" lon="5.25681">
        <ele>605.1</ele>
      </trkpt>
      <trkpt lat="44.10156" lon="5.25682">
        <ele>605.0</ele>
      </trkpt>
      <trkpt lat="44.10149" lon="5.25682">
        <ele>604.7</ele>
      </trkpt>
      <trkpt lat="44.10143" lon="5.25681">
        <ele>604.3</ele>
      </trkpt>
      <trkpt lat="44.10139" lon="5.2568">
        <ele>604.0</ele>
      </trkpt>
      <trkpt lat="44.10129" lon="5.25679">
        <ele>603.4</ele>
      </trkpt>
      <trkpt lat="44.10122" lon="5.25677">
        <ele>602.7</ele>
      </trkpt>
      <trkpt lat="44.10121" lon="5.25677">
        <ele>602.7</ele>
      </trkpt>
      <trkpt lat="44.10108" lon="5.25673">
        <ele>601.4</ele>
      </trkpt>
      <trkpt lat="44.10103" lon="5.256719">
        <ele>601.0</ele>
      </trkpt>
      <trkpt lat="44.10086" lon="5.25667">
        <ele>599.2</ele>
      </trkpt>
      <trkpt lat="44.10078" lon="5.256649">
        <ele>598.8</ele>
      </trkpt>
      <trkpt lat="44.10064" lon="5.25659">
        <ele>598.1</ele>
      </trkpt>
      <trkpt lat="44.10049" lon="5.25652">
        <ele>597.2</ele>
      </trkpt>
      <trkpt lat="44.10043" lon="5.25649">
        <ele>596.8</ele>
      </trkpt>
      <trkpt lat="44.10036" lon="5.25645">
        <ele>596.2</ele>
      </trkpt>
      <trkpt lat="44.1003" lon="5.2564">
        <ele>595.5</ele>
      </trkpt>
      <trkpt lat="44.10018" lon="5.25632">
        <ele>594.3</ele>
      </trkpt>
      <trkpt lat="44.10017" lon="5.25631">
        <ele>594.2</ele>
      </trkpt>
      <trkpt lat="44.100029" lon="5.2562">
        <ele>592.5</ele>
      </trkpt>
      <trkpt lat="44.09998" lon="5.25616">
        <ele>591.9</ele>
      </trkpt>
      <trkpt lat="44.09992" lon="5.25612">
        <ele>591.3</ele>
      </trkpt>
      <trkpt lat="44.09986" lon="5.25607">
        <ele>590.5</ele>
      </trkpt>
      <trkpt lat="44.0998" lon="5.25603">
        <ele>589.9</ele>
      </trkpt>
      <trkpt lat="44.09973" lon="5.25598">
        <ele>589.1</ele>
      </trkpt>
      <trkpt lat="44.09967" lon="5.25593">
        <ele>588.4</ele>
      </trkpt>
      <trkpt lat="44.09961" lon="5.25588">
        <ele>587.7</ele>
      </trkpt>
      <trkpt lat="44.09954" lon="5.25585">
        <ele>587.4</ele>
      </trkpt>
      <trkpt lat="44.09948" lon="5.25581">
        <ele>586.8</ele>
      </trkpt>
      <trkpt lat="44.09941" lon="5.25578">
        <ele>586.5</ele>
      </trkpt>
      <trkpt lat="44.09934" lon="5.25576">
        <ele>586.3</ele>
      </trkpt>
      <trkpt lat="44.09928" lon="5.25574">
        <ele>586.0</ele>
      </trkpt>
      <trkpt lat="44.09921" lon="5.25574">
        <ele>586.2</ele>
      </trkpt>
      <trkpt lat="44.0992" lon="5.25574">
        <ele>586.2</ele>
      </trkpt>
      <trkpt lat="44.09914" lon="5.25573">
        <ele>585.9</ele>
      </trkpt>
      <trkpt lat="44.09904" lon="5.25574">
        <ele>585.3</ele>
      </trkpt>
      <trkpt lat="44.09902" lon="5.25574">
        <ele>585.1</ele>
      </trkpt>
      <trkpt lat="44.09893" lon="5.25573">
        <ele>584.2</ele>
      </trkpt>
      <trkpt lat="44.09857" lon="5.25574">
        <ele>581.5</ele>
      </trkpt>
      <trkpt lat="44.0983" lon="5.25574">
        <ele>579.3</ele>
      </trkpt>
      <trkpt lat="44.09828" lon="5.25574">
        <ele>579.2</ele>
      </trkpt>
      <trkpt lat="44.09794" lon="5.25574">
        <ele>576.8</ele>
      </trkpt>
      <trkpt lat="44.09758" lon="5.25574">
        <ele>574.2</ele>
      </trkpt>
      <trkpt lat="44.09742" lon="5.25574">
        <ele>573.2</ele>
      </trkpt>
      <trkpt lat="44.09704" lon="5.25574">
        <ele>570.8</ele>
      </trkpt>
      <trkpt lat="44.09699" lon="5.25574">
        <ele>570.5</ele>
      </trkpt>
      <trkpt lat="44.09686" lon="5.25573">
        <ele>569.5</ele>
      </trkpt>
      <trkpt lat="44.0967" lon="5.25573">
        <ele>568.5</ele>
      </trkpt>
      <trkpt lat="44.09668" lon="5.25573">
        <ele>568.3</ele>
      </trkpt>
      <trkpt lat="44.09642" lon="5.25574">
        <ele>566.4</ele>
      </trkpt>
      <trkpt lat="44.09632" lon="5.25574">
        <ele>565.6</ele>
      </trkpt>
      <trkpt lat="44.09614" lon="5.25574">
        <ele>564.2</ele>
      </trkpt>
      <trkpt lat="44.09596" lon="5.25574">
        <ele>562.7</ele>
      </trkpt>
      <trkpt lat="44.09581" lon="5.25574">
        <ele>561.5</ele>
      </trkpt>
      <trkpt lat="44.0956" lon="5.25573">
        <ele>560.1</ele>
      </trkpt>
      <trkpt lat="44.09555" lon="5.25573">
        <ele>559.8</ele>
      </trkpt>
      <trkpt lat="44.0953" lon="5.25573">
        <ele>558.2</ele>
      </trkpt>
      <trkpt lat="44.095239" lon="5.25573">
        <ele>557.9</ele>
      </trkpt>
      <trkpt lat="44.09512" lon="5.25573">
        <ele>557.1</ele>
      </trkpt>
      <trkpt lat="44.095" lon="5.25574">
        <ele>556.5</ele>
      </trkpt>
      <trkpt lat="44.09495" lon="5.25575">
        <ele>555.8</ele>
      </trkpt>
      <trkpt lat="44.09489" lon="5.25577">
        <ele>555.1</ele>
      </trkpt>
      <trkpt lat="44.09483" lon="5.25578">
        <ele>554.2</ele>
      </trkpt>
      <trkpt lat="44.09478" lon="5.25581">
        <ele>553.7</ele>
      </trkpt>
      <trkpt lat="44.09474" lon="5.255829">
        <ele>553.3</ele>
      </trkpt>
      <trkpt lat="44.09469" lon="5.25586">
        <ele>552.7</ele>
      </trkpt>
      <trkpt lat="44.09465" lon="5.25589">
        <ele>552.3</ele>
      </trkpt>
      <trkpt lat="44.09457" lon="5.25596">
        <ele>551.5</ele>
      </trkpt>
      <trkpt lat="44.09456" lon="5.255969">
        <ele>551.4</ele>
      </trkpt>
      <trkpt lat="44.094499" lon="5.25602">
        <ele>550.7</ele>
      </trkpt>
      <trkpt lat="44.09447" lon="5.256039">
        <ele>550.3</ele>
      </trkpt>
      <trkpt lat="44.09444" lon="5.25605">
        <ele>549.8</ele>
      </trkpt>
      <trkpt lat="44.0944" lon="5.25605">
        <ele>549.1</ele>
      </trkpt>
      <trkpt lat="44.09439" lon="5.25605">
        <ele>548.9</ele>
      </trkpt>
      <trkpt lat="44.09437" lon="5.256039">
        <ele>548.4</ele>
      </trkpt>
      <trkpt lat="44.09435" lon="5.25602">
        <ele>547.8</ele>
      </trkpt>
      <trkpt lat="44.09433" lon="5.25598">
        <ele>547.1</ele>
      </trkpt>
      <trkpt lat="44.09432" lon="5.25594">
        <ele>546.6</ele>
      </trkpt>
      <trkpt lat="44.09432" lon="5.25589">
        <ele>546.2</ele>
      </trkpt>
      <trkpt lat="44.09432" lon="5.25585">
        <ele>545.9</ele>
      </trkpt>
      <trkpt lat="44.09433" lon="5.25584">
        <ele>546.0</ele>
      </trkpt>
      <trkpt lat="44.09435" lon="5.25579">
        <ele>545.7</ele>
      </trkpt>
      <trkpt lat="44.09438" lon="5.25575">
        <ele>545.8</ele>
      </trkpt>
      <trkpt lat="44.09442" lon="5.2557">
        <ele>545.8</ele>
      </trkpt>
      <trkpt lat="44.09462" lon="5.25554">
        <ele>547.1</ele>
      </trkpt>
      <trkpt lat="44.09474" lon="5.25544">
        <ele>547.6</ele>
      </trkpt>
      <trkpt lat="44.09476" lon="5.25542">
        <ele>547.7</ele>
      </trkpt>
      <trkpt lat="44.09486" lon="5.25534">
        <ele>548.1</ele>
      </trkpt>
      <trkpt lat="44.09492" lon="5.25528">
        <ele>548.1</ele>
      </trkpt>
      <trkpt lat="44.0951" lon="5.25511">
        <ele>547.4</ele>
      </trkpt>
      <trkpt lat="44.09521" lon="5.25501">
        <ele>546.7</ele>
      </trkpt>
      <trkpt lat="44.09536" lon="5.25488">
        <ele>545.9</ele>
      </trkpt>
      <trkpt lat="44.095619" lon="5.25464">
        <ele>544.4</ele>
      </trkpt>
      <trkpt lat="44.09566" lon="5.254609">
        <ele>544.2</ele>
      </trkpt>
      <trkpt lat="44.09569" lon="5.25459">
        <ele>544.1</ele>
      </trkpt>
      <trkpt lat="44.09582" lon="5.25448">
        <ele>543.4</ele>
      </trkpt>
      <trkpt lat="44.09589" lon="5.25443">
        <ele>543.1</ele>
      </trkpt>
      <trkpt lat="44.096089" lon="5.2543">
        <ele>542.5</ele>
      </trkpt>
      <trkpt lat="44.09622" lon="5.254209">
        <ele>541.9</ele>
      </trkpt>
      <trkpt lat="44.09631" lon="5.25416">
        <ele>541.8</ele>
      </trkpt>
      <trkpt lat="44.09642" lon="5.25409">
        <ele>541.3</ele>
      </trkpt>
      <trkpt lat="44.096559" lon="5.253999">
        <ele>540.6</ele>
      </trkpt>
      <trkpt lat="44.09663" lon="5.25395">
        <ele>540.2</ele>
      </trkpt>
      <trkpt lat="44.09669" lon="5.25392">
        <ele>540.0</ele>
      </trkpt>
      <trkpt lat="44.09676" lon="5.25387">
        <ele>539.6</ele>
      </trkpt>
      <trkpt lat="44.09682" lon="5.25382">
        <ele>539.2</ele>
      </trkpt>
      <trkpt lat="44.09702" lon="5.253669">
        <ele>538.0</ele>
      </trkpt>
      <trkpt lat="44.097209" lon="5.25351">
        <ele>536.7</ele>
      </trkpt>
      <trkpt lat="44.09734" lon="5.2534">
        <ele>535.9</ele>
      </trkpt>
      <trkpt lat="44.09746" lon="5.25329">
        <ele>535.0</ele>
      </trkpt>
      <trkpt lat="44.09757" lon="5.2532">
        <ele>534.1</ele>
      </trkpt>
      <trkpt lat="44.097589" lon="5.25319">
        <ele>534.0</ele>
      </trkpt>
      <trkpt lat="44.09778" lon="5.25303">
        <ele>532.4</ele>
      </trkpt>
      <trkpt lat="44.09796" lon="5.25286">
        <ele>530.6</ele>
      </trkpt>
      <trkpt lat="44.09809" lon="5.25275">
        <ele>529.5</ele>
      </trkpt>
      <trkpt lat="44.0981" lon="5.25274">
        <ele>529.4</ele>
      </trkpt>
      <trkpt lat="44.09813" lon="5.25272">
        <ele>529.3</ele>
      </trkpt>
      <trkpt lat="44.09821" lon="5.25264">
        <ele>528.5</ele>
      </trkpt>
      <trkpt lat="44.09827" lon="5.25258">
        <ele>527.9</ele>
      </trkpt>
      <trkpt lat="44.098439" lon="5.25239">
        <ele>525.7</ele>
      </trkpt>
      <trkpt lat="44.0986" lon="5.25221">
        <ele>523.9</ele>
      </trkpt>
      <trkpt lat="44.09865" lon="5.25216">
        <ele>523.5</ele>
      </trkpt>
      <trkpt lat="44.098709" lon="5.2521">
        <ele>523.0</ele>
      </trkpt>
      <trkpt lat="44.09877" lon="5.25205">
        <ele>522.7</ele>
      </trkpt>
      <trkpt lat="44.09882" lon="5.252">
        <ele>522.4</ele>
      </trkpt>
      <trkpt lat="44.09885" lon="5.25198">
        <ele>522.3</ele>
      </trkpt>
      <trkpt lat="44.09888" lon="5.25197">
        <ele>522.3</ele>
      </trkpt>
      <trkpt lat="44.09894" lon="5.25193">
        <ele>522.2</ele>
      </trkpt>
      <trkpt lat="44.09905" lon="5.25187">
        <ele>522.2</ele>
      </trkpt>
      <trkpt lat="44.09917" lon="5.25182">
        <ele>522.5</ele>
      </trkpt>
      <trkpt lat="44.09933" lon="5.25176">
        <ele>523.6</ele>
      </trkpt>
      <trkpt lat="44.09937" lon="5.25174">
        <ele>523.9</ele>
      </trkpt>
      <trkpt lat="44.09942" lon="5.25171">
        <ele>524.1</ele>
      </trkpt>
      <trkpt lat="44.09946" lon="5.25167">
        <ele>524.2</ele>
      </trkpt>
      <trkpt lat="44.09949" lon="5.25161">
        <ele>524.0</ele>
      </trkpt>
      <trkpt lat="44.09951" lon="5.251559">
        <ele>523.8</ele>
      </trkpt>
      <trkpt lat="44.09953" lon="5.25149">
        <ele>523.3</ele>
      </trkpt>
      <trkpt lat="44.09953" lon="5.25142">
        <ele>522.7</ele>
      </trkpt>
      <trkpt lat="44.09952" lon="5.25135">
        <ele>522.0</ele>
      </trkpt>
      <trkpt lat="44.09951" lon="5.25128">
        <ele>521.3</ele>
      </trkpt>
      <trkpt lat="44.09949" lon="5.25121">
        <ele>520.4</ele>
      </trkpt>
      <trkpt lat="44.099469" lon="5.25114">
        <ele>519.6</ele>
      </trkpt>
      <trkpt lat="44.09946" lon="5.25111">
        <ele>519.3</ele>
      </trkpt>
      <trkpt lat="44.09945" lon="5.25106">
        <ele>518.7</ele>
      </trkpt>
      <trkpt lat="44.09944" lon="5.25099">
        <ele>518.0</ele>
      </trkpt>
      <trkpt lat="44.09944" lon="5.25092">
        <ele>517.4</ele>
      </trkpt>
      <trkpt lat="44.09944" lon="5.25084">
        <ele>516.7</ele>
      </trkpt>
      <trkpt lat="44.09945" lon="5.25076">
        <ele>516.1</ele>
      </trkpt>
      <trkpt lat="44.099469" lon="5.25069">
        <ele>515.7</ele>
      </trkpt>
      <trkpt lat="44.09949" lon="5.25061">
        <ele>515.2</ele>
      </trkpt>
      <trkpt lat="44.09951" lon="5.25053">
        <ele>514.7</ele>
      </trkpt>
      <trkpt lat="44.09954" lon="5.25045">
        <ele>514.2</ele>
      </trkpt>
      <trkpt lat="44.099559" lon="5.25037">
        <ele>513.7</ele>
      </trkpt>
      <trkpt lat="44.0996" lon="5.25029">
        <ele>513.2</ele>
      </trkpt>
      <trkpt lat="44.09964" lon="5.25022">
        <ele>512.9</ele>
      </trkpt>
      <trkpt lat="44.09966" lon="5.25019">
        <ele>512.7</ele>
      </trkpt>
      <trkpt lat="44.09968" lon="5.25016">
        <ele>512.6</ele>
      </trkpt>
      <trkpt lat="44.09979" lon="5.25003">
        <ele>512.0</ele>
      </trkpt>
      <trkpt lat="44.09987" lon="5.249939">
        <ele>511.8</ele>
      </trkpt>
      <trkpt lat="44.09991" lon="5.24988">
        <ele>511.7</ele>
      </trkpt>
      <trkpt lat="44.09996" lon="5.24981">
        <ele>511.6</ele>
      </trkpt>
      <trkpt lat="44.1" lon="5.24974">
        <ele>511.4</ele>
      </trkpt>
      <trkpt lat="44.100029" lon="5.24967">
        <ele>511.3</ele>
      </trkpt>
      <trkpt lat="44.10007" lon="5.2496">
        <ele>511.2</ele>
      </trkpt>
      <trkpt lat="44.1001" lon="5.24953">
        <ele>511.1</ele>
      </trkpt>
      <trkpt lat="44.10013" lon="5.24945">
        <ele>510.8</ele>
      </trkpt>
      <trkpt lat="44.10016" lon="5.24938">
        <ele>510.7</ele>
      </trkpt>
      <trkpt lat="44.10017" lon="5.24935">
        <ele>510.6</ele>
      </trkpt>
      <trkpt lat="44.10018" lon="5.24931">
        <ele>510.4</ele>
      </trkpt>
      <trkpt lat="44.1002" lon="5.24923">
        <ele>510.1</ele>
      </trkpt>
      <trkpt lat="44.10021" lon="5.24915">
        <ele>509.7</ele>
      </trkpt>
      <trkpt lat="44.10023" lon="5.24899">
        <ele>509.6</ele>
      </trkpt>
      <trkpt lat="44.10024" lon="5.24882">
        <ele>509.3</ele>
      </trkpt>
      <trkpt lat="44.10024" lon="5.24877">
        <ele>509.2</ele>
      </trkpt>
      <trkpt lat="44.10023" lon="5.2487">
        <ele>509.0</ele>
      </trkpt>
      <trkpt lat="44.1002" lon="5.24863">
        <ele>508.5</ele>
      </trkpt>
      <trkpt lat="44.10018" lon="5.24857">
        <ele>508.2</ele>
      </trkpt>
      <trkpt lat="44.10014" lon="5.24852">
        <ele>507.8</ele>
      </trkpt>
      <trkpt lat="44.10009" lon="5.24848">
        <ele>507.2</ele>
      </trkpt>
      <trkpt lat="44.10004" lon="5.24845">
        <ele>506.7</ele>
      </trkpt>
      <trkpt lat="44.10002" lon="5.24844">
        <ele>506.4</ele>
      </trkpt>
      <trkpt lat="44.09998" lon="5.24843">
        <ele>506.1</ele>
      </trkpt>
      <trkpt lat="44.09992" lon="5.24842">
        <ele>505.5</ele>
      </trkpt>
      <trkpt lat="44.0998" lon="5.2484">
        <ele>504.5</ele>
      </trkpt>
      <trkpt lat="44.09953" lon="5.24837">
        <ele>502.1</ele>
      </trkpt>
      <trkpt lat="44.09949" lon="5.24836">
        <ele>501.8</ele>
      </trkpt>
      <trkpt lat="44.09898" lon="5.24828">
        <ele>497.7</ele>
      </trkpt>
      <trkpt lat="44.09857" lon="5.2482">
        <ele>494.7</ele>
      </trkpt>
      <trkpt lat="44.098439" lon="5.24816">
        <ele>493.8</ele>
      </trkpt>
      <trkpt lat="44.09837" lon="5.24814">
        <ele>493.3</ele>
      </trkpt>
      <trkpt lat="44.0983" lon="5.248109">
        <ele>492.7</ele>
      </trkpt>
      <trkpt lat="44.09823" lon="5.24807">
        <ele>492.0</ele>
      </trkpt>
      <trkpt lat="44.09816" lon="5.24803">
        <ele>491.4</ele>
      </trkpt>
      <trkpt lat="44.0981" lon="5.24798">
        <ele>490.9</ele>
      </trkpt>
      <trkpt lat="44.09778" lon="5.24772">
        <ele>488.2</ele>
      </trkpt>
      <trkpt lat="44.0976" lon="5.24758">
        <ele>486.8</ele>
      </trkpt>
      <trkpt lat="44.097589" lon="5.247569">
        <ele>486.7</ele>
      </trkpt>
      <trkpt lat="44.09745" lon="5.24745">
        <ele>485.4</ele>
      </trkpt>
      <trkpt lat="44.09722" lon="5.24726">
        <ele>482.6</ele>
      </trkpt>
      <trkpt lat="44.09716" lon="5.24721">
        <ele>482.0</ele>
      </trkpt>
      <trkpt lat="44.09711" lon="5.24716">
        <ele>481.5</ele>
      </trkpt>
      <trkpt lat="44.09693" lon="5.24701">
        <ele>479.8</ele>
      </trkpt>
      <trkpt lat="44.09671" lon="5.24683">
        <ele>478.0</ele>
      </trkpt>
      <trkpt lat="44.09668" lon="5.24681">
        <ele>477.8</ele>
      </trkpt>
      <trkpt lat="44.096649" lon="5.24679">
        <ele>477.5</ele>
      </trkpt>
      <trkpt lat="44.0966" lon="5.24674">
        <ele>477.0</ele>
      </trkpt>
      <trkpt lat="44.09655" lon="5.246679">
        <ele>476.6</ele>
      </trkpt>
      <trkpt lat="44.09653" lon="5.24666">
        <ele>476.3</ele>
      </trkpt>
      <trkpt lat="44.09651" lon="5.24662">
        <ele>475.9</ele>
      </trkpt>
      <trkpt lat="44.09648" lon="5.24655">
        <ele>475.1</ele>
      </trkpt>
      <trkpt lat="44.09646" lon="5.24648">
        <ele>474.5</ele>
      </trkpt>
      <trkpt lat="44.09646" lon="5.24643">
        <ele>474.2</ele>
      </trkpt>
      <trkpt lat="44.09645" lon="5.2464">
        <ele>473.9</ele>
      </trkpt>
      <trkpt lat="44.09645" lon="5.24631">
        <ele>473.4</ele>
      </trkpt>
      <trkpt lat="44.09646" lon="5.24624">
        <ele>473.1</ele>
      </trkpt>
      <trkpt lat="44.09648" lon="5.24616">
        <ele>472.9</ele>
      </trkpt>
      <trkpt lat="44.09651" lon="5.24609">
        <ele>472.8</ele>
      </trkpt>
      <trkpt lat="44.09654" lon="5.24602">
        <ele>472.7</ele>
      </trkpt>
      <trkpt lat="44.09657" lon="5.24598">
        <ele>472.8</ele>
      </trkpt>
      <trkpt lat="44.09658" lon="5.24596">
        <ele>472.8</ele>
      </trkpt>
      <trkpt lat="44.09663" lon="5.24591">
        <ele>473.1</ele>
      </trkpt>
      <trkpt lat="44.09668" lon="5.24586">
        <ele>473.2</ele>
      </trkpt>
      <trkpt lat="44.09672" lon="5.24584">
        <ele>473.3</ele>
      </trkpt>
      <trkpt lat="44.09673" lon="5.24582">
        <ele>473.1</ele>
      </trkpt>
      <trkpt lat="44.09685" lon="5.24576">
        <ele>472.8</ele>
      </trkpt>
      <trkpt lat="44.09691" lon="5.24573">
        <ele>472.6</ele>
      </trkpt>
      <trkpt lat="44.09697" lon="5.2457">
        <ele>472.4</ele>
      </trkpt>
      <trkpt lat="44.09701" lon="5.24568">
        <ele>472.3</ele>
      </trkpt>
      <trkpt lat="44.0971" lon="5.24565">
        <ele>472.3</ele>
      </trkpt>
      <trkpt lat="44.09723" lon="5.24558">
        <ele>472.0</ele>
      </trkpt>
      <trkpt lat="44.09729" lon="5.24554">
        <ele>471.7</ele>
      </trkpt>
      <trkpt lat="44.09735" lon="5.24549">
        <ele>471.3</ele>
      </trkpt>
      <trkpt lat="44.09741" lon="5.24544">
        <ele>470.9</ele>
      </trkpt>
      <trkpt lat="44.09751" lon="5.24533">
        <ele>469.8</ele>
      </trkpt>
      <trkpt lat="44.09762" lon="5.24521">
        <ele>468.7</ele>
      </trkpt>
      <trkpt lat="44.09767" lon="5.24515">
        <ele>468.2</ele>
      </trkpt>
      <trkpt lat="44.09769" lon="5.24512">
        <ele>467.9</ele>
      </trkpt>
      <trkpt lat="44.09772" lon="5.24509">
        <ele>467.6</ele>
      </trkpt>
      <trkpt lat="44.09782" lon="5.24497">
        <ele>466.5</ele>
      </trkpt>
      <trkpt lat="44.09787" lon="5.24489">
        <ele>465.6</ele>
      </trkpt>
      <trkpt lat="44.09809" lon="5.24464">
        <ele>463.5</ele>
      </trkpt>
      <trkpt lat="44.09831" lon="5.24443">
        <ele>462.3</ele>
      </trkpt>
      <trkpt lat="44.09878" lon="5.244">
        <ele>457.9</ele>
      </trkpt>
      <trkpt lat="44.0989" lon="5.24388">
        <ele>456.6</ele>
      </trkpt>
      <trkpt lat="44.09893" lon="5.24386">
        <ele>456.4</ele>
      </trkpt>
      <trkpt lat="44.09899" lon="5.2438">
        <ele>455.7</ele>
      </trkpt>
      <trkpt lat="44.09904" lon="5.24376">
        <ele>455.3</ele>
      </trkpt>
      <trkpt lat="44.09914" lon="5.243699">
        <ele>454.8</ele>
      </trkpt>
      <trkpt lat="44.09919" lon="5.24366">
        <ele>454.3</ele>
      </trkpt>
      <trkpt lat="44.09925" lon="5.243629">
        <ele>454.0</ele>
      </trkpt>
      <trkpt lat="44.09935" lon="5.24356">
        <ele>453.2</ele>
      </trkpt>
      <trkpt lat="44.0994" lon="5.24353">
        <ele>452.8</ele>
      </trkpt>
      <trkpt lat="44.0995" lon="5.24346">
        <ele>452.0</ele>
      </trkpt>
      <trkpt lat="44.0996" lon="5.24339">
        <ele>451.2</ele>
      </trkpt>
      <trkpt lat="44.09964" lon="5.24335">
        <ele>450.8</ele>
      </trkpt>
      <trkpt lat="44.09969" lon="5.24331">
        <ele>450.5</ele>
      </trkpt>
      <trkpt lat="44.09983" lon="5.24319">
        <ele>450.1</ele>
      </trkpt>
      <trkpt lat="44.09987" lon="5.24314">
        <ele>449.9</ele>
      </trkpt>
      <trkpt lat="44.09991" lon="5.2431">
        <ele>449.7</ele>
      </trkpt>
      <trkpt lat="44.09995" lon="5.24306">
        <ele>449.6</ele>
      </trkpt>
      <trkpt lat="44.09999" lon="5.24301">
        <ele>449.4</ele>
      </trkpt>
      <trkpt lat="44.10001" lon="5.24298">
        <ele>449.3</ele>
      </trkpt>
      <trkpt lat="44.10002" lon="5.24296">
        <ele>449.3</ele>
      </trkpt>
      <trkpt lat="44.10005" lon="5.24291">
        <ele>449.1</ele>
      </trkpt>
      <trkpt lat="44.10007" lon="5.24286">
        <ele>448.9</ele>
      </trkpt>
      <trkpt lat="44.10009" lon="5.24281">
        <ele>448.7</ele>
      </trkpt>
      <trkpt lat="44.1001" lon="5.24275">
        <ele>448.4</ele>
      </trkpt>
      <trkpt lat="44.10011" lon="5.24269">
        <ele>448.2</ele>
      </trkpt>
      <trkpt lat="44.100119" lon="5.24263">
        <ele>447.9</ele>
      </trkpt>
      <trkpt lat="44.100119" lon="5.24257">
        <ele>447.6</ele>
      </trkpt>
      <trkpt lat="44.100119" lon="5.24252">
        <ele>447.4</ele>
      </trkpt>
      <trkpt lat="44.100119" lon="5.24245">
        <ele>447.1</ele>
      </trkpt>
      <trkpt lat="44.10013" lon="5.24227">
        <ele>446.3</ele>
      </trkpt>
      <trkpt lat="44.10014" lon="5.24222">
        <ele>446.0</ele>
      </trkpt>
      <trkpt lat="44.10013" lon="5.24217">
        <ele>445.8</ele>
      </trkpt>
      <trkpt lat="44.100119" lon="5.24211">
        <ele>445.5</ele>
      </trkpt>
      <trkpt lat="44.10009" lon="5.24207">
        <ele>445.2</ele>
      </trkpt>
      <trkpt lat="44.10005" lon="5.24203">
        <ele>444.9</ele>
      </trkpt>
      <trkpt lat="44.10004" lon="5.242009">
        <ele>444.8</ele>
      </trkpt>
      <trkpt lat="44.10002" lon="5.24199">
        <ele>444.6</ele>
      </trkpt>
      <trkpt lat="44.09998" lon="5.24197">
        <ele>444.4</ele>
      </trkpt>
      <trkpt lat="44.09993" lon="5.24195">
        <ele>444.1</ele>
      </trkpt>
      <trkpt lat="44.09983" lon="5.24193">
        <ele>443.7</ele>
      </trkpt>
      <trkpt lat="44.09972" lon="5.2419">
        <ele>443.2</ele>
      </trkpt>
      <trkpt lat="44.09929" lon="5.24176">
        <ele>441.0</ele>
      </trkpt>
      <trkpt lat="44.09905" lon="5.2417">
        <ele>439.6</ele>
      </trkpt>
      <trkpt lat="44.098999" lon="5.24169">
        <ele>439.3</ele>
      </trkpt>
      <trkpt lat="44.09886" lon="5.24163">
        <ele>438.4</ele>
      </trkpt>
      <trkpt lat="44.09882" lon="5.24162">
        <ele>438.1</ele>
      </trkpt>
      <trkpt lat="44.09873" lon="5.24161">
        <ele>437.6</ele>
      </trkpt>
      <trkpt lat="44.09868" lon="5.2416">
        <ele>437.3</ele>
      </trkpt>
      <trkpt lat="44.09864" lon="5.24161">
        <ele>437.2</ele>
      </trkpt>
      <trkpt lat="44.098619" lon="5.24161">
        <ele>437.1</ele>
      </trkpt>
      <trkpt lat="44.0986" lon="5.24162">
        <ele>437.1</ele>
      </trkpt>
      <trkpt lat="44.09856" lon="5.24164">
        <ele>437.0</ele>
      </trkpt>
      <trkpt lat="44.09852" lon="5.24166">
        <ele>436.9</ele>
      </trkpt>
      <trkpt lat="44.09842" lon="5.241729">
        <ele>436.8</ele>
      </trkpt>
      <trkpt lat="44.09838" lon="5.24175">
        <ele>436.7</ele>
      </trkpt>
      <trkpt lat="44.09835" lon="5.24175">
        <ele>436.6</ele>
      </trkpt>
      <trkpt lat="44.09832" lon="5.24175">
        <ele>436.4</ele>
      </trkpt>
      <trkpt lat="44.09829" lon="5.241729">
        <ele>436.1</ele>
      </trkpt>
      <trkpt lat="44.09826" lon="5.24171">
        <ele>435.8</ele>
      </trkpt>
      <trkpt lat="44.098239" lon="5.24167">
        <ele>435.5</ele>
      </trkpt>
      <trkpt lat="44.09823" lon="5.24162">
        <ele>435.2</ele>
      </trkpt>
      <trkpt lat="44.09821" lon="5.24157">
        <ele>434.8</ele>
      </trkpt>
      <trkpt lat="44.0982" lon="5.24152">
        <ele>434.5</ele>
      </trkpt>
      <trkpt lat="44.09819" lon="5.24146">
        <ele>434.1</ele>
      </trkpt>
      <trkpt lat="44.09818" lon="5.24134">
        <ele>433.5</ele>
      </trkpt>
      <trkpt lat="44.09817" lon="5.24128">
        <ele>433.2</ele>
      </trkpt>
      <trkpt lat="44.09817" lon="5.241119">
        <ele>432.4</ele>
      </trkpt>
      <trkpt lat="44.09817" lon="5.24108">
        <ele>432.2</ele>
      </trkpt>
      <trkpt lat="44.09817" lon="5.24087">
        <ele>431.2</ele>
      </trkpt>
      <trkpt lat="44.09817" lon="5.24075">
        <ele>430.7</ele>
      </trkpt>
      <trkpt lat="44.09818" lon="5.24062">
        <ele>430.3</ele>
      </trkpt>
      <trkpt lat="44.09818" lon="5.2405">
        <ele>429.8</ele>
      </trkpt>
      <trkpt lat="44.0982" lon="5.24026">
        <ele>429.0</ele>
      </trkpt>
      <trkpt lat="44.09821" lon="5.24013">
        <ele>428.6</ele>
      </trkpt>
      <trkpt lat="44.09821" lon="5.24013">
        <ele>428.6</ele>
      </trkpt>
      <trkpt lat="44.09823" lon="5.24003">
        <ele>428.4</ele>
      </trkpt>
      <trkpt lat="44.0983" lon="5.23976">
        <ele>428.7</ele>
      </trkpt>
      <trkpt lat="44.09836" lon="5.239499">
        <ele>429.2</ele>
      </trkpt>
      <trkpt lat="44.0984" lon="5.23932">
        <ele>429.5</ele>
      </trkpt>
      <trkpt lat="44.09842" lon="5.23922">
        <ele>429.7</ele>
      </trkpt>
      <trkpt lat="44.098439" lon="5.23916">
        <ele>429.9</ele>
      </trkpt>
      <trkpt lat="44.09845" lon="5.2391">
        <ele>430.5</ele>
      </trkpt>
      <trkpt lat="44.09846" lon="5.23904">
        <ele>431.0</ele>
      </trkpt>
      <trkpt lat="44.09847" lon="5.23898">
        <ele>431.5</ele>
      </trkpt>
      <trkpt lat="44.09847" lon="5.23891">
        <ele>432.0</ele>
      </trkpt>
      <trkpt lat="44.09846" lon="5.23885">
        <ele>432.4</ele>
      </trkpt>
      <trkpt lat="44.098439" lon="5.23878">
        <ele>432.7</ele>
      </trkpt>
      <trkpt lat="44.09842" lon="5.23872">
        <ele>433.0</ele>
      </trkpt>
      <trkpt lat="44.09839" lon="5.23867">
        <ele>433.1</ele>
      </trkpt>
      <trkpt lat="44.09835" lon="5.23862">
        <ele>433.1</ele>
      </trkpt>
      <trkpt lat="44.09831" lon="5.23857">
        <ele>433.1</ele>
      </trkpt>
      <trkpt lat="44.09826" lon="5.23853">
        <ele>432.9</ele>
      </trkpt>
      <trkpt lat="44.09821" lon="5.23848">
        <ele>432.8</ele>
      </trkpt>
      <trkpt lat="44.09816" lon="5.23843">
        <ele>432.7</ele>
      </trkpt>
      <trkpt lat="44.09803" lon="5.23833">
        <ele>432.1</ele>
      </trkpt>
      <trkpt lat="44.09777" lon="5.23809">
        <ele>431.2</ele>
      </trkpt>
      <trkpt lat="44.09742" lon="5.23778">
        <ele>430.5</ele>
      </trkpt>
      <trkpt lat="44.09733" lon="5.23769">
        <ele>430.7</ele>
      </trkpt>
      <trkpt lat="44.09732" lon="5.23768">
        <ele>430.7</ele>
      </trkpt>
      <trkpt lat="44.0973" lon="5.23765">
        <ele>430.8</ele>
      </trkpt>
      <trkpt lat="44.09726" lon="5.237599">
        <ele>431.0</ele>
      </trkpt>
      <trkpt lat="44.09723" lon="5.23756">
        <ele>431.2</ele>
      </trkpt>
      <trkpt lat="44.0972" lon="5.2375">
        <ele>431.6</ele>
      </trkpt>
      <trkpt lat="44.09716" lon="5.23737">
        <ele>431.6</ele>
      </trkpt>
      <trkpt lat="44.09715" lon="5.23729">
        <ele>431.7</ele>
      </trkpt>
      <trkpt lat="44.09714" lon="5.23722">
        <ele>431.7</ele>
      </trkpt>
      <trkpt lat="44.09713" lon="5.237129">
        <ele>431.8</ele>
      </trkpt>
      <trkpt lat="44.097119" lon="5.23696">
        <ele>431.9</ele>
      </trkpt>
      <trkpt lat="44.097119" lon="5.23684">
        <ele>432.1</ele>
      </trkpt>
      <trkpt lat="44.0971" lon="5.23653">
        <ele>431.8</ele>
      </trkpt>
      <trkpt lat="44.09709" lon="5.23618">
        <ele>430.9</ele>
      </trkpt>
      <trkpt lat="44.09709" lon="5.23616">
        <ele>430.8</ele>
      </trkpt>
      <trkpt lat="44.09708" lon="5.235839">
        <ele>430.0</ele>
      </trkpt>
      <trkpt lat="44.09708" lon="5.23582">
        <ele>429.9</ele>
      </trkpt>
      <trkpt lat="44.09708" lon="5.23557">
        <ele>429.0</ele>
      </trkpt>
      <trkpt lat="44.09709" lon="5.23549">
        <ele>428.8</ele>
      </trkpt>
      <trkpt lat="44.09709" lon="5.2354">
        <ele>428.5</ele>
      </trkpt>
      <trkpt lat="44.09711" lon="5.23533">
        <ele>428.3</ele>
      </trkpt>
      <trkpt lat="44.097119" lon="5.23526">
        <ele>428.1</ele>
      </trkpt>
      <trkpt lat="44.09714" lon="5.23518">
        <ele>428.0</ele>
      </trkpt>
      <trkpt lat="44.0972" lon="5.23504">
        <ele>427.7</ele>
      </trkpt>
      <trkpt lat="44.09723" lon="5.23496">
        <ele>427.7</ele>
      </trkpt>
      <trkpt lat="44.0973" lon="5.2348">
        <ele>427.9</ele>
      </trkpt>
      <trkpt lat="44.09737" lon="5.23464">
        <ele>428.2</ele>
      </trkpt>
      <trkpt lat="44.09744" lon="5.234479">
        <ele>428.6</ele>
      </trkpt>
      <trkpt lat="44.09747" lon="5.23439">
        <ele>428.8</ele>
      </trkpt>
      <trkpt lat="44.09749" lon="5.23431">
        <ele>428.9</ele>
      </trkpt>
      <trkpt lat="44.097499" lon="5.23422">
        <ele>429.0</ele>
      </trkpt>
      <trkpt lat="44.097499" lon="5.23413">
        <ele>429.0</ele>
      </trkpt>
      <trkpt lat="44.097499" lon="5.23404">
        <ele>429.0</ele>
      </trkpt>
      <trkpt lat="44.09749" lon="5.23396">
        <ele>428.9</ele>
      </trkpt>
      <trkpt lat="44.09748" lon="5.233869">
        <ele>428.9</ele>
      </trkpt>
      <trkpt lat="44.09746" lon="5.23378">
        <ele>428.7</ele>
      </trkpt>
      <trkpt lat="44.09743" lon="5.23361">
        <ele>428.5</ele>
      </trkpt>
      <trkpt lat="44.0974" lon="5.23351">
        <ele>428.3</ele>
      </trkpt>
      <trkpt lat="44.09737" lon="5.23334">
        <ele>428.1</ele>
      </trkpt>
      <trkpt lat="44.09735" lon="5.23325">
        <ele>427.8</ele>
      </trkpt>
      <trkpt lat="44.09727" lon="5.2329">
        <ele>427.0</ele>
      </trkpt>
      <trkpt lat="44.09725" lon="5.23281">
        <ele>426.8</ele>
      </trkpt>
      <trkpt lat="44.09723" lon="5.232719">
        <ele>426.6</ele>
      </trkpt>
      <trkpt lat="44.09722" lon="5.23263">
        <ele>426.4</ele>
      </trkpt>
      <trkpt lat="44.097209" lon="5.232579">
        <ele>426.3</ele>
      </trkpt>
      <trkpt lat="44.097209" lon="5.23255">
        <ele>426.3</ele>
      </trkpt>
      <trkpt lat="44.0972" lon="5.23246">
        <ele>426.2</ele>
      </trkpt>
      <trkpt lat="44.0972" lon="5.23237">
        <ele>426.1</ele>
      </trkpt>
      <trkpt lat="44.097209" lon="5.23228">
        <ele>426.1</ele>
      </trkpt>
      <trkpt lat="44.09722" lon="5.23219">
        <ele>426.1</ele>
      </trkpt>
      <trkpt lat="44.09723" lon="5.2321">
        <ele>426.1</ele>
      </trkpt>
      <trkpt lat="44.09726" lon="5.23191">
        <ele>426.2</ele>
      </trkpt>
      <trkpt lat="44.09732" lon="5.23163">
        <ele>426.4</ele>
      </trkpt>
      <trkpt lat="44.09739" lon="5.23135">
        <ele>425.9</ele>
      </trkpt>
      <trkpt lat="44.09742" lon="5.23123">
        <ele>425.8</ele>
      </trkpt>
      <trkpt lat="44.09747" lon="5.23099">
        <ele>425.3</ele>
      </trkpt>
      <trkpt lat="44.09749" lon="5.230889">
        <ele>425.1</ele>
      </trkpt>
      <trkpt lat="44.09751" lon="5.23081">
        <ele>425.0</ele>
      </trkpt>
      <trkpt lat="44.09753" lon="5.230749">
        <ele>425.1</ele>
      </trkpt>
      <trkpt lat="44.09753" lon="5.23073">
        <ele>425.1</ele>
      </trkpt>
      <trkpt lat="44.09756" lon="5.23065">
        <ele>425.2</ele>
      </trkpt>
      <trkpt lat="44.0976" lon="5.23057">
        <ele>425.4</ele>
      </trkpt>
      <trkpt lat="44.09763" lon="5.23051">
        <ele>425.5</ele>
      </trkpt>
      <trkpt lat="44.09766" lon="5.23046">
        <ele>425.7</ele>
      </trkpt>
      <trkpt lat="44.09772" lon="5.23039">
        <ele>426.1</ele>
      </trkpt>
      <trkpt lat="44.09776" lon="5.23034">
        <ele>426.3</ele>
      </trkpt>
      <trkpt lat="44.09782" lon="5.2303">
        <ele>426.7</ele>
      </trkpt>
      <trkpt lat="44.09787" lon="5.23026">
        <ele>427.0</ele>
      </trkpt>
      <trkpt lat="44.09792" lon="5.23023">
        <ele>427.3</ele>
      </trkpt>
      <trkpt lat="44.09798" lon="5.23019">
        <ele>427.7</ele>
      </trkpt>
      <trkpt lat="44.09804" lon="5.23016">
        <ele>428.1</ele>
      </trkpt>
      <trkpt lat="44.09811" lon="5.230139">
        <ele>428.6</ele>
      </trkpt>
      <trkpt lat="44.09818" lon="5.23012">
        <ele>429.0</ele>
      </trkpt>
      <trkpt lat="44.09825" lon="5.2301">
        <ele>429.5</ele>
      </trkpt>
      <trkpt lat="44.09832" lon="5.23009">
        <ele>430.0</ele>
      </trkpt>
      <trkpt lat="44.09839" lon="5.23009">
        <ele>430.1</ele>
      </trkpt>
      <trkpt lat="44.0985" lon="5.23008">
        <ele>430.2</ele>
      </trkpt>
      <trkpt lat="44.09855" lon="5.23007">
        <ele>430.1</ele>
      </trkpt>
      <trkpt lat="44.0988" lon="5.23005">
        <ele>430.2</ele>
      </trkpt>
      <trkpt lat="44.09901" lon="5.23004">
        <ele>430.2</ele>
      </trkpt>
      <trkpt lat="44.09925" lon="5.23001">
        <ele>430.2</ele>
      </trkpt>
      <trkpt lat="44.09937" lon="5.22999">
        <ele>430.5</ele>
      </trkpt>
      <trkpt lat="44.09962" lon="5.22997">
        <ele>431.0</ele>
      </trkpt>
      <trkpt lat="44.09966" lon="5.22996">
        <ele>431.1</ele>
      </trkpt>
      <trkpt lat="44.0997" lon="5.22995">
        <ele>431.1</ele>
      </trkpt>
      <trkpt lat="44.09974" lon="5.22994">
        <ele>431.2</ele>
      </trkpt>
      <trkpt lat="44.10004" lon="5.22984">
        <ele>431.5</ele>
      </trkpt>
      <trkpt lat="44.10004" lon="5.22984">
        <ele>431.5</ele>
      </trkpt>
      <trkpt lat="44.10015" lon="5.22952">
        <ele>430.7</ele>
      </trkpt>
      <trkpt lat="44.1002" lon="5.2294">
        <ele>430.5</ele>
      </trkpt>
      <trkpt lat="44.10026" lon="5.22924">
        <ele>430.2</ele>
      </trkpt>
      <trkpt lat="44.10048" lon="5.22869">
        <ele>429.0</ele>
      </trkpt>
      <trkpt lat="44.10051" lon="5.228589">
        <ele>428.8</ele>
      </trkpt>
      <trkpt lat="44.10054" lon="5.22854">
        <ele>428.7</ele>
      </trkpt>
      <trkpt lat="44.1006" lon="5.22836">
        <ele>428.3</ele>
      </trkpt>
      <trkpt lat="44.10067" lon="5.22818">
        <ele>427.5</ele>
      </trkpt>
      <trkpt lat="44.100679" lon="5.22816">
        <ele>427.4</ele>
      </trkpt>
      <trkpt lat="44.10071" lon="5.22809">
        <ele>427.1</ele>
      </trkpt>
      <trkpt lat="44.10074" lon="5.228">
        <ele>426.7</ele>
      </trkpt>
      <trkpt lat="44.10077" lon="5.22794">
        <ele>426.4</ele>
      </trkpt>
      <trkpt lat="44.10078" lon="5.227909">
        <ele>426.3</ele>
      </trkpt>
      <trkpt lat="44.10092" lon="5.22755">
        <ele>424.4</ele>
      </trkpt>
      <trkpt lat="44.10103" lon="5.22727">
        <ele>423.1</ele>
      </trkpt>
      <trkpt lat="44.101059" lon="5.22717">
        <ele>422.6</ele>
      </trkpt>
      <trkpt lat="44.10113" lon="5.227">
        <ele>421.7</ele>
      </trkpt>
      <trkpt lat="44.10117" lon="5.2269">
        <ele>421.2</ele>
      </trkpt>
      <trkpt lat="44.1012" lon="5.2268">
        <ele>420.7</ele>
      </trkpt>
      <trkpt lat="44.10123" lon="5.2267">
        <ele>420.2</ele>
      </trkpt>
      <trkpt lat="44.10128" lon="5.22649">
        <ele>419.4</ele>
      </trkpt>
      <trkpt lat="44.1013" lon="5.22638">
        <ele>419.0</ele>
      </trkpt>
      <trkpt lat="44.10137" lon="5.22599">
        <ele>417.6</ele>
      </trkpt>
      <trkpt lat="44.10138" lon="5.225869">
        <ele>417.1</ele>
      </trkpt>
      <trkpt lat="44.10146" lon="5.22558">
        <ele>415.8</ele>
      </trkpt>
      <trkpt lat="44.10158" lon="5.2252">
        <ele>414.0</ele>
      </trkpt>
      <trkpt lat="44.10165" lon="5.22501">
        <ele>413.0</ele>
      </trkpt>
      <trkpt lat="44.10171" lon="5.22484">
        <ele>412.6</ele>
      </trkpt>
      <trkpt lat="44.10176" lon="5.22468">
        <ele>412.3</ele>
      </trkpt>
      <trkpt lat="44.1018" lon="5.22457">
        <ele>412.0</ele>
      </trkpt>
      <trkpt lat="44.10184" lon="5.22445">
        <ele>411.7</ele>
      </trkpt>
      <trkpt lat="44.10199" lon="5.22399">
        <ele>410.4</ele>
      </trkpt>
      <trkpt lat="44.101999" lon="5.22398">
        <ele>410.4</ele>
      </trkpt>
      <trkpt lat="44.10207" lon="5.22378">
        <ele>409.8</ele>
      </trkpt>
      <trkpt lat="44.10207" lon="5.22377">
        <ele>409.8</ele>
      </trkpt>
      <trkpt lat="44.10215" lon="5.22354">
        <ele>409.0</ele>
      </trkpt>
      <trkpt lat="44.10222" lon="5.22331">
        <ele>408.2</ele>
      </trkpt>
      <trkpt lat="44.10245" lon="5.22263">
        <ele>405.6</ele>
      </trkpt>
      <trkpt lat="44.10246" lon="5.22261">
        <ele>405.5</ele>
      </trkpt>
      <trkpt lat="44.1027" lon="5.22186">
        <ele>402.1</ele>
      </trkpt>
      <trkpt lat="44.10273" lon="5.22179">
        <ele>401.8</ele>
      </trkpt>
      <trkpt lat="44.10286" lon="5.22142">
        <ele>400.7</ele>
      </trkpt>
      <trkpt lat="44.10288" lon="5.22135">
        <ele>400.5</ele>
      </trkpt>
      <trkpt lat="44.102939" lon="5.22114">
        <ele>400.0</ele>
      </trkpt>
      <trkpt lat="44.10299" lon="5.220919">
        <ele>399.4</ele>
      </trkpt>
      <trkpt lat="44.10299" lon="5.22082">
        <ele>399.1</ele>
      </trkpt>
      <trkpt lat="44.10298" lon="5.22068">
        <ele>398.6</ele>
      </trkpt>
      <trkpt lat="44.10297" lon="5.22048">
        <ele>397.9</ele>
      </trkpt>
      <trkpt lat="44.10296" lon="5.22028">
        <ele>397.1</ele>
      </trkpt>
      <trkpt lat="44.10295" lon="5.22007">
        <ele>396.3</ele>
      </trkpt>
      <trkpt lat="44.102939" lon="5.219839">
        <ele>395.4</ele>
      </trkpt>
      <trkpt lat="44.102939" lon="5.21982">
        <ele>395.3</ele>
      </trkpt>
      <trkpt lat="44.10295" lon="5.21957">
        <ele>394.3</ele>
      </trkpt>
      <trkpt lat="44.10295" lon="5.21941">
        <ele>393.6</ele>
      </trkpt>
      <trkpt lat="44.103" lon="5.21896">
        <ele>392.2</ele>
      </trkpt>
      <trkpt lat="44.10306" lon="5.21864">
        <ele>391.3</ele>
      </trkpt>
      <trkpt lat="44.10317" lon="5.21809">
        <ele>389.8</ele>
      </trkpt>
      <trkpt lat="44.10321" lon="5.21788">
        <ele>389.2</ele>
      </trkpt>
      <trkpt lat="44.10325" lon="5.21767">
        <ele>388.5</ele>
      </trkpt>
      <trkpt lat="44.1033" lon="5.21746">
        <ele>387.9</ele>
      </trkpt>
      <trkpt lat="44.103319" lon="5.21738">
        <ele>387.7</ele>
      </trkpt>
      <trkpt lat="44.10335" lon="5.21725">
        <ele>387.4</ele>
      </trkpt>
      <trkpt lat="44.10339" lon="5.21704">
        <ele>387.0</ele>
      </trkpt>
      <trkpt lat="44.10344" lon="5.21684">
        <ele>386.7</ele>
      </trkpt>
      <trkpt lat="44.103499" lon="5.216649">
        <ele>386.6</ele>
      </trkpt>
      <trkpt lat="44.10353" lon="5.21655">
        <ele>386.5</ele>
      </trkpt>
      <trkpt lat="44.103589" lon="5.21636">
        <ele>386.4</ele>
      </trkpt>
      <trkpt lat="44.10361" lon="5.21627">
        <ele>386.4</ele>
      </trkpt>
      <trkpt lat="44.10365" lon="5.216179">
        <ele>386.3</ele>
      </trkpt>
      <trkpt lat="44.10372" lon="5.216">
        <ele>386.2</ele>
      </trkpt>
      <trkpt lat="44.1038" lon="5.21585">
        <ele>386.2</ele>
      </trkpt>
      <trkpt lat="44.10381" lon="5.21583">
        <ele>386.1</ele>
      </trkpt>
      <trkpt lat="44.10389" lon="5.21568">
        <ele>385.7</ele>
      </trkpt>
      <trkpt lat="44.10403" lon="5.21548">
        <ele>385.1</ele>
      </trkpt>
      <trkpt lat="44.10413" lon="5.21535">
        <ele>384.6</ele>
      </trkpt>
      <trkpt lat="44.10432" lon="5.21507">
        <ele>383.3</ele>
      </trkpt>
      <trkpt lat="44.10439" lon="5.214959">
        <ele>382.8</ele>
      </trkpt>
      <trkpt lat="44.10441" lon="5.21492">
        <ele>382.6</ele>
      </trkpt>
      <trkpt lat="44.10443" lon="5.2149">
        <ele>382.5</ele>
      </trkpt>
      <trkpt lat="44.10445" lon="5.21486">
        <ele>382.3</ele>
      </trkpt>
      <trkpt lat="44.1045" lon="5.21479">
        <ele>382.0</ele>
      </trkpt>
      <trkpt lat="44.1049" lon="5.21405">
        <ele>378.5</ele>
      </trkpt>
      <trkpt lat="44.10495" lon="5.21398">
        <ele>378.1</ele>
      </trkpt>
      <trkpt lat="44.10499" lon="5.2139">
        <ele>377.7</ele>
      </trkpt>
      <trkpt lat="44.1056" lon="5.21282">
        <ele>372.4</ele>
      </trkpt>
      <trkpt lat="44.10568" lon="5.212659">
        <ele>371.4</ele>
      </trkpt>
      <trkpt lat="44.10597" lon="5.21215">
        <ele>369.3</ele>
      </trkpt>
      <trkpt lat="44.10599" lon="5.21212">
        <ele>369.3</ele>
      </trkpt>
      <trkpt lat="44.10605" lon="5.21203">
        <ele>369.1</ele>
      </trkpt>
      <trkpt lat="44.1061" lon="5.21195">
        <ele>369.0</ele>
      </trkpt>
      <trkpt lat="44.106229" lon="5.2118">
        <ele>368.8</ele>
      </trkpt>
      <trkpt lat="44.10627" lon="5.21174">
        <ele>368.7</ele>
      </trkpt>
      <trkpt lat="44.10634" lon="5.21168">
        <ele>368.6</ele>
      </trkpt>
      <trkpt lat="44.10642" lon="5.2116">
        <ele>368.4</ele>
      </trkpt>
      <trkpt lat="44.10649" lon="5.21155">
        <ele>368.3</ele>
      </trkpt>
      <trkpt lat="44.10653" lon="5.21152">
        <ele>368.2</ele>
      </trkpt>
      <trkpt lat="44.10656" lon="5.21149">
        <ele>368.1</ele>
      </trkpt>
      <trkpt lat="44.10671" lon="5.211369">
        <ele>367.6</ele>
      </trkpt>
      <trkpt lat="44.10672" lon="5.211369">
        <ele>367.7</ele>
      </trkpt>
      <trkpt lat="44.1069" lon="5.211229">
        <ele>367.3</ele>
      </trkpt>
      <trkpt lat="44.10702" lon="5.21112">
        <ele>367.1</ele>
      </trkpt>
      <trkpt lat="44.10728" lon="5.21083">
        <ele>366.5</ele>
      </trkpt>
      <trkpt lat="44.10731" lon="5.2108">
        <ele>366.4</ele>
      </trkpt>
      <trkpt lat="44.1074" lon="5.21068">
        <ele>366.2</ele>
      </trkpt>
      <trkpt lat="44.10746" lon="5.210619">
        <ele>366.1</ele>
      </trkpt>
      <trkpt lat="44.10752" lon="5.210549">
        <ele>366.0</ele>
      </trkpt>
      <trkpt lat="44.10775" lon="5.21029">
        <ele>365.5</ele>
      </trkpt>
      <trkpt lat="44.10786" lon="5.21016">
        <ele>365.4</ele>
      </trkpt>
      <trkpt lat="44.10792" lon="5.21009">
        <ele>365.3</ele>
      </trkpt>
      <trkpt lat="44.10807" lon="5.20993">
        <ele>365.2</ele>
      </trkpt>
      <trkpt lat="44.10813" lon="5.209869">
        <ele>365.2</ele>
      </trkpt>
      <trkpt lat="44.10815" lon="5.20985">
        <ele>365.2</ele>
      </trkpt>
      <trkpt lat="44.108289" lon="5.20969">
        <ele>365.1</ele>
      </trkpt>
      <trkpt lat="44.10831" lon="5.20966">
        <ele>365.1</ele>
      </trkpt>
      <trkpt lat="44.10837" lon="5.20958">
        <ele>365.1</ele>
      </trkpt>
      <trkpt lat="44.10842" lon="5.20951">
        <ele>365.1</ele>
      </trkpt>
      <trkpt lat="44.10855" lon="5.20936">
        <ele>365.2</ele>
      </trkpt>
      <trkpt lat="44.10858" lon="5.20932">
        <ele>365.2</ele>
      </trkpt>
      <trkpt lat="44.108669" lon="5.20919">
        <ele>365.3</ele>
      </trkpt>
      <trkpt lat="44.10872" lon="5.20911">
        <ele>365.3</ele>
      </trkpt>
      <trkpt lat="44.10877" lon="5.20903">
        <ele>365.4</ele>
      </trkpt>
      <trkpt lat="44.10881" lon="5.20895">
        <ele>365.5</ele>
      </trkpt>
      <trkpt lat="44.10886" lon="5.208859">
        <ele>365.6</ele>
      </trkpt>
      <trkpt lat="44.1089" lon="5.20877">
        <ele>365.7</ele>
      </trkpt>
      <trkpt lat="44.108939" lon="5.20868">
        <ele>365.9</ele>
      </trkpt>
      <trkpt lat="44.10896" lon="5.20862">
        <ele>365.9</ele>
      </trkpt>
      <trkpt lat="44.10899" lon="5.20856">
        <ele>366.1</ele>
      </trkpt>
      <trkpt lat="44.10911" lon="5.20827">
        <ele>366.5</ele>
      </trkpt>
      <trkpt lat="44.10929" lon="5.20784">
        <ele>365.6</ele>
      </trkpt>
      <trkpt lat="44.10937" lon="5.207639">
        <ele>364.7</ele>
      </trkpt>
      <trkpt lat="44.1094" lon="5.20755">
        <ele>364.3</ele>
      </trkpt>
      <trkpt lat="44.10942" lon="5.20749">
        <ele>364.0</ele>
      </trkpt>
      <trkpt lat="44.10952" lon="5.2072">
        <ele>362.1</ele>
      </trkpt>
      <trkpt lat="44.10961" lon="5.20686">
        <ele>360.0</ele>
      </trkpt>
      <trkpt lat="44.10961" lon="5.206819">
        <ele>359.8</ele>
      </trkpt>
      <trkpt lat="44.10962" lon="5.20678">
        <ele>359.5</ele>
      </trkpt>
      <trkpt lat="44.10963" lon="5.20667">
        <ele>358.9</ele>
      </trkpt>
      <trkpt lat="44.10964" lon="5.20656">
        <ele>358.8</ele>
      </trkpt>
      <trkpt lat="44.10965" lon="5.20645">
        <ele>358.7</ele>
      </trkpt>
      <trkpt lat="44.10965" lon="5.20643">
        <ele>358.7</ele>
      </trkpt>
      <trkpt lat="44.10965" lon="5.20629">
        <ele>358.6</ele>
      </trkpt>
      <trkpt lat="44.10965" lon="5.20604">
        <ele>358.4</ele>
      </trkpt>
      <trkpt lat="44.10965" lon="5.20593">
        <ele>358.4</ele>
      </trkpt>
      <trkpt lat="44.10966" lon="5.20561">
        <ele>358.0</ele>
      </trkpt>
      <trkpt lat="44.10967" lon="5.20551">
        <ele>357.9</ele>
      </trkpt>
      <trkpt lat="44.10968" lon="5.20536">
        <ele>357.7</ele>
      </trkpt>
      <trkpt lat="44.10969" lon="5.2053">
        <ele>357.6</ele>
      </trkpt>
      <trkpt lat="44.109699" lon="5.205199">
        <ele>357.5</ele>
      </trkpt>
      <trkpt lat="44.10972" lon="5.20511">
        <ele>357.5</ele>
      </trkpt>
      <trkpt lat="44.10982" lon="5.20473">
        <ele>356.7</ele>
      </trkpt>
      <trkpt lat="44.10985" lon="5.20465">
        <ele>356.4</ele>
      </trkpt>
      <trkpt lat="44.10985" lon="5.20464">
        <ele>356.3</ele>
      </trkpt>
      <trkpt lat="44.10989" lon="5.20454">
        <ele>355.9</ele>
      </trkpt>
      <trkpt lat="44.10993" lon="5.204449">
        <ele>355.6</ele>
      </trkpt>
      <trkpt lat="44.11003" lon="5.20422">
        <ele>354.5</ele>
      </trkpt>
      <trkpt lat="44.11013" lon="5.204">
        <ele>354.3</ele>
      </trkpt>
      <trkpt lat="44.11016" lon="5.20393">
        <ele>354.3</ele>
      </trkpt>
      <trkpt lat="44.11022" lon="5.20379">
        <ele>354.3</ele>
      </trkpt>
      <trkpt lat="44.11036" lon="5.20348">
        <ele>354.4</ele>
      </trkpt>
      <trkpt lat="44.11041" lon="5.20336">
        <ele>354.5</ele>
      </trkpt>
      <trkpt lat="44.11046" lon="5.20321">
        <ele>354.6</ele>
      </trkpt>
      <trkpt lat="44.11056" lon="5.20291">
        <ele>354.9</ele>
      </trkpt>
      <trkpt lat="44.110639" lon="5.20268">
        <ele>355.3</ele>
      </trkpt>
      <trkpt lat="44.11068" lon="5.202549">
        <ele>355.6</ele>
      </trkpt>
      <trkpt lat="44.11071" lon="5.20245">
        <ele>356.0</ele>
      </trkpt>
      <trkpt lat="44.11077" lon="5.20227">
        <ele>357.2</ele>
      </trkpt>
      <trkpt lat="44.11079" lon="5.202219">
        <ele>357.6</ele>
      </trkpt>
      <trkpt lat="44.110909" lon="5.20183">
        <ele>360.1</ele>
      </trkpt>
      <trkpt lat="44.11093" lon="5.20177">
        <ele>360.5</ele>
      </trkpt>
      <trkpt lat="44.11101" lon="5.20151">
        <ele>361.4</ele>
      </trkpt>
      <trkpt lat="44.11105" lon="5.20139">
        <ele>361.4</ele>
      </trkpt>
      <trkpt lat="44.11106" lon="5.20135">
        <ele>361.4</ele>
      </trkpt>
      <trkpt lat="44.11109" lon="5.20127">
        <ele>361.3</ele>
      </trkpt>
      <trkpt lat="44.11118" lon="5.20106">
        <ele>360.7</ele>
      </trkpt>
      <trkpt lat="44.11121" lon="5.20099">
        <ele>360.4</ele>
      </trkpt>
      <trkpt lat="44.11125" lon="5.200929">
        <ele>360.0</ele>
      </trkpt>
      <trkpt lat="44.11125" lon="5.20092">
        <ele>359.9</ele>
      </trkpt>
      <trkpt lat="44.111289" lon="5.20087">
        <ele>359.5</ele>
      </trkpt>
      <trkpt lat="44.11134" lon="5.20082">
        <ele>358.9</ele>
      </trkpt>
      <trkpt lat="44.11139" lon="5.20078">
        <ele>358.3</ele>
      </trkpt>
      <trkpt lat="44.11171" lon="5.20053">
        <ele>354.7</ele>
      </trkpt>
      <trkpt lat="44.11187" lon="5.20041">
        <ele>353.5</ele>
      </trkpt>
      <trkpt lat="44.11202" lon="5.20029">
        <ele>352.4</ele>
      </trkpt>
      <trkpt lat="44.1123" lon="5.20007">
        <ele>350.6</ele>
      </trkpt>
      <trkpt lat="44.11234" lon="5.20004">
        <ele>350.4</ele>
      </trkpt>
      <trkpt lat="44.11237" lon="5.20002">
        <ele>350.3</ele>
      </trkpt>
      <trkpt lat="44.1125" lon="5.19992">
        <ele>349.5</ele>
      </trkpt>
      <trkpt lat="44.11257" lon="5.19987">
        <ele>349.2</ele>
      </trkpt>
      <trkpt lat="44.11278" lon="5.199709">
        <ele>348.5</ele>
      </trkpt>
      <trkpt lat="44.11297" lon="5.19954">
        <ele>347.9</ele>
      </trkpt>
      <trkpt lat="44.11314" lon="5.19933">
        <ele>347.2</ele>
      </trkpt>
      <trkpt lat="44.11329" lon="5.19909">
        <ele>347.0</ele>
      </trkpt>
      <trkpt lat="44.11334" lon="5.19901">
        <ele>347.2</ele>
      </trkpt>
      <trkpt lat="44.11352" lon="5.19865">
        <ele>347.7</ele>
      </trkpt>
      <trkpt lat="44.11356" lon="5.198559">
        <ele>347.7</ele>
      </trkpt>
      <trkpt lat="44.11361" lon="5.19847">
        <ele>347.7</ele>
      </trkpt>
      <trkpt lat="44.11365" lon="5.19838">
        <ele>347.6</ele>
      </trkpt>
      <trkpt lat="44.11369" lon="5.198279">
        <ele>347.6</ele>
      </trkpt>
      <trkpt lat="44.113729" lon="5.19819">
        <ele>347.5</ele>
      </trkpt>
      <trkpt lat="44.11376" lon="5.19809">
        <ele>347.3</ele>
      </trkpt>
      <trkpt lat="44.11381" lon="5.197949">
        <ele>347.1</ele>
      </trkpt>
      <trkpt lat="44.11385" lon="5.19776">
        <ele>346.8</ele>
      </trkpt>
      <trkpt lat="44.11391" lon="5.19747">
        <ele>346.1</ele>
      </trkpt>
      <trkpt lat="44.11392" lon="5.19744">
        <ele>346.0</ele>
      </trkpt>
      <trkpt lat="44.11393" lon="5.19739">
        <ele>345.8</ele>
      </trkpt>
      <trkpt lat="44.11426" lon="5.19608">
        <ele>341.3</ele>
      </trkpt>
      <trkpt lat="44.11434" lon="5.19581">
        <ele>340.8</ele>
      </trkpt>
      <trkpt lat="44.11437" lon="5.19574">
        <ele>340.6</ele>
      </trkpt>
      <trkpt lat="44.11451" lon="5.1954">
        <ele>339.6</ele>
      </trkpt>
      <trkpt lat="44.11453" lon="5.19538">
        <ele>339.5</ele>
      </trkpt>
      <trkpt lat="44.11457" lon="5.19533">
        <ele>339.3</ele>
      </trkpt>
      <trkpt lat="44.11461" lon="5.19525">
        <ele>339.0</ele>
      </trkpt>
      <trkpt lat="44.11481" lon="5.19497">
        <ele>337.6</ele>
      </trkpt>
      <trkpt lat="44.114849" lon="5.19493">
        <ele>337.4</ele>
      </trkpt>
      <trkpt lat="44.11499" lon="5.19475">
        <ele>336.4</ele>
      </trkpt>
      <trkpt lat="44.11521" lon="5.19446">
        <ele>335.9</ele>
      </trkpt>
      <trkpt lat="44.11527" lon="5.19437">
        <ele>335.6</ele>
      </trkpt>
      <trkpt lat="44.11558" lon="5.193939">
        <ele>334.3</ele>
      </trkpt>
      <trkpt lat="44.11562" lon="5.19387">
        <ele>334.1</ele>
      </trkpt>
      <trkpt lat="44.11565" lon="5.19382">
        <ele>333.9</ele>
      </trkpt>
      <trkpt lat="44.11584" lon="5.1935">
        <ele>332.6</ele>
      </trkpt>
      <trkpt lat="44.116169" lon="5.19295">
        <ele>331.4</ele>
      </trkpt>
      <trkpt lat="44.11661" lon="5.19223">
        <ele>329.1</ele>
      </trkpt>
      <trkpt lat="44.11665" lon="5.19216">
        <ele>328.8</ele>
      </trkpt>
      <trkpt lat="44.11669" lon="5.19209">
        <ele>328.5</ele>
      </trkpt>
      <trkpt lat="44.116729" lon="5.192">
        <ele>328.2</ele>
      </trkpt>
      <trkpt lat="44.11679" lon="5.19188">
        <ele>327.9</ele>
      </trkpt>
      <trkpt lat="44.11691" lon="5.19145">
        <ele>326.7</ele>
      </trkpt>
      <trkpt lat="44.11705" lon="5.190959">
        <ele>326.1</ele>
      </trkpt>
      <trkpt lat="44.11723" lon="5.190349">
        <ele>326.5</ele>
      </trkpt>
      <trkpt lat="44.11736" lon="5.18994">
        <ele>326.6</ele>
      </trkpt>
      <trkpt lat="44.11739" lon="5.18983">
        <ele>326.6</ele>
      </trkpt>
      <trkpt lat="44.11751" lon="5.18943">
        <ele>326.3</ele>
      </trkpt>
      <trkpt lat="44.11751" lon="5.18943">
        <ele>326.3</ele>
      </trkpt>
      <trkpt lat="44.11742" lon="5.18929">
        <ele>326.0</ele>
      </trkpt>
      <trkpt lat="44.11738" lon="5.189199">
        <ele>325.9</ele>
      </trkpt>
      <trkpt lat="44.11724" lon="5.18886">
        <ele>326.5</ele>
      </trkpt>
      <trkpt lat="44.11723" lon="5.18879">
        <ele>326.6</ele>
      </trkpt>
      <trkpt lat="44.11718" lon="5.188659">
        <ele>326.6</ele>
      </trkpt>
      <trkpt lat="44.11715" lon="5.18835">
        <ele>326.8</ele>
      </trkpt>
      <trkpt lat="44.11715" lon="5.18806">
        <ele>326.1</ele>
      </trkpt>
      <trkpt lat="44.11715" lon="5.18781">
        <ele>325.4</ele>
      </trkpt>
      <trkpt lat="44.11715" lon="5.18756">
        <ele>324.7</ele>
      </trkpt>
      <trkpt lat="44.11715" lon="5.18685">
        <ele>321.2</ele>
      </trkpt>
      <trkpt lat="44.11716" lon="5.18643">
        <ele>318.7</ele>
      </trkpt>
      <trkpt lat="44.11725" lon="5.1857">
        <ele>314.8</ele>
      </trkpt>
      <trkpt lat="44.11721" lon="5.18509">
        <ele>311.1</ele>
      </trkpt>
      <trkpt lat="44.11721" lon="5.18509">
        <ele>311.1</ele>
      </trkpt>
      <trkpt lat="44.1173" lon="5.18491">
        <ele>311.1</ele>
      </trkpt>
      <trkpt lat="44.11741" lon="5.18471">
        <ele>311.3</ele>
      </trkpt>
      <trkpt lat="44.11762" lon="5.18438">
        <ele>311.8</ele>
      </trkpt>
      <trkpt lat="44.11766" lon="5.184319">
        <ele>311.9</ele>
      </trkpt>
      <trkpt lat="44.11772" lon="5.184249">
        <ele>312.1</ele>
      </trkpt>
      <trkpt lat="44.11786" lon="5.18408">
        <ele>312.7</ele>
      </trkpt>
      <trkpt lat="44.11806" lon="5.18377">
        <ele>313.0</ele>
      </trkpt>
      <trkpt lat="44.11826" lon="5.18338">
        <ele>312.7</ele>
      </trkpt>
      <trkpt lat="44.11837" lon="5.18316">
        <ele>312.4</ele>
      </trkpt>
      <trkpt lat="44.11847" lon="5.18295">
        <ele>312.0</ele>
      </trkpt>
      <trkpt lat="44.118609" lon="5.18269">
        <ele>311.4</ele>
      </trkpt>
      <trkpt lat="44.11876" lon="5.18232">
        <ele>309.2</ele>
      </trkpt>
      <trkpt lat="44.11882" lon="5.18221">
        <ele>308.4</ele>
      </trkpt>
      <trkpt lat="44.11888" lon="5.18207">
        <ele>307.1</ele>
      </trkpt>
      <trkpt lat="44.11892" lon="5.18186">
        <ele>304.9</ele>
      </trkpt>
      <trkpt lat="44.11888" lon="5.18162">
        <ele>302.4</ele>
      </trkpt>
      <trkpt lat="44.11877" lon="5.18088">
        <ele>298.3</ele>
      </trkpt>
      <trkpt lat="44.11865" lon="5.18015">
        <ele>294.7</ele>
      </trkpt>
      <trkpt lat="44.11855" lon="5.17952">
        <ele>292.1</ele>
      </trkpt>
      <trkpt lat="44.11855" lon="5.17949">
        <ele>292.0</ele>
      </trkpt>
      <trkpt lat="44.11854" lon="5.17946">
        <ele>291.9</ele>
      </trkpt>
      <trkpt lat="44.118519" lon="5.17943">
        <ele>291.8</ele>
      </trkpt>
      <trkpt lat="44.118519" lon="5.17943">
        <ele>291.8</ele>
      </trkpt>
      <trkpt lat="44.11854" lon="5.17931">
        <ele>291.3</ele>
      </trkpt>
      <trkpt lat="44.11854" lon="5.17931">
        <ele>291.3</ele>
      </trkpt>
      <trkpt lat="44.11857" lon="5.17931">
        <ele>291.3</ele>
      </trkpt>
      <trkpt lat="44.11859" lon="5.179299">
        <ele>291.2</ele>
      </trkpt>
      <trkpt lat="44.118609" lon="5.17929">
        <ele>291.2</ele>
      </trkpt>
      <trkpt lat="44.11884" lon="5.17925">
        <ele>290.8</ele>
      </trkpt>
      <trkpt lat="44.11931" lon="5.17916">
        <ele>290.3</ele>
      </trkpt>
      <trkpt lat="44.12006" lon="5.17899">
        <ele>291.6</ele>
      </trkpt>
      <trkpt lat="44.12046" lon="5.17889">
        <ele>294.0</ele>
      </trkpt>
      <trkpt lat="44.12062" lon="5.178829">
        <ele>294.7</ele>
      </trkpt>
      <trkpt lat="44.12072" lon="5.1788">
        <ele>295.1</ele>
      </trkpt>
      <trkpt lat="44.12072" lon="5.1788">
        <ele>295.1</ele>
      </trkpt>
      <trkpt lat="44.12177" lon="5.17842">
        <ele>299.6</ele>
      </trkpt>
      <trkpt lat="44.121899" lon="5.17846">
        <ele>300.7</ele>
      </trkpt>
      <trkpt lat="44.121899" lon="5.17846">
        <ele>300.7</ele>
      </trkpt>
      <trkpt lat="44.12191" lon="5.17847">
        <ele>300.8</ele>
      </trkpt>
      <trkpt lat="44.12191" lon="5.17848">
        <ele>300.9</ele>
      </trkpt>
      <trkpt lat="44.12192" lon="5.17848">
        <ele>300.9</ele>
      </trkpt>
      <trkpt lat="44.12192" lon="5.17849">
        <ele>301.0</ele>
      </trkpt>
      <trkpt lat="44.12193" lon="5.17849">
        <ele>301.1</ele>
      </trkpt>
      <trkpt lat="44.12193" lon="5.1785">
        <ele>301.1</ele>
      </trkpt>
      <trkpt lat="44.12194" lon="5.1785">
        <ele>301.2</ele>
      </trkpt>
      <trkpt lat="44.12194" lon="5.17851">
        <ele>301.3</ele>
      </trkpt>
      <trkpt lat="44.12195" lon="5.17851">
        <ele>301.3</ele>
      </trkpt>
      <trkpt lat="44.12196" lon="5.17851">
        <ele>301.3</ele>
      </trkpt>
      <trkpt lat="44.12197" lon="5.17851">
        <ele>301.4</ele>
      </trkpt>
      <trkpt lat="44.122" lon="5.17858">
        <ele>302.0</ele>
      </trkpt>
      <trkpt lat="44.122079" lon="5.178689">
        <ele>302.9</ele>
      </trkpt>
      <trkpt lat="44.12214" lon="5.17877">
        <ele>303.4</ele>
      </trkpt>
      <trkpt lat="44.12221" lon="5.17885">
        <ele>303.9</ele>
      </trkpt>
      <trkpt lat="44.12244" lon="5.17921">
        <ele>304.3</ele>
      </trkpt>
      <trkpt lat="44.12266" lon="5.17953">
        <ele>305.8</ele>
      </trkpt>
      <trkpt lat="44.12291" lon="5.17994">
        <ele>306.7</ele>
      </trkpt>
      <trkpt lat="44.1231" lon="5.18023">
        <ele>307.1</ele>
      </trkpt>
      <trkpt lat="44.12319" lon="5.18038">
        <ele>307.1</ele>
      </trkpt>
      <trkpt lat="44.12327" lon="5.18045">
        <ele>307.2</ele>
      </trkpt>
      <trkpt lat="44.12339" lon="5.18054">
        <ele>307.4</ele>
      </trkpt>
      <trkpt lat="44.12341" lon="5.18056">
        <ele>307.5</ele>
      </trkpt>
      <trkpt lat="44.12366" lon="5.18074">
        <ele>308.4</ele>
      </trkpt>
      <trkpt lat="44.12376" lon="5.18081">
        <ele>308.7</ele>
      </trkpt>
      <trkpt lat="44.1238" lon="5.18083">
        <ele>308.8</ele>
      </trkpt>
      <trkpt lat="44.12384" lon="5.18085">
        <ele>309.0</ele>
      </trkpt>
      <trkpt lat="44.12399" lon="5.18089">
        <ele>309.8</ele>
      </trkpt>
      <trkpt lat="44.12436" lon="5.18081">
        <ele>311.1</ele>
      </trkpt>
      <trkpt lat="44.124519" lon="5.18074">
        <ele>311.5</ele>
      </trkpt>
      <trkpt lat="44.12465" lon="5.180659">
        <ele>311.8</ele>
      </trkpt>
      <trkpt lat="44.12476" lon="5.18058">
        <ele>312.1</ele>
      </trkpt>
      <trkpt lat="44.12484" lon="5.18051">
        <ele>312.3</ele>
      </trkpt>
      <trkpt lat="44.12493" lon="5.18043">
        <ele>312.5</ele>
      </trkpt>
      <trkpt lat="44.12498" lon="5.18037">
        <ele>312.7</ele>
      </trkpt>
      <trkpt lat="44.12501" lon="5.18036">
        <ele>312.7</ele>
      </trkpt>
      <trkpt lat="44.12502" lon="5.18035">
        <ele>312.7</ele>
      </trkpt>
      <trkpt lat="44.12511" lon="5.18032">
        <ele>312.8</ele>
      </trkpt>
      <trkpt lat="44.12514" lon="5.18031">
        <ele>312.8</ele>
      </trkpt>
      <trkpt lat="44.12518" lon="5.18032">
        <ele>312.8</ele>
      </trkpt>
      <trkpt lat="44.12518" lon="5.18032">
        <ele>312.8</ele>
      </trkpt>
      <trkpt lat="44.12518" lon="5.18033">
        <ele>312.8</ele>
      </trkpt>
      <trkpt lat="44.12518" lon="5.18034">
        <ele>312.7</ele>
      </trkpt>
      <trkpt lat="44.12519" lon="5.18034">
        <ele>312.7</ele>
      </trkpt>
      <trkpt lat="44.12519" lon="5.18035">
        <ele>312.7</ele>
      </trkpt>
      <trkpt lat="44.1252" lon="5.18035">
        <ele>312.7</ele>
      </trkpt>
      <trkpt lat="44.1252" lon="5.18036">
        <ele>312.7</ele>
      </trkpt>
      <trkpt lat="44.12521" lon="5.18036">
        <ele>312.7</ele>
      </trkpt>
      <trkpt lat="44.12521" lon="5.18037">
        <ele>312.6</ele>
      </trkpt>
      <trkpt lat="44.12522" lon="5.18037">
        <ele>312.6</ele>
      </trkpt>
      <trkpt lat="44.12523" lon="5.18037">
        <ele>312.6</ele>
      </trkpt>
      <trkpt lat="44.12523" lon="5.18038">
        <ele>312.6</ele>
      </trkpt>
      <trkpt lat="44.12524" lon="5.18038">
        <ele>312.6</ele>
      </trkpt>
      <trkpt lat="44.12527" lon="5.18049">
        <ele>312.3</ele>
      </trkpt>
      <trkpt lat="44.1253" lon="5.18053">
        <ele>312.2</ele>
      </trkpt>
      <trkpt lat="44.1253" lon="5.18063">
        <ele>311.9</ele>
      </trkpt>
      <trkpt lat="44.12529" lon="5.180659">
        <ele>311.8</ele>
      </trkpt>
      <trkpt lat="44.125079" lon="5.18156">
        <ele>311.1</ele>
      </trkpt>
      <trkpt lat="44.125079" lon="5.1816">
        <ele>311.1</ele>
      </trkpt>
      <trkpt lat="44.12497" lon="5.18211">
        <ele>310.9</ele>
      </trkpt>
      <trkpt lat="44.12496" lon="5.18216">
        <ele>310.9</ele>
      </trkpt>
      <trkpt lat="44.124899" lon="5.1824">
        <ele>310.7</ele>
      </trkpt>
      <trkpt lat="44.12478" lon="5.18295">
        <ele>311.6</ele>
      </trkpt>
      <trkpt lat="44.12455" lon="5.18394">
        <ele>313.4</ele>
      </trkpt>
      <trkpt lat="44.12454" lon="5.18399">
        <ele>313.5</ele>
      </trkpt>
      <trkpt lat="44.12422" lon="5.18544">
        <ele>314.2</ele>
      </trkpt>
      <trkpt lat="44.12416" lon="5.18571">
        <ele>314.0</ele>
      </trkpt>
      <trkpt lat="44.12412" lon="5.18588">
        <ele>314.1</ele>
      </trkpt>
      <trkpt lat="44.12412" lon="5.1859">
        <ele>314.1</ele>
      </trkpt>
      <trkpt lat="44.12409" lon="5.18603">
        <ele>314.2</ele>
      </trkpt>
      <trkpt lat="44.124049" lon="5.1862">
        <ele>314.3</ele>
      </trkpt>
      <trkpt lat="44.12398" lon="5.18652">
        <ele>314.6</ele>
      </trkpt>
      <trkpt lat="44.12395" lon="5.18663">
        <ele>314.7</ele>
      </trkpt>
      <trkpt lat="44.12395" lon="5.18665">
        <ele>314.7</ele>
      </trkpt>
      <trkpt lat="44.12385" lon="5.18708">
        <ele>316.4</ele>
      </trkpt>
      <trkpt lat="44.12381" lon="5.18726">
        <ele>317.1</ele>
      </trkpt>
      <trkpt lat="44.1238" lon="5.18732">
        <ele>317.4</ele>
      </trkpt>
      <trkpt lat="44.12377" lon="5.187439">
        <ele>317.8</ele>
      </trkpt>
      <trkpt lat="44.12373" lon="5.18767">
        <ele>319.0</ele>
      </trkpt>
      <trkpt lat="44.12366" lon="5.188">
        <ele>320.9</ele>
      </trkpt>
      <trkpt lat="44.12363" lon="5.1881">
        <ele>321.5</ele>
      </trkpt>
      <trkpt lat="44.12361" lon="5.18821">
        <ele>322.2</ele>
      </trkpt>
      <trkpt lat="44.12359" lon="5.18832">
        <ele>322.9</ele>
      </trkpt>
      <trkpt lat="44.123579" lon="5.18837">
        <ele>323.4</ele>
      </trkpt>
      <trkpt lat="44.12357" lon="5.18842">
        <ele>323.8</ele>
      </trkpt>
      <trkpt lat="44.12355" lon="5.18853">
        <ele>324.9</ele>
      </trkpt>
      <trkpt lat="44.12352" lon="5.18863">
        <ele>325.8</ele>
      </trkpt>
      <trkpt lat="44.123489" lon="5.188729">
        <ele>326.8</ele>
      </trkpt>
      <trkpt lat="44.12346" lon="5.18882">
        <ele>327.7</ele>
      </trkpt>
      <trkpt lat="44.12342" lon="5.18891">
        <ele>328.5</ele>
      </trkpt>
      <trkpt lat="44.12338" lon="5.189">
        <ele>329.4</ele>
      </trkpt>
      <trkpt lat="44.12335" lon="5.18903">
        <ele>329.7</ele>
      </trkpt>
      <trkpt lat="44.12332" lon="5.18907">
        <ele>330.0</ele>
      </trkpt>
      <trkpt lat="44.12327" lon="5.18914">
        <ele>330.5</ele>
      </trkpt>
      <trkpt lat="44.12322" lon="5.18921">
        <ele>330.9</ele>
      </trkpt>
      <trkpt lat="44.12316" lon="5.189269">
        <ele>331.0</ele>
      </trkpt>
      <trkpt lat="44.1231" lon="5.18932">
        <ele>331.1</ele>
      </trkpt>
      <trkpt lat="44.12298" lon="5.18943">
        <ele>331.3</ele>
      </trkpt>
      <trkpt lat="44.12291" lon="5.18948">
        <ele>331.4</ele>
      </trkpt>
      <trkpt lat="44.12287" lon="5.18951">
        <ele>331.4</ele>
      </trkpt>
      <trkpt lat="44.12268" lon="5.189669">
        <ele>331.7</ele>
      </trkpt>
      <trkpt lat="44.122459" lon="5.18985">
        <ele>332.1</ele>
      </trkpt>
      <trkpt lat="44.12231" lon="5.19">
        <ele>333.0</ele>
      </trkpt>
      <trkpt lat="44.12225" lon="5.19006">
        <ele>333.0</ele>
      </trkpt>
      <trkpt lat="44.12223" lon="5.1901">
        <ele>333.0</ele>
      </trkpt>
      <trkpt lat="44.12214" lon="5.19026">
        <ele>332.9</ele>
      </trkpt>
      <trkpt lat="44.12211" lon="5.190349">
        <ele>332.8</ele>
      </trkpt>
      <trkpt lat="44.12207" lon="5.19044">
        <ele>332.7</ele>
      </trkpt>
      <trkpt lat="44.12203" lon="5.19053">
        <ele>332.6</ele>
      </trkpt>
      <trkpt lat="44.121989" lon="5.19062">
        <ele>332.5</ele>
      </trkpt>
      <trkpt lat="44.12193" lon="5.19074">
        <ele>332.4</ele>
      </trkpt>
      <trkpt lat="44.12191" lon="5.19081">
        <ele>332.3</ele>
      </trkpt>
      <trkpt lat="44.12179" lon="5.19108">
        <ele>332.5</ele>
      </trkpt>
      <trkpt lat="44.12166" lon="5.19138">
        <ele>332.6</ele>
      </trkpt>
      <trkpt lat="44.12156" lon="5.191639">
        <ele>332.6</ele>
      </trkpt>
      <trkpt lat="44.12151" lon="5.19175">
        <ele>332.7</ele>
      </trkpt>
      <trkpt lat="44.12147" lon="5.19188">
        <ele>332.9</ele>
      </trkpt>
      <trkpt lat="44.12135" lon="5.19231">
        <ele>333.7</ele>
      </trkpt>
      <trkpt lat="44.12128" lon="5.19253">
        <ele>334.2</ele>
      </trkpt>
      <trkpt lat="44.12123" lon="5.192719">
        <ele>334.6</ele>
      </trkpt>
      <trkpt lat="44.121139" lon="5.19303">
        <ele>335.4</ele>
      </trkpt>
      <trkpt lat="44.12094" lon="5.19373">
        <ele>336.7</ele>
      </trkpt>
      <trkpt lat="44.1209" lon="5.19389">
        <ele>336.8</ele>
      </trkpt>
      <trkpt lat="44.12082" lon="5.19414">
        <ele>337.0</ele>
      </trkpt>
      <trkpt lat="44.12081" lon="5.1942">
        <ele>337.1</ele>
      </trkpt>
      <trkpt lat="44.12078" lon="5.19429">
        <ele>337.5</ele>
      </trkpt>
      <trkpt lat="44.12076" lon="5.19438">
        <ele>337.9</ele>
      </trkpt>
      <trkpt lat="44.12074" lon="5.19446">
        <ele>338.3</ele>
      </trkpt>
      <trkpt lat="44.12071" lon="5.194549">
        <ele>338.6</ele>
      </trkpt>
      <trkpt lat="44.12069" lon="5.19463">
        <ele>339.0</ele>
      </trkpt>
      <trkpt lat="44.120669" lon="5.19471">
        <ele>339.3</ele>
      </trkpt>
      <trkpt lat="44.12062" lon="5.19487">
        <ele>339.9</ele>
      </trkpt>
      <trkpt lat="44.12057" lon="5.19504">
        <ele>340.5</ele>
      </trkpt>
      <trkpt lat="44.12046" lon="5.195369">
        <ele>341.6</ele>
      </trkpt>
      <trkpt lat="44.120399" lon="5.19552">
        <ele>342.2</ele>
      </trkpt>
      <trkpt lat="44.12037" lon="5.19561">
        <ele>342.5</ele>
      </trkpt>
      <trkpt lat="44.12033" lon="5.19574">
        <ele>343.0</ele>
      </trkpt>
      <trkpt lat="44.12029" lon="5.19582">
        <ele>343.3</ele>
      </trkpt>
      <trkpt lat="44.12026" lon="5.19592">
        <ele>343.7</ele>
      </trkpt>
      <trkpt lat="44.12023" lon="5.196">
        <ele>344.0</ele>
      </trkpt>
      <trkpt lat="44.12017" lon="5.19615">
        <ele>344.6</ele>
      </trkpt>
      <trkpt lat="44.120109" lon="5.1963">
        <ele>345.0</ele>
      </trkpt>
      <trkpt lat="44.12008" lon="5.19639">
        <ele>345.3</ele>
      </trkpt>
      <trkpt lat="44.120019" lon="5.19655">
        <ele>345.7</ele>
      </trkpt>
      <trkpt lat="44.11998" lon="5.19664">
        <ele>345.9</ele>
      </trkpt>
      <trkpt lat="44.11987" lon="5.19685">
        <ele>346.8</ele>
      </trkpt>
      <trkpt lat="44.1195" lon="5.19758">
        <ele>349.5</ele>
      </trkpt>
      <trkpt lat="44.11934" lon="5.19791">
        <ele>350.2</ele>
      </trkpt>
      <trkpt lat="44.11923" lon="5.19813">
        <ele>350.6</ele>
      </trkpt>
      <trkpt lat="44.11903" lon="5.19853">
        <ele>351.2</ele>
      </trkpt>
      <trkpt lat="44.11896" lon="5.19868">
        <ele>351.5</ele>
      </trkpt>
      <trkpt lat="44.11893" lon="5.19872">
        <ele>351.6</ele>
      </trkpt>
      <trkpt lat="44.11887" lon="5.19885">
        <ele>352.0</ele>
      </trkpt>
      <trkpt lat="44.11884" lon="5.1989">
        <ele>352.1</ele>
      </trkpt>
      <trkpt lat="44.11882" lon="5.198959">
        <ele>352.3</ele>
      </trkpt>
      <trkpt lat="44.11879" lon="5.199029">
        <ele>352.5</ele>
      </trkpt>
      <trkpt lat="44.11875" lon="5.19912">
        <ele>352.8</ele>
      </trkpt>
      <trkpt lat="44.11874" lon="5.19915">
        <ele>352.9</ele>
      </trkpt>
      <trkpt lat="44.11867" lon="5.19933">
        <ele>353.5</ele>
      </trkpt>
      <trkpt lat="44.11865" lon="5.1994">
        <ele>353.7</ele>
      </trkpt>
      <trkpt lat="44.118609" lon="5.19953">
        <ele>354.2</ele>
      </trkpt>
      <trkpt lat="44.11859" lon="5.199569">
        <ele>354.3</ele>
      </trkpt>
      <trkpt lat="44.11857" lon="5.19963">
        <ele>354.5</ele>
      </trkpt>
      <trkpt lat="44.11854" lon="5.19975">
        <ele>354.9</ele>
      </trkpt>
      <trkpt lat="44.11851" lon="5.19985">
        <ele>355.3</ele>
      </trkpt>
      <trkpt lat="44.11849" lon="5.1999">
        <ele>355.5</ele>
      </trkpt>
      <trkpt lat="44.11848" lon="5.19995">
        <ele>355.7</ele>
      </trkpt>
      <trkpt lat="44.11846" lon="5.19999">
        <ele>355.8</ele>
      </trkpt>
      <trkpt lat="44.11845" lon="5.20004">
        <ele>356.0</ele>
      </trkpt>
      <trkpt lat="44.11844" lon="5.20009">
        <ele>356.1</ele>
      </trkpt>
      <trkpt lat="44.11844" lon="5.200109">
        <ele>356.2</ele>
      </trkpt>
      <trkpt lat="44.11844" lon="5.20013">
        <ele>356.2</ele>
      </trkpt>
      <trkpt lat="44.11844" lon="5.200179">
        <ele>356.4</ele>
      </trkpt>
      <trkpt lat="44.11844" lon="5.20023">
        <ele>356.5</ele>
      </trkpt>
      <trkpt lat="44.11845" lon="5.20024">
        <ele>356.5</ele>
      </trkpt>
      <trkpt lat="44.11846" lon="5.20029">
        <ele>356.6</ele>
      </trkpt>
      <trkpt lat="44.11848" lon="5.20034">
        <ele>356.8</ele>
      </trkpt>
      <trkpt lat="44.1185" lon="5.20038">
        <ele>356.9</ele>
      </trkpt>
      <trkpt lat="44.11853" lon="5.20041">
        <ele>357.0</ele>
      </trkpt>
      <trkpt lat="44.1186" lon="5.20046">
        <ele>357.1</ele>
      </trkpt>
      <trkpt lat="44.11868" lon="5.20051">
        <ele>357.3</ele>
      </trkpt>
      <trkpt lat="44.11882" lon="5.20059">
        <ele>357.7</ele>
      </trkpt>
      <trkpt lat="44.11885" lon="5.20061">
        <ele>357.8</ele>
      </trkpt>
      <trkpt lat="44.11901" lon="5.2007">
        <ele>358.2</ele>
      </trkpt>
      <trkpt lat="44.11915" lon="5.20078">
        <ele>358.7</ele>
      </trkpt>
      <trkpt lat="44.11927" lon="5.20087">
        <ele>359.3</ele>
      </trkpt>
      <trkpt lat="44.11932" lon="5.20092">
        <ele>359.6</ele>
      </trkpt>
      <trkpt lat="44.11937" lon="5.20096">
        <ele>359.8</ele>
      </trkpt>
      <trkpt lat="44.11941" lon="5.20101">
        <ele>360.1</ele>
      </trkpt>
      <trkpt lat="44.11945" lon="5.20106">
        <ele>360.4</ele>
      </trkpt>
      <trkpt lat="44.11949" lon="5.20111">
        <ele>360.8</ele>
      </trkpt>
      <trkpt lat="44.11954" lon="5.20117">
        <ele>361.2</ele>
      </trkpt>
      <trkpt lat="44.11958" lon="5.20122">
        <ele>361.6</ele>
      </trkpt>
      <trkpt lat="44.11966" lon="5.20134">
        <ele>362.5</ele>
      </trkpt>
      <trkpt lat="44.11974" lon="5.20146">
        <ele>363.5</ele>
      </trkpt>
      <trkpt lat="44.11977" lon="5.201539">
        <ele>364.1</ele>
      </trkpt>
      <trkpt lat="44.11982" lon="5.20165">
        <ele>365.0</ele>
      </trkpt>
      <trkpt lat="44.11983" lon="5.20169">
        <ele>365.2</ele>
      </trkpt>
      <trkpt lat="44.11985" lon="5.20175">
        <ele>365.5</ele>
      </trkpt>
      <trkpt lat="44.11986" lon="5.20182">
        <ele>365.7</ele>
      </trkpt>
      <trkpt lat="44.11987" lon="5.2019">
        <ele>365.9</ele>
      </trkpt>
      <trkpt lat="44.1199" lon="5.20211">
        <ele>366.6</ele>
      </trkpt>
      <trkpt lat="44.119929" lon="5.20254">
        <ele>367.8</ele>
      </trkpt>
      <trkpt lat="44.11995" lon="5.202689">
        <ele>368.3</ele>
      </trkpt>
      <trkpt lat="44.11997" lon="5.20286">
        <ele>368.8</ele>
      </trkpt>
      <trkpt lat="44.12" lon="5.20324">
        <ele>369.8</ele>
      </trkpt>
      <trkpt lat="44.12001" lon="5.20334">
        <ele>370.0</ele>
      </trkpt>
      <trkpt lat="44.12004" lon="5.20366">
        <ele>371.5</ele>
      </trkpt>
      <trkpt lat="44.1201" lon="5.20431">
        <ele>373.9</ele>
      </trkpt>
      <trkpt lat="44.12013" lon="5.20476">
        <ele>374.7</ele>
      </trkpt>
      <trkpt lat="44.12015" lon="5.20497">
        <ele>375.1</ele>
      </trkpt>
      <trkpt lat="44.12016" lon="5.205129">
        <ele>375.7</ele>
      </trkpt>
      <trkpt lat="44.12016" lon="5.205269">
        <ele>376.2</ele>
      </trkpt>
      <trkpt lat="44.12016" lon="5.20548">
        <ele>377.0</ele>
      </trkpt>
      <trkpt lat="44.12016" lon="5.205669">
        <ele>377.8</ele>
      </trkpt>
      <trkpt lat="44.12015" lon="5.20592">
        <ele>378.4</ele>
      </trkpt>
      <trkpt lat="44.12014" lon="5.20605">
        <ele>378.5</ele>
      </trkpt>
      <trkpt lat="44.12013" lon="5.20622">
        <ele>378.6</ele>
      </trkpt>
      <trkpt lat="44.12008" lon="5.2067">
        <ele>379.1</ele>
      </trkpt>
      <trkpt lat="44.12006" lon="5.20691">
        <ele>379.9</ele>
      </trkpt>
      <trkpt lat="44.120019" lon="5.20729">
        <ele>381.3</ele>
      </trkpt>
      <trkpt lat="44.12001" lon="5.20744">
        <ele>381.8</ele>
      </trkpt>
      <trkpt lat="44.11994" lon="5.20802">
        <ele>383.1</ele>
      </trkpt>
      <trkpt lat="44.11989" lon="5.20853">
        <ele>384.4</ele>
      </trkpt>
      <trkpt lat="44.11988" lon="5.20866">
        <ele>384.8</ele>
      </trkpt>
      <trkpt lat="44.1199" lon="5.20909">
        <ele>386.4</ele>
      </trkpt>
      <trkpt lat="44.11991" lon="5.20921">
        <ele>386.8</ele>
      </trkpt>
      <trkpt lat="44.11992" lon="5.20928">
        <ele>387.0</ele>
      </trkpt>
      <trkpt lat="44.119929" lon="5.2093">
        <ele>387.1</ele>
      </trkpt>
      <trkpt lat="44.11995" lon="5.20943">
        <ele>387.5</ele>
      </trkpt>
      <trkpt lat="44.11996" lon="5.20952">
        <ele>387.7</ele>
      </trkpt>
      <trkpt lat="44.11997" lon="5.209539">
        <ele>387.8</ele>
      </trkpt>
      <trkpt lat="44.12" lon="5.20974">
        <ele>388.4</ele>
      </trkpt>
      <trkpt lat="44.12001" lon="5.20976">
        <ele>388.5</ele>
      </trkpt>
      <trkpt lat="44.12003" lon="5.209869">
        <ele>388.8</ele>
      </trkpt>
      <trkpt lat="44.12004" lon="5.20997">
        <ele>389.1</ele>
      </trkpt>
      <trkpt lat="44.12005" lon="5.210009">
        <ele>389.2</ele>
      </trkpt>
      <trkpt lat="44.12009" lon="5.21025">
        <ele>390.8</ele>
      </trkpt>
      <trkpt lat="44.12014" lon="5.21049">
        <ele>392.3</ele>
      </trkpt>
      <trkpt lat="44.12017" lon="5.2107">
        <ele>393.6</ele>
      </trkpt>
      <trkpt lat="44.12018" lon="5.21074">
        <ele>393.9</ele>
      </trkpt>
      <trkpt lat="44.12024" lon="5.2111">
        <ele>396.6</ele>
      </trkpt>
      <trkpt lat="44.12025" lon="5.2112">
        <ele>397.4</ele>
      </trkpt>
      <trkpt lat="44.12028" lon="5.21131">
        <ele>398.3</ele>
      </trkpt>
      <trkpt lat="44.12031" lon="5.21147">
        <ele>399.6</ele>
      </trkpt>
      <trkpt lat="44.12034" lon="5.21159">
        <ele>400.6</ele>
      </trkpt>
      <trkpt lat="44.12037" lon="5.2117">
        <ele>401.4</ele>
      </trkpt>
      <trkpt lat="44.120399" lon="5.21178">
        <ele>401.6</ele>
      </trkpt>
      <trkpt lat="44.12045" lon="5.21189">
        <ele>402.0</ele>
      </trkpt>
      <trkpt lat="44.12047" lon="5.211909">
        <ele>402.1</ele>
      </trkpt>
      <trkpt lat="44.1209" lon="5.21275">
        <ele>405.1</ele>
      </trkpt>
      <trkpt lat="44.12112" lon="5.21318">
        <ele>405.6</ele>
      </trkpt>
      <trkpt lat="44.12115" lon="5.21325">
        <ele>405.8</ele>
      </trkpt>
      <trkpt lat="44.12118" lon="5.2133">
        <ele>405.9</ele>
      </trkpt>
      <trkpt lat="44.1212" lon="5.21335">
        <ele>406.1</ele>
      </trkpt>
      <trkpt lat="44.12125" lon="5.21343">
        <ele>406.5</ele>
      </trkpt>
      <trkpt lat="44.12129" lon="5.21352">
        <ele>407.0</ele>
      </trkpt>
      <trkpt lat="44.121339" lon="5.21362">
        <ele>407.6</ele>
      </trkpt>
      <trkpt lat="44.12139" lon="5.21369">
        <ele>408.0</ele>
      </trkpt>
      <trkpt lat="44.12155" lon="5.21399">
        <ele>409.8</ele>
      </trkpt>
      <trkpt lat="44.121609" lon="5.21411">
        <ele>410.6</ele>
      </trkpt>
      <trkpt lat="44.1217" lon="5.214279">
        <ele>411.4</ele>
      </trkpt>
      <trkpt lat="44.12175" lon="5.2144">
        <ele>411.8</ele>
      </trkpt>
      <trkpt lat="44.12179" lon="5.21448">
        <ele>411.9</ele>
      </trkpt>
      <trkpt lat="44.12184" lon="5.21462">
        <ele>412.4</ele>
      </trkpt>
      <trkpt lat="44.12185" lon="5.21463">
        <ele>412.3</ele>
      </trkpt>
      <trkpt lat="44.12192" lon="5.21481">
        <ele>412.8</ele>
      </trkpt>
      <trkpt lat="44.12193" lon="5.21484">
        <ele>412.9</ele>
      </trkpt>
      <trkpt lat="44.12195" lon="5.21491">
        <ele>413.1</ele>
      </trkpt>
      <trkpt lat="44.12198" lon="5.215">
        <ele>413.4</ele>
      </trkpt>
      <trkpt lat="44.122" lon="5.21507">
        <ele>413.7</ele>
      </trkpt>
      <trkpt lat="44.12201" lon="5.21509">
        <ele>413.7</ele>
      </trkpt>
      <trkpt lat="44.12207" lon="5.21528">
        <ele>414.6</ele>
      </trkpt>
      <trkpt lat="44.122079" lon="5.2153">
        <ele>414.7</ele>
      </trkpt>
      <trkpt lat="44.12215" lon="5.21553">
        <ele>416.0</ele>
      </trkpt>
      <trkpt lat="44.12215" lon="5.21555">
        <ele>416.1</ele>
      </trkpt>
      <trkpt lat="44.12218" lon="5.21565">
        <ele>416.7</ele>
      </trkpt>
      <trkpt lat="44.12219" lon="5.21575">
        <ele>417.5</ele>
      </trkpt>
      <trkpt lat="44.1222" lon="5.21577">
        <ele>417.6</ele>
      </trkpt>
      <trkpt lat="44.1222" lon="5.21584">
        <ele>418.1</ele>
      </trkpt>
      <trkpt lat="44.12221" lon="5.21594">
        <ele>418.7</ele>
      </trkpt>
      <trkpt lat="44.12221" lon="5.21602">
        <ele>419.2</ele>
      </trkpt>
      <trkpt lat="44.1222" lon="5.21603">
        <ele>419.3</ele>
      </trkpt>
      <trkpt lat="44.1222" lon="5.21613">
        <ele>420.0</ele>
      </trkpt>
      <trkpt lat="44.12218" lon="5.21623">
        <ele>420.6</ele>
      </trkpt>
      <trkpt lat="44.12218" lon="5.21626">
        <ele>420.8</ele>
      </trkpt>
      <trkpt lat="44.122169" lon="5.216319">
        <ele>421.2</ele>
      </trkpt>
      <trkpt lat="44.12215" lon="5.2164">
        <ele>421.8</ele>
      </trkpt>
      <trkpt lat="44.12212" lon="5.21649">
        <ele>422.4</ele>
      </trkpt>
      <trkpt lat="44.12209" lon="5.21658">
        <ele>423.0</ele>
      </trkpt>
      <trkpt lat="44.12207" lon="5.21667">
        <ele>423.5</ele>
      </trkpt>
      <trkpt lat="44.12201" lon="5.216859">
        <ele>425.2</ele>
      </trkpt>
      <trkpt lat="44.122" lon="5.21689">
        <ele>425.4</ele>
      </trkpt>
      <trkpt lat="44.121989" lon="5.21695">
        <ele>425.9</ele>
      </trkpt>
      <trkpt lat="44.12196" lon="5.21704">
        <ele>426.7</ele>
      </trkpt>
      <trkpt lat="44.12194" lon="5.21713">
        <ele>427.4</ele>
      </trkpt>
      <trkpt lat="44.12191" lon="5.21723">
        <ele>428.2</ele>
      </trkpt>
      <trkpt lat="44.12188" lon="5.21732">
        <ele>428.8</ele>
      </trkpt>
      <trkpt lat="44.12186" lon="5.21742">
        <ele>429.6</ele>
      </trkpt>
      <trkpt lat="44.1218" lon="5.21761">
        <ele>430.8</ele>
      </trkpt>
      <trkpt lat="44.12175" lon="5.2178">
        <ele>431.9</ele>
      </trkpt>
      <trkpt lat="44.12172" lon="5.2179">
        <ele>432.5</ele>
      </trkpt>
      <trkpt lat="44.12169" lon="5.218">
        <ele>433.0</ele>
      </trkpt>
      <trkpt lat="44.12166" lon="5.2181">
        <ele>433.6</ele>
      </trkpt>
      <trkpt lat="44.12163" lon="5.2182">
        <ele>434.3</ele>
      </trkpt>
      <trkpt lat="44.1216" lon="5.2183">
        <ele>435.0</ele>
      </trkpt>
      <trkpt lat="44.12158" lon="5.2184">
        <ele>435.7</ele>
      </trkpt>
      <trkpt lat="44.12155" lon="5.2185">
        <ele>436.4</ele>
      </trkpt>
      <trkpt lat="44.121519" lon="5.21859">
        <ele>437.0</ele>
      </trkpt>
      <trkpt lat="44.12149" lon="5.2187">
        <ele>437.6</ele>
      </trkpt>
      <trkpt lat="44.12147" lon="5.21879">
        <ele>438.2</ele>
      </trkpt>
      <trkpt lat="44.12144" lon="5.21888">
        <ele>438.7</ele>
      </trkpt>
      <trkpt lat="44.12139" lon="5.21906">
        <ele>439.8</ele>
      </trkpt>
      <trkpt lat="44.12138" lon="5.2191">
        <ele>440.0</ele>
      </trkpt>
      <trkpt lat="44.12136" lon="5.21918">
        <ele>440.5</ele>
      </trkpt>
      <trkpt lat="44.12133" lon="5.21927">
        <ele>441.0</ele>
      </trkpt>
      <trkpt lat="44.1213" lon="5.219369">
        <ele>441.7</ele>
      </trkpt>
      <trkpt lat="44.12127" lon="5.21945">
        <ele>442.2</ele>
      </trkpt>
      <trkpt lat="44.12124" lon="5.21955">
        <ele>442.8</ele>
      </trkpt>
      <trkpt lat="44.12121" lon="5.21964">
        <ele>443.3</ele>
      </trkpt>
      <trkpt lat="44.12117" lon="5.21973">
        <ele>443.8</ele>
      </trkpt>
      <trkpt lat="44.121139" lon="5.21982">
        <ele>444.3</ele>
      </trkpt>
      <trkpt lat="44.121139" lon="5.21983">
        <ele>444.4</ele>
      </trkpt>
      <trkpt lat="44.12108" lon="5.22001">
        <ele>445.3</ele>
      </trkpt>
      <trkpt lat="44.12104" lon="5.2201">
        <ele>445.7</ele>
      </trkpt>
      <trkpt lat="44.12099" lon="5.22022">
        <ele>446.1</ele>
      </trkpt>
      <trkpt lat="44.1209" lon="5.22047">
        <ele>446.9</ele>
      </trkpt>
      <trkpt lat="44.12083" lon="5.22065">
        <ele>447.3</ele>
      </trkpt>
      <trkpt lat="44.12079" lon="5.22076">
        <ele>447.6</ele>
      </trkpt>
      <trkpt lat="44.12073" lon="5.22093">
        <ele>448.1</ele>
      </trkpt>
      <trkpt lat="44.12069" lon="5.22104">
        <ele>448.5</ele>
      </trkpt>
      <trkpt lat="44.12064" lon="5.22117">
        <ele>448.9</ele>
      </trkpt>
      <trkpt lat="44.12061" lon="5.22123">
        <ele>449.1</ele>
      </trkpt>
      <trkpt lat="44.12054" lon="5.22143">
        <ele>449.8</ele>
      </trkpt>
      <trkpt lat="44.1205" lon="5.22155">
        <ele>450.2</ele>
      </trkpt>
      <trkpt lat="44.12046" lon="5.22169">
        <ele>450.8</ele>
      </trkpt>
      <trkpt lat="44.12046" lon="5.2217">
        <ele>450.9</ele>
      </trkpt>
      <trkpt lat="44.12042" lon="5.22183">
        <ele>451.6</ele>
      </trkpt>
      <trkpt lat="44.12037" lon="5.22206">
        <ele>453.0</ele>
      </trkpt>
      <trkpt lat="44.12031" lon="5.2223">
        <ele>454.4</ele>
      </trkpt>
      <trkpt lat="44.12028" lon="5.22245">
        <ele>455.3</ele>
      </trkpt>
      <trkpt lat="44.12027" lon="5.22253">
        <ele>455.7</ele>
      </trkpt>
      <trkpt lat="44.12027" lon="5.22269">
        <ele>456.2</ele>
      </trkpt>
      <trkpt lat="44.12028" lon="5.22283">
        <ele>456.6</ele>
      </trkpt>
      <trkpt lat="44.12031" lon="5.22305">
        <ele>457.4</ele>
      </trkpt>
      <trkpt lat="44.12031" lon="5.22309">
        <ele>457.5</ele>
      </trkpt>
      <trkpt lat="44.12032" lon="5.22312">
        <ele>457.7</ele>
      </trkpt>
      <trkpt lat="44.12033" lon="5.22318">
        <ele>457.9</ele>
      </trkpt>
      <trkpt lat="44.12034" lon="5.22327">
        <ele>458.2</ele>
      </trkpt>
      <trkpt lat="44.12036" lon="5.22334">
        <ele>458.6</ele>
      </trkpt>
      <trkpt lat="44.12038" lon="5.22342">
        <ele>458.9</ele>
      </trkpt>
      <trkpt lat="44.12046" lon="5.22382">
        <ele>460.5</ele>
      </trkpt>
      <trkpt lat="44.12048" lon="5.22391">
        <ele>460.8</ele>
      </trkpt>
      <trkpt lat="44.1205" lon="5.22406">
        <ele>461.3</ele>
      </trkpt>
      <trkpt lat="44.12052" lon="5.22426">
        <ele>462.2</ele>
      </trkpt>
      <trkpt lat="44.12053" lon="5.2244">
        <ele>462.8</ele>
      </trkpt>
      <trkpt lat="44.12053" lon="5.22452">
        <ele>463.4</ele>
      </trkpt>
      <trkpt lat="44.1205" lon="5.22476">
        <ele>464.2</ele>
      </trkpt>
      <trkpt lat="44.12047" lon="5.22501">
        <ele>465.0</ele>
      </trkpt>
      <trkpt lat="44.12042" lon="5.22545">
        <ele>466.7</ele>
      </trkpt>
      <trkpt lat="44.12036" lon="5.225939">
        <ele>468.8</ele>
      </trkpt>
      <trkpt lat="44.12032" lon="5.22622">
        <ele>470.2</ele>
      </trkpt>
      <trkpt lat="44.12027" lon="5.2266">
        <ele>472.2</ele>
      </trkpt>
      <trkpt lat="44.12027" lon="5.22664">
        <ele>472.5</ele>
      </trkpt>
      <trkpt lat="44.12024" lon="5.22688">
        <ele>473.8</ele>
      </trkpt>
      <trkpt lat="44.12023" lon="5.227">
        <ele>474.4</ele>
      </trkpt>
      <trkpt lat="44.12022" lon="5.22712">
        <ele>475.1</ele>
      </trkpt>
      <trkpt lat="44.12021" lon="5.227229">
        <ele>475.7</ele>
      </trkpt>
      <trkpt lat="44.12021" lon="5.22735">
        <ele>476.4</ele>
      </trkpt>
      <trkpt lat="44.12021" lon="5.22746">
        <ele>477.0</ele>
      </trkpt>
      <trkpt lat="44.12021" lon="5.22758">
        <ele>477.4</ele>
      </trkpt>
      <trkpt lat="44.12021" lon="5.22769">
        <ele>477.5</ele>
      </trkpt>
      <trkpt lat="44.12021" lon="5.227699">
        <ele>477.6</ele>
      </trkpt>
      <trkpt lat="44.12022" lon="5.22781">
        <ele>477.8</ele>
      </trkpt>
      <trkpt lat="44.12024" lon="5.22794">
        <ele>478.0</ele>
      </trkpt>
      <trkpt lat="44.12027" lon="5.22815">
        <ele>478.6</ele>
      </trkpt>
      <trkpt lat="44.12033" lon="5.2286">
        <ele>480.7</ele>
      </trkpt>
      <trkpt lat="44.12035" lon="5.22871">
        <ele>481.4</ele>
      </trkpt>
      <trkpt lat="44.12039" lon="5.22896">
        <ele>483.1</ele>
      </trkpt>
      <trkpt lat="44.12041" lon="5.22917">
        <ele>484.4</ele>
      </trkpt>
      <trkpt lat="44.12043" lon="5.2293">
        <ele>485.8</ele>
      </trkpt>
      <trkpt lat="44.12046" lon="5.22948">
        <ele>487.6</ele>
      </trkpt>
      <trkpt lat="44.12047" lon="5.22959">
        <ele>488.6</ele>
      </trkpt>
      <trkpt lat="44.120489" lon="5.22969">
        <ele>489.6</ele>
      </trkpt>
      <trkpt lat="44.1205" lon="5.22979">
        <ele>490.5</ele>
      </trkpt>
      <trkpt lat="44.12052" lon="5.22989">
        <ele>491.5</ele>
      </trkpt>
      <trkpt lat="44.12053" lon="5.22999">
        <ele>492.4</ele>
      </trkpt>
      <trkpt lat="44.12053" lon="5.23009">
        <ele>493.1</ele>
      </trkpt>
      <trkpt lat="44.12053" lon="5.23019">
        <ele>493.8</ele>
      </trkpt>
      <trkpt lat="44.12052" lon="5.23029">
        <ele>494.5</ele>
      </trkpt>
      <trkpt lat="44.1205" lon="5.23038">
        <ele>495.0</ele>
      </trkpt>
      <trkpt lat="44.12047" lon="5.23048">
        <ele>495.7</ele>
      </trkpt>
      <trkpt lat="44.12043" lon="5.23056">
        <ele>496.2</ele>
      </trkpt>
      <trkpt lat="44.12039" lon="5.23065">
        <ele>496.9</ele>
      </trkpt>
      <trkpt lat="44.12034" lon="5.23072">
        <ele>497.5</ele>
      </trkpt>
      <trkpt lat="44.1203" lon="5.23078">
        <ele>498.1</ele>
      </trkpt>
      <trkpt lat="44.12012" lon="5.23102">
        <ele>500.0</ele>
      </trkpt>
      <trkpt lat="44.11994" lon="5.23125">
        <ele>501.2</ele>
      </trkpt>
      <trkpt lat="44.11983" lon="5.23141">
        <ele>501.6</ele>
      </trkpt>
      <trkpt lat="44.11971" lon="5.23158">
        <ele>502.1</ele>
      </trkpt>
      <trkpt lat="44.11952" lon="5.23183">
        <ele>503.2</ele>
      </trkpt>
      <trkpt lat="44.11933" lon="5.23208">
        <ele>504.4</ele>
      </trkpt>
      <trkpt lat="44.1192" lon="5.232249">
        <ele>505.1</ele>
      </trkpt>
      <trkpt lat="44.11901" lon="5.23251">
        <ele>506.7</ele>
      </trkpt>
      <trkpt lat="44.11891" lon="5.23266">
        <ele>508.1</ele>
      </trkpt>
      <trkpt lat="44.1186" lon="5.23308">
        <ele>511.4</ele>
      </trkpt>
      <trkpt lat="44.11831" lon="5.23346">
        <ele>513.9</ele>
      </trkpt>
      <trkpt lat="44.11825" lon="5.23354">
        <ele>514.0</ele>
      </trkpt>
      <trkpt lat="44.11818" lon="5.23364">
        <ele>514.0</ele>
      </trkpt>
      <trkpt lat="44.11813" lon="5.23372">
        <ele>514.1</ele>
      </trkpt>
      <trkpt lat="44.11808" lon="5.233799">
        <ele>514.1</ele>
      </trkpt>
      <trkpt lat="44.11803" lon="5.23391">
        <ele>514.3</ele>
      </trkpt>
      <trkpt lat="44.118" lon="5.23399">
        <ele>514.4</ele>
      </trkpt>
      <trkpt lat="44.11797" lon="5.23409">
        <ele>514.8</ele>
      </trkpt>
      <trkpt lat="44.11795" lon="5.23419">
        <ele>515.2</ele>
      </trkpt>
      <trkpt lat="44.11793" lon="5.23429">
        <ele>515.6</ele>
      </trkpt>
      <trkpt lat="44.1179" lon="5.23439">
        <ele>515.9</ele>
      </trkpt>
      <trkpt lat="44.11788" lon="5.234479">
        <ele>516.2</ele>
      </trkpt>
      <trkpt lat="44.11785" lon="5.23457">
        <ele>516.4</ele>
      </trkpt>
      <trkpt lat="44.11782" lon="5.23466">
        <ele>516.5</ele>
      </trkpt>
      <trkpt lat="44.11777" lon="5.23474">
        <ele>516.3</ele>
      </trkpt>
      <trkpt lat="44.11772" lon="5.23482">
        <ele>516.1</ele>
      </trkpt>
      <trkpt lat="44.117669" lon="5.23489">
        <ele>515.9</ele>
      </trkpt>
      <trkpt lat="44.11762" lon="5.23496">
        <ele>515.6</ele>
      </trkpt>
      <trkpt lat="44.117579" lon="5.235019">
        <ele>515.4</ele>
      </trkpt>
      <trkpt lat="44.11754" lon="5.235089">
        <ele>515.5</ele>
      </trkpt>
      <trkpt lat="44.11753" lon="5.235089">
        <ele>515.3</ele>
      </trkpt>
      <trkpt lat="44.1175" lon="5.23515">
        <ele>515.4</ele>
      </trkpt>
      <trkpt lat="44.11747" lon="5.23522">
        <ele>515.4</ele>
      </trkpt>
      <trkpt lat="44.11745" lon="5.23529">
        <ele>515.5</ele>
      </trkpt>
      <trkpt lat="44.11744" lon="5.23536">
        <ele>516.0</ele>
      </trkpt>
      <trkpt lat="44.11743" lon="5.23543">
        <ele>516.4</ele>
      </trkpt>
      <trkpt lat="44.11743" lon="5.2355">
        <ele>517.0</ele>
      </trkpt>
      <trkpt lat="44.11743" lon="5.23558">
        <ele>517.8</ele>
      </trkpt>
      <trkpt lat="44.11744" lon="5.23565">
        <ele>518.7</ele>
      </trkpt>
      <trkpt lat="44.11746" lon="5.2358">
        <ele>520.6</ele>
      </trkpt>
      <trkpt lat="44.11751" lon="5.23611">
        <ele>522.5</ele>
      </trkpt>
      <trkpt lat="44.11753" lon="5.23628">
        <ele>523.1</ele>
      </trkpt>
      <trkpt lat="44.11754" lon="5.23636">
        <ele>523.3</ele>
      </trkpt>
      <trkpt lat="44.11755" lon="5.236449">
        <ele>523.7</ele>
      </trkpt>
      <trkpt lat="44.11755" lon="5.23654">
        <ele>523.8</ele>
      </trkpt>
      <trkpt lat="44.11755" lon="5.23655">
        <ele>523.8</ele>
      </trkpt>
      <trkpt lat="44.11755" lon="5.23663">
        <ele>523.9</ele>
      </trkpt>
      <trkpt lat="44.11754" lon="5.23672">
        <ele>524.0</ele>
      </trkpt>
      <trkpt lat="44.11753" lon="5.23681">
        <ele>524.3</ele>
      </trkpt>
      <trkpt lat="44.11752" lon="5.2369">
        <ele>524.5</ele>
      </trkpt>
      <trkpt lat="44.11747" lon="5.23728">
        <ele>525.4</ele>
      </trkpt>
      <trkpt lat="44.11739" lon="5.23778">
        <ele>528.3</ele>
      </trkpt>
      <trkpt lat="44.11736" lon="5.23794">
        <ele>529.6</ele>
      </trkpt>
      <trkpt lat="44.11734" lon="5.23804">
        <ele>530.4</ele>
      </trkpt>
      <trkpt lat="44.11731" lon="5.238139">
        <ele>531.1</ele>
      </trkpt>
      <trkpt lat="44.11728" lon="5.23822">
        <ele>531.5</ele>
      </trkpt>
      <trkpt lat="44.11724" lon="5.23832">
        <ele>532.1</ele>
      </trkpt>
      <trkpt lat="44.11721" lon="5.23839">
        <ele>532.5</ele>
      </trkpt>
      <trkpt lat="44.11716" lon="5.23847">
        <ele>532.7</ele>
      </trkpt>
      <trkpt lat="44.117019" lon="5.23865">
        <ele>532.6</ele>
      </trkpt>
      <trkpt lat="44.1169" lon="5.2388">
        <ele>532.3</ele>
      </trkpt>
      <trkpt lat="44.11684" lon="5.23887">
        <ele>532.1</ele>
      </trkpt>
      <trkpt lat="44.11663" lon="5.23915">
        <ele>531.4</ele>
      </trkpt>
      <trkpt lat="44.1164" lon="5.239429">
        <ele>532.6</ele>
      </trkpt>
      <trkpt lat="44.11613" lon="5.23978">
        <ele>533.8</ele>
      </trkpt>
      <trkpt lat="44.11602" lon="5.23991">
        <ele>533.9</ele>
      </trkpt>
      <trkpt lat="44.11595" lon="5.23999">
        <ele>533.8</ele>
      </trkpt>
      <trkpt lat="44.1159" lon="5.240039">
        <ele>533.6</ele>
      </trkpt>
      <trkpt lat="44.11584" lon="5.2401">
        <ele>533.3</ele>
      </trkpt>
      <trkpt lat="44.11577" lon="5.24014">
        <ele>533.8</ele>
      </trkpt>
      <trkpt lat="44.115699" lon="5.240179">
        <ele>534.4</ele>
      </trkpt>
      <trkpt lat="44.115609" lon="5.24022">
        <ele>535.1</ele>
      </trkpt>
      <trkpt lat="44.11553" lon="5.24023">
        <ele>535.4</ele>
      </trkpt>
      <trkpt lat="44.115519" lon="5.24023">
        <ele>535.4</ele>
      </trkpt>
      <trkpt lat="44.11545" lon="5.24024">
        <ele>535.7</ele>
      </trkpt>
      <trkpt lat="44.11537" lon="5.24025">
        <ele>536.0</ele>
      </trkpt>
      <trkpt lat="44.11533" lon="5.24026">
        <ele>536.3</ele>
      </trkpt>
      <trkpt lat="44.11526" lon="5.24027">
        <ele>536.6</ele>
      </trkpt>
      <trkpt lat="44.11518" lon="5.24028">
        <ele>536.9</ele>
      </trkpt>
      <trkpt lat="44.11511" lon="5.24029">
        <ele>537.3</ele>
      </trkpt>
      <trkpt lat="44.11503" lon="5.24029">
        <ele>537.5</ele>
      </trkpt>
      <trkpt lat="44.11496" lon="5.24028">
        <ele>537.8</ele>
      </trkpt>
      <trkpt lat="44.11489" lon="5.24027">
        <ele>538.5</ele>
      </trkpt>
      <trkpt lat="44.11482" lon="5.24024">
        <ele>538.7</ele>
      </trkpt>
      <trkpt lat="44.1148" lon="5.24023">
        <ele>538.7</ele>
      </trkpt>
      <trkpt lat="44.114759" lon="5.2402">
        <ele>538.6</ele>
      </trkpt>
      <trkpt lat="44.11468" lon="5.24015">
        <ele>538.6</ele>
      </trkpt>
      <trkpt lat="44.11448" lon="5.239969">
        <ele>537.7</ele>
      </trkpt>
      <trkpt lat="44.11441" lon="5.23991">
        <ele>537.3</ele>
      </trkpt>
      <trkpt lat="44.11431" lon="5.23985">
        <ele>537.3</ele>
      </trkpt>
      <trkpt lat="44.11424" lon="5.23981">
        <ele>537.3</ele>
      </trkpt>
      <trkpt lat="44.11416" lon="5.23977">
        <ele>537.3</ele>
      </trkpt>
      <trkpt lat="44.114109" lon="5.23975">
        <ele>537.2</ele>
      </trkpt>
      <trkpt lat="44.11404" lon="5.23973">
        <ele>537.2</ele>
      </trkpt>
      <trkpt lat="44.11398" lon="5.23971">
        <ele>537.2</ele>
      </trkpt>
      <trkpt lat="44.11387" lon="5.23969">
        <ele>537.5</ele>
      </trkpt>
      <trkpt lat="44.11381" lon="5.23968">
        <ele>537.7</ele>
      </trkpt>
      <trkpt lat="44.1138" lon="5.23968">
        <ele>537.8</ele>
      </trkpt>
      <trkpt lat="44.11374" lon="5.23967">
        <ele>538.0</ele>
      </trkpt>
      <trkpt lat="44.11367" lon="5.23967">
        <ele>538.5</ele>
      </trkpt>
      <trkpt lat="44.11363" lon="5.23967">
        <ele>538.7</ele>
      </trkpt>
      <trkpt lat="44.11358" lon="5.23969">
        <ele>539.4</ele>
      </trkpt>
      <trkpt lat="44.113549" lon="5.2397">
        <ele>539.7</ele>
      </trkpt>
      <trkpt lat="44.11353" lon="5.23972">
        <ele>540.1</ele>
      </trkpt>
      <trkpt lat="44.11351" lon="5.23974">
        <ele>540.5</ele>
      </trkpt>
      <trkpt lat="44.1135" lon="5.23976">
        <ele>540.9</ele>
      </trkpt>
      <trkpt lat="44.11349" lon="5.2398">
        <ele>541.5</ele>
      </trkpt>
      <trkpt lat="44.1135" lon="5.23984">
        <ele>542.1</ele>
      </trkpt>
      <trkpt lat="44.1135" lon="5.23986">
        <ele>542.3</ele>
      </trkpt>
      <trkpt lat="44.11351" lon="5.23987">
        <ele>542.4</ele>
      </trkpt>
      <trkpt lat="44.11353" lon="5.239899">
        <ele>542.8</ele>
      </trkpt>
      <trkpt lat="44.113549" lon="5.23992">
        <ele>543.0</ele>
      </trkpt>
      <trkpt lat="44.11358" lon="5.23994">
        <ele>543.2</ele>
      </trkpt>
      <trkpt lat="44.11361" lon="5.23996">
        <ele>543.4</ele>
      </trkpt>
      <trkpt lat="44.11371" lon="5.24">
        <ele>543.6</ele>
      </trkpt>
      <trkpt lat="44.11378" lon="5.240039">
        <ele>544.0</ele>
      </trkpt>
      <trkpt lat="44.11379" lon="5.240039">
        <ele>543.9</ele>
      </trkpt>
      <trkpt lat="44.11383" lon="5.24007">
        <ele>544.3</ele>
      </trkpt>
      <trkpt lat="44.11387" lon="5.24009">
        <ele>544.5</ele>
      </trkpt>
      <trkpt lat="44.11395" lon="5.24014">
        <ele>545.0</ele>
      </trkpt>
      <trkpt lat="44.114" lon="5.240179">
        <ele>545.6</ele>
      </trkpt>
      <trkpt lat="44.11404" lon="5.24022">
        <ele>546.2</ele>
      </trkpt>
      <trkpt lat="44.11408" lon="5.24026">
        <ele>546.8</ele>
      </trkpt>
      <trkpt lat="44.114109" lon="5.2403">
        <ele>547.5</ele>
      </trkpt>
      <trkpt lat="44.11415" lon="5.24036">
        <ele>548.5</ele>
      </trkpt>
      <trkpt lat="44.11421" lon="5.24043">
        <ele>549.2</ele>
      </trkpt>
      <trkpt lat="44.11435" lon="5.24062">
        <ele>551.1</ele>
      </trkpt>
      <trkpt lat="44.11459" lon="5.24096">
        <ele>555.1</ele>
      </trkpt>
      <trkpt lat="44.11472" lon="5.24114">
        <ele>557.9</ele>
      </trkpt>
      <trkpt lat="44.11487" lon="5.24137">
        <ele>562.2</ele>
      </trkpt>
      <trkpt lat="44.11492" lon="5.24144">
        <ele>563.7</ele>
      </trkpt>
      <trkpt lat="44.11497" lon="5.24149">
        <ele>564.7</ele>
      </trkpt>
      <trkpt lat="44.11499" lon="5.24152">
        <ele>565.3</ele>
      </trkpt>
      <trkpt lat="44.11501" lon="5.24154">
        <ele>565.7</ele>
      </trkpt>
      <trkpt lat="44.11506" lon="5.24158">
        <ele>566.1</ele>
      </trkpt>
      <trkpt lat="44.11511" lon="5.24163">
        <ele>566.7</ele>
      </trkpt>
      <trkpt lat="44.115139" lon="5.24166">
        <ele>567.0</ele>
      </trkpt>
      <trkpt lat="44.11515" lon="5.24167">
        <ele>567.1</ele>
      </trkpt>
      <trkpt lat="44.1152" lon="5.24171">
        <ele>567.2</ele>
      </trkpt>
      <trkpt lat="44.11526" lon="5.24175">
        <ele>567.2</ele>
      </trkpt>
      <trkpt lat="44.1153" lon="5.24178">
        <ele>567.3</ele>
      </trkpt>
      <trkpt lat="44.11541" lon="5.24186">
        <ele>567.5</ele>
      </trkpt>
      <trkpt lat="44.11551" lon="5.241939">
        <ele>567.9</ele>
      </trkpt>
      <trkpt lat="44.1156" lon="5.242">
        <ele>568.1</ele>
      </trkpt>
      <trkpt lat="44.11562" lon="5.242009">
        <ele>568.0</ele>
      </trkpt>
      <trkpt lat="44.11566" lon="5.24204">
        <ele>568.2</ele>
      </trkpt>
      <trkpt lat="44.11572" lon="5.24209">
        <ele>568.5</ele>
      </trkpt>
      <trkpt lat="44.11577" lon="5.24213">
        <ele>568.8</ele>
      </trkpt>
      <trkpt lat="44.11582" lon="5.24217">
        <ele>569.0</ele>
      </trkpt>
      <trkpt lat="44.11586" lon="5.24222">
        <ele>570.3</ele>
      </trkpt>
      <trkpt lat="44.11591" lon="5.24226">
        <ele>571.7</ele>
      </trkpt>
      <trkpt lat="44.11595" lon="5.2423">
        <ele>573.0</ele>
      </trkpt>
      <trkpt lat="44.11598" lon="5.24235">
        <ele>574.4</ele>
      </trkpt>
      <trkpt lat="44.11602" lon="5.24239">
        <ele>575.6</ele>
      </trkpt>
      <trkpt lat="44.11605" lon="5.24244">
        <ele>576.9</ele>
      </trkpt>
      <trkpt lat="44.116079" lon="5.242479">
        <ele>578.0</ele>
      </trkpt>
      <trkpt lat="44.11611" lon="5.24252">
        <ele>578.9</ele>
      </trkpt>
      <trkpt lat="44.11613" lon="5.24256">
        <ele>579.6</ele>
      </trkpt>
      <trkpt lat="44.11613" lon="5.24258">
        <ele>579.9</ele>
      </trkpt>
      <trkpt lat="44.11614" lon="5.24261">
        <ele>580.4</ele>
      </trkpt>
      <trkpt lat="44.11614" lon="5.24264">
        <ele>580.8</ele>
      </trkpt>
      <trkpt lat="44.11614" lon="5.24267">
        <ele>581.2</ele>
      </trkpt>
      <trkpt lat="44.11614" lon="5.2427">
        <ele>581.6</ele>
      </trkpt>
      <trkpt lat="44.11613" lon="5.24273">
        <ele>581.9</ele>
      </trkpt>
      <trkpt lat="44.11611" lon="5.24277">
        <ele>582.2</ele>
      </trkpt>
      <trkpt lat="44.11609" lon="5.24282">
        <ele>582.7</ele>
      </trkpt>
      <trkpt lat="44.11606" lon="5.24286">
        <ele>582.9</ele>
      </trkpt>
      <trkpt lat="44.11597" lon="5.24298">
        <ele>583.6</ele>
      </trkpt>
      <trkpt lat="44.11588" lon="5.24311">
        <ele>584.5</ele>
      </trkpt>
      <trkpt lat="44.11583" lon="5.2432">
        <ele>585.3</ele>
      </trkpt>
      <trkpt lat="44.11576" lon="5.2433">
        <ele>586.8</ele>
      </trkpt>
      <trkpt lat="44.11567" lon="5.24346">
        <ele>588.7</ele>
      </trkpt>
      <trkpt lat="44.11558" lon="5.24362">
        <ele>590.5</ele>
      </trkpt>
      <trkpt lat="44.11554" lon="5.24368">
        <ele>591.1</ele>
      </trkpt>
      <trkpt lat="44.1155" lon="5.24374">
        <ele>591.7</ele>
      </trkpt>
      <trkpt lat="44.11548" lon="5.2438">
        <ele>592.3</ele>
      </trkpt>
      <trkpt lat="44.11546" lon="5.24387">
        <ele>592.9</ele>
      </trkpt>
      <trkpt lat="44.11545" lon="5.24394">
        <ele>593.5</ele>
      </trkpt>
      <trkpt lat="44.11544" lon="5.244">
        <ele>594.1</ele>
      </trkpt>
      <trkpt lat="44.11544" lon="5.24406">
        <ele>594.6</ele>
      </trkpt>
      <trkpt lat="44.11544" lon="5.24407">
        <ele>594.7</ele>
      </trkpt>
      <trkpt lat="44.11545" lon="5.24414">
        <ele>595.2</ele>
      </trkpt>
      <trkpt lat="44.11547" lon="5.24421">
        <ele>595.9</ele>
      </trkpt>
      <trkpt lat="44.11549" lon="5.24428">
        <ele>596.6</ele>
      </trkpt>
      <trkpt lat="44.115519" lon="5.24434">
        <ele>597.2</ele>
      </trkpt>
      <trkpt lat="44.11556" lon="5.2444">
        <ele>597.8</ele>
      </trkpt>
      <trkpt lat="44.1156" lon="5.24444">
        <ele>598.1</ele>
      </trkpt>
      <trkpt lat="44.11564" lon="5.2445">
        <ele>598.6</ele>
      </trkpt>
      <trkpt lat="44.1158" lon="5.24468">
        <ele>600.0</ele>
      </trkpt>
      <trkpt lat="44.1159" lon="5.24479">
        <ele>601.4</ele>
      </trkpt>
      <trkpt lat="44.11604" lon="5.24495">
        <ele>603.6</ele>
      </trkpt>
      <trkpt lat="44.11618" lon="5.2451">
        <ele>606.0</ele>
      </trkpt>
      <trkpt lat="44.11618" lon="5.24511">
        <ele>606.1</ele>
      </trkpt>
      <trkpt lat="44.11635" lon="5.24529">
        <ele>608.9</ele>
      </trkpt>
      <trkpt lat="44.11651" lon="5.24548">
        <ele>611.4</ele>
      </trkpt>
      <trkpt lat="44.1166" lon="5.24559">
        <ele>612.6</ele>
      </trkpt>
      <trkpt lat="44.11668" lon="5.24569">
        <ele>613.8</ele>
      </trkpt>
      <trkpt lat="44.116729" lon="5.24575">
        <ele>614.9</ele>
      </trkpt>
      <trkpt lat="44.1169" lon="5.24595">
        <ele>618.6</ele>
      </trkpt>
      <trkpt lat="44.11701" lon="5.246069">
        <ele>620.7</ele>
      </trkpt>
      <trkpt lat="44.117109" lon="5.24618">
        <ele>622.2</ele>
      </trkpt>
      <trkpt lat="44.11715" lon="5.24623">
        <ele>622.8</ele>
      </trkpt>
      <trkpt lat="44.117289" lon="5.24639">
        <ele>624.2</ele>
      </trkpt>
      <trkpt lat="44.11733" lon="5.24644">
        <ele>624.5</ele>
      </trkpt>
      <trkpt lat="44.11743" lon="5.24655">
        <ele>624.8</ele>
      </trkpt>
      <trkpt lat="44.1175" lon="5.24663">
        <ele>624.9</ele>
      </trkpt>
      <trkpt lat="44.11757" lon="5.2467">
        <ele>626.6</ele>
      </trkpt>
      <trkpt lat="44.117669" lon="5.246819">
        <ele>629.6</ele>
      </trkpt>
      <trkpt lat="44.117669" lon="5.246819">
        <ele>629.6</ele>
      </trkpt>
      <trkpt lat="44.11773" lon="5.246889">
        <ele>631.3</ele>
      </trkpt>
      <trkpt lat="44.11779" lon="5.24695">
        <ele>632.6</ele>
      </trkpt>
      <trkpt lat="44.11785" lon="5.247">
        <ele>633.8</ele>
      </trkpt>
      <trkpt lat="44.11785" lon="5.24701">
        <ele>633.9</ele>
      </trkpt>
      <trkpt lat="44.11791" lon="5.24706">
        <ele>635.0</ele>
      </trkpt>
      <trkpt lat="44.11798" lon="5.24711">
        <ele>636.0</ele>
      </trkpt>
      <trkpt lat="44.11804" lon="5.24715">
        <ele>636.8</ele>
      </trkpt>
      <trkpt lat="44.11811" lon="5.2472">
        <ele>637.7</ele>
      </trkpt>
      <trkpt lat="44.11817" lon="5.24724">
        <ele>638.3</ele>
      </trkpt>
      <trkpt lat="44.11824" lon="5.24728">
        <ele>638.9</ele>
      </trkpt>
      <trkpt lat="44.11831" lon="5.24732">
        <ele>639.4</ele>
      </trkpt>
      <trkpt lat="44.11833" lon="5.24734">
        <ele>639.6</ele>
      </trkpt>
      <trkpt lat="44.11838" lon="5.24737">
        <ele>640.5</ele>
      </trkpt>
      <trkpt lat="44.11844" lon="5.24742">
        <ele>641.5</ele>
      </trkpt>
      <trkpt lat="44.1185" lon="5.24748">
        <ele>642.6</ele>
      </trkpt>
      <trkpt lat="44.11856" lon="5.24753">
        <ele>643.9</ele>
      </trkpt>
      <trkpt lat="44.118609" lon="5.2476">
        <ele>645.6</ele>
      </trkpt>
      <trkpt lat="44.11867" lon="5.24767">
        <ele>647.2</ele>
      </trkpt>
      <trkpt lat="44.11872" lon="5.24773">
        <ele>648.5</ele>
      </trkpt>
      <trkpt lat="44.11877" lon="5.24779">
        <ele>649.7</ele>
      </trkpt>
      <trkpt lat="44.11882" lon="5.24784">
        <ele>650.7</ele>
      </trkpt>
      <trkpt lat="44.11887" lon="5.24788">
        <ele>651.5</ele>
      </trkpt>
      <trkpt lat="44.11892" lon="5.24791">
        <ele>652.2</ele>
      </trkpt>
      <trkpt lat="44.11893" lon="5.24791">
        <ele>652.3</ele>
      </trkpt>
      <trkpt lat="44.119" lon="5.24794">
        <ele>653.1</ele>
      </trkpt>
      <trkpt lat="44.11906" lon="5.24796">
        <ele>653.8</ele>
      </trkpt>
      <trkpt lat="44.1191" lon="5.24796">
        <ele>654.1</ele>
      </trkpt>
      <trkpt lat="44.11912" lon="5.247969">
        <ele>654.3</ele>
      </trkpt>
      <trkpt lat="44.11924" lon="5.24799">
        <ele>655.8</ele>
      </trkpt>
      <trkpt lat="44.11928" lon="5.248">
        <ele>656.3</ele>
      </trkpt>
      <trkpt lat="44.11929" lon="5.248">
        <ele>656.5</ele>
      </trkpt>
      <trkpt lat="44.11935" lon="5.24801">
        <ele>657.3</ele>
      </trkpt>
      <trkpt lat="44.1194" lon="5.24803">
        <ele>658.0</ele>
      </trkpt>
      <trkpt lat="44.11945" lon="5.24805">
        <ele>658.6</ele>
      </trkpt>
      <trkpt lat="44.1195" lon="5.24807">
        <ele>659.3</ele>
      </trkpt>
      <trkpt lat="44.119549" lon="5.2481">
        <ele>659.9</ele>
      </trkpt>
      <trkpt lat="44.11959" lon="5.24815">
        <ele>660.3</ele>
      </trkpt>
      <trkpt lat="44.11963" lon="5.24819">
        <ele>660.7</ele>
      </trkpt>
      <trkpt lat="44.11968" lon="5.24823">
        <ele>661.2</ele>
      </trkpt>
      <trkpt lat="44.11972" lon="5.24827">
        <ele>661.5</ele>
      </trkpt>
      <trkpt lat="44.11976" lon="5.24831">
        <ele>661.8</ele>
      </trkpt>
      <trkpt lat="44.11981" lon="5.24836">
        <ele>662.6</ele>
      </trkpt>
      <trkpt lat="44.11986" lon="5.2484">
        <ele>663.8</ele>
      </trkpt>
      <trkpt lat="44.11991" lon="5.24843">
        <ele>664.7</ele>
      </trkpt>
      <trkpt lat="44.11998" lon="5.24846">
        <ele>665.8</ele>
      </trkpt>
      <trkpt lat="44.12008" lon="5.248509">
        <ele>667.9</ele>
      </trkpt>
      <trkpt lat="44.12013" lon="5.24854">
        <ele>669.1</ele>
      </trkpt>
      <trkpt lat="44.12018" lon="5.24856">
        <ele>670.0</ele>
      </trkpt>
      <trkpt lat="44.12023" lon="5.248579">
        <ele>671.0</ele>
      </trkpt>
      <trkpt lat="44.12029" lon="5.24859">
        <ele>671.9</ele>
      </trkpt>
      <trkpt lat="44.12034" lon="5.24859">
        <ele>672.6</ele>
      </trkpt>
      <trkpt lat="44.12039" lon="5.24859">
        <ele>673.3</ele>
      </trkpt>
      <trkpt lat="44.12043" lon="5.248579">
        <ele>673.7</ele>
      </trkpt>
      <trkpt lat="44.120489" lon="5.24856">
        <ele>674.3</ele>
      </trkpt>
      <trkpt lat="44.12052" lon="5.24856">
        <ele>674.7</ele>
      </trkpt>
      <trkpt lat="44.12054" lon="5.24856">
        <ele>675.0</ele>
      </trkpt>
      <trkpt lat="44.12057" lon="5.24856">
        <ele>675.4</ele>
      </trkpt>
      <trkpt lat="44.12059" lon="5.248579">
        <ele>675.9</ele>
      </trkpt>
      <trkpt lat="44.12063" lon="5.24861">
        <ele>676.6</ele>
      </trkpt>
      <trkpt lat="44.120669" lon="5.24864">
        <ele>677.4</ele>
      </trkpt>
      <trkpt lat="44.12072" lon="5.24866">
        <ele>678.1</ele>
      </trkpt>
      <trkpt lat="44.12076" lon="5.24868">
        <ele>678.8</ele>
      </trkpt>
      <trkpt lat="44.12077" lon="5.24868">
        <ele>678.9</ele>
      </trkpt>
      <trkpt lat="44.12081" lon="5.24869">
        <ele>679.4</ele>
      </trkpt>
      <trkpt lat="44.12086" lon="5.24869">
        <ele>680.0</ele>
      </trkpt>
      <trkpt lat="44.12092" lon="5.24868">
        <ele>680.8</ele>
      </trkpt>
      <trkpt lat="44.12095" lon="5.24868">
        <ele>681.1</ele>
      </trkpt>
      <trkpt lat="44.12097" lon="5.24868">
        <ele>681.4</ele>
      </trkpt>
      <trkpt lat="44.12102" lon="5.2487">
        <ele>682.0</ele>
      </trkpt>
      <trkpt lat="44.12107" lon="5.24873">
        <ele>682.7</ele>
      </trkpt>
      <trkpt lat="44.12112" lon="5.24877">
        <ele>683.3</ele>
      </trkpt>
      <trkpt lat="44.12116" lon="5.24882">
        <ele>683.7</ele>
      </trkpt>
      <trkpt lat="44.1212" lon="5.24889">
        <ele>684.0</ele>
      </trkpt>
      <trkpt lat="44.12123" lon="5.24895">
        <ele>684.2</ele>
      </trkpt>
      <trkpt lat="44.12124" lon="5.24896">
        <ele>684.3</ele>
      </trkpt>
      <trkpt lat="44.12126" lon="5.24901">
        <ele>684.4</ele>
      </trkpt>
      <trkpt lat="44.12127" lon="5.24907">
        <ele>684.3</ele>
      </trkpt>
      <trkpt lat="44.12129" lon="5.24914">
        <ele>684.3</ele>
      </trkpt>
      <trkpt lat="44.12131" lon="5.249189">
        <ele>684.7</ele>
      </trkpt>
      <trkpt lat="44.12131" lon="5.2492">
        <ele>684.9</ele>
      </trkpt>
      <trkpt lat="44.12133" lon="5.24925">
        <ele>685.8</ele>
      </trkpt>
      <trkpt lat="44.12136" lon="5.24929">
        <ele>686.6</ele>
      </trkpt>
      <trkpt lat="44.12139" lon="5.24932">
        <ele>687.2</ele>
      </trkpt>
      <trkpt lat="44.12141" lon="5.249329">
        <ele>687.5</ele>
      </trkpt>
      <trkpt lat="44.121429" lon="5.249329">
        <ele>687.6</ele>
      </trkpt>
      <trkpt lat="44.12144" lon="5.249329">
        <ele>687.6</ele>
      </trkpt>
      <trkpt lat="44.12146" lon="5.249329">
        <ele>687.7</ele>
      </trkpt>
      <trkpt lat="44.1215" lon="5.249329">
        <ele>687.9</ele>
      </trkpt>
      <trkpt lat="44.12154" lon="5.24931">
        <ele>687.7</ele>
      </trkpt>
      <trkpt lat="44.12157" lon="5.2493">
        <ele>687.7</ele>
      </trkpt>
      <trkpt lat="44.121609" lon="5.24927">
        <ele>687.4</ele>
      </trkpt>
      <trkpt lat="44.12162" lon="5.24927">
        <ele>687.4</ele>
      </trkpt>
      <trkpt lat="44.12168" lon="5.24923">
        <ele>687.2</ele>
      </trkpt>
      <trkpt lat="44.12179" lon="5.24916">
        <ele>688.0</ele>
      </trkpt>
      <trkpt lat="44.12184" lon="5.24914">
        <ele>688.9</ele>
      </trkpt>
      <trkpt lat="44.12188" lon="5.249119">
        <ele>689.7</ele>
      </trkpt>
      <trkpt lat="44.12193" lon="5.2491">
        <ele>690.7</ele>
      </trkpt>
      <trkpt lat="44.12195" lon="5.2491">
        <ele>691.0</ele>
      </trkpt>
      <trkpt lat="44.12197" lon="5.24909">
        <ele>691.4</ele>
      </trkpt>
      <trkpt lat="44.12203" lon="5.24909">
        <ele>692.4</ele>
      </trkpt>
      <trkpt lat="44.122079" lon="5.2491">
        <ele>693.1</ele>
      </trkpt>
      <trkpt lat="44.12212" lon="5.249119">
        <ele>693.5</ele>
      </trkpt>
      <trkpt lat="44.12216" lon="5.24915">
        <ele>693.9</ele>
      </trkpt>
      <trkpt lat="44.1222" lon="5.249189">
        <ele>694.5</ele>
      </trkpt>
      <trkpt lat="44.12223" lon="5.24923">
        <ele>695.3</ele>
      </trkpt>
      <trkpt lat="44.12227" lon="5.24927">
        <ele>696.1</ele>
      </trkpt>
      <trkpt lat="44.12227" lon="5.24928">
        <ele>696.2</ele>
      </trkpt>
      <trkpt lat="44.12231" lon="5.24935">
        <ele>697.2</ele>
      </trkpt>
      <trkpt lat="44.1225" lon="5.24966">
        <ele>700.8</ele>
      </trkpt>
      <trkpt lat="44.12254" lon="5.24974">
        <ele>701.8</ele>
      </trkpt>
      <trkpt lat="44.12261" lon="5.24985">
        <ele>703.4</ele>
      </trkpt>
      <trkpt lat="44.12266" lon="5.24992">
        <ele>704.4</ele>
      </trkpt>
      <trkpt lat="44.12273" lon="5.25004">
        <ele>706.0</ele>
      </trkpt>
      <trkpt lat="44.12282" lon="5.25019">
        <ele>708.5</ele>
      </trkpt>
      <trkpt lat="44.122839" lon="5.25023">
        <ele>709.0</ele>
      </trkpt>
      <trkpt lat="44.12297" lon="5.25046">
        <ele>711.2</ele>
      </trkpt>
      <trkpt lat="44.12307" lon="5.250619">
        <ele>711.9</ele>
      </trkpt>
      <trkpt lat="44.12309" lon="5.25066">
        <ele>712.0</ele>
      </trkpt>
      <trkpt lat="44.12328" lon="5.251">
        <ele>712.6</ele>
      </trkpt>
      <trkpt lat="44.12348" lon="5.25133">
        <ele>717.2</ele>
      </trkpt>
      <trkpt lat="44.123579" lon="5.25148">
        <ele>719.3</ele>
      </trkpt>
      <trkpt lat="44.12364" lon="5.25159">
        <ele>720.2</ele>
      </trkpt>
      <trkpt lat="44.12376" lon="5.25178">
        <ele>722.5</ele>
      </trkpt>
      <trkpt lat="44.12394" lon="5.25209">
        <ele>724.8</ele>
      </trkpt>
      <trkpt lat="44.1241" lon="5.25236">
        <ele>724.1</ele>
      </trkpt>
      <trkpt lat="44.12422" lon="5.25255">
        <ele>724.9</ele>
      </trkpt>
      <trkpt lat="44.12424" lon="5.25259">
        <ele>725.8</ele>
      </trkpt>
      <trkpt lat="44.12433" lon="5.25275">
        <ele>729.2</ele>
      </trkpt>
      <trkpt lat="44.12446" lon="5.25296">
        <ele>732.8</ele>
      </trkpt>
      <trkpt lat="44.12458" lon="5.25317">
        <ele>735.0</ele>
      </trkpt>
      <trkpt lat="44.12464" lon="5.25328">
        <ele>735.6</ele>
      </trkpt>
      <trkpt lat="44.12466" lon="5.25334">
        <ele>735.8</ele>
      </trkpt>
      <trkpt lat="44.12466" lon="5.25335">
        <ele>735.9</ele>
      </trkpt>
      <trkpt lat="44.12468" lon="5.25343">
        <ele>736.5</ele>
      </trkpt>
      <trkpt lat="44.1247" lon="5.25352">
        <ele>737.2</ele>
      </trkpt>
      <trkpt lat="44.1247" lon="5.25358">
        <ele>737.6</ele>
      </trkpt>
      <trkpt lat="44.1247" lon="5.25361">
        <ele>737.8</ele>
      </trkpt>
      <trkpt lat="44.1247" lon="5.25371">
        <ele>738.5</ele>
      </trkpt>
      <trkpt lat="44.1247" lon="5.25379">
        <ele>739.0</ele>
      </trkpt>
      <trkpt lat="44.1247" lon="5.25388">
        <ele>739.6</ele>
      </trkpt>
      <trkpt lat="44.12469" lon="5.25408">
        <ele>741.1</ele>
      </trkpt>
      <trkpt lat="44.12468" lon="5.25434">
        <ele>742.8</ele>
      </trkpt>
      <trkpt lat="44.12468" lon="5.25446">
        <ele>743.4</ele>
      </trkpt>
      <trkpt lat="44.12467" lon="5.25459">
        <ele>744.3</ele>
      </trkpt>
      <trkpt lat="44.12467" lon="5.25472">
        <ele>745.0</ele>
      </trkpt>
      <trkpt lat="44.12466" lon="5.25484">
        <ele>745.8</ele>
      </trkpt>
      <trkpt lat="44.12466" lon="5.25496">
        <ele>746.5</ele>
      </trkpt>
      <trkpt lat="44.12466" lon="5.25517">
        <ele>748.3</ele>
      </trkpt>
      <trkpt lat="44.12466" lon="5.25527">
        <ele>749.3</ele>
      </trkpt>
      <trkpt lat="44.12466" lon="5.255359">
        <ele>750.2</ele>
      </trkpt>
      <trkpt lat="44.12467" lon="5.25542">
        <ele>750.6</ele>
      </trkpt>
      <trkpt lat="44.12468" lon="5.25546">
        <ele>750.8</ele>
      </trkpt>
      <trkpt lat="44.12468" lon="5.25551">
        <ele>751.3</ele>
      </trkpt>
      <trkpt lat="44.12469" lon="5.25556">
        <ele>751.6</ele>
      </trkpt>
      <trkpt lat="44.12471" lon="5.25564">
        <ele>752.0</ele>
      </trkpt>
      <trkpt lat="44.12475" lon="5.25585">
        <ele>753.3</ele>
      </trkpt>
      <trkpt lat="44.12478" lon="5.25603">
        <ele>753.7</ele>
      </trkpt>
      <trkpt lat="44.12484" lon="5.25625">
        <ele>753.6</ele>
      </trkpt>
      <trkpt lat="44.12485" lon="5.2563">
        <ele>753.6</ele>
      </trkpt>
      <trkpt lat="44.12488" lon="5.256439">
        <ele>753.6</ele>
      </trkpt>
      <trkpt lat="44.124899" lon="5.25654">
        <ele>753.6</ele>
      </trkpt>
      <trkpt lat="44.12491" lon="5.25657">
        <ele>753.5</ele>
      </trkpt>
      <trkpt lat="44.12493" lon="5.25669">
        <ele>753.8</ele>
      </trkpt>
      <trkpt lat="44.12495" lon="5.25678">
        <ele>754.3</ele>
      </trkpt>
      <trkpt lat="44.12496" lon="5.25682">
        <ele>754.5</ele>
      </trkpt>
      <trkpt lat="44.12502" lon="5.25702">
        <ele>756.5</ele>
      </trkpt>
      <trkpt lat="44.1251" lon="5.25739">
        <ele>762.7</ele>
      </trkpt>
      <trkpt lat="44.12512" lon="5.25749">
        <ele>764.2</ele>
      </trkpt>
      <trkpt lat="44.12514" lon="5.25756">
        <ele>765.5</ele>
      </trkpt>
      <trkpt lat="44.12515" lon="5.25762">
        <ele>766.4</ele>
      </trkpt>
      <trkpt lat="44.12515" lon="5.25769">
        <ele>767.1</ele>
      </trkpt>
      <trkpt lat="44.12516" lon="5.25775">
        <ele>767.9</ele>
      </trkpt>
      <trkpt lat="44.12516" lon="5.25782">
        <ele>768.7</ele>
      </trkpt>
      <trkpt lat="44.12515" lon="5.25789">
        <ele>769.1</ele>
      </trkpt>
      <trkpt lat="44.12514" lon="5.25796">
        <ele>769.6</ele>
      </trkpt>
      <trkpt lat="44.12513" lon="5.25799">
        <ele>769.6</ele>
      </trkpt>
      <trkpt lat="44.12512" lon="5.25802">
        <ele>769.7</ele>
      </trkpt>
      <trkpt lat="44.1251" lon="5.25809">
        <ele>769.9</ele>
      </trkpt>
      <trkpt lat="44.125079" lon="5.25815">
        <ele>770.0</ele>
      </trkpt>
      <trkpt lat="44.12505" lon="5.25821">
        <ele>769.9</ele>
      </trkpt>
      <trkpt lat="44.12501" lon="5.25827">
        <ele>769.6</ele>
      </trkpt>
      <trkpt lat="44.12497" lon="5.25833">
        <ele>770.5</ele>
      </trkpt>
      <trkpt lat="44.12493" lon="5.25838">
        <ele>771.4</ele>
      </trkpt>
      <trkpt lat="44.12489" lon="5.25843">
        <ele>772.4</ele>
      </trkpt>
      <trkpt lat="44.1248" lon="5.25854">
        <ele>774.4</ele>
      </trkpt>
      <trkpt lat="44.12479" lon="5.258549">
        <ele>774.6</ele>
      </trkpt>
      <trkpt lat="44.12469" lon="5.25869">
        <ele>776.9</ele>
      </trkpt>
      <trkpt lat="44.12465" lon="5.25874">
        <ele>777.7</ele>
      </trkpt>
      <trkpt lat="44.12457" lon="5.25885">
        <ele>779.4</ele>
      </trkpt>
      <trkpt lat="44.12456" lon="5.25886">
        <ele>779.5</ele>
      </trkpt>
      <trkpt lat="44.12453" lon="5.2589">
        <ele>780.1</ele>
      </trkpt>
      <trkpt lat="44.12449" lon="5.25896">
        <ele>780.9</ele>
      </trkpt>
      <trkpt lat="44.12446" lon="5.259019">
        <ele>781.6</ele>
      </trkpt>
      <trkpt lat="44.12444" lon="5.25906">
        <ele>782.0</ele>
      </trkpt>
      <trkpt lat="44.124429" lon="5.259089">
        <ele>782.3</ele>
      </trkpt>
      <trkpt lat="44.1244" lon="5.259159">
        <ele>782.9</ele>
      </trkpt>
      <trkpt lat="44.12438" lon="5.25924">
        <ele>783.2</ele>
      </trkpt>
      <trkpt lat="44.12437" lon="5.25932">
        <ele>783.3</ele>
      </trkpt>
      <trkpt lat="44.12436" lon="5.2594">
        <ele>783.5</ele>
      </trkpt>
      <trkpt lat="44.12435" lon="5.2595">
        <ele>783.5</ele>
      </trkpt>
      <trkpt lat="44.12433" lon="5.25975">
        <ele>783.5</ele>
      </trkpt>
      <trkpt lat="44.12433" lon="5.25978">
        <ele>783.5</ele>
      </trkpt>
      <trkpt lat="44.12432" lon="5.26003">
        <ele>783.7</ele>
      </trkpt>
      <trkpt lat="44.1243" lon="5.26023">
        <ele>786.1</ele>
      </trkpt>
      <trkpt lat="44.1243" lon="5.26049">
        <ele>789.2</ele>
      </trkpt>
      <trkpt lat="44.12429" lon="5.26058">
        <ele>790.3</ele>
      </trkpt>
      <trkpt lat="44.1243" lon="5.26066">
        <ele>791.2</ele>
      </trkpt>
      <trkpt lat="44.12431" lon="5.26074">
        <ele>792.2</ele>
      </trkpt>
      <trkpt lat="44.12432" lon="5.260779">
        <ele>792.7</ele>
      </trkpt>
      <trkpt lat="44.12433" lon="5.26083">
        <ele>793.4</ele>
      </trkpt>
      <trkpt lat="44.12436" lon="5.2609">
        <ele>794.1</ele>
      </trkpt>
      <trkpt lat="44.12439" lon="5.260989">
        <ele>794.9</ele>
      </trkpt>
      <trkpt lat="44.1244" lon="5.26101">
        <ele>795.1</ele>
      </trkpt>
      <trkpt lat="44.12442" lon="5.261059">
        <ele>795.6</ele>
      </trkpt>
      <trkpt lat="44.12449" lon="5.26121">
        <ele>797.0</ele>
      </trkpt>
      <trkpt lat="44.124519" lon="5.26128">
        <ele>797.7</ele>
      </trkpt>
      <trkpt lat="44.12455" lon="5.26136">
        <ele>798.4</ele>
      </trkpt>
      <trkpt lat="44.12458" lon="5.26144">
        <ele>799.1</ele>
      </trkpt>
      <trkpt lat="44.12459" lon="5.26149">
        <ele>799.5</ele>
      </trkpt>
      <trkpt lat="44.12459" lon="5.261599">
        <ele>800.4</ele>
      </trkpt>
      <trkpt lat="44.12459" lon="5.26169">
        <ele>801.2</ele>
      </trkpt>
      <trkpt lat="44.12458" lon="5.26176">
        <ele>801.8</ele>
      </trkpt>
      <trkpt lat="44.12457" lon="5.26181">
        <ele>802.3</ele>
      </trkpt>
      <trkpt lat="44.12456" lon="5.26186">
        <ele>802.7</ele>
      </trkpt>
      <trkpt lat="44.12455" lon="5.26193">
        <ele>803.3</ele>
      </trkpt>
      <trkpt lat="44.12453" lon="5.26202">
        <ele>804.1</ele>
      </trkpt>
      <trkpt lat="44.12449" lon="5.26218">
        <ele>805.4</ele>
      </trkpt>
      <trkpt lat="44.12444" lon="5.26244">
        <ele>807.5</ele>
      </trkpt>
      <trkpt lat="44.12435" lon="5.26287">
        <ele>810.3</ele>
      </trkpt>
      <trkpt lat="44.12432" lon="5.26301">
        <ele>811.0</ele>
      </trkpt>
      <trkpt lat="44.12432" lon="5.26302">
        <ele>811.1</ele>
      </trkpt>
      <trkpt lat="44.12431" lon="5.26312">
        <ele>811.6</ele>
      </trkpt>
      <trkpt lat="44.12429" lon="5.26325">
        <ele>812.2</ele>
      </trkpt>
      <trkpt lat="44.12429" lon="5.26326">
        <ele>812.3</ele>
      </trkpt>
      <trkpt lat="44.12428" lon="5.26338">
        <ele>813.0</ele>
      </trkpt>
      <trkpt lat="44.12428" lon="5.26352">
        <ele>814.0</ele>
      </trkpt>
      <trkpt lat="44.12427" lon="5.2636">
        <ele>814.5</ele>
      </trkpt>
      <trkpt lat="44.12426" lon="5.26369">
        <ele>815.0</ele>
      </trkpt>
      <trkpt lat="44.12425" lon="5.26375">
        <ele>815.3</ele>
      </trkpt>
      <trkpt lat="44.12425" lon="5.26381">
        <ele>815.7</ele>
      </trkpt>
      <trkpt lat="44.12423" lon="5.263899">
        <ele>816.0</ele>
      </trkpt>
      <trkpt lat="44.1242" lon="5.263969">
        <ele>816.1</ele>
      </trkpt>
      <trkpt lat="44.1242" lon="5.26399">
        <ele>816.2</ele>
      </trkpt>
      <trkpt lat="44.12418" lon="5.264039">
        <ele>816.3</ele>
      </trkpt>
      <trkpt lat="44.12415" lon="5.264109">
        <ele>816.7</ele>
      </trkpt>
      <trkpt lat="44.12413" lon="5.26418">
        <ele>817.4</ele>
      </trkpt>
      <trkpt lat="44.1241" lon="5.26424">
        <ele>818.2</ele>
      </trkpt>
      <trkpt lat="44.12407" lon="5.26431">
        <ele>819.0</ele>
      </trkpt>
      <trkpt lat="44.12404" lon="5.26437">
        <ele>819.7</ele>
      </trkpt>
      <trkpt lat="44.12402" lon="5.264439">
        <ele>820.5</ele>
      </trkpt>
      <trkpt lat="44.12399" lon="5.26452">
        <ele>821.4</ele>
      </trkpt>
      <trkpt lat="44.12397" lon="5.264579">
        <ele>822.0</ele>
      </trkpt>
      <trkpt lat="44.123959" lon="5.26466">
        <ele>822.7</ele>
      </trkpt>
      <trkpt lat="44.12395" lon="5.26474">
        <ele>823.5</ele>
      </trkpt>
      <trkpt lat="44.12395" lon="5.26481">
        <ele>824.0</ele>
      </trkpt>
      <trkpt lat="44.123959" lon="5.26488">
        <ele>824.5</ele>
      </trkpt>
      <trkpt lat="44.123959" lon="5.26491">
        <ele>824.8</ele>
      </trkpt>
      <trkpt lat="44.12397" lon="5.26496">
        <ele>825.1</ele>
      </trkpt>
      <trkpt lat="44.12398" lon="5.26502">
        <ele>825.6</ele>
      </trkpt>
      <trkpt lat="44.124" lon="5.26509">
        <ele>826.3</ele>
      </trkpt>
      <trkpt lat="44.12402" lon="5.26515">
        <ele>827.0</ele>
      </trkpt>
      <trkpt lat="44.124049" lon="5.2652">
        <ele>827.4</ele>
      </trkpt>
      <trkpt lat="44.1241" lon="5.26535">
        <ele>829.0</ele>
      </trkpt>
      <trkpt lat="44.12413" lon="5.26542">
        <ele>829.8</ele>
      </trkpt>
      <trkpt lat="44.12419" lon="5.26557">
        <ele>831.7</ele>
      </trkpt>
      <trkpt lat="44.12424" lon="5.26571">
        <ele>833.7</ele>
      </trkpt>
      <trkpt lat="44.1243" lon="5.26582">
        <ele>835.2</ele>
      </trkpt>
      <trkpt lat="44.12433" lon="5.26588">
        <ele>836.1</ele>
      </trkpt>
      <trkpt lat="44.12437" lon="5.26593">
        <ele>836.9</ele>
      </trkpt>
      <trkpt lat="44.1244" lon="5.26597">
        <ele>837.6</ele>
      </trkpt>
      <trkpt lat="44.1244" lon="5.26598">
        <ele>837.7</ele>
      </trkpt>
      <trkpt lat="44.12444" lon="5.26603">
        <ele>838.5</ele>
      </trkpt>
      <trkpt lat="44.12447" lon="5.26607">
        <ele>839.1</ele>
      </trkpt>
      <trkpt lat="44.12451" lon="5.26611">
        <ele>839.7</ele>
      </trkpt>
      <trkpt lat="44.12455" lon="5.26615">
        <ele>840.2</ele>
      </trkpt>
      <trkpt lat="44.12459" lon="5.26619">
        <ele>840.7</ele>
      </trkpt>
      <trkpt lat="44.12463" lon="5.26623">
        <ele>841.2</ele>
      </trkpt>
      <trkpt lat="44.12467" lon="5.26628">
        <ele>841.8</ele>
      </trkpt>
      <trkpt lat="44.12469" lon="5.2663">
        <ele>842.0</ele>
      </trkpt>
      <trkpt lat="44.12471" lon="5.26633">
        <ele>842.3</ele>
      </trkpt>
      <trkpt lat="44.12475" lon="5.26639">
        <ele>842.9</ele>
      </trkpt>
      <trkpt lat="44.12479" lon="5.26644">
        <ele>843.4</ele>
      </trkpt>
      <trkpt lat="44.124809" lon="5.26649">
        <ele>843.9</ele>
      </trkpt>
      <trkpt lat="44.124809" lon="5.2665">
        <ele>844.0</ele>
      </trkpt>
      <trkpt lat="44.12484" lon="5.26656">
        <ele>844.6</ele>
      </trkpt>
      <trkpt lat="44.12487" lon="5.26662">
        <ele>845.1</ele>
      </trkpt>
      <trkpt lat="44.12489" lon="5.26668">
        <ele>845.7</ele>
      </trkpt>
      <trkpt lat="44.12492" lon="5.26674">
        <ele>846.3</ele>
      </trkpt>
      <trkpt lat="44.12495" lon="5.26682">
        <ele>847.1</ele>
      </trkpt>
      <trkpt lat="44.124989" lon="5.26693">
        <ele>848.2</ele>
      </trkpt>
      <trkpt lat="44.12503" lon="5.26706">
        <ele>850.0</ele>
      </trkpt>
      <trkpt lat="44.12516" lon="5.26744">
        <ele>855.0</ele>
      </trkpt>
      <trkpt lat="44.12519" lon="5.26752">
        <ele>856.0</ele>
      </trkpt>
      <trkpt lat="44.12522" lon="5.2676">
        <ele>857.2</ele>
      </trkpt>
      <trkpt lat="44.12524" lon="5.26767">
        <ele>858.3</ele>
      </trkpt>
      <trkpt lat="44.12526" lon="5.26774">
        <ele>859.3</ele>
      </trkpt>
      <trkpt lat="44.12531" lon="5.26785">
        <ele>860.7</ele>
      </trkpt>
      <trkpt lat="44.12536" lon="5.26795">
        <ele>861.8</ele>
      </trkpt>
      <trkpt lat="44.1254" lon="5.268">
        <ele>862.3</ele>
      </trkpt>
      <trkpt lat="44.12544" lon="5.26807">
        <ele>862.9</ele>
      </trkpt>
      <trkpt lat="44.12554" lon="5.26821">
        <ele>863.6</ele>
      </trkpt>
      <trkpt lat="44.12558" lon="5.26826">
        <ele>863.8</ele>
      </trkpt>
      <trkpt lat="44.12561" lon="5.268309">
        <ele>863.9</ele>
      </trkpt>
      <trkpt lat="44.12564" lon="5.26837">
        <ele>864.2</ele>
      </trkpt>
      <trkpt lat="44.12567" lon="5.26843">
        <ele>864.6</ele>
      </trkpt>
      <trkpt lat="44.12569" lon="5.26848">
        <ele>864.9</ele>
      </trkpt>
      <trkpt lat="44.12574" lon="5.26861">
        <ele>865.7</ele>
      </trkpt>
      <trkpt lat="44.12581" lon="5.26884">
        <ele>867.2</ele>
      </trkpt>
      <trkpt lat="44.12582" lon="5.26889">
        <ele>867.5</ele>
      </trkpt>
      <trkpt lat="44.12589" lon="5.26907">
        <ele>869.8</ele>
      </trkpt>
      <trkpt lat="44.12591" lon="5.26914">
        <ele>870.7</ele>
      </trkpt>
      <trkpt lat="44.12594" lon="5.26921">
        <ele>871.8</ele>
      </trkpt>
      <trkpt lat="44.12599" lon="5.26936">
        <ele>874.0</ele>
      </trkpt>
      <trkpt lat="44.12604" lon="5.26954">
        <ele>876.5</ele>
      </trkpt>
      <trkpt lat="44.12607" lon="5.26964">
        <ele>877.9</ele>
      </trkpt>
      <trkpt lat="44.12607" lon="5.26965">
        <ele>878.0</ele>
      </trkpt>
      <trkpt lat="44.12609" lon="5.26973">
        <ele>879.0</ele>
      </trkpt>
      <trkpt lat="44.12612" lon="5.26986">
        <ele>880.6</ele>
      </trkpt>
      <trkpt lat="44.12612" lon="5.26989">
        <ele>880.9</ele>
      </trkpt>
      <trkpt lat="44.12614" lon="5.27003">
        <ele>882.5</ele>
      </trkpt>
      <trkpt lat="44.12617" lon="5.27024">
        <ele>884.8</ele>
      </trkpt>
      <trkpt lat="44.1262" lon="5.27036">
        <ele>886.1</ele>
      </trkpt>
      <trkpt lat="44.12629" lon="5.2706">
        <ele>888.4</ele>
      </trkpt>
      <trkpt lat="44.12638" lon="5.270819">
        <ele>889.9</ele>
      </trkpt>
      <trkpt lat="44.12644" lon="5.27099">
        <ele>890.7</ele>
      </trkpt>
      <trkpt lat="44.12648" lon="5.2711">
        <ele>891.1</ele>
      </trkpt>
      <trkpt lat="44.1265" lon="5.27119">
        <ele>891.4</ele>
      </trkpt>
      <trkpt lat="44.12652" lon="5.27125">
        <ele>891.6</ele>
      </trkpt>
      <trkpt lat="44.12654" lon="5.2714">
        <ele>892.1</ele>
      </trkpt>
      <trkpt lat="44.12655" lon="5.27157">
        <ele>892.8</ele>
      </trkpt>
      <trkpt lat="44.12656" lon="5.27172">
        <ele>893.5</ele>
      </trkpt>
      <trkpt lat="44.1266" lon="5.27224">
        <ele>896.5</ele>
      </trkpt>
      <trkpt lat="44.1266" lon="5.27228">
        <ele>896.8</ele>
      </trkpt>
      <trkpt lat="44.12661" lon="5.27245">
        <ele>897.7</ele>
      </trkpt>
      <trkpt lat="44.12662" lon="5.27266">
        <ele>898.8</ele>
      </trkpt>
      <trkpt lat="44.12664" lon="5.27289">
        <ele>899.9</ele>
      </trkpt>
      <trkpt lat="44.12665" lon="5.2732">
        <ele>901.6</ele>
      </trkpt>
      <trkpt lat="44.12666" lon="5.273259">
        <ele>901.7</ele>
      </trkpt>
      <trkpt lat="44.12666" lon="5.27333">
        <ele>902.1</ele>
      </trkpt>
      <trkpt lat="44.12665" lon="5.27339">
        <ele>902.8</ele>
      </trkpt>
      <trkpt lat="44.12664" lon="5.27345">
        <ele>903.5</ele>
      </trkpt>
      <trkpt lat="44.12662" lon="5.27352">
        <ele>904.5</ele>
      </trkpt>
      <trkpt lat="44.12658" lon="5.27364">
        <ele>906.2</ele>
      </trkpt>
      <trkpt lat="44.1265" lon="5.27386">
        <ele>909.2</ele>
      </trkpt>
      <trkpt lat="44.12642" lon="5.27405">
        <ele>911.6</ele>
      </trkpt>
      <trkpt lat="44.12626" lon="5.27446">
        <ele>916.9</ele>
      </trkpt>
      <trkpt lat="44.12583" lon="5.27553">
        <ele>922.0</ele>
      </trkpt>
      <trkpt lat="44.12577" lon="5.27571">
        <ele>923.9</ele>
      </trkpt>
      <trkpt lat="44.12573" lon="5.27586">
        <ele>925.4</ele>
      </trkpt>
      <trkpt lat="44.12572" lon="5.27596">
        <ele>926.2</ele>
      </trkpt>
      <trkpt lat="44.12571" lon="5.27601">
        <ele>926.7</ele>
      </trkpt>
      <trkpt lat="44.12571" lon="5.27612">
        <ele>927.3</ele>
      </trkpt>
      <trkpt lat="44.12572" lon="5.27626">
        <ele>927.9</ele>
      </trkpt>
      <trkpt lat="44.12574" lon="5.27639">
        <ele>928.3</ele>
      </trkpt>
      <trkpt lat="44.12586" lon="5.27693">
        <ele>931.1</ele>
      </trkpt>
      <trkpt lat="44.125929" lon="5.27722">
        <ele>935.0</ele>
      </trkpt>
      <trkpt lat="44.12597" lon="5.27741">
        <ele>937.4</ele>
      </trkpt>
      <trkpt lat="44.12601" lon="5.27762">
        <ele>940.0</ele>
      </trkpt>
      <trkpt lat="44.12611" lon="5.2781">
        <ele>945.4</ele>
      </trkpt>
      <trkpt lat="44.12612" lon="5.278139">
        <ele>945.7</ele>
      </trkpt>
      <trkpt lat="44.12614" lon="5.27822">
        <ele>946.4</ele>
      </trkpt>
      <trkpt lat="44.12617" lon="5.2783">
        <ele>947.0</ele>
      </trkpt>
      <trkpt lat="44.1262" lon="5.27837">
        <ele>947.5</ele>
      </trkpt>
      <trkpt lat="44.12626" lon="5.27845">
        <ele>948.1</ele>
      </trkpt>
      <trkpt lat="44.12634" lon="5.27851">
        <ele>948.2</ele>
      </trkpt>
      <trkpt lat="44.12638" lon="5.278539">
        <ele>948.2</ele>
      </trkpt>
      <trkpt lat="44.12643" lon="5.27859">
        <ele>948.2</ele>
      </trkpt>
      <trkpt lat="44.12648" lon="5.27865">
        <ele>948.2</ele>
      </trkpt>
      <trkpt lat="44.12651" lon="5.27874">
        <ele>948.5</ele>
      </trkpt>
      <trkpt lat="44.12653" lon="5.278819">
        <ele>948.6</ele>
      </trkpt>
      <trkpt lat="44.12654" lon="5.27889">
        <ele>948.9</ele>
      </trkpt>
      <trkpt lat="44.12654" lon="5.27891">
        <ele>948.9</ele>
      </trkpt>
      <trkpt lat="44.12655" lon="5.279149">
        <ele>949.9</ele>
      </trkpt>
      <trkpt lat="44.12656" lon="5.2795">
        <ele>952.3</ele>
      </trkpt>
      <trkpt lat="44.12656" lon="5.27989">
        <ele>955.2</ele>
      </trkpt>
      <trkpt lat="44.12656" lon="5.279969">
        <ele>955.8</ele>
      </trkpt>
      <trkpt lat="44.12656" lon="5.28011">
        <ele>956.9</ele>
      </trkpt>
      <trkpt lat="44.12657" lon="5.28023">
        <ele>957.7</ele>
      </trkpt>
      <trkpt lat="44.12657" lon="5.28035">
        <ele>958.7</ele>
      </trkpt>
      <trkpt lat="44.12658" lon="5.28046">
        <ele>959.3</ele>
      </trkpt>
      <trkpt lat="44.1266" lon="5.28056">
        <ele>959.6</ele>
      </trkpt>
      <trkpt lat="44.12662" lon="5.28066">
        <ele>959.9</ele>
      </trkpt>
      <trkpt lat="44.12666" lon="5.28079">
        <ele>959.9</ele>
      </trkpt>
      <trkpt lat="44.12676" lon="5.28108">
        <ele>964.5</ele>
      </trkpt>
      <trkpt lat="44.12684" lon="5.28132">
        <ele>967.9</ele>
      </trkpt>
      <trkpt lat="44.12688" lon="5.28142">
        <ele>969.3</ele>
      </trkpt>
      <trkpt lat="44.12692" lon="5.28154">
        <ele>970.6</ele>
      </trkpt>
      <trkpt lat="44.12699" lon="5.281729">
        <ele>972.7</ele>
      </trkpt>
      <trkpt lat="44.127" lon="5.28177">
        <ele>973.1</ele>
      </trkpt>
      <trkpt lat="44.12701" lon="5.281799">
        <ele>973.5</ele>
      </trkpt>
      <trkpt lat="44.12703" lon="5.28188">
        <ele>974.2</ele>
      </trkpt>
      <trkpt lat="44.127049" lon="5.28196">
        <ele>974.9</ele>
      </trkpt>
      <trkpt lat="44.127049" lon="5.28204">
        <ele>975.3</ele>
      </trkpt>
      <trkpt lat="44.127049" lon="5.28213">
        <ele>975.9</ele>
      </trkpt>
      <trkpt lat="44.12704" lon="5.28224">
        <ele>976.6</ele>
      </trkpt>
      <trkpt lat="44.12701" lon="5.2825">
        <ele>978.4</ele>
      </trkpt>
      <trkpt lat="44.127" lon="5.28258">
        <ele>978.9</ele>
      </trkpt>
      <trkpt lat="44.126959" lon="5.28291">
        <ele>981.0</ele>
      </trkpt>
      <trkpt lat="44.12694" lon="5.28306">
        <ele>982.1</ele>
      </trkpt>
      <trkpt lat="44.12693" lon="5.2833">
        <ele>983.6</ele>
      </trkpt>
      <trkpt lat="44.12694" lon="5.28341">
        <ele>984.3</ele>
      </trkpt>
      <trkpt lat="44.12695" lon="5.28348">
        <ele>984.8</ele>
      </trkpt>
      <trkpt lat="44.12698" lon="5.28353">
        <ele>985.0</ele>
      </trkpt>
      <trkpt lat="44.127" lon="5.28358">
        <ele>985.2</ele>
      </trkpt>
      <trkpt lat="44.12703" lon="5.283629">
        <ele>985.4</ele>
      </trkpt>
      <trkpt lat="44.12707" lon="5.28367">
        <ele>985.4</ele>
      </trkpt>
      <trkpt lat="44.12713" lon="5.283699">
        <ele>985.2</ele>
      </trkpt>
      <trkpt lat="44.12723" lon="5.28377">
        <ele>985.1</ele>
      </trkpt>
      <trkpt lat="44.1273" lon="5.28379">
        <ele>984.8</ele>
      </trkpt>
      <trkpt lat="44.12737" lon="5.28381">
        <ele>984.5</ele>
      </trkpt>
      <trkpt lat="44.12744" lon="5.28381">
        <ele>984.0</ele>
      </trkpt>
      <trkpt lat="44.1275" lon="5.2838">
        <ele>983.5</ele>
      </trkpt>
      <trkpt lat="44.1276" lon="5.28377">
        <ele>984.5</ele>
      </trkpt>
      <trkpt lat="44.127719" lon="5.28369">
        <ele>985.6</ele>
      </trkpt>
      <trkpt lat="44.12783" lon="5.28367">
        <ele>987.0</ele>
      </trkpt>
      <trkpt lat="44.12795" lon="5.28367">
        <ele>988.8</ele>
      </trkpt>
      <trkpt lat="44.12809" lon="5.283699">
        <ele>990.8</ele>
      </trkpt>
      <trkpt lat="44.12827" lon="5.28374">
        <ele>993.2</ele>
      </trkpt>
      <trkpt lat="44.12836" lon="5.28376">
        <ele>994.4</ele>
      </trkpt>
      <trkpt lat="44.12844" lon="5.28376">
        <ele>995.6</ele>
      </trkpt>
      <trkpt lat="44.12857" lon="5.28374">
        <ele>997.7</ele>
      </trkpt>
      <trkpt lat="44.12859" lon="5.28374">
        <ele>998.1</ele>
      </trkpt>
      <trkpt lat="44.12868" lon="5.28374">
        <ele>999.5</ele>
      </trkpt>
      <trkpt lat="44.1287" lon="5.28374">
        <ele>999.8</ele>
      </trkpt>
      <trkpt lat="44.12871" lon="5.28375">
        <ele>999.9</ele>
      </trkpt>
      <trkpt lat="44.12872" lon="5.28377">
        <ele>999.9</ele>
      </trkpt>
      <trkpt lat="44.12873" lon="5.28379">
        <ele>1000.0</ele>
      </trkpt>
      <trkpt lat="44.12873" lon="5.28379">
        <ele>1000.0</ele>
      </trkpt>
      <trkpt lat="44.12874" lon="5.28382">
        <ele>999.9</ele>
      </trkpt>
      <trkpt lat="44.12873" lon="5.28387">
        <ele>999.5</ele>
      </trkpt>
      <trkpt lat="44.12872" lon="5.28389">
        <ele>999.2</ele>
      </trkpt>
      <trkpt lat="44.12871" lon="5.28392">
        <ele>998.9</ele>
      </trkpt>
      <trkpt lat="44.12868" lon="5.28395">
        <ele>998.3</ele>
      </trkpt>
      <trkpt lat="44.12864" lon="5.28397">
        <ele>997.5</ele>
      </trkpt>
      <trkpt lat="44.12862" lon="5.28399">
        <ele>997.1</ele>
      </trkpt>
      <trkpt lat="44.12861" lon="5.28399">
        <ele>997.0</ele>
      </trkpt>
      <trkpt lat="44.12853" lon="5.28404">
        <ele>995.5</ele>
      </trkpt>
      <trkpt lat="44.1285" lon="5.28407">
        <ele>994.9</ele>
      </trkpt>
      <trkpt lat="44.12847" lon="5.28411">
        <ele>994.3</ele>
      </trkpt>
      <trkpt lat="44.12847" lon="5.28412">
        <ele>994.2</ele>
      </trkpt>
      <trkpt lat="44.12845" lon="5.28415">
        <ele>993.8</ele>
      </trkpt>
      <trkpt lat="44.12844" lon="5.28419">
        <ele>993.7</ele>
      </trkpt>
      <trkpt lat="44.12843" lon="5.28422">
        <ele>993.8</ele>
      </trkpt>
      <trkpt lat="44.12843" lon="5.28426">
        <ele>994.1</ele>
      </trkpt>
      <trkpt lat="44.12843" lon="5.28429">
        <ele>994.3</ele>
      </trkpt>
      <trkpt lat="44.12843" lon="5.28433">
        <ele>994.5</ele>
      </trkpt>
      <trkpt lat="44.12844" lon="5.28436">
        <ele>994.9</ele>
      </trkpt>
      <trkpt lat="44.12845" lon="5.2844">
        <ele>995.3</ele>
      </trkpt>
      <trkpt lat="44.12847" lon="5.28443">
        <ele>995.8</ele>
      </trkpt>
      <trkpt lat="44.12848" lon="5.28445">
        <ele>996.1</ele>
      </trkpt>
      <trkpt lat="44.12854" lon="5.28455">
        <ele>997.6</ele>
      </trkpt>
      <trkpt lat="44.12855" lon="5.28455">
        <ele>997.8</ele>
      </trkpt>
      <trkpt lat="44.12861" lon="5.28465">
        <ele>999.3</ele>
      </trkpt>
      <trkpt lat="44.12865" lon="5.28472">
        <ele>1000.3</ele>
      </trkpt>
      <trkpt lat="44.12872" lon="5.28484">
        <ele>1002.0</ele>
      </trkpt>
      <trkpt lat="44.12877" lon="5.284919">
        <ele>1003.2</ele>
      </trkpt>
      <trkpt lat="44.12878" lon="5.28494">
        <ele>1003.5</ele>
      </trkpt>
      <trkpt lat="44.12881" lon="5.28502">
        <ele>1004.4</ele>
      </trkpt>
      <trkpt lat="44.128839" lon="5.2851">
        <ele>1005.4</ele>
      </trkpt>
      <trkpt lat="44.12886" lon="5.28516">
        <ele>1006.1</ele>
      </trkpt>
      <trkpt lat="44.12887" lon="5.28524">
        <ele>1006.8</ele>
      </trkpt>
      <trkpt lat="44.12889" lon="5.285459">
        <ele>1008.7</ele>
      </trkpt>
      <trkpt lat="44.12891" lon="5.28582">
        <ele>1011.4</ele>
      </trkpt>
      <trkpt lat="44.12892" lon="5.28597">
        <ele>1012.3</ele>
      </trkpt>
      <trkpt lat="44.12892" lon="5.28598">
        <ele>1012.4</ele>
      </trkpt>
      <trkpt lat="44.128929" lon="5.28605">
        <ele>1012.8</ele>
      </trkpt>
      <trkpt lat="44.12894" lon="5.28612">
        <ele>1013.3</ele>
      </trkpt>
      <trkpt lat="44.12897" lon="5.28619">
        <ele>1013.9</ele>
      </trkpt>
      <trkpt lat="44.12898" lon="5.28622">
        <ele>1014.2</ele>
      </trkpt>
      <trkpt lat="44.129" lon="5.28628">
        <ele>1014.7</ele>
      </trkpt>
      <trkpt lat="44.12903" lon="5.28634">
        <ele>1015.2</ele>
      </trkpt>
      <trkpt lat="44.12907" lon="5.28639">
        <ele>1015.8</ele>
      </trkpt>
      <trkpt lat="44.12917" lon="5.28653">
        <ele>1017.4</ele>
      </trkpt>
      <trkpt lat="44.12925" lon="5.28664">
        <ele>1018.7</ele>
      </trkpt>
      <trkpt lat="44.1293" lon="5.28673">
        <ele>1019.5</ele>
      </trkpt>
      <trkpt lat="44.12935" lon="5.28683">
        <ele>1020.3</ele>
      </trkpt>
      <trkpt lat="44.12942" lon="5.28698">
        <ele>1021.6</ele>
      </trkpt>
      <trkpt lat="44.12951" lon="5.28717">
        <ele>1023.1</ele>
      </trkpt>
      <trkpt lat="44.12957" lon="5.28732">
        <ele>1024.2</ele>
      </trkpt>
      <trkpt lat="44.12958" lon="5.2874">
        <ele>1024.6</ele>
      </trkpt>
      <trkpt lat="44.12959" lon="5.28749">
        <ele>1025.0</ele>
      </trkpt>
      <trkpt lat="44.12959" lon="5.28762">
        <ele>1025.7</ele>
      </trkpt>
      <trkpt lat="44.12958" lon="5.287689">
        <ele>1026.0</ele>
      </trkpt>
      <trkpt lat="44.12957" lon="5.28794">
        <ele>1027.2</ele>
      </trkpt>
      <trkpt lat="44.12957" lon="5.28805">
        <ele>1027.8</ele>
      </trkpt>
      <trkpt lat="44.12957" lon="5.28809">
        <ele>1028.0</ele>
      </trkpt>
      <trkpt lat="44.12958" lon="5.28813">
        <ele>1028.4</ele>
      </trkpt>
      <trkpt lat="44.12959" lon="5.28816">
        <ele>1028.6</ele>
      </trkpt>
      <trkpt lat="44.1296" lon="5.28818">
        <ele>1028.9</ele>
      </trkpt>
      <trkpt lat="44.12966" lon="5.28827">
        <ele>1030.0</ele>
      </trkpt>
      <trkpt lat="44.12971" lon="5.28832">
        <ele>1030.8</ele>
      </trkpt>
      <trkpt lat="44.129779" lon="5.28838">
        <ele>1031.9</ele>
      </trkpt>
      <trkpt lat="44.1299" lon="5.28846">
        <ele>1033.7</ele>
      </trkpt>
      <trkpt lat="44.12999" lon="5.28852">
        <ele>1035.0</ele>
      </trkpt>
      <trkpt lat="44.13006" lon="5.288579">
        <ele>1036.0</ele>
      </trkpt>
      <trkpt lat="44.13011" lon="5.28862">
        <ele>1036.6</ele>
      </trkpt>
      <trkpt lat="44.130249" lon="5.28872">
        <ele>1038.3</ele>
      </trkpt>
      <trkpt lat="44.13037" lon="5.28881">
        <ele>1039.7</ele>
      </trkpt>
      <trkpt lat="44.13047" lon="5.28889">
        <ele>1040.9</ele>
      </trkpt>
      <trkpt lat="44.13052" lon="5.28896">
        <ele>1041.7</ele>
      </trkpt>
      <trkpt lat="44.13053" lon="5.28897">
        <ele>1041.8</ele>
      </trkpt>
      <trkpt lat="44.13058" lon="5.28904">
        <ele>1042.5</ele>
      </trkpt>
      <trkpt lat="44.13064" lon="5.28915">
        <ele>1043.5</ele>
      </trkpt>
      <trkpt lat="44.1307" lon="5.28929">
        <ele>1045.1</ele>
      </trkpt>
      <trkpt lat="44.13077" lon="5.28954">
        <ele>1047.6</ele>
      </trkpt>
      <trkpt lat="44.13082" lon="5.28978">
        <ele>1050.0</ele>
      </trkpt>
      <trkpt lat="44.13092" lon="5.29012">
        <ele>1054.1</ele>
      </trkpt>
      <trkpt lat="44.13097" lon="5.29028">
        <ele>1056.0</ele>
      </trkpt>
      <trkpt lat="44.13101" lon="5.29038">
        <ele>1057.3</ele>
      </trkpt>
      <trkpt lat="44.13106" lon="5.29047">
        <ele>1058.6</ele>
      </trkpt>
      <trkpt lat="44.13112" lon="5.29059">
        <ele>1060.3</ele>
      </trkpt>
      <trkpt lat="44.1312" lon="5.29071">
        <ele>1062.1</ele>
      </trkpt>
      <trkpt lat="44.13129" lon="5.29085">
        <ele>1064.1</ele>
      </trkpt>
      <trkpt lat="44.13132" lon="5.29092">
        <ele>1064.9</ele>
      </trkpt>
      <trkpt lat="44.13148" lon="5.29119">
        <ele>1068.3</ele>
      </trkpt>
      <trkpt lat="44.13158" lon="5.29138">
        <ele>1070.5</ele>
      </trkpt>
      <trkpt lat="44.13164" lon="5.29151">
        <ele>1071.8</ele>
      </trkpt>
      <trkpt lat="44.13168" lon="5.29164">
        <ele>1073.1</ele>
      </trkpt>
      <trkpt lat="44.13174" lon="5.2918">
        <ele>1075.1</ele>
      </trkpt>
      <trkpt lat="44.13187" lon="5.29218">
        <ele>1079.1</ele>
      </trkpt>
      <trkpt lat="44.13202" lon="5.2926">
        <ele>1083.4</ele>
      </trkpt>
      <trkpt lat="44.13211" lon="5.29282">
        <ele>1085.9</ele>
      </trkpt>
      <trkpt lat="44.13221" lon="5.29305">
        <ele>1088.1</ele>
      </trkpt>
      <trkpt lat="44.13232" lon="5.29328">
        <ele>1089.9</ele>
      </trkpt>
      <trkpt lat="44.13239" lon="5.29341">
        <ele>1091.3</ele>
      </trkpt>
      <trkpt lat="44.13247" lon="5.29356">
        <ele>1093.3</ele>
      </trkpt>
      <trkpt lat="44.13254" lon="5.29372">
        <ele>1095.9</ele>
      </trkpt>
      <trkpt lat="44.132689" lon="5.29402">
        <ele>1101.0</ele>
      </trkpt>
      <trkpt lat="44.13274" lon="5.29412">
        <ele>1102.3</ele>
      </trkpt>
      <trkpt lat="44.13283" lon="5.2943">
        <ele>1104.9</ele>
      </trkpt>
      <trkpt lat="44.13284" lon="5.29432">
        <ele>1105.2</ele>
      </trkpt>
      <trkpt lat="44.13289" lon="5.29442">
        <ele>1106.6</ele>
      </trkpt>
      <trkpt lat="44.13297" lon="5.29452">
        <ele>1108.0</ele>
      </trkpt>
      <trkpt lat="44.13314" lon="5.29477">
        <ele>1110.2</ele>
      </trkpt>
      <trkpt lat="44.133249" lon="5.29495">
        <ele>1111.0</ele>
      </trkpt>
      <trkpt lat="44.1333" lon="5.29504">
        <ele>1111.5</ele>
      </trkpt>
      <trkpt lat="44.13335" lon="5.29512">
        <ele>1112.4</ele>
      </trkpt>
      <trkpt lat="44.13341" lon="5.29525">
        <ele>1114.5</ele>
      </trkpt>
      <trkpt lat="44.13348" lon="5.2954">
        <ele>1116.5</ele>
      </trkpt>
      <trkpt lat="44.13361" lon="5.295689">
        <ele>1119.3</ele>
      </trkpt>
      <trkpt lat="44.13368" lon="5.29584">
        <ele>1120.3</ele>
      </trkpt>
      <trkpt lat="44.13371" lon="5.29591">
        <ele>1121.0</ele>
      </trkpt>
      <trkpt lat="44.13376" lon="5.29601">
        <ele>1121.9</ele>
      </trkpt>
      <trkpt lat="44.133809" lon="5.29612">
        <ele>1122.7</ele>
      </trkpt>
      <trkpt lat="44.13407" lon="5.2967">
        <ele>1124.3</ele>
      </trkpt>
      <trkpt lat="44.13432" lon="5.29723">
        <ele>1130.7</ele>
      </trkpt>
      <trkpt lat="44.13441" lon="5.29744">
        <ele>1133.5</ele>
      </trkpt>
      <trkpt lat="44.13444" lon="5.29755">
        <ele>1134.8</ele>
      </trkpt>
      <trkpt lat="44.13448" lon="5.29771">
        <ele>1136.8</ele>
      </trkpt>
      <trkpt lat="44.13451" lon="5.29788">
        <ele>1138.7</ele>
      </trkpt>
      <trkpt lat="44.13454" lon="5.29812">
        <ele>1141.1</ele>
      </trkpt>
      <trkpt lat="44.13456" lon="5.29836">
        <ele>1143.2</ele>
      </trkpt>
      <trkpt lat="44.13461" lon="5.29879">
        <ele>1146.2</ele>
      </trkpt>
      <trkpt lat="44.13464" lon="5.2991">
        <ele>1148.1</ele>
      </trkpt>
      <trkpt lat="44.134659" lon="5.29934">
        <ele>1149.9</ele>
      </trkpt>
      <trkpt lat="44.1347" lon="5.29975">
        <ele>1153.1</ele>
      </trkpt>
      <trkpt lat="44.1347" lon="5.29985">
        <ele>1154.0</ele>
      </trkpt>
      <trkpt lat="44.13472" lon="5.30009">
        <ele>1155.6</ele>
      </trkpt>
      <trkpt lat="44.134749" lon="5.30037">
        <ele>1157.2</ele>
      </trkpt>
      <trkpt lat="44.13477" lon="5.30058">
        <ele>1158.3</ele>
      </trkpt>
      <trkpt lat="44.13479" lon="5.30068">
        <ele>1158.8</ele>
      </trkpt>
      <trkpt lat="44.13479" lon="5.3007">
        <ele>1158.9</ele>
      </trkpt>
      <trkpt lat="44.13481" lon="5.30077">
        <ele>1159.1</ele>
      </trkpt>
      <trkpt lat="44.134839" lon="5.3009">
        <ele>1159.7</ele>
      </trkpt>
      <trkpt lat="44.13486" lon="5.30093">
        <ele>1159.8</ele>
      </trkpt>
      <trkpt lat="44.13488" lon="5.301">
        <ele>1160.2</ele>
      </trkpt>
      <trkpt lat="44.13491" lon="5.30107">
        <ele>1160.4</ele>
      </trkpt>
      <trkpt lat="44.13501" lon="5.30127">
        <ele>1161.4</ele>
      </trkpt>
      <trkpt lat="44.13516" lon="5.30156">
        <ele>1166.2</ele>
      </trkpt>
      <trkpt lat="44.13523" lon="5.30168">
        <ele>1167.9</ele>
      </trkpt>
      <trkpt lat="44.13529" lon="5.30178">
        <ele>1169.3</ele>
      </trkpt>
      <trkpt lat="44.13544" lon="5.30206">
        <ele>1172.0</ele>
      </trkpt>
      <trkpt lat="44.13549" lon="5.30214">
        <ele>1172.6</ele>
      </trkpt>
      <trkpt lat="44.13563" lon="5.30237">
        <ele>1173.3</ele>
      </trkpt>
      <trkpt lat="44.1357" lon="5.30249">
        <ele>1173.3</ele>
      </trkpt>
      <trkpt lat="44.13575" lon="5.30257">
        <ele>1173.9</ele>
      </trkpt>
      <trkpt lat="44.13579" lon="5.30266">
        <ele>1174.7</ele>
      </trkpt>
      <trkpt lat="44.13582" lon="5.30273">
        <ele>1175.3</ele>
      </trkpt>
      <trkpt lat="44.13587" lon="5.30286">
        <ele>1177.5</ele>
      </trkpt>
      <trkpt lat="44.13589" lon="5.30297">
        <ele>1179.0</ele>
      </trkpt>
      <trkpt lat="44.1359" lon="5.30299">
        <ele>1179.5</ele>
      </trkpt>
      <trkpt lat="44.1359" lon="5.30311">
        <ele>1180.6</ele>
      </trkpt>
      <trkpt lat="44.13589" lon="5.30321">
        <ele>1181.2</ele>
      </trkpt>
      <trkpt lat="44.13588" lon="5.30332">
        <ele>1182.0</ele>
      </trkpt>
      <trkpt lat="44.135779" lon="5.30379">
        <ele>1185.0</ele>
      </trkpt>
      <trkpt lat="44.13574" lon="5.30403">
        <ele>1187.1</ele>
      </trkpt>
      <trkpt lat="44.1357" lon="5.30421">
        <ele>1188.6</ele>
      </trkpt>
      <trkpt lat="44.13566" lon="5.30445">
        <ele>1190.8</ele>
      </trkpt>
      <trkpt lat="44.135599" lon="5.30479">
        <ele>1193.5</ele>
      </trkpt>
      <trkpt lat="44.13557" lon="5.304909">
        <ele>1194.4</ele>
      </trkpt>
      <trkpt lat="44.13556" lon="5.30501">
        <ele>1195.1</ele>
      </trkpt>
      <trkpt lat="44.13553" lon="5.30515">
        <ele>1195.6</ele>
      </trkpt>
      <trkpt lat="44.13552" lon="5.3052">
        <ele>1195.7</ele>
      </trkpt>
      <trkpt lat="44.1355" lon="5.30539">
        <ele>1196.5</ele>
      </trkpt>
      <trkpt lat="44.13549" lon="5.30563">
        <ele>1197.5</ele>
      </trkpt>
      <trkpt lat="44.13549" lon="5.30565">
        <ele>1197.6</ele>
      </trkpt>
      <trkpt lat="44.13548" lon="5.30579">
        <ele>1198.1</ele>
      </trkpt>
      <trkpt lat="44.13548" lon="5.3059">
        <ele>1198.5</ele>
      </trkpt>
      <trkpt lat="44.1355" lon="5.30603">
        <ele>1199.2</ele>
      </trkpt>
      <trkpt lat="44.13552" lon="5.30611">
        <ele>1199.7</ele>
      </trkpt>
      <trkpt lat="44.13552" lon="5.30614">
        <ele>1199.7</ele>
      </trkpt>
      <trkpt lat="44.13555" lon="5.30626">
        <ele>1200.5</ele>
      </trkpt>
      <trkpt lat="44.13557" lon="5.30635">
        <ele>1201.0</ele>
      </trkpt>
      <trkpt lat="44.13557" lon="5.30637">
        <ele>1201.0</ele>
      </trkpt>
      <trkpt lat="44.13561" lon="5.30647">
        <ele>1201.8</ele>
      </trkpt>
      <trkpt lat="44.13565" lon="5.30659">
        <ele>1202.6</ele>
      </trkpt>
      <trkpt lat="44.1357" lon="5.3067">
        <ele>1203.5</ele>
      </trkpt>
      <trkpt lat="44.13577" lon="5.30684">
        <ele>1204.9</ele>
      </trkpt>
      <trkpt lat="44.13588" lon="5.30705">
        <ele>1207.3</ele>
      </trkpt>
      <trkpt lat="44.13599" lon="5.30725">
        <ele>1209.9</ele>
      </trkpt>
      <trkpt lat="44.1362" lon="5.307559">
        <ele>1213.7</ele>
      </trkpt>
      <trkpt lat="44.13644" lon="5.30786">
        <ele>1218.3</ele>
      </trkpt>
      <trkpt lat="44.13649" lon="5.30793">
        <ele>1219.1</ele>
      </trkpt>
      <trkpt lat="44.13661" lon="5.30809">
        <ele>1220.9</ele>
      </trkpt>
      <trkpt lat="44.136719" lon="5.30822">
        <ele>1222.5</ele>
      </trkpt>
      <trkpt lat="44.13683" lon="5.30835">
        <ele>1224.3</ele>
      </trkpt>
      <trkpt lat="44.137" lon="5.30856">
        <ele>1227.3</ele>
      </trkpt>
      <trkpt lat="44.13723" lon="5.30886">
        <ele>1229.4</ele>
      </trkpt>
      <trkpt lat="44.1373" lon="5.30896">
        <ele>1229.5</ele>
      </trkpt>
      <trkpt lat="44.13747" lon="5.30919">
        <ele>1229.2</ele>
      </trkpt>
      <trkpt lat="44.137569" lon="5.30938">
        <ele>1231.9</ele>
      </trkpt>
      <trkpt lat="44.13765" lon="5.30956">
        <ele>1234.5</ele>
      </trkpt>
      <trkpt lat="44.13774" lon="5.30978">
        <ele>1237.0</ele>
      </trkpt>
      <trkpt lat="44.13785" lon="5.31008">
        <ele>1240.1</ele>
      </trkpt>
      <trkpt lat="44.13789" lon="5.31019">
        <ele>1241.5</ele>
      </trkpt>
      <trkpt lat="44.13796" lon="5.31036">
        <ele>1243.5</ele>
      </trkpt>
      <trkpt lat="44.138" lon="5.310469">
        <ele>1244.6</ele>
      </trkpt>
      <trkpt lat="44.13802" lon="5.31052">
        <ele>1245.1</ele>
      </trkpt>
      <trkpt lat="44.13807" lon="5.31066">
        <ele>1246.2</ele>
      </trkpt>
      <trkpt lat="44.13808" lon="5.31069">
        <ele>1246.4</ele>
      </trkpt>
      <trkpt lat="44.13811" lon="5.31078">
        <ele>1247.0</ele>
      </trkpt>
      <trkpt lat="44.13814" lon="5.31091">
        <ele>1247.6</ele>
      </trkpt>
      <trkpt lat="44.13816" lon="5.31102">
        <ele>1248.0</ele>
      </trkpt>
      <trkpt lat="44.13817" lon="5.31112">
        <ele>1248.3</ele>
      </trkpt>
      <trkpt lat="44.13816" lon="5.31117">
        <ele>1248.5</ele>
      </trkpt>
      <trkpt lat="44.13816" lon="5.311219">
        <ele>1248.6</ele>
      </trkpt>
      <trkpt lat="44.13815" lon="5.31132">
        <ele>1249.0</ele>
      </trkpt>
      <trkpt lat="44.13814" lon="5.31141">
        <ele>1249.3</ele>
      </trkpt>
      <trkpt lat="44.13814" lon="5.31142">
        <ele>1249.3</ele>
      </trkpt>
      <trkpt lat="44.138129" lon="5.31149">
        <ele>1249.6</ele>
      </trkpt>
      <trkpt lat="44.13812" lon="5.31158">
        <ele>1250.0</ele>
      </trkpt>
      <trkpt lat="44.138129" lon="5.3117">
        <ele>1250.4</ele>
      </trkpt>
      <trkpt lat="44.13817" lon="5.31187">
        <ele>1251.3</ele>
      </trkpt>
      <trkpt lat="44.13818" lon="5.311899">
        <ele>1251.5</ele>
      </trkpt>
      <trkpt lat="44.13823" lon="5.31208">
        <ele>1252.3</ele>
      </trkpt>
      <trkpt lat="44.13828" lon="5.31222">
        <ele>1252.8</ele>
      </trkpt>
      <trkpt lat="44.13834" lon="5.31245">
        <ele>1253.8</ele>
      </trkpt>
      <trkpt lat="44.13837" lon="5.31257">
        <ele>1255.5</ele>
      </trkpt>
      <trkpt lat="44.13839" lon="5.31266">
        <ele>1256.8</ele>
      </trkpt>
      <trkpt lat="44.13841" lon="5.3128">
        <ele>1258.5</ele>
      </trkpt>
      <trkpt lat="44.13842" lon="5.31289">
        <ele>1259.6</ele>
      </trkpt>
      <trkpt lat="44.13843" lon="5.3131">
        <ele>1261.7</ele>
      </trkpt>
      <trkpt lat="44.13843" lon="5.31316">
        <ele>1262.2</ele>
      </trkpt>
      <trkpt lat="44.13844" lon="5.3133">
        <ele>1263.6</ele>
      </trkpt>
      <trkpt lat="44.13845" lon="5.31334">
        <ele>1264.1</ele>
      </trkpt>
      <trkpt lat="44.13847" lon="5.31348">
        <ele>1265.7</ele>
      </trkpt>
      <trkpt lat="44.138509" lon="5.31364">
        <ele>1267.4</ele>
      </trkpt>
      <trkpt lat="44.13855" lon="5.31379">
        <ele>1268.9</ele>
      </trkpt>
      <trkpt lat="44.138599" lon="5.31393">
        <ele>1269.9</ele>
      </trkpt>
      <trkpt lat="44.13866" lon="5.31407">
        <ele>1270.6</ele>
      </trkpt>
      <trkpt lat="44.13875" lon="5.314269">
        <ele>1271.6</ele>
      </trkpt>
      <trkpt lat="44.13888" lon="5.31454">
        <ele>1273.0</ele>
      </trkpt>
      <trkpt lat="44.13894" lon="5.314669">
        <ele>1273.6</ele>
      </trkpt>
      <trkpt lat="44.13899" lon="5.31476">
        <ele>1273.9</ele>
      </trkpt>
      <trkpt lat="44.139069" lon="5.3149">
        <ele>1274.3</ele>
      </trkpt>
      <trkpt lat="44.1392" lon="5.31509">
        <ele>1275.6</ele>
      </trkpt>
      <trkpt lat="44.139249" lon="5.31516">
        <ele>1277.0</ele>
      </trkpt>
      <trkpt lat="44.13933" lon="5.31529">
        <ele>1279.0</ele>
      </trkpt>
      <trkpt lat="44.13951" lon="5.31558">
        <ele>1281.7</ele>
      </trkpt>
      <trkpt lat="44.13978" lon="5.31598">
        <ele>1282.7</ele>
      </trkpt>
      <trkpt lat="44.13979" lon="5.31601">
        <ele>1283.0</ele>
      </trkpt>
      <trkpt lat="44.1399" lon="5.316169">
        <ele>1284.0</ele>
      </trkpt>
      <trkpt lat="44.13998" lon="5.31628">
        <ele>1284.9</ele>
      </trkpt>
      <trkpt lat="44.14007" lon="5.31642">
        <ele>1287.1</ele>
      </trkpt>
      <trkpt lat="44.14016" lon="5.31654">
        <ele>1288.9</ele>
      </trkpt>
      <trkpt lat="44.14036" lon="5.31679">
        <ele>1292.0</ele>
      </trkpt>
      <trkpt lat="44.14047" lon="5.31692">
        <ele>1293.7</ele>
      </trkpt>
      <trkpt lat="44.14062" lon="5.31715">
        <ele>1296.2</ele>
      </trkpt>
      <trkpt lat="44.14071" lon="5.3173">
        <ele>1297.5</ele>
      </trkpt>
      <trkpt lat="44.14082" lon="5.3175">
        <ele>1299.0</ele>
      </trkpt>
      <trkpt lat="44.1409" lon="5.31763">
        <ele>1300.7</ele>
      </trkpt>
      <trkpt lat="44.14098" lon="5.31775">
        <ele>1302.3</ele>
      </trkpt>
      <trkpt lat="44.14105" lon="5.31785">
        <ele>1303.5</ele>
      </trkpt>
      <trkpt lat="44.14111" lon="5.31792">
        <ele>1304.4</ele>
      </trkpt>
      <trkpt lat="44.14115" lon="5.31796">
        <ele>1304.8</ele>
      </trkpt>
      <trkpt lat="44.14119" lon="5.317999">
        <ele>1305.3</ele>
      </trkpt>
      <trkpt lat="44.14144" lon="5.31826">
        <ele>1307.5</ele>
      </trkpt>
      <trkpt lat="44.14155" lon="5.31838">
        <ele>1308.6</ele>
      </trkpt>
      <trkpt lat="44.14164" lon="5.31845">
        <ele>1309.5</ele>
      </trkpt>
      <trkpt lat="44.1417" lon="5.31848">
        <ele>1310.2</ele>
      </trkpt>
      <trkpt lat="44.14174" lon="5.31849">
        <ele>1310.7</ele>
      </trkpt>
      <trkpt lat="44.14178" lon="5.31849">
        <ele>1311.1</ele>
      </trkpt>
      <trkpt lat="44.14185" lon="5.31849">
        <ele>1311.7</ele>
      </trkpt>
      <trkpt lat="44.14193" lon="5.318469">
        <ele>1312.2</ele>
      </trkpt>
      <trkpt lat="44.141979" lon="5.31846">
        <ele>1312.5</ele>
      </trkpt>
      <trkpt lat="44.14211" lon="5.31843">
        <ele>1313.3</ele>
      </trkpt>
      <trkpt lat="44.14224" lon="5.31841">
        <ele>1314.3</ele>
      </trkpt>
      <trkpt lat="44.14228" lon="5.31841">
        <ele>1314.7</ele>
      </trkpt>
      <trkpt lat="44.1423" lon="5.31841">
        <ele>1314.9</ele>
      </trkpt>
      <trkpt lat="44.14234" lon="5.31843">
        <ele>1315.5</ele>
      </trkpt>
      <trkpt lat="44.1424" lon="5.31845">
        <ele>1316.2</ele>
      </trkpt>
      <trkpt lat="44.14246" lon="5.31849">
        <ele>1317.1</ele>
      </trkpt>
      <trkpt lat="44.14248" lon="5.3185">
        <ele>1317.4</ele>
      </trkpt>
      <trkpt lat="44.14261" lon="5.31856">
        <ele>1319.9</ele>
      </trkpt>
      <trkpt lat="44.142629" lon="5.31856">
        <ele>1320.2</ele>
      </trkpt>
      <trkpt lat="44.14273" lon="5.31857">
        <ele>1321.8</ele>
      </trkpt>
      <trkpt lat="44.14281" lon="5.31855">
        <ele>1322.8</ele>
      </trkpt>
      <trkpt lat="44.14291" lon="5.31848">
        <ele>1323.7</ele>
      </trkpt>
      <trkpt lat="44.14299" lon="5.31842">
        <ele>1324.4</ele>
      </trkpt>
      <trkpt lat="44.14315" lon="5.31828">
        <ele>1326.2</ele>
      </trkpt>
      <trkpt lat="44.1433" lon="5.31816">
        <ele>1328.7</ele>
      </trkpt>
      <trkpt lat="44.14333" lon="5.31814">
        <ele>1329.2</ele>
      </trkpt>
      <trkpt lat="44.14345" lon="5.31804">
        <ele>1331.8</ele>
      </trkpt>
      <trkpt lat="44.14349" lon="5.31801">
        <ele>1332.6</ele>
      </trkpt>
      <trkpt lat="44.14363" lon="5.31789">
        <ele>1335.1</ele>
      </trkpt>
      <trkpt lat="44.1439" lon="5.31758">
        <ele>1338.6</ele>
      </trkpt>
      <trkpt lat="44.14401" lon="5.3175">
        <ele>1339.7</ele>
      </trkpt>
      <trkpt lat="44.14411" lon="5.31746">
        <ele>1341.6</ele>
      </trkpt>
      <trkpt lat="44.14424" lon="5.31743">
        <ele>1343.4</ele>
      </trkpt>
      <trkpt lat="44.14439" lon="5.31741">
        <ele>1345.2</ele>
      </trkpt>
      <trkpt lat="44.144509" lon="5.3174">
        <ele>1346.5</ele>
      </trkpt>
      <trkpt lat="44.14467" lon="5.3174">
        <ele>1348.2</ele>
      </trkpt>
      <trkpt lat="44.144799" lon="5.31742">
        <ele>1349.4</ele>
      </trkpt>
      <trkpt lat="44.14515" lon="5.3175">
        <ele>1352.3</ele>
      </trkpt>
      <trkpt lat="44.14529" lon="5.31753">
        <ele>1353.9</ele>
      </trkpt>
      <trkpt lat="44.14533" lon="5.31754">
        <ele>1354.3</ele>
      </trkpt>
      <trkpt lat="44.14557" lon="5.31759">
        <ele>1357.0</ele>
      </trkpt>
      <trkpt lat="44.14563" lon="5.31761">
        <ele>1357.8</ele>
      </trkpt>
      <trkpt lat="44.14565" lon="5.31762">
        <ele>1358.1</ele>
      </trkpt>
      <trkpt lat="44.14568" lon="5.31763">
        <ele>1358.5</ele>
      </trkpt>
      <trkpt lat="44.14574" lon="5.31765">
        <ele>1359.2</ele>
      </trkpt>
      <trkpt lat="44.14578" lon="5.31768">
        <ele>1359.9</ele>
      </trkpt>
      <trkpt lat="44.14581" lon="5.31769">
        <ele>1360.3</ele>
      </trkpt>
      <trkpt lat="44.14582" lon="5.31769">
        <ele>1360.4</ele>
      </trkpt>
      <trkpt lat="44.14584" lon="5.3177">
        <ele>1360.7</ele>
      </trkpt>
      <trkpt lat="44.14587" lon="5.3177">
        <ele>1361.2</ele>
      </trkpt>
      <trkpt lat="44.14588" lon="5.31769">
        <ele>1361.2</ele>
      </trkpt>
      <trkpt lat="44.1459" lon="5.31767">
        <ele>1361.3</ele>
      </trkpt>
      <trkpt lat="44.145919" lon="5.31765">
        <ele>1361.3</ele>
      </trkpt>
      <trkpt lat="44.14593" lon="5.31762">
        <ele>1361.1</ele>
      </trkpt>
      <trkpt lat="44.14593" lon="5.3176">
        <ele>1360.9</ele>
      </trkpt>
      <trkpt lat="44.14593" lon="5.31757">
        <ele>1360.6</ele>
      </trkpt>
      <trkpt lat="44.14593" lon="5.31755">
        <ele>1360.3</ele>
      </trkpt>
      <trkpt lat="44.14593" lon="5.31753">
        <ele>1360.1</ele>
      </trkpt>
      <trkpt lat="44.14591" lon="5.31749">
        <ele>1359.5</ele>
      </trkpt>
      <trkpt lat="44.1459" lon="5.31745">
        <ele>1359.6</ele>
      </trkpt>
      <trkpt lat="44.14567" lon="5.31706">
        <ele>1360.1</ele>
      </trkpt>
      <trkpt lat="44.1456" lon="5.31696">
        <ele>1360.2</ele>
      </trkpt>
      <trkpt lat="44.14553" lon="5.31686">
        <ele>1360.3</ele>
      </trkpt>
      <trkpt lat="44.14548" lon="5.31677">
        <ele>1360.4</ele>
      </trkpt>
      <trkpt lat="44.14546" lon="5.31668">
        <ele>1360.9</ele>
      </trkpt>
      <trkpt lat="44.14546" lon="5.31661">
        <ele>1361.3</ele>
      </trkpt>
      <trkpt lat="44.14546" lon="5.31658">
        <ele>1361.4</ele>
      </trkpt>
      <trkpt lat="44.14547" lon="5.31646">
        <ele>1362.2</ele>
      </trkpt>
      <trkpt lat="44.14551" lon="5.31635">
        <ele>1363.2</ele>
      </trkpt>
      <trkpt lat="44.14561" lon="5.316169">
        <ele>1365.1</ele>
      </trkpt>
      <trkpt lat="44.14581" lon="5.31582">
        <ele>1368.7</ele>
      </trkpt>
      <trkpt lat="44.14585" lon="5.31574">
        <ele>1368.4</ele>
      </trkpt>
      <trkpt lat="44.14594" lon="5.31558">
        <ele>1367.8</ele>
      </trkpt>
      <trkpt lat="44.14607" lon="5.315349">
        <ele>1366.5</ele>
      </trkpt>
      <trkpt lat="44.14612" lon="5.31531">
        <ele>1366.4</ele>
      </trkpt>
      <trkpt lat="44.14617" lon="5.31529">
        <ele>1366.5</ele>
      </trkpt>
      <trkpt lat="44.14625" lon="5.31527">
        <ele>1366.7</ele>
      </trkpt>
      <trkpt lat="44.14633" lon="5.31527">
        <ele>1367.2</ele>
      </trkpt>
      <trkpt lat="44.146479" lon="5.31529">
        <ele>1368.4</ele>
      </trkpt>
      <trkpt lat="44.14682" lon="5.31539">
        <ele>1371.2</ele>
      </trkpt>
      <trkpt lat="44.14697" lon="5.31545">
        <ele>1372.2</ele>
      </trkpt>
      <trkpt lat="44.14701" lon="5.31547">
        <ele>1372.6</ele>
      </trkpt>
      <trkpt lat="44.14707" lon="5.31551">
        <ele>1373.4</ele>
      </trkpt>
      <trkpt lat="44.14714" lon="5.31557">
        <ele>1374.5</ele>
      </trkpt>
      <trkpt lat="44.14719" lon="5.31563">
        <ele>1375.6</ele>
      </trkpt>
      <trkpt lat="44.147239" lon="5.31571">
        <ele>1377.1</ele>
      </trkpt>
      <trkpt lat="44.1473" lon="5.31579">
        <ele>1378.7</ele>
      </trkpt>
      <trkpt lat="44.14737" lon="5.315889">
        <ele>1380.3</ele>
      </trkpt>
      <trkpt lat="44.14743" lon="5.31595">
        <ele>1381.1</ele>
      </trkpt>
      <trkpt lat="44.14752" lon="5.31601">
        <ele>1382.1</ele>
      </trkpt>
      <trkpt lat="44.14761" lon="5.31605">
        <ele>1382.5</ele>
      </trkpt>
      <trkpt lat="44.147709" lon="5.31609">
        <ele>1383.1</ele>
      </trkpt>
      <trkpt lat="44.14784" lon="5.31613">
        <ele>1383.8</ele>
      </trkpt>
      <trkpt lat="44.14797" lon="5.316169">
        <ele>1384.6</ele>
      </trkpt>
      <trkpt lat="44.14806" lon="5.31622">
        <ele>1385.7</ele>
      </trkpt>
      <trkpt lat="44.14816" lon="5.31627">
        <ele>1387.0</ele>
      </trkpt>
      <trkpt lat="44.14862" lon="5.316569">
        <ele>1394.2</ele>
      </trkpt>
      <trkpt lat="44.14897" lon="5.31681">
        <ele>1397.8</ele>
      </trkpt>
      <trkpt lat="44.14913" lon="5.31692">
        <ele>1399.6</ele>
      </trkpt>
      <trkpt lat="44.149389" lon="5.3171">
        <ele>1402.4</ele>
      </trkpt>
      <trkpt lat="44.14945" lon="5.31715">
        <ele>1403.2</ele>
      </trkpt>
      <trkpt lat="44.149679" lon="5.317319">
        <ele>1405.7</ele>
      </trkpt>
      <trkpt lat="44.14987" lon="5.31744">
        <ele>1407.3</ele>
      </trkpt>
      <trkpt lat="44.14994" lon="5.31748">
        <ele>1407.8</ele>
      </trkpt>
      <trkpt lat="44.14997" lon="5.31749">
        <ele>1407.9</ele>
      </trkpt>
      <trkpt lat="44.15011" lon="5.31755">
        <ele>1408.9</ele>
      </trkpt>
      <trkpt lat="44.15016" lon="5.31758">
        <ele>1409.5</ele>
      </trkpt>
      <trkpt lat="44.15047" lon="5.31768">
        <ele>1410.9</ele>
      </trkpt>
      <trkpt lat="44.15062" lon="5.31774">
        <ele>1411.8</ele>
      </trkpt>
      <trkpt lat="44.15074" lon="5.3178">
        <ele>1412.8</ele>
      </trkpt>
      <trkpt lat="44.15084" lon="5.31787">
        <ele>1414.0</ele>
      </trkpt>
      <trkpt lat="44.15097" lon="5.31796">
        <ele>1416.5</ele>
      </trkpt>
      <trkpt lat="44.15111" lon="5.31809">
        <ele>1419.0</ele>
      </trkpt>
      <trkpt lat="44.15126" lon="5.31823">
        <ele>1420.7</ele>
      </trkpt>
      <trkpt lat="44.151359" lon="5.31832">
        <ele>1421.3</ele>
      </trkpt>
      <trkpt lat="44.15156" lon="5.3185">
        <ele>1423.4</ele>
      </trkpt>
      <trkpt lat="44.1517" lon="5.31863">
        <ele>1425.3</ele>
      </trkpt>
      <trkpt lat="44.15171" lon="5.31864">
        <ele>1425.6</ele>
      </trkpt>
      <trkpt lat="44.15184" lon="5.31876">
        <ele>1428.3</ele>
      </trkpt>
      <trkpt lat="44.15186" lon="5.31878">
        <ele>1428.6</ele>
      </trkpt>
      <trkpt lat="44.1519" lon="5.31881">
        <ele>1429.2</ele>
      </trkpt>
      <trkpt lat="44.15194" lon="5.31884">
        <ele>1429.6</ele>
      </trkpt>
      <trkpt lat="44.15198" lon="5.31886">
        <ele>1430.0</ele>
      </trkpt>
      <trkpt lat="44.15203" lon="5.31886">
        <ele>1430.2</ele>
      </trkpt>
      <trkpt lat="44.15203" lon="5.31886">
        <ele>1430.2</ele>
      </trkpt>
      <trkpt lat="44.152119" lon="5.31878">
        <ele>1430.1</ele>
      </trkpt>
      <trkpt lat="44.15217" lon="5.31871">
        <ele>1430.2</ele>
      </trkpt>
      <trkpt lat="44.1522" lon="5.31864">
        <ele>1430.3</ele>
      </trkpt>
      <trkpt lat="44.15222" lon="5.31858">
        <ele>1430.4</ele>
      </trkpt>
      <trkpt lat="44.15223" lon="5.31848">
        <ele>1430.3</ele>
      </trkpt>
      <trkpt lat="44.15223" lon="5.31841">
        <ele>1430.2</ele>
      </trkpt>
      <trkpt lat="44.152209" lon="5.318329">
        <ele>1429.8</ele>
      </trkpt>
      <trkpt lat="44.15216" lon="5.31816">
        <ele>1429.9</ele>
      </trkpt>
      <trkpt lat="44.15213" lon="5.31803">
        <ele>1430.0</ele>
      </trkpt>
      <trkpt lat="44.1521" lon="5.31796">
        <ele>1429.7</ele>
      </trkpt>
      <trkpt lat="44.15202" lon="5.31771">
        <ele>1428.7</ele>
      </trkpt>
      <trkpt lat="44.15197" lon="5.3175">
        <ele>1427.8</ele>
      </trkpt>
      <trkpt lat="44.15191" lon="5.31734">
        <ele>1428.4</ele>
      </trkpt>
      <trkpt lat="44.15188" lon="5.317249">
        <ele>1428.9</ele>
      </trkpt>
      <trkpt lat="44.15181" lon="5.31706">
        <ele>1429.8</ele>
      </trkpt>
      <trkpt lat="44.15171" lon="5.31684">
        <ele>1430.4</ele>
      </trkpt>
      <trkpt lat="44.15163" lon="5.31665">
        <ele>1431.0</ele>
      </trkpt>
      <trkpt lat="44.15156" lon="5.31645">
        <ele>1431.5</ele>
      </trkpt>
      <trkpt lat="44.1515" lon="5.31623">
        <ele>1432.8</ele>
      </trkpt>
      <trkpt lat="44.15149" lon="5.31621">
        <ele>1432.8</ele>
      </trkpt>
      <trkpt lat="44.15137" lon="5.31575">
        <ele>1436.0</ele>
      </trkpt>
      <trkpt lat="44.1513" lon="5.31544">
        <ele>1438.4</ele>
      </trkpt>
      <trkpt lat="44.15123" lon="5.31517">
        <ele>1440.6</ele>
      </trkpt>
      <trkpt lat="44.15119" lon="5.31506">
        <ele>1441.3</ele>
      </trkpt>
      <trkpt lat="44.15109" lon="5.31486">
        <ele>1441.5</ele>
      </trkpt>
      <trkpt lat="44.151" lon="5.31468">
        <ele>1441.9</ele>
      </trkpt>
      <trkpt lat="44.15096" lon="5.3146">
        <ele>1442.1</ele>
      </trkpt>
      <trkpt lat="44.15093" lon="5.31452">
        <ele>1442.7</ele>
      </trkpt>
      <trkpt lat="44.15091" lon="5.31443">
        <ele>1443.5</ele>
      </trkpt>
      <trkpt lat="44.15091" lon="5.31436">
        <ele>1444.5</ele>
      </trkpt>
      <trkpt lat="44.15091" lon="5.31433">
        <ele>1444.9</ele>
      </trkpt>
      <trkpt lat="44.15092" lon="5.31425">
        <ele>1446.1</ele>
      </trkpt>
      <trkpt lat="44.15093" lon="5.31419">
        <ele>1447.1</ele>
      </trkpt>
      <trkpt lat="44.15096" lon="5.31412">
        <ele>1447.9</ele>
      </trkpt>
      <trkpt lat="44.15108" lon="5.31395">
        <ele>1449.8</ele>
      </trkpt>
      <trkpt lat="44.15108" lon="5.31394">
        <ele>1449.8</ele>
      </trkpt>
      <trkpt lat="44.15122" lon="5.31378">
        <ele>1451.6</ele>
      </trkpt>
      <trkpt lat="44.15124" lon="5.31377">
        <ele>1451.9</ele>
      </trkpt>
      <trkpt lat="44.15141" lon="5.31362">
        <ele>1453.8</ele>
      </trkpt>
      <trkpt lat="44.15148" lon="5.31357">
        <ele>1454.5</ele>
      </trkpt>
      <trkpt lat="44.15154" lon="5.31356">
        <ele>1455.2</ele>
      </trkpt>
      <trkpt lat="44.15156" lon="5.31356">
        <ele>1455.4</ele>
      </trkpt>
      <trkpt lat="44.15164" lon="5.31355">
        <ele>1456.2</ele>
      </trkpt>
      <trkpt lat="44.15198" lon="5.31361">
        <ele>1457.4</ele>
      </trkpt>
      <trkpt lat="44.15208" lon="5.31364">
        <ele>1457.9</ele>
      </trkpt>
      <trkpt lat="44.15216" lon="5.313659">
        <ele>1458.3</ele>
      </trkpt>
      <trkpt lat="44.15226" lon="5.31368">
        <ele>1458.8</ele>
      </trkpt>
      <trkpt lat="44.15234" lon="5.31372">
        <ele>1459.5</ele>
      </trkpt>
      <trkpt lat="44.15244" lon="5.31378">
        <ele>1460.6</ele>
      </trkpt>
      <trkpt lat="44.15255" lon="5.31386">
        <ele>1462.0</ele>
      </trkpt>
      <trkpt lat="44.15258" lon="5.31389">
        <ele>1462.4</ele>
      </trkpt>
      <trkpt lat="44.15264" lon="5.31394">
        <ele>1463.1</ele>
      </trkpt>
      <trkpt lat="44.15271" lon="5.31402">
        <ele>1464.1</ele>
      </trkpt>
      <trkpt lat="44.15272" lon="5.31404">
        <ele>1464.4</ele>
      </trkpt>
      <trkpt lat="44.15279" lon="5.314129">
        <ele>1465.5</ele>
      </trkpt>
      <trkpt lat="44.15297" lon="5.31436">
        <ele>1467.3</ele>
      </trkpt>
      <trkpt lat="44.15302" lon="5.3144">
        <ele>1467.7</ele>
      </trkpt>
      <trkpt lat="44.15312" lon="5.31448">
        <ele>1468.8</ele>
      </trkpt>
      <trkpt lat="44.15329" lon="5.31456">
        <ele>1470.5</ele>
      </trkpt>
      <trkpt lat="44.1534" lon="5.31461">
        <ele>1471.8</ele>
      </trkpt>
      <trkpt lat="44.153619" lon="5.3147">
        <ele>1474.3</ele>
      </trkpt>
      <trkpt lat="44.15369" lon="5.314739">
        <ele>1475.1</ele>
      </trkpt>
      <trkpt lat="44.15381" lon="5.314809">
        <ele>1476.5</ele>
      </trkpt>
      <trkpt lat="44.15424" lon="5.3151">
        <ele>1482.2</ele>
      </trkpt>
      <trkpt lat="44.15452" lon="5.31529">
        <ele>1487.8</ele>
      </trkpt>
      <trkpt lat="44.15464" lon="5.31536">
        <ele>1489.9</ele>
      </trkpt>
      <trkpt lat="44.15477" lon="5.31543">
        <ele>1492.2</ele>
      </trkpt>
      <trkpt lat="44.15478" lon="5.31544">
        <ele>1492.4</ele>
      </trkpt>
      <trkpt lat="44.154829" lon="5.31545">
        <ele>1493.0</ele>
      </trkpt>
      <trkpt lat="44.15488" lon="5.31545">
        <ele>1493.6</ele>
      </trkpt>
      <trkpt lat="44.1549" lon="5.31544">
        <ele>1493.7</ele>
      </trkpt>
      <trkpt lat="44.15493" lon="5.31543">
        <ele>1493.9</ele>
      </trkpt>
      <trkpt lat="44.15495" lon="5.31541">
        <ele>1493.9</ele>
      </trkpt>
      <trkpt lat="44.15496" lon="5.31539">
        <ele>1493.8</ele>
      </trkpt>
      <trkpt lat="44.15498" lon="5.31536">
        <ele>1493.7</ele>
      </trkpt>
      <trkpt lat="44.15498" lon="5.31533">
        <ele>1493.3</ele>
      </trkpt>
      <trkpt lat="44.15498" lon="5.31529">
        <ele>1492.9</ele>
      </trkpt>
      <trkpt lat="44.15498" lon="5.31524">
        <ele>1492.4</ele>
      </trkpt>
      <trkpt lat="44.15496" lon="5.31518">
        <ele>1491.5</ele>
      </trkpt>
      <trkpt lat="44.15492" lon="5.31509">
        <ele>1490.0</ele>
      </trkpt>
      <trkpt lat="44.15486" lon="5.31498">
        <ele>1488.4</ele>
      </trkpt>
      <trkpt lat="44.15482" lon="5.31486">
        <ele>1488.3</ele>
      </trkpt>
      <trkpt lat="44.1548" lon="5.314739">
        <ele>1488.3</ele>
      </trkpt>
      <trkpt lat="44.15479" lon="5.31472">
        <ele>1488.2</ele>
      </trkpt>
      <trkpt lat="44.15478" lon="5.31454">
        <ele>1488.5</ele>
      </trkpt>
      <trkpt lat="44.15478" lon="5.31432">
        <ele>1489.1</ele>
      </trkpt>
      <trkpt lat="44.15479" lon="5.31404">
        <ele>1490.3</ele>
      </trkpt>
      <trkpt lat="44.15481" lon="5.31374">
        <ele>1492.1</ele>
      </trkpt>
      <trkpt lat="44.15482" lon="5.31349">
        <ele>1493.5</ele>
      </trkpt>
      <trkpt lat="44.154829" lon="5.31329">
        <ele>1494.5</ele>
      </trkpt>
      <trkpt lat="44.15484" lon="5.31324">
        <ele>1494.7</ele>
      </trkpt>
      <trkpt lat="44.15485" lon="5.31308">
        <ele>1494.9</ele>
      </trkpt>
      <trkpt lat="44.15486" lon="5.31299">
        <ele>1495.1</ele>
      </trkpt>
      <trkpt lat="44.15488" lon="5.31278">
        <ele>1495.5</ele>
      </trkpt>
      <trkpt lat="44.15493" lon="5.31257">
        <ele>1496.5</ele>
      </trkpt>
      <trkpt lat="44.15495" lon="5.312509">
        <ele>1496.9</ele>
      </trkpt>
      <trkpt lat="44.15501" lon="5.31242">
        <ele>1497.1</ele>
      </trkpt>
      <trkpt lat="44.15506" lon="5.31235">
        <ele>1496.4</ele>
      </trkpt>
      <trkpt lat="44.15508" lon="5.31233">
        <ele>1496.2</ele>
      </trkpt>
      <trkpt lat="44.15513" lon="5.31229">
        <ele>1495.8</ele>
      </trkpt>
      <trkpt lat="44.15519" lon="5.31226">
        <ele>1495.5</ele>
      </trkpt>
      <trkpt lat="44.15526" lon="5.31224">
        <ele>1495.4</ele>
      </trkpt>
      <trkpt lat="44.15534" lon="5.312229">
        <ele>1495.3</ele>
      </trkpt>
      <trkpt lat="44.1554" lon="5.31224">
        <ele>1495.6</ele>
      </trkpt>
      <trkpt lat="44.15546" lon="5.31226">
        <ele>1496.1</ele>
      </trkpt>
      <trkpt lat="44.15555" lon="5.31231">
        <ele>1497.4</ele>
      </trkpt>
      <trkpt lat="44.155589" lon="5.31234">
        <ele>1498.1</ele>
      </trkpt>
      <trkpt lat="44.15575" lon="5.31245">
        <ele>1501.3</ele>
      </trkpt>
      <trkpt lat="44.15587" lon="5.31254">
        <ele>1503.4</ele>
      </trkpt>
      <trkpt lat="44.15591" lon="5.31256">
        <ele>1503.6</ele>
      </trkpt>
      <trkpt lat="44.15613" lon="5.31271">
        <ele>1505.4</ele>
      </trkpt>
      <trkpt lat="44.15645" lon="5.31285">
        <ele>1507.9</ele>
      </trkpt>
      <trkpt lat="44.15658" lon="5.3129">
        <ele>1509.0</ele>
      </trkpt>
      <trkpt lat="44.15676" lon="5.31297">
        <ele>1511.2</ele>
      </trkpt>
      <trkpt lat="44.15682" lon="5.31299">
        <ele>1511.9</ele>
      </trkpt>
      <trkpt lat="44.15702" lon="5.31307">
        <ele>1514.3</ele>
      </trkpt>
      <trkpt lat="44.1571" lon="5.31311">
        <ele>1515.3</ele>
      </trkpt>
      <trkpt lat="44.15717" lon="5.31315">
        <ele>1516.1</ele>
      </trkpt>
      <trkpt lat="44.15728" lon="5.31325">
        <ele>1517.8</ele>
      </trkpt>
      <trkpt lat="44.15737" lon="5.31332">
        <ele>1518.8</ele>
      </trkpt>
      <trkpt lat="44.15745" lon="5.31338">
        <ele>1519.8</ele>
      </trkpt>
      <trkpt lat="44.1575" lon="5.31341">
        <ele>1520.3</ele>
      </trkpt>
      <trkpt lat="44.15754" lon="5.31342">
        <ele>1521.1</ele>
      </trkpt>
      <trkpt lat="44.15759" lon="5.31342">
        <ele>1522.0</ele>
      </trkpt>
      <trkpt lat="44.1576" lon="5.31342">
        <ele>1522.2</ele>
      </trkpt>
      <trkpt lat="44.15767" lon="5.3134">
        <ele>1523.1</ele>
      </trkpt>
      <trkpt lat="44.15772" lon="5.31337">
        <ele>1523.5</ele>
      </trkpt>
      <trkpt lat="44.15775" lon="5.31333">
        <ele>1523.5</ele>
      </trkpt>
      <trkpt lat="44.15776" lon="5.31332">
        <ele>1523.6</ele>
      </trkpt>
      <trkpt lat="44.15779" lon="5.31326">
        <ele>1523.9</ele>
      </trkpt>
      <trkpt lat="44.15781" lon="5.31319">
        <ele>1524.0</ele>
      </trkpt>
      <trkpt lat="44.15782" lon="5.31314">
        <ele>1524.0</ele>
      </trkpt>
      <trkpt lat="44.15782" lon="5.31311">
        <ele>1523.9</ele>
      </trkpt>
      <trkpt lat="44.15782" lon="5.313049">
        <ele>1523.7</ele>
      </trkpt>
      <trkpt lat="44.15781" lon="5.31286">
        <ele>1522.6</ele>
      </trkpt>
      <trkpt lat="44.15781" lon="5.31285">
        <ele>1522.6</ele>
      </trkpt>
      <trkpt lat="44.1578" lon="5.31264">
        <ele>1521.4</ele>
      </trkpt>
      <trkpt lat="44.1578" lon="5.31241">
        <ele>1521.8</ele>
      </trkpt>
      <trkpt lat="44.15779" lon="5.31227">
        <ele>1523.0</ele>
      </trkpt>
      <trkpt lat="44.15779" lon="5.31216">
        <ele>1524.2</ele>
      </trkpt>
      <trkpt lat="44.15777" lon="5.3121">
        <ele>1524.2</ele>
      </trkpt>
      <trkpt lat="44.15775" lon="5.31204">
        <ele>1524.2</ele>
      </trkpt>
      <trkpt lat="44.15768" lon="5.31189">
        <ele>1523.5</ele>
      </trkpt>
      <trkpt lat="44.15758" lon="5.31165">
        <ele>1522.9</ele>
      </trkpt>
      <trkpt lat="44.15752" lon="5.31145">
        <ele>1523.8</ele>
      </trkpt>
      <trkpt lat="44.15751" lon="5.31144">
        <ele>1523.6</ele>
      </trkpt>
      <trkpt lat="44.15746" lon="5.3112">
        <ele>1525.4</ele>
      </trkpt>
      <trkpt lat="44.15743" lon="5.31102">
        <ele>1526.9</ele>
      </trkpt>
      <trkpt lat="44.15741" lon="5.31084">
        <ele>1528.8</ele>
      </trkpt>
      <trkpt lat="44.1574" lon="5.3107">
        <ele>1529.5</ele>
      </trkpt>
      <trkpt lat="44.15741" lon="5.31055">
        <ele>1531.0</ele>
      </trkpt>
      <trkpt lat="44.15742" lon="5.31041">
        <ele>1532.4</ele>
      </trkpt>
      <trkpt lat="44.15743" lon="5.31029">
        <ele>1533.6</ele>
      </trkpt>
      <trkpt lat="44.15749" lon="5.30994">
        <ele>1537.6</ele>
      </trkpt>
      <trkpt lat="44.15755" lon="5.30966">
        <ele>1538.6</ele>
      </trkpt>
      <trkpt lat="44.15764" lon="5.30937">
        <ele>1540.3</ele>
      </trkpt>
      <trkpt lat="44.15767" lon="5.30927">
        <ele>1540.8</ele>
      </trkpt>
      <trkpt lat="44.15772" lon="5.30914">
        <ele>1541.6</ele>
      </trkpt>
      <trkpt lat="44.15782" lon="5.30893">
        <ele>1542.7</ele>
      </trkpt>
      <trkpt lat="44.15789" lon="5.30883">
        <ele>1543.5</ele>
      </trkpt>
      <trkpt lat="44.15796" lon="5.30874">
        <ele>1544.4</ele>
      </trkpt>
      <trkpt lat="44.158029" lon="5.30866">
        <ele>1545.2</ele>
      </trkpt>
      <trkpt lat="44.158119" lon="5.30856">
        <ele>1546.2</ele>
      </trkpt>
      <trkpt lat="44.158209" lon="5.30848">
        <ele>1547.2</ele>
      </trkpt>
      <trkpt lat="44.15829" lon="5.30842">
        <ele>1548.2</ele>
      </trkpt>
      <trkpt lat="44.15838" lon="5.30836">
        <ele>1548.9</ele>
      </trkpt>
      <trkpt lat="44.15847" lon="5.30832">
        <ele>1549.6</ele>
      </trkpt>
      <trkpt lat="44.15863" lon="5.308239">
        <ele>1550.2</ele>
      </trkpt>
      <trkpt lat="44.15876" lon="5.30818">
        <ele>1550.9</ele>
      </trkpt>
      <trkpt lat="44.15891" lon="5.30813">
        <ele>1552.0</ele>
      </trkpt>
      <trkpt lat="44.15902" lon="5.30811">
        <ele>1553.0</ele>
      </trkpt>
      <trkpt lat="44.15911" lon="5.30811">
        <ele>1554.2</ele>
      </trkpt>
      <trkpt lat="44.1592" lon="5.30811">
        <ele>1555.5</ele>
      </trkpt>
      <trkpt lat="44.15938" lon="5.30812">
        <ele>1558.5</ele>
      </trkpt>
      <trkpt lat="44.15958" lon="5.30814">
        <ele>1561.9</ele>
      </trkpt>
      <trkpt lat="44.15988" lon="5.30816">
        <ele>1566.6</ele>
      </trkpt>
      <trkpt lat="44.16001" lon="5.308169">
        <ele>1568.7</ele>
      </trkpt>
      <trkpt lat="44.16006" lon="5.308169">
        <ele>1569.9</ele>
      </trkpt>
      <trkpt lat="44.1601" lon="5.308169">
        <ele>1570.9</ele>
      </trkpt>
      <trkpt lat="44.16014" lon="5.30816">
        <ele>1571.9</ele>
      </trkpt>
      <trkpt lat="44.16017" lon="5.30814">
        <ele>1572.6</ele>
      </trkpt>
      <trkpt lat="44.1602" lon="5.30813">
        <ele>1573.4</ele>
      </trkpt>
      <trkpt lat="44.16023" lon="5.30809">
        <ele>1574.1</ele>
      </trkpt>
      <trkpt lat="44.16025" lon="5.30805">
        <ele>1574.6</ele>
      </trkpt>
      <trkpt lat="44.16027" lon="5.30801">
        <ele>1575.1</ele>
      </trkpt>
      <trkpt lat="44.16028" lon="5.30797">
        <ele>1575.4</ele>
      </trkpt>
      <trkpt lat="44.16027" lon="5.30792">
        <ele>1575.1</ele>
      </trkpt>
      <trkpt lat="44.16027" lon="5.30786">
        <ele>1575.1</ele>
      </trkpt>
      <trkpt lat="44.16026" lon="5.30783">
        <ele>1574.8</ele>
      </trkpt>
      <trkpt lat="44.16023" lon="5.30773">
        <ele>1573.9</ele>
      </trkpt>
      <trkpt lat="44.16012" lon="5.307489">
        <ele>1570.1</ele>
      </trkpt>
      <trkpt lat="44.16003" lon="5.3073">
        <ele>1569.2</ele>
      </trkpt>
      <trkpt lat="44.15996" lon="5.30713">
        <ele>1568.9</ele>
      </trkpt>
      <trkpt lat="44.15991" lon="5.30699">
        <ele>1568.9</ele>
      </trkpt>
      <trkpt lat="44.15991" lon="5.30698">
        <ele>1569.0</ele>
      </trkpt>
      <trkpt lat="44.15985" lon="5.30675">
        <ele>1569.5</ele>
      </trkpt>
      <trkpt lat="44.15981" lon="5.30657">
        <ele>1570.4</ele>
      </trkpt>
      <trkpt lat="44.15975" lon="5.306269">
        <ele>1572.7</ele>
      </trkpt>
      <trkpt lat="44.159709" lon="5.3061">
        <ele>1573.9</ele>
      </trkpt>
      <trkpt lat="44.15964" lon="5.30572">
        <ele>1576.4</ele>
      </trkpt>
      <trkpt lat="44.15963" lon="5.305589">
        <ele>1577.1</ele>
      </trkpt>
      <trkpt lat="44.159619" lon="5.30547">
        <ele>1577.6</ele>
      </trkpt>
      <trkpt lat="44.159619" lon="5.30536">
        <ele>1578.4</ele>
      </trkpt>
      <trkpt lat="44.15963" lon="5.30524">
        <ele>1579.5</ele>
      </trkpt>
      <trkpt lat="44.15963" lon="5.30513">
        <ele>1580.3</ele>
      </trkpt>
      <trkpt lat="44.15965" lon="5.30501">
        <ele>1581.7</ele>
      </trkpt>
      <trkpt lat="44.15973" lon="5.30462">
        <ele>1584.2</ele>
      </trkpt>
      <trkpt lat="44.15974" lon="5.30456">
        <ele>1584.5</ele>
      </trkpt>
      <trkpt lat="44.15982" lon="5.3042">
        <ele>1586.7</ele>
      </trkpt>
      <trkpt lat="44.15992" lon="5.30371">
        <ele>1589.6</ele>
      </trkpt>
      <trkpt lat="44.15995" lon="5.3036">
        <ele>1590.4</ele>
      </trkpt>
      <trkpt lat="44.159999" lon="5.30336">
        <ele>1592.0</ele>
      </trkpt>
      <trkpt lat="44.16002" lon="5.3033">
        <ele>1592.4</ele>
      </trkpt>
      <trkpt lat="44.16005" lon="5.30316">
        <ele>1592.7</ele>
      </trkpt>
      <trkpt lat="44.16032" lon="5.30246">
        <ele>1597.5</ele>
      </trkpt>
      <trkpt lat="44.16041" lon="5.3022">
        <ele>1598.4</ele>
      </trkpt>
      <trkpt lat="44.16055" lon="5.30187">
        <ele>1599.9</ele>
      </trkpt>
      <trkpt lat="44.16064" lon="5.30166">
        <ele>1600.8</ele>
      </trkpt>
      <trkpt lat="44.16075" lon="5.30148">
        <ele>1602.1</ele>
      </trkpt>
      <trkpt lat="44.16082" lon="5.30138">
        <ele>1603.0</ele>
      </trkpt>
      <trkpt lat="44.16091" lon="5.30127">
        <ele>1603.9</ele>
      </trkpt>
      <trkpt lat="44.16106" lon="5.30113">
        <ele>1605.3</ele>
      </trkpt>
      <trkpt lat="44.16116" lon="5.30104">
        <ele>1606.2</ele>
      </trkpt>
      <trkpt lat="44.16132" lon="5.30091">
        <ele>1607.6</ele>
      </trkpt>
      <trkpt lat="44.161409" lon="5.300849">
        <ele>1608.4</ele>
      </trkpt>
      <trkpt lat="44.16142" lon="5.300849">
        <ele>1608.6</ele>
      </trkpt>
      <trkpt lat="44.16151" lon="5.30079">
        <ele>1609.2</ele>
      </trkpt>
      <trkpt lat="44.16158" lon="5.30077">
        <ele>1610.0</ele>
      </trkpt>
      <trkpt lat="44.1616" lon="5.30076">
        <ele>1610.1</ele>
      </trkpt>
      <trkpt lat="44.161679" lon="5.30074">
        <ele>1610.6</ele>
      </trkpt>
      <trkpt lat="44.16174" lon="5.30075">
        <ele>1609.8</ele>
      </trkpt>
      <trkpt lat="44.16182" lon="5.30077">
        <ele>1608.9</ele>
      </trkpt>
      <trkpt lat="44.16189" lon="5.30082">
        <ele>1608.6</ele>
      </trkpt>
      <trkpt lat="44.16194" lon="5.30088">
        <ele>1608.6</ele>
      </trkpt>
      <trkpt lat="44.16199" lon="5.30095">
        <ele>1608.8</ele>
      </trkpt>
      <trkpt lat="44.16204" lon="5.30103">
        <ele>1609.3</ele>
      </trkpt>
      <trkpt lat="44.162059" lon="5.30108">
        <ele>1609.7</ele>
      </trkpt>
      <trkpt lat="44.16257" lon="5.30204">
        <ele>1622.7</ele>
      </trkpt>
      <trkpt lat="44.16259" lon="5.302069">
        <ele>1623.3</ele>
      </trkpt>
      <trkpt lat="44.16264" lon="5.30217">
        <ele>1625.5</ele>
      </trkpt>
      <trkpt lat="44.16268" lon="5.30224">
        <ele>1627.0</ele>
      </trkpt>
      <trkpt lat="44.16273" lon="5.30231">
        <ele>1628.6</ele>
      </trkpt>
      <trkpt lat="44.16276" lon="5.30236">
        <ele>1629.7</ele>
      </trkpt>
      <trkpt lat="44.1628" lon="5.302399">
        <ele>1630.6</ele>
      </trkpt>
      <trkpt lat="44.16283" lon="5.30244">
        <ele>1631.5</ele>
      </trkpt>
      <trkpt lat="44.16287" lon="5.302469">
        <ele>1632.2</ele>
      </trkpt>
      <trkpt lat="44.162909" lon="5.3025">
        <ele>1633.0</ele>
      </trkpt>
      <trkpt lat="44.16295" lon="5.30252">
        <ele>1633.4</ele>
      </trkpt>
      <trkpt lat="44.16297" lon="5.30253">
        <ele>1633.7</ele>
      </trkpt>
      <trkpt lat="44.16299" lon="5.30253">
        <ele>1633.7</ele>
      </trkpt>
      <trkpt lat="44.16304" lon="5.302539">
        <ele>1634.0</ele>
      </trkpt>
      <trkpt lat="44.16308" lon="5.302539">
        <ele>1634.1</ele>
      </trkpt>
      <trkpt lat="44.16312" lon="5.30253">
        <ele>1634.1</ele>
      </trkpt>
      <trkpt lat="44.16316" lon="5.3025">
        <ele>1633.6</ele>
      </trkpt>
      <trkpt lat="44.16321" lon="5.302469">
        <ele>1633.0</ele>
      </trkpt>
      <trkpt lat="44.16326" lon="5.30244">
        <ele>1632.5</ele>
      </trkpt>
      <trkpt lat="44.16328" lon="5.30242">
        <ele>1632.1</ele>
      </trkpt>
      <trkpt lat="44.16342" lon="5.30233">
        <ele>1632.7</ele>
      </trkpt>
      <trkpt lat="44.16355" lon="5.30224">
        <ele>1634.8</ele>
      </trkpt>
      <trkpt lat="44.16358" lon="5.30222">
        <ele>1635.3</ele>
      </trkpt>
      <trkpt lat="44.16361" lon="5.30219">
        <ele>1635.7</ele>
      </trkpt>
      <trkpt lat="44.163649" lon="5.30216">
        <ele>1636.4</ele>
      </trkpt>
      <trkpt lat="44.16369" lon="5.30213">
        <ele>1637.1</ele>
      </trkpt>
      <trkpt lat="44.16373" lon="5.3021">
        <ele>1637.9</ele>
      </trkpt>
      <trkpt lat="44.16373" lon="5.30209">
        <ele>1637.7</ele>
      </trkpt>
      <trkpt lat="44.16376" lon="5.302069">
        <ele>1638.4</ele>
      </trkpt>
      <trkpt lat="44.16379" lon="5.30204">
        <ele>1638.8</ele>
      </trkpt>
      <trkpt lat="44.16382" lon="5.301999">
        <ele>1639.2</ele>
      </trkpt>
      <trkpt lat="44.163849" lon="5.30197">
        <ele>1639.7</ele>
      </trkpt>
      <trkpt lat="44.16389" lon="5.30191">
        <ele>1640.2</ele>
      </trkpt>
      <trkpt lat="44.16392" lon="5.301859">
        <ele>1640.5</ele>
      </trkpt>
      <trkpt lat="44.16395" lon="5.3018">
        <ele>1640.7</ele>
      </trkpt>
      <trkpt lat="44.16398" lon="5.30173">
        <ele>1640.8</ele>
      </trkpt>
      <trkpt lat="44.16401" lon="5.30165">
        <ele>1640.8</ele>
      </trkpt>
      <trkpt lat="44.16406" lon="5.30149">
        <ele>1641.1</ele>
      </trkpt>
      <trkpt lat="44.16413" lon="5.3013">
        <ele>1642.0</ele>
      </trkpt>
      <trkpt lat="44.16421" lon="5.30105">
        <ele>1642.7</ele>
      </trkpt>
      <trkpt lat="44.16427" lon="5.30087">
        <ele>1643.2</ele>
      </trkpt>
      <trkpt lat="44.16428" lon="5.30082">
        <ele>1643.1</ele>
      </trkpt>
      <trkpt lat="44.16435" lon="5.30061">
        <ele>1643.7</ele>
      </trkpt>
      <trkpt lat="44.16444" lon="5.30037">
        <ele>1644.9</ele>
      </trkpt>
      <trkpt lat="44.16447" lon="5.30029">
        <ele>1645.3</ele>
      </trkpt>
      <trkpt lat="44.16452" lon="5.30015">
        <ele>1645.9</ele>
      </trkpt>
      <trkpt lat="44.16457" lon="5.300029">
        <ele>1646.8</ele>
      </trkpt>
      <trkpt lat="44.1646" lon="5.29995">
        <ele>1647.2</ele>
      </trkpt>
      <trkpt lat="44.16465" lon="5.29984">
        <ele>1648.1</ele>
      </trkpt>
      <trkpt lat="44.16468" lon="5.29976">
        <ele>1648.6</ele>
      </trkpt>
      <trkpt lat="44.16477" lon="5.29959">
        <ele>1650.9</ele>
      </trkpt>
      <trkpt lat="44.1648" lon="5.29951">
        <ele>1651.5</ele>
      </trkpt>
      <trkpt lat="44.1649" lon="5.2993">
        <ele>1654.4</ele>
      </trkpt>
      <trkpt lat="44.16491" lon="5.29928">
        <ele>1654.7</ele>
      </trkpt>
      <trkpt lat="44.164969" lon="5.29916">
        <ele>1656.6</ele>
      </trkpt>
      <trkpt lat="44.16501" lon="5.29905">
        <ele>1657.6</ele>
      </trkpt>
      <trkpt lat="44.16504" lon="5.29898">
        <ele>1658.2</ele>
      </trkpt>
      <trkpt lat="44.16507" lon="5.2989">
        <ele>1658.9</ele>
      </trkpt>
      <trkpt lat="44.16509" lon="5.29883">
        <ele>1659.1</ele>
      </trkpt>
      <trkpt lat="44.16511" lon="5.29876">
        <ele>1659.4</ele>
      </trkpt>
      <trkpt lat="44.16513" lon="5.29868">
        <ele>1659.7</ele>
      </trkpt>
      <trkpt lat="44.16516" lon="5.29856">
        <ele>1660.0</ele>
      </trkpt>
      <trkpt lat="44.16519" lon="5.298409">
        <ele>1660.1</ele>
      </trkpt>
      <trkpt lat="44.16527" lon="5.29797">
        <ele>1661.8</ele>
      </trkpt>
      <trkpt lat="44.16532" lon="5.29775">
        <ele>1663.2</ele>
      </trkpt>
      <trkpt lat="44.16538" lon="5.297519">
        <ele>1664.7</ele>
      </trkpt>
      <trkpt lat="44.1654" lon="5.29743">
        <ele>1664.5</ele>
      </trkpt>
      <trkpt lat="44.16542" lon="5.29737">
        <ele>1664.3</ele>
      </trkpt>
      <trkpt lat="44.16546" lon="5.29727">
        <ele>1664.3</ele>
      </trkpt>
      <trkpt lat="44.16549" lon="5.29722">
        <ele>1664.5</ele>
      </trkpt>
      <trkpt lat="44.165529" lon="5.29715">
        <ele>1664.7</ele>
      </trkpt>
      <trkpt lat="44.16559" lon="5.29706">
        <ele>1665.2</ele>
      </trkpt>
      <trkpt lat="44.165619" lon="5.29702">
        <ele>1665.4</ele>
      </trkpt>
      <trkpt lat="44.16565" lon="5.29699">
        <ele>1665.8</ele>
      </trkpt>
      <trkpt lat="44.16571" lon="5.29693">
        <ele>1666.5</ele>
      </trkpt>
      <trkpt lat="44.16581" lon="5.29685">
        <ele>1667.9</ele>
      </trkpt>
      <trkpt lat="44.16589" lon="5.29679">
        <ele>1669.2</ele>
      </trkpt>
      <trkpt lat="44.16596" lon="5.29674">
        <ele>1670.5</ele>
      </trkpt>
      <trkpt lat="44.16612" lon="5.29665">
        <ele>1673.8</ele>
      </trkpt>
      <trkpt lat="44.1663" lon="5.29654">
        <ele>1676.6</ele>
      </trkpt>
      <trkpt lat="44.16642" lon="5.29647">
        <ele>1678.7</ele>
      </trkpt>
      <trkpt lat="44.1665" lon="5.29642">
        <ele>1680.0</ele>
      </trkpt>
      <trkpt lat="44.16684" lon="5.29619">
        <ele>1685.6</ele>
      </trkpt>
      <trkpt lat="44.16698" lon="5.29608">
        <ele>1687.8</ele>
      </trkpt>
      <trkpt lat="44.16706" lon="5.29601">
        <ele>1689.0</ele>
      </trkpt>
      <trkpt lat="44.16711" lon="5.29596">
        <ele>1689.6</ele>
      </trkpt>
      <trkpt lat="44.1672" lon="5.29587">
        <ele>1690.7</ele>
      </trkpt>
      <trkpt lat="44.16729" lon="5.29579">
        <ele>1692.7</ele>
      </trkpt>
      <trkpt lat="44.167409" lon="5.29565">
        <ele>1695.7</ele>
      </trkpt>
      <trkpt lat="44.16745" lon="5.2956">
        <ele>1696.6</ele>
      </trkpt>
      <trkpt lat="44.16748" lon="5.29555">
        <ele>1697.2</ele>
      </trkpt>
      <trkpt lat="44.16752" lon="5.2955">
        <ele>1698.1</ele>
      </trkpt>
      <trkpt lat="44.16755" lon="5.29544">
        <ele>1698.6</ele>
      </trkpt>
      <trkpt lat="44.167589" lon="5.29538">
        <ele>1699.6</ele>
      </trkpt>
      <trkpt lat="44.167589" lon="5.295359">
        <ele>1699.4</ele>
      </trkpt>
      <trkpt lat="44.16762" lon="5.29531">
        <ele>1700.1</ele>
      </trkpt>
      <trkpt lat="44.16764" lon="5.29525">
        <ele>1700.3</ele>
      </trkpt>
      <trkpt lat="44.16765" lon="5.29518">
        <ele>1700.1</ele>
      </trkpt>
      <trkpt lat="44.16766" lon="5.29512">
        <ele>1700.0</ele>
      </trkpt>
      <trkpt lat="44.16767" lon="5.29504">
        <ele>1699.7</ele>
      </trkpt>
      <trkpt lat="44.16766" lon="5.29496">
        <ele>1699.5</ele>
      </trkpt>
      <trkpt lat="44.16766" lon="5.29489">
        <ele>1700.5</ele>
      </trkpt>
      <trkpt lat="44.16766" lon="5.29488">
        <ele>1700.7</ele>
      </trkpt>
      <trkpt lat="44.16764" lon="5.29482">
        <ele>1700.7</ele>
      </trkpt>
      <trkpt lat="44.16756" lon="5.294609">
        <ele>1700.5</ele>
      </trkpt>
      <trkpt lat="44.16749" lon="5.29444">
        <ele>1700.4</ele>
      </trkpt>
      <trkpt lat="44.16747" lon="5.29441">
        <ele>1700.1</ele>
      </trkpt>
      <trkpt lat="44.16739" lon="5.29423">
        <ele>1700.2</ele>
      </trkpt>
      <trkpt lat="44.167319" lon="5.294069">
        <ele>1700.5</ele>
      </trkpt>
      <trkpt lat="44.16716" lon="5.29372">
        <ele>1701.2</ele>
      </trkpt>
      <trkpt lat="44.16713" lon="5.29361">
        <ele>1702.1</ele>
      </trkpt>
      <trkpt lat="44.16712" lon="5.29358">
        <ele>1702.3</ele>
      </trkpt>
      <trkpt lat="44.1671" lon="5.29349">
        <ele>1703.3</ele>
      </trkpt>
      <trkpt lat="44.16708" lon="5.29337">
        <ele>1704.7</ele>
      </trkpt>
      <trkpt lat="44.16707" lon="5.29334">
        <ele>1704.9</ele>
      </trkpt>
      <trkpt lat="44.16706" lon="5.29324">
        <ele>1704.9</ele>
      </trkpt>
      <trkpt lat="44.16706" lon="5.29315">
        <ele>1705.0</ele>
      </trkpt>
      <trkpt lat="44.16705" lon="5.29305">
        <ele>1704.9</ele>
      </trkpt>
      <trkpt lat="44.16706" lon="5.29296">
        <ele>1705.4</ele>
      </trkpt>
      <trkpt lat="44.16706" lon="5.29288">
        <ele>1705.6</ele>
      </trkpt>
      <trkpt lat="44.16707" lon="5.29282">
        <ele>1706.0</ele>
      </trkpt>
      <trkpt lat="44.1671" lon="5.292709">
        <ele>1707.2</ele>
      </trkpt>
      <trkpt lat="44.16713" lon="5.29259">
        <ele>1708.3</ele>
      </trkpt>
      <trkpt lat="44.16718" lon="5.29245">
        <ele>1709.3</ele>
      </trkpt>
      <trkpt lat="44.16724" lon="5.29234">
        <ele>1709.4</ele>
      </trkpt>
      <trkpt lat="44.167319" lon="5.29221">
        <ele>1709.8</ele>
      </trkpt>
      <trkpt lat="44.1674" lon="5.292099">
        <ele>1710.4</ele>
      </trkpt>
      <trkpt lat="44.16749" lon="5.292">
        <ele>1711.3</ele>
      </trkpt>
      <trkpt lat="44.167589" lon="5.29192">
        <ele>1712.7</ele>
      </trkpt>
      <trkpt lat="44.16762" lon="5.2919">
        <ele>1713.2</ele>
      </trkpt>
      <trkpt lat="44.16768" lon="5.29187">
        <ele>1714.3</ele>
      </trkpt>
      <trkpt lat="44.16773" lon="5.29184">
        <ele>1715.2</ele>
      </trkpt>
      <trkpt lat="44.167789" lon="5.29182">
        <ele>1716.4</ele>
      </trkpt>
      <trkpt lat="44.16782" lon="5.29181">
        <ele>1717.1</ele>
      </trkpt>
      <trkpt lat="44.16793" lon="5.29177">
        <ele>1719.3</ele>
      </trkpt>
      <trkpt lat="44.16796" lon="5.29175">
        <ele>1719.7</ele>
      </trkpt>
      <trkpt lat="44.16822" lon="5.29165">
        <ele>1724.9</ele>
      </trkpt>
      <trkpt lat="44.16845" lon="5.291559">
        <ele>1729.8</ele>
      </trkpt>
      <trkpt lat="44.1688" lon="5.291419">
        <ele>1736.7</ele>
      </trkpt>
      <trkpt lat="44.16905" lon="5.29133">
        <ele>1741.6</ele>
      </trkpt>
      <trkpt lat="44.16919" lon="5.29127">
        <ele>1744.4</ele>
      </trkpt>
      <trkpt lat="44.16928" lon="5.29123">
        <ele>1746.6</ele>
      </trkpt>
      <trkpt lat="44.16934" lon="5.29119">
        <ele>1747.9</ele>
      </trkpt>
      <trkpt lat="44.16935" lon="5.29118">
        <ele>1748.1</ele>
      </trkpt>
      <trkpt lat="44.1694" lon="5.29114">
        <ele>1749.1</ele>
      </trkpt>
      <trkpt lat="44.16943" lon="5.29111">
        <ele>1749.7</ele>
      </trkpt>
      <trkpt lat="44.16944" lon="5.29107">
        <ele>1749.5</ele>
      </trkpt>
      <trkpt lat="44.16945" lon="5.29103">
        <ele>1749.4</ele>
      </trkpt>
      <trkpt lat="44.16946" lon="5.29101">
        <ele>1749.4</ele>
      </trkpt>
      <trkpt lat="44.16946" lon="5.29099">
        <ele>1749.2</ele>
      </trkpt>
      <trkpt lat="44.16946" lon="5.29091">
        <ele>1748.3</ele>
      </trkpt>
      <trkpt lat="44.16944" lon="5.29085">
        <ele>1747.1</ele>
      </trkpt>
      <trkpt lat="44.16942" lon="5.29079">
        <ele>1747.0</ele>
      </trkpt>
      <trkpt lat="44.16941" lon="5.29078">
        <ele>1746.8</ele>
      </trkpt>
      <trkpt lat="44.169379" lon="5.29073">
        <ele>1746.8</ele>
      </trkpt>
      <trkpt lat="44.16933" lon="5.29067">
        <ele>1746.3</ele>
      </trkpt>
      <trkpt lat="44.16928" lon="5.29061">
        <ele>1745.8</ele>
      </trkpt>
      <trkpt lat="44.16923" lon="5.29055">
        <ele>1745.2</ele>
      </trkpt>
      <trkpt lat="44.16906" lon="5.29036">
        <ele>1744.0</ele>
      </trkpt>
      <trkpt lat="44.168819" lon="5.29009">
        <ele>1743.1</ele>
      </trkpt>
      <trkpt lat="44.16876" lon="5.28999">
        <ele>1743.4</ele>
      </trkpt>
      <trkpt lat="44.16874" lon="5.28994">
        <ele>1743.6</ele>
      </trkpt>
      <trkpt lat="44.16871" lon="5.28987">
        <ele>1743.9</ele>
      </trkpt>
      <trkpt lat="44.16866" lon="5.28974">
        <ele>1744.5</ele>
      </trkpt>
      <trkpt lat="44.16863" lon="5.28962">
        <ele>1745.3</ele>
      </trkpt>
      <trkpt lat="44.16861" lon="5.28948">
        <ele>1746.6</ele>
      </trkpt>
      <trkpt lat="44.1686" lon="5.28922">
        <ele>1749.7</ele>
      </trkpt>
      <trkpt lat="44.16861" lon="5.28896">
        <ele>1751.1</ele>
      </trkpt>
      <trkpt lat="44.16864" lon="5.28871">
        <ele>1752.6</ele>
      </trkpt>
      <trkpt lat="44.16869" lon="5.28839">
        <ele>1755.0</ele>
      </trkpt>
      <trkpt lat="44.168729" lon="5.28814">
        <ele>1756.3</ele>
      </trkpt>
      <trkpt lat="44.16877" lon="5.28799">
        <ele>1757.4</ele>
      </trkpt>
      <trkpt lat="44.16881" lon="5.287829">
        <ele>1758.6</ele>
      </trkpt>
      <trkpt lat="44.16883" lon="5.28777">
        <ele>1759.2</ele>
      </trkpt>
      <trkpt lat="44.16894" lon="5.28739">
        <ele>1762.0</ele>
      </trkpt>
      <trkpt lat="44.168999" lon="5.28723">
        <ele>1762.9</ele>
      </trkpt>
      <trkpt lat="44.16906" lon="5.28706">
        <ele>1763.8</ele>
      </trkpt>
      <trkpt lat="44.16914" lon="5.28687">
        <ele>1765.3</ele>
      </trkpt>
      <trkpt lat="44.16918" lon="5.28678">
        <ele>1766.1</ele>
      </trkpt>
      <trkpt lat="44.16924" lon="5.28666">
        <ele>1767.2</ele>
      </trkpt>
      <trkpt lat="44.16926" lon="5.28663">
        <ele>1767.5</ele>
      </trkpt>
      <trkpt lat="44.16933" lon="5.28649">
        <ele>1768.6</ele>
      </trkpt>
      <trkpt lat="44.16942" lon="5.28635">
        <ele>1770.2</ele>
      </trkpt>
      <trkpt lat="44.169469" lon="5.28628">
        <ele>1771.2</ele>
      </trkpt>
      <trkpt lat="44.16951" lon="5.28623">
        <ele>1771.9</ele>
      </trkpt>
      <trkpt lat="44.1696" lon="5.2861">
        <ele>1773.6</ele>
      </trkpt>
      <trkpt lat="44.16972" lon="5.28596">
        <ele>1776.0</ele>
      </trkpt>
      <trkpt lat="44.16974" lon="5.28594">
        <ele>1776.4</ele>
      </trkpt>
      <trkpt lat="44.16984" lon="5.28585">
        <ele>1778.5</ele>
      </trkpt>
      <trkpt lat="44.16989" lon="5.2858">
        <ele>1779.3</ele>
      </trkpt>
      <trkpt lat="44.17004" lon="5.28567">
        <ele>1781.5</ele>
      </trkpt>
      <trkpt lat="44.17046" lon="5.285319">
        <ele>1787.9</ele>
      </trkpt>
      <trkpt lat="44.170499" lon="5.28527">
        <ele>1788.4</ele>
      </trkpt>
      <trkpt lat="44.1706" lon="5.28518">
        <ele>1790.2</ele>
      </trkpt>
      <trkpt lat="44.17067" lon="5.28509">
        <ele>1791.2</ele>
      </trkpt>
      <trkpt lat="44.17073" lon="5.28499">
        <ele>1791.7</ele>
      </trkpt>
      <trkpt lat="44.17077" lon="5.28493">
        <ele>1791.8</ele>
      </trkpt>
      <trkpt lat="44.17089" lon="5.28475">
        <ele>1791.4</ele>
      </trkpt>
      <trkpt lat="44.17089" lon="5.28474">
        <ele>1791.2</ele>
      </trkpt>
      <trkpt lat="44.17099" lon="5.28463">
        <ele>1791.1</ele>
      </trkpt>
      <trkpt lat="44.17102" lon="5.28459">
        <ele>1790.9</ele>
      </trkpt>
      <trkpt lat="44.17113" lon="5.28449">
        <ele>1791.1</ele>
      </trkpt>
      <trkpt lat="44.17124" lon="5.28441">
        <ele>1791.6</ele>
      </trkpt>
      <trkpt lat="44.17136" lon="5.28436">
        <ele>1792.8</ele>
      </trkpt>
      <trkpt lat="44.17149" lon="5.284309">
        <ele>1794.1</ele>
      </trkpt>
      <trkpt lat="44.17163" lon="5.28428">
        <ele>1796.0</ele>
      </trkpt>
      <trkpt lat="44.17187" lon="5.28425">
        <ele>1799.6</ele>
      </trkpt>
      <trkpt lat="44.17188" lon="5.28425">
        <ele>1799.8</ele>
      </trkpt>
      <trkpt lat="44.17205" lon="5.28422">
        <ele>1802.2</ele>
      </trkpt>
      <trkpt lat="44.17233" lon="5.28418">
        <ele>1806.3</ele>
      </trkpt>
      <trkpt lat="44.17281" lon="5.28409">
        <ele>1811.8</ele>
      </trkpt>
      <trkpt lat="44.173229" lon="5.28402">
        <ele>1817.6</ele>
      </trkpt>
      <trkpt lat="44.1733" lon="5.284">
        <ele>1818.6</ele>
      </trkpt>
      <trkpt lat="44.17343" lon="5.28397">
        <ele>1818.6</ele>
      </trkpt>
      <trkpt lat="44.17348" lon="5.28396">
        <ele>1818.5</ele>
      </trkpt>
      <trkpt lat="44.17376" lon="5.28388">
        <ele>1818.4</ele>
      </trkpt>
      <trkpt lat="44.17385" lon="5.28385">
        <ele>1818.7</ele>
      </trkpt>
      <trkpt lat="44.17394" lon="5.28382">
        <ele>1819.3</ele>
      </trkpt>
      <trkpt lat="44.17401" lon="5.28379">
        <ele>1819.9</ele>
      </trkpt>
      <trkpt lat="44.17405" lon="5.28377">
        <ele>1820.4</ele>
      </trkpt>
      <trkpt lat="44.1741" lon="5.28374">
        <ele>1821.1</ele>
      </trkpt>
      <trkpt lat="44.17414" lon="5.28371">
        <ele>1821.9</ele>
      </trkpt>
      <trkpt lat="44.17418" lon="5.28367">
        <ele>1822.2</ele>
      </trkpt>
      <trkpt lat="44.1742" lon="5.283629">
        <ele>1821.9</ele>
      </trkpt>
      <trkpt lat="44.17423" lon="5.28357">
        <ele>1821.7</ele>
      </trkpt>
      <trkpt lat="44.17425" lon="5.283489">
        <ele>1822.3</ele>
      </trkpt>
      <trkpt lat="44.17425" lon="5.28343">
        <ele>1823.4</ele>
      </trkpt>
      <trkpt lat="44.174259" lon="5.28338">
        <ele>1823.9</ele>
      </trkpt>
      <trkpt lat="44.174259" lon="5.28326">
        <ele>1826.0</ele>
      </trkpt>
      <trkpt lat="44.17424" lon="5.2831">
        <ele>1829.3</ele>
      </trkpt>
      <trkpt lat="44.17421" lon="5.282879">
        <ele>1833.6</ele>
      </trkpt>
      <trkpt lat="44.174169" lon="5.28269">
        <ele>1837.2</ele>
      </trkpt>
      <trkpt lat="44.174145" lon="5.282573">
        <ele>1838.2</ele>
      </trkpt>
      <trkpt lat="44.17415" lon="5.28257">
        <ele>1838.4</ele>
      </trkpt>
      <trkpt lat="44.17413" lon="5.2825">
        <ele>1838.7</ele>
      </trkpt>
      <trkpt lat="44.17411" lon="5.28239">
        <ele>1840.0</ele>
      </trkpt>
      <trkpt lat="44.17409" lon="5.28228">
        <ele>1841.3</ele>
      </trkpt>
      <trkpt lat="44.17407" lon="5.28216">
        <ele>1842.9</ele>
      </trkpt>
      <trkpt lat="44.17404" lon="5.28204">
        <ele>1844.0</ele>
      </trkpt>
      <trkpt lat="44.17401" lon="5.281869">
        <ele>1846.2</ele>
      </trkpt>
      <trkpt lat="44.17394" lon="5.28156">
        <ele>1849.2</ele>
      </trkpt>
      <trkpt lat="44.17392" lon="5.28147">
        <ele>1849.9</ele>
      </trkpt>
      <trkpt lat="44.17389" lon="5.28132">
        <ele>1851.2</ele>
      </trkpt>
      <trkpt lat="44.17387" lon="5.28123">
        <ele>1851.9</ele>
      </trkpt>
      <trkpt lat="44.17383" lon="5.28101">
        <ele>1854.2</ele>
      </trkpt>
      <trkpt lat="44.1738" lon="5.28087">
        <ele>1855.6</ele>
      </trkpt>
      <trkpt lat="44.17377" lon="5.28077">
        <ele>1856.6</ele>
      </trkpt>
      <trkpt lat="44.17375" lon="5.28069">
        <ele>1857.5</ele>
      </trkpt>
      <trkpt lat="44.17372" lon="5.28061">
        <ele>1858.2</ele>
      </trkpt>
      <trkpt lat="44.17365" lon="5.28048">
        <ele>1858.9</ele>
      </trkpt>
      <trkpt lat="44.17358" lon="5.28034">
        <ele>1859.9</ele>
      </trkpt>
      <trkpt lat="44.17347" lon="5.28015">
        <ele>1861.0</ele>
      </trkpt>
      <trkpt lat="44.1734" lon="5.28001">
        <ele>1862.2</ele>
      </trkpt>
      <trkpt lat="44.17326" lon="5.27975">
        <ele>1864.1</ele>
      </trkpt>
      <trkpt lat="44.17318" lon="5.27957">
        <ele>1865.3</ele>
      </trkpt>
      <trkpt lat="44.17309" lon="5.27938">
        <ele>1866.2</ele>
      </trkpt>
      <trkpt lat="44.17302" lon="5.279219">
        <ele>1867.0</ele>
      </trkpt>
      <trkpt lat="44.17301" lon="5.27917">
        <ele>1867.7</ele>
      </trkpt>
      <trkpt lat="44.17299" lon="5.2791">
        <ele>1868.0</ele>
      </trkpt>
      <trkpt lat="44.17297" lon="5.27896">
        <ele>1869.2</ele>
      </trkpt>
      <trkpt lat="44.17296" lon="5.27887">
        <ele>1870.1</ele>
      </trkpt>
      <trkpt lat="44.17295" lon="5.27873">
        <ele>1871.6</ele>
      </trkpt>
      <trkpt lat="44.17296" lon="5.27867">
        <ele>1872.8</ele>
      </trkpt>
      <trkpt lat="44.17296" lon="5.27857">
        <ele>1874.2</ele>
      </trkpt>
      <trkpt lat="44.17297" lon="5.27833">
        <ele>1877.9</ele>
      </trkpt>
      <trkpt lat="44.17299" lon="5.27823">
        <ele>1878.2</ele>
      </trkpt>
      <trkpt lat="44.17301" lon="5.27818">
        <ele>1878.9</ele>
      </trkpt>
      <trkpt lat="44.17302" lon="5.278139">
        <ele>1879.1</ele>
      </trkpt>
      <trkpt lat="44.17303" lon="5.2781">
        <ele>1879.3</ele>
      </trkpt>
      <trkpt lat="44.17303" lon="5.27809">
        <ele>1879.3</ele>
      </trkpt>
      <trkpt lat="44.17304" lon="5.27805">
        <ele>1879.5</ele>
      </trkpt>
      <trkpt lat="44.17306" lon="5.277999">
        <ele>1880.1</ele>
      </trkpt>
      <trkpt lat="44.17308" lon="5.27794">
        <ele>1880.7</ele>
      </trkpt>
      <trkpt lat="44.17311" lon="5.27787">
        <ele>1881.6</ele>
      </trkpt>
      <trkpt lat="44.173139" lon="5.27779">
        <ele>1882.5</ele>
      </trkpt>
      <trkpt lat="44.17317" lon="5.2777">
        <ele>1883.3</ele>
      </trkpt>
      <trkpt lat="44.1732" lon="5.27765">
        <ele>1884.2</ele>
      </trkpt>
      <trkpt lat="44.173229" lon="5.27757">
        <ele>1885.1</ele>
      </trkpt>
      <trkpt lat="44.17327" lon="5.277459">
        <ele>1885.5</ele>
      </trkpt>
      <trkpt lat="44.17328" lon="5.27742">
        <ele>1885.0</ele>
      </trkpt>
      <trkpt lat="44.1733" lon="5.27737">
        <ele>1884.7</ele>
      </trkpt>
      <trkpt lat="44.173319" lon="5.27727">
        <ele>1883.3</ele>
      </trkpt>
      <trkpt lat="44.17333" lon="5.27719">
        <ele>1881.8</ele>
      </trkpt>
      <trkpt lat="44.17335" lon="5.27714">
        <ele>1880.5</ele>
      </trkpt>
      <trkpt lat="44.17336" lon="5.2771">
        <ele>1879.4</ele>
      </trkpt>
      <trkpt lat="44.17337" lon="5.27707">
        <ele>1878.5</ele>
      </trkpt>
      <trkpt lat="44.17339" lon="5.27705">
        <ele>1877.6</ele>
      </trkpt>
      <trkpt lat="44.1734" lon="5.27703">
        <ele>1877.0</ele>
      </trkpt>
      <trkpt lat="44.17342" lon="5.27702">
        <ele>1876.3</ele>
      </trkpt>
      <trkpt lat="44.17344" lon="5.27702">
        <ele>1875.9</ele>
      </trkpt>
      <trkpt lat="44.17348" lon="5.27702">
        <ele>1875.2</ele>
      </trkpt>
      <trkpt lat="44.17351" lon="5.27707">
        <ele>1875.9</ele>
      </trkpt>
      <trkpt lat="44.17352" lon="5.2771">
        <ele>1876.5</ele>
      </trkpt>
      <trkpt lat="44.17352" lon="5.27716">
        <ele>1878.0</ele>
      </trkpt>
      <trkpt lat="44.17352" lon="5.27722">
        <ele>1879.6</ele>
      </trkpt>
      <trkpt lat="44.17352" lon="5.27722">
        <ele>1879.6</ele>
      </trkpt>
      <trkpt lat="44.17351" lon="5.2773">
        <ele>1881.9</ele>
      </trkpt>
      <trkpt lat="44.17351" lon="5.277459">
        <ele>1886.0</ele>
      </trkpt>
      <trkpt lat="44.17349" lon="5.27771">
        <ele>1889.2</ele>
      </trkpt>
      <trkpt lat="44.17349" lon="5.27772">
        <ele>1889.3</ele>
      </trkpt>
      <trkpt lat="44.17348" lon="5.27797">
        <ele>1891.5</ele>
      </trkpt>
      <trkpt lat="44.17348" lon="5.27799">
        <ele>1891.7</ele>
      </trkpt>
      <trkpt lat="44.17349" lon="5.27822">
        <ele>1893.7</ele>
      </trkpt>
      <trkpt lat="44.17349" lon="5.27834">
        <ele>1894.7</ele>
      </trkpt>
      <trkpt lat="44.17351" lon="5.27847">
        <ele>1892.8</ele>
      </trkpt>
      <trkpt lat="44.17353" lon="5.2786">
        <ele>1891.1</ele>
      </trkpt>
      <trkpt lat="44.17355" lon="5.27871">
        <ele>1889.7</ele>
      </trkpt>
      <trkpt lat="44.17357" lon="5.27878">
        <ele>1888.9</ele>
      </trkpt>
      <trkpt lat="44.17362" lon="5.27889">
        <ele>1888.1</ele>
      </trkpt>
      <trkpt lat="44.17364" lon="5.27893">
        <ele>1887.9</ele>
      </trkpt>
      <trkpt lat="44.17365" lon="5.27894">
        <ele>1887.9</ele>
      </trkpt>
      <trkpt lat="44.1739" lon="5.27926">
        <ele>1887.9</ele>
      </trkpt>
      <trkpt lat="44.17391" lon="5.27926">
        <ele>1888.1</ele>
      </trkpt>
      <trkpt lat="44.17405" lon="5.27939">
        <ele>1888.2</ele>
      </trkpt>
      <trkpt lat="44.17406" lon="5.2794">
        <ele>1888.2</ele>
      </trkpt>
      <trkpt lat="44.1742" lon="5.27955">
        <ele>1887.0</ele>
      </trkpt>
      <trkpt lat="44.17431" lon="5.27967">
        <ele>1884.4</ele>
      </trkpt>
      <trkpt lat="44.17439" lon="5.27971">
        <ele>1883.6</ele>
      </trkpt>
      <trkpt lat="44.17444" lon="5.279759">
        <ele>1882.8</ele>
      </trkpt>
      <trkpt lat="44.17447" lon="5.2798">
        <ele>1882.2</ele>
      </trkpt>
      <trkpt lat="44.1745" lon="5.27985">
        <ele>1881.6</ele>
      </trkpt>
      <trkpt lat="44.1746" lon="5.28003">
        <ele>1879.7</ele>
      </trkpt>
      <trkpt lat="44.17463" lon="5.28012">
        <ele>1878.8</ele>
      </trkpt>
      <trkpt lat="44.17466" lon="5.28021">
        <ele>1877.8</ele>
      </trkpt>
      <trkpt lat="44.17468" lon="5.28028">
        <ele>1877.1</ele>
      </trkpt>
      <trkpt lat="44.1747" lon="5.28031">
        <ele>1876.9</ele>
      </trkpt>
      <trkpt lat="44.1747" lon="5.28033">
        <ele>1876.7</ele>
      </trkpt>
      <trkpt lat="44.17472" lon="5.280369">
        <ele>1876.4</ele>
      </trkpt>
      <trkpt lat="44.17477" lon="5.280439">
        <ele>1875.9</ele>
      </trkpt>
      <trkpt lat="44.17481" lon="5.28049">
        <ele>1875.7</ele>
      </trkpt>
      <trkpt lat="44.17483" lon="5.2805">
        <ele>1875.8</ele>
      </trkpt>
      <trkpt lat="44.17487" lon="5.28052">
        <ele>1875.9</ele>
      </trkpt>
      <trkpt lat="44.1749" lon="5.28052">
        <ele>1876.2</ele>
      </trkpt>
      <trkpt lat="44.17492" lon="5.280509">
        <ele>1876.4</ele>
      </trkpt>
      <trkpt lat="44.17495" lon="5.28049">
        <ele>1876.9</ele>
      </trkpt>
      <trkpt lat="44.17499" lon="5.28043">
        <ele>1877.8</ele>
      </trkpt>
      <trkpt lat="44.17503" lon="5.28032">
        <ele>1877.6</ele>
      </trkpt>
      <trkpt lat="44.17507" lon="5.28016">
        <ele>1877.4</ele>
      </trkpt>
      <trkpt lat="44.17509" lon="5.28007">
        <ele>1877.3</ele>
      </trkpt>
      <trkpt lat="44.17512" lon="5.27994">
        <ele>1876.8</ele>
      </trkpt>
      <trkpt lat="44.17515" lon="5.27977">
        <ele>1875.7</ele>
      </trkpt>
      <trkpt lat="44.17518" lon="5.27959">
        <ele>1874.7</ele>
      </trkpt>
      <trkpt lat="44.175199" lon="5.27945">
        <ele>1874.0</ele>
      </trkpt>
      <trkpt lat="44.17521" lon="5.2794">
        <ele>1873.6</ele>
      </trkpt>
      <trkpt lat="44.17523" lon="5.27927">
        <ele>1872.8</ele>
      </trkpt>
      <trkpt lat="44.17524" lon="5.27914">
        <ele>1872.2</ele>
      </trkpt>
      <trkpt lat="44.17524" lon="5.27884">
        <ele>1869.1</ele>
      </trkpt>
      <trkpt lat="44.17521" lon="5.278539">
        <ele>1867.3</ele>
      </trkpt>
      <trkpt lat="44.17517" lon="5.2783">
        <ele>1866.1</ele>
      </trkpt>
      <trkpt lat="44.17513" lon="5.278139">
        <ele>1863.6</ele>
      </trkpt>
      <trkpt lat="44.17506" lon="5.27794">
        <ele>1861.1</ele>
      </trkpt>
      <trkpt lat="44.17499" lon="5.27777">
        <ele>1859.1</ele>
      </trkpt>
      <trkpt lat="44.1748" lon="5.27748">
        <ele>1857.2</ele>
      </trkpt>
      <trkpt lat="44.17471" lon="5.27735">
        <ele>1855.3</ele>
      </trkpt>
      <trkpt lat="44.174349" lon="5.27704">
        <ele>1856.0</ele>
      </trkpt>
      <trkpt lat="44.17424" lon="5.27695">
        <ele>1856.3</ele>
      </trkpt>
      <trkpt lat="44.17414" lon="5.27677">
        <ele>1852.6</ele>
      </trkpt>
      <trkpt lat="44.1741" lon="5.27667">
        <ele>1849.9</ele>
      </trkpt>
      <trkpt lat="44.17383" lon="5.27602">
        <ele>1839.4</ele>
      </trkpt>
      <trkpt lat="44.17374" lon="5.27581">
        <ele>1837.5</ele>
      </trkpt>
      <trkpt lat="44.17363" lon="5.27554">
        <ele>1837.2</ele>
      </trkpt>
      <trkpt lat="44.17352" lon="5.27515">
        <ele>1835.9</ele>
      </trkpt>
      <trkpt lat="44.17351" lon="5.27504">
        <ele>1834.7</ele>
      </trkpt>
      <trkpt lat="44.17351" lon="5.27487">
        <ele>1833.3</ele>
      </trkpt>
      <trkpt lat="44.17351" lon="5.27477">
        <ele>1832.7</ele>
      </trkpt>
      <trkpt lat="44.17352" lon="5.27462">
        <ele>1831.3</ele>
      </trkpt>
      <trkpt lat="44.17353" lon="5.27438">
        <ele>1829.4</ele>
      </trkpt>
      <trkpt lat="44.17353" lon="5.27403">
        <ele>1828.0</ele>
      </trkpt>
      <trkpt lat="44.17353" lon="5.273869">
        <ele>1827.9</ele>
      </trkpt>
      <trkpt lat="44.17353" lon="5.27378">
        <ele>1827.9</ele>
      </trkpt>
      <trkpt lat="44.17352" lon="5.27377">
        <ele>1828.3</ele>
      </trkpt>
      <trkpt lat="44.17352" lon="5.27362">
        <ele>1828.2</ele>
      </trkpt>
      <trkpt lat="44.17351" lon="5.27349">
        <ele>1828.4</ele>
      </trkpt>
      <trkpt lat="44.17349" lon="5.27317">
        <ele>1827.6</ele>
      </trkpt>
      <trkpt lat="44.17347" lon="5.27272">
        <ele>1824.4</ele>
      </trkpt>
      <trkpt lat="44.17347" lon="5.27263">
        <ele>1823.6</ele>
      </trkpt>
      <trkpt lat="44.17348" lon="5.272579">
        <ele>1823.1</ele>
      </trkpt>
      <trkpt lat="44.17349" lon="5.27252">
        <ele>1822.5</ele>
      </trkpt>
      <trkpt lat="44.17351" lon="5.27247">
        <ele>1821.8</ele>
      </trkpt>
      <trkpt lat="44.17353" lon="5.27243">
        <ele>1821.2</ele>
      </trkpt>
      <trkpt lat="44.17356" lon="5.2724">
        <ele>1820.7</ele>
      </trkpt>
      <trkpt lat="44.1736" lon="5.27238">
        <ele>1820.1</ele>
      </trkpt>
      <trkpt lat="44.17366" lon="5.27234">
        <ele>1819.3</ele>
      </trkpt>
      <trkpt lat="44.17374" lon="5.27233">
        <ele>1818.6</ele>
      </trkpt>
      <trkpt lat="44.1738" lon="5.27236">
        <ele>1818.2</ele>
      </trkpt>
      <trkpt lat="44.17383" lon="5.27239">
        <ele>1818.1</ele>
      </trkpt>
      <trkpt lat="44.17387" lon="5.27243">
        <ele>1817.9</ele>
      </trkpt>
      <trkpt lat="44.173879" lon="5.27249">
        <ele>1818.1</ele>
      </trkpt>
      <trkpt lat="44.17389" lon="5.27257">
        <ele>1817.8</ele>
      </trkpt>
      <trkpt lat="44.173879" lon="5.27266">
        <ele>1817.7</ele>
      </trkpt>
      <trkpt lat="44.17385" lon="5.27289">
        <ele>1817.9</ele>
      </trkpt>
      <trkpt lat="44.17383" lon="5.27308">
        <ele>1818.1</ele>
      </trkpt>
      <trkpt lat="44.17382" lon="5.2732">
        <ele>1818.3</ele>
      </trkpt>
      <trkpt lat="44.17382" lon="5.27339">
        <ele>1817.9</ele>
      </trkpt>
      <trkpt lat="44.17382" lon="5.27374">
        <ele>1815.9</ele>
      </trkpt>
      <trkpt lat="44.17382" lon="5.2739">
        <ele>1815.0</ele>
      </trkpt>
      <trkpt lat="44.17383" lon="5.2743">
        <ele>1813.8</ele>
      </trkpt>
      <trkpt lat="44.17383" lon="5.27443">
        <ele>1814.5</ele>
      </trkpt>
      <trkpt lat="44.17384" lon="5.27449">
        <ele>1814.4</ele>
      </trkpt>
      <trkpt lat="44.17385" lon="5.27456">
        <ele>1814.3</ele>
      </trkpt>
      <trkpt lat="44.17387" lon="5.27467">
        <ele>1814.0</ele>
      </trkpt>
      <trkpt lat="44.1739" lon="5.27476">
        <ele>1813.0</ele>
      </trkpt>
      <trkpt lat="44.17392" lon="5.27482">
        <ele>1812.3</ele>
      </trkpt>
      <trkpt lat="44.17395" lon="5.274879">
        <ele>1811.2</ele>
      </trkpt>
      <trkpt lat="44.17398" lon="5.27493">
        <ele>1810.0</ele>
      </trkpt>
      <trkpt lat="44.17401" lon="5.27499">
        <ele>1808.8</ele>
      </trkpt>
      <trkpt lat="44.17405" lon="5.27504">
        <ele>1807.8</ele>
      </trkpt>
      <trkpt lat="44.17411" lon="5.27512">
        <ele>1806.6</ele>
      </trkpt>
      <trkpt lat="44.17418" lon="5.27521">
        <ele>1805.4</ele>
      </trkpt>
      <trkpt lat="44.17437" lon="5.27547">
        <ele>1803.2</ele>
      </trkpt>
      <trkpt lat="44.17444" lon="5.27557">
        <ele>1803.1</ele>
      </trkpt>
      <trkpt lat="44.17463" lon="5.27581">
        <ele>1803.0</ele>
      </trkpt>
      <trkpt lat="44.17466" lon="5.27585">
        <ele>1803.2</ele>
      </trkpt>
      <trkpt lat="44.17471" lon="5.2759">
        <ele>1803.0</ele>
      </trkpt>
      <trkpt lat="44.17477" lon="5.27594">
        <ele>1802.2</ele>
      </trkpt>
      <trkpt lat="44.174771" lon="5.27594">
        <ele>1802.2</ele>
      </trkpt>
      <trkpt lat="44.17488" lon="5.276">
        <ele>1800.2</ele>
      </trkpt>
      <trkpt lat="44.17494" lon="5.27603">
        <ele>1799.0</ele>
      </trkpt>
      <trkpt lat="44.175" lon="5.27604">
        <ele>1797.2</ele>
      </trkpt>
      <trkpt lat="44.17517" lon="5.27608">
        <ele>1793.8</ele>
      </trkpt>
      <trkpt lat="44.17541" lon="5.27614">
        <ele>1789.2</ele>
      </trkpt>
      <trkpt lat="44.17563" lon="5.27622">
        <ele>1786.0</ele>
      </trkpt>
      <trkpt lat="44.17591" lon="5.27637">
        <ele>1783.3</ele>
      </trkpt>
      <trkpt lat="44.17609" lon="5.27647">
        <ele>1780.5</ele>
      </trkpt>
      <trkpt lat="44.17615" lon="5.27652">
        <ele>1780.0</ele>
      </trkpt>
      <trkpt lat="44.17626" lon="5.27659">
        <ele>1778.2</ele>
      </trkpt>
      <trkpt lat="44.17631" lon="5.27664">
        <ele>1777.9</ele>
      </trkpt>
      <trkpt lat="44.17635" lon="5.27668">
        <ele>1777.4</ele>
      </trkpt>
      <trkpt lat="44.17645" lon="5.276779">
        <ele>1775.5</ele>
      </trkpt>
      <trkpt lat="44.17646" lon="5.276779">
        <ele>1775.1</ele>
      </trkpt>
      <trkpt lat="44.17651" lon="5.276849">
        <ele>1774.5</ele>
      </trkpt>
      <trkpt lat="44.17658" lon="5.27696">
        <ele>1773.6</ele>
      </trkpt>
      <trkpt lat="44.17663" lon="5.27702">
        <ele>1772.5</ele>
      </trkpt>
      <trkpt lat="44.17673" lon="5.27724">
        <ele>1771.5</ele>
      </trkpt>
      <trkpt lat="44.17678" lon="5.27737">
        <ele>1771.2</ele>
      </trkpt>
      <trkpt lat="44.1768" lon="5.27742">
        <ele>1771.0</ele>
      </trkpt>
      <trkpt lat="44.17687" lon="5.27759">
        <ele>1770.0</ele>
      </trkpt>
      <trkpt lat="44.17696" lon="5.27781">
        <ele>1768.3</ele>
      </trkpt>
      <trkpt lat="44.17702" lon="5.27798">
        <ele>1767.2</ele>
      </trkpt>
      <trkpt lat="44.17721" lon="5.278539">
        <ele>1761.6</ele>
      </trkpt>
      <trkpt lat="44.177259" lon="5.278679">
        <ele>1759.3</ele>
      </trkpt>
      <trkpt lat="44.1773" lon="5.27884">
        <ele>1757.6</ele>
      </trkpt>
      <trkpt lat="44.177349" lon="5.2791">
        <ele>1755.7</ele>
      </trkpt>
      <trkpt lat="44.17738" lon="5.27931">
        <ele>1754.6</ele>
      </trkpt>
      <trkpt lat="44.17739" lon="5.27941">
        <ele>1754.3</ele>
      </trkpt>
      <trkpt lat="44.1774" lon="5.27951">
        <ele>1754.0</ele>
      </trkpt>
      <trkpt lat="44.17741" lon="5.27965">
        <ele>1753.7</ele>
      </trkpt>
      <trkpt lat="44.17741" lon="5.27979">
        <ele>1754.1</ele>
      </trkpt>
      <trkpt lat="44.17741" lon="5.27986">
        <ele>1754.3</ele>
      </trkpt>
      <trkpt lat="44.17741" lon="5.27992">
        <ele>1754.5</ele>
      </trkpt>
      <trkpt lat="44.1774" lon="5.27999">
        <ele>1755.3</ele>
      </trkpt>
      <trkpt lat="44.17737" lon="5.28013">
        <ele>1757.1</ele>
      </trkpt>
      <trkpt lat="44.17736" lon="5.28021">
        <ele>1757.6</ele>
      </trkpt>
      <trkpt lat="44.17736" lon="5.28026">
        <ele>1757.5</ele>
      </trkpt>
      <trkpt lat="44.17737" lon="5.28031">
        <ele>1756.8</ele>
      </trkpt>
      <trkpt lat="44.17738" lon="5.28035">
        <ele>1756.1</ele>
      </trkpt>
      <trkpt lat="44.1774" lon="5.28039">
        <ele>1754.8</ele>
      </trkpt>
      <trkpt lat="44.17742" lon="5.28042">
        <ele>1753.5</ele>
      </trkpt>
      <trkpt lat="44.17745" lon="5.28043">
        <ele>1751.6</ele>
      </trkpt>
      <trkpt lat="44.17748" lon="5.28043">
        <ele>1749.7</ele>
      </trkpt>
      <trkpt lat="44.17752" lon="5.28042">
        <ele>1747.3</ele>
      </trkpt>
      <trkpt lat="44.17754" lon="5.2804">
        <ele>1746.1</ele>
      </trkpt>
      <trkpt lat="44.17756" lon="5.280369">
        <ele>1745.0</ele>
      </trkpt>
      <trkpt lat="44.17756" lon="5.28036">
        <ele>1745.0</ele>
      </trkpt>
      <trkpt lat="44.17758" lon="5.28034">
        <ele>1743.9</ele>
      </trkpt>
      <trkpt lat="44.17758" lon="5.28031">
        <ele>1743.9</ele>
      </trkpt>
      <trkpt lat="44.17758" lon="5.2802">
        <ele>1744.2</ele>
      </trkpt>
      <trkpt lat="44.17759" lon="5.28013">
        <ele>1743.7</ele>
      </trkpt>
      <trkpt lat="44.17759" lon="5.28006">
        <ele>1743.9</ele>
      </trkpt>
      <trkpt lat="44.1776" lon="5.27988">
        <ele>1743.2</ele>
      </trkpt>
      <trkpt lat="44.17763" lon="5.27959">
        <ele>1740.9</ele>
      </trkpt>
      <trkpt lat="44.17767" lon="5.27926">
        <ele>1738.0</ele>
      </trkpt>
      <trkpt lat="44.17769" lon="5.27904">
        <ele>1736.4</ele>
      </trkpt>
      <trkpt lat="44.17769" lon="5.27901">
        <ele>1736.4</ele>
      </trkpt>
      <trkpt lat="44.17771" lon="5.27876">
        <ele>1734.8</ele>
      </trkpt>
      <trkpt lat="44.17771" lon="5.27863">
        <ele>1734.5</ele>
      </trkpt>
      <trkpt lat="44.17772" lon="5.27851">
        <ele>1733.8</ele>
      </trkpt>
      <trkpt lat="44.17774" lon="5.27826">
        <ele>1732.0</ele>
      </trkpt>
      <trkpt lat="44.17775" lon="5.27816">
        <ele>1730.8</ele>
      </trkpt>
      <trkpt lat="44.17776" lon="5.27801">
        <ele>1729.4</ele>
      </trkpt>
      <trkpt lat="44.17777" lon="5.27785">
        <ele>1727.9</ele>
      </trkpt>
      <trkpt lat="44.17777" lon="5.27776">
        <ele>1727.3</ele>
      </trkpt>
      <trkpt lat="44.17778" lon="5.27755">
        <ele>1725.6</ele>
      </trkpt>
      <trkpt lat="44.17778" lon="5.27751">
        <ele>1725.3</ele>
      </trkpt>
      <trkpt lat="44.17778" lon="5.27726">
        <ele>1722.3</ele>
      </trkpt>
      <trkpt lat="44.17778" lon="5.27723">
        <ele>1721.9</ele>
      </trkpt>
      <trkpt lat="44.17776" lon="5.27701">
        <ele>1720.0</ele>
      </trkpt>
      <trkpt lat="44.17776" lon="5.277">
        <ele>1719.9</ele>
      </trkpt>
      <trkpt lat="44.17774" lon="5.27679">
        <ele>1718.1</ele>
      </trkpt>
      <trkpt lat="44.17774" lon="5.27676">
        <ele>1717.8</ele>
      </trkpt>
      <trkpt lat="44.1777" lon="5.27652">
        <ele>1715.8</ele>
      </trkpt>
      <trkpt lat="44.1777" lon="5.27648">
        <ele>1715.2</ele>
      </trkpt>
      <trkpt lat="44.17765" lon="5.27628">
        <ele>1713.8</ele>
      </trkpt>
      <trkpt lat="44.17765" lon="5.27627">
        <ele>1713.6</ele>
      </trkpt>
      <trkpt lat="44.1776" lon="5.27607">
        <ele>1712.2</ele>
      </trkpt>
      <trkpt lat="44.17759" lon="5.27604">
        <ele>1712.1</ele>
      </trkpt>
      <trkpt lat="44.17752" lon="5.27581">
        <ele>1710.7</ele>
      </trkpt>
      <trkpt lat="44.17751" lon="5.27579">
        <ele>1710.6</ele>
      </trkpt>
      <trkpt lat="44.17744" lon="5.2756">
        <ele>1708.7</ele>
      </trkpt>
      <trkpt lat="44.17744" lon="5.27559">
        <ele>1708.5</ele>
      </trkpt>
      <trkpt lat="44.17737" lon="5.27542">
        <ele>1706.8</ele>
      </trkpt>
      <trkpt lat="44.177349" lon="5.27537">
        <ele>1706.2</ele>
      </trkpt>
      <trkpt lat="44.17725" lon="5.2752">
        <ele>1705.0</ele>
      </trkpt>
      <trkpt lat="44.17716" lon="5.27506">
        <ele>1704.0</ele>
      </trkpt>
      <trkpt lat="44.17707" lon="5.27494">
        <ele>1702.9</ele>
      </trkpt>
      <trkpt lat="44.17698" lon="5.27483">
        <ele>1701.7</ele>
      </trkpt>
      <trkpt lat="44.17689" lon="5.27474">
        <ele>1701.0</ele>
      </trkpt>
      <trkpt lat="44.17683" lon="5.27469">
        <ele>1700.9</ele>
      </trkpt>
      <trkpt lat="44.176789" lon="5.27467">
        <ele>1701.3</ele>
      </trkpt>
      <trkpt lat="44.17674" lon="5.27464">
        <ele>1701.6</ele>
      </trkpt>
      <trkpt lat="44.17666" lon="5.27461">
        <ele>1702.6</ele>
      </trkpt>
      <trkpt lat="44.176609" lon="5.27459">
        <ele>1703.3</ele>
      </trkpt>
      <trkpt lat="44.17649" lon="5.27454">
        <ele>1704.9</ele>
      </trkpt>
      <trkpt lat="44.17647" lon="5.27453">
        <ele>1705.1</ele>
      </trkpt>
      <trkpt lat="44.17635" lon="5.274479">
        <ele>1707.1</ele>
      </trkpt>
      <trkpt lat="44.176319" lon="5.27446">
        <ele>1707.4</ele>
      </trkpt>
      <trkpt lat="44.17627" lon="5.27443">
        <ele>1708.0</ele>
      </trkpt>
      <trkpt lat="44.17621" lon="5.27437">
        <ele>1708.2</ele>
      </trkpt>
      <trkpt lat="44.17617" lon="5.27431">
        <ele>1707.9</ele>
      </trkpt>
      <trkpt lat="44.17616" lon="5.27429">
        <ele>1707.7</ele>
      </trkpt>
      <trkpt lat="44.176139" lon="5.27422">
        <ele>1706.7</ele>
      </trkpt>
      <trkpt lat="44.176139" lon="5.27417">
        <ele>1705.4</ele>
      </trkpt>
      <trkpt lat="44.176139" lon="5.27413">
        <ele>1705.6</ele>
      </trkpt>
      <trkpt lat="44.176139" lon="5.27409">
        <ele>1705.9</ele>
      </trkpt>
      <trkpt lat="44.17616" lon="5.27404">
        <ele>1705.6</ele>
      </trkpt>
      <trkpt lat="44.17618" lon="5.27398">
        <ele>1705.2</ele>
      </trkpt>
      <trkpt lat="44.17619" lon="5.27395">
        <ele>1705.0</ele>
      </trkpt>
      <trkpt lat="44.1763" lon="5.2737">
        <ele>1701.8</ele>
      </trkpt>
      <trkpt lat="44.17637" lon="5.27355">
        <ele>1699.0</ele>
      </trkpt>
      <trkpt lat="44.17642" lon="5.27344">
        <ele>1696.8</ele>
      </trkpt>
      <trkpt lat="44.17647" lon="5.27334">
        <ele>1694.4</ele>
      </trkpt>
      <trkpt lat="44.17649" lon="5.2733">
        <ele>1694.0</ele>
      </trkpt>
      <trkpt lat="44.17669" lon="5.27303">
        <ele>1689.1</ele>
      </trkpt>
      <trkpt lat="44.17681" lon="5.27291">
        <ele>1685.9</ele>
      </trkpt>
      <trkpt lat="44.17686" lon="5.27287">
        <ele>1684.3</ele>
      </trkpt>
      <trkpt lat="44.17697" lon="5.27279">
        <ele>1680.4</ele>
      </trkpt>
      <trkpt lat="44.17704" lon="5.27274">
        <ele>1677.9</ele>
      </trkpt>
      <trkpt lat="44.177079" lon="5.27272">
        <ele>1676.2</ele>
      </trkpt>
      <trkpt lat="44.17714" lon="5.272649">
        <ele>1674.3</ele>
      </trkpt>
      <trkpt lat="44.17716" lon="5.27261">
        <ele>1673.9</ele>
      </trkpt>
      <trkpt lat="44.17719" lon="5.27257">
        <ele>1673.0</ele>
      </trkpt>
      <trkpt lat="44.17721" lon="5.27252">
        <ele>1672.7</ele>
      </trkpt>
      <trkpt lat="44.17723" lon="5.27247">
        <ele>1672.2</ele>
      </trkpt>
      <trkpt lat="44.177259" lon="5.27234">
        <ele>1671.6</ele>
      </trkpt>
      <trkpt lat="44.17731" lon="5.27195">
        <ele>1671.9</ele>
      </trkpt>
      <trkpt lat="44.17731" lon="5.27194">
        <ele>1672.0</ele>
      </trkpt>
      <trkpt lat="44.17732" lon="5.27184">
        <ele>1672.2</ele>
      </trkpt>
      <trkpt lat="44.17733" lon="5.27175">
        <ele>1672.3</ele>
      </trkpt>
      <trkpt lat="44.177349" lon="5.27165">
        <ele>1672.0</ele>
      </trkpt>
      <trkpt lat="44.17737" lon="5.27155">
        <ele>1671.2</ele>
      </trkpt>
      <trkpt lat="44.17741" lon="5.27134">
        <ele>1669.7</ele>
      </trkpt>
      <trkpt lat="44.17746" lon="5.27114">
        <ele>1667.5</ele>
      </trkpt>
      <trkpt lat="44.1775" lon="5.27092">
        <ele>1665.8</ele>
      </trkpt>
      <trkpt lat="44.177549" lon="5.27059">
        <ele>1664.9</ele>
      </trkpt>
      <trkpt lat="44.17758" lon="5.27026">
        <ele>1665.4</ele>
      </trkpt>
      <trkpt lat="44.1776" lon="5.27002">
        <ele>1665.9</ele>
      </trkpt>
      <trkpt lat="44.177639" lon="5.26969">
        <ele>1663.0</ele>
      </trkpt>
      <trkpt lat="44.17767" lon="5.26933">
        <ele>1660.5</ele>
      </trkpt>
      <trkpt lat="44.17768" lon="5.26922">
        <ele>1659.6</ele>
      </trkpt>
      <trkpt lat="44.17769" lon="5.26898">
        <ele>1658.2</ele>
      </trkpt>
      <trkpt lat="44.1777" lon="5.26886">
        <ele>1657.1</ele>
      </trkpt>
      <trkpt lat="44.17771" lon="5.26862">
        <ele>1655.5</ele>
      </trkpt>
      <trkpt lat="44.17771" lon="5.26837">
        <ele>1654.5</ele>
      </trkpt>
      <trkpt lat="44.177729" lon="5.2675">
        <ele>1649.7</ele>
      </trkpt>
      <trkpt lat="44.177729" lon="5.26713">
        <ele>1646.1</ele>
      </trkpt>
      <trkpt lat="44.17772" lon="5.26689">
        <ele>1644.3</ele>
      </trkpt>
      <trkpt lat="44.1777" lon="5.26674">
        <ele>1643.9</ele>
      </trkpt>
      <trkpt lat="44.1777" lon="5.26672">
        <ele>1643.7</ele>
      </trkpt>
      <trkpt lat="44.17767" lon="5.26645">
        <ele>1643.2</ele>
      </trkpt>
      <trkpt lat="44.17766" lon="5.26635">
        <ele>1643.0</ele>
      </trkpt>
      <trkpt lat="44.177639" lon="5.26615">
        <ele>1642.5</ele>
      </trkpt>
      <trkpt lat="44.17766" lon="5.26593">
        <ele>1639.8</ele>
      </trkpt>
      <trkpt lat="44.17771" lon="5.26576">
        <ele>1636.8</ele>
      </trkpt>
      <trkpt lat="44.17774" lon="5.265659">
        <ele>1635.6</ele>
      </trkpt>
      <trkpt lat="44.17777" lon="5.26556">
        <ele>1634.3</ele>
      </trkpt>
      <trkpt lat="44.17781" lon="5.26545">
        <ele>1632.4</ele>
      </trkpt>
      <trkpt lat="44.17783" lon="5.26532">
        <ele>1631.6</ele>
      </trkpt>
      <trkpt lat="44.17785" lon="5.26517">
        <ele>1630.8</ele>
      </trkpt>
      <trkpt lat="44.17787" lon="5.26498">
        <ele>1630.0</ele>
      </trkpt>
      <trkpt lat="44.17789" lon="5.26477">
        <ele>1628.5</ele>
      </trkpt>
      <trkpt lat="44.17789" lon="5.26454">
        <ele>1628.1</ele>
      </trkpt>
      <trkpt lat="44.17791" lon="5.26427">
        <ele>1626.5</ele>
      </trkpt>
      <trkpt lat="44.17791" lon="5.26399">
        <ele>1624.7</ele>
      </trkpt>
      <trkpt lat="44.1779" lon="5.26337">
        <ele>1619.2</ele>
      </trkpt>
      <trkpt lat="44.17788" lon="5.26267">
        <ele>1614.1</ele>
      </trkpt>
      <trkpt lat="44.17787" lon="5.262069">
        <ele>1610.2</ele>
      </trkpt>
      <trkpt lat="44.17791" lon="5.2615">
        <ele>1604.1</ele>
      </trkpt>
      <trkpt lat="44.17793" lon="5.26104">
        <ele>1600.7</ele>
      </trkpt>
      <trkpt lat="44.17793" lon="5.26096">
        <ele>1600.3</ele>
      </trkpt>
      <trkpt lat="44.17793" lon="5.26058">
        <ele>1599.3</ele>
      </trkpt>
      <trkpt lat="44.17792" lon="5.2602">
        <ele>1599.2</ele>
      </trkpt>
      <trkpt lat="44.17791" lon="5.26003">
        <ele>1599.4</ele>
      </trkpt>
      <trkpt lat="44.1779" lon="5.2599">
        <ele>1598.7</ele>
      </trkpt>
      <trkpt lat="44.17789" lon="5.25979">
        <ele>1597.9</ele>
      </trkpt>
      <trkpt lat="44.17788" lon="5.25972">
        <ele>1597.6</ele>
      </trkpt>
      <trkpt lat="44.17783" lon="5.25949">
        <ele>1597.3</ele>
      </trkpt>
      <trkpt lat="44.17777" lon="5.25929">
        <ele>1597.7</ele>
      </trkpt>
      <trkpt lat="44.17776" lon="5.2592">
        <ele>1597.0</ele>
      </trkpt>
      <trkpt lat="44.17775" lon="5.25912">
        <ele>1597.0</ele>
      </trkpt>
      <trkpt lat="44.17776" lon="5.25906">
        <ele>1596.5</ele>
      </trkpt>
      <trkpt lat="44.17776" lon="5.259019">
        <ele>1596.5</ele>
      </trkpt>
      <trkpt lat="44.17778" lon="5.2589">
        <ele>1595.5</ele>
      </trkpt>
      <trkpt lat="44.17781" lon="5.25883">
        <ele>1594.0</ele>
      </trkpt>
      <trkpt lat="44.17787" lon="5.25869">
        <ele>1590.7</ele>
      </trkpt>
      <trkpt lat="44.17794" lon="5.25846">
        <ele>1586.4</ele>
      </trkpt>
      <trkpt lat="44.17796" lon="5.25837">
        <ele>1585.0</ele>
      </trkpt>
      <trkpt lat="44.17798" lon="5.25829">
        <ele>1583.8</ele>
      </trkpt>
      <trkpt lat="44.178" lon="5.25814">
        <ele>1582.6</ele>
      </trkpt>
      <trkpt lat="44.178" lon="5.25813">
        <ele>1582.6</ele>
      </trkpt>
      <trkpt lat="44.178019" lon="5.25792">
        <ele>1581.4</ele>
      </trkpt>
      <trkpt lat="44.17804" lon="5.2577">
        <ele>1580.2</ele>
      </trkpt>
      <trkpt lat="44.17804" lon="5.25751">
        <ele>1580.2</ele>
      </trkpt>
      <trkpt lat="44.17804" lon="5.2573">
        <ele>1578.6</ele>
      </trkpt>
      <trkpt lat="44.17803" lon="5.25708">
        <ele>1577.3</ele>
      </trkpt>
      <trkpt lat="44.178019" lon="5.25687">
        <ele>1576.1</ele>
      </trkpt>
      <trkpt lat="44.178" lon="5.25654">
        <ele>1574.1</ele>
      </trkpt>
      <trkpt lat="44.17798" lon="5.25642">
        <ele>1573.9</ele>
      </trkpt>
      <trkpt lat="44.17796" lon="5.25631">
        <ele>1573.9</ele>
      </trkpt>
      <trkpt lat="44.17792" lon="5.25615">
        <ele>1574.4</ele>
      </trkpt>
      <trkpt lat="44.17792" lon="5.25614">
        <ele>1574.3</ele>
      </trkpt>
      <trkpt lat="44.17789" lon="5.25606">
        <ele>1575.2</ele>
      </trkpt>
      <trkpt lat="44.17784" lon="5.25592">
        <ele>1576.6</ele>
      </trkpt>
      <trkpt lat="44.17783" lon="5.255899">
        <ele>1576.9</ele>
      </trkpt>
      <trkpt lat="44.17775" lon="5.25569">
        <ele>1579.6</ele>
      </trkpt>
      <trkpt lat="44.17771" lon="5.25553">
        <ele>1580.5</ele>
      </trkpt>
      <trkpt lat="44.1777" lon="5.25547">
        <ele>1580.5</ele>
      </trkpt>
      <trkpt lat="44.1777" lon="5.25539">
        <ele>1579.8</ele>
      </trkpt>
      <trkpt lat="44.17771" lon="5.255289">
        <ele>1578.2</ele>
      </trkpt>
      <trkpt lat="44.177729" lon="5.25517">
        <ele>1575.7</ele>
      </trkpt>
      <trkpt lat="44.17778" lon="5.25499">
        <ele>1570.8</ele>
      </trkpt>
      <trkpt lat="44.17781" lon="5.254889">
        <ele>1568.7</ele>
      </trkpt>
      <trkpt lat="44.17783" lon="5.25477">
        <ele>1567.1</ele>
      </trkpt>
      <trkpt lat="44.17783" lon="5.25474">
        <ele>1567.0</ele>
      </trkpt>
      <trkpt lat="44.17784" lon="5.25467">
        <ele>1566.3</ele>
      </trkpt>
      <trkpt lat="44.17784" lon="5.25448">
        <ele>1565.8</ele>
      </trkpt>
      <trkpt lat="44.17784" lon="5.2543">
        <ele>1565.5</ele>
      </trkpt>
      <trkpt lat="44.17783" lon="5.25424">
        <ele>1566.0</ele>
      </trkpt>
      <trkpt lat="44.177819" lon="5.25391">
        <ele>1564.5</ele>
      </trkpt>
      <trkpt lat="44.1777" lon="5.25235">
        <ele>1557.8</ele>
      </trkpt>
      <trkpt lat="44.17766" lon="5.25165">
        <ele>1553.5</ele>
      </trkpt>
      <trkpt lat="44.177639" lon="5.25118">
        <ele>1553.0</ele>
      </trkpt>
      <trkpt lat="44.17763" lon="5.25107">
        <ele>1553.2</ele>
      </trkpt>
      <trkpt lat="44.17758" lon="5.250619">
        <ele>1553.5</ele>
      </trkpt>
      <trkpt lat="44.177549" lon="5.25038">
        <ele>1553.3</ele>
      </trkpt>
      <trkpt lat="44.17739" lon="5.2493">
        <ele>1547.3</ele>
      </trkpt>
      <trkpt lat="44.17727" lon="5.2488">
        <ele>1543.6</ele>
      </trkpt>
      <trkpt lat="44.17715" lon="5.24829">
        <ele>1538.9</ele>
      </trkpt>
      <trkpt lat="44.17711" lon="5.24815">
        <ele>1538.1</ele>
      </trkpt>
      <trkpt lat="44.17705" lon="5.24792">
        <ele>1536.8</ele>
      </trkpt>
      <trkpt lat="44.17702" lon="5.24779">
        <ele>1535.9</ele>
      </trkpt>
      <trkpt lat="44.17699" lon="5.24768">
        <ele>1535.5</ele>
      </trkpt>
      <trkpt lat="44.17694" lon="5.24752">
        <ele>1535.3</ele>
      </trkpt>
      <trkpt lat="44.17687" lon="5.2473">
        <ele>1534.2</ele>
      </trkpt>
      <trkpt lat="44.17685" lon="5.24725">
        <ele>1534.2</ele>
      </trkpt>
      <trkpt lat="44.17684" lon="5.24722">
        <ele>1534.0</ele>
      </trkpt>
      <trkpt lat="44.17683" lon="5.24719">
        <ele>1533.9</ele>
      </trkpt>
      <trkpt lat="44.1768" lon="5.24714">
        <ele>1534.4</ele>
      </trkpt>
      <trkpt lat="44.176789" lon="5.24712">
        <ele>1534.5</ele>
      </trkpt>
      <trkpt lat="44.17676" lon="5.24707">
        <ele>1535.0</ele>
      </trkpt>
      <trkpt lat="44.17673" lon="5.24704">
        <ele>1536.0</ele>
      </trkpt>
      <trkpt lat="44.17673" lon="5.24703">
        <ele>1535.8</ele>
      </trkpt>
      <trkpt lat="44.17671" lon="5.24702">
        <ele>1536.7</ele>
      </trkpt>
      <trkpt lat="44.17669" lon="5.24698">
        <ele>1536.8</ele>
      </trkpt>
      <trkpt lat="44.17666" lon="5.24693">
        <ele>1537.3</ele>
      </trkpt>
      <trkpt lat="44.17663" lon="5.24687">
        <ele>1537.6</ele>
      </trkpt>
      <trkpt lat="44.17662" lon="5.24684">
        <ele>1537.4</ele>
      </trkpt>
      <trkpt lat="44.17662" lon="5.2468">
        <ele>1536.5</ele>
      </trkpt>
      <trkpt lat="44.17662" lon="5.24678">
        <ele>1536.0</ele>
      </trkpt>
      <trkpt lat="44.17665" lon="5.24672">
        <ele>1533.1</ele>
      </trkpt>
      <trkpt lat="44.17665" lon="5.24672">
        <ele>1533.1</ele>
      </trkpt>
      <trkpt lat="44.17668" lon="5.2467">
        <ele>1531.0</ele>
      </trkpt>
      <trkpt lat="44.17671" lon="5.24669">
        <ele>1529.1</ele>
      </trkpt>
      <trkpt lat="44.17673" lon="5.24669">
        <ele>1528.0</ele>
      </trkpt>
      <trkpt lat="44.17674" lon="5.24669">
        <ele>1527.5</ele>
      </trkpt>
      <trkpt lat="44.17676" lon="5.2467">
        <ele>1526.6</ele>
      </trkpt>
      <trkpt lat="44.17677" lon="5.24672">
        <ele>1526.5</ele>
      </trkpt>
      <trkpt lat="44.176789" lon="5.24674">
        <ele>1525.9</ele>
      </trkpt>
      <trkpt lat="44.17681" lon="5.24679">
        <ele>1525.9</ele>
      </trkpt>
      <trkpt lat="44.17682" lon="5.24683">
        <ele>1526.3</ele>
      </trkpt>
      <trkpt lat="44.17683" lon="5.246889">
        <ele>1527.1</ele>
      </trkpt>
      <trkpt lat="44.17685" lon="5.24695">
        <ele>1527.3</ele>
      </trkpt>
      <trkpt lat="44.17687" lon="5.24699">
        <ele>1527.1</ele>
      </trkpt>
      <trkpt lat="44.17689" lon="5.24704">
        <ele>1527.2</ele>
      </trkpt>
      <trkpt lat="44.17691" lon="5.24709">
        <ele>1527.2</ele>
      </trkpt>
      <trkpt lat="44.17693" lon="5.24713">
        <ele>1527.0</ele>
      </trkpt>
      <trkpt lat="44.17694" lon="5.24716">
        <ele>1527.2</ele>
      </trkpt>
      <trkpt lat="44.17695" lon="5.24718">
        <ele>1527.1</ele>
      </trkpt>
      <trkpt lat="44.17704" lon="5.24732">
        <ele>1525.3</ele>
      </trkpt>
      <trkpt lat="44.1772" lon="5.247569">
        <ele>1522.0</ele>
      </trkpt>
      <trkpt lat="44.17744" lon="5.24794">
        <ele>1517.1</ele>
      </trkpt>
      <trkpt lat="44.17754" lon="5.2481">
        <ele>1516.0</ele>
      </trkpt>
      <trkpt lat="44.17778" lon="5.24847">
        <ele>1514.0</ele>
      </trkpt>
      <trkpt lat="44.17787" lon="5.2486">
        <ele>1512.8</ele>
      </trkpt>
      <trkpt lat="44.17822" lon="5.24913">
        <ele>1508.2</ele>
      </trkpt>
      <trkpt lat="44.17826" lon="5.24921">
        <ele>1507.6</ele>
      </trkpt>
      <trkpt lat="44.17835" lon="5.24937">
        <ele>1505.5</ele>
      </trkpt>
      <trkpt lat="44.17838" lon="5.24941">
        <ele>1504.6</ele>
      </trkpt>
      <trkpt lat="44.17848" lon="5.24961">
        <ele>1502.3</ele>
      </trkpt>
      <trkpt lat="44.17848" lon="5.24962">
        <ele>1502.4</ele>
      </trkpt>
      <trkpt lat="44.178579" lon="5.24982">
        <ele>1499.9</ele>
      </trkpt>
      <trkpt lat="44.17863" lon="5.24993">
        <ele>1498.8</ele>
      </trkpt>
      <trkpt lat="44.17868" lon="5.25003">
        <ele>1497.3</ele>
      </trkpt>
      <trkpt lat="44.17874" lon="5.25017">
        <ele>1495.2</ele>
      </trkpt>
      <trkpt lat="44.17892" lon="5.2506">
        <ele>1488.6</ele>
      </trkpt>
      <trkpt lat="44.17897" lon="5.25073">
        <ele>1486.8</ele>
      </trkpt>
      <trkpt lat="44.179" lon="5.25081">
        <ele>1485.7</ele>
      </trkpt>
      <trkpt lat="44.17901" lon="5.25087">
        <ele>1485.0</ele>
      </trkpt>
      <trkpt lat="44.17903" lon="5.25099">
        <ele>1483.2</ele>
      </trkpt>
      <trkpt lat="44.17904" lon="5.25108">
        <ele>1482.0</ele>
      </trkpt>
      <trkpt lat="44.17904" lon="5.25122">
        <ele>1480.8</ele>
      </trkpt>
      <trkpt lat="44.17904" lon="5.25132">
        <ele>1480.0</ele>
      </trkpt>
      <trkpt lat="44.17902" lon="5.25145">
        <ele>1480.1</ele>
      </trkpt>
      <trkpt lat="44.178959" lon="5.251699">
        <ele>1481.9</ele>
      </trkpt>
      <trkpt lat="44.17895" lon="5.25175">
        <ele>1482.5</ele>
      </trkpt>
      <trkpt lat="44.17893" lon="5.25181">
        <ele>1483.7</ele>
      </trkpt>
      <trkpt lat="44.17893" lon="5.25187">
        <ele>1483.7</ele>
      </trkpt>
      <trkpt lat="44.17892" lon="5.25192">
        <ele>1484.3</ele>
      </trkpt>
      <trkpt lat="44.17893" lon="5.25199">
        <ele>1483.8</ele>
      </trkpt>
      <trkpt lat="44.17894" lon="5.25204">
        <ele>1483.2</ele>
      </trkpt>
      <trkpt lat="44.17895" lon="5.2521">
        <ele>1482.6</ele>
      </trkpt>
      <trkpt lat="44.17897" lon="5.25216">
        <ele>1481.4</ele>
      </trkpt>
      <trkpt lat="44.179" lon="5.25221">
        <ele>1479.6</ele>
      </trkpt>
      <trkpt lat="44.179049" lon="5.252309">
        <ele>1476.5</ele>
      </trkpt>
      <trkpt lat="44.17906" lon="5.25234">
        <ele>1475.8</ele>
      </trkpt>
      <trkpt lat="44.17909" lon="5.25242">
        <ele>1473.9</ele>
      </trkpt>
      <trkpt lat="44.17912" lon="5.2525">
        <ele>1472.0</ele>
      </trkpt>
      <trkpt lat="44.179139" lon="5.25257">
        <ele>1471.2</ele>
      </trkpt>
      <trkpt lat="44.17915" lon="5.25262">
        <ele>1470.9</ele>
      </trkpt>
      <trkpt lat="44.17917" lon="5.25273">
        <ele>1470.5</ele>
      </trkpt>
      <trkpt lat="44.17919" lon="5.25281">
        <ele>1469.8</ele>
      </trkpt>
      <trkpt lat="44.17922" lon="5.25291">
        <ele>1468.7</ele>
      </trkpt>
      <trkpt lat="44.17924" lon="5.25303">
        <ele>1468.3</ele>
      </trkpt>
      <trkpt lat="44.17927" lon="5.25321">
        <ele>1467.4</ele>
      </trkpt>
      <trkpt lat="44.17928" lon="5.25329">
        <ele>1467.3</ele>
      </trkpt>
      <trkpt lat="44.17929" lon="5.25333">
        <ele>1466.8</ele>
      </trkpt>
      <trkpt lat="44.17934" lon="5.25355">
        <ele>1465.1</ele>
      </trkpt>
      <trkpt lat="44.1794" lon="5.25374">
        <ele>1462.7</ele>
      </trkpt>
      <trkpt lat="44.17945" lon="5.25386">
        <ele>1460.5</ele>
      </trkpt>
      <trkpt lat="44.179519" lon="5.254069">
        <ele>1458.0</ele>
      </trkpt>
      <trkpt lat="44.17954" lon="5.254139">
        <ele>1457.4</ele>
      </trkpt>
      <trkpt lat="44.17956" lon="5.254209">
        <ele>1457.1</ele>
      </trkpt>
      <trkpt lat="44.17959" lon="5.25429">
        <ele>1456.7</ele>
      </trkpt>
      <trkpt lat="44.17963" lon="5.25443">
        <ele>1456.9</ele>
      </trkpt>
      <trkpt lat="44.17969" lon="5.25467">
        <ele>1458.0</ele>
      </trkpt>
      <trkpt lat="44.17977" lon="5.25491">
        <ele>1458.5</ele>
      </trkpt>
      <trkpt lat="44.17985" lon="5.25505">
        <ele>1457.3</ele>
      </trkpt>
      <trkpt lat="44.17987" lon="5.25508">
        <ele>1456.8</ele>
      </trkpt>
      <trkpt lat="44.17989" lon="5.2551">
        <ele>1456.2</ele>
      </trkpt>
      <trkpt lat="44.17994" lon="5.25514">
        <ele>1454.5</ele>
      </trkpt>
      <trkpt lat="44.179989" lon="5.25518">
        <ele>1452.7</ele>
      </trkpt>
      <trkpt lat="44.18009" lon="5.25525">
        <ele>1450.6</ele>
      </trkpt>
      <trkpt lat="44.18021" lon="5.25532">
        <ele>1447.9</ele>
      </trkpt>
      <trkpt lat="44.1803" lon="5.25538">
        <ele>1445.8</ele>
      </trkpt>
      <trkpt lat="44.18037" lon="5.255429">
        <ele>1444.3</ele>
      </trkpt>
      <trkpt lat="44.18039" lon="5.25544">
        <ele>1443.7</ele>
      </trkpt>
      <trkpt lat="44.18053" lon="5.25555">
        <ele>1440.5</ele>
      </trkpt>
      <trkpt lat="44.18054" lon="5.25557">
        <ele>1440.4</ele>
      </trkpt>
      <trkpt lat="44.18061" lon="5.25562">
        <ele>1438.6</ele>
      </trkpt>
      <trkpt lat="44.18067" lon="5.2557">
        <ele>1437.4</ele>
      </trkpt>
      <trkpt lat="44.18069" lon="5.25572">
        <ele>1437.0</ele>
      </trkpt>
      <trkpt lat="44.18074" lon="5.25578">
        <ele>1435.8</ele>
      </trkpt>
      <trkpt lat="44.18079" lon="5.25585">
        <ele>1434.7</ele>
      </trkpt>
      <trkpt lat="44.1808" lon="5.25587">
        <ele>1434.5</ele>
      </trkpt>
      <trkpt lat="44.18082" lon="5.25592">
        <ele>1434.0</ele>
      </trkpt>
      <trkpt lat="44.18085" lon="5.256">
        <ele>1433.6</ele>
      </trkpt>
      <trkpt lat="44.18087" lon="5.25608">
        <ele>1433.6</ele>
      </trkpt>
      <trkpt lat="44.18088" lon="5.2561">
        <ele>1433.4</ele>
      </trkpt>
      <trkpt lat="44.18089" lon="5.25614">
        <ele>1433.4</ele>
      </trkpt>
      <trkpt lat="44.18089" lon="5.25619">
        <ele>1433.7</ele>
      </trkpt>
      <trkpt lat="44.18091" lon="5.25632">
        <ele>1434.0</ele>
      </trkpt>
      <trkpt lat="44.18091" lon="5.25634">
        <ele>1434.1</ele>
      </trkpt>
      <trkpt lat="44.18092" lon="5.25653">
        <ele>1434.9</ele>
      </trkpt>
      <trkpt lat="44.18092" lon="5.2566">
        <ele>1435.3</ele>
      </trkpt>
      <trkpt lat="44.18092" lon="5.25681">
        <ele>1436.6</ele>
      </trkpt>
      <trkpt lat="44.18091" lon="5.2571">
        <ele>1438.6</ele>
      </trkpt>
      <trkpt lat="44.18091" lon="5.25713">
        <ele>1438.8</ele>
      </trkpt>
      <trkpt lat="44.18091" lon="5.25729">
        <ele>1439.7</ele>
      </trkpt>
      <trkpt lat="44.18091" lon="5.25735">
        <ele>1440.1</ele>
      </trkpt>
      <trkpt lat="44.18091" lon="5.25738">
        <ele>1440.3</ele>
      </trkpt>
      <trkpt lat="44.18091" lon="5.258">
        <ele>1441.6</ele>
      </trkpt>
      <trkpt lat="44.18091" lon="5.25811">
        <ele>1441.8</ele>
      </trkpt>
      <trkpt lat="44.18091" lon="5.25822">
        <ele>1441.9</ele>
      </trkpt>
      <trkpt lat="44.18092" lon="5.25829">
        <ele>1441.8</ele>
      </trkpt>
      <trkpt lat="44.18092" lon="5.258339">
        <ele>1441.8</ele>
      </trkpt>
      <trkpt lat="44.180929" lon="5.25835">
        <ele>1441.6</ele>
      </trkpt>
      <trkpt lat="44.180929" lon="5.25838">
        <ele>1441.6</ele>
      </trkpt>
      <trkpt lat="44.18094" lon="5.25842">
        <ele>1441.3</ele>
      </trkpt>
      <trkpt lat="44.18096" lon="5.25844">
        <ele>1440.8</ele>
      </trkpt>
      <trkpt lat="44.18097" lon="5.25846">
        <ele>1440.5</ele>
      </trkpt>
      <trkpt lat="44.18099" lon="5.258479">
        <ele>1440.0</ele>
      </trkpt>
      <trkpt lat="44.18101" lon="5.25849">
        <ele>1439.5</ele>
      </trkpt>
      <trkpt lat="44.18103" lon="5.25849">
        <ele>1439.0</ele>
      </trkpt>
      <trkpt lat="44.18105" lon="5.25849">
        <ele>1438.5</ele>
      </trkpt>
      <trkpt lat="44.18106" lon="5.258479">
        <ele>1438.2</ele>
      </trkpt>
      <trkpt lat="44.18108" lon="5.258479">
        <ele>1437.7</ele>
      </trkpt>
      <trkpt lat="44.181109" lon="5.25847">
        <ele>1437.0</ele>
      </trkpt>
      <trkpt lat="44.181109" lon="5.25847">
        <ele>1437.0</ele>
      </trkpt>
      <trkpt lat="44.18112" lon="5.25844">
        <ele>1436.7</ele>
      </trkpt>
      <trkpt lat="44.18112" lon="5.258409">
        <ele>1436.7</ele>
      </trkpt>
      <trkpt lat="44.18113" lon="5.25836">
        <ele>1436.5</ele>
      </trkpt>
      <trkpt lat="44.18114" lon="5.25822">
        <ele>1436.1</ele>
      </trkpt>
      <trkpt lat="44.18114" lon="5.25812">
        <ele>1435.9</ele>
      </trkpt>
      <trkpt lat="44.18115" lon="5.25759">
        <ele>1434.8</ele>
      </trkpt>
      <trkpt lat="44.18114" lon="5.256719">
        <ele>1430.2</ele>
      </trkpt>
      <trkpt lat="44.18112" lon="5.25616">
        <ele>1427.8</ele>
      </trkpt>
      <trkpt lat="44.181109" lon="5.25592">
        <ele>1426.8</ele>
      </trkpt>
      <trkpt lat="44.1811" lon="5.25587">
        <ele>1426.8</ele>
      </trkpt>
      <trkpt lat="44.1811" lon="5.25582">
        <ele>1426.5</ele>
      </trkpt>
      <trkpt lat="44.18107" lon="5.25565">
        <ele>1425.7</ele>
      </trkpt>
      <trkpt lat="44.18106" lon="5.25554">
        <ele>1425.0</ele>
      </trkpt>
      <trkpt lat="44.18106" lon="5.25549">
        <ele>1424.5</ele>
      </trkpt>
      <trkpt lat="44.18106" lon="5.255429">
        <ele>1424.0</ele>
      </trkpt>
      <trkpt lat="44.18107" lon="5.25538">
        <ele>1423.3</ele>
      </trkpt>
      <trkpt lat="44.18109" lon="5.25538">
        <ele>1422.9</ele>
      </trkpt>
      <trkpt lat="44.1811" lon="5.25538">
        <ele>1422.7</ele>
      </trkpt>
      <trkpt lat="44.18112" lon="5.25538">
        <ele>1422.3</ele>
      </trkpt>
      <trkpt lat="44.18113" lon="5.25537">
        <ele>1422.1</ele>
      </trkpt>
      <trkpt lat="44.18114" lon="5.255359">
        <ele>1421.8</ele>
      </trkpt>
      <trkpt lat="44.18115" lon="5.25535">
        <ele>1421.5</ele>
      </trkpt>
      <trkpt lat="44.18116" lon="5.25532">
        <ele>1421.1</ele>
      </trkpt>
      <trkpt lat="44.18116" lon="5.25531">
        <ele>1421.0</ele>
      </trkpt>
      <trkpt lat="44.18116" lon="5.25528">
        <ele>1420.7</ele>
      </trkpt>
      <trkpt lat="44.18116" lon="5.25526">
        <ele>1420.6</ele>
      </trkpt>
      <trkpt lat="44.18115" lon="5.25524">
        <ele>1420.6</ele>
      </trkpt>
      <trkpt lat="44.18114" lon="5.25523">
        <ele>1420.7</ele>
      </trkpt>
      <trkpt lat="44.18113" lon="5.25521">
        <ele>1420.7</ele>
      </trkpt>
      <trkpt lat="44.18112" lon="5.25521">
        <ele>1420.9</ele>
      </trkpt>
      <trkpt lat="44.1811" lon="5.2552">
        <ele>1421.2</ele>
      </trkpt>
      <trkpt lat="44.18107" lon="5.25521">
        <ele>1421.9</ele>
      </trkpt>
      <trkpt lat="44.18101" lon="5.2551">
        <ele>1422.0</ele>
      </trkpt>
      <trkpt lat="44.18099" lon="5.25507">
        <ele>1422.0</ele>
      </trkpt>
      <trkpt lat="44.18097" lon="5.25505">
        <ele>1422.2</ele>
      </trkpt>
      <trkpt lat="44.18095" lon="5.25503">
        <ele>1422.3</ele>
      </trkpt>
      <trkpt lat="44.18089" lon="5.25498">
        <ele>1422.7</ele>
      </trkpt>
      <trkpt lat="44.1808" lon="5.25494">
        <ele>1423.8</ele>
      </trkpt>
      <trkpt lat="44.1807" lon="5.2549">
        <ele>1426.0</ele>
      </trkpt>
      <trkpt lat="44.18058" lon="5.25485">
        <ele>1428.6</ele>
      </trkpt>
      <trkpt lat="44.18048" lon="5.25481">
        <ele>1430.7</ele>
      </trkpt>
      <trkpt lat="44.18043" lon="5.25479">
        <ele>1431.7</ele>
      </trkpt>
      <trkpt lat="44.18034" lon="5.25473">
        <ele>1433.0</ele>
      </trkpt>
      <trkpt lat="44.18029" lon="5.25469">
        <ele>1433.6</ele>
      </trkpt>
      <trkpt lat="44.180259" lon="5.25466">
        <ele>1433.8</ele>
      </trkpt>
      <trkpt lat="44.18023" lon="5.25463">
        <ele>1434.0</ele>
      </trkpt>
      <trkpt lat="44.18022" lon="5.254609">
        <ele>1433.9</ele>
      </trkpt>
      <trkpt lat="44.18021" lon="5.25459">
        <ele>1433.7</ele>
      </trkpt>
      <trkpt lat="44.18019" lon="5.25456">
        <ele>1433.6</ele>
      </trkpt>
      <trkpt lat="44.180169" lon="5.25452">
        <ele>1433.3</ele>
      </trkpt>
      <trkpt lat="44.18015" lon="5.25447">
        <ele>1432.8</ele>
      </trkpt>
      <trkpt lat="44.18013" lon="5.25441">
        <ele>1432.0</ele>
      </trkpt>
      <trkpt lat="44.18005" lon="5.254069">
        <ele>1427.5</ele>
      </trkpt>
      <trkpt lat="44.18001" lon="5.25393">
        <ele>1426.9</ele>
      </trkpt>
      <trkpt lat="44.17995" lon="5.25373">
        <ele>1427.9</ele>
      </trkpt>
      <trkpt lat="44.17988" lon="5.253459">
        <ele>1429.3</ele>
      </trkpt>
      <trkpt lat="44.17987" lon="5.25342">
        <ele>1429.5</ele>
      </trkpt>
      <trkpt lat="44.17985" lon="5.25334">
        <ele>1430.0</ele>
      </trkpt>
      <trkpt lat="44.17984" lon="5.25326">
        <ele>1430.7</ele>
      </trkpt>
      <trkpt lat="44.17983" lon="5.25314">
        <ele>1431.5</ele>
      </trkpt>
      <trkpt lat="44.17983" lon="5.25297">
        <ele>1431.7</ele>
      </trkpt>
      <trkpt lat="44.17984" lon="5.25233">
        <ele>1433.0</ele>
      </trkpt>
      <trkpt lat="44.17986" lon="5.252239">
        <ele>1432.6</ele>
      </trkpt>
      <trkpt lat="44.17987" lon="5.25218">
        <ele>1432.5</ele>
      </trkpt>
      <trkpt lat="44.17989" lon="5.25213">
        <ele>1431.8</ele>
      </trkpt>
      <trkpt lat="44.17991" lon="5.25207">
        <ele>1431.2</ele>
      </trkpt>
      <trkpt lat="44.17994" lon="5.25203">
        <ele>1430.0</ele>
      </trkpt>
      <trkpt lat="44.17996" lon="5.25201">
        <ele>1429.1</ele>
      </trkpt>
      <trkpt lat="44.17998" lon="5.25197">
        <ele>1428.5</ele>
      </trkpt>
      <trkpt lat="44.18004" lon="5.25192">
        <ele>1426.1</ele>
      </trkpt>
      <trkpt lat="44.1801" lon="5.25186">
        <ele>1423.9</ele>
      </trkpt>
      <trkpt lat="44.180169" lon="5.2518">
        <ele>1421.3</ele>
      </trkpt>
      <trkpt lat="44.18023" lon="5.25174">
        <ele>1419.1</ele>
      </trkpt>
      <trkpt lat="44.18025" lon="5.25172">
        <ele>1418.4</ele>
      </trkpt>
      <trkpt lat="44.18028" lon="5.25167">
        <ele>1417.5</ele>
      </trkpt>
      <trkpt lat="44.1803" lon="5.251629">
        <ele>1416.9</ele>
      </trkpt>
      <trkpt lat="44.18033" lon="5.25157">
        <ele>1415.9</ele>
      </trkpt>
      <trkpt lat="44.18034" lon="5.25153">
        <ele>1415.7</ele>
      </trkpt>
      <trkpt lat="44.18036" lon="5.25148">
        <ele>1415.1</ele>
      </trkpt>
      <trkpt lat="44.18037" lon="5.25144">
        <ele>1414.9</ele>
      </trkpt>
      <trkpt lat="44.18038" lon="5.25138">
        <ele>1414.8</ele>
      </trkpt>
      <trkpt lat="44.18039" lon="5.25131">
        <ele>1414.7</ele>
      </trkpt>
      <trkpt lat="44.1804" lon="5.25126">
        <ele>1414.5</ele>
      </trkpt>
      <trkpt lat="44.1804" lon="5.2512">
        <ele>1414.8</ele>
      </trkpt>
      <trkpt lat="44.18043" lon="5.25071">
        <ele>1415.6</ele>
      </trkpt>
      <trkpt lat="44.18045" lon="5.2505">
        <ele>1415.1</ele>
      </trkpt>
      <trkpt lat="44.18045" lon="5.25042">
        <ele>1415.3</ele>
      </trkpt>
      <trkpt lat="44.180459" lon="5.25035">
        <ele>1415.0</ele>
      </trkpt>
      <trkpt lat="44.18048" lon="5.25023">
        <ele>1414.3</ele>
      </trkpt>
      <trkpt lat="44.18051" lon="5.25009">
        <ele>1413.2</ele>
      </trkpt>
      <trkpt lat="44.18052" lon="5.25003">
        <ele>1412.9</ele>
      </trkpt>
      <trkpt lat="44.18053" lon="5.24998">
        <ele>1412.6</ele>
      </trkpt>
      <trkpt lat="44.18054" lon="5.24988">
        <ele>1412.2</ele>
      </trkpt>
      <trkpt lat="44.180549" lon="5.24979">
        <ele>1411.8</ele>
      </trkpt>
      <trkpt lat="44.180549" lon="5.2497">
        <ele>1411.9</ele>
      </trkpt>
      <trkpt lat="44.18056" lon="5.24959">
        <ele>1411.6</ele>
      </trkpt>
      <trkpt lat="44.180549" lon="5.24949">
        <ele>1412.2</ele>
      </trkpt>
      <trkpt lat="44.18054" lon="5.24937">
        <ele>1412.7</ele>
      </trkpt>
      <trkpt lat="44.18053" lon="5.24925">
        <ele>1413.2</ele>
      </trkpt>
      <trkpt lat="44.18052" lon="5.24916">
        <ele>1413.6</ele>
      </trkpt>
      <trkpt lat="44.18051" lon="5.24907">
        <ele>1413.1</ele>
      </trkpt>
      <trkpt lat="44.18049" lon="5.24895">
        <ele>1412.8</ele>
      </trkpt>
      <trkpt lat="44.180459" lon="5.24877">
        <ele>1412.2</ele>
      </trkpt>
      <trkpt lat="44.18044" lon="5.24867">
        <ele>1411.9</ele>
      </trkpt>
      <trkpt lat="44.18041" lon="5.24853">
        <ele>1411.6</ele>
      </trkpt>
      <trkpt lat="44.18037" lon="5.24841">
        <ele>1411.8</ele>
      </trkpt>
      <trkpt lat="44.18031" lon="5.24822">
        <ele>1411.3</ele>
      </trkpt>
      <trkpt lat="44.180259" lon="5.2481">
        <ele>1411.1</ele>
      </trkpt>
      <trkpt lat="44.18023" lon="5.24801">
        <ele>1410.6</ele>
      </trkpt>
      <trkpt lat="44.18018" lon="5.24788">
        <ele>1410.1</ele>
      </trkpt>
      <trkpt lat="44.18014" lon="5.24778">
        <ele>1409.7</ele>
      </trkpt>
      <trkpt lat="44.18003" lon="5.24754">
        <ele>1408.9</ele>
      </trkpt>
      <trkpt lat="44.179989" lon="5.24745">
        <ele>1408.2</ele>
      </trkpt>
      <trkpt lat="44.17992" lon="5.24731">
        <ele>1407.5</ele>
      </trkpt>
      <trkpt lat="44.1798" lon="5.24709">
        <ele>1406.1</ele>
      </trkpt>
      <trkpt lat="44.17977" lon="5.24705">
        <ele>1406.1</ele>
      </trkpt>
      <trkpt lat="44.17966" lon="5.24684">
        <ele>1404.0</ele>
      </trkpt>
      <trkpt lat="44.17954" lon="5.24665">
        <ele>1402.0</ele>
      </trkpt>
      <trkpt lat="44.17945" lon="5.24651">
        <ele>1399.0</ele>
      </trkpt>
      <trkpt lat="44.17936" lon="5.24638">
        <ele>1396.4</ele>
      </trkpt>
      <trkpt lat="44.17926" lon="5.24627">
        <ele>1394.8</ele>
      </trkpt>
      <trkpt lat="44.17909" lon="5.2461">
        <ele>1393.8</ele>
      </trkpt>
      <trkpt lat="44.179" lon="5.24602">
        <ele>1394.5</ele>
      </trkpt>
      <trkpt lat="44.17893" lon="5.24596">
        <ele>1395.4</ele>
      </trkpt>
      <trkpt lat="44.17881" lon="5.24585">
        <ele>1396.8</ele>
      </trkpt>
      <trkpt lat="44.17871" lon="5.24573">
        <ele>1398.2</ele>
      </trkpt>
      <trkpt lat="44.178669" lon="5.24569">
        <ele>1399.1</ele>
      </trkpt>
      <trkpt lat="44.17862" lon="5.24562">
        <ele>1399.7</ele>
      </trkpt>
      <trkpt lat="44.178579" lon="5.24556">
        <ele>1400.2</ele>
      </trkpt>
      <trkpt lat="44.17857" lon="5.24555">
        <ele>1400.4</ele>
      </trkpt>
      <trkpt lat="44.17853" lon="5.24547">
        <ele>1400.5</ele>
      </trkpt>
      <trkpt lat="44.1785" lon="5.24539">
        <ele>1400.1</ele>
      </trkpt>
      <trkpt lat="44.178489" lon="5.24534">
        <ele>1399.4</ele>
      </trkpt>
      <trkpt lat="44.17848" lon="5.24529">
        <ele>1398.8</ele>
      </trkpt>
      <trkpt lat="44.17847" lon="5.24519">
        <ele>1397.0</ele>
      </trkpt>
      <trkpt lat="44.17847" lon="5.24507">
        <ele>1394.2</ele>
      </trkpt>
      <trkpt lat="44.17847" lon="5.24467">
        <ele>1387.9</ele>
      </trkpt>
      <trkpt lat="44.17846" lon="5.24451">
        <ele>1386.1</ele>
      </trkpt>
      <trkpt lat="44.17845" lon="5.24434">
        <ele>1384.2</ele>
      </trkpt>
      <trkpt lat="44.17845" lon="5.24433">
        <ele>1384.0</ele>
      </trkpt>
      <trkpt lat="44.17841" lon="5.24413">
        <ele>1383.4</ele>
      </trkpt>
      <trkpt lat="44.17839" lon="5.24401">
        <ele>1382.8</ele>
      </trkpt>
      <trkpt lat="44.17835" lon="5.24386">
        <ele>1383.0</ele>
      </trkpt>
      <trkpt lat="44.17834" lon="5.24383">
        <ele>1383.2</ele>
      </trkpt>
      <trkpt lat="44.17828" lon="5.243629">
        <ele>1383.6</ele>
      </trkpt>
      <trkpt lat="44.17825" lon="5.24352">
        <ele>1383.6</ele>
      </trkpt>
      <trkpt lat="44.17821" lon="5.2434">
        <ele>1383.9</ele>
      </trkpt>
      <trkpt lat="44.17818" lon="5.24332">
        <ele>1384.0</ele>
      </trkpt>
      <trkpt lat="44.17813" lon="5.24317">
        <ele>1382.7</ele>
      </trkpt>
      <trkpt lat="44.17812" lon="5.24313">
        <ele>1382.2</ele>
      </trkpt>
      <trkpt lat="44.17805" lon="5.24295">
        <ele>1381.1</ele>
      </trkpt>
      <trkpt lat="44.17803" lon="5.24289">
        <ele>1380.5</ele>
      </trkpt>
      <trkpt lat="44.17797" lon="5.24277">
        <ele>1380.3</ele>
      </trkpt>
      <trkpt lat="44.17789" lon="5.24258">
        <ele>1379.2</ele>
      </trkpt>
      <trkpt lat="44.17777" lon="5.24231">
        <ele>1376.7</ele>
      </trkpt>
      <trkpt lat="44.17776" lon="5.24229">
        <ele>1376.5</ele>
      </trkpt>
      <trkpt lat="44.1777" lon="5.24219">
        <ele>1376.0</ele>
      </trkpt>
      <trkpt lat="44.17766" lon="5.24211">
        <ele>1375.2</ele>
      </trkpt>
      <trkpt lat="44.177639" lon="5.24206">
        <ele>1374.5</ele>
      </trkpt>
      <trkpt lat="44.17759" lon="5.24198">
        <ele>1374.2</ele>
      </trkpt>
      <trkpt lat="44.17754" lon="5.24191">
        <ele>1374.1</ele>
      </trkpt>
      <trkpt lat="44.17754" lon="5.2419">
        <ele>1373.8</ele>
      </trkpt>
      <trkpt lat="44.17747" lon="5.24182">
        <ele>1374.1</ele>
      </trkpt>
      <trkpt lat="44.17738" lon="5.24172">
        <ele>1374.2</ele>
      </trkpt>
      <trkpt lat="44.17728" lon="5.24161">
        <ele>1374.3</ele>
      </trkpt>
      <trkpt lat="44.17706" lon="5.241399">
        <ele>1374.9</ele>
      </trkpt>
      <trkpt lat="44.17686" lon="5.24122">
        <ele>1375.3</ele>
      </trkpt>
      <trkpt lat="44.17677" lon="5.24114">
        <ele>1375.3</ele>
      </trkpt>
      <trkpt lat="44.17659" lon="5.24097">
        <ele>1375.9</ele>
      </trkpt>
      <trkpt lat="44.176519" lon="5.24088">
        <ele>1376.0</ele>
      </trkpt>
      <trkpt lat="44.1765" lon="5.24085">
        <ele>1376.0</ele>
      </trkpt>
      <trkpt lat="44.17648" lon="5.24081">
        <ele>1376.1</ele>
      </trkpt>
      <trkpt lat="44.17647" lon="5.24075">
        <ele>1375.8</ele>
      </trkpt>
      <trkpt lat="44.17645" lon="5.24069">
        <ele>1376.1</ele>
      </trkpt>
      <trkpt lat="44.17645" lon="5.240649">
        <ele>1375.6</ele>
      </trkpt>
      <trkpt lat="44.17644" lon="5.24063">
        <ele>1375.9</ele>
      </trkpt>
      <trkpt lat="44.17644" lon="5.24055">
        <ele>1374.9</ele>
      </trkpt>
      <trkpt lat="44.17644" lon="5.24049">
        <ele>1374.2</ele>
      </trkpt>
      <trkpt lat="44.17646" lon="5.24041">
        <ele>1372.1</ele>
      </trkpt>
      <trkpt lat="44.17646" lon="5.24039">
        <ele>1371.8</ele>
      </trkpt>
      <trkpt lat="44.17649" lon="5.24023">
        <ele>1368.0</ele>
      </trkpt>
      <trkpt lat="44.17654" lon="5.24002">
        <ele>1362.2</ele>
      </trkpt>
      <trkpt lat="44.17656" lon="5.23994">
        <ele>1360.8</ele>
      </trkpt>
      <trkpt lat="44.17659" lon="5.23987">
        <ele>1359.2</ele>
      </trkpt>
      <trkpt lat="44.176609" lon="5.23979">
        <ele>1358.3</ele>
      </trkpt>
      <trkpt lat="44.17675" lon="5.23942">
        <ele>1352.6</ele>
      </trkpt>
      <trkpt lat="44.1768" lon="5.23931">
        <ele>1350.6</ele>
      </trkpt>
      <trkpt lat="44.17686" lon="5.23917">
        <ele>1348.0</ele>
      </trkpt>
      <trkpt lat="44.17688" lon="5.23909">
        <ele>1346.5</ele>
      </trkpt>
      <trkpt lat="44.17689" lon="5.23905">
        <ele>1345.7</ele>
      </trkpt>
      <trkpt lat="44.17689" lon="5.23904">
        <ele>1345.6</ele>
      </trkpt>
      <trkpt lat="44.1769" lon="5.23901">
        <ele>1344.9</ele>
      </trkpt>
      <trkpt lat="44.17691" lon="5.238959">
        <ele>1344.1</ele>
      </trkpt>
      <trkpt lat="44.17692" lon="5.238889">
        <ele>1343.2</ele>
      </trkpt>
      <trkpt lat="44.17692" lon="5.23883">
        <ele>1342.8</ele>
      </trkpt>
      <trkpt lat="44.17692" lon="5.23879">
        <ele>1342.5</ele>
      </trkpt>
      <trkpt lat="44.17692" lon="5.23876">
        <ele>1342.4</ele>
      </trkpt>
      <trkpt lat="44.17691" lon="5.23869">
        <ele>1342.4</ele>
      </trkpt>
      <trkpt lat="44.17691" lon="5.23863">
        <ele>1342.0</ele>
      </trkpt>
      <trkpt lat="44.1769" lon="5.23857">
        <ele>1342.0</ele>
      </trkpt>
      <trkpt lat="44.17688" lon="5.23849">
        <ele>1342.4</ele>
      </trkpt>
      <trkpt lat="44.17686" lon="5.2384">
        <ele>1342.6</ele>
      </trkpt>
      <trkpt lat="44.17684" lon="5.238349">
        <ele>1343.0</ele>
      </trkpt>
      <trkpt lat="44.17678" lon="5.23818">
        <ele>1342.3</ele>
      </trkpt>
      <trkpt lat="44.17678" lon="5.23817">
        <ele>1342.1</ele>
      </trkpt>
      <trkpt lat="44.17675" lon="5.23808">
        <ele>1341.5</ele>
      </trkpt>
      <trkpt lat="44.176699" lon="5.23797">
        <ele>1341.3</ele>
      </trkpt>
      <trkpt lat="44.17669" lon="5.23795">
        <ele>1341.3</ele>
      </trkpt>
      <trkpt lat="44.17665" lon="5.23784">
        <ele>1340.6</ele>
      </trkpt>
      <trkpt lat="44.1766" lon="5.23773">
        <ele>1340.2</ele>
      </trkpt>
      <trkpt lat="44.17655" lon="5.23763">
        <ele>1340.0</ele>
      </trkpt>
      <trkpt lat="44.17651" lon="5.237529">
        <ele>1339.3</ele>
      </trkpt>
      <trkpt lat="44.17641" lon="5.23733">
        <ele>1337.3</ele>
      </trkpt>
      <trkpt lat="44.17633" lon="5.23719">
        <ele>1336.2</ele>
      </trkpt>
      <trkpt lat="44.17628" lon="5.23709">
        <ele>1335.1</ele>
      </trkpt>
      <trkpt lat="44.176229" lon="5.23701">
        <ele>1334.6</ele>
      </trkpt>
      <trkpt lat="44.17616" lon="5.23691">
        <ele>1334.2</ele>
      </trkpt>
      <trkpt lat="44.17611" lon="5.23684">
        <ele>1334.0</ele>
      </trkpt>
      <trkpt lat="44.17603" lon="5.23673">
        <ele>1333.7</ele>
      </trkpt>
      <trkpt lat="44.1758" lon="5.23641">
        <ele>1332.0</ele>
      </trkpt>
      <trkpt lat="44.17574" lon="5.23632">
        <ele>1332.0</ele>
      </trkpt>
      <trkpt lat="44.17568" lon="5.23621">
        <ele>1331.4</ele>
      </trkpt>
      <trkpt lat="44.17559" lon="5.23605">
        <ele>1331.1</ele>
      </trkpt>
      <trkpt lat="44.17555" lon="5.23597">
        <ele>1330.8</ele>
      </trkpt>
      <trkpt lat="44.17551" lon="5.23589">
        <ele>1330.5</ele>
      </trkpt>
      <trkpt lat="44.17549" lon="5.23579">
        <ele>1329.4</ele>
      </trkpt>
      <trkpt lat="44.17547" lon="5.23569">
        <ele>1329.2</ele>
      </trkpt>
      <trkpt lat="44.17546" lon="5.2356">
        <ele>1328.6</ele>
      </trkpt>
      <trkpt lat="44.17546" lon="5.23554">
        <ele>1327.8</ele>
      </trkpt>
      <trkpt lat="44.17546" lon="5.23553">
        <ele>1327.7</ele>
      </trkpt>
      <trkpt lat="44.17546" lon="5.23546">
        <ele>1326.8</ele>
      </trkpt>
      <trkpt lat="44.17547" lon="5.23539">
        <ele>1325.4</ele>
      </trkpt>
      <trkpt lat="44.1755" lon="5.23531">
        <ele>1322.9</ele>
      </trkpt>
      <trkpt lat="44.175579" lon="5.23507">
        <ele>1316.0</ele>
      </trkpt>
      <trkpt lat="44.17562" lon="5.23494">
        <ele>1312.9</ele>
      </trkpt>
      <trkpt lat="44.17566" lon="5.23483">
        <ele>1310.3</ele>
      </trkpt>
      <trkpt lat="44.17568" lon="5.23473">
        <ele>1308.8</ele>
      </trkpt>
      <trkpt lat="44.1757" lon="5.23463">
        <ele>1307.3</ele>
      </trkpt>
      <trkpt lat="44.17571" lon="5.23454">
        <ele>1306.3</ele>
      </trkpt>
      <trkpt lat="44.17571" lon="5.23445">
        <ele>1305.8</ele>
      </trkpt>
      <trkpt lat="44.17571" lon="5.23436">
        <ele>1305.3</ele>
      </trkpt>
      <trkpt lat="44.17571" lon="5.23424">
        <ele>1304.6</ele>
      </trkpt>
      <trkpt lat="44.1757" lon="5.2341">
        <ele>1303.9</ele>
      </trkpt>
      <trkpt lat="44.1757" lon="5.23398">
        <ele>1302.6</ele>
      </trkpt>
      <trkpt lat="44.17569" lon="5.23381">
        <ele>1301.2</ele>
      </trkpt>
      <trkpt lat="44.17569" lon="5.23368">
        <ele>1299.8</ele>
      </trkpt>
      <trkpt lat="44.17569" lon="5.23354">
        <ele>1298.4</ele>
      </trkpt>
      <trkpt lat="44.1757" lon="5.23344">
        <ele>1296.9</ele>
      </trkpt>
      <trkpt lat="44.17569" lon="5.23335">
        <ele>1296.3</ele>
      </trkpt>
      <trkpt lat="44.17568" lon="5.233259">
        <ele>1295.4</ele>
      </trkpt>
      <trkpt lat="44.175669" lon="5.23316">
        <ele>1294.3</ele>
      </trkpt>
      <trkpt lat="44.17566" lon="5.23307">
        <ele>1293.4</ele>
      </trkpt>
      <trkpt lat="44.17564" lon="5.23296">
        <ele>1292.5</ele>
      </trkpt>
      <trkpt lat="44.17562" lon="5.23288">
        <ele>1292.0</ele>
      </trkpt>
      <trkpt lat="44.175579" lon="5.2327">
        <ele>1290.8</ele>
      </trkpt>
      <trkpt lat="44.17552" lon="5.23238">
        <ele>1288.0</ele>
      </trkpt>
      <trkpt lat="44.17547" lon="5.232179">
        <ele>1286.5</ele>
      </trkpt>
      <trkpt lat="44.17545" lon="5.23205">
        <ele>1285.1</ele>
      </trkpt>
      <trkpt lat="44.17542" lon="5.23195">
        <ele>1284.5</ele>
      </trkpt>
      <trkpt lat="44.175379" lon="5.23179">
        <ele>1283.2</ele>
      </trkpt>
      <trkpt lat="44.17535" lon="5.23166">
        <ele>1282.1</ele>
      </trkpt>
      <trkpt lat="44.17531" lon="5.23156">
        <ele>1281.6</ele>
      </trkpt>
      <trkpt lat="44.17528" lon="5.23145">
        <ele>1280.4</ele>
      </trkpt>
      <trkpt lat="44.17524" lon="5.23132">
        <ele>1279.2</ele>
      </trkpt>
      <trkpt lat="44.17518" lon="5.23117">
        <ele>1278.0</ele>
      </trkpt>
      <trkpt lat="44.17514" lon="5.23106">
        <ele>1276.9</ele>
      </trkpt>
      <trkpt lat="44.17508" lon="5.23092">
        <ele>1275.7</ele>
      </trkpt>
      <trkpt lat="44.17503" lon="5.23081">
        <ele>1274.6</ele>
      </trkpt>
      <trkpt lat="44.17497" lon="5.2307">
        <ele>1273.3</ele>
      </trkpt>
      <trkpt lat="44.174909" lon="5.23057">
        <ele>1271.6</ele>
      </trkpt>
      <trkpt lat="44.17465" lon="5.23013">
        <ele>1268.1</ele>
      </trkpt>
      <trkpt lat="44.17454" lon="5.22992">
        <ele>1266.4</ele>
      </trkpt>
      <trkpt lat="44.17432" lon="5.22951">
        <ele>1262.7</ele>
      </trkpt>
      <trkpt lat="44.17419" lon="5.22924">
        <ele>1259.3</ele>
      </trkpt>
      <trkpt lat="44.17416" lon="5.22917">
        <ele>1258.3</ele>
      </trkpt>
      <trkpt lat="44.17409" lon="5.22901">
        <ele>1256.8</ele>
      </trkpt>
      <trkpt lat="44.17406" lon="5.22895">
        <ele>1256.3</ele>
      </trkpt>
      <trkpt lat="44.17398" lon="5.22877">
        <ele>1254.8</ele>
      </trkpt>
      <trkpt lat="44.17393" lon="5.22865">
        <ele>1253.7</ele>
      </trkpt>
      <trkpt lat="44.17387" lon="5.2285">
        <ele>1252.4</ele>
      </trkpt>
      <trkpt lat="44.17376" lon="5.22822">
        <ele>1250.1</ele>
      </trkpt>
      <trkpt lat="44.17369" lon="5.22803">
        <ele>1248.6</ele>
      </trkpt>
      <trkpt lat="44.17364" lon="5.22785">
        <ele>1246.6</ele>
      </trkpt>
      <trkpt lat="44.17353" lon="5.22754">
        <ele>1244.1</ele>
      </trkpt>
      <trkpt lat="44.17346" lon="5.227299">
        <ele>1241.5</ele>
      </trkpt>
      <trkpt lat="44.17334" lon="5.22676">
        <ele>1233.9</ele>
      </trkpt>
      <trkpt lat="44.17319" lon="5.226079">
        <ele>1227.7</ele>
      </trkpt>
      <trkpt lat="44.17308" lon="5.22558">
        <ele>1222.5</ele>
      </trkpt>
      <trkpt lat="44.173" lon="5.22524">
        <ele>1219.1</ele>
      </trkpt>
      <trkpt lat="44.17298" lon="5.225189">
        <ele>1219.0</ele>
      </trkpt>
      <trkpt lat="44.17295" lon="5.22504">
        <ele>1217.4</ele>
      </trkpt>
      <trkpt lat="44.17288" lon="5.22484">
        <ele>1216.0</ele>
      </trkpt>
      <trkpt lat="44.17286" lon="5.224789">
        <ele>1215.7</ele>
      </trkpt>
      <trkpt lat="44.1728" lon="5.22466">
        <ele>1215.3</ele>
      </trkpt>
      <trkpt lat="44.17273" lon="5.22451">
        <ele>1214.8</ele>
      </trkpt>
      <trkpt lat="44.17264" lon="5.22432">
        <ele>1214.1</ele>
      </trkpt>
      <trkpt lat="44.17256" lon="5.22416">
        <ele>1213.5</ele>
      </trkpt>
      <trkpt lat="44.17252" lon="5.22406">
        <ele>1212.9</ele>
      </trkpt>
      <trkpt lat="44.172469" lon="5.22394">
        <ele>1212.1</ele>
      </trkpt>
      <trkpt lat="44.17244" lon="5.22387">
        <ele>1211.6</ele>
      </trkpt>
      <trkpt lat="44.172379" lon="5.22373">
        <ele>1210.5</ele>
      </trkpt>
      <trkpt lat="44.172379" lon="5.22372">
        <ele>1210.3</ele>
      </trkpt>
      <trkpt lat="44.17218" lon="5.2231">
        <ele>1203.6</ele>
      </trkpt>
      <trkpt lat="44.17208" lon="5.22279">
        <ele>1200.2</ele>
      </trkpt>
      <trkpt lat="44.17199" lon="5.22253">
        <ele>1197.3</ele>
      </trkpt>
      <trkpt lat="44.17188" lon="5.22222">
        <ele>1194.5</ele>
      </trkpt>
      <trkpt lat="44.17172" lon="5.221809">
        <ele>1190.6</ele>
      </trkpt>
      <trkpt lat="44.17159" lon="5.22147">
        <ele>1188.4</ele>
      </trkpt>
      <trkpt lat="44.17152" lon="5.22131">
        <ele>1188.2</ele>
      </trkpt>
      <trkpt lat="44.17145" lon="5.22115">
        <ele>1188.0</ele>
      </trkpt>
      <trkpt lat="44.17138" lon="5.22101">
        <ele>1188.0</ele>
      </trkpt>
      <trkpt lat="44.17136" lon="5.22096">
        <ele>1187.9</ele>
      </trkpt>
      <trkpt lat="44.17133" lon="5.22091">
        <ele>1188.0</ele>
      </trkpt>
      <trkpt lat="44.17131" lon="5.22086">
        <ele>1187.9</ele>
      </trkpt>
      <trkpt lat="44.1713" lon="5.22083">
        <ele>1187.7</ele>
      </trkpt>
      <trkpt lat="44.1713" lon="5.22081">
        <ele>1187.3</ele>
      </trkpt>
      <trkpt lat="44.17129" lon="5.22079">
        <ele>1187.2</ele>
      </trkpt>
      <trkpt lat="44.17128" lon="5.22075">
        <ele>1186.7</ele>
      </trkpt>
      <trkpt lat="44.17128" lon="5.22073">
        <ele>1186.2</ele>
      </trkpt>
      <trkpt lat="44.17128" lon="5.2207">
        <ele>1185.6</ele>
      </trkpt>
      <trkpt lat="44.17128" lon="5.22068">
        <ele>1185.1</ele>
      </trkpt>
      <trkpt lat="44.17129" lon="5.22065">
        <ele>1184.1</ele>
      </trkpt>
      <trkpt lat="44.17131" lon="5.22062">
        <ele>1182.8</ele>
      </trkpt>
      <trkpt lat="44.17132" lon="5.2206">
        <ele>1182.0</ele>
      </trkpt>
      <trkpt lat="44.17133" lon="5.220589">
        <ele>1181.5</ele>
      </trkpt>
      <trkpt lat="44.17134" lon="5.22058">
        <ele>1180.9</ele>
      </trkpt>
      <trkpt lat="44.171349" lon="5.22058">
        <ele>1180.5</ele>
      </trkpt>
      <trkpt lat="44.17137" lon="5.22057">
        <ele>1179.6</ele>
      </trkpt>
      <trkpt lat="44.17138" lon="5.22058">
        <ele>1179.5</ele>
      </trkpt>
      <trkpt lat="44.1714" lon="5.22058">
        <ele>1178.8</ele>
      </trkpt>
      <trkpt lat="44.17142" lon="5.220589">
        <ele>1178.3</ele>
      </trkpt>
      <trkpt lat="44.171439" lon="5.22061">
        <ele>1178.1</ele>
      </trkpt>
      <trkpt lat="44.17147" lon="5.22063">
        <ele>1177.4</ele>
      </trkpt>
      <trkpt lat="44.17149" lon="5.22067">
        <ele>1177.6</ele>
      </trkpt>
      <trkpt lat="44.17151" lon="5.2207">
        <ele>1177.6</ele>
      </trkpt>
      <trkpt lat="44.17155" lon="5.22076">
        <ele>1177.5</ele>
      </trkpt>
      <trkpt lat="44.1716" lon="5.22087">
        <ele>1177.9</ele>
      </trkpt>
      <trkpt lat="44.171639" lon="5.22093">
        <ele>1177.6</ele>
      </trkpt>
      <trkpt lat="44.17167" lon="5.22098">
        <ele>1177.4</ele>
      </trkpt>
      <trkpt lat="44.17171" lon="5.22103">
        <ele>1177.3</ele>
      </trkpt>
      <trkpt lat="44.17172" lon="5.22104">
        <ele>1177.2</ele>
      </trkpt>
      <trkpt lat="44.17179" lon="5.221129">
        <ele>1177.1</ele>
      </trkpt>
      <trkpt lat="44.17187" lon="5.22121">
        <ele>1176.6</ele>
      </trkpt>
      <trkpt lat="44.17196" lon="5.2213">
        <ele>1176.0</ele>
      </trkpt>
      <trkpt lat="44.17207" lon="5.22139">
        <ele>1174.8</ele>
      </trkpt>
      <trkpt lat="44.17216" lon="5.22146">
        <ele>1173.8</ele>
      </trkpt>
      <trkpt lat="44.17231" lon="5.22157">
        <ele>1172.0</ele>
      </trkpt>
      <trkpt lat="44.17246" lon="5.221669">
        <ele>1170.0</ele>
      </trkpt>
      <trkpt lat="44.17254" lon="5.22169">
        <ele>1168.6</ele>
      </trkpt>
      <trkpt lat="44.17264" lon="5.22172">
        <ele>1167.3</ele>
      </trkpt>
      <trkpt lat="44.17271" lon="5.22173">
        <ele>1166.1</ele>
      </trkpt>
      <trkpt lat="44.1728" lon="5.221739">
        <ele>1164.6</ele>
      </trkpt>
      <trkpt lat="44.17291" lon="5.22175">
        <ele>1162.7</ele>
      </trkpt>
      <trkpt lat="44.17305" lon="5.22176">
        <ele>1160.3</ele>
      </trkpt>
      <trkpt lat="44.17319" lon="5.22176">
        <ele>1157.7</ele>
      </trkpt>
      <trkpt lat="44.17326" lon="5.221739">
        <ele>1156.1</ele>
      </trkpt>
      <trkpt lat="44.1733" lon="5.22172">
        <ele>1155.2</ele>
      </trkpt>
      <trkpt lat="44.17334" lon="5.22168">
        <ele>1154.0</ele>
      </trkpt>
      <trkpt lat="44.17338" lon="5.22164">
        <ele>1152.9</ele>
      </trkpt>
      <trkpt lat="44.173409" lon="5.22158">
        <ele>1151.9</ele>
      </trkpt>
      <trkpt lat="44.17343" lon="5.22151">
        <ele>1151.1</ele>
      </trkpt>
      <trkpt lat="44.17345" lon="5.22137">
        <ele>1149.9</ele>
      </trkpt>
      <trkpt lat="44.17348" lon="5.22118">
        <ele>1148.4</ele>
      </trkpt>
      <trkpt lat="44.17347" lon="5.22112">
        <ele>1148.2</ele>
      </trkpt>
      <trkpt lat="44.17346" lon="5.22105">
        <ele>1148.0</ele>
      </trkpt>
      <trkpt lat="44.17344" lon="5.220989">
        <ele>1147.9</ele>
      </trkpt>
      <trkpt lat="44.1734" lon="5.2209">
        <ele>1147.8</ele>
      </trkpt>
      <trkpt lat="44.17337" lon="5.22083">
        <ele>1147.6</ele>
      </trkpt>
      <trkpt lat="44.173319" lon="5.22077">
        <ele>1147.5</ele>
      </trkpt>
      <trkpt lat="44.17326" lon="5.22068">
        <ele>1147.1</ele>
      </trkpt>
      <trkpt lat="44.17318" lon="5.22056">
        <ele>1146.4</ele>
      </trkpt>
      <trkpt lat="44.17315" lon="5.22047">
        <ele>1145.6</ele>
      </trkpt>
      <trkpt lat="44.17312" lon="5.22035">
        <ele>1144.4</ele>
      </trkpt>
      <trkpt lat="44.1731" lon="5.22021">
        <ele>1142.8</ele>
      </trkpt>
      <trkpt lat="44.17311" lon="5.22001">
        <ele>1140.4</ele>
      </trkpt>
      <trkpt lat="44.17312" lon="5.21973">
        <ele>1136.8</ele>
      </trkpt>
      <trkpt lat="44.17313" lon="5.21956">
        <ele>1134.7</ele>
      </trkpt>
      <trkpt lat="44.17316" lon="5.21913">
        <ele>1129.7</ele>
      </trkpt>
      <trkpt lat="44.173229" lon="5.21859">
        <ele>1122.2</ele>
      </trkpt>
      <trkpt lat="44.17326" lon="5.21844">
        <ele>1120.4</ele>
      </trkpt>
      <trkpt lat="44.17329" lon="5.21832">
        <ele>1119.0</ele>
      </trkpt>
      <trkpt lat="44.17331" lon="5.21826">
        <ele>1118.4</ele>
      </trkpt>
      <trkpt lat="44.173319" lon="5.2182">
        <ele>1117.7</ele>
      </trkpt>
      <trkpt lat="44.17337" lon="5.2181">
        <ele>1116.8</ele>
      </trkpt>
      <trkpt lat="44.1734" lon="5.21804">
        <ele>1116.3</ele>
      </trkpt>
      <trkpt lat="44.17342" lon="5.218009">
        <ele>1116.1</ele>
      </trkpt>
      <trkpt lat="44.17348" lon="5.21791">
        <ele>1115.3</ele>
      </trkpt>
      <trkpt lat="44.17352" lon="5.21786">
        <ele>1115.1</ele>
      </trkpt>
      <trkpt lat="44.17359" lon="5.21774">
        <ele>1114.4</ele>
      </trkpt>
      <trkpt lat="44.17368" lon="5.2176">
        <ele>1113.8</ele>
      </trkpt>
      <trkpt lat="44.17373" lon="5.2175">
        <ele>1113.2</ele>
      </trkpt>
      <trkpt lat="44.17375" lon="5.21748">
        <ele>1113.3</ele>
      </trkpt>
      <trkpt lat="44.173789" lon="5.21741">
        <ele>1113.2</ele>
      </trkpt>
      <trkpt lat="44.17383" lon="5.2173">
        <ele>1112.7</ele>
      </trkpt>
      <trkpt lat="44.17385" lon="5.21723">
        <ele>1112.4</ele>
      </trkpt>
      <trkpt lat="44.17385" lon="5.21719">
        <ele>1112.0</ele>
      </trkpt>
      <trkpt lat="44.17386" lon="5.21711">
        <ele>1111.4</ele>
      </trkpt>
      <trkpt lat="44.17386" lon="5.21705">
        <ele>1110.8</ele>
      </trkpt>
      <trkpt lat="44.17386" lon="5.21701">
        <ele>1110.4</ele>
      </trkpt>
      <trkpt lat="44.17385" lon="5.21695">
        <ele>1109.6</ele>
      </trkpt>
      <trkpt lat="44.17385" lon="5.21689">
        <ele>1109.0</ele>
      </trkpt>
      <trkpt lat="44.17384" lon="5.21687">
        <ele>1108.6</ele>
      </trkpt>
      <trkpt lat="44.17381" lon="5.21671">
        <ele>1106.3</ele>
      </trkpt>
      <trkpt lat="44.17378" lon="5.21663">
        <ele>1105.0</ele>
      </trkpt>
      <trkpt lat="44.17374" lon="5.21647">
        <ele>1103.2</ele>
      </trkpt>
      <trkpt lat="44.17356" lon="5.21588">
        <ele>1096.1</ele>
      </trkpt>
      <trkpt lat="44.17333" lon="5.21513">
        <ele>1090.9</ele>
      </trkpt>
      <trkpt lat="44.173229" lon="5.21478">
        <ele>1087.2</ele>
      </trkpt>
      <trkpt lat="44.17312" lon="5.21443">
        <ele>1083.2</ele>
      </trkpt>
      <trkpt lat="44.17296" lon="5.21383">
        <ele>1077.3</ele>
      </trkpt>
      <trkpt lat="44.17288" lon="5.21351">
        <ele>1074.3</ele>
      </trkpt>
      <trkpt lat="44.17274" lon="5.213">
        <ele>1068.2</ele>
      </trkpt>
      <trkpt lat="44.17272" lon="5.2129">
        <ele>1067.2</ele>
      </trkpt>
      <trkpt lat="44.17269" lon="5.21278">
        <ele>1065.9</ele>
      </trkpt>
      <trkpt lat="44.17263" lon="5.212519">
        <ele>1063.5</ele>
      </trkpt>
      <trkpt lat="44.17258" lon="5.21227">
        <ele>1060.9</ele>
      </trkpt>
      <trkpt lat="44.17255" lon="5.21204">
        <ele>1059.2</ele>
      </trkpt>
      <trkpt lat="44.17254" lon="5.211839">
        <ele>1058.2</ele>
      </trkpt>
      <trkpt lat="44.17253" lon="5.21164">
        <ele>1057.1</ele>
      </trkpt>
      <trkpt lat="44.17252" lon="5.21142">
        <ele>1055.6</ele>
      </trkpt>
      <trkpt lat="44.1725" lon="5.2112">
        <ele>1054.2</ele>
      </trkpt>
      <trkpt lat="44.17248" lon="5.21103">
        <ele>1052.4</ele>
      </trkpt>
      <trkpt lat="44.17245" lon="5.21085">
        <ele>1050.1</ele>
      </trkpt>
      <trkpt lat="44.172379" lon="5.21049">
        <ele>1046.1</ele>
      </trkpt>
      <trkpt lat="44.172379" lon="5.21045">
        <ele>1045.9</ele>
      </trkpt>
      <trkpt lat="44.17233" lon="5.21021">
        <ele>1043.2</ele>
      </trkpt>
      <trkpt lat="44.17231" lon="5.21009">
        <ele>1042.0</ele>
      </trkpt>
      <trkpt lat="44.17223" lon="5.2097">
        <ele>1035.2</ele>
      </trkpt>
      <trkpt lat="44.172199" lon="5.20948">
        <ele>1031.9</ele>
      </trkpt>
      <trkpt lat="44.17216" lon="5.20919">
        <ele>1027.9</ele>
      </trkpt>
      <trkpt lat="44.17205" lon="5.20867">
        <ele>1020.1</ele>
      </trkpt>
      <trkpt lat="44.172" lon="5.20844">
        <ele>1017.6</ele>
      </trkpt>
      <trkpt lat="44.17194" lon="5.20819">
        <ele>1016.2</ele>
      </trkpt>
      <trkpt lat="44.171819" lon="5.20772">
        <ele>1015.6</ele>
      </trkpt>
      <trkpt lat="44.1718" lon="5.207639">
        <ele>1015.6</ele>
      </trkpt>
      <trkpt lat="44.1717" lon="5.20729">
        <ele>1016.0</ele>
      </trkpt>
      <trkpt lat="44.17157" lon="5.20687">
        <ele>1011.8</ele>
      </trkpt>
      <trkpt lat="44.17155" lon="5.20679">
        <ele>1010.9</ele>
      </trkpt>
      <trkpt lat="44.17147" lon="5.20656">
        <ele>1007.3</ele>
      </trkpt>
      <trkpt lat="44.17139" lon="5.20629">
        <ele>1003.7</ele>
      </trkpt>
      <trkpt lat="44.1713" lon="5.20604">
        <ele>1000.5</ele>
      </trkpt>
      <trkpt lat="44.17125" lon="5.20594">
        <ele>999.1</ele>
      </trkpt>
      <trkpt lat="44.17119" lon="5.20577">
        <ele>997.3</ele>
      </trkpt>
      <trkpt lat="44.1711" lon="5.20557">
        <ele>995.0</ele>
      </trkpt>
      <trkpt lat="44.17101" lon="5.20538">
        <ele>993.6</ele>
      </trkpt>
      <trkpt lat="44.17092" lon="5.20521">
        <ele>992.8</ele>
      </trkpt>
      <trkpt lat="44.17083" lon="5.20507">
        <ele>992.5</ele>
      </trkpt>
      <trkpt lat="44.17083" lon="5.205059">
        <ele>992.6</ele>
      </trkpt>
      <trkpt lat="44.17078" lon="5.20496">
        <ele>991.1</ele>
      </trkpt>
      <trkpt lat="44.17074" lon="5.20488">
        <ele>989.7</ele>
      </trkpt>
      <trkpt lat="44.17071" lon="5.2048">
        <ele>988.7</ele>
      </trkpt>
      <trkpt lat="44.17067" lon="5.20469">
        <ele>987.5</ele>
      </trkpt>
      <trkpt lat="44.17063" lon="5.20451">
        <ele>986.3</ele>
      </trkpt>
      <trkpt lat="44.17062" lon="5.20442">
        <ele>986.1</ele>
      </trkpt>
      <trkpt lat="44.17061" lon="5.204379">
        <ele>985.9</ele>
      </trkpt>
      <trkpt lat="44.17061" lon="5.20433">
        <ele>985.9</ele>
      </trkpt>
      <trkpt lat="44.1706" lon="5.20425">
        <ele>985.7</ele>
      </trkpt>
      <trkpt lat="44.17061" lon="5.20414">
        <ele>986.0</ele>
      </trkpt>
      <trkpt lat="44.17061" lon="5.20403">
        <ele>985.5</ele>
      </trkpt>
      <trkpt lat="44.17062" lon="5.20396">
        <ele>985.4</ele>
      </trkpt>
      <trkpt lat="44.17064" lon="5.20389">
        <ele>985.5</ele>
      </trkpt>
      <trkpt lat="44.17065" lon="5.20381">
        <ele>985.4</ele>
      </trkpt>
      <trkpt lat="44.17067" lon="5.20373">
        <ele>985.5</ele>
      </trkpt>
      <trkpt lat="44.17072" lon="5.20358">
        <ele>985.9</ele>
      </trkpt>
      <trkpt lat="44.17075" lon="5.20347">
        <ele>986.0</ele>
      </trkpt>
      <trkpt lat="44.1708" lon="5.20332">
        <ele>986.1</ele>
      </trkpt>
      <trkpt lat="44.1709" lon="5.203">
        <ele>979.8</ele>
      </trkpt>
      <trkpt lat="44.17091" lon="5.20289">
        <ele>977.7</ele>
      </trkpt>
      <trkpt lat="44.17095" lon="5.20271">
        <ele>973.0</ele>
      </trkpt>
      <trkpt lat="44.17096" lon="5.2025">
        <ele>969.2</ele>
      </trkpt>
      <trkpt lat="44.17096" lon="5.20235">
        <ele>967.3</ele>
      </trkpt>
      <trkpt lat="44.17096" lon="5.20228">
        <ele>966.4</ele>
      </trkpt>
      <trkpt lat="44.17095" lon="5.20226">
        <ele>966.7</ele>
      </trkpt>
      <trkpt lat="44.17094" lon="5.20219">
        <ele>966.5</ele>
      </trkpt>
      <trkpt lat="44.17092" lon="5.20212">
        <ele>966.8</ele>
      </trkpt>
      <trkpt lat="44.170879" lon="5.20203">
        <ele>968.1</ele>
      </trkpt>
      <trkpt lat="44.17087" lon="5.202009">
        <ele>968.5</ele>
      </trkpt>
      <trkpt lat="44.17082" lon="5.2019">
        <ele>969.5</ele>
      </trkpt>
      <trkpt lat="44.17078" lon="5.20183">
        <ele>968.7</ele>
      </trkpt>
      <trkpt lat="44.17075" lon="5.20177">
        <ele>968.1</ele>
      </trkpt>
      <trkpt lat="44.17069" lon="5.20169">
        <ele>967.4</ele>
      </trkpt>
      <trkpt lat="44.17063" lon="5.201609">
        <ele>967.0</ele>
      </trkpt>
      <trkpt lat="44.17062" lon="5.2016">
        <ele>967.0</ele>
      </trkpt>
      <trkpt lat="44.17046" lon="5.20148">
        <ele>967.2</ele>
      </trkpt>
      <trkpt lat="44.17035" lon="5.20142">
        <ele>967.7</ele>
      </trkpt>
      <trkpt lat="44.17024" lon="5.20136">
        <ele>968.5</ele>
      </trkpt>
      <trkpt lat="44.17014" lon="5.20131">
        <ele>969.5</ele>
      </trkpt>
      <trkpt lat="44.17004" lon="5.20127">
        <ele>970.5</ele>
      </trkpt>
      <trkpt lat="44.16997" lon="5.20124">
        <ele>970.5</ele>
      </trkpt>
      <trkpt lat="44.16988" lon="5.20121">
        <ele>969.0</ele>
      </trkpt>
      <trkpt lat="44.16974" lon="5.20115">
        <ele>966.9</ele>
      </trkpt>
      <trkpt lat="44.16957" lon="5.20105">
        <ele>964.7</ele>
      </trkpt>
      <trkpt lat="44.16946" lon="5.20097">
        <ele>963.5</ele>
      </trkpt>
      <trkpt lat="44.16943" lon="5.20095">
        <ele>963.2</ele>
      </trkpt>
      <trkpt lat="44.16937" lon="5.20088">
        <ele>962.9</ele>
      </trkpt>
      <trkpt lat="44.1693" lon="5.20081">
        <ele>962.4</ele>
      </trkpt>
      <trkpt lat="44.16921" lon="5.20069">
        <ele>961.8</ele>
      </trkpt>
      <trkpt lat="44.16918" lon="5.20066">
        <ele>961.5</ele>
      </trkpt>
      <trkpt lat="44.16912" lon="5.20058">
        <ele>960.4</ele>
      </trkpt>
      <trkpt lat="44.16904" lon="5.20045">
        <ele>958.9</ele>
      </trkpt>
      <trkpt lat="44.16898" lon="5.20035">
        <ele>957.8</ele>
      </trkpt>
      <trkpt lat="44.168909" lon="5.20021">
        <ele>956.9</ele>
      </trkpt>
      <trkpt lat="44.16884" lon="5.20008">
        <ele>955.9</ele>
      </trkpt>
      <trkpt lat="44.1688" lon="5.19998">
        <ele>955.4</ele>
      </trkpt>
      <trkpt lat="44.16875" lon="5.19986">
        <ele>953.8</ele>
      </trkpt>
      <trkpt lat="44.16869" lon="5.1997">
        <ele>952.0</ele>
      </trkpt>
      <trkpt lat="44.16864" lon="5.19947">
        <ele>950.4</ele>
      </trkpt>
      <trkpt lat="44.16863" lon="5.19939">
        <ele>950.0</ele>
      </trkpt>
      <trkpt lat="44.16863" lon="5.19935">
        <ele>950.0</ele>
      </trkpt>
      <trkpt lat="44.16862" lon="5.19925">
        <ele>949.6</ele>
      </trkpt>
      <trkpt lat="44.16861" lon="5.19916">
        <ele>949.2</ele>
      </trkpt>
      <trkpt lat="44.16861" lon="5.19914">
        <ele>949.0</ele>
      </trkpt>
      <trkpt lat="44.1686" lon="5.19908">
        <ele>948.0</ele>
      </trkpt>
      <trkpt lat="44.16861" lon="5.1989">
        <ele>946.2</ele>
      </trkpt>
      <trkpt lat="44.16863" lon="5.19878">
        <ele>945.3</ele>
      </trkpt>
      <trkpt lat="44.16866" lon="5.19868">
        <ele>944.8</ele>
      </trkpt>
      <trkpt lat="44.16868" lon="5.19861">
        <ele>944.4</ele>
      </trkpt>
      <trkpt lat="44.16872" lon="5.19852">
        <ele>944.2</ele>
      </trkpt>
      <trkpt lat="44.16876" lon="5.19844">
        <ele>944.1</ele>
      </trkpt>
      <trkpt lat="44.16877" lon="5.19843">
        <ele>944.1</ele>
      </trkpt>
      <trkpt lat="44.16884" lon="5.19831">
        <ele>944.0</ele>
      </trkpt>
      <trkpt lat="44.16894" lon="5.19814">
        <ele>943.3</ele>
      </trkpt>
      <trkpt lat="44.1691" lon="5.19791">
        <ele>942.7</ele>
      </trkpt>
      <trkpt lat="44.16922" lon="5.19772">
        <ele>941.0</ele>
      </trkpt>
      <trkpt lat="44.16942" lon="5.19741">
        <ele>936.7</ele>
      </trkpt>
      <trkpt lat="44.16952" lon="5.19724">
        <ele>934.6</ele>
      </trkpt>
      <trkpt lat="44.16964" lon="5.19704">
        <ele>932.0</ele>
      </trkpt>
      <trkpt lat="44.16968" lon="5.19697">
        <ele>931.1</ele>
      </trkpt>
      <trkpt lat="44.16974" lon="5.19682">
        <ele>929.0</ele>
      </trkpt>
      <trkpt lat="44.16977" lon="5.19671">
        <ele>927.4</ele>
      </trkpt>
      <trkpt lat="44.16978" lon="5.19663">
        <ele>926.4</ele>
      </trkpt>
      <trkpt lat="44.16978" lon="5.19651">
        <ele>925.2</ele>
      </trkpt>
      <trkpt lat="44.169759" lon="5.196449">
        <ele>924.7</ele>
      </trkpt>
      <trkpt lat="44.16973" lon="5.19634">
        <ele>923.8</ele>
      </trkpt>
      <trkpt lat="44.16968" lon="5.19627">
        <ele>923.4</ele>
      </trkpt>
      <trkpt lat="44.16961" lon="5.19618">
        <ele>923.1</ele>
      </trkpt>
      <trkpt lat="44.169469" lon="5.19602">
        <ele>923.3</ele>
      </trkpt>
      <trkpt lat="44.169289" lon="5.19589">
        <ele>924.6</ele>
      </trkpt>
      <trkpt lat="44.169199" lon="5.19582">
        <ele>925.8</ele>
      </trkpt>
      <trkpt lat="44.16906" lon="5.19574">
        <ele>926.1</ele>
      </trkpt>
      <trkpt lat="44.16883" lon="5.19562">
        <ele>925.2</ele>
      </trkpt>
      <trkpt lat="44.16856" lon="5.1955">
        <ele>924.1</ele>
      </trkpt>
      <trkpt lat="44.16834" lon="5.19541">
        <ele>923.2</ele>
      </trkpt>
      <trkpt lat="44.16786" lon="5.195229">
        <ele>918.6</ele>
      </trkpt>
      <trkpt lat="44.16749" lon="5.19507">
        <ele>917.7</ele>
      </trkpt>
      <trkpt lat="44.16733" lon="5.19499">
        <ele>918.5</ele>
      </trkpt>
      <trkpt lat="44.16719" lon="5.19493">
        <ele>917.6</ele>
      </trkpt>
      <trkpt lat="44.16696" lon="5.19481">
        <ele>916.1</ele>
      </trkpt>
      <trkpt lat="44.16684" lon="5.19475">
        <ele>915.0</ele>
      </trkpt>
      <trkpt lat="44.16675" lon="5.1947">
        <ele>914.1</ele>
      </trkpt>
      <trkpt lat="44.16673" lon="5.19468">
        <ele>914.0</ele>
      </trkpt>
      <trkpt lat="44.16669" lon="5.19465">
        <ele>913.6</ele>
      </trkpt>
      <trkpt lat="44.16664" lon="5.19461">
        <ele>912.9</ele>
      </trkpt>
      <trkpt lat="44.1666" lon="5.194549">
        <ele>912.3</ele>
      </trkpt>
      <trkpt lat="44.166559" lon="5.1945">
        <ele>911.7</ele>
      </trkpt>
      <trkpt lat="44.16652" lon="5.19443">
        <ele>911.0</ele>
      </trkpt>
      <trkpt lat="44.166469" lon="5.1943">
        <ele>910.1</ele>
      </trkpt>
      <trkpt lat="44.16646" lon="5.19423">
        <ele>910.0</ele>
      </trkpt>
      <trkpt lat="44.16646" lon="5.1941">
        <ele>909.4</ele>
      </trkpt>
      <trkpt lat="44.16648" lon="5.19391">
        <ele>908.0</ele>
      </trkpt>
      <trkpt lat="44.16651" lon="5.1938">
        <ele>907.8</ele>
      </trkpt>
      <trkpt lat="44.16655" lon="5.19369">
        <ele>907.8</ele>
      </trkpt>
      <trkpt lat="44.16663" lon="5.19349">
        <ele>908.3</ele>
      </trkpt>
      <trkpt lat="44.16671" lon="5.19329">
        <ele>908.2</ele>
      </trkpt>
      <trkpt lat="44.1668" lon="5.19307">
        <ele>905.9</ele>
      </trkpt>
      <trkpt lat="44.16701" lon="5.19252">
        <ele>900.5</ele>
      </trkpt>
      <trkpt lat="44.16705" lon="5.19241">
        <ele>898.6</ele>
      </trkpt>
      <trkpt lat="44.16714" lon="5.192249">
        <ele>896.4</ele>
      </trkpt>
      <trkpt lat="44.16725" lon="5.19213">
        <ele>895.9</ele>
      </trkpt>
      <trkpt lat="44.16739" lon="5.19202">
        <ele>896.4</ele>
      </trkpt>
      <trkpt lat="44.16753" lon="5.19195">
        <ele>897.4</ele>
      </trkpt>
      <trkpt lat="44.1677" lon="5.19188">
        <ele>896.5</ele>
      </trkpt>
      <trkpt lat="44.16787" lon="5.19183">
        <ele>896.1</ele>
      </trkpt>
      <trkpt lat="44.16805" lon="5.19181">
        <ele>896.7</ele>
      </trkpt>
      <trkpt lat="44.16809" lon="5.1918">
        <ele>896.6</ele>
      </trkpt>
      <trkpt lat="44.16827" lon="5.19176">
        <ele>896.5</ele>
      </trkpt>
      <trkpt lat="44.16837" lon="5.19173">
        <ele>896.0</ele>
      </trkpt>
      <trkpt lat="44.16854" lon="5.19168">
        <ele>894.9</ele>
      </trkpt>
      <trkpt lat="44.16868" lon="5.19162">
        <ele>893.8</ele>
      </trkpt>
      <trkpt lat="44.168819" lon="5.19155">
        <ele>892.8</ele>
      </trkpt>
      <trkpt lat="44.16892" lon="5.19149">
        <ele>892.2</ele>
      </trkpt>
      <trkpt lat="44.16901" lon="5.19144">
        <ele>891.8</ele>
      </trkpt>
      <trkpt lat="44.16909" lon="5.19138">
        <ele>891.3</ele>
      </trkpt>
      <trkpt lat="44.16916" lon="5.19133">
        <ele>891.1</ele>
      </trkpt>
      <trkpt lat="44.16923" lon="5.19126">
        <ele>888.6</ele>
      </trkpt>
      <trkpt lat="44.16927" lon="5.1912">
        <ele>886.8</ele>
      </trkpt>
      <trkpt lat="44.16931" lon="5.19115">
        <ele>885.1</ele>
      </trkpt>
      <trkpt lat="44.16934" lon="5.19109">
        <ele>883.5</ele>
      </trkpt>
      <trkpt lat="44.16935" lon="5.19105">
        <ele>882.8</ele>
      </trkpt>
      <trkpt lat="44.16936" lon="5.19101">
        <ele>882.0</ele>
      </trkpt>
      <trkpt lat="44.16936" lon="5.19098">
        <ele>881.6</ele>
      </trkpt>
      <trkpt lat="44.16937" lon="5.19091">
        <ele>880.4</ele>
      </trkpt>
      <trkpt lat="44.169379" lon="5.19086">
        <ele>879.5</ele>
      </trkpt>
      <trkpt lat="44.16937" lon="5.19081">
        <ele>879.4</ele>
      </trkpt>
      <trkpt lat="44.16936" lon="5.19076">
        <ele>879.7</ele>
      </trkpt>
      <trkpt lat="44.16933" lon="5.19071">
        <ele>880.4</ele>
      </trkpt>
      <trkpt lat="44.1693" lon="5.19065">
        <ele>881.2</ele>
      </trkpt>
      <trkpt lat="44.16926" lon="5.1906">
        <ele>882.3</ele>
      </trkpt>
      <trkpt lat="44.16895" lon="5.19022">
        <ele>881.7</ele>
      </trkpt>
      <trkpt lat="44.16863" lon="5.18989">
        <ele>877.1</ele>
      </trkpt>
      <trkpt lat="44.16852" lon="5.18978">
        <ele>876.0</ele>
      </trkpt>
      <trkpt lat="44.16839" lon="5.18962">
        <ele>875.1</ele>
      </trkpt>
      <trkpt lat="44.16837" lon="5.18958">
        <ele>875.1</ele>
      </trkpt>
      <trkpt lat="44.1683" lon="5.1895">
        <ele>874.2</ele>
      </trkpt>
      <trkpt lat="44.16825" lon="5.1894">
        <ele>873.4</ele>
      </trkpt>
      <trkpt lat="44.16823" lon="5.18938">
        <ele>873.0</ele>
      </trkpt>
      <trkpt lat="44.16819" lon="5.18929">
        <ele>872.5</ele>
      </trkpt>
      <trkpt lat="44.16817" lon="5.18921">
        <ele>872.5</ele>
      </trkpt>
      <trkpt lat="44.16817" lon="5.18918">
        <ele>872.8</ele>
      </trkpt>
      <trkpt lat="44.16817" lon="5.18905">
        <ele>871.7</ele>
      </trkpt>
      <trkpt lat="44.16818" lon="5.18893">
        <ele>870.7</ele>
      </trkpt>
      <trkpt lat="44.16819" lon="5.18887">
        <ele>870.3</ele>
      </trkpt>
      <trkpt lat="44.16824" lon="5.1887">
        <ele>869.9</ele>
      </trkpt>
      <trkpt lat="44.16827" lon="5.18863">
        <ele>869.9</ele>
      </trkpt>
      <trkpt lat="44.16833" lon="5.18849">
        <ele>869.8</ele>
      </trkpt>
      <trkpt lat="44.16846" lon="5.18823">
        <ele>867.7</ele>
      </trkpt>
      <trkpt lat="44.16849" lon="5.18816">
        <ele>866.8</ele>
      </trkpt>
      <trkpt lat="44.16854" lon="5.18807">
        <ele>865.9</ele>
      </trkpt>
      <trkpt lat="44.16864" lon="5.18786">
        <ele>863.6</ele>
      </trkpt>
      <trkpt lat="44.16871" lon="5.18772">
        <ele>862.1</ele>
      </trkpt>
      <trkpt lat="44.16883" lon="5.187439">
        <ele>859.5</ele>
      </trkpt>
      <trkpt lat="44.16888" lon="5.18732">
        <ele>859.3</ele>
      </trkpt>
      <trkpt lat="44.16892" lon="5.18724">
        <ele>859.2</ele>
      </trkpt>
      <trkpt lat="44.16894" lon="5.18717">
        <ele>858.9</ele>
      </trkpt>
      <trkpt lat="44.16895" lon="5.18711">
        <ele>858.6</ele>
      </trkpt>
      <trkpt lat="44.16897" lon="5.18702">
        <ele>858.2</ele>
      </trkpt>
      <trkpt lat="44.16898" lon="5.18693">
        <ele>857.7</ele>
      </trkpt>
      <trkpt lat="44.16897" lon="5.18679">
        <ele>856.5</ele>
      </trkpt>
      <trkpt lat="44.16895" lon="5.18667">
        <ele>855.4</ele>
      </trkpt>
      <trkpt lat="44.16892" lon="5.18656">
        <ele>855.4</ele>
      </trkpt>
      <trkpt lat="44.16888" lon="5.18647">
        <ele>855.4</ele>
      </trkpt>
      <trkpt lat="44.16879" lon="5.18632">
        <ele>855.1</ele>
      </trkpt>
      <trkpt lat="44.16865" lon="5.1861">
        <ele>854.8</ele>
      </trkpt>
      <trkpt lat="44.168529" lon="5.18594">
        <ele>854.8</ele>
      </trkpt>
      <trkpt lat="44.16848" lon="5.18586">
        <ele>854.9</ele>
      </trkpt>
      <trkpt lat="44.16841" lon="5.18576">
        <ele>854.8</ele>
      </trkpt>
      <trkpt lat="44.168349" lon="5.18566">
        <ele>854.9</ele>
      </trkpt>
      <trkpt lat="44.1683" lon="5.18558">
        <ele>854.2</ele>
      </trkpt>
      <trkpt lat="44.16827" lon="5.1855">
        <ele>853.7</ele>
      </trkpt>
      <trkpt lat="44.16824" lon="5.185399">
        <ele>853.2</ele>
      </trkpt>
      <trkpt lat="44.16815" lon="5.18501">
        <ele>851.8</ele>
      </trkpt>
      <trkpt lat="44.16808" lon="5.18466">
        <ele>849.9</ele>
      </trkpt>
      <trkpt lat="44.16804" lon="5.18444">
        <ele>848.8</ele>
      </trkpt>
      <trkpt lat="44.16801" lon="5.184249">
        <ele>848.0</ele>
      </trkpt>
      <trkpt lat="44.16799" lon="5.18409">
        <ele>847.6</ele>
      </trkpt>
      <trkpt lat="44.167969" lon="5.18397">
        <ele>847.1</ele>
      </trkpt>
      <trkpt lat="44.16796" lon="5.18388">
        <ele>846.9</ele>
      </trkpt>
      <trkpt lat="44.16795" lon="5.183849">
        <ele>846.6</ele>
      </trkpt>
      <trkpt lat="44.16786" lon="5.18331">
        <ele>844.9</ele>
      </trkpt>
      <trkpt lat="44.16782" lon="5.18315">
        <ele>843.8</ele>
      </trkpt>
      <trkpt lat="44.1678" lon="5.18307">
        <ele>843.3</ele>
      </trkpt>
      <trkpt lat="44.16776" lon="5.18292">
        <ele>842.5</ele>
      </trkpt>
      <trkpt lat="44.16767" lon="5.18264">
        <ele>841.2</ele>
      </trkpt>
      <trkpt lat="44.16765" lon="5.18258">
        <ele>841.0</ele>
      </trkpt>
      <trkpt lat="44.16751" lon="5.18223">
        <ele>840.1</ele>
      </trkpt>
      <trkpt lat="44.16742" lon="5.18198">
        <ele>840.4</ele>
      </trkpt>
      <trkpt lat="44.167319" lon="5.18178">
        <ele>840.6</ele>
      </trkpt>
      <trkpt lat="44.16708" lon="5.18122">
        <ele>839.7</ele>
      </trkpt>
      <trkpt lat="44.16706" lon="5.18118">
        <ele>839.6</ele>
      </trkpt>
      <trkpt lat="44.167" lon="5.18104">
        <ele>839.1</ele>
      </trkpt>
      <trkpt lat="44.16689" lon="5.18078">
        <ele>838.0</ele>
      </trkpt>
      <trkpt lat="44.16688" lon="5.18075">
        <ele>837.7</ele>
      </trkpt>
      <trkpt lat="44.16684" lon="5.18063">
        <ele>836.6</ele>
      </trkpt>
      <trkpt lat="44.16679" lon="5.18045">
        <ele>835.0</ele>
      </trkpt>
      <trkpt lat="44.16677" lon="5.18035">
        <ele>834.2</ele>
      </trkpt>
      <trkpt lat="44.166759" lon="5.18022">
        <ele>833.2</ele>
      </trkpt>
      <trkpt lat="44.16677" lon="5.18">
        <ele>831.7</ele>
      </trkpt>
      <trkpt lat="44.1668" lon="5.17978">
        <ele>831.3</ele>
      </trkpt>
      <trkpt lat="44.16692" lon="5.17918">
        <ele>829.7</ele>
      </trkpt>
      <trkpt lat="44.166939" lon="5.17906">
        <ele>829.0</ele>
      </trkpt>
      <trkpt lat="44.16698" lon="5.17881">
        <ele>827.3</ele>
      </trkpt>
      <trkpt lat="44.16699" lon="5.178759">
        <ele>826.9</ele>
      </trkpt>
      <trkpt lat="44.16706" lon="5.1785">
        <ele>824.6</ele>
      </trkpt>
      <trkpt lat="44.16711" lon="5.17836">
        <ele>823.0</ele>
      </trkpt>
      <trkpt lat="44.16726" lon="5.17802">
        <ele>818.5</ele>
      </trkpt>
      <trkpt lat="44.1673" lon="5.17792">
        <ele>817.0</ele>
      </trkpt>
      <trkpt lat="44.167409" lon="5.17767">
        <ele>812.7</ele>
      </trkpt>
      <trkpt lat="44.16746" lon="5.17753">
        <ele>810.2</ele>
      </trkpt>
      <trkpt lat="44.16749" lon="5.17739">
        <ele>808.1</ele>
      </trkpt>
      <trkpt lat="44.16753" lon="5.17723">
        <ele>805.6</ele>
      </trkpt>
      <trkpt lat="44.16755" lon="5.17703">
        <ele>803.2</ele>
      </trkpt>
      <trkpt lat="44.16755" lon="5.17699">
        <ele>802.8</ele>
      </trkpt>
      <trkpt lat="44.16756" lon="5.17678">
        <ele>800.5</ele>
      </trkpt>
      <trkpt lat="44.16755" lon="5.17663">
        <ele>799.4</ele>
      </trkpt>
      <trkpt lat="44.16754" lon="5.17655">
        <ele>799.0</ele>
      </trkpt>
      <trkpt lat="44.16753" lon="5.1765">
        <ele>798.8</ele>
      </trkpt>
      <trkpt lat="44.16748" lon="5.17626">
        <ele>797.8</ele>
      </trkpt>
      <trkpt lat="44.167409" lon="5.17606">
        <ele>796.9</ele>
      </trkpt>
      <trkpt lat="44.167319" lon="5.17577">
        <ele>795.1</ele>
      </trkpt>
      <trkpt lat="44.16727" lon="5.17559">
        <ele>794.4</ele>
      </trkpt>
      <trkpt lat="44.16725" lon="5.17548">
        <ele>793.8</ele>
      </trkpt>
      <trkpt lat="44.16723" lon="5.17538">
        <ele>793.2</ele>
      </trkpt>
      <trkpt lat="44.16722" lon="5.17515">
        <ele>791.7</ele>
      </trkpt>
      <trkpt lat="44.1672" lon="5.17482">
        <ele>789.4</ele>
      </trkpt>
      <trkpt lat="44.16715" lon="5.17407">
        <ele>783.7</ele>
      </trkpt>
      <trkpt lat="44.16716" lon="5.17352">
        <ele>777.8</ele>
      </trkpt>
      <trkpt lat="44.16717" lon="5.17275">
        <ele>772.5</ele>
      </trkpt>
      <trkpt lat="44.16717" lon="5.17189">
        <ele>767.7</ele>
      </trkpt>
      <trkpt lat="44.16717" lon="5.17153">
        <ele>765.8</ele>
      </trkpt>
      <trkpt lat="44.16719" lon="5.17126">
        <ele>764.6</ele>
      </trkpt>
      <trkpt lat="44.1672" lon="5.17111">
        <ele>764.0</ele>
      </trkpt>
      <trkpt lat="44.16723" lon="5.170759">
        <ele>762.9</ele>
      </trkpt>
      <trkpt lat="44.16724" lon="5.17061">
        <ele>762.8</ele>
      </trkpt>
      <trkpt lat="44.16725" lon="5.17051">
        <ele>762.8</ele>
      </trkpt>
      <trkpt lat="44.16726" lon="5.17037">
        <ele>762.8</ele>
      </trkpt>
      <trkpt lat="44.16727" lon="5.17035">
        <ele>762.9</ele>
      </trkpt>
      <trkpt lat="44.16727" lon="5.17023">
        <ele>762.8</ele>
      </trkpt>
      <trkpt lat="44.16729" lon="5.17002">
        <ele>763.0</ele>
      </trkpt>
      <trkpt lat="44.16728" lon="5.16984">
        <ele>763.1</ele>
      </trkpt>
      <trkpt lat="44.16727" lon="5.16965">
        <ele>763.3</ele>
      </trkpt>
      <trkpt lat="44.16723" lon="5.16942">
        <ele>762.9</ele>
      </trkpt>
      <trkpt lat="44.16719" lon="5.16925">
        <ele>762.2</ele>
      </trkpt>
      <trkpt lat="44.16712" lon="5.16899">
        <ele>761.9</ele>
      </trkpt>
      <trkpt lat="44.167029" lon="5.16871">
        <ele>761.5</ele>
      </trkpt>
      <trkpt lat="44.16696" lon="5.16851">
        <ele>761.0</ele>
      </trkpt>
      <trkpt lat="44.1669" lon="5.16837">
        <ele>760.4</ele>
      </trkpt>
      <trkpt lat="44.16687" lon="5.1683">
        <ele>760.1</ele>
      </trkpt>
      <trkpt lat="44.16683" lon="5.16822">
        <ele>759.6</ele>
      </trkpt>
      <trkpt lat="44.16679" lon="5.16813">
        <ele>759.2</ele>
      </trkpt>
      <trkpt lat="44.16673" lon="5.16802">
        <ele>758.4</ele>
      </trkpt>
      <trkpt lat="44.16659" lon="5.16776">
        <ele>757.2</ele>
      </trkpt>
      <trkpt lat="44.16651" lon="5.16761">
        <ele>756.4</ele>
      </trkpt>
      <trkpt lat="44.16635" lon="5.16722">
        <ele>754.1</ele>
      </trkpt>
      <trkpt lat="44.16628" lon="5.16699">
        <ele>752.6</ele>
      </trkpt>
      <trkpt lat="44.16622" lon="5.16674">
        <ele>751.1</ele>
      </trkpt>
      <trkpt lat="44.16619" lon="5.166559">
        <ele>750.4</ele>
      </trkpt>
      <trkpt lat="44.16614" lon="5.16635">
        <ele>749.2</ele>
      </trkpt>
      <trkpt lat="44.1661" lon="5.16612">
        <ele>748.4</ele>
      </trkpt>
      <trkpt lat="44.16606" lon="5.1659">
        <ele>747.5</ele>
      </trkpt>
      <trkpt lat="44.16601" lon="5.16539">
        <ele>744.4</ele>
      </trkpt>
      <trkpt lat="44.165999" lon="5.16528">
        <ele>743.7</ele>
      </trkpt>
      <trkpt lat="44.16599" lon="5.16506">
        <ele>742.7</ele>
      </trkpt>
      <trkpt lat="44.16598" lon="5.16503">
        <ele>742.3</ele>
      </trkpt>
      <trkpt lat="44.16597" lon="5.16486">
        <ele>741.6</ele>
      </trkpt>
      <trkpt lat="44.16596" lon="5.16478">
        <ele>741.1</ele>
      </trkpt>
      <trkpt lat="44.16595" lon="5.16472">
        <ele>740.7</ele>
      </trkpt>
      <trkpt lat="44.16593" lon="5.16453">
        <ele>739.7</ele>
      </trkpt>
      <trkpt lat="44.16589" lon="5.16423">
        <ele>738.2</ele>
      </trkpt>
      <trkpt lat="44.16587" lon="5.16406">
        <ele>738.1</ele>
      </trkpt>
      <trkpt lat="44.16584" lon="5.163909">
        <ele>738.0</ele>
      </trkpt>
      <trkpt lat="44.16581" lon="5.16375">
        <ele>738.0</ele>
      </trkpt>
      <trkpt lat="44.16576" lon="5.163579">
        <ele>737.6</ele>
      </trkpt>
      <trkpt lat="44.16565" lon="5.16329">
        <ele>736.2</ele>
      </trkpt>
      <trkpt lat="44.1656" lon="5.16316">
        <ele>735.6</ele>
      </trkpt>
      <trkpt lat="44.16558" lon="5.16313">
        <ele>735.3</ele>
      </trkpt>
      <trkpt lat="44.16551" lon="5.163">
        <ele>734.4</ele>
      </trkpt>
      <trkpt lat="44.16539" lon="5.16282">
        <ele>732.6</ele>
      </trkpt>
      <trkpt lat="44.16521" lon="5.16254">
        <ele>730.1</ele>
      </trkpt>
      <trkpt lat="44.165059" lon="5.16231">
        <ele>727.0</ele>
      </trkpt>
      <trkpt lat="44.165" lon="5.16216">
        <ele>725.6</ele>
      </trkpt>
      <trkpt lat="44.164969" lon="5.16206">
        <ele>725.1</ele>
      </trkpt>
      <trkpt lat="44.16494" lon="5.16195">
        <ele>724.5</ele>
      </trkpt>
      <trkpt lat="44.16491" lon="5.16184">
        <ele>723.8</ele>
      </trkpt>
      <trkpt lat="44.16489" lon="5.16169">
        <ele>723.0</ele>
      </trkpt>
      <trkpt lat="44.16483" lon="5.16128">
        <ele>720.0</ele>
      </trkpt>
      <trkpt lat="44.1648" lon="5.16111">
        <ele>718.5</ele>
      </trkpt>
      <trkpt lat="44.16479" lon="5.160999">
        <ele>717.8</ele>
      </trkpt>
      <trkpt lat="44.16473" lon="5.16071">
        <ele>715.4</ele>
      </trkpt>
      <trkpt lat="44.16468" lon="5.16056">
        <ele>714.2</ele>
      </trkpt>
      <trkpt lat="44.16464" lon="5.16041">
        <ele>713.4</ele>
      </trkpt>
      <trkpt lat="44.16456" lon="5.16023">
        <ele>711.9</ele>
      </trkpt>
      <trkpt lat="44.16448" lon="5.16004">
        <ele>710.8</ele>
      </trkpt>
      <trkpt lat="44.1644" lon="5.15989">
        <ele>709.1</ele>
      </trkpt>
      <trkpt lat="44.16433" lon="5.159779">
        <ele>707.8</ele>
      </trkpt>
      <trkpt lat="44.1643" lon="5.15972">
        <ele>707.3</ele>
      </trkpt>
      <trkpt lat="44.1643" lon="5.15972">
        <ele>707.3</ele>
      </trkpt>
      <trkpt lat="44.1642" lon="5.15958">
        <ele>706.2</ele>
      </trkpt>
      <trkpt lat="44.1641" lon="5.1595">
        <ele>705.6</ele>
      </trkpt>
      <trkpt lat="44.16405" lon="5.15947">
        <ele>705.4</ele>
      </trkpt>
      <trkpt lat="44.164029" lon="5.15946">
        <ele>705.3</ele>
      </trkpt>
      <trkpt lat="44.16395" lon="5.15942">
        <ele>704.9</ele>
      </trkpt>
      <trkpt lat="44.16387" lon="5.15939">
        <ele>704.6</ele>
      </trkpt>
      <trkpt lat="44.16376" lon="5.15938">
        <ele>704.2</ele>
      </trkpt>
      <trkpt lat="44.16348" lon="5.15935">
        <ele>703.1</ele>
      </trkpt>
      <trkpt lat="44.163379" lon="5.15933">
        <ele>702.8</ele>
      </trkpt>
      <trkpt lat="44.1633" lon="5.1593">
        <ele>702.6</ele>
      </trkpt>
      <trkpt lat="44.16311" lon="5.15918">
        <ele>702.0</ele>
      </trkpt>
      <trkpt lat="44.16278" lon="5.15892">
        <ele>701.0</ele>
      </trkpt>
      <trkpt lat="44.16263" lon="5.15879">
        <ele>701.0</ele>
      </trkpt>
      <trkpt lat="44.16257" lon="5.158699">
        <ele>701.3</ele>
      </trkpt>
      <trkpt lat="44.16252" lon="5.15861">
        <ele>701.8</ele>
      </trkpt>
      <trkpt lat="44.16249" lon="5.15852">
        <ele>702.1</ele>
      </trkpt>
      <trkpt lat="44.16248" lon="5.15844">
        <ele>702.5</ele>
      </trkpt>
      <trkpt lat="44.16247" lon="5.15831">
        <ele>703.0</ele>
      </trkpt>
      <trkpt lat="44.16242" lon="5.15778">
        <ele>699.9</ele>
      </trkpt>
      <trkpt lat="44.1624" lon="5.1574">
        <ele>698.7</ele>
      </trkpt>
      <trkpt lat="44.16239" lon="5.15732">
        <ele>698.6</ele>
      </trkpt>
      <trkpt lat="44.16236" lon="5.157">
        <ele>698.6</ele>
      </trkpt>
      <trkpt lat="44.16231" lon="5.15672">
        <ele>697.9</ele>
      </trkpt>
      <trkpt lat="44.16226" lon="5.15651">
        <ele>696.9</ele>
      </trkpt>
      <trkpt lat="44.16221" lon="5.15635">
        <ele>696.0</ele>
      </trkpt>
      <trkpt lat="44.16213" lon="5.15609">
        <ele>695.1</ele>
      </trkpt>
      <trkpt lat="44.16207" lon="5.15592">
        <ele>694.8</ele>
      </trkpt>
      <trkpt lat="44.16199" lon="5.15573">
        <ele>693.9</ele>
      </trkpt>
      <trkpt lat="44.16186" lon="5.15547">
        <ele>692.7</ele>
      </trkpt>
      <trkpt lat="44.16178" lon="5.15533">
        <ele>692.5</ele>
      </trkpt>
      <trkpt lat="44.16169" lon="5.15524">
        <ele>692.4</ele>
      </trkpt>
      <trkpt lat="44.16166" lon="5.1552">
        <ele>692.4</ele>
      </trkpt>
      <trkpt lat="44.16142" lon="5.15499">
        <ele>688.8</ele>
      </trkpt>
      <trkpt lat="44.16083" lon="5.15449">
        <ele>685.1</ele>
      </trkpt>
      <trkpt lat="44.16067" lon="5.154359">
        <ele>685.1</ele>
      </trkpt>
      <trkpt lat="44.16055" lon="5.15427">
        <ele>685.2</ele>
      </trkpt>
      <trkpt lat="44.16052" lon="5.15424">
        <ele>685.4</ele>
      </trkpt>
      <trkpt lat="44.16044" lon="5.15418">
        <ele>685.5</ele>
      </trkpt>
      <trkpt lat="44.16033" lon="5.15412">
        <ele>684.7</ele>
      </trkpt>
      <trkpt lat="44.16025" lon="5.1541">
        <ele>683.9</ele>
      </trkpt>
      <trkpt lat="44.16016" lon="5.15409">
        <ele>682.9</ele>
      </trkpt>
      <trkpt lat="44.16001" lon="5.15409">
        <ele>681.0</ele>
      </trkpt>
      <trkpt lat="44.159999" lon="5.15409">
        <ele>680.9</ele>
      </trkpt>
      <trkpt lat="44.15989" lon="5.15407">
        <ele>679.8</ele>
      </trkpt>
      <trkpt lat="44.15977" lon="5.15405">
        <ele>678.4</ele>
      </trkpt>
      <trkpt lat="44.15966" lon="5.15402">
        <ele>677.3</ele>
      </trkpt>
      <trkpt lat="44.15957" lon="5.154">
        <ele>676.3</ele>
      </trkpt>
      <trkpt lat="44.15951" lon="5.154">
        <ele>675.5</ele>
      </trkpt>
      <trkpt lat="44.159439" lon="5.154">
        <ele>674.6</ele>
      </trkpt>
      <trkpt lat="44.15938" lon="5.154">
        <ele>673.8</ele>
      </trkpt>
      <trkpt lat="44.15933" lon="5.154">
        <ele>673.2</ele>
      </trkpt>
      <trkpt lat="44.15928" lon="5.15402">
        <ele>672.4</ele>
      </trkpt>
      <trkpt lat="44.15905" lon="5.15408">
        <ele>669.0</ele>
      </trkpt>
      <trkpt lat="44.15894" lon="5.15409">
        <ele>667.6</ele>
      </trkpt>
      <trkpt lat="44.15893" lon="5.15408">
        <ele>667.5</ele>
      </trkpt>
      <trkpt lat="44.15888" lon="5.15408">
        <ele>666.9</ele>
      </trkpt>
      <trkpt lat="44.1588" lon="5.15405">
        <ele>666.0</ele>
      </trkpt>
      <trkpt lat="44.15876" lon="5.15402">
        <ele>665.6</ele>
      </trkpt>
      <trkpt lat="44.15866" lon="5.1539">
        <ele>664.5</ele>
      </trkpt>
      <trkpt lat="44.15861" lon="5.15381">
        <ele>664.0</ele>
      </trkpt>
      <trkpt lat="44.15852" lon="5.15362">
        <ele>663.0</ele>
      </trkpt>
      <trkpt lat="44.15848" lon="5.15352">
        <ele>662.4</ele>
      </trkpt>
      <trkpt lat="44.15845" lon="5.15345">
        <ele>662.0</ele>
      </trkpt>
      <trkpt lat="44.15839" lon="5.15332">
        <ele>661.1</ele>
      </trkpt>
      <trkpt lat="44.15834" lon="5.15325">
        <ele>660.4</ele>
      </trkpt>
      <trkpt lat="44.15828" lon="5.15318">
        <ele>660.0</ele>
      </trkpt>
      <trkpt lat="44.15799" lon="5.15282">
        <ele>657.3</ele>
      </trkpt>
      <trkpt lat="44.15783" lon="5.15262">
        <ele>655.2</ele>
      </trkpt>
      <trkpt lat="44.15772" lon="5.15242">
        <ele>653.3</ele>
      </trkpt>
      <trkpt lat="44.15759" lon="5.15218">
        <ele>650.8</ele>
      </trkpt>
      <trkpt lat="44.15759" lon="5.15217">
        <ele>650.7</ele>
      </trkpt>
      <trkpt lat="44.15752" lon="5.15195">
        <ele>649.0</ele>
      </trkpt>
      <trkpt lat="44.1574" lon="5.15158">
        <ele>646.9</ele>
      </trkpt>
      <trkpt lat="44.15732" lon="5.15132">
        <ele>645.0</ele>
      </trkpt>
      <trkpt lat="44.15723" lon="5.15098">
        <ele>642.3</ele>
      </trkpt>
      <trkpt lat="44.1572" lon="5.15067">
        <ele>640.1</ele>
      </trkpt>
      <trkpt lat="44.15722" lon="5.15045">
        <ele>639.2</ele>
      </trkpt>
      <trkpt lat="44.15725" lon="5.15021">
        <ele>638.2</ele>
      </trkpt>
      <trkpt lat="44.15726" lon="5.15003">
        <ele>637.3</ele>
      </trkpt>
      <trkpt lat="44.15726" lon="5.14994">
        <ele>636.7</ele>
      </trkpt>
      <trkpt lat="44.15723" lon="5.14971">
        <ele>634.6</ele>
      </trkpt>
      <trkpt lat="44.157179" lon="5.14943">
        <ele>631.8</ele>
      </trkpt>
      <trkpt lat="44.15708" lon="5.14911">
        <ele>628.0</ele>
      </trkpt>
      <trkpt lat="44.15693" lon="5.14881">
        <ele>624.0</ele>
      </trkpt>
      <trkpt lat="44.15668" lon="5.14843">
        <ele>619.6</ele>
      </trkpt>
      <trkpt lat="44.15643" lon="5.1482">
        <ele>614.2</ele>
      </trkpt>
      <trkpt lat="44.1563" lon="5.14809">
        <ele>611.7</ele>
      </trkpt>
      <trkpt lat="44.1561" lon="5.14792">
        <ele>608.5</ele>
      </trkpt>
      <trkpt lat="44.15599" lon="5.1478">
        <ele>607.2</ele>
      </trkpt>
      <trkpt lat="44.15596" lon="5.14776">
        <ele>606.9</ele>
      </trkpt>
      <trkpt lat="44.15595" lon="5.1477">
        <ele>606.8</ele>
      </trkpt>
      <trkpt lat="44.15594" lon="5.14766">
        <ele>606.7</ele>
      </trkpt>
      <trkpt lat="44.15593" lon="5.14762">
        <ele>606.6</ele>
      </trkpt>
      <trkpt lat="44.15593" lon="5.14759">
        <ele>606.6</ele>
      </trkpt>
      <trkpt lat="44.15593" lon="5.14756">
        <ele>606.6</ele>
      </trkpt>
      <trkpt lat="44.15593" lon="5.14754">
        <ele>606.6</ele>
      </trkpt>
      <trkpt lat="44.15594" lon="5.14752">
        <ele>606.6</ele>
      </trkpt>
      <trkpt lat="44.15599" lon="5.14742">
        <ele>605.9</ele>
      </trkpt>
      <trkpt lat="44.15613" lon="5.14736">
        <ele>605.7</ele>
      </trkpt>
      <trkpt lat="44.15627" lon="5.14731">
        <ele>605.4</ele>
      </trkpt>
      <trkpt lat="44.156799" lon="5.14713">
        <ele>600.7</ele>
      </trkpt>
      <trkpt lat="44.15688" lon="5.14712">
        <ele>599.3</ele>
      </trkpt>
      <trkpt lat="44.15698" lon="5.14711">
        <ele>597.6</ele>
      </trkpt>
      <trkpt lat="44.15704" lon="5.14712">
        <ele>597.0</ele>
      </trkpt>
      <trkpt lat="44.15706" lon="5.14712">
        <ele>596.8</ele>
      </trkpt>
      <trkpt lat="44.15723" lon="5.14715">
        <ele>595.1</ele>
      </trkpt>
      <trkpt lat="44.15747" lon="5.14725">
        <ele>594.5</ele>
      </trkpt>
      <trkpt lat="44.15773" lon="5.14738">
        <ele>592.8</ele>
      </trkpt>
      <trkpt lat="44.1578" lon="5.14741">
        <ele>592.1</ele>
      </trkpt>
      <trkpt lat="44.15791" lon="5.14745">
        <ele>590.8</ele>
      </trkpt>
      <trkpt lat="44.15796" lon="5.14748">
        <ele>590.5</ele>
      </trkpt>
      <trkpt lat="44.15818" lon="5.14753">
        <ele>587.2</ele>
      </trkpt>
      <trkpt lat="44.15838" lon="5.14756">
        <ele>583.6</ele>
      </trkpt>
      <trkpt lat="44.1586" lon="5.14764">
        <ele>580.6</ele>
      </trkpt>
      <trkpt lat="44.15874" lon="5.14771">
        <ele>578.9</ele>
      </trkpt>
      <trkpt lat="44.15884" lon="5.1478">
        <ele>578.6</ele>
      </trkpt>
      <trkpt lat="44.15892" lon="5.14789">
        <ele>578.5</ele>
      </trkpt>
      <trkpt lat="44.15894" lon="5.14792">
        <ele>578.7</ele>
      </trkpt>
      <trkpt lat="44.15901" lon="5.14807">
        <ele>580.1</ele>
      </trkpt>
      <trkpt lat="44.15902" lon="5.1481">
        <ele>580.5</ele>
      </trkpt>
      <trkpt lat="44.15911" lon="5.14837">
        <ele>583.5</ele>
      </trkpt>
      <trkpt lat="44.15918" lon="5.14858">
        <ele>585.5</ele>
      </trkpt>
      <trkpt lat="44.15921" lon="5.14865">
        <ele>586.2</ele>
      </trkpt>
      <trkpt lat="44.15925" lon="5.148729">
        <ele>586.9</ele>
      </trkpt>
      <trkpt lat="44.15927" lon="5.14878">
        <ele>587.4</ele>
      </trkpt>
      <trkpt lat="44.1593" lon="5.14882">
        <ele>587.5</ele>
      </trkpt>
      <trkpt lat="44.15935" lon="5.14886">
        <ele>587.2</ele>
      </trkpt>
      <trkpt lat="44.15954" lon="5.14901">
        <ele>586.0</ele>
      </trkpt>
      <trkpt lat="44.159709" lon="5.14914">
        <ele>584.8</ele>
      </trkpt>
      <trkpt lat="44.15975" lon="5.14916">
        <ele>584.3</ele>
      </trkpt>
      <trkpt lat="44.15979" lon="5.14918">
        <ele>583.8</ele>
      </trkpt>
      <trkpt lat="44.15981" lon="5.14918">
        <ele>583.4</ele>
      </trkpt>
      <trkpt lat="44.15984" lon="5.14917">
        <ele>582.5</ele>
      </trkpt>
      <trkpt lat="44.15987" lon="5.14917">
        <ele>581.9</ele>
      </trkpt>
      <trkpt lat="44.15989" lon="5.14915">
        <ele>581.1</ele>
      </trkpt>
      <trkpt lat="44.1599" lon="5.14915">
        <ele>580.9</ele>
      </trkpt>
      <trkpt lat="44.15991" lon="5.14913">
        <ele>580.3</ele>
      </trkpt>
      <trkpt lat="44.15993" lon="5.14911">
        <ele>579.5</ele>
      </trkpt>
      <trkpt lat="44.15994" lon="5.1491">
        <ele>579.1</ele>
      </trkpt>
      <trkpt lat="44.15995" lon="5.14908">
        <ele>578.5</ele>
      </trkpt>
      <trkpt lat="44.15997" lon="5.14903">
        <ele>577.2</ele>
      </trkpt>
      <trkpt lat="44.15998" lon="5.14899">
        <ele>576.2</ele>
      </trkpt>
      <trkpt lat="44.15999" lon="5.14891">
        <ele>574.6</ele>
      </trkpt>
      <trkpt lat="44.16002" lon="5.14874">
        <ele>571.7</ele>
      </trkpt>
      <trkpt lat="44.16004" lon="5.14849">
        <ele>567.5</ele>
      </trkpt>
      <trkpt lat="44.16007" lon="5.14829">
        <ele>564.3</ele>
      </trkpt>
      <trkpt lat="44.1601" lon="5.14809">
        <ele>561.0</ele>
      </trkpt>
      <trkpt lat="44.16013" lon="5.14797">
        <ele>559.1</ele>
      </trkpt>
      <trkpt lat="44.16014" lon="5.14793">
        <ele>558.4</ele>
      </trkpt>
      <trkpt lat="44.16016" lon="5.1479">
        <ele>558.1</ele>
      </trkpt>
      <trkpt lat="44.160179" lon="5.14785">
        <ele>557.4</ele>
      </trkpt>
      <trkpt lat="44.16019" lon="5.14784">
        <ele>557.3</ele>
      </trkpt>
      <trkpt lat="44.16023" lon="5.1478">
        <ele>556.9</ele>
      </trkpt>
      <trkpt lat="44.1603" lon="5.14775">
        <ele>556.7</ele>
      </trkpt>
      <trkpt lat="44.16034" lon="5.1477">
        <ele>556.0</ele>
      </trkpt>
      <trkpt lat="44.16038" lon="5.14767">
        <ele>555.8</ele>
      </trkpt>
      <trkpt lat="44.1604" lon="5.14764">
        <ele>555.4</ele>
      </trkpt>
      <trkpt lat="44.1604" lon="5.14763">
        <ele>555.2</ele>
      </trkpt>
      <trkpt lat="44.16043" lon="5.14757">
        <ele>554.1</ele>
      </trkpt>
      <trkpt lat="44.16045" lon="5.14752">
        <ele>553.2</ele>
      </trkpt>
      <trkpt lat="44.16049" lon="5.147369">
        <ele>550.3</ele>
      </trkpt>
      <trkpt lat="44.16057" lon="5.14706">
        <ele>544.3</ele>
      </trkpt>
      <trkpt lat="44.16059" lon="5.147">
        <ele>543.2</ele>
      </trkpt>
      <trkpt lat="44.16061" lon="5.14696">
        <ele>542.5</ele>
      </trkpt>
      <trkpt lat="44.160649" lon="5.14691">
        <ele>541.7</ele>
      </trkpt>
      <trkpt lat="44.16068" lon="5.14688">
        <ele>541.3</ele>
      </trkpt>
      <trkpt lat="44.16071" lon="5.14687">
        <ele>541.4</ele>
      </trkpt>
      <trkpt lat="44.160739" lon="5.14686">
        <ele>541.4</ele>
      </trkpt>
      <trkpt lat="44.16078" lon="5.14686">
        <ele>541.7</ele>
      </trkpt>
      <trkpt lat="44.16082" lon="5.14687">
        <ele>542.3</ele>
      </trkpt>
      <trkpt lat="44.16087" lon="5.14688">
        <ele>543.0</ele>
      </trkpt>
      <trkpt lat="44.161029" lon="5.146969">
        <ele>546.6</ele>
      </trkpt>
      <trkpt lat="44.16111" lon="5.14702">
        <ele>548.5</ele>
      </trkpt>
      <trkpt lat="44.16116" lon="5.14705">
        <ele>549.6</ele>
      </trkpt>
      <trkpt lat="44.16119" lon="5.14707">
        <ele>550.4</ele>
      </trkpt>
      <trkpt lat="44.16123" lon="5.14708">
        <ele>551.0</ele>
      </trkpt>
      <trkpt lat="44.16127" lon="5.14709">
        <ele>551.6</ele>
      </trkpt>
      <trkpt lat="44.16128" lon="5.14709">
        <ele>551.7</ele>
      </trkpt>
      <trkpt lat="44.16131" lon="5.14708">
        <ele>551.8</ele>
      </trkpt>
      <trkpt lat="44.16134" lon="5.14707">
        <ele>551.9</ele>
      </trkpt>
      <trkpt lat="44.16136" lon="5.14706">
        <ele>551.9</ele>
      </trkpt>
      <trkpt lat="44.16139" lon="5.14703">
        <ele>551.6</ele>
      </trkpt>
      <trkpt lat="44.1614" lon="5.14701">
        <ele>551.3</ele>
      </trkpt>
      <trkpt lat="44.16142" lon="5.14698">
        <ele>550.8</ele>
      </trkpt>
      <trkpt lat="44.16143" lon="5.14696">
        <ele>550.5</ele>
      </trkpt>
      <trkpt lat="44.16144" lon="5.14694">
        <ele>550.2</ele>
      </trkpt>
      <trkpt lat="44.16145" lon="5.146899">
        <ele>549.5</ele>
      </trkpt>
      <trkpt lat="44.16145" lon="5.14687">
        <ele>548.9</ele>
      </trkpt>
      <trkpt lat="44.16146" lon="5.14684">
        <ele>548.4</ele>
      </trkpt>
      <trkpt lat="44.16146" lon="5.14679">
        <ele>547.3</ele>
      </trkpt>
      <trkpt lat="44.16144" lon="5.14672">
        <ele>545.7</ele>
      </trkpt>
      <trkpt lat="44.16143" lon="5.14666">
        <ele>544.4</ele>
      </trkpt>
      <trkpt lat="44.161409" lon="5.14659">
        <ele>543.5</ele>
      </trkpt>
      <trkpt lat="44.1614" lon="5.14651">
        <ele>542.6</ele>
      </trkpt>
      <trkpt lat="44.16139" lon="5.14644">
        <ele>541.8</ele>
      </trkpt>
      <trkpt lat="44.16138" lon="5.1463">
        <ele>540.3</ele>
      </trkpt>
      <trkpt lat="44.16137" lon="5.146149">
        <ele>538.7</ele>
      </trkpt>
      <trkpt lat="44.16137" lon="5.14611">
        <ele>538.3</ele>
      </trkpt>
      <trkpt lat="44.16136" lon="5.14605">
        <ele>537.5</ele>
      </trkpt>
      <trkpt lat="44.16135" lon="5.146">
        <ele>536.8</ele>
      </trkpt>
      <trkpt lat="44.16132" lon="5.14594">
        <ele>535.6</ele>
      </trkpt>
      <trkpt lat="44.16127" lon="5.14583">
        <ele>533.4</ele>
      </trkpt>
      <trkpt lat="44.16119" lon="5.145679">
        <ele>531.1</ele>
      </trkpt>
      <trkpt lat="44.16116" lon="5.14556">
        <ele>529.9</ele>
      </trkpt>
      <trkpt lat="44.16115" lon="5.14555">
        <ele>529.5</ele>
      </trkpt>
      <trkpt lat="44.16115" lon="5.14551">
        <ele>529.4</ele>
      </trkpt>
      <trkpt lat="44.16115" lon="5.14545">
        <ele>529.1</ele>
      </trkpt>
      <trkpt lat="44.16114" lon="5.1454">
        <ele>528.6</ele>
      </trkpt>
      <trkpt lat="44.16115" lon="5.14535">
        <ele>528.6</ele>
      </trkpt>
      <trkpt lat="44.16118" lon="5.14518">
        <ele>528.8</ele>
      </trkpt>
      <trkpt lat="44.16119" lon="5.145069">
        <ele>528.7</ele>
      </trkpt>
      <trkpt lat="44.16119" lon="5.14506">
        <ele>528.7</ele>
      </trkpt>
      <trkpt lat="44.16118" lon="5.144999">
        <ele>528.1</ele>
      </trkpt>
      <trkpt lat="44.16118" lon="5.14495">
        <ele>528.4</ele>
      </trkpt>
      <trkpt lat="44.16117" lon="5.14488">
        <ele>528.6</ele>
      </trkpt>
      <trkpt lat="44.16115" lon="5.14482">
        <ele>528.3</ele>
      </trkpt>
      <trkpt lat="44.16111" lon="5.14473">
        <ele>527.5</ele>
      </trkpt>
      <trkpt lat="44.16102" lon="5.14462">
        <ele>524.8</ele>
      </trkpt>
      <trkpt lat="44.16089" lon="5.144459">
        <ele>520.8</ele>
      </trkpt>
      <trkpt lat="44.16075" lon="5.1443">
        <ele>516.9</ele>
      </trkpt>
      <trkpt lat="44.16061" lon="5.14413">
        <ele>513.3</ele>
      </trkpt>
      <trkpt lat="44.16044" lon="5.14393">
        <ele>510.3</ele>
      </trkpt>
      <trkpt lat="44.16034" lon="5.14382">
        <ele>508.0</ele>
      </trkpt>
      <trkpt lat="44.16019" lon="5.14366">
        <ele>504.1</ele>
      </trkpt>
      <trkpt lat="44.16014" lon="5.1436">
        <ele>502.7</ele>
      </trkpt>
      <trkpt lat="44.16005" lon="5.14351">
        <ele>499.8</ele>
      </trkpt>
      <trkpt lat="44.16003" lon="5.14349">
        <ele>499.1</ele>
      </trkpt>
      <trkpt lat="44.15991" lon="5.14333">
        <ele>495.8</ele>
      </trkpt>
      <trkpt lat="44.15982" lon="5.14318">
        <ele>492.0</ele>
      </trkpt>
      <trkpt lat="44.15978" lon="5.14306">
        <ele>490.0</ele>
      </trkpt>
      <trkpt lat="44.15974" lon="5.14294">
        <ele>488.0</ele>
      </trkpt>
      <trkpt lat="44.15973" lon="5.14283">
        <ele>487.1</ele>
      </trkpt>
      <trkpt lat="44.15973" lon="5.14273">
        <ele>486.7</ele>
      </trkpt>
      <trkpt lat="44.15974" lon="5.14267">
        <ele>486.8</ele>
      </trkpt>
      <trkpt lat="44.15976" lon="5.1426">
        <ele>487.3</ele>
      </trkpt>
      <trkpt lat="44.15979" lon="5.14247">
        <ele>487.9</ele>
      </trkpt>
      <trkpt lat="44.1598" lon="5.14243">
        <ele>487.9</ele>
      </trkpt>
      <trkpt lat="44.15983" lon="5.14234">
        <ele>488.2</ele>
      </trkpt>
      <trkpt lat="44.15991" lon="5.14222">
        <ele>489.6</ele>
      </trkpt>
      <trkpt lat="44.16002" lon="5.14204">
        <ele>490.2</ele>
      </trkpt>
      <trkpt lat="44.16007" lon="5.14197">
        <ele>490.1</ele>
      </trkpt>
      <trkpt lat="44.16014" lon="5.14189">
        <ele>489.9</ele>
      </trkpt>
      <trkpt lat="44.16016" lon="5.141879">
        <ele>490.0</ele>
      </trkpt>
      <trkpt lat="44.16021" lon="5.14182">
        <ele>489.5</ele>
      </trkpt>
      <trkpt lat="44.16035" lon="5.1417">
        <ele>488.6</ele>
      </trkpt>
      <trkpt lat="44.1607" lon="5.14149">
        <ele>487.6</ele>
      </trkpt>
      <trkpt lat="44.16088" lon="5.141409">
        <ele>486.5</ele>
      </trkpt>
      <trkpt lat="44.16097" lon="5.14137">
        <ele>485.5</ele>
      </trkpt>
      <trkpt lat="44.161119" lon="5.14138">
        <ele>485.7</ele>
      </trkpt>
      <trkpt lat="44.16124" lon="5.14137">
        <ele>485.4</ele>
      </trkpt>
      <trkpt lat="44.161589" lon="5.141409">
        <ele>486.7</ele>
      </trkpt>
      <trkpt lat="44.16165" lon="5.141409">
        <ele>486.8</ele>
      </trkpt>
      <trkpt lat="44.16176" lon="5.1414">
        <ele>485.4</ele>
      </trkpt>
      <trkpt lat="44.16185" lon="5.14138">
        <ele>483.8</ele>
      </trkpt>
      <trkpt lat="44.16195" lon="5.14136">
        <ele>482.0</ele>
      </trkpt>
      <trkpt lat="44.16204" lon="5.14133">
        <ele>479.8</ele>
      </trkpt>
      <trkpt lat="44.16211" lon="5.14128">
        <ele>477.1</ele>
      </trkpt>
      <trkpt lat="44.16231" lon="5.14124">
        <ele>473.3</ele>
      </trkpt>
      <trkpt lat="44.163179" lon="5.14122">
        <ele>458.5</ele>
      </trkpt>
      <trkpt lat="44.16327" lon="5.14123">
        <ele>457.2</ele>
      </trkpt>
      <trkpt lat="44.16354" lon="5.14131">
        <ele>455.1</ele>
      </trkpt>
      <trkpt lat="44.16364" lon="5.14139">
        <ele>455.1</ele>
      </trkpt>
      <trkpt lat="44.16368" lon="5.14144">
        <ele>455.2</ele>
      </trkpt>
      <trkpt lat="44.16389" lon="5.14167">
        <ele>454.4</ele>
      </trkpt>
      <trkpt lat="44.16408" lon="5.141949">
        <ele>454.6</ele>
      </trkpt>
      <trkpt lat="44.16427" lon="5.14221">
        <ele>453.4</ele>
      </trkpt>
      <trkpt lat="44.16448" lon="5.14241">
        <ele>449.4</ele>
      </trkpt>
      <trkpt lat="44.1646" lon="5.14257">
        <ele>447.7</ele>
      </trkpt>
      <trkpt lat="44.16462" lon="5.14258">
        <ele>447.3</ele>
      </trkpt>
      <trkpt lat="44.16472" lon="5.14271">
        <ele>446.2</ele>
      </trkpt>
      <trkpt lat="44.16487" lon="5.1432">
        <ele>448.3</ele>
      </trkpt>
      <trkpt lat="44.16496" lon="5.14344">
        <ele>446.3</ele>
      </trkpt>
      <trkpt lat="44.16503" lon="5.14359">
        <ele>443.1</ele>
      </trkpt>
      <trkpt lat="44.16505" lon="5.14366">
        <ele>442.1</ele>
      </trkpt>
      <trkpt lat="44.16507" lon="5.14373">
        <ele>441.3</ele>
      </trkpt>
      <trkpt lat="44.16508" lon="5.14386">
        <ele>440.5</ele>
      </trkpt>
      <trkpt lat="44.16508" lon="5.14402">
        <ele>440.0</ele>
      </trkpt>
      <trkpt lat="44.165059" lon="5.14419">
        <ele>440.0</ele>
      </trkpt>
      <trkpt lat="44.16503" lon="5.14434">
        <ele>440.3</ele>
      </trkpt>
      <trkpt lat="44.16503" lon="5.144459">
        <ele>439.7</ele>
      </trkpt>
      <trkpt lat="44.16502" lon="5.14451">
        <ele>439.8</ele>
      </trkpt>
      <trkpt lat="44.16503" lon="5.14459">
        <ele>439.2</ele>
      </trkpt>
      <trkpt lat="44.16503" lon="5.14465">
        <ele>438.9</ele>
      </trkpt>
      <trkpt lat="44.16503" lon="5.14466">
        <ele>438.8</ele>
      </trkpt>
      <trkpt lat="44.165059" lon="5.14478">
        <ele>437.6</ele>
      </trkpt>
      <trkpt lat="44.1651" lon="5.14489">
        <ele>436.1</ele>
      </trkpt>
      <trkpt lat="44.1651" lon="5.1449">
        <ele>436.1</ele>
      </trkpt>
      <trkpt lat="44.16514" lon="5.14499">
        <ele>434.8</ele>
      </trkpt>
      <trkpt lat="44.1652" lon="5.14509">
        <ele>433.7</ele>
      </trkpt>
      <trkpt lat="44.16521" lon="5.14509">
        <ele>433.5</ele>
      </trkpt>
      <trkpt lat="44.16526" lon="5.14515">
        <ele>432.4</ele>
      </trkpt>
      <trkpt lat="44.16534" lon="5.145209">
        <ele>430.7</ele>
      </trkpt>
      <trkpt lat="44.165439" lon="5.14531">
        <ele>428.5</ele>
      </trkpt>
      <trkpt lat="44.16551" lon="5.14537">
        <ele>426.9</ele>
      </trkpt>
      <trkpt lat="44.165529" lon="5.14542">
        <ele>426.5</ele>
      </trkpt>
      <trkpt lat="44.16556" lon="5.14547">
        <ele>425.8</ele>
      </trkpt>
      <trkpt lat="44.16557" lon="5.14551">
        <ele>425.6</ele>
      </trkpt>
      <trkpt lat="44.16558" lon="5.14558">
        <ele>425.4</ele>
      </trkpt>
      <trkpt lat="44.16559" lon="5.14564">
        <ele>425.2</ele>
      </trkpt>
      <trkpt lat="44.16559" lon="5.14574">
        <ele>425.3</ele>
      </trkpt>
      <trkpt lat="44.16559" lon="5.14579">
        <ele>425.4</ele>
      </trkpt>
      <trkpt lat="44.16558" lon="5.14585">
        <ele>425.6</ele>
      </trkpt>
      <trkpt lat="44.16556" lon="5.14593">
        <ele>425.7</ele>
      </trkpt>
      <trkpt lat="44.16554" lon="5.14602">
        <ele>425.9</ele>
      </trkpt>
      <trkpt lat="44.16551" lon="5.14614">
        <ele>426.2</ele>
      </trkpt>
      <trkpt lat="44.1655" lon="5.14626">
        <ele>426.1</ele>
      </trkpt>
      <trkpt lat="44.1655" lon="5.14632">
        <ele>425.8</ele>
      </trkpt>
      <trkpt lat="44.16549" lon="5.14638">
        <ele>425.9</ele>
      </trkpt>
      <trkpt lat="44.16551" lon="5.14657">
        <ele>424.4</ele>
      </trkpt>
      <trkpt lat="44.16554" lon="5.14682">
        <ele>425.0</ele>
      </trkpt>
      <trkpt lat="44.16556" lon="5.14701">
        <ele>426.8</ele>
      </trkpt>
      <trkpt lat="44.16557" lon="5.14706">
        <ele>427.0</ele>
      </trkpt>
      <trkpt lat="44.16559" lon="5.14718">
        <ele>427.7</ele>
      </trkpt>
      <trkpt lat="44.1656" lon="5.14722">
        <ele>427.7</ele>
      </trkpt>
      <trkpt lat="44.16563" lon="5.14728">
        <ele>427.0</ele>
      </trkpt>
      <trkpt lat="44.16564" lon="5.14729">
        <ele>426.7</ele>
      </trkpt>
      <trkpt lat="44.16566" lon="5.14734">
        <ele>426.3</ele>
      </trkpt>
      <trkpt lat="44.16571" lon="5.14738">
        <ele>424.2</ele>
      </trkpt>
      <trkpt lat="44.16577" lon="5.14741">
        <ele>421.5</ele>
      </trkpt>
      <trkpt lat="44.16583" lon="5.14741">
        <ele>418.4</ele>
      </trkpt>
      <trkpt lat="44.1659" lon="5.14741">
        <ele>416.8</ele>
      </trkpt>
      <trkpt lat="44.16596" lon="5.14741">
        <ele>415.4</ele>
      </trkpt>
      <trkpt lat="44.16597" lon="5.14742">
        <ele>415.3</ele>
      </trkpt>
      <trkpt lat="44.16603" lon="5.14743">
        <ele>414.0</ele>
      </trkpt>
      <trkpt lat="44.166089" lon="5.14746">
        <ele>412.9</ele>
      </trkpt>
      <trkpt lat="44.16614" lon="5.14749">
        <ele>411.9</ele>
      </trkpt>
      <trkpt lat="44.16617" lon="5.14752">
        <ele>411.6</ele>
      </trkpt>
      <trkpt lat="44.16619" lon="5.14755">
        <ele>411.5</ele>
      </trkpt>
      <trkpt lat="44.16622" lon="5.1476">
        <ele>411.4</ele>
      </trkpt>
      <trkpt lat="44.16627" lon="5.1477">
        <ele>411.4</ele>
      </trkpt>
      <trkpt lat="44.1663" lon="5.14777">
        <ele>411.4</ele>
      </trkpt>
      <trkpt lat="44.16642" lon="5.14808">
        <ele>410.9</ele>
      </trkpt>
      <trkpt lat="44.1665" lon="5.14834">
        <ele>410.3</ele>
      </trkpt>
      <trkpt lat="44.1665" lon="5.14836">
        <ele>410.7</ele>
      </trkpt>
      <trkpt lat="44.16655" lon="5.14847">
        <ele>410.5</ele>
      </trkpt>
      <trkpt lat="44.1666" lon="5.14855">
        <ele>409.7</ele>
      </trkpt>
      <trkpt lat="44.16661" lon="5.14857">
        <ele>409.6</ele>
      </trkpt>
      <trkpt lat="44.16664" lon="5.1486">
        <ele>408.7</ele>
      </trkpt>
      <trkpt lat="44.16671" lon="5.14865">
        <ele>408.0</ele>
      </trkpt>
      <trkpt lat="44.16675" lon="5.14869">
        <ele>408.3</ele>
      </trkpt>
      <trkpt lat="44.16678" lon="5.1487">
        <ele>408.3</ele>
      </trkpt>
      <trkpt lat="44.166849" lon="5.14874">
        <ele>408.4</ele>
      </trkpt>
      <trkpt lat="44.16693" lon="5.14876">
        <ele>408.2</ele>
      </trkpt>
      <trkpt lat="44.167" lon="5.14877">
        <ele>407.9</ele>
      </trkpt>
      <trkpt lat="44.16707" lon="5.14876">
        <ele>407.4</ele>
      </trkpt>
      <trkpt lat="44.16711" lon="5.14874">
        <ele>407.0</ele>
      </trkpt>
      <trkpt lat="44.16715" lon="5.14871">
        <ele>406.4</ele>
      </trkpt>
      <trkpt lat="44.16725" lon="5.14861">
        <ele>404.9</ele>
      </trkpt>
      <trkpt lat="44.16734" lon="5.14846">
        <ele>402.9</ele>
      </trkpt>
      <trkpt lat="44.167409" lon="5.14831">
        <ele>401.2</ele>
      </trkpt>
      <trkpt lat="44.16747" lon="5.14818">
        <ele>400.5</ele>
      </trkpt>
      <trkpt lat="44.16753" lon="5.14802">
        <ele>400.5</ele>
      </trkpt>
      <trkpt lat="44.16776" lon="5.1472">
        <ele>402.4</ele>
      </trkpt>
      <trkpt lat="44.167879" lon="5.14677">
        <ele>402.7</ele>
      </trkpt>
      <trkpt lat="44.1682" lon="5.14569">
        <ele>399.6</ele>
      </trkpt>
      <trkpt lat="44.16832" lon="5.14522">
        <ele>397.0</ele>
      </trkpt>
      <trkpt lat="44.16832" lon="5.145209">
        <ele>396.9</ele>
      </trkpt>
      <trkpt lat="44.16837" lon="5.14496">
        <ele>395.7</ele>
      </trkpt>
      <trkpt lat="44.16845" lon="5.1445">
        <ele>393.8</ele>
      </trkpt>
      <trkpt lat="44.16855" lon="5.14391">
        <ele>391.9</ele>
      </trkpt>
      <trkpt lat="44.16858" lon="5.14375">
        <ele>391.6</ele>
      </trkpt>
      <trkpt lat="44.16866" lon="5.14355">
        <ele>391.6</ele>
      </trkpt>
      <trkpt lat="44.168729" lon="5.14339">
        <ele>391.3</ele>
      </trkpt>
      <trkpt lat="44.16884" lon="5.14319">
        <ele>390.0</ele>
      </trkpt>
      <trkpt lat="44.16935" lon="5.14243">
        <ele>384.3</ele>
      </trkpt>
      <trkpt lat="44.16968" lon="5.142">
        <ele>383.4</ele>
      </trkpt>
      <trkpt lat="44.1699" lon="5.1417">
        <ele>378.6</ele>
      </trkpt>
      <trkpt lat="44.17" lon="5.14152">
        <ele>376.8</ele>
      </trkpt>
      <trkpt lat="44.17014" lon="5.14118">
        <ele>374.6</ele>
      </trkpt>
      <trkpt lat="44.17061" lon="5.14045">
        <ele>369.1</ele>
      </trkpt>
      <trkpt lat="44.17063" lon="5.1404">
        <ele>368.8</ele>
      </trkpt>
      <trkpt lat="44.17063" lon="5.140399">
        <ele>368.8</ele>
      </trkpt>
      <trkpt lat="44.17063" lon="5.1404">
        <ele>368.8</ele>
      </trkpt>
      <trkpt lat="44.17074" lon="5.14006">
        <ele>366.2</ele>
      </trkpt>
      <trkpt lat="44.1708" lon="5.13983">
        <ele>365.5</ele>
      </trkpt>
      <trkpt lat="44.17083" lon="5.13974">
        <ele>365.3</ele>
      </trkpt>
      <trkpt lat="44.17087" lon="5.13965">
        <ele>365.6</ele>
      </trkpt>
      <trkpt lat="44.17095" lon="5.13956">
        <ele>365.9</ele>
      </trkpt>
      <trkpt lat="44.17114" lon="5.13935">
        <ele>365.6</ele>
      </trkpt>
      <trkpt lat="44.17129" lon="5.13918">
        <ele>364.4</ele>
      </trkpt>
      <trkpt lat="44.17131" lon="5.13915">
        <ele>364.2</ele>
      </trkpt>
      <trkpt lat="44.17139" lon="5.13896">
        <ele>362.9</ele>
      </trkpt>
      <trkpt lat="44.17147" lon="5.13875">
        <ele>361.0</ele>
      </trkpt>
      <trkpt lat="44.17153" lon="5.13859">
        <ele>359.2</ele>
      </trkpt>
      <trkpt lat="44.17164" lon="5.13833">
        <ele>355.4</ele>
      </trkpt>
      <trkpt lat="44.17165" lon="5.1383">
        <ele>355.2</ele>
      </trkpt>
      <trkpt lat="44.17166" lon="5.13828">
        <ele>355.0</ele>
      </trkpt>
      <trkpt lat="44.17171" lon="5.13819">
        <ele>354.5</ele>
      </trkpt>
      <trkpt lat="44.17178" lon="5.13808">
        <ele>354.0</ele>
      </trkpt>
      <trkpt lat="44.17186" lon="5.13797">
        <ele>353.5</ele>
      </trkpt>
      <trkpt lat="44.17202" lon="5.13783">
        <ele>352.4</ele>
      </trkpt>
      <trkpt lat="44.17212" lon="5.13774">
        <ele>351.7</ele>
      </trkpt>
      <trkpt lat="44.17222" lon="5.13763">
        <ele>350.9</ele>
      </trkpt>
      <trkpt lat="44.17236" lon="5.13749">
        <ele>349.7</ele>
      </trkpt>
      <trkpt lat="44.17281" lon="5.13704">
        <ele>346.2</ele>
      </trkpt>
      <trkpt lat="44.17285" lon="5.13697">
        <ele>345.8</ele>
      </trkpt>
      <trkpt lat="44.17288" lon="5.13687">
        <ele>345.5</ele>
      </trkpt>
      <trkpt lat="44.17292" lon="5.13668">
        <ele>345.0</ele>
      </trkpt>
      <trkpt lat="44.17294" lon="5.13658">
        <ele>344.7</ele>
      </trkpt>
      <trkpt lat="44.17296" lon="5.1365">
        <ele>344.5</ele>
      </trkpt>
      <trkpt lat="44.17302" lon="5.13621">
        <ele>343.8</ele>
      </trkpt>
      <trkpt lat="44.17306" lon="5.13603">
        <ele>343.5</ele>
      </trkpt>
      <trkpt lat="44.17308" lon="5.13593">
        <ele>343.3</ele>
      </trkpt>
      <trkpt lat="44.1731" lon="5.13576">
        <ele>342.8</ele>
      </trkpt>
      <trkpt lat="44.17313" lon="5.13555">
        <ele>342.0</ele>
      </trkpt>
      <trkpt lat="44.17313" lon="5.13553">
        <ele>341.9</ele>
      </trkpt>
      <trkpt lat="44.17313" lon="5.13542">
        <ele>341.5</ele>
      </trkpt>
      <trkpt lat="44.17313" lon="5.13532">
        <ele>341.1</ele>
      </trkpt>
      <trkpt lat="44.17313" lon="5.13528">
        <ele>341.0</ele>
      </trkpt>
      <trkpt lat="44.17312" lon="5.1352">
        <ele>340.7</ele>
      </trkpt>
      <trkpt lat="44.17311" lon="5.13503">
        <ele>340.1</ele>
      </trkpt>
      <trkpt lat="44.17311" lon="5.13495">
        <ele>339.7</ele>
      </trkpt>
      <trkpt lat="44.17313" lon="5.1346">
        <ele>337.4</ele>
      </trkpt>
      <trkpt lat="44.17315" lon="5.13435">
        <ele>335.7</ele>
      </trkpt>
      <trkpt lat="44.17315" lon="5.13427">
        <ele>335.1</ele>
      </trkpt>
      <trkpt lat="44.17316" lon="5.13417">
        <ele>334.4</ele>
      </trkpt>
      <trkpt lat="44.17318" lon="5.13397">
        <ele>334.4</ele>
      </trkpt>
    </trkseg>
  </trk>
</gpx>
