<?xml version="1.0" encoding="UTF-8"?>
<gpx xmlns:gpxdata="http://www.cluetrust.com/XML/GPXDATA/1/0" xmlns:xsi="http://www.w3.org/2001/XMLSchema-instance" xmlns="http://www.topografix.com/GPX/1/1" version="1.1" creator="http://ridewithgps.com/" xsi:schemaLocation="http://www.topografix.com/GPX/1/1 http://www.topografix.com/GPX/1/1/gpx.xsd http://www.cluetrust.com/XML/GPXDATA/1/0 http://www.cluetrust.com/Schemas/gpxdata10.xsd">
  <metadata>
    <name>TDGC_2026-09-11 (kort)</name>
    <link href="https://ridewithgps.com/routes/38637486">
      <text>TDGC_2026-09-11 (kort)</text>
    </link>
    <time>2022-02-24T22:33:00Z</time>
  </metadata>
  <trk>
    <name>TDGC_2026-09-11 (kort)</name>
    <trkseg>
      <trkpt lat="44.9047" lon="6.63019">
        <ele>1259.8</ele>
      </trkpt>
      <trkpt lat="44.90466" lon="6.63021">
        <ele>1259.5</ele>
      </trkpt>
      <trkpt lat="44.90466" lon="6.63021">
        <ele>1259.5</ele>
      </trkpt>
      <trkpt lat="44.90446" lon="6.63026">
        <ele>1257.5</ele>
      </trkpt>
      <trkpt lat="44.90431" lon="6.6303">
        <ele>1256.1</ele>
      </trkpt>
      <trkpt lat="44.904179" lon="6.63027">
        <ele>1254.4</ele>
      </trkpt>
      <trkpt lat="44.904089" lon="6.63025">
        <ele>1253.8</ele>
      </trkpt>
      <trkpt lat="44.904" lon="6.630219">
        <ele>1253.3</ele>
      </trkpt>
      <trkpt lat="44.90399" lon="6.63019">
        <ele>1253.2</ele>
      </trkpt>
      <trkpt lat="44.90397" lon="6.63017">
        <ele>1253.0</ele>
      </trkpt>
      <trkpt lat="44.90396" lon="6.63016">
        <ele>1252.9</ele>
      </trkpt>
      <trkpt lat="44.90395" lon="6.63015">
        <ele>1252.9</ele>
      </trkpt>
      <trkpt lat="44.90393" lon="6.63016">
        <ele>1252.8</ele>
      </trkpt>
      <trkpt lat="44.90391" lon="6.63017">
        <ele>1252.8</ele>
      </trkpt>
      <trkpt lat="44.9039" lon="6.63018">
        <ele>1252.7</ele>
      </trkpt>
      <trkpt lat="44.903889" lon="6.6302">
        <ele>1252.7</ele>
      </trkpt>
      <trkpt lat="44.903799" lon="6.63019">
        <ele>1252.3</ele>
      </trkpt>
      <trkpt lat="44.90374" lon="6.63019">
        <ele>1252.1</ele>
      </trkpt>
      <trkpt lat="44.90369" lon="6.63019">
        <ele>1251.9</ele>
      </trkpt>
      <trkpt lat="44.9036" lon="6.63018">
        <ele>1251.5</ele>
      </trkpt>
      <trkpt lat="44.90356" lon="6.63017">
        <ele>1251.3</ele>
      </trkpt>
      <trkpt lat="44.90341" lon="6.63013">
        <ele>1250.8</ele>
      </trkpt>
      <trkpt lat="44.90341" lon="6.63013">
        <ele>1250.8</ele>
      </trkpt>
      <trkpt lat="44.90339" lon="6.630219">
        <ele>1250.5</ele>
      </trkpt>
      <trkpt lat="44.90337" lon="6.630289">
        <ele>1250.2</ele>
      </trkpt>
      <trkpt lat="44.90334" lon="6.63034">
        <ele>1249.8</ele>
      </trkpt>
      <trkpt lat="44.90327" lon="6.63044">
        <ele>1249.7</ele>
      </trkpt>
      <trkpt lat="44.90322" lon="6.63053">
        <ele>1249.4</ele>
      </trkpt>
      <trkpt lat="44.9031" lon="6.63068">
        <ele>1248.6</ele>
      </trkpt>
      <trkpt lat="44.90292" lon="6.63089">
        <ele>1246.9</ele>
      </trkpt>
      <trkpt lat="44.90274" lon="6.63113">
        <ele>1245.4</ele>
      </trkpt>
      <trkpt lat="44.902671" lon="6.631109">
        <ele>1245.2</ele>
      </trkpt>
      <trkpt lat="44.90272" lon="6.63116">
        <ele>1245.2</ele>
      </trkpt>
      <trkpt lat="44.90265" lon="6.63131">
        <ele>1244.1</ele>
      </trkpt>
      <trkpt lat="44.90263" lon="6.63134">
        <ele>1243.8</ele>
      </trkpt>
      <trkpt lat="44.90262" lon="6.63135">
        <ele>1243.7</ele>
      </trkpt>
      <trkpt lat="44.902589" lon="6.63139">
        <ele>1243.3</ele>
      </trkpt>
      <trkpt lat="44.90254" lon="6.63145">
        <ele>1242.6</ele>
      </trkpt>
      <trkpt lat="44.9025" lon="6.63149">
        <ele>1242.1</ele>
      </trkpt>
      <trkpt lat="44.90244" lon="6.63153">
        <ele>1241.4</ele>
      </trkpt>
      <trkpt lat="44.90234" lon="6.631579">
        <ele>1240.4</ele>
      </trkpt>
      <trkpt lat="44.902299" lon="6.6316">
        <ele>1239.9</ele>
      </trkpt>
      <trkpt lat="44.902209" lon="6.6316">
        <ele>1239.2</ele>
      </trkpt>
      <trkpt lat="44.90209" lon="6.63159">
        <ele>1238.4</ele>
      </trkpt>
      <trkpt lat="44.90197" lon="6.63159">
        <ele>1237.5</ele>
      </trkpt>
      <trkpt lat="44.90185" lon="6.63162">
        <ele>1236.2</ele>
      </trkpt>
      <trkpt lat="44.90173" lon="6.63168">
        <ele>1234.5</ele>
      </trkpt>
      <trkpt lat="44.90167" lon="6.63173">
        <ele>1234.0</ele>
      </trkpt>
      <trkpt lat="44.90152" lon="6.63186">
        <ele>1232.6</ele>
      </trkpt>
      <trkpt lat="44.90124" lon="6.63211">
        <ele>1229.9</ele>
      </trkpt>
      <trkpt lat="44.90121" lon="6.63213">
        <ele>1229.6</ele>
      </trkpt>
      <trkpt lat="44.90107" lon="6.63222">
        <ele>1228.3</ele>
      </trkpt>
      <trkpt lat="44.90091" lon="6.632329">
        <ele>1226.7</ele>
      </trkpt>
      <trkpt lat="44.9009" lon="6.63234">
        <ele>1226.6</ele>
      </trkpt>
      <trkpt lat="44.900889" lon="6.63234">
        <ele>1226.5</ele>
      </trkpt>
      <trkpt lat="44.90067" lon="6.63249">
        <ele>1225.4</ele>
      </trkpt>
      <trkpt lat="44.90061" lon="6.63252">
        <ele>1225.3</ele>
      </trkpt>
      <trkpt lat="44.90061" lon="6.63252">
        <ele>1225.3</ele>
      </trkpt>
      <trkpt lat="44.90055" lon="6.63257">
        <ele>1225.3</ele>
      </trkpt>
      <trkpt lat="44.90039" lon="6.63268">
        <ele>1225.2</ele>
      </trkpt>
      <trkpt lat="44.90037" lon="6.6327">
        <ele>1225.2</ele>
      </trkpt>
      <trkpt lat="44.90003" lon="6.632939">
        <ele>1225.2</ele>
      </trkpt>
      <trkpt lat="44.89984" lon="6.63306">
        <ele>1225.1</ele>
      </trkpt>
      <trkpt lat="44.89963" lon="6.63321">
        <ele>1224.8</ele>
      </trkpt>
      <trkpt lat="44.89953" lon="6.63328">
        <ele>1224.6</ele>
      </trkpt>
      <trkpt lat="44.89949" lon="6.63331">
        <ele>1224.5</ele>
      </trkpt>
      <trkpt lat="44.89918" lon="6.63353">
        <ele>1222.8</ele>
      </trkpt>
      <trkpt lat="44.89909" lon="6.6336">
        <ele>1222.6</ele>
      </trkpt>
      <trkpt lat="44.89902" lon="6.63367">
        <ele>1222.4</ele>
      </trkpt>
      <trkpt lat="44.898919" lon="6.63379">
        <ele>1222.2</ele>
      </trkpt>
      <trkpt lat="44.89886" lon="6.63388">
        <ele>1222.0</ele>
      </trkpt>
      <trkpt lat="44.89886" lon="6.63388">
        <ele>1222.0</ele>
      </trkpt>
      <trkpt lat="44.89885" lon="6.63387">
        <ele>1222.0</ele>
      </trkpt>
      <trkpt lat="44.89885" lon="6.63386">
        <ele>1222.0</ele>
      </trkpt>
      <trkpt lat="44.89884" lon="6.63386">
        <ele>1222.0</ele>
      </trkpt>
      <trkpt lat="44.89884" lon="6.63385">
        <ele>1222.0</ele>
      </trkpt>
      <trkpt lat="44.898829" lon="6.63384">
        <ele>1222.0</ele>
      </trkpt>
      <trkpt lat="44.89882" lon="6.63383">
        <ele>1222.0</ele>
      </trkpt>
      <trkpt lat="44.89882" lon="6.63382">
        <ele>1222.0</ele>
      </trkpt>
      <trkpt lat="44.89881" lon="6.63382">
        <ele>1222.0</ele>
      </trkpt>
      <trkpt lat="44.8988" lon="6.63381">
        <ele>1222.0</ele>
      </trkpt>
      <trkpt lat="44.89879" lon="6.63381">
        <ele>1222.0</ele>
      </trkpt>
      <trkpt lat="44.89878" lon="6.6338">
        <ele>1222.0</ele>
      </trkpt>
      <trkpt lat="44.89877" lon="6.6338">
        <ele>1222.0</ele>
      </trkpt>
      <trkpt lat="44.89876" lon="6.6338">
        <ele>1222.0</ele>
      </trkpt>
      <trkpt lat="44.89875" lon="6.6338">
        <ele>1221.9</ele>
      </trkpt>
      <trkpt lat="44.898739" lon="6.6338">
        <ele>1221.9</ele>
      </trkpt>
      <trkpt lat="44.89873" lon="6.6338">
        <ele>1221.9</ele>
      </trkpt>
      <trkpt lat="44.89872" lon="6.6338">
        <ele>1221.9</ele>
      </trkpt>
      <trkpt lat="44.89871" lon="6.63381">
        <ele>1221.9</ele>
      </trkpt>
      <trkpt lat="44.8987" lon="6.63381">
        <ele>1221.9</ele>
      </trkpt>
      <trkpt lat="44.89869" lon="6.63382">
        <ele>1221.8</ele>
      </trkpt>
      <trkpt lat="44.89868" lon="6.63383">
        <ele>1221.8</ele>
      </trkpt>
      <trkpt lat="44.89867" lon="6.63383">
        <ele>1221.8</ele>
      </trkpt>
      <trkpt lat="44.89867" lon="6.63384">
        <ele>1221.8</ele>
      </trkpt>
      <trkpt lat="44.89866" lon="6.63385">
        <ele>1221.8</ele>
      </trkpt>
      <trkpt lat="44.89865" lon="6.63386">
        <ele>1221.7</ele>
      </trkpt>
      <trkpt lat="44.89865" lon="6.63387">
        <ele>1221.7</ele>
      </trkpt>
      <trkpt lat="44.89864" lon="6.63388">
        <ele>1221.7</ele>
      </trkpt>
      <trkpt lat="44.89864" lon="6.63389">
        <ele>1221.7</ele>
      </trkpt>
      <trkpt lat="44.89864" lon="6.6339">
        <ele>1221.7</ele>
      </trkpt>
      <trkpt lat="44.89863" lon="6.63391">
        <ele>1221.7</ele>
      </trkpt>
      <trkpt lat="44.89863" lon="6.63392">
        <ele>1221.7</ele>
      </trkpt>
      <trkpt lat="44.89863" lon="6.63393">
        <ele>1221.6</ele>
      </trkpt>
      <trkpt lat="44.89863" lon="6.63394">
        <ele>1221.6</ele>
      </trkpt>
      <trkpt lat="44.89862" lon="6.633949">
        <ele>1221.6</ele>
      </trkpt>
      <trkpt lat="44.898539" lon="6.63394">
        <ele>1221.5</ele>
      </trkpt>
      <trkpt lat="44.89844" lon="6.63393">
        <ele>1221.4</ele>
      </trkpt>
      <trkpt lat="44.89838" lon="6.633949">
        <ele>1221.3</ele>
      </trkpt>
      <trkpt lat="44.89832" lon="6.63397">
        <ele>1221.2</ele>
      </trkpt>
      <trkpt lat="44.89803" lon="6.63408">
        <ele>1220.3</ele>
      </trkpt>
      <trkpt lat="44.8979" lon="6.63413">
        <ele>1220.0</ele>
      </trkpt>
      <trkpt lat="44.89786" lon="6.63414">
        <ele>1219.9</ele>
      </trkpt>
      <trkpt lat="44.8973" lon="6.63434">
        <ele>1218.8</ele>
      </trkpt>
      <trkpt lat="44.89728" lon="6.63434">
        <ele>1218.7</ele>
      </trkpt>
      <trkpt lat="44.89725" lon="6.63435">
        <ele>1218.7</ele>
      </trkpt>
      <trkpt lat="44.89718" lon="6.63434">
        <ele>1218.5</ele>
      </trkpt>
      <trkpt lat="44.89702" lon="6.63442">
        <ele>1218.3</ele>
      </trkpt>
      <trkpt lat="44.8968" lon="6.63449">
        <ele>1218.0</ele>
      </trkpt>
      <trkpt lat="44.8967" lon="6.6345">
        <ele>1217.9</ele>
      </trkpt>
      <trkpt lat="44.8967" lon="6.6345">
        <ele>1217.9</ele>
      </trkpt>
      <trkpt lat="44.89669" lon="6.63449">
        <ele>1217.8</ele>
      </trkpt>
      <trkpt lat="44.89669" lon="6.63448">
        <ele>1217.8</ele>
      </trkpt>
      <trkpt lat="44.89668" lon="6.63448">
        <ele>1217.8</ele>
      </trkpt>
      <trkpt lat="44.89668" lon="6.63447">
        <ele>1217.8</ele>
      </trkpt>
      <trkpt lat="44.89667" lon="6.63447">
        <ele>1217.7</ele>
      </trkpt>
      <trkpt lat="44.89667" lon="6.63446">
        <ele>1217.7</ele>
      </trkpt>
      <trkpt lat="44.89666" lon="6.63446">
        <ele>1217.7</ele>
      </trkpt>
      <trkpt lat="44.89665" lon="6.63446">
        <ele>1217.6</ele>
      </trkpt>
      <trkpt lat="44.89665" lon="6.63445">
        <ele>1217.6</ele>
      </trkpt>
      <trkpt lat="44.89664" lon="6.63445">
        <ele>1217.5</ele>
      </trkpt>
      <trkpt lat="44.89663" lon="6.63445">
        <ele>1217.4</ele>
      </trkpt>
      <trkpt lat="44.89662" lon="6.63445">
        <ele>1217.4</ele>
      </trkpt>
      <trkpt lat="44.89661" lon="6.63445">
        <ele>1217.3</ele>
      </trkpt>
      <trkpt lat="44.8966" lon="6.63446">
        <ele>1217.3</ele>
      </trkpt>
      <trkpt lat="44.89659" lon="6.63446">
        <ele>1217.2</ele>
      </trkpt>
      <trkpt lat="44.89658" lon="6.63446">
        <ele>1217.1</ele>
      </trkpt>
      <trkpt lat="44.89658" lon="6.63447">
        <ele>1217.2</ele>
      </trkpt>
      <trkpt lat="44.896569" lon="6.63447">
        <ele>1217.1</ele>
      </trkpt>
      <trkpt lat="44.896569" lon="6.63448">
        <ele>1217.1</ele>
      </trkpt>
      <trkpt lat="44.89656" lon="6.63448">
        <ele>1217.1</ele>
      </trkpt>
      <trkpt lat="44.89656" lon="6.63449">
        <ele>1217.1</ele>
      </trkpt>
      <trkpt lat="44.89655" lon="6.63449">
        <ele>1217.0</ele>
      </trkpt>
      <trkpt lat="44.89655" lon="6.6345">
        <ele>1217.0</ele>
      </trkpt>
      <trkpt lat="44.89654" lon="6.6345">
        <ele>1217.0</ele>
      </trkpt>
      <trkpt lat="44.89654" lon="6.63451">
        <ele>1217.0</ele>
      </trkpt>
      <trkpt lat="44.89654" lon="6.63452">
        <ele>1217.0</ele>
      </trkpt>
      <trkpt lat="44.89653" lon="6.63452">
        <ele>1217.0</ele>
      </trkpt>
      <trkpt lat="44.89653" lon="6.63453">
        <ele>1217.0</ele>
      </trkpt>
      <trkpt lat="44.89653" lon="6.63454">
        <ele>1217.0</ele>
      </trkpt>
      <trkpt lat="44.89653" lon="6.63455">
        <ele>1217.0</ele>
      </trkpt>
      <trkpt lat="44.89653" lon="6.634559">
        <ele>1217.0</ele>
      </trkpt>
      <trkpt lat="44.89652" lon="6.63457">
        <ele>1217.0</ele>
      </trkpt>
      <trkpt lat="44.89652" lon="6.63458">
        <ele>1217.0</ele>
      </trkpt>
      <trkpt lat="44.89652" lon="6.63459">
        <ele>1217.0</ele>
      </trkpt>
      <trkpt lat="44.89652" lon="6.6346">
        <ele>1217.1</ele>
      </trkpt>
      <trkpt lat="44.89652" lon="6.63461">
        <ele>1217.1</ele>
      </trkpt>
      <trkpt lat="44.89653" lon="6.63462">
        <ele>1217.2</ele>
      </trkpt>
      <trkpt lat="44.89653" lon="6.634629">
        <ele>1217.2</ele>
      </trkpt>
      <trkpt lat="44.89653" lon="6.63464">
        <ele>1217.2</ele>
      </trkpt>
      <trkpt lat="44.89653" lon="6.63465">
        <ele>1217.2</ele>
      </trkpt>
      <trkpt lat="44.89654" lon="6.63465">
        <ele>1217.3</ele>
      </trkpt>
      <trkpt lat="44.89654" lon="6.63466">
        <ele>1217.3</ele>
      </trkpt>
      <trkpt lat="44.89654" lon="6.63467">
        <ele>1217.4</ele>
      </trkpt>
      <trkpt lat="44.89655" lon="6.63468">
        <ele>1217.4</ele>
      </trkpt>
      <trkpt lat="44.89651" lon="6.63478">
        <ele>1217.4</ele>
      </trkpt>
      <trkpt lat="44.89645" lon="6.63501">
        <ele>1217.5</ele>
      </trkpt>
      <trkpt lat="44.89636" lon="6.63533">
        <ele>1218.0</ele>
      </trkpt>
      <trkpt lat="44.896299" lon="6.63559">
        <ele>1218.5</ele>
      </trkpt>
      <trkpt lat="44.89621" lon="6.63591">
        <ele>1218.8</ele>
      </trkpt>
      <trkpt lat="44.89618" lon="6.63602">
        <ele>1218.7</ele>
      </trkpt>
      <trkpt lat="44.89614" lon="6.63618">
        <ele>1218.6</ele>
      </trkpt>
      <trkpt lat="44.89613" lon="6.63621">
        <ele>1218.6</ele>
      </trkpt>
      <trkpt lat="44.89611" lon="6.63629">
        <ele>1218.5</ele>
      </trkpt>
      <trkpt lat="44.89607" lon="6.63634">
        <ele>1218.3</ele>
      </trkpt>
      <trkpt lat="44.896" lon="6.63638">
        <ele>1217.9</ele>
      </trkpt>
      <trkpt lat="44.89596" lon="6.6364">
        <ele>1217.6</ele>
      </trkpt>
      <trkpt lat="44.8958" lon="6.6365">
        <ele>1216.7</ele>
      </trkpt>
      <trkpt lat="44.89551" lon="6.63666">
        <ele>1216.0</ele>
      </trkpt>
      <trkpt lat="44.89541" lon="6.63671">
        <ele>1215.8</ele>
      </trkpt>
      <trkpt lat="44.895359" lon="6.63674">
        <ele>1215.7</ele>
      </trkpt>
      <trkpt lat="44.8953" lon="6.63677">
        <ele>1215.5</ele>
      </trkpt>
      <trkpt lat="44.89526" lon="6.63679">
        <ele>1215.4</ele>
      </trkpt>
      <trkpt lat="44.89524" lon="6.6368">
        <ele>1215.4</ele>
      </trkpt>
      <trkpt lat="44.89521" lon="6.6368">
        <ele>1215.3</ele>
      </trkpt>
      <trkpt lat="44.89519" lon="6.6368">
        <ele>1215.3</ele>
      </trkpt>
      <trkpt lat="44.89518" lon="6.6368">
        <ele>1215.3</ele>
      </trkpt>
      <trkpt lat="44.89515" lon="6.63679">
        <ele>1215.2</ele>
      </trkpt>
      <trkpt lat="44.89513" lon="6.63678">
        <ele>1215.2</ele>
      </trkpt>
      <trkpt lat="44.89513" lon="6.63678">
        <ele>1215.2</ele>
      </trkpt>
      <trkpt lat="44.89512" lon="6.63678">
        <ele>1215.1</ele>
      </trkpt>
      <trkpt lat="44.89512" lon="6.63677">
        <ele>1215.1</ele>
      </trkpt>
      <trkpt lat="44.89512" lon="6.63676">
        <ele>1215.1</ele>
      </trkpt>
      <trkpt lat="44.89512" lon="6.63675">
        <ele>1215.1</ele>
      </trkpt>
      <trkpt lat="44.89511" lon="6.63674">
        <ele>1215.1</ele>
      </trkpt>
      <trkpt lat="44.89511" lon="6.63673">
        <ele>1215.1</ele>
      </trkpt>
      <trkpt lat="44.8951" lon="6.63672">
        <ele>1215.0</ele>
      </trkpt>
      <trkpt lat="44.8951" lon="6.63671">
        <ele>1214.8</ele>
      </trkpt>
      <trkpt lat="44.89509" lon="6.63671">
        <ele>1214.8</ele>
      </trkpt>
      <trkpt lat="44.89509" lon="6.6367">
        <ele>1214.7</ele>
      </trkpt>
      <trkpt lat="44.89508" lon="6.6367">
        <ele>1214.7</ele>
      </trkpt>
      <trkpt lat="44.89508" lon="6.63669">
        <ele>1214.6</ele>
      </trkpt>
      <trkpt lat="44.895069" lon="6.63669">
        <ele>1214.5</ele>
      </trkpt>
      <trkpt lat="44.89506" lon="6.63669">
        <ele>1214.5</ele>
      </trkpt>
      <trkpt lat="44.89506" lon="6.63668">
        <ele>1214.4</ele>
      </trkpt>
      <trkpt lat="44.89505" lon="6.63668">
        <ele>1214.3</ele>
      </trkpt>
      <trkpt lat="44.89504" lon="6.63668">
        <ele>1214.3</ele>
      </trkpt>
      <trkpt lat="44.89503" lon="6.63668">
        <ele>1214.3</ele>
      </trkpt>
      <trkpt lat="44.89502" lon="6.63668">
        <ele>1214.2</ele>
      </trkpt>
      <trkpt lat="44.89501" lon="6.63669">
        <ele>1214.3</ele>
      </trkpt>
      <trkpt lat="44.895" lon="6.63669">
        <ele>1214.3</ele>
      </trkpt>
      <trkpt lat="44.89499" lon="6.6367">
        <ele>1214.4</ele>
      </trkpt>
      <trkpt lat="44.894979" lon="6.6367">
        <ele>1214.4</ele>
      </trkpt>
      <trkpt lat="44.894979" lon="6.63671">
        <ele>1214.6</ele>
      </trkpt>
      <trkpt lat="44.89497" lon="6.63672">
        <ele>1214.7</ele>
      </trkpt>
      <trkpt lat="44.89497" lon="6.63673">
        <ele>1214.8</ele>
      </trkpt>
      <trkpt lat="44.89496" lon="6.63674">
        <ele>1215.0</ele>
      </trkpt>
      <trkpt lat="44.89496" lon="6.63675">
        <ele>1215.1</ele>
      </trkpt>
      <trkpt lat="44.89495" lon="6.63676">
        <ele>1215.2</ele>
      </trkpt>
      <trkpt lat="44.89495" lon="6.63677">
        <ele>1215.3</ele>
      </trkpt>
      <trkpt lat="44.89495" lon="6.63678">
        <ele>1215.5</ele>
      </trkpt>
      <trkpt lat="44.89495" lon="6.63679">
        <ele>1215.6</ele>
      </trkpt>
      <trkpt lat="44.89495" lon="6.6368">
        <ele>1215.7</ele>
      </trkpt>
      <trkpt lat="44.89495" lon="6.63681">
        <ele>1215.8</ele>
      </trkpt>
      <trkpt lat="44.89495" lon="6.63682">
        <ele>1215.9</ele>
      </trkpt>
      <trkpt lat="44.89495" lon="6.63683">
        <ele>1216.0</ele>
      </trkpt>
      <trkpt lat="44.89495" lon="6.63684">
        <ele>1216.2</ele>
      </trkpt>
      <trkpt lat="44.89495" lon="6.63685">
        <ele>1216.3</ele>
      </trkpt>
      <trkpt lat="44.89495" lon="6.63686">
        <ele>1216.4</ele>
      </trkpt>
      <trkpt lat="44.89496" lon="6.63686">
        <ele>1216.4</ele>
      </trkpt>
      <trkpt lat="44.89496" lon="6.63687">
        <ele>1216.5</ele>
      </trkpt>
      <trkpt lat="44.89496" lon="6.63688">
        <ele>1216.6</ele>
      </trkpt>
      <trkpt lat="44.89497" lon="6.63689">
        <ele>1216.7</ele>
      </trkpt>
      <trkpt lat="44.89497" lon="6.6369">
        <ele>1216.8</ele>
      </trkpt>
      <trkpt lat="44.894979" lon="6.6369">
        <ele>1216.8</ele>
      </trkpt>
      <trkpt lat="44.894979" lon="6.63691">
        <ele>1216.9</ele>
      </trkpt>
      <trkpt lat="44.89499" lon="6.63691">
        <ele>1216.9</ele>
      </trkpt>
      <trkpt lat="44.89482" lon="6.63708">
        <ele>1219.1</ele>
      </trkpt>
      <trkpt lat="44.89472" lon="6.63719">
        <ele>1220.3</ele>
      </trkpt>
      <trkpt lat="44.89468" lon="6.63723">
        <ele>1220.7</ele>
      </trkpt>
      <trkpt lat="44.89463" lon="6.63727">
        <ele>1221.2</ele>
      </trkpt>
      <trkpt lat="44.89453" lon="6.63735">
        <ele>1221.9</ele>
      </trkpt>
      <trkpt lat="44.89437" lon="6.63746">
        <ele>1222.9</ele>
      </trkpt>
      <trkpt lat="44.89424" lon="6.63754">
        <ele>1224.1</ele>
      </trkpt>
      <trkpt lat="44.89414" lon="6.63757">
        <ele>1224.7</ele>
      </trkpt>
      <trkpt lat="44.89406" lon="6.63762">
        <ele>1225.8</ele>
      </trkpt>
      <trkpt lat="44.89403" lon="6.63763">
        <ele>1226.0</ele>
      </trkpt>
      <trkpt lat="44.89397" lon="6.63766">
        <ele>1226.6</ele>
      </trkpt>
      <trkpt lat="44.89389" lon="6.63769">
        <ele>1227.2</ele>
      </trkpt>
      <trkpt lat="44.89369" lon="6.637749">
        <ele>1228.3</ele>
      </trkpt>
      <trkpt lat="44.89351" lon="6.637819">
        <ele>1229.8</ele>
      </trkpt>
      <trkpt lat="44.89333" lon="6.637889">
        <ele>1231.3</ele>
      </trkpt>
      <trkpt lat="44.8932" lon="6.63791">
        <ele>1232.5</ele>
      </trkpt>
      <trkpt lat="44.89316" lon="6.63791">
        <ele>1232.7</ele>
      </trkpt>
      <trkpt lat="44.89308" lon="6.63792">
        <ele>1233.3</ele>
      </trkpt>
      <trkpt lat="44.89289" lon="6.63791">
        <ele>1234.0</ele>
      </trkpt>
      <trkpt lat="44.8928" lon="6.63791">
        <ele>1234.4</ele>
      </trkpt>
      <trkpt lat="44.89262" lon="6.63791">
        <ele>1235.2</ele>
      </trkpt>
      <trkpt lat="44.89252" lon="6.6379">
        <ele>1235.5</ele>
      </trkpt>
      <trkpt lat="44.89241" lon="6.6379">
        <ele>1235.9</ele>
      </trkpt>
      <trkpt lat="44.89232" lon="6.63791">
        <ele>1236.6</ele>
      </trkpt>
      <trkpt lat="44.89221" lon="6.63793">
        <ele>1237.6</ele>
      </trkpt>
      <trkpt lat="44.89187" lon="6.63801">
        <ele>1240.9</ele>
      </trkpt>
      <trkpt lat="44.89161" lon="6.63807">
        <ele>1242.9</ele>
      </trkpt>
      <trkpt lat="44.89148" lon="6.63813">
        <ele>1243.9</ele>
      </trkpt>
      <trkpt lat="44.89137" lon="6.63819">
        <ele>1244.7</ele>
      </trkpt>
      <trkpt lat="44.89124" lon="6.638289">
        <ele>1246.2</ele>
      </trkpt>
      <trkpt lat="44.89101" lon="6.63848">
        <ele>1248.4</ele>
      </trkpt>
      <trkpt lat="44.89094" lon="6.63853">
        <ele>1248.8</ele>
      </trkpt>
      <trkpt lat="44.89064" lon="6.63877">
        <ele>1251.9</ele>
      </trkpt>
      <trkpt lat="44.89046" lon="6.63891">
        <ele>1254.1</ele>
      </trkpt>
      <trkpt lat="44.89037" lon="6.63896">
        <ele>1255.0</ele>
      </trkpt>
      <trkpt lat="44.89028" lon="6.63899">
        <ele>1255.5</ele>
      </trkpt>
      <trkpt lat="44.89015" lon="6.63901">
        <ele>1255.8</ele>
      </trkpt>
      <trkpt lat="44.88996" lon="6.63902">
        <ele>1255.9</ele>
      </trkpt>
      <trkpt lat="44.88994" lon="6.63902">
        <ele>1255.9</ele>
      </trkpt>
      <trkpt lat="44.88978" lon="6.639039">
        <ele>1256.4</ele>
      </trkpt>
      <trkpt lat="44.88967" lon="6.63905">
        <ele>1256.7</ele>
      </trkpt>
      <trkpt lat="44.88961" lon="6.63907">
        <ele>1257.1</ele>
      </trkpt>
      <trkpt lat="44.88958" lon="6.63908">
        <ele>1257.3</ele>
      </trkpt>
      <trkpt lat="44.889539" lon="6.639109">
        <ele>1257.9</ele>
      </trkpt>
      <trkpt lat="44.88943" lon="6.63918">
        <ele>1259.2</ele>
      </trkpt>
      <trkpt lat="44.88933" lon="6.63923">
        <ele>1259.7</ele>
      </trkpt>
      <trkpt lat="44.88926" lon="6.63925">
        <ele>1259.9</ele>
      </trkpt>
      <trkpt lat="44.88919" lon="6.63926">
        <ele>1259.9</ele>
      </trkpt>
      <trkpt lat="44.88909" lon="6.63927">
        <ele>1259.5</ele>
      </trkpt>
      <trkpt lat="44.889" lon="6.63928">
        <ele>1259.1</ele>
      </trkpt>
      <trkpt lat="44.88892" lon="6.63931">
        <ele>1258.8</ele>
      </trkpt>
      <trkpt lat="44.88885" lon="6.63935">
        <ele>1258.8</ele>
      </trkpt>
      <trkpt lat="44.888779" lon="6.63941">
        <ele>1258.9</ele>
      </trkpt>
      <trkpt lat="44.88875" lon="6.63947">
        <ele>1259.2</ele>
      </trkpt>
      <trkpt lat="44.88873" lon="6.63953">
        <ele>1259.6</ele>
      </trkpt>
      <trkpt lat="44.88872" lon="6.63963">
        <ele>1260.5</ele>
      </trkpt>
      <trkpt lat="44.88872" lon="6.63971">
        <ele>1261.2</ele>
      </trkpt>
      <trkpt lat="44.88874" lon="6.6398">
        <ele>1262.1</ele>
      </trkpt>
      <trkpt lat="44.88875" lon="6.63983">
        <ele>1262.5</ele>
      </trkpt>
      <trkpt lat="44.88879" lon="6.63991">
        <ele>1263.5</ele>
      </trkpt>
      <trkpt lat="44.88891" lon="6.64006">
        <ele>1265.7</ele>
      </trkpt>
      <trkpt lat="44.889" lon="6.64017">
        <ele>1267.3</ele>
      </trkpt>
      <trkpt lat="44.88903" lon="6.6402">
        <ele>1267.7</ele>
      </trkpt>
      <trkpt lat="44.88919" lon="6.64032">
        <ele>1269.9</ele>
      </trkpt>
      <trkpt lat="44.88927" lon="6.64039">
        <ele>1271.2</ele>
      </trkpt>
      <trkpt lat="44.88935" lon="6.64044">
        <ele>1272.4</ele>
      </trkpt>
      <trkpt lat="44.88943" lon="6.64045">
        <ele>1273.2</ele>
      </trkpt>
      <trkpt lat="44.88951" lon="6.64044">
        <ele>1273.8</ele>
      </trkpt>
      <trkpt lat="44.88956" lon="6.64041">
        <ele>1274.0</ele>
      </trkpt>
      <trkpt lat="44.88962" lon="6.64034">
        <ele>1273.9</ele>
      </trkpt>
      <trkpt lat="44.889629" lon="6.64032">
        <ele>1273.8</ele>
      </trkpt>
      <trkpt lat="44.8897" lon="6.64022">
        <ele>1273.5</ele>
      </trkpt>
      <trkpt lat="44.88975" lon="6.64014">
        <ele>1273.2</ele>
      </trkpt>
      <trkpt lat="44.88977" lon="6.64011">
        <ele>1273.1</ele>
      </trkpt>
      <trkpt lat="44.88985" lon="6.64002">
        <ele>1272.9</ele>
      </trkpt>
      <trkpt lat="44.88993" lon="6.63997">
        <ele>1272.9</ele>
      </trkpt>
      <trkpt lat="44.890009" lon="6.63992">
        <ele>1272.6</ele>
      </trkpt>
      <trkpt lat="44.890099" lon="6.63989">
        <ele>1272.4</ele>
      </trkpt>
      <trkpt lat="44.8902" lon="6.63988">
        <ele>1272.7</ele>
      </trkpt>
      <trkpt lat="44.89028" lon="6.63988">
        <ele>1273.0</ele>
      </trkpt>
      <trkpt lat="44.89044" lon="6.63993">
        <ele>1274.7</ele>
      </trkpt>
      <trkpt lat="44.89058" lon="6.63999">
        <ele>1276.6</ele>
      </trkpt>
      <trkpt lat="44.89077" lon="6.64009">
        <ele>1278.8</ele>
      </trkpt>
      <trkpt lat="44.8908" lon="6.64011">
        <ele>1279.2</ele>
      </trkpt>
      <trkpt lat="44.89096" lon="6.6402">
        <ele>1280.8</ele>
      </trkpt>
      <trkpt lat="44.89108" lon="6.64028">
        <ele>1282.2</ele>
      </trkpt>
      <trkpt lat="44.89111" lon="6.64031">
        <ele>1282.6</ele>
      </trkpt>
      <trkpt lat="44.891219" lon="6.64038">
        <ele>1283.9</ele>
      </trkpt>
      <trkpt lat="44.89136" lon="6.64051">
        <ele>1286.2</ele>
      </trkpt>
      <trkpt lat="44.89148" lon="6.64063">
        <ele>1288.3</ele>
      </trkpt>
      <trkpt lat="44.89158" lon="6.64068">
        <ele>1289.4</ele>
      </trkpt>
      <trkpt lat="44.89165" lon="6.64071">
        <ele>1290.2</ele>
      </trkpt>
      <trkpt lat="44.89167" lon="6.640729">
        <ele>1290.5</ele>
      </trkpt>
      <trkpt lat="44.89173" lon="6.64074">
        <ele>1291.1</ele>
      </trkpt>
      <trkpt lat="44.89179" lon="6.64075">
        <ele>1291.6</ele>
      </trkpt>
      <trkpt lat="44.89185" lon="6.64075">
        <ele>1291.9</ele>
      </trkpt>
      <trkpt lat="44.891979" lon="6.640729">
        <ele>1292.5</ele>
      </trkpt>
      <trkpt lat="44.89221" lon="6.64069">
        <ele>1293.4</ele>
      </trkpt>
      <trkpt lat="44.89231" lon="6.640659">
        <ele>1293.7</ele>
      </trkpt>
      <trkpt lat="44.89234" lon="6.64064">
        <ele>1293.6</ele>
      </trkpt>
      <trkpt lat="44.892359" lon="6.64063">
        <ele>1293.6</ele>
      </trkpt>
      <trkpt lat="44.89242" lon="6.64058">
        <ele>1293.4</ele>
      </trkpt>
      <trkpt lat="44.8925" lon="6.6405">
        <ele>1293.0</ele>
      </trkpt>
      <trkpt lat="44.89264" lon="6.64036">
        <ele>1292.3</ele>
      </trkpt>
      <trkpt lat="44.89272" lon="6.64028">
        <ele>1291.8</ele>
      </trkpt>
      <trkpt lat="44.89279" lon="6.64023">
        <ele>1291.5</ele>
      </trkpt>
      <trkpt lat="44.8928" lon="6.64023">
        <ele>1291.6</ele>
      </trkpt>
      <trkpt lat="44.89284" lon="6.64022">
        <ele>1291.7</ele>
      </trkpt>
      <trkpt lat="44.89291" lon="6.64023">
        <ele>1292.3</ele>
      </trkpt>
      <trkpt lat="44.89295" lon="6.64025">
        <ele>1292.8</ele>
      </trkpt>
      <trkpt lat="44.89297" lon="6.64027">
        <ele>1293.2</ele>
      </trkpt>
      <trkpt lat="44.893" lon="6.6403">
        <ele>1293.9</ele>
      </trkpt>
      <trkpt lat="44.89303" lon="6.64034">
        <ele>1294.7</ele>
      </trkpt>
      <trkpt lat="44.89305" lon="6.64042">
        <ele>1296.0</ele>
      </trkpt>
      <trkpt lat="44.89306" lon="6.6405">
        <ele>1297.3</ele>
      </trkpt>
      <trkpt lat="44.89304" lon="6.640659">
        <ele>1299.6</ele>
      </trkpt>
      <trkpt lat="44.89302" lon="6.64072">
        <ele>1300.3</ele>
      </trkpt>
      <trkpt lat="44.893009" lon="6.64081">
        <ele>1301.6</ele>
      </trkpt>
      <trkpt lat="44.893009" lon="6.64092">
        <ele>1302.4</ele>
      </trkpt>
      <trkpt lat="44.89303" lon="6.64101">
        <ele>1303.1</ele>
      </trkpt>
      <trkpt lat="44.89305" lon="6.64109">
        <ele>1303.8</ele>
      </trkpt>
      <trkpt lat="44.89309" lon="6.64124">
        <ele>1305.2</ele>
      </trkpt>
      <trkpt lat="44.89314" lon="6.641409">
        <ele>1306.8</ele>
      </trkpt>
      <trkpt lat="44.89315" lon="6.64146">
        <ele>1307.3</ele>
      </trkpt>
      <trkpt lat="44.89319" lon="6.64164">
        <ele>1308.9</ele>
      </trkpt>
      <trkpt lat="44.89321" lon="6.64176">
        <ele>1310.0</ele>
      </trkpt>
      <trkpt lat="44.89323" lon="6.64194">
        <ele>1311.3</ele>
      </trkpt>
      <trkpt lat="44.89324" lon="6.64206">
        <ele>1312.2</ele>
      </trkpt>
      <trkpt lat="44.8932" lon="6.64219">
        <ele>1312.5</ele>
      </trkpt>
      <trkpt lat="44.89317" lon="6.64228">
        <ele>1312.7</ele>
      </trkpt>
      <trkpt lat="44.893099" lon="6.64242">
        <ele>1312.7</ele>
      </trkpt>
      <trkpt lat="44.89306" lon="6.64252">
        <ele>1312.9</ele>
      </trkpt>
      <trkpt lat="44.89302" lon="6.64264">
        <ele>1313.8</ele>
      </trkpt>
      <trkpt lat="44.89298" lon="6.6428">
        <ele>1315.1</ele>
      </trkpt>
      <trkpt lat="44.89296" lon="6.64299">
        <ele>1316.9</ele>
      </trkpt>
      <trkpt lat="44.89295" lon="6.6432">
        <ele>1319.0</ele>
      </trkpt>
      <trkpt lat="44.89296" lon="6.64351">
        <ele>1321.5</ele>
      </trkpt>
      <trkpt lat="44.89297" lon="6.64377">
        <ele>1323.0</ele>
      </trkpt>
      <trkpt lat="44.89298" lon="6.6439">
        <ele>1323.8</ele>
      </trkpt>
      <trkpt lat="44.89298" lon="6.64405">
        <ele>1324.6</ele>
      </trkpt>
      <trkpt lat="44.89298" lon="6.64412">
        <ele>1324.9</ele>
      </trkpt>
      <trkpt lat="44.89298" lon="6.64417">
        <ele>1325.2</ele>
      </trkpt>
      <trkpt lat="44.89297" lon="6.64431">
        <ele>1325.4</ele>
      </trkpt>
      <trkpt lat="44.89294" lon="6.64443">
        <ele>1325.4</ele>
      </trkpt>
      <trkpt lat="44.89285" lon="6.64465">
        <ele>1324.8</ele>
      </trkpt>
      <trkpt lat="44.89278" lon="6.64478">
        <ele>1324.3</ele>
      </trkpt>
      <trkpt lat="44.89272" lon="6.64491">
        <ele>1323.7</ele>
      </trkpt>
      <trkpt lat="44.89268" lon="6.64505">
        <ele>1323.9</ele>
      </trkpt>
      <trkpt lat="44.89268" lon="6.645069">
        <ele>1324.2</ele>
      </trkpt>
      <trkpt lat="44.89266" lon="6.645209">
        <ele>1325.5</ele>
      </trkpt>
      <trkpt lat="44.89265" lon="6.64531">
        <ele>1326.5</ele>
      </trkpt>
      <trkpt lat="44.89265" lon="6.64531">
        <ele>1326.5</ele>
      </trkpt>
      <trkpt lat="44.89265" lon="6.64535">
        <ele>1326.9</ele>
      </trkpt>
      <trkpt lat="44.89264" lon="6.64539">
        <ele>1327.2</ele>
      </trkpt>
      <trkpt lat="44.8926" lon="6.64556">
        <ele>1328.5</ele>
      </trkpt>
      <trkpt lat="44.8926" lon="6.64557">
        <ele>1328.6</ele>
      </trkpt>
      <trkpt lat="44.89257" lon="6.64563">
        <ele>1328.9</ele>
      </trkpt>
      <trkpt lat="44.89255" lon="6.645679">
        <ele>1329.1</ele>
      </trkpt>
      <trkpt lat="44.8925" lon="6.6458">
        <ele>1329.6</ele>
      </trkpt>
      <trkpt lat="44.89244" lon="6.64589">
        <ele>1330.7</ele>
      </trkpt>
      <trkpt lat="44.89242" lon="6.6459">
        <ele>1330.8</ele>
      </trkpt>
      <trkpt lat="44.89238" lon="6.64595">
        <ele>1331.5</ele>
      </trkpt>
      <trkpt lat="44.8923" lon="6.64598">
        <ele>1331.7</ele>
      </trkpt>
      <trkpt lat="44.89221" lon="6.64601">
        <ele>1331.8</ele>
      </trkpt>
      <trkpt lat="44.89215" lon="6.64604">
        <ele>1332.0</ele>
      </trkpt>
      <trkpt lat="44.89214" lon="6.64605">
        <ele>1332.1</ele>
      </trkpt>
      <trkpt lat="44.89213" lon="6.64605">
        <ele>1332.1</ele>
      </trkpt>
      <trkpt lat="44.89205" lon="6.64612">
        <ele>1332.8</ele>
      </trkpt>
      <trkpt lat="44.89201" lon="6.64616">
        <ele>1333.3</ele>
      </trkpt>
      <trkpt lat="44.892" lon="6.64618">
        <ele>1333.5</ele>
      </trkpt>
      <trkpt lat="44.892" lon="6.6462">
        <ele>1333.8</ele>
      </trkpt>
      <trkpt lat="44.89197" lon="6.64625">
        <ele>1334.5</ele>
      </trkpt>
      <trkpt lat="44.89194" lon="6.64638">
        <ele>1336.3</ele>
      </trkpt>
      <trkpt lat="44.89193" lon="6.64641">
        <ele>1336.7</ele>
      </trkpt>
      <trkpt lat="44.8919" lon="6.64648">
        <ele>1337.6</ele>
      </trkpt>
      <trkpt lat="44.89186" lon="6.64657">
        <ele>1338.7</ele>
      </trkpt>
      <trkpt lat="44.89181" lon="6.64665">
        <ele>1339.6</ele>
      </trkpt>
      <trkpt lat="44.89175" lon="6.64673">
        <ele>1340.5</ele>
      </trkpt>
      <trkpt lat="44.891689" lon="6.646759">
        <ele>1340.5</ele>
      </trkpt>
      <trkpt lat="44.89167" lon="6.64677">
        <ele>1340.5</ele>
      </trkpt>
      <trkpt lat="44.89159" lon="6.64682">
        <ele>1341.2</ele>
      </trkpt>
      <trkpt lat="44.89152" lon="6.64686">
        <ele>1341.7</ele>
      </trkpt>
      <trkpt lat="44.891509" lon="6.64687">
        <ele>1341.8</ele>
      </trkpt>
      <trkpt lat="44.89146" lon="6.646899">
        <ele>1342.2</ele>
      </trkpt>
      <trkpt lat="44.89135" lon="6.64694">
        <ele>1342.7</ele>
      </trkpt>
      <trkpt lat="44.89127" lon="6.646969">
        <ele>1343.0</ele>
      </trkpt>
      <trkpt lat="44.89119" lon="6.64698">
        <ele>1343.1</ele>
      </trkpt>
      <trkpt lat="44.891" lon="6.64699">
        <ele>1343.0</ele>
      </trkpt>
      <trkpt lat="44.89084" lon="6.64699">
        <ele>1342.9</ele>
      </trkpt>
      <trkpt lat="44.89082" lon="6.64698">
        <ele>1342.7</ele>
      </trkpt>
      <trkpt lat="44.89074" lon="6.64699">
        <ele>1342.8</ele>
      </trkpt>
      <trkpt lat="44.89067" lon="6.64699">
        <ele>1342.7</ele>
      </trkpt>
      <trkpt lat="44.89065" lon="6.647">
        <ele>1342.7</ele>
      </trkpt>
      <trkpt lat="44.89064" lon="6.64701">
        <ele>1342.8</ele>
      </trkpt>
      <trkpt lat="44.89061" lon="6.64702">
        <ele>1342.9</ele>
      </trkpt>
      <trkpt lat="44.89056" lon="6.64705">
        <ele>1343.1</ele>
      </trkpt>
      <trkpt lat="44.89051" lon="6.64711">
        <ele>1343.7</ele>
      </trkpt>
      <trkpt lat="44.8905" lon="6.64712">
        <ele>1343.8</ele>
      </trkpt>
      <trkpt lat="44.89045" lon="6.6472">
        <ele>1344.5</ele>
      </trkpt>
      <trkpt lat="44.8904" lon="6.64729">
        <ele>1345.3</ele>
      </trkpt>
      <trkpt lat="44.8904" lon="6.6473">
        <ele>1345.4</ele>
      </trkpt>
      <trkpt lat="44.89032" lon="6.64747">
        <ele>1346.9</ele>
      </trkpt>
      <trkpt lat="44.8903" lon="6.647509">
        <ele>1347.2</ele>
      </trkpt>
      <trkpt lat="44.89024" lon="6.64759">
        <ele>1348.3</ele>
      </trkpt>
      <trkpt lat="44.89018" lon="6.64766">
        <ele>1349.3</ele>
      </trkpt>
      <trkpt lat="44.89016" lon="6.64768">
        <ele>1349.6</ele>
      </trkpt>
      <trkpt lat="44.89011" lon="6.64771">
        <ele>1350.0</ele>
      </trkpt>
      <trkpt lat="44.89005" lon="6.64775">
        <ele>1350.6</ele>
      </trkpt>
      <trkpt lat="44.89004" lon="6.64775">
        <ele>1350.6</ele>
      </trkpt>
      <trkpt lat="44.88998" lon="6.64777">
        <ele>1351.1</ele>
      </trkpt>
      <trkpt lat="44.88996" lon="6.64777">
        <ele>1351.3</ele>
      </trkpt>
      <trkpt lat="44.889954" lon="6.647684">
        <ele>1349.8</ele>
      </trkpt>
      <trkpt lat="44.889249" lon="6.64756">
        <ele>1350.5</ele>
      </trkpt>
      <trkpt lat="44.88661" lon="6.64829">
        <ele>1367.7</ele>
      </trkpt>
      <trkpt lat="44.88515" lon="6.652389">
        <ele>1395.4</ele>
      </trkpt>
      <trkpt lat="44.8846" lon="6.65434">
        <ele>1398.9</ele>
      </trkpt>
      <trkpt lat="44.88424" lon="6.65937">
        <ele>1432.0</ele>
      </trkpt>
      <trkpt lat="44.88279" lon="6.66029">
        <ele>1414.4</ele>
      </trkpt>
      <trkpt lat="44.882219" lon="6.66263">
        <ele>1430.7</ele>
      </trkpt>
      <trkpt lat="44.881369" lon="6.66653">
        <ele>1439.9</ele>
      </trkpt>
      <trkpt lat="44.88197" lon="6.66937">
        <ele>1453.1</ele>
      </trkpt>
      <trkpt lat="44.88035" lon="6.67006">
        <ele>1425.6</ele>
      </trkpt>
      <trkpt lat="44.87994" lon="6.67163">
        <ele>1416.0</ele>
      </trkpt>
      <trkpt lat="44.87988" lon="6.67423">
        <ele>1427.8</ele>
      </trkpt>
      <trkpt lat="44.87943" lon="6.6764">
        <ele>1414.6</ele>
      </trkpt>
      <trkpt lat="44.87767" lon="6.68161">
        <ele>1428.0</ele>
      </trkpt>
      <trkpt lat="44.87712" lon="6.68715">
        <ele>1464.7</ele>
      </trkpt>
      <trkpt lat="44.87463" lon="6.69265">
        <ele>1494.3</ele>
      </trkpt>
      <trkpt lat="44.87305" lon="6.69431">
        <ele>1507.7</ele>
      </trkpt>
      <trkpt lat="44.87271" lon="6.69752">
        <ele>1520.0</ele>
      </trkpt>
      <trkpt lat="44.87164" lon="6.70148">
        <ele>1530.9</ele>
      </trkpt>
      <trkpt lat="44.869459" lon="6.70258">
        <ele>1515.2</ele>
      </trkpt>
      <trkpt lat="44.86789" lon="6.70904">
        <ele>1553.0</ele>
      </trkpt>
      <trkpt lat="44.86743" lon="6.71046">
        <ele>1569.5</ele>
      </trkpt>
      <trkpt lat="44.868049" lon="6.71362">
        <ele>1581.7</ele>
      </trkpt>
      <trkpt lat="44.86774" lon="6.7168">
        <ele>1600.0</ele>
      </trkpt>
      <trkpt lat="44.86858" lon="6.71943">
        <ele>1617.5</ele>
      </trkpt>
      <trkpt lat="44.86821" lon="6.72055">
        <ele>1605.1</ele>
      </trkpt>
      <trkpt lat="44.86869" lon="6.72308">
        <ele>1633.9</ele>
      </trkpt>
      <trkpt lat="44.87005" lon="6.72603">
        <ele>1640.4</ele>
      </trkpt>
      <trkpt lat="44.86961" lon="6.72613">
        <ele>1646.0</ele>
      </trkpt>
      <trkpt lat="44.86869" lon="6.72527">
        <ele>1654.8</ele>
      </trkpt>
      <trkpt lat="44.8653" lon="6.72455">
        <ele>1666.7</ele>
      </trkpt>
      <trkpt lat="44.86342" lon="6.72441">
        <ele>1659.7</ele>
      </trkpt>
      <trkpt lat="44.86216" lon="6.72483">
        <ele>1680.9</ele>
      </trkpt>
      <trkpt lat="44.85994" lon="6.72485">
        <ele>1697.5</ele>
      </trkpt>
      <trkpt lat="44.855289" lon="6.72719">
        <ele>1734.6</ele>
      </trkpt>
      <trkpt lat="44.852939" lon="6.72456">
        <ele>1767.1</ele>
      </trkpt>
      <trkpt lat="44.85035" lon="6.72508">
        <ele>1790.5</ele>
      </trkpt>
      <trkpt lat="44.84774" lon="6.72477">
        <ele>1807.0</ele>
      </trkpt>
      <trkpt lat="44.84612" lon="6.72571">
        <ele>1801.6</ele>
      </trkpt>
      <trkpt lat="44.844209" lon="6.72443">
        <ele>1852.8</ele>
      </trkpt>
      <trkpt lat="44.84529" lon="6.7245">
        <ele>1858.9</ele>
      </trkpt>
      <trkpt lat="44.84535" lon="6.72421">
        <ele>1865.4</ele>
      </trkpt>
      <trkpt lat="44.83643" lon="6.72283">
        <ele>1954.2</ele>
      </trkpt>
      <trkpt lat="44.83756" lon="6.72263">
        <ele>1954.7</ele>
      </trkpt>
      <trkpt lat="44.83602" lon="6.72183">
        <ele>1984.8</ele>
      </trkpt>
      <trkpt lat="44.83538" lon="6.72215">
        <ele>1989.4</ele>
      </trkpt>
      <trkpt lat="44.83495" lon="6.72328">
        <ele>1997.9</ele>
      </trkpt>
      <trkpt lat="44.83508" lon="6.72156">
        <ele>2012.7</ele>
      </trkpt>
      <trkpt lat="44.83415" lon="6.72359">
        <ele>2005.8</ele>
      </trkpt>
      <trkpt lat="44.83424" lon="6.72264">
        <ele>2024.3</ele>
      </trkpt>
      <trkpt lat="44.8329" lon="6.72355">
        <ele>2060.4</ele>
      </trkpt>
      <trkpt lat="44.83372" lon="6.72222">
        <ele>2046.4</ele>
      </trkpt>
      <trkpt lat="44.83218" lon="6.72303">
        <ele>2079.4</ele>
      </trkpt>
      <trkpt lat="44.83216" lon="6.72425">
        <ele>2084.8</ele>
      </trkpt>
      <trkpt lat="44.83181" lon="6.72347">
        <ele>2092.6</ele>
      </trkpt>
      <trkpt lat="44.83167" lon="6.72436">
        <ele>2088.6</ele>
      </trkpt>
      <trkpt lat="44.83086" lon="6.72417">
        <ele>2110.0</ele>
      </trkpt>
      <trkpt lat="44.8301" lon="6.72453">
        <ele>2108.7</ele>
      </trkpt>
      <trkpt lat="44.83054" lon="6.72365">
        <ele>2113.4</ele>
      </trkpt>
      <trkpt lat="44.83021" lon="6.72326">
        <ele>2112.6</ele>
      </trkpt>
      <trkpt lat="44.82709" lon="6.72587">
        <ele>2151.9</ele>
      </trkpt>
      <trkpt lat="44.82857" lon="6.72726">
        <ele>2178.4</ele>
      </trkpt>
      <trkpt lat="44.82835" lon="6.72784">
        <ele>2180.5</ele>
      </trkpt>
      <trkpt lat="44.82749" lon="6.72734">
        <ele>2181.8</ele>
      </trkpt>
      <trkpt lat="44.82621" lon="6.72833">
        <ele>2197.7</ele>
      </trkpt>
      <trkpt lat="44.82715" lon="6.72894">
        <ele>2205.8</ele>
      </trkpt>
      <trkpt lat="44.82568" lon="6.73082">
        <ele>2229.9</ele>
      </trkpt>
      <trkpt lat="44.82475" lon="6.73172">
        <ele>2247.9</ele>
      </trkpt>
      <trkpt lat="44.82372" lon="6.73249">
        <ele>2261.5</ele>
      </trkpt>
      <trkpt lat="44.82343" lon="6.73175">
        <ele>2249.5</ele>
      </trkpt>
      <trkpt lat="44.8228" lon="6.73202">
        <ele>2271.3</ele>
      </trkpt>
      <trkpt lat="44.82243" lon="6.73126">
        <ele>2279.0</ele>
      </trkpt>
      <trkpt lat="44.82235" lon="6.73298">
        <ele>2285.7</ele>
      </trkpt>
      <trkpt lat="44.82288" lon="6.7336">
        <ele>2275.5</ele>
      </trkpt>
      <trkpt lat="44.82224" lon="6.73379">
        <ele>2292.6</ele>
      </trkpt>
      <trkpt lat="44.82184" lon="6.73294">
        <ele>2305.5</ele>
      </trkpt>
      <trkpt lat="44.82196" lon="6.735">
        <ele>2323.7</ele>
      </trkpt>
      <trkpt lat="44.82248" lon="6.73614">
        <ele>2338.0</ele>
      </trkpt>
      <trkpt lat="44.82086" lon="6.73504">
        <ele>2354.9</ele>
      </trkpt>
      <trkpt lat="44.82099" lon="6.73419">
        <ele>2352.4</ele>
      </trkpt>
      <trkpt lat="44.82033" lon="6.73506">
        <ele>2365.4</ele>
      </trkpt>
      <trkpt lat="44.81879" lon="6.73455">
        <ele>2348.0</ele>
      </trkpt>
      <trkpt lat="44.81955" lon="6.7324">
        <ele>2340.8</ele>
      </trkpt>
      <trkpt lat="44.81767" lon="6.73448">
        <ele>2307.8</ele>
      </trkpt>
      <trkpt lat="44.81832" lon="6.73296">
        <ele>2296.8</ele>
      </trkpt>
      <trkpt lat="44.81819" lon="6.73269">
        <ele>2290.0</ele>
      </trkpt>
      <trkpt lat="44.81565" lon="6.73513">
        <ele>2286.4</ele>
      </trkpt>
      <trkpt lat="44.815689" lon="6.73602">
        <ele>2305.4</ele>
      </trkpt>
      <trkpt lat="44.81485" lon="6.7364">
        <ele>2274.2</ele>
      </trkpt>
      <trkpt lat="44.81391" lon="6.73614">
        <ele>2256.2</ele>
      </trkpt>
      <trkpt lat="44.81315" lon="6.73445">
        <ele>2223.5</ele>
      </trkpt>
      <trkpt lat="44.81149" lon="6.73554">
        <ele>2199.2</ele>
      </trkpt>
      <trkpt lat="44.81133" lon="6.73698">
        <ele>2203.3</ele>
      </trkpt>
      <trkpt lat="44.81023" lon="6.73835">
        <ele>2200.0</ele>
      </trkpt>
      <trkpt lat="44.80945" lon="6.73839">
        <ele>2197.3</ele>
      </trkpt>
      <trkpt lat="44.80866" lon="6.73722">
        <ele>2193.1</ele>
      </trkpt>
      <trkpt lat="44.807899" lon="6.73711">
        <ele>2221.1</ele>
      </trkpt>
      <trkpt lat="44.80753" lon="6.73616">
        <ele>2210.6</ele>
      </trkpt>
      <trkpt lat="44.80572" lon="6.7367">
        <ele>2192.0</ele>
      </trkpt>
      <trkpt lat="44.80355" lon="6.73759">
        <ele>2173.3</ele>
      </trkpt>
      <trkpt lat="44.80568" lon="6.73502">
        <ele>2160.3</ele>
      </trkpt>
      <trkpt lat="44.80402" lon="6.73444">
        <ele>2135.7</ele>
      </trkpt>
      <trkpt lat="44.80177" lon="6.73222">
        <ele>2124.2</ele>
      </trkpt>
      <trkpt lat="44.801" lon="6.73116">
        <ele>2088.6</ele>
      </trkpt>
      <trkpt lat="44.800849" lon="6.73146">
        <ele>2085.5</ele>
      </trkpt>
      <trkpt lat="44.802079" lon="6.734">
        <ele>2080.4</ele>
      </trkpt>
      <trkpt lat="44.80039" lon="6.73237">
        <ele>2064.3</ele>
      </trkpt>
      <trkpt lat="44.79936" lon="6.73213">
        <ele>2019.9</ele>
      </trkpt>
      <trkpt lat="44.79957" lon="6.73071">
        <ele>2007.9</ele>
      </trkpt>
      <trkpt lat="44.80015" lon="6.72958">
        <ele>2000.9</ele>
      </trkpt>
      <trkpt lat="44.799259" lon="6.73059">
        <ele>1986.6</ele>
      </trkpt>
      <trkpt lat="44.798609" lon="6.73244">
        <ele>1980.1</ele>
      </trkpt>
      <trkpt lat="44.79916" lon="6.72933">
        <ele>1964.0</ele>
      </trkpt>
      <trkpt lat="44.79896" lon="6.72951">
        <ele>1954.3</ele>
      </trkpt>
      <trkpt lat="44.79791" lon="6.73199">
        <ele>1932.4</ele>
      </trkpt>
      <trkpt lat="44.79714" lon="6.73244">
        <ele>1914.9</ele>
      </trkpt>
      <trkpt lat="44.79796" lon="6.73349">
        <ele>1932.5</ele>
      </trkpt>
      <trkpt lat="44.79839" lon="6.73454">
        <ele>1911.7</ele>
      </trkpt>
      <trkpt lat="44.79706" lon="6.73343">
        <ele>1901.5</ele>
      </trkpt>
      <trkpt lat="44.79606" lon="6.73231">
        <ele>1875.5</ele>
      </trkpt>
      <trkpt lat="44.79667" lon="6.73103">
        <ele>1858.5</ele>
      </trkpt>
      <trkpt lat="44.79692" lon="6.72909">
        <ele>1844.0</ele>
      </trkpt>
      <trkpt lat="44.796439" lon="6.72801">
        <ele>1815.3</ele>
      </trkpt>
      <trkpt lat="44.79347" lon="6.73125">
        <ele>1775.7</ele>
      </trkpt>
      <trkpt lat="44.78766" lon="6.73311">
        <ele>1716.6</ele>
      </trkpt>
      <trkpt lat="44.78608" lon="6.73323">
        <ele>1695.2</ele>
      </trkpt>
      <trkpt lat="44.78244" lon="6.73495">
        <ele>1674.1</ele>
      </trkpt>
      <trkpt lat="44.7806" lon="6.73544">
        <ele>1671.3</ele>
      </trkpt>
      <trkpt lat="44.77726" lon="6.73532">
        <ele>1623.9</ele>
      </trkpt>
      <trkpt lat="44.76959" lon="6.73692">
        <ele>1560.3</ele>
      </trkpt>
      <trkpt lat="44.76317" lon="6.74286">
        <ele>1531.7</ele>
      </trkpt>
      <trkpt lat="44.761629" lon="6.74368">
        <ele>1526.2</ele>
      </trkpt>
      <trkpt lat="44.75798" lon="6.74841">
        <ele>1500.0</ele>
      </trkpt>
      <trkpt lat="44.75668" lon="6.7504">
        <ele>1483.3</ele>
      </trkpt>
      <trkpt lat="44.75618" lon="6.75224">
        <ele>1475.2</ele>
      </trkpt>
      <trkpt lat="44.75467" lon="6.75567">
        <ele>1458.7</ele>
      </trkpt>
      <trkpt lat="44.75408" lon="6.75767">
        <ele>1447.2</ele>
      </trkpt>
      <trkpt lat="44.75244" lon="6.76158">
        <ele>1415.3</ele>
      </trkpt>
      <trkpt lat="44.75127" lon="6.76302">
        <ele>1414.0</ele>
      </trkpt>
      <trkpt lat="44.75023" lon="6.76559">
        <ele>1401.3</ele>
      </trkpt>
      <trkpt lat="44.74837" lon="6.7666">
        <ele>1390.0</ele>
      </trkpt>
      <trkpt lat="44.74776" lon="6.7688">
        <ele>1379.5</ele>
      </trkpt>
      <trkpt lat="44.74718" lon="6.7702">
        <ele>1379.4</ele>
      </trkpt>
      <trkpt lat="44.74812" lon="6.77213">
        <ele>1373.4</ele>
      </trkpt>
      <trkpt lat="44.74806" lon="6.77247">
        <ele>1372.7</ele>
      </trkpt>
      <trkpt lat="44.74673" lon="6.77074">
        <ele>1368.0</ele>
      </trkpt>
      <trkpt lat="44.74445" lon="6.76957">
        <ele>1363.9</ele>
      </trkpt>
      <trkpt lat="44.74456" lon="6.76747">
        <ele>1342.9</ele>
      </trkpt>
      <trkpt lat="44.74436" lon="6.76715">
        <ele>1341.3</ele>
      </trkpt>
      <trkpt lat="44.74412" lon="6.76739">
        <ele>1339.7</ele>
      </trkpt>
      <trkpt lat="44.74402" lon="6.76822">
        <ele>1353.9</ele>
      </trkpt>
      <trkpt lat="44.74363" lon="6.76757">
        <ele>1338.6</ele>
      </trkpt>
      <trkpt lat="44.74271" lon="6.76693">
        <ele>1327.8</ele>
      </trkpt>
      <trkpt lat="44.74157" lon="6.76657">
        <ele>1322.3</ele>
      </trkpt>
      <trkpt lat="44.73952" lon="6.76676">
        <ele>1272.5</ele>
      </trkpt>
      <trkpt lat="44.737879" lon="6.76852">
        <ele>1273.4</ele>
      </trkpt>
      <trkpt lat="44.73522" lon="6.76815">
        <ele>1250.9</ele>
      </trkpt>
      <trkpt lat="44.73156" lon="6.76695">
        <ele>1297.4</ele>
      </trkpt>
      <trkpt lat="44.72974" lon="6.7642">
        <ele>1304.1</ele>
      </trkpt>
      <trkpt lat="44.726" lon="6.76386">
        <ele>1305.3</ele>
      </trkpt>
      <trkpt lat="44.72389" lon="6.76249">
        <ele>1300.9</ele>
      </trkpt>
      <trkpt lat="44.7186" lon="6.76119">
        <ele>1221.4</ele>
      </trkpt>
      <trkpt lat="44.71607" lon="6.75694">
        <ele>1221.7</ele>
      </trkpt>
      <trkpt lat="44.71543" lon="6.75075">
        <ele>1205.6</ele>
      </trkpt>
      <trkpt lat="44.71232" lon="6.7441">
        <ele>1204.3</ele>
      </trkpt>
      <trkpt lat="44.70856" lon="6.73664">
        <ele>1187.7</ele>
      </trkpt>
      <trkpt lat="44.70854" lon="6.7334">
        <ele>1173.2</ele>
      </trkpt>
      <trkpt lat="44.70895" lon="6.73129">
        <ele>1176.3</ele>
      </trkpt>
      <trkpt lat="44.70524" lon="6.72267">
        <ele>1159.6</ele>
      </trkpt>
      <trkpt lat="44.70493" lon="6.71996">
        <ele>1167.0</ele>
      </trkpt>
      <trkpt lat="44.70329" lon="6.71877">
        <ele>1168.4</ele>
      </trkpt>
      <trkpt lat="44.70135" lon="6.7158">
        <ele>1145.6</ele>
      </trkpt>
      <trkpt lat="44.69811" lon="6.70904">
        <ele>1141.6</ele>
      </trkpt>
      <trkpt lat="44.69492" lon="6.7058">
        <ele>1128.1</ele>
      </trkpt>
      <trkpt lat="44.69274" lon="6.70427">
        <ele>1106.3</ele>
      </trkpt>
      <trkpt lat="44.69135" lon="6.70213">
        <ele>1114.3</ele>
      </trkpt>
      <trkpt lat="44.68669" lon="6.69851">
        <ele>1125.2</ele>
      </trkpt>
      <trkpt lat="44.68388" lon="6.69772">
        <ele>1115.6</ele>
      </trkpt>
      <trkpt lat="44.67884" lon="6.69521">
        <ele>1086.3</ele>
      </trkpt>
      <trkpt lat="44.67731" lon="6.69374">
        <ele>1067.2</ele>
      </trkpt>
      <trkpt lat="44.67689" lon="6.69389">
        <ele>1065.2</ele>
      </trkpt>
      <trkpt lat="44.67643" lon="6.69319">
        <ele>1064.7</ele>
      </trkpt>
      <trkpt lat="44.67527" lon="6.69023">
        <ele>1069.3</ele>
      </trkpt>
      <trkpt lat="44.67404" lon="6.68647">
        <ele>1092.0</ele>
      </trkpt>
      <trkpt lat="44.67453" lon="6.68529">
        <ele>1070.9</ele>
      </trkpt>
      <trkpt lat="44.67418" lon="6.68453">
        <ele>1081.1</ele>
      </trkpt>
      <trkpt lat="44.6709" lon="6.68155">
        <ele>1113.9</ele>
      </trkpt>
      <trkpt lat="44.66935" lon="6.68038">
        <ele>1166.9</ele>
      </trkpt>
      <trkpt lat="44.66886" lon="6.67905">
        <ele>1149.7</ele>
      </trkpt>
      <trkpt lat="44.66894" lon="6.67647">
        <ele>1115.4</ele>
      </trkpt>
      <trkpt lat="44.66861" lon="6.67506">
        <ele>1087.5</ele>
      </trkpt>
      <trkpt lat="44.66762" lon="6.67371">
        <ele>1088.5</ele>
      </trkpt>
      <trkpt lat="44.66684" lon="6.67">
        <ele>1104.7</ele>
      </trkpt>
      <trkpt lat="44.66622" lon="6.66859">
        <ele>1130.3</ele>
      </trkpt>
      <trkpt lat="44.666559" lon="6.66688">
        <ele>1058.0</ele>
      </trkpt>
      <trkpt lat="44.66541" lon="6.66583">
        <ele>1103.1</ele>
      </trkpt>
      <trkpt lat="44.66339" lon="6.66185">
        <ele>1099.7</ele>
      </trkpt>
      <trkpt lat="44.66127" lon="6.659639">
        <ele>1082.1</ele>
      </trkpt>
      <trkpt lat="44.65609" lon="6.654899">
        <ele>1064.6</ele>
      </trkpt>
      <trkpt lat="44.65617" lon="6.65442">
        <ele>1055.2</ele>
      </trkpt>
      <trkpt lat="44.65593" lon="6.65435">
        <ele>1056.7</ele>
      </trkpt>
      <trkpt lat="44.65455" lon="6.65485">
        <ele>1038.5</ele>
      </trkpt>
      <trkpt lat="44.653799" lon="6.65469">
        <ele>1051.4</ele>
      </trkpt>
      <trkpt lat="44.65391" lon="6.65365">
        <ele>1057.3</ele>
      </trkpt>
      <trkpt lat="44.65502" lon="6.65206">
        <ele>1030.3</ele>
      </trkpt>
      <trkpt lat="44.65548" lon="6.65068">
        <ele>1041.0</ele>
      </trkpt>
      <trkpt lat="44.6542" lon="6.64954">
        <ele>1055.5</ele>
      </trkpt>
      <trkpt lat="44.65429" lon="6.65072">
        <ele>1067.6</ele>
      </trkpt>
      <trkpt lat="44.65388" lon="6.65207">
        <ele>1074.1</ele>
      </trkpt>
      <trkpt lat="44.65344" lon="6.65207">
        <ele>1078.8</ele>
      </trkpt>
      <trkpt lat="44.65289" lon="6.6498">
        <ele>1080.0</ele>
      </trkpt>
      <trkpt lat="44.650799" lon="6.6504">
        <ele>1100.5</ele>
      </trkpt>
      <trkpt lat="44.65059" lon="6.65203">
        <ele>1122.4</ele>
      </trkpt>
      <trkpt lat="44.65004" lon="6.65419">
        <ele>1137.3</ele>
      </trkpt>
      <trkpt lat="44.6485" lon="6.65524">
        <ele>1150.1</ele>
      </trkpt>
      <trkpt lat="44.64557" lon="6.65546">
        <ele>1174.6</ele>
      </trkpt>
      <trkpt lat="44.64372" lon="6.65691">
        <ele>1193.7</ele>
      </trkpt>
      <trkpt lat="44.64385" lon="6.657339">
        <ele>1204.5</ele>
      </trkpt>
      <trkpt lat="44.64562" lon="6.65648">
        <ele>1195.2</ele>
      </trkpt>
      <trkpt lat="44.64512" lon="6.65846">
        <ele>1217.7</ele>
      </trkpt>
      <trkpt lat="44.64305" lon="6.6617">
        <ele>1261.1</ele>
      </trkpt>
      <trkpt lat="44.64124" lon="6.66205">
        <ele>1271.6</ele>
      </trkpt>
      <trkpt lat="44.64119" lon="6.66263">
        <ele>1289.6</ele>
      </trkpt>
      <trkpt lat="44.64311" lon="6.66234">
        <ele>1294.9</ele>
      </trkpt>
      <trkpt lat="44.64326" lon="6.66286">
        <ele>1306.3</ele>
      </trkpt>
      <trkpt lat="44.64174" lon="6.663439">
        <ele>1326.8</ele>
      </trkpt>
      <trkpt lat="44.64055" lon="6.66568">
        <ele>1360.4</ele>
      </trkpt>
      <trkpt lat="44.63732" lon="6.66585">
        <ele>1384.8</ele>
      </trkpt>
      <trkpt lat="44.63811" lon="6.66619">
        <ele>1389.2</ele>
      </trkpt>
      <trkpt lat="44.63994" lon="6.66732">
        <ele>1429.5</ele>
      </trkpt>
      <trkpt lat="44.63877" lon="6.66736">
        <ele>1428.0</ele>
      </trkpt>
      <trkpt lat="44.63705" lon="6.66852">
        <ele>1426.2</ele>
      </trkpt>
      <trkpt lat="44.63614" lon="6.6686">
        <ele>1449.8</ele>
      </trkpt>
      <trkpt lat="44.6376" lon="6.66938">
        <ele>1451.9</ele>
      </trkpt>
      <trkpt lat="44.63761" lon="6.66984">
        <ele>1460.3</ele>
      </trkpt>
      <trkpt lat="44.63499" lon="6.66965">
        <ele>1488.4</ele>
      </trkpt>
      <trkpt lat="44.63309" lon="6.67177">
        <ele>1496.5</ele>
      </trkpt>
      <trkpt lat="44.63444" lon="6.67286">
        <ele>1533.0</ele>
      </trkpt>
      <trkpt lat="44.63469" lon="6.67458">
        <ele>1530.4</ele>
      </trkpt>
      <trkpt lat="44.63326" lon="6.67669">
        <ele>1545.9</ele>
      </trkpt>
      <trkpt lat="44.63131" lon="6.67729">
        <ele>1569.6</ele>
      </trkpt>
      <trkpt lat="44.62939" lon="6.67888">
        <ele>1589.3</ele>
      </trkpt>
      <trkpt lat="44.62794" lon="6.681129">
        <ele>1627.6</ele>
      </trkpt>
      <trkpt lat="44.626309" lon="6.68017">
        <ele>1609.8</ele>
      </trkpt>
      <trkpt lat="44.62558" lon="6.68098">
        <ele>1621.7</ele>
      </trkpt>
      <trkpt lat="44.62493" lon="6.683029">
        <ele>1622.7</ele>
      </trkpt>
      <trkpt lat="44.6216" lon="6.68323">
        <ele>1632.0</ele>
      </trkpt>
      <trkpt lat="44.62094" lon="6.68414">
        <ele>1647.2</ele>
      </trkpt>
      <trkpt lat="44.61962" lon="6.6836">
        <ele>1646.2</ele>
      </trkpt>
      <trkpt lat="44.61855" lon="6.68392">
        <ele>1650.3</ele>
      </trkpt>
      <trkpt lat="44.61689" lon="6.68519">
        <ele>1653.2</ele>
      </trkpt>
      <trkpt lat="44.614669" lon="6.68567">
        <ele>1636.9</ele>
      </trkpt>
      <trkpt lat="44.61307" lon="6.68703">
        <ele>1635.3</ele>
      </trkpt>
      <trkpt lat="44.60984" lon="6.68849">
        <ele>1633.1</ele>
      </trkpt>
      <trkpt lat="44.60506" lon="6.68942">
        <ele>1640.3</ele>
      </trkpt>
      <trkpt lat="44.60345" lon="6.6887">
        <ele>1632.0</ele>
      </trkpt>
      <trkpt lat="44.5986" lon="6.689809">
        <ele>1650.5</ele>
      </trkpt>
      <trkpt lat="44.59466" lon="6.68989">
        <ele>1650.9</ele>
      </trkpt>
      <trkpt lat="44.59276" lon="6.68932">
        <ele>1669.8</ele>
      </trkpt>
      <trkpt lat="44.59085" lon="6.6877">
        <ele>1680.9</ele>
      </trkpt>
      <trkpt lat="44.5897" lon="6.68777">
        <ele>1660.0</ele>
      </trkpt>
      <trkpt lat="44.58659" lon="6.68659">
        <ele>1752.5</ele>
      </trkpt>
      <trkpt lat="44.58452" lon="6.68351">
        <ele>1775.4</ele>
      </trkpt>
      <trkpt lat="44.58316" lon="6.68267">
        <ele>1773.8</ele>
      </trkpt>
      <trkpt lat="44.579949" lon="6.68448">
        <ele>1775.3</ele>
      </trkpt>
      <trkpt lat="44.57768" lon="6.68292">
        <ele>1807.9</ele>
      </trkpt>
      <trkpt lat="44.57558" lon="6.68208">
        <ele>1825.1</ele>
      </trkpt>
      <trkpt lat="44.57387" lon="6.682">
        <ele>1838.2</ele>
      </trkpt>
      <trkpt lat="44.57295" lon="6.68024">
        <ele>1858.6</ele>
      </trkpt>
      <trkpt lat="44.57224" lon="6.679979">
        <ele>1851.9</ele>
      </trkpt>
      <trkpt lat="44.57168" lon="6.6806">
        <ele>1860.1</ele>
      </trkpt>
      <trkpt lat="44.57108" lon="6.682629">
        <ele>1884.4</ele>
      </trkpt>
      <trkpt lat="44.569249" lon="6.68298">
        <ele>1889.9</ele>
      </trkpt>
      <trkpt lat="44.56945" lon="6.68416">
        <ele>1906.9</ele>
      </trkpt>
      <trkpt lat="44.56826" lon="6.68499">
        <ele>1915.0</ele>
      </trkpt>
      <trkpt lat="44.56702" lon="6.68518">
        <ele>1918.8</ele>
      </trkpt>
      <trkpt lat="44.56622" lon="6.686149">
        <ele>1918.4</ele>
      </trkpt>
      <trkpt lat="44.56162" lon="6.68983">
        <ele>1942.1</ele>
      </trkpt>
      <trkpt lat="44.55983" lon="6.69216">
        <ele>1967.5</ele>
      </trkpt>
      <trkpt lat="44.55724" lon="6.69445">
        <ele>1981.7</ele>
      </trkpt>
      <trkpt lat="44.55637" lon="6.69724">
        <ele>1983.7</ele>
      </trkpt>
      <trkpt lat="44.55502" lon="6.69873">
        <ele>1978.0</ele>
      </trkpt>
      <trkpt lat="44.55283" lon="6.6996">
        <ele>1995.8</ele>
      </trkpt>
      <trkpt lat="44.551139" lon="6.70055">
        <ele>2014.0</ele>
      </trkpt>
      <trkpt lat="44.54834" lon="6.702689">
        <ele>2042.0</ele>
      </trkpt>
      <trkpt lat="44.54694" lon="6.70237">
        <ele>2049.4</ele>
      </trkpt>
      <trkpt lat="44.54166" lon="6.70258">
        <ele>2099.9</ele>
      </trkpt>
      <trkpt lat="44.53996" lon="6.7022">
        <ele>2100.1</ele>
      </trkpt>
      <trkpt lat="44.53867" lon="6.70289">
        <ele>2100.7</ele>
      </trkpt>
      <trkpt lat="44.53617" lon="6.703439">
        <ele>2076.2</ele>
      </trkpt>
      <trkpt lat="44.53482" lon="6.70487">
        <ele>2054.8</ele>
      </trkpt>
      <trkpt lat="44.5334" lon="6.70471">
        <ele>2042.7</ele>
      </trkpt>
      <trkpt lat="44.53203" lon="6.70155">
        <ele>2040.3</ele>
      </trkpt>
      <trkpt lat="44.53212" lon="6.70455">
        <ele>2005.7</ele>
      </trkpt>
      <trkpt lat="44.53283" lon="6.7079">
        <ele>1987.2</ele>
      </trkpt>
      <trkpt lat="44.53223" lon="6.7096">
        <ele>1950.5</ele>
      </trkpt>
      <trkpt lat="44.53109" lon="6.71138">
        <ele>1945.0</ele>
      </trkpt>
      <trkpt lat="44.53136" lon="6.71296">
        <ele>1937.8</ele>
      </trkpt>
      <trkpt lat="44.53087" lon="6.71288">
        <ele>1929.3</ele>
      </trkpt>
      <trkpt lat="44.53043" lon="6.71101">
        <ele>1909.0</ele>
      </trkpt>
      <trkpt lat="44.530589" lon="6.70991">
        <ele>1896.6</ele>
      </trkpt>
      <trkpt lat="44.52951" lon="6.71276">
        <ele>1879.2</ele>
      </trkpt>
      <trkpt lat="44.52878" lon="6.72221">
        <ele>1801.1</ele>
      </trkpt>
      <trkpt lat="44.52801" lon="6.71748">
        <ele>1774.2</ele>
      </trkpt>
      <trkpt lat="44.52716" lon="6.71511">
        <ele>1758.3</ele>
      </trkpt>
      <trkpt lat="44.5267" lon="6.71851">
        <ele>1705.3</ele>
      </trkpt>
      <trkpt lat="44.52579" lon="6.72145">
        <ele>1679.8</ele>
      </trkpt>
      <trkpt lat="44.52555" lon="6.72573">
        <ele>1657.8</ele>
      </trkpt>
      <trkpt lat="44.52629" lon="6.72606">
        <ele>1681.3</ele>
      </trkpt>
      <trkpt lat="44.52604" lon="6.72676">
        <ele>1673.8</ele>
      </trkpt>
      <trkpt lat="44.52538" lon="6.72712">
        <ele>1657.9</ele>
      </trkpt>
      <trkpt lat="44.524859" lon="6.73214">
        <ele>1658.2</ele>
      </trkpt>
      <trkpt lat="44.52331" lon="6.73384">
        <ele>1636.9</ele>
      </trkpt>
      <trkpt lat="44.52296" lon="6.73717">
        <ele>1625.2</ele>
      </trkpt>
      <trkpt lat="44.52302" lon="6.739">
        <ele>1615.7</ele>
      </trkpt>
      <trkpt lat="44.52042" lon="6.74048">
        <ele>1588.3</ele>
      </trkpt>
      <trkpt lat="44.520069" lon="6.74119">
        <ele>1587.8</ele>
      </trkpt>
      <trkpt lat="44.52016" lon="6.74337">
        <ele>1568.9</ele>
      </trkpt>
      <trkpt lat="44.51822" lon="6.74559">
        <ele>1540.2</ele>
      </trkpt>
      <trkpt lat="44.51735" lon="6.74732">
        <ele>1528.5</ele>
      </trkpt>
      <trkpt lat="44.51711" lon="6.74903">
        <ele>1522.5</ele>
      </trkpt>
      <trkpt lat="44.51804" lon="6.75237">
        <ele>1512.2</ele>
      </trkpt>
      <trkpt lat="44.51771" lon="6.75273">
        <ele>1503.6</ele>
      </trkpt>
      <trkpt lat="44.5176" lon="6.75193">
        <ele>1499.0</ele>
      </trkpt>
      <trkpt lat="44.51702" lon="6.75109">
        <ele>1496.1</ele>
      </trkpt>
      <trkpt lat="44.51511" lon="6.74996">
        <ele>1480.9</ele>
      </trkpt>
      <trkpt lat="44.51447" lon="6.74848">
        <ele>1460.5</ele>
      </trkpt>
      <trkpt lat="44.51475" lon="6.74685">
        <ele>1461.0</ele>
      </trkpt>
      <trkpt lat="44.51553" lon="6.74413">
        <ele>1457.0</ele>
      </trkpt>
      <trkpt lat="44.511069" lon="6.7444">
        <ele>1426.0</ele>
      </trkpt>
      <trkpt lat="44.51019" lon="6.74643">
        <ele>1423.7</ele>
      </trkpt>
      <trkpt lat="44.50962" lon="6.74665">
        <ele>1429.0</ele>
      </trkpt>
      <trkpt lat="44.50691" lon="6.74573">
        <ele>1451.9</ele>
      </trkpt>
      <trkpt lat="44.50444" lon="6.74394">
        <ele>1417.3</ele>
      </trkpt>
      <trkpt lat="44.502" lon="6.74057">
        <ele>1379.5</ele>
      </trkpt>
      <trkpt lat="44.49938" lon="6.73942">
        <ele>1378.9</ele>
      </trkpt>
      <trkpt lat="44.49722" lon="6.73979">
        <ele>1346.5</ele>
      </trkpt>
      <trkpt lat="44.49369" lon="6.74151">
        <ele>1333.5</ele>
      </trkpt>
      <trkpt lat="44.49131" lon="6.74216">
        <ele>1350.0</ele>
      </trkpt>
      <trkpt lat="44.48614" lon="6.74736">
        <ele>1337.1</ele>
      </trkpt>
      <trkpt lat="44.4841" lon="6.74874">
        <ele>1319.4</ele>
      </trkpt>
      <trkpt lat="44.4818" lon="6.75145">
        <ele>1322.4</ele>
      </trkpt>
      <trkpt lat="44.479999" lon="6.75555">
        <ele>1317.0</ele>
      </trkpt>
      <trkpt lat="44.4751" lon="6.76148">
        <ele>1305.4</ele>
      </trkpt>
      <trkpt lat="44.47101" lon="6.76374">
        <ele>1318.9</ele>
      </trkpt>
      <trkpt lat="44.4674" lon="6.76168">
        <ele>1311.4</ele>
      </trkpt>
      <trkpt lat="44.46491" lon="6.75649">
        <ele>1297.9</ele>
      </trkpt>
      <trkpt lat="44.46488" lon="6.75236">
        <ele>1308.2</ele>
      </trkpt>
      <trkpt lat="44.462359" lon="6.74996">
        <ele>1300.6</ele>
      </trkpt>
      <trkpt lat="44.45961" lon="6.74682">
        <ele>1290.6</ele>
      </trkpt>
      <trkpt lat="44.458329" lon="6.74648">
        <ele>1291.0</ele>
      </trkpt>
      <trkpt lat="44.45774" lon="6.74483">
        <ele>1297.5</ele>
      </trkpt>
      <trkpt lat="44.45664" lon="6.74408">
        <ele>1294.4</ele>
      </trkpt>
      <trkpt lat="44.45506" lon="6.74366">
        <ele>1284.8</ele>
      </trkpt>
      <trkpt lat="44.45315" lon="6.74381">
        <ele>1286.4</ele>
      </trkpt>
      <trkpt lat="44.45133" lon="6.74225">
        <ele>1282.4</ele>
      </trkpt>
      <trkpt lat="44.44774" lon="6.74019">
        <ele>1250.7</ele>
      </trkpt>
      <trkpt lat="44.44581" lon="6.7417">
        <ele>1255.8</ele>
      </trkpt>
      <trkpt lat="44.44432" lon="6.74256">
        <ele>1271.1</ele>
      </trkpt>
      <trkpt lat="44.44052" lon="6.74277">
        <ele>1247.4</ele>
      </trkpt>
      <trkpt lat="44.43909" lon="6.74376">
        <ele>1249.7</ele>
      </trkpt>
      <trkpt lat="44.4381" lon="6.74384">
        <ele>1255.1</ele>
      </trkpt>
      <trkpt lat="44.43627" lon="6.74367">
        <ele>1256.6</ele>
      </trkpt>
      <trkpt lat="44.43447" lon="6.74394">
        <ele>1266.8</ele>
      </trkpt>
      <trkpt lat="44.43268" lon="6.74036">
        <ele>1251.9</ele>
      </trkpt>
      <trkpt lat="44.432199" lon="6.739724">
        <ele>1252.1</ele>
      </trkpt>
      <trkpt lat="44.43226" lon="6.73966">
        <ele>1255.6</ele>
      </trkpt>
      <trkpt lat="44.43212" lon="6.73941">
        <ele>1257.2</ele>
      </trkpt>
      <trkpt lat="44.43201" lon="6.73915">
        <ele>1258.0</ele>
      </trkpt>
      <trkpt lat="44.43199" lon="6.73911">
        <ele>1258.3</ele>
      </trkpt>
      <trkpt lat="44.43194" lon="6.73901">
        <ele>1259.1</ele>
      </trkpt>
      <trkpt lat="44.4319" lon="6.73893">
        <ele>1259.6</ele>
      </trkpt>
      <trkpt lat="44.43188" lon="6.73891">
        <ele>1259.2</ele>
      </trkpt>
      <trkpt lat="44.43185" lon="6.73886">
        <ele>1259.2</ele>
      </trkpt>
      <trkpt lat="44.43175" lon="6.73877">
        <ele>1256.8</ele>
      </trkpt>
      <trkpt lat="44.431669" lon="6.73871">
        <ele>1254.3</ele>
      </trkpt>
      <trkpt lat="44.431579" lon="6.73865">
        <ele>1254.6</ele>
      </trkpt>
      <trkpt lat="44.431399" lon="6.7386">
        <ele>1252.9</ele>
      </trkpt>
      <trkpt lat="44.4313" lon="6.73857">
        <ele>1251.7</ele>
      </trkpt>
      <trkpt lat="44.43123" lon="6.73854">
        <ele>1250.8</ele>
      </trkpt>
      <trkpt lat="44.43119" lon="6.73853">
        <ele>1250.1</ele>
      </trkpt>
      <trkpt lat="44.43106" lon="6.73846">
        <ele>1247.8</ele>
      </trkpt>
      <trkpt lat="44.430929" lon="6.73835">
        <ele>1244.7</ele>
      </trkpt>
      <trkpt lat="44.43084" lon="6.73826">
        <ele>1243.7</ele>
      </trkpt>
      <trkpt lat="44.43077" lon="6.73816">
        <ele>1245.4</ele>
      </trkpt>
      <trkpt lat="44.43076" lon="6.73815">
        <ele>1245.5</ele>
      </trkpt>
      <trkpt lat="44.4307" lon="6.73805">
        <ele>1246.8</ele>
      </trkpt>
      <trkpt lat="44.43065" lon="6.73797">
        <ele>1247.6</ele>
      </trkpt>
      <trkpt lat="44.43063" lon="6.73792">
        <ele>1248.0</ele>
      </trkpt>
      <trkpt lat="44.430549" lon="6.73776">
        <ele>1248.6</ele>
      </trkpt>
      <trkpt lat="44.43051" lon="6.7377">
        <ele>1248.4</ele>
      </trkpt>
      <trkpt lat="44.43044" lon="6.73756">
        <ele>1247.8</ele>
      </trkpt>
      <trkpt lat="44.43041" lon="6.7375">
        <ele>1247.3</ele>
      </trkpt>
      <trkpt lat="44.43034" lon="6.73735">
        <ele>1248.4</ele>
      </trkpt>
      <trkpt lat="44.43027" lon="6.73722">
        <ele>1248.9</ele>
      </trkpt>
      <trkpt lat="44.43023" lon="6.73716">
        <ele>1248.9</ele>
      </trkpt>
      <trkpt lat="44.43016" lon="6.73705">
        <ele>1248.7</ele>
      </trkpt>
      <trkpt lat="44.4301" lon="6.73697">
        <ele>1248.2</ele>
      </trkpt>
      <trkpt lat="44.43006" lon="6.73691">
        <ele>1247.9</ele>
      </trkpt>
      <trkpt lat="44.42997" lon="6.73681">
        <ele>1247.0</ele>
      </trkpt>
      <trkpt lat="44.42995" lon="6.73679">
        <ele>1247.0</ele>
      </trkpt>
      <trkpt lat="44.4299" lon="6.73673">
        <ele>1246.9</ele>
      </trkpt>
      <trkpt lat="44.429789" lon="6.73662">
        <ele>1246.4</ele>
      </trkpt>
      <trkpt lat="44.42972" lon="6.73656">
        <ele>1245.9</ele>
      </trkpt>
      <trkpt lat="44.42967" lon="6.73653">
        <ele>1245.3</ele>
      </trkpt>
      <trkpt lat="44.42959" lon="6.73648">
        <ele>1244.3</ele>
      </trkpt>
      <trkpt lat="44.42945" lon="6.73642">
        <ele>1241.9</ele>
      </trkpt>
      <trkpt lat="44.42931" lon="6.73636">
        <ele>1239.3</ele>
      </trkpt>
      <trkpt lat="44.42917" lon="6.73633">
        <ele>1236.1</ele>
      </trkpt>
      <trkpt lat="44.4291" lon="6.73631">
        <ele>1236.5</ele>
      </trkpt>
      <trkpt lat="44.42903" lon="6.7363">
        <ele>1236.8</ele>
      </trkpt>
      <trkpt lat="44.42897" lon="6.7363">
        <ele>1236.9</ele>
      </trkpt>
      <trkpt lat="44.42889" lon="6.7363">
        <ele>1237.2</ele>
      </trkpt>
      <trkpt lat="44.42879" lon="6.73631">
        <ele>1237.3</ele>
      </trkpt>
      <trkpt lat="44.42875" lon="6.73632">
        <ele>1237.3</ele>
      </trkpt>
      <trkpt lat="44.42862" lon="6.73635">
        <ele>1237.2</ele>
      </trkpt>
      <trkpt lat="44.42845" lon="6.73641">
        <ele>1236.7</ele>
      </trkpt>
      <trkpt lat="44.42844" lon="6.73641">
        <ele>1236.8</ele>
      </trkpt>
      <trkpt lat="44.42823" lon="6.7365">
        <ele>1235.6</ele>
      </trkpt>
      <trkpt lat="44.4281" lon="6.73657">
        <ele>1234.5</ele>
      </trkpt>
      <trkpt lat="44.42793" lon="6.73665">
        <ele>1233.3</ele>
      </trkpt>
      <trkpt lat="44.42776" lon="6.73674">
        <ele>1233.0</ele>
      </trkpt>
      <trkpt lat="44.42771" lon="6.73676">
        <ele>1233.0</ele>
      </trkpt>
      <trkpt lat="44.427549" lon="6.73683">
        <ele>1232.7</ele>
      </trkpt>
      <trkpt lat="44.42742" lon="6.73688">
        <ele>1232.7</ele>
      </trkpt>
      <trkpt lat="44.42713" lon="6.73694">
        <ele>1233.1</ele>
      </trkpt>
      <trkpt lat="44.42698" lon="6.73696">
        <ele>1233.3</ele>
      </trkpt>
      <trkpt lat="44.42695" lon="6.73696">
        <ele>1233.3</ele>
      </trkpt>
      <trkpt lat="44.42688" lon="6.73696">
        <ele>1233.5</ele>
      </trkpt>
      <trkpt lat="44.42681" lon="6.73697">
        <ele>1233.5</ele>
      </trkpt>
      <trkpt lat="44.426609" lon="6.73697">
        <ele>1233.8</ele>
      </trkpt>
      <trkpt lat="44.42646" lon="6.73698">
        <ele>1233.8</ele>
      </trkpt>
      <trkpt lat="44.42641" lon="6.73698">
        <ele>1233.8</ele>
      </trkpt>
      <trkpt lat="44.42629" lon="6.73699">
        <ele>1233.7</ele>
      </trkpt>
      <trkpt lat="44.42618" lon="6.73699">
        <ele>1233.8</ele>
      </trkpt>
      <trkpt lat="44.42594" lon="6.737">
        <ele>1233.8</ele>
      </trkpt>
      <trkpt lat="44.42577" lon="6.73701">
        <ele>1233.6</ele>
      </trkpt>
      <trkpt lat="44.4257" lon="6.73701">
        <ele>1233.4</ele>
      </trkpt>
      <trkpt lat="44.42542" lon="6.73703">
        <ele>1232.5</ele>
      </trkpt>
      <trkpt lat="44.42525" lon="6.73704">
        <ele>1231.9</ele>
      </trkpt>
      <trkpt lat="44.42512" lon="6.73704">
        <ele>1231.6</ele>
      </trkpt>
      <trkpt lat="44.42496" lon="6.73706">
        <ele>1231.0</ele>
      </trkpt>
      <trkpt lat="44.42478" lon="6.73707">
        <ele>1230.7</ele>
      </trkpt>
      <trkpt lat="44.4246" lon="6.73708">
        <ele>1230.3</ele>
      </trkpt>
      <trkpt lat="44.42442" lon="6.7371">
        <ele>1229.9</ele>
      </trkpt>
      <trkpt lat="44.42434" lon="6.7371">
        <ele>1229.8</ele>
      </trkpt>
      <trkpt lat="44.42424" lon="6.73711">
        <ele>1229.6</ele>
      </trkpt>
      <trkpt lat="44.42423" lon="6.73711">
        <ele>1229.6</ele>
      </trkpt>
      <trkpt lat="44.42414" lon="6.73712">
        <ele>1229.4</ele>
      </trkpt>
      <trkpt lat="44.424079" lon="6.73712">
        <ele>1229.2</ele>
      </trkpt>
      <trkpt lat="44.42396" lon="6.73713">
        <ele>1228.8</ele>
      </trkpt>
      <trkpt lat="44.42382" lon="6.73714">
        <ele>1228.3</ele>
      </trkpt>
      <trkpt lat="44.42378" lon="6.73714">
        <ele>1228.1</ele>
      </trkpt>
      <trkpt lat="44.4236" lon="6.73715">
        <ele>1227.4</ele>
      </trkpt>
      <trkpt lat="44.42344" lon="6.73716">
        <ele>1226.8</ele>
      </trkpt>
      <trkpt lat="44.422939" lon="6.73719">
        <ele>1226.2</ele>
      </trkpt>
      <trkpt lat="44.42245" lon="6.73721">
        <ele>1226.0</ele>
      </trkpt>
      <trkpt lat="44.42231" lon="6.7372">
        <ele>1225.1</ele>
      </trkpt>
      <trkpt lat="44.42217" lon="6.73719">
        <ele>1224.2</ele>
      </trkpt>
      <trkpt lat="44.42202" lon="6.73717">
        <ele>1223.2</ele>
      </trkpt>
      <trkpt lat="44.422" lon="6.73716">
        <ele>1223.1</ele>
      </trkpt>
      <trkpt lat="44.4219" lon="6.73714">
        <ele>1222.4</ele>
      </trkpt>
      <trkpt lat="44.42172" lon="6.7371">
        <ele>1221.3</ele>
      </trkpt>
      <trkpt lat="44.42154" lon="6.73705">
        <ele>1220.8</ele>
      </trkpt>
      <trkpt lat="44.42121" lon="6.73693">
        <ele>1220.1</ele>
      </trkpt>
      <trkpt lat="44.420879" lon="6.73678">
        <ele>1219.2</ele>
      </trkpt>
      <trkpt lat="44.42056" lon="6.73663">
        <ele>1219.3</ele>
      </trkpt>
      <trkpt lat="44.42044" lon="6.73653">
        <ele>1219.4</ele>
      </trkpt>
      <trkpt lat="44.42043" lon="6.73652">
        <ele>1219.4</ele>
      </trkpt>
      <trkpt lat="44.42028" lon="6.73638">
        <ele>1219.5</ele>
      </trkpt>
      <trkpt lat="44.42026" lon="6.73636">
        <ele>1219.6</ele>
      </trkpt>
      <trkpt lat="44.42021" lon="6.7363">
        <ele>1219.6</ele>
      </trkpt>
      <trkpt lat="44.42019" lon="6.73626">
        <ele>1219.7</ele>
      </trkpt>
      <trkpt lat="44.42016" lon="6.73619">
        <ele>1219.7</ele>
      </trkpt>
      <trkpt lat="44.42015" lon="6.73617">
        <ele>1219.7</ele>
      </trkpt>
      <trkpt lat="44.42014" lon="6.73614">
        <ele>1219.7</ele>
      </trkpt>
      <trkpt lat="44.42012" lon="6.73605">
        <ele>1219.7</ele>
      </trkpt>
      <trkpt lat="44.42012" lon="6.73603">
        <ele>1219.7</ele>
      </trkpt>
      <trkpt lat="44.42012" lon="6.73601">
        <ele>1219.7</ele>
      </trkpt>
      <trkpt lat="44.42011" lon="6.73596">
        <ele>1219.8</ele>
      </trkpt>
      <trkpt lat="44.42011" lon="6.73585">
        <ele>1219.7</ele>
      </trkpt>
      <trkpt lat="44.42011" lon="6.73576">
        <ele>1219.9</ele>
      </trkpt>
      <trkpt lat="44.42011" lon="6.73565">
        <ele>1220.2</ele>
      </trkpt>
      <trkpt lat="44.42011" lon="6.73559">
        <ele>1220.4</ele>
      </trkpt>
      <trkpt lat="44.4201" lon="6.73553">
        <ele>1220.5</ele>
      </trkpt>
      <trkpt lat="44.42008" lon="6.73543">
        <ele>1220.6</ele>
      </trkpt>
      <trkpt lat="44.42006" lon="6.73536">
        <ele>1220.6</ele>
      </trkpt>
      <trkpt lat="44.420029" lon="6.73528">
        <ele>1220.3</ele>
      </trkpt>
      <trkpt lat="44.41998" lon="6.7351">
        <ele>1220.0</ele>
      </trkpt>
      <trkpt lat="44.41993" lon="6.73495">
        <ele>1220.5</ele>
      </trkpt>
      <trkpt lat="44.4199" lon="6.73486">
        <ele>1221.4</ele>
      </trkpt>
      <trkpt lat="44.4199" lon="6.73485">
        <ele>1221.5</ele>
      </trkpt>
      <trkpt lat="44.41987" lon="6.73477">
        <ele>1222.3</ele>
      </trkpt>
      <trkpt lat="44.41983" lon="6.73465">
        <ele>1223.4</ele>
      </trkpt>
      <trkpt lat="44.41977" lon="6.7345">
        <ele>1224.6</ele>
      </trkpt>
      <trkpt lat="44.41951" lon="6.73394">
        <ele>1225.3</ele>
      </trkpt>
      <trkpt lat="44.419469" lon="6.73386">
        <ele>1224.7</ele>
      </trkpt>
      <trkpt lat="44.41942" lon="6.73375">
        <ele>1224.0</ele>
      </trkpt>
      <trkpt lat="44.41937" lon="6.73367">
        <ele>1223.2</ele>
      </trkpt>
      <trkpt lat="44.41932" lon="6.73362">
        <ele>1222.4</ele>
      </trkpt>
      <trkpt lat="44.4193" lon="6.73359">
        <ele>1222.0</ele>
      </trkpt>
      <trkpt lat="44.41925" lon="6.73354">
        <ele>1221.1</ele>
      </trkpt>
      <trkpt lat="44.41912" lon="6.73344">
        <ele>1219.3</ele>
      </trkpt>
      <trkpt lat="44.41901" lon="6.73336">
        <ele>1218.9</ele>
      </trkpt>
      <trkpt lat="44.418909" lon="6.73328">
        <ele>1218.6</ele>
      </trkpt>
      <trkpt lat="44.41885" lon="6.73323">
        <ele>1218.4</ele>
      </trkpt>
      <trkpt lat="44.418819" lon="6.73319">
        <ele>1218.3</ele>
      </trkpt>
      <trkpt lat="44.4188" lon="6.73315">
        <ele>1218.1</ele>
      </trkpt>
      <trkpt lat="44.41878" lon="6.73312">
        <ele>1218.0</ele>
      </trkpt>
      <trkpt lat="44.418729" lon="6.73304">
        <ele>1217.8</ele>
      </trkpt>
      <trkpt lat="44.4187" lon="6.73292">
        <ele>1217.4</ele>
      </trkpt>
      <trkpt lat="44.41868" lon="6.73279">
        <ele>1217.0</ele>
      </trkpt>
      <trkpt lat="44.41864" lon="6.7326">
        <ele>1216.4</ele>
      </trkpt>
      <trkpt lat="44.4186" lon="6.73241">
        <ele>1215.7</ele>
      </trkpt>
      <trkpt lat="44.41854" lon="6.73213">
        <ele>1214.5</ele>
      </trkpt>
      <trkpt lat="44.41848" lon="6.73183">
        <ele>1213.3</ele>
      </trkpt>
      <trkpt lat="44.4184" lon="6.73151">
        <ele>1213.1</ele>
      </trkpt>
      <trkpt lat="44.41837" lon="6.73139">
        <ele>1213.5</ele>
      </trkpt>
      <trkpt lat="44.4183" lon="6.73119">
        <ele>1214.3</ele>
      </trkpt>
      <trkpt lat="44.41827" lon="6.73111">
        <ele>1214.6</ele>
      </trkpt>
      <trkpt lat="44.41823" lon="6.73103">
        <ele>1214.8</ele>
      </trkpt>
      <trkpt lat="44.41818" lon="6.73092">
        <ele>1215.1</ele>
      </trkpt>
      <trkpt lat="44.41798" lon="6.73061">
        <ele>1215.1</ele>
      </trkpt>
      <trkpt lat="44.41792" lon="6.73052">
        <ele>1214.9</ele>
      </trkpt>
      <trkpt lat="44.41777" lon="6.73031">
        <ele>1214.2</ele>
      </trkpt>
      <trkpt lat="44.41764" lon="6.73012">
        <ele>1213.2</ele>
      </trkpt>
      <trkpt lat="44.41752" lon="6.72993">
        <ele>1212.4</ele>
      </trkpt>
      <trkpt lat="44.41749" lon="6.72989">
        <ele>1212.3</ele>
      </trkpt>
      <trkpt lat="44.41727" lon="6.72958">
        <ele>1213.1</ele>
      </trkpt>
      <trkpt lat="44.41697" lon="6.72911">
        <ele>1214.4</ele>
      </trkpt>
      <trkpt lat="44.41688" lon="6.72899">
        <ele>1215.0</ele>
      </trkpt>
      <trkpt lat="44.41679" lon="6.72888">
        <ele>1215.3</ele>
      </trkpt>
      <trkpt lat="44.41666" lon="6.72875">
        <ele>1215.5</ele>
      </trkpt>
      <trkpt lat="44.41659" lon="6.72869">
        <ele>1215.7</ele>
      </trkpt>
      <trkpt lat="44.41646" lon="6.72858">
        <ele>1215.9</ele>
      </trkpt>
      <trkpt lat="44.4163" lon="6.72849">
        <ele>1216.1</ele>
      </trkpt>
      <trkpt lat="44.41615" lon="6.72842">
        <ele>1216.1</ele>
      </trkpt>
      <trkpt lat="44.41604" lon="6.72838">
        <ele>1216.1</ele>
      </trkpt>
      <trkpt lat="44.415909" lon="6.72835">
        <ele>1216.1</ele>
      </trkpt>
      <trkpt lat="44.41568" lon="6.7283">
        <ele>1216.2</ele>
      </trkpt>
      <trkpt lat="44.4155" lon="6.72826">
        <ele>1216.4</ele>
      </trkpt>
      <trkpt lat="44.41547" lon="6.72826">
        <ele>1216.4</ele>
      </trkpt>
      <trkpt lat="44.415349" lon="6.72824">
        <ele>1216.5</ele>
      </trkpt>
      <trkpt lat="44.41532" lon="6.72824">
        <ele>1216.5</ele>
      </trkpt>
      <trkpt lat="44.41524" lon="6.72823">
        <ele>1216.6</ele>
      </trkpt>
      <trkpt lat="44.41521" lon="6.72823">
        <ele>1216.6</ele>
      </trkpt>
      <trkpt lat="44.41516" lon="6.72823">
        <ele>1216.6</ele>
      </trkpt>
      <trkpt lat="44.4151" lon="6.72824">
        <ele>1216.5</ele>
      </trkpt>
      <trkpt lat="44.41499" lon="6.72826">
        <ele>1216.5</ele>
      </trkpt>
      <trkpt lat="44.41489" lon="6.72829">
        <ele>1216.4</ele>
      </trkpt>
      <trkpt lat="44.41427" lon="6.72855">
        <ele>1216.4</ele>
      </trkpt>
      <trkpt lat="44.41349" lon="6.72889">
        <ele>1216.2</ele>
      </trkpt>
      <trkpt lat="44.41333" lon="6.72894">
        <ele>1216.1</ele>
      </trkpt>
      <trkpt lat="44.4132" lon="6.72898">
        <ele>1215.7</ele>
      </trkpt>
      <trkpt lat="44.41311" lon="6.72901">
        <ele>1215.5</ele>
      </trkpt>
      <trkpt lat="44.41299" lon="6.72903">
        <ele>1215.2</ele>
      </trkpt>
      <trkpt lat="44.41293" lon="6.72903">
        <ele>1215.2</ele>
      </trkpt>
      <trkpt lat="44.41281" lon="6.72903">
        <ele>1215.0</ele>
      </trkpt>
      <trkpt lat="44.41269" lon="6.72902">
        <ele>1214.9</ele>
      </trkpt>
      <trkpt lat="44.412619" lon="6.72901">
        <ele>1214.9</ele>
      </trkpt>
      <trkpt lat="44.41249" lon="6.72898">
        <ele>1214.9</ele>
      </trkpt>
      <trkpt lat="44.41225" lon="6.72893">
        <ele>1214.9</ele>
      </trkpt>
      <trkpt lat="44.41222" lon="6.72892">
        <ele>1214.9</ele>
      </trkpt>
      <trkpt lat="44.41207" lon="6.72888">
        <ele>1215.1</ele>
      </trkpt>
      <trkpt lat="44.41201" lon="6.72886">
        <ele>1215.2</ele>
      </trkpt>
      <trkpt lat="44.4119" lon="6.72883">
        <ele>1215.3</ele>
      </trkpt>
      <trkpt lat="44.41181" lon="6.7288">
        <ele>1215.6</ele>
      </trkpt>
      <trkpt lat="44.41155" lon="6.72872">
        <ele>1215.9</ele>
      </trkpt>
      <trkpt lat="44.41153" lon="6.72871">
        <ele>1215.9</ele>
      </trkpt>
      <trkpt lat="44.41137" lon="6.72866">
        <ele>1215.7</ele>
      </trkpt>
      <trkpt lat="44.41133" lon="6.72864">
        <ele>1215.7</ele>
      </trkpt>
      <trkpt lat="44.41125" lon="6.72861">
        <ele>1215.7</ele>
      </trkpt>
      <trkpt lat="44.4112" lon="6.72859">
        <ele>1215.6</ele>
      </trkpt>
      <trkpt lat="44.4111" lon="6.72854">
        <ele>1215.6</ele>
      </trkpt>
      <trkpt lat="44.411029" lon="6.72851">
        <ele>1215.6</ele>
      </trkpt>
      <trkpt lat="44.41092" lon="6.72845">
        <ele>1215.5</ele>
      </trkpt>
      <trkpt lat="44.41086" lon="6.72842">
        <ele>1215.5</ele>
      </trkpt>
      <trkpt lat="44.410739" lon="6.72833">
        <ele>1215.6</ele>
      </trkpt>
      <trkpt lat="44.410559" lon="6.7282">
        <ele>1215.8</ele>
      </trkpt>
      <trkpt lat="44.41044" lon="6.7281">
        <ele>1215.8</ele>
      </trkpt>
      <trkpt lat="44.41038" lon="6.72805">
        <ele>1215.8</ele>
      </trkpt>
      <trkpt lat="44.41028" lon="6.72796">
        <ele>1215.7</ele>
      </trkpt>
      <trkpt lat="44.4102" lon="6.72789">
        <ele>1215.6</ele>
      </trkpt>
      <trkpt lat="44.41013" lon="6.7278">
        <ele>1215.6</ele>
      </trkpt>
      <trkpt lat="44.41007" lon="6.72774">
        <ele>1215.5</ele>
      </trkpt>
      <trkpt lat="44.40999" lon="6.72763">
        <ele>1215.4</ele>
      </trkpt>
      <trkpt lat="44.40977" lon="6.72736">
        <ele>1215.3</ele>
      </trkpt>
      <trkpt lat="44.40959" lon="6.72711">
        <ele>1214.7</ele>
      </trkpt>
      <trkpt lat="44.40943" lon="6.72687">
        <ele>1214.0</ele>
      </trkpt>
      <trkpt lat="44.4093" lon="6.72667">
        <ele>1213.7</ele>
      </trkpt>
      <trkpt lat="44.409239" lon="6.72656">
        <ele>1213.5</ele>
      </trkpt>
      <trkpt lat="44.40921" lon="6.72652">
        <ele>1213.4</ele>
      </trkpt>
      <trkpt lat="44.40912" lon="6.72636">
        <ele>1213.2</ele>
      </trkpt>
      <trkpt lat="44.40895" lon="6.72603">
        <ele>1212.8</ele>
      </trkpt>
      <trkpt lat="44.4088" lon="6.72572">
        <ele>1212.4</ele>
      </trkpt>
      <trkpt lat="44.40814" lon="6.72429">
        <ele>1212.2</ele>
      </trkpt>
      <trkpt lat="44.40784" lon="6.72366">
        <ele>1211.7</ele>
      </trkpt>
      <trkpt lat="44.40762" lon="6.7232">
        <ele>1211.2</ele>
      </trkpt>
      <trkpt lat="44.407559" lon="6.72308">
        <ele>1211.0</ele>
      </trkpt>
      <trkpt lat="44.40744" lon="6.72283">
        <ele>1210.6</ele>
      </trkpt>
      <trkpt lat="44.40731" lon="6.72255">
        <ele>1210.1</ele>
      </trkpt>
      <trkpt lat="44.40723" lon="6.72237">
        <ele>1210.1</ele>
      </trkpt>
      <trkpt lat="44.4072" lon="6.72232">
        <ele>1210.1</ele>
      </trkpt>
      <trkpt lat="44.407207" lon="6.722314">
        <ele>1210.2</ele>
      </trkpt>
      <trkpt lat="44.40711" lon="6.72211">
        <ele>1221.6</ele>
      </trkpt>
      <trkpt lat="44.40486" lon="6.71136">
        <ele>1192.8</ele>
      </trkpt>
      <trkpt lat="44.40402" lon="6.70263">
        <ele>1190.4</ele>
      </trkpt>
      <trkpt lat="44.40227" lon="6.70142">
        <ele>1204.0</ele>
      </trkpt>
      <trkpt lat="44.3994" lon="6.69414">
        <ele>1181.0</ele>
      </trkpt>
      <trkpt lat="44.39365" lon="6.68824">
        <ele>1187.3</ele>
      </trkpt>
      <trkpt lat="44.39162" lon="6.68288">
        <ele>1169.3</ele>
      </trkpt>
      <trkpt lat="44.390608" lon="6.671973">
        <ele>1150.2</ele>
      </trkpt>
      <trkpt lat="44.39138" lon="6.67195">
        <ele>1155.8</ele>
      </trkpt>
      <trkpt lat="44.39138" lon="6.67178">
        <ele>1155.7</ele>
      </trkpt>
      <trkpt lat="44.39137" lon="6.67133">
        <ele>1155.5</ele>
      </trkpt>
      <trkpt lat="44.39136" lon="6.67123">
        <ele>1155.4</ele>
      </trkpt>
      <trkpt lat="44.39135" lon="6.67112">
        <ele>1155.4</ele>
      </trkpt>
      <trkpt lat="44.39133" lon="6.67102">
        <ele>1155.3</ele>
      </trkpt>
      <trkpt lat="44.39132" lon="6.67095">
        <ele>1155.3</ele>
      </trkpt>
      <trkpt lat="44.39131" lon="6.670899">
        <ele>1155.3</ele>
      </trkpt>
      <trkpt lat="44.39128" lon="6.67082">
        <ele>1155.3</ele>
      </trkpt>
      <trkpt lat="44.39127" lon="6.67078">
        <ele>1155.2</ele>
      </trkpt>
      <trkpt lat="44.39125" lon="6.67071">
        <ele>1154.9</ele>
      </trkpt>
      <trkpt lat="44.3912" lon="6.6706">
        <ele>1154.4</ele>
      </trkpt>
      <trkpt lat="44.39118" lon="6.67057">
        <ele>1154.2</ele>
      </trkpt>
      <trkpt lat="44.39114" lon="6.6705">
        <ele>1153.8</ele>
      </trkpt>
      <trkpt lat="44.39107" lon="6.67037">
        <ele>1153.1</ele>
      </trkpt>
      <trkpt lat="44.391" lon="6.67028">
        <ele>1152.5</ele>
      </trkpt>
      <trkpt lat="44.39093" lon="6.6702">
        <ele>1151.8</ele>
      </trkpt>
      <trkpt lat="44.39083" lon="6.67011">
        <ele>1151.0</ele>
      </trkpt>
      <trkpt lat="44.39075" lon="6.67004">
        <ele>1150.8</ele>
      </trkpt>
      <trkpt lat="44.39068" lon="6.66999">
        <ele>1150.7</ele>
      </trkpt>
      <trkpt lat="44.3906" lon="6.66992">
        <ele>1150.8</ele>
      </trkpt>
      <trkpt lat="44.39055" lon="6.66987">
        <ele>1150.8</ele>
      </trkpt>
      <trkpt lat="44.39049" lon="6.66979">
        <ele>1150.9</ele>
      </trkpt>
      <trkpt lat="44.39044" lon="6.66971">
        <ele>1151.0</ele>
      </trkpt>
      <trkpt lat="44.3904" lon="6.66962">
        <ele>1151.0</ele>
      </trkpt>
      <trkpt lat="44.39038" lon="6.66958">
        <ele>1151.1</ele>
      </trkpt>
      <trkpt lat="44.39035" lon="6.66948">
        <ele>1151.2</ele>
      </trkpt>
      <trkpt lat="44.39032" lon="6.66935">
        <ele>1151.3</ele>
      </trkpt>
      <trkpt lat="44.3903" lon="6.66931">
        <ele>1151.2</ele>
      </trkpt>
      <trkpt lat="44.39029" lon="6.66926">
        <ele>1151.2</ele>
      </trkpt>
      <trkpt lat="44.39024" lon="6.66908">
        <ele>1150.9</ele>
      </trkpt>
      <trkpt lat="44.39022" lon="6.66896">
        <ele>1150.7</ele>
      </trkpt>
      <trkpt lat="44.39011" lon="6.66852">
        <ele>1149.3</ele>
      </trkpt>
      <trkpt lat="44.39009" lon="6.6684">
        <ele>1148.9</ele>
      </trkpt>
      <trkpt lat="44.39004" lon="6.66822">
        <ele>1148.7</ele>
      </trkpt>
      <trkpt lat="44.390009" lon="6.66805">
        <ele>1148.8</ele>
      </trkpt>
      <trkpt lat="44.38999" lon="6.66787">
        <ele>1149.1</ele>
      </trkpt>
      <trkpt lat="44.38999" lon="6.667849">
        <ele>1149.1</ele>
      </trkpt>
      <trkpt lat="44.39" lon="6.6676">
        <ele>1149.8</ele>
      </trkpt>
      <trkpt lat="44.39003" lon="6.66735">
        <ele>1150.5</ele>
      </trkpt>
      <trkpt lat="44.39007" lon="6.66715">
        <ele>1151.1</ele>
      </trkpt>
      <trkpt lat="44.39011" lon="6.66682">
        <ele>1151.8</ele>
      </trkpt>
      <trkpt lat="44.39012" lon="6.6668">
        <ele>1151.9</ele>
      </trkpt>
      <trkpt lat="44.39012" lon="6.66671">
        <ele>1152.0</ele>
      </trkpt>
      <trkpt lat="44.39012" lon="6.6666">
        <ele>1152.0</ele>
      </trkpt>
      <trkpt lat="44.39012" lon="6.66646">
        <ele>1152.1</ele>
      </trkpt>
      <trkpt lat="44.39011" lon="6.66644">
        <ele>1152.0</ele>
      </trkpt>
      <trkpt lat="44.390099" lon="6.66634">
        <ele>1151.9</ele>
      </trkpt>
      <trkpt lat="44.39007" lon="6.66622">
        <ele>1151.7</ele>
      </trkpt>
      <trkpt lat="44.39004" lon="6.66612">
        <ele>1151.4</ele>
      </trkpt>
      <trkpt lat="44.38999" lon="6.666019">
        <ele>1151.0</ele>
      </trkpt>
      <trkpt lat="44.38993" lon="6.66589">
        <ele>1150.7</ele>
      </trkpt>
      <trkpt lat="44.38986" lon="6.66575">
        <ele>1150.6</ele>
      </trkpt>
      <trkpt lat="44.38981" lon="6.66566">
        <ele>1150.4</ele>
      </trkpt>
      <trkpt lat="44.3898" lon="6.66564">
        <ele>1150.4</ele>
      </trkpt>
      <trkpt lat="44.38979" lon="6.66559">
        <ele>1150.4</ele>
      </trkpt>
      <trkpt lat="44.38973" lon="6.66546">
        <ele>1150.2</ele>
      </trkpt>
      <trkpt lat="44.389719" lon="6.66542">
        <ele>1150.2</ele>
      </trkpt>
      <trkpt lat="44.3897" lon="6.66532">
        <ele>1150.1</ele>
      </trkpt>
      <trkpt lat="44.38965" lon="6.66514">
        <ele>1149.9</ele>
      </trkpt>
      <trkpt lat="44.3896" lon="6.66498">
        <ele>1149.6</ele>
      </trkpt>
      <trkpt lat="44.389539" lon="6.66488">
        <ele>1149.1</ele>
      </trkpt>
      <trkpt lat="44.38947" lon="6.66476">
        <ele>1148.5</ele>
      </trkpt>
      <trkpt lat="44.38942" lon="6.66468">
        <ele>1148.1</ele>
      </trkpt>
      <trkpt lat="44.38937" lon="6.66461">
        <ele>1147.8</ele>
      </trkpt>
      <trkpt lat="44.38932" lon="6.66453">
        <ele>1147.4</ele>
      </trkpt>
      <trkpt lat="44.38924" lon="6.6644">
        <ele>1146.7</ele>
      </trkpt>
      <trkpt lat="44.38919" lon="6.66432">
        <ele>1146.3</ele>
      </trkpt>
      <trkpt lat="44.38915" lon="6.66424">
        <ele>1146.1</ele>
      </trkpt>
      <trkpt lat="44.38908" lon="6.6641">
        <ele>1145.7</ele>
      </trkpt>
      <trkpt lat="44.3887" lon="6.66298">
        <ele>1145.1</ele>
      </trkpt>
      <trkpt lat="44.388689" lon="6.66296">
        <ele>1145.1</ele>
      </trkpt>
      <trkpt lat="44.38863" lon="6.66275">
        <ele>1145.5</ele>
      </trkpt>
      <trkpt lat="44.38855" lon="6.6625">
        <ele>1146.0</ele>
      </trkpt>
      <trkpt lat="44.38849" lon="6.662289">
        <ele>1146.8</ele>
      </trkpt>
      <trkpt lat="44.38847" lon="6.66212">
        <ele>1147.4</ele>
      </trkpt>
      <trkpt lat="44.38842" lon="6.66183">
        <ele>1148.5</ele>
      </trkpt>
      <trkpt lat="44.3884" lon="6.66158">
        <ele>1149.1</ele>
      </trkpt>
      <trkpt lat="44.38837" lon="6.66133">
        <ele>1149.1</ele>
      </trkpt>
      <trkpt lat="44.38836" lon="6.66122">
        <ele>1149.1</ele>
      </trkpt>
      <trkpt lat="44.38833" lon="6.66097">
        <ele>1149.0</ele>
      </trkpt>
      <trkpt lat="44.38833" lon="6.66097">
        <ele>1149.0</ele>
      </trkpt>
      <trkpt lat="44.38827" lon="6.66047">
        <ele>1147.4</ele>
      </trkpt>
      <trkpt lat="44.38823" lon="6.66019">
        <ele>1146.3</ele>
      </trkpt>
      <trkpt lat="44.388219" lon="6.66013">
        <ele>1146.1</ele>
      </trkpt>
      <trkpt lat="44.3882" lon="6.65994">
        <ele>1145.4</ele>
      </trkpt>
      <trkpt lat="44.388129" lon="6.65933">
        <ele>1142.7</ele>
      </trkpt>
      <trkpt lat="44.38812" lon="6.659169">
        <ele>1142.0</ele>
      </trkpt>
      <trkpt lat="44.38809" lon="6.65882">
        <ele>1142.2</ele>
      </trkpt>
      <trkpt lat="44.38799" lon="6.65793">
        <ele>1142.7</ele>
      </trkpt>
      <trkpt lat="44.38796" lon="6.65756">
        <ele>1143.1</ele>
      </trkpt>
      <trkpt lat="44.38794" lon="6.6575">
        <ele>1143.1</ele>
      </trkpt>
      <trkpt lat="44.38793" lon="6.65745">
        <ele>1143.1</ele>
      </trkpt>
      <trkpt lat="44.3879" lon="6.65739">
        <ele>1143.0</ele>
      </trkpt>
      <trkpt lat="44.38789" lon="6.65736">
        <ele>1143.0</ele>
      </trkpt>
      <trkpt lat="44.38782" lon="6.657269">
        <ele>1142.6</ele>
      </trkpt>
      <trkpt lat="44.38782" lon="6.657269">
        <ele>1142.6</ele>
      </trkpt>
      <trkpt lat="44.38786" lon="6.65719">
        <ele>1142.9</ele>
      </trkpt>
      <trkpt lat="44.38787" lon="6.65716">
        <ele>1143.0</ele>
      </trkpt>
      <trkpt lat="44.38788" lon="6.65712">
        <ele>1143.0</ele>
      </trkpt>
      <trkpt lat="44.38788" lon="6.65707">
        <ele>1143.1</ele>
      </trkpt>
      <trkpt lat="44.38787" lon="6.65693">
        <ele>1143.1</ele>
      </trkpt>
      <trkpt lat="44.38784" lon="6.656589">
        <ele>1143.1</ele>
      </trkpt>
      <trkpt lat="44.38779" lon="6.65614">
        <ele>1143.0</ele>
      </trkpt>
      <trkpt lat="44.38778" lon="6.656119">
        <ele>1142.9</ele>
      </trkpt>
      <trkpt lat="44.38773" lon="6.65562">
        <ele>1142.4</ele>
      </trkpt>
      <trkpt lat="44.38768" lon="6.65516">
        <ele>1141.5</ele>
      </trkpt>
      <trkpt lat="44.387659" lon="6.65489">
        <ele>1141.2</ele>
      </trkpt>
      <trkpt lat="44.38761" lon="6.65452">
        <ele>1141.1</ele>
      </trkpt>
      <trkpt lat="44.38755" lon="6.654149">
        <ele>1141.2</ele>
      </trkpt>
      <trkpt lat="44.38751" lon="6.65388">
        <ele>1141.0</ele>
      </trkpt>
      <trkpt lat="44.38747" lon="6.65363">
        <ele>1140.9</ele>
      </trkpt>
      <trkpt lat="44.38747" lon="6.65363">
        <ele>1140.9</ele>
      </trkpt>
      <trkpt lat="44.38758" lon="6.65359">
        <ele>1141.2</ele>
      </trkpt>
      <trkpt lat="44.38771" lon="6.65353">
        <ele>1141.6</ele>
      </trkpt>
      <trkpt lat="44.3878" lon="6.6535">
        <ele>1141.8</ele>
      </trkpt>
      <trkpt lat="44.38799" lon="6.6534">
        <ele>1142.2</ele>
      </trkpt>
      <trkpt lat="44.38809" lon="6.65332">
        <ele>1142.4</ele>
      </trkpt>
      <trkpt lat="44.38811" lon="6.6533">
        <ele>1142.4</ele>
      </trkpt>
      <trkpt lat="44.38812" lon="6.65328">
        <ele>1142.4</ele>
      </trkpt>
      <trkpt lat="44.38824" lon="6.65327">
        <ele>1142.6</ele>
      </trkpt>
      <trkpt lat="44.38834" lon="6.65326">
        <ele>1142.9</ele>
      </trkpt>
      <trkpt lat="44.3887" lon="6.65323">
        <ele>1151.4</ele>
      </trkpt>
      <trkpt lat="44.3887" lon="6.65323">
        <ele>1151.4</ele>
      </trkpt>
      <trkpt lat="44.38834" lon="6.65326">
        <ele>1142.9</ele>
      </trkpt>
      <trkpt lat="44.38824" lon="6.65327">
        <ele>1142.6</ele>
      </trkpt>
      <trkpt lat="44.38812" lon="6.65328">
        <ele>1142.4</ele>
      </trkpt>
      <trkpt lat="44.38812" lon="6.65328">
        <ele>1142.4</ele>
      </trkpt>
      <trkpt lat="44.388129" lon="6.65326">
        <ele>1142.4</ele>
      </trkpt>
      <trkpt lat="44.388129" lon="6.65324">
        <ele>1142.3</ele>
      </trkpt>
      <trkpt lat="44.38814" lon="6.65322">
        <ele>1142.3</ele>
      </trkpt>
      <trkpt lat="44.388129" lon="6.65315">
        <ele>1142.1</ele>
      </trkpt>
      <trkpt lat="44.388129" lon="6.65315">
        <ele>1142.1</ele>
      </trkpt>
      <trkpt lat="44.38829" lon="6.65313">
        <ele>1142.2</ele>
      </trkpt>
      <trkpt lat="44.38831" lon="6.65312">
        <ele>1142.2</ele>
      </trkpt>
      <trkpt lat="44.38849" lon="6.65309">
        <ele>1145.8</ele>
      </trkpt>
    </trkseg>
  </trk>
</gpx>
