<?xml version="1.0" encoding="UTF-8"?>
<gpx xmlns:gpxdata="http://www.cluetrust.com/XML/GPXDATA/1/0" xmlns:xsi="http://www.w3.org/2001/XMLSchema-instance" xmlns="http://www.topografix.com/GPX/1/1" version="1.1" creator="http://ridewithgps.com/" xsi:schemaLocation="http://www.topografix.com/GPX/1/1 http://www.topografix.com/GPX/1/1/gpx.xsd http://www.cluetrust.com/XML/GPXDATA/1/0 http://www.cluetrust.com/Schemas/gpxdata10.xsd">
  <metadata>
    <name>TDGC_2026-09-13 (kort)</name>
    <link href="https://ridewithgps.com/routes/40514468">
      <text>TDGC_2026-09-13 (kort)</text>
    </link>
    <time>2022-08-08T22:50:39Z</time>
  </metadata>
  <trk>
    <name>TDGC_2026-09-13 (kort)</name>
    <trkseg>
      <trkpt lat="43.95877" lon="6.506039">
        <ele>885.4</ele>
      </trkpt>
      <trkpt lat="43.95869" lon="6.50603">
        <ele>886.0</ele>
      </trkpt>
      <trkpt lat="43.95862" lon="6.50605">
        <ele>886.3</ele>
      </trkpt>
      <trkpt lat="43.95861" lon="6.50605">
        <ele>886.4</ele>
      </trkpt>
      <trkpt lat="43.95852" lon="6.5061">
        <ele>886.6</ele>
      </trkpt>
      <trkpt lat="43.95846" lon="6.50616">
        <ele>886.5</ele>
      </trkpt>
      <trkpt lat="43.95844" lon="6.50617">
        <ele>886.5</ele>
      </trkpt>
      <trkpt lat="43.9584" lon="6.50622">
        <ele>886.3</ele>
      </trkpt>
      <trkpt lat="43.95836" lon="6.50624">
        <ele>886.4</ele>
      </trkpt>
      <trkpt lat="43.9583" lon="6.50627">
        <ele>886.8</ele>
      </trkpt>
      <trkpt lat="43.9583" lon="6.50627">
        <ele>886.8</ele>
      </trkpt>
      <trkpt lat="43.95834" lon="6.50635">
        <ele>885.6</ele>
      </trkpt>
      <trkpt lat="43.95834" lon="6.50635">
        <ele>885.6</ele>
      </trkpt>
      <trkpt lat="43.9581" lon="6.506509">
        <ele>888.0</ele>
      </trkpt>
      <trkpt lat="43.95704" lon="6.50716">
        <ele>894.8</ele>
      </trkpt>
      <trkpt lat="43.95651" lon="6.50751">
        <ele>897.3</ele>
      </trkpt>
      <trkpt lat="43.95635" lon="6.50762">
        <ele>899.6</ele>
      </trkpt>
      <trkpt lat="43.95623" lon="6.50772">
        <ele>900.5</ele>
      </trkpt>
      <trkpt lat="43.95614" lon="6.50779">
        <ele>900.9</ele>
      </trkpt>
      <trkpt lat="43.95566" lon="6.50833">
        <ele>896.3</ele>
      </trkpt>
      <trkpt lat="43.95563" lon="6.50836">
        <ele>896.6</ele>
      </trkpt>
      <trkpt lat="43.955578" lon="6.508262">
        <ele>901.0</ele>
      </trkpt>
      <trkpt lat="43.95563" lon="6.50836">
        <ele>896.6</ele>
      </trkpt>
      <trkpt lat="43.95553" lon="6.50847">
        <ele>897.1</ele>
      </trkpt>
      <trkpt lat="43.95548" lon="6.50853">
        <ele>897.0</ele>
      </trkpt>
      <trkpt lat="43.95544" lon="6.50857">
        <ele>897.0</ele>
      </trkpt>
      <trkpt lat="43.95541" lon="6.5086">
        <ele>896.9</ele>
      </trkpt>
      <trkpt lat="43.95539" lon="6.50862">
        <ele>896.9</ele>
      </trkpt>
      <trkpt lat="43.95536" lon="6.50863">
        <ele>897.2</ele>
      </trkpt>
      <trkpt lat="43.95532" lon="6.50866">
        <ele>897.3</ele>
      </trkpt>
      <trkpt lat="43.95529" lon="6.50867">
        <ele>897.6</ele>
      </trkpt>
      <trkpt lat="43.95522" lon="6.5087">
        <ele>898.1</ele>
      </trkpt>
      <trkpt lat="43.95514" lon="6.50874">
        <ele>898.3</ele>
      </trkpt>
      <trkpt lat="43.95505" lon="6.50877">
        <ele>898.9</ele>
      </trkpt>
      <trkpt lat="43.95487" lon="6.50884">
        <ele>899.5</ele>
      </trkpt>
      <trkpt lat="43.95476" lon="6.50888">
        <ele>900.1</ele>
      </trkpt>
      <trkpt lat="43.9547" lon="6.50891">
        <ele>900.2</ele>
      </trkpt>
      <trkpt lat="43.95462" lon="6.50894">
        <ele>900.8</ele>
      </trkpt>
      <trkpt lat="43.95453" lon="6.50899">
        <ele>900.9</ele>
      </trkpt>
      <trkpt lat="43.95444" lon="6.50906">
        <ele>900.5</ele>
      </trkpt>
      <trkpt lat="43.95435" lon="6.50912">
        <ele>900.5</ele>
      </trkpt>
      <trkpt lat="43.95424" lon="6.50922">
        <ele>900.3</ele>
      </trkpt>
      <trkpt lat="43.95391" lon="6.5095">
        <ele>901.6</ele>
      </trkpt>
      <trkpt lat="43.95383" lon="6.50958">
        <ele>901.5</ele>
      </trkpt>
      <trkpt lat="43.95376" lon="6.50964">
        <ele>901.5</ele>
      </trkpt>
      <trkpt lat="43.95367" lon="6.50971">
        <ele>901.6</ele>
      </trkpt>
      <trkpt lat="43.95364" lon="6.50974">
        <ele>901.4</ele>
      </trkpt>
      <trkpt lat="43.9536" lon="6.50976">
        <ele>901.7</ele>
      </trkpt>
      <trkpt lat="43.953539" lon="6.50979">
        <ele>902.1</ele>
      </trkpt>
      <trkpt lat="43.95349" lon="6.50982">
        <ele>902.3</ele>
      </trkpt>
      <trkpt lat="43.95346" lon="6.50983">
        <ele>902.6</ele>
      </trkpt>
      <trkpt lat="43.95343" lon="6.50983">
        <ele>903.3</ele>
      </trkpt>
      <trkpt lat="43.95342" lon="6.509839">
        <ele>903.2</ele>
      </trkpt>
      <trkpt lat="43.95325" lon="6.50986">
        <ele>905.9</ele>
      </trkpt>
      <trkpt lat="43.95315" lon="6.50987">
        <ele>907.5</ele>
      </trkpt>
      <trkpt lat="43.953" lon="6.5099">
        <ele>909.5</ele>
      </trkpt>
      <trkpt lat="43.9529" lon="6.50993">
        <ele>910.5</ele>
      </trkpt>
      <trkpt lat="43.95288" lon="6.50994">
        <ele>910.5</ele>
      </trkpt>
      <trkpt lat="43.95277" lon="6.50999">
        <ele>911.1</ele>
      </trkpt>
      <trkpt lat="43.95267" lon="6.51006">
        <ele>911.3</ele>
      </trkpt>
      <trkpt lat="43.95262" lon="6.51011">
        <ele>911.1</ele>
      </trkpt>
      <trkpt lat="43.95256" lon="6.51016">
        <ele>911.0</ele>
      </trkpt>
      <trkpt lat="43.95253" lon="6.51019">
        <ele>910.9</ele>
      </trkpt>
      <trkpt lat="43.95248" lon="6.51027">
        <ele>909.9</ele>
      </trkpt>
      <trkpt lat="43.95245" lon="6.51032">
        <ele>909.3</ele>
      </trkpt>
      <trkpt lat="43.952419" lon="6.51037">
        <ele>908.8</ele>
      </trkpt>
      <trkpt lat="43.95233" lon="6.51051">
        <ele>907.4</ele>
      </trkpt>
      <trkpt lat="43.9523" lon="6.51057">
        <ele>906.6</ele>
      </trkpt>
      <trkpt lat="43.95226" lon="6.51062">
        <ele>906.4</ele>
      </trkpt>
      <trkpt lat="43.952219" lon="6.51068">
        <ele>905.9</ele>
      </trkpt>
      <trkpt lat="43.95221" lon="6.51069">
        <ele>905.9</ele>
      </trkpt>
      <trkpt lat="43.95216" lon="6.51074">
        <ele>905.9</ele>
      </trkpt>
      <trkpt lat="43.9521" lon="6.51079">
        <ele>906.1</ele>
      </trkpt>
      <trkpt lat="43.95206" lon="6.51082">
        <ele>906.3</ele>
      </trkpt>
      <trkpt lat="43.95205" lon="6.51082">
        <ele>906.5</ele>
      </trkpt>
      <trkpt lat="43.95201" lon="6.51084">
        <ele>907.0</ele>
      </trkpt>
      <trkpt lat="43.95188" lon="6.5109">
        <ele>908.2</ele>
      </trkpt>
      <trkpt lat="43.95185" lon="6.51091">
        <ele>908.5</ele>
      </trkpt>
      <trkpt lat="43.95171" lon="6.51097">
        <ele>909.5</ele>
      </trkpt>
      <trkpt lat="43.95161" lon="6.51101">
        <ele>909.8</ele>
      </trkpt>
      <trkpt lat="43.95154" lon="6.51104">
        <ele>909.6</ele>
      </trkpt>
      <trkpt lat="43.95136" lon="6.5111">
        <ele>909.8</ele>
      </trkpt>
      <trkpt lat="43.9512" lon="6.51115">
        <ele>910.2</ele>
      </trkpt>
      <trkpt lat="43.951189" lon="6.51115">
        <ele>910.3</ele>
      </trkpt>
      <trkpt lat="43.95084" lon="6.51126">
        <ele>911.1</ele>
      </trkpt>
      <trkpt lat="43.95066" lon="6.51131">
        <ele>911.5</ele>
      </trkpt>
      <trkpt lat="43.95048" lon="6.51135">
        <ele>912.3</ele>
      </trkpt>
      <trkpt lat="43.95037" lon="6.51138">
        <ele>912.6</ele>
      </trkpt>
      <trkpt lat="43.95028" lon="6.51141">
        <ele>912.8</ele>
      </trkpt>
      <trkpt lat="43.9502" lon="6.51144">
        <ele>912.9</ele>
      </trkpt>
      <trkpt lat="43.95013" lon="6.51147">
        <ele>912.9</ele>
      </trkpt>
      <trkpt lat="43.95009" lon="6.51149">
        <ele>912.8</ele>
      </trkpt>
      <trkpt lat="43.94999" lon="6.51156">
        <ele>912.1</ele>
      </trkpt>
      <trkpt lat="43.94993" lon="6.511599">
        <ele>912.2</ele>
      </trkpt>
      <trkpt lat="43.94989" lon="6.51164">
        <ele>911.9</ele>
      </trkpt>
      <trkpt lat="43.94983" lon="6.5117">
        <ele>911.5</ele>
      </trkpt>
      <trkpt lat="43.949779" lon="6.51178">
        <ele>910.5</ele>
      </trkpt>
      <trkpt lat="43.94974" lon="6.51187">
        <ele>909.1</ele>
      </trkpt>
      <trkpt lat="43.94973" lon="6.51192">
        <ele>908.1</ele>
      </trkpt>
      <trkpt lat="43.94972" lon="6.51195">
        <ele>907.6</ele>
      </trkpt>
      <trkpt lat="43.949689" lon="6.51206">
        <ele>905.5</ele>
      </trkpt>
      <trkpt lat="43.94966" lon="6.5122">
        <ele>902.7</ele>
      </trkpt>
      <trkpt lat="43.94964" lon="6.5123">
        <ele>900.7</ele>
      </trkpt>
      <trkpt lat="43.94961" lon="6.51239">
        <ele>899.1</ele>
      </trkpt>
      <trkpt lat="43.94957" lon="6.51247">
        <ele>898.0</ele>
      </trkpt>
      <trkpt lat="43.94952" lon="6.51254">
        <ele>897.2</ele>
      </trkpt>
      <trkpt lat="43.94949" lon="6.51258">
        <ele>896.8</ele>
      </trkpt>
      <trkpt lat="43.94947" lon="6.5126">
        <ele>896.7</ele>
      </trkpt>
      <trkpt lat="43.94941" lon="6.51264">
        <ele>896.9</ele>
      </trkpt>
      <trkpt lat="43.94935" lon="6.51267">
        <ele>897.3</ele>
      </trkpt>
      <trkpt lat="43.94929" lon="6.51269">
        <ele>898.0</ele>
      </trkpt>
      <trkpt lat="43.94923" lon="6.51269">
        <ele>899.2</ele>
      </trkpt>
      <trkpt lat="43.94915" lon="6.512679">
        <ele>900.8</ele>
      </trkpt>
      <trkpt lat="43.94914" lon="6.512679">
        <ele>900.8</ele>
      </trkpt>
      <trkpt lat="43.94897" lon="6.51264">
        <ele>902.5</ele>
      </trkpt>
      <trkpt lat="43.94892" lon="6.51263">
        <ele>902.9</ele>
      </trkpt>
      <trkpt lat="43.94879" lon="6.5126">
        <ele>904.0</ele>
      </trkpt>
      <trkpt lat="43.94863" lon="6.51255">
        <ele>905.5</ele>
      </trkpt>
      <trkpt lat="43.9483" lon="6.51246">
        <ele>907.9</ele>
      </trkpt>
      <trkpt lat="43.948099" lon="6.51241">
        <ele>909.6</ele>
      </trkpt>
      <trkpt lat="43.94803" lon="6.5124">
        <ele>910.0</ele>
      </trkpt>
      <trkpt lat="43.948" lon="6.51239">
        <ele>910.3</ele>
      </trkpt>
      <trkpt lat="43.94796" lon="6.51239">
        <ele>910.4</ele>
      </trkpt>
      <trkpt lat="43.94791" lon="6.51238">
        <ele>910.8</ele>
      </trkpt>
      <trkpt lat="43.94787" lon="6.51239">
        <ele>910.8</ele>
      </trkpt>
      <trkpt lat="43.94782" lon="6.5124">
        <ele>910.8</ele>
      </trkpt>
      <trkpt lat="43.94778" lon="6.51242">
        <ele>910.7</ele>
      </trkpt>
      <trkpt lat="43.94775" lon="6.51244">
        <ele>910.6</ele>
      </trkpt>
      <trkpt lat="43.94773" lon="6.51245">
        <ele>910.5</ele>
      </trkpt>
      <trkpt lat="43.94769" lon="6.51249">
        <ele>910.2</ele>
      </trkpt>
      <trkpt lat="43.94765" lon="6.51254">
        <ele>909.6</ele>
      </trkpt>
      <trkpt lat="43.94762" lon="6.51258">
        <ele>909.1</ele>
      </trkpt>
      <trkpt lat="43.94758" lon="6.51265">
        <ele>908.2</ele>
      </trkpt>
      <trkpt lat="43.94755" lon="6.51273">
        <ele>907.0</ele>
      </trkpt>
      <trkpt lat="43.94738" lon="6.51318">
        <ele>901.9</ele>
      </trkpt>
      <trkpt lat="43.947249" lon="6.51355">
        <ele>898.4</ele>
      </trkpt>
      <trkpt lat="43.94717" lon="6.51377">
        <ele>896.2</ele>
      </trkpt>
      <trkpt lat="43.94712" lon="6.51389">
        <ele>895.0</ele>
      </trkpt>
      <trkpt lat="43.94706" lon="6.514">
        <ele>894.0</ele>
      </trkpt>
      <trkpt lat="43.947" lon="6.5141">
        <ele>892.9</ele>
      </trkpt>
      <trkpt lat="43.94694" lon="6.51419">
        <ele>892.0</ele>
      </trkpt>
      <trkpt lat="43.94691" lon="6.51422">
        <ele>891.7</ele>
      </trkpt>
      <trkpt lat="43.94688" lon="6.51425">
        <ele>891.5</ele>
      </trkpt>
      <trkpt lat="43.9468" lon="6.51433">
        <ele>891.1</ele>
      </trkpt>
      <trkpt lat="43.94673" lon="6.5144">
        <ele>890.9</ele>
      </trkpt>
      <trkpt lat="43.94663" lon="6.51448">
        <ele>890.9</ele>
      </trkpt>
      <trkpt lat="43.94642" lon="6.51462">
        <ele>891.2</ele>
      </trkpt>
      <trkpt lat="43.94616" lon="6.5148">
        <ele>891.2</ele>
      </trkpt>
      <trkpt lat="43.94573" lon="6.51508">
        <ele>891.0</ele>
      </trkpt>
      <trkpt lat="43.94503" lon="6.51554">
        <ele>890.4</ele>
      </trkpt>
      <trkpt lat="43.94492" lon="6.51562">
        <ele>889.5</ele>
      </trkpt>
      <trkpt lat="43.9446" lon="6.51584">
        <ele>887.3</ele>
      </trkpt>
      <trkpt lat="43.94444" lon="6.51596">
        <ele>886.1</ele>
      </trkpt>
      <trkpt lat="43.94348" lon="6.51663">
        <ele>890.5</ele>
      </trkpt>
      <trkpt lat="43.94337" lon="6.51671">
        <ele>890.8</ele>
      </trkpt>
      <trkpt lat="43.94332" lon="6.51674">
        <ele>890.9</ele>
      </trkpt>
      <trkpt lat="43.94298" lon="6.516949">
        <ele>890.9</ele>
      </trkpt>
      <trkpt lat="43.94277" lon="6.51708">
        <ele>890.8</ele>
      </trkpt>
      <trkpt lat="43.942659" lon="6.51715">
        <ele>890.7</ele>
      </trkpt>
      <trkpt lat="43.94264" lon="6.51717">
        <ele>890.5</ele>
      </trkpt>
      <trkpt lat="43.94251" lon="6.51725">
        <ele>890.4</ele>
      </trkpt>
      <trkpt lat="43.942369" lon="6.51736">
        <ele>891.7</ele>
      </trkpt>
      <trkpt lat="43.9423" lon="6.51743">
        <ele>892.1</ele>
      </trkpt>
      <trkpt lat="43.94217" lon="6.51755">
        <ele>893.1</ele>
      </trkpt>
      <trkpt lat="43.94205" lon="6.51768">
        <ele>893.7</ele>
      </trkpt>
      <trkpt lat="43.94196" lon="6.51781">
        <ele>893.4</ele>
      </trkpt>
      <trkpt lat="43.94191" lon="6.51789">
        <ele>893.0</ele>
      </trkpt>
      <trkpt lat="43.94186" lon="6.51798">
        <ele>892.4</ele>
      </trkpt>
      <trkpt lat="43.941809" lon="6.51806">
        <ele>891.8</ele>
      </trkpt>
      <trkpt lat="43.94176" lon="6.51816">
        <ele>890.8</ele>
      </trkpt>
      <trkpt lat="43.94169" lon="6.51832">
        <ele>888.9</ele>
      </trkpt>
      <trkpt lat="43.94162" lon="6.51848">
        <ele>889.2</ele>
      </trkpt>
      <trkpt lat="43.94155" lon="6.51868">
        <ele>889.6</ele>
      </trkpt>
      <trkpt lat="43.94151" lon="6.51881">
        <ele>889.7</ele>
      </trkpt>
      <trkpt lat="43.94146" lon="6.51897">
        <ele>889.8</ele>
      </trkpt>
      <trkpt lat="43.941429" lon="6.51911">
        <ele>889.5</ele>
      </trkpt>
      <trkpt lat="43.94141" lon="6.51921">
        <ele>889.3</ele>
      </trkpt>
      <trkpt lat="43.94138" lon="6.51942">
        <ele>889.0</ele>
      </trkpt>
      <trkpt lat="43.94132" lon="6.51985">
        <ele>888.6</ele>
      </trkpt>
      <trkpt lat="43.941249" lon="6.52034">
        <ele>886.5</ele>
      </trkpt>
      <trkpt lat="43.94123" lon="6.52049">
        <ele>885.6</ele>
      </trkpt>
      <trkpt lat="43.94122" lon="6.52058">
        <ele>885.1</ele>
      </trkpt>
      <trkpt lat="43.9412" lon="6.52067">
        <ele>884.8</ele>
      </trkpt>
      <trkpt lat="43.94116" lon="6.52079">
        <ele>885.0</ele>
      </trkpt>
      <trkpt lat="43.94113" lon="6.52088">
        <ele>885.1</ele>
      </trkpt>
      <trkpt lat="43.94107" lon="6.521">
        <ele>885.6</ele>
      </trkpt>
      <trkpt lat="43.94106" lon="6.52103">
        <ele>885.5</ele>
      </trkpt>
      <trkpt lat="43.94102" lon="6.52109">
        <ele>885.9</ele>
      </trkpt>
      <trkpt lat="43.940959" lon="6.52117">
        <ele>886.4</ele>
      </trkpt>
      <trkpt lat="43.9409" lon="6.52124">
        <ele>886.9</ele>
      </trkpt>
      <trkpt lat="43.94081" lon="6.52133">
        <ele>887.8</ele>
      </trkpt>
      <trkpt lat="43.94067" lon="6.52145">
        <ele>890.3</ele>
      </trkpt>
      <trkpt lat="43.94051" lon="6.5216">
        <ele>892.8</ele>
      </trkpt>
      <trkpt lat="43.940399" lon="6.5217">
        <ele>894.3</ele>
      </trkpt>
      <trkpt lat="43.94034" lon="6.52177">
        <ele>894.7</ele>
      </trkpt>
      <trkpt lat="43.94033" lon="6.52178">
        <ele>894.8</ele>
      </trkpt>
      <trkpt lat="43.94028" lon="6.52184">
        <ele>895.0</ele>
      </trkpt>
      <trkpt lat="43.940219" lon="6.52191">
        <ele>895.3</ele>
      </trkpt>
      <trkpt lat="43.94021" lon="6.52194">
        <ele>894.9</ele>
      </trkpt>
      <trkpt lat="43.94017" lon="6.52199">
        <ele>894.9</ele>
      </trkpt>
      <trkpt lat="43.93998" lon="6.52227">
        <ele>893.5</ele>
      </trkpt>
      <trkpt lat="43.93992" lon="6.52236">
        <ele>893.5</ele>
      </trkpt>
      <trkpt lat="43.93987" lon="6.52243">
        <ele>893.5</ele>
      </trkpt>
      <trkpt lat="43.93983" lon="6.52247">
        <ele>893.9</ele>
      </trkpt>
      <trkpt lat="43.9398" lon="6.5225">
        <ele>894.2</ele>
      </trkpt>
      <trkpt lat="43.9397" lon="6.52261">
        <ele>895.4</ele>
      </trkpt>
      <trkpt lat="43.93954" lon="6.52277">
        <ele>896.8</ele>
      </trkpt>
      <trkpt lat="43.939459" lon="6.52285">
        <ele>897.2</ele>
      </trkpt>
      <trkpt lat="43.93933" lon="6.52299">
        <ele>896.9</ele>
      </trkpt>
      <trkpt lat="43.93927" lon="6.52307">
        <ele>896.0</ele>
      </trkpt>
      <trkpt lat="43.9392" lon="6.52317">
        <ele>894.5</ele>
      </trkpt>
      <trkpt lat="43.93913" lon="6.52328">
        <ele>893.6</ele>
      </trkpt>
      <trkpt lat="43.93897" lon="6.52359">
        <ele>893.9</ele>
      </trkpt>
      <trkpt lat="43.93893" lon="6.52367">
        <ele>894.3</ele>
      </trkpt>
      <trkpt lat="43.93882" lon="6.52386">
        <ele>896.5</ele>
      </trkpt>
      <trkpt lat="43.9387" lon="6.52406">
        <ele>899.9</ele>
      </trkpt>
      <trkpt lat="43.9386" lon="6.52424">
        <ele>903.5</ele>
      </trkpt>
      <trkpt lat="43.9385" lon="6.52442">
        <ele>907.3</ele>
      </trkpt>
      <trkpt lat="43.93848" lon="6.52446">
        <ele>908.0</ele>
      </trkpt>
      <trkpt lat="43.938429" lon="6.52456">
        <ele>909.4</ele>
      </trkpt>
      <trkpt lat="43.9384" lon="6.52462">
        <ele>910.1</ele>
      </trkpt>
      <trkpt lat="43.93837" lon="6.52471">
        <ele>910.2</ele>
      </trkpt>
      <trkpt lat="43.93835" lon="6.52479">
        <ele>909.9</ele>
      </trkpt>
      <trkpt lat="43.93832" lon="6.52489">
        <ele>909.9</ele>
      </trkpt>
      <trkpt lat="43.93829" lon="6.525019">
        <ele>909.8</ele>
      </trkpt>
      <trkpt lat="43.93827" lon="6.52514">
        <ele>909.9</ele>
      </trkpt>
      <trkpt lat="43.938249" lon="6.52522">
        <ele>910.5</ele>
      </trkpt>
      <trkpt lat="43.93823" lon="6.52533">
        <ele>910.8</ele>
      </trkpt>
      <trkpt lat="43.93823" lon="6.52538">
        <ele>910.3</ele>
      </trkpt>
      <trkpt lat="43.93822" lon="6.52546">
        <ele>910.2</ele>
      </trkpt>
      <trkpt lat="43.93821" lon="6.5256">
        <ele>909.5</ele>
      </trkpt>
      <trkpt lat="43.93821" lon="6.525629">
        <ele>909.2</ele>
      </trkpt>
      <trkpt lat="43.93821" lon="6.52572">
        <ele>908.3</ele>
      </trkpt>
      <trkpt lat="43.93821" lon="6.52588">
        <ele>905.5</ele>
      </trkpt>
      <trkpt lat="43.93821" lon="6.52597">
        <ele>902.4</ele>
      </trkpt>
      <trkpt lat="43.93821" lon="6.52608">
        <ele>898.5</ele>
      </trkpt>
      <trkpt lat="43.93821" lon="6.52613">
        <ele>896.8</ele>
      </trkpt>
      <trkpt lat="43.93821" lon="6.52615">
        <ele>896.1</ele>
      </trkpt>
      <trkpt lat="43.9382" lon="6.52621">
        <ele>894.8</ele>
      </trkpt>
      <trkpt lat="43.93819" lon="6.52627">
        <ele>893.5</ele>
      </trkpt>
      <trkpt lat="43.93818" lon="6.52636">
        <ele>891.2</ele>
      </trkpt>
      <trkpt lat="43.93814" lon="6.52651">
        <ele>889.5</ele>
      </trkpt>
      <trkpt lat="43.93813" lon="6.52657">
        <ele>888.3</ele>
      </trkpt>
      <trkpt lat="43.93812" lon="6.52662">
        <ele>887.5</ele>
      </trkpt>
      <trkpt lat="43.93811" lon="6.52666">
        <ele>887.0</ele>
      </trkpt>
      <trkpt lat="43.93811" lon="6.5267">
        <ele>886.0</ele>
      </trkpt>
      <trkpt lat="43.93811" lon="6.52674">
        <ele>885.1</ele>
      </trkpt>
      <trkpt lat="43.93811" lon="6.526779">
        <ele>884.1</ele>
      </trkpt>
      <trkpt lat="43.93811" lon="6.52686">
        <ele>882.2</ele>
      </trkpt>
      <trkpt lat="43.93812" lon="6.52711">
        <ele>875.9</ele>
      </trkpt>
      <trkpt lat="43.93813" lon="6.52736">
        <ele>876.9</ele>
      </trkpt>
      <trkpt lat="43.93813" lon="6.52741">
        <ele>877.1</ele>
      </trkpt>
      <trkpt lat="43.93814" lon="6.52755">
        <ele>877.7</ele>
      </trkpt>
      <trkpt lat="43.93814" lon="6.52766">
        <ele>878.1</ele>
      </trkpt>
      <trkpt lat="43.93815" lon="6.52791">
        <ele>879.1</ele>
      </trkpt>
      <trkpt lat="43.93816" lon="6.52816">
        <ele>880.2</ele>
      </trkpt>
      <trkpt lat="43.93817" lon="6.52831">
        <ele>880.8</ele>
      </trkpt>
      <trkpt lat="43.93817" lon="6.52841">
        <ele>881.2</ele>
      </trkpt>
      <trkpt lat="43.93818" lon="6.52866">
        <ele>882.2</ele>
      </trkpt>
      <trkpt lat="43.93818" lon="6.52871">
        <ele>882.4</ele>
      </trkpt>
      <trkpt lat="43.93818" lon="6.52874">
        <ele>882.5</ele>
      </trkpt>
      <trkpt lat="43.93817" lon="6.52877">
        <ele>882.7</ele>
      </trkpt>
      <trkpt lat="43.93817" lon="6.52881">
        <ele>882.8</ele>
      </trkpt>
      <trkpt lat="43.93815" lon="6.52885">
        <ele>883.0</ele>
      </trkpt>
      <trkpt lat="43.93814" lon="6.52889">
        <ele>883.2</ele>
      </trkpt>
      <trkpt lat="43.93813" lon="6.52892">
        <ele>883.4</ele>
      </trkpt>
      <trkpt lat="43.9381" lon="6.52899">
        <ele>885.2</ele>
      </trkpt>
      <trkpt lat="43.93807" lon="6.52904">
        <ele>886.3</ele>
      </trkpt>
      <trkpt lat="43.93806" lon="6.52905">
        <ele>886.5</ele>
      </trkpt>
      <trkpt lat="43.93795" lon="6.5292">
        <ele>886.6</ele>
      </trkpt>
      <trkpt lat="43.93794" lon="6.52921">
        <ele>886.7</ele>
      </trkpt>
      <trkpt lat="43.937869" lon="6.5293">
        <ele>886.8</ele>
      </trkpt>
      <trkpt lat="43.93768" lon="6.52955">
        <ele>887.1</ele>
      </trkpt>
      <trkpt lat="43.93754" lon="6.52972">
        <ele>887.3</ele>
      </trkpt>
      <trkpt lat="43.93728" lon="6.53006">
        <ele>887.7</ele>
      </trkpt>
      <trkpt lat="43.93701" lon="6.53039">
        <ele>888.2</ele>
      </trkpt>
      <trkpt lat="43.93688" lon="6.53056">
        <ele>888.4</ele>
      </trkpt>
      <trkpt lat="43.9368" lon="6.53066">
        <ele>888.5</ele>
      </trkpt>
      <trkpt lat="43.93672" lon="6.53076">
        <ele>888.7</ele>
      </trkpt>
      <trkpt lat="43.93668" lon="6.53081">
        <ele>887.4</ele>
      </trkpt>
      <trkpt lat="43.93663" lon="6.53085">
        <ele>886.7</ele>
      </trkpt>
      <trkpt lat="43.93658" lon="6.53089">
        <ele>886.4</ele>
      </trkpt>
      <trkpt lat="43.93656" lon="6.5309">
        <ele>886.2</ele>
      </trkpt>
      <trkpt lat="43.93653" lon="6.53091">
        <ele>885.8</ele>
      </trkpt>
      <trkpt lat="43.93641" lon="6.530979">
        <ele>884.6</ele>
      </trkpt>
      <trkpt lat="43.9364" lon="6.530979">
        <ele>884.5</ele>
      </trkpt>
      <trkpt lat="43.93635" lon="6.53101">
        <ele>883.9</ele>
      </trkpt>
      <trkpt lat="43.9363" lon="6.531049">
        <ele>883.4</ele>
      </trkpt>
      <trkpt lat="43.93625" lon="6.53109">
        <ele>882.9</ele>
      </trkpt>
      <trkpt lat="43.93622" lon="6.53113">
        <ele>882.6</ele>
      </trkpt>
      <trkpt lat="43.93618" lon="6.53117">
        <ele>882.1</ele>
      </trkpt>
      <trkpt lat="43.93614" lon="6.53124">
        <ele>881.8</ele>
      </trkpt>
      <trkpt lat="43.93612" lon="6.53129">
        <ele>881.7</ele>
      </trkpt>
      <trkpt lat="43.935989" lon="6.53152">
        <ele>880.1</ele>
      </trkpt>
      <trkpt lat="43.93596" lon="6.531589">
        <ele>879.7</ele>
      </trkpt>
      <trkpt lat="43.93594" lon="6.53162">
        <ele>879.4</ele>
      </trkpt>
      <trkpt lat="43.93592" lon="6.53165">
        <ele>879.0</ele>
      </trkpt>
      <trkpt lat="43.93589" lon="6.53168">
        <ele>878.5</ele>
      </trkpt>
      <trkpt lat="43.93587" lon="6.5317">
        <ele>879.0</ele>
      </trkpt>
      <trkpt lat="43.93584" lon="6.53171">
        <ele>879.6</ele>
      </trkpt>
      <trkpt lat="43.93582" lon="6.53172">
        <ele>880.1</ele>
      </trkpt>
      <trkpt lat="43.935809" lon="6.531729">
        <ele>880.4</ele>
      </trkpt>
      <trkpt lat="43.93579" lon="6.531729">
        <ele>880.8</ele>
      </trkpt>
      <trkpt lat="43.93576" lon="6.531729">
        <ele>881.4</ele>
      </trkpt>
      <trkpt lat="43.93571" lon="6.53172">
        <ele>882.5</ele>
      </trkpt>
      <trkpt lat="43.935609" lon="6.53169">
        <ele>884.7</ele>
      </trkpt>
      <trkpt lat="43.93557" lon="6.53168">
        <ele>885.6</ele>
      </trkpt>
      <trkpt lat="43.9354" lon="6.53163">
        <ele>889.3</ele>
      </trkpt>
      <trkpt lat="43.93522" lon="6.53157">
        <ele>893.3</ele>
      </trkpt>
      <trkpt lat="43.935049" lon="6.53152">
        <ele>897.1</ele>
      </trkpt>
      <trkpt lat="43.93435" lon="6.53129">
        <ele>895.7</ele>
      </trkpt>
      <trkpt lat="43.93417" lon="6.53124">
        <ele>895.4</ele>
      </trkpt>
      <trkpt lat="43.93377" lon="6.531119">
        <ele>894.6</ele>
      </trkpt>
      <trkpt lat="43.93371" lon="6.5311">
        <ele>894.5</ele>
      </trkpt>
      <trkpt lat="43.93365" lon="6.53108">
        <ele>894.4</ele>
      </trkpt>
      <trkpt lat="43.93359" lon="6.53107">
        <ele>894.3</ele>
      </trkpt>
      <trkpt lat="43.93352" lon="6.53107">
        <ele>894.2</ele>
      </trkpt>
      <trkpt lat="43.93347" lon="6.53106">
        <ele>892.9</ele>
      </trkpt>
      <trkpt lat="43.93336" lon="6.53106">
        <ele>891.5</ele>
      </trkpt>
      <trkpt lat="43.93318" lon="6.53106">
        <ele>890.5</ele>
      </trkpt>
      <trkpt lat="43.933" lon="6.53106">
        <ele>889.8</ele>
      </trkpt>
      <trkpt lat="43.93288" lon="6.53106">
        <ele>889.3</ele>
      </trkpt>
      <trkpt lat="43.9328" lon="6.53107">
        <ele>889.5</ele>
      </trkpt>
      <trkpt lat="43.93272" lon="6.53108">
        <ele>889.6</ele>
      </trkpt>
      <trkpt lat="43.93265" lon="6.5311">
        <ele>890.3</ele>
      </trkpt>
      <trkpt lat="43.93248" lon="6.53115">
        <ele>891.4</ele>
      </trkpt>
      <trkpt lat="43.93246" lon="6.53116">
        <ele>891.6</ele>
      </trkpt>
      <trkpt lat="43.93229" lon="6.53123">
        <ele>892.7</ele>
      </trkpt>
      <trkpt lat="43.93212" lon="6.53129">
        <ele>893.5</ele>
      </trkpt>
      <trkpt lat="43.93194" lon="6.53136">
        <ele>894.6</ele>
      </trkpt>
      <trkpt lat="43.93185" lon="6.53139">
        <ele>895.0</ele>
      </trkpt>
      <trkpt lat="43.9318" lon="6.53141">
        <ele>895.4</ele>
      </trkpt>
      <trkpt lat="43.93177" lon="6.53141">
        <ele>895.1</ele>
      </trkpt>
      <trkpt lat="43.93175" lon="6.53142">
        <ele>895.3</ele>
      </trkpt>
      <trkpt lat="43.93169" lon="6.53143">
        <ele>895.2</ele>
      </trkpt>
      <trkpt lat="43.93152" lon="6.53146">
        <ele>893.7</ele>
      </trkpt>
      <trkpt lat="43.93141" lon="6.53147">
        <ele>892.1</ele>
      </trkpt>
      <trkpt lat="43.93136" lon="6.53148">
        <ele>891.6</ele>
      </trkpt>
      <trkpt lat="43.93127" lon="6.53149">
        <ele>890.2</ele>
      </trkpt>
      <trkpt lat="43.93123" lon="6.5315">
        <ele>889.8</ele>
      </trkpt>
      <trkpt lat="43.93121" lon="6.53151">
        <ele>889.8</ele>
      </trkpt>
      <trkpt lat="43.93116" lon="6.53152">
        <ele>889.1</ele>
      </trkpt>
      <trkpt lat="43.931109" lon="6.53154">
        <ele>888.7</ele>
      </trkpt>
      <trkpt lat="43.93106" lon="6.53155">
        <ele>888.0</ele>
      </trkpt>
      <trkpt lat="43.93106" lon="6.53156">
        <ele>888.3</ele>
      </trkpt>
      <trkpt lat="43.93101" lon="6.53158">
        <ele>887.8</ele>
      </trkpt>
      <trkpt lat="43.93082" lon="6.53167">
        <ele>886.0</ele>
      </trkpt>
      <trkpt lat="43.930549" lon="6.53182">
        <ele>888.3</ele>
      </trkpt>
      <trkpt lat="43.93042" lon="6.53189">
        <ele>888.9</ele>
      </trkpt>
      <trkpt lat="43.93039" lon="6.53191">
        <ele>889.2</ele>
      </trkpt>
      <trkpt lat="43.93038" lon="6.53191">
        <ele>889.0</ele>
      </trkpt>
      <trkpt lat="43.93034" lon="6.53193">
        <ele>889.0</ele>
      </trkpt>
      <trkpt lat="43.93028" lon="6.53195">
        <ele>888.7</ele>
      </trkpt>
      <trkpt lat="43.93023" lon="6.53197">
        <ele>888.5</ele>
      </trkpt>
      <trkpt lat="43.93021" lon="6.53197">
        <ele>888.1</ele>
      </trkpt>
      <trkpt lat="43.93016" lon="6.53199">
        <ele>887.9</ele>
      </trkpt>
      <trkpt lat="43.93003" lon="6.53201">
        <ele>886.1</ele>
      </trkpt>
      <trkpt lat="43.92992" lon="6.53203">
        <ele>886.1</ele>
      </trkpt>
      <trkpt lat="43.92986" lon="6.53204">
        <ele>886.4</ele>
      </trkpt>
      <trkpt lat="43.92936" lon="6.53212">
        <ele>887.8</ele>
      </trkpt>
      <trkpt lat="43.92903" lon="6.53217">
        <ele>887.2</ele>
      </trkpt>
      <trkpt lat="43.92897" lon="6.53218">
        <ele>886.9</ele>
      </trkpt>
      <trkpt lat="43.92889" lon="6.532199">
        <ele>886.5</ele>
      </trkpt>
      <trkpt lat="43.92879" lon="6.53223">
        <ele>886.0</ele>
      </trkpt>
      <trkpt lat="43.92872" lon="6.53226">
        <ele>885.8</ele>
      </trkpt>
      <trkpt lat="43.92865" lon="6.53229">
        <ele>885.5</ele>
      </trkpt>
      <trkpt lat="43.9286" lon="6.53232">
        <ele>885.4</ele>
      </trkpt>
      <trkpt lat="43.92857" lon="6.532339">
        <ele>885.3</ele>
      </trkpt>
      <trkpt lat="43.92848" lon="6.5324">
        <ele>884.9</ele>
      </trkpt>
      <trkpt lat="43.92839" lon="6.53247">
        <ele>884.5</ele>
      </trkpt>
      <trkpt lat="43.92833" lon="6.53252">
        <ele>884.6</ele>
      </trkpt>
      <trkpt lat="43.92821" lon="6.53262">
        <ele>886.7</ele>
      </trkpt>
      <trkpt lat="43.92815" lon="6.53267">
        <ele>887.6</ele>
      </trkpt>
      <trkpt lat="43.92812" lon="6.53269">
        <ele>888.0</ele>
      </trkpt>
      <trkpt lat="43.92809" lon="6.5327">
        <ele>888.0</ele>
      </trkpt>
      <trkpt lat="43.92805" lon="6.53273">
        <ele>888.6</ele>
      </trkpt>
      <trkpt lat="43.92801" lon="6.53275">
        <ele>888.8</ele>
      </trkpt>
      <trkpt lat="43.92797" lon="6.53276">
        <ele>888.8</ele>
      </trkpt>
      <trkpt lat="43.92747" lon="6.53292">
        <ele>888.9</ele>
      </trkpt>
      <trkpt lat="43.92738" lon="6.532949">
        <ele>889.1</ele>
      </trkpt>
      <trkpt lat="43.92704" lon="6.53305">
        <ele>889.2</ele>
      </trkpt>
      <trkpt lat="43.92702" lon="6.53305">
        <ele>889.1</ele>
      </trkpt>
      <trkpt lat="43.92685" lon="6.53312">
        <ele>889.3</ele>
      </trkpt>
      <trkpt lat="43.92675" lon="6.53315">
        <ele>889.2</ele>
      </trkpt>
      <trkpt lat="43.92668" lon="6.53318">
        <ele>889.2</ele>
      </trkpt>
      <trkpt lat="43.92651" lon="6.53326">
        <ele>890.1</ele>
      </trkpt>
      <trkpt lat="43.92649" lon="6.53328">
        <ele>890.5</ele>
      </trkpt>
      <trkpt lat="43.92635" lon="6.53333">
        <ele>891.2</ele>
      </trkpt>
      <trkpt lat="43.92634" lon="6.53334">
        <ele>891.5</ele>
      </trkpt>
      <trkpt lat="43.92626" lon="6.53336">
        <ele>892.0</ele>
      </trkpt>
      <trkpt lat="43.9262" lon="6.53338">
        <ele>892.5</ele>
      </trkpt>
      <trkpt lat="43.92616" lon="6.53338">
        <ele>892.4</ele>
      </trkpt>
      <trkpt lat="43.92613" lon="6.53338">
        <ele>892.4</ele>
      </trkpt>
      <trkpt lat="43.92608" lon="6.53339">
        <ele>892.6</ele>
      </trkpt>
      <trkpt lat="43.926" lon="6.53338">
        <ele>892.0</ele>
      </trkpt>
      <trkpt lat="43.92598" lon="6.53337">
        <ele>891.6</ele>
      </trkpt>
      <trkpt lat="43.92595" lon="6.53337">
        <ele>891.5</ele>
      </trkpt>
      <trkpt lat="43.92586" lon="6.53334">
        <ele>890.3</ele>
      </trkpt>
      <trkpt lat="43.9258" lon="6.53331">
        <ele>889.4</ele>
      </trkpt>
      <trkpt lat="43.92569" lon="6.53326">
        <ele>888.1</ele>
      </trkpt>
      <trkpt lat="43.92563" lon="6.53324">
        <ele>887.6</ele>
      </trkpt>
      <trkpt lat="43.92559" lon="6.53322">
        <ele>887.1</ele>
      </trkpt>
      <trkpt lat="43.9255" lon="6.53319">
        <ele>886.4</ele>
      </trkpt>
      <trkpt lat="43.92546" lon="6.53318">
        <ele>886.1</ele>
      </trkpt>
      <trkpt lat="43.92542" lon="6.53318">
        <ele>886.2</ele>
      </trkpt>
      <trkpt lat="43.92534" lon="6.53317">
        <ele>886.0</ele>
      </trkpt>
      <trkpt lat="43.92528" lon="6.53316">
        <ele>885.7</ele>
      </trkpt>
      <trkpt lat="43.925199" lon="6.53317">
        <ele>886.1</ele>
      </trkpt>
      <trkpt lat="43.92515" lon="6.53317">
        <ele>886.2</ele>
      </trkpt>
      <trkpt lat="43.9251" lon="6.53318">
        <ele>886.5</ele>
      </trkpt>
      <trkpt lat="43.92492" lon="6.53323">
        <ele>888.3</ele>
      </trkpt>
      <trkpt lat="43.92475" lon="6.53327">
        <ele>890.0</ele>
      </trkpt>
      <trkpt lat="43.92466" lon="6.5333">
        <ele>891.0</ele>
      </trkpt>
      <trkpt lat="43.92457" lon="6.53332">
        <ele>891.7</ele>
      </trkpt>
      <trkpt lat="43.92449" lon="6.53333">
        <ele>892.1</ele>
      </trkpt>
      <trkpt lat="43.92441" lon="6.53334">
        <ele>892.6</ele>
      </trkpt>
      <trkpt lat="43.92439" lon="6.53334">
        <ele>892.7</ele>
      </trkpt>
      <trkpt lat="43.92434" lon="6.53334">
        <ele>892.8</ele>
      </trkpt>
      <trkpt lat="43.924259" lon="6.53334">
        <ele>893.0</ele>
      </trkpt>
      <trkpt lat="43.924169" lon="6.53332">
        <ele>892.7</ele>
      </trkpt>
      <trkpt lat="43.92403" lon="6.53329">
        <ele>891.4</ele>
      </trkpt>
      <trkpt lat="43.92402" lon="6.53329">
        <ele>891.3</ele>
      </trkpt>
      <trkpt lat="43.92397" lon="6.53328">
        <ele>890.9</ele>
      </trkpt>
      <trkpt lat="43.92393" lon="6.53327">
        <ele>890.5</ele>
      </trkpt>
      <trkpt lat="43.92386" lon="6.53327">
        <ele>890.1</ele>
      </trkpt>
      <trkpt lat="43.92385" lon="6.53327">
        <ele>890.0</ele>
      </trkpt>
      <trkpt lat="43.923789" lon="6.53328">
        <ele>889.8</ele>
      </trkpt>
      <trkpt lat="43.92374" lon="6.53329">
        <ele>889.7</ele>
      </trkpt>
      <trkpt lat="43.92369" lon="6.53331">
        <ele>889.8</ele>
      </trkpt>
      <trkpt lat="43.92368" lon="6.53331">
        <ele>889.7</ele>
      </trkpt>
      <trkpt lat="43.92365" lon="6.53332">
        <ele>889.7</ele>
      </trkpt>
      <trkpt lat="43.92362" lon="6.53334">
        <ele>889.9</ele>
      </trkpt>
      <trkpt lat="43.92358" lon="6.53336">
        <ele>890.1</ele>
      </trkpt>
      <trkpt lat="43.92352" lon="6.5334">
        <ele>890.8</ele>
      </trkpt>
      <trkpt lat="43.92346" lon="6.53344">
        <ele>891.3</ele>
      </trkpt>
      <trkpt lat="43.9234" lon="6.53351">
        <ele>892.5</ele>
      </trkpt>
      <trkpt lat="43.92328" lon="6.53365">
        <ele>894.5</ele>
      </trkpt>
      <trkpt lat="43.923" lon="6.534029">
        <ele>898.9</ele>
      </trkpt>
      <trkpt lat="43.92292" lon="6.53414">
        <ele>900.0</ele>
      </trkpt>
      <trkpt lat="43.92282" lon="6.53426">
        <ele>901.0</ele>
      </trkpt>
      <trkpt lat="43.92273" lon="6.53435">
        <ele>901.6</ele>
      </trkpt>
      <trkpt lat="43.92263" lon="6.53444">
        <ele>902.1</ele>
      </trkpt>
      <trkpt lat="43.92254" lon="6.53452">
        <ele>902.6</ele>
      </trkpt>
      <trkpt lat="43.92246" lon="6.53459">
        <ele>903.3</ele>
      </trkpt>
      <trkpt lat="43.92236" lon="6.53466">
        <ele>904.1</ele>
      </trkpt>
      <trkpt lat="43.92226" lon="6.53472">
        <ele>904.7</ele>
      </trkpt>
      <trkpt lat="43.92222" lon="6.53474">
        <ele>904.8</ele>
      </trkpt>
      <trkpt lat="43.92218" lon="6.53477">
        <ele>905.2</ele>
      </trkpt>
      <trkpt lat="43.92208" lon="6.53482">
        <ele>905.5</ele>
      </trkpt>
      <trkpt lat="43.92202" lon="6.534849">
        <ele>905.7</ele>
      </trkpt>
      <trkpt lat="43.92195" lon="6.53488">
        <ele>905.7</ele>
      </trkpt>
      <trkpt lat="43.92189" lon="6.5349">
        <ele>905.7</ele>
      </trkpt>
      <trkpt lat="43.92183" lon="6.53491">
        <ele>905.4</ele>
      </trkpt>
      <trkpt lat="43.92167" lon="6.53495">
        <ele>905.0</ele>
      </trkpt>
      <trkpt lat="43.92158" lon="6.53498">
        <ele>905.4</ele>
      </trkpt>
      <trkpt lat="43.92148" lon="6.535">
        <ele>905.6</ele>
      </trkpt>
      <trkpt lat="43.921349" lon="6.53503">
        <ele>905.7</ele>
      </trkpt>
      <trkpt lat="43.92119" lon="6.53508">
        <ele>906.1</ele>
      </trkpt>
      <trkpt lat="43.92108" lon="6.53512">
        <ele>906.4</ele>
      </trkpt>
      <trkpt lat="43.92092" lon="6.53518">
        <ele>907.0</ele>
      </trkpt>
      <trkpt lat="43.92086" lon="6.5352">
        <ele>907.2</ele>
      </trkpt>
      <trkpt lat="43.920699" lon="6.535249">
        <ele>906.5</ele>
      </trkpt>
      <trkpt lat="43.92064" lon="6.53526">
        <ele>906.0</ele>
      </trkpt>
      <trkpt lat="43.92058" lon="6.53527">
        <ele>905.6</ele>
      </trkpt>
      <trkpt lat="43.920409" lon="6.5353">
        <ele>904.3</ele>
      </trkpt>
      <trkpt lat="43.92035" lon="6.53531">
        <ele>903.9</ele>
      </trkpt>
      <trkpt lat="43.92034" lon="6.53531">
        <ele>903.8</ele>
      </trkpt>
      <trkpt lat="43.92031" lon="6.535319">
        <ele>903.7</ele>
      </trkpt>
      <trkpt lat="43.92027" lon="6.53534">
        <ele>903.6</ele>
      </trkpt>
      <trkpt lat="43.92025" lon="6.53535">
        <ele>903.6</ele>
      </trkpt>
      <trkpt lat="43.92022" lon="6.53538">
        <ele>903.9</ele>
      </trkpt>
      <trkpt lat="43.92019" lon="6.5354">
        <ele>904.0</ele>
      </trkpt>
      <trkpt lat="43.92017" lon="6.53543">
        <ele>904.4</ele>
      </trkpt>
      <trkpt lat="43.92014" lon="6.53547">
        <ele>904.9</ele>
      </trkpt>
      <trkpt lat="43.92012" lon="6.53551">
        <ele>905.5</ele>
      </trkpt>
      <trkpt lat="43.92009" lon="6.53556">
        <ele>906.2</ele>
      </trkpt>
      <trkpt lat="43.91998" lon="6.53582">
        <ele>910.4</ele>
      </trkpt>
      <trkpt lat="43.91997" lon="6.53585">
        <ele>910.6</ele>
      </trkpt>
      <trkpt lat="43.91995" lon="6.53588">
        <ele>910.6</ele>
      </trkpt>
      <trkpt lat="43.919939" lon="6.5359">
        <ele>910.7</ele>
      </trkpt>
      <trkpt lat="43.91982" lon="6.53605">
        <ele>910.3</ele>
      </trkpt>
      <trkpt lat="43.91979" lon="6.53608">
        <ele>910.2</ele>
      </trkpt>
      <trkpt lat="43.91975" lon="6.53611">
        <ele>909.9</ele>
      </trkpt>
      <trkpt lat="43.91973" lon="6.53613">
        <ele>909.8</ele>
      </trkpt>
      <trkpt lat="43.9197" lon="6.536139">
        <ele>909.4</ele>
      </trkpt>
      <trkpt lat="43.91967" lon="6.53616">
        <ele>909.2</ele>
      </trkpt>
      <trkpt lat="43.91965" lon="6.53617">
        <ele>909.0</ele>
      </trkpt>
      <trkpt lat="43.91961" lon="6.53618">
        <ele>908.5</ele>
      </trkpt>
      <trkpt lat="43.91958" lon="6.53618">
        <ele>908.0</ele>
      </trkpt>
      <trkpt lat="43.91948" lon="6.5362">
        <ele>906.7</ele>
      </trkpt>
      <trkpt lat="43.91944" lon="6.5362">
        <ele>906.1</ele>
      </trkpt>
      <trkpt lat="43.9194" lon="6.53621">
        <ele>905.6</ele>
      </trkpt>
      <trkpt lat="43.91936" lon="6.53622">
        <ele>905.1</ele>
      </trkpt>
      <trkpt lat="43.91933" lon="6.53623">
        <ele>904.8</ele>
      </trkpt>
      <trkpt lat="43.9193" lon="6.53625">
        <ele>904.6</ele>
      </trkpt>
      <trkpt lat="43.91925" lon="6.53629">
        <ele>904.4</ele>
      </trkpt>
      <trkpt lat="43.919199" lon="6.53633">
        <ele>904.3</ele>
      </trkpt>
      <trkpt lat="43.91917" lon="6.53637">
        <ele>904.4</ele>
      </trkpt>
      <trkpt lat="43.91916" lon="6.53638">
        <ele>904.4</ele>
      </trkpt>
      <trkpt lat="43.91912" lon="6.53642">
        <ele>904.3</ele>
      </trkpt>
      <trkpt lat="43.91908" lon="6.5365">
        <ele>904.8</ele>
      </trkpt>
      <trkpt lat="43.91904" lon="6.53657">
        <ele>905.2</ele>
      </trkpt>
      <trkpt lat="43.91901" lon="6.53665">
        <ele>905.9</ele>
      </trkpt>
      <trkpt lat="43.91898" lon="6.53673">
        <ele>905.9</ele>
      </trkpt>
      <trkpt lat="43.91897" lon="6.5368">
        <ele>906.0</ele>
      </trkpt>
      <trkpt lat="43.91896" lon="6.53687">
        <ele>906.2</ele>
      </trkpt>
      <trkpt lat="43.91895" lon="6.53693">
        <ele>906.3</ele>
      </trkpt>
      <trkpt lat="43.91895" lon="6.53701">
        <ele>906.7</ele>
      </trkpt>
      <trkpt lat="43.91895" lon="6.53711">
        <ele>907.1</ele>
      </trkpt>
      <trkpt lat="43.91895" lon="6.5373">
        <ele>908.0</ele>
      </trkpt>
      <trkpt lat="43.91895" lon="6.53741">
        <ele>908.5</ele>
      </trkpt>
      <trkpt lat="43.91896" lon="6.537689">
        <ele>910.1</ele>
      </trkpt>
      <trkpt lat="43.91897" lon="6.53788">
        <ele>911.3</ele>
      </trkpt>
      <trkpt lat="43.91898" lon="6.53795">
        <ele>911.7</ele>
      </trkpt>
      <trkpt lat="43.91899" lon="6.53804">
        <ele>912.3</ele>
      </trkpt>
      <trkpt lat="43.91901" lon="6.5381">
        <ele>912.8</ele>
      </trkpt>
      <trkpt lat="43.91903" lon="6.53819">
        <ele>913.4</ele>
      </trkpt>
      <trkpt lat="43.91905" lon="6.53828">
        <ele>914.0</ele>
      </trkpt>
      <trkpt lat="43.91907" lon="6.53833">
        <ele>914.4</ele>
      </trkpt>
      <trkpt lat="43.91913" lon="6.53852">
        <ele>915.0</ele>
      </trkpt>
      <trkpt lat="43.91915" lon="6.5386">
        <ele>915.2</ele>
      </trkpt>
      <trkpt lat="43.91917" lon="6.53866">
        <ele>915.4</ele>
      </trkpt>
      <trkpt lat="43.91918" lon="6.53871">
        <ele>915.6</ele>
      </trkpt>
      <trkpt lat="43.91919" lon="6.53876">
        <ele>915.7</ele>
      </trkpt>
      <trkpt lat="43.91919" lon="6.5388">
        <ele>915.8</ele>
      </trkpt>
      <trkpt lat="43.91919" lon="6.53886">
        <ele>915.8</ele>
      </trkpt>
      <trkpt lat="43.91919" lon="6.538909">
        <ele>915.9</ele>
      </trkpt>
      <trkpt lat="43.91918" lon="6.53897">
        <ele>915.9</ele>
      </trkpt>
      <trkpt lat="43.91917" lon="6.53903">
        <ele>915.9</ele>
      </trkpt>
      <trkpt lat="43.91915" lon="6.53909">
        <ele>915.9</ele>
      </trkpt>
      <trkpt lat="43.91913" lon="6.53915">
        <ele>915.9</ele>
      </trkpt>
      <trkpt lat="43.91911" lon="6.539189">
        <ele>916.1</ele>
      </trkpt>
      <trkpt lat="43.91909" lon="6.53924">
        <ele>916.5</ele>
      </trkpt>
      <trkpt lat="43.91906" lon="6.53928">
        <ele>916.8</ele>
      </trkpt>
      <trkpt lat="43.91903" lon="6.53933">
        <ele>917.2</ele>
      </trkpt>
      <trkpt lat="43.918999" lon="6.53936">
        <ele>917.5</ele>
      </trkpt>
      <trkpt lat="43.91897" lon="6.53939">
        <ele>917.7</ele>
      </trkpt>
      <trkpt lat="43.91893" lon="6.53942">
        <ele>917.9</ele>
      </trkpt>
      <trkpt lat="43.91886" lon="6.53947">
        <ele>918.2</ele>
      </trkpt>
      <trkpt lat="43.91866" lon="6.53957">
        <ele>918.7</ele>
      </trkpt>
      <trkpt lat="43.91836" lon="6.53971">
        <ele>919.3</ele>
      </trkpt>
      <trkpt lat="43.918349" lon="6.53972">
        <ele>919.4</ele>
      </trkpt>
      <trkpt lat="43.91773" lon="6.54003">
        <ele>918.6</ele>
      </trkpt>
      <trkpt lat="43.91748" lon="6.54017">
        <ele>917.9</ele>
      </trkpt>
      <trkpt lat="43.91666" lon="6.5407">
        <ele>918.7</ele>
      </trkpt>
      <trkpt lat="43.91646" lon="6.54082">
        <ele>918.8</ele>
      </trkpt>
      <trkpt lat="43.91607" lon="6.54108">
        <ele>920.1</ele>
      </trkpt>
      <trkpt lat="43.91595" lon="6.54116">
        <ele>920.2</ele>
      </trkpt>
      <trkpt lat="43.9159" lon="6.5412">
        <ele>920.1</ele>
      </trkpt>
      <trkpt lat="43.91585" lon="6.54125">
        <ele>920.0</ele>
      </trkpt>
      <trkpt lat="43.91578" lon="6.54132">
        <ele>919.7</ele>
      </trkpt>
      <trkpt lat="43.9157" lon="6.5414">
        <ele>919.4</ele>
      </trkpt>
      <trkpt lat="43.91565" lon="6.54146">
        <ele>919.2</ele>
      </trkpt>
      <trkpt lat="43.91559" lon="6.54153">
        <ele>919.0</ele>
      </trkpt>
      <trkpt lat="43.91546" lon="6.541699">
        <ele>918.5</ele>
      </trkpt>
      <trkpt lat="43.91538" lon="6.54184">
        <ele>918.3</ele>
      </trkpt>
      <trkpt lat="43.915349" lon="6.5419">
        <ele>918.1</ele>
      </trkpt>
      <trkpt lat="43.91532" lon="6.54195">
        <ele>917.9</ele>
      </trkpt>
      <trkpt lat="43.91526" lon="6.54206">
        <ele>917.5</ele>
      </trkpt>
      <trkpt lat="43.91522" lon="6.54215">
        <ele>917.0</ele>
      </trkpt>
      <trkpt lat="43.91517" lon="6.54228">
        <ele>916.3</ele>
      </trkpt>
      <trkpt lat="43.91512" lon="6.54242">
        <ele>915.4</ele>
      </trkpt>
      <trkpt lat="43.91508" lon="6.54253">
        <ele>915.0</ele>
      </trkpt>
      <trkpt lat="43.91503" lon="6.54269">
        <ele>915.4</ele>
      </trkpt>
      <trkpt lat="43.91501" lon="6.54276">
        <ele>915.7</ele>
      </trkpt>
      <trkpt lat="43.915" lon="6.54282">
        <ele>915.9</ele>
      </trkpt>
      <trkpt lat="43.914969" lon="6.543">
        <ele>916.8</ele>
      </trkpt>
      <trkpt lat="43.91494" lon="6.54313">
        <ele>917.2</ele>
      </trkpt>
      <trkpt lat="43.91493" lon="6.54318">
        <ele>917.4</ele>
      </trkpt>
      <trkpt lat="43.91492" lon="6.5432">
        <ele>917.4</ele>
      </trkpt>
      <trkpt lat="43.91491" lon="6.54324">
        <ele>917.5</ele>
      </trkpt>
      <trkpt lat="43.91491" lon="6.54327">
        <ele>917.6</ele>
      </trkpt>
      <trkpt lat="43.91489" lon="6.543319">
        <ele>917.6</ele>
      </trkpt>
      <trkpt lat="43.91487" lon="6.54338">
        <ele>918.1</ele>
      </trkpt>
      <trkpt lat="43.91484" lon="6.54345">
        <ele>918.8</ele>
      </trkpt>
      <trkpt lat="43.91483" lon="6.54347">
        <ele>918.9</ele>
      </trkpt>
      <trkpt lat="43.9148" lon="6.54355">
        <ele>919.7</ele>
      </trkpt>
      <trkpt lat="43.91476" lon="6.54364">
        <ele>920.4</ele>
      </trkpt>
      <trkpt lat="43.91461" lon="6.5439">
        <ele>921.6</ele>
      </trkpt>
      <trkpt lat="43.91445" lon="6.54417">
        <ele>922.2</ele>
      </trkpt>
      <trkpt lat="43.9142" lon="6.5446">
        <ele>924.4</ele>
      </trkpt>
      <trkpt lat="43.914119" lon="6.54474">
        <ele>925.1</ele>
      </trkpt>
      <trkpt lat="43.91409" lon="6.54481">
        <ele>925.6</ele>
      </trkpt>
      <trkpt lat="43.91405" lon="6.54488">
        <ele>925.9</ele>
      </trkpt>
      <trkpt lat="43.91401" lon="6.54498">
        <ele>926.5</ele>
      </trkpt>
      <trkpt lat="43.91401" lon="6.54498">
        <ele>926.5</ele>
      </trkpt>
      <trkpt lat="43.91391" lon="6.545">
        <ele>924.8</ele>
      </trkpt>
      <trkpt lat="43.91387" lon="6.54501">
        <ele>924.0</ele>
      </trkpt>
      <trkpt lat="43.91383" lon="6.54503">
        <ele>923.3</ele>
      </trkpt>
      <trkpt lat="43.91379" lon="6.54506">
        <ele>922.7</ele>
      </trkpt>
      <trkpt lat="43.91376" lon="6.5451">
        <ele>922.3</ele>
      </trkpt>
      <trkpt lat="43.91375" lon="6.54511">
        <ele>922.1</ele>
      </trkpt>
      <trkpt lat="43.91372" lon="6.54516">
        <ele>921.7</ele>
      </trkpt>
      <trkpt lat="43.91363" lon="6.54541">
        <ele>921.1</ele>
      </trkpt>
      <trkpt lat="43.91361" lon="6.54557">
        <ele>921.4</ele>
      </trkpt>
      <trkpt lat="43.91358" lon="6.5458">
        <ele>921.8</ele>
      </trkpt>
      <trkpt lat="43.91354" lon="6.54605">
        <ele>922.3</ele>
      </trkpt>
      <trkpt lat="43.91352" lon="6.54623">
        <ele>922.8</ele>
      </trkpt>
      <trkpt lat="43.91348" lon="6.54642">
        <ele>922.6</ele>
      </trkpt>
      <trkpt lat="43.91345" lon="6.54653">
        <ele>922.2</ele>
      </trkpt>
      <trkpt lat="43.91341" lon="6.54662">
        <ele>921.4</ele>
      </trkpt>
      <trkpt lat="43.91337" lon="6.5467">
        <ele>920.6</ele>
      </trkpt>
      <trkpt lat="43.91332" lon="6.54679">
        <ele>919.6</ele>
      </trkpt>
      <trkpt lat="43.91327" lon="6.54688">
        <ele>918.4</ele>
      </trkpt>
      <trkpt lat="43.91321" lon="6.54702">
        <ele>917.0</ele>
      </trkpt>
      <trkpt lat="43.91319" lon="6.54706">
        <ele>916.5</ele>
      </trkpt>
      <trkpt lat="43.91315" lon="6.54715">
        <ele>915.4</ele>
      </trkpt>
      <trkpt lat="43.91313" lon="6.54724">
        <ele>915.1</ele>
      </trkpt>
      <trkpt lat="43.9131" lon="6.54737">
        <ele>914.6</ele>
      </trkpt>
      <trkpt lat="43.913089" lon="6.54746">
        <ele>914.8</ele>
      </trkpt>
      <trkpt lat="43.913089" lon="6.54748">
        <ele>914.9</ele>
      </trkpt>
      <trkpt lat="43.913089" lon="6.54755">
        <ele>915.6</ele>
      </trkpt>
      <trkpt lat="43.913089" lon="6.54764">
        <ele>916.5</ele>
      </trkpt>
      <trkpt lat="43.91311" lon="6.547729">
        <ele>918.5</ele>
      </trkpt>
      <trkpt lat="43.91311" lon="6.54781">
        <ele>919.4</ele>
      </trkpt>
      <trkpt lat="43.91311" lon="6.54789">
        <ele>920.2</ele>
      </trkpt>
      <trkpt lat="43.91311" lon="6.54798">
        <ele>921.2</ele>
      </trkpt>
      <trkpt lat="43.9131" lon="6.54798">
        <ele>920.7</ele>
      </trkpt>
      <trkpt lat="43.91308" lon="6.54806">
        <ele>920.6</ele>
      </trkpt>
      <trkpt lat="43.91305" lon="6.54812">
        <ele>919.8</ele>
      </trkpt>
      <trkpt lat="43.91301" lon="6.54819">
        <ele>918.6</ele>
      </trkpt>
      <trkpt lat="43.91293" lon="6.5483">
        <ele>915.8</ele>
      </trkpt>
      <trkpt lat="43.91285" lon="6.548409">
        <ele>913.2</ele>
      </trkpt>
      <trkpt lat="43.91277" lon="6.54851">
        <ele>910.6</ele>
      </trkpt>
      <trkpt lat="43.91275" lon="6.54855">
        <ele>910.2</ele>
      </trkpt>
      <trkpt lat="43.9127" lon="6.54862">
        <ele>908.6</ele>
      </trkpt>
      <trkpt lat="43.91265" lon="6.54873">
        <ele>907.6</ele>
      </trkpt>
      <trkpt lat="43.91264" lon="6.54875">
        <ele>907.4</ele>
      </trkpt>
      <trkpt lat="43.9126" lon="6.54885">
        <ele>906.7</ele>
      </trkpt>
      <trkpt lat="43.91257" lon="6.54898">
        <ele>907.0</ele>
      </trkpt>
      <trkpt lat="43.91256" lon="6.54905">
        <ele>907.4</ele>
      </trkpt>
      <trkpt lat="43.912529" lon="6.54922">
        <ele>907.2</ele>
      </trkpt>
      <trkpt lat="43.91252" lon="6.54927">
        <ele>906.4</ele>
      </trkpt>
      <trkpt lat="43.91249" lon="6.54946">
        <ele>903.9</ele>
      </trkpt>
      <trkpt lat="43.91245" lon="6.54967">
        <ele>901.6</ele>
      </trkpt>
      <trkpt lat="43.912439" lon="6.5498">
        <ele>900.6</ele>
      </trkpt>
      <trkpt lat="43.912439" lon="6.54985">
        <ele>900.4</ele>
      </trkpt>
      <trkpt lat="43.912439" lon="6.54993">
        <ele>899.9</ele>
      </trkpt>
      <trkpt lat="43.91246" lon="6.55002">
        <ele>899.8</ele>
      </trkpt>
      <trkpt lat="43.91248" lon="6.55009">
        <ele>899.4</ele>
      </trkpt>
      <trkpt lat="43.91248" lon="6.55011">
        <ele>899.1</ele>
      </trkpt>
      <trkpt lat="43.91252" lon="6.55018">
        <ele>899.6</ele>
      </trkpt>
      <trkpt lat="43.91256" lon="6.550239">
        <ele>900.6</ele>
      </trkpt>
      <trkpt lat="43.9126" lon="6.55027">
        <ele>902.1</ele>
      </trkpt>
      <trkpt lat="43.91265" lon="6.5503">
        <ele>904.0</ele>
      </trkpt>
      <trkpt lat="43.91275" lon="6.55035">
        <ele>907.8</ele>
      </trkpt>
      <trkpt lat="43.91277" lon="6.55036">
        <ele>908.6</ele>
      </trkpt>
      <trkpt lat="43.91284" lon="6.5504">
        <ele>911.1</ele>
      </trkpt>
      <trkpt lat="43.91292" lon="6.55047">
        <ele>913.5</ele>
      </trkpt>
      <trkpt lat="43.91293" lon="6.55048">
        <ele>913.7</ele>
      </trkpt>
      <trkpt lat="43.91299" lon="6.55055">
        <ele>915.1</ele>
      </trkpt>
      <trkpt lat="43.91305" lon="6.55065">
        <ele>915.9</ele>
      </trkpt>
      <trkpt lat="43.91306" lon="6.55066">
        <ele>916.1</ele>
      </trkpt>
      <trkpt lat="43.9131" lon="6.55076">
        <ele>915.9</ele>
      </trkpt>
      <trkpt lat="43.91312" lon="6.55087">
        <ele>915.1</ele>
      </trkpt>
      <trkpt lat="43.91312" lon="6.55088">
        <ele>915.0</ele>
      </trkpt>
      <trkpt lat="43.91313" lon="6.55096">
        <ele>915.0</ele>
      </trkpt>
      <trkpt lat="43.91314" lon="6.55106">
        <ele>914.8</ele>
      </trkpt>
      <trkpt lat="43.91313" lon="6.55113">
        <ele>914.0</ele>
      </trkpt>
      <trkpt lat="43.91313" lon="6.5512">
        <ele>913.6</ele>
      </trkpt>
      <trkpt lat="43.91311" lon="6.55134">
        <ele>912.1</ele>
      </trkpt>
      <trkpt lat="43.9131" lon="6.55138">
        <ele>911.5</ele>
      </trkpt>
      <trkpt lat="43.91307" lon="6.55155">
        <ele>909.7</ele>
      </trkpt>
      <trkpt lat="43.91306" lon="6.55162">
        <ele>909.0</ele>
      </trkpt>
      <trkpt lat="43.91303" lon="6.55177">
        <ele>909.1</ele>
      </trkpt>
      <trkpt lat="43.91301" lon="6.55185">
        <ele>909.5</ele>
      </trkpt>
      <trkpt lat="43.91301" lon="6.551859">
        <ele>909.6</ele>
      </trkpt>
      <trkpt lat="43.91299" lon="6.551929">
        <ele>910.0</ele>
      </trkpt>
      <trkpt lat="43.91294" lon="6.55205">
        <ele>910.3</ele>
      </trkpt>
      <trkpt lat="43.91293" lon="6.55208">
        <ele>909.9</ele>
      </trkpt>
      <trkpt lat="43.912909" lon="6.5521">
        <ele>909.5</ele>
      </trkpt>
      <trkpt lat="43.91287" lon="6.55215">
        <ele>908.7</ele>
      </trkpt>
      <trkpt lat="43.9128" lon="6.5522">
        <ele>907.5</ele>
      </trkpt>
      <trkpt lat="43.91278" lon="6.55221">
        <ele>907.2</ele>
      </trkpt>
      <trkpt lat="43.91275" lon="6.55222">
        <ele>906.7</ele>
      </trkpt>
      <trkpt lat="43.91268" lon="6.55223">
        <ele>905.7</ele>
      </trkpt>
      <trkpt lat="43.91261" lon="6.55221">
        <ele>904.6</ele>
      </trkpt>
      <trkpt lat="43.9126" lon="6.5522">
        <ele>904.4</ele>
      </trkpt>
      <trkpt lat="43.912529" lon="6.55216">
        <ele>903.3</ele>
      </trkpt>
      <trkpt lat="43.91249" lon="6.55213">
        <ele>902.4</ele>
      </trkpt>
      <trkpt lat="43.91245" lon="6.55208">
        <ele>903.1</ele>
      </trkpt>
      <trkpt lat="43.91243" lon="6.55206">
        <ele>903.5</ele>
      </trkpt>
      <trkpt lat="43.91233" lon="6.55192">
        <ele>904.4</ele>
      </trkpt>
      <trkpt lat="43.91223" lon="6.55176">
        <ele>904.2</ele>
      </trkpt>
      <trkpt lat="43.9122" lon="6.55172">
        <ele>904.2</ele>
      </trkpt>
      <trkpt lat="43.912149" lon="6.55166">
        <ele>904.5</ele>
      </trkpt>
      <trkpt lat="43.91208" lon="6.55155">
        <ele>904.9</ele>
      </trkpt>
      <trkpt lat="43.91207" lon="6.55155">
        <ele>905.2</ele>
      </trkpt>
      <trkpt lat="43.91202" lon="6.55149">
        <ele>905.4</ele>
      </trkpt>
      <trkpt lat="43.91196" lon="6.55143">
        <ele>905.7</ele>
      </trkpt>
      <trkpt lat="43.91186" lon="6.55136">
        <ele>906.4</ele>
      </trkpt>
      <trkpt lat="43.91176" lon="6.55129">
        <ele>906.5</ele>
      </trkpt>
      <trkpt lat="43.9116" lon="6.55119">
        <ele>906.6</ele>
      </trkpt>
      <trkpt lat="43.91152" lon="6.55115">
        <ele>907.4</ele>
      </trkpt>
      <trkpt lat="43.91143" lon="6.55108">
        <ele>907.3</ele>
      </trkpt>
      <trkpt lat="43.91132" lon="6.55102">
        <ele>908.2</ele>
      </trkpt>
      <trkpt lat="43.91127" lon="6.55097">
        <ele>907.8</ele>
      </trkpt>
      <trkpt lat="43.9112" lon="6.55091">
        <ele>907.6</ele>
      </trkpt>
      <trkpt lat="43.91113" lon="6.55083">
        <ele>906.8</ele>
      </trkpt>
      <trkpt lat="43.91109" lon="6.55079">
        <ele>907.2</ele>
      </trkpt>
      <trkpt lat="43.91101" lon="6.55072">
        <ele>908.1</ele>
      </trkpt>
      <trkpt lat="43.91092" lon="6.55066">
        <ele>909.4</ele>
      </trkpt>
      <trkpt lat="43.91084" lon="6.5506">
        <ele>910.3</ele>
      </trkpt>
      <trkpt lat="43.91081" lon="6.55059">
        <ele>911.4</ele>
      </trkpt>
      <trkpt lat="43.91075" lon="6.55055">
        <ele>913.6</ele>
      </trkpt>
      <trkpt lat="43.91067" lon="6.55047">
        <ele>916.1</ele>
      </trkpt>
      <trkpt lat="43.91066" lon="6.55046">
        <ele>916.5</ele>
      </trkpt>
      <trkpt lat="43.91061" lon="6.55039">
        <ele>917.8</ele>
      </trkpt>
      <trkpt lat="43.91059" lon="6.55035">
        <ele>918.2</ele>
      </trkpt>
      <trkpt lat="43.910559" lon="6.55027">
        <ele>918.5</ele>
      </trkpt>
      <trkpt lat="43.910559" lon="6.55025">
        <ele>918.2</ele>
      </trkpt>
      <trkpt lat="43.91054" lon="6.55015">
        <ele>917.8</ele>
      </trkpt>
      <trkpt lat="43.91054" lon="6.550029">
        <ele>916.0</ele>
      </trkpt>
      <trkpt lat="43.91055" lon="6.55001">
        <ele>915.1</ele>
      </trkpt>
      <trkpt lat="43.910559" lon="6.54991">
        <ele>913.8</ele>
      </trkpt>
      <trkpt lat="43.91059" lon="6.54977">
        <ele>911.1</ele>
      </trkpt>
      <trkpt lat="43.9106" lon="6.54975">
        <ele>910.4</ele>
      </trkpt>
      <trkpt lat="43.91063" lon="6.54958">
        <ele>907.6</ele>
      </trkpt>
      <trkpt lat="43.91063" lon="6.54952">
        <ele>907.2</ele>
      </trkpt>
      <trkpt lat="43.91064" lon="6.54946">
        <ele>906.2</ele>
      </trkpt>
      <trkpt lat="43.91064" lon="6.54934">
        <ele>905.4</ele>
      </trkpt>
      <trkpt lat="43.91063" lon="6.54928">
        <ele>905.5</ele>
      </trkpt>
      <trkpt lat="43.91062" lon="6.54924">
        <ele>905.8</ele>
      </trkpt>
      <trkpt lat="43.91058" lon="6.54914">
        <ele>907.1</ele>
      </trkpt>
      <trkpt lat="43.91054" lon="6.54906">
        <ele>908.4</ele>
      </trkpt>
      <trkpt lat="43.91052" lon="6.54901">
        <ele>908.9</ele>
      </trkpt>
      <trkpt lat="43.91044" lon="6.54889">
        <ele>911.8</ele>
      </trkpt>
      <trkpt lat="43.91042" lon="6.54887">
        <ele>912.6</ele>
      </trkpt>
      <trkpt lat="43.91037" lon="6.54878">
        <ele>914.2</ele>
      </trkpt>
      <trkpt lat="43.91029" lon="6.54867">
        <ele>917.0</ele>
      </trkpt>
      <trkpt lat="43.91024" lon="6.54857">
        <ele>918.3</ele>
      </trkpt>
      <trkpt lat="43.9102" lon="6.54848">
        <ele>919.2</ele>
      </trkpt>
      <trkpt lat="43.9102" lon="6.54847">
        <ele>919.0</ele>
      </trkpt>
      <trkpt lat="43.91017" lon="6.54836">
        <ele>919.2</ele>
      </trkpt>
      <trkpt lat="43.91015" lon="6.54826">
        <ele>918.8</ele>
      </trkpt>
      <trkpt lat="43.91015" lon="6.54824">
        <ele>918.6</ele>
      </trkpt>
      <trkpt lat="43.91012" lon="6.54805">
        <ele>917.5</ele>
      </trkpt>
      <trkpt lat="43.910089" lon="6.54784">
        <ele>916.2</ele>
      </trkpt>
      <trkpt lat="43.91006" lon="6.54776">
        <ele>916.6</ele>
      </trkpt>
      <trkpt lat="43.91005" lon="6.54768">
        <ele>916.0</ele>
      </trkpt>
      <trkpt lat="43.90999" lon="6.54754">
        <ele>917.0</ele>
      </trkpt>
      <trkpt lat="43.90999" lon="6.54753">
        <ele>916.9</ele>
      </trkpt>
      <trkpt lat="43.90994" lon="6.54743">
        <ele>918.1</ele>
      </trkpt>
      <trkpt lat="43.90987" lon="6.54733">
        <ele>920.3</ele>
      </trkpt>
      <trkpt lat="43.90979" lon="6.54723">
        <ele>922.8</ele>
      </trkpt>
      <trkpt lat="43.9097" lon="6.54714">
        <ele>925.8</ele>
      </trkpt>
      <trkpt lat="43.90963" lon="6.54702">
        <ele>927.2</ele>
      </trkpt>
      <trkpt lat="43.909619" lon="6.54699">
        <ele>927.2</ele>
      </trkpt>
      <trkpt lat="43.90956" lon="6.54689">
        <ele>928.3</ele>
      </trkpt>
      <trkpt lat="43.90951" lon="6.54679">
        <ele>928.9</ele>
      </trkpt>
      <trkpt lat="43.90948" lon="6.54673">
        <ele>929.2</ele>
      </trkpt>
      <trkpt lat="43.90941" lon="6.54659">
        <ele>929.6</ele>
      </trkpt>
      <trkpt lat="43.9094" lon="6.54657">
        <ele>929.7</ele>
      </trkpt>
      <trkpt lat="43.90932" lon="6.5464">
        <ele>929.8</ele>
      </trkpt>
      <trkpt lat="43.90931" lon="6.54638">
        <ele>929.9</ele>
      </trkpt>
      <trkpt lat="43.909239" lon="6.54622">
        <ele>929.9</ele>
      </trkpt>
      <trkpt lat="43.90921" lon="6.54617">
        <ele>930.2</ele>
      </trkpt>
      <trkpt lat="43.909149" lon="6.54602">
        <ele>929.9</ele>
      </trkpt>
      <trkpt lat="43.90912" lon="6.54595">
        <ele>929.6</ele>
      </trkpt>
      <trkpt lat="43.909059" lon="6.54582">
        <ele>929.2</ele>
      </trkpt>
      <trkpt lat="43.90895" lon="6.54556">
        <ele>927.8</ele>
      </trkpt>
      <trkpt lat="43.90884" lon="6.5453">
        <ele>925.9</ele>
      </trkpt>
      <trkpt lat="43.90875" lon="6.54512">
        <ele>924.5</ele>
      </trkpt>
      <trkpt lat="43.90866" lon="6.54495">
        <ele>923.6</ele>
      </trkpt>
      <trkpt lat="43.90858" lon="6.54484">
        <ele>924.1</ele>
      </trkpt>
      <trkpt lat="43.908499" lon="6.54474">
        <ele>924.8</ele>
      </trkpt>
      <trkpt lat="43.90849" lon="6.54474">
        <ele>925.0</ele>
      </trkpt>
      <trkpt lat="43.90841" lon="6.54466">
        <ele>925.8</ele>
      </trkpt>
      <trkpt lat="43.90832" lon="6.54459">
        <ele>926.8</ele>
      </trkpt>
      <trkpt lat="43.90823" lon="6.54455">
        <ele>927.3</ele>
      </trkpt>
      <trkpt lat="43.90818" lon="6.54453">
        <ele>927.6</ele>
      </trkpt>
      <trkpt lat="43.90814" lon="6.54452">
        <ele>927.9</ele>
      </trkpt>
      <trkpt lat="43.90805" lon="6.5445">
        <ele>928.7</ele>
      </trkpt>
      <trkpt lat="43.908" lon="6.5445">
        <ele>929.2</ele>
      </trkpt>
      <trkpt lat="43.90795" lon="6.5445">
        <ele>929.8</ele>
      </trkpt>
      <trkpt lat="43.90784" lon="6.54449">
        <ele>930.9</ele>
      </trkpt>
      <trkpt lat="43.90773" lon="6.544469">
        <ele>931.7</ele>
      </trkpt>
      <trkpt lat="43.90767" lon="6.54446">
        <ele>932.2</ele>
      </trkpt>
      <trkpt lat="43.90764" lon="6.54445">
        <ele>932.3</ele>
      </trkpt>
      <trkpt lat="43.90761" lon="6.54444">
        <ele>932.4</ele>
      </trkpt>
      <trkpt lat="43.90755" lon="6.5444">
        <ele>932.1</ele>
      </trkpt>
      <trkpt lat="43.90749" lon="6.54434">
        <ele>931.4</ele>
      </trkpt>
      <trkpt lat="43.90748" lon="6.54434">
        <ele>931.6</ele>
      </trkpt>
      <trkpt lat="43.9074" lon="6.54425">
        <ele>931.3</ele>
      </trkpt>
      <trkpt lat="43.90734" lon="6.54419">
        <ele>931.2</ele>
      </trkpt>
      <trkpt lat="43.90731" lon="6.54415">
        <ele>931.0</ele>
      </trkpt>
      <trkpt lat="43.9072" lon="6.54404">
        <ele>930.9</ele>
      </trkpt>
      <trkpt lat="43.90719" lon="6.54403">
        <ele>930.9</ele>
      </trkpt>
      <trkpt lat="43.90708" lon="6.54391">
        <ele>930.3</ele>
      </trkpt>
      <trkpt lat="43.90705" lon="6.54389">
        <ele>930.4</ele>
      </trkpt>
      <trkpt lat="43.90698" lon="6.54381">
        <ele>929.7</ele>
      </trkpt>
      <trkpt lat="43.90691" lon="6.54374">
        <ele>929.2</ele>
      </trkpt>
      <trkpt lat="43.90688" lon="6.54372">
        <ele>929.2</ele>
      </trkpt>
      <trkpt lat="43.90672" lon="6.54358">
        <ele>928.2</ele>
      </trkpt>
      <trkpt lat="43.90655" lon="6.54344">
        <ele>928.4</ele>
      </trkpt>
      <trkpt lat="43.90645" lon="6.54335">
        <ele>928.7</ele>
      </trkpt>
      <trkpt lat="43.90643" lon="6.54333">
        <ele>928.7</ele>
      </trkpt>
      <trkpt lat="43.90631" lon="6.54322">
        <ele>929.3</ele>
      </trkpt>
      <trkpt lat="43.9063" lon="6.54321">
        <ele>929.3</ele>
      </trkpt>
      <trkpt lat="43.9062" lon="6.54311">
        <ele>929.0</ele>
      </trkpt>
      <trkpt lat="43.9061" lon="6.54298">
        <ele>927.3</ele>
      </trkpt>
      <trkpt lat="43.90601" lon="6.54283">
        <ele>924.2</ele>
      </trkpt>
      <trkpt lat="43.90592" lon="6.54268">
        <ele>920.5</ele>
      </trkpt>
      <trkpt lat="43.90584" lon="6.54259">
        <ele>918.3</ele>
      </trkpt>
      <trkpt lat="43.90581" lon="6.54256">
        <ele>917.5</ele>
      </trkpt>
      <trkpt lat="43.905769" lon="6.54254">
        <ele>917.3</ele>
      </trkpt>
      <trkpt lat="43.90575" lon="6.54252">
        <ele>916.7</ele>
      </trkpt>
      <trkpt lat="43.905679" lon="6.54251">
        <ele>917.2</ele>
      </trkpt>
      <trkpt lat="43.90561" lon="6.54252">
        <ele>918.4</ele>
      </trkpt>
      <trkpt lat="43.9056" lon="6.54252">
        <ele>918.6</ele>
      </trkpt>
      <trkpt lat="43.9055" lon="6.54254">
        <ele>920.5</ele>
      </trkpt>
      <trkpt lat="43.90542" lon="6.54258">
        <ele>923.0</ele>
      </trkpt>
      <trkpt lat="43.9054" lon="6.54259">
        <ele>923.7</ele>
      </trkpt>
      <trkpt lat="43.90533" lon="6.542639">
        <ele>926.5</ele>
      </trkpt>
      <trkpt lat="43.90525" lon="6.54268">
        <ele>929.0</ele>
      </trkpt>
      <trkpt lat="43.9052" lon="6.5427">
        <ele>930.4</ele>
      </trkpt>
      <trkpt lat="43.90514" lon="6.5427">
        <ele>931.2</ele>
      </trkpt>
      <trkpt lat="43.90509" lon="6.5427">
        <ele>931.8</ele>
      </trkpt>
      <trkpt lat="43.90508" lon="6.54269">
        <ele>931.5</ele>
      </trkpt>
      <trkpt lat="43.90504" lon="6.54268">
        <ele>931.6</ele>
      </trkpt>
      <trkpt lat="43.90496" lon="6.54263">
        <ele>930.7</ele>
      </trkpt>
      <trkpt lat="43.90491" lon="6.5426">
        <ele>930.3</ele>
      </trkpt>
      <trkpt lat="43.90488" lon="6.54256">
        <ele>929.2</ele>
      </trkpt>
      <trkpt lat="43.9048" lon="6.54245">
        <ele>926.8</ele>
      </trkpt>
      <trkpt lat="43.90478" lon="6.54243">
        <ele>926.6</ele>
      </trkpt>
      <trkpt lat="43.90473" lon="6.54233">
        <ele>924.8</ele>
      </trkpt>
      <trkpt lat="43.90467" lon="6.542239">
        <ele>923.3</ele>
      </trkpt>
      <trkpt lat="43.90463" lon="6.54218">
        <ele>922.4</ele>
      </trkpt>
      <trkpt lat="43.90453" lon="6.54206">
        <ele>920.6</ele>
      </trkpt>
      <trkpt lat="43.90444" lon="6.542">
        <ele>920.3</ele>
      </trkpt>
      <trkpt lat="43.90437" lon="6.54197">
        <ele>920.5</ele>
      </trkpt>
      <trkpt lat="43.90435" lon="6.54195">
        <ele>920.2</ele>
      </trkpt>
      <trkpt lat="43.90426" lon="6.54192">
        <ele>920.7</ele>
      </trkpt>
      <trkpt lat="43.90417" lon="6.54189">
        <ele>921.1</ele>
      </trkpt>
      <trkpt lat="43.90408" lon="6.54186">
        <ele>921.4</ele>
      </trkpt>
      <trkpt lat="43.90403" lon="6.54183">
        <ele>921.1</ele>
      </trkpt>
      <trkpt lat="43.904" lon="6.54182">
        <ele>921.2</ele>
      </trkpt>
      <trkpt lat="43.90394" lon="6.54176">
        <ele>920.3</ele>
      </trkpt>
      <trkpt lat="43.90387" lon="6.54169">
        <ele>919.2</ele>
      </trkpt>
      <trkpt lat="43.903799" lon="6.5416">
        <ele>917.1</ele>
      </trkpt>
      <trkpt lat="43.90373" lon="6.54151">
        <ele>914.7</ele>
      </trkpt>
      <trkpt lat="43.90364" lon="6.54143">
        <ele>912.8</ele>
      </trkpt>
      <trkpt lat="43.90359" lon="6.5414">
        <ele>912.2</ele>
      </trkpt>
      <trkpt lat="43.90354" lon="6.54138">
        <ele>911.9</ele>
      </trkpt>
      <trkpt lat="43.90346" lon="6.54135">
        <ele>911.6</ele>
      </trkpt>
      <trkpt lat="43.90341" lon="6.54135">
        <ele>912.1</ele>
      </trkpt>
      <trkpt lat="43.90337" lon="6.54135">
        <ele>912.5</ele>
      </trkpt>
      <trkpt lat="43.90325" lon="6.54135">
        <ele>911.2</ele>
      </trkpt>
      <trkpt lat="43.90323" lon="6.54136">
        <ele>911.2</ele>
      </trkpt>
      <trkpt lat="43.90313" lon="6.54138">
        <ele>909.9</ele>
      </trkpt>
      <trkpt lat="43.90306" lon="6.5414">
        <ele>909.1</ele>
      </trkpt>
      <trkpt lat="43.90301" lon="6.54141">
        <ele>908.4</ele>
      </trkpt>
      <trkpt lat="43.9029" lon="6.54146">
        <ele>907.6</ele>
      </trkpt>
      <trkpt lat="43.90288" lon="6.54147">
        <ele>907.4</ele>
      </trkpt>
      <trkpt lat="43.90282" lon="6.54151">
        <ele>907.2</ele>
      </trkpt>
      <trkpt lat="43.90275" lon="6.54158">
        <ele>907.4</ele>
      </trkpt>
      <trkpt lat="43.90273" lon="6.5416">
        <ele>907.4</ele>
      </trkpt>
      <trkpt lat="43.90267" lon="6.54168">
        <ele>907.8</ele>
      </trkpt>
      <trkpt lat="43.90262" lon="6.54179">
        <ele>908.8</ele>
      </trkpt>
      <trkpt lat="43.90261" lon="6.54181">
        <ele>909.0</ele>
      </trkpt>
      <trkpt lat="43.90258" lon="6.54192">
        <ele>910.5</ele>
      </trkpt>
      <trkpt lat="43.90256" lon="6.542029">
        <ele>912.2</ele>
      </trkpt>
      <trkpt lat="43.90255" lon="6.54204">
        <ele>912.1</ele>
      </trkpt>
      <trkpt lat="43.90253" lon="6.54216">
        <ele>914.0</ele>
      </trkpt>
      <trkpt lat="43.90251" lon="6.54227">
        <ele>915.6</ele>
      </trkpt>
      <trkpt lat="43.90249" lon="6.54238">
        <ele>917.6</ele>
      </trkpt>
      <trkpt lat="43.90247" lon="6.54251">
        <ele>920.6</ele>
      </trkpt>
      <trkpt lat="43.90244" lon="6.54258">
        <ele>922.9</ele>
      </trkpt>
      <trkpt lat="43.90241" lon="6.54263">
        <ele>924.7</ele>
      </trkpt>
      <trkpt lat="43.90237" lon="6.54269">
        <ele>926.8</ele>
      </trkpt>
      <trkpt lat="43.90235" lon="6.5427">
        <ele>927.3</ele>
      </trkpt>
      <trkpt lat="43.90231" lon="6.54272">
        <ele>928.2</ele>
      </trkpt>
      <trkpt lat="43.90223" lon="6.54275">
        <ele>929.8</ele>
      </trkpt>
      <trkpt lat="43.90222" lon="6.54275">
        <ele>929.9</ele>
      </trkpt>
      <trkpt lat="43.90218" lon="6.54275">
        <ele>930.2</ele>
      </trkpt>
      <trkpt lat="43.90213" lon="6.54275">
        <ele>930.6</ele>
      </trkpt>
      <trkpt lat="43.90208" lon="6.54273">
        <ele>930.4</ele>
      </trkpt>
      <trkpt lat="43.90204" lon="6.5427">
        <ele>929.9</ele>
      </trkpt>
      <trkpt lat="43.90198" lon="6.54265">
        <ele>928.9</ele>
      </trkpt>
      <trkpt lat="43.901919" lon="6.5426">
        <ele>927.9</ele>
      </trkpt>
      <trkpt lat="43.90189" lon="6.54256">
        <ele>926.9</ele>
      </trkpt>
      <trkpt lat="43.901829" lon="6.54251">
        <ele>925.9</ele>
      </trkpt>
      <trkpt lat="43.90175" lon="6.54241">
        <ele>924.2</ele>
      </trkpt>
      <trkpt lat="43.901739" lon="6.54241">
        <ele>924.3</ele>
      </trkpt>
      <trkpt lat="43.90168" lon="6.54233">
        <ele>922.8</ele>
      </trkpt>
      <trkpt lat="43.90162" lon="6.542239">
        <ele>923.4</ele>
      </trkpt>
      <trkpt lat="43.90162" lon="6.54223">
        <ele>923.1</ele>
      </trkpt>
      <trkpt lat="43.90158" lon="6.54213">
        <ele>923.0</ele>
      </trkpt>
      <trkpt lat="43.90153" lon="6.54201">
        <ele>922.8</ele>
      </trkpt>
      <trkpt lat="43.90148" lon="6.54182">
        <ele>921.0</ele>
      </trkpt>
      <trkpt lat="43.90147" lon="6.54178">
        <ele>920.6</ele>
      </trkpt>
      <trkpt lat="43.90143" lon="6.541629">
        <ele>919.4</ele>
      </trkpt>
      <trkpt lat="43.9014" lon="6.54155">
        <ele>919.5</ele>
      </trkpt>
      <trkpt lat="43.90138" lon="6.54144">
        <ele>918.3</ele>
      </trkpt>
      <trkpt lat="43.90133" lon="6.54125">
        <ele>916.7</ele>
      </trkpt>
      <trkpt lat="43.90128" lon="6.54108">
        <ele>915.1</ele>
      </trkpt>
      <trkpt lat="43.901269" lon="6.54106">
        <ele>915.0</ele>
      </trkpt>
      <trkpt lat="43.90122" lon="6.54086">
        <ele>912.1</ele>
      </trkpt>
      <trkpt lat="43.90121" lon="6.54085">
        <ele>912.2</ele>
      </trkpt>
      <trkpt lat="43.90119" lon="6.54078">
        <ele>910.9</ele>
      </trkpt>
      <trkpt lat="43.90115" lon="6.5407">
        <ele>909.6</ele>
      </trkpt>
      <trkpt lat="43.90109" lon="6.54062">
        <ele>908.6</ele>
      </trkpt>
      <trkpt lat="43.90102" lon="6.54057">
        <ele>908.6</ele>
      </trkpt>
      <trkpt lat="43.90096" lon="6.54054">
        <ele>908.9</ele>
      </trkpt>
      <trkpt lat="43.90095" lon="6.54054">
        <ele>909.1</ele>
      </trkpt>
      <trkpt lat="43.9009" lon="6.54054">
        <ele>910.2</ele>
      </trkpt>
      <trkpt lat="43.90083" lon="6.54055">
        <ele>912.1</ele>
      </trkpt>
      <trkpt lat="43.90076" lon="6.54057">
        <ele>913.5</ele>
      </trkpt>
      <trkpt lat="43.90066" lon="6.54061">
        <ele>915.9</ele>
      </trkpt>
      <trkpt lat="43.90055" lon="6.54065">
        <ele>918.4</ele>
      </trkpt>
      <trkpt lat="43.90046" lon="6.54069">
        <ele>920.6</ele>
      </trkpt>
      <trkpt lat="43.900419" lon="6.5407">
        <ele>921.3</ele>
      </trkpt>
      <trkpt lat="43.90036" lon="6.54072">
        <ele>922.5</ele>
      </trkpt>
      <trkpt lat="43.90028" lon="6.54072">
        <ele>923.0</ele>
      </trkpt>
      <trkpt lat="43.90025" lon="6.54072">
        <ele>923.2</ele>
      </trkpt>
      <trkpt lat="43.90021" lon="6.54071">
        <ele>923.1</ele>
      </trkpt>
      <trkpt lat="43.90013" lon="6.54068">
        <ele>922.6</ele>
      </trkpt>
      <trkpt lat="43.90008" lon="6.54065">
        <ele>921.8</ele>
      </trkpt>
      <trkpt lat="43.90006" lon="6.54063">
        <ele>921.2</ele>
      </trkpt>
      <trkpt lat="43.89998" lon="6.54055">
        <ele>919.6</ele>
      </trkpt>
      <trkpt lat="43.89994" lon="6.54049">
        <ele>919.1</ele>
      </trkpt>
      <trkpt lat="43.89991" lon="6.54045">
        <ele>918.9</ele>
      </trkpt>
      <trkpt lat="43.89982" lon="6.5403">
        <ele>917.3</ele>
      </trkpt>
      <trkpt lat="43.89974" lon="6.54014">
        <ele>914.9</ele>
      </trkpt>
      <trkpt lat="43.89972" lon="6.54009">
        <ele>914.0</ele>
      </trkpt>
      <trkpt lat="43.89964" lon="6.53993">
        <ele>912.2</ele>
      </trkpt>
      <trkpt lat="43.89954" lon="6.53974">
        <ele>910.7</ele>
      </trkpt>
      <trkpt lat="43.89951" lon="6.53968">
        <ele>910.0</ele>
      </trkpt>
      <trkpt lat="43.89946" lon="6.539589">
        <ele>909.1</ele>
      </trkpt>
      <trkpt lat="43.899389" lon="6.5395">
        <ele>908.8</ele>
      </trkpt>
      <trkpt lat="43.89936" lon="6.53947">
        <ele>908.9</ele>
      </trkpt>
      <trkpt lat="43.89927" lon="6.5394">
        <ele>909.7</ele>
      </trkpt>
      <trkpt lat="43.89923" lon="6.53938">
        <ele>910.3</ele>
      </trkpt>
      <trkpt lat="43.89918" lon="6.53935">
        <ele>910.9</ele>
      </trkpt>
      <trkpt lat="43.89909" lon="6.53931">
        <ele>910.9</ele>
      </trkpt>
      <trkpt lat="43.89906" lon="6.5393">
        <ele>910.9</ele>
      </trkpt>
      <trkpt lat="43.89899" lon="6.53927">
        <ele>910.7</ele>
      </trkpt>
      <trkpt lat="43.89891" lon="6.53923">
        <ele>910.2</ele>
      </trkpt>
      <trkpt lat="43.89887" lon="6.53921">
        <ele>910.0</ele>
      </trkpt>
      <trkpt lat="43.89882" lon="6.539189">
        <ele>909.9</ele>
      </trkpt>
      <trkpt lat="43.89872" lon="6.5391">
        <ele>908.2</ele>
      </trkpt>
      <trkpt lat="43.89862" lon="6.53901">
        <ele>906.4</ele>
      </trkpt>
      <trkpt lat="43.89858" lon="6.53897">
        <ele>905.5</ele>
      </trkpt>
      <trkpt lat="43.89856" lon="6.53896">
        <ele>905.4</ele>
      </trkpt>
      <trkpt lat="43.89849" lon="6.538909">
        <ele>904.6</ele>
      </trkpt>
      <trkpt lat="43.898449" lon="6.5389">
        <ele>904.7</ele>
      </trkpt>
      <trkpt lat="43.8984" lon="6.53889">
        <ele>904.9</ele>
      </trkpt>
      <trkpt lat="43.89835" lon="6.53889">
        <ele>905.5</ele>
      </trkpt>
      <trkpt lat="43.8983" lon="6.53889">
        <ele>906.2</ele>
      </trkpt>
      <trkpt lat="43.89823" lon="6.53889">
        <ele>907.2</ele>
      </trkpt>
      <trkpt lat="43.89822" lon="6.53889">
        <ele>907.4</ele>
      </trkpt>
      <trkpt lat="43.89814" lon="6.53888">
        <ele>908.2</ele>
      </trkpt>
      <trkpt lat="43.89806" lon="6.53884">
        <ele>908.1</ele>
      </trkpt>
      <trkpt lat="43.897979" lon="6.53879">
        <ele>907.6</ele>
      </trkpt>
      <trkpt lat="43.89786" lon="6.53873">
        <ele>907.4</ele>
      </trkpt>
      <trkpt lat="43.89774" lon="6.53866">
        <ele>907.0</ele>
      </trkpt>
      <trkpt lat="43.89772" lon="6.53865">
        <ele>906.9</ele>
      </trkpt>
      <trkpt lat="43.89762" lon="6.5386">
        <ele>906.8</ele>
      </trkpt>
      <trkpt lat="43.8975" lon="6.53853">
        <ele>906.4</ele>
      </trkpt>
      <trkpt lat="43.89744" lon="6.53849">
        <ele>905.0</ele>
      </trkpt>
      <trkpt lat="43.89739" lon="6.53846">
        <ele>904.0</ele>
      </trkpt>
      <trkpt lat="43.89738" lon="6.53846">
        <ele>904.0</ele>
      </trkpt>
      <trkpt lat="43.89732" lon="6.53841">
        <ele>902.5</ele>
      </trkpt>
      <trkpt lat="43.89726" lon="6.53836">
        <ele>901.1</ele>
      </trkpt>
      <trkpt lat="43.897239" lon="6.53833">
        <ele>900.2</ele>
      </trkpt>
      <trkpt lat="43.89718" lon="6.53827">
        <ele>898.6</ele>
      </trkpt>
      <trkpt lat="43.89709" lon="6.5382">
        <ele>896.7</ele>
      </trkpt>
      <trkpt lat="43.89708" lon="6.5382">
        <ele>896.7</ele>
      </trkpt>
      <trkpt lat="43.89702" lon="6.53819">
        <ele>896.6</ele>
      </trkpt>
      <trkpt lat="43.896949" lon="6.53818">
        <ele>896.4</ele>
      </trkpt>
      <trkpt lat="43.89691" lon="6.5382">
        <ele>897.0</ele>
      </trkpt>
      <trkpt lat="43.89688" lon="6.5382">
        <ele>897.1</ele>
      </trkpt>
      <trkpt lat="43.89681" lon="6.53824">
        <ele>898.3</ele>
      </trkpt>
      <trkpt lat="43.89672" lon="6.538299">
        <ele>900.0</ele>
      </trkpt>
      <trkpt lat="43.89663" lon="6.538369">
        <ele>901.5</ele>
      </trkpt>
      <trkpt lat="43.89656" lon="6.5384">
        <ele>901.6</ele>
      </trkpt>
      <trkpt lat="43.896479" lon="6.53841">
        <ele>901.3</ele>
      </trkpt>
      <trkpt lat="43.89643" lon="6.5384">
        <ele>900.9</ele>
      </trkpt>
      <trkpt lat="43.89638" lon="6.53838">
        <ele>900.3</ele>
      </trkpt>
      <trkpt lat="43.896299" lon="6.53832">
        <ele>899.0</ele>
      </trkpt>
      <trkpt lat="43.89623" lon="6.53824">
        <ele>897.2</ele>
      </trkpt>
      <trkpt lat="43.89615" lon="6.53811">
        <ele>894.8</ele>
      </trkpt>
      <trkpt lat="43.89608" lon="6.537969">
        <ele>892.6</ele>
      </trkpt>
      <trkpt lat="43.89602" lon="6.53789">
        <ele>891.6</ele>
      </trkpt>
      <trkpt lat="43.896" lon="6.53787">
        <ele>891.4</ele>
      </trkpt>
      <trkpt lat="43.89599" lon="6.53786">
        <ele>891.3</ele>
      </trkpt>
      <trkpt lat="43.89595" lon="6.537829">
        <ele>891.0</ele>
      </trkpt>
      <trkpt lat="43.89588" lon="6.53781">
        <ele>891.1</ele>
      </trkpt>
      <trkpt lat="43.895829" lon="6.53782">
        <ele>891.4</ele>
      </trkpt>
      <trkpt lat="43.8958" lon="6.53782">
        <ele>890.9</ele>
      </trkpt>
      <trkpt lat="43.89573" lon="6.53786">
        <ele>890.0</ele>
      </trkpt>
      <trkpt lat="43.89567" lon="6.53791">
        <ele>889.3</ele>
      </trkpt>
      <trkpt lat="43.89567" lon="6.53792">
        <ele>889.4</ele>
      </trkpt>
      <trkpt lat="43.89562" lon="6.538">
        <ele>889.1</ele>
      </trkpt>
      <trkpt lat="43.8956" lon="6.5381">
        <ele>889.5</ele>
      </trkpt>
      <trkpt lat="43.8956" lon="6.53814">
        <ele>889.8</ele>
      </trkpt>
      <trkpt lat="43.89559" lon="6.53818">
        <ele>889.9</ele>
      </trkpt>
      <trkpt lat="43.8956" lon="6.53827">
        <ele>890.9</ele>
      </trkpt>
      <trkpt lat="43.89561" lon="6.53838">
        <ele>891.9</ele>
      </trkpt>
      <trkpt lat="43.89561" lon="6.53839">
        <ele>892.0</ele>
      </trkpt>
      <trkpt lat="43.89563" lon="6.5385">
        <ele>893.2</ele>
      </trkpt>
      <trkpt lat="43.89565" lon="6.53863">
        <ele>894.4</ele>
      </trkpt>
      <trkpt lat="43.89566" lon="6.5387">
        <ele>895.0</ele>
      </trkpt>
      <trkpt lat="43.89569" lon="6.53887">
        <ele>896.5</ele>
      </trkpt>
      <trkpt lat="43.89569" lon="6.5389">
        <ele>896.7</ele>
      </trkpt>
      <trkpt lat="43.89573" lon="6.53913">
        <ele>898.5</ele>
      </trkpt>
      <trkpt lat="43.89576" lon="6.53936">
        <ele>899.8</ele>
      </trkpt>
      <trkpt lat="43.89578" lon="6.53949">
        <ele>900.4</ele>
      </trkpt>
      <trkpt lat="43.8958" lon="6.53961">
        <ele>900.9</ele>
      </trkpt>
      <trkpt lat="43.895829" lon="6.53975">
        <ele>901.4</ele>
      </trkpt>
      <trkpt lat="43.89585" lon="6.53984">
        <ele>902.0</ele>
      </trkpt>
      <trkpt lat="43.89586" lon="6.53989">
        <ele>902.4</ele>
      </trkpt>
      <trkpt lat="43.89589" lon="6.54001">
        <ele>903.6</ele>
      </trkpt>
      <trkpt lat="43.89589" lon="6.54008">
        <ele>904.1</ele>
      </trkpt>
      <trkpt lat="43.8959" lon="6.54012">
        <ele>904.7</ele>
      </trkpt>
      <trkpt lat="43.8959" lon="6.540199">
        <ele>905.4</ele>
      </trkpt>
      <trkpt lat="43.89589" lon="6.54024">
        <ele>905.7</ele>
      </trkpt>
      <trkpt lat="43.89589" lon="6.540269">
        <ele>906.0</ele>
      </trkpt>
      <trkpt lat="43.89587" lon="6.54033">
        <ele>906.6</ele>
      </trkpt>
      <trkpt lat="43.89585" lon="6.54038">
        <ele>907.1</ele>
      </trkpt>
      <trkpt lat="43.89582" lon="6.540409">
        <ele>907.5</ele>
      </trkpt>
      <trkpt lat="43.89579" lon="6.54045">
        <ele>908.0</ele>
      </trkpt>
      <trkpt lat="43.89576" lon="6.54049">
        <ele>908.5</ele>
      </trkpt>
      <trkpt lat="43.89572" lon="6.54052">
        <ele>909.1</ele>
      </trkpt>
      <trkpt lat="43.89565" lon="6.54055">
        <ele>910.0</ele>
      </trkpt>
      <trkpt lat="43.89563" lon="6.54055">
        <ele>910.2</ele>
      </trkpt>
      <trkpt lat="43.89558" lon="6.54055">
        <ele>910.9</ele>
      </trkpt>
      <trkpt lat="43.89551" lon="6.54053">
        <ele>911.8</ele>
      </trkpt>
      <trkpt lat="43.89546" lon="6.54049">
        <ele>911.9</ele>
      </trkpt>
      <trkpt lat="43.89538" lon="6.54042">
        <ele>911.8</ele>
      </trkpt>
      <trkpt lat="43.89532" lon="6.540339">
        <ele>911.0</ele>
      </trkpt>
      <trkpt lat="43.8953" lon="6.54033">
        <ele>911.0</ele>
      </trkpt>
      <trkpt lat="43.89523" lon="6.54022">
        <ele>909.3</ele>
      </trkpt>
      <trkpt lat="43.89516" lon="6.5401">
        <ele>906.9</ele>
      </trkpt>
      <trkpt lat="43.8951" lon="6.53997">
        <ele>904.1</ele>
      </trkpt>
      <trkpt lat="43.89509" lon="6.53995">
        <ele>903.8</ele>
      </trkpt>
      <trkpt lat="43.89503" lon="6.53985">
        <ele>902.1</ele>
      </trkpt>
      <trkpt lat="43.89499" lon="6.53974">
        <ele>900.5</ele>
      </trkpt>
      <trkpt lat="43.894979" lon="6.53971">
        <ele>900.5</ele>
      </trkpt>
      <trkpt lat="43.89492" lon="6.53957">
        <ele>900.8</ele>
      </trkpt>
      <trkpt lat="43.89491" lon="6.53952">
        <ele>900.3</ele>
      </trkpt>
      <trkpt lat="43.89488" lon="6.53945">
        <ele>900.3</ele>
      </trkpt>
      <trkpt lat="43.89482" lon="6.53933">
        <ele>900.5</ele>
      </trkpt>
      <trkpt lat="43.89481" lon="6.53931">
        <ele>900.5</ele>
      </trkpt>
      <trkpt lat="43.89477" lon="6.53923">
        <ele>900.4</ele>
      </trkpt>
      <trkpt lat="43.89471" lon="6.53913">
        <ele>900.8</ele>
      </trkpt>
      <trkpt lat="43.8947" lon="6.539119">
        <ele>901.0</ele>
      </trkpt>
      <trkpt lat="43.89463" lon="6.53902">
        <ele>901.8</ele>
      </trkpt>
      <trkpt lat="43.89457" lon="6.53894">
        <ele>902.3</ele>
      </trkpt>
      <trkpt lat="43.89454" lon="6.538909">
        <ele>902.8</ele>
      </trkpt>
      <trkpt lat="43.89445" lon="6.53879">
        <ele>903.2</ele>
      </trkpt>
      <trkpt lat="43.89444" lon="6.53877">
        <ele>903.0</ele>
      </trkpt>
      <trkpt lat="43.89436" lon="6.53866">
        <ele>902.8</ele>
      </trkpt>
      <trkpt lat="43.89431" lon="6.5386">
        <ele>902.8</ele>
      </trkpt>
      <trkpt lat="43.89426" lon="6.53853">
        <ele>902.3</ele>
      </trkpt>
      <trkpt lat="43.89418" lon="6.53842">
        <ele>901.3</ele>
      </trkpt>
      <trkpt lat="43.89417" lon="6.5384">
        <ele>901.0</ele>
      </trkpt>
      <trkpt lat="43.89408" lon="6.53829">
        <ele>903.8</ele>
      </trkpt>
      <trkpt lat="43.89405" lon="6.53825">
        <ele>904.7</ele>
      </trkpt>
      <trkpt lat="43.894" lon="6.53818">
        <ele>906.1</ele>
      </trkpt>
      <trkpt lat="43.89396" lon="6.5381">
        <ele>906.4</ele>
      </trkpt>
      <trkpt lat="43.89394" lon="6.53806">
        <ele>906.6</ele>
      </trkpt>
      <trkpt lat="43.89392" lon="6.53802">
        <ele>906.7</ele>
      </trkpt>
      <trkpt lat="43.893859" lon="6.537899">
        <ele>907.1</ele>
      </trkpt>
      <trkpt lat="43.89384" lon="6.53785">
        <ele>906.9</ele>
      </trkpt>
      <trkpt lat="43.89381" lon="6.53779">
        <ele>907.1</ele>
      </trkpt>
      <trkpt lat="43.89374" lon="6.53765">
        <ele>907.4</ele>
      </trkpt>
      <trkpt lat="43.89373" lon="6.53764">
        <ele>907.8</ele>
      </trkpt>
      <trkpt lat="43.89371" lon="6.5376">
        <ele>907.9</ele>
      </trkpt>
      <trkpt lat="43.89365" lon="6.53743">
        <ele>907.0</ele>
      </trkpt>
      <trkpt lat="43.8935" lon="6.53705">
        <ele>905.5</ele>
      </trkpt>
      <trkpt lat="43.89345" lon="6.53687">
        <ele>902.6</ele>
      </trkpt>
      <trkpt lat="43.89342" lon="6.536749">
        <ele>900.1</ele>
      </trkpt>
      <trkpt lat="43.89338" lon="6.53666">
        <ele>898.9</ele>
      </trkpt>
      <trkpt lat="43.89338" lon="6.53665">
        <ele>898.7</ele>
      </trkpt>
      <trkpt lat="43.89332" lon="6.53655">
        <ele>898.7</ele>
      </trkpt>
      <trkpt lat="43.89329" lon="6.5365">
        <ele>898.7</ele>
      </trkpt>
      <trkpt lat="43.89312" lon="6.53626">
        <ele>898.6</ele>
      </trkpt>
      <trkpt lat="43.89302" lon="6.536139">
        <ele>898.4</ele>
      </trkpt>
      <trkpt lat="43.89285" lon="6.53598">
        <ele>898.6</ele>
      </trkpt>
      <trkpt lat="43.89277" lon="6.53591">
        <ele>898.5</ele>
      </trkpt>
      <trkpt lat="43.8927" lon="6.53584">
        <ele>898.0</ele>
      </trkpt>
      <trkpt lat="43.89262" lon="6.53578">
        <ele>897.9</ele>
      </trkpt>
      <trkpt lat="43.89252" lon="6.53571">
        <ele>897.7</ele>
      </trkpt>
      <trkpt lat="43.89246" lon="6.53567">
        <ele>897.1</ele>
      </trkpt>
      <trkpt lat="43.8924" lon="6.53564">
        <ele>896.6</ele>
      </trkpt>
      <trkpt lat="43.89231" lon="6.53561">
        <ele>896.6</ele>
      </trkpt>
      <trkpt lat="43.89224" lon="6.53561">
        <ele>896.2</ele>
      </trkpt>
      <trkpt lat="43.89212" lon="6.53561">
        <ele>895.7</ele>
      </trkpt>
      <trkpt lat="43.89206" lon="6.53563">
        <ele>895.5</ele>
      </trkpt>
      <trkpt lat="43.89183" lon="6.5357">
        <ele>894.5</ele>
      </trkpt>
      <trkpt lat="43.89165" lon="6.53573">
        <ele>893.7</ele>
      </trkpt>
      <trkpt lat="43.89148" lon="6.53577">
        <ele>892.9</ele>
      </trkpt>
      <trkpt lat="43.89138" lon="6.53579">
        <ele>892.5</ele>
      </trkpt>
      <trkpt lat="43.89132" lon="6.53582">
        <ele>892.2</ele>
      </trkpt>
      <trkpt lat="43.89126" lon="6.535859">
        <ele>892.0</ele>
      </trkpt>
      <trkpt lat="43.89117" lon="6.53598">
        <ele>891.0</ele>
      </trkpt>
      <trkpt lat="43.891129" lon="6.53603">
        <ele>890.5</ele>
      </trkpt>
      <trkpt lat="43.89107" lon="6.53611">
        <ele>889.9</ele>
      </trkpt>
      <trkpt lat="43.89101" lon="6.53622">
        <ele>890.5</ele>
      </trkpt>
      <trkpt lat="43.89097" lon="6.53628">
        <ele>890.4</ele>
      </trkpt>
      <trkpt lat="43.8909" lon="6.53642">
        <ele>891.7</ele>
      </trkpt>
      <trkpt lat="43.89087" lon="6.536469">
        <ele>891.9</ele>
      </trkpt>
      <trkpt lat="43.89081" lon="6.53658">
        <ele>893.1</ele>
      </trkpt>
      <trkpt lat="43.89079" lon="6.536609">
        <ele>893.5</ele>
      </trkpt>
      <trkpt lat="43.89075" lon="6.53669">
        <ele>894.5</ele>
      </trkpt>
      <trkpt lat="43.89071" lon="6.53676">
        <ele>894.5</ele>
      </trkpt>
      <trkpt lat="43.89068" lon="6.53684">
        <ele>895.1</ele>
      </trkpt>
      <trkpt lat="43.89065" lon="6.53693">
        <ele>895.9</ele>
      </trkpt>
      <trkpt lat="43.89064" lon="6.53703">
        <ele>897.6</ele>
      </trkpt>
      <trkpt lat="43.89063" lon="6.53705">
        <ele>897.6</ele>
      </trkpt>
      <trkpt lat="43.89061" lon="6.53716">
        <ele>899.1</ele>
      </trkpt>
      <trkpt lat="43.89058" lon="6.537289">
        <ele>900.7</ele>
      </trkpt>
      <trkpt lat="43.89058" lon="6.5373">
        <ele>900.9</ele>
      </trkpt>
      <trkpt lat="43.89056" lon="6.53739">
        <ele>901.9</ele>
      </trkpt>
      <trkpt lat="43.89052" lon="6.5375">
        <ele>902.6</ele>
      </trkpt>
      <trkpt lat="43.89051" lon="6.53752">
        <ele>902.8</ele>
      </trkpt>
      <trkpt lat="43.890479" lon="6.53761">
        <ele>904.4</ele>
      </trkpt>
      <trkpt lat="43.89044" lon="6.53772">
        <ele>906.1</ele>
      </trkpt>
      <trkpt lat="43.89043" lon="6.53774">
        <ele>906.4</ele>
      </trkpt>
      <trkpt lat="43.8904" lon="6.53779">
        <ele>906.7</ele>
      </trkpt>
      <trkpt lat="43.89036" lon="6.53786">
        <ele>907.4</ele>
      </trkpt>
      <trkpt lat="43.89032" lon="6.53792">
        <ele>907.7</ele>
      </trkpt>
      <trkpt lat="43.89031" lon="6.53793">
        <ele>907.6</ele>
      </trkpt>
      <trkpt lat="43.89029" lon="6.53796">
        <ele>907.8</ele>
      </trkpt>
      <trkpt lat="43.89026" lon="6.53799">
        <ele>907.6</ele>
      </trkpt>
      <trkpt lat="43.89022" lon="6.53801">
        <ele>906.8</ele>
      </trkpt>
      <trkpt lat="43.890189" lon="6.53802">
        <ele>906.0</ele>
      </trkpt>
      <trkpt lat="43.89015" lon="6.53803">
        <ele>904.8</ele>
      </trkpt>
      <trkpt lat="43.89009" lon="6.53803">
        <ele>902.5</ele>
      </trkpt>
      <trkpt lat="43.89004" lon="6.53803">
        <ele>900.7</ele>
      </trkpt>
      <trkpt lat="43.88998" lon="6.53802">
        <ele>898.7</ele>
      </trkpt>
      <trkpt lat="43.88997" lon="6.53802">
        <ele>898.6</ele>
      </trkpt>
      <trkpt lat="43.88991" lon="6.53801">
        <ele>897.9</ele>
      </trkpt>
      <trkpt lat="43.88986" lon="6.538">
        <ele>897.2</ele>
      </trkpt>
      <trkpt lat="43.8898" lon="6.53799">
        <ele>896.4</ele>
      </trkpt>
      <trkpt lat="43.88975" lon="6.53799">
        <ele>896.0</ele>
      </trkpt>
      <trkpt lat="43.8897" lon="6.53799">
        <ele>895.7</ele>
      </trkpt>
      <trkpt lat="43.889629" lon="6.53799">
        <ele>895.1</ele>
      </trkpt>
      <trkpt lat="43.88961" lon="6.53799">
        <ele>895.0</ele>
      </trkpt>
      <trkpt lat="43.88956" lon="6.53799">
        <ele>894.6</ele>
      </trkpt>
      <trkpt lat="43.88943" lon="6.538">
        <ele>894.0</ele>
      </trkpt>
      <trkpt lat="43.88942" lon="6.538">
        <ele>893.9</ele>
      </trkpt>
      <trkpt lat="43.88929" lon="6.53801">
        <ele>893.2</ele>
      </trkpt>
      <trkpt lat="43.889249" lon="6.53801">
        <ele>892.9</ele>
      </trkpt>
      <trkpt lat="43.88911" lon="6.53802">
        <ele>892.1</ele>
      </trkpt>
      <trkpt lat="43.88904" lon="6.53803">
        <ele>891.8</ele>
      </trkpt>
      <trkpt lat="43.88893" lon="6.53804">
        <ele>891.2</ele>
      </trkpt>
      <trkpt lat="43.88889" lon="6.53804">
        <ele>890.8</ele>
      </trkpt>
      <trkpt lat="43.88881" lon="6.53805">
        <ele>890.4</ele>
      </trkpt>
      <trkpt lat="43.88871" lon="6.53807">
        <ele>890.0</ele>
      </trkpt>
      <trkpt lat="43.888689" lon="6.53807">
        <ele>889.8</ele>
      </trkpt>
      <trkpt lat="43.88865" lon="6.53808">
        <ele>889.7</ele>
      </trkpt>
      <trkpt lat="43.88864" lon="6.53808">
        <ele>889.6</ele>
      </trkpt>
      <trkpt lat="43.88858" lon="6.5381">
        <ele>889.5</ele>
      </trkpt>
      <trkpt lat="43.88854" lon="6.53812">
        <ele>889.6</ele>
      </trkpt>
      <trkpt lat="43.888509" lon="6.53813">
        <ele>889.6</ele>
      </trkpt>
      <trkpt lat="43.88847" lon="6.53818">
        <ele>890.3</ele>
      </trkpt>
      <trkpt lat="43.88844" lon="6.53822">
        <ele>890.8</ele>
      </trkpt>
      <trkpt lat="43.8884" lon="6.53828">
        <ele>891.7</ele>
      </trkpt>
      <trkpt lat="43.88835" lon="6.53834">
        <ele>892.4</ele>
      </trkpt>
      <trkpt lat="43.88829" lon="6.53842">
        <ele>896.1</ele>
      </trkpt>
      <trkpt lat="43.88826" lon="6.538439">
        <ele>897.8</ele>
      </trkpt>
      <trkpt lat="43.88826" lon="6.53845">
        <ele>898.1</ele>
      </trkpt>
      <trkpt lat="43.88821" lon="6.53848">
        <ele>900.8</ele>
      </trkpt>
      <trkpt lat="43.88815" lon="6.53849">
        <ele>903.3</ele>
      </trkpt>
      <trkpt lat="43.88809" lon="6.53848">
        <ele>905.3</ele>
      </trkpt>
      <trkpt lat="43.88805" lon="6.53847">
        <ele>906.5</ele>
      </trkpt>
      <trkpt lat="43.888" lon="6.53846">
        <ele>908.1</ele>
      </trkpt>
      <trkpt lat="43.88797" lon="6.538439">
        <ele>908.7</ele>
      </trkpt>
      <trkpt lat="43.88794" lon="6.53841">
        <ele>909.1</ele>
      </trkpt>
      <trkpt lat="43.88793" lon="6.53839">
        <ele>909.0</ele>
      </trkpt>
      <trkpt lat="43.8879" lon="6.53834">
        <ele>908.8</ele>
      </trkpt>
      <trkpt lat="43.88787" lon="6.53827">
        <ele>908.2</ele>
      </trkpt>
      <trkpt lat="43.88784" lon="6.53818">
        <ele>907.2</ele>
      </trkpt>
      <trkpt lat="43.88782" lon="6.53813">
        <ele>906.7</ele>
      </trkpt>
      <trkpt lat="43.88777" lon="6.53798">
        <ele>904.7</ele>
      </trkpt>
      <trkpt lat="43.88777" lon="6.53795">
        <ele>903.9</ele>
      </trkpt>
      <trkpt lat="43.88774" lon="6.537829">
        <ele>901.9</ele>
      </trkpt>
      <trkpt lat="43.88771" lon="6.53771">
        <ele>899.9</ele>
      </trkpt>
      <trkpt lat="43.8877" lon="6.53765">
        <ele>898.6</ele>
      </trkpt>
      <trkpt lat="43.88762" lon="6.53739">
        <ele>893.3</ele>
      </trkpt>
      <trkpt lat="43.88755" lon="6.53721">
        <ele>888.2</ele>
      </trkpt>
      <trkpt lat="43.88749" lon="6.53707">
        <ele>883.5</ele>
      </trkpt>
      <trkpt lat="43.88747" lon="6.53705">
        <ele>882.8</ele>
      </trkpt>
      <trkpt lat="43.88746" lon="6.53703">
        <ele>882.1</ele>
      </trkpt>
      <trkpt lat="43.88743" lon="6.537">
        <ele>881.1</ele>
      </trkpt>
      <trkpt lat="43.88734" lon="6.53695">
        <ele>879.8</ele>
      </trkpt>
      <trkpt lat="43.88731" lon="6.53695">
        <ele>880.0</ele>
      </trkpt>
      <trkpt lat="43.88723" lon="6.53694">
        <ele>880.2</ele>
      </trkpt>
      <trkpt lat="43.88713" lon="6.53697">
        <ele>882.1</ele>
      </trkpt>
      <trkpt lat="43.88696" lon="6.53701">
        <ele>884.9</ele>
      </trkpt>
      <trkpt lat="43.88669" lon="6.53711">
        <ele>890.3</ele>
      </trkpt>
      <trkpt lat="43.88643" lon="6.53718">
        <ele>890.4</ele>
      </trkpt>
      <trkpt lat="43.88611" lon="6.53723">
        <ele>888.3</ele>
      </trkpt>
      <trkpt lat="43.886069" lon="6.53724">
        <ele>888.1</ele>
      </trkpt>
      <trkpt lat="43.88593" lon="6.537289">
        <ele>887.7</ele>
      </trkpt>
      <trkpt lat="43.8858" lon="6.537359">
        <ele>887.4</ele>
      </trkpt>
      <trkpt lat="43.88556" lon="6.53761">
        <ele>888.9</ele>
      </trkpt>
      <trkpt lat="43.88546" lon="6.53772">
        <ele>889.7</ele>
      </trkpt>
      <trkpt lat="43.88532" lon="6.53787">
        <ele>889.7</ele>
      </trkpt>
      <trkpt lat="43.88519" lon="6.53805">
        <ele>889.5</ele>
      </trkpt>
      <trkpt lat="43.885129" lon="6.53813">
        <ele>888.8</ele>
      </trkpt>
      <trkpt lat="43.88506" lon="6.53823">
        <ele>887.9</ele>
      </trkpt>
      <trkpt lat="43.88495" lon="6.53842">
        <ele>888.4</ele>
      </trkpt>
      <trkpt lat="43.88488" lon="6.53853">
        <ele>889.7</ele>
      </trkpt>
      <trkpt lat="43.88483" lon="6.53862">
        <ele>890.8</ele>
      </trkpt>
      <trkpt lat="43.88472" lon="6.53882">
        <ele>892.6</ele>
      </trkpt>
      <trkpt lat="43.88471" lon="6.53884">
        <ele>892.8</ele>
      </trkpt>
      <trkpt lat="43.88464" lon="6.53903">
        <ele>895.0</ele>
      </trkpt>
      <trkpt lat="43.8846" lon="6.53914">
        <ele>896.1</ele>
      </trkpt>
      <trkpt lat="43.88456" lon="6.53926">
        <ele>898.2</ele>
      </trkpt>
      <trkpt lat="43.88451" lon="6.53943">
        <ele>901.7</ele>
      </trkpt>
      <trkpt lat="43.88448" lon="6.53948">
        <ele>902.0</ele>
      </trkpt>
      <trkpt lat="43.8844" lon="6.53964">
        <ele>903.7</ele>
      </trkpt>
      <trkpt lat="43.884369" lon="6.53968">
        <ele>903.6</ele>
      </trkpt>
      <trkpt lat="43.88434" lon="6.53971">
        <ele>903.2</ele>
      </trkpt>
      <trkpt lat="43.88426" lon="6.53979">
        <ele>902.0</ele>
      </trkpt>
      <trkpt lat="43.88422" lon="6.539799">
        <ele>900.5</ele>
      </trkpt>
      <trkpt lat="43.884189" lon="6.53982">
        <ele>899.7</ele>
      </trkpt>
      <trkpt lat="43.88411" lon="6.53985">
        <ele>898.2</ele>
      </trkpt>
      <trkpt lat="43.88392" lon="6.53987">
        <ele>894.1</ele>
      </trkpt>
      <trkpt lat="43.88387" lon="6.5399">
        <ele>893.7</ele>
      </trkpt>
      <trkpt lat="43.8838" lon="6.53995">
        <ele>893.1</ele>
      </trkpt>
      <trkpt lat="43.88376" lon="6.53999">
        <ele>893.0</ele>
      </trkpt>
      <trkpt lat="43.883719" lon="6.54005">
        <ele>893.5</ele>
      </trkpt>
      <trkpt lat="43.88364" lon="6.54025">
        <ele>896.1</ele>
      </trkpt>
      <trkpt lat="43.88364" lon="6.54026">
        <ele>896.3</ele>
      </trkpt>
      <trkpt lat="43.8836" lon="6.54035">
        <ele>897.3</ele>
      </trkpt>
      <trkpt lat="43.88357" lon="6.54045">
        <ele>898.7</ele>
      </trkpt>
      <trkpt lat="43.88352" lon="6.54051">
        <ele>898.4</ele>
      </trkpt>
      <trkpt lat="43.88347" lon="6.54055">
        <ele>897.7</ele>
      </trkpt>
      <trkpt lat="43.8834" lon="6.54058">
        <ele>896.0</ele>
      </trkpt>
      <trkpt lat="43.88332" lon="6.54059">
        <ele>894.1</ele>
      </trkpt>
      <trkpt lat="43.88321" lon="6.54056">
        <ele>893.8</ele>
      </trkpt>
      <trkpt lat="43.883069" lon="6.54049">
        <ele>892.8</ele>
      </trkpt>
      <trkpt lat="43.88285" lon="6.54037">
        <ele>891.0</ele>
      </trkpt>
      <trkpt lat="43.88271" lon="6.54032">
        <ele>890.5</ele>
      </trkpt>
      <trkpt lat="43.88263" lon="6.54032">
        <ele>890.7</ele>
      </trkpt>
      <trkpt lat="43.88258" lon="6.54032">
        <ele>890.9</ele>
      </trkpt>
      <trkpt lat="43.88252" lon="6.54033">
        <ele>891.3</ele>
      </trkpt>
      <trkpt lat="43.88247" lon="6.54035">
        <ele>891.1</ele>
      </trkpt>
      <trkpt lat="43.88234" lon="6.54047">
        <ele>890.6</ele>
      </trkpt>
      <trkpt lat="43.88223" lon="6.54061">
        <ele>890.5</ele>
      </trkpt>
      <trkpt lat="43.88217" lon="6.54067">
        <ele>889.9</ele>
      </trkpt>
      <trkpt lat="43.88205" lon="6.5408">
        <ele>888.7</ele>
      </trkpt>
      <trkpt lat="43.88203" lon="6.540809">
        <ele>888.3</ele>
      </trkpt>
      <trkpt lat="43.881929" lon="6.540879">
        <ele>887.0</ele>
      </trkpt>
      <trkpt lat="43.88182" lon="6.54096">
        <ele>886.0</ele>
      </trkpt>
      <trkpt lat="43.88171" lon="6.54106">
        <ele>885.5</ele>
      </trkpt>
      <trkpt lat="43.88168" lon="6.541089">
        <ele>885.5</ele>
      </trkpt>
      <trkpt lat="43.88162" lon="6.54118">
        <ele>886.9</ele>
      </trkpt>
      <trkpt lat="43.88159" lon="6.54123">
        <ele>887.7</ele>
      </trkpt>
      <trkpt lat="43.88148" lon="6.54143">
        <ele>890.8</ele>
      </trkpt>
      <trkpt lat="43.88136" lon="6.54162">
        <ele>892.9</ele>
      </trkpt>
      <trkpt lat="43.88135" lon="6.54164">
        <ele>893.2</ele>
      </trkpt>
      <trkpt lat="43.88125" lon="6.54182">
        <ele>894.8</ele>
      </trkpt>
      <trkpt lat="43.88116" lon="6.54198">
        <ele>896.0</ele>
      </trkpt>
      <trkpt lat="43.88114" lon="6.54201">
        <ele>896.1</ele>
      </trkpt>
      <trkpt lat="43.88104" lon="6.542169">
        <ele>896.9</ele>
      </trkpt>
      <trkpt lat="43.881" lon="6.54222">
        <ele>897.0</ele>
      </trkpt>
      <trkpt lat="43.88096" lon="6.54225">
        <ele>896.7</ele>
      </trkpt>
      <trkpt lat="43.88093" lon="6.54227">
        <ele>896.4</ele>
      </trkpt>
      <trkpt lat="43.880899" lon="6.54228">
        <ele>895.9</ele>
      </trkpt>
      <trkpt lat="43.88087" lon="6.54229">
        <ele>895.5</ele>
      </trkpt>
      <trkpt lat="43.88086" lon="6.54229">
        <ele>895.3</ele>
      </trkpt>
      <trkpt lat="43.88083" lon="6.54228">
        <ele>894.6</ele>
      </trkpt>
      <trkpt lat="43.88071" lon="6.54223">
        <ele>896.2</ele>
      </trkpt>
      <trkpt lat="43.88069" lon="6.54221">
        <ele>896.2</ele>
      </trkpt>
      <trkpt lat="43.88067" lon="6.54219">
        <ele>896.3</ele>
      </trkpt>
      <trkpt lat="43.88065" lon="6.542169">
        <ele>896.4</ele>
      </trkpt>
      <trkpt lat="43.88064" lon="6.54213">
        <ele>895.9</ele>
      </trkpt>
      <trkpt lat="43.88061" lon="6.54201">
        <ele>894.6</ele>
      </trkpt>
      <trkpt lat="43.88061" lon="6.542">
        <ele>894.5</ele>
      </trkpt>
      <trkpt lat="43.88059" lon="6.54189">
        <ele>893.2</ele>
      </trkpt>
      <trkpt lat="43.88058" lon="6.54175">
        <ele>891.2</ele>
      </trkpt>
      <trkpt lat="43.88055" lon="6.541559">
        <ele>888.9</ele>
      </trkpt>
      <trkpt lat="43.88054" lon="6.54151">
        <ele>888.4</ele>
      </trkpt>
      <trkpt lat="43.88051" lon="6.54131">
        <ele>886.1</ele>
      </trkpt>
      <trkpt lat="43.88048" lon="6.54116">
        <ele>884.4</ele>
      </trkpt>
      <trkpt lat="43.880429" lon="6.54104">
        <ele>883.4</ele>
      </trkpt>
      <trkpt lat="43.88042" lon="6.54103">
        <ele>883.4</ele>
      </trkpt>
      <trkpt lat="43.8803" lon="6.54087">
        <ele>882.6</ele>
      </trkpt>
      <trkpt lat="43.88029" lon="6.54086">
        <ele>882.6</ele>
      </trkpt>
      <trkpt lat="43.88023" lon="6.54079">
        <ele>882.4</ele>
      </trkpt>
      <trkpt lat="43.88015" lon="6.54074">
        <ele>882.8</ele>
      </trkpt>
      <trkpt lat="43.88014" lon="6.54074">
        <ele>882.9</ele>
      </trkpt>
      <trkpt lat="43.87997" lon="6.5407">
        <ele>883.9</ele>
      </trkpt>
      <trkpt lat="43.87982" lon="6.54073">
        <ele>883.5</ele>
      </trkpt>
      <trkpt lat="43.87981" lon="6.54073">
        <ele>883.5</ele>
      </trkpt>
      <trkpt lat="43.879689" lon="6.54079">
        <ele>883.6</ele>
      </trkpt>
      <trkpt lat="43.87965" lon="6.54083">
        <ele>883.9</ele>
      </trkpt>
      <trkpt lat="43.87952" lon="6.54099">
        <ele>885.6</ele>
      </trkpt>
      <trkpt lat="43.87951" lon="6.541">
        <ele>885.7</ele>
      </trkpt>
      <trkpt lat="43.87938" lon="6.54115">
        <ele>887.1</ele>
      </trkpt>
      <trkpt lat="43.87924" lon="6.54131">
        <ele>888.5</ele>
      </trkpt>
      <trkpt lat="43.87919" lon="6.54136">
        <ele>888.8</ele>
      </trkpt>
      <trkpt lat="43.87897" lon="6.54164">
        <ele>893.5</ele>
      </trkpt>
      <trkpt lat="43.87887" lon="6.54176">
        <ele>895.5</ele>
      </trkpt>
      <trkpt lat="43.878839" lon="6.54181">
        <ele>896.3</ele>
      </trkpt>
      <trkpt lat="43.87871" lon="6.54198">
        <ele>898.3</ele>
      </trkpt>
      <trkpt lat="43.87865" lon="6.54205">
        <ele>898.9</ele>
      </trkpt>
      <trkpt lat="43.87856" lon="6.54213">
        <ele>899.1</ele>
      </trkpt>
      <trkpt lat="43.87855" lon="6.54215">
        <ele>899.2</ele>
      </trkpt>
      <trkpt lat="43.87853" lon="6.54216">
        <ele>899.2</ele>
      </trkpt>
      <trkpt lat="43.87851" lon="6.542169">
        <ele>899.1</ele>
      </trkpt>
      <trkpt lat="43.87847" lon="6.542169">
        <ele>898.8</ele>
      </trkpt>
      <trkpt lat="43.87844" lon="6.542169">
        <ele>898.6</ele>
      </trkpt>
      <trkpt lat="43.87841" lon="6.54215">
        <ele>898.3</ele>
      </trkpt>
      <trkpt lat="43.8784" lon="6.54214">
        <ele>898.1</ele>
      </trkpt>
      <trkpt lat="43.87839" lon="6.54213">
        <ele>898.0</ele>
      </trkpt>
      <trkpt lat="43.878369" lon="6.54212">
        <ele>897.9</ele>
      </trkpt>
      <trkpt lat="43.8783" lon="6.54206">
        <ele>898.8</ele>
      </trkpt>
      <trkpt lat="43.87829" lon="6.54204">
        <ele>899.2</ele>
      </trkpt>
      <trkpt lat="43.878279" lon="6.54202">
        <ele>899.5</ele>
      </trkpt>
      <trkpt lat="43.87827" lon="6.54199">
        <ele>899.9</ele>
      </trkpt>
      <trkpt lat="43.87827" lon="6.54198">
        <ele>899.8</ele>
      </trkpt>
      <trkpt lat="43.87827" lon="6.54197">
        <ele>899.8</ele>
      </trkpt>
      <trkpt lat="43.87827" lon="6.54192">
        <ele>899.6</ele>
      </trkpt>
      <trkpt lat="43.87829" lon="6.54177">
        <ele>898.3</ele>
      </trkpt>
      <trkpt lat="43.8783" lon="6.54173">
        <ele>897.7</ele>
      </trkpt>
      <trkpt lat="43.87835" lon="6.541489">
        <ele>896.9</ele>
      </trkpt>
      <trkpt lat="43.878369" lon="6.54144">
        <ele>897.0</ele>
      </trkpt>
      <trkpt lat="43.87841" lon="6.54126">
        <ele>897.4</ele>
      </trkpt>
      <trkpt lat="43.87847" lon="6.541019">
        <ele>897.2</ele>
      </trkpt>
      <trkpt lat="43.87849" lon="6.54096">
        <ele>897.0</ele>
      </trkpt>
      <trkpt lat="43.87851" lon="6.54078">
        <ele>896.4</ele>
      </trkpt>
      <trkpt lat="43.87853" lon="6.54057">
        <ele>894.6</ele>
      </trkpt>
      <trkpt lat="43.87853" lon="6.54053">
        <ele>894.4</ele>
      </trkpt>
      <trkpt lat="43.87855" lon="6.54003">
        <ele>890.7</ele>
      </trkpt>
      <trkpt lat="43.87854" lon="6.53988">
        <ele>889.1</ele>
      </trkpt>
      <trkpt lat="43.87853" lon="6.53979">
        <ele>888.2</ele>
      </trkpt>
      <trkpt lat="43.87849" lon="6.53963">
        <ele>887.0</ele>
      </trkpt>
      <trkpt lat="43.87845" lon="6.53957">
        <ele>887.2</ele>
      </trkpt>
      <trkpt lat="43.87833" lon="6.53938">
        <ele>887.3</ele>
      </trkpt>
      <trkpt lat="43.87831" lon="6.53933">
        <ele>886.6</ele>
      </trkpt>
      <trkpt lat="43.87822" lon="6.53918">
        <ele>883.7</ele>
      </trkpt>
      <trkpt lat="43.87815" lon="6.53907">
        <ele>881.1</ele>
      </trkpt>
      <trkpt lat="43.87812" lon="6.538979">
        <ele>879.0</ele>
      </trkpt>
      <trkpt lat="43.87807" lon="6.53887">
        <ele>876.3</ele>
      </trkpt>
      <trkpt lat="43.87806" lon="6.53875">
        <ele>873.6</ele>
      </trkpt>
      <trkpt lat="43.87805" lon="6.5387">
        <ele>872.3</ele>
      </trkpt>
      <trkpt lat="43.87805" lon="6.53863">
        <ele>870.8</ele>
      </trkpt>
      <trkpt lat="43.87807" lon="6.53856">
        <ele>869.5</ele>
      </trkpt>
      <trkpt lat="43.87809" lon="6.538509">
        <ele>868.7</ele>
      </trkpt>
      <trkpt lat="43.87811" lon="6.53847">
        <ele>868.2</ele>
      </trkpt>
      <trkpt lat="43.87815" lon="6.5384">
        <ele>867.3</ele>
      </trkpt>
      <trkpt lat="43.87821" lon="6.53833">
        <ele>866.9</ele>
      </trkpt>
      <trkpt lat="43.87835" lon="6.53817">
        <ele>866.8</ele>
      </trkpt>
      <trkpt lat="43.87835" lon="6.53816">
        <ele>866.7</ele>
      </trkpt>
      <trkpt lat="43.87845" lon="6.537969">
        <ele>864.4</ele>
      </trkpt>
      <trkpt lat="43.87848" lon="6.53791">
        <ele>863.8</ele>
      </trkpt>
      <trkpt lat="43.87853" lon="6.53774">
        <ele>862.3</ele>
      </trkpt>
      <trkpt lat="43.87853" lon="6.53771">
        <ele>862.1</ele>
      </trkpt>
      <trkpt lat="43.87854" lon="6.53763">
        <ele>861.4</ele>
      </trkpt>
      <trkpt lat="43.87854" lon="6.53746">
        <ele>860.6</ele>
      </trkpt>
      <trkpt lat="43.87853" lon="6.53738">
        <ele>861.1</ele>
      </trkpt>
      <trkpt lat="43.87852" lon="6.537289">
        <ele>861.8</ele>
      </trkpt>
      <trkpt lat="43.87847" lon="6.537149">
        <ele>862.6</ele>
      </trkpt>
      <trkpt lat="43.878459" lon="6.53712">
        <ele>862.8</ele>
      </trkpt>
      <trkpt lat="43.87844" lon="6.53706">
        <ele>863.3</ele>
      </trkpt>
      <trkpt lat="43.87841" lon="6.53699">
        <ele>863.8</ele>
      </trkpt>
      <trkpt lat="43.878369" lon="6.53695">
        <ele>864.1</ele>
      </trkpt>
      <trkpt lat="43.87833" lon="6.53689">
        <ele>864.6</ele>
      </trkpt>
      <trkpt lat="43.87823" lon="6.53679">
        <ele>867.6</ele>
      </trkpt>
      <trkpt lat="43.87814" lon="6.53674">
        <ele>869.9</ele>
      </trkpt>
      <trkpt lat="43.87806" lon="6.53671">
        <ele>871.7</ele>
      </trkpt>
      <trkpt lat="43.87802" lon="6.5367">
        <ele>872.6</ele>
      </trkpt>
      <trkpt lat="43.87788" lon="6.536679">
        <ele>875.5</ele>
      </trkpt>
      <trkpt lat="43.87786" lon="6.536679">
        <ele>875.9</ele>
      </trkpt>
      <trkpt lat="43.87775" lon="6.53665">
        <ele>878.1</ele>
      </trkpt>
      <trkpt lat="43.87771" lon="6.53663">
        <ele>878.8</ele>
      </trkpt>
      <trkpt lat="43.87765" lon="6.53655">
        <ele>879.5</ele>
      </trkpt>
      <trkpt lat="43.87761" lon="6.5365">
        <ele>880.0</ele>
      </trkpt>
      <trkpt lat="43.8775" lon="6.53632">
        <ele>880.9</ele>
      </trkpt>
      <trkpt lat="43.87749" lon="6.53631">
        <ele>881.2</ele>
      </trkpt>
      <trkpt lat="43.87738" lon="6.53611">
        <ele>883.9</ele>
      </trkpt>
      <trkpt lat="43.87737" lon="6.53611">
        <ele>884.3</ele>
      </trkpt>
      <trkpt lat="43.87727" lon="6.53592">
        <ele>887.3</ele>
      </trkpt>
      <trkpt lat="43.87715" lon="6.53573">
        <ele>890.4</ele>
      </trkpt>
      <trkpt lat="43.87715" lon="6.53572">
        <ele>890.2</ele>
      </trkpt>
      <trkpt lat="43.87706" lon="6.53555">
        <ele>891.3</ele>
      </trkpt>
      <trkpt lat="43.87704" lon="6.53552">
        <ele>891.7</ele>
      </trkpt>
      <trkpt lat="43.877" lon="6.53543">
        <ele>891.9</ele>
      </trkpt>
      <trkpt lat="43.87697" lon="6.535319">
        <ele>891.4</ele>
      </trkpt>
      <trkpt lat="43.876959" lon="6.53531">
        <ele>891.7</ele>
      </trkpt>
      <trkpt lat="43.876959" lon="6.5353">
        <ele>891.5</ele>
      </trkpt>
      <trkpt lat="43.87693" lon="6.53515">
        <ele>890.4</ele>
      </trkpt>
      <trkpt lat="43.87692" lon="6.53506">
        <ele>889.5</ele>
      </trkpt>
      <trkpt lat="43.87691" lon="6.53499">
        <ele>888.9</ele>
      </trkpt>
      <trkpt lat="43.8769" lon="6.53482">
        <ele>887.9</ele>
      </trkpt>
      <trkpt lat="43.8769" lon="6.5348">
        <ele>887.8</ele>
      </trkpt>
      <trkpt lat="43.87689" lon="6.53465">
        <ele>886.9</ele>
      </trkpt>
      <trkpt lat="43.87689" lon="6.53457">
        <ele>886.3</ele>
      </trkpt>
      <trkpt lat="43.87689" lon="6.53456">
        <ele>886.2</ele>
      </trkpt>
      <trkpt lat="43.876869" lon="6.53446">
        <ele>886.0</ele>
      </trkpt>
      <trkpt lat="43.87684" lon="6.53433">
        <ele>885.8</ele>
      </trkpt>
      <trkpt lat="43.87683" lon="6.5343">
        <ele>885.8</ele>
      </trkpt>
      <trkpt lat="43.8768" lon="6.53416">
        <ele>885.4</ele>
      </trkpt>
      <trkpt lat="43.876779" lon="6.53409">
        <ele>885.2</ele>
      </trkpt>
      <trkpt lat="43.87671" lon="6.53386">
        <ele>884.4</ele>
      </trkpt>
      <trkpt lat="43.87667" lon="6.53371">
        <ele>883.5</ele>
      </trkpt>
      <trkpt lat="43.87665" lon="6.533629">
        <ele>883.1</ele>
      </trkpt>
      <trkpt lat="43.87658" lon="6.53339">
        <ele>882.6</ele>
      </trkpt>
      <trkpt lat="43.87655" lon="6.53327">
        <ele>882.2</ele>
      </trkpt>
      <trkpt lat="43.87651" lon="6.53317">
        <ele>882.5</ele>
      </trkpt>
      <trkpt lat="43.87645" lon="6.53303">
        <ele>882.8</ele>
      </trkpt>
      <trkpt lat="43.87643" lon="6.53298">
        <ele>882.8</ele>
      </trkpt>
      <trkpt lat="43.87641" lon="6.53296">
        <ele>883.2</ele>
      </trkpt>
      <trkpt lat="43.87641" lon="6.53294">
        <ele>883.0</ele>
      </trkpt>
      <trkpt lat="43.87636" lon="6.5329">
        <ele>884.0</ele>
      </trkpt>
      <trkpt lat="43.87628" lon="6.53283">
        <ele>885.5</ele>
      </trkpt>
      <trkpt lat="43.87627" lon="6.532809">
        <ele>885.5</ele>
      </trkpt>
      <trkpt lat="43.87616" lon="6.53276">
        <ele>888.0</ele>
      </trkpt>
      <trkpt lat="43.8761" lon="6.53272">
        <ele>889.1</ele>
      </trkpt>
      <trkpt lat="43.87599" lon="6.53267">
        <ele>891.5</ele>
      </trkpt>
      <trkpt lat="43.875929" lon="6.53263">
        <ele>892.5</ele>
      </trkpt>
      <trkpt lat="43.87587" lon="6.53259">
        <ele>893.5</ele>
      </trkpt>
      <trkpt lat="43.87582" lon="6.53254">
        <ele>894.3</ele>
      </trkpt>
      <trkpt lat="43.87579" lon="6.5325">
        <ele>895.1</ele>
      </trkpt>
      <trkpt lat="43.87578" lon="6.53249">
        <ele>895.6</ele>
      </trkpt>
      <trkpt lat="43.87577" lon="6.53247">
        <ele>896.1</ele>
      </trkpt>
      <trkpt lat="43.875749" lon="6.53242">
        <ele>897.1</ele>
      </trkpt>
      <trkpt lat="43.87574" lon="6.53239">
        <ele>897.6</ele>
      </trkpt>
      <trkpt lat="43.87574" lon="6.53232">
        <ele>897.5</ele>
      </trkpt>
      <trkpt lat="43.875749" lon="6.53226">
        <ele>897.0</ele>
      </trkpt>
      <trkpt lat="43.87576" lon="6.53219">
        <ele>896.5</ele>
      </trkpt>
      <trkpt lat="43.87581" lon="6.53205">
        <ele>894.1</ele>
      </trkpt>
      <trkpt lat="43.87581" lon="6.53203">
        <ele>894.1</ele>
      </trkpt>
      <trkpt lat="43.87587" lon="6.531799">
        <ele>891.9</ele>
      </trkpt>
      <trkpt lat="43.87587" lon="6.53179">
        <ele>891.9</ele>
      </trkpt>
      <trkpt lat="43.87588" lon="6.53165">
        <ele>891.3</ele>
      </trkpt>
      <trkpt lat="43.87587" lon="6.53153">
        <ele>890.1</ele>
      </trkpt>
      <trkpt lat="43.87582" lon="6.5313">
        <ele>888.8</ele>
      </trkpt>
      <trkpt lat="43.875749" lon="6.53115">
        <ele>890.1</ele>
      </trkpt>
      <trkpt lat="43.87572" lon="6.5311">
        <ele>890.8</ele>
      </trkpt>
      <trkpt lat="43.87567" lon="6.531">
        <ele>891.8</ele>
      </trkpt>
      <trkpt lat="43.87563" lon="6.53088">
        <ele>892.1</ele>
      </trkpt>
      <trkpt lat="43.87559" lon="6.53076">
        <ele>892.3</ele>
      </trkpt>
      <trkpt lat="43.87554" lon="6.53067">
        <ele>893.3</ele>
      </trkpt>
      <trkpt lat="43.87547" lon="6.53052">
        <ele>894.3</ele>
      </trkpt>
      <trkpt lat="43.87544" lon="6.53046">
        <ele>894.8</ele>
      </trkpt>
      <trkpt lat="43.87535" lon="6.53031">
        <ele>896.7</ele>
      </trkpt>
      <trkpt lat="43.87533" lon="6.53027">
        <ele>897.0</ele>
      </trkpt>
      <trkpt lat="43.87531" lon="6.53023">
        <ele>897.3</ele>
      </trkpt>
      <trkpt lat="43.8753" lon="6.53018">
        <ele>897.0</ele>
      </trkpt>
      <trkpt lat="43.875279" lon="6.53012">
        <ele>897.0</ele>
      </trkpt>
      <trkpt lat="43.87527" lon="6.53009">
        <ele>897.1</ele>
      </trkpt>
      <trkpt lat="43.87527" lon="6.530039">
        <ele>896.3</ele>
      </trkpt>
      <trkpt lat="43.87526" lon="6.529969">
        <ele>896.2</ele>
      </trkpt>
      <trkpt lat="43.87527" lon="6.52986">
        <ele>895.8</ele>
      </trkpt>
      <trkpt lat="43.87529" lon="6.52979">
        <ele>894.9</ele>
      </trkpt>
      <trkpt lat="43.87532" lon="6.52963">
        <ele>893.7</ele>
      </trkpt>
      <trkpt lat="43.87533" lon="6.52955">
        <ele>893.4</ele>
      </trkpt>
      <trkpt lat="43.87534" lon="6.52946">
        <ele>893.0</ele>
      </trkpt>
      <trkpt lat="43.87534" lon="6.5293">
        <ele>893.2</ele>
      </trkpt>
      <trkpt lat="43.87534" lon="6.529289">
        <ele>893.2</ele>
      </trkpt>
      <trkpt lat="43.8753" lon="6.52911">
        <ele>894.7</ele>
      </trkpt>
      <trkpt lat="43.87521" lon="6.52879">
        <ele>895.9</ele>
      </trkpt>
      <trkpt lat="43.87515" lon="6.5286">
        <ele>896.3</ele>
      </trkpt>
      <trkpt lat="43.875079" lon="6.52839">
        <ele>896.4</ele>
      </trkpt>
      <trkpt lat="43.87507" lon="6.52838">
        <ele>896.6</ele>
      </trkpt>
      <trkpt lat="43.875" lon="6.52815">
        <ele>895.8</ele>
      </trkpt>
      <trkpt lat="43.87495" lon="6.52798">
        <ele>896.5</ele>
      </trkpt>
      <trkpt lat="43.87493" lon="6.52792">
        <ele>896.9</ele>
      </trkpt>
      <trkpt lat="43.87489" lon="6.52777">
        <ele>897.3</ele>
      </trkpt>
      <trkpt lat="43.87488" lon="6.52768">
        <ele>896.8</ele>
      </trkpt>
      <trkpt lat="43.87487" lon="6.527599">
        <ele>896.4</ele>
      </trkpt>
      <trkpt lat="43.87486" lon="6.52743">
        <ele>895.2</ele>
      </trkpt>
      <trkpt lat="43.87484" lon="6.52719">
        <ele>894.5</ele>
      </trkpt>
      <trkpt lat="43.87483" lon="6.52693">
        <ele>893.1</ele>
      </trkpt>
      <trkpt lat="43.87483" lon="6.52691">
        <ele>893.0</ele>
      </trkpt>
      <trkpt lat="43.87482" lon="6.52675">
        <ele>892.3</ele>
      </trkpt>
      <trkpt lat="43.874809" lon="6.52668">
        <ele>892.4</ele>
      </trkpt>
      <trkpt lat="43.8748" lon="6.52662">
        <ele>892.4</ele>
      </trkpt>
      <trkpt lat="43.87477" lon="6.52644">
        <ele>892.4</ele>
      </trkpt>
      <trkpt lat="43.87476" lon="6.52643">
        <ele>892.8</ele>
      </trkpt>
      <trkpt lat="43.87467" lon="6.52612">
        <ele>894.2</ele>
      </trkpt>
      <trkpt lat="43.87453" lon="6.52569">
        <ele>895.4</ele>
      </trkpt>
      <trkpt lat="43.87448" lon="6.52553">
        <ele>895.2</ele>
      </trkpt>
      <trkpt lat="43.8744" lon="6.5253">
        <ele>894.9</ele>
      </trkpt>
      <trkpt lat="43.87432" lon="6.52508">
        <ele>894.3</ele>
      </trkpt>
      <trkpt lat="43.87429" lon="6.52499">
        <ele>893.9</ele>
      </trkpt>
      <trkpt lat="43.87425" lon="6.52485">
        <ele>893.7</ele>
      </trkpt>
      <trkpt lat="43.8741" lon="6.52436">
        <ele>893.8</ele>
      </trkpt>
      <trkpt lat="43.87402" lon="6.52405">
        <ele>894.8</ele>
      </trkpt>
      <trkpt lat="43.87399" lon="6.52388">
        <ele>894.9</ele>
      </trkpt>
      <trkpt lat="43.87397" lon="6.52375">
        <ele>894.9</ele>
      </trkpt>
      <trkpt lat="43.87394" lon="6.52348">
        <ele>894.2</ele>
      </trkpt>
      <trkpt lat="43.87391" lon="6.52316">
        <ele>893.6</ele>
      </trkpt>
      <trkpt lat="43.87389" lon="6.52301">
        <ele>893.7</ele>
      </trkpt>
      <trkpt lat="43.87388" lon="6.52287">
        <ele>893.3</ele>
      </trkpt>
      <trkpt lat="43.87386" lon="6.52277">
        <ele>893.6</ele>
      </trkpt>
      <trkpt lat="43.87382" lon="6.52252">
        <ele>893.7</ele>
      </trkpt>
      <trkpt lat="43.873779" lon="6.52236">
        <ele>895.1</ele>
      </trkpt>
      <trkpt lat="43.87377" lon="6.52222">
        <ele>895.3</ele>
      </trkpt>
      <trkpt lat="43.87376" lon="6.52192">
        <ele>895.4</ele>
      </trkpt>
      <trkpt lat="43.87376" lon="6.52148">
        <ele>895.4</ele>
      </trkpt>
      <trkpt lat="43.87379" lon="6.52099">
        <ele>894.9</ele>
      </trkpt>
      <trkpt lat="43.87382" lon="6.52079">
        <ele>893.9</ele>
      </trkpt>
      <trkpt lat="43.87385" lon="6.520539">
        <ele>893.4</ele>
      </trkpt>
      <trkpt lat="43.87385" lon="6.52048">
        <ele>893.6</ele>
      </trkpt>
      <trkpt lat="43.873869" lon="6.5203">
        <ele>893.4</ele>
      </trkpt>
      <trkpt lat="43.87389" lon="6.52011">
        <ele>893.2</ele>
      </trkpt>
      <trkpt lat="43.87389" lon="6.52005">
        <ele>893.4</ele>
      </trkpt>
      <trkpt lat="43.87389" lon="6.5199">
        <ele>893.5</ele>
      </trkpt>
      <trkpt lat="43.87389" lon="6.5198">
        <ele>893.4</ele>
      </trkpt>
      <trkpt lat="43.87388" lon="6.51961">
        <ele>893.6</ele>
      </trkpt>
      <trkpt lat="43.873869" lon="6.5193">
        <ele>893.6</ele>
      </trkpt>
      <trkpt lat="43.87386" lon="6.51914">
        <ele>893.7</ele>
      </trkpt>
      <trkpt lat="43.87386" lon="6.51905">
        <ele>893.7</ele>
      </trkpt>
      <trkpt lat="43.87385" lon="6.5188">
        <ele>893.8</ele>
      </trkpt>
      <trkpt lat="43.87383" lon="6.51855">
        <ele>894.2</ele>
      </trkpt>
      <trkpt lat="43.87383" lon="6.51851">
        <ele>894.1</ele>
      </trkpt>
      <trkpt lat="43.87382" lon="6.518309">
        <ele>894.3</ele>
      </trkpt>
      <trkpt lat="43.87381" lon="6.51806">
        <ele>895.3</ele>
      </trkpt>
      <trkpt lat="43.8738" lon="6.51799">
        <ele>895.7</ele>
      </trkpt>
      <trkpt lat="43.87379" lon="6.51781">
        <ele>896.5</ele>
      </trkpt>
      <trkpt lat="43.873779" lon="6.517559">
        <ele>897.4</ele>
      </trkpt>
      <trkpt lat="43.87377" lon="6.51737">
        <ele>898.1</ele>
      </trkpt>
      <trkpt lat="43.87377" lon="6.51731">
        <ele>898.1</ele>
      </trkpt>
      <trkpt lat="43.87375" lon="6.51706">
        <ele>899.0</ele>
      </trkpt>
      <trkpt lat="43.87374" lon="6.51681">
        <ele>899.6</ele>
      </trkpt>
      <trkpt lat="43.87373" lon="6.5168">
        <ele>899.9</ele>
      </trkpt>
      <trkpt lat="43.87372" lon="6.51656">
        <ele>900.4</ele>
      </trkpt>
      <trkpt lat="43.87371" lon="6.51632">
        <ele>900.6</ele>
      </trkpt>
      <trkpt lat="43.8737" lon="6.51618">
        <ele>900.8</ele>
      </trkpt>
      <trkpt lat="43.8737" lon="6.51607">
        <ele>900.7</ele>
      </trkpt>
      <trkpt lat="43.87368" lon="6.51582">
        <ele>901.0</ele>
      </trkpt>
      <trkpt lat="43.87366" lon="6.51557">
        <ele>899.6</ele>
      </trkpt>
      <trkpt lat="43.87366" lon="6.51555">
        <ele>899.5</ele>
      </trkpt>
      <trkpt lat="43.87364" lon="6.51532">
        <ele>898.0</ele>
      </trkpt>
      <trkpt lat="43.87363" lon="6.51509">
        <ele>896.3</ele>
      </trkpt>
      <trkpt lat="43.87363" lon="6.51507">
        <ele>896.1</ele>
      </trkpt>
      <trkpt lat="43.87361" lon="6.51487">
        <ele>895.3</ele>
      </trkpt>
      <trkpt lat="43.8736" lon="6.51483">
        <ele>895.2</ele>
      </trkpt>
      <trkpt lat="43.873579" lon="6.51471">
        <ele>894.8</ele>
      </trkpt>
      <trkpt lat="43.873579" lon="6.51466">
        <ele>894.6</ele>
      </trkpt>
      <trkpt lat="43.87353" lon="6.51448">
        <ele>894.0</ele>
      </trkpt>
      <trkpt lat="43.87347" lon="6.51432">
        <ele>893.2</ele>
      </trkpt>
      <trkpt lat="43.87344" lon="6.51426">
        <ele>892.8</ele>
      </trkpt>
      <trkpt lat="43.873399" lon="6.5142">
        <ele>892.4</ele>
      </trkpt>
      <trkpt lat="43.873309" lon="6.51409">
        <ele>892.6</ele>
      </trkpt>
      <trkpt lat="43.87328" lon="6.51405">
        <ele>892.9</ele>
      </trkpt>
      <trkpt lat="43.873019" lon="6.51379">
        <ele>894.6</ele>
      </trkpt>
      <trkpt lat="43.87287" lon="6.51365">
        <ele>895.2</ele>
      </trkpt>
      <trkpt lat="43.87278" lon="6.51355">
        <ele>895.6</ele>
      </trkpt>
      <trkpt lat="43.87275" lon="6.51353">
        <ele>895.7</ele>
      </trkpt>
      <trkpt lat="43.8726" lon="6.51337">
        <ele>896.1</ele>
      </trkpt>
      <trkpt lat="43.872459" lon="6.513219">
        <ele>896.2</ele>
      </trkpt>
      <trkpt lat="43.87243" lon="6.51319">
        <ele>896.3</ele>
      </trkpt>
      <trkpt lat="43.87216" lon="6.51293">
        <ele>896.5</ele>
      </trkpt>
      <trkpt lat="43.87215" lon="6.51292">
        <ele>896.5</ele>
      </trkpt>
      <trkpt lat="43.87201" lon="6.5128">
        <ele>896.1</ele>
      </trkpt>
      <trkpt lat="43.872" lon="6.51278">
        <ele>896.1</ele>
      </trkpt>
      <trkpt lat="43.87188" lon="6.51271">
        <ele>895.6</ele>
      </trkpt>
      <trkpt lat="43.87171" lon="6.51262">
        <ele>894.8</ele>
      </trkpt>
      <trkpt lat="43.87146" lon="6.5125">
        <ele>897.0</ele>
      </trkpt>
      <trkpt lat="43.871339" lon="6.51245">
        <ele>898.5</ele>
      </trkpt>
      <trkpt lat="43.87129" lon="6.51243">
        <ele>899.1</ele>
      </trkpt>
      <trkpt lat="43.87118" lon="6.51236">
        <ele>900.1</ele>
      </trkpt>
      <trkpt lat="43.87117" lon="6.51236">
        <ele>900.2</ele>
      </trkpt>
      <trkpt lat="43.87102" lon="6.51223">
        <ele>900.9</ele>
      </trkpt>
      <trkpt lat="43.870959" lon="6.51218">
        <ele>901.0</ele>
      </trkpt>
      <trkpt lat="43.87072" lon="6.51195">
        <ele>899.5</ele>
      </trkpt>
      <trkpt lat="43.87062" lon="6.51185">
        <ele>898.2</ele>
      </trkpt>
      <trkpt lat="43.87056" lon="6.51179">
        <ele>897.3</ele>
      </trkpt>
      <trkpt lat="43.87034" lon="6.51157">
        <ele>895.0</ele>
      </trkpt>
      <trkpt lat="43.87021" lon="6.51144">
        <ele>894.8</ele>
      </trkpt>
      <trkpt lat="43.87006" lon="6.5113">
        <ele>894.3</ele>
      </trkpt>
      <trkpt lat="43.86999" lon="6.51123">
        <ele>893.9</ele>
      </trkpt>
      <trkpt lat="43.86991" lon="6.51116">
        <ele>893.0</ele>
      </trkpt>
      <trkpt lat="43.86977" lon="6.51101">
        <ele>890.8</ele>
      </trkpt>
      <trkpt lat="43.86974" lon="6.51098">
        <ele>890.3</ele>
      </trkpt>
      <trkpt lat="43.86969" lon="6.51093">
        <ele>889.3</ele>
      </trkpt>
      <trkpt lat="43.86961" lon="6.51082">
        <ele>887.5</ele>
      </trkpt>
      <trkpt lat="43.86957" lon="6.51074">
        <ele>886.9</ele>
      </trkpt>
      <trkpt lat="43.86956" lon="6.51072">
        <ele>886.8</ele>
      </trkpt>
      <trkpt lat="43.86953" lon="6.51066">
        <ele>886.3</ele>
      </trkpt>
      <trkpt lat="43.86947" lon="6.51052">
        <ele>885.2</ele>
      </trkpt>
      <trkpt lat="43.86945" lon="6.51044">
        <ele>884.8</ele>
      </trkpt>
      <trkpt lat="43.86942" lon="6.51033">
        <ele>884.1</ele>
      </trkpt>
      <trkpt lat="43.8694" lon="6.5102">
        <ele>883.6</ele>
      </trkpt>
      <trkpt lat="43.86938" lon="6.51004">
        <ele>882.9</ele>
      </trkpt>
      <trkpt lat="43.86937" lon="6.50995">
        <ele>882.8</ele>
      </trkpt>
      <trkpt lat="43.86934" lon="6.5096">
        <ele>882.9</ele>
      </trkpt>
      <trkpt lat="43.86927" lon="6.50905">
        <ele>882.5</ele>
      </trkpt>
      <trkpt lat="43.86923" lon="6.50873">
        <ele>882.4</ele>
      </trkpt>
      <trkpt lat="43.86923" lon="6.50872">
        <ele>882.5</ele>
      </trkpt>
      <trkpt lat="43.8692" lon="6.50859">
        <ele>882.1</ele>
      </trkpt>
      <trkpt lat="43.86912" lon="6.50822">
        <ele>881.4</ele>
      </trkpt>
      <trkpt lat="43.86895" lon="6.5077">
        <ele>879.8</ele>
      </trkpt>
      <trkpt lat="43.86869" lon="6.507189">
        <ele>876.1</ele>
      </trkpt>
      <trkpt lat="43.86858" lon="6.50703">
        <ele>874.1</ele>
      </trkpt>
      <trkpt lat="43.868519" lon="6.50692">
        <ele>872.9</ele>
      </trkpt>
      <trkpt lat="43.86847" lon="6.50686">
        <ele>871.9</ele>
      </trkpt>
      <trkpt lat="43.86839" lon="6.50675">
        <ele>870.2</ele>
      </trkpt>
      <trkpt lat="43.86826" lon="6.50657">
        <ele>868.2</ele>
      </trkpt>
      <trkpt lat="43.868229" lon="6.50653">
        <ele>867.9</ele>
      </trkpt>
      <trkpt lat="43.86815" lon="6.50638">
        <ele>867.0</ele>
      </trkpt>
      <trkpt lat="43.86812" lon="6.50634">
        <ele>866.6</ele>
      </trkpt>
      <trkpt lat="43.8681" lon="6.5063">
        <ele>866.3</ele>
      </trkpt>
      <trkpt lat="43.86802" lon="6.50607">
        <ele>865.4</ele>
      </trkpt>
      <trkpt lat="43.868" lon="6.50598">
        <ele>865.2</ele>
      </trkpt>
      <trkpt lat="43.86799" lon="6.50585">
        <ele>865.5</ele>
      </trkpt>
      <trkpt lat="43.86799" lon="6.50569">
        <ele>865.7</ele>
      </trkpt>
      <trkpt lat="43.86799" lon="6.50563">
        <ele>865.8</ele>
      </trkpt>
      <trkpt lat="43.868" lon="6.50552">
        <ele>866.2</ele>
      </trkpt>
      <trkpt lat="43.86804" lon="6.50531">
        <ele>867.5</ele>
      </trkpt>
      <trkpt lat="43.868049" lon="6.50514">
        <ele>868.0</ele>
      </trkpt>
      <trkpt lat="43.868049" lon="6.50513">
        <ele>868.0</ele>
      </trkpt>
      <trkpt lat="43.86804" lon="6.50499">
        <ele>867.9</ele>
      </trkpt>
      <trkpt lat="43.86794" lon="6.50466">
        <ele>864.7</ele>
      </trkpt>
      <trkpt lat="43.8679" lon="6.50452">
        <ele>863.5</ele>
      </trkpt>
      <trkpt lat="43.86788" lon="6.50442">
        <ele>862.9</ele>
      </trkpt>
      <trkpt lat="43.86787" lon="6.50431">
        <ele>862.5</ele>
      </trkpt>
      <trkpt lat="43.86787" lon="6.5042">
        <ele>862.4</ele>
      </trkpt>
      <trkpt lat="43.86788" lon="6.50409">
        <ele>862.6</ele>
      </trkpt>
      <trkpt lat="43.86789" lon="6.504069">
        <ele>862.9</ele>
      </trkpt>
      <trkpt lat="43.86797" lon="6.50357">
        <ele>865.0</ele>
      </trkpt>
      <trkpt lat="43.86797" lon="6.50351">
        <ele>865.0</ele>
      </trkpt>
      <trkpt lat="43.867959" lon="6.5034">
        <ele>864.8</ele>
      </trkpt>
      <trkpt lat="43.86795" lon="6.50334">
        <ele>864.6</ele>
      </trkpt>
      <trkpt lat="43.86794" lon="6.50332">
        <ele>864.5</ele>
      </trkpt>
      <trkpt lat="43.86791" lon="6.50325">
        <ele>863.9</ele>
      </trkpt>
      <trkpt lat="43.86785" lon="6.50317">
        <ele>862.8</ele>
      </trkpt>
      <trkpt lat="43.86778" lon="6.50313">
        <ele>861.5</ele>
      </trkpt>
      <trkpt lat="43.86772" lon="6.50311">
        <ele>860.4</ele>
      </trkpt>
      <trkpt lat="43.86766" lon="6.50312">
        <ele>859.3</ele>
      </trkpt>
      <trkpt lat="43.86759" lon="6.50315">
        <ele>857.9</ele>
      </trkpt>
      <trkpt lat="43.86754" lon="6.50318">
        <ele>856.9</ele>
      </trkpt>
      <trkpt lat="43.867489" lon="6.50325">
        <ele>855.9</ele>
      </trkpt>
      <trkpt lat="43.86745" lon="6.50331">
        <ele>854.8</ele>
      </trkpt>
      <trkpt lat="43.86743" lon="6.50337">
        <ele>854.2</ele>
      </trkpt>
      <trkpt lat="43.86742" lon="6.50347">
        <ele>853.6</ele>
      </trkpt>
      <trkpt lat="43.86742" lon="6.50355">
        <ele>853.3</ele>
      </trkpt>
      <trkpt lat="43.86743" lon="6.50356">
        <ele>853.5</ele>
      </trkpt>
      <trkpt lat="43.86744" lon="6.50365">
        <ele>853.5</ele>
      </trkpt>
      <trkpt lat="43.867489" lon="6.50405">
        <ele>853.2</ele>
      </trkpt>
      <trkpt lat="43.86753" lon="6.5043">
        <ele>853.8</ele>
      </trkpt>
      <trkpt lat="43.86755" lon="6.50444">
        <ele>854.3</ele>
      </trkpt>
      <trkpt lat="43.86756" lon="6.50454">
        <ele>854.6</ele>
      </trkpt>
      <trkpt lat="43.867579" lon="6.50472">
        <ele>855.1</ele>
      </trkpt>
      <trkpt lat="43.867579" lon="6.50479">
        <ele>855.2</ele>
      </trkpt>
      <trkpt lat="43.86759" lon="6.50483">
        <ele>855.4</ele>
      </trkpt>
      <trkpt lat="43.867579" lon="6.50493">
        <ele>855.2</ele>
      </trkpt>
      <trkpt lat="43.86757" lon="6.50502">
        <ele>854.9</ele>
      </trkpt>
      <trkpt lat="43.86756" lon="6.50504">
        <ele>854.6</ele>
      </trkpt>
      <trkpt lat="43.86752" lon="6.50528">
        <ele>853.2</ele>
      </trkpt>
      <trkpt lat="43.86748" lon="6.505429">
        <ele>852.0</ele>
      </trkpt>
      <trkpt lat="43.86747" lon="6.50552">
        <ele>851.7</ele>
      </trkpt>
      <trkpt lat="43.86735" lon="6.50599">
        <ele>849.3</ele>
      </trkpt>
      <trkpt lat="43.867289" lon="6.50623">
        <ele>848.6</ele>
      </trkpt>
      <trkpt lat="43.86718" lon="6.5067">
        <ele>847.3</ele>
      </trkpt>
      <trkpt lat="43.86716" lon="6.50678">
        <ele>847.0</ele>
      </trkpt>
      <trkpt lat="43.86701" lon="6.50741">
        <ele>844.9</ele>
      </trkpt>
      <trkpt lat="43.86692" lon="6.5077">
        <ele>843.4</ele>
      </trkpt>
      <trkpt lat="43.86688" lon="6.507799">
        <ele>842.8</ele>
      </trkpt>
      <trkpt lat="43.86684" lon="6.50792">
        <ele>842.2</ele>
      </trkpt>
      <trkpt lat="43.86679" lon="6.508">
        <ele>841.5</ele>
      </trkpt>
      <trkpt lat="43.86675" lon="6.50806">
        <ele>840.8</ele>
      </trkpt>
      <trkpt lat="43.86674" lon="6.50808">
        <ele>840.7</ele>
      </trkpt>
      <trkpt lat="43.86668" lon="6.50815">
        <ele>839.8</ele>
      </trkpt>
      <trkpt lat="43.86661" lon="6.50822">
        <ele>838.9</ele>
      </trkpt>
      <trkpt lat="43.86652" lon="6.5083">
        <ele>837.8</ele>
      </trkpt>
      <trkpt lat="43.8664" lon="6.50838">
        <ele>836.4</ele>
      </trkpt>
      <trkpt lat="43.86629" lon="6.50844">
        <ele>835.3</ele>
      </trkpt>
      <trkpt lat="43.86612" lon="6.50853">
        <ele>833.6</ele>
      </trkpt>
      <trkpt lat="43.86607" lon="6.50856">
        <ele>833.2</ele>
      </trkpt>
      <trkpt lat="43.865789" lon="6.50871">
        <ele>830.8</ele>
      </trkpt>
      <trkpt lat="43.86569" lon="6.50878">
        <ele>829.5</ele>
      </trkpt>
      <trkpt lat="43.86558" lon="6.50886">
        <ele>828.1</ele>
      </trkpt>
      <trkpt lat="43.8655" lon="6.50894">
        <ele>827.3</ele>
      </trkpt>
      <trkpt lat="43.86541" lon="6.50905">
        <ele>826.7</ele>
      </trkpt>
      <trkpt lat="43.86533" lon="6.50914">
        <ele>826.1</ele>
      </trkpt>
      <trkpt lat="43.86527" lon="6.50924">
        <ele>826.2</ele>
      </trkpt>
      <trkpt lat="43.865229" lon="6.50932">
        <ele>826.5</ele>
      </trkpt>
      <trkpt lat="43.8652" lon="6.50938">
        <ele>826.7</ele>
      </trkpt>
      <trkpt lat="43.86513" lon="6.50953">
        <ele>827.2</ele>
      </trkpt>
      <trkpt lat="43.865" lon="6.50983">
        <ele>828.0</ele>
      </trkpt>
      <trkpt lat="43.86494" lon="6.50996">
        <ele>827.8</ele>
      </trkpt>
      <trkpt lat="43.86494" lon="6.50997">
        <ele>827.9</ele>
      </trkpt>
      <trkpt lat="43.8649" lon="6.51003">
        <ele>827.8</ele>
      </trkpt>
      <trkpt lat="43.86487" lon="6.51007">
        <ele>827.8</ele>
      </trkpt>
      <trkpt lat="43.86483" lon="6.51011">
        <ele>827.5</ele>
      </trkpt>
      <trkpt lat="43.8648" lon="6.51014">
        <ele>827.3</ele>
      </trkpt>
      <trkpt lat="43.8646" lon="6.51026">
        <ele>824.5</ele>
      </trkpt>
      <trkpt lat="43.86443" lon="6.51037">
        <ele>822.7</ele>
      </trkpt>
      <trkpt lat="43.86433" lon="6.51044">
        <ele>821.8</ele>
      </trkpt>
      <trkpt lat="43.86432" lon="6.510449">
        <ele>821.8</ele>
      </trkpt>
      <trkpt lat="43.86423" lon="6.51052">
        <ele>821.3</ele>
      </trkpt>
      <trkpt lat="43.86416" lon="6.5106">
        <ele>821.7</ele>
      </trkpt>
      <trkpt lat="43.86406" lon="6.51074">
        <ele>822.4</ele>
      </trkpt>
      <trkpt lat="43.86391" lon="6.51093">
        <ele>823.3</ele>
      </trkpt>
      <trkpt lat="43.86381" lon="6.51105">
        <ele>823.8</ele>
      </trkpt>
      <trkpt lat="43.86378" lon="6.51109">
        <ele>824.1</ele>
      </trkpt>
      <trkpt lat="43.86363" lon="6.51123">
        <ele>823.7</ele>
      </trkpt>
      <trkpt lat="43.86349" lon="6.51138">
        <ele>823.7</ele>
      </trkpt>
      <trkpt lat="43.86346" lon="6.51142">
        <ele>823.9</ele>
      </trkpt>
      <trkpt lat="43.86305" lon="6.51182">
        <ele>822.6</ele>
      </trkpt>
      <trkpt lat="43.86281" lon="6.51206">
        <ele>821.3</ele>
      </trkpt>
      <trkpt lat="43.86264" lon="6.512209">
        <ele>819.6</ele>
      </trkpt>
      <trkpt lat="43.86254" lon="6.51227">
        <ele>818.0</ele>
      </trkpt>
      <trkpt lat="43.86246" lon="6.51232">
        <ele>817.4</ele>
      </trkpt>
      <trkpt lat="43.86236" lon="6.51235">
        <ele>816.9</ele>
      </trkpt>
      <trkpt lat="43.86204" lon="6.51235">
        <ele>813.2</ele>
      </trkpt>
      <trkpt lat="43.8619" lon="6.51235">
        <ele>811.5</ele>
      </trkpt>
      <trkpt lat="43.86172" lon="6.51234">
        <ele>809.2</ele>
      </trkpt>
      <trkpt lat="43.86171" lon="6.51234">
        <ele>809.1</ele>
      </trkpt>
      <trkpt lat="43.86159" lon="6.51234">
        <ele>808.0</ele>
      </trkpt>
      <trkpt lat="43.86149" lon="6.51236">
        <ele>807.8</ele>
      </trkpt>
      <trkpt lat="43.8614" lon="6.51239">
        <ele>807.8</ele>
      </trkpt>
      <trkpt lat="43.86136" lon="6.5124">
        <ele>807.8</ele>
      </trkpt>
      <trkpt lat="43.86131" lon="6.51242">
        <ele>807.8</ele>
      </trkpt>
      <trkpt lat="43.86125" lon="6.51246">
        <ele>808.2</ele>
      </trkpt>
      <trkpt lat="43.861199" lon="6.5125">
        <ele>808.6</ele>
      </trkpt>
      <trkpt lat="43.86104" lon="6.512609">
        <ele>809.5</ele>
      </trkpt>
      <trkpt lat="43.86094" lon="6.51267">
        <ele>809.7</ele>
      </trkpt>
      <trkpt lat="43.86087" lon="6.51269">
        <ele>809.3</ele>
      </trkpt>
      <trkpt lat="43.86078" lon="6.5127">
        <ele>809.5</ele>
      </trkpt>
      <trkpt lat="43.8607" lon="6.5127">
        <ele>810.0</ele>
      </trkpt>
      <trkpt lat="43.86063" lon="6.512679">
        <ele>810.1</ele>
      </trkpt>
      <trkpt lat="43.86053" lon="6.51262">
        <ele>809.9</ele>
      </trkpt>
      <trkpt lat="43.86052" lon="6.512609">
        <ele>809.8</ele>
      </trkpt>
      <trkpt lat="43.86045" lon="6.51255">
        <ele>809.5</ele>
      </trkpt>
      <trkpt lat="43.8604" lon="6.51249">
        <ele>808.9</ele>
      </trkpt>
      <trkpt lat="43.86038" lon="6.51245">
        <ele>808.4</ele>
      </trkpt>
      <trkpt lat="43.86033" lon="6.51236">
        <ele>807.1</ele>
      </trkpt>
      <trkpt lat="43.86021" lon="6.51211">
        <ele>803.5</ele>
      </trkpt>
      <trkpt lat="43.86013" lon="6.51195">
        <ele>801.2</ele>
      </trkpt>
      <trkpt lat="43.86006" lon="6.51186">
        <ele>800.0</ele>
      </trkpt>
      <trkpt lat="43.85999" lon="6.51175">
        <ele>798.6</ele>
      </trkpt>
      <trkpt lat="43.85974" lon="6.51143">
        <ele>796.0</ele>
      </trkpt>
      <trkpt lat="43.85953" lon="6.51118">
        <ele>793.0</ele>
      </trkpt>
      <trkpt lat="43.8595" lon="6.51114">
        <ele>792.4</ele>
      </trkpt>
      <trkpt lat="43.85944" lon="6.51107">
        <ele>791.3</ele>
      </trkpt>
      <trkpt lat="43.85937" lon="6.51101">
        <ele>790.3</ele>
      </trkpt>
      <trkpt lat="43.85928" lon="6.51096">
        <ele>789.6</ele>
      </trkpt>
      <trkpt lat="43.85922" lon="6.51095">
        <ele>789.6</ele>
      </trkpt>
      <trkpt lat="43.85915" lon="6.51094">
        <ele>789.6</ele>
      </trkpt>
      <trkpt lat="43.85897" lon="6.51094">
        <ele>790.2</ele>
      </trkpt>
      <trkpt lat="43.85882" lon="6.51095">
        <ele>790.9</ele>
      </trkpt>
      <trkpt lat="43.85879" lon="6.51096">
        <ele>791.2</ele>
      </trkpt>
      <trkpt lat="43.85861" lon="6.51098">
        <ele>792.2</ele>
      </trkpt>
      <trkpt lat="43.85855" lon="6.510989">
        <ele>792.6</ele>
      </trkpt>
      <trkpt lat="43.85841" lon="6.511">
        <ele>793.2</ele>
      </trkpt>
      <trkpt lat="43.85832" lon="6.510989">
        <ele>793.5</ele>
      </trkpt>
      <trkpt lat="43.85825" lon="6.51097">
        <ele>794.6</ele>
      </trkpt>
      <trkpt lat="43.85824" lon="6.51096">
        <ele>794.6</ele>
      </trkpt>
      <trkpt lat="43.85817" lon="6.510919">
        <ele>795.4</ele>
      </trkpt>
      <trkpt lat="43.85811" lon="6.51086">
        <ele>795.8</ele>
      </trkpt>
      <trkpt lat="43.85806" lon="6.51079">
        <ele>796.0</ele>
      </trkpt>
      <trkpt lat="43.85803" lon="6.5107">
        <ele>795.6</ele>
      </trkpt>
      <trkpt lat="43.85801" lon="6.51063">
        <ele>795.1</ele>
      </trkpt>
      <trkpt lat="43.85801" lon="6.51061">
        <ele>794.9</ele>
      </trkpt>
      <trkpt lat="43.857999" lon="6.5105">
        <ele>793.7</ele>
      </trkpt>
      <trkpt lat="43.857999" lon="6.510379">
        <ele>792.1</ele>
      </trkpt>
      <trkpt lat="43.857999" lon="6.51034">
        <ele>791.6</ele>
      </trkpt>
      <trkpt lat="43.85803" lon="6.51014">
        <ele>788.5</ele>
      </trkpt>
      <trkpt lat="43.85804" lon="6.51011">
        <ele>788.0</ele>
      </trkpt>
      <trkpt lat="43.85804" lon="6.50998">
        <ele>786.2</ele>
      </trkpt>
      <trkpt lat="43.85804" lon="6.50989">
        <ele>784.7</ele>
      </trkpt>
      <trkpt lat="43.85802" lon="6.50981">
        <ele>783.5</ele>
      </trkpt>
      <trkpt lat="43.85802" lon="6.50978">
        <ele>783.0</ele>
      </trkpt>
      <trkpt lat="43.85801" lon="6.50975">
        <ele>782.5</ele>
      </trkpt>
      <trkpt lat="43.85797" lon="6.50969">
        <ele>781.8</ele>
      </trkpt>
      <trkpt lat="43.85793" lon="6.509629">
        <ele>781.1</ele>
      </trkpt>
      <trkpt lat="43.85788" lon="6.50958">
        <ele>780.5</ele>
      </trkpt>
      <trkpt lat="43.85783" lon="6.50954">
        <ele>780.0</ele>
      </trkpt>
      <trkpt lat="43.85781" lon="6.50953">
        <ele>779.9</ele>
      </trkpt>
      <trkpt lat="43.85775" lon="6.5095">
        <ele>779.6</ele>
      </trkpt>
      <trkpt lat="43.85761" lon="6.50946">
        <ele>779.5</ele>
      </trkpt>
      <trkpt lat="43.85746" lon="6.50944">
        <ele>779.2</ele>
      </trkpt>
      <trkpt lat="43.85745" lon="6.50944">
        <ele>779.1</ele>
      </trkpt>
      <trkpt lat="43.85732" lon="6.50942">
        <ele>777.4</ele>
      </trkpt>
      <trkpt lat="43.85723" lon="6.50944">
        <ele>777.1</ele>
      </trkpt>
      <trkpt lat="43.85715" lon="6.50946">
        <ele>776.8</ele>
      </trkpt>
      <trkpt lat="43.85711" lon="6.50949">
        <ele>777.2</ele>
      </trkpt>
      <trkpt lat="43.85703" lon="6.50953">
        <ele>777.4</ele>
      </trkpt>
      <trkpt lat="43.85678" lon="6.509699">
        <ele>778.8</ele>
      </trkpt>
      <trkpt lat="43.85677" lon="6.509699">
        <ele>778.7</ele>
      </trkpt>
      <trkpt lat="43.85671" lon="6.50973">
        <ele>778.7</ele>
      </trkpt>
      <trkpt lat="43.85664" lon="6.50975">
        <ele>778.6</ele>
      </trkpt>
      <trkpt lat="43.85658" lon="6.50974">
        <ele>778.5</ele>
      </trkpt>
      <trkpt lat="43.85653" lon="6.50973">
        <ele>778.3</ele>
      </trkpt>
      <trkpt lat="43.85646" lon="6.509699">
        <ele>777.8</ele>
      </trkpt>
      <trkpt lat="43.8564" lon="6.50965">
        <ele>777.1</ele>
      </trkpt>
      <trkpt lat="43.85637" lon="6.50962">
        <ele>776.7</ele>
      </trkpt>
      <trkpt lat="43.85634" lon="6.50958">
        <ele>776.1</ele>
      </trkpt>
      <trkpt lat="43.85631" lon="6.50951">
        <ele>775.2</ele>
      </trkpt>
      <trkpt lat="43.85629" lon="6.50947">
        <ele>774.6</ele>
      </trkpt>
      <trkpt lat="43.85618" lon="6.509089">
        <ele>770.0</ele>
      </trkpt>
      <trkpt lat="43.85615" lon="6.509">
        <ele>768.9</ele>
      </trkpt>
      <trkpt lat="43.8561" lon="6.50892">
        <ele>768.1</ele>
      </trkpt>
      <trkpt lat="43.85605" lon="6.50886">
        <ele>767.6</ele>
      </trkpt>
      <trkpt lat="43.855939" lon="6.50878">
        <ele>767.4</ele>
      </trkpt>
      <trkpt lat="43.85541" lon="6.5084">
        <ele>764.2</ele>
      </trkpt>
      <trkpt lat="43.85496" lon="6.50807">
        <ele>760.1</ele>
      </trkpt>
      <trkpt lat="43.85487" lon="6.50802">
        <ele>758.9</ele>
      </trkpt>
      <trkpt lat="43.854819" lon="6.508">
        <ele>758.4</ele>
      </trkpt>
      <trkpt lat="43.85475" lon="6.50799">
        <ele>758.0</ele>
      </trkpt>
      <trkpt lat="43.85469" lon="6.508">
        <ele>758.0</ele>
      </trkpt>
      <trkpt lat="43.85468" lon="6.50801">
        <ele>758.1</ele>
      </trkpt>
      <trkpt lat="43.85448" lon="6.50808">
        <ele>758.5</ele>
      </trkpt>
      <trkpt lat="43.85376" lon="6.508409">
        <ele>756.7</ele>
      </trkpt>
      <trkpt lat="43.853499" lon="6.50853">
        <ele>754.3</ele>
      </trkpt>
      <trkpt lat="43.85349" lon="6.50853">
        <ele>754.2</ele>
      </trkpt>
      <trkpt lat="43.8533" lon="6.5086">
        <ele>752.4</ele>
      </trkpt>
      <trkpt lat="43.8533" lon="6.50861">
        <ele>752.5</ele>
      </trkpt>
      <trkpt lat="43.85304" lon="6.50866">
        <ele>751.6</ele>
      </trkpt>
      <trkpt lat="43.85289" lon="6.50865">
        <ele>750.8</ele>
      </trkpt>
      <trkpt lat="43.8527" lon="6.50862">
        <ele>749.7</ele>
      </trkpt>
      <trkpt lat="43.85251" lon="6.508549">
        <ele>748.3</ele>
      </trkpt>
      <trkpt lat="43.85237" lon="6.50849">
        <ele>748.0</ele>
      </trkpt>
      <trkpt lat="43.85208" lon="6.508339">
        <ele>747.0</ele>
      </trkpt>
      <trkpt lat="43.851909" lon="6.50822">
        <ele>746.9</ele>
      </trkpt>
      <trkpt lat="43.85183" lon="6.50817">
        <ele>746.9</ele>
      </trkpt>
      <trkpt lat="43.8517" lon="6.50797">
        <ele>747.0</ele>
      </trkpt>
      <trkpt lat="43.8517" lon="6.50797">
        <ele>747.0</ele>
      </trkpt>
      <trkpt lat="43.8517" lon="6.50795">
        <ele>747.0</ele>
      </trkpt>
      <trkpt lat="43.85171" lon="6.507939">
        <ele>747.0</ele>
      </trkpt>
      <trkpt lat="43.85171" lon="6.50793">
        <ele>746.9</ele>
      </trkpt>
      <trkpt lat="43.85171" lon="6.50791">
        <ele>746.9</ele>
      </trkpt>
      <trkpt lat="43.85171" lon="6.5079">
        <ele>746.9</ele>
      </trkpt>
      <trkpt lat="43.85171" lon="6.50789">
        <ele>746.9</ele>
      </trkpt>
      <trkpt lat="43.85171" lon="6.507869">
        <ele>746.9</ele>
      </trkpt>
      <trkpt lat="43.8517" lon="6.50786">
        <ele>747.0</ele>
      </trkpt>
      <trkpt lat="43.8517" lon="6.50785">
        <ele>747.0</ele>
      </trkpt>
      <trkpt lat="43.8517" lon="6.50784">
        <ele>747.0</ele>
      </trkpt>
      <trkpt lat="43.85169" lon="6.50782">
        <ele>747.0</ele>
      </trkpt>
      <trkpt lat="43.85169" lon="6.50781">
        <ele>747.0</ele>
      </trkpt>
      <trkpt lat="43.85168" lon="6.507799">
        <ele>747.0</ele>
      </trkpt>
      <trkpt lat="43.85168" lon="6.50779">
        <ele>747.0</ele>
      </trkpt>
      <trkpt lat="43.85167" lon="6.50778">
        <ele>747.0</ele>
      </trkpt>
      <trkpt lat="43.85166" lon="6.50777">
        <ele>747.0</ele>
      </trkpt>
      <trkpt lat="43.85165" lon="6.50776">
        <ele>747.0</ele>
      </trkpt>
      <trkpt lat="43.85165" lon="6.50775">
        <ele>747.0</ele>
      </trkpt>
      <trkpt lat="43.85164" lon="6.50774">
        <ele>746.9</ele>
      </trkpt>
      <trkpt lat="43.85163" lon="6.50774">
        <ele>746.9</ele>
      </trkpt>
      <trkpt lat="43.851619" lon="6.507729">
        <ele>746.9</ele>
      </trkpt>
      <trkpt lat="43.85161" lon="6.507729">
        <ele>746.8</ele>
      </trkpt>
      <trkpt lat="43.8516" lon="6.50772">
        <ele>746.8</ele>
      </trkpt>
      <trkpt lat="43.85158" lon="6.50772">
        <ele>746.7</ele>
      </trkpt>
      <trkpt lat="43.85157" lon="6.50772">
        <ele>746.7</ele>
      </trkpt>
      <trkpt lat="43.85156" lon="6.50772">
        <ele>746.7</ele>
      </trkpt>
      <trkpt lat="43.85155" lon="6.50772">
        <ele>746.7</ele>
      </trkpt>
      <trkpt lat="43.85154" lon="6.50772">
        <ele>746.6</ele>
      </trkpt>
      <trkpt lat="43.851529" lon="6.50772">
        <ele>746.6</ele>
      </trkpt>
      <trkpt lat="43.85152" lon="6.50772">
        <ele>746.6</ele>
      </trkpt>
      <trkpt lat="43.85151" lon="6.50772">
        <ele>746.5</ele>
      </trkpt>
      <trkpt lat="43.8515" lon="6.507729">
        <ele>746.5</ele>
      </trkpt>
      <trkpt lat="43.85149" lon="6.50774">
        <ele>746.5</ele>
      </trkpt>
      <trkpt lat="43.85148" lon="6.50774">
        <ele>746.5</ele>
      </trkpt>
      <trkpt lat="43.85147" lon="6.50775">
        <ele>746.4</ele>
      </trkpt>
      <trkpt lat="43.85145" lon="6.50777">
        <ele>746.4</ele>
      </trkpt>
      <trkpt lat="43.851439" lon="6.50778">
        <ele>746.4</ele>
      </trkpt>
      <trkpt lat="43.851439" lon="6.50779">
        <ele>746.4</ele>
      </trkpt>
      <trkpt lat="43.85143" lon="6.50779">
        <ele>746.3</ele>
      </trkpt>
      <trkpt lat="43.85142" lon="6.50781">
        <ele>746.3</ele>
      </trkpt>
      <trkpt lat="43.85142" lon="6.50782">
        <ele>746.3</ele>
      </trkpt>
      <trkpt lat="43.85141" lon="6.50783">
        <ele>746.3</ele>
      </trkpt>
      <trkpt lat="43.85141" lon="6.50784">
        <ele>746.3</ele>
      </trkpt>
      <trkpt lat="43.8514" lon="6.50785">
        <ele>746.3</ele>
      </trkpt>
      <trkpt lat="43.8514" lon="6.50786">
        <ele>746.3</ele>
      </trkpt>
      <trkpt lat="43.8514" lon="6.507869">
        <ele>746.3</ele>
      </trkpt>
      <trkpt lat="43.8514" lon="6.50789">
        <ele>746.3</ele>
      </trkpt>
      <trkpt lat="43.85137" lon="6.50791">
        <ele>746.3</ele>
      </trkpt>
      <trkpt lat="43.85134" lon="6.50792">
        <ele>746.2</ele>
      </trkpt>
      <trkpt lat="43.85125" lon="6.50796">
        <ele>746.1</ele>
      </trkpt>
      <trkpt lat="43.85119" lon="6.50801">
        <ele>746.0</ele>
      </trkpt>
      <trkpt lat="43.85118" lon="6.50802">
        <ele>746.0</ele>
      </trkpt>
      <trkpt lat="43.85112" lon="6.50805">
        <ele>745.9</ele>
      </trkpt>
      <trkpt lat="43.85101" lon="6.50811">
        <ele>745.8</ele>
      </trkpt>
      <trkpt lat="43.8507" lon="6.50826">
        <ele>744.9</ele>
      </trkpt>
      <trkpt lat="43.85021" lon="6.50852">
        <ele>744.1</ele>
      </trkpt>
      <trkpt lat="43.84903" lon="6.509159">
        <ele>736.7</ele>
      </trkpt>
      <trkpt lat="43.84896" lon="6.50922">
        <ele>736.6</ele>
      </trkpt>
      <trkpt lat="43.84887" lon="6.50931">
        <ele>736.5</ele>
      </trkpt>
      <trkpt lat="43.84876" lon="6.50947">
        <ele>736.5</ele>
      </trkpt>
      <trkpt lat="43.84865" lon="6.50968">
        <ele>736.2</ele>
      </trkpt>
      <trkpt lat="43.84855" lon="6.50989">
        <ele>735.4</ele>
      </trkpt>
      <trkpt lat="43.84825" lon="6.5105">
        <ele>732.1</ele>
      </trkpt>
      <trkpt lat="43.8482" lon="6.51059">
        <ele>732.0</ele>
      </trkpt>
      <trkpt lat="43.84812" lon="6.510779">
        <ele>731.8</ele>
      </trkpt>
      <trkpt lat="43.84803" lon="6.510989">
        <ele>732.1</ele>
      </trkpt>
      <trkpt lat="43.84792" lon="6.51128">
        <ele>732.7</ele>
      </trkpt>
      <trkpt lat="43.84788" lon="6.51144">
        <ele>733.2</ele>
      </trkpt>
      <trkpt lat="43.84785" lon="6.51155">
        <ele>733.4</ele>
      </trkpt>
      <trkpt lat="43.84782" lon="6.51163">
        <ele>733.4</ele>
      </trkpt>
      <trkpt lat="43.84773" lon="6.51193">
        <ele>733.9</ele>
      </trkpt>
      <trkpt lat="43.847679" lon="6.51198">
        <ele>733.4</ele>
      </trkpt>
      <trkpt lat="43.84763" lon="6.51201">
        <ele>732.8</ele>
      </trkpt>
      <trkpt lat="43.84755" lon="6.51202">
        <ele>731.5</ele>
      </trkpt>
      <trkpt lat="43.84745" lon="6.51203">
        <ele>730.5</ele>
      </trkpt>
      <trkpt lat="43.84726" lon="6.51206">
        <ele>729.5</ele>
      </trkpt>
      <trkpt lat="43.8472" lon="6.51208">
        <ele>729.2</ele>
      </trkpt>
      <trkpt lat="43.84719" lon="6.51208">
        <ele>729.1</ele>
      </trkpt>
      <trkpt lat="43.84713" lon="6.51211">
        <ele>728.9</ele>
      </trkpt>
      <trkpt lat="43.84708" lon="6.51215">
        <ele>728.7</ele>
      </trkpt>
      <trkpt lat="43.84689" lon="6.51235">
        <ele>728.2</ele>
      </trkpt>
      <trkpt lat="43.84677" lon="6.51246">
        <ele>727.6</ele>
      </trkpt>
      <trkpt lat="43.84668" lon="6.51251">
        <ele>727.1</ele>
      </trkpt>
      <trkpt lat="43.84663" lon="6.51253">
        <ele>726.9</ele>
      </trkpt>
      <trkpt lat="43.84659" lon="6.51254">
        <ele>726.8</ele>
      </trkpt>
      <trkpt lat="43.84654" lon="6.51255">
        <ele>726.7</ele>
      </trkpt>
      <trkpt lat="43.84644" lon="6.51255">
        <ele>726.4</ele>
      </trkpt>
      <trkpt lat="43.84617" lon="6.51249">
        <ele>725.8</ele>
      </trkpt>
      <trkpt lat="43.84617" lon="6.51249">
        <ele>725.8</ele>
      </trkpt>
      <trkpt lat="43.84617" lon="6.51248">
        <ele>725.8</ele>
      </trkpt>
      <trkpt lat="43.84617" lon="6.51247">
        <ele>725.8</ele>
      </trkpt>
      <trkpt lat="43.84617" lon="6.51246">
        <ele>725.7</ele>
      </trkpt>
      <trkpt lat="43.84616" lon="6.51246">
        <ele>725.7</ele>
      </trkpt>
      <trkpt lat="43.84616" lon="6.51245">
        <ele>725.7</ele>
      </trkpt>
      <trkpt lat="43.84616" lon="6.51244">
        <ele>725.7</ele>
      </trkpt>
      <trkpt lat="43.84615" lon="6.51244">
        <ele>725.7</ele>
      </trkpt>
      <trkpt lat="43.84615" lon="6.51243">
        <ele>725.6</ele>
      </trkpt>
      <trkpt lat="43.84615" lon="6.51242">
        <ele>725.6</ele>
      </trkpt>
      <trkpt lat="43.84614" lon="6.51242">
        <ele>725.6</ele>
      </trkpt>
      <trkpt lat="43.84614" lon="6.51241">
        <ele>725.6</ele>
      </trkpt>
      <trkpt lat="43.84613" lon="6.51241">
        <ele>725.6</ele>
      </trkpt>
      <trkpt lat="43.84612" lon="6.51241">
        <ele>725.5</ele>
      </trkpt>
      <trkpt lat="43.84612" lon="6.5124">
        <ele>725.5</ele>
      </trkpt>
      <trkpt lat="43.84611" lon="6.5124">
        <ele>725.5</ele>
      </trkpt>
      <trkpt lat="43.8461" lon="6.5124">
        <ele>725.5</ele>
      </trkpt>
      <trkpt lat="43.846089" lon="6.5124">
        <ele>725.5</ele>
      </trkpt>
      <trkpt lat="43.8461" lon="6.51226">
        <ele>725.3</ele>
      </trkpt>
      <trkpt lat="43.84611" lon="6.51217">
        <ele>725.1</ele>
      </trkpt>
      <trkpt lat="43.84612" lon="6.5119">
        <ele>724.7</ele>
      </trkpt>
      <trkpt lat="43.84613" lon="6.51174">
        <ele>724.5</ele>
      </trkpt>
      <trkpt lat="43.84613" lon="6.511669">
        <ele>724.4</ele>
      </trkpt>
      <trkpt lat="43.84613" lon="6.51166">
        <ele>724.4</ele>
      </trkpt>
      <trkpt lat="43.84614" lon="6.51142">
        <ele>724.2</ele>
      </trkpt>
      <trkpt lat="43.84614" lon="6.51135">
        <ele>724.1</ele>
      </trkpt>
      <trkpt lat="43.84617" lon="6.51077">
        <ele>723.6</ele>
      </trkpt>
      <trkpt lat="43.84619" lon="6.510239">
        <ele>723.6</ele>
      </trkpt>
      <trkpt lat="43.8462" lon="6.50987">
        <ele>723.5</ele>
      </trkpt>
      <trkpt lat="43.84622" lon="6.50952">
        <ele>723.5</ele>
      </trkpt>
      <trkpt lat="43.84622" lon="6.509">
        <ele>723.3</ele>
      </trkpt>
      <trkpt lat="43.84622" lon="6.50876">
        <ele>723.0</ele>
      </trkpt>
      <trkpt lat="43.84623" lon="6.50851">
        <ele>722.7</ele>
      </trkpt>
      <trkpt lat="43.84619" lon="6.50832">
        <ele>722.6</ele>
      </trkpt>
      <trkpt lat="43.84611" lon="6.50797">
        <ele>722.7</ele>
      </trkpt>
      <trkpt lat="43.84606" lon="6.50775">
        <ele>722.7</ele>
      </trkpt>
      <trkpt lat="43.8459" lon="6.50714">
        <ele>722.5</ele>
      </trkpt>
      <trkpt lat="43.84589" lon="6.5071">
        <ele>722.5</ele>
      </trkpt>
      <trkpt lat="43.84585" lon="6.50693">
        <ele>722.3</ele>
      </trkpt>
      <trkpt lat="43.84574" lon="6.50643">
        <ele>722.0</ele>
      </trkpt>
      <trkpt lat="43.84565" lon="6.50607">
        <ele>722.0</ele>
      </trkpt>
      <trkpt lat="43.84556" lon="6.50577">
        <ele>722.0</ele>
      </trkpt>
      <trkpt lat="43.84552" lon="6.50565">
        <ele>722.0</ele>
      </trkpt>
      <trkpt lat="43.84547" lon="6.50551">
        <ele>722.0</ele>
      </trkpt>
      <trkpt lat="43.84533" lon="6.50513">
        <ele>722.0</ele>
      </trkpt>
      <trkpt lat="43.84528" lon="6.50497">
        <ele>722.1</ele>
      </trkpt>
      <trkpt lat="43.84526" lon="6.5049">
        <ele>722.3</ele>
      </trkpt>
      <trkpt lat="43.8452" lon="6.504749">
        <ele>722.8</ele>
      </trkpt>
      <trkpt lat="43.84485" lon="6.5038">
        <ele>722.9</ele>
      </trkpt>
      <trkpt lat="43.84481" lon="6.50371">
        <ele>723.0</ele>
      </trkpt>
      <trkpt lat="43.84479" lon="6.50365">
        <ele>723.0</ele>
      </trkpt>
      <trkpt lat="43.84472" lon="6.50348">
        <ele>723.0</ele>
      </trkpt>
      <trkpt lat="43.84461" lon="6.50324">
        <ele>723.1</ele>
      </trkpt>
      <trkpt lat="43.84458" lon="6.50318">
        <ele>723.1</ele>
      </trkpt>
      <trkpt lat="43.84451" lon="6.50304">
        <ele>722.8</ele>
      </trkpt>
      <trkpt lat="43.8444" lon="6.50283">
        <ele>722.2</ele>
      </trkpt>
      <trkpt lat="43.84419" lon="6.50243">
        <ele>720.8</ele>
      </trkpt>
      <trkpt lat="43.84418" lon="6.5024">
        <ele>721.0</ele>
      </trkpt>
      <trkpt lat="43.84414" lon="6.50233">
        <ele>721.4</ele>
      </trkpt>
      <trkpt lat="43.84407" lon="6.5022">
        <ele>722.2</ele>
      </trkpt>
      <trkpt lat="43.84394" lon="6.50194">
        <ele>723.4</ele>
      </trkpt>
      <trkpt lat="43.84376" lon="6.50159">
        <ele>724.8</ele>
      </trkpt>
      <trkpt lat="43.84372" lon="6.50152">
        <ele>725.4</ele>
      </trkpt>
      <trkpt lat="43.843649" lon="6.50139">
        <ele>726.3</ele>
      </trkpt>
      <trkpt lat="43.84353" lon="6.50117">
        <ele>726.6</ele>
      </trkpt>
      <trkpt lat="43.843359" lon="6.50083">
        <ele>724.8</ele>
      </trkpt>
      <trkpt lat="43.84324" lon="6.50057">
        <ele>725.9</ele>
      </trkpt>
      <trkpt lat="43.84322" lon="6.50054">
        <ele>726.0</ele>
      </trkpt>
      <trkpt lat="43.84319" lon="6.50042">
        <ele>726.8</ele>
      </trkpt>
      <trkpt lat="43.84314" lon="6.50027">
        <ele>727.4</ele>
      </trkpt>
      <trkpt lat="43.8431" lon="6.50005">
        <ele>728.4</ele>
      </trkpt>
      <trkpt lat="43.84305" lon="6.49969">
        <ele>730.4</ele>
      </trkpt>
      <trkpt lat="43.84302" lon="6.49936">
        <ele>732.2</ele>
      </trkpt>
      <trkpt lat="43.84301" lon="6.49932">
        <ele>732.2</ele>
      </trkpt>
      <trkpt lat="43.84299" lon="6.499119">
        <ele>733.4</ele>
      </trkpt>
      <trkpt lat="43.84297" lon="6.49896">
        <ele>735.3</ele>
      </trkpt>
      <trkpt lat="43.84295" lon="6.498789">
        <ele>737.0</ele>
      </trkpt>
      <trkpt lat="43.84294" lon="6.49869">
        <ele>738.1</ele>
      </trkpt>
      <trkpt lat="43.84291" lon="6.49862">
        <ele>737.8</ele>
      </trkpt>
      <trkpt lat="43.84288" lon="6.49855">
        <ele>737.3</ele>
      </trkpt>
      <trkpt lat="43.84284" lon="6.49848">
        <ele>736.2</ele>
      </trkpt>
      <trkpt lat="43.84281" lon="6.49841">
        <ele>735.5</ele>
      </trkpt>
      <trkpt lat="43.84265" lon="6.49809">
        <ele>732.3</ele>
      </trkpt>
      <trkpt lat="43.84261" lon="6.498">
        <ele>731.7</ele>
      </trkpt>
      <trkpt lat="43.84258" lon="6.49793">
        <ele>731.2</ele>
      </trkpt>
      <trkpt lat="43.84251" lon="6.49779">
        <ele>729.7</ele>
      </trkpt>
      <trkpt lat="43.8424" lon="6.49754">
        <ele>731.3</ele>
      </trkpt>
      <trkpt lat="43.84235" lon="6.49741">
        <ele>732.2</ele>
      </trkpt>
      <trkpt lat="43.842329" lon="6.497359">
        <ele>732.5</ele>
      </trkpt>
      <trkpt lat="43.84231" lon="6.49732">
        <ele>732.6</ele>
      </trkpt>
      <trkpt lat="43.84228" lon="6.49726">
        <ele>732.7</ele>
      </trkpt>
      <trkpt lat="43.84226" lon="6.49722">
        <ele>732.8</ele>
      </trkpt>
      <trkpt lat="43.84222" lon="6.49711">
        <ele>733.2</ele>
      </trkpt>
      <trkpt lat="43.842149" lon="6.496959">
        <ele>733.2</ele>
      </trkpt>
      <trkpt lat="43.84213" lon="6.4969">
        <ele>733.3</ele>
      </trkpt>
      <trkpt lat="43.84205" lon="6.49669">
        <ele>733.1</ele>
      </trkpt>
      <trkpt lat="43.84199" lon="6.49656">
        <ele>731.8</ele>
      </trkpt>
      <trkpt lat="43.84193" lon="6.49643">
        <ele>730.3</ele>
      </trkpt>
      <trkpt lat="43.84191" lon="6.49637">
        <ele>729.9</ele>
      </trkpt>
      <trkpt lat="43.84188" lon="6.49631">
        <ele>729.1</ele>
      </trkpt>
      <trkpt lat="43.84185" lon="6.49626">
        <ele>728.3</ele>
      </trkpt>
      <trkpt lat="43.84183" lon="6.49623">
        <ele>727.8</ele>
      </trkpt>
      <trkpt lat="43.841769" lon="6.49615">
        <ele>726.1</ele>
      </trkpt>
      <trkpt lat="43.84165" lon="6.49601">
        <ele>723.0</ele>
      </trkpt>
      <trkpt lat="43.84162" lon="6.49596">
        <ele>722.9</ele>
      </trkpt>
      <trkpt lat="43.84153" lon="6.49587">
        <ele>722.4</ele>
      </trkpt>
      <trkpt lat="43.84148" lon="6.49581">
        <ele>722.5</ele>
      </trkpt>
      <trkpt lat="43.84142" lon="6.495739">
        <ele>723.2</ele>
      </trkpt>
      <trkpt lat="43.84133" lon="6.49565">
        <ele>723.9</ele>
      </trkpt>
      <trkpt lat="43.841299" lon="6.49562">
        <ele>724.1</ele>
      </trkpt>
      <trkpt lat="43.8412" lon="6.49554">
        <ele>724.3</ele>
      </trkpt>
      <trkpt lat="43.84109" lon="6.49545">
        <ele>724.3</ele>
      </trkpt>
      <trkpt lat="43.84107" lon="6.49543">
        <ele>724.3</ele>
      </trkpt>
      <trkpt lat="43.84099" lon="6.49536">
        <ele>724.3</ele>
      </trkpt>
      <trkpt lat="43.84089" lon="6.49526">
        <ele>724.2</ele>
      </trkpt>
      <trkpt lat="43.84075" lon="6.495129">
        <ele>724.1</ele>
      </trkpt>
      <trkpt lat="43.84062" lon="6.495">
        <ele>723.9</ele>
      </trkpt>
      <trkpt lat="43.84062" lon="6.494989">
        <ele>724.2</ele>
      </trkpt>
      <trkpt lat="43.84049" lon="6.494849">
        <ele>725.2</ele>
      </trkpt>
      <trkpt lat="43.840359" lon="6.4947">
        <ele>725.8</ele>
      </trkpt>
      <trkpt lat="43.84029" lon="6.49463">
        <ele>725.6</ele>
      </trkpt>
      <trkpt lat="43.84019" lon="6.494811">
        <ele>720.7</ele>
      </trkpt>
      <trkpt lat="43.84029" lon="6.49463">
        <ele>725.6</ele>
      </trkpt>
      <trkpt lat="43.8402" lon="6.494519">
        <ele>725.4</ele>
      </trkpt>
      <trkpt lat="43.84013" lon="6.494449">
        <ele>724.8</ele>
      </trkpt>
      <trkpt lat="43.83953" lon="6.49385">
        <ele>725.2</ele>
      </trkpt>
      <trkpt lat="43.83947" lon="6.4938">
        <ele>725.0</ele>
      </trkpt>
      <trkpt lat="43.83937" lon="6.49373">
        <ele>724.4</ele>
      </trkpt>
      <trkpt lat="43.83931" lon="6.49369">
        <ele>723.9</ele>
      </trkpt>
      <trkpt lat="43.83926" lon="6.49365">
        <ele>723.6</ele>
      </trkpt>
      <trkpt lat="43.83923" lon="6.493629">
        <ele>723.3</ele>
      </trkpt>
      <trkpt lat="43.83911" lon="6.49355">
        <ele>723.3</ele>
      </trkpt>
      <trkpt lat="43.83896" lon="6.49346">
        <ele>725.5</ele>
      </trkpt>
      <trkpt lat="43.83893" lon="6.49345">
        <ele>725.9</ele>
      </trkpt>
      <trkpt lat="43.83889" lon="6.49343">
        <ele>726.5</ele>
      </trkpt>
      <trkpt lat="43.83884" lon="6.49342">
        <ele>727.0</ele>
      </trkpt>
      <trkpt lat="43.8388" lon="6.49342">
        <ele>727.4</ele>
      </trkpt>
      <trkpt lat="43.83875" lon="6.49342">
        <ele>727.8</ele>
      </trkpt>
      <trkpt lat="43.83871" lon="6.49342">
        <ele>728.2</ele>
      </trkpt>
      <trkpt lat="43.83865" lon="6.49345">
        <ele>728.2</ele>
      </trkpt>
      <trkpt lat="43.83859" lon="6.49349">
        <ele>728.1</ele>
      </trkpt>
      <trkpt lat="43.83851" lon="6.49354">
        <ele>727.9</ele>
      </trkpt>
      <trkpt lat="43.83844" lon="6.49359">
        <ele>727.6</ele>
      </trkpt>
      <trkpt lat="43.8384" lon="6.49362">
        <ele>727.4</ele>
      </trkpt>
      <trkpt lat="43.83837" lon="6.49365">
        <ele>727.1</ele>
      </trkpt>
      <trkpt lat="43.83835" lon="6.49369">
        <ele>726.5</ele>
      </trkpt>
      <trkpt lat="43.83832" lon="6.49373">
        <ele>725.8</ele>
      </trkpt>
      <trkpt lat="43.838299" lon="6.49378">
        <ele>724.9</ele>
      </trkpt>
      <trkpt lat="43.83828" lon="6.49383">
        <ele>723.9</ele>
      </trkpt>
      <trkpt lat="43.83826" lon="6.49388">
        <ele>723.0</ele>
      </trkpt>
      <trkpt lat="43.83824" lon="6.49392">
        <ele>722.1</ele>
      </trkpt>
      <trkpt lat="43.838209" lon="6.49396">
        <ele>721.3</ele>
      </trkpt>
      <trkpt lat="43.83819" lon="6.49398">
        <ele>720.8</ele>
      </trkpt>
      <trkpt lat="43.83816" lon="6.49401">
        <ele>720.1</ele>
      </trkpt>
      <trkpt lat="43.83812" lon="6.49402">
        <ele>719.7</ele>
      </trkpt>
      <trkpt lat="43.83809" lon="6.49404">
        <ele>719.2</ele>
      </trkpt>
      <trkpt lat="43.83807" lon="6.49404">
        <ele>719.1</ele>
      </trkpt>
      <trkpt lat="43.83803" lon="6.49404">
        <ele>718.9</ele>
      </trkpt>
      <trkpt lat="43.838" lon="6.49403">
        <ele>719.0</ele>
      </trkpt>
      <trkpt lat="43.83795" lon="6.49399">
        <ele>719.7</ele>
      </trkpt>
      <trkpt lat="43.8379" lon="6.49395">
        <ele>720.4</ele>
      </trkpt>
      <trkpt lat="43.837829" lon="6.49385">
        <ele>722.5</ele>
      </trkpt>
      <trkpt lat="43.83776" lon="6.49376">
        <ele>724.6</ele>
      </trkpt>
      <trkpt lat="43.83769" lon="6.49366">
        <ele>727.0</ele>
      </trkpt>
      <trkpt lat="43.83761" lon="6.49356">
        <ele>729.6</ele>
      </trkpt>
      <trkpt lat="43.83756" lon="6.4935">
        <ele>731.3</ele>
      </trkpt>
      <trkpt lat="43.83752" lon="6.49344">
        <ele>733.0</ele>
      </trkpt>
      <trkpt lat="43.83747" lon="6.4934">
        <ele>733.7</ele>
      </trkpt>
      <trkpt lat="43.83743" lon="6.49336">
        <ele>734.0</ele>
      </trkpt>
      <trkpt lat="43.83734" lon="6.49328">
        <ele>734.9</ele>
      </trkpt>
      <trkpt lat="43.83732" lon="6.49327">
        <ele>734.9</ele>
      </trkpt>
      <trkpt lat="43.837269" lon="6.493229">
        <ele>735.4</ele>
      </trkpt>
      <trkpt lat="43.8372" lon="6.49318">
        <ele>736.0</ele>
      </trkpt>
      <trkpt lat="43.83712" lon="6.49311">
        <ele>737.2</ele>
      </trkpt>
      <trkpt lat="43.837" lon="6.49303">
        <ele>738.4</ele>
      </trkpt>
      <trkpt lat="43.83697" lon="6.493">
        <ele>739.1</ele>
      </trkpt>
      <trkpt lat="43.83691" lon="6.49298">
        <ele>739.1</ele>
      </trkpt>
      <trkpt lat="43.83686" lon="6.49297">
        <ele>738.8</ele>
      </trkpt>
      <trkpt lat="43.836799" lon="6.49295">
        <ele>738.8</ele>
      </trkpt>
      <trkpt lat="43.83674" lon="6.49293">
        <ele>738.9</ele>
      </trkpt>
      <trkpt lat="43.83669" lon="6.49292">
        <ele>738.7</ele>
      </trkpt>
      <trkpt lat="43.83663" lon="6.4929">
        <ele>739.5</ele>
      </trkpt>
      <trkpt lat="43.83657" lon="6.49289">
        <ele>740.3</ele>
      </trkpt>
      <trkpt lat="43.83652" lon="6.49288">
        <ele>741.0</ele>
      </trkpt>
      <trkpt lat="43.83647" lon="6.49287">
        <ele>741.7</ele>
      </trkpt>
      <trkpt lat="43.836419" lon="6.49287">
        <ele>742.1</ele>
      </trkpt>
      <trkpt lat="43.83637" lon="6.49288">
        <ele>742.0</ele>
      </trkpt>
      <trkpt lat="43.83632" lon="6.49288">
        <ele>742.3</ele>
      </trkpt>
      <trkpt lat="43.83628" lon="6.4929">
        <ele>741.9</ele>
      </trkpt>
      <trkpt lat="43.83623" lon="6.49292">
        <ele>741.5</ele>
      </trkpt>
      <trkpt lat="43.83619" lon="6.49294">
        <ele>741.1</ele>
      </trkpt>
      <trkpt lat="43.83614" lon="6.49298">
        <ele>740.1</ele>
      </trkpt>
      <trkpt lat="43.83613" lon="6.49299">
        <ele>739.8</ele>
      </trkpt>
      <trkpt lat="43.83608" lon="6.49303">
        <ele>738.9</ele>
      </trkpt>
      <trkpt lat="43.83601" lon="6.493089">
        <ele>737.6</ele>
      </trkpt>
      <trkpt lat="43.83592" lon="6.49319">
        <ele>735.3</ele>
      </trkpt>
      <trkpt lat="43.83587" lon="6.493229">
        <ele>734.7</ele>
      </trkpt>
      <trkpt lat="43.83583" lon="6.49325">
        <ele>734.5</ele>
      </trkpt>
      <trkpt lat="43.83579" lon="6.49325">
        <ele>734.2</ele>
      </trkpt>
      <trkpt lat="43.83576" lon="6.49327">
        <ele>733.4</ele>
      </trkpt>
      <trkpt lat="43.83572" lon="6.49328">
        <ele>732.9</ele>
      </trkpt>
      <trkpt lat="43.83566" lon="6.49332">
        <ele>731.5</ele>
      </trkpt>
      <trkpt lat="43.83551" lon="6.4934">
        <ele>729.2</ele>
      </trkpt>
      <trkpt lat="43.83546" lon="6.49342">
        <ele>728.6</ele>
      </trkpt>
      <trkpt lat="43.835389" lon="6.49344">
        <ele>727.9</ele>
      </trkpt>
      <trkpt lat="43.83532" lon="6.49344">
        <ele>727.6</ele>
      </trkpt>
      <trkpt lat="43.83528" lon="6.49344">
        <ele>727.4</ele>
      </trkpt>
      <trkpt lat="43.83524" lon="6.49344">
        <ele>727.2</ele>
      </trkpt>
      <trkpt lat="43.8352" lon="6.49343">
        <ele>727.3</ele>
      </trkpt>
      <trkpt lat="43.83519" lon="6.49343">
        <ele>727.2</ele>
      </trkpt>
      <trkpt lat="43.83513" lon="6.4934">
        <ele>727.5</ele>
      </trkpt>
      <trkpt lat="43.83491" lon="6.49331">
        <ele>726.5</ele>
      </trkpt>
      <trkpt lat="43.83486" lon="6.49328">
        <ele>725.8</ele>
      </trkpt>
      <trkpt lat="43.83482" lon="6.49324">
        <ele>725.3</ele>
      </trkpt>
      <trkpt lat="43.83479" lon="6.49321">
        <ele>724.9</ele>
      </trkpt>
      <trkpt lat="43.83478" lon="6.49318">
        <ele>724.9</ele>
      </trkpt>
      <trkpt lat="43.83477" lon="6.493159">
        <ele>724.8</ele>
      </trkpt>
      <trkpt lat="43.83476" lon="6.49313">
        <ele>724.9</ele>
      </trkpt>
      <trkpt lat="43.83476" lon="6.4931">
        <ele>725.1</ele>
      </trkpt>
      <trkpt lat="43.83475" lon="6.49307">
        <ele>725.1</ele>
      </trkpt>
      <trkpt lat="43.83475" lon="6.49303">
        <ele>725.4</ele>
      </trkpt>
      <trkpt lat="43.83475" lon="6.49298">
        <ele>725.7</ele>
      </trkpt>
      <trkpt lat="43.83476" lon="6.49292">
        <ele>726.4</ele>
      </trkpt>
      <trkpt lat="43.83478" lon="6.49283">
        <ele>727.5</ele>
      </trkpt>
      <trkpt lat="43.83488" lon="6.4925">
        <ele>732.7</ele>
      </trkpt>
      <trkpt lat="43.83489" lon="6.49242">
        <ele>732.4</ele>
      </trkpt>
      <trkpt lat="43.83491" lon="6.49235">
        <ele>732.5</ele>
      </trkpt>
      <trkpt lat="43.83494" lon="6.49228">
        <ele>732.8</ele>
      </trkpt>
      <trkpt lat="43.83496" lon="6.49222">
        <ele>732.9</ele>
      </trkpt>
      <trkpt lat="43.835" lon="6.49214">
        <ele>733.4</ele>
      </trkpt>
      <trkpt lat="43.83503" lon="6.49207">
        <ele>733.9</ele>
      </trkpt>
      <trkpt lat="43.8351" lon="6.49193">
        <ele>735.6</ele>
      </trkpt>
      <trkpt lat="43.83513" lon="6.49186">
        <ele>736.4</ele>
      </trkpt>
      <trkpt lat="43.83516" lon="6.491799">
        <ele>737.3</ele>
      </trkpt>
      <trkpt lat="43.83517" lon="6.49176">
        <ele>737.5</ele>
      </trkpt>
      <trkpt lat="43.83519" lon="6.49171">
        <ele>738.1</ele>
      </trkpt>
      <trkpt lat="43.83519" lon="6.49167">
        <ele>738.0</ele>
      </trkpt>
      <trkpt lat="43.83519" lon="6.49163">
        <ele>737.9</ele>
      </trkpt>
      <trkpt lat="43.83519" lon="6.49157">
        <ele>737.7</ele>
      </trkpt>
      <trkpt lat="43.83518" lon="6.49153">
        <ele>737.2</ele>
      </trkpt>
      <trkpt lat="43.83518" lon="6.49148">
        <ele>737.1</ele>
      </trkpt>
      <trkpt lat="43.83517" lon="6.49142">
        <ele>736.5</ele>
      </trkpt>
      <trkpt lat="43.83516" lon="6.49134">
        <ele>735.9</ele>
      </trkpt>
      <trkpt lat="43.83514" lon="6.49124">
        <ele>734.9</ele>
      </trkpt>
      <trkpt lat="43.83512" lon="6.49115">
        <ele>733.9</ele>
      </trkpt>
      <trkpt lat="43.83508" lon="6.491">
        <ele>732.1</ele>
      </trkpt>
      <trkpt lat="43.83499" lon="6.490649">
        <ele>729.0</ele>
      </trkpt>
      <trkpt lat="43.83496" lon="6.49053">
        <ele>728.4</ele>
      </trkpt>
      <trkpt lat="43.83494" lon="6.49043">
        <ele>728.1</ele>
      </trkpt>
      <trkpt lat="43.83493" lon="6.49039">
        <ele>728.0</ele>
      </trkpt>
      <trkpt lat="43.83493" lon="6.49035">
        <ele>728.1</ele>
      </trkpt>
      <trkpt lat="43.83493" lon="6.49029">
        <ele>728.2</ele>
      </trkpt>
      <trkpt lat="43.834919" lon="6.49025">
        <ele>728.1</ele>
      </trkpt>
      <trkpt lat="43.834919" lon="6.4902">
        <ele>728.2</ele>
      </trkpt>
      <trkpt lat="43.83493" lon="6.49017">
        <ele>728.4</ele>
      </trkpt>
      <trkpt lat="43.83493" lon="6.49014">
        <ele>728.5</ele>
      </trkpt>
      <trkpt lat="43.83494" lon="6.4901">
        <ele>728.7</ele>
      </trkpt>
      <trkpt lat="43.83496" lon="6.49005">
        <ele>729.2</ele>
      </trkpt>
      <trkpt lat="43.83496" lon="6.49003">
        <ele>729.2</ele>
      </trkpt>
      <trkpt lat="43.83498" lon="6.48998">
        <ele>729.6</ele>
      </trkpt>
      <trkpt lat="43.83502" lon="6.48991">
        <ele>730.0</ele>
      </trkpt>
      <trkpt lat="43.83508" lon="6.48985">
        <ele>730.7</ele>
      </trkpt>
      <trkpt lat="43.83518" lon="6.48973">
        <ele>731.8</ele>
      </trkpt>
      <trkpt lat="43.83528" lon="6.48964">
        <ele>732.8</ele>
      </trkpt>
      <trkpt lat="43.83533" lon="6.48958">
        <ele>733.2</ele>
      </trkpt>
      <trkpt lat="43.83535" lon="6.48954">
        <ele>733.3</ele>
      </trkpt>
      <trkpt lat="43.83538" lon="6.489499">
        <ele>733.5</ele>
      </trkpt>
      <trkpt lat="43.8354" lon="6.48944">
        <ele>733.4</ele>
      </trkpt>
      <trkpt lat="43.83542" lon="6.4894">
        <ele>733.4</ele>
      </trkpt>
      <trkpt lat="43.83544" lon="6.48934">
        <ele>733.3</ele>
      </trkpt>
      <trkpt lat="43.83544" lon="6.48928">
        <ele>733.0</ele>
      </trkpt>
      <trkpt lat="43.83544" lon="6.48924">
        <ele>732.7</ele>
      </trkpt>
      <trkpt lat="43.83543" lon="6.48917">
        <ele>732.2</ele>
      </trkpt>
      <trkpt lat="43.83537" lon="6.48893">
        <ele>732.5</ele>
      </trkpt>
      <trkpt lat="43.83532" lon="6.48871">
        <ele>732.5</ele>
      </trkpt>
      <trkpt lat="43.83529" lon="6.48853">
        <ele>732.4</ele>
      </trkpt>
      <trkpt lat="43.83528" lon="6.4885">
        <ele>732.3</ele>
      </trkpt>
      <trkpt lat="43.83526" lon="6.48834">
        <ele>732.2</ele>
      </trkpt>
      <trkpt lat="43.83522" lon="6.4881">
        <ele>733.0</ele>
      </trkpt>
      <trkpt lat="43.835209" lon="6.48802">
        <ele>733.3</ele>
      </trkpt>
      <trkpt lat="43.8352" lon="6.48796">
        <ele>733.4</ele>
      </trkpt>
      <trkpt lat="43.83517" lon="6.48783">
        <ele>733.2</ele>
      </trkpt>
      <trkpt lat="43.8351" lon="6.48763">
        <ele>731.7</ele>
      </trkpt>
      <trkpt lat="43.83508" lon="6.48755">
        <ele>731.3</ele>
      </trkpt>
      <trkpt lat="43.83505" lon="6.48744">
        <ele>730.0</ele>
      </trkpt>
      <trkpt lat="43.83502" lon="6.48729">
        <ele>728.2</ele>
      </trkpt>
      <trkpt lat="43.83502" lon="6.48723">
        <ele>727.9</ele>
      </trkpt>
      <trkpt lat="43.83502" lon="6.48717">
        <ele>727.7</ele>
      </trkpt>
      <trkpt lat="43.83503" lon="6.487059">
        <ele>727.8</ele>
      </trkpt>
      <trkpt lat="43.83504" lon="6.48696">
        <ele>727.9</ele>
      </trkpt>
      <trkpt lat="43.83508" lon="6.48676">
        <ele>729.2</ele>
      </trkpt>
      <trkpt lat="43.83511" lon="6.48658">
        <ele>729.4</ele>
      </trkpt>
      <trkpt lat="43.83512" lon="6.48656">
        <ele>729.6</ele>
      </trkpt>
      <trkpt lat="43.83517" lon="6.48633">
        <ele>729.4</ele>
      </trkpt>
      <trkpt lat="43.835209" lon="6.48619">
        <ele>729.6</ele>
      </trkpt>
      <trkpt lat="43.83523" lon="6.48615">
        <ele>730.1</ele>
      </trkpt>
      <trkpt lat="43.83524" lon="6.48611">
        <ele>730.0</ele>
      </trkpt>
      <trkpt lat="43.83526" lon="6.48608">
        <ele>730.5</ele>
      </trkpt>
      <trkpt lat="43.83528" lon="6.48604">
        <ele>730.9</ele>
      </trkpt>
      <trkpt lat="43.83529" lon="6.48602">
        <ele>731.1</ele>
      </trkpt>
      <trkpt lat="43.83532" lon="6.48599">
        <ele>732.0</ele>
      </trkpt>
      <trkpt lat="43.83537" lon="6.48595">
        <ele>733.6</ele>
      </trkpt>
      <trkpt lat="43.83543" lon="6.4859">
        <ele>735.4</ele>
      </trkpt>
      <trkpt lat="43.83546" lon="6.48587">
        <ele>736.3</ele>
      </trkpt>
      <trkpt lat="43.83549" lon="6.48583">
        <ele>737.0</ele>
      </trkpt>
      <trkpt lat="43.83551" lon="6.4858">
        <ele>737.9</ele>
      </trkpt>
      <trkpt lat="43.83553" lon="6.485769">
        <ele>738.7</ele>
      </trkpt>
      <trkpt lat="43.83554" lon="6.48574">
        <ele>739.2</ele>
      </trkpt>
      <trkpt lat="43.83554" lon="6.48571">
        <ele>739.3</ele>
      </trkpt>
      <trkpt lat="43.83555" lon="6.48568">
        <ele>739.7</ele>
      </trkpt>
      <trkpt lat="43.83556" lon="6.48565">
        <ele>740.2</ele>
      </trkpt>
      <trkpt lat="43.83556" lon="6.4856">
        <ele>740.3</ele>
      </trkpt>
      <trkpt lat="43.83556" lon="6.48557">
        <ele>740.4</ele>
      </trkpt>
      <trkpt lat="43.83556" lon="6.48556">
        <ele>740.4</ele>
      </trkpt>
      <trkpt lat="43.83555" lon="6.48546">
        <ele>740.2</ele>
      </trkpt>
      <trkpt lat="43.83552" lon="6.48532">
        <ele>739.1</ele>
      </trkpt>
      <trkpt lat="43.83547" lon="6.485089">
        <ele>737.3</ele>
      </trkpt>
      <trkpt lat="43.83545" lon="6.48497">
        <ele>737.0</ele>
      </trkpt>
      <trkpt lat="43.83541" lon="6.4848">
        <ele>738.0</ele>
      </trkpt>
      <trkpt lat="43.83538" lon="6.48466">
        <ele>738.9</ele>
      </trkpt>
      <trkpt lat="43.83534" lon="6.48449">
        <ele>740.1</ele>
      </trkpt>
      <trkpt lat="43.83528" lon="6.4843">
        <ele>740.8</ele>
      </trkpt>
      <trkpt lat="43.83523" lon="6.48419">
        <ele>740.7</ele>
      </trkpt>
      <trkpt lat="43.83519" lon="6.48412">
        <ele>740.7</ele>
      </trkpt>
      <trkpt lat="43.83516" lon="6.48406">
        <ele>741.1</ele>
      </trkpt>
      <trkpt lat="43.83513" lon="6.484">
        <ele>741.4</ele>
      </trkpt>
      <trkpt lat="43.83509" lon="6.48395">
        <ele>741.1</ele>
      </trkpt>
      <trkpt lat="43.83505" lon="6.48391">
        <ele>740.5</ele>
      </trkpt>
      <trkpt lat="43.83496" lon="6.48382">
        <ele>739.4</ele>
      </trkpt>
      <trkpt lat="43.83493" lon="6.48378">
        <ele>739.4</ele>
      </trkpt>
      <trkpt lat="43.83488" lon="6.48375">
        <ele>738.4</ele>
      </trkpt>
      <trkpt lat="43.834829" lon="6.48371">
        <ele>737.6</ele>
      </trkpt>
      <trkpt lat="43.83478" lon="6.48367">
        <ele>736.9</ele>
      </trkpt>
      <trkpt lat="43.83472" lon="6.48362">
        <ele>735.9</ele>
      </trkpt>
      <trkpt lat="43.83467" lon="6.48357">
        <ele>735.3</ele>
      </trkpt>
      <trkpt lat="43.83463" lon="6.48351">
        <ele>735.3</ele>
      </trkpt>
      <trkpt lat="43.83459" lon="6.48345">
        <ele>735.2</ele>
      </trkpt>
      <trkpt lat="43.83455" lon="6.48338">
        <ele>735.2</ele>
      </trkpt>
      <trkpt lat="43.83449" lon="6.483259">
        <ele>737.2</ele>
      </trkpt>
      <trkpt lat="43.83443" lon="6.48317">
        <ele>738.8</ele>
      </trkpt>
      <trkpt lat="43.83442" lon="6.48316">
        <ele>738.9</ele>
      </trkpt>
      <trkpt lat="43.83437" lon="6.4831">
        <ele>739.7</ele>
      </trkpt>
      <trkpt lat="43.83432" lon="6.48304">
        <ele>740.5</ele>
      </trkpt>
      <trkpt lat="43.83429" lon="6.48301">
        <ele>740.7</ele>
      </trkpt>
      <trkpt lat="43.83422" lon="6.48295">
        <ele>740.9</ele>
      </trkpt>
      <trkpt lat="43.83415" lon="6.48289">
        <ele>741.3</ele>
      </trkpt>
      <trkpt lat="43.834069" lon="6.48284">
        <ele>741.4</ele>
      </trkpt>
      <trkpt lat="43.833799" lon="6.4827">
        <ele>739.8</ele>
      </trkpt>
      <trkpt lat="43.83353" lon="6.48253">
        <ele>738.1</ele>
      </trkpt>
      <trkpt lat="43.8334" lon="6.48243">
        <ele>736.5</ele>
      </trkpt>
      <trkpt lat="43.83335" lon="6.48238">
        <ele>735.9</ele>
      </trkpt>
      <trkpt lat="43.83329" lon="6.48232">
        <ele>735.0</ele>
      </trkpt>
      <trkpt lat="43.83325" lon="6.48226">
        <ele>734.7</ele>
      </trkpt>
      <trkpt lat="43.8332" lon="6.4822">
        <ele>734.1</ele>
      </trkpt>
      <trkpt lat="43.83319" lon="6.48219">
        <ele>733.9</ele>
      </trkpt>
      <trkpt lat="43.83313" lon="6.48209">
        <ele>733.6</ele>
      </trkpt>
      <trkpt lat="43.83309" lon="6.48201">
        <ele>733.5</ele>
      </trkpt>
      <trkpt lat="43.833039" lon="6.4819">
        <ele>733.7</ele>
      </trkpt>
      <trkpt lat="43.83298" lon="6.48173">
        <ele>734.3</ele>
      </trkpt>
      <trkpt lat="43.83293" lon="6.48154">
        <ele>734.8</ele>
      </trkpt>
      <trkpt lat="43.8329" lon="6.481429">
        <ele>734.8</ele>
      </trkpt>
      <trkpt lat="43.8329" lon="6.48139">
        <ele>735.2</ele>
      </trkpt>
      <trkpt lat="43.83289" lon="6.48131">
        <ele>735.7</ele>
      </trkpt>
      <trkpt lat="43.83289" lon="6.48124">
        <ele>736.4</ele>
      </trkpt>
      <trkpt lat="43.83288" lon="6.48117">
        <ele>736.8</ele>
      </trkpt>
      <trkpt lat="43.83287" lon="6.48109">
        <ele>737.3</ele>
      </trkpt>
      <trkpt lat="43.83287" lon="6.48101">
        <ele>738.1</ele>
      </trkpt>
      <trkpt lat="43.832859" lon="6.48094">
        <ele>738.5</ele>
      </trkpt>
      <trkpt lat="43.83284" lon="6.48087">
        <ele>738.6</ele>
      </trkpt>
      <trkpt lat="43.83283" lon="6.4808">
        <ele>738.9</ele>
      </trkpt>
      <trkpt lat="43.8328" lon="6.48071">
        <ele>738.7</ele>
      </trkpt>
      <trkpt lat="43.83276" lon="6.48062">
        <ele>738.1</ele>
      </trkpt>
      <trkpt lat="43.8327" lon="6.48048">
        <ele>737.2</ele>
      </trkpt>
      <trkpt lat="43.83259" lon="6.48026">
        <ele>735.6</ele>
      </trkpt>
      <trkpt lat="43.83255" lon="6.48017">
        <ele>735.1</ele>
      </trkpt>
      <trkpt lat="43.83218" lon="6.47948">
        <ele>731.8</ele>
      </trkpt>
      <trkpt lat="43.83215" lon="6.47941">
        <ele>731.7</ele>
      </trkpt>
      <trkpt lat="43.83212" lon="6.47933">
        <ele>731.6</ele>
      </trkpt>
      <trkpt lat="43.83209" lon="6.47924">
        <ele>731.7</ele>
      </trkpt>
      <trkpt lat="43.83207" lon="6.479199">
        <ele>731.5</ele>
      </trkpt>
      <trkpt lat="43.83206" lon="6.479129">
        <ele>731.8</ele>
      </trkpt>
      <trkpt lat="43.83205" lon="6.47902">
        <ele>732.0</ele>
      </trkpt>
      <trkpt lat="43.83204" lon="6.47893">
        <ele>732.2</ele>
      </trkpt>
      <trkpt lat="43.83204" lon="6.47884">
        <ele>732.7</ele>
      </trkpt>
      <trkpt lat="43.83205" lon="6.47874">
        <ele>733.8</ele>
      </trkpt>
      <trkpt lat="43.83206" lon="6.47864">
        <ele>734.9</ele>
      </trkpt>
      <trkpt lat="43.83206" lon="6.47862">
        <ele>735.0</ele>
      </trkpt>
      <trkpt lat="43.83206" lon="6.47856">
        <ele>735.4</ele>
      </trkpt>
      <trkpt lat="43.83206" lon="6.47851">
        <ele>735.8</ele>
      </trkpt>
      <trkpt lat="43.83204" lon="6.47843">
        <ele>735.3</ele>
      </trkpt>
      <trkpt lat="43.832009" lon="6.47835">
        <ele>734.4</ele>
      </trkpt>
      <trkpt lat="43.83196" lon="6.47824">
        <ele>732.9</ele>
      </trkpt>
      <trkpt lat="43.83193" lon="6.47815">
        <ele>732.2</ele>
      </trkpt>
      <trkpt lat="43.83191" lon="6.47805">
        <ele>732.0</ele>
      </trkpt>
      <trkpt lat="43.83189" lon="6.47796">
        <ele>731.8</ele>
      </trkpt>
      <trkpt lat="43.83188" lon="6.47786">
        <ele>732.1</ele>
      </trkpt>
      <trkpt lat="43.83187" lon="6.47778">
        <ele>732.2</ele>
      </trkpt>
      <trkpt lat="43.83185" lon="6.47772">
        <ele>731.7</ele>
      </trkpt>
      <trkpt lat="43.831829" lon="6.47762">
        <ele>731.5</ele>
      </trkpt>
      <trkpt lat="43.831629" lon="6.47699">
        <ele>725.2</ele>
      </trkpt>
      <trkpt lat="43.8316" lon="6.47687">
        <ele>724.8</ele>
      </trkpt>
      <trkpt lat="43.83157" lon="6.47677">
        <ele>724.3</ele>
      </trkpt>
      <trkpt lat="43.83156" lon="6.47665">
        <ele>724.5</ele>
      </trkpt>
      <trkpt lat="43.83155" lon="6.47654">
        <ele>724.8</ele>
      </trkpt>
      <trkpt lat="43.83155" lon="6.47643">
        <ele>725.5</ele>
      </trkpt>
      <trkpt lat="43.83155" lon="6.47632">
        <ele>726.2</ele>
      </trkpt>
      <trkpt lat="43.83155" lon="6.47622">
        <ele>726.8</ele>
      </trkpt>
      <trkpt lat="43.831539" lon="6.47613">
        <ele>727.0</ele>
      </trkpt>
      <trkpt lat="43.83152" lon="6.47606">
        <ele>726.7</ele>
      </trkpt>
      <trkpt lat="43.8315" lon="6.47598">
        <ele>726.5</ele>
      </trkpt>
      <trkpt lat="43.83143" lon="6.47581">
        <ele>725.3</ele>
      </trkpt>
      <trkpt lat="43.83138" lon="6.47566">
        <ele>725.0</ele>
      </trkpt>
      <trkpt lat="43.83131" lon="6.47541">
        <ele>724.7</ele>
      </trkpt>
      <trkpt lat="43.83128" lon="6.47524">
        <ele>725.1</ele>
      </trkpt>
      <trkpt lat="43.83126" lon="6.4751">
        <ele>725.5</ele>
      </trkpt>
      <trkpt lat="43.83122" lon="6.474789">
        <ele>726.1</ele>
      </trkpt>
      <trkpt lat="43.8312" lon="6.47453">
        <ele>726.8</ele>
      </trkpt>
      <trkpt lat="43.8312" lon="6.47442">
        <ele>727.5</ele>
      </trkpt>
      <trkpt lat="43.83119" lon="6.47431">
        <ele>727.7</ele>
      </trkpt>
      <trkpt lat="43.831159" lon="6.47412">
        <ele>728.2</ele>
      </trkpt>
      <trkpt lat="43.83115" lon="6.47405">
        <ele>729.1</ele>
      </trkpt>
      <trkpt lat="43.83113" lon="6.47398">
        <ele>729.5</ele>
      </trkpt>
      <trkpt lat="43.8311" lon="6.47391">
        <ele>729.6</ele>
      </trkpt>
      <trkpt lat="43.831069" lon="6.47384">
        <ele>729.7</ele>
      </trkpt>
      <trkpt lat="43.83104" lon="6.47379">
        <ele>729.4</ele>
      </trkpt>
      <trkpt lat="43.83102" lon="6.47376">
        <ele>729.2</ele>
      </trkpt>
      <trkpt lat="43.830979" lon="6.47371">
        <ele>728.6</ele>
      </trkpt>
      <trkpt lat="43.83093" lon="6.47367">
        <ele>727.3</ele>
      </trkpt>
      <trkpt lat="43.83086" lon="6.47361">
        <ele>725.7</ele>
      </trkpt>
      <trkpt lat="43.8307" lon="6.47345">
        <ele>724.1</ele>
      </trkpt>
      <trkpt lat="43.83062" lon="6.47337">
        <ele>723.2</ele>
      </trkpt>
      <trkpt lat="43.83054" lon="6.47328">
        <ele>722.1</ele>
      </trkpt>
      <trkpt lat="43.83052" lon="6.47324">
        <ele>721.9</ele>
      </trkpt>
      <trkpt lat="43.83048" lon="6.47318">
        <ele>721.3</ele>
      </trkpt>
      <trkpt lat="43.83046" lon="6.47311">
        <ele>721.4</ele>
      </trkpt>
      <trkpt lat="43.83043" lon="6.47304">
        <ele>721.2</ele>
      </trkpt>
      <trkpt lat="43.83041" lon="6.472959">
        <ele>721.4</ele>
      </trkpt>
      <trkpt lat="43.83039" lon="6.472889">
        <ele>721.5</ele>
      </trkpt>
      <trkpt lat="43.83038" lon="6.472819">
        <ele>721.9</ele>
      </trkpt>
      <trkpt lat="43.83035" lon="6.47274">
        <ele>721.8</ele>
      </trkpt>
      <trkpt lat="43.83032" lon="6.47267">
        <ele>721.6</ele>
      </trkpt>
      <trkpt lat="43.83029" lon="6.47259">
        <ele>721.5</ele>
      </trkpt>
      <trkpt lat="43.83026" lon="6.47254">
        <ele>721.1</ele>
      </trkpt>
      <trkpt lat="43.83023" lon="6.47246">
        <ele>721.2</ele>
      </trkpt>
      <trkpt lat="43.83022" lon="6.47244">
        <ele>721.2</ele>
      </trkpt>
      <trkpt lat="43.8302" lon="6.47237">
        <ele>721.7</ele>
      </trkpt>
      <trkpt lat="43.83018" lon="6.4723">
        <ele>722.2</ele>
      </trkpt>
      <trkpt lat="43.83016" lon="6.47222">
        <ele>722.8</ele>
      </trkpt>
      <trkpt lat="43.83016" lon="6.472209">
        <ele>722.9</ele>
      </trkpt>
      <trkpt lat="43.83015" lon="6.472139">
        <ele>723.7</ele>
      </trkpt>
      <trkpt lat="43.830129" lon="6.47207">
        <ele>724.1</ele>
      </trkpt>
      <trkpt lat="43.83011" lon="6.47202">
        <ele>724.2</ele>
      </trkpt>
      <trkpt lat="43.83009" lon="6.47198">
        <ele>724.2</ele>
      </trkpt>
      <trkpt lat="43.83007" lon="6.47194">
        <ele>724.2</ele>
      </trkpt>
      <trkpt lat="43.830039" lon="6.4719">
        <ele>723.9</ele>
      </trkpt>
      <trkpt lat="43.83001" lon="6.47187">
        <ele>723.4</ele>
      </trkpt>
      <trkpt lat="43.82998" lon="6.47183">
        <ele>723.1</ele>
      </trkpt>
      <trkpt lat="43.82988" lon="6.471739">
        <ele>721.7</ele>
      </trkpt>
      <trkpt lat="43.82982" lon="6.47168">
        <ele>720.9</ele>
      </trkpt>
      <trkpt lat="43.82975" lon="6.47161">
        <ele>720.3</ele>
      </trkpt>
      <trkpt lat="43.82971" lon="6.47157">
        <ele>720.0</ele>
      </trkpt>
      <trkpt lat="43.82967" lon="6.47151">
        <ele>720.0</ele>
      </trkpt>
      <trkpt lat="43.82959" lon="6.47137">
        <ele>720.1</ele>
      </trkpt>
      <trkpt lat="43.82956" lon="6.47132">
        <ele>720.0</ele>
      </trkpt>
      <trkpt lat="43.82951" lon="6.471199">
        <ele>720.3</ele>
      </trkpt>
      <trkpt lat="43.82947" lon="6.47111">
        <ele>720.3</ele>
      </trkpt>
      <trkpt lat="43.82946" lon="6.47109">
        <ele>720.3</ele>
      </trkpt>
      <trkpt lat="43.82941" lon="6.47097">
        <ele>720.2</ele>
      </trkpt>
      <trkpt lat="43.82933" lon="6.4707">
        <ele>720.4</ele>
      </trkpt>
      <trkpt lat="43.82921" lon="6.47034">
        <ele>719.3</ele>
      </trkpt>
      <trkpt lat="43.829099" lon="6.46997">
        <ele>719.1</ele>
      </trkpt>
      <trkpt lat="43.82909" lon="6.469909">
        <ele>718.9</ele>
      </trkpt>
      <trkpt lat="43.82906" lon="6.469769">
        <ele>718.3</ele>
      </trkpt>
      <trkpt lat="43.82905" lon="6.46958">
        <ele>718.4</ele>
      </trkpt>
      <trkpt lat="43.82905" lon="6.46949">
        <ele>718.6</ele>
      </trkpt>
      <trkpt lat="43.82907" lon="6.46939">
        <ele>719.3</ele>
      </trkpt>
      <trkpt lat="43.82908" lon="6.46928">
        <ele>719.7</ele>
      </trkpt>
      <trkpt lat="43.829099" lon="6.46917">
        <ele>720.4</ele>
      </trkpt>
      <trkpt lat="43.82914" lon="6.46897">
        <ele>720.3</ele>
      </trkpt>
      <trkpt lat="43.82915" lon="6.46885">
        <ele>719.8</ele>
      </trkpt>
      <trkpt lat="43.82916" lon="6.46879">
        <ele>719.6</ele>
      </trkpt>
      <trkpt lat="43.82915" lon="6.46875">
        <ele>719.2</ele>
      </trkpt>
      <trkpt lat="43.82915" lon="6.46871">
        <ele>719.0</ele>
      </trkpt>
      <trkpt lat="43.82915" lon="6.46865">
        <ele>718.6</ele>
      </trkpt>
      <trkpt lat="43.82914" lon="6.4686">
        <ele>718.2</ele>
      </trkpt>
      <trkpt lat="43.82912" lon="6.46853">
        <ele>717.4</ele>
      </trkpt>
      <trkpt lat="43.829099" lon="6.468479">
        <ele>716.9</ele>
      </trkpt>
      <trkpt lat="43.82902" lon="6.46821">
        <ele>715.2</ele>
      </trkpt>
      <trkpt lat="43.82894" lon="6.46797">
        <ele>714.4</ele>
      </trkpt>
      <trkpt lat="43.828919" lon="6.46785">
        <ele>714.3</ele>
      </trkpt>
      <trkpt lat="43.82891" lon="6.46777">
        <ele>714.3</ele>
      </trkpt>
      <trkpt lat="43.82891" lon="6.46767">
        <ele>714.4</ele>
      </trkpt>
      <trkpt lat="43.828919" lon="6.46753">
        <ele>714.7</ele>
      </trkpt>
      <trkpt lat="43.82896" lon="6.46729">
        <ele>714.8</ele>
      </trkpt>
      <trkpt lat="43.829" lon="6.46711">
        <ele>715.1</ele>
      </trkpt>
      <trkpt lat="43.82908" lon="6.46671">
        <ele>716.1</ele>
      </trkpt>
      <trkpt lat="43.82909" lon="6.46666">
        <ele>716.3</ele>
      </trkpt>
      <trkpt lat="43.82909" lon="6.46659">
        <ele>716.7</ele>
      </trkpt>
      <trkpt lat="43.82908" lon="6.46655">
        <ele>716.8</ele>
      </trkpt>
      <trkpt lat="43.82907" lon="6.46651">
        <ele>716.8</ele>
      </trkpt>
      <trkpt lat="43.82903" lon="6.46642">
        <ele>716.3</ele>
      </trkpt>
      <trkpt lat="43.82889" lon="6.4661">
        <ele>714.0</ele>
      </trkpt>
      <trkpt lat="43.82884" lon="6.46596">
        <ele>713.0</ele>
      </trkpt>
      <trkpt lat="43.82878" lon="6.46582">
        <ele>711.5</ele>
      </trkpt>
      <trkpt lat="43.8287" lon="6.46562">
        <ele>709.1</ele>
      </trkpt>
      <trkpt lat="43.82869" lon="6.46559">
        <ele>708.8</ele>
      </trkpt>
      <trkpt lat="43.82867" lon="6.46553">
        <ele>708.2</ele>
      </trkpt>
      <trkpt lat="43.82865" lon="6.46547">
        <ele>707.6</ele>
      </trkpt>
      <trkpt lat="43.82865" lon="6.46542">
        <ele>707.6</ele>
      </trkpt>
      <trkpt lat="43.82864" lon="6.46538">
        <ele>707.3</ele>
      </trkpt>
      <trkpt lat="43.82864" lon="6.46531">
        <ele>707.4</ele>
      </trkpt>
      <trkpt lat="43.82864" lon="6.46519">
        <ele>707.5</ele>
      </trkpt>
      <trkpt lat="43.82864" lon="6.46514">
        <ele>707.6</ele>
      </trkpt>
      <trkpt lat="43.82865" lon="6.46501">
        <ele>708.0</ele>
      </trkpt>
      <trkpt lat="43.82866" lon="6.464889">
        <ele>708.6</ele>
      </trkpt>
      <trkpt lat="43.82867" lon="6.46479">
        <ele>709.2</ele>
      </trkpt>
      <trkpt lat="43.82868" lon="6.46464">
        <ele>709.9</ele>
      </trkpt>
      <trkpt lat="43.8287" lon="6.46432">
        <ele>711.4</ele>
      </trkpt>
      <trkpt lat="43.8287" lon="6.46424">
        <ele>711.6</ele>
      </trkpt>
      <trkpt lat="43.8287" lon="6.46415">
        <ele>711.9</ele>
      </trkpt>
      <trkpt lat="43.82869" lon="6.4641">
        <ele>711.9</ele>
      </trkpt>
      <trkpt lat="43.82868" lon="6.46405">
        <ele>711.8</ele>
      </trkpt>
      <trkpt lat="43.82866" lon="6.46399">
        <ele>711.6</ele>
      </trkpt>
      <trkpt lat="43.828629" lon="6.46393">
        <ele>711.0</ele>
      </trkpt>
      <trkpt lat="43.82862" lon="6.46392">
        <ele>710.7</ele>
      </trkpt>
      <trkpt lat="43.82856" lon="6.46385">
        <ele>709.3</ele>
      </trkpt>
      <trkpt lat="43.82838" lon="6.46362">
        <ele>705.7</ele>
      </trkpt>
      <trkpt lat="43.82835" lon="6.46358">
        <ele>705.1</ele>
      </trkpt>
      <trkpt lat="43.82832" lon="6.46353">
        <ele>704.9</ele>
      </trkpt>
      <trkpt lat="43.82828" lon="6.46346">
        <ele>705.0</ele>
      </trkpt>
      <trkpt lat="43.82826" lon="6.4634">
        <ele>705.2</ele>
      </trkpt>
      <trkpt lat="43.82825" lon="6.46339">
        <ele>705.1</ele>
      </trkpt>
      <trkpt lat="43.82824" lon="6.46335">
        <ele>705.3</ele>
      </trkpt>
      <trkpt lat="43.8282" lon="6.46326">
        <ele>705.4</ele>
      </trkpt>
      <trkpt lat="43.828159" lon="6.46318">
        <ele>705.4</ele>
      </trkpt>
      <trkpt lat="43.82815" lon="6.46318">
        <ele>705.3</ele>
      </trkpt>
      <trkpt lat="43.82811" lon="6.4631">
        <ele>705.3</ele>
      </trkpt>
      <trkpt lat="43.82806" lon="6.463">
        <ele>705.2</ele>
      </trkpt>
      <trkpt lat="43.82805" lon="6.46297">
        <ele>705.3</ele>
      </trkpt>
      <trkpt lat="43.82802" lon="6.46287">
        <ele>705.6</ele>
      </trkpt>
      <trkpt lat="43.82796" lon="6.46271">
        <ele>705.7</ele>
      </trkpt>
      <trkpt lat="43.82782" lon="6.4623">
        <ele>705.3</ele>
      </trkpt>
      <trkpt lat="43.82777" lon="6.46216">
        <ele>704.7</ele>
      </trkpt>
      <trkpt lat="43.82776" lon="6.46214">
        <ele>704.6</ele>
      </trkpt>
      <trkpt lat="43.82774" lon="6.46201">
        <ele>704.6</ele>
      </trkpt>
      <trkpt lat="43.82772" lon="6.46193">
        <ele>704.4</ele>
      </trkpt>
      <trkpt lat="43.82771" lon="6.46179">
        <ele>704.6</ele>
      </trkpt>
      <trkpt lat="43.82771" lon="6.46169">
        <ele>705.0</ele>
      </trkpt>
      <trkpt lat="43.82771" lon="6.46158">
        <ele>704.6</ele>
      </trkpt>
      <trkpt lat="43.82773" lon="6.4615">
        <ele>704.6</ele>
      </trkpt>
      <trkpt lat="43.82774" lon="6.46143">
        <ele>704.4</ele>
      </trkpt>
      <trkpt lat="43.82776" lon="6.461369">
        <ele>704.5</ele>
      </trkpt>
      <trkpt lat="43.82778" lon="6.46131">
        <ele>704.6</ele>
      </trkpt>
      <trkpt lat="43.82781" lon="6.46122">
        <ele>704.6</ele>
      </trkpt>
      <trkpt lat="43.82787" lon="6.4611">
        <ele>705.0</ele>
      </trkpt>
      <trkpt lat="43.82795" lon="6.46097">
        <ele>705.6</ele>
      </trkpt>
      <trkpt lat="43.828" lon="6.4609">
        <ele>705.9</ele>
      </trkpt>
      <trkpt lat="43.82804" lon="6.46083">
        <ele>706.0</ele>
      </trkpt>
      <trkpt lat="43.82809" lon="6.46074">
        <ele>706.1</ele>
      </trkpt>
      <trkpt lat="43.828159" lon="6.46058">
        <ele>705.9</ele>
      </trkpt>
      <trkpt lat="43.82822" lon="6.46045">
        <ele>705.7</ele>
      </trkpt>
      <trkpt lat="43.82831" lon="6.46033">
        <ele>705.8</ele>
      </trkpt>
      <trkpt lat="43.82835" lon="6.46027">
        <ele>706.1</ele>
      </trkpt>
      <trkpt lat="43.82839" lon="6.46021">
        <ele>706.7</ele>
      </trkpt>
      <trkpt lat="43.82846" lon="6.46009">
        <ele>707.6</ele>
      </trkpt>
      <trkpt lat="43.8285" lon="6.46002">
        <ele>708.2</ele>
      </trkpt>
      <trkpt lat="43.828539" lon="6.45995">
        <ele>708.6</ele>
      </trkpt>
      <trkpt lat="43.82858" lon="6.45988">
        <ele>708.9</ele>
      </trkpt>
      <trkpt lat="43.82859" lon="6.45982">
        <ele>708.5</ele>
      </trkpt>
      <trkpt lat="43.82859" lon="6.45978">
        <ele>708.0</ele>
      </trkpt>
      <trkpt lat="43.8286" lon="6.45972">
        <ele>707.5</ele>
      </trkpt>
      <trkpt lat="43.8286" lon="6.45969">
        <ele>707.2</ele>
      </trkpt>
      <trkpt lat="43.8286" lon="6.45958">
        <ele>705.8</ele>
      </trkpt>
      <trkpt lat="43.82861" lon="6.45948">
        <ele>704.9</ele>
      </trkpt>
      <trkpt lat="43.82861" lon="6.45936">
        <ele>703.4</ele>
      </trkpt>
      <trkpt lat="43.82864" lon="6.45928">
        <ele>703.2</ele>
      </trkpt>
      <trkpt lat="43.82866" lon="6.45921">
        <ele>703.0</ele>
      </trkpt>
      <trkpt lat="43.82874" lon="6.45908">
        <ele>703.6</ele>
      </trkpt>
      <trkpt lat="43.8288" lon="6.45896">
        <ele>703.5</ele>
      </trkpt>
      <trkpt lat="43.82885" lon="6.45888">
        <ele>703.5</ele>
      </trkpt>
      <trkpt lat="43.828919" lon="6.458789">
        <ele>703.6</ele>
      </trkpt>
      <trkpt lat="43.82898" lon="6.45871">
        <ele>703.5</ele>
      </trkpt>
      <trkpt lat="43.82903" lon="6.45866">
        <ele>703.5</ele>
      </trkpt>
      <trkpt lat="43.82908" lon="6.45861">
        <ele>703.5</ele>
      </trkpt>
      <trkpt lat="43.82912" lon="6.45857">
        <ele>703.3</ele>
      </trkpt>
      <trkpt lat="43.82916" lon="6.45854">
        <ele>703.4</ele>
      </trkpt>
      <trkpt lat="43.8292" lon="6.45847">
        <ele>703.2</ele>
      </trkpt>
      <trkpt lat="43.82924" lon="6.45839">
        <ele>703.0</ele>
      </trkpt>
      <trkpt lat="43.82925" lon="6.45839">
        <ele>703.4</ele>
      </trkpt>
      <trkpt lat="43.82929" lon="6.4583">
        <ele>703.6</ele>
      </trkpt>
      <trkpt lat="43.82937" lon="6.4581">
        <ele>705.2</ele>
      </trkpt>
      <trkpt lat="43.82945" lon="6.45793">
        <ele>706.3</ele>
      </trkpt>
      <trkpt lat="43.82955" lon="6.45772">
        <ele>706.6</ele>
      </trkpt>
      <trkpt lat="43.82956" lon="6.457709">
        <ele>706.7</ele>
      </trkpt>
      <trkpt lat="43.82963" lon="6.45754">
        <ele>705.8</ele>
      </trkpt>
      <trkpt lat="43.82968" lon="6.457429">
        <ele>705.4</ele>
      </trkpt>
      <trkpt lat="43.82973" lon="6.45734">
        <ele>705.1</ele>
      </trkpt>
      <trkpt lat="43.82975" lon="6.4573">
        <ele>704.9</ele>
      </trkpt>
      <trkpt lat="43.82979" lon="6.45722">
        <ele>704.3</ele>
      </trkpt>
      <trkpt lat="43.82989" lon="6.45708">
        <ele>703.0</ele>
      </trkpt>
      <trkpt lat="43.83" lon="6.45693">
        <ele>700.7</ele>
      </trkpt>
      <trkpt lat="43.83012" lon="6.45676">
        <ele>703.5</ele>
      </trkpt>
      <trkpt lat="43.83023" lon="6.45663">
        <ele>707.1</ele>
      </trkpt>
      <trkpt lat="43.83025" lon="6.4566">
        <ele>707.8</ele>
      </trkpt>
      <trkpt lat="43.83028" lon="6.45655">
        <ele>708.8</ele>
      </trkpt>
      <trkpt lat="43.83034" lon="6.45648">
        <ele>711.1</ele>
      </trkpt>
      <trkpt lat="43.8304" lon="6.45638">
        <ele>713.0</ele>
      </trkpt>
      <trkpt lat="43.83044" lon="6.4563">
        <ele>714.0</ele>
      </trkpt>
      <trkpt lat="43.83048" lon="6.456209">
        <ele>714.9</ele>
      </trkpt>
      <trkpt lat="43.8305" lon="6.45614">
        <ele>715.0</ele>
      </trkpt>
      <trkpt lat="43.83054" lon="6.45602">
        <ele>715.4</ele>
      </trkpt>
      <trkpt lat="43.83056" lon="6.45585">
        <ele>714.4</ele>
      </trkpt>
      <trkpt lat="43.83057" lon="6.45564">
        <ele>712.9</ele>
      </trkpt>
      <trkpt lat="43.83057" lon="6.4555">
        <ele>711.6</ele>
      </trkpt>
      <trkpt lat="43.83057" lon="6.45549">
        <ele>711.5</ele>
      </trkpt>
      <trkpt lat="43.83055" lon="6.45531">
        <ele>709.2</ele>
      </trkpt>
      <trkpt lat="43.83054" lon="6.45524">
        <ele>708.2</ele>
      </trkpt>
      <trkpt lat="43.83053" lon="6.45518">
        <ele>707.3</ele>
      </trkpt>
      <trkpt lat="43.83049" lon="6.45498">
        <ele>704.2</ele>
      </trkpt>
      <trkpt lat="43.83048" lon="6.45478">
        <ele>703.4</ele>
      </trkpt>
      <trkpt lat="43.83048" lon="6.45475">
        <ele>703.3</ele>
      </trkpt>
      <trkpt lat="43.83047" lon="6.4546">
        <ele>702.6</ele>
      </trkpt>
      <trkpt lat="43.83048" lon="6.4545">
        <ele>702.7</ele>
      </trkpt>
      <trkpt lat="43.83048" lon="6.45442">
        <ele>702.6</ele>
      </trkpt>
      <trkpt lat="43.83049" lon="6.45429">
        <ele>702.6</ele>
      </trkpt>
      <trkpt lat="43.8305" lon="6.45418">
        <ele>702.6</ele>
      </trkpt>
      <trkpt lat="43.83053" lon="6.45389">
        <ele>702.2</ele>
      </trkpt>
      <trkpt lat="43.83058" lon="6.45358">
        <ele>701.5</ele>
      </trkpt>
      <trkpt lat="43.83059" lon="6.45352">
        <ele>701.3</ele>
      </trkpt>
      <trkpt lat="43.83064" lon="6.45333">
        <ele>700.7</ele>
      </trkpt>
      <trkpt lat="43.83071" lon="6.45312">
        <ele>699.1</ele>
      </trkpt>
      <trkpt lat="43.83073" lon="6.45308">
        <ele>698.7</ele>
      </trkpt>
      <trkpt lat="43.83078" lon="6.45296">
        <ele>697.2</ele>
      </trkpt>
      <trkpt lat="43.83082" lon="6.45289">
        <ele>696.1</ele>
      </trkpt>
      <trkpt lat="43.83086" lon="6.45281">
        <ele>695.7</ele>
      </trkpt>
      <trkpt lat="43.83092" lon="6.45273">
        <ele>696.4</ele>
      </trkpt>
      <trkpt lat="43.83097" lon="6.45266">
        <ele>696.8</ele>
      </trkpt>
      <trkpt lat="43.83103" lon="6.4526">
        <ele>697.6</ele>
      </trkpt>
      <trkpt lat="43.8311" lon="6.45252">
        <ele>698.4</ele>
      </trkpt>
      <trkpt lat="43.83115" lon="6.45246">
        <ele>699.4</ele>
      </trkpt>
      <trkpt lat="43.83119" lon="6.45242">
        <ele>700.5</ele>
      </trkpt>
      <trkpt lat="43.83132" lon="6.45228">
        <ele>703.5</ele>
      </trkpt>
      <trkpt lat="43.83137" lon="6.45223">
        <ele>704.5</ele>
      </trkpt>
      <trkpt lat="43.83141" lon="6.45216">
        <ele>705.0</ele>
      </trkpt>
      <trkpt lat="43.83143" lon="6.45214">
        <ele>705.3</ele>
      </trkpt>
      <trkpt lat="43.831449" lon="6.4521">
        <ele>705.5</ele>
      </trkpt>
      <trkpt lat="43.83148" lon="6.45203">
        <ele>705.5</ele>
      </trkpt>
      <trkpt lat="43.83153" lon="6.45193">
        <ele>705.6</ele>
      </trkpt>
      <trkpt lat="43.831539" lon="6.4519">
        <ele>705.5</ele>
      </trkpt>
      <trkpt lat="43.83159" lon="6.45177">
        <ele>705.1</ele>
      </trkpt>
      <trkpt lat="43.83164" lon="6.45164">
        <ele>704.5</ele>
      </trkpt>
      <trkpt lat="43.83166" lon="6.4515">
        <ele>703.7</ele>
      </trkpt>
      <trkpt lat="43.8317" lon="6.4513">
        <ele>704.1</ele>
      </trkpt>
      <trkpt lat="43.83172" lon="6.4511">
        <ele>703.5</ele>
      </trkpt>
      <trkpt lat="43.83173" lon="6.45099">
        <ele>703.1</ele>
      </trkpt>
      <trkpt lat="43.83174" lon="6.45092">
        <ele>703.0</ele>
      </trkpt>
      <trkpt lat="43.83175" lon="6.450789">
        <ele>702.7</ele>
      </trkpt>
      <trkpt lat="43.83176" lon="6.45069">
        <ele>702.8</ele>
      </trkpt>
      <trkpt lat="43.83175" lon="6.45061">
        <ele>702.2</ele>
      </trkpt>
      <trkpt lat="43.83173" lon="6.45051">
        <ele>701.0</ele>
      </trkpt>
      <trkpt lat="43.8317" lon="6.45036">
        <ele>699.3</ele>
      </trkpt>
      <trkpt lat="43.83166" lon="6.45024">
        <ele>697.7</ele>
      </trkpt>
      <trkpt lat="43.831629" lon="6.45013">
        <ele>698.3</ele>
      </trkpt>
      <trkpt lat="43.8316" lon="6.45">
        <ele>699.0</ele>
      </trkpt>
      <trkpt lat="43.83159" lon="6.449779">
        <ele>698.8</ele>
      </trkpt>
      <trkpt lat="43.83159" lon="6.449709">
        <ele>698.7</ele>
      </trkpt>
      <trkpt lat="43.83161" lon="6.44966">
        <ele>697.9</ele>
      </trkpt>
      <trkpt lat="43.83162" lon="6.44958">
        <ele>697.3</ele>
      </trkpt>
      <trkpt lat="43.83165" lon="6.44948">
        <ele>695.8</ele>
      </trkpt>
      <trkpt lat="43.83168" lon="6.44941">
        <ele>695.5</ele>
      </trkpt>
      <trkpt lat="43.83171" lon="6.44936">
        <ele>696.7</ele>
      </trkpt>
      <trkpt lat="43.83175" lon="6.4493">
        <ele>698.4</ele>
      </trkpt>
      <trkpt lat="43.83181" lon="6.44919">
        <ele>700.9</ele>
      </trkpt>
      <trkpt lat="43.83185" lon="6.44908">
        <ele>702.4</ele>
      </trkpt>
      <trkpt lat="43.831919" lon="6.44887">
        <ele>704.9</ele>
      </trkpt>
      <trkpt lat="43.83193" lon="6.44878">
        <ele>704.9</ele>
      </trkpt>
      <trkpt lat="43.83196" lon="6.44863">
        <ele>705.7</ele>
      </trkpt>
      <trkpt lat="43.83198" lon="6.44854">
        <ele>706.3</ele>
      </trkpt>
      <trkpt lat="43.832009" lon="6.4483">
        <ele>707.2</ele>
      </trkpt>
      <trkpt lat="43.83203" lon="6.44801">
        <ele>710.7</ele>
      </trkpt>
      <trkpt lat="43.83204" lon="6.44772">
        <ele>713.7</ele>
      </trkpt>
      <trkpt lat="43.83204" lon="6.44755">
        <ele>715.2</ele>
      </trkpt>
      <trkpt lat="43.83203" lon="6.4474">
        <ele>716.4</ele>
      </trkpt>
      <trkpt lat="43.83202" lon="6.4473">
        <ele>717.2</ele>
      </trkpt>
      <trkpt lat="43.83202" lon="6.44722">
        <ele>718.2</ele>
      </trkpt>
      <trkpt lat="43.832009" lon="6.44705">
        <ele>719.9</ele>
      </trkpt>
      <trkpt lat="43.832009" lon="6.44698">
        <ele>720.8</ele>
      </trkpt>
      <trkpt lat="43.832" lon="6.44683">
        <ele>722.1</ele>
      </trkpt>
      <trkpt lat="43.83199" lon="6.4468">
        <ele>721.8</ele>
      </trkpt>
      <trkpt lat="43.83199" lon="6.44675">
        <ele>722.4</ele>
      </trkpt>
      <trkpt lat="43.83198" lon="6.44668">
        <ele>722.6</ele>
      </trkpt>
      <trkpt lat="43.83196" lon="6.44658">
        <ele>726.1</ele>
      </trkpt>
      <trkpt lat="43.83196" lon="6.44656">
        <ele>727.2</ele>
      </trkpt>
      <trkpt lat="43.83194" lon="6.44647">
        <ele>730.6</ele>
      </trkpt>
      <trkpt lat="43.83189" lon="6.44632">
        <ele>734.9</ele>
      </trkpt>
      <trkpt lat="43.83188" lon="6.44628">
        <ele>736.3</ele>
      </trkpt>
      <trkpt lat="43.831829" lon="6.44609">
        <ele>742.5</ele>
      </trkpt>
      <trkpt lat="43.83176" lon="6.44586">
        <ele>749.0</ele>
      </trkpt>
      <trkpt lat="43.83174" lon="6.44579">
        <ele>751.0</ele>
      </trkpt>
      <trkpt lat="43.8317" lon="6.44564">
        <ele>755.8</ele>
      </trkpt>
      <trkpt lat="43.83169" lon="6.44563">
        <ele>755.7</ele>
      </trkpt>
      <trkpt lat="43.83165" lon="6.44547">
        <ele>762.2</ele>
      </trkpt>
      <trkpt lat="43.83164" lon="6.44542">
        <ele>764.3</ele>
      </trkpt>
      <trkpt lat="43.831629" lon="6.4454">
        <ele>764.8</ele>
      </trkpt>
      <trkpt lat="43.83162" lon="6.44536">
        <ele>766.2</ele>
      </trkpt>
      <trkpt lat="43.83158" lon="6.44528">
        <ele>767.5</ele>
      </trkpt>
      <trkpt lat="43.83157" lon="6.44525">
        <ele>768.2</ele>
      </trkpt>
      <trkpt lat="43.83153" lon="6.4452">
        <ele>767.5</ele>
      </trkpt>
      <trkpt lat="43.83153" lon="6.44519">
        <ele>767.9</ele>
      </trkpt>
      <trkpt lat="43.83148" lon="6.44512">
        <ele>766.7</ele>
      </trkpt>
      <trkpt lat="43.8314" lon="6.44504">
        <ele>762.5</ele>
      </trkpt>
      <trkpt lat="43.83139" lon="6.44503">
        <ele>761.9</ele>
      </trkpt>
      <trkpt lat="43.83125" lon="6.44487">
        <ele>746.2</ele>
      </trkpt>
      <trkpt lat="43.83115" lon="6.444759">
        <ele>735.3</ele>
      </trkpt>
      <trkpt lat="43.83111" lon="6.44472">
        <ele>731.4</ele>
      </trkpt>
      <trkpt lat="43.831069" lon="6.444689">
        <ele>727.9</ele>
      </trkpt>
      <trkpt lat="43.83096" lon="6.44457">
        <ele>718.6</ele>
      </trkpt>
      <trkpt lat="43.83091" lon="6.44451">
        <ele>715.0</ele>
      </trkpt>
      <trkpt lat="43.83083" lon="6.44441">
        <ele>710.1</ele>
      </trkpt>
      <trkpt lat="43.83082" lon="6.44441">
        <ele>710.5</ele>
      </trkpt>
      <trkpt lat="43.83076" lon="6.44428">
        <ele>712.6</ele>
      </trkpt>
      <trkpt lat="43.83074" lon="6.444219">
        <ele>713.2</ele>
      </trkpt>
      <trkpt lat="43.83074" lon="6.4442">
        <ele>713.2</ele>
      </trkpt>
      <trkpt lat="43.83072" lon="6.44414">
        <ele>713.5</ele>
      </trkpt>
      <trkpt lat="43.83072" lon="6.44406">
        <ele>712.5</ele>
      </trkpt>
      <trkpt lat="43.83072" lon="6.44397">
        <ele>711.3</ele>
      </trkpt>
      <trkpt lat="43.83072" lon="6.44395">
        <ele>711.1</ele>
      </trkpt>
      <trkpt lat="43.83073" lon="6.44389">
        <ele>710.0</ele>
      </trkpt>
      <trkpt lat="43.83074" lon="6.44382">
        <ele>708.8</ele>
      </trkpt>
      <trkpt lat="43.83075" lon="6.44374">
        <ele>707.5</ele>
      </trkpt>
      <trkpt lat="43.83076" lon="6.44371">
        <ele>706.8</ele>
      </trkpt>
      <trkpt lat="43.83077" lon="6.44366">
        <ele>705.9</ele>
      </trkpt>
      <trkpt lat="43.8308" lon="6.4436">
        <ele>704.2</ele>
      </trkpt>
      <trkpt lat="43.83081" lon="6.44355">
        <ele>703.3</ele>
      </trkpt>
      <trkpt lat="43.83084" lon="6.44349">
        <ele>702.0</ele>
      </trkpt>
      <trkpt lat="43.83087" lon="6.44342">
        <ele>701.6</ele>
      </trkpt>
      <trkpt lat="43.83091" lon="6.443329">
        <ele>700.8</ele>
      </trkpt>
      <trkpt lat="43.83094" lon="6.44328">
        <ele>700.7</ele>
      </trkpt>
      <trkpt lat="43.83096" lon="6.44326">
        <ele>700.7</ele>
      </trkpt>
      <trkpt lat="43.831" lon="6.44319">
        <ele>700.3</ele>
      </trkpt>
      <trkpt lat="43.83105" lon="6.44314">
        <ele>700.0</ele>
      </trkpt>
      <trkpt lat="43.831069" lon="6.44311">
        <ele>699.7</ele>
      </trkpt>
      <trkpt lat="43.83112" lon="6.44306">
        <ele>699.2</ele>
      </trkpt>
      <trkpt lat="43.83119" lon="6.442999">
        <ele>698.3</ele>
      </trkpt>
      <trkpt lat="43.83122" lon="6.44298">
        <ele>698.0</ele>
      </trkpt>
      <trkpt lat="43.83127" lon="6.44295">
        <ele>697.3</ele>
      </trkpt>
      <trkpt lat="43.83139" lon="6.44288">
        <ele>695.5</ele>
      </trkpt>
      <trkpt lat="43.83155" lon="6.44278">
        <ele>692.0</ele>
      </trkpt>
      <trkpt lat="43.83172" lon="6.44269">
        <ele>689.2</ele>
      </trkpt>
      <trkpt lat="43.83187" lon="6.4426">
        <ele>689.1</ele>
      </trkpt>
      <trkpt lat="43.83189" lon="6.44259">
        <ele>689.2</ele>
      </trkpt>
      <trkpt lat="43.83197" lon="6.44254">
        <ele>689.1</ele>
      </trkpt>
      <trkpt lat="43.83205" lon="6.44249">
        <ele>689.2</ele>
      </trkpt>
      <trkpt lat="43.83207" lon="6.44248">
        <ele>689.5</ele>
      </trkpt>
      <trkpt lat="43.83217" lon="6.44241">
        <ele>690.4</ele>
      </trkpt>
      <trkpt lat="43.83221" lon="6.44237">
        <ele>690.4</ele>
      </trkpt>
      <trkpt lat="43.83226" lon="6.44233">
        <ele>690.6</ele>
      </trkpt>
      <trkpt lat="43.83236" lon="6.44223">
        <ele>690.3</ele>
      </trkpt>
      <trkpt lat="43.83237" lon="6.44222">
        <ele>690.2</ele>
      </trkpt>
      <trkpt lat="43.83247" lon="6.4421">
        <ele>689.0</ele>
      </trkpt>
      <trkpt lat="43.83249" lon="6.44206">
        <ele>688.4</ele>
      </trkpt>
      <trkpt lat="43.83254" lon="6.44197">
        <ele>688.1</ele>
      </trkpt>
      <trkpt lat="43.83261" lon="6.44187">
        <ele>688.6</ele>
      </trkpt>
      <trkpt lat="43.83267" lon="6.44177">
        <ele>688.7</ele>
      </trkpt>
      <trkpt lat="43.83271" lon="6.44167">
        <ele>688.1</ele>
      </trkpt>
      <trkpt lat="43.83275" lon="6.44161">
        <ele>689.0</ele>
      </trkpt>
      <trkpt lat="43.83281" lon="6.44146">
        <ele>689.3</ele>
      </trkpt>
      <trkpt lat="43.83283" lon="6.44142">
        <ele>689.5</ele>
      </trkpt>
      <trkpt lat="43.8329" lon="6.44125">
        <ele>689.3</ele>
      </trkpt>
      <trkpt lat="43.832949" lon="6.44113">
        <ele>688.8</ele>
      </trkpt>
      <trkpt lat="43.83299" lon="6.441029">
        <ele>688.1</ele>
      </trkpt>
      <trkpt lat="43.83307" lon="6.44081">
        <ele>686.1</ele>
      </trkpt>
      <trkpt lat="43.8332" lon="6.440489">
        <ele>685.8</ele>
      </trkpt>
      <trkpt lat="43.83324" lon="6.44037">
        <ele>685.1</ele>
      </trkpt>
      <trkpt lat="43.83331" lon="6.44014">
        <ele>683.4</ele>
      </trkpt>
      <trkpt lat="43.83339" lon="6.43992">
        <ele>684.9</ele>
      </trkpt>
      <trkpt lat="43.833419" lon="6.43984">
        <ele>686.3</ele>
      </trkpt>
      <trkpt lat="43.83344" lon="6.43975">
        <ele>687.1</ele>
      </trkpt>
      <trkpt lat="43.83345" lon="6.43968">
        <ele>687.5</ele>
      </trkpt>
      <trkpt lat="43.83346" lon="6.43963">
        <ele>687.8</ele>
      </trkpt>
      <trkpt lat="43.83347" lon="6.43952">
        <ele>688.0</ele>
      </trkpt>
      <trkpt lat="43.83347" lon="6.43943">
        <ele>687.7</ele>
      </trkpt>
      <trkpt lat="43.83348" lon="6.43939">
        <ele>688.1</ele>
      </trkpt>
      <trkpt lat="43.83348" lon="6.43922">
        <ele>687.6</ele>
      </trkpt>
      <trkpt lat="43.83348" lon="6.43919">
        <ele>687.5</ele>
      </trkpt>
      <trkpt lat="43.83347" lon="6.43898">
        <ele>686.5</ele>
      </trkpt>
      <trkpt lat="43.83347" lon="6.43894">
        <ele>686.4</ele>
      </trkpt>
      <trkpt lat="43.83346" lon="6.43874">
        <ele>685.6</ele>
      </trkpt>
      <trkpt lat="43.83346" lon="6.43869">
        <ele>685.5</ele>
      </trkpt>
      <trkpt lat="43.83346" lon="6.438589">
        <ele>685.3</ele>
      </trkpt>
      <trkpt lat="43.83345" lon="6.43844">
        <ele>684.5</ele>
      </trkpt>
      <trkpt lat="43.83343" lon="6.43832">
        <ele>683.5</ele>
      </trkpt>
      <trkpt lat="43.83341" lon="6.4382">
        <ele>683.2</ele>
      </trkpt>
      <trkpt lat="43.83338" lon="6.43809">
        <ele>682.5</ele>
      </trkpt>
      <trkpt lat="43.83337" lon="6.43804">
        <ele>682.3</ele>
      </trkpt>
      <trkpt lat="43.83335" lon="6.43796">
        <ele>681.9</ele>
      </trkpt>
      <trkpt lat="43.833329" lon="6.43785">
        <ele>681.9</ele>
      </trkpt>
      <trkpt lat="43.83329" lon="6.43769">
        <ele>682.6</ele>
      </trkpt>
      <trkpt lat="43.83325" lon="6.43742">
        <ele>683.5</ele>
      </trkpt>
      <trkpt lat="43.83322" lon="6.43719">
        <ele>683.9</ele>
      </trkpt>
      <trkpt lat="43.8332" lon="6.43697">
        <ele>684.2</ele>
      </trkpt>
      <trkpt lat="43.83318" lon="6.436899">
        <ele>684.1</ele>
      </trkpt>
      <trkpt lat="43.83317" lon="6.436829">
        <ele>684.1</ele>
      </trkpt>
      <trkpt lat="43.83313" lon="6.43664">
        <ele>684.0</ele>
      </trkpt>
      <trkpt lat="43.8331" lon="6.43645">
        <ele>684.8</ele>
      </trkpt>
      <trkpt lat="43.83305" lon="6.4362">
        <ele>685.3</ele>
      </trkpt>
      <trkpt lat="43.83301" lon="6.43595">
        <ele>685.8</ele>
      </trkpt>
      <trkpt lat="43.833" lon="6.43582">
        <ele>686.4</ele>
      </trkpt>
      <trkpt lat="43.83299" lon="6.43577">
        <ele>687.0</ele>
      </trkpt>
      <trkpt lat="43.83297" lon="6.43567">
        <ele>688.2</ele>
      </trkpt>
      <trkpt lat="43.83296" lon="6.43557">
        <ele>689.6</ele>
      </trkpt>
      <trkpt lat="43.83293" lon="6.43548">
        <ele>690.2</ele>
      </trkpt>
      <trkpt lat="43.83291" lon="6.43539">
        <ele>691.0</ele>
      </trkpt>
      <trkpt lat="43.83288" lon="6.43533">
        <ele>690.9</ele>
      </trkpt>
      <trkpt lat="43.83284" lon="6.43525">
        <ele>690.7</ele>
      </trkpt>
      <trkpt lat="43.83278" lon="6.43516">
        <ele>689.8</ele>
      </trkpt>
      <trkpt lat="43.83276" lon="6.43513">
        <ele>689.5</ele>
      </trkpt>
      <trkpt lat="43.83271" lon="6.435069">
        <ele>688.4</ele>
      </trkpt>
      <trkpt lat="43.83262" lon="6.43498">
        <ele>686.4</ele>
      </trkpt>
      <trkpt lat="43.83252" lon="6.43489">
        <ele>685.4</ele>
      </trkpt>
      <trkpt lat="43.83234" lon="6.4347">
        <ele>687.6</ele>
      </trkpt>
      <trkpt lat="43.83217" lon="6.43452">
        <ele>688.4</ele>
      </trkpt>
      <trkpt lat="43.832009" lon="6.43436">
        <ele>687.4</ele>
      </trkpt>
      <trkpt lat="43.832" lon="6.43435">
        <ele>687.3</ele>
      </trkpt>
      <trkpt lat="43.83199" lon="6.43434">
        <ele>687.2</ele>
      </trkpt>
      <trkpt lat="43.83194" lon="6.43429">
        <ele>686.5</ele>
      </trkpt>
      <trkpt lat="43.83187" lon="6.43421">
        <ele>685.5</ele>
      </trkpt>
      <trkpt lat="43.83186" lon="6.4342">
        <ele>685.3</ele>
      </trkpt>
      <trkpt lat="43.8318" lon="6.4341">
        <ele>684.3</ele>
      </trkpt>
      <trkpt lat="43.83174" lon="6.43402">
        <ele>683.0</ele>
      </trkpt>
      <trkpt lat="43.83169" lon="6.43394">
        <ele>682.2</ele>
      </trkpt>
      <trkpt lat="43.83166" lon="6.43389">
        <ele>681.9</ele>
      </trkpt>
      <trkpt lat="43.83158" lon="6.433779">
        <ele>682.3</ele>
      </trkpt>
      <trkpt lat="43.83157" lon="6.43376">
        <ele>682.4</ele>
      </trkpt>
      <trkpt lat="43.8315" lon="6.43368">
        <ele>682.4</ele>
      </trkpt>
      <trkpt lat="43.83143" lon="6.43359">
        <ele>682.3</ele>
      </trkpt>
      <trkpt lat="43.83138" lon="6.43352">
        <ele>682.2</ele>
      </trkpt>
      <trkpt lat="43.83137" lon="6.43351">
        <ele>682.1</ele>
      </trkpt>
      <trkpt lat="43.83135" lon="6.43348">
        <ele>682.1</ele>
      </trkpt>
      <trkpt lat="43.83131" lon="6.43339">
        <ele>682.1</ele>
      </trkpt>
      <trkpt lat="43.83127" lon="6.4333">
        <ele>681.8</ele>
      </trkpt>
      <trkpt lat="43.83125" lon="6.43323">
        <ele>681.5</ele>
      </trkpt>
      <trkpt lat="43.83124" lon="6.43319">
        <ele>681.3</ele>
      </trkpt>
      <trkpt lat="43.83123" lon="6.43318">
        <ele>681.2</ele>
      </trkpt>
      <trkpt lat="43.83123" lon="6.43309">
        <ele>681.2</ele>
      </trkpt>
      <trkpt lat="43.83123" lon="6.43308">
        <ele>681.2</ele>
      </trkpt>
      <trkpt lat="43.83122" lon="6.43297">
        <ele>681.0</ele>
      </trkpt>
      <trkpt lat="43.83122" lon="6.43294">
        <ele>681.0</ele>
      </trkpt>
      <trkpt lat="43.83122" lon="6.43285">
        <ele>681.0</ele>
      </trkpt>
      <trkpt lat="43.83122" lon="6.43284">
        <ele>681.0</ele>
      </trkpt>
      <trkpt lat="43.83122" lon="6.43283">
        <ele>681.0</ele>
      </trkpt>
      <trkpt lat="43.83123" lon="6.43269">
        <ele>681.2</ele>
      </trkpt>
      <trkpt lat="43.83123" lon="6.43268">
        <ele>681.2</ele>
      </trkpt>
      <trkpt lat="43.83123" lon="6.43244">
        <ele>681.3</ele>
      </trkpt>
      <trkpt lat="43.83123" lon="6.43239">
        <ele>681.3</ele>
      </trkpt>
      <trkpt lat="43.83123" lon="6.43223">
        <ele>681.5</ele>
      </trkpt>
      <trkpt lat="43.83122" lon="6.4321">
        <ele>681.4</ele>
      </trkpt>
      <trkpt lat="43.83122" lon="6.43208">
        <ele>681.5</ele>
      </trkpt>
      <trkpt lat="43.8312" lon="6.43198">
        <ele>681.2</ele>
      </trkpt>
      <trkpt lat="43.8312" lon="6.431949">
        <ele>681.2</ele>
      </trkpt>
      <trkpt lat="43.83118" lon="6.43189">
        <ele>680.9</ele>
      </trkpt>
      <trkpt lat="43.83118" lon="6.43187">
        <ele>680.9</ele>
      </trkpt>
      <trkpt lat="43.83115" lon="6.43178">
        <ele>680.4</ele>
      </trkpt>
      <trkpt lat="43.83113" lon="6.4317">
        <ele>680.0</ele>
      </trkpt>
      <trkpt lat="43.83111" lon="6.43167">
        <ele>679.6</ele>
      </trkpt>
      <trkpt lat="43.83105" lon="6.43151">
        <ele>678.9</ele>
      </trkpt>
      <trkpt lat="43.83102" lon="6.43144">
        <ele>678.5</ele>
      </trkpt>
      <trkpt lat="43.83095" lon="6.43125">
        <ele>677.7</ele>
      </trkpt>
      <trkpt lat="43.83094" lon="6.43122">
        <ele>677.6</ele>
      </trkpt>
      <trkpt lat="43.83085" lon="6.431">
        <ele>676.7</ele>
      </trkpt>
      <trkpt lat="43.83076" lon="6.4308">
        <ele>676.7</ele>
      </trkpt>
      <trkpt lat="43.83076" lon="6.43079">
        <ele>676.7</ele>
      </trkpt>
      <trkpt lat="43.8307" lon="6.43062">
        <ele>676.7</ele>
      </trkpt>
      <trkpt lat="43.83069" lon="6.43061">
        <ele>676.7</ele>
      </trkpt>
      <trkpt lat="43.83069" lon="6.4306">
        <ele>676.7</ele>
      </trkpt>
      <trkpt lat="43.83068" lon="6.430589">
        <ele>676.7</ele>
      </trkpt>
      <trkpt lat="43.83063" lon="6.43044">
        <ele>676.8</ele>
      </trkpt>
      <trkpt lat="43.83061" lon="6.43039">
        <ele>676.8</ele>
      </trkpt>
      <trkpt lat="43.83058" lon="6.43026">
        <ele>676.8</ele>
      </trkpt>
      <trkpt lat="43.83053" lon="6.43008">
        <ele>676.9</ele>
      </trkpt>
      <trkpt lat="43.830509" lon="6.42993">
        <ele>676.7</ele>
      </trkpt>
      <trkpt lat="43.83047" lon="6.42972">
        <ele>676.4</ele>
      </trkpt>
      <trkpt lat="43.83045" lon="6.42952">
        <ele>676.2</ele>
      </trkpt>
      <trkpt lat="43.83044" lon="6.42948">
        <ele>676.2</ele>
      </trkpt>
      <trkpt lat="43.83044" lon="6.42941">
        <ele>676.2</ele>
      </trkpt>
      <trkpt lat="43.83044" lon="6.42927">
        <ele>676.2</ele>
      </trkpt>
      <trkpt lat="43.83044" lon="6.429229">
        <ele>676.2</ele>
      </trkpt>
      <trkpt lat="43.83044" lon="6.42906">
        <ele>676.3</ele>
      </trkpt>
      <trkpt lat="43.83045" lon="6.42898">
        <ele>676.5</ele>
      </trkpt>
      <trkpt lat="43.83046" lon="6.42884">
        <ele>676.8</ele>
      </trkpt>
      <trkpt lat="43.83046" lon="6.42873">
        <ele>676.9</ele>
      </trkpt>
      <trkpt lat="43.83046" lon="6.42865">
        <ele>677.1</ele>
      </trkpt>
      <trkpt lat="43.83046" lon="6.428619">
        <ele>677.1</ele>
      </trkpt>
      <trkpt lat="43.83046" lon="6.42858">
        <ele>677.2</ele>
      </trkpt>
      <trkpt lat="43.83045" lon="6.42854">
        <ele>677.1</ele>
      </trkpt>
      <trkpt lat="43.83043" lon="6.42849">
        <ele>677.0</ele>
      </trkpt>
      <trkpt lat="43.8304" lon="6.4284">
        <ele>676.7</ele>
      </trkpt>
      <trkpt lat="43.83035" lon="6.42827">
        <ele>676.4</ele>
      </trkpt>
      <trkpt lat="43.830329" lon="6.42824">
        <ele>676.3</ele>
      </trkpt>
      <trkpt lat="43.83025" lon="6.42806">
        <ele>676.0</ele>
      </trkpt>
      <trkpt lat="43.83024" lon="6.42805">
        <ele>675.9</ele>
      </trkpt>
      <trkpt lat="43.83018" lon="6.42793">
        <ele>675.6</ele>
      </trkpt>
      <trkpt lat="43.830129" lon="6.42786">
        <ele>675.3</ele>
      </trkpt>
      <trkpt lat="43.83006" lon="6.42777">
        <ele>674.7</ele>
      </trkpt>
      <trkpt lat="43.829949" lon="6.427609">
        <ele>674.4</ele>
      </trkpt>
      <trkpt lat="43.829859" lon="6.42753">
        <ele>674.4</ele>
      </trkpt>
      <trkpt lat="43.82983" lon="6.42751">
        <ele>674.4</ele>
      </trkpt>
      <trkpt lat="43.82974" lon="6.42742">
        <ele>674.8</ele>
      </trkpt>
      <trkpt lat="43.82971" lon="6.42739">
        <ele>674.9</ele>
      </trkpt>
      <trkpt lat="43.829659" lon="6.42732">
        <ele>675.3</ele>
      </trkpt>
      <trkpt lat="43.82958" lon="6.42715">
        <ele>676.2</ele>
      </trkpt>
      <trkpt lat="43.82952" lon="6.42697">
        <ele>677.2</ele>
      </trkpt>
      <trkpt lat="43.829479" lon="6.42683">
        <ele>677.9</ele>
      </trkpt>
      <trkpt lat="43.82937" lon="6.42667">
        <ele>677.9</ele>
      </trkpt>
      <trkpt lat="43.82934" lon="6.42663">
        <ele>678.5</ele>
      </trkpt>
      <trkpt lat="43.8293" lon="6.42658">
        <ele>679.3</ele>
      </trkpt>
      <trkpt lat="43.82924" lon="6.42654">
        <ele>679.7</ele>
      </trkpt>
      <trkpt lat="43.8292" lon="6.42651">
        <ele>680.1</ele>
      </trkpt>
      <trkpt lat="43.82914" lon="6.42648">
        <ele>680.3</ele>
      </trkpt>
      <trkpt lat="43.82909" lon="6.426459">
        <ele>680.4</ele>
      </trkpt>
      <trkpt lat="43.82903" lon="6.42645">
        <ele>680.2</ele>
      </trkpt>
      <trkpt lat="43.82903" lon="6.42644">
        <ele>680.4</ele>
      </trkpt>
      <trkpt lat="43.82898" lon="6.42642">
        <ele>680.5</ele>
      </trkpt>
      <trkpt lat="43.82896" lon="6.42641">
        <ele>680.5</ele>
      </trkpt>
      <trkpt lat="43.82894" lon="6.4264">
        <ele>680.6</ele>
      </trkpt>
      <trkpt lat="43.82889" lon="6.42636">
        <ele>681.1</ele>
      </trkpt>
      <trkpt lat="43.82881" lon="6.4263">
        <ele>681.7</ele>
      </trkpt>
      <trkpt lat="43.82867" lon="6.42621">
        <ele>682.3</ele>
      </trkpt>
      <trkpt lat="43.828539" lon="6.42613">
        <ele>682.7</ele>
      </trkpt>
      <trkpt lat="43.82853" lon="6.42613">
        <ele>682.6</ele>
      </trkpt>
      <trkpt lat="43.8284" lon="6.42606">
        <ele>682.6</ele>
      </trkpt>
      <trkpt lat="43.82825" lon="6.426">
        <ele>683.2</ele>
      </trkpt>
      <trkpt lat="43.8282" lon="6.42598">
        <ele>683.6</ele>
      </trkpt>
      <trkpt lat="43.82812" lon="6.42595">
        <ele>684.3</ele>
      </trkpt>
      <trkpt lat="43.82793" lon="6.4259">
        <ele>685.7</ele>
      </trkpt>
      <trkpt lat="43.82778" lon="6.4259">
        <ele>686.0</ele>
      </trkpt>
      <trkpt lat="43.82773" lon="6.42592">
        <ele>685.7</ele>
      </trkpt>
      <trkpt lat="43.82768" lon="6.42593">
        <ele>685.6</ele>
      </trkpt>
      <trkpt lat="43.82758" lon="6.42598">
        <ele>684.8</ele>
      </trkpt>
      <trkpt lat="43.82752" lon="6.42601">
        <ele>684.4</ele>
      </trkpt>
      <trkpt lat="43.82745" lon="6.42607">
        <ele>684.5</ele>
      </trkpt>
      <trkpt lat="43.82727" lon="6.42628">
        <ele>685.1</ele>
      </trkpt>
      <trkpt lat="43.82709" lon="6.42651">
        <ele>685.7</ele>
      </trkpt>
      <trkpt lat="43.82702" lon="6.4266">
        <ele>686.0</ele>
      </trkpt>
      <trkpt lat="43.82701" lon="6.42662">
        <ele>686.0</ele>
      </trkpt>
      <trkpt lat="43.82693" lon="6.42675">
        <ele>686.2</ele>
      </trkpt>
      <trkpt lat="43.82683" lon="6.42692">
        <ele>686.2</ele>
      </trkpt>
      <trkpt lat="43.82678" lon="6.42701">
        <ele>685.9</ele>
      </trkpt>
      <trkpt lat="43.826749" lon="6.427069">
        <ele>685.5</ele>
      </trkpt>
      <trkpt lat="43.82671" lon="6.42715">
        <ele>684.9</ele>
      </trkpt>
      <trkpt lat="43.826659" lon="6.42726">
        <ele>683.7</ele>
      </trkpt>
      <trkpt lat="43.82659" lon="6.42742">
        <ele>681.9</ele>
      </trkpt>
      <trkpt lat="43.82654" lon="6.4276">
        <ele>680.4</ele>
      </trkpt>
      <trkpt lat="43.82652" lon="6.42766">
        <ele>680.3</ele>
      </trkpt>
      <trkpt lat="43.82649" lon="6.42779">
        <ele>679.6</ele>
      </trkpt>
      <trkpt lat="43.82646" lon="6.428">
        <ele>678.3</ele>
      </trkpt>
      <trkpt lat="43.82644" lon="6.428219">
        <ele>676.7</ele>
      </trkpt>
      <trkpt lat="43.82642" lon="6.42845">
        <ele>675.6</ele>
      </trkpt>
      <trkpt lat="43.82641" lon="6.42868">
        <ele>674.7</ele>
      </trkpt>
      <trkpt lat="43.8264" lon="6.42885">
        <ele>674.1</ele>
      </trkpt>
      <trkpt lat="43.82639" lon="6.42902">
        <ele>673.4</ele>
      </trkpt>
      <trkpt lat="43.82638" lon="6.42911">
        <ele>673.1</ele>
      </trkpt>
      <trkpt lat="43.82636" lon="6.4292">
        <ele>673.1</ele>
      </trkpt>
      <trkpt lat="43.82632" lon="6.42941">
        <ele>672.9</ele>
      </trkpt>
      <trkpt lat="43.82626" lon="6.42967">
        <ele>672.6</ele>
      </trkpt>
      <trkpt lat="43.8262" lon="6.42988">
        <ele>672.3</ele>
      </trkpt>
      <trkpt lat="43.826189" lon="6.42992">
        <ele>672.2</ele>
      </trkpt>
      <trkpt lat="43.82617" lon="6.43">
        <ele>672.0</ele>
      </trkpt>
      <trkpt lat="43.82614" lon="6.43007">
        <ele>671.8</ele>
      </trkpt>
      <trkpt lat="43.82611" lon="6.43014">
        <ele>671.8</ele>
      </trkpt>
      <trkpt lat="43.82607" lon="6.43021">
        <ele>671.8</ele>
      </trkpt>
      <trkpt lat="43.82603" lon="6.43027">
        <ele>671.8</ele>
      </trkpt>
      <trkpt lat="43.82598" lon="6.43033">
        <ele>671.8</ele>
      </trkpt>
      <trkpt lat="43.8259" lon="6.43041">
        <ele>671.9</ele>
      </trkpt>
      <trkpt lat="43.82586" lon="6.43045">
        <ele>671.9</ele>
      </trkpt>
      <trkpt lat="43.82581" lon="6.43047">
        <ele>671.9</ele>
      </trkpt>
      <trkpt lat="43.82575" lon="6.43049">
        <ele>671.9</ele>
      </trkpt>
      <trkpt lat="43.8257" lon="6.43049">
        <ele>672.0</ele>
      </trkpt>
      <trkpt lat="43.825629" lon="6.43049">
        <ele>672.6</ele>
      </trkpt>
      <trkpt lat="43.82555" lon="6.43047">
        <ele>673.7</ele>
      </trkpt>
      <trkpt lat="43.82551" lon="6.43047">
        <ele>674.0</ele>
      </trkpt>
      <trkpt lat="43.82548" lon="6.43046">
        <ele>674.5</ele>
      </trkpt>
      <trkpt lat="43.82547" lon="6.43046">
        <ele>674.6</ele>
      </trkpt>
      <trkpt lat="43.8254" lon="6.43046">
        <ele>675.3</ele>
      </trkpt>
      <trkpt lat="43.82532" lon="6.43047">
        <ele>675.9</ele>
      </trkpt>
      <trkpt lat="43.82517" lon="6.43048">
        <ele>677.2</ele>
      </trkpt>
      <trkpt lat="43.82494" lon="6.43049">
        <ele>678.6</ele>
      </trkpt>
      <trkpt lat="43.82493" lon="6.43049">
        <ele>678.6</ele>
      </trkpt>
      <trkpt lat="43.82481" lon="6.43049">
        <ele>678.6</ele>
      </trkpt>
      <trkpt lat="43.82467" lon="6.4305">
        <ele>678.4</ele>
      </trkpt>
      <trkpt lat="43.82461" lon="6.43051">
        <ele>678.2</ele>
      </trkpt>
      <trkpt lat="43.82455" lon="6.430519">
        <ele>678.0</ele>
      </trkpt>
      <trkpt lat="43.82446" lon="6.43054">
        <ele>677.6</ele>
      </trkpt>
      <trkpt lat="43.82429" lon="6.43058">
        <ele>676.9</ele>
      </trkpt>
      <trkpt lat="43.824219" lon="6.430589">
        <ele>676.7</ele>
      </trkpt>
      <trkpt lat="43.82416" lon="6.43061">
        <ele>676.3</ele>
      </trkpt>
      <trkpt lat="43.82412" lon="6.43063">
        <ele>675.7</ele>
      </trkpt>
      <trkpt lat="43.82407" lon="6.430659">
        <ele>675.0</ele>
      </trkpt>
      <trkpt lat="43.82402" lon="6.43069">
        <ele>674.3</ele>
      </trkpt>
      <trkpt lat="43.82396" lon="6.430729">
        <ele>673.5</ele>
      </trkpt>
      <trkpt lat="43.8239" lon="6.43079">
        <ele>672.4</ele>
      </trkpt>
      <trkpt lat="43.82386" lon="6.43083">
        <ele>671.7</ele>
      </trkpt>
      <trkpt lat="43.82383" lon="6.43086">
        <ele>671.5</ele>
      </trkpt>
      <trkpt lat="43.82378" lon="6.43089">
        <ele>671.3</ele>
      </trkpt>
      <trkpt lat="43.82372" lon="6.43093">
        <ele>671.0</ele>
      </trkpt>
      <trkpt lat="43.82362" lon="6.43102">
        <ele>670.3</ele>
      </trkpt>
      <trkpt lat="43.82349" lon="6.43118">
        <ele>669.0</ele>
      </trkpt>
      <trkpt lat="43.82338" lon="6.43132">
        <ele>667.7</ele>
      </trkpt>
      <trkpt lat="43.82333" lon="6.43136">
        <ele>667.2</ele>
      </trkpt>
      <trkpt lat="43.82332" lon="6.43137">
        <ele>667.1</ele>
      </trkpt>
      <trkpt lat="43.82329" lon="6.43138">
        <ele>667.1</ele>
      </trkpt>
      <trkpt lat="43.82326" lon="6.43139">
        <ele>667.1</ele>
      </trkpt>
      <trkpt lat="43.82321" lon="6.4314">
        <ele>667.0</ele>
      </trkpt>
      <trkpt lat="43.82317" lon="6.4314">
        <ele>667.1</ele>
      </trkpt>
      <trkpt lat="43.82313" lon="6.43139">
        <ele>667.2</ele>
      </trkpt>
      <trkpt lat="43.82309" lon="6.43139">
        <ele>667.2</ele>
      </trkpt>
      <trkpt lat="43.82302" lon="6.43137">
        <ele>667.4</ele>
      </trkpt>
      <trkpt lat="43.82293" lon="6.43135">
        <ele>667.6</ele>
      </trkpt>
      <trkpt lat="43.82279" lon="6.4313">
        <ele>668.0</ele>
      </trkpt>
      <trkpt lat="43.82265" lon="6.43125">
        <ele>668.4</ele>
      </trkpt>
      <trkpt lat="43.82258" lon="6.43122">
        <ele>668.6</ele>
      </trkpt>
      <trkpt lat="43.82245" lon="6.43116">
        <ele>669.2</ele>
      </trkpt>
      <trkpt lat="43.82236" lon="6.431129">
        <ele>669.7</ele>
      </trkpt>
      <trkpt lat="43.82231" lon="6.43111">
        <ele>669.9</ele>
      </trkpt>
      <trkpt lat="43.82226" lon="6.4311">
        <ele>670.2</ele>
      </trkpt>
      <trkpt lat="43.82219" lon="6.43111">
        <ele>670.3</ele>
      </trkpt>
      <trkpt lat="43.82215" lon="6.431129">
        <ele>670.3</ele>
      </trkpt>
      <trkpt lat="43.82209" lon="6.43115">
        <ele>670.3</ele>
      </trkpt>
      <trkpt lat="43.82201" lon="6.43118">
        <ele>670.3</ele>
      </trkpt>
      <trkpt lat="43.82193" lon="6.43124">
        <ele>670.0</ele>
      </trkpt>
      <trkpt lat="43.82181" lon="6.43132">
        <ele>669.5</ele>
      </trkpt>
      <trkpt lat="43.82172" lon="6.43135">
        <ele>669.3</ele>
      </trkpt>
      <trkpt lat="43.82163" lon="6.43136">
        <ele>669.9</ele>
      </trkpt>
      <trkpt lat="43.82156" lon="6.43136">
        <ele>671.1</ele>
      </trkpt>
      <trkpt lat="43.82151" lon="6.43135">
        <ele>672.2</ele>
      </trkpt>
      <trkpt lat="43.82146" lon="6.43133">
        <ele>673.4</ele>
      </trkpt>
      <trkpt lat="43.82134" lon="6.43131">
        <ele>675.9</ele>
      </trkpt>
      <trkpt lat="43.82126" lon="6.4313">
        <ele>677.7</ele>
      </trkpt>
      <trkpt lat="43.8212" lon="6.43131">
        <ele>678.6</ele>
      </trkpt>
      <trkpt lat="43.82116" lon="6.43133">
        <ele>678.8</ele>
      </trkpt>
      <trkpt lat="43.821129" lon="6.43135">
        <ele>678.8</ele>
      </trkpt>
      <trkpt lat="43.82107" lon="6.43139">
        <ele>678.8</ele>
      </trkpt>
      <trkpt lat="43.82097" lon="6.43153">
        <ele>676.1</ele>
      </trkpt>
      <trkpt lat="43.820839" lon="6.43179">
        <ele>670.9</ele>
      </trkpt>
      <trkpt lat="43.8208" lon="6.43187">
        <ele>671.5</ele>
      </trkpt>
      <trkpt lat="43.82079" lon="6.431879">
        <ele>671.9</ele>
      </trkpt>
      <trkpt lat="43.82074" lon="6.431949">
        <ele>673.4</ele>
      </trkpt>
      <trkpt lat="43.82069" lon="6.432">
        <ele>675.1</ele>
      </trkpt>
      <trkpt lat="43.820659" lon="6.43203">
        <ele>676.1</ele>
      </trkpt>
      <trkpt lat="43.82062" lon="6.43209">
        <ele>676.8</ele>
      </trkpt>
      <trkpt lat="43.82055" lon="6.43219">
        <ele>677.9</ele>
      </trkpt>
      <trkpt lat="43.82043" lon="6.43238">
        <ele>678.4</ele>
      </trkpt>
      <trkpt lat="43.820369" lon="6.4325">
        <ele>677.3</ele>
      </trkpt>
      <trkpt lat="43.82033" lon="6.43258">
        <ele>677.8</ele>
      </trkpt>
      <trkpt lat="43.82031" lon="6.43264">
        <ele>677.6</ele>
      </trkpt>
      <trkpt lat="43.820279" lon="6.43271">
        <ele>677.6</ele>
      </trkpt>
      <trkpt lat="43.82021" lon="6.43298">
        <ele>674.9</ele>
      </trkpt>
      <trkpt lat="43.82016" lon="6.433169">
        <ele>672.3</ele>
      </trkpt>
      <trkpt lat="43.82014" lon="6.43322">
        <ele>671.6</ele>
      </trkpt>
      <trkpt lat="43.82012" lon="6.43328">
        <ele>670.7</ele>
      </trkpt>
      <trkpt lat="43.82008" lon="6.43335">
        <ele>670.0</ele>
      </trkpt>
      <trkpt lat="43.82005" lon="6.4334">
        <ele>670.2</ele>
      </trkpt>
      <trkpt lat="43.81999" lon="6.43348">
        <ele>670.6</ele>
      </trkpt>
      <trkpt lat="43.81994" lon="6.43354">
        <ele>671.8</ele>
      </trkpt>
      <trkpt lat="43.819899" lon="6.43358">
        <ele>672.7</ele>
      </trkpt>
      <trkpt lat="43.81986" lon="6.43362">
        <ele>673.6</ele>
      </trkpt>
      <trkpt lat="43.81979" lon="6.43367">
        <ele>675.0</ele>
      </trkpt>
      <trkpt lat="43.81971" lon="6.43373">
        <ele>676.4</ele>
      </trkpt>
      <trkpt lat="43.81966" lon="6.43379">
        <ele>676.0</ele>
      </trkpt>
      <trkpt lat="43.81961" lon="6.433849">
        <ele>675.7</ele>
      </trkpt>
      <trkpt lat="43.81956" lon="6.43392">
        <ele>675.4</ele>
      </trkpt>
      <trkpt lat="43.81951" lon="6.434">
        <ele>675.0</ele>
      </trkpt>
      <trkpt lat="43.81947" lon="6.43408">
        <ele>674.7</ele>
      </trkpt>
      <trkpt lat="43.81938" lon="6.4343">
        <ele>673.9</ele>
      </trkpt>
      <trkpt lat="43.81928" lon="6.43451">
        <ele>672.2</ele>
      </trkpt>
      <trkpt lat="43.81928" lon="6.43452">
        <ele>672.1</ele>
      </trkpt>
      <trkpt lat="43.81919" lon="6.43473">
        <ele>669.3</ele>
      </trkpt>
      <trkpt lat="43.8191" lon="6.43494">
        <ele>670.0</ele>
      </trkpt>
      <trkpt lat="43.81901" lon="6.43516">
        <ele>673.3</ele>
      </trkpt>
      <trkpt lat="43.81892" lon="6.43537">
        <ele>675.8</ele>
      </trkpt>
      <trkpt lat="43.8189" lon="6.43542">
        <ele>676.2</ele>
      </trkpt>
      <trkpt lat="43.81882" lon="6.43558">
        <ele>677.1</ele>
      </trkpt>
      <trkpt lat="43.81881" lon="6.435609">
        <ele>677.0</ele>
      </trkpt>
      <trkpt lat="43.81871" lon="6.43578">
        <ele>677.0</ele>
      </trkpt>
      <trkpt lat="43.81871" lon="6.43579">
        <ele>676.8</ele>
      </trkpt>
      <trkpt lat="43.81864" lon="6.43589">
        <ele>677.4</ele>
      </trkpt>
      <trkpt lat="43.8186" lon="6.43595">
        <ele>677.8</ele>
      </trkpt>
      <trkpt lat="43.81859" lon="6.43596">
        <ele>677.9</ele>
      </trkpt>
      <trkpt lat="43.81856" lon="6.43599">
        <ele>678.2</ele>
      </trkpt>
      <trkpt lat="43.81851" lon="6.43605">
        <ele>678.3</ele>
      </trkpt>
      <trkpt lat="43.81844" lon="6.43611">
        <ele>678.3</ele>
      </trkpt>
      <trkpt lat="43.81836" lon="6.43619">
        <ele>677.6</ele>
      </trkpt>
      <trkpt lat="43.81829" lon="6.43624">
        <ele>677.3</ele>
      </trkpt>
      <trkpt lat="43.81828" lon="6.43625">
        <ele>677.2</ele>
      </trkpt>
      <trkpt lat="43.81823" lon="6.4363">
        <ele>676.7</ele>
      </trkpt>
      <trkpt lat="43.818129" lon="6.43636">
        <ele>676.5</ele>
      </trkpt>
      <trkpt lat="43.81812" lon="6.43637">
        <ele>676.4</ele>
      </trkpt>
      <trkpt lat="43.81796" lon="6.43645">
        <ele>676.2</ele>
      </trkpt>
      <trkpt lat="43.81783" lon="6.43651">
        <ele>675.8</ele>
      </trkpt>
      <trkpt lat="43.81779" lon="6.43652">
        <ele>675.9</ele>
      </trkpt>
      <trkpt lat="43.8177" lon="6.43655">
        <ele>675.9</ele>
      </trkpt>
      <trkpt lat="43.81763" lon="6.43657">
        <ele>675.9</ele>
      </trkpt>
      <trkpt lat="43.81762" lon="6.43658">
        <ele>675.7</ele>
      </trkpt>
      <trkpt lat="43.81753" lon="6.4366">
        <ele>675.8</ele>
      </trkpt>
      <trkpt lat="43.81744" lon="6.436619">
        <ele>676.3</ele>
      </trkpt>
      <trkpt lat="43.81736" lon="6.43665">
        <ele>676.3</ele>
      </trkpt>
      <trkpt lat="43.81726" lon="6.43666">
        <ele>677.1</ele>
      </trkpt>
      <trkpt lat="43.81725" lon="6.43666">
        <ele>677.3</ele>
      </trkpt>
      <trkpt lat="43.81714" lon="6.43666">
        <ele>678.6</ele>
      </trkpt>
      <trkpt lat="43.81708" lon="6.43666">
        <ele>679.3</ele>
      </trkpt>
      <trkpt lat="43.81703" lon="6.43667">
        <ele>679.7</ele>
      </trkpt>
      <trkpt lat="43.816899" lon="6.43666">
        <ele>681.5</ele>
      </trkpt>
      <trkpt lat="43.81687" lon="6.43666">
        <ele>681.9</ele>
      </trkpt>
      <trkpt lat="43.81675" lon="6.43667">
        <ele>683.0</ele>
      </trkpt>
      <trkpt lat="43.816719" lon="6.43668">
        <ele>683.4</ele>
      </trkpt>
      <trkpt lat="43.81665" lon="6.436689">
        <ele>684.9</ele>
      </trkpt>
      <trkpt lat="43.81658" lon="6.43671">
        <ele>688.5</ele>
      </trkpt>
      <trkpt lat="43.81655" lon="6.43672">
        <ele>690.0</ele>
      </trkpt>
      <trkpt lat="43.81652" lon="6.43673">
        <ele>691.4</ele>
      </trkpt>
      <trkpt lat="43.81646" lon="6.43675">
        <ele>694.1</ele>
      </trkpt>
      <trkpt lat="43.81638" lon="6.4368">
        <ele>696.9</ele>
      </trkpt>
      <trkpt lat="43.81635" lon="6.43681">
        <ele>698.0</ele>
      </trkpt>
      <trkpt lat="43.81621" lon="6.436899">
        <ele>701.0</ele>
      </trkpt>
      <trkpt lat="43.8162" lon="6.43691">
        <ele>701.1</ele>
      </trkpt>
      <trkpt lat="43.81607" lon="6.437">
        <ele>701.6</ele>
      </trkpt>
      <trkpt lat="43.81606" lon="6.43702">
        <ele>700.9</ele>
      </trkpt>
      <trkpt lat="43.816" lon="6.43709">
        <ele>698.9</ele>
      </trkpt>
      <trkpt lat="43.81594" lon="6.43718">
        <ele>695.2</ele>
      </trkpt>
      <trkpt lat="43.81593" lon="6.43719">
        <ele>694.8</ele>
      </trkpt>
      <trkpt lat="43.81589" lon="6.43725">
        <ele>691.7</ele>
      </trkpt>
      <trkpt lat="43.81585" lon="6.43732">
        <ele>687.6</ele>
      </trkpt>
      <trkpt lat="43.81583" lon="6.4374">
        <ele>682.5</ele>
      </trkpt>
      <trkpt lat="43.81581" lon="6.43746">
        <ele>679.0</ele>
      </trkpt>
      <trkpt lat="43.815779" lon="6.43758">
        <ele>679.2</ele>
      </trkpt>
      <trkpt lat="43.81577" lon="6.43763">
        <ele>680.7</ele>
      </trkpt>
      <trkpt lat="43.81576" lon="6.43768">
        <ele>682.0</ele>
      </trkpt>
      <trkpt lat="43.81575" lon="6.43773">
        <ele>683.3</ele>
      </trkpt>
      <trkpt lat="43.81573" lon="6.43779">
        <ele>684.7</ele>
      </trkpt>
      <trkpt lat="43.8157" lon="6.43786">
        <ele>686.0</ele>
      </trkpt>
      <trkpt lat="43.81567" lon="6.43793">
        <ele>687.0</ele>
      </trkpt>
      <trkpt lat="43.81561" lon="6.43802">
        <ele>687.3</ele>
      </trkpt>
      <trkpt lat="43.81558" lon="6.438049">
        <ele>686.9</ele>
      </trkpt>
      <trkpt lat="43.81555" lon="6.43809">
        <ele>686.5</ele>
      </trkpt>
      <trkpt lat="43.81551" lon="6.43813">
        <ele>685.5</ele>
      </trkpt>
      <trkpt lat="43.81544" lon="6.43818">
        <ele>683.3</ele>
      </trkpt>
      <trkpt lat="43.81543" lon="6.43818">
        <ele>682.9</ele>
      </trkpt>
      <trkpt lat="43.815399" lon="6.4382">
        <ele>681.8</ele>
      </trkpt>
      <trkpt lat="43.81536" lon="6.43821">
        <ele>680.2</ele>
      </trkpt>
      <trkpt lat="43.815309" lon="6.43823">
        <ele>678.1</ele>
      </trkpt>
      <trkpt lat="43.81527" lon="6.43823">
        <ele>676.5</ele>
      </trkpt>
      <trkpt lat="43.81526" lon="6.43823">
        <ele>676.1</ele>
      </trkpt>
      <trkpt lat="43.81521" lon="6.43822">
        <ele>674.3</ele>
      </trkpt>
      <trkpt lat="43.81512" lon="6.43821">
        <ele>671.1</ele>
      </trkpt>
      <trkpt lat="43.81508" lon="6.4382">
        <ele>669.9</ele>
      </trkpt>
      <trkpt lat="43.81496" lon="6.43819">
        <ele>669.4</ele>
      </trkpt>
      <trkpt lat="43.8149" lon="6.4382">
        <ele>672.2</ele>
      </trkpt>
      <trkpt lat="43.81488" lon="6.4382">
        <ele>673.3</ele>
      </trkpt>
      <trkpt lat="43.8148" lon="6.43822">
        <ele>677.1</ele>
      </trkpt>
      <trkpt lat="43.81473" lon="6.43825">
        <ele>680.5</ele>
      </trkpt>
      <trkpt lat="43.81472" lon="6.43825">
        <ele>681.1</ele>
      </trkpt>
      <trkpt lat="43.81467" lon="6.43826">
        <ele>683.9</ele>
      </trkpt>
      <trkpt lat="43.8146" lon="6.43826">
        <ele>688.0</ele>
      </trkpt>
      <trkpt lat="43.81454" lon="6.43825">
        <ele>691.4</ele>
      </trkpt>
      <trkpt lat="43.814459" lon="6.43825">
        <ele>696.0</ele>
      </trkpt>
      <trkpt lat="43.81441" lon="6.43826">
        <ele>699.0</ele>
      </trkpt>
      <trkpt lat="43.814369" lon="6.43827">
        <ele>701.6</ele>
      </trkpt>
      <trkpt lat="43.81435" lon="6.43827">
        <ele>702.7</ele>
      </trkpt>
      <trkpt lat="43.81429" lon="6.43828">
        <ele>706.5</ele>
      </trkpt>
      <trkpt lat="43.81422" lon="6.43827">
        <ele>710.4</ele>
      </trkpt>
      <trkpt lat="43.81419" lon="6.43827">
        <ele>712.2</ele>
      </trkpt>
      <trkpt lat="43.81416" lon="6.43826">
        <ele>712.8</ele>
      </trkpt>
      <trkpt lat="43.81403" lon="6.43821">
        <ele>703.9</ele>
      </trkpt>
      <trkpt lat="43.81392" lon="6.43817">
        <ele>696.5</ele>
      </trkpt>
      <trkpt lat="43.81385" lon="6.43814">
        <ele>691.8</ele>
      </trkpt>
      <trkpt lat="43.81376" lon="6.43809">
        <ele>685.4</ele>
      </trkpt>
      <trkpt lat="43.81375" lon="6.43808">
        <ele>684.6</ele>
      </trkpt>
      <trkpt lat="43.81367" lon="6.43801">
        <ele>678.4</ele>
      </trkpt>
      <trkpt lat="43.8136" lon="6.43793">
        <ele>672.5</ele>
      </trkpt>
      <trkpt lat="43.81355" lon="6.43786">
        <ele>668.1</ele>
      </trkpt>
      <trkpt lat="43.81346" lon="6.43777">
        <ele>661.4</ele>
      </trkpt>
      <trkpt lat="43.813339" lon="6.43763">
        <ele>652.4</ele>
      </trkpt>
      <trkpt lat="43.81333" lon="6.43761">
        <ele>651.7</ele>
      </trkpt>
      <trkpt lat="43.81304" lon="6.43731">
        <ele>661.8</ele>
      </trkpt>
      <trkpt lat="43.8129" lon="6.43716">
        <ele>667.4</ele>
      </trkpt>
      <trkpt lat="43.81286" lon="6.43713">
        <ele>668.0</ele>
      </trkpt>
      <trkpt lat="43.81275" lon="6.43702">
        <ele>669.6</ele>
      </trkpt>
      <trkpt lat="43.81275" lon="6.43701">
        <ele>669.9</ele>
      </trkpt>
      <trkpt lat="43.8126" lon="6.43688">
        <ele>668.9</ele>
      </trkpt>
      <trkpt lat="43.81259" lon="6.43687">
        <ele>668.8</ele>
      </trkpt>
      <trkpt lat="43.81244" lon="6.436759">
        <ele>666.6</ele>
      </trkpt>
      <trkpt lat="43.81227" lon="6.43667">
        <ele>665.2</ele>
      </trkpt>
      <trkpt lat="43.81225" lon="6.43665">
        <ele>665.8</ele>
      </trkpt>
      <trkpt lat="43.8121" lon="6.43659">
        <ele>666.6</ele>
      </trkpt>
      <trkpt lat="43.81201" lon="6.43655">
        <ele>667.1</ele>
      </trkpt>
      <trkpt lat="43.81187" lon="6.43648">
        <ele>668.0</ele>
      </trkpt>
      <trkpt lat="43.81176" lon="6.43644">
        <ele>667.9</ele>
      </trkpt>
      <trkpt lat="43.81173" lon="6.43643">
        <ele>667.8</ele>
      </trkpt>
      <trkpt lat="43.81167" lon="6.43642">
        <ele>667.2</ele>
      </trkpt>
      <trkpt lat="43.81161" lon="6.43641">
        <ele>668.7</ele>
      </trkpt>
      <trkpt lat="43.81158" lon="6.43641">
        <ele>669.4</ele>
      </trkpt>
      <trkpt lat="43.81156" lon="6.43641">
        <ele>669.8</ele>
      </trkpt>
      <trkpt lat="43.81151" lon="6.43642">
        <ele>670.4</ele>
      </trkpt>
      <trkpt lat="43.81145" lon="6.43644">
        <ele>670.8</ele>
      </trkpt>
      <trkpt lat="43.81141" lon="6.43646">
        <ele>670.6</ele>
      </trkpt>
      <trkpt lat="43.8114" lon="6.43647">
        <ele>670.6</ele>
      </trkpt>
      <trkpt lat="43.811279" lon="6.43655">
        <ele>670.2</ele>
      </trkpt>
      <trkpt lat="43.81123" lon="6.43659">
        <ele>670.0</ele>
      </trkpt>
      <trkpt lat="43.8112" lon="6.43661">
        <ele>669.9</ele>
      </trkpt>
      <trkpt lat="43.81115" lon="6.43666">
        <ele>669.7</ele>
      </trkpt>
      <trkpt lat="43.81105" lon="6.43673">
        <ele>669.3</ele>
      </trkpt>
      <trkpt lat="43.811" lon="6.436759">
        <ele>669.2</ele>
      </trkpt>
      <trkpt lat="43.81092" lon="6.4368">
        <ele>670.3</ele>
      </trkpt>
      <trkpt lat="43.81088" lon="6.436829">
        <ele>670.8</ele>
      </trkpt>
      <trkpt lat="43.81079" lon="6.43688">
        <ele>672.6</ele>
      </trkpt>
      <trkpt lat="43.81069" lon="6.43691">
        <ele>675.6</ele>
      </trkpt>
      <trkpt lat="43.81063" lon="6.43693">
        <ele>677.2</ele>
      </trkpt>
      <trkpt lat="43.81057" lon="6.43695">
        <ele>678.7</ele>
      </trkpt>
      <trkpt lat="43.81045" lon="6.437">
        <ele>681.2</ele>
      </trkpt>
      <trkpt lat="43.81038" lon="6.43704">
        <ele>682.1</ele>
      </trkpt>
      <trkpt lat="43.81033" lon="6.43707">
        <ele>682.6</ele>
      </trkpt>
      <trkpt lat="43.81025" lon="6.43713">
        <ele>682.8</ele>
      </trkpt>
      <trkpt lat="43.81021" lon="6.43717">
        <ele>682.4</ele>
      </trkpt>
      <trkpt lat="43.81017" lon="6.4372">
        <ele>682.1</ele>
      </trkpt>
      <trkpt lat="43.81011" lon="6.43727">
        <ele>680.7</ele>
      </trkpt>
      <trkpt lat="43.81006" lon="6.43731">
        <ele>680.0</ele>
      </trkpt>
      <trkpt lat="43.81006" lon="6.43732">
        <ele>679.6</ele>
      </trkpt>
      <trkpt lat="43.81" lon="6.437369">
        <ele>678.3</ele>
      </trkpt>
      <trkpt lat="43.80991" lon="6.437439">
        <ele>676.1</ele>
      </trkpt>
      <trkpt lat="43.80984" lon="6.4375">
        <ele>674.0</ele>
      </trkpt>
      <trkpt lat="43.80975" lon="6.43756">
        <ele>673.8</ele>
      </trkpt>
      <trkpt lat="43.80972" lon="6.43759">
        <ele>673.6</ele>
      </trkpt>
      <trkpt lat="43.80959" lon="6.43767">
        <ele>672.9</ele>
      </trkpt>
      <trkpt lat="43.80956" lon="6.43769">
        <ele>672.7</ele>
      </trkpt>
      <trkpt lat="43.80934" lon="6.43781">
        <ele>670.7</ele>
      </trkpt>
      <trkpt lat="43.80926" lon="6.43786">
        <ele>669.5</ele>
      </trkpt>
      <trkpt lat="43.80921" lon="6.43788">
        <ele>669.0</ele>
      </trkpt>
      <trkpt lat="43.8091" lon="6.43797">
        <ele>666.4</ele>
      </trkpt>
      <trkpt lat="43.80904" lon="6.43801">
        <ele>665.1</ele>
      </trkpt>
      <trkpt lat="43.80897" lon="6.43806">
        <ele>663.5</ele>
      </trkpt>
      <trkpt lat="43.808929" lon="6.43808">
        <ele>662.9</ele>
      </trkpt>
      <trkpt lat="43.80886" lon="6.43809">
        <ele>662.3</ele>
      </trkpt>
      <trkpt lat="43.8088" lon="6.4381">
        <ele>661.7</ele>
      </trkpt>
      <trkpt lat="43.80876" lon="6.4381">
        <ele>661.5</ele>
      </trkpt>
      <trkpt lat="43.80874" lon="6.43809">
        <ele>661.6</ele>
      </trkpt>
      <trkpt lat="43.80858" lon="6.43807">
        <ele>661.3</ele>
      </trkpt>
      <trkpt lat="43.80844" lon="6.438049">
        <ele>661.0</ele>
      </trkpt>
      <trkpt lat="43.80827" lon="6.43802">
        <ele>661.3</ele>
      </trkpt>
      <trkpt lat="43.808317" lon="6.437594">
        <ele>670.9</ele>
      </trkpt>
      <trkpt lat="43.80827" lon="6.43802">
        <ele>661.3</ele>
      </trkpt>
      <trkpt lat="43.808169" lon="6.438">
        <ele>662.1</ele>
      </trkpt>
      <trkpt lat="43.80804" lon="6.43797">
        <ele>663.2</ele>
      </trkpt>
      <trkpt lat="43.807989" lon="6.43796">
        <ele>663.7</ele>
      </trkpt>
      <trkpt lat="43.80786" lon="6.43794">
        <ele>664.6</ele>
      </trkpt>
      <trkpt lat="43.8078" lon="6.43793">
        <ele>665.1</ele>
      </trkpt>
      <trkpt lat="43.80759" lon="6.437909">
        <ele>666.4</ele>
      </trkpt>
      <trkpt lat="43.80737" lon="6.43792">
        <ele>667.4</ele>
      </trkpt>
      <trkpt lat="43.80728" lon="6.43792">
        <ele>668.1</ele>
      </trkpt>
      <trkpt lat="43.8072" lon="6.43793">
        <ele>668.5</ele>
      </trkpt>
      <trkpt lat="43.80712" lon="6.43795">
        <ele>668.5</ele>
      </trkpt>
      <trkpt lat="43.80704" lon="6.43799">
        <ele>667.9</ele>
      </trkpt>
      <trkpt lat="43.80697" lon="6.43802">
        <ele>667.5</ele>
      </trkpt>
      <trkpt lat="43.80687" lon="6.43806">
        <ele>667.1</ele>
      </trkpt>
      <trkpt lat="43.80681" lon="6.43811">
        <ele>666.0</ele>
      </trkpt>
      <trkpt lat="43.80669" lon="6.43818">
        <ele>664.6</ele>
      </trkpt>
      <trkpt lat="43.80664" lon="6.43822">
        <ele>663.8</ele>
      </trkpt>
      <trkpt lat="43.80656" lon="6.43828">
        <ele>662.7</ele>
      </trkpt>
      <trkpt lat="43.806489" lon="6.43834">
        <ele>661.6</ele>
      </trkpt>
      <trkpt lat="43.80643" lon="6.43839">
        <ele>661.7</ele>
      </trkpt>
      <trkpt lat="43.80634" lon="6.43848">
        <ele>661.6</ele>
      </trkpt>
      <trkpt lat="43.80633" lon="6.43849">
        <ele>661.6</ele>
      </trkpt>
      <trkpt lat="43.80625" lon="6.43857">
        <ele>661.6</ele>
      </trkpt>
      <trkpt lat="43.806199" lon="6.43865">
        <ele>661.3</ele>
      </trkpt>
      <trkpt lat="43.80613" lon="6.43879">
        <ele>660.6</ele>
      </trkpt>
      <trkpt lat="43.80608" lon="6.43894">
        <ele>659.9</ele>
      </trkpt>
      <trkpt lat="43.80605" lon="6.43904">
        <ele>659.6</ele>
      </trkpt>
      <trkpt lat="43.80601" lon="6.43915">
        <ele>659.1</ele>
      </trkpt>
      <trkpt lat="43.80598" lon="6.43925">
        <ele>658.7</ele>
      </trkpt>
      <trkpt lat="43.80592" lon="6.43947">
        <ele>657.9</ele>
      </trkpt>
      <trkpt lat="43.80586" lon="6.43963">
        <ele>657.2</ele>
      </trkpt>
      <trkpt lat="43.80582" lon="6.439739">
        <ele>656.8</ele>
      </trkpt>
      <trkpt lat="43.80578" lon="6.4398">
        <ele>657.0</ele>
      </trkpt>
      <trkpt lat="43.805729" lon="6.439879">
        <ele>657.3</ele>
      </trkpt>
      <trkpt lat="43.80566" lon="6.43997">
        <ele>657.7</ele>
      </trkpt>
      <trkpt lat="43.8056" lon="6.44002">
        <ele>658.1</ele>
      </trkpt>
      <trkpt lat="43.80553" lon="6.44005">
        <ele>658.7</ele>
      </trkpt>
      <trkpt lat="43.80552" lon="6.44006">
        <ele>658.8</ele>
      </trkpt>
      <trkpt lat="43.80545" lon="6.44009">
        <ele>659.3</ele>
      </trkpt>
      <trkpt lat="43.8054" lon="6.44012">
        <ele>659.5</ele>
      </trkpt>
      <trkpt lat="43.80535" lon="6.44016">
        <ele>659.5</ele>
      </trkpt>
      <trkpt lat="43.80529" lon="6.44022">
        <ele>659.2</ele>
      </trkpt>
      <trkpt lat="43.80523" lon="6.44034">
        <ele>657.7</ele>
      </trkpt>
      <trkpt lat="43.805169" lon="6.44046">
        <ele>656.0</ele>
      </trkpt>
      <trkpt lat="43.80513" lon="6.44055">
        <ele>654.5</ele>
      </trkpt>
      <trkpt lat="43.80509" lon="6.44062">
        <ele>653.3</ele>
      </trkpt>
      <trkpt lat="43.80507" lon="6.44067">
        <ele>652.3</ele>
      </trkpt>
      <trkpt lat="43.80505" lon="6.4407">
        <ele>651.8</ele>
      </trkpt>
      <trkpt lat="43.805" lon="6.44076">
        <ele>650.6</ele>
      </trkpt>
      <trkpt lat="43.80494" lon="6.44081">
        <ele>649.5</ele>
      </trkpt>
      <trkpt lat="43.80487" lon="6.44087">
        <ele>649.4</ele>
      </trkpt>
      <trkpt lat="43.80486" lon="6.44087">
        <ele>649.4</ele>
      </trkpt>
      <trkpt lat="43.80481" lon="6.44091">
        <ele>649.6</ele>
      </trkpt>
      <trkpt lat="43.80476" lon="6.44094">
        <ele>649.8</ele>
      </trkpt>
      <trkpt lat="43.80471" lon="6.44098">
        <ele>650.0</ele>
      </trkpt>
      <trkpt lat="43.80467" lon="6.441">
        <ele>650.0</ele>
      </trkpt>
      <trkpt lat="43.80462" lon="6.44101">
        <ele>650.1</ele>
      </trkpt>
      <trkpt lat="43.80457" lon="6.44101">
        <ele>650.0</ele>
      </trkpt>
      <trkpt lat="43.80453" lon="6.441">
        <ele>650.0</ele>
      </trkpt>
      <trkpt lat="43.804519" lon="6.441">
        <ele>650.0</ele>
      </trkpt>
      <trkpt lat="43.80448" lon="6.44099">
        <ele>649.9</ele>
      </trkpt>
      <trkpt lat="43.80445" lon="6.44097">
        <ele>649.9</ele>
      </trkpt>
      <trkpt lat="43.80442" lon="6.44095">
        <ele>649.9</ele>
      </trkpt>
      <trkpt lat="43.8044" lon="6.44093">
        <ele>649.8</ele>
      </trkpt>
      <trkpt lat="43.80437" lon="6.440889">
        <ele>649.8</ele>
      </trkpt>
      <trkpt lat="43.80435" lon="6.44086">
        <ele>649.8</ele>
      </trkpt>
      <trkpt lat="43.80432" lon="6.44081">
        <ele>650.0</ele>
      </trkpt>
      <trkpt lat="43.80431" lon="6.44077">
        <ele>650.3</ele>
      </trkpt>
      <trkpt lat="43.8043" lon="6.44072">
        <ele>650.6</ele>
      </trkpt>
      <trkpt lat="43.80429" lon="6.44067">
        <ele>650.9</ele>
      </trkpt>
      <trkpt lat="43.80428" lon="6.44061">
        <ele>651.2</ele>
      </trkpt>
      <trkpt lat="43.80428" lon="6.4405">
        <ele>651.9</ele>
      </trkpt>
      <trkpt lat="43.80428" lon="6.440419">
        <ele>652.4</ele>
      </trkpt>
      <trkpt lat="43.80429" lon="6.44025">
        <ele>653.5</ele>
      </trkpt>
      <trkpt lat="43.80431" lon="6.43993">
        <ele>655.8</ele>
      </trkpt>
      <trkpt lat="43.80431" lon="6.4399">
        <ele>656.0</ele>
      </trkpt>
      <trkpt lat="43.80433" lon="6.43965">
        <ele>657.8</ele>
      </trkpt>
      <trkpt lat="43.80433" lon="6.43955">
        <ele>658.4</ele>
      </trkpt>
      <trkpt lat="43.80432" lon="6.43943">
        <ele>658.9</ele>
      </trkpt>
      <trkpt lat="43.8043" lon="6.43921">
        <ele>659.8</ele>
      </trkpt>
      <trkpt lat="43.80429" lon="6.43918">
        <ele>659.7</ele>
      </trkpt>
      <trkpt lat="43.80426" lon="6.43882">
        <ele>665.8</ele>
      </trkpt>
      <trkpt lat="43.80424" lon="6.43872">
        <ele>667.4</ele>
      </trkpt>
      <trkpt lat="43.80422" lon="6.43865">
        <ele>668.4</ele>
      </trkpt>
      <trkpt lat="43.80418" lon="6.43856">
        <ele>669.6</ele>
      </trkpt>
      <trkpt lat="43.804139" lon="6.43851">
        <ele>669.8</ele>
      </trkpt>
      <trkpt lat="43.8041" lon="6.43846">
        <ele>669.8</ele>
      </trkpt>
      <trkpt lat="43.80398" lon="6.43836">
        <ele>668.4</ele>
      </trkpt>
      <trkpt lat="43.80383" lon="6.43827">
        <ele>666.9</ele>
      </trkpt>
      <trkpt lat="43.80381" lon="6.43826">
        <ele>666.7</ele>
      </trkpt>
      <trkpt lat="43.80364" lon="6.43814">
        <ele>666.6</ele>
      </trkpt>
      <trkpt lat="43.80355" lon="6.43807">
        <ele>667.0</ele>
      </trkpt>
      <trkpt lat="43.80347" lon="6.43802">
        <ele>667.0</ele>
      </trkpt>
      <trkpt lat="43.80342" lon="6.43797">
        <ele>667.8</ele>
      </trkpt>
      <trkpt lat="43.80336" lon="6.43794">
        <ele>667.6</ele>
      </trkpt>
      <trkpt lat="43.803289" lon="6.437909">
        <ele>667.9</ele>
      </trkpt>
      <trkpt lat="43.80323" lon="6.43789">
        <ele>668.1</ele>
      </trkpt>
      <trkpt lat="43.8029" lon="6.43781">
        <ele>668.1</ele>
      </trkpt>
      <trkpt lat="43.8028" lon="6.43778">
        <ele>668.3</ele>
      </trkpt>
      <trkpt lat="43.80268" lon="6.43775">
        <ele>668.1</ele>
      </trkpt>
      <trkpt lat="43.8025" lon="6.43775">
        <ele>666.3</ele>
      </trkpt>
      <trkpt lat="43.80244" lon="6.43776">
        <ele>666.0</ele>
      </trkpt>
      <trkpt lat="43.80237" lon="6.43778">
        <ele>665.4</ele>
      </trkpt>
      <trkpt lat="43.80223" lon="6.43781">
        <ele>664.6</ele>
      </trkpt>
      <trkpt lat="43.80209" lon="6.43785">
        <ele>663.6</ele>
      </trkpt>
      <trkpt lat="43.80202" lon="6.43786">
        <ele>663.4</ele>
      </trkpt>
      <trkpt lat="43.80195" lon="6.43787">
        <ele>663.2</ele>
      </trkpt>
      <trkpt lat="43.80187" lon="6.43788">
        <ele>663.1</ele>
      </trkpt>
      <trkpt lat="43.80178" lon="6.4379">
        <ele>662.7</ele>
      </trkpt>
      <trkpt lat="43.80169" lon="6.437909">
        <ele>662.6</ele>
      </trkpt>
      <trkpt lat="43.8016" lon="6.437909">
        <ele>662.6</ele>
      </trkpt>
      <trkpt lat="43.80142" lon="6.437909">
        <ele>662.4</ele>
      </trkpt>
      <trkpt lat="43.80122" lon="6.43793">
        <ele>661.7</ele>
      </trkpt>
      <trkpt lat="43.8011" lon="6.43797">
        <ele>660.7</ele>
      </trkpt>
      <trkpt lat="43.80096" lon="6.43803">
        <ele>659.4</ele>
      </trkpt>
      <trkpt lat="43.80082" lon="6.4381">
        <ele>658.1</ele>
      </trkpt>
      <trkpt lat="43.8007" lon="6.43817">
        <ele>656.4</ele>
      </trkpt>
      <trkpt lat="43.80065" lon="6.4382">
        <ele>655.6</ele>
      </trkpt>
      <trkpt lat="43.80057" lon="6.43825">
        <ele>654.3</ele>
      </trkpt>
      <trkpt lat="43.8004" lon="6.43835">
        <ele>651.8</ele>
      </trkpt>
      <trkpt lat="43.80033" lon="6.43838">
        <ele>651.3</ele>
      </trkpt>
      <trkpt lat="43.80027" lon="6.43841">
        <ele>650.8</ele>
      </trkpt>
      <trkpt lat="43.80021" lon="6.43842">
        <ele>650.5</ele>
      </trkpt>
      <trkpt lat="43.80018" lon="6.43842">
        <ele>650.3</ele>
      </trkpt>
      <trkpt lat="43.80017" lon="6.43843">
        <ele>650.2</ele>
      </trkpt>
      <trkpt lat="43.800109" lon="6.43842">
        <ele>650.0</ele>
      </trkpt>
      <trkpt lat="43.8001" lon="6.43842">
        <ele>650.0</ele>
      </trkpt>
      <trkpt lat="43.80008" lon="6.43842">
        <ele>649.9</ele>
      </trkpt>
      <trkpt lat="43.80005" lon="6.43841">
        <ele>649.8</ele>
      </trkpt>
      <trkpt lat="43.80001" lon="6.43838">
        <ele>649.8</ele>
      </trkpt>
      <trkpt lat="43.8" lon="6.43838">
        <ele>649.7</ele>
      </trkpt>
      <trkpt lat="43.79975" lon="6.438119">
        <ele>653.9</ele>
      </trkpt>
      <trkpt lat="43.79966" lon="6.43801">
        <ele>656.3</ele>
      </trkpt>
      <trkpt lat="43.79962" lon="6.43797">
        <ele>657.2</ele>
      </trkpt>
      <trkpt lat="43.79959" lon="6.43795">
        <ele>657.7</ele>
      </trkpt>
      <trkpt lat="43.79957" lon="6.43793">
        <ele>658.2</ele>
      </trkpt>
      <trkpt lat="43.79955" lon="6.43792">
        <ele>658.4</ele>
      </trkpt>
      <trkpt lat="43.79952" lon="6.4379">
        <ele>658.9</ele>
      </trkpt>
      <trkpt lat="43.79948" lon="6.43789">
        <ele>659.2</ele>
      </trkpt>
      <trkpt lat="43.79943" lon="6.43787">
        <ele>659.7</ele>
      </trkpt>
      <trkpt lat="43.79938" lon="6.43787">
        <ele>659.7</ele>
      </trkpt>
      <trkpt lat="43.79929" lon="6.43788">
        <ele>659.5</ele>
      </trkpt>
      <trkpt lat="43.79924" lon="6.43788">
        <ele>659.5</ele>
      </trkpt>
      <trkpt lat="43.7992" lon="6.43789">
        <ele>659.2</ele>
      </trkpt>
      <trkpt lat="43.79905" lon="6.43794">
        <ele>658.7</ele>
      </trkpt>
      <trkpt lat="43.79859" lon="6.43811">
        <ele>656.9</ele>
      </trkpt>
      <trkpt lat="43.79845" lon="6.43815">
        <ele>656.4</ele>
      </trkpt>
      <trkpt lat="43.79825" lon="6.4382">
        <ele>656.2</ele>
      </trkpt>
      <trkpt lat="43.79788" lon="6.43829">
        <ele>656.7</ele>
      </trkpt>
      <trkpt lat="43.79782" lon="6.43831">
        <ele>656.7</ele>
      </trkpt>
      <trkpt lat="43.79774" lon="6.43832">
        <ele>657.1</ele>
      </trkpt>
      <trkpt lat="43.79764" lon="6.43834">
        <ele>657.5</ele>
      </trkpt>
      <trkpt lat="43.79757" lon="6.43835">
        <ele>658.0</ele>
      </trkpt>
      <trkpt lat="43.79733" lon="6.43839">
        <ele>657.2</ele>
      </trkpt>
      <trkpt lat="43.79716" lon="6.43842">
        <ele>655.9</ele>
      </trkpt>
      <trkpt lat="43.79702" lon="6.43844">
        <ele>654.9</ele>
      </trkpt>
      <trkpt lat="43.79698" lon="6.438449">
        <ele>654.6</ele>
      </trkpt>
      <trkpt lat="43.796909" lon="6.438449">
        <ele>654.3</ele>
      </trkpt>
      <trkpt lat="43.79685" lon="6.43844">
        <ele>654.2</ele>
      </trkpt>
      <trkpt lat="43.7968" lon="6.43842">
        <ele>654.3</ele>
      </trkpt>
      <trkpt lat="43.79675" lon="6.43839">
        <ele>654.5</ele>
      </trkpt>
      <trkpt lat="43.796729" lon="6.43838">
        <ele>654.6</ele>
      </trkpt>
      <trkpt lat="43.79666" lon="6.43833">
        <ele>655.0</ele>
      </trkpt>
      <trkpt lat="43.79659" lon="6.43828">
        <ele>655.2</ele>
      </trkpt>
      <trkpt lat="43.79653" lon="6.4382">
        <ele>655.8</ele>
      </trkpt>
      <trkpt lat="43.796439" lon="6.438119">
        <ele>656.0</ele>
      </trkpt>
      <trkpt lat="43.79636" lon="6.43806">
        <ele>655.9</ele>
      </trkpt>
      <trkpt lat="43.79629" lon="6.43799">
        <ele>655.8</ele>
      </trkpt>
      <trkpt lat="43.79624" lon="6.43794">
        <ele>655.6</ele>
      </trkpt>
      <trkpt lat="43.7962" lon="6.43787">
        <ele>655.8</ele>
      </trkpt>
      <trkpt lat="43.79616" lon="6.43779">
        <ele>655.9</ele>
      </trkpt>
      <trkpt lat="43.79613" lon="6.4377">
        <ele>656.1</ele>
      </trkpt>
      <trkpt lat="43.79607" lon="6.43752">
        <ele>656.4</ele>
      </trkpt>
      <trkpt lat="43.796" lon="6.437299">
        <ele>655.9</ele>
      </trkpt>
      <trkpt lat="43.795969" lon="6.43718">
        <ele>655.7</ele>
      </trkpt>
      <trkpt lat="43.79587" lon="6.43681">
        <ele>654.5</ele>
      </trkpt>
      <trkpt lat="43.79576" lon="6.43652">
        <ele>654.6</ele>
      </trkpt>
      <trkpt lat="43.795699" lon="6.43641">
        <ele>654.9</ele>
      </trkpt>
      <trkpt lat="43.79566" lon="6.43635">
        <ele>654.9</ele>
      </trkpt>
      <trkpt lat="43.79559" lon="6.43627">
        <ele>654.8</ele>
      </trkpt>
      <trkpt lat="43.79558" lon="6.43626">
        <ele>654.7</ele>
      </trkpt>
      <trkpt lat="43.79527" lon="6.43597">
        <ele>652.9</ele>
      </trkpt>
      <trkpt lat="43.79522" lon="6.43592">
        <ele>652.6</ele>
      </trkpt>
      <trkpt lat="43.79513" lon="6.43584">
        <ele>651.8</ele>
      </trkpt>
      <trkpt lat="43.79491" lon="6.43563">
        <ele>650.3</ele>
      </trkpt>
      <trkpt lat="43.79474" lon="6.435469">
        <ele>649.6</ele>
      </trkpt>
      <trkpt lat="43.79458" lon="6.43529">
        <ele>648.8</ele>
      </trkpt>
      <trkpt lat="43.79443" lon="6.43512">
        <ele>647.7</ele>
      </trkpt>
      <trkpt lat="43.794289" lon="6.4349">
        <ele>646.5</ele>
      </trkpt>
      <trkpt lat="43.79415" lon="6.43464">
        <ele>645.3</ele>
      </trkpt>
      <trkpt lat="43.79404" lon="6.43441">
        <ele>645.0</ele>
      </trkpt>
      <trkpt lat="43.79403" lon="6.43437">
        <ele>645.0</ele>
      </trkpt>
      <trkpt lat="43.79398" lon="6.43424">
        <ele>644.8</ele>
      </trkpt>
      <trkpt lat="43.79394" lon="6.43407">
        <ele>645.2</ele>
      </trkpt>
      <trkpt lat="43.79388" lon="6.43381">
        <ele>645.9</ele>
      </trkpt>
      <trkpt lat="43.79385" lon="6.43375">
        <ele>646.1</ele>
      </trkpt>
      <trkpt lat="43.79383" lon="6.433709">
        <ele>646.3</ele>
      </trkpt>
      <trkpt lat="43.79381" lon="6.43367">
        <ele>646.4</ele>
      </trkpt>
      <trkpt lat="43.79378" lon="6.433639">
        <ele>646.6</ele>
      </trkpt>
      <trkpt lat="43.79374" lon="6.4336">
        <ele>646.8</ele>
      </trkpt>
      <trkpt lat="43.79371" lon="6.43358">
        <ele>646.9</ele>
      </trkpt>
      <trkpt lat="43.79368" lon="6.433569">
        <ele>647.0</ele>
      </trkpt>
      <trkpt lat="43.7936" lon="6.433569">
        <ele>647.4</ele>
      </trkpt>
      <trkpt lat="43.79356" lon="6.433569">
        <ele>647.3</ele>
      </trkpt>
      <trkpt lat="43.79329" lon="6.43362">
        <ele>645.8</ele>
      </trkpt>
      <trkpt lat="43.79318" lon="6.43363">
        <ele>644.7</ele>
      </trkpt>
      <trkpt lat="43.79312" lon="6.43362">
        <ele>644.2</ele>
      </trkpt>
      <trkpt lat="43.79307" lon="6.4336">
        <ele>643.9</ele>
      </trkpt>
      <trkpt lat="43.79304" lon="6.433569">
        <ele>643.8</ele>
      </trkpt>
      <trkpt lat="43.792969" lon="6.4335">
        <ele>643.6</ele>
      </trkpt>
      <trkpt lat="43.792879" lon="6.43342">
        <ele>643.1</ele>
      </trkpt>
      <trkpt lat="43.79274" lon="6.43332">
        <ele>642.0</ele>
      </trkpt>
      <trkpt lat="43.79266" lon="6.43326">
        <ele>641.4</ele>
      </trkpt>
      <trkpt lat="43.79262" lon="6.43322">
        <ele>641.1</ele>
      </trkpt>
      <trkpt lat="43.79258" lon="6.43318">
        <ele>640.8</ele>
      </trkpt>
      <trkpt lat="43.79257" lon="6.43316">
        <ele>640.8</ele>
      </trkpt>
      <trkpt lat="43.79256" lon="6.43313">
        <ele>640.8</ele>
      </trkpt>
      <trkpt lat="43.79254" lon="6.43306">
        <ele>640.9</ele>
      </trkpt>
      <trkpt lat="43.79252" lon="6.43295">
        <ele>641.1</ele>
      </trkpt>
      <trkpt lat="43.79249" lon="6.43284">
        <ele>641.3</ele>
      </trkpt>
      <trkpt lat="43.79247" lon="6.43278">
        <ele>641.4</ele>
      </trkpt>
      <trkpt lat="43.79245" lon="6.43274">
        <ele>641.5</ele>
      </trkpt>
      <trkpt lat="43.79242" lon="6.43271">
        <ele>641.6</ele>
      </trkpt>
      <trkpt lat="43.79239" lon="6.43269">
        <ele>641.7</ele>
      </trkpt>
      <trkpt lat="43.792319" lon="6.43264">
        <ele>641.9</ele>
      </trkpt>
      <trkpt lat="43.79227" lon="6.4326">
        <ele>642.1</ele>
      </trkpt>
      <trkpt lat="43.79222" lon="6.43254">
        <ele>642.4</ele>
      </trkpt>
      <trkpt lat="43.79219" lon="6.43248">
        <ele>642.8</ele>
      </trkpt>
      <trkpt lat="43.79216" lon="6.4324">
        <ele>643.4</ele>
      </trkpt>
      <trkpt lat="43.79215" lon="6.43227">
        <ele>644.6</ele>
      </trkpt>
      <trkpt lat="43.79216" lon="6.43212">
        <ele>645.8</ele>
      </trkpt>
      <trkpt lat="43.79217" lon="6.43205">
        <ele>646.4</ele>
      </trkpt>
      <trkpt lat="43.79222" lon="6.43192">
        <ele>647.1</ele>
      </trkpt>
      <trkpt lat="43.79227" lon="6.4318">
        <ele>647.6</ele>
      </trkpt>
      <trkpt lat="43.79234" lon="6.43169">
        <ele>647.6</ele>
      </trkpt>
      <trkpt lat="43.79245" lon="6.43155">
        <ele>646.8</ele>
      </trkpt>
      <trkpt lat="43.79252" lon="6.43148">
        <ele>646.9</ele>
      </trkpt>
      <trkpt lat="43.79257" lon="6.43139">
        <ele>648.2</ele>
      </trkpt>
      <trkpt lat="43.79261" lon="6.43128">
        <ele>649.4</ele>
      </trkpt>
      <trkpt lat="43.79262" lon="6.43122">
        <ele>649.9</ele>
      </trkpt>
      <trkpt lat="43.79262" lon="6.43117">
        <ele>650.0</ele>
      </trkpt>
      <trkpt lat="43.79261" lon="6.43108">
        <ele>650.1</ele>
      </trkpt>
      <trkpt lat="43.792589" lon="6.43097">
        <ele>650.0</ele>
      </trkpt>
      <trkpt lat="43.79256" lon="6.43086">
        <ele>649.6</ele>
      </trkpt>
      <trkpt lat="43.79249" lon="6.43068">
        <ele>650.8</ele>
      </trkpt>
      <trkpt lat="43.79244" lon="6.430519">
        <ele>653.9</ele>
      </trkpt>
      <trkpt lat="43.79238" lon="6.43035">
        <ele>656.8</ele>
      </trkpt>
      <trkpt lat="43.79231" lon="6.4301">
        <ele>660.4</ele>
      </trkpt>
      <trkpt lat="43.79222" lon="6.42986">
        <ele>665.8</ele>
      </trkpt>
      <trkpt lat="43.79212" lon="6.42965">
        <ele>670.3</ele>
      </trkpt>
      <trkpt lat="43.79205" lon="6.42954">
        <ele>671.5</ele>
      </trkpt>
      <trkpt lat="43.79195" lon="6.4294">
        <ele>671.6</ele>
      </trkpt>
      <trkpt lat="43.7919" lon="6.42933">
        <ele>671.2</ele>
      </trkpt>
      <trkpt lat="43.79186" lon="6.42928">
        <ele>670.6</ele>
      </trkpt>
      <trkpt lat="43.79177" lon="6.42916">
        <ele>668.7</ele>
      </trkpt>
      <trkpt lat="43.791759" lon="6.42915">
        <ele>668.5</ele>
      </trkpt>
      <trkpt lat="43.79165" lon="6.42898">
        <ele>669.9</ele>
      </trkpt>
      <trkpt lat="43.79159" lon="6.428829">
        <ele>676.1</ele>
      </trkpt>
      <trkpt lat="43.79154" lon="6.42868">
        <ele>681.0</ele>
      </trkpt>
      <trkpt lat="43.79154" lon="6.4286">
        <ele>682.6</ele>
      </trkpt>
      <trkpt lat="43.79154" lon="6.42858">
        <ele>683.0</ele>
      </trkpt>
      <trkpt lat="43.79154" lon="6.42854">
        <ele>683.8</ele>
      </trkpt>
      <trkpt lat="43.79154" lon="6.42851">
        <ele>684.4</ele>
      </trkpt>
      <trkpt lat="43.79155" lon="6.42848">
        <ele>684.9</ele>
      </trkpt>
      <trkpt lat="43.79158" lon="6.42843">
        <ele>685.5</ele>
      </trkpt>
      <trkpt lat="43.79161" lon="6.42833">
        <ele>687.5</ele>
      </trkpt>
      <trkpt lat="43.79164" lon="6.42825">
        <ele>688.2</ele>
      </trkpt>
      <trkpt lat="43.79165" lon="6.42821">
        <ele>688.6</ele>
      </trkpt>
      <trkpt lat="43.79166" lon="6.42817">
        <ele>689.0</ele>
      </trkpt>
      <trkpt lat="43.79166" lon="6.42814">
        <ele>689.4</ele>
      </trkpt>
      <trkpt lat="43.79166" lon="6.42809">
        <ele>690.0</ele>
      </trkpt>
      <trkpt lat="43.79164" lon="6.42799">
        <ele>691.3</ele>
      </trkpt>
      <trkpt lat="43.79162" lon="6.42788">
        <ele>692.7</ele>
      </trkpt>
      <trkpt lat="43.791559" lon="6.42757">
        <ele>696.6</ele>
      </trkpt>
      <trkpt lat="43.79155" lon="6.42753">
        <ele>697.1</ele>
      </trkpt>
      <trkpt lat="43.79149" lon="6.42729">
        <ele>701.5</ele>
      </trkpt>
      <trkpt lat="43.79144" lon="6.42712">
        <ele>704.6</ele>
      </trkpt>
      <trkpt lat="43.7914" lon="6.42697">
        <ele>707.1</ele>
      </trkpt>
      <trkpt lat="43.79139" lon="6.42689">
        <ele>708.5</ele>
      </trkpt>
      <trkpt lat="43.79139" lon="6.42678">
        <ele>710.4</ele>
      </trkpt>
      <trkpt lat="43.7914" lon="6.42665">
        <ele>712.3</ele>
      </trkpt>
      <trkpt lat="43.79141" lon="6.4266">
        <ele>712.0</ele>
      </trkpt>
      <trkpt lat="43.79141" lon="6.42655">
        <ele>711.7</ele>
      </trkpt>
      <trkpt lat="43.79141" lon="6.4265">
        <ele>711.4</ele>
      </trkpt>
      <trkpt lat="43.7914" lon="6.42645">
        <ele>711.0</ele>
      </trkpt>
      <trkpt lat="43.79139" lon="6.426389">
        <ele>710.6</ele>
      </trkpt>
      <trkpt lat="43.791379" lon="6.42635">
        <ele>710.3</ele>
      </trkpt>
      <trkpt lat="43.79136" lon="6.4263">
        <ele>709.8</ele>
      </trkpt>
      <trkpt lat="43.79134" lon="6.42624">
        <ele>709.3</ele>
      </trkpt>
      <trkpt lat="43.79132" lon="6.4262">
        <ele>708.9</ele>
      </trkpt>
      <trkpt lat="43.7913" lon="6.42615">
        <ele>708.4</ele>
      </trkpt>
      <trkpt lat="43.79128" lon="6.4261">
        <ele>708.0</ele>
      </trkpt>
      <trkpt lat="43.79127" lon="6.42603">
        <ele>707.4</ele>
      </trkpt>
      <trkpt lat="43.79125" lon="6.42596">
        <ele>706.8</ele>
      </trkpt>
      <trkpt lat="43.79124" lon="6.4259">
        <ele>706.4</ele>
      </trkpt>
      <trkpt lat="43.79124" lon="6.42583">
        <ele>706.1</ele>
      </trkpt>
      <trkpt lat="43.79123" lon="6.4257">
        <ele>712.8</ele>
      </trkpt>
      <trkpt lat="43.79123" lon="6.42567">
        <ele>714.4</ele>
      </trkpt>
      <trkpt lat="43.7912" lon="6.42549">
        <ele>723.3</ele>
      </trkpt>
      <trkpt lat="43.79119" lon="6.42543">
        <ele>726.2</ele>
      </trkpt>
      <trkpt lat="43.79115" lon="6.42523">
        <ele>735.4</ele>
      </trkpt>
      <trkpt lat="43.791089" lon="6.42495">
        <ele>747.1</ele>
      </trkpt>
      <trkpt lat="43.79108" lon="6.4249">
        <ele>748.9</ele>
      </trkpt>
      <trkpt lat="43.79103" lon="6.42472">
        <ele>755.1</ele>
      </trkpt>
      <trkpt lat="43.79103" lon="6.42471">
        <ele>755.5</ele>
      </trkpt>
      <trkpt lat="43.79098" lon="6.42454">
        <ele>761.6</ele>
      </trkpt>
      <trkpt lat="43.79095" lon="6.42441">
        <ele>766.6</ele>
      </trkpt>
      <trkpt lat="43.79094" lon="6.42432">
        <ele>770.3</ele>
      </trkpt>
      <trkpt lat="43.79094" lon="6.42425">
        <ele>773.4</ele>
      </trkpt>
      <trkpt lat="43.79093" lon="6.42424">
        <ele>773.6</ele>
      </trkpt>
      <trkpt lat="43.79093" lon="6.42419">
        <ele>775.8</ele>
      </trkpt>
      <trkpt lat="43.79093" lon="6.42416">
        <ele>777.1</ele>
      </trkpt>
      <trkpt lat="43.79094" lon="6.42413">
        <ele>778.3</ele>
      </trkpt>
      <trkpt lat="43.79094" lon="6.4241">
        <ele>779.3</ele>
      </trkpt>
      <trkpt lat="43.79098" lon="6.424019">
        <ele>782.8</ele>
      </trkpt>
      <trkpt lat="43.79099" lon="6.42401">
        <ele>783.3</ele>
      </trkpt>
      <trkpt lat="43.7911" lon="6.42382">
        <ele>791.5</ele>
      </trkpt>
      <trkpt lat="43.79118" lon="6.4237">
        <ele>796.7</ele>
      </trkpt>
      <trkpt lat="43.79124" lon="6.42358">
        <ele>801.5</ele>
      </trkpt>
      <trkpt lat="43.79134" lon="6.423409">
        <ele>808.3</ele>
      </trkpt>
      <trkpt lat="43.79144" lon="6.42325">
        <ele>814.2</ele>
      </trkpt>
      <trkpt lat="43.79149" lon="6.42315">
        <ele>817.4</ele>
      </trkpt>
      <trkpt lat="43.79154" lon="6.42306">
        <ele>820.4</ele>
      </trkpt>
      <trkpt lat="43.79155" lon="6.42304">
        <ele>821.0</ele>
      </trkpt>
      <trkpt lat="43.79159" lon="6.42297">
        <ele>823.3</ele>
      </trkpt>
      <trkpt lat="43.79165" lon="6.42288">
        <ele>826.2</ele>
      </trkpt>
      <trkpt lat="43.79169" lon="6.42283">
        <ele>828.2</ele>
      </trkpt>
      <trkpt lat="43.79172" lon="6.42278">
        <ele>830.1</ele>
      </trkpt>
      <trkpt lat="43.791759" lon="6.42274">
        <ele>832.0</ele>
      </trkpt>
      <trkpt lat="43.79179" lon="6.4227">
        <ele>833.8</ele>
      </trkpt>
      <trkpt lat="43.79182" lon="6.422659">
        <ele>835.7</ele>
      </trkpt>
      <trkpt lat="43.79189" lon="6.4226">
        <ele>839.2</ele>
      </trkpt>
      <trkpt lat="43.79192" lon="6.42256">
        <ele>841.2</ele>
      </trkpt>
      <trkpt lat="43.79195" lon="6.42251">
        <ele>843.5</ele>
      </trkpt>
      <trkpt lat="43.79197" lon="6.42247">
        <ele>845.0</ele>
      </trkpt>
      <trkpt lat="43.79198" lon="6.42242">
        <ele>846.4</ele>
      </trkpt>
      <trkpt lat="43.792" lon="6.42234">
        <ele>848.6</ele>
      </trkpt>
      <trkpt lat="43.79201" lon="6.4223">
        <ele>849.6</ele>
      </trkpt>
      <trkpt lat="43.792029" lon="6.42223">
        <ele>851.4</ele>
      </trkpt>
      <trkpt lat="43.79205" lon="6.42216">
        <ele>853.1</ele>
      </trkpt>
      <trkpt lat="43.79207" lon="6.42211">
        <ele>854.3</ele>
      </trkpt>
      <trkpt lat="43.79209" lon="6.42208">
        <ele>855.1</ele>
      </trkpt>
      <trkpt lat="43.79211" lon="6.422049">
        <ele>855.9</ele>
      </trkpt>
      <trkpt lat="43.79216" lon="6.422">
        <ele>857.2</ele>
      </trkpt>
      <trkpt lat="43.79222" lon="6.42196">
        <ele>858.2</ele>
      </trkpt>
      <trkpt lat="43.79226" lon="6.42194">
        <ele>858.8</ele>
      </trkpt>
      <trkpt lat="43.792319" lon="6.421909">
        <ele>859.4</ele>
      </trkpt>
      <trkpt lat="43.79239" lon="6.42188">
        <ele>860.0</ele>
      </trkpt>
      <trkpt lat="43.79245" lon="6.42183">
        <ele>860.5</ele>
      </trkpt>
      <trkpt lat="43.79252" lon="6.42177">
        <ele>861.0</ele>
      </trkpt>
      <trkpt lat="43.79264" lon="6.42165">
        <ele>862.6</ele>
      </trkpt>
      <trkpt lat="43.79267" lon="6.42161">
        <ele>862.5</ele>
      </trkpt>
      <trkpt lat="43.7928" lon="6.42146">
        <ele>862.5</ele>
      </trkpt>
      <trkpt lat="43.79293" lon="6.42131">
        <ele>862.9</ele>
      </trkpt>
      <trkpt lat="43.79298" lon="6.42122">
        <ele>862.8</ele>
      </trkpt>
      <trkpt lat="43.793" lon="6.42117">
        <ele>862.6</ele>
      </trkpt>
      <trkpt lat="43.79301" lon="6.42112">
        <ele>862.3</ele>
      </trkpt>
      <trkpt lat="43.79301" lon="6.42109">
        <ele>862.0</ele>
      </trkpt>
      <trkpt lat="43.79302" lon="6.42105">
        <ele>861.8</ele>
      </trkpt>
      <trkpt lat="43.79303" lon="6.42101">
        <ele>861.6</ele>
      </trkpt>
      <trkpt lat="43.79303" lon="6.42096">
        <ele>861.1</ele>
      </trkpt>
      <trkpt lat="43.79303" lon="6.42094">
        <ele>860.9</ele>
      </trkpt>
      <trkpt lat="43.79304" lon="6.42092">
        <ele>860.9</ele>
      </trkpt>
      <trkpt lat="43.79304" lon="6.420899">
        <ele>860.7</ele>
      </trkpt>
      <trkpt lat="43.793059" lon="6.42088">
        <ele>860.9</ele>
      </trkpt>
      <trkpt lat="43.7931" lon="6.4208">
        <ele>861.3</ele>
      </trkpt>
      <trkpt lat="43.79315" lon="6.42073">
        <ele>862.0</ele>
      </trkpt>
      <trkpt lat="43.7932" lon="6.42063">
        <ele>862.2</ele>
      </trkpt>
      <trkpt lat="43.79325" lon="6.42053">
        <ele>861.8</ele>
      </trkpt>
      <trkpt lat="43.7933" lon="6.42043">
        <ele>860.8</ele>
      </trkpt>
      <trkpt lat="43.79331" lon="6.42039">
        <ele>860.3</ele>
      </trkpt>
      <trkpt lat="43.793349" lon="6.42033">
        <ele>859.9</ele>
      </trkpt>
      <trkpt lat="43.79338" lon="6.42028">
        <ele>860.2</ele>
      </trkpt>
      <trkpt lat="43.79342" lon="6.42023">
        <ele>860.8</ele>
      </trkpt>
      <trkpt lat="43.79346" lon="6.4202">
        <ele>861.7</ele>
      </trkpt>
      <trkpt lat="43.79349" lon="6.42018">
        <ele>862.4</ele>
      </trkpt>
      <trkpt lat="43.793529" lon="6.420149">
        <ele>863.2</ele>
      </trkpt>
      <trkpt lat="43.79357" lon="6.42012">
        <ele>864.0</ele>
      </trkpt>
      <trkpt lat="43.79359" lon="6.420079">
        <ele>864.0</ele>
      </trkpt>
      <trkpt lat="43.7936" lon="6.42004">
        <ele>863.6</ele>
      </trkpt>
      <trkpt lat="43.79365" lon="6.41991">
        <ele>864.3</ele>
      </trkpt>
      <trkpt lat="43.79369" lon="6.41977">
        <ele>864.7</ele>
      </trkpt>
      <trkpt lat="43.79377" lon="6.41958">
        <ele>864.7</ele>
      </trkpt>
      <trkpt lat="43.79385" lon="6.4194">
        <ele>863.2</ele>
      </trkpt>
      <trkpt lat="43.793909" lon="6.41927">
        <ele>861.3</ele>
      </trkpt>
      <trkpt lat="43.79397" lon="6.41913">
        <ele>859.6</ele>
      </trkpt>
      <trkpt lat="43.793999" lon="6.41902">
        <ele>860.3</ele>
      </trkpt>
      <trkpt lat="43.79403" lon="6.41891">
        <ele>860.6</ele>
      </trkpt>
      <trkpt lat="43.79406" lon="6.41877">
        <ele>860.8</ele>
      </trkpt>
      <trkpt lat="43.7941" lon="6.41864">
        <ele>859.9</ele>
      </trkpt>
      <trkpt lat="43.79413" lon="6.41857">
        <ele>858.7</ele>
      </trkpt>
      <trkpt lat="43.79416" lon="6.41851">
        <ele>857.3</ele>
      </trkpt>
      <trkpt lat="43.794199" lon="6.41842">
        <ele>858.5</ele>
      </trkpt>
      <trkpt lat="43.79425" lon="6.41835">
        <ele>860.6</ele>
      </trkpt>
      <trkpt lat="43.794289" lon="6.41829">
        <ele>863.1</ele>
      </trkpt>
      <trkpt lat="43.79433" lon="6.41824">
        <ele>865.3</ele>
      </trkpt>
      <trkpt lat="43.79439" lon="6.41819">
        <ele>867.9</ele>
      </trkpt>
      <trkpt lat="43.79444" lon="6.41814">
        <ele>869.7</ele>
      </trkpt>
      <trkpt lat="43.79449" lon="6.41809">
        <ele>871.2</ele>
      </trkpt>
      <trkpt lat="43.79452" lon="6.41806">
        <ele>871.8</ele>
      </trkpt>
      <trkpt lat="43.79454" lon="6.41804">
        <ele>872.2</ele>
      </trkpt>
      <trkpt lat="43.79458" lon="6.41797">
        <ele>872.6</ele>
      </trkpt>
      <trkpt lat="43.79462" lon="6.4179">
        <ele>872.5</ele>
      </trkpt>
      <trkpt lat="43.79466" lon="6.41784">
        <ele>872.1</ele>
      </trkpt>
      <trkpt lat="43.79477" lon="6.4176">
        <ele>867.4</ele>
      </trkpt>
      <trkpt lat="43.79488" lon="6.4174">
        <ele>862.9</ele>
      </trkpt>
      <trkpt lat="43.79515" lon="6.41705">
        <ele>866.8</ele>
      </trkpt>
      <trkpt lat="43.79544" lon="6.41668">
        <ele>877.0</ele>
      </trkpt>
      <trkpt lat="43.795499" lon="6.41659">
        <ele>878.1</ele>
      </trkpt>
      <trkpt lat="43.79554" lon="6.4165">
        <ele>877.9</ele>
      </trkpt>
      <trkpt lat="43.79558" lon="6.416419">
        <ele>877.5</ele>
      </trkpt>
      <trkpt lat="43.79561" lon="6.41635">
        <ele>876.7</ele>
      </trkpt>
      <trkpt lat="43.79567" lon="6.41626">
        <ele>875.8</ele>
      </trkpt>
      <trkpt lat="43.79574" lon="6.41616">
        <ele>874.1</ele>
      </trkpt>
      <trkpt lat="43.79581" lon="6.41607">
        <ele>872.1</ele>
      </trkpt>
      <trkpt lat="43.79589" lon="6.415949">
        <ele>871.7</ele>
      </trkpt>
      <trkpt lat="43.79591" lon="6.41592">
        <ele>872.0</ele>
      </trkpt>
      <trkpt lat="43.79592" lon="6.415879">
        <ele>871.1</ele>
      </trkpt>
      <trkpt lat="43.79593" lon="6.41585">
        <ele>870.6</ele>
      </trkpt>
      <trkpt lat="43.79594" lon="6.415809">
        <ele>870.1</ele>
      </trkpt>
      <trkpt lat="43.79596" lon="6.4157">
        <ele>868.8</ele>
      </trkpt>
      <trkpt lat="43.795969" lon="6.41563">
        <ele>867.7</ele>
      </trkpt>
      <trkpt lat="43.796" lon="6.41557">
        <ele>868.2</ele>
      </trkpt>
      <trkpt lat="43.79603" lon="6.4155">
        <ele>868.4</ele>
      </trkpt>
      <trkpt lat="43.79607" lon="6.41545">
        <ele>869.7</ele>
      </trkpt>
      <trkpt lat="43.79614" lon="6.41537">
        <ele>872.1</ele>
      </trkpt>
      <trkpt lat="43.79616" lon="6.41532">
        <ele>871.9</ele>
      </trkpt>
      <trkpt lat="43.796169" lon="6.41525">
        <ele>870.6</ele>
      </trkpt>
      <trkpt lat="43.796169" lon="6.41518">
        <ele>868.6</ele>
      </trkpt>
      <trkpt lat="43.796169" lon="6.41508">
        <ele>865.7</ele>
      </trkpt>
      <trkpt lat="43.796169" lon="6.415">
        <ele>863.4</ele>
      </trkpt>
      <trkpt lat="43.796169" lon="6.41495">
        <ele>862.7</ele>
      </trkpt>
      <trkpt lat="43.79618" lon="6.4149">
        <ele>862.6</ele>
      </trkpt>
      <trkpt lat="43.7962" lon="6.41486">
        <ele>863.1</ele>
      </trkpt>
      <trkpt lat="43.79621" lon="6.41482">
        <ele>863.0</ele>
      </trkpt>
      <trkpt lat="43.79627" lon="6.41474">
        <ele>864.6</ele>
      </trkpt>
      <trkpt lat="43.79632" lon="6.41468">
        <ele>865.6</ele>
      </trkpt>
      <trkpt lat="43.79636" lon="6.41465">
        <ele>866.7</ele>
      </trkpt>
      <trkpt lat="43.7964" lon="6.41461">
        <ele>867.4</ele>
      </trkpt>
      <trkpt lat="43.79647" lon="6.41458">
        <ele>869.4</ele>
      </trkpt>
      <trkpt lat="43.79651" lon="6.41454">
        <ele>869.7</ele>
      </trkpt>
      <trkpt lat="43.79654" lon="6.4145">
        <ele>869.6</ele>
      </trkpt>
      <trkpt lat="43.79656" lon="6.41447">
        <ele>869.4</ele>
      </trkpt>
      <trkpt lat="43.79657" lon="6.41444">
        <ele>868.8</ele>
      </trkpt>
      <trkpt lat="43.79658" lon="6.41436">
        <ele>866.5</ele>
      </trkpt>
      <trkpt lat="43.79659" lon="6.4143">
        <ele>864.9</ele>
      </trkpt>
      <trkpt lat="43.79661" lon="6.41424">
        <ele>863.4</ele>
      </trkpt>
      <trkpt lat="43.79662" lon="6.4142">
        <ele>862.2</ele>
      </trkpt>
      <trkpt lat="43.79665" lon="6.41417">
        <ele>861.8</ele>
      </trkpt>
      <trkpt lat="43.79668" lon="6.41413">
        <ele>862.6</ele>
      </trkpt>
      <trkpt lat="43.79671" lon="6.41407">
        <ele>864.0</ele>
      </trkpt>
      <trkpt lat="43.796729" lon="6.414">
        <ele>864.5</ele>
      </trkpt>
      <trkpt lat="43.79675" lon="6.41394">
        <ele>865.2</ele>
      </trkpt>
      <trkpt lat="43.79677" lon="6.41389">
        <ele>865.8</ele>
      </trkpt>
      <trkpt lat="43.79678" lon="6.41384">
        <ele>865.9</ele>
      </trkpt>
      <trkpt lat="43.79678" lon="6.41379">
        <ele>865.3</ele>
      </trkpt>
      <trkpt lat="43.79678" lon="6.41373">
        <ele>864.6</ele>
      </trkpt>
      <trkpt lat="43.79678" lon="6.41368">
        <ele>864.0</ele>
      </trkpt>
      <trkpt lat="43.79678" lon="6.41355">
        <ele>862.4</ele>
      </trkpt>
      <trkpt lat="43.79677" lon="6.41347">
        <ele>860.9</ele>
      </trkpt>
      <trkpt lat="43.79677" lon="6.41343">
        <ele>860.5</ele>
      </trkpt>
      <trkpt lat="43.79678" lon="6.41339">
        <ele>860.5</ele>
      </trkpt>
      <trkpt lat="43.79678" lon="6.41336">
        <ele>860.2</ele>
      </trkpt>
      <trkpt lat="43.7968" lon="6.41331">
        <ele>860.7</ele>
      </trkpt>
      <trkpt lat="43.796819" lon="6.41327">
        <ele>861.4</ele>
      </trkpt>
      <trkpt lat="43.79683" lon="6.41324">
        <ele>861.7</ele>
      </trkpt>
      <trkpt lat="43.79685" lon="6.41322">
        <ele>862.5</ele>
      </trkpt>
      <trkpt lat="43.79686" lon="6.41319">
        <ele>862.7</ele>
      </trkpt>
      <trkpt lat="43.7969" lon="6.41315">
        <ele>864.2</ele>
      </trkpt>
      <trkpt lat="43.79693" lon="6.41312">
        <ele>865.3</ele>
      </trkpt>
      <trkpt lat="43.79696" lon="6.41307">
        <ele>866.1</ele>
      </trkpt>
      <trkpt lat="43.79698" lon="6.41304">
        <ele>866.6</ele>
      </trkpt>
      <trkpt lat="43.79703" lon="6.41291">
        <ele>867.0</ele>
      </trkpt>
      <trkpt lat="43.79704" lon="6.41287">
        <ele>866.9</ele>
      </trkpt>
      <trkpt lat="43.79707" lon="6.412829">
        <ele>865.4</ele>
      </trkpt>
      <trkpt lat="43.7971" lon="6.41278">
        <ele>863.8</ele>
      </trkpt>
      <trkpt lat="43.79711" lon="6.41275">
        <ele>862.9</ele>
      </trkpt>
      <trkpt lat="43.79712" lon="6.41272">
        <ele>862.1</ele>
      </trkpt>
      <trkpt lat="43.79714" lon="6.41266">
        <ele>860.4</ele>
      </trkpt>
      <trkpt lat="43.79714" lon="6.4126">
        <ele>858.9</ele>
      </trkpt>
      <trkpt lat="43.79713" lon="6.41255">
        <ele>857.6</ele>
      </trkpt>
      <trkpt lat="43.79711" lon="6.4125">
        <ele>856.2</ele>
      </trkpt>
      <trkpt lat="43.79708" lon="6.41245">
        <ele>854.6</ele>
      </trkpt>
      <trkpt lat="43.79689" lon="6.412219">
        <ele>845.8</ele>
      </trkpt>
      <trkpt lat="43.796819" lon="6.41213">
        <ele>842.4</ele>
      </trkpt>
      <trkpt lat="43.79675" lon="6.41201">
        <ele>838.6</ele>
      </trkpt>
      <trkpt lat="43.79672" lon="6.41194">
        <ele>835.9</ele>
      </trkpt>
      <trkpt lat="43.7967" lon="6.41187">
        <ele>833.5</ele>
      </trkpt>
      <trkpt lat="43.79668" lon="6.41179">
        <ele>830.8</ele>
      </trkpt>
      <trkpt lat="43.79666" lon="6.41171">
        <ele>828.0</ele>
      </trkpt>
      <trkpt lat="43.79662" lon="6.41159">
        <ele>822.0</ele>
      </trkpt>
      <trkpt lat="43.79659" lon="6.41151">
        <ele>817.5</ele>
      </trkpt>
      <trkpt lat="43.79655" lon="6.41144">
        <ele>812.9</ele>
      </trkpt>
      <trkpt lat="43.79652" lon="6.41137">
        <ele>808.7</ele>
      </trkpt>
      <trkpt lat="43.79649" lon="6.41132">
        <ele>805.2</ele>
      </trkpt>
      <trkpt lat="43.79648" lon="6.41131">
        <ele>804.4</ele>
      </trkpt>
      <trkpt lat="43.79639" lon="6.4112">
        <ele>795.6</ele>
      </trkpt>
      <trkpt lat="43.79636" lon="6.41115">
        <ele>792.1</ele>
      </trkpt>
      <trkpt lat="43.79634" lon="6.41112">
        <ele>789.8</ele>
      </trkpt>
      <trkpt lat="43.79632" lon="6.41109">
        <ele>787.6</ele>
      </trkpt>
      <trkpt lat="43.7963" lon="6.41104">
        <ele>784.5</ele>
      </trkpt>
      <trkpt lat="43.79629" lon="6.41097">
        <ele>781.0</ele>
      </trkpt>
      <trkpt lat="43.79628" lon="6.41087">
        <ele>776.1</ele>
      </trkpt>
      <trkpt lat="43.79628" lon="6.41077">
        <ele>772.8</ele>
      </trkpt>
      <trkpt lat="43.79628" lon="6.4107">
        <ele>771.0</ele>
      </trkpt>
      <trkpt lat="43.79627" lon="6.41063">
        <ele>768.6</ele>
      </trkpt>
      <trkpt lat="43.796259" lon="6.41058">
        <ele>766.9</ele>
      </trkpt>
      <trkpt lat="43.79625" lon="6.41051">
        <ele>764.7</ele>
      </trkpt>
      <trkpt lat="43.79623" lon="6.41045">
        <ele>762.3</ele>
      </trkpt>
      <trkpt lat="43.79622" lon="6.4104">
        <ele>760.7</ele>
      </trkpt>
      <trkpt lat="43.7962" lon="6.41033">
        <ele>758.3</ele>
      </trkpt>
      <trkpt lat="43.79619" lon="6.41031">
        <ele>757.4</ele>
      </trkpt>
      <trkpt lat="43.79618" lon="6.41027">
        <ele>756.1</ele>
      </trkpt>
      <trkpt lat="43.79618" lon="6.410249">
        <ele>755.7</ele>
      </trkpt>
      <trkpt lat="43.79618" lon="6.41022">
        <ele>755.0</ele>
      </trkpt>
      <trkpt lat="43.79619" lon="6.41019">
        <ele>754.6</ele>
      </trkpt>
      <trkpt lat="43.79619" lon="6.41017">
        <ele>754.1</ele>
      </trkpt>
      <trkpt lat="43.79623" lon="6.41">
        <ele>749.8</ele>
      </trkpt>
      <trkpt lat="43.79625" lon="6.409919">
        <ele>747.8</ele>
      </trkpt>
      <trkpt lat="43.796259" lon="6.40991">
        <ele>747.4</ele>
      </trkpt>
      <trkpt lat="43.79625" lon="6.40986">
        <ele>746.2</ele>
      </trkpt>
      <trkpt lat="43.79624" lon="6.40982">
        <ele>745.2</ele>
      </trkpt>
      <trkpt lat="43.79623" lon="6.4098">
        <ele>744.6</ele>
      </trkpt>
      <trkpt lat="43.79622" lon="6.40977">
        <ele>743.9</ele>
      </trkpt>
      <trkpt lat="43.7962" lon="6.40974">
        <ele>742.9</ele>
      </trkpt>
      <trkpt lat="43.79618" lon="6.40972">
        <ele>742.1</ele>
      </trkpt>
      <trkpt lat="43.79613" lon="6.40969">
        <ele>740.3</ele>
      </trkpt>
      <trkpt lat="43.79609" lon="6.40966">
        <ele>738.8</ele>
      </trkpt>
      <trkpt lat="43.79601" lon="6.40959">
        <ele>735.8</ele>
      </trkpt>
      <trkpt lat="43.79598" lon="6.40955">
        <ele>733.9</ele>
      </trkpt>
      <trkpt lat="43.79595" lon="6.4095">
        <ele>731.7</ele>
      </trkpt>
      <trkpt lat="43.79594" lon="6.40948">
        <ele>730.8</ele>
      </trkpt>
      <trkpt lat="43.79593" lon="6.40944">
        <ele>729.5</ele>
      </trkpt>
      <trkpt lat="43.79592" lon="6.4094">
        <ele>728.2</ele>
      </trkpt>
      <trkpt lat="43.79591" lon="6.40936">
        <ele>726.8</ele>
      </trkpt>
      <trkpt lat="43.79591" lon="6.40929">
        <ele>725.1</ele>
      </trkpt>
      <trkpt lat="43.79591" lon="6.40918">
        <ele>722.3</ele>
      </trkpt>
      <trkpt lat="43.79593" lon="6.40906">
        <ele>723.4</ele>
      </trkpt>
      <trkpt lat="43.79594" lon="6.40902">
        <ele>724.0</ele>
      </trkpt>
      <trkpt lat="43.79595" lon="6.40894">
        <ele>724.9</ele>
      </trkpt>
      <trkpt lat="43.79596" lon="6.40887">
        <ele>725.6</ele>
      </trkpt>
      <trkpt lat="43.795969" lon="6.40882">
        <ele>726.3</ele>
      </trkpt>
      <trkpt lat="43.79598" lon="6.40877">
        <ele>726.9</ele>
      </trkpt>
      <trkpt lat="43.79599" lon="6.40873">
        <ele>727.5</ele>
      </trkpt>
      <trkpt lat="43.796" lon="6.40868">
        <ele>728.1</ele>
      </trkpt>
      <trkpt lat="43.79602" lon="6.408629">
        <ele>729.0</ele>
      </trkpt>
      <trkpt lat="43.79615" lon="6.40833">
        <ele>734.6</ele>
      </trkpt>
      <trkpt lat="43.79616" lon="6.4083">
        <ele>735.4</ele>
      </trkpt>
      <trkpt lat="43.796169" lon="6.40827">
        <ele>736.1</ele>
      </trkpt>
      <trkpt lat="43.796169" lon="6.40824">
        <ele>736.1</ele>
      </trkpt>
      <trkpt lat="43.796169" lon="6.40821">
        <ele>736.1</ele>
      </trkpt>
      <trkpt lat="43.796169" lon="6.40819">
        <ele>736.1</ele>
      </trkpt>
      <trkpt lat="43.79616" lon="6.40814">
        <ele>736.2</ele>
      </trkpt>
      <trkpt lat="43.79615" lon="6.40811">
        <ele>736.2</ele>
      </trkpt>
      <trkpt lat="43.7961" lon="6.40804">
        <ele>736.4</ele>
      </trkpt>
      <trkpt lat="43.79604" lon="6.40798">
        <ele>736.5</ele>
      </trkpt>
      <trkpt lat="43.7959" lon="6.40787">
        <ele>736.7</ele>
      </trkpt>
      <trkpt lat="43.79577" lon="6.40777">
        <ele>737.0</ele>
      </trkpt>
      <trkpt lat="43.79562" lon="6.4077">
        <ele>737.3</ele>
      </trkpt>
      <trkpt lat="43.79555" lon="6.40767">
        <ele>737.4</ele>
      </trkpt>
      <trkpt lat="43.79548" lon="6.40763">
        <ele>737.7</ele>
      </trkpt>
      <trkpt lat="43.79521" lon="6.40755">
        <ele>737.4</ele>
      </trkpt>
      <trkpt lat="43.79519" lon="6.40754">
        <ele>737.5</ele>
      </trkpt>
      <trkpt lat="43.79486" lon="6.40742">
        <ele>741.0</ele>
      </trkpt>
      <trkpt lat="43.79469" lon="6.40735">
        <ele>745.1</ele>
      </trkpt>
      <trkpt lat="43.79461" lon="6.407339">
        <ele>746.5</ele>
      </trkpt>
      <trkpt lat="43.79455" lon="6.407339">
        <ele>747.3</ele>
      </trkpt>
      <trkpt lat="43.7945" lon="6.40735">
        <ele>747.7</ele>
      </trkpt>
      <trkpt lat="43.79446" lon="6.40737">
        <ele>747.7</ele>
      </trkpt>
      <trkpt lat="43.7944" lon="6.4074">
        <ele>747.6</ele>
      </trkpt>
      <trkpt lat="43.79433" lon="6.40747">
        <ele>746.7</ele>
      </trkpt>
      <trkpt lat="43.79424" lon="6.40758">
        <ele>743.8</ele>
      </trkpt>
      <trkpt lat="43.79414" lon="6.40772">
        <ele>738.3</ele>
      </trkpt>
      <trkpt lat="43.79408" lon="6.40779">
        <ele>734.3</ele>
      </trkpt>
      <trkpt lat="43.79405" lon="6.4078">
        <ele>733.4</ele>
      </trkpt>
      <trkpt lat="43.79402" lon="6.407809">
        <ele>732.4</ele>
      </trkpt>
      <trkpt lat="43.79399" lon="6.407809">
        <ele>731.9</ele>
      </trkpt>
      <trkpt lat="43.79396" lon="6.407809">
        <ele>731.4</ele>
      </trkpt>
      <trkpt lat="43.793909" lon="6.40779">
        <ele>731.4</ele>
      </trkpt>
      <trkpt lat="43.7939" lon="6.40778">
        <ele>731.7</ele>
      </trkpt>
      <trkpt lat="43.79387" lon="6.40777">
        <ele>731.7</ele>
      </trkpt>
      <trkpt lat="43.79375" lon="6.40767">
        <ele>734.8</ele>
      </trkpt>
      <trkpt lat="43.79337" lon="6.40737">
        <ele>741.9</ele>
      </trkpt>
      <trkpt lat="43.79328" lon="6.4073">
        <ele>740.4</ele>
      </trkpt>
      <trkpt lat="43.793259" lon="6.40728">
        <ele>739.9</ele>
      </trkpt>
      <trkpt lat="43.79324" lon="6.40725">
        <ele>739.7</ele>
      </trkpt>
      <trkpt lat="43.79322" lon="6.407199">
        <ele>740.0</ele>
      </trkpt>
      <trkpt lat="43.79321" lon="6.40715">
        <ele>740.5</ele>
      </trkpt>
      <trkpt lat="43.7932" lon="6.4071">
        <ele>741.0</ele>
      </trkpt>
      <trkpt lat="43.79321" lon="6.40701">
        <ele>742.0</ele>
      </trkpt>
      <trkpt lat="43.79323" lon="6.40694">
        <ele>742.7</ele>
      </trkpt>
      <trkpt lat="43.7933" lon="6.40674">
        <ele>745.0</ele>
      </trkpt>
      <trkpt lat="43.793439" lon="6.40645">
        <ele>748.6</ele>
      </trkpt>
      <trkpt lat="43.79366" lon="6.40608">
        <ele>753.6</ele>
      </trkpt>
      <trkpt lat="43.79376" lon="6.40589">
        <ele>754.5</ele>
      </trkpt>
      <trkpt lat="43.79378" lon="6.40581">
        <ele>754.6</ele>
      </trkpt>
      <trkpt lat="43.79379" lon="6.40575">
        <ele>755.0</ele>
      </trkpt>
      <trkpt lat="43.7938" lon="6.40566">
        <ele>755.4</ele>
      </trkpt>
      <trkpt lat="43.7938" lon="6.40555">
        <ele>755.5</ele>
      </trkpt>
      <trkpt lat="43.79381" lon="6.405369">
        <ele>756.1</ele>
      </trkpt>
      <trkpt lat="43.79381" lon="6.40526">
        <ele>756.2</ele>
      </trkpt>
      <trkpt lat="43.793819" lon="6.40517">
        <ele>756.7</ele>
      </trkpt>
      <trkpt lat="43.79383" lon="6.40511">
        <ele>757.3</ele>
      </trkpt>
      <trkpt lat="43.79385" lon="6.40501">
        <ele>758.4</ele>
      </trkpt>
      <trkpt lat="43.79386" lon="6.40488">
        <ele>759.8</ele>
      </trkpt>
      <trkpt lat="43.79387" lon="6.40473">
        <ele>761.5</ele>
      </trkpt>
      <trkpt lat="43.79387" lon="6.40466">
        <ele>762.0</ele>
      </trkpt>
      <trkpt lat="43.79387" lon="6.40463">
        <ele>762.2</ele>
      </trkpt>
      <trkpt lat="43.79386" lon="6.4046">
        <ele>762.0</ele>
      </trkpt>
      <trkpt lat="43.79384" lon="6.40454">
        <ele>761.5</ele>
      </trkpt>
      <trkpt lat="43.793819" lon="6.4045">
        <ele>760.8</ele>
      </trkpt>
      <trkpt lat="43.79369" lon="6.404219">
        <ele>756.7</ele>
      </trkpt>
      <trkpt lat="43.79368" lon="6.4042">
        <ele>756.4</ele>
      </trkpt>
      <trkpt lat="43.79364" lon="6.40408">
        <ele>754.5</ele>
      </trkpt>
      <trkpt lat="43.79362" lon="6.40402">
        <ele>753.4</ele>
      </trkpt>
      <trkpt lat="43.79361" lon="6.40398">
        <ele>752.8</ele>
      </trkpt>
      <trkpt lat="43.7936" lon="6.40394">
        <ele>752.3</ele>
      </trkpt>
      <trkpt lat="43.79359" lon="6.40381">
        <ele>751.5</ele>
      </trkpt>
      <trkpt lat="43.7936" lon="6.40374">
        <ele>751.8</ele>
      </trkpt>
      <trkpt lat="43.7936" lon="6.40373">
        <ele>751.8</ele>
      </trkpt>
      <trkpt lat="43.79362" lon="6.40364">
        <ele>752.5</ele>
      </trkpt>
      <trkpt lat="43.79369" lon="6.4035">
        <ele>755.1</ele>
      </trkpt>
      <trkpt lat="43.79379" lon="6.40332">
        <ele>758.5</ele>
      </trkpt>
      <trkpt lat="43.79381" lon="6.40329">
        <ele>759.1</ele>
      </trkpt>
      <trkpt lat="43.79399" lon="6.40302">
        <ele>764.7</ele>
      </trkpt>
      <trkpt lat="43.79404" lon="6.40295">
        <ele>766.4</ele>
      </trkpt>
      <trkpt lat="43.79407" lon="6.40288">
        <ele>767.4</ele>
      </trkpt>
      <trkpt lat="43.7941" lon="6.40282">
        <ele>768.4</ele>
      </trkpt>
      <trkpt lat="43.79412" lon="6.40273">
        <ele>768.9</ele>
      </trkpt>
      <trkpt lat="43.79412" lon="6.40271">
        <ele>768.8</ele>
      </trkpt>
      <trkpt lat="43.79413" lon="6.40262">
        <ele>768.8</ele>
      </trkpt>
      <trkpt lat="43.79414" lon="6.40251">
        <ele>768.7</ele>
      </trkpt>
      <trkpt lat="43.79414" lon="6.40248">
        <ele>768.5</ele>
      </trkpt>
      <trkpt lat="43.79414" lon="6.40242">
        <ele>767.8</ele>
      </trkpt>
      <trkpt lat="43.79413" lon="6.4022">
        <ele>765.0</ele>
      </trkpt>
      <trkpt lat="43.79414" lon="6.40211">
        <ele>764.5</ele>
      </trkpt>
      <trkpt lat="43.79414" lon="6.40204">
        <ele>763.8</ele>
      </trkpt>
      <trkpt lat="43.79415" lon="6.40196">
        <ele>763.4</ele>
      </trkpt>
      <trkpt lat="43.79418" lon="6.40188">
        <ele>764.0</ele>
      </trkpt>
      <trkpt lat="43.794199" lon="6.40182">
        <ele>764.2</ele>
      </trkpt>
      <trkpt lat="43.79425" lon="6.40174">
        <ele>765.5</ele>
      </trkpt>
      <trkpt lat="43.7944" lon="6.40154">
        <ele>769.8</ele>
      </trkpt>
      <trkpt lat="43.79445" lon="6.40147">
        <ele>771.2</ele>
      </trkpt>
      <trkpt lat="43.7945" lon="6.40141">
        <ele>772.6</ele>
      </trkpt>
      <trkpt lat="43.79454" lon="6.40137">
        <ele>773.7</ele>
      </trkpt>
      <trkpt lat="43.7946" lon="6.40133">
        <ele>775.6</ele>
      </trkpt>
      <trkpt lat="43.79465" lon="6.4013">
        <ele>777.2</ele>
      </trkpt>
      <trkpt lat="43.79468" lon="6.40127">
        <ele>778.0</ele>
      </trkpt>
      <trkpt lat="43.79474" lon="6.40122">
        <ele>779.6</ele>
      </trkpt>
      <trkpt lat="43.79479" lon="6.401169">
        <ele>780.8</ele>
      </trkpt>
      <trkpt lat="43.79483" lon="6.401099">
        <ele>781.3</ele>
      </trkpt>
      <trkpt lat="43.79486" lon="6.40103">
        <ele>781.3</ele>
      </trkpt>
      <trkpt lat="43.7949" lon="6.40094">
        <ele>781.3</ele>
      </trkpt>
      <trkpt lat="43.79493" lon="6.40081">
        <ele>780.9</ele>
      </trkpt>
      <trkpt lat="43.79495" lon="6.40066">
        <ele>783.3</ele>
      </trkpt>
      <trkpt lat="43.79495" lon="6.400559">
        <ele>784.4</ele>
      </trkpt>
      <trkpt lat="43.79493" lon="6.4005">
        <ele>784.5</ele>
      </trkpt>
      <trkpt lat="43.79493" lon="6.40047">
        <ele>784.8</ele>
      </trkpt>
      <trkpt lat="43.79492" lon="6.40044">
        <ele>784.9</ele>
      </trkpt>
      <trkpt lat="43.79488" lon="6.40038">
        <ele>784.4</ele>
      </trkpt>
      <trkpt lat="43.79484" lon="6.40034">
        <ele>783.8</ele>
      </trkpt>
      <trkpt lat="43.7948" lon="6.40031">
        <ele>783.0</ele>
      </trkpt>
      <trkpt lat="43.79478" lon="6.4003">
        <ele>782.6</ele>
      </trkpt>
      <trkpt lat="43.79471" lon="6.40024">
        <ele>781.4</ele>
      </trkpt>
      <trkpt lat="43.79468" lon="6.4002">
        <ele>781.1</ele>
      </trkpt>
      <trkpt lat="43.79466" lon="6.40015">
        <ele>781.3</ele>
      </trkpt>
      <trkpt lat="43.79462" lon="6.40005">
        <ele>781.7</ele>
      </trkpt>
      <trkpt lat="43.79457" lon="6.3999">
        <ele>782.7</ele>
      </trkpt>
      <trkpt lat="43.79451" lon="6.39975">
        <ele>783.6</ele>
      </trkpt>
      <trkpt lat="43.79445" lon="6.3996">
        <ele>784.8</ele>
      </trkpt>
      <trkpt lat="43.7944" lon="6.3995">
        <ele>785.6</ele>
      </trkpt>
      <trkpt lat="43.79432" lon="6.3994">
        <ele>785.9</ele>
      </trkpt>
      <trkpt lat="43.79416" lon="6.399269">
        <ele>785.9</ele>
      </trkpt>
      <trkpt lat="43.7941" lon="6.39922">
        <ele>786.9</ele>
      </trkpt>
      <trkpt lat="43.79408" lon="6.39919">
        <ele>787.5</ele>
      </trkpt>
      <trkpt lat="43.79406" lon="6.39915">
        <ele>788.0</ele>
      </trkpt>
      <trkpt lat="43.79404" lon="6.39911">
        <ele>787.9</ele>
      </trkpt>
      <trkpt lat="43.79403" lon="6.39904">
        <ele>787.8</ele>
      </trkpt>
      <trkpt lat="43.79402" lon="6.399">
        <ele>787.7</ele>
      </trkpt>
      <trkpt lat="43.79402" lon="6.39896">
        <ele>787.7</ele>
      </trkpt>
      <trkpt lat="43.79404" lon="6.3989">
        <ele>787.6</ele>
      </trkpt>
      <trkpt lat="43.79404" lon="6.39885">
        <ele>787.5</ele>
      </trkpt>
      <trkpt lat="43.79405" lon="6.39882">
        <ele>787.5</ele>
      </trkpt>
      <trkpt lat="43.79408" lon="6.39872">
        <ele>787.4</ele>
      </trkpt>
      <trkpt lat="43.79411" lon="6.39862">
        <ele>787.3</ele>
      </trkpt>
      <trkpt lat="43.79417" lon="6.39849">
        <ele>787.3</ele>
      </trkpt>
      <trkpt lat="43.79422" lon="6.39843">
        <ele>788.2</ele>
      </trkpt>
      <trkpt lat="43.79426" lon="6.39839">
        <ele>788.9</ele>
      </trkpt>
      <trkpt lat="43.79433" lon="6.39834">
        <ele>790.3</ele>
      </trkpt>
      <trkpt lat="43.794379" lon="6.3983">
        <ele>791.2</ele>
      </trkpt>
      <trkpt lat="43.7944" lon="6.39828">
        <ele>791.6</ele>
      </trkpt>
      <trkpt lat="43.79442" lon="6.39825">
        <ele>791.9</ele>
      </trkpt>
      <trkpt lat="43.79444" lon="6.39823">
        <ele>792.2</ele>
      </trkpt>
      <trkpt lat="43.79445" lon="6.3982">
        <ele>792.4</ele>
      </trkpt>
      <trkpt lat="43.79448" lon="6.39815">
        <ele>792.8</ele>
      </trkpt>
      <trkpt lat="43.79449" lon="6.3981">
        <ele>792.9</ele>
      </trkpt>
      <trkpt lat="43.7945" lon="6.39806">
        <ele>793.0</ele>
      </trkpt>
      <trkpt lat="43.7945" lon="6.39802">
        <ele>792.9</ele>
      </trkpt>
      <trkpt lat="43.7945" lon="6.39795">
        <ele>792.7</ele>
      </trkpt>
      <trkpt lat="43.7945" lon="6.39792">
        <ele>792.6</ele>
      </trkpt>
      <trkpt lat="43.7945" lon="6.39789">
        <ele>792.5</ele>
      </trkpt>
      <trkpt lat="43.79449" lon="6.39782">
        <ele>792.1</ele>
      </trkpt>
      <trkpt lat="43.79448" lon="6.39768">
        <ele>791.4</ele>
      </trkpt>
      <trkpt lat="43.794469" lon="6.397579">
        <ele>790.9</ele>
      </trkpt>
      <trkpt lat="43.79448" lon="6.39753">
        <ele>791.0</ele>
      </trkpt>
      <trkpt lat="43.79448" lon="6.39748">
        <ele>790.9</ele>
      </trkpt>
      <trkpt lat="43.7945" lon="6.39738">
        <ele>791.5</ele>
      </trkpt>
      <trkpt lat="43.79453" lon="6.39723">
        <ele>792.5</ele>
      </trkpt>
      <trkpt lat="43.79453" lon="6.3972">
        <ele>792.6</ele>
      </trkpt>
      <trkpt lat="43.79452" lon="6.39716">
        <ele>792.4</ele>
      </trkpt>
      <trkpt lat="43.79451" lon="6.39712">
        <ele>792.1</ele>
      </trkpt>
      <trkpt lat="43.7945" lon="6.39709">
        <ele>791.9</ele>
      </trkpt>
      <trkpt lat="43.79449" lon="6.39705">
        <ele>791.7</ele>
      </trkpt>
      <trkpt lat="43.794469" lon="6.39703">
        <ele>791.1</ele>
      </trkpt>
      <trkpt lat="43.79443" lon="6.39699">
        <ele>790.0</ele>
      </trkpt>
      <trkpt lat="43.79443" lon="6.39698">
        <ele>790.0</ele>
      </trkpt>
      <trkpt lat="43.79441" lon="6.39696">
        <ele>789.4</ele>
      </trkpt>
      <trkpt lat="43.79431" lon="6.39687">
        <ele>786.5</ele>
      </trkpt>
      <trkpt lat="43.79428" lon="6.39684">
        <ele>785.6</ele>
      </trkpt>
      <trkpt lat="43.79423" lon="6.39678">
        <ele>784.1</ele>
      </trkpt>
      <trkpt lat="43.79416" lon="6.39669">
        <ele>781.8</ele>
      </trkpt>
      <trkpt lat="43.79413" lon="6.39663">
        <ele>781.1</ele>
      </trkpt>
      <trkpt lat="43.7941" lon="6.39657">
        <ele>780.5</ele>
      </trkpt>
      <trkpt lat="43.79408" lon="6.3965">
        <ele>780.1</ele>
      </trkpt>
      <trkpt lat="43.79407" lon="6.39644">
        <ele>780.1</ele>
      </trkpt>
      <trkpt lat="43.79407" lon="6.396359">
        <ele>780.4</ele>
      </trkpt>
      <trkpt lat="43.79407" lon="6.39627">
        <ele>780.7</ele>
      </trkpt>
      <trkpt lat="43.79407" lon="6.3962">
        <ele>780.9</ele>
      </trkpt>
      <trkpt lat="43.79408" lon="6.39613">
        <ele>781.5</ele>
      </trkpt>
      <trkpt lat="43.7941" lon="6.3959">
        <ele>783.2</ele>
      </trkpt>
      <trkpt lat="43.7941" lon="6.39576">
        <ele>784.0</ele>
      </trkpt>
      <trkpt lat="43.79409" lon="6.39562">
        <ele>784.6</ele>
      </trkpt>
      <trkpt lat="43.79409" lon="6.395539">
        <ele>785.2</ele>
      </trkpt>
      <trkpt lat="43.79407" lon="6.39547">
        <ele>784.8</ele>
      </trkpt>
      <trkpt lat="43.79403" lon="6.39528">
        <ele>784.3</ele>
      </trkpt>
      <trkpt lat="43.79402" lon="6.39523">
        <ele>784.2</ele>
      </trkpt>
      <trkpt lat="43.79397" lon="6.39499">
        <ele>783.1</ele>
      </trkpt>
      <trkpt lat="43.79393" lon="6.39479">
        <ele>781.8</ele>
      </trkpt>
      <trkpt lat="43.79386" lon="6.39434">
        <ele>780.0</ele>
      </trkpt>
      <trkpt lat="43.79385" lon="6.39426">
        <ele>779.8</ele>
      </trkpt>
      <trkpt lat="43.79381" lon="6.39398">
        <ele>779.7</ele>
      </trkpt>
      <trkpt lat="43.79379" lon="6.39389">
        <ele>779.4</ele>
      </trkpt>
      <trkpt lat="43.79376" lon="6.39381">
        <ele>778.6</ele>
      </trkpt>
      <trkpt lat="43.79372" lon="6.39372">
        <ele>777.2</ele>
      </trkpt>
      <trkpt lat="43.79369" lon="6.39366">
        <ele>776.2</ele>
      </trkpt>
      <trkpt lat="43.79366" lon="6.39359">
        <ele>775.1</ele>
      </trkpt>
      <trkpt lat="43.79366" lon="6.39357">
        <ele>775.3</ele>
      </trkpt>
      <trkpt lat="43.79365" lon="6.39352">
        <ele>775.1</ele>
      </trkpt>
      <trkpt lat="43.79365" lon="6.39345">
        <ele>775.6</ele>
      </trkpt>
      <trkpt lat="43.79365" lon="6.3934">
        <ele>775.9</ele>
      </trkpt>
      <trkpt lat="43.79365" lon="6.39334">
        <ele>776.3</ele>
      </trkpt>
      <trkpt lat="43.79367" lon="6.39312">
        <ele>778.4</ele>
      </trkpt>
      <trkpt lat="43.79367" lon="6.39309">
        <ele>778.6</ele>
      </trkpt>
      <trkpt lat="43.79367" lon="6.39306">
        <ele>778.7</ele>
      </trkpt>
      <trkpt lat="43.79366" lon="6.39304">
        <ele>778.3</ele>
      </trkpt>
      <trkpt lat="43.79365" lon="6.39301">
        <ele>777.9</ele>
      </trkpt>
      <trkpt lat="43.79363" lon="6.39295">
        <ele>777.1</ele>
      </trkpt>
      <trkpt lat="43.79359" lon="6.39287">
        <ele>775.2</ele>
      </trkpt>
      <trkpt lat="43.79356" lon="6.39279">
        <ele>773.9</ele>
      </trkpt>
      <trkpt lat="43.79352" lon="6.39264">
        <ele>772.2</ele>
      </trkpt>
      <trkpt lat="43.79351" lon="6.39255">
        <ele>772.0</ele>
      </trkpt>
      <trkpt lat="43.7935" lon="6.39248">
        <ele>771.6</ele>
      </trkpt>
      <trkpt lat="43.79349" lon="6.39236">
        <ele>771.1</ele>
      </trkpt>
      <trkpt lat="43.7935" lon="6.39222">
        <ele>771.8</ele>
      </trkpt>
      <trkpt lat="43.793529" lon="6.391949">
        <ele>773.8</ele>
      </trkpt>
      <trkpt lat="43.79356" lon="6.39163">
        <ele>775.5</ele>
      </trkpt>
      <trkpt lat="43.79359" lon="6.39125">
        <ele>772.9</ele>
      </trkpt>
      <trkpt lat="43.79361" lon="6.39114">
        <ele>772.8</ele>
      </trkpt>
      <trkpt lat="43.79361" lon="6.3911">
        <ele>772.4</ele>
      </trkpt>
      <trkpt lat="43.79364" lon="6.39098">
        <ele>772.7</ele>
      </trkpt>
      <trkpt lat="43.79366" lon="6.390869">
        <ele>772.5</ele>
      </trkpt>
      <trkpt lat="43.79369" lon="6.39074">
        <ele>771.4</ele>
      </trkpt>
      <trkpt lat="43.79372" lon="6.39063">
        <ele>770.4</ele>
      </trkpt>
      <trkpt lat="43.79377" lon="6.39048">
        <ele>769.4</ele>
      </trkpt>
      <trkpt lat="43.793819" lon="6.39034">
        <ele>768.5</ele>
      </trkpt>
      <trkpt lat="43.79387" lon="6.39022">
        <ele>768.0</ele>
      </trkpt>
      <trkpt lat="43.79392" lon="6.3901">
        <ele>767.5</ele>
      </trkpt>
      <trkpt lat="43.793999" lon="6.38994">
        <ele>766.8</ele>
      </trkpt>
      <trkpt lat="43.79407" lon="6.38978">
        <ele>764.7</ele>
      </trkpt>
      <trkpt lat="43.79415" lon="6.38962">
        <ele>762.6</ele>
      </trkpt>
      <trkpt lat="43.7943" lon="6.38938">
        <ele>758.9</ele>
      </trkpt>
      <trkpt lat="43.794379" lon="6.38925">
        <ele>756.9</ele>
      </trkpt>
      <trkpt lat="43.794469" lon="6.38913">
        <ele>756.2</ele>
      </trkpt>
      <trkpt lat="43.7945" lon="6.38908">
        <ele>756.2</ele>
      </trkpt>
      <trkpt lat="43.79457" lon="6.38902">
        <ele>757.4</ele>
      </trkpt>
      <trkpt lat="43.79463" lon="6.388969">
        <ele>758.5</ele>
      </trkpt>
      <trkpt lat="43.79469" lon="6.38894">
        <ele>760.0</ele>
      </trkpt>
      <trkpt lat="43.79469" lon="6.38893">
        <ele>759.8</ele>
      </trkpt>
      <trkpt lat="43.79483" lon="6.38886">
        <ele>763.4</ele>
      </trkpt>
      <trkpt lat="43.79486" lon="6.38884">
        <ele>764.1</ele>
      </trkpt>
      <trkpt lat="43.79488" lon="6.388829">
        <ele>764.6</ele>
      </trkpt>
      <trkpt lat="43.79492" lon="6.38879">
        <ele>765.4</ele>
      </trkpt>
      <trkpt lat="43.79495" lon="6.38875">
        <ele>765.8</ele>
      </trkpt>
      <trkpt lat="43.79497" lon="6.38871">
        <ele>765.8</ele>
      </trkpt>
      <trkpt lat="43.79499" lon="6.38867">
        <ele>765.9</ele>
      </trkpt>
      <trkpt lat="43.795" lon="6.38863">
        <ele>765.6</ele>
      </trkpt>
      <trkpt lat="43.79501" lon="6.38858">
        <ele>765.1</ele>
      </trkpt>
      <trkpt lat="43.79501" lon="6.38852">
        <ele>764.1</ele>
      </trkpt>
      <trkpt lat="43.79501" lon="6.388429">
        <ele>762.7</ele>
      </trkpt>
      <trkpt lat="43.79499" lon="6.38825">
        <ele>760.6</ele>
      </trkpt>
      <trkpt lat="43.79498" lon="6.38819">
        <ele>760.3</ele>
      </trkpt>
      <trkpt lat="43.79498" lon="6.38818">
        <ele>760.3</ele>
      </trkpt>
      <trkpt lat="43.79497" lon="6.38814">
        <ele>760.0</ele>
      </trkpt>
      <trkpt lat="43.79493" lon="6.38798">
        <ele>758.8</ele>
      </trkpt>
      <trkpt lat="43.79492" lon="6.38795">
        <ele>758.5</ele>
      </trkpt>
      <trkpt lat="43.79479" lon="6.38754">
        <ele>755.6</ele>
      </trkpt>
      <trkpt lat="43.794759" lon="6.38743">
        <ele>755.3</ele>
      </trkpt>
      <trkpt lat="43.79475" lon="6.38737">
        <ele>755.3</ele>
      </trkpt>
      <trkpt lat="43.79474" lon="6.38731">
        <ele>755.4</ele>
      </trkpt>
      <trkpt lat="43.79473" lon="6.38725">
        <ele>755.5</ele>
      </trkpt>
      <trkpt lat="43.79474" lon="6.3871">
        <ele>756.4</ele>
      </trkpt>
      <trkpt lat="43.794759" lon="6.38699">
        <ele>757.2</ele>
      </trkpt>
      <trkpt lat="43.79478" lon="6.38688">
        <ele>758.0</ele>
      </trkpt>
      <trkpt lat="43.79479" lon="6.38679">
        <ele>758.5</ele>
      </trkpt>
      <trkpt lat="43.79482" lon="6.386669">
        <ele>759.3</ele>
      </trkpt>
      <trkpt lat="43.794849" lon="6.38663">
        <ele>759.2</ele>
      </trkpt>
      <trkpt lat="43.79486" lon="6.38659">
        <ele>758.9</ele>
      </trkpt>
      <trkpt lat="43.79492" lon="6.38651">
        <ele>758.5</ele>
      </trkpt>
      <trkpt lat="43.79496" lon="6.386459">
        <ele>758.2</ele>
      </trkpt>
      <trkpt lat="43.795" lon="6.38644">
        <ele>758.3</ele>
      </trkpt>
      <trkpt lat="43.79502" lon="6.38642">
        <ele>758.0</ele>
      </trkpt>
      <trkpt lat="43.79505" lon="6.38642">
        <ele>758.0</ele>
      </trkpt>
      <trkpt lat="43.79509" lon="6.38642">
        <ele>757.9</ele>
      </trkpt>
      <trkpt lat="43.79511" lon="6.38642">
        <ele>757.9</ele>
      </trkpt>
      <trkpt lat="43.79515" lon="6.38643">
        <ele>757.9</ele>
      </trkpt>
      <trkpt lat="43.79522" lon="6.38649">
        <ele>758.5</ele>
      </trkpt>
      <trkpt lat="43.79525" lon="6.38651">
        <ele>758.6</ele>
      </trkpt>
      <trkpt lat="43.79528" lon="6.38656">
        <ele>759.1</ele>
      </trkpt>
      <trkpt lat="43.79537" lon="6.38669">
        <ele>760.2</ele>
      </trkpt>
      <trkpt lat="43.7954" lon="6.38673">
        <ele>760.4</ele>
      </trkpt>
      <trkpt lat="43.79544" lon="6.38677">
        <ele>760.7</ele>
      </trkpt>
      <trkpt lat="43.79548" lon="6.3868">
        <ele>760.9</ele>
      </trkpt>
      <trkpt lat="43.79552" lon="6.38681">
        <ele>760.9</ele>
      </trkpt>
      <trkpt lat="43.79555" lon="6.38682">
        <ele>761.0</ele>
      </trkpt>
      <trkpt lat="43.7956" lon="6.38681">
        <ele>760.9</ele>
      </trkpt>
      <trkpt lat="43.79565" lon="6.3868">
        <ele>760.8</ele>
      </trkpt>
      <trkpt lat="43.79569" lon="6.38678">
        <ele>760.6</ele>
      </trkpt>
      <trkpt lat="43.79583" lon="6.38669">
        <ele>759.3</ele>
      </trkpt>
      <trkpt lat="43.79584" lon="6.38669">
        <ele>759.4</ele>
      </trkpt>
      <trkpt lat="43.79604" lon="6.38655">
        <ele>761.0</ele>
      </trkpt>
      <trkpt lat="43.7961" lon="6.38648">
        <ele>761.3</ele>
      </trkpt>
      <trkpt lat="43.79612" lon="6.38645">
        <ele>761.4</ele>
      </trkpt>
      <trkpt lat="43.79613" lon="6.38643">
        <ele>761.4</ele>
      </trkpt>
      <trkpt lat="43.79614" lon="6.38641">
        <ele>761.4</ele>
      </trkpt>
      <trkpt lat="43.79615" lon="6.38637">
        <ele>761.3</ele>
      </trkpt>
      <trkpt lat="43.79616" lon="6.38631">
        <ele>761.0</ele>
      </trkpt>
      <trkpt lat="43.79616" lon="6.38626">
        <ele>760.6</ele>
      </trkpt>
      <trkpt lat="43.79616" lon="6.38619">
        <ele>760.0</ele>
      </trkpt>
      <trkpt lat="43.79615" lon="6.38607">
        <ele>758.9</ele>
      </trkpt>
      <trkpt lat="43.79614" lon="6.38575">
        <ele>756.0</ele>
      </trkpt>
      <trkpt lat="43.79614" lon="6.38569">
        <ele>755.3</ele>
      </trkpt>
      <trkpt lat="43.79615" lon="6.38563">
        <ele>754.9</ele>
      </trkpt>
      <trkpt lat="43.79616" lon="6.38558">
        <ele>754.5</ele>
      </trkpt>
      <trkpt lat="43.79618" lon="6.38553">
        <ele>754.3</ele>
      </trkpt>
      <trkpt lat="43.79621" lon="6.38549">
        <ele>754.4</ele>
      </trkpt>
      <trkpt lat="43.79622" lon="6.38547">
        <ele>754.3</ele>
      </trkpt>
      <trkpt lat="43.79623" lon="6.38546">
        <ele>754.4</ele>
      </trkpt>
      <trkpt lat="43.79629" lon="6.385379">
        <ele>754.5</ele>
      </trkpt>
      <trkpt lat="43.79649" lon="6.38518">
        <ele>755.5</ele>
      </trkpt>
      <trkpt lat="43.79653" lon="6.38512">
        <ele>755.4</ele>
      </trkpt>
      <trkpt lat="43.79658" lon="6.38503">
        <ele>755.0</ele>
      </trkpt>
      <trkpt lat="43.79662" lon="6.38493">
        <ele>755.2</ele>
      </trkpt>
      <trkpt lat="43.79669" lon="6.38467">
        <ele>756.1</ele>
      </trkpt>
      <trkpt lat="43.79671" lon="6.38454">
        <ele>756.3</ele>
      </trkpt>
      <trkpt lat="43.79672" lon="6.38449">
        <ele>756.4</ele>
      </trkpt>
      <trkpt lat="43.79671" lon="6.38448">
        <ele>756.2</ele>
      </trkpt>
      <trkpt lat="43.79671" lon="6.38444">
        <ele>756.2</ele>
      </trkpt>
      <trkpt lat="43.7967" lon="6.38439">
        <ele>755.9</ele>
      </trkpt>
      <trkpt lat="43.79669" lon="6.38434">
        <ele>755.7</ele>
      </trkpt>
      <trkpt lat="43.79667" lon="6.3843">
        <ele>755.2</ele>
      </trkpt>
      <trkpt lat="43.79665" lon="6.38426">
        <ele>754.8</ele>
      </trkpt>
      <trkpt lat="43.79662" lon="6.384229">
        <ele>754.3</ele>
      </trkpt>
      <trkpt lat="43.79658" lon="6.38421">
        <ele>753.6</ele>
      </trkpt>
      <trkpt lat="43.79616" lon="6.38394">
        <ele>747.3</ele>
      </trkpt>
      <trkpt lat="43.79608" lon="6.38388">
        <ele>746.2</ele>
      </trkpt>
      <trkpt lat="43.79605" lon="6.38384">
        <ele>745.8</ele>
      </trkpt>
      <trkpt lat="43.79601" lon="6.3838">
        <ele>745.3</ele>
      </trkpt>
      <trkpt lat="43.795969" lon="6.38372">
        <ele>744.9</ele>
      </trkpt>
      <trkpt lat="43.79596" lon="6.38366">
        <ele>745.0</ele>
      </trkpt>
      <trkpt lat="43.79596" lon="6.38362">
        <ele>745.1</ele>
      </trkpt>
      <trkpt lat="43.79596" lon="6.38356">
        <ele>745.3</ele>
      </trkpt>
      <trkpt lat="43.79596" lon="6.38351">
        <ele>745.5</ele>
      </trkpt>
      <trkpt lat="43.79598" lon="6.38346">
        <ele>746.0</ele>
      </trkpt>
      <trkpt lat="43.79601" lon="6.38337">
        <ele>746.8</ele>
      </trkpt>
      <trkpt lat="43.79608" lon="6.38324">
        <ele>748.3</ele>
      </trkpt>
      <trkpt lat="43.796169" lon="6.3831">
        <ele>750.1</ele>
      </trkpt>
      <trkpt lat="43.79619" lon="6.38306">
        <ele>750.5</ele>
      </trkpt>
      <trkpt lat="43.79621" lon="6.38301">
        <ele>750.9</ele>
      </trkpt>
      <trkpt lat="43.79622" lon="6.38296">
        <ele>751.2</ele>
      </trkpt>
      <trkpt lat="43.79623" lon="6.38292">
        <ele>751.4</ele>
      </trkpt>
      <trkpt lat="43.79623" lon="6.38288">
        <ele>751.5</ele>
      </trkpt>
      <trkpt lat="43.79623" lon="6.38283">
        <ele>751.6</ele>
      </trkpt>
      <trkpt lat="43.79622" lon="6.38279">
        <ele>751.5</ele>
      </trkpt>
      <trkpt lat="43.79621" lon="6.38276">
        <ele>751.3</ele>
      </trkpt>
      <trkpt lat="43.79619" lon="6.382729">
        <ele>751.0</ele>
      </trkpt>
      <trkpt lat="43.79618" lon="6.38271">
        <ele>750.9</ele>
      </trkpt>
      <trkpt lat="43.79616" lon="6.38268">
        <ele>750.6</ele>
      </trkpt>
      <trkpt lat="43.79599" lon="6.38251">
        <ele>747.8</ele>
      </trkpt>
      <trkpt lat="43.79595" lon="6.38247">
        <ele>747.3</ele>
      </trkpt>
      <trkpt lat="43.79593" lon="6.38246">
        <ele>746.9</ele>
      </trkpt>
      <trkpt lat="43.79591" lon="6.38245">
        <ele>746.6</ele>
      </trkpt>
      <trkpt lat="43.795879" lon="6.38244">
        <ele>746.1</ele>
      </trkpt>
      <trkpt lat="43.79584" lon="6.38245">
        <ele>745.3</ele>
      </trkpt>
      <trkpt lat="43.7958" lon="6.38246">
        <ele>744.7</ele>
      </trkpt>
      <trkpt lat="43.79576" lon="6.38248">
        <ele>744.1</ele>
      </trkpt>
      <trkpt lat="43.79572" lon="6.38252">
        <ele>743.5</ele>
      </trkpt>
      <trkpt lat="43.79567" lon="6.38256">
        <ele>742.8</ele>
      </trkpt>
      <trkpt lat="43.79562" lon="6.38261">
        <ele>742.2</ele>
      </trkpt>
      <trkpt lat="43.79549" lon="6.38275">
        <ele>740.7</ele>
      </trkpt>
      <trkpt lat="43.79535" lon="6.38291">
        <ele>739.3</ele>
      </trkpt>
      <trkpt lat="43.7951" lon="6.38319">
        <ele>737.4</ele>
      </trkpt>
      <trkpt lat="43.79493" lon="6.38338">
        <ele>736.9</ele>
      </trkpt>
      <trkpt lat="43.79479" lon="6.38354">
        <ele>736.1</ele>
      </trkpt>
      <trkpt lat="43.79471" lon="6.38363">
        <ele>735.5</ele>
      </trkpt>
      <trkpt lat="43.79461" lon="6.38373">
        <ele>734.7</ele>
      </trkpt>
      <trkpt lat="43.79456" lon="6.38379">
        <ele>734.1</ele>
      </trkpt>
      <trkpt lat="43.79453" lon="6.38381">
        <ele>733.9</ele>
      </trkpt>
      <trkpt lat="43.79451" lon="6.38383">
        <ele>733.7</ele>
      </trkpt>
      <trkpt lat="43.79446" lon="6.38385">
        <ele>733.4</ele>
      </trkpt>
      <trkpt lat="43.79443" lon="6.38386">
        <ele>733.2</ele>
      </trkpt>
      <trkpt lat="43.7944" lon="6.38386">
        <ele>733.2</ele>
      </trkpt>
      <trkpt lat="43.79437" lon="6.38387">
        <ele>733.0</ele>
      </trkpt>
      <trkpt lat="43.79433" lon="6.38387">
        <ele>732.9</ele>
      </trkpt>
      <trkpt lat="43.79427" lon="6.38387">
        <ele>732.8</ele>
      </trkpt>
      <trkpt lat="43.79415" lon="6.38386">
        <ele>732.6</ele>
      </trkpt>
      <trkpt lat="43.79388" lon="6.38385">
        <ele>731.1</ele>
      </trkpt>
      <trkpt lat="43.79361" lon="6.38382">
        <ele>730.2</ele>
      </trkpt>
      <trkpt lat="43.79327" lon="6.38379">
        <ele>729.7</ele>
      </trkpt>
      <trkpt lat="43.79325" lon="6.38379">
        <ele>729.8</ele>
      </trkpt>
      <trkpt lat="43.79312" lon="6.38379">
        <ele>730.2</ele>
      </trkpt>
      <trkpt lat="43.793" lon="6.3838">
        <ele>730.3</ele>
      </trkpt>
      <trkpt lat="43.79292" lon="6.38382">
        <ele>730.1</ele>
      </trkpt>
      <trkpt lat="43.79282" lon="6.38385">
        <ele>729.7</ele>
      </trkpt>
      <trkpt lat="43.79276" lon="6.38387">
        <ele>729.5</ele>
      </trkpt>
      <trkpt lat="43.79269" lon="6.38391">
        <ele>728.8</ele>
      </trkpt>
      <trkpt lat="43.79255" lon="6.38397">
        <ele>728.0</ele>
      </trkpt>
      <trkpt lat="43.79253" lon="6.38398">
        <ele>727.9</ele>
      </trkpt>
      <trkpt lat="43.7924" lon="6.38404">
        <ele>724.5</ele>
      </trkpt>
      <trkpt lat="43.79238" lon="6.38404">
        <ele>724.1</ele>
      </trkpt>
      <trkpt lat="43.792319" lon="6.38406">
        <ele>722.4</ele>
      </trkpt>
      <trkpt lat="43.79225" lon="6.38407">
        <ele>720.6</ele>
      </trkpt>
      <trkpt lat="43.79219" lon="6.38407">
        <ele>719.3</ele>
      </trkpt>
      <trkpt lat="43.79215" lon="6.38406">
        <ele>718.6</ele>
      </trkpt>
      <trkpt lat="43.79209" lon="6.384019">
        <ele>717.9</ele>
      </trkpt>
      <trkpt lat="43.79206" lon="6.38399">
        <ele>717.7</ele>
      </trkpt>
      <trkpt lat="43.79204" lon="6.38396">
        <ele>717.7</ele>
      </trkpt>
      <trkpt lat="43.79196" lon="6.38387">
        <ele>717.1</ele>
      </trkpt>
      <trkpt lat="43.79191" lon="6.3838">
        <ele>716.8</ele>
      </trkpt>
      <trkpt lat="43.79191" lon="6.38379">
        <ele>716.9</ele>
      </trkpt>
      <trkpt lat="43.791849" lon="6.3837">
        <ele>716.5</ele>
      </trkpt>
      <trkpt lat="43.79182" lon="6.38364">
        <ele>716.4</ele>
      </trkpt>
      <trkpt lat="43.79179" lon="6.38357">
        <ele>716.3</ele>
      </trkpt>
      <trkpt lat="43.791759" lon="6.38347">
        <ele>716.5</ele>
      </trkpt>
      <trkpt lat="43.79174" lon="6.38335">
        <ele>717.2</ele>
      </trkpt>
      <trkpt lat="43.79174" lon="6.38327">
        <ele>717.0</ele>
      </trkpt>
      <trkpt lat="43.79174" lon="6.38318">
        <ele>716.4</ele>
      </trkpt>
      <trkpt lat="43.79174" lon="6.3831">
        <ele>715.9</ele>
      </trkpt>
      <trkpt lat="43.79174" lon="6.38299">
        <ele>715.2</ele>
      </trkpt>
      <trkpt lat="43.79175" lon="6.38286">
        <ele>714.8</ele>
      </trkpt>
      <trkpt lat="43.791759" lon="6.38279">
        <ele>714.6</ele>
      </trkpt>
      <trkpt lat="43.79177" lon="6.38271">
        <ele>714.4</ele>
      </trkpt>
      <trkpt lat="43.79179" lon="6.38265">
        <ele>714.7</ele>
      </trkpt>
      <trkpt lat="43.79181" lon="6.38256">
        <ele>714.7</ele>
      </trkpt>
      <trkpt lat="43.79184" lon="6.38249">
        <ele>715.0</ele>
      </trkpt>
      <trkpt lat="43.79189" lon="6.38241">
        <ele>715.1</ele>
      </trkpt>
      <trkpt lat="43.79196" lon="6.38229">
        <ele>715.1</ele>
      </trkpt>
      <trkpt lat="43.792029" lon="6.38218">
        <ele>715.2</ele>
      </trkpt>
      <trkpt lat="43.79211" lon="6.382049">
        <ele>715.2</ele>
      </trkpt>
      <trkpt lat="43.79212" lon="6.38203">
        <ele>715.1</ele>
      </trkpt>
      <trkpt lat="43.7922" lon="6.38191">
        <ele>715.2</ele>
      </trkpt>
      <trkpt lat="43.79233" lon="6.38168">
        <ele>714.6</ele>
      </trkpt>
      <trkpt lat="43.79235" lon="6.38164">
        <ele>714.4</ele>
      </trkpt>
      <trkpt lat="43.79247" lon="6.38139">
        <ele>713.6</ele>
      </trkpt>
      <trkpt lat="43.79252" lon="6.38126">
        <ele>712.4</ele>
      </trkpt>
      <trkpt lat="43.79254" lon="6.38121">
        <ele>711.7</ele>
      </trkpt>
      <trkpt lat="43.79255" lon="6.38116">
        <ele>711.0</ele>
      </trkpt>
      <trkpt lat="43.79256" lon="6.381109">
        <ele>710.3</ele>
      </trkpt>
      <trkpt lat="43.79256" lon="6.38106">
        <ele>709.5</ele>
      </trkpt>
      <trkpt lat="43.79257" lon="6.381">
        <ele>708.6</ele>
      </trkpt>
      <trkpt lat="43.79257" lon="6.38095">
        <ele>707.8</ele>
      </trkpt>
      <trkpt lat="43.79256" lon="6.38079">
        <ele>705.4</ele>
      </trkpt>
      <trkpt lat="43.79256" lon="6.38063">
        <ele>704.4</ele>
      </trkpt>
      <trkpt lat="43.79256" lon="6.380499">
        <ele>703.6</ele>
      </trkpt>
      <trkpt lat="43.79257" lon="6.38039">
        <ele>703.0</ele>
      </trkpt>
      <trkpt lat="43.79258" lon="6.38033">
        <ele>702.7</ele>
      </trkpt>
      <trkpt lat="43.792589" lon="6.38028">
        <ele>702.4</ele>
      </trkpt>
      <trkpt lat="43.79261" lon="6.38024">
        <ele>702.3</ele>
      </trkpt>
      <trkpt lat="43.79264" lon="6.38012">
        <ele>701.7</ele>
      </trkpt>
      <trkpt lat="43.79268" lon="6.38001">
        <ele>701.2</ele>
      </trkpt>
      <trkpt lat="43.79268" lon="6.38">
        <ele>701.1</ele>
      </trkpt>
      <trkpt lat="43.79269" lon="6.379889">
        <ele>700.6</ele>
      </trkpt>
      <trkpt lat="43.79269" lon="6.37979">
        <ele>700.1</ele>
      </trkpt>
      <trkpt lat="43.79268" lon="6.37976">
        <ele>699.9</ele>
      </trkpt>
      <trkpt lat="43.79266" lon="6.379679">
        <ele>699.4</ele>
      </trkpt>
      <trkpt lat="43.79262" lon="6.37956">
        <ele>698.8</ele>
      </trkpt>
      <trkpt lat="43.79261" lon="6.37953">
        <ele>698.6</ele>
      </trkpt>
      <trkpt lat="43.79254" lon="6.37931">
        <ele>697.6</ele>
      </trkpt>
      <trkpt lat="43.79246" lon="6.37908">
        <ele>696.6</ele>
      </trkpt>
      <trkpt lat="43.7924" lon="6.37888">
        <ele>695.9</ele>
      </trkpt>
      <trkpt lat="43.79239" lon="6.37885">
        <ele>695.8</ele>
      </trkpt>
      <trkpt lat="43.79217" lon="6.37818">
        <ele>696.2</ele>
      </trkpt>
      <trkpt lat="43.792029" lon="6.3778">
        <ele>696.4</ele>
      </trkpt>
      <trkpt lat="43.79199" lon="6.37773">
        <ele>696.9</ele>
      </trkpt>
      <trkpt lat="43.79196" lon="6.37768">
        <ele>697.3</ele>
      </trkpt>
      <trkpt lat="43.79189" lon="6.37762">
        <ele>697.9</ele>
      </trkpt>
      <trkpt lat="43.79188" lon="6.37762">
        <ele>698.0</ele>
      </trkpt>
      <trkpt lat="43.79186" lon="6.3776">
        <ele>698.2</ele>
      </trkpt>
      <trkpt lat="43.79181" lon="6.37758">
        <ele>698.6</ele>
      </trkpt>
      <trkpt lat="43.791759" lon="6.37757">
        <ele>699.0</ele>
      </trkpt>
      <trkpt lat="43.79171" lon="6.37757">
        <ele>699.4</ele>
      </trkpt>
      <trkpt lat="43.7917" lon="6.37757">
        <ele>699.5</ele>
      </trkpt>
      <trkpt lat="43.79162" lon="6.37759">
        <ele>700.1</ele>
      </trkpt>
      <trkpt lat="43.79153" lon="6.37762">
        <ele>700.9</ele>
      </trkpt>
      <trkpt lat="43.79152" lon="6.37762">
        <ele>701.2</ele>
      </trkpt>
      <trkpt lat="43.79143" lon="6.37766">
        <ele>703.8</ele>
      </trkpt>
      <trkpt lat="43.79137" lon="6.3777">
        <ele>705.3</ele>
      </trkpt>
      <trkpt lat="43.79131" lon="6.37776">
        <ele>706.6</ele>
      </trkpt>
      <trkpt lat="43.79125" lon="6.377849">
        <ele>707.4</ele>
      </trkpt>
      <trkpt lat="43.79117" lon="6.37803">
        <ele>707.6</ele>
      </trkpt>
      <trkpt lat="43.79113" lon="6.3781">
        <ele>707.8</ele>
      </trkpt>
      <trkpt lat="43.791089" lon="6.37817">
        <ele>707.8</ele>
      </trkpt>
      <trkpt lat="43.79102" lon="6.37827">
        <ele>708.1</ele>
      </trkpt>
      <trkpt lat="43.7909" lon="6.37835">
        <ele>709.4</ele>
      </trkpt>
      <trkpt lat="43.79072" lon="6.378459">
        <ele>712.6</ele>
      </trkpt>
      <trkpt lat="43.79064" lon="6.3785">
        <ele>714.4</ele>
      </trkpt>
      <trkpt lat="43.79058" lon="6.37854">
        <ele>715.5</ele>
      </trkpt>
      <trkpt lat="43.79054" lon="6.37858">
        <ele>716.0</ele>
      </trkpt>
      <trkpt lat="43.79051" lon="6.37861">
        <ele>716.4</ele>
      </trkpt>
      <trkpt lat="43.79038" lon="6.3788">
        <ele>716.6</ele>
      </trkpt>
      <trkpt lat="43.790349" lon="6.37883">
        <ele>716.8</ele>
      </trkpt>
      <trkpt lat="43.79031" lon="6.37886">
        <ele>717.4</ele>
      </trkpt>
      <trkpt lat="43.79026" lon="6.3789">
        <ele>717.9</ele>
      </trkpt>
      <trkpt lat="43.79021" lon="6.37894">
        <ele>718.5</ele>
      </trkpt>
      <trkpt lat="43.79002" lon="6.37908">
        <ele>720.5</ele>
      </trkpt>
      <trkpt lat="43.79002" lon="6.37909">
        <ele>720.2</ele>
      </trkpt>
      <trkpt lat="43.78998" lon="6.37911">
        <ele>720.9</ele>
      </trkpt>
      <trkpt lat="43.78995" lon="6.379139">
        <ele>721.2</ele>
      </trkpt>
      <trkpt lat="43.78991" lon="6.37919">
        <ele>721.6</ele>
      </trkpt>
      <trkpt lat="43.789879" lon="6.37924">
        <ele>722.0</ele>
      </trkpt>
      <trkpt lat="43.78986" lon="6.379279">
        <ele>722.1</ele>
      </trkpt>
      <trkpt lat="43.78985" lon="6.37933">
        <ele>721.9</ele>
      </trkpt>
      <trkpt lat="43.78982" lon="6.3794">
        <ele>722.0</ele>
      </trkpt>
      <trkpt lat="43.78981" lon="6.37946">
        <ele>721.6</ele>
      </trkpt>
      <trkpt lat="43.78978" lon="6.37958">
        <ele>721.0</ele>
      </trkpt>
      <trkpt lat="43.78976" lon="6.37965">
        <ele>720.8</ele>
      </trkpt>
      <trkpt lat="43.78974" lon="6.37972">
        <ele>720.6</ele>
      </trkpt>
      <trkpt lat="43.78973" lon="6.379749">
        <ele>720.5</ele>
      </trkpt>
      <trkpt lat="43.78972" lon="6.37977">
        <ele>720.6</ele>
      </trkpt>
      <trkpt lat="43.7897" lon="6.37979">
        <ele>721.0</ele>
      </trkpt>
      <trkpt lat="43.78967" lon="6.379819">
        <ele>721.5</ele>
      </trkpt>
      <trkpt lat="43.78962" lon="6.37985">
        <ele>722.7</ele>
      </trkpt>
      <trkpt lat="43.789589" lon="6.37988">
        <ele>723.3</ele>
      </trkpt>
      <trkpt lat="43.78957" lon="6.3799">
        <ele>723.7</ele>
      </trkpt>
      <trkpt lat="43.78955" lon="6.37992">
        <ele>724.0</ele>
      </trkpt>
      <trkpt lat="43.78952" lon="6.37996">
        <ele>724.5</ele>
      </trkpt>
      <trkpt lat="43.78934" lon="6.38026">
        <ele>725.7</ele>
      </trkpt>
      <trkpt lat="43.789119" lon="6.38066">
        <ele>725.7</ele>
      </trkpt>
      <trkpt lat="43.789029" lon="6.38081">
        <ele>724.9</ele>
      </trkpt>
      <trkpt lat="43.78902" lon="6.380829">
        <ele>724.7</ele>
      </trkpt>
      <trkpt lat="43.788939" lon="6.38095">
        <ele>723.1</ele>
      </trkpt>
      <trkpt lat="43.78891" lon="6.38098">
        <ele>722.8</ele>
      </trkpt>
      <trkpt lat="43.78888" lon="6.38101">
        <ele>722.6</ele>
      </trkpt>
      <trkpt lat="43.78882" lon="6.38105">
        <ele>722.5</ele>
      </trkpt>
      <trkpt lat="43.78874" lon="6.38108">
        <ele>723.0</ele>
      </trkpt>
      <trkpt lat="43.78866" lon="6.38109">
        <ele>724.0</ele>
      </trkpt>
      <trkpt lat="43.788559" lon="6.38108">
        <ele>725.9</ele>
      </trkpt>
      <trkpt lat="43.78853" lon="6.38108">
        <ele>726.4</ele>
      </trkpt>
      <trkpt lat="43.78843" lon="6.38106">
        <ele>728.6</ele>
      </trkpt>
      <trkpt lat="43.78835" lon="6.38103">
        <ele>730.8</ele>
      </trkpt>
      <trkpt lat="43.78828" lon="6.38099">
        <ele>732.3</ele>
      </trkpt>
      <trkpt lat="43.78822" lon="6.38094">
        <ele>733.8</ele>
      </trkpt>
      <trkpt lat="43.787909" lon="6.38067">
        <ele>741.6</ele>
      </trkpt>
      <trkpt lat="43.78786" lon="6.38064">
        <ele>742.6</ele>
      </trkpt>
      <trkpt lat="43.78781" lon="6.38061">
        <ele>743.6</ele>
      </trkpt>
      <trkpt lat="43.78777" lon="6.38059">
        <ele>744.3</ele>
      </trkpt>
      <trkpt lat="43.78773" lon="6.38058">
        <ele>744.7</ele>
      </trkpt>
      <trkpt lat="43.78769" lon="6.38057">
        <ele>745.1</ele>
      </trkpt>
      <trkpt lat="43.78765" lon="6.38057">
        <ele>745.1</ele>
      </trkpt>
      <trkpt lat="43.78761" lon="6.38058">
        <ele>744.7</ele>
      </trkpt>
      <trkpt lat="43.78757" lon="6.3806">
        <ele>744.0</ele>
      </trkpt>
      <trkpt lat="43.78752" lon="6.38061">
        <ele>743.6</ele>
      </trkpt>
      <trkpt lat="43.78749" lon="6.38063">
        <ele>743.0</ele>
      </trkpt>
      <trkpt lat="43.78745" lon="6.38065">
        <ele>743.0</ele>
      </trkpt>
      <trkpt lat="43.78743" lon="6.38068">
        <ele>742.2</ele>
      </trkpt>
      <trkpt lat="43.78738" lon="6.38072">
        <ele>741.7</ele>
      </trkpt>
      <trkpt lat="43.78738" lon="6.38073">
        <ele>741.4</ele>
      </trkpt>
      <trkpt lat="43.78733" lon="6.38078">
        <ele>740.6</ele>
      </trkpt>
      <trkpt lat="43.78721" lon="6.38092">
        <ele>740.3</ele>
      </trkpt>
      <trkpt lat="43.78717" lon="6.380969">
        <ele>740.6</ele>
      </trkpt>
      <trkpt lat="43.78712" lon="6.381">
        <ele>741.4</ele>
      </trkpt>
      <trkpt lat="43.78709" lon="6.38102">
        <ele>741.9</ele>
      </trkpt>
      <trkpt lat="43.78707" lon="6.38102">
        <ele>742.4</ele>
      </trkpt>
      <trkpt lat="43.78705" lon="6.38102">
        <ele>742.9</ele>
      </trkpt>
      <trkpt lat="43.787" lon="6.38101">
        <ele>744.1</ele>
      </trkpt>
      <trkpt lat="43.78699" lon="6.381">
        <ele>744.5</ele>
      </trkpt>
      <trkpt lat="43.786969" lon="6.38099">
        <ele>745.0</ele>
      </trkpt>
      <trkpt lat="43.78696" lon="6.380969">
        <ele>745.4</ele>
      </trkpt>
      <trkpt lat="43.78693" lon="6.38093">
        <ele>746.5</ele>
      </trkpt>
      <trkpt lat="43.78691" lon="6.380899">
        <ele>747.2</ele>
      </trkpt>
      <trkpt lat="43.7869" lon="6.38087">
        <ele>747.6</ele>
      </trkpt>
      <trkpt lat="43.78689" lon="6.380829">
        <ele>748.3</ele>
      </trkpt>
      <trkpt lat="43.786879" lon="6.38079">
        <ele>749.7</ele>
      </trkpt>
      <trkpt lat="43.786879" lon="6.38076">
        <ele>750.5</ele>
      </trkpt>
      <trkpt lat="43.786879" lon="6.38073">
        <ele>751.4</ele>
      </trkpt>
      <trkpt lat="43.78689" lon="6.38069">
        <ele>752.4</ele>
      </trkpt>
      <trkpt lat="43.7869" lon="6.38066">
        <ele>753.1</ele>
      </trkpt>
      <trkpt lat="43.78691" lon="6.38063">
        <ele>753.8</ele>
      </trkpt>
      <trkpt lat="43.78693" lon="6.38061">
        <ele>754.1</ele>
      </trkpt>
      <trkpt lat="43.78695" lon="6.38059">
        <ele>754.3</ele>
      </trkpt>
      <trkpt lat="43.787" lon="6.38055">
        <ele>754.6</ele>
      </trkpt>
      <trkpt lat="43.78708" lon="6.38051">
        <ele>754.5</ele>
      </trkpt>
      <trkpt lat="43.78713" lon="6.38048">
        <ele>754.7</ele>
      </trkpt>
      <trkpt lat="43.78725" lon="6.380429">
        <ele>754.4</ele>
      </trkpt>
      <trkpt lat="43.78726" lon="6.38042">
        <ele>754.6</ele>
      </trkpt>
      <trkpt lat="43.78735" lon="6.38039">
        <ele>754.3</ele>
      </trkpt>
      <trkpt lat="43.78748" lon="6.38034">
        <ele>754.2</ele>
      </trkpt>
      <trkpt lat="43.78758" lon="6.38032">
        <ele>754.5</ele>
      </trkpt>
      <trkpt lat="43.78769" lon="6.38031">
        <ele>754.5</ele>
      </trkpt>
      <trkpt lat="43.78778" lon="6.38031">
        <ele>754.3</ele>
      </trkpt>
      <trkpt lat="43.78784" lon="6.38032">
        <ele>753.8</ele>
      </trkpt>
      <trkpt lat="43.78789" lon="6.38033">
        <ele>753.3</ele>
      </trkpt>
      <trkpt lat="43.78798" lon="6.38038">
        <ele>751.4</ele>
      </trkpt>
      <trkpt lat="43.78806" lon="6.380429">
        <ele>749.6</ele>
      </trkpt>
      <trkpt lat="43.78813" lon="6.38047">
        <ele>748.2</ele>
      </trkpt>
      <trkpt lat="43.78817" lon="6.380499">
        <ele>747.2</ele>
      </trkpt>
      <trkpt lat="43.78821" lon="6.38052">
        <ele>746.5</ele>
      </trkpt>
      <trkpt lat="43.78823" lon="6.38052">
        <ele>746.5</ele>
      </trkpt>
      <trkpt lat="43.78825" lon="6.38052">
        <ele>746.5</ele>
      </trkpt>
      <trkpt lat="43.78828" lon="6.38052">
        <ele>746.4</ele>
      </trkpt>
      <trkpt lat="43.78829" lon="6.38051">
        <ele>746.7</ele>
      </trkpt>
      <trkpt lat="43.7883" lon="6.38051">
        <ele>746.7</ele>
      </trkpt>
      <trkpt lat="43.78832" lon="6.38049">
        <ele>747.3</ele>
      </trkpt>
      <trkpt lat="43.78833" lon="6.38048">
        <ele>747.6</ele>
      </trkpt>
      <trkpt lat="43.78834" lon="6.38046">
        <ele>748.0</ele>
      </trkpt>
      <trkpt lat="43.78835" lon="6.38044">
        <ele>748.4</ele>
      </trkpt>
      <trkpt lat="43.78836" lon="6.38042">
        <ele>748.7</ele>
      </trkpt>
      <trkpt lat="43.788379" lon="6.38034">
        <ele>750.6</ele>
      </trkpt>
      <trkpt lat="43.7884" lon="6.38027">
        <ele>752.0</ele>
      </trkpt>
      <trkpt lat="43.78844" lon="6.38018">
        <ele>753.5</ele>
      </trkpt>
      <trkpt lat="43.78849" lon="6.38009">
        <ele>754.5</ele>
      </trkpt>
      <trkpt lat="43.78859" lon="6.37993">
        <ele>755.2</ele>
      </trkpt>
      <trkpt lat="43.78866" lon="6.37983">
        <ele>755.0</ele>
      </trkpt>
      <trkpt lat="43.78868" lon="6.37978">
        <ele>755.4</ele>
      </trkpt>
      <trkpt lat="43.7887" lon="6.37973">
        <ele>755.7</ele>
      </trkpt>
      <trkpt lat="43.7887" lon="6.37972">
        <ele>755.9</ele>
      </trkpt>
      <trkpt lat="43.78872" lon="6.37965">
        <ele>756.6</ele>
      </trkpt>
      <trkpt lat="43.78872" lon="6.37957">
        <ele>758.2</ele>
      </trkpt>
      <trkpt lat="43.78874" lon="6.37923">
        <ele>764.2</ele>
      </trkpt>
      <trkpt lat="43.78875" lon="6.37909">
        <ele>766.8</ele>
      </trkpt>
      <trkpt lat="43.78879" lon="6.37892">
        <ele>769.0</ele>
      </trkpt>
      <trkpt lat="43.78883" lon="6.37879">
        <ele>770.2</ele>
      </trkpt>
      <trkpt lat="43.788849" lon="6.37871">
        <ele>771.1</ele>
      </trkpt>
      <trkpt lat="43.789" lon="6.3784">
        <ele>770.9</ele>
      </trkpt>
      <trkpt lat="43.78907" lon="6.37828">
        <ele>770.7</ele>
      </trkpt>
      <trkpt lat="43.78915" lon="6.37815">
        <ele>771.2</ele>
      </trkpt>
      <trkpt lat="43.78926" lon="6.377989">
        <ele>772.8</ele>
      </trkpt>
      <trkpt lat="43.78928" lon="6.37797">
        <ele>772.8</ele>
      </trkpt>
      <trkpt lat="43.78938" lon="6.377849">
        <ele>773.4</ele>
      </trkpt>
      <trkpt lat="43.78943" lon="6.37779">
        <ele>773.7</ele>
      </trkpt>
      <trkpt lat="43.78948" lon="6.37774">
        <ele>773.5</ele>
      </trkpt>
      <trkpt lat="43.78973" lon="6.37756">
        <ele>770.2</ele>
      </trkpt>
      <trkpt lat="43.78979" lon="6.37751">
        <ele>769.5</ele>
      </trkpt>
      <trkpt lat="43.78982" lon="6.37748">
        <ele>768.7</ele>
      </trkpt>
      <trkpt lat="43.78985" lon="6.37744">
        <ele>767.5</ele>
      </trkpt>
      <trkpt lat="43.78987" lon="6.3774">
        <ele>766.8</ele>
      </trkpt>
      <trkpt lat="43.789879" lon="6.37737">
        <ele>766.4</ele>
      </trkpt>
      <trkpt lat="43.789879" lon="6.37735">
        <ele>766.4</ele>
      </trkpt>
      <trkpt lat="43.78989" lon="6.377309">
        <ele>766.0</ele>
      </trkpt>
      <trkpt lat="43.78989" lon="6.37727">
        <ele>765.9</ele>
      </trkpt>
      <trkpt lat="43.78989" lon="6.37722">
        <ele>765.9</ele>
      </trkpt>
      <trkpt lat="43.789879" lon="6.377169">
        <ele>766.2</ele>
      </trkpt>
      <trkpt lat="43.789879" lon="6.37716">
        <ele>766.2</ele>
      </trkpt>
      <trkpt lat="43.78986" lon="6.3771">
        <ele>766.9</ele>
      </trkpt>
      <trkpt lat="43.78981" lon="6.37699">
        <ele>768.5</ele>
      </trkpt>
      <trkpt lat="43.78979" lon="6.37695">
        <ele>769.1</ele>
      </trkpt>
      <trkpt lat="43.78977" lon="6.37691">
        <ele>769.8</ele>
      </trkpt>
      <trkpt lat="43.78973" lon="6.37683">
        <ele>771.0</ele>
      </trkpt>
      <trkpt lat="43.78968" lon="6.376769">
        <ele>772.6</ele>
      </trkpt>
      <trkpt lat="43.78962" lon="6.37668">
        <ele>774.3</ele>
      </trkpt>
      <trkpt lat="43.78955" lon="6.3766">
        <ele>774.8</ele>
      </trkpt>
      <trkpt lat="43.78945" lon="6.37651">
        <ele>775.6</ele>
      </trkpt>
      <trkpt lat="43.78939" lon="6.37646">
        <ele>776.1</ele>
      </trkpt>
      <trkpt lat="43.78936" lon="6.37644">
        <ele>776.5</ele>
      </trkpt>
      <trkpt lat="43.78928" lon="6.37637">
        <ele>777.0</ele>
      </trkpt>
      <trkpt lat="43.78919" lon="6.37631">
        <ele>778.0</ele>
      </trkpt>
      <trkpt lat="43.7889" lon="6.37613">
        <ele>783.0</ele>
      </trkpt>
      <trkpt lat="43.7888" lon="6.37605">
        <ele>784.0</ele>
      </trkpt>
      <trkpt lat="43.7886" lon="6.37587">
        <ele>785.2</ele>
      </trkpt>
      <trkpt lat="43.78846" lon="6.37576">
        <ele>787.2</ele>
      </trkpt>
      <trkpt lat="43.78815" lon="6.37556">
        <ele>792.1</ele>
      </trkpt>
      <trkpt lat="43.78808" lon="6.3755">
        <ele>792.6</ele>
      </trkpt>
      <trkpt lat="43.78802" lon="6.37543">
        <ele>792.7</ele>
      </trkpt>
      <trkpt lat="43.78796" lon="6.37536">
        <ele>792.7</ele>
      </trkpt>
      <trkpt lat="43.787909" lon="6.37528">
        <ele>792.2</ele>
      </trkpt>
      <trkpt lat="43.78785" lon="6.3752">
        <ele>792.0</ele>
      </trkpt>
      <trkpt lat="43.78782" lon="6.37515">
        <ele>791.6</ele>
      </trkpt>
      <trkpt lat="43.78777" lon="6.37507">
        <ele>791.1</ele>
      </trkpt>
      <trkpt lat="43.78772" lon="6.37503">
        <ele>791.4</ele>
      </trkpt>
      <trkpt lat="43.78771" lon="6.375009">
        <ele>791.2</ele>
      </trkpt>
      <trkpt lat="43.78767" lon="6.37497">
        <ele>791.3</ele>
      </trkpt>
      <trkpt lat="43.787619" lon="6.374939">
        <ele>792.0</ele>
      </trkpt>
      <trkpt lat="43.78752" lon="6.37488">
        <ele>793.2</ele>
      </trkpt>
      <trkpt lat="43.7874" lon="6.37482">
        <ele>797.0</ele>
      </trkpt>
      <trkpt lat="43.78733" lon="6.37479">
        <ele>799.5</ele>
      </trkpt>
      <trkpt lat="43.78723" lon="6.374729">
        <ele>802.8</ele>
      </trkpt>
      <trkpt lat="43.78719" lon="6.3747">
        <ele>804.0</ele>
      </trkpt>
      <trkpt lat="43.787149" lon="6.37466">
        <ele>805.0</ele>
      </trkpt>
      <trkpt lat="43.78709" lon="6.37458">
        <ele>806.1</ele>
      </trkpt>
      <trkpt lat="43.787059" lon="6.37455">
        <ele>806.9</ele>
      </trkpt>
      <trkpt lat="43.787" lon="6.37447">
        <ele>808.0</ele>
      </trkpt>
      <trkpt lat="43.78693" lon="6.374329">
        <ele>808.4</ele>
      </trkpt>
      <trkpt lat="43.78689" lon="6.37422">
        <ele>808.1</ele>
      </trkpt>
      <trkpt lat="43.78684" lon="6.37408">
        <ele>807.9</ele>
      </trkpt>
      <trkpt lat="43.78679" lon="6.37396">
        <ele>808.2</ele>
      </trkpt>
      <trkpt lat="43.78678" lon="6.37392">
        <ele>808.0</ele>
      </trkpt>
      <trkpt lat="43.78673" lon="6.37375">
        <ele>807.6</ele>
      </trkpt>
      <trkpt lat="43.78672" lon="6.37373">
        <ele>807.7</ele>
      </trkpt>
      <trkpt lat="43.78669" lon="6.37363">
        <ele>807.5</ele>
      </trkpt>
      <trkpt lat="43.78667" lon="6.37353">
        <ele>806.9</ele>
      </trkpt>
      <trkpt lat="43.78667" lon="6.3735">
        <ele>806.4</ele>
      </trkpt>
      <trkpt lat="43.78666" lon="6.37342">
        <ele>805.6</ele>
      </trkpt>
      <trkpt lat="43.78662" lon="6.37309">
        <ele>800.5</ele>
      </trkpt>
      <trkpt lat="43.78661" lon="6.37306">
        <ele>800.2</ele>
      </trkpt>
      <trkpt lat="43.786589" lon="6.373">
        <ele>799.7</ele>
      </trkpt>
      <trkpt lat="43.78656" lon="6.37294">
        <ele>799.7</ele>
      </trkpt>
      <trkpt lat="43.78652" lon="6.37288">
        <ele>800.1</ele>
      </trkpt>
      <trkpt lat="43.78648" lon="6.37282">
        <ele>800.5</ele>
      </trkpt>
      <trkpt lat="43.78634" lon="6.37266">
        <ele>803.3</ele>
      </trkpt>
      <trkpt lat="43.78634" lon="6.37265">
        <ele>803.1</ele>
      </trkpt>
      <trkpt lat="43.786209" lon="6.37247">
        <ele>805.4</ele>
      </trkpt>
      <trkpt lat="43.78619" lon="6.372429">
        <ele>805.8</ele>
      </trkpt>
      <trkpt lat="43.78618" lon="6.37239">
        <ele>805.7</ele>
      </trkpt>
      <trkpt lat="43.78617" lon="6.37235">
        <ele>805.6</ele>
      </trkpt>
      <trkpt lat="43.78615" lon="6.37228">
        <ele>805.4</ele>
      </trkpt>
      <trkpt lat="43.78615" lon="6.37225">
        <ele>805.0</ele>
      </trkpt>
      <trkpt lat="43.78614" lon="6.37222">
        <ele>805.0</ele>
      </trkpt>
      <trkpt lat="43.7861" lon="6.3718">
        <ele>800.4</ele>
      </trkpt>
      <trkpt lat="43.78609" lon="6.37176">
        <ele>800.1</ele>
      </trkpt>
      <trkpt lat="43.78609" lon="6.37174">
        <ele>799.8</ele>
      </trkpt>
      <trkpt lat="43.78608" lon="6.37172">
        <ele>799.8</ele>
      </trkpt>
      <trkpt lat="43.78608" lon="6.3717">
        <ele>799.5</ele>
      </trkpt>
      <trkpt lat="43.78607" lon="6.371679">
        <ele>799.5</ele>
      </trkpt>
      <trkpt lat="43.78605" lon="6.37165">
        <ele>799.9</ele>
      </trkpt>
      <trkpt lat="43.786029" lon="6.37162">
        <ele>800.5</ele>
      </trkpt>
      <trkpt lat="43.78601" lon="6.3716">
        <ele>801.0</ele>
      </trkpt>
      <trkpt lat="43.78597" lon="6.37157">
        <ele>802.1</ele>
      </trkpt>
      <trkpt lat="43.785939" lon="6.37155">
        <ele>802.9</ele>
      </trkpt>
      <trkpt lat="43.78591" lon="6.37154">
        <ele>803.7</ele>
      </trkpt>
      <trkpt lat="43.78587" lon="6.37154">
        <ele>804.9</ele>
      </trkpt>
      <trkpt lat="43.78584" lon="6.37154">
        <ele>805.7</ele>
      </trkpt>
      <trkpt lat="43.78583" lon="6.37155">
        <ele>806.1</ele>
      </trkpt>
      <trkpt lat="43.78579" lon="6.37157">
        <ele>807.1</ele>
      </trkpt>
      <trkpt lat="43.785739" lon="6.3716">
        <ele>808.4</ele>
      </trkpt>
      <trkpt lat="43.7857" lon="6.37163">
        <ele>809.5</ele>
      </trkpt>
      <trkpt lat="43.78566" lon="6.37165">
        <ele>810.6</ele>
      </trkpt>
      <trkpt lat="43.78562" lon="6.37167">
        <ele>811.7</ele>
      </trkpt>
      <trkpt lat="43.78559" lon="6.37167">
        <ele>812.3</ele>
      </trkpt>
      <trkpt lat="43.78555" lon="6.37167">
        <ele>813.2</ele>
      </trkpt>
      <trkpt lat="43.7855" lon="6.37166">
        <ele>814.1</ele>
      </trkpt>
      <trkpt lat="43.78546" lon="6.37164">
        <ele>814.8</ele>
      </trkpt>
      <trkpt lat="43.7854" lon="6.37159">
        <ele>815.6</ele>
      </trkpt>
      <trkpt lat="43.78534" lon="6.37154">
        <ele>816.3</ele>
      </trkpt>
      <trkpt lat="43.78528" lon="6.37148">
        <ele>816.9</ele>
      </trkpt>
      <trkpt lat="43.78517" lon="6.37136">
        <ele>817.9</ele>
      </trkpt>
      <trkpt lat="43.78507" lon="6.37126">
        <ele>818.7</ele>
      </trkpt>
      <trkpt lat="43.78496" lon="6.37113">
        <ele>819.9</ele>
      </trkpt>
      <trkpt lat="43.78491" lon="6.37106">
        <ele>820.9</ele>
      </trkpt>
      <trkpt lat="43.78486" lon="6.37099">
        <ele>821.8</ele>
      </trkpt>
      <trkpt lat="43.78481" lon="6.37091">
        <ele>822.7</ele>
      </trkpt>
      <trkpt lat="43.78477" lon="6.37084">
        <ele>823.3</ele>
      </trkpt>
      <trkpt lat="43.78459" lon="6.37052">
        <ele>827.3</ele>
      </trkpt>
      <trkpt lat="43.78451" lon="6.37039">
        <ele>829.0</ele>
      </trkpt>
      <trkpt lat="43.78447" lon="6.3703">
        <ele>829.7</ele>
      </trkpt>
      <trkpt lat="43.78442" lon="6.37019">
        <ele>830.4</ele>
      </trkpt>
      <trkpt lat="43.78435" lon="6.37004">
        <ele>831.4</ele>
      </trkpt>
      <trkpt lat="43.784239" lon="6.36977">
        <ele>832.5</ele>
      </trkpt>
      <trkpt lat="43.783969" lon="6.36899">
        <ele>834.2</ele>
      </trkpt>
      <trkpt lat="43.78389" lon="6.368769">
        <ele>835.3</ele>
      </trkpt>
      <trkpt lat="43.78385" lon="6.36867">
        <ele>835.9</ele>
      </trkpt>
      <trkpt lat="43.7838" lon="6.36856">
        <ele>836.8</ele>
      </trkpt>
      <trkpt lat="43.783679" lon="6.36831">
        <ele>838.9</ele>
      </trkpt>
      <trkpt lat="43.78363" lon="6.36819">
        <ele>839.9</ele>
      </trkpt>
      <trkpt lat="43.783589" lon="6.368089">
        <ele>840.5</ele>
      </trkpt>
      <trkpt lat="43.78354" lon="6.36797">
        <ele>841.2</ele>
      </trkpt>
      <trkpt lat="43.78347" lon="6.36772">
        <ele>841.3</ele>
      </trkpt>
      <trkpt lat="43.78342" lon="6.36756">
        <ele>841.2</ele>
      </trkpt>
      <trkpt lat="43.78337" lon="6.367409">
        <ele>841.2</ele>
      </trkpt>
      <trkpt lat="43.78334" lon="6.36733">
        <ele>841.2</ele>
      </trkpt>
      <trkpt lat="43.78331" lon="6.36726">
        <ele>841.7</ele>
      </trkpt>
      <trkpt lat="43.78316" lon="6.36695">
        <ele>844.9</ele>
      </trkpt>
      <trkpt lat="43.783029" lon="6.36666">
        <ele>847.7</ele>
      </trkpt>
      <trkpt lat="43.78298" lon="6.36652">
        <ele>848.8</ele>
      </trkpt>
      <trkpt lat="43.7829" lon="6.36632">
        <ele>850.7</ele>
      </trkpt>
      <trkpt lat="43.78285" lon="6.36618">
        <ele>851.6</ele>
      </trkpt>
      <trkpt lat="43.78282" lon="6.3661">
        <ele>852.2</ele>
      </trkpt>
      <trkpt lat="43.782739" lon="6.36589">
        <ele>853.5</ele>
      </trkpt>
      <trkpt lat="43.7826" lon="6.36549">
        <ele>854.5</ele>
      </trkpt>
      <trkpt lat="43.78244" lon="6.36496">
        <ele>853.4</ele>
      </trkpt>
      <trkpt lat="43.78233" lon="6.364569">
        <ele>855.4</ele>
      </trkpt>
      <trkpt lat="43.78229" lon="6.36444">
        <ele>856.3</ele>
      </trkpt>
      <trkpt lat="43.78225" lon="6.36425">
        <ele>856.7</ele>
      </trkpt>
      <trkpt lat="43.78223" lon="6.36413">
        <ele>857.0</ele>
      </trkpt>
      <trkpt lat="43.78222" lon="6.36401">
        <ele>857.4</ele>
      </trkpt>
      <trkpt lat="43.78219" lon="6.36358">
        <ele>858.3</ele>
      </trkpt>
      <trkpt lat="43.782179" lon="6.36353">
        <ele>858.7</ele>
      </trkpt>
      <trkpt lat="43.782089" lon="6.36254">
        <ele>860.8</ele>
      </trkpt>
      <trkpt lat="43.782089" lon="6.362459">
        <ele>860.8</ele>
      </trkpt>
      <trkpt lat="43.78207" lon="6.36236">
        <ele>861.4</ele>
      </trkpt>
      <trkpt lat="43.78206" lon="6.36229">
        <ele>861.6</ele>
      </trkpt>
      <trkpt lat="43.78206" lon="6.36226">
        <ele>861.6</ele>
      </trkpt>
      <trkpt lat="43.78204" lon="6.36216">
        <ele>862.1</ele>
      </trkpt>
      <trkpt lat="43.78201" lon="6.36207">
        <ele>862.8</ele>
      </trkpt>
      <trkpt lat="43.78198" lon="6.36194">
        <ele>863.5</ele>
      </trkpt>
      <trkpt lat="43.78195" lon="6.36184">
        <ele>864.1</ele>
      </trkpt>
      <trkpt lat="43.781619" lon="6.36079">
        <ele>870.0</ele>
      </trkpt>
      <trkpt lat="43.781329" lon="6.35989">
        <ele>873.6</ele>
      </trkpt>
      <trkpt lat="43.781239" lon="6.35961">
        <ele>875.5</ele>
      </trkpt>
      <trkpt lat="43.78116" lon="6.35931">
        <ele>876.5</ele>
      </trkpt>
      <trkpt lat="43.78112" lon="6.3592">
        <ele>877.0</ele>
      </trkpt>
      <trkpt lat="43.78109" lon="6.359079">
        <ele>877.1</ele>
      </trkpt>
      <trkpt lat="43.78102" lon="6.35883">
        <ele>877.1</ele>
      </trkpt>
      <trkpt lat="43.78092" lon="6.35842">
        <ele>876.0</ele>
      </trkpt>
      <trkpt lat="43.7808" lon="6.3579">
        <ele>875.8</ele>
      </trkpt>
      <trkpt lat="43.7808" lon="6.35789">
        <ele>875.8</ele>
      </trkpt>
      <trkpt lat="43.78048" lon="6.3566">
        <ele>881.2</ele>
      </trkpt>
      <trkpt lat="43.78045" lon="6.35649">
        <ele>881.5</ele>
      </trkpt>
      <trkpt lat="43.78036" lon="6.35614">
        <ele>882.5</ele>
      </trkpt>
      <trkpt lat="43.78026" lon="6.355749">
        <ele>883.5</ele>
      </trkpt>
      <trkpt lat="43.78016" lon="6.35529">
        <ele>884.6</ele>
      </trkpt>
      <trkpt lat="43.78015" lon="6.35517">
        <ele>884.9</ele>
      </trkpt>
      <trkpt lat="43.78014" lon="6.3551">
        <ele>885.1</ele>
      </trkpt>
      <trkpt lat="43.78014" lon="6.35502">
        <ele>885.3</ele>
      </trkpt>
      <trkpt lat="43.78014" lon="6.35493">
        <ele>885.4</ele>
      </trkpt>
      <trkpt lat="43.78014" lon="6.354669">
        <ele>885.6</ele>
      </trkpt>
      <trkpt lat="43.78016" lon="6.35407">
        <ele>886.5</ele>
      </trkpt>
      <trkpt lat="43.78017" lon="6.3537">
        <ele>887.9</ele>
      </trkpt>
      <trkpt lat="43.78018" lon="6.35351">
        <ele>888.7</ele>
      </trkpt>
      <trkpt lat="43.78018" lon="6.35339">
        <ele>889.1</ele>
      </trkpt>
      <trkpt lat="43.78019" lon="6.35328">
        <ele>889.6</ele>
      </trkpt>
      <trkpt lat="43.78019" lon="6.35323">
        <ele>889.7</ele>
      </trkpt>
      <trkpt lat="43.78024" lon="6.35239">
        <ele>892.9</ele>
      </trkpt>
      <trkpt lat="43.78027" lon="6.35158">
        <ele>894.3</ele>
      </trkpt>
      <trkpt lat="43.78028" lon="6.35129">
        <ele>894.5</ele>
      </trkpt>
      <trkpt lat="43.78033" lon="6.35002">
        <ele>900.3</ele>
      </trkpt>
      <trkpt lat="43.78034" lon="6.349859">
        <ele>900.9</ele>
      </trkpt>
      <trkpt lat="43.78035" lon="6.34968">
        <ele>901.6</ele>
      </trkpt>
      <trkpt lat="43.78037" lon="6.34953">
        <ele>902.2</ele>
      </trkpt>
      <trkpt lat="43.78038" lon="6.34944">
        <ele>902.6</ele>
      </trkpt>
      <trkpt lat="43.78039" lon="6.34936">
        <ele>903.0</ele>
      </trkpt>
      <trkpt lat="43.7804" lon="6.34931">
        <ele>903.3</ele>
      </trkpt>
      <trkpt lat="43.78042" lon="6.34926">
        <ele>903.7</ele>
      </trkpt>
      <trkpt lat="43.78047" lon="6.349109">
        <ele>904.5</ele>
      </trkpt>
      <trkpt lat="43.78052" lon="6.34894">
        <ele>904.7</ele>
      </trkpt>
      <trkpt lat="43.78064" lon="6.348639">
        <ele>905.2</ele>
      </trkpt>
      <trkpt lat="43.78074" lon="6.34838">
        <ele>905.4</ele>
      </trkpt>
      <trkpt lat="43.78093" lon="6.34794">
        <ele>905.7</ele>
      </trkpt>
      <trkpt lat="43.78121" lon="6.3473">
        <ele>905.6</ele>
      </trkpt>
      <trkpt lat="43.78147" lon="6.34687">
        <ele>905.9</ele>
      </trkpt>
      <trkpt lat="43.78174" lon="6.3464">
        <ele>907.2</ele>
      </trkpt>
      <trkpt lat="43.781799" lon="6.34629">
        <ele>907.9</ele>
      </trkpt>
      <trkpt lat="43.78187" lon="6.34615">
        <ele>908.4</ele>
      </trkpt>
      <trkpt lat="43.78191" lon="6.34602">
        <ele>908.8</ele>
      </trkpt>
      <trkpt lat="43.78193" lon="6.345919">
        <ele>909.1</ele>
      </trkpt>
      <trkpt lat="43.78196" lon="6.34577">
        <ele>909.6</ele>
      </trkpt>
      <trkpt lat="43.78198" lon="6.34567">
        <ele>910.0</ele>
      </trkpt>
      <trkpt lat="43.78198" lon="6.34558">
        <ele>910.1</ele>
      </trkpt>
      <trkpt lat="43.78199" lon="6.34548">
        <ele>910.3</ele>
      </trkpt>
      <trkpt lat="43.781999" lon="6.34541">
        <ele>910.4</ele>
      </trkpt>
      <trkpt lat="43.781999" lon="6.34534">
        <ele>910.5</ele>
      </trkpt>
      <trkpt lat="43.78199" lon="6.34528">
        <ele>910.5</ele>
      </trkpt>
      <trkpt lat="43.78199" lon="6.34522">
        <ele>910.5</ele>
      </trkpt>
      <trkpt lat="43.78197" lon="6.34515">
        <ele>910.4</ele>
      </trkpt>
      <trkpt lat="43.78195" lon="6.34509">
        <ele>910.3</ele>
      </trkpt>
      <trkpt lat="43.78193" lon="6.34504">
        <ele>910.2</ele>
      </trkpt>
      <trkpt lat="43.7819" lon="6.344979">
        <ele>910.0</ele>
      </trkpt>
      <trkpt lat="43.78184" lon="6.34489">
        <ele>909.8</ele>
      </trkpt>
      <trkpt lat="43.78179" lon="6.34481">
        <ele>909.6</ele>
      </trkpt>
      <trkpt lat="43.78174" lon="6.34472">
        <ele>909.4</ele>
      </trkpt>
      <trkpt lat="43.78169" lon="6.34465">
        <ele>909.1</ele>
      </trkpt>
      <trkpt lat="43.78167" lon="6.34464">
        <ele>908.9</ele>
      </trkpt>
      <trkpt lat="43.78156" lon="6.34448">
        <ele>909.3</ele>
      </trkpt>
      <trkpt lat="43.78143" lon="6.344299">
        <ele>910.1</ele>
      </trkpt>
      <trkpt lat="43.7813" lon="6.34413">
        <ele>911.2</ele>
      </trkpt>
      <trkpt lat="43.78129" lon="6.34411">
        <ele>911.3</ele>
      </trkpt>
      <trkpt lat="43.78117" lon="6.34394">
        <ele>912.9</ele>
      </trkpt>
      <trkpt lat="43.78104" lon="6.34377">
        <ele>914.5</ele>
      </trkpt>
      <trkpt lat="43.78103" lon="6.343759">
        <ele>914.6</ele>
      </trkpt>
      <trkpt lat="43.78092" lon="6.34361">
        <ele>915.9</ele>
      </trkpt>
      <trkpt lat="43.78089" lon="6.34358">
        <ele>916.1</ele>
      </trkpt>
      <trkpt lat="43.78064" lon="6.34324">
        <ele>918.9</ele>
      </trkpt>
      <trkpt lat="43.78051" lon="6.34309">
        <ele>920.5</ele>
      </trkpt>
      <trkpt lat="43.7805" lon="6.343079">
        <ele>920.6</ele>
      </trkpt>
      <trkpt lat="43.78044" lon="6.34298">
        <ele>921.8</ele>
      </trkpt>
      <trkpt lat="43.78041" lon="6.34293">
        <ele>922.4</ele>
      </trkpt>
      <trkpt lat="43.78037" lon="6.34286">
        <ele>923.3</ele>
      </trkpt>
      <trkpt lat="43.78035" lon="6.3427">
        <ele>925.0</ele>
      </trkpt>
      <trkpt lat="43.78032" lon="6.34245">
        <ele>927.5</ele>
      </trkpt>
      <trkpt lat="43.78032" lon="6.34243">
        <ele>927.6</ele>
      </trkpt>
      <trkpt lat="43.78029" lon="6.34229">
        <ele>928.5</ele>
      </trkpt>
      <trkpt lat="43.78027" lon="6.34213">
        <ele>929.4</ele>
      </trkpt>
      <trkpt lat="43.78024" lon="6.34197">
        <ele>930.3</ele>
      </trkpt>
      <trkpt lat="43.780209" lon="6.34183">
        <ele>931.2</ele>
      </trkpt>
      <trkpt lat="43.78019" lon="6.34177">
        <ele>931.7</ele>
      </trkpt>
      <trkpt lat="43.78018" lon="6.34173">
        <ele>932.0</ele>
      </trkpt>
      <trkpt lat="43.78011" lon="6.34141">
        <ele>933.7</ele>
      </trkpt>
      <trkpt lat="43.78006" lon="6.34126">
        <ele>934.5</ele>
      </trkpt>
      <trkpt lat="43.78006" lon="6.34124">
        <ele>934.6</ele>
      </trkpt>
      <trkpt lat="43.78002" lon="6.34114">
        <ele>935.1</ele>
      </trkpt>
      <trkpt lat="43.77995" lon="6.34101">
        <ele>935.3</ele>
      </trkpt>
      <trkpt lat="43.77987" lon="6.34084">
        <ele>935.2</ele>
      </trkpt>
      <trkpt lat="43.77985" lon="6.34078">
        <ele>935.1</ele>
      </trkpt>
      <trkpt lat="43.77984" lon="6.34075">
        <ele>935.0</ele>
      </trkpt>
      <trkpt lat="43.77984" lon="6.34072">
        <ele>935.0</ele>
      </trkpt>
      <trkpt lat="43.77982" lon="6.340569">
        <ele>934.9</ele>
      </trkpt>
      <trkpt lat="43.77981" lon="6.34032">
        <ele>934.9</ele>
      </trkpt>
      <trkpt lat="43.7798" lon="6.34026">
        <ele>934.9</ele>
      </trkpt>
      <trkpt lat="43.77978" lon="6.34015">
        <ele>934.9</ele>
      </trkpt>
      <trkpt lat="43.77968" lon="6.33983">
        <ele>935.8</ele>
      </trkpt>
      <trkpt lat="43.77966" lon="6.3398">
        <ele>936.0</ele>
      </trkpt>
      <trkpt lat="43.779649" lon="6.33977">
        <ele>936.1</ele>
      </trkpt>
      <trkpt lat="43.77963" lon="6.33973">
        <ele>936.3</ele>
      </trkpt>
      <trkpt lat="43.7796" lon="6.33969">
        <ele>936.5</ele>
      </trkpt>
      <trkpt lat="43.77941" lon="6.33952">
        <ele>937.3</ele>
      </trkpt>
      <trkpt lat="43.77935" lon="6.33946">
        <ele>937.6</ele>
      </trkpt>
      <trkpt lat="43.77928" lon="6.33938">
        <ele>938.0</ele>
      </trkpt>
      <trkpt lat="43.77922" lon="6.33931">
        <ele>938.3</ele>
      </trkpt>
      <trkpt lat="43.77916" lon="6.33918">
        <ele>938.9</ele>
      </trkpt>
      <trkpt lat="43.77905" lon="6.33898">
        <ele>940.3</ele>
      </trkpt>
      <trkpt lat="43.77895" lon="6.33877">
        <ele>941.8</ele>
      </trkpt>
      <trkpt lat="43.77885" lon="6.33859">
        <ele>943.1</ele>
      </trkpt>
      <trkpt lat="43.778329" lon="6.33758">
        <ele>947.6</ele>
      </trkpt>
      <trkpt lat="43.77832" lon="6.33757">
        <ele>947.6</ele>
      </trkpt>
      <trkpt lat="43.77814" lon="6.33723">
        <ele>950.5</ele>
      </trkpt>
      <trkpt lat="43.77779" lon="6.33659">
        <ele>956.4</ele>
      </trkpt>
      <trkpt lat="43.77775" lon="6.33651">
        <ele>957.1</ele>
      </trkpt>
      <trkpt lat="43.77772" lon="6.33643">
        <ele>957.8</ele>
      </trkpt>
      <trkpt lat="43.77769" lon="6.33638">
        <ele>958.2</ele>
      </trkpt>
      <trkpt lat="43.77766" lon="6.33629">
        <ele>959.0</ele>
      </trkpt>
      <trkpt lat="43.77765" lon="6.336229">
        <ele>959.6</ele>
      </trkpt>
      <trkpt lat="43.77762" lon="6.33613">
        <ele>960.4</ele>
      </trkpt>
      <trkpt lat="43.7776" lon="6.33604">
        <ele>961.3</ele>
      </trkpt>
      <trkpt lat="43.77754" lon="6.33587">
        <ele>962.7</ele>
      </trkpt>
      <trkpt lat="43.77751" lon="6.33581">
        <ele>963.4</ele>
      </trkpt>
      <trkpt lat="43.77748" lon="6.33574">
        <ele>964.4</ele>
      </trkpt>
      <trkpt lat="43.77743" lon="6.33566">
        <ele>965.3</ele>
      </trkpt>
      <trkpt lat="43.77737" lon="6.33556">
        <ele>966.4</ele>
      </trkpt>
      <trkpt lat="43.777299" lon="6.33546">
        <ele>967.3</ele>
      </trkpt>
      <trkpt lat="43.77718" lon="6.3353">
        <ele>968.4</ele>
      </trkpt>
      <trkpt lat="43.77717" lon="6.33528">
        <ele>968.6</ele>
      </trkpt>
      <trkpt lat="43.77714" lon="6.33522">
        <ele>969.1</ele>
      </trkpt>
      <trkpt lat="43.77709" lon="6.33514">
        <ele>969.7</ele>
      </trkpt>
      <trkpt lat="43.77706" lon="6.335079">
        <ele>970.1</ele>
      </trkpt>
      <trkpt lat="43.77705" lon="6.33505">
        <ele>970.4</ele>
      </trkpt>
      <trkpt lat="43.77696" lon="6.334869">
        <ele>971.3</ele>
      </trkpt>
      <trkpt lat="43.77681" lon="6.334539">
        <ele>972.4</ele>
      </trkpt>
      <trkpt lat="43.77677" lon="6.33446">
        <ele>972.5</ele>
      </trkpt>
      <trkpt lat="43.77667" lon="6.33425">
        <ele>972.4</ele>
      </trkpt>
      <trkpt lat="43.77662" lon="6.33415">
        <ele>972.7</ele>
      </trkpt>
      <trkpt lat="43.77654" lon="6.33401">
        <ele>973.6</ele>
      </trkpt>
      <trkpt lat="43.77647" lon="6.3339">
        <ele>974.2</ele>
      </trkpt>
      <trkpt lat="43.7764" lon="6.33381">
        <ele>974.6</ele>
      </trkpt>
      <trkpt lat="43.77634" lon="6.33374">
        <ele>974.7</ele>
      </trkpt>
      <trkpt lat="43.7763" lon="6.33369">
        <ele>974.8</ele>
      </trkpt>
      <trkpt lat="43.77625" lon="6.333649">
        <ele>974.7</ele>
      </trkpt>
      <trkpt lat="43.776179" lon="6.3336">
        <ele>974.4</ele>
      </trkpt>
      <trkpt lat="43.77615" lon="6.33358">
        <ele>974.3</ele>
      </trkpt>
      <trkpt lat="43.775979" lon="6.33349">
        <ele>973.2</ele>
      </trkpt>
      <trkpt lat="43.7757" lon="6.33333">
        <ele>973.2</ele>
      </trkpt>
      <trkpt lat="43.77565" lon="6.3333">
        <ele>973.6</ele>
      </trkpt>
      <trkpt lat="43.77562" lon="6.33328">
        <ele>973.9</ele>
      </trkpt>
      <trkpt lat="43.77559" lon="6.33326">
        <ele>974.2</ele>
      </trkpt>
      <trkpt lat="43.77556" lon="6.33323">
        <ele>974.5</ele>
      </trkpt>
      <trkpt lat="43.7755" lon="6.33316">
        <ele>975.4</ele>
      </trkpt>
      <trkpt lat="43.7751" lon="6.33266">
        <ele>979.9</ele>
      </trkpt>
      <trkpt lat="43.77497" lon="6.332499">
        <ele>980.7</ele>
      </trkpt>
      <trkpt lat="43.77484" lon="6.33233">
        <ele>982.1</ele>
      </trkpt>
      <trkpt lat="43.77479" lon="6.33228">
        <ele>982.4</ele>
      </trkpt>
      <trkpt lat="43.77471" lon="6.33219">
        <ele>983.1</ele>
      </trkpt>
      <trkpt lat="43.77466" lon="6.33213">
        <ele>983.5</ele>
      </trkpt>
      <trkpt lat="43.77461" lon="6.33209">
        <ele>983.7</ele>
      </trkpt>
      <trkpt lat="43.77453" lon="6.33202">
        <ele>984.0</ele>
      </trkpt>
      <trkpt lat="43.77444" lon="6.33197">
        <ele>983.9</ele>
      </trkpt>
      <trkpt lat="43.77438" lon="6.33194">
        <ele>983.8</ele>
      </trkpt>
      <trkpt lat="43.77437" lon="6.33194">
        <ele>983.7</ele>
      </trkpt>
      <trkpt lat="43.77425" lon="6.3319">
        <ele>983.2</ele>
      </trkpt>
      <trkpt lat="43.7742" lon="6.331889">
        <ele>982.8</ele>
      </trkpt>
      <trkpt lat="43.77414" lon="6.33188">
        <ele>982.3</ele>
      </trkpt>
      <trkpt lat="43.77403" lon="6.33185">
        <ele>981.2</ele>
      </trkpt>
      <trkpt lat="43.77385" lon="6.3318">
        <ele>979.4</ele>
      </trkpt>
      <trkpt lat="43.77378" lon="6.33178">
        <ele>978.7</ele>
      </trkpt>
      <trkpt lat="43.77373" lon="6.33177">
        <ele>978.1</ele>
      </trkpt>
      <trkpt lat="43.77368" lon="6.33174">
        <ele>977.8</ele>
      </trkpt>
      <trkpt lat="43.77359" lon="6.33166">
        <ele>977.8</ele>
      </trkpt>
      <trkpt lat="43.773539" lon="6.3316">
        <ele>978.0</ele>
      </trkpt>
      <trkpt lat="43.77353" lon="6.33159">
        <ele>978.0</ele>
      </trkpt>
      <trkpt lat="43.77349" lon="6.33153">
        <ele>978.3</ele>
      </trkpt>
      <trkpt lat="43.77344" lon="6.33143">
        <ele>979.2</ele>
      </trkpt>
      <trkpt lat="43.77341" lon="6.33137">
        <ele>979.7</ele>
      </trkpt>
      <trkpt lat="43.77338" lon="6.3313">
        <ele>980.3</ele>
      </trkpt>
      <trkpt lat="43.77333" lon="6.33116">
        <ele>981.8</ele>
      </trkpt>
      <trkpt lat="43.77304" lon="6.33032">
        <ele>983.1</ele>
      </trkpt>
      <trkpt lat="43.77296" lon="6.33008">
        <ele>983.1</ele>
      </trkpt>
      <trkpt lat="43.77295" lon="6.33001">
        <ele>983.6</ele>
      </trkpt>
      <trkpt lat="43.77293" lon="6.32994">
        <ele>983.5</ele>
      </trkpt>
      <trkpt lat="43.7729" lon="6.32979">
        <ele>983.5</ele>
      </trkpt>
      <trkpt lat="43.77288" lon="6.329589">
        <ele>984.3</ele>
      </trkpt>
      <trkpt lat="43.77287" lon="6.32948">
        <ele>984.8</ele>
      </trkpt>
      <trkpt lat="43.77286" lon="6.32935">
        <ele>985.4</ele>
      </trkpt>
      <trkpt lat="43.77286" lon="6.32916">
        <ele>986.8</ele>
      </trkpt>
      <trkpt lat="43.77287" lon="6.329049">
        <ele>987.6</ele>
      </trkpt>
      <trkpt lat="43.77287" lon="6.32904">
        <ele>987.6</ele>
      </trkpt>
      <trkpt lat="43.772889" lon="6.3289">
        <ele>988.8</ele>
      </trkpt>
      <trkpt lat="43.77293" lon="6.32865">
        <ele>991.1</ele>
      </trkpt>
      <trkpt lat="43.77297" lon="6.32842">
        <ele>993.4</ele>
      </trkpt>
      <trkpt lat="43.77299" lon="6.32832">
        <ele>994.4</ele>
      </trkpt>
      <trkpt lat="43.773" lon="6.32826">
        <ele>995.0</ele>
      </trkpt>
      <trkpt lat="43.77302" lon="6.32813">
        <ele>996.2</ele>
      </trkpt>
      <trkpt lat="43.77304" lon="6.32798">
        <ele>997.4</ele>
      </trkpt>
      <trkpt lat="43.77305" lon="6.327829">
        <ele>998.2</ele>
      </trkpt>
      <trkpt lat="43.77305" lon="6.32771">
        <ele>998.5</ele>
      </trkpt>
      <trkpt lat="43.77305" lon="6.32753">
        <ele>999.0</ele>
      </trkpt>
      <trkpt lat="43.77304" lon="6.3274">
        <ele>1000.1</ele>
      </trkpt>
      <trkpt lat="43.77303" lon="6.32733">
        <ele>1000.6</ele>
      </trkpt>
      <trkpt lat="43.77302" lon="6.32729">
        <ele>1000.8</ele>
      </trkpt>
      <trkpt lat="43.77301" lon="6.3272">
        <ele>1001.6</ele>
      </trkpt>
      <trkpt lat="43.77297" lon="6.32711">
        <ele>1001.3</ele>
      </trkpt>
      <trkpt lat="43.77297" lon="6.3271">
        <ele>1001.5</ele>
      </trkpt>
      <trkpt lat="43.77293" lon="6.327009">
        <ele>1001.3</ele>
      </trkpt>
      <trkpt lat="43.77279" lon="6.32667">
        <ele>1001.0</ele>
      </trkpt>
      <trkpt lat="43.77275" lon="6.3266">
        <ele>1000.2</ele>
      </trkpt>
      <trkpt lat="43.77272" lon="6.32649">
        <ele>1000.0</ele>
      </trkpt>
      <trkpt lat="43.7727" lon="6.32643">
        <ele>999.8</ele>
      </trkpt>
      <trkpt lat="43.77269" lon="6.32638">
        <ele>999.8</ele>
      </trkpt>
      <trkpt lat="43.77268" lon="6.3263">
        <ele>1000.1</ele>
      </trkpt>
      <trkpt lat="43.77268" lon="6.32623">
        <ele>1000.6</ele>
      </trkpt>
      <trkpt lat="43.77268" lon="6.32615">
        <ele>1001.3</ele>
      </trkpt>
      <trkpt lat="43.77269" lon="6.32607">
        <ele>1002.2</ele>
      </trkpt>
      <trkpt lat="43.7727" lon="6.32596">
        <ele>1003.5</ele>
      </trkpt>
      <trkpt lat="43.77274" lon="6.325719">
        <ele>1006.4</ele>
      </trkpt>
      <trkpt lat="43.77276" lon="6.32557">
        <ele>1007.6</ele>
      </trkpt>
      <trkpt lat="43.77277" lon="6.32548">
        <ele>1008.3</ele>
      </trkpt>
      <trkpt lat="43.77277" lon="6.325389">
        <ele>1008.7</ele>
      </trkpt>
      <trkpt lat="43.77277" lon="6.32533">
        <ele>1008.9</ele>
      </trkpt>
      <trkpt lat="43.77276" lon="6.32527">
        <ele>1008.7</ele>
      </trkpt>
      <trkpt lat="43.77274" lon="6.32523">
        <ele>1008.2</ele>
      </trkpt>
      <trkpt lat="43.77272" lon="6.325179">
        <ele>1007.7</ele>
      </trkpt>
      <trkpt lat="43.77269" lon="6.32513">
        <ele>1006.9</ele>
      </trkpt>
      <trkpt lat="43.77265" lon="6.32507">
        <ele>1005.8</ele>
      </trkpt>
      <trkpt lat="43.77262" lon="6.32504">
        <ele>1004.9</ele>
      </trkpt>
      <trkpt lat="43.77252" lon="6.32491">
        <ele>1004.4</ele>
      </trkpt>
      <trkpt lat="43.77249" lon="6.32487">
        <ele>1004.7</ele>
      </trkpt>
      <trkpt lat="43.77229" lon="6.32459">
        <ele>1009.0</ele>
      </trkpt>
      <trkpt lat="43.77219" lon="6.32446">
        <ele>1010.8</ele>
      </trkpt>
      <trkpt lat="43.77211" lon="6.32437">
        <ele>1011.7</ele>
      </trkpt>
      <trkpt lat="43.77205" lon="6.32431">
        <ele>1012.2</ele>
      </trkpt>
      <trkpt lat="43.77193" lon="6.32423">
        <ele>1011.9</ele>
      </trkpt>
      <trkpt lat="43.77185" lon="6.32419">
        <ele>1011.3</ele>
      </trkpt>
      <trkpt lat="43.77178" lon="6.32416">
        <ele>1010.6</ele>
      </trkpt>
      <trkpt lat="43.77173" lon="6.32412">
        <ele>1010.6</ele>
      </trkpt>
      <trkpt lat="43.77166" lon="6.32406">
        <ele>1010.5</ele>
      </trkpt>
      <trkpt lat="43.77161" lon="6.324">
        <ele>1010.9</ele>
      </trkpt>
      <trkpt lat="43.7715" lon="6.32383">
        <ele>1012.6</ele>
      </trkpt>
      <trkpt lat="43.77144" lon="6.32374">
        <ele>1013.4</ele>
      </trkpt>
      <trkpt lat="43.77138" lon="6.32366">
        <ele>1014.0</ele>
      </trkpt>
      <trkpt lat="43.77133" lon="6.32359">
        <ele>1014.4</ele>
      </trkpt>
      <trkpt lat="43.77126" lon="6.32351">
        <ele>1014.6</ele>
      </trkpt>
      <trkpt lat="43.77119" lon="6.32344">
        <ele>1014.5</ele>
      </trkpt>
      <trkpt lat="43.77106" lon="6.32333">
        <ele>1013.8</ele>
      </trkpt>
      <trkpt lat="43.77097" lon="6.32324">
        <ele>1013.4</ele>
      </trkpt>
      <trkpt lat="43.77095" lon="6.32321">
        <ele>1013.5</ele>
      </trkpt>
      <trkpt lat="43.77089" lon="6.32314">
        <ele>1013.3</ele>
      </trkpt>
      <trkpt lat="43.7708" lon="6.32302">
        <ele>1013.8</ele>
      </trkpt>
      <trkpt lat="43.77071" lon="6.32289">
        <ele>1015.4</ele>
      </trkpt>
      <trkpt lat="43.77069" lon="6.32285">
        <ele>1015.9</ele>
      </trkpt>
      <trkpt lat="43.77064" lon="6.32276">
        <ele>1017.0</ele>
      </trkpt>
      <trkpt lat="43.77058" lon="6.32266">
        <ele>1018.0</ele>
      </trkpt>
      <trkpt lat="43.77056" lon="6.32263">
        <ele>1018.3</ele>
      </trkpt>
      <trkpt lat="43.77052" lon="6.32254">
        <ele>1019.2</ele>
      </trkpt>
      <trkpt lat="43.77046" lon="6.32239">
        <ele>1020.0</ele>
      </trkpt>
      <trkpt lat="43.77037" lon="6.32218">
        <ele>1020.2</ele>
      </trkpt>
      <trkpt lat="43.77031" lon="6.322">
        <ele>1020.5</ele>
      </trkpt>
      <trkpt lat="43.77025" lon="6.3218">
        <ele>1020.6</ele>
      </trkpt>
      <trkpt lat="43.77021" lon="6.32163">
        <ele>1020.7</ele>
      </trkpt>
      <trkpt lat="43.77019" lon="6.32154">
        <ele>1020.6</ele>
      </trkpt>
      <trkpt lat="43.77018" lon="6.32151">
        <ele>1020.5</ele>
      </trkpt>
      <trkpt lat="43.77016" lon="6.32138">
        <ele>1020.6</ele>
      </trkpt>
      <trkpt lat="43.77015" lon="6.32129">
        <ele>1020.7</ele>
      </trkpt>
      <trkpt lat="43.77014" lon="6.32121">
        <ele>1020.8</ele>
      </trkpt>
      <trkpt lat="43.77013" lon="6.32106">
        <ele>1021.1</ele>
      </trkpt>
      <trkpt lat="43.77013" lon="6.32104">
        <ele>1021.2</ele>
      </trkpt>
      <trkpt lat="43.7701" lon="6.32055">
        <ele>1021.9</ele>
      </trkpt>
      <trkpt lat="43.7701" lon="6.32048">
        <ele>1022.1</ele>
      </trkpt>
      <trkpt lat="43.7701" lon="6.32029">
        <ele>1022.5</ele>
      </trkpt>
      <trkpt lat="43.7701" lon="6.32">
        <ele>1023.2</ele>
      </trkpt>
      <trkpt lat="43.77009" lon="6.31993">
        <ele>1023.0</ele>
      </trkpt>
      <trkpt lat="43.770069" lon="6.31986">
        <ele>1022.7</ele>
      </trkpt>
      <trkpt lat="43.77004" lon="6.3198">
        <ele>1022.1</ele>
      </trkpt>
      <trkpt lat="43.769979" lon="6.31966">
        <ele>1020.7</ele>
      </trkpt>
      <trkpt lat="43.76993" lon="6.31952">
        <ele>1019.1</ele>
      </trkpt>
      <trkpt lat="43.76991" lon="6.31946">
        <ele>1018.4</ele>
      </trkpt>
      <trkpt lat="43.7699" lon="6.31943">
        <ele>1018.1</ele>
      </trkpt>
      <trkpt lat="43.7699" lon="6.3194">
        <ele>1018.1</ele>
      </trkpt>
      <trkpt lat="43.769889" lon="6.3193">
        <ele>1017.9</ele>
      </trkpt>
      <trkpt lat="43.769889" lon="6.31923">
        <ele>1018.0</ele>
      </trkpt>
      <trkpt lat="43.769889" lon="6.31918">
        <ele>1018.0</ele>
      </trkpt>
      <trkpt lat="43.769889" lon="6.31913">
        <ele>1017.9</ele>
      </trkpt>
      <trkpt lat="43.7699" lon="6.31902">
        <ele>1018.0</ele>
      </trkpt>
      <trkpt lat="43.76991" lon="6.31893">
        <ele>1018.1</ele>
      </trkpt>
      <trkpt lat="43.76991" lon="6.31891">
        <ele>1018.1</ele>
      </trkpt>
      <trkpt lat="43.76993" lon="6.31882">
        <ele>1018.6</ele>
      </trkpt>
      <trkpt lat="43.76996" lon="6.3187">
        <ele>1019.4</ele>
      </trkpt>
      <trkpt lat="43.769979" lon="6.31863">
        <ele>1020.0</ele>
      </trkpt>
      <trkpt lat="43.77005" lon="6.31836">
        <ele>1021.8</ele>
      </trkpt>
      <trkpt lat="43.77018" lon="6.31794">
        <ele>1026.1</ele>
      </trkpt>
      <trkpt lat="43.77023" lon="6.31776">
        <ele>1027.6</ele>
      </trkpt>
      <trkpt lat="43.77024" lon="6.31767">
        <ele>1027.9</ele>
      </trkpt>
      <trkpt lat="43.77025" lon="6.3176">
        <ele>1028.2</ele>
      </trkpt>
      <trkpt lat="43.77026" lon="6.31757">
        <ele>1028.5</ele>
      </trkpt>
      <trkpt lat="43.77025" lon="6.31753">
        <ele>1028.1</ele>
      </trkpt>
      <trkpt lat="43.77023" lon="6.31744">
        <ele>1028.4</ele>
      </trkpt>
      <trkpt lat="43.7702" lon="6.31735">
        <ele>1029.0</ele>
      </trkpt>
      <trkpt lat="43.77014" lon="6.31719">
        <ele>1029.8</ele>
      </trkpt>
      <trkpt lat="43.77008" lon="6.31706">
        <ele>1030.3</ele>
      </trkpt>
      <trkpt lat="43.77004" lon="6.31698">
        <ele>1030.5</ele>
      </trkpt>
      <trkpt lat="43.76999" lon="6.31688">
        <ele>1031.0</ele>
      </trkpt>
      <trkpt lat="43.76995" lon="6.31682">
        <ele>1031.5</ele>
      </trkpt>
      <trkpt lat="43.76992" lon="6.316779">
        <ele>1031.7</ele>
      </trkpt>
      <trkpt lat="43.769889" lon="6.31674">
        <ele>1032.0</ele>
      </trkpt>
      <trkpt lat="43.769799" lon="6.31665">
        <ele>1032.0</ele>
      </trkpt>
      <trkpt lat="43.76974" lon="6.31659">
        <ele>1031.7</ele>
      </trkpt>
      <trkpt lat="43.7697" lon="6.31655">
        <ele>1031.4</ele>
      </trkpt>
      <trkpt lat="43.76967" lon="6.316499">
        <ele>1031.4</ele>
      </trkpt>
      <trkpt lat="43.76964" lon="6.31645">
        <ele>1031.4</ele>
      </trkpt>
      <trkpt lat="43.76962" lon="6.3164">
        <ele>1031.5</ele>
      </trkpt>
      <trkpt lat="43.76961" lon="6.31638">
        <ele>1031.5</ele>
      </trkpt>
      <trkpt lat="43.769599" lon="6.31635">
        <ele>1031.6</ele>
      </trkpt>
      <trkpt lat="43.76959" lon="6.31631">
        <ele>1031.8</ele>
      </trkpt>
      <trkpt lat="43.76956" lon="6.31614">
        <ele>1032.9</ele>
      </trkpt>
      <trkpt lat="43.76955" lon="6.31607">
        <ele>1033.3</ele>
      </trkpt>
      <trkpt lat="43.76953" lon="6.316029">
        <ele>1033.4</ele>
      </trkpt>
      <trkpt lat="43.76953" lon="6.316">
        <ele>1033.6</ele>
      </trkpt>
      <trkpt lat="43.76952" lon="6.31598">
        <ele>1033.6</ele>
      </trkpt>
      <trkpt lat="43.7695" lon="6.31594">
        <ele>1033.7</ele>
      </trkpt>
      <trkpt lat="43.76949" lon="6.31592">
        <ele>1033.7</ele>
      </trkpt>
      <trkpt lat="43.76948" lon="6.31591">
        <ele>1033.6</ele>
      </trkpt>
      <trkpt lat="43.76946" lon="6.31588">
        <ele>1033.5</ele>
      </trkpt>
      <trkpt lat="43.76944" lon="6.31586">
        <ele>1033.4</ele>
      </trkpt>
      <trkpt lat="43.769419" lon="6.31584">
        <ele>1033.2</ele>
      </trkpt>
      <trkpt lat="43.76935" lon="6.31577">
        <ele>1032.9</ele>
      </trkpt>
      <trkpt lat="43.76934" lon="6.31577">
        <ele>1032.7</ele>
      </trkpt>
      <trkpt lat="43.76922" lon="6.31566">
        <ele>1032.0</ele>
      </trkpt>
      <trkpt lat="43.769039" lon="6.31551">
        <ele>1032.0</ele>
      </trkpt>
      <trkpt lat="43.76887" lon="6.31537">
        <ele>1031.9</ele>
      </trkpt>
      <trkpt lat="43.76878" lon="6.31529">
        <ele>1031.6</ele>
      </trkpt>
      <trkpt lat="43.7687" lon="6.31521">
        <ele>1031.2</ele>
      </trkpt>
      <trkpt lat="43.76865" lon="6.31517">
        <ele>1030.8</ele>
      </trkpt>
      <trkpt lat="43.76863" lon="6.31513">
        <ele>1030.7</ele>
      </trkpt>
      <trkpt lat="43.76861" lon="6.31509">
        <ele>1030.6</ele>
      </trkpt>
      <trkpt lat="43.7686" lon="6.31506">
        <ele>1030.6</ele>
      </trkpt>
      <trkpt lat="43.76858" lon="6.31499">
        <ele>1030.5</ele>
      </trkpt>
      <trkpt lat="43.768569" lon="6.31494">
        <ele>1030.3</ele>
      </trkpt>
      <trkpt lat="43.76855" lon="6.31484">
        <ele>1029.7</ele>
      </trkpt>
      <trkpt lat="43.76852" lon="6.31459">
        <ele>1028.4</ele>
      </trkpt>
      <trkpt lat="43.7685" lon="6.31448">
        <ele>1027.7</ele>
      </trkpt>
      <trkpt lat="43.768479" lon="6.31429">
        <ele>1026.5</ele>
      </trkpt>
      <trkpt lat="43.76846" lon="6.31415">
        <ele>1025.5</ele>
      </trkpt>
      <trkpt lat="43.76843" lon="6.31399">
        <ele>1024.2</ele>
      </trkpt>
      <trkpt lat="43.76841" lon="6.31389">
        <ele>1023.4</ele>
      </trkpt>
      <trkpt lat="43.76838" lon="6.31377">
        <ele>1022.1</ele>
      </trkpt>
      <trkpt lat="43.76833" lon="6.31361">
        <ele>1019.9</ele>
      </trkpt>
      <trkpt lat="43.76825" lon="6.31333">
        <ele>1017.5</ele>
      </trkpt>
      <trkpt lat="43.76815" lon="6.31302">
        <ele>1018.5</ele>
      </trkpt>
      <trkpt lat="43.76812" lon="6.31292">
        <ele>1018.9</ele>
      </trkpt>
      <trkpt lat="43.76808" lon="6.31281">
        <ele>1019.2</ele>
      </trkpt>
      <trkpt lat="43.76804" lon="6.3127">
        <ele>1019.6</ele>
      </trkpt>
      <trkpt lat="43.76797" lon="6.31255">
        <ele>1019.9</ele>
      </trkpt>
      <trkpt lat="43.7679" lon="6.31241">
        <ele>1020.1</ele>
      </trkpt>
      <trkpt lat="43.76784" lon="6.31231">
        <ele>1020.1</ele>
      </trkpt>
      <trkpt lat="43.76778" lon="6.31219">
        <ele>1020.0</ele>
      </trkpt>
      <trkpt lat="43.76768" lon="6.31205">
        <ele>1019.0</ele>
      </trkpt>
      <trkpt lat="43.76761" lon="6.31197">
        <ele>1018.0</ele>
      </trkpt>
      <trkpt lat="43.76757" lon="6.311899">
        <ele>1017.5</ele>
      </trkpt>
      <trkpt lat="43.76753" lon="6.31185">
        <ele>1016.8</ele>
      </trkpt>
      <trkpt lat="43.76749" lon="6.31177">
        <ele>1016.3</ele>
      </trkpt>
      <trkpt lat="43.76744" lon="6.31164">
        <ele>1015.8</ele>
      </trkpt>
      <trkpt lat="43.76739" lon="6.31149">
        <ele>1014.8</ele>
      </trkpt>
      <trkpt lat="43.76735" lon="6.31135">
        <ele>1013.8</ele>
      </trkpt>
      <trkpt lat="43.76734" lon="6.31126">
        <ele>1013.5</ele>
      </trkpt>
      <trkpt lat="43.76734" lon="6.31121">
        <ele>1013.5</ele>
      </trkpt>
      <trkpt lat="43.76733" lon="6.31112">
        <ele>1013.1</ele>
      </trkpt>
      <trkpt lat="43.76733" lon="6.31107">
        <ele>1013.1</ele>
      </trkpt>
      <trkpt lat="43.76734" lon="6.31096">
        <ele>1013.3</ele>
      </trkpt>
      <trkpt lat="43.76735" lon="6.31088">
        <ele>1013.6</ele>
      </trkpt>
      <trkpt lat="43.76738" lon="6.31076">
        <ele>1013.6</ele>
      </trkpt>
      <trkpt lat="43.7674" lon="6.31066">
        <ele>1012.8</ele>
      </trkpt>
      <trkpt lat="43.76746" lon="6.310469">
        <ele>1012.5</ele>
      </trkpt>
      <trkpt lat="43.76749" lon="6.31035">
        <ele>1012.2</ele>
      </trkpt>
      <trkpt lat="43.76751" lon="6.31029">
        <ele>1012.1</ele>
      </trkpt>
      <trkpt lat="43.76757" lon="6.31015">
        <ele>1012.0</ele>
      </trkpt>
      <trkpt lat="43.76764" lon="6.31002">
        <ele>1012.5</ele>
      </trkpt>
      <trkpt lat="43.76772" lon="6.309859">
        <ele>1012.0</ele>
      </trkpt>
      <trkpt lat="43.76776" lon="6.30975">
        <ele>1011.0</ele>
      </trkpt>
      <trkpt lat="43.76778" lon="6.30968">
        <ele>1010.3</ele>
      </trkpt>
      <trkpt lat="43.76779" lon="6.30964">
        <ele>1009.8</ele>
      </trkpt>
      <trkpt lat="43.76781" lon="6.30958">
        <ele>1009.2</ele>
      </trkpt>
      <trkpt lat="43.76782" lon="6.30953">
        <ele>1008.5</ele>
      </trkpt>
      <trkpt lat="43.76785" lon="6.30945">
        <ele>1007.8</ele>
      </trkpt>
      <trkpt lat="43.76785" lon="6.30944">
        <ele>1007.6</ele>
      </trkpt>
      <trkpt lat="43.76787" lon="6.30937">
        <ele>1006.8</ele>
      </trkpt>
      <trkpt lat="43.76789" lon="6.309319">
        <ele>1006.3</ele>
      </trkpt>
      <trkpt lat="43.76794" lon="6.30923">
        <ele>1005.9</ele>
      </trkpt>
      <trkpt lat="43.76795" lon="6.30921">
        <ele>1005.7</ele>
      </trkpt>
      <trkpt lat="43.76799" lon="6.30913">
        <ele>1004.9</ele>
      </trkpt>
      <trkpt lat="43.76803" lon="6.30907">
        <ele>1004.1</ele>
      </trkpt>
      <trkpt lat="43.76806" lon="6.30902">
        <ele>1003.4</ele>
      </trkpt>
      <trkpt lat="43.76812" lon="6.30895">
        <ele>1002.8</ele>
      </trkpt>
      <trkpt lat="43.76817" lon="6.3089">
        <ele>1002.4</ele>
      </trkpt>
      <trkpt lat="43.76825" lon="6.30881">
        <ele>1001.5</ele>
      </trkpt>
      <trkpt lat="43.76833" lon="6.30873">
        <ele>1000.8</ele>
      </trkpt>
      <trkpt lat="43.76836" lon="6.3087">
        <ele>999.9</ele>
      </trkpt>
      <trkpt lat="43.76842" lon="6.30865">
        <ele>998.5</ele>
      </trkpt>
      <trkpt lat="43.76847" lon="6.30862">
        <ele>997.8</ele>
      </trkpt>
      <trkpt lat="43.76849" lon="6.30861">
        <ele>997.5</ele>
      </trkpt>
      <trkpt lat="43.7685" lon="6.3086">
        <ele>997.3</ele>
      </trkpt>
      <trkpt lat="43.76852" lon="6.30859">
        <ele>997.0</ele>
      </trkpt>
      <trkpt lat="43.76856" lon="6.30859">
        <ele>997.2</ele>
      </trkpt>
      <trkpt lat="43.76858" lon="6.3086">
        <ele>997.6</ele>
      </trkpt>
      <trkpt lat="43.76865" lon="6.30862">
        <ele>998.4</ele>
      </trkpt>
      <trkpt lat="43.768659" lon="6.30863">
        <ele>998.7</ele>
      </trkpt>
      <trkpt lat="43.76877" lon="6.3087">
        <ele>1001.0</ele>
      </trkpt>
      <trkpt lat="43.76921" lon="6.30896">
        <ele>1007.3</ele>
      </trkpt>
      <trkpt lat="43.76932" lon="6.30904">
        <ele>1008.2</ele>
      </trkpt>
      <trkpt lat="43.76934" lon="6.30905">
        <ele>1008.3</ele>
      </trkpt>
      <trkpt lat="43.76948" lon="6.30916">
        <ele>1009.3</ele>
      </trkpt>
      <trkpt lat="43.769509" lon="6.309179">
        <ele>1009.5</ele>
      </trkpt>
      <trkpt lat="43.76956" lon="6.30922">
        <ele>1010.2</ele>
      </trkpt>
      <trkpt lat="43.76961" lon="6.309249">
        <ele>1010.6</ele>
      </trkpt>
      <trkpt lat="43.76964" lon="6.30926">
        <ele>1010.6</ele>
      </trkpt>
      <trkpt lat="43.76965" lon="6.30927">
        <ele>1010.8</ele>
      </trkpt>
      <trkpt lat="43.76969" lon="6.30929">
        <ele>1010.9</ele>
      </trkpt>
      <trkpt lat="43.76971" lon="6.30929">
        <ele>1010.8</ele>
      </trkpt>
      <trkpt lat="43.76975" lon="6.3093">
        <ele>1010.7</ele>
      </trkpt>
      <trkpt lat="43.76981" lon="6.3093">
        <ele>1010.1</ele>
      </trkpt>
      <trkpt lat="43.76982" lon="6.3093">
        <ele>1010.0</ele>
      </trkpt>
      <trkpt lat="43.76986" lon="6.30929">
        <ele>1009.4</ele>
      </trkpt>
      <trkpt lat="43.76993" lon="6.30926">
        <ele>1008.0</ele>
      </trkpt>
      <trkpt lat="43.76997" lon="6.30924">
        <ele>1007.1</ele>
      </trkpt>
      <trkpt lat="43.76999" lon="6.30923">
        <ele>1006.7</ele>
      </trkpt>
      <trkpt lat="43.77004" lon="6.30919">
        <ele>1006.5</ele>
      </trkpt>
      <trkpt lat="43.770069" lon="6.30916">
        <ele>1006.6</ele>
      </trkpt>
      <trkpt lat="43.7701" lon="6.30912">
        <ele>1006.9</ele>
      </trkpt>
      <trkpt lat="43.77012" lon="6.30908">
        <ele>1007.1</ele>
      </trkpt>
      <trkpt lat="43.77013" lon="6.30908">
        <ele>1007.3</ele>
      </trkpt>
      <trkpt lat="43.77013" lon="6.30906">
        <ele>1007.1</ele>
      </trkpt>
      <trkpt lat="43.77014" lon="6.30903">
        <ele>1007.1</ele>
      </trkpt>
      <trkpt lat="43.77015" lon="6.30901">
        <ele>1007.1</ele>
      </trkpt>
      <trkpt lat="43.77015" lon="6.30898">
        <ele>1006.9</ele>
      </trkpt>
      <trkpt lat="43.77015" lon="6.30891">
        <ele>1006.2</ele>
      </trkpt>
      <trkpt lat="43.77012" lon="6.30877">
        <ele>1004.1</ele>
      </trkpt>
      <trkpt lat="43.77009" lon="6.30859">
        <ele>1001.5</ele>
      </trkpt>
      <trkpt lat="43.77008" lon="6.30841">
        <ele>999.4</ele>
      </trkpt>
      <trkpt lat="43.770069" lon="6.30831">
        <ele>998.0</ele>
      </trkpt>
      <trkpt lat="43.770069" lon="6.30819">
        <ele>996.5</ele>
      </trkpt>
      <trkpt lat="43.77008" lon="6.30808">
        <ele>995.5</ele>
      </trkpt>
      <trkpt lat="43.77014" lon="6.30777">
        <ele>993.6</ele>
      </trkpt>
      <trkpt lat="43.77017" lon="6.30761">
        <ele>992.5</ele>
      </trkpt>
      <trkpt lat="43.77018" lon="6.30753">
        <ele>991.8</ele>
      </trkpt>
      <trkpt lat="43.77021" lon="6.30743">
        <ele>991.4</ele>
      </trkpt>
      <trkpt lat="43.77022" lon="6.30738">
        <ele>991.0</ele>
      </trkpt>
      <trkpt lat="43.77024" lon="6.30732">
        <ele>990.8</ele>
      </trkpt>
      <trkpt lat="43.77026" lon="6.30727">
        <ele>990.7</ele>
      </trkpt>
      <trkpt lat="43.77028" lon="6.30722">
        <ele>990.6</ele>
      </trkpt>
      <trkpt lat="43.77033" lon="6.30713">
        <ele>990.8</ele>
      </trkpt>
      <trkpt lat="43.77037" lon="6.30704">
        <ele>990.6</ele>
      </trkpt>
      <trkpt lat="43.77042" lon="6.30693">
        <ele>990.4</ele>
      </trkpt>
      <trkpt lat="43.77046" lon="6.306809">
        <ele>989.7</ele>
      </trkpt>
      <trkpt lat="43.77048" lon="6.30675">
        <ele>989.3</ele>
      </trkpt>
      <trkpt lat="43.77052" lon="6.30668">
        <ele>989.3</ele>
      </trkpt>
      <trkpt lat="43.77058" lon="6.3066">
        <ele>990.6</ele>
      </trkpt>
      <trkpt lat="43.77071" lon="6.30642">
        <ele>994.0</ele>
      </trkpt>
      <trkpt lat="43.77074" lon="6.30639">
        <ele>994.8</ele>
      </trkpt>
      <trkpt lat="43.77076" lon="6.30636">
        <ele>995.4</ele>
      </trkpt>
      <trkpt lat="43.77077" lon="6.3063">
        <ele>995.7</ele>
      </trkpt>
      <trkpt lat="43.77078" lon="6.30628">
        <ele>996.0</ele>
      </trkpt>
      <trkpt lat="43.77078" lon="6.30625">
        <ele>996.0</ele>
      </trkpt>
      <trkpt lat="43.77078" lon="6.30623">
        <ele>996.0</ele>
      </trkpt>
      <trkpt lat="43.77078" lon="6.30621">
        <ele>996.1</ele>
      </trkpt>
      <trkpt lat="43.77078" lon="6.30619">
        <ele>996.1</ele>
      </trkpt>
      <trkpt lat="43.77077" lon="6.30618">
        <ele>995.8</ele>
      </trkpt>
      <trkpt lat="43.77076" lon="6.30616">
        <ele>995.6</ele>
      </trkpt>
      <trkpt lat="43.77075" lon="6.306129">
        <ele>995.3</ele>
      </trkpt>
      <trkpt lat="43.77073" lon="6.30609">
        <ele>994.7</ele>
      </trkpt>
      <trkpt lat="43.77064" lon="6.30596">
        <ele>992.2</ele>
      </trkpt>
      <trkpt lat="43.77051" lon="6.3058">
        <ele>988.5</ele>
      </trkpt>
      <trkpt lat="43.77037" lon="6.30564">
        <ele>985.4</ele>
      </trkpt>
      <trkpt lat="43.77033" lon="6.3056">
        <ele>984.5</ele>
      </trkpt>
      <trkpt lat="43.770269" lon="6.30556">
        <ele>983.0</ele>
      </trkpt>
      <trkpt lat="43.77021" lon="6.305519">
        <ele>981.5</ele>
      </trkpt>
      <trkpt lat="43.77013" lon="6.30547">
        <ele>979.5</ele>
      </trkpt>
      <trkpt lat="43.770069" lon="6.30542">
        <ele>978.0</ele>
      </trkpt>
      <trkpt lat="43.77005" lon="6.3054">
        <ele>977.6</ele>
      </trkpt>
      <trkpt lat="43.77" lon="6.30533">
        <ele>976.6</ele>
      </trkpt>
      <trkpt lat="43.76996" lon="6.30527">
        <ele>976.2</ele>
      </trkpt>
      <trkpt lat="43.76994" lon="6.30521">
        <ele>976.1</ele>
      </trkpt>
      <trkpt lat="43.76993" lon="6.30516">
        <ele>976.2</ele>
      </trkpt>
      <trkpt lat="43.769889" lon="6.30501">
        <ele>976.3</ele>
      </trkpt>
      <trkpt lat="43.76987" lon="6.3049">
        <ele>975.9</ele>
      </trkpt>
      <trkpt lat="43.76985" lon="6.30481">
        <ele>975.4</ele>
      </trkpt>
      <trkpt lat="43.76985" lon="6.30469">
        <ele>975.4</ele>
      </trkpt>
      <trkpt lat="43.76985" lon="6.3045">
        <ele>975.3</ele>
      </trkpt>
      <trkpt lat="43.76986" lon="6.30406">
        <ele>974.5</ele>
      </trkpt>
      <trkpt lat="43.76987" lon="6.30396">
        <ele>973.7</ele>
      </trkpt>
      <trkpt lat="43.76988" lon="6.30388">
        <ele>973.1</ele>
      </trkpt>
      <trkpt lat="43.76991" lon="6.30379">
        <ele>972.8</ele>
      </trkpt>
      <trkpt lat="43.76995" lon="6.30373">
        <ele>972.9</ele>
      </trkpt>
      <trkpt lat="43.76999" lon="6.303689">
        <ele>973.3</ele>
      </trkpt>
      <trkpt lat="43.77004" lon="6.30367">
        <ele>973.4</ele>
      </trkpt>
      <trkpt lat="43.77009" lon="6.30365">
        <ele>973.4</ele>
      </trkpt>
      <trkpt lat="43.77015" lon="6.30363">
        <ele>973.4</ele>
      </trkpt>
      <trkpt lat="43.77021" lon="6.303619">
        <ele>973.5</ele>
      </trkpt>
      <trkpt lat="43.77026" lon="6.303619">
        <ele>973.7</ele>
      </trkpt>
      <trkpt lat="43.77034" lon="6.303619">
        <ele>974.0</ele>
      </trkpt>
      <trkpt lat="43.7704" lon="6.30363">
        <ele>974.4</ele>
      </trkpt>
      <trkpt lat="43.7705" lon="6.30367">
        <ele>975.4</ele>
      </trkpt>
      <trkpt lat="43.77061" lon="6.30371">
        <ele>976.6</ele>
      </trkpt>
      <trkpt lat="43.7707" lon="6.30374">
        <ele>977.6</ele>
      </trkpt>
      <trkpt lat="43.77078" lon="6.30377">
        <ele>978.6</ele>
      </trkpt>
      <trkpt lat="43.7708" lon="6.30377">
        <ele>978.7</ele>
      </trkpt>
      <trkpt lat="43.77084" lon="6.30377">
        <ele>979.0</ele>
      </trkpt>
      <trkpt lat="43.77088" lon="6.303759">
        <ele>979.5</ele>
      </trkpt>
      <trkpt lat="43.77091" lon="6.30374">
        <ele>979.6</ele>
      </trkpt>
      <trkpt lat="43.77095" lon="6.30372">
        <ele>980.0</ele>
      </trkpt>
      <trkpt lat="43.77098" lon="6.303689">
        <ele>979.9</ele>
      </trkpt>
      <trkpt lat="43.77102" lon="6.30364">
        <ele>979.7</ele>
      </trkpt>
      <trkpt lat="43.77106" lon="6.30359">
        <ele>979.5</ele>
      </trkpt>
      <trkpt lat="43.77109" lon="6.30353">
        <ele>979.1</ele>
      </trkpt>
      <trkpt lat="43.77109" lon="6.30352">
        <ele>978.9</ele>
      </trkpt>
      <trkpt lat="43.77112" lon="6.30344">
        <ele>978.1</ele>
      </trkpt>
      <trkpt lat="43.77115" lon="6.30337">
        <ele>977.5</ele>
      </trkpt>
      <trkpt lat="43.77116" lon="6.30331">
        <ele>976.8</ele>
      </trkpt>
      <trkpt lat="43.77116" lon="6.3033">
        <ele>976.6</ele>
      </trkpt>
      <trkpt lat="43.77118" lon="6.30324">
        <ele>976.3</ele>
      </trkpt>
      <trkpt lat="43.77118" lon="6.3032">
        <ele>975.8</ele>
      </trkpt>
      <trkpt lat="43.77118" lon="6.30316">
        <ele>975.3</ele>
      </trkpt>
      <trkpt lat="43.77118" lon="6.30311">
        <ele>974.7</ele>
      </trkpt>
      <trkpt lat="43.77118" lon="6.30305">
        <ele>973.9</ele>
      </trkpt>
      <trkpt lat="43.77117" lon="6.30292">
        <ele>972.0</ele>
      </trkpt>
      <trkpt lat="43.77117" lon="6.30285">
        <ele>971.1</ele>
      </trkpt>
      <trkpt lat="43.77117" lon="6.3028">
        <ele>970.5</ele>
      </trkpt>
      <trkpt lat="43.77117" lon="6.30278">
        <ele>970.2</ele>
      </trkpt>
      <trkpt lat="43.77117" lon="6.30272">
        <ele>969.5</ele>
      </trkpt>
      <trkpt lat="43.77118" lon="6.30262">
        <ele>968.4</ele>
      </trkpt>
      <trkpt lat="43.77119" lon="6.30256">
        <ele>967.9</ele>
      </trkpt>
      <trkpt lat="43.77119" lon="6.30255">
        <ele>967.8</ele>
      </trkpt>
      <trkpt lat="43.7712" lon="6.302469">
        <ele>967.0</ele>
      </trkpt>
      <trkpt lat="43.77121" lon="6.30241">
        <ele>966.4</ele>
      </trkpt>
      <trkpt lat="43.77123" lon="6.30235">
        <ele>966.0</ele>
      </trkpt>
      <trkpt lat="43.77126" lon="6.30226">
        <ele>965.4</ele>
      </trkpt>
      <trkpt lat="43.77128" lon="6.30221">
        <ele>965.1</ele>
      </trkpt>
      <trkpt lat="43.77133" lon="6.30213">
        <ele>964.9</ele>
      </trkpt>
      <trkpt lat="43.7714" lon="6.30202">
        <ele>964.6</ele>
      </trkpt>
      <trkpt lat="43.77173" lon="6.30159">
        <ele>963.7</ele>
      </trkpt>
      <trkpt lat="43.77178" lon="6.30151">
        <ele>964.0</ele>
      </trkpt>
      <trkpt lat="43.77183" lon="6.30143">
        <ele>964.3</ele>
      </trkpt>
      <trkpt lat="43.771859" lon="6.30137">
        <ele>964.3</ele>
      </trkpt>
      <trkpt lat="43.77189" lon="6.30131">
        <ele>964.3</ele>
      </trkpt>
      <trkpt lat="43.771949" lon="6.30116">
        <ele>963.8</ele>
      </trkpt>
      <trkpt lat="43.77198" lon="6.3011">
        <ele>963.7</ele>
      </trkpt>
      <trkpt lat="43.772" lon="6.30103">
        <ele>963.2</ele>
      </trkpt>
      <trkpt lat="43.77201" lon="6.30096">
        <ele>962.5</ele>
      </trkpt>
      <trkpt lat="43.77202" lon="6.30088">
        <ele>961.7</ele>
      </trkpt>
      <trkpt lat="43.77203" lon="6.30082">
        <ele>961.2</ele>
      </trkpt>
      <trkpt lat="43.77203" lon="6.30076">
        <ele>960.7</ele>
      </trkpt>
      <trkpt lat="43.77203" lon="6.3007">
        <ele>960.2</ele>
      </trkpt>
      <trkpt lat="43.77203" lon="6.30063">
        <ele>959.6</ele>
      </trkpt>
      <trkpt lat="43.77199" lon="6.30026">
        <ele>955.7</ele>
      </trkpt>
      <trkpt lat="43.77193" lon="6.29965">
        <ele>951.3</ele>
      </trkpt>
      <trkpt lat="43.77191" lon="6.299349">
        <ele>950.0</ele>
      </trkpt>
      <trkpt lat="43.77191" lon="6.29927">
        <ele>949.8</ele>
      </trkpt>
      <trkpt lat="43.77191" lon="6.29924">
        <ele>949.7</ele>
      </trkpt>
      <trkpt lat="43.77191" lon="6.29921">
        <ele>949.6</ele>
      </trkpt>
      <trkpt lat="43.77192" lon="6.29919">
        <ele>949.7</ele>
      </trkpt>
      <trkpt lat="43.77192" lon="6.29916">
        <ele>949.6</ele>
      </trkpt>
      <trkpt lat="43.77193" lon="6.29914">
        <ele>949.5</ele>
      </trkpt>
      <trkpt lat="43.77194" lon="6.29911">
        <ele>949.4</ele>
      </trkpt>
      <trkpt lat="43.771949" lon="6.29909">
        <ele>949.3</ele>
      </trkpt>
      <trkpt lat="43.77198" lon="6.29904">
        <ele>949.3</ele>
      </trkpt>
      <trkpt lat="43.77205" lon="6.29896">
        <ele>949.3</ele>
      </trkpt>
      <trkpt lat="43.77207" lon="6.29893">
        <ele>949.3</ele>
      </trkpt>
      <trkpt lat="43.77211" lon="6.2989">
        <ele>949.4</ele>
      </trkpt>
      <trkpt lat="43.77216" lon="6.29884">
        <ele>949.4</ele>
      </trkpt>
      <trkpt lat="43.7722" lon="6.2988">
        <ele>949.4</ele>
      </trkpt>
      <trkpt lat="43.772239" lon="6.29876">
        <ele>949.3</ele>
      </trkpt>
      <trkpt lat="43.77226" lon="6.29873">
        <ele>949.2</ele>
      </trkpt>
      <trkpt lat="43.77228" lon="6.2987">
        <ele>949.0</ele>
      </trkpt>
      <trkpt lat="43.772329" lon="6.29862">
        <ele>948.5</ele>
      </trkpt>
      <trkpt lat="43.77237" lon="6.29854">
        <ele>947.8</ele>
      </trkpt>
      <trkpt lat="43.77244" lon="6.298409">
        <ele>946.6</ele>
      </trkpt>
      <trkpt lat="43.77249" lon="6.29833">
        <ele>945.9</ele>
      </trkpt>
      <trkpt lat="43.77254" lon="6.298269">
        <ele>945.6</ele>
      </trkpt>
      <trkpt lat="43.77258" lon="6.29822">
        <ele>945.4</ele>
      </trkpt>
      <trkpt lat="43.77263" lon="6.29818">
        <ele>945.6</ele>
      </trkpt>
      <trkpt lat="43.77273" lon="6.2981">
        <ele>946.1</ele>
      </trkpt>
      <trkpt lat="43.77297" lon="6.29796">
        <ele>948.4</ele>
      </trkpt>
      <trkpt lat="43.77304" lon="6.29791">
        <ele>949.1</ele>
      </trkpt>
      <trkpt lat="43.77308" lon="6.29788">
        <ele>949.5</ele>
      </trkpt>
      <trkpt lat="43.77311" lon="6.29785">
        <ele>949.7</ele>
      </trkpt>
      <trkpt lat="43.77315" lon="6.29779">
        <ele>949.7</ele>
      </trkpt>
      <trkpt lat="43.77319" lon="6.29771">
        <ele>949.5</ele>
      </trkpt>
      <trkpt lat="43.77321" lon="6.29765">
        <ele>949.1</ele>
      </trkpt>
      <trkpt lat="43.77324" lon="6.29754">
        <ele>948.4</ele>
      </trkpt>
      <trkpt lat="43.77326" lon="6.29744">
        <ele>946.9</ele>
      </trkpt>
      <trkpt lat="43.7733" lon="6.29728">
        <ele>944.0</ele>
      </trkpt>
      <trkpt lat="43.77333" lon="6.29718">
        <ele>942.3</ele>
      </trkpt>
      <trkpt lat="43.773359" lon="6.29707">
        <ele>940.6</ele>
      </trkpt>
      <trkpt lat="43.77339" lon="6.29695">
        <ele>938.7</ele>
      </trkpt>
      <trkpt lat="43.77346" lon="6.29674">
        <ele>936.0</ele>
      </trkpt>
      <trkpt lat="43.7735" lon="6.29665">
        <ele>935.2</ele>
      </trkpt>
      <trkpt lat="43.77357" lon="6.29647">
        <ele>933.5</ele>
      </trkpt>
      <trkpt lat="43.77367" lon="6.29626">
        <ele>932.0</ele>
      </trkpt>
      <trkpt lat="43.77376" lon="6.29606">
        <ele>930.5</ele>
      </trkpt>
      <trkpt lat="43.77384" lon="6.29588">
        <ele>929.1</ele>
      </trkpt>
      <trkpt lat="43.7739" lon="6.29574">
        <ele>928.4</ele>
      </trkpt>
      <trkpt lat="43.77397" lon="6.29556">
        <ele>927.5</ele>
      </trkpt>
      <trkpt lat="43.77403" lon="6.29539">
        <ele>926.4</ele>
      </trkpt>
      <trkpt lat="43.77408" lon="6.29523">
        <ele>925.2</ele>
      </trkpt>
      <trkpt lat="43.77413" lon="6.29513">
        <ele>925.1</ele>
      </trkpt>
      <trkpt lat="43.77419" lon="6.295">
        <ele>924.7</ele>
      </trkpt>
      <trkpt lat="43.77427" lon="6.29486">
        <ele>924.4</ele>
      </trkpt>
      <trkpt lat="43.77432" lon="6.29479">
        <ele>924.5</ele>
      </trkpt>
      <trkpt lat="43.77442" lon="6.29465">
        <ele>925.0</ele>
      </trkpt>
      <trkpt lat="43.774479" lon="6.29457">
        <ele>925.4</ele>
      </trkpt>
      <trkpt lat="43.77459" lon="6.29441">
        <ele>925.9</ele>
      </trkpt>
      <trkpt lat="43.77463" lon="6.29435">
        <ele>926.2</ele>
      </trkpt>
      <trkpt lat="43.77466" lon="6.29427">
        <ele>925.8</ele>
      </trkpt>
      <trkpt lat="43.774679" lon="6.29421">
        <ele>925.4</ele>
      </trkpt>
      <trkpt lat="43.77469" lon="6.294139">
        <ele>924.7</ele>
      </trkpt>
      <trkpt lat="43.7747" lon="6.29406">
        <ele>924.1</ele>
      </trkpt>
      <trkpt lat="43.7747" lon="6.29399">
        <ele>923.3</ele>
      </trkpt>
      <trkpt lat="43.7747" lon="6.293929">
        <ele>922.6</ele>
      </trkpt>
      <trkpt lat="43.774679" lon="6.293859">
        <ele>921.2</ele>
      </trkpt>
      <trkpt lat="43.77466" lon="6.29379">
        <ele>919.8</ele>
      </trkpt>
      <trkpt lat="43.77456" lon="6.2935">
        <ele>913.6</ele>
      </trkpt>
      <trkpt lat="43.77455" lon="6.29342">
        <ele>912.5</ele>
      </trkpt>
      <trkpt lat="43.77454" lon="6.29334">
        <ele>911.4</ele>
      </trkpt>
      <trkpt lat="43.77455" lon="6.29326">
        <ele>910.6</ele>
      </trkpt>
      <trkpt lat="43.77455" lon="6.2932">
        <ele>909.8</ele>
      </trkpt>
      <trkpt lat="43.77457" lon="6.29313">
        <ele>909.4</ele>
      </trkpt>
      <trkpt lat="43.77459" lon="6.29306">
        <ele>908.9</ele>
      </trkpt>
      <trkpt lat="43.77463" lon="6.29297">
        <ele>908.6</ele>
      </trkpt>
      <trkpt lat="43.77497" lon="6.29242">
        <ele>906.2</ele>
      </trkpt>
      <trkpt lat="43.77507" lon="6.29227">
        <ele>906.3</ele>
      </trkpt>
      <trkpt lat="43.77523" lon="6.29207">
        <ele>907.7</ele>
      </trkpt>
      <trkpt lat="43.77558" lon="6.29166">
        <ele>909.9</ele>
      </trkpt>
      <trkpt lat="43.77563" lon="6.2916">
        <ele>910.0</ele>
      </trkpt>
      <trkpt lat="43.77566" lon="6.29155">
        <ele>909.9</ele>
      </trkpt>
      <trkpt lat="43.7757" lon="6.29145">
        <ele>909.0</ele>
      </trkpt>
      <trkpt lat="43.77573" lon="6.29135">
        <ele>907.9</ele>
      </trkpt>
      <trkpt lat="43.77574" lon="6.29132">
        <ele>907.6</ele>
      </trkpt>
      <trkpt lat="43.77576" lon="6.2912">
        <ele>905.8</ele>
      </trkpt>
      <trkpt lat="43.77581" lon="6.29091">
        <ele>901.7</ele>
      </trkpt>
      <trkpt lat="43.77583" lon="6.290809">
        <ele>900.5</ele>
      </trkpt>
      <trkpt lat="43.77586" lon="6.2907">
        <ele>900.3</ele>
      </trkpt>
      <trkpt lat="43.775889" lon="6.2906">
        <ele>900.3</ele>
      </trkpt>
      <trkpt lat="43.77592" lon="6.29051">
        <ele>900.6</ele>
      </trkpt>
      <trkpt lat="43.77594" lon="6.29046">
        <ele>900.9</ele>
      </trkpt>
      <trkpt lat="43.77595" lon="6.290409">
        <ele>900.7</ele>
      </trkpt>
      <trkpt lat="43.77596" lon="6.290409">
        <ele>901.3</ele>
      </trkpt>
      <trkpt lat="43.77596" lon="6.29038">
        <ele>900.8</ele>
      </trkpt>
      <trkpt lat="43.77597" lon="6.29036">
        <ele>901.1</ele>
      </trkpt>
      <trkpt lat="43.77597" lon="6.290339">
        <ele>900.8</ele>
      </trkpt>
      <trkpt lat="43.77597" lon="6.29025">
        <ele>899.5</ele>
      </trkpt>
      <trkpt lat="43.77596" lon="6.29017">
        <ele>897.8</ele>
      </trkpt>
      <trkpt lat="43.77594" lon="6.2901">
        <ele>895.6</ele>
      </trkpt>
      <trkpt lat="43.77594" lon="6.29005">
        <ele>894.9</ele>
      </trkpt>
      <trkpt lat="43.77593" lon="6.28995">
        <ele>893.1</ele>
      </trkpt>
      <trkpt lat="43.77594" lon="6.28983">
        <ele>892.5</ele>
      </trkpt>
      <trkpt lat="43.77596" lon="6.28968">
        <ele>892.3</ele>
      </trkpt>
      <trkpt lat="43.776" lon="6.28943">
        <ele>892.3</ele>
      </trkpt>
      <trkpt lat="43.776" lon="6.28938">
        <ele>891.8</ele>
      </trkpt>
      <trkpt lat="43.77603" lon="6.28918">
        <ele>891.7</ele>
      </trkpt>
      <trkpt lat="43.77604" lon="6.289119">
        <ele>891.9</ele>
      </trkpt>
      <trkpt lat="43.77605" lon="6.28903">
        <ele>892.0</ele>
      </trkpt>
      <trkpt lat="43.77605" lon="6.28887">
        <ele>891.0</ele>
      </trkpt>
      <trkpt lat="43.77605" lon="6.28846">
        <ele>888.7</ele>
      </trkpt>
      <trkpt lat="43.77605" lon="6.2882">
        <ele>887.3</ele>
      </trkpt>
      <trkpt lat="43.77606" lon="6.287969">
        <ele>886.8</ele>
      </trkpt>
      <trkpt lat="43.77606" lon="6.2877">
        <ele>885.5</ele>
      </trkpt>
      <trkpt lat="43.77607" lon="6.28752">
        <ele>885.3</ele>
      </trkpt>
      <trkpt lat="43.77607" lon="6.2874">
        <ele>884.5</ele>
      </trkpt>
      <trkpt lat="43.77607" lon="6.28716">
        <ele>882.9</ele>
      </trkpt>
      <trkpt lat="43.77606" lon="6.28706">
        <ele>881.6</ele>
      </trkpt>
      <trkpt lat="43.77605" lon="6.28695">
        <ele>880.2</ele>
      </trkpt>
      <trkpt lat="43.77605" lon="6.28694">
        <ele>880.2</ele>
      </trkpt>
      <trkpt lat="43.77604" lon="6.28686">
        <ele>879.0</ele>
      </trkpt>
      <trkpt lat="43.77602" lon="6.286749">
        <ele>877.0</ele>
      </trkpt>
      <trkpt lat="43.77599" lon="6.28664">
        <ele>874.7</ele>
      </trkpt>
      <trkpt lat="43.77588" lon="6.28638">
        <ele>869.8</ele>
      </trkpt>
      <trkpt lat="43.77584" lon="6.2863">
        <ele>868.0</ele>
      </trkpt>
      <trkpt lat="43.77582" lon="6.28622">
        <ele>867.6</ele>
      </trkpt>
      <trkpt lat="43.77578" lon="6.28611">
        <ele>866.7</ele>
      </trkpt>
      <trkpt lat="43.77577" lon="6.28604">
        <ele>866.7</ele>
      </trkpt>
      <trkpt lat="43.77576" lon="6.28595">
        <ele>866.9</ele>
      </trkpt>
      <trkpt lat="43.77575" lon="6.28588">
        <ele>867.0</ele>
      </trkpt>
      <trkpt lat="43.77575" lon="6.28578">
        <ele>866.9</ele>
      </trkpt>
      <trkpt lat="43.77576" lon="6.28568">
        <ele>866.6</ele>
      </trkpt>
      <trkpt lat="43.77579" lon="6.285459">
        <ele>866.3</ele>
      </trkpt>
      <trkpt lat="43.77586" lon="6.28497">
        <ele>865.4</ele>
      </trkpt>
      <trkpt lat="43.77587" lon="6.28491">
        <ele>864.5</ele>
      </trkpt>
      <trkpt lat="43.775889" lon="6.284849">
        <ele>864.0</ele>
      </trkpt>
      <trkpt lat="43.77591" lon="6.2848">
        <ele>863.7</ele>
      </trkpt>
      <trkpt lat="43.77594" lon="6.28474">
        <ele>863.5</ele>
      </trkpt>
      <trkpt lat="43.775979" lon="6.28469">
        <ele>863.9</ele>
      </trkpt>
      <trkpt lat="43.77602" lon="6.28463">
        <ele>864.0</ele>
      </trkpt>
      <trkpt lat="43.77608" lon="6.28456">
        <ele>864.6</ele>
      </trkpt>
      <trkpt lat="43.77615" lon="6.28449">
        <ele>865.5</ele>
      </trkpt>
      <trkpt lat="43.77617" lon="6.28445">
        <ele>865.3</ele>
      </trkpt>
      <trkpt lat="43.77619" lon="6.28441">
        <ele>865.0</ele>
      </trkpt>
      <trkpt lat="43.77624" lon="6.28432">
        <ele>864.5</ele>
      </trkpt>
      <trkpt lat="43.776269" lon="6.28423">
        <ele>863.3</ele>
      </trkpt>
      <trkpt lat="43.77631" lon="6.28415">
        <ele>862.5</ele>
      </trkpt>
      <trkpt lat="43.77635" lon="6.28407">
        <ele>861.1</ele>
      </trkpt>
      <trkpt lat="43.776359" lon="6.28406">
        <ele>861.1</ele>
      </trkpt>
      <trkpt lat="43.77638" lon="6.284029">
        <ele>860.6</ele>
      </trkpt>
      <trkpt lat="43.77641" lon="6.28398">
        <ele>859.8</ele>
      </trkpt>
      <trkpt lat="43.776449" lon="6.28393">
        <ele>859.2</ele>
      </trkpt>
      <trkpt lat="43.77651" lon="6.28387">
        <ele>858.6</ele>
      </trkpt>
      <trkpt lat="43.77663" lon="6.28375">
        <ele>857.1</ele>
      </trkpt>
      <trkpt lat="43.7767" lon="6.28369">
        <ele>855.9</ele>
      </trkpt>
      <trkpt lat="43.776739" lon="6.28366">
        <ele>855.2</ele>
      </trkpt>
      <trkpt lat="43.77677" lon="6.28364">
        <ele>854.7</ele>
      </trkpt>
      <trkpt lat="43.77681" lon="6.283629">
        <ele>854.7</ele>
      </trkpt>
      <trkpt lat="43.77684" lon="6.28362">
        <ele>854.6</ele>
      </trkpt>
      <trkpt lat="43.776919" lon="6.28361">
        <ele>855.1</ele>
      </trkpt>
      <trkpt lat="43.77702" lon="6.2836">
        <ele>855.8</ele>
      </trkpt>
      <trkpt lat="43.77761" lon="6.2836">
        <ele>860.9</ele>
      </trkpt>
      <trkpt lat="43.77767" lon="6.28359">
        <ele>860.4</ele>
      </trkpt>
      <trkpt lat="43.77769" lon="6.28359">
        <ele>860.3</ele>
      </trkpt>
      <trkpt lat="43.77774" lon="6.28359">
        <ele>860.2</ele>
      </trkpt>
      <trkpt lat="43.77792" lon="6.28355">
        <ele>858.1</ele>
      </trkpt>
      <trkpt lat="43.77805" lon="6.28351">
        <ele>856.1</ele>
      </trkpt>
      <trkpt lat="43.77827" lon="6.28343">
        <ele>852.2</ele>
      </trkpt>
      <trkpt lat="43.77839" lon="6.28338">
        <ele>850.7</ele>
      </trkpt>
      <trkpt lat="43.77856" lon="6.28331">
        <ele>850.1</ele>
      </trkpt>
      <trkpt lat="43.77859" lon="6.2833">
        <ele>850.1</ele>
      </trkpt>
      <trkpt lat="43.77866" lon="6.28327">
        <ele>849.9</ele>
      </trkpt>
      <trkpt lat="43.77873" lon="6.28323">
        <ele>849.3</ele>
      </trkpt>
      <trkpt lat="43.77876" lon="6.28321">
        <ele>848.9</ele>
      </trkpt>
      <trkpt lat="43.778799" lon="6.28319">
        <ele>848.7</ele>
      </trkpt>
      <trkpt lat="43.77884" lon="6.28315">
        <ele>847.7</ele>
      </trkpt>
      <trkpt lat="43.77891" lon="6.283089">
        <ele>846.4</ele>
      </trkpt>
      <trkpt lat="43.77902" lon="6.28299">
        <ele>844.2</ele>
      </trkpt>
      <trkpt lat="43.77904" lon="6.28297">
        <ele>843.7</ele>
      </trkpt>
      <trkpt lat="43.77906" lon="6.282949">
        <ele>843.2</ele>
      </trkpt>
      <trkpt lat="43.77911" lon="6.28291">
        <ele>842.4</ele>
      </trkpt>
      <trkpt lat="43.7792" lon="6.28286">
        <ele>841.8</ele>
      </trkpt>
      <trkpt lat="43.77921" lon="6.28285">
        <ele>841.5</ele>
      </trkpt>
      <trkpt lat="43.77928" lon="6.282809">
        <ele>840.8</ele>
      </trkpt>
      <trkpt lat="43.77935" lon="6.28278">
        <ele>840.5</ele>
      </trkpt>
      <trkpt lat="43.77943" lon="6.28275">
        <ele>840.2</ele>
      </trkpt>
      <trkpt lat="43.77953" lon="6.28272">
        <ele>840.2</ele>
      </trkpt>
      <trkpt lat="43.77964" lon="6.2827">
        <ele>840.7</ele>
      </trkpt>
      <trkpt lat="43.77985" lon="6.28266">
        <ele>841.5</ele>
      </trkpt>
      <trkpt lat="43.77994" lon="6.28264">
        <ele>841.7</ele>
      </trkpt>
      <trkpt lat="43.78023" lon="6.28256">
        <ele>840.5</ele>
      </trkpt>
      <trkpt lat="43.78026" lon="6.28256">
        <ele>840.6</ele>
      </trkpt>
      <trkpt lat="43.78029" lon="6.28256">
        <ele>840.7</ele>
      </trkpt>
      <trkpt lat="43.78036" lon="6.28257">
        <ele>841.5</ele>
      </trkpt>
      <trkpt lat="43.78042" lon="6.28258">
        <ele>842.2</ele>
      </trkpt>
      <trkpt lat="43.7805" lon="6.2826">
        <ele>843.4</ele>
      </trkpt>
      <trkpt lat="43.78053" lon="6.2826">
        <ele>843.5</ele>
      </trkpt>
      <trkpt lat="43.78055" lon="6.2826">
        <ele>843.6</ele>
      </trkpt>
      <trkpt lat="43.78058" lon="6.2826">
        <ele>843.8</ele>
      </trkpt>
      <trkpt lat="43.7806" lon="6.28259">
        <ele>843.5</ele>
      </trkpt>
      <trkpt lat="43.78062" lon="6.28258">
        <ele>843.2</ele>
      </trkpt>
      <trkpt lat="43.78063" lon="6.28257">
        <ele>842.8</ele>
      </trkpt>
      <trkpt lat="43.78064" lon="6.28256">
        <ele>842.5</ele>
      </trkpt>
      <trkpt lat="43.78066" lon="6.28253">
        <ele>841.4</ele>
      </trkpt>
      <trkpt lat="43.78067" lon="6.28251">
        <ele>840.6</ele>
      </trkpt>
      <trkpt lat="43.780679" lon="6.28247">
        <ele>839.3</ele>
      </trkpt>
      <trkpt lat="43.78069" lon="6.28246">
        <ele>839.1</ele>
      </trkpt>
      <trkpt lat="43.78069" lon="6.28244">
        <ele>838.5</ele>
      </trkpt>
      <trkpt lat="43.78069" lon="6.28243">
        <ele>838.2</ele>
      </trkpt>
      <trkpt lat="43.78069" lon="6.282409">
        <ele>837.5</ele>
      </trkpt>
      <trkpt lat="43.78069" lon="6.2824">
        <ele>837.2</ele>
      </trkpt>
      <trkpt lat="43.78069" lon="6.28239">
        <ele>836.9</ele>
      </trkpt>
      <trkpt lat="43.78069" lon="6.28238">
        <ele>836.6</ele>
      </trkpt>
      <trkpt lat="43.780679" lon="6.28237">
        <ele>836.3</ele>
      </trkpt>
      <trkpt lat="43.780679" lon="6.28236">
        <ele>835.9</ele>
      </trkpt>
      <trkpt lat="43.78067" lon="6.28235">
        <ele>835.6</ele>
      </trkpt>
      <trkpt lat="43.78066" lon="6.28233">
        <ele>834.9</ele>
      </trkpt>
      <trkpt lat="43.78064" lon="6.28231">
        <ele>834.2</ele>
      </trkpt>
      <trkpt lat="43.78063" lon="6.28229">
        <ele>833.5</ele>
      </trkpt>
      <trkpt lat="43.78062" lon="6.28228">
        <ele>833.1</ele>
      </trkpt>
      <trkpt lat="43.78061" lon="6.28228">
        <ele>833.0</ele>
      </trkpt>
      <trkpt lat="43.7806" lon="6.28228">
        <ele>833.0</ele>
      </trkpt>
      <trkpt lat="43.78057" lon="6.28228">
        <ele>832.8</ele>
      </trkpt>
      <trkpt lat="43.78052" lon="6.28228">
        <ele>832.5</ele>
      </trkpt>
      <trkpt lat="43.78049" lon="6.28229">
        <ele>832.6</ele>
      </trkpt>
      <trkpt lat="43.78046" lon="6.2823">
        <ele>832.8</ele>
      </trkpt>
      <trkpt lat="43.780299" lon="6.28235">
        <ele>833.5</ele>
      </trkpt>
      <trkpt lat="43.7802" lon="6.28238">
        <ele>833.9</ele>
      </trkpt>
      <trkpt lat="43.78015" lon="6.28239">
        <ele>834.0</ele>
      </trkpt>
      <trkpt lat="43.7801" lon="6.2824">
        <ele>834.1</ele>
      </trkpt>
      <trkpt lat="43.78008" lon="6.2824">
        <ele>834.0</ele>
      </trkpt>
      <trkpt lat="43.77999" lon="6.28239">
        <ele>833.1</ele>
      </trkpt>
      <trkpt lat="43.77992" lon="6.28238">
        <ele>831.9</ele>
      </trkpt>
      <trkpt lat="43.7799" lon="6.28238">
        <ele>831.7</ele>
      </trkpt>
      <trkpt lat="43.77985" lon="6.28236">
        <ele>830.5</ele>
      </trkpt>
      <trkpt lat="43.77979" lon="6.282339">
        <ele>829.1</ele>
      </trkpt>
      <trkpt lat="43.77972" lon="6.28231">
        <ele>827.3</ele>
      </trkpt>
      <trkpt lat="43.77969" lon="6.2823">
        <ele>826.6</ele>
      </trkpt>
      <trkpt lat="43.77964" lon="6.2823">
        <ele>826.1</ele>
      </trkpt>
      <trkpt lat="43.77945" lon="6.2823">
        <ele>823.9</ele>
      </trkpt>
      <trkpt lat="43.77937" lon="6.2823">
        <ele>823.1</ele>
      </trkpt>
      <trkpt lat="43.779359" lon="6.2823">
        <ele>822.9</ele>
      </trkpt>
      <trkpt lat="43.7793" lon="6.28231">
        <ele>822.6</ele>
      </trkpt>
      <trkpt lat="43.77924" lon="6.28231">
        <ele>822.0</ele>
      </trkpt>
      <trkpt lat="43.779179" lon="6.28233">
        <ele>822.0</ele>
      </trkpt>
      <trkpt lat="43.77911" lon="6.28235">
        <ele>821.8</ele>
      </trkpt>
      <trkpt lat="43.77903" lon="6.28238">
        <ele>821.7</ele>
      </trkpt>
      <trkpt lat="43.77891" lon="6.28244">
        <ele>822.0</ele>
      </trkpt>
      <trkpt lat="43.77881" lon="6.28251">
        <ele>822.8</ele>
      </trkpt>
      <trkpt lat="43.77874" lon="6.28256">
        <ele>823.7</ele>
      </trkpt>
      <trkpt lat="43.77864" lon="6.28261">
        <ele>824.0</ele>
      </trkpt>
      <trkpt lat="43.77855" lon="6.28264">
        <ele>823.8</ele>
      </trkpt>
      <trkpt lat="43.77849" lon="6.28265">
        <ele>823.3</ele>
      </trkpt>
      <trkpt lat="43.77844" lon="6.28265">
        <ele>822.6</ele>
      </trkpt>
      <trkpt lat="43.77832" lon="6.28264">
        <ele>820.5</ele>
      </trkpt>
      <trkpt lat="43.778149" lon="6.28264">
        <ele>820.4</ele>
      </trkpt>
      <trkpt lat="43.77793" lon="6.28266">
        <ele>821.1</ele>
      </trkpt>
      <trkpt lat="43.77788" lon="6.28265">
        <ele>820.7</ele>
      </trkpt>
      <trkpt lat="43.77782" lon="6.28265">
        <ele>820.7</ele>
      </trkpt>
      <trkpt lat="43.77774" lon="6.28263">
        <ele>819.8</ele>
      </trkpt>
      <trkpt lat="43.77749" lon="6.28255">
        <ele>816.2</ele>
      </trkpt>
      <trkpt lat="43.77726" lon="6.28249">
        <ele>814.3</ele>
      </trkpt>
      <trkpt lat="43.77709" lon="6.28244">
        <ele>813.3</ele>
      </trkpt>
      <trkpt lat="43.77704" lon="6.28242">
        <ele>812.9</ele>
      </trkpt>
      <trkpt lat="43.77688" lon="6.28238">
        <ele>812.5</ele>
      </trkpt>
      <trkpt lat="43.7767" lon="6.28235">
        <ele>812.4</ele>
      </trkpt>
      <trkpt lat="43.77664" lon="6.28235">
        <ele>812.4</ele>
      </trkpt>
      <trkpt lat="43.77653" lon="6.28236">
        <ele>811.6</ele>
      </trkpt>
      <trkpt lat="43.77644" lon="6.28237">
        <ele>810.9</ele>
      </trkpt>
      <trkpt lat="43.77631" lon="6.2824">
        <ele>810.1</ele>
      </trkpt>
      <trkpt lat="43.7762" lon="6.28243">
        <ele>809.2</ele>
      </trkpt>
      <trkpt lat="43.7761" lon="6.28246">
        <ele>808.3</ele>
      </trkpt>
      <trkpt lat="43.77606" lon="6.28246">
        <ele>807.8</ele>
      </trkpt>
      <trkpt lat="43.77602" lon="6.28245">
        <ele>807.3</ele>
      </trkpt>
      <trkpt lat="43.77601" lon="6.28244">
        <ele>807.2</ele>
      </trkpt>
      <trkpt lat="43.776" lon="6.28243">
        <ele>807.0</ele>
      </trkpt>
      <trkpt lat="43.77599" lon="6.28242">
        <ele>806.9</ele>
      </trkpt>
      <trkpt lat="43.775979" lon="6.282409">
        <ele>806.8</ele>
      </trkpt>
      <trkpt lat="43.77597" lon="6.28239">
        <ele>806.6</ele>
      </trkpt>
      <trkpt lat="43.77597" lon="6.28238">
        <ele>806.6</ele>
      </trkpt>
      <trkpt lat="43.77596" lon="6.28237">
        <ele>806.5</ele>
      </trkpt>
      <trkpt lat="43.77596" lon="6.28235">
        <ele>806.5</ele>
      </trkpt>
      <trkpt lat="43.77595" lon="6.28232">
        <ele>806.3</ele>
      </trkpt>
      <trkpt lat="43.77595" lon="6.2823">
        <ele>806.3</ele>
      </trkpt>
      <trkpt lat="43.77595" lon="6.28228">
        <ele>806.3</ele>
      </trkpt>
      <trkpt lat="43.77595" lon="6.28226">
        <ele>806.3</ele>
      </trkpt>
      <trkpt lat="43.77596" lon="6.28225">
        <ele>806.3</ele>
      </trkpt>
      <trkpt lat="43.77596" lon="6.28224">
        <ele>806.3</ele>
      </trkpt>
      <trkpt lat="43.77596" lon="6.28223">
        <ele>806.3</ele>
      </trkpt>
      <trkpt lat="43.77597" lon="6.28222">
        <ele>806.3</ele>
      </trkpt>
      <trkpt lat="43.77597" lon="6.282199">
        <ele>806.3</ele>
      </trkpt>
      <trkpt lat="43.775979" lon="6.28218">
        <ele>806.3</ele>
      </trkpt>
      <trkpt lat="43.77599" lon="6.28217">
        <ele>806.3</ele>
      </trkpt>
      <trkpt lat="43.776" lon="6.28216">
        <ele>806.3</ele>
      </trkpt>
      <trkpt lat="43.77601" lon="6.28215">
        <ele>806.3</ele>
      </trkpt>
      <trkpt lat="43.77602" lon="6.28215">
        <ele>806.3</ele>
      </trkpt>
      <trkpt lat="43.77603" lon="6.28214">
        <ele>806.3</ele>
      </trkpt>
      <trkpt lat="43.77605" lon="6.28213">
        <ele>806.3</ele>
      </trkpt>
      <trkpt lat="43.77607" lon="6.28213">
        <ele>806.4</ele>
      </trkpt>
      <trkpt lat="43.7761" lon="6.28212">
        <ele>806.4</ele>
      </trkpt>
      <trkpt lat="43.776269" lon="6.28212">
        <ele>806.7</ele>
      </trkpt>
      <trkpt lat="43.77654" lon="6.2821">
        <ele>806.7</ele>
      </trkpt>
      <trkpt lat="43.77725" lon="6.28206">
        <ele>801.6</ele>
      </trkpt>
      <trkpt lat="43.77745" lon="6.28204">
        <ele>799.5</ele>
      </trkpt>
      <trkpt lat="43.777589" lon="6.28201">
        <ele>798.4</ele>
      </trkpt>
      <trkpt lat="43.77775" lon="6.28198">
        <ele>798.0</ele>
      </trkpt>
      <trkpt lat="43.77779" lon="6.28197">
        <ele>797.8</ele>
      </trkpt>
      <trkpt lat="43.77789" lon="6.28194">
        <ele>797.3</ele>
      </trkpt>
      <trkpt lat="43.77796" lon="6.28192">
        <ele>796.9</ele>
      </trkpt>
      <trkpt lat="43.7782" lon="6.28181">
        <ele>794.6</ele>
      </trkpt>
      <trkpt lat="43.77831" lon="6.28175">
        <ele>793.3</ele>
      </trkpt>
      <trkpt lat="43.77847" lon="6.281659">
        <ele>792.0</ele>
      </trkpt>
      <trkpt lat="43.77848" lon="6.281659">
        <ele>792.0</ele>
      </trkpt>
      <trkpt lat="43.77858" lon="6.281589">
        <ele>790.8</ele>
      </trkpt>
      <trkpt lat="43.77864" lon="6.28155">
        <ele>790.2</ele>
      </trkpt>
      <trkpt lat="43.778709" lon="6.2815">
        <ele>789.3</ele>
      </trkpt>
      <trkpt lat="43.77886" lon="6.28136">
        <ele>786.7</ele>
      </trkpt>
      <trkpt lat="43.77907" lon="6.28116">
        <ele>783.1</ele>
      </trkpt>
      <trkpt lat="43.77914" lon="6.28109">
        <ele>781.8</ele>
      </trkpt>
      <trkpt lat="43.77922" lon="6.28103">
        <ele>780.8</ele>
      </trkpt>
      <trkpt lat="43.779269" lon="6.280979">
        <ele>779.7</ele>
      </trkpt>
      <trkpt lat="43.77934" lon="6.28094">
        <ele>778.9</ele>
      </trkpt>
      <trkpt lat="43.7794" lon="6.2809">
        <ele>778.1</ele>
      </trkpt>
      <trkpt lat="43.77946" lon="6.28088">
        <ele>777.8</ele>
      </trkpt>
      <trkpt lat="43.77955" lon="6.28084">
        <ele>777.0</ele>
      </trkpt>
      <trkpt lat="43.779649" lon="6.28081">
        <ele>776.7</ele>
      </trkpt>
      <trkpt lat="43.77973" lon="6.28079">
        <ele>776.6</ele>
      </trkpt>
      <trkpt lat="43.77981" lon="6.28075">
        <ele>776.0</ele>
      </trkpt>
      <trkpt lat="43.78004" lon="6.28064">
        <ele>774.9</ele>
      </trkpt>
      <trkpt lat="43.7805" lon="6.28038">
        <ele>775.0</ele>
      </trkpt>
      <trkpt lat="43.78057" lon="6.28032">
        <ele>774.6</ele>
      </trkpt>
      <trkpt lat="43.78058" lon="6.28031">
        <ele>774.5</ele>
      </trkpt>
      <trkpt lat="43.78064" lon="6.28026">
        <ele>774.2</ele>
      </trkpt>
      <trkpt lat="43.78071" lon="6.28017">
        <ele>773.1</ele>
      </trkpt>
      <trkpt lat="43.78076" lon="6.2801">
        <ele>772.2</ele>
      </trkpt>
      <trkpt lat="43.78081" lon="6.28003">
        <ele>771.4</ele>
      </trkpt>
      <trkpt lat="43.78085" lon="6.27996">
        <ele>771.1</ele>
      </trkpt>
      <trkpt lat="43.78085" lon="6.27994">
        <ele>770.8</ele>
      </trkpt>
      <trkpt lat="43.780859" lon="6.27992">
        <ele>770.9</ele>
      </trkpt>
      <trkpt lat="43.78087" lon="6.27987">
        <ele>770.5</ele>
      </trkpt>
      <trkpt lat="43.78088" lon="6.27979">
        <ele>769.6</ele>
      </trkpt>
      <trkpt lat="43.7809" lon="6.27954">
        <ele>766.3</ele>
      </trkpt>
      <trkpt lat="43.78091" lon="6.27941">
        <ele>764.6</ele>
      </trkpt>
      <trkpt lat="43.78092" lon="6.279359">
        <ele>764.2</ele>
      </trkpt>
      <trkpt lat="43.78093" lon="6.2793">
        <ele>763.7</ele>
      </trkpt>
      <trkpt lat="43.78095" lon="6.2792">
        <ele>762.9</ele>
      </trkpt>
      <trkpt lat="43.78097" lon="6.27911">
        <ele>762.1</ele>
      </trkpt>
      <trkpt lat="43.781" lon="6.27902">
        <ele>761.5</ele>
      </trkpt>
      <trkpt lat="43.78104" lon="6.27894">
        <ele>761.5</ele>
      </trkpt>
      <trkpt lat="43.78108" lon="6.27886">
        <ele>761.4</ele>
      </trkpt>
      <trkpt lat="43.78114" lon="6.27877">
        <ele>761.8</ele>
      </trkpt>
      <trkpt lat="43.781239" lon="6.27864">
        <ele>762.7</ele>
      </trkpt>
      <trkpt lat="43.78136" lon="6.27846">
        <ele>762.6</ele>
      </trkpt>
      <trkpt lat="43.78141" lon="6.27836">
        <ele>761.8</ele>
      </trkpt>
      <trkpt lat="43.78147" lon="6.27826">
        <ele>761.2</ele>
      </trkpt>
      <trkpt lat="43.78152" lon="6.27816">
        <ele>760.3</ele>
      </trkpt>
      <trkpt lat="43.78163" lon="6.27795">
        <ele>758.2</ele>
      </trkpt>
      <trkpt lat="43.781799" lon="6.27766">
        <ele>756.3</ele>
      </trkpt>
      <trkpt lat="43.78186" lon="6.27756">
        <ele>755.5</ele>
      </trkpt>
      <trkpt lat="43.78194" lon="6.27742">
        <ele>754.2</ele>
      </trkpt>
      <trkpt lat="43.78204" lon="6.27724">
        <ele>752.5</ele>
      </trkpt>
      <trkpt lat="43.78212" lon="6.27709">
        <ele>750.9</ele>
      </trkpt>
      <trkpt lat="43.78216" lon="6.27705">
        <ele>751.1</ele>
      </trkpt>
      <trkpt lat="43.7822" lon="6.27701">
        <ele>751.3</ele>
      </trkpt>
      <trkpt lat="43.78223" lon="6.276989">
        <ele>751.7</ele>
      </trkpt>
      <trkpt lat="43.78229" lon="6.27696">
        <ele>752.8</ele>
      </trkpt>
      <trkpt lat="43.78242" lon="6.27693">
        <ele>756.3</ele>
      </trkpt>
      <trkpt lat="43.78251" lon="6.2769">
        <ele>758.6</ele>
      </trkpt>
      <trkpt lat="43.782559" lon="6.27688">
        <ele>761.2</ele>
      </trkpt>
      <trkpt lat="43.78258" lon="6.27686">
        <ele>761.9</ele>
      </trkpt>
      <trkpt lat="43.78261" lon="6.27684">
        <ele>763.2</ele>
      </trkpt>
      <trkpt lat="43.78263" lon="6.2768">
        <ele>763.3</ele>
      </trkpt>
      <trkpt lat="43.78264" lon="6.27677">
        <ele>763.1</ele>
      </trkpt>
      <trkpt lat="43.78266" lon="6.27674">
        <ele>763.5</ele>
      </trkpt>
      <trkpt lat="43.78267" lon="6.276709">
        <ele>763.3</ele>
      </trkpt>
      <trkpt lat="43.78281" lon="6.27595">
        <ele>744.1</ele>
      </trkpt>
      <trkpt lat="43.78281" lon="6.27593">
        <ele>743.4</ele>
      </trkpt>
      <trkpt lat="43.78284" lon="6.27582">
        <ele>741.2</ele>
      </trkpt>
      <trkpt lat="43.78287" lon="6.27572">
        <ele>740.1</ele>
      </trkpt>
      <trkpt lat="43.78287" lon="6.27571">
        <ele>739.7</ele>
      </trkpt>
      <trkpt lat="43.78293" lon="6.275559">
        <ele>738.8</ele>
      </trkpt>
      <trkpt lat="43.78295" lon="6.27551">
        <ele>738.4</ele>
      </trkpt>
      <trkpt lat="43.78296" lon="6.2755">
        <ele>738.7</ele>
      </trkpt>
      <trkpt lat="43.78299" lon="6.27544">
        <ele>738.7</ele>
      </trkpt>
      <trkpt lat="43.78307" lon="6.27532">
        <ele>739.6</ele>
      </trkpt>
      <trkpt lat="43.78308" lon="6.27531">
        <ele>739.8</ele>
      </trkpt>
      <trkpt lat="43.7832" lon="6.27515">
        <ele>741.5</ele>
      </trkpt>
      <trkpt lat="43.78329" lon="6.27501">
        <ele>741.9</ele>
      </trkpt>
      <trkpt lat="43.78333" lon="6.274949">
        <ele>742.6</ele>
      </trkpt>
      <trkpt lat="43.78336" lon="6.274879">
        <ele>742.9</ele>
      </trkpt>
      <trkpt lat="43.78338" lon="6.27478">
        <ele>741.8</ele>
      </trkpt>
      <trkpt lat="43.78341" lon="6.27468">
        <ele>741.3</ele>
      </trkpt>
      <trkpt lat="43.78343" lon="6.27455">
        <ele>739.2</ele>
      </trkpt>
      <trkpt lat="43.78344" lon="6.2744">
        <ele>736.0</ele>
      </trkpt>
      <trkpt lat="43.78345" lon="6.27421">
        <ele>731.6</ele>
      </trkpt>
      <trkpt lat="43.78346" lon="6.2741">
        <ele>729.3</ele>
      </trkpt>
      <trkpt lat="43.78348" lon="6.27403">
        <ele>728.6</ele>
      </trkpt>
      <trkpt lat="43.78349" lon="6.27398">
        <ele>727.9</ele>
      </trkpt>
      <trkpt lat="43.78353" lon="6.27386">
        <ele>727.0</ele>
      </trkpt>
      <trkpt lat="43.783589" lon="6.2737">
        <ele>726.0</ele>
      </trkpt>
      <trkpt lat="43.78364" lon="6.2736">
        <ele>726.0</ele>
      </trkpt>
      <trkpt lat="43.78399" lon="6.27303">
        <ele>727.0</ele>
      </trkpt>
      <trkpt lat="43.78405" lon="6.27294">
        <ele>727.1</ele>
      </trkpt>
      <trkpt lat="43.78411" lon="6.27286">
        <ele>727.4</ele>
      </trkpt>
      <trkpt lat="43.78414" lon="6.27282">
        <ele>727.5</ele>
      </trkpt>
      <trkpt lat="43.78416" lon="6.2728">
        <ele>727.8</ele>
      </trkpt>
      <trkpt lat="43.78423" lon="6.27272">
        <ele>728.7</ele>
      </trkpt>
      <trkpt lat="43.78431" lon="6.27264">
        <ele>730.2</ele>
      </trkpt>
      <trkpt lat="43.78438" lon="6.272579">
        <ele>731.8</ele>
      </trkpt>
      <trkpt lat="43.78443" lon="6.27253">
        <ele>732.6</ele>
      </trkpt>
      <trkpt lat="43.78445" lon="6.272509">
        <ele>733.0</ele>
      </trkpt>
      <trkpt lat="43.78446" lon="6.27248">
        <ele>733.1</ele>
      </trkpt>
      <trkpt lat="43.78447" lon="6.27245">
        <ele>733.5</ele>
      </trkpt>
      <trkpt lat="43.78448" lon="6.27242">
        <ele>734.0</ele>
      </trkpt>
      <trkpt lat="43.78448" lon="6.27239">
        <ele>733.9</ele>
      </trkpt>
      <trkpt lat="43.78448" lon="6.27236">
        <ele>733.9</ele>
      </trkpt>
      <trkpt lat="43.78447" lon="6.27225">
        <ele>732.9</ele>
      </trkpt>
      <trkpt lat="43.78446" lon="6.27215">
        <ele>731.7</ele>
      </trkpt>
      <trkpt lat="43.784439" lon="6.27203">
        <ele>729.3</ele>
      </trkpt>
      <trkpt lat="43.78443" lon="6.27194">
        <ele>727.7</ele>
      </trkpt>
      <trkpt lat="43.784439" lon="6.27182">
        <ele>728.0</ele>
      </trkpt>
      <trkpt lat="43.784439" lon="6.27173">
        <ele>727.5</ele>
      </trkpt>
      <trkpt lat="43.784439" lon="6.27165">
        <ele>727.0</ele>
      </trkpt>
      <trkpt lat="43.78445" lon="6.27156">
        <ele>727.6</ele>
      </trkpt>
      <trkpt lat="43.78446" lon="6.27146">
        <ele>728.1</ele>
      </trkpt>
      <trkpt lat="43.78447" lon="6.27139">
        <ele>728.8</ele>
      </trkpt>
      <trkpt lat="43.78449" lon="6.27132">
        <ele>730.7</ele>
      </trkpt>
      <trkpt lat="43.78455" lon="6.271149">
        <ele>736.4</ele>
      </trkpt>
      <trkpt lat="43.78456" lon="6.27109">
        <ele>737.0</ele>
      </trkpt>
      <trkpt lat="43.78457" lon="6.27103">
        <ele>737.6</ele>
      </trkpt>
      <trkpt lat="43.78458" lon="6.27096">
        <ele>738.0</ele>
      </trkpt>
      <trkpt lat="43.78458" lon="6.27088">
        <ele>737.1</ele>
      </trkpt>
      <trkpt lat="43.78457" lon="6.27079">
        <ele>735.4</ele>
      </trkpt>
      <trkpt lat="43.78456" lon="6.27071">
        <ele>734.0</ele>
      </trkpt>
      <trkpt lat="43.78455" lon="6.27065">
        <ele>732.7</ele>
      </trkpt>
      <trkpt lat="43.78441" lon="6.27002">
        <ele>717.8</ele>
      </trkpt>
      <trkpt lat="43.78439" lon="6.2699">
        <ele>716.0</ele>
      </trkpt>
      <trkpt lat="43.78438" lon="6.2698">
        <ele>715.2</ele>
      </trkpt>
      <trkpt lat="43.78436" lon="6.26969">
        <ele>713.8</ele>
      </trkpt>
      <trkpt lat="43.78435" lon="6.26957">
        <ele>713.2</ele>
      </trkpt>
      <trkpt lat="43.78435" lon="6.26949">
        <ele>713.4</ele>
      </trkpt>
      <trkpt lat="43.78435" lon="6.269389">
        <ele>713.7</ele>
      </trkpt>
      <trkpt lat="43.78434" lon="6.2692">
        <ele>713.5</ele>
      </trkpt>
      <trkpt lat="43.78433" lon="6.26893">
        <ele>712.8</ele>
      </trkpt>
      <trkpt lat="43.78432" lon="6.26844">
        <ele>711.9</ele>
      </trkpt>
      <trkpt lat="43.78433" lon="6.26819">
        <ele>713.5</ele>
      </trkpt>
      <trkpt lat="43.78433" lon="6.26807">
        <ele>714.5</ele>
      </trkpt>
      <trkpt lat="43.78433" lon="6.26796">
        <ele>715.5</ele>
      </trkpt>
      <trkpt lat="43.78434" lon="6.26786">
        <ele>716.5</ele>
      </trkpt>
      <trkpt lat="43.78434" lon="6.26781">
        <ele>716.9</ele>
      </trkpt>
      <trkpt lat="43.78435" lon="6.26775">
        <ele>717.6</ele>
      </trkpt>
      <trkpt lat="43.78437" lon="6.26768">
        <ele>718.3</ele>
      </trkpt>
      <trkpt lat="43.78439" lon="6.26762">
        <ele>718.9</ele>
      </trkpt>
      <trkpt lat="43.78441" lon="6.26759">
        <ele>719.2</ele>
      </trkpt>
      <trkpt lat="43.78443" lon="6.26755">
        <ele>719.5</ele>
      </trkpt>
      <trkpt lat="43.78446" lon="6.2675">
        <ele>719.7</ele>
      </trkpt>
      <trkpt lat="43.78451" lon="6.26745">
        <ele>719.2</ele>
      </trkpt>
      <trkpt lat="43.78457" lon="6.26738">
        <ele>718.2</ele>
      </trkpt>
      <trkpt lat="43.78461" lon="6.26735">
        <ele>717.7</ele>
      </trkpt>
      <trkpt lat="43.78465" lon="6.26731">
        <ele>716.9</ele>
      </trkpt>
      <trkpt lat="43.78468" lon="6.26729">
        <ele>716.4</ele>
      </trkpt>
      <trkpt lat="43.78473" lon="6.26726">
        <ele>715.6</ele>
      </trkpt>
      <trkpt lat="43.78479" lon="6.26722">
        <ele>714.4</ele>
      </trkpt>
      <trkpt lat="43.78484" lon="6.26718">
        <ele>713.1</ele>
      </trkpt>
      <trkpt lat="43.78487" lon="6.267159">
        <ele>712.4</ele>
      </trkpt>
      <trkpt lat="43.7849" lon="6.26713">
        <ele>711.3</ele>
      </trkpt>
      <trkpt lat="43.78495" lon="6.267089">
        <ele>709.8</ele>
      </trkpt>
      <trkpt lat="43.78513" lon="6.26689">
        <ele>704.3</ele>
      </trkpt>
      <trkpt lat="43.78516" lon="6.26686">
        <ele>703.5</ele>
      </trkpt>
      <trkpt lat="43.78521" lon="6.26682">
        <ele>702.4</ele>
      </trkpt>
      <trkpt lat="43.78526" lon="6.26678">
        <ele>701.3</ele>
      </trkpt>
      <trkpt lat="43.78529" lon="6.26677">
        <ele>701.0</ele>
      </trkpt>
      <trkpt lat="43.7853" lon="6.26676">
        <ele>700.7</ele>
      </trkpt>
      <trkpt lat="43.78534" lon="6.26674">
        <ele>700.1</ele>
      </trkpt>
      <trkpt lat="43.78539" lon="6.26672">
        <ele>699.5</ele>
      </trkpt>
      <trkpt lat="43.78545" lon="6.26671">
        <ele>699.2</ele>
      </trkpt>
      <trkpt lat="43.78546" lon="6.26671">
        <ele>699.3</ele>
      </trkpt>
      <trkpt lat="43.7855" lon="6.26671">
        <ele>699.3</ele>
      </trkpt>
      <trkpt lat="43.785559" lon="6.26671">
        <ele>699.5</ele>
      </trkpt>
      <trkpt lat="43.78579" lon="6.26676">
        <ele>702.3</ele>
      </trkpt>
      <trkpt lat="43.78584" lon="6.26676">
        <ele>702.7</ele>
      </trkpt>
      <trkpt lat="43.78588" lon="6.26675">
        <ele>703.4</ele>
      </trkpt>
      <trkpt lat="43.78592" lon="6.26673">
        <ele>703.7</ele>
      </trkpt>
      <trkpt lat="43.78598" lon="6.26668">
        <ele>703.0</ele>
      </trkpt>
      <trkpt lat="43.78604" lon="6.26662">
        <ele>702.4</ele>
      </trkpt>
      <trkpt lat="43.786119" lon="6.26652">
        <ele>700.8</ele>
      </trkpt>
      <trkpt lat="43.78613" lon="6.26651">
        <ele>700.7</ele>
      </trkpt>
      <trkpt lat="43.78623" lon="6.2664">
        <ele>698.8</ele>
      </trkpt>
      <trkpt lat="43.78626" lon="6.26637">
        <ele>698.3</ele>
      </trkpt>
      <trkpt lat="43.78629" lon="6.266339">
        <ele>697.7</ele>
      </trkpt>
      <trkpt lat="43.78638" lon="6.26626">
        <ele>696.3</ele>
      </trkpt>
      <trkpt lat="43.78653" lon="6.26614">
        <ele>693.8</ele>
      </trkpt>
      <trkpt lat="43.78669" lon="6.26602">
        <ele>690.6</ele>
      </trkpt>
      <trkpt lat="43.78675" lon="6.26598">
        <ele>688.9</ele>
      </trkpt>
      <trkpt lat="43.78683" lon="6.265939">
        <ele>687.5</ele>
      </trkpt>
      <trkpt lat="43.78717" lon="6.265799">
        <ele>682.9</ele>
      </trkpt>
      <trkpt lat="43.78723" lon="6.26578">
        <ele>682.3</ele>
      </trkpt>
      <trkpt lat="43.78727" lon="6.26577">
        <ele>682.1</ele>
      </trkpt>
      <trkpt lat="43.78732" lon="6.26575">
        <ele>681.3</ele>
      </trkpt>
      <trkpt lat="43.78736" lon="6.26575">
        <ele>681.6</ele>
      </trkpt>
      <trkpt lat="43.78738" lon="6.26575">
        <ele>681.7</ele>
      </trkpt>
      <trkpt lat="43.78741" lon="6.26575">
        <ele>681.9</ele>
      </trkpt>
      <trkpt lat="43.787439" lon="6.26577">
        <ele>683.2</ele>
      </trkpt>
      <trkpt lat="43.78746" lon="6.26579">
        <ele>684.4</ele>
      </trkpt>
      <trkpt lat="43.78749" lon="6.26583">
        <ele>686.8</ele>
      </trkpt>
      <trkpt lat="43.78751" lon="6.26586">
        <ele>687.8</ele>
      </trkpt>
      <trkpt lat="43.7876" lon="6.26599">
        <ele>690.6</ele>
      </trkpt>
      <trkpt lat="43.7877" lon="6.26615">
        <ele>694.9</ele>
      </trkpt>
      <trkpt lat="43.78774" lon="6.26619">
        <ele>695.6</ele>
      </trkpt>
      <trkpt lat="43.7878" lon="6.26625">
        <ele>696.6</ele>
      </trkpt>
      <trkpt lat="43.78782" lon="6.26626">
        <ele>696.5</ele>
      </trkpt>
      <trkpt lat="43.78788" lon="6.26629">
        <ele>696.2</ele>
      </trkpt>
      <trkpt lat="43.78799" lon="6.266339">
        <ele>695.4</ele>
      </trkpt>
      <trkpt lat="43.78813" lon="6.26642">
        <ele>695.6</ele>
      </trkpt>
      <trkpt lat="43.78833" lon="6.26649">
        <ele>693.9</ele>
      </trkpt>
      <trkpt lat="43.78874" lon="6.26664">
        <ele>708.4</ele>
      </trkpt>
      <trkpt lat="43.78879" lon="6.26665">
        <ele>709.7</ele>
      </trkpt>
      <trkpt lat="43.78883" lon="6.26665">
        <ele>710.2</ele>
      </trkpt>
      <trkpt lat="43.788849" lon="6.26664">
        <ele>710.0</ele>
      </trkpt>
      <trkpt lat="43.78886" lon="6.26664">
        <ele>710.1</ele>
      </trkpt>
      <trkpt lat="43.78889" lon="6.26663">
        <ele>710.0</ele>
      </trkpt>
      <trkpt lat="43.78893" lon="6.26662">
        <ele>710.1</ele>
      </trkpt>
      <trkpt lat="43.78896" lon="6.2666">
        <ele>709.4</ele>
      </trkpt>
      <trkpt lat="43.78899" lon="6.26657">
        <ele>708.3</ele>
      </trkpt>
      <trkpt lat="43.78901" lon="6.26654">
        <ele>706.9</ele>
      </trkpt>
      <trkpt lat="43.78902" lon="6.26653">
        <ele>706.6</ele>
      </trkpt>
      <trkpt lat="43.78905" lon="6.266479">
        <ele>704.3</ele>
      </trkpt>
      <trkpt lat="43.78908" lon="6.26642">
        <ele>701.6</ele>
      </trkpt>
      <trkpt lat="43.78909" lon="6.26638">
        <ele>699.6</ele>
      </trkpt>
      <trkpt lat="43.7891" lon="6.26633">
        <ele>697.1</ele>
      </trkpt>
      <trkpt lat="43.78911" lon="6.2663">
        <ele>695.7</ele>
      </trkpt>
      <trkpt lat="43.78911" lon="6.26626">
        <ele>693.6</ele>
      </trkpt>
      <trkpt lat="43.78911" lon="6.26622">
        <ele>691.5</ele>
      </trkpt>
      <trkpt lat="43.78911" lon="6.26616">
        <ele>688.3</ele>
      </trkpt>
      <trkpt lat="43.78911" lon="6.26605">
        <ele>682.4</ele>
      </trkpt>
      <trkpt lat="43.78911" lon="6.266">
        <ele>679.8</ele>
      </trkpt>
      <trkpt lat="43.789119" lon="6.26596">
        <ele>677.8</ele>
      </trkpt>
      <trkpt lat="43.78913" lon="6.26591">
        <ele>675.4</ele>
      </trkpt>
      <trkpt lat="43.78915" lon="6.26584">
        <ele>672.0</ele>
      </trkpt>
      <trkpt lat="43.78916" lon="6.26582">
        <ele>671.5</ele>
      </trkpt>
      <trkpt lat="43.78924" lon="6.26562">
        <ele>667.4</ele>
      </trkpt>
      <trkpt lat="43.78928" lon="6.26554">
        <ele>665.9</ele>
      </trkpt>
      <trkpt lat="43.78931" lon="6.26548">
        <ele>664.7</ele>
      </trkpt>
      <trkpt lat="43.78934" lon="6.26543">
        <ele>663.7</ele>
      </trkpt>
      <trkpt lat="43.78935" lon="6.26542">
        <ele>663.6</ele>
      </trkpt>
      <trkpt lat="43.78936" lon="6.26539">
        <ele>662.8</ele>
      </trkpt>
      <trkpt lat="43.78938" lon="6.26537">
        <ele>662.6</ele>
      </trkpt>
      <trkpt lat="43.78942" lon="6.26534">
        <ele>662.5</ele>
      </trkpt>
      <trkpt lat="43.78946" lon="6.26532">
        <ele>662.7</ele>
      </trkpt>
      <trkpt lat="43.789499" lon="6.2653">
        <ele>662.8</ele>
      </trkpt>
      <trkpt lat="43.78956" lon="6.26529">
        <ele>663.8</ele>
      </trkpt>
      <trkpt lat="43.78962" lon="6.26528">
        <ele>664.7</ele>
      </trkpt>
      <trkpt lat="43.78968" lon="6.26528">
        <ele>666.1</ele>
      </trkpt>
      <trkpt lat="43.7897" lon="6.26528">
        <ele>666.5</ele>
      </trkpt>
      <trkpt lat="43.78986" lon="6.26529">
        <ele>670.5</ele>
      </trkpt>
      <trkpt lat="43.78996" lon="6.2653">
        <ele>673.1</ele>
      </trkpt>
      <trkpt lat="43.79003" lon="6.2653">
        <ele>674.3</ele>
      </trkpt>
      <trkpt lat="43.79007" lon="6.26529">
        <ele>674.0</ele>
      </trkpt>
      <trkpt lat="43.7901" lon="6.26529">
        <ele>674.2</ele>
      </trkpt>
      <trkpt lat="43.79019" lon="6.265259">
        <ele>673.3</ele>
      </trkpt>
      <trkpt lat="43.79022" lon="6.26525">
        <ele>672.9</ele>
      </trkpt>
      <trkpt lat="43.79032" lon="6.26521">
        <ele>671.3</ele>
      </trkpt>
      <trkpt lat="43.79038" lon="6.26518">
        <ele>669.8</ele>
      </trkpt>
      <trkpt lat="43.79039" lon="6.26518">
        <ele>669.9</ele>
      </trkpt>
      <trkpt lat="43.79041" lon="6.26517">
        <ele>669.4</ele>
      </trkpt>
      <trkpt lat="43.790439" lon="6.26515">
        <ele>668.3</ele>
      </trkpt>
      <trkpt lat="43.790529" lon="6.26509">
        <ele>664.9</ele>
      </trkpt>
      <trkpt lat="43.79055" lon="6.26507">
        <ele>663.7</ele>
      </trkpt>
      <trkpt lat="43.79057" lon="6.26506">
        <ele>663.1</ele>
      </trkpt>
      <trkpt lat="43.79061" lon="6.26504">
        <ele>661.8</ele>
      </trkpt>
      <trkpt lat="43.79066" lon="6.26501">
        <ele>659.9</ele>
      </trkpt>
      <trkpt lat="43.7907" lon="6.265">
        <ele>659.2</ele>
      </trkpt>
      <trkpt lat="43.79072" lon="6.26499">
        <ele>658.7</ele>
      </trkpt>
      <trkpt lat="43.79075" lon="6.26499">
        <ele>658.6</ele>
      </trkpt>
      <trkpt lat="43.79079" lon="6.26499">
        <ele>658.6</ele>
      </trkpt>
      <trkpt lat="43.79084" lon="6.265">
        <ele>658.9</ele>
      </trkpt>
      <trkpt lat="43.79089" lon="6.26501">
        <ele>659.2</ele>
      </trkpt>
      <trkpt lat="43.7909" lon="6.26501">
        <ele>659.1</ele>
      </trkpt>
      <trkpt lat="43.79101" lon="6.265049">
        <ele>661.1</ele>
      </trkpt>
      <trkpt lat="43.79116" lon="6.265119">
        <ele>664.9</ele>
      </trkpt>
      <trkpt lat="43.79124" lon="6.26515">
        <ele>666.5</ele>
      </trkpt>
      <trkpt lat="43.791289" lon="6.26517">
        <ele>667.6</ele>
      </trkpt>
      <trkpt lat="43.79136" lon="6.2652">
        <ele>669.3</ele>
      </trkpt>
      <trkpt lat="43.79142" lon="6.26521">
        <ele>669.6</ele>
      </trkpt>
      <trkpt lat="43.79149" lon="6.26522">
        <ele>669.8</ele>
      </trkpt>
      <trkpt lat="43.79155" lon="6.26522">
        <ele>669.4</ele>
      </trkpt>
      <trkpt lat="43.79158" lon="6.26521">
        <ele>668.5</ele>
      </trkpt>
      <trkpt lat="43.7916" lon="6.2652">
        <ele>667.6</ele>
      </trkpt>
      <trkpt lat="43.79163" lon="6.265189">
        <ele>666.6</ele>
      </trkpt>
      <trkpt lat="43.79174" lon="6.26514">
        <ele>662.0</ele>
      </trkpt>
      <trkpt lat="43.79181" lon="6.265119">
        <ele>660.0</ele>
      </trkpt>
      <trkpt lat="43.79189" lon="6.26511">
        <ele>658.7</ele>
      </trkpt>
      <trkpt lat="43.79191" lon="6.26511">
        <ele>658.5</ele>
      </trkpt>
      <trkpt lat="43.791939" lon="6.26511">
        <ele>658.3</ele>
      </trkpt>
      <trkpt lat="43.79209" lon="6.26515">
        <ele>659.8</ele>
      </trkpt>
      <trkpt lat="43.79212" lon="6.26516">
        <ele>660.3</ele>
      </trkpt>
      <trkpt lat="43.79216" lon="6.26516">
        <ele>659.9</ele>
      </trkpt>
      <trkpt lat="43.7926" lon="6.26517">
        <ele>659.5</ele>
      </trkpt>
      <trkpt lat="43.79264" lon="6.26517">
        <ele>660.2</ele>
      </trkpt>
      <trkpt lat="43.79267" lon="6.26516">
        <ele>660.3</ele>
      </trkpt>
      <trkpt lat="43.79269" lon="6.26516">
        <ele>660.7</ele>
      </trkpt>
      <trkpt lat="43.79273" lon="6.26514">
        <ele>660.4</ele>
      </trkpt>
      <trkpt lat="43.79283" lon="6.26508">
        <ele>659.2</ele>
      </trkpt>
      <trkpt lat="43.79286" lon="6.26507">
        <ele>659.3</ele>
      </trkpt>
      <trkpt lat="43.7929" lon="6.265049">
        <ele>659.1</ele>
      </trkpt>
      <trkpt lat="43.79294" lon="6.26504">
        <ele>659.5</ele>
      </trkpt>
      <trkpt lat="43.79296" lon="6.26504">
        <ele>659.9</ele>
      </trkpt>
      <trkpt lat="43.79299" lon="6.265049">
        <ele>661.0</ele>
      </trkpt>
      <trkpt lat="43.79301" lon="6.26506">
        <ele>661.9</ele>
      </trkpt>
      <trkpt lat="43.79304" lon="6.26508">
        <ele>663.5</ele>
      </trkpt>
      <trkpt lat="43.79307" lon="6.26508">
        <ele>664.1</ele>
      </trkpt>
      <trkpt lat="43.79308" lon="6.26508">
        <ele>664.3</ele>
      </trkpt>
      <trkpt lat="43.79319" lon="6.26507">
        <ele>666.1</ele>
      </trkpt>
      <trkpt lat="43.79327" lon="6.26506">
        <ele>667.3</ele>
      </trkpt>
      <trkpt lat="43.79332" lon="6.26504">
        <ele>667.5</ele>
      </trkpt>
      <trkpt lat="43.79337" lon="6.26501">
        <ele>668.1</ele>
      </trkpt>
      <trkpt lat="43.79347" lon="6.26494">
        <ele>669.5</ele>
      </trkpt>
      <trkpt lat="43.79361" lon="6.26483">
        <ele>671.2</ele>
      </trkpt>
      <trkpt lat="43.79367" lon="6.26477">
        <ele>671.4</ele>
      </trkpt>
      <trkpt lat="43.793729" lon="6.2647">
        <ele>671.3</ele>
      </trkpt>
      <trkpt lat="43.79377" lon="6.26464">
        <ele>670.8</ele>
      </trkpt>
      <trkpt lat="43.79379" lon="6.26459">
        <ele>669.7</ele>
      </trkpt>
      <trkpt lat="43.7938" lon="6.264579">
        <ele>669.8</ele>
      </trkpt>
      <trkpt lat="43.79383" lon="6.26448">
        <ele>667.2</ele>
      </trkpt>
      <trkpt lat="43.79386" lon="6.26436">
        <ele>663.9</ele>
      </trkpt>
      <trkpt lat="43.79387" lon="6.26432">
        <ele>662.8</ele>
      </trkpt>
      <trkpt lat="43.79392" lon="6.26406">
        <ele>656.4</ele>
      </trkpt>
      <trkpt lat="43.79394" lon="6.26398">
        <ele>655.3</ele>
      </trkpt>
      <trkpt lat="43.79397" lon="6.263899">
        <ele>654.6</ele>
      </trkpt>
      <trkpt lat="43.79401" lon="6.26381">
        <ele>654.1</ele>
      </trkpt>
      <trkpt lat="43.79407" lon="6.26368">
        <ele>653.4</ele>
      </trkpt>
      <trkpt lat="43.79417" lon="6.26351">
        <ele>653.2</ele>
      </trkpt>
      <trkpt lat="43.79436" lon="6.263219">
        <ele>649.4</ele>
      </trkpt>
      <trkpt lat="43.79442" lon="6.26312">
        <ele>647.8</ele>
      </trkpt>
      <trkpt lat="43.79445" lon="6.26307">
        <ele>647.0</ele>
      </trkpt>
      <trkpt lat="43.794469" lon="6.26302">
        <ele>645.9</ele>
      </trkpt>
      <trkpt lat="43.79449" lon="6.26296">
        <ele>644.5</ele>
      </trkpt>
      <trkpt lat="43.79451" lon="6.2629">
        <ele>643.1</ele>
      </trkpt>
      <trkpt lat="43.79453" lon="6.2628">
        <ele>640.4</ele>
      </trkpt>
      <trkpt lat="43.79455" lon="6.26269">
        <ele>637.4</ele>
      </trkpt>
      <trkpt lat="43.79458" lon="6.2626">
        <ele>635.1</ele>
      </trkpt>
      <trkpt lat="43.79461" lon="6.26256">
        <ele>634.3</ele>
      </trkpt>
      <trkpt lat="43.79464" lon="6.26252">
        <ele>633.5</ele>
      </trkpt>
      <trkpt lat="43.79467" lon="6.26249">
        <ele>632.9</ele>
      </trkpt>
      <trkpt lat="43.79469" lon="6.26248">
        <ele>632.8</ele>
      </trkpt>
      <trkpt lat="43.79472" lon="6.26247">
        <ele>632.9</ele>
      </trkpt>
      <trkpt lat="43.79474" lon="6.26247">
        <ele>633.2</ele>
      </trkpt>
      <trkpt lat="43.794759" lon="6.26247">
        <ele>633.4</ele>
      </trkpt>
      <trkpt lat="43.7948" lon="6.26247">
        <ele>634.0</ele>
      </trkpt>
      <trkpt lat="43.79484" lon="6.26249">
        <ele>635.3</ele>
      </trkpt>
      <trkpt lat="43.7949" lon="6.26253">
        <ele>637.6</ele>
      </trkpt>
      <trkpt lat="43.795" lon="6.26259">
        <ele>641.2</ele>
      </trkpt>
      <trkpt lat="43.795029" lon="6.262609">
        <ele>641.3</ele>
      </trkpt>
      <trkpt lat="43.79506" lon="6.26265">
        <ele>642.2</ele>
      </trkpt>
      <trkpt lat="43.7951" lon="6.262679">
        <ele>642.5</ele>
      </trkpt>
      <trkpt lat="43.79513" lon="6.26274">
        <ele>644.1</ele>
      </trkpt>
      <trkpt lat="43.79521" lon="6.262889">
        <ele>648.2</ele>
      </trkpt>
      <trkpt lat="43.79527" lon="6.26299">
        <ele>651.0</ele>
      </trkpt>
      <trkpt lat="43.795319" lon="6.26305">
        <ele>652.4</ele>
      </trkpt>
      <trkpt lat="43.79537" lon="6.2631">
        <ele>653.5</ele>
      </trkpt>
      <trkpt lat="43.79544" lon="6.26315">
        <ele>654.4</ele>
      </trkpt>
      <trkpt lat="43.79545" lon="6.26316">
        <ele>654.6</ele>
      </trkpt>
      <trkpt lat="43.79556" lon="6.2632">
        <ele>654.5</ele>
      </trkpt>
      <trkpt lat="43.79564" lon="6.26323">
        <ele>654.5</ele>
      </trkpt>
      <trkpt lat="43.79573" lon="6.26325">
        <ele>654.0</ele>
      </trkpt>
      <trkpt lat="43.795789" lon="6.26326">
        <ele>653.5</ele>
      </trkpt>
      <trkpt lat="43.79582" lon="6.26326">
        <ele>653.0</ele>
      </trkpt>
      <trkpt lat="43.7959" lon="6.26325">
        <ele>653.5</ele>
      </trkpt>
      <trkpt lat="43.795969" lon="6.26323">
        <ele>653.8</ele>
      </trkpt>
      <trkpt lat="43.79604" lon="6.263219">
        <ele>654.5</ele>
      </trkpt>
      <trkpt lat="43.79611" lon="6.26319">
        <ele>654.3</ele>
      </trkpt>
      <trkpt lat="43.79619" lon="6.26315">
        <ele>653.9</ele>
      </trkpt>
      <trkpt lat="43.79625" lon="6.2631">
        <ele>652.6</ele>
      </trkpt>
      <trkpt lat="43.7963" lon="6.26306">
        <ele>651.7</ele>
      </trkpt>
      <trkpt lat="43.796349" lon="6.26302">
        <ele>650.7</ele>
      </trkpt>
      <trkpt lat="43.79639" lon="6.263">
        <ele>650.4</ele>
      </trkpt>
      <trkpt lat="43.79643" lon="6.26298">
        <ele>650.2</ele>
      </trkpt>
      <trkpt lat="43.79649" lon="6.26296">
        <ele>650.2</ele>
      </trkpt>
      <trkpt lat="43.79663" lon="6.26293">
        <ele>651.0</ele>
      </trkpt>
      <trkpt lat="43.79669" lon="6.26292">
        <ele>652.1</ele>
      </trkpt>
      <trkpt lat="43.79674" lon="6.262889">
        <ele>652.9</ele>
      </trkpt>
      <trkpt lat="43.79678" lon="6.26287">
        <ele>653.6</ele>
      </trkpt>
      <trkpt lat="43.796819" lon="6.26284">
        <ele>654.0</ele>
      </trkpt>
      <trkpt lat="43.7969" lon="6.26276">
        <ele>653.7</ele>
      </trkpt>
      <trkpt lat="43.79697" lon="6.26269">
        <ele>653.4</ele>
      </trkpt>
      <trkpt lat="43.79701" lon="6.26265">
        <ele>653.3</ele>
      </trkpt>
      <trkpt lat="43.79702" lon="6.26264">
        <ele>653.2</ele>
      </trkpt>
      <trkpt lat="43.79709" lon="6.26259">
        <ele>653.9</ele>
      </trkpt>
      <trkpt lat="43.79717" lon="6.26254">
        <ele>655.0</ele>
      </trkpt>
      <trkpt lat="43.79734" lon="6.26244">
        <ele>658.4</ele>
      </trkpt>
      <trkpt lat="43.79739" lon="6.2624">
        <ele>659.2</ele>
      </trkpt>
      <trkpt lat="43.79743" lon="6.26237">
        <ele>659.9</ele>
      </trkpt>
      <trkpt lat="43.797469" lon="6.26232">
        <ele>659.9</ele>
      </trkpt>
      <trkpt lat="43.79752" lon="6.26226">
        <ele>660.3</ele>
      </trkpt>
      <trkpt lat="43.79758" lon="6.26218">
        <ele>661.0</ele>
      </trkpt>
      <trkpt lat="43.79768" lon="6.26205">
        <ele>663.0</ele>
      </trkpt>
      <trkpt lat="43.7977" lon="6.26202">
        <ele>663.4</ele>
      </trkpt>
      <trkpt lat="43.79773" lon="6.26198">
        <ele>664.2</ele>
      </trkpt>
      <trkpt lat="43.79777" lon="6.26194">
        <ele>665.6</ele>
      </trkpt>
      <trkpt lat="43.79781" lon="6.26192">
        <ele>667.7</ele>
      </trkpt>
      <trkpt lat="43.797849" lon="6.26189">
        <ele>669.6</ele>
      </trkpt>
      <trkpt lat="43.79792" lon="6.26185">
        <ele>673.2</ele>
      </trkpt>
      <trkpt lat="43.79798" lon="6.26181">
        <ele>676.5</ele>
      </trkpt>
      <trkpt lat="43.79802" lon="6.26177">
        <ele>678.5</ele>
      </trkpt>
      <trkpt lat="43.79808" lon="6.26171">
        <ele>681.7</ele>
      </trkpt>
      <trkpt lat="43.79809" lon="6.26169">
        <ele>682.1</ele>
      </trkpt>
      <trkpt lat="43.7981" lon="6.261669">
        <ele>682.5</ele>
      </trkpt>
      <trkpt lat="43.79811" lon="6.26166">
        <ele>683.1</ele>
      </trkpt>
      <trkpt lat="43.79811" lon="6.26163">
        <ele>682.4</ele>
      </trkpt>
      <trkpt lat="43.79811" lon="6.26161">
        <ele>682.0</ele>
      </trkpt>
      <trkpt lat="43.79811" lon="6.26156">
        <ele>681.0</ele>
      </trkpt>
      <trkpt lat="43.7981" lon="6.2615">
        <ele>679.0</ele>
      </trkpt>
      <trkpt lat="43.7981" lon="6.26147">
        <ele>678.4</ele>
      </trkpt>
      <trkpt lat="43.79809" lon="6.26145">
        <ele>677.3</ele>
      </trkpt>
      <trkpt lat="43.79806" lon="6.261389">
        <ele>674.0</ele>
      </trkpt>
      <trkpt lat="43.79806" lon="6.26138">
        <ele>673.8</ele>
      </trkpt>
      <trkpt lat="43.79796" lon="6.26119">
        <ele>663.2</ele>
      </trkpt>
      <trkpt lat="43.79789" lon="6.261059">
        <ele>656.1</ele>
      </trkpt>
      <trkpt lat="43.79786" lon="6.26098">
        <ele>652.7</ele>
      </trkpt>
      <trkpt lat="43.79783" lon="6.26091">
        <ele>649.4</ele>
      </trkpt>
      <trkpt lat="43.79782" lon="6.26087">
        <ele>648.0</ele>
      </trkpt>
      <trkpt lat="43.79781" lon="6.26082">
        <ele>646.5</ele>
      </trkpt>
      <trkpt lat="43.79781" lon="6.26076">
        <ele>645.5</ele>
      </trkpt>
      <trkpt lat="43.79781" lon="6.26075">
        <ele>645.3</ele>
      </trkpt>
      <trkpt lat="43.79781" lon="6.26072">
        <ele>644.8</ele>
      </trkpt>
      <trkpt lat="43.79783" lon="6.26067">
        <ele>645.2</ele>
      </trkpt>
      <trkpt lat="43.79784" lon="6.26064">
        <ele>645.3</ele>
      </trkpt>
      <trkpt lat="43.79787" lon="6.26057">
        <ele>645.9</ele>
      </trkpt>
      <trkpt lat="43.79791" lon="6.26052">
        <ele>647.3</ele>
      </trkpt>
      <trkpt lat="43.79797" lon="6.260449">
        <ele>649.4</ele>
      </trkpt>
      <trkpt lat="43.79801" lon="6.26039">
        <ele>650.4</ele>
      </trkpt>
      <trkpt lat="43.79804" lon="6.26034">
        <ele>651.0</ele>
      </trkpt>
      <trkpt lat="43.79807" lon="6.26028">
        <ele>651.4</ele>
      </trkpt>
      <trkpt lat="43.7981" lon="6.2602">
        <ele>651.2</ele>
      </trkpt>
      <trkpt lat="43.79812" lon="6.26015">
        <ele>651.1</ele>
      </trkpt>
      <trkpt lat="43.79815" lon="6.26006">
        <ele>650.6</ele>
      </trkpt>
      <trkpt lat="43.7982" lon="6.25995">
        <ele>648.4</ele>
      </trkpt>
      <trkpt lat="43.79821" lon="6.25994">
        <ele>648.2</ele>
      </trkpt>
      <trkpt lat="43.79824" lon="6.25988">
        <ele>645.6</ele>
      </trkpt>
      <trkpt lat="43.79829" lon="6.25983">
        <ele>644.5</ele>
      </trkpt>
      <trkpt lat="43.79835" lon="6.25978">
        <ele>643.7</ele>
      </trkpt>
      <trkpt lat="43.79837" lon="6.259769">
        <ele>643.8</ele>
      </trkpt>
      <trkpt lat="43.79844" lon="6.25972">
        <ele>643.4</ele>
      </trkpt>
      <trkpt lat="43.79848" lon="6.25969">
        <ele>643.1</ele>
      </trkpt>
      <trkpt lat="43.79851" lon="6.25968">
        <ele>643.7</ele>
      </trkpt>
      <trkpt lat="43.79859" lon="6.25968">
        <ele>647.1</ele>
      </trkpt>
      <trkpt lat="43.79866" lon="6.25966">
        <ele>648.7</ele>
      </trkpt>
      <trkpt lat="43.79869" lon="6.25965">
        <ele>649.3</ele>
      </trkpt>
      <trkpt lat="43.79882" lon="6.25962">
        <ele>652.9</ele>
      </trkpt>
      <trkpt lat="43.79896" lon="6.25957">
        <ele>655.7</ele>
      </trkpt>
      <trkpt lat="43.79905" lon="6.25951">
        <ele>655.8</ele>
      </trkpt>
      <trkpt lat="43.79915" lon="6.25947">
        <ele>657.6</ele>
      </trkpt>
      <trkpt lat="43.7992" lon="6.25945">
        <ele>656.4</ele>
      </trkpt>
      <trkpt lat="43.79927" lon="6.25945">
        <ele>655.0</ele>
      </trkpt>
      <trkpt lat="43.79933" lon="6.25945">
        <ele>653.8</ele>
      </trkpt>
      <trkpt lat="43.79938" lon="6.25946">
        <ele>653.5</ele>
      </trkpt>
      <trkpt lat="43.79949" lon="6.2595">
        <ele>653.8</ele>
      </trkpt>
      <trkpt lat="43.79956" lon="6.25954">
        <ele>655.0</ele>
      </trkpt>
      <trkpt lat="43.7996" lon="6.259559">
        <ele>655.5</ele>
      </trkpt>
      <trkpt lat="43.79971" lon="6.25964">
        <ele>658.3</ele>
      </trkpt>
      <trkpt lat="43.79972" lon="6.25965">
        <ele>658.7</ele>
      </trkpt>
      <trkpt lat="43.79977" lon="6.25967">
        <ele>659.0</ele>
      </trkpt>
      <trkpt lat="43.799819" lon="6.25969">
        <ele>659.2</ele>
      </trkpt>
      <trkpt lat="43.79986" lon="6.25969">
        <ele>658.4</ele>
      </trkpt>
      <trkpt lat="43.79989" lon="6.25969">
        <ele>657.9</ele>
      </trkpt>
      <trkpt lat="43.79999" lon="6.25966">
        <ele>654.0</ele>
      </trkpt>
      <trkpt lat="43.80006" lon="6.25965">
        <ele>659.0</ele>
      </trkpt>
      <trkpt lat="43.800109" lon="6.25964">
        <ele>663.3</ele>
      </trkpt>
      <trkpt lat="43.80022" lon="6.25965">
        <ele>674.5</ele>
      </trkpt>
      <trkpt lat="43.80032" lon="6.25966">
        <ele>684.7</ele>
      </trkpt>
      <trkpt lat="43.80043" lon="6.25967">
        <ele>695.6</ele>
      </trkpt>
      <trkpt lat="43.80044" lon="6.25967">
        <ele>696.6</ele>
      </trkpt>
      <trkpt lat="43.80048" lon="6.25968">
        <ele>700.7</ele>
      </trkpt>
      <trkpt lat="43.80052" lon="6.25967">
        <ele>704.2</ele>
      </trkpt>
      <trkpt lat="43.80055" lon="6.25966">
        <ele>706.8</ele>
      </trkpt>
      <trkpt lat="43.80061" lon="6.259629">
        <ele>711.9</ele>
      </trkpt>
      <trkpt lat="43.80063" lon="6.25961">
        <ele>713.5</ele>
      </trkpt>
      <trkpt lat="43.80065" lon="6.25958">
        <ele>714.9</ele>
      </trkpt>
      <trkpt lat="43.800669" lon="6.25954">
        <ele>716.1</ele>
      </trkpt>
      <trkpt lat="43.80068" lon="6.25949">
        <ele>716.3</ele>
      </trkpt>
      <trkpt lat="43.8007" lon="6.25943">
        <ele>717.4</ele>
      </trkpt>
      <trkpt lat="43.80072" lon="6.25936">
        <ele>718.5</ele>
      </trkpt>
      <trkpt lat="43.80072" lon="6.25932">
        <ele>717.9</ele>
      </trkpt>
      <trkpt lat="43.80073" lon="6.25926">
        <ele>718.2</ele>
      </trkpt>
      <trkpt lat="43.80075" lon="6.259089">
        <ele>716.8</ele>
      </trkpt>
      <trkpt lat="43.80075" lon="6.25889">
        <ele>710.3</ele>
      </trkpt>
      <trkpt lat="43.80075" lon="6.25883">
        <ele>708.3</ele>
      </trkpt>
      <trkpt lat="43.800759" lon="6.25876">
        <ele>707.1</ele>
      </trkpt>
      <trkpt lat="43.80078" lon="6.25869">
        <ele>706.8</ele>
      </trkpt>
      <trkpt lat="43.80079" lon="6.25862">
        <ele>705.4</ele>
      </trkpt>
      <trkpt lat="43.80079" lon="6.258549">
        <ele>702.9</ele>
      </trkpt>
      <trkpt lat="43.80079" lon="6.25849">
        <ele>700.8</ele>
      </trkpt>
      <trkpt lat="43.80079" lon="6.25846">
        <ele>699.8</ele>
      </trkpt>
      <trkpt lat="43.80078" lon="6.25843">
        <ele>697.9</ele>
      </trkpt>
      <trkpt lat="43.800759" lon="6.25835">
        <ele>693.4</ele>
      </trkpt>
      <trkpt lat="43.80073" lon="6.25828">
        <ele>688.4</ele>
      </trkpt>
      <trkpt lat="43.80069" lon="6.25818">
        <ele>681.5</ele>
      </trkpt>
      <trkpt lat="43.80066" lon="6.2581">
        <ele>676.1</ele>
      </trkpt>
      <trkpt lat="43.80064" lon="6.25807">
        <ele>673.4</ele>
      </trkpt>
      <trkpt lat="43.80061" lon="6.25802">
        <ele>669.2</ele>
      </trkpt>
      <trkpt lat="43.80052" lon="6.257939">
        <ele>659.1</ele>
      </trkpt>
      <trkpt lat="43.80047" lon="6.25788">
        <ele>653.1</ele>
      </trkpt>
      <trkpt lat="43.80046" lon="6.257869">
        <ele>651.9</ele>
      </trkpt>
      <trkpt lat="43.80044" lon="6.25785">
        <ele>649.6</ele>
      </trkpt>
      <trkpt lat="43.80041" lon="6.25779">
        <ele>645.2</ele>
      </trkpt>
      <trkpt lat="43.80036" lon="6.25769">
        <ele>638.0</ele>
      </trkpt>
      <trkpt lat="43.80032" lon="6.2576">
        <ele>631.9</ele>
      </trkpt>
      <trkpt lat="43.8003" lon="6.25754">
        <ele>628.4</ele>
      </trkpt>
      <trkpt lat="43.80028" lon="6.25749">
        <ele>625.2</ele>
      </trkpt>
      <trkpt lat="43.80027" lon="6.25745">
        <ele>623.2</ele>
      </trkpt>
      <trkpt lat="43.80027" lon="6.25744">
        <ele>622.9</ele>
      </trkpt>
      <trkpt lat="43.80027" lon="6.25738">
        <ele>621.1</ele>
      </trkpt>
      <trkpt lat="43.80027" lon="6.25734">
        <ele>619.9</ele>
      </trkpt>
      <trkpt lat="43.80027" lon="6.2573">
        <ele>618.7</ele>
      </trkpt>
      <trkpt lat="43.80028" lon="6.25728">
        <ele>618.9</ele>
      </trkpt>
      <trkpt lat="43.8003" lon="6.25724">
        <ele>619.4</ele>
      </trkpt>
      <trkpt lat="43.80031" lon="6.25723">
        <ele>619.9</ele>
      </trkpt>
      <trkpt lat="43.80033" lon="6.25721">
        <ele>620.9</ele>
      </trkpt>
      <trkpt lat="43.80045" lon="6.257119">
        <ele>628.3</ele>
      </trkpt>
      <trkpt lat="43.80051" lon="6.25706">
        <ele>631.7</ele>
      </trkpt>
      <trkpt lat="43.80056" lon="6.25701">
        <ele>634.7</ele>
      </trkpt>
      <trkpt lat="43.8006" lon="6.25695">
        <ele>636.7</ele>
      </trkpt>
      <trkpt lat="43.80066" lon="6.25687">
        <ele>640.0</ele>
      </trkpt>
      <trkpt lat="43.80073" lon="6.25675">
        <ele>643.4</ele>
      </trkpt>
      <trkpt lat="43.80081" lon="6.25664">
        <ele>647.1</ele>
      </trkpt>
      <trkpt lat="43.80092" lon="6.25652">
        <ele>647.3</ele>
      </trkpt>
      <trkpt lat="43.80113" lon="6.25629">
        <ele>648.8</ele>
      </trkpt>
      <trkpt lat="43.801229" lon="6.25618">
        <ele>650.4</ele>
      </trkpt>
      <trkpt lat="43.80135" lon="6.25602">
        <ele>651.7</ele>
      </trkpt>
      <trkpt lat="43.80147" lon="6.25585">
        <ele>653.7</ele>
      </trkpt>
      <trkpt lat="43.8016" lon="6.25569">
        <ele>656.4</ele>
      </trkpt>
      <trkpt lat="43.80168" lon="6.2556">
        <ele>657.3</ele>
      </trkpt>
      <trkpt lat="43.80171" lon="6.25558">
        <ele>658.0</ele>
      </trkpt>
      <trkpt lat="43.80174" lon="6.25555">
        <ele>658.0</ele>
      </trkpt>
      <trkpt lat="43.80182" lon="6.25551">
        <ele>660.6</ele>
      </trkpt>
      <trkpt lat="43.80191" lon="6.25548">
        <ele>664.5</ele>
      </trkpt>
      <trkpt lat="43.80195" lon="6.25545">
        <ele>665.2</ele>
      </trkpt>
      <trkpt lat="43.802" lon="6.25541">
        <ele>666.0</ele>
      </trkpt>
      <trkpt lat="43.80201" lon="6.2554">
        <ele>666.0</ele>
      </trkpt>
      <trkpt lat="43.80204" lon="6.255359">
        <ele>665.5</ele>
      </trkpt>
      <trkpt lat="43.80214" lon="6.25524">
        <ele>664.7</ele>
      </trkpt>
      <trkpt lat="43.80215" lon="6.25523">
        <ele>664.8</ele>
      </trkpt>
      <trkpt lat="43.80219" lon="6.25516">
        <ele>663.2</ele>
      </trkpt>
      <trkpt lat="43.80224" lon="6.25508">
        <ele>661.6</ele>
      </trkpt>
      <trkpt lat="43.802259" lon="6.25504">
        <ele>660.6</ele>
      </trkpt>
      <trkpt lat="43.80228" lon="6.25498">
        <ele>658.5</ele>
      </trkpt>
      <trkpt lat="43.80231" lon="6.25488">
        <ele>655.4</ele>
      </trkpt>
      <trkpt lat="43.80233" lon="6.2548">
        <ele>652.7</ele>
      </trkpt>
      <trkpt lat="43.80237" lon="6.25465">
        <ele>647.6</ele>
      </trkpt>
      <trkpt lat="43.8024" lon="6.25452">
        <ele>642.9</ele>
      </trkpt>
      <trkpt lat="43.80245" lon="6.25442">
        <ele>641.0</ele>
      </trkpt>
      <trkpt lat="43.80246" lon="6.25439">
        <ele>640.0</ele>
      </trkpt>
      <trkpt lat="43.80248" lon="6.25437">
        <ele>640.3</ele>
      </trkpt>
      <trkpt lat="43.80251" lon="6.25435">
        <ele>640.7</ele>
      </trkpt>
      <trkpt lat="43.80254" lon="6.25433">
        <ele>640.2</ele>
      </trkpt>
      <trkpt lat="43.80258" lon="6.25432">
        <ele>640.5</ele>
      </trkpt>
      <trkpt lat="43.80265" lon="6.25429">
        <ele>640.3</ele>
      </trkpt>
      <trkpt lat="43.802729" lon="6.25429">
        <ele>641.9</ele>
      </trkpt>
      <trkpt lat="43.80281" lon="6.2543">
        <ele>644.1</ele>
      </trkpt>
      <trkpt lat="43.80286" lon="6.25431">
        <ele>645.6</ele>
      </trkpt>
      <trkpt lat="43.80291" lon="6.25433">
        <ele>647.8</ele>
      </trkpt>
      <trkpt lat="43.803" lon="6.25437">
        <ele>652.0</ele>
      </trkpt>
      <trkpt lat="43.80308" lon="6.2544">
        <ele>655.4</ele>
      </trkpt>
      <trkpt lat="43.80314" lon="6.25442">
        <ele>657.9</ele>
      </trkpt>
      <trkpt lat="43.80321" lon="6.25442">
        <ele>659.4</ele>
      </trkpt>
      <trkpt lat="43.80325" lon="6.25442">
        <ele>660.3</ele>
      </trkpt>
      <trkpt lat="43.803289" lon="6.25442">
        <ele>661.2</ele>
      </trkpt>
      <trkpt lat="43.80334" lon="6.25441">
        <ele>661.6</ele>
      </trkpt>
      <trkpt lat="43.8034" lon="6.25439">
        <ele>661.8</ele>
      </trkpt>
      <trkpt lat="43.80343" lon="6.25437">
        <ele>661.2</ele>
      </trkpt>
      <trkpt lat="43.80348" lon="6.25434">
        <ele>660.4</ele>
      </trkpt>
      <trkpt lat="43.80354" lon="6.25429">
        <ele>658.4</ele>
      </trkpt>
      <trkpt lat="43.80362" lon="6.25423">
        <ele>656.1</ele>
      </trkpt>
      <trkpt lat="43.80368" lon="6.25417">
        <ele>653.3</ele>
      </trkpt>
      <trkpt lat="43.8037" lon="6.254139">
        <ele>651.7</ele>
      </trkpt>
      <trkpt lat="43.80373" lon="6.2541">
        <ele>649.6</ele>
      </trkpt>
      <trkpt lat="43.80375" lon="6.25406">
        <ele>647.3</ele>
      </trkpt>
      <trkpt lat="43.80377" lon="6.25403">
        <ele>645.7</ele>
      </trkpt>
      <trkpt lat="43.8038" lon="6.253999">
        <ele>644.2</ele>
      </trkpt>
      <trkpt lat="43.80383" lon="6.25397">
        <ele>642.7</ele>
      </trkpt>
      <trkpt lat="43.80386" lon="6.25395">
        <ele>641.9</ele>
      </trkpt>
      <trkpt lat="43.80389" lon="6.25393">
        <ele>641.1</ele>
      </trkpt>
      <trkpt lat="43.80391" lon="6.25393">
        <ele>641.4</ele>
      </trkpt>
      <trkpt lat="43.80395" lon="6.25393">
        <ele>642.1</ele>
      </trkpt>
      <trkpt lat="43.804" lon="6.25396">
        <ele>645.1</ele>
      </trkpt>
      <trkpt lat="43.80404" lon="6.25398">
        <ele>647.3</ele>
      </trkpt>
      <trkpt lat="43.80408" lon="6.25401">
        <ele>650.1</ele>
      </trkpt>
      <trkpt lat="43.80413" lon="6.25404">
        <ele>653.2</ele>
      </trkpt>
      <trkpt lat="43.80417" lon="6.254069">
        <ele>656.1</ele>
      </trkpt>
      <trkpt lat="43.8042" lon="6.25408">
        <ele>657.1</ele>
      </trkpt>
      <trkpt lat="43.80424" lon="6.25409">
        <ele>658.2</ele>
      </trkpt>
      <trkpt lat="43.80428" lon="6.25409">
        <ele>658.5</ele>
      </trkpt>
      <trkpt lat="43.80431" lon="6.25408">
        <ele>658.1</ele>
      </trkpt>
      <trkpt lat="43.80437" lon="6.25406">
        <ele>657.2</ele>
      </trkpt>
      <trkpt lat="43.80444" lon="6.25401">
        <ele>654.1</ele>
      </trkpt>
      <trkpt lat="43.8045" lon="6.25398">
        <ele>652.4</ele>
      </trkpt>
      <trkpt lat="43.80453" lon="6.25396">
        <ele>651.2</ele>
      </trkpt>
      <trkpt lat="43.80457" lon="6.25395">
        <ele>650.8</ele>
      </trkpt>
      <trkpt lat="43.8046" lon="6.25394">
        <ele>650.3</ele>
      </trkpt>
      <trkpt lat="43.80463" lon="6.25394">
        <ele>650.5</ele>
      </trkpt>
      <trkpt lat="43.80466" lon="6.25394">
        <ele>650.8</ele>
      </trkpt>
      <trkpt lat="43.80496" lon="6.25398">
        <ele>656.3</ele>
      </trkpt>
      <trkpt lat="43.80502" lon="6.25399">
        <ele>657.3</ele>
      </trkpt>
      <trkpt lat="43.80512" lon="6.25398">
        <ele>655.6</ele>
      </trkpt>
      <trkpt lat="43.80529" lon="6.25397">
        <ele>653.4</ele>
      </trkpt>
      <trkpt lat="43.8053" lon="6.25397">
        <ele>653.3</ele>
      </trkpt>
      <trkpt lat="43.80538" lon="6.25397">
        <ele>652.6</ele>
      </trkpt>
      <trkpt lat="43.80547" lon="6.25397">
        <ele>651.8</ele>
      </trkpt>
      <trkpt lat="43.80556" lon="6.25399">
        <ele>652.3</ele>
      </trkpt>
      <trkpt lat="43.80565" lon="6.25401">
        <ele>652.7</ele>
      </trkpt>
      <trkpt lat="43.80574" lon="6.25404">
        <ele>653.7</ele>
      </trkpt>
      <trkpt lat="43.80578" lon="6.25406">
        <ele>654.4</ele>
      </trkpt>
      <trkpt lat="43.8058" lon="6.254069">
        <ele>654.8</ele>
      </trkpt>
      <trkpt lat="43.80582" lon="6.2541">
        <ele>656.3</ele>
      </trkpt>
      <trkpt lat="43.80586" lon="6.25413">
        <ele>657.2</ele>
      </trkpt>
      <trkpt lat="43.8059" lon="6.25419">
        <ele>659.9</ele>
      </trkpt>
      <trkpt lat="43.80596" lon="6.2543">
        <ele>665.7</ele>
      </trkpt>
      <trkpt lat="43.80598" lon="6.25434">
        <ele>667.8</ele>
      </trkpt>
      <trkpt lat="43.80601" lon="6.25437">
        <ele>669.0</ele>
      </trkpt>
      <trkpt lat="43.80609" lon="6.25444">
        <ele>671.5</ele>
      </trkpt>
      <trkpt lat="43.80618" lon="6.25451">
        <ele>673.6</ele>
      </trkpt>
      <trkpt lat="43.80624" lon="6.25455">
        <ele>674.6</ele>
      </trkpt>
      <trkpt lat="43.8063" lon="6.25458">
        <ele>674.9</ele>
      </trkpt>
      <trkpt lat="43.80633" lon="6.25458">
        <ele>674.1</ele>
      </trkpt>
      <trkpt lat="43.80635" lon="6.25458">
        <ele>673.5</ele>
      </trkpt>
      <trkpt lat="43.80638" lon="6.25457">
        <ele>672.1</ele>
      </trkpt>
      <trkpt lat="43.806399" lon="6.25456">
        <ele>670.9</ele>
      </trkpt>
      <trkpt lat="43.80656" lon="6.25444">
        <ele>658.9</ele>
      </trkpt>
      <trkpt lat="43.80657" lon="6.25443">
        <ele>658.0</ele>
      </trkpt>
      <trkpt lat="43.80659" lon="6.25441">
        <ele>656.2</ele>
      </trkpt>
      <trkpt lat="43.80663" lon="6.2544">
        <ele>654.5</ele>
      </trkpt>
      <trkpt lat="43.80666" lon="6.25439">
        <ele>653.1</ele>
      </trkpt>
      <trkpt lat="43.80668" lon="6.25439">
        <ele>652.8</ele>
      </trkpt>
      <trkpt lat="43.80673" lon="6.2544">
        <ele>652.8</ele>
      </trkpt>
      <trkpt lat="43.8068" lon="6.25442">
        <ele>653.2</ele>
      </trkpt>
      <trkpt lat="43.80686" lon="6.25444">
        <ele>653.7</ele>
      </trkpt>
      <trkpt lat="43.80692" lon="6.25447">
        <ele>654.7</ele>
      </trkpt>
      <trkpt lat="43.806959" lon="6.25449">
        <ele>655.3</ele>
      </trkpt>
      <trkpt lat="43.807229" lon="6.254609">
        <ele>657.9</ele>
      </trkpt>
      <trkpt lat="43.80726" lon="6.25463">
        <ele>658.5</ele>
      </trkpt>
      <trkpt lat="43.80733" lon="6.25465">
        <ele>658.4</ele>
      </trkpt>
      <trkpt lat="43.80748" lon="6.25471">
        <ele>658.8</ele>
      </trkpt>
      <trkpt lat="43.80765" lon="6.25477">
        <ele>660.8</ele>
      </trkpt>
      <trkpt lat="43.80772" lon="6.25478">
        <ele>661.0</ele>
      </trkpt>
      <trkpt lat="43.8078" lon="6.2548">
        <ele>661.6</ele>
      </trkpt>
      <trkpt lat="43.80801" lon="6.254819">
        <ele>661.8</ele>
      </trkpt>
      <trkpt lat="43.80815" lon="6.25483">
        <ele>661.7</ele>
      </trkpt>
      <trkpt lat="43.808169" lon="6.25484">
        <ele>662.1</ele>
      </trkpt>
      <trkpt lat="43.8083" lon="6.25484">
        <ele>661.6</ele>
      </trkpt>
      <trkpt lat="43.80841" lon="6.25484">
        <ele>661.7</ele>
      </trkpt>
      <trkpt lat="43.808459" lon="6.25483">
        <ele>661.4</ele>
      </trkpt>
      <trkpt lat="43.80849" lon="6.25483">
        <ele>661.5</ele>
      </trkpt>
      <trkpt lat="43.80853" lon="6.25481">
        <ele>660.8</ele>
      </trkpt>
      <trkpt lat="43.80857" lon="6.25479">
        <ele>660.1</ele>
      </trkpt>
      <trkpt lat="43.80863" lon="6.254749">
        <ele>658.8</ele>
      </trkpt>
      <trkpt lat="43.80866" lon="6.25471">
        <ele>657.4</ele>
      </trkpt>
      <trkpt lat="43.8087" lon="6.25466">
        <ele>655.6</ele>
      </trkpt>
      <trkpt lat="43.80875" lon="6.25458">
        <ele>652.9</ele>
      </trkpt>
      <trkpt lat="43.80878" lon="6.25453">
        <ele>651.2</ele>
      </trkpt>
      <trkpt lat="43.80879" lon="6.25453">
        <ele>651.2</ele>
      </trkpt>
      <trkpt lat="43.80882" lon="6.2545">
        <ele>650.3</ele>
      </trkpt>
      <trkpt lat="43.80885" lon="6.25447">
        <ele>649.4</ele>
      </trkpt>
      <trkpt lat="43.80888" lon="6.25445">
        <ele>648.8</ele>
      </trkpt>
      <trkpt lat="43.80891" lon="6.25443">
        <ele>648.3</ele>
      </trkpt>
      <trkpt lat="43.80895" lon="6.25443">
        <ele>648.5</ele>
      </trkpt>
      <trkpt lat="43.80901" lon="6.25443">
        <ele>648.9</ele>
      </trkpt>
      <trkpt lat="43.80905" lon="6.25444">
        <ele>649.5</ele>
      </trkpt>
      <trkpt lat="43.8093" lon="6.25453">
        <ele>651.0</ele>
      </trkpt>
      <trkpt lat="43.80937" lon="6.25456">
        <ele>650.7</ele>
      </trkpt>
      <trkpt lat="43.80947" lon="6.25462">
        <ele>650.8</ele>
      </trkpt>
      <trkpt lat="43.80954" lon="6.25466">
        <ele>650.8</ele>
      </trkpt>
      <trkpt lat="43.80963" lon="6.25472">
        <ele>650.9</ele>
      </trkpt>
      <trkpt lat="43.80972" lon="6.25478">
        <ele>650.9</ele>
      </trkpt>
      <trkpt lat="43.80978" lon="6.25484">
        <ele>651.4</ele>
      </trkpt>
      <trkpt lat="43.80978" lon="6.25485">
        <ele>651.6</ele>
      </trkpt>
      <trkpt lat="43.80982" lon="6.2549">
        <ele>652.2</ele>
      </trkpt>
      <trkpt lat="43.80988" lon="6.25498">
        <ele>653.1</ele>
      </trkpt>
      <trkpt lat="43.8099" lon="6.25503">
        <ele>653.9</ele>
      </trkpt>
      <trkpt lat="43.80994" lon="6.25511">
        <ele>655.1</ele>
      </trkpt>
      <trkpt lat="43.81" lon="6.25524">
        <ele>657.0</ele>
      </trkpt>
      <trkpt lat="43.81003" lon="6.2553">
        <ele>658.3</ele>
      </trkpt>
      <trkpt lat="43.81008" lon="6.25539">
        <ele>660.2</ele>
      </trkpt>
      <trkpt lat="43.81012" lon="6.255429">
        <ele>660.9</ele>
      </trkpt>
      <trkpt lat="43.810139" lon="6.25546">
        <ele>661.5</ele>
      </trkpt>
      <trkpt lat="43.81021" lon="6.25552">
        <ele>662.6</ele>
      </trkpt>
      <trkpt lat="43.81028" lon="6.25555">
        <ele>662.8</ele>
      </trkpt>
      <trkpt lat="43.810339" lon="6.25558">
        <ele>663.2</ele>
      </trkpt>
      <trkpt lat="43.81039" lon="6.2556">
        <ele>663.4</ele>
      </trkpt>
      <trkpt lat="43.81044" lon="6.25561">
        <ele>663.3</ele>
      </trkpt>
      <trkpt lat="43.81045" lon="6.25561">
        <ele>663.2</ele>
      </trkpt>
      <trkpt lat="43.81048" lon="6.25561">
        <ele>663.0</ele>
      </trkpt>
      <trkpt lat="43.8105" lon="6.2556">
        <ele>662.6</ele>
      </trkpt>
      <trkpt lat="43.81053" lon="6.2556">
        <ele>662.4</ele>
      </trkpt>
      <trkpt lat="43.81056" lon="6.25557">
        <ele>661.4</ele>
      </trkpt>
      <trkpt lat="43.810609" lon="6.25554">
        <ele>660.2</ele>
      </trkpt>
      <trkpt lat="43.810609" lon="6.25553">
        <ele>659.9</ele>
      </trkpt>
      <trkpt lat="43.81063" lon="6.25551">
        <ele>659.2</ele>
      </trkpt>
      <trkpt lat="43.81065" lon="6.25547">
        <ele>657.9</ele>
      </trkpt>
      <trkpt lat="43.81069" lon="6.25537">
        <ele>654.8</ele>
      </trkpt>
      <trkpt lat="43.81071" lon="6.25532">
        <ele>653.2</ele>
      </trkpt>
      <trkpt lat="43.81072" lon="6.25532">
        <ele>653.1</ele>
      </trkpt>
      <trkpt lat="43.81075" lon="6.25526">
        <ele>651.2</ele>
      </trkpt>
      <trkpt lat="43.81079" lon="6.2552">
        <ele>649.1</ele>
      </trkpt>
      <trkpt lat="43.81083" lon="6.25517">
        <ele>647.9</ele>
      </trkpt>
      <trkpt lat="43.81085" lon="6.25516">
        <ele>647.7</ele>
      </trkpt>
      <trkpt lat="43.81088" lon="6.25514">
        <ele>647.1</ele>
      </trkpt>
      <trkpt lat="43.81092" lon="6.25512">
        <ele>646.7</ele>
      </trkpt>
      <trkpt lat="43.81096" lon="6.25511">
        <ele>646.4</ele>
      </trkpt>
      <trkpt lat="43.811" lon="6.25511">
        <ele>646.5</ele>
      </trkpt>
      <trkpt lat="43.81102" lon="6.25512">
        <ele>646.9</ele>
      </trkpt>
      <trkpt lat="43.8111" lon="6.25514">
        <ele>647.7</ele>
      </trkpt>
      <trkpt lat="43.81118" lon="6.25517">
        <ele>648.8</ele>
      </trkpt>
      <trkpt lat="43.81127" lon="6.2552">
        <ele>650.0</ele>
      </trkpt>
      <trkpt lat="43.81136" lon="6.255219">
        <ele>651.0</ele>
      </trkpt>
      <trkpt lat="43.81141" lon="6.255219">
        <ele>651.1</ele>
      </trkpt>
      <trkpt lat="43.811459" lon="6.255219">
        <ele>651.3</ele>
      </trkpt>
      <trkpt lat="43.81173" lon="6.255219">
        <ele>653.3</ele>
      </trkpt>
      <trkpt lat="43.81203" lon="6.255219">
        <ele>659.7</ele>
      </trkpt>
      <trkpt lat="43.81206" lon="6.25521">
        <ele>660.1</ele>
      </trkpt>
      <trkpt lat="43.81208" lon="6.25521">
        <ele>660.5</ele>
      </trkpt>
      <trkpt lat="43.812109" lon="6.25519">
        <ele>660.5</ele>
      </trkpt>
      <trkpt lat="43.81215" lon="6.25518">
        <ele>661.1</ele>
      </trkpt>
      <trkpt lat="43.81218" lon="6.25515">
        <ele>660.8</ele>
      </trkpt>
      <trkpt lat="43.8122" lon="6.25514">
        <ele>661.0</ele>
      </trkpt>
      <trkpt lat="43.81222" lon="6.25512">
        <ele>660.8</ele>
      </trkpt>
      <trkpt lat="43.81224" lon="6.2551">
        <ele>660.7</ele>
      </trkpt>
      <trkpt lat="43.81225" lon="6.25507">
        <ele>660.1</ele>
      </trkpt>
      <trkpt lat="43.81227" lon="6.25504">
        <ele>659.6</ele>
      </trkpt>
      <trkpt lat="43.81228" lon="6.25499">
        <ele>658.5</ele>
      </trkpt>
      <trkpt lat="43.81228" lon="6.25498">
        <ele>658.4</ele>
      </trkpt>
      <trkpt lat="43.81229" lon="6.25496">
        <ele>658.2</ele>
      </trkpt>
      <trkpt lat="43.81229" lon="6.25494">
        <ele>657.9</ele>
      </trkpt>
      <trkpt lat="43.81229" lon="6.25493">
        <ele>657.7</ele>
      </trkpt>
      <trkpt lat="43.81229" lon="6.25491">
        <ele>657.3</ele>
      </trkpt>
      <trkpt lat="43.81228" lon="6.254889">
        <ele>656.7</ele>
      </trkpt>
      <trkpt lat="43.81228" lon="6.25487">
        <ele>656.3</ele>
      </trkpt>
      <trkpt lat="43.81223" lon="6.25473">
        <ele>652.5</ele>
      </trkpt>
      <trkpt lat="43.81221" lon="6.25467">
        <ele>650.8</ele>
      </trkpt>
      <trkpt lat="43.81221" lon="6.25464">
        <ele>650.2</ele>
      </trkpt>
      <trkpt lat="43.8122" lon="6.25462">
        <ele>649.6</ele>
      </trkpt>
      <trkpt lat="43.8122" lon="6.25459">
        <ele>649.0</ele>
      </trkpt>
      <trkpt lat="43.8122" lon="6.25453">
        <ele>647.9</ele>
      </trkpt>
      <trkpt lat="43.8122" lon="6.25451">
        <ele>647.5</ele>
      </trkpt>
      <trkpt lat="43.8122" lon="6.2545">
        <ele>647.3</ele>
      </trkpt>
      <trkpt lat="43.81221" lon="6.25447">
        <ele>647.0</ele>
      </trkpt>
      <trkpt lat="43.81221" lon="6.25445">
        <ele>646.7</ele>
      </trkpt>
      <trkpt lat="43.81227" lon="6.25424">
        <ele>644.5</ele>
      </trkpt>
      <trkpt lat="43.81232" lon="6.25408">
        <ele>643.0</ele>
      </trkpt>
      <trkpt lat="43.81234" lon="6.25401">
        <ele>642.3</ele>
      </trkpt>
      <trkpt lat="43.81237" lon="6.25395">
        <ele>642.2</ele>
      </trkpt>
      <trkpt lat="43.812399" lon="6.25389">
        <ele>642.0</ele>
      </trkpt>
      <trkpt lat="43.81244" lon="6.25383">
        <ele>642.1</ele>
      </trkpt>
      <trkpt lat="43.8125" lon="6.25377">
        <ele>642.9</ele>
      </trkpt>
      <trkpt lat="43.81259" lon="6.25368">
        <ele>645.3</ele>
      </trkpt>
      <trkpt lat="43.81268" lon="6.25359">
        <ele>647.7</ele>
      </trkpt>
      <trkpt lat="43.81271" lon="6.25357">
        <ele>648.7</ele>
      </trkpt>
      <trkpt lat="43.81274" lon="6.253529">
        <ele>649.3</ele>
      </trkpt>
      <trkpt lat="43.812779" lon="6.25348">
        <ele>650.1</ele>
      </trkpt>
      <trkpt lat="43.81282" lon="6.25341">
        <ele>650.6</ele>
      </trkpt>
      <trkpt lat="43.81285" lon="6.25337">
        <ele>651.2</ele>
      </trkpt>
      <trkpt lat="43.81288" lon="6.25331">
        <ele>651.7</ele>
      </trkpt>
      <trkpt lat="43.81289" lon="6.25329">
        <ele>652.1</ele>
      </trkpt>
      <trkpt lat="43.81289" lon="6.25326">
        <ele>651.9</ele>
      </trkpt>
      <trkpt lat="43.8129" lon="6.25321">
        <ele>652.1</ele>
      </trkpt>
      <trkpt lat="43.81291" lon="6.25311">
        <ele>652.0</ele>
      </trkpt>
      <trkpt lat="43.81292" lon="6.25305">
        <ele>652.1</ele>
      </trkpt>
      <trkpt lat="43.81292" lon="6.25296">
        <ele>651.6</ele>
      </trkpt>
      <trkpt lat="43.81292" lon="6.25286">
        <ele>651.1</ele>
      </trkpt>
      <trkpt lat="43.81291" lon="6.25274">
        <ele>650.0</ele>
      </trkpt>
      <trkpt lat="43.81291" lon="6.25264">
        <ele>649.4</ele>
      </trkpt>
      <trkpt lat="43.8129" lon="6.25256">
        <ele>648.5</ele>
      </trkpt>
      <trkpt lat="43.8129" lon="6.25239">
        <ele>648.0</ele>
      </trkpt>
      <trkpt lat="43.81288" lon="6.25222">
        <ele>646.8</ele>
      </trkpt>
      <trkpt lat="43.812869" lon="6.25215">
        <ele>646.3</ele>
      </trkpt>
      <trkpt lat="43.81286" lon="6.25208">
        <ele>645.7</ele>
      </trkpt>
      <trkpt lat="43.81285" lon="6.2519">
        <ele>645.0</ele>
      </trkpt>
      <trkpt lat="43.81283" lon="6.25172">
        <ele>643.9</ele>
      </trkpt>
      <trkpt lat="43.81282" lon="6.25165">
        <ele>643.4</ele>
      </trkpt>
      <trkpt lat="43.812779" lon="6.251019">
        <ele>640.2</ele>
      </trkpt>
      <trkpt lat="43.81277" lon="6.25091">
        <ele>639.6</ele>
      </trkpt>
      <trkpt lat="43.81277" lon="6.25083">
        <ele>639.4</ele>
      </trkpt>
      <trkpt lat="43.81277" lon="6.25068">
        <ele>637.7</ele>
      </trkpt>
      <trkpt lat="43.81277" lon="6.25066">
        <ele>637.5</ele>
      </trkpt>
      <trkpt lat="43.812779" lon="6.25059">
        <ele>637.0</ele>
      </trkpt>
      <trkpt lat="43.812779" lon="6.25052">
        <ele>636.2</ele>
      </trkpt>
      <trkpt lat="43.8128" lon="6.25044">
        <ele>636.0</ele>
      </trkpt>
      <trkpt lat="43.81281" lon="6.25042">
        <ele>636.0</ele>
      </trkpt>
      <trkpt lat="43.81282" lon="6.25038">
        <ele>635.9</ele>
      </trkpt>
      <trkpt lat="43.81284" lon="6.250339">
        <ele>636.0</ele>
      </trkpt>
      <trkpt lat="43.81285" lon="6.25032">
        <ele>636.1</ele>
      </trkpt>
      <trkpt lat="43.81288" lon="6.2503">
        <ele>636.7</ele>
      </trkpt>
      <trkpt lat="43.8129" lon="6.25028">
        <ele>637.0</ele>
      </trkpt>
      <trkpt lat="43.81292" lon="6.25028">
        <ele>637.6</ele>
      </trkpt>
      <trkpt lat="43.81294" lon="6.25027">
        <ele>638.1</ele>
      </trkpt>
      <trkpt lat="43.81295" lon="6.25027">
        <ele>638.4</ele>
      </trkpt>
      <trkpt lat="43.812959" lon="6.25028">
        <ele>638.8</ele>
      </trkpt>
      <trkpt lat="43.81297" lon="6.25028">
        <ele>639.1</ele>
      </trkpt>
      <trkpt lat="43.81299" lon="6.25029">
        <ele>639.8</ele>
      </trkpt>
      <trkpt lat="43.81302" lon="6.2503">
        <ele>640.8</ele>
      </trkpt>
      <trkpt lat="43.81308" lon="6.25036">
        <ele>643.4</ele>
      </trkpt>
      <trkpt lat="43.8131" lon="6.25037">
        <ele>644.2</ele>
      </trkpt>
      <trkpt lat="43.81319" lon="6.25044">
        <ele>648.0</ele>
      </trkpt>
      <trkpt lat="43.813249" lon="6.25047">
        <ele>650.3</ele>
      </trkpt>
      <trkpt lat="43.81327" lon="6.250479">
        <ele>651.1</ele>
      </trkpt>
      <trkpt lat="43.81329" lon="6.25049">
        <ele>651.9</ele>
      </trkpt>
      <trkpt lat="43.81333" lon="6.25049">
        <ele>653.1</ele>
      </trkpt>
      <trkpt lat="43.81339" lon="6.2505">
        <ele>654.7</ele>
      </trkpt>
      <trkpt lat="43.81342" lon="6.25049">
        <ele>655.2</ele>
      </trkpt>
      <trkpt lat="43.81344" lon="6.25049">
        <ele>655.7</ele>
      </trkpt>
      <trkpt lat="43.81345" lon="6.250479">
        <ele>655.7</ele>
      </trkpt>
      <trkpt lat="43.81356" lon="6.25044">
        <ele>657.6</ele>
      </trkpt>
      <trkpt lat="43.81373" lon="6.25033">
        <ele>659.6</ele>
      </trkpt>
      <trkpt lat="43.81392" lon="6.25022">
        <ele>662.1</ele>
      </trkpt>
      <trkpt lat="43.81394" lon="6.2502">
        <ele>662.2</ele>
      </trkpt>
      <trkpt lat="43.81411" lon="6.2501">
        <ele>664.4</ele>
      </trkpt>
      <trkpt lat="43.81411" lon="6.25009">
        <ele>664.2</ele>
      </trkpt>
      <trkpt lat="43.81421" lon="6.25002">
        <ele>665.4</ele>
      </trkpt>
      <trkpt lat="43.81425" lon="6.24997">
        <ele>665.9</ele>
      </trkpt>
      <trkpt lat="43.81426" lon="6.24997">
        <ele>666.2</ele>
      </trkpt>
      <trkpt lat="43.81429" lon="6.24992">
        <ele>666.6</ele>
      </trkpt>
      <trkpt lat="43.81431" lon="6.249869">
        <ele>666.9</ele>
      </trkpt>
      <trkpt lat="43.81432" lon="6.24983">
        <ele>666.9</ele>
      </trkpt>
      <trkpt lat="43.81432" lon="6.249799">
        <ele>666.7</ele>
      </trkpt>
      <trkpt lat="43.81432" lon="6.24976">
        <ele>666.5</ele>
      </trkpt>
      <trkpt lat="43.81432" lon="6.249729">
        <ele>666.3</ele>
      </trkpt>
      <trkpt lat="43.8143" lon="6.24966">
        <ele>665.4</ele>
      </trkpt>
      <trkpt lat="43.81424" lon="6.24952">
        <ele>663.0</ele>
      </trkpt>
      <trkpt lat="43.81421" lon="6.24941">
        <ele>661.6</ele>
      </trkpt>
      <trkpt lat="43.81421" lon="6.24936">
        <ele>661.3</ele>
      </trkpt>
      <trkpt lat="43.8142" lon="6.24931">
        <ele>660.7</ele>
      </trkpt>
      <trkpt lat="43.8142" lon="6.24928">
        <ele>660.6</ele>
      </trkpt>
      <trkpt lat="43.8142" lon="6.24924">
        <ele>660.3</ele>
      </trkpt>
      <trkpt lat="43.81422" lon="6.24917">
        <ele>660.4</ele>
      </trkpt>
      <trkpt lat="43.81423" lon="6.24909">
        <ele>660.2</ele>
      </trkpt>
      <trkpt lat="43.81425" lon="6.24902">
        <ele>660.3</ele>
      </trkpt>
      <trkpt lat="43.81427" lon="6.24896">
        <ele>660.4</ele>
      </trkpt>
      <trkpt lat="43.8143" lon="6.24889">
        <ele>660.7</ele>
      </trkpt>
      <trkpt lat="43.81433" lon="6.24881">
        <ele>660.9</ele>
      </trkpt>
      <trkpt lat="43.81436" lon="6.24875">
        <ele>661.3</ele>
      </trkpt>
      <trkpt lat="43.814369" lon="6.24873">
        <ele>661.4</ele>
      </trkpt>
      <trkpt lat="43.81444" lon="6.24863">
        <ele>662.4</ele>
      </trkpt>
      <trkpt lat="43.8145" lon="6.24853">
        <ele>663.1</ele>
      </trkpt>
      <trkpt lat="43.81458" lon="6.24844">
        <ele>664.3</ele>
      </trkpt>
      <trkpt lat="43.81468" lon="6.24833">
        <ele>665.7</ele>
      </trkpt>
      <trkpt lat="43.81476" lon="6.24826">
        <ele>667.5</ele>
      </trkpt>
      <trkpt lat="43.814839" lon="6.2482">
        <ele>669.1</ele>
      </trkpt>
      <trkpt lat="43.814929" lon="6.24816">
        <ele>670.7</ele>
      </trkpt>
      <trkpt lat="43.81494" lon="6.24816">
        <ele>670.9</ele>
      </trkpt>
      <trkpt lat="43.81498" lon="6.24814">
        <ele>671.5</ele>
      </trkpt>
      <trkpt lat="43.815019" lon="6.24812">
        <ele>672.2</ele>
      </trkpt>
      <trkpt lat="43.81504" lon="6.2481">
        <ele>672.5</ele>
      </trkpt>
      <trkpt lat="43.81506" lon="6.24807">
        <ele>672.8</ele>
      </trkpt>
      <trkpt lat="43.81508" lon="6.248039">
        <ele>673.1</ele>
      </trkpt>
      <trkpt lat="43.8151" lon="6.24802">
        <ele>673.4</ele>
      </trkpt>
      <trkpt lat="43.81512" lon="6.247969">
        <ele>673.6</ele>
      </trkpt>
      <trkpt lat="43.81513" lon="6.24794">
        <ele>673.6</ele>
      </trkpt>
      <trkpt lat="43.81514" lon="6.247899">
        <ele>673.6</ele>
      </trkpt>
      <trkpt lat="43.81514" lon="6.24787">
        <ele>673.4</ele>
      </trkpt>
      <trkpt lat="43.81513" lon="6.24782">
        <ele>672.9</ele>
      </trkpt>
      <trkpt lat="43.81513" lon="6.24776">
        <ele>672.5</ele>
      </trkpt>
      <trkpt lat="43.81511" lon="6.24769">
        <ele>671.7</ele>
      </trkpt>
      <trkpt lat="43.81507" lon="6.24758">
        <ele>670.1</ele>
      </trkpt>
      <trkpt lat="43.81505" lon="6.247499">
        <ele>669.1</ele>
      </trkpt>
      <trkpt lat="43.81504" lon="6.24746">
        <ele>669.1</ele>
      </trkpt>
      <trkpt lat="43.81504" lon="6.24744">
        <ele>669.2</ele>
      </trkpt>
      <trkpt lat="43.81504" lon="6.2474">
        <ele>669.4</ele>
      </trkpt>
      <trkpt lat="43.81504" lon="6.24737">
        <ele>669.5</ele>
      </trkpt>
      <trkpt lat="43.81504" lon="6.2473">
        <ele>669.9</ele>
      </trkpt>
      <trkpt lat="43.81505" lon="6.24724">
        <ele>670.4</ele>
      </trkpt>
      <trkpt lat="43.81507" lon="6.24713">
        <ele>671.3</ele>
      </trkpt>
      <trkpt lat="43.81511" lon="6.24701">
        <ele>672.7</ele>
      </trkpt>
      <trkpt lat="43.81512" lon="6.246959">
        <ele>673.1</ele>
      </trkpt>
      <trkpt lat="43.81516" lon="6.24687">
        <ele>674.4</ele>
      </trkpt>
      <trkpt lat="43.81519" lon="6.24677">
        <ele>675.4</ele>
      </trkpt>
      <trkpt lat="43.815219" lon="6.24669">
        <ele>676.4</ele>
      </trkpt>
      <trkpt lat="43.815219" lon="6.24665">
        <ele>676.5</ele>
      </trkpt>
      <trkpt lat="43.81523" lon="6.2466">
        <ele>676.9</ele>
      </trkpt>
      <trkpt lat="43.81523" lon="6.24657">
        <ele>676.9</ele>
      </trkpt>
      <trkpt lat="43.815219" lon="6.24654">
        <ele>676.8</ele>
      </trkpt>
      <trkpt lat="43.815219" lon="6.24648">
        <ele>677.0</ele>
      </trkpt>
      <trkpt lat="43.81521" lon="6.24645">
        <ele>676.9</ele>
      </trkpt>
      <trkpt lat="43.8152" lon="6.2464">
        <ele>676.8</ele>
      </trkpt>
      <trkpt lat="43.81519" lon="6.24637">
        <ele>676.7</ele>
      </trkpt>
      <trkpt lat="43.81517" lon="6.24634">
        <ele>676.4</ele>
      </trkpt>
      <trkpt lat="43.81515" lon="6.24629">
        <ele>676.2</ele>
      </trkpt>
      <trkpt lat="43.81498" lon="6.24599">
        <ele>674.5</ele>
      </trkpt>
      <trkpt lat="43.81492" lon="6.24588">
        <ele>675.1</ele>
      </trkpt>
      <trkpt lat="43.81491" lon="6.24586">
        <ele>675.1</ele>
      </trkpt>
      <trkpt lat="43.81489" lon="6.2458">
        <ele>675.3</ele>
      </trkpt>
      <trkpt lat="43.81486" lon="6.24573">
        <ele>675.5</ele>
      </trkpt>
      <trkpt lat="43.81483" lon="6.24564">
        <ele>675.5</ele>
      </trkpt>
      <trkpt lat="43.8148" lon="6.24555">
        <ele>675.5</ele>
      </trkpt>
      <trkpt lat="43.81478" lon="6.24547">
        <ele>675.5</ele>
      </trkpt>
      <trkpt lat="43.81477" lon="6.24541">
        <ele>675.4</ele>
      </trkpt>
      <trkpt lat="43.81476" lon="6.24536">
        <ele>675.3</ele>
      </trkpt>
      <trkpt lat="43.81474" lon="6.24525">
        <ele>675.1</ele>
      </trkpt>
      <trkpt lat="43.81473" lon="6.24516">
        <ele>674.9</ele>
      </trkpt>
      <trkpt lat="43.81473" lon="6.24509">
        <ele>674.9</ele>
      </trkpt>
      <trkpt lat="43.81472" lon="6.24494">
        <ele>674.2</ele>
      </trkpt>
      <trkpt lat="43.81472" lon="6.24491">
        <ele>674.0</ele>
      </trkpt>
      <trkpt lat="43.81472" lon="6.24484">
        <ele>673.4</ele>
      </trkpt>
      <trkpt lat="43.81472" lon="6.24475">
        <ele>672.7</ele>
      </trkpt>
      <trkpt lat="43.81473" lon="6.24467">
        <ele>672.3</ele>
      </trkpt>
      <trkpt lat="43.81479" lon="6.24433">
        <ele>670.8</ele>
      </trkpt>
      <trkpt lat="43.81482" lon="6.24416">
        <ele>670.2</ele>
      </trkpt>
      <trkpt lat="43.81487" lon="6.24394">
        <ele>668.0</ele>
      </trkpt>
      <trkpt lat="43.81492" lon="6.24371">
        <ele>665.7</ele>
      </trkpt>
      <trkpt lat="43.81495" lon="6.24359">
        <ele>664.6</ele>
      </trkpt>
      <trkpt lat="43.81498" lon="6.24347">
        <ele>663.5</ele>
      </trkpt>
      <trkpt lat="43.81498" lon="6.24345">
        <ele>663.2</ele>
      </trkpt>
      <trkpt lat="43.815" lon="6.24337">
        <ele>662.5</ele>
      </trkpt>
      <trkpt lat="43.815019" lon="6.24333">
        <ele>662.2</ele>
      </trkpt>
      <trkpt lat="43.81504" lon="6.24329">
        <ele>661.8</ele>
      </trkpt>
      <trkpt lat="43.81506" lon="6.24325">
        <ele>661.4</ele>
      </trkpt>
      <trkpt lat="43.81507" lon="6.243229">
        <ele>661.2</ele>
      </trkpt>
      <trkpt lat="43.81511" lon="6.24317">
        <ele>660.6</ele>
      </trkpt>
      <trkpt lat="43.81517" lon="6.24311">
        <ele>660.4</ele>
      </trkpt>
      <trkpt lat="43.81519" lon="6.243089">
        <ele>660.4</ele>
      </trkpt>
      <trkpt lat="43.81525" lon="6.24303">
        <ele>660.1</ele>
      </trkpt>
      <trkpt lat="43.81534" lon="6.24295">
        <ele>660.0</ele>
      </trkpt>
      <trkpt lat="43.81542" lon="6.24289">
        <ele>660.1</ele>
      </trkpt>
      <trkpt lat="43.815489" lon="6.24283">
        <ele>660.0</ele>
      </trkpt>
      <trkpt lat="43.8155" lon="6.24282">
        <ele>660.0</ele>
      </trkpt>
      <trkpt lat="43.81554" lon="6.2428">
        <ele>660.2</ele>
      </trkpt>
      <trkpt lat="43.81563" lon="6.24275">
        <ele>660.6</ele>
      </trkpt>
      <trkpt lat="43.81567" lon="6.24273">
        <ele>660.8</ele>
      </trkpt>
      <trkpt lat="43.8158" lon="6.24268">
        <ele>661.8</ele>
      </trkpt>
      <trkpt lat="43.81584" lon="6.24267">
        <ele>662.1</ele>
      </trkpt>
      <trkpt lat="43.81593" lon="6.24265">
        <ele>662.2</ele>
      </trkpt>
      <trkpt lat="43.81602" lon="6.242619">
        <ele>662.2</ele>
      </trkpt>
      <trkpt lat="43.81603" lon="6.242619">
        <ele>662.2</ele>
      </trkpt>
      <trkpt lat="43.81618" lon="6.24257">
        <ele>662.2</ele>
      </trkpt>
      <trkpt lat="43.81629" lon="6.24253">
        <ele>662.2</ele>
      </trkpt>
      <trkpt lat="43.81635" lon="6.24251">
        <ele>662.3</ele>
      </trkpt>
      <trkpt lat="43.8164" lon="6.2425">
        <ele>662.4</ele>
      </trkpt>
      <trkpt lat="43.81644" lon="6.2425">
        <ele>662.6</ele>
      </trkpt>
      <trkpt lat="43.8165" lon="6.2425">
        <ele>663.0</ele>
      </trkpt>
      <trkpt lat="43.81655" lon="6.24251">
        <ele>663.5</ele>
      </trkpt>
      <trkpt lat="43.81659" lon="6.24252">
        <ele>663.8</ele>
      </trkpt>
      <trkpt lat="43.81664" lon="6.24254">
        <ele>664.4</ele>
      </trkpt>
      <trkpt lat="43.81668" lon="6.24256">
        <ele>664.8</ele>
      </trkpt>
      <trkpt lat="43.816719" lon="6.24258">
        <ele>664.8</ele>
      </trkpt>
      <trkpt lat="43.81674" lon="6.24259">
        <ele>664.8</ele>
      </trkpt>
      <trkpt lat="43.8168" lon="6.24263">
        <ele>664.9</ele>
      </trkpt>
      <trkpt lat="43.81686" lon="6.24268">
        <ele>665.2</ele>
      </trkpt>
      <trkpt lat="43.81687" lon="6.2427">
        <ele>665.4</ele>
      </trkpt>
      <trkpt lat="43.816899" lon="6.24273">
        <ele>665.5</ele>
      </trkpt>
      <trkpt lat="43.81701" lon="6.24287">
        <ele>666.4</ele>
      </trkpt>
      <trkpt lat="43.81716" lon="6.243089">
        <ele>667.4</ele>
      </trkpt>
      <trkpt lat="43.81731" lon="6.24331">
        <ele>668.1</ele>
      </trkpt>
      <trkpt lat="43.81744" lon="6.24349">
        <ele>668.4</ele>
      </trkpt>
      <trkpt lat="43.81748" lon="6.24355">
        <ele>668.6</ele>
      </trkpt>
      <trkpt lat="43.81751" lon="6.24358">
        <ele>668.7</ele>
      </trkpt>
      <trkpt lat="43.81753" lon="6.24359">
        <ele>669.0</ele>
      </trkpt>
      <trkpt lat="43.81756" lon="6.2436">
        <ele>669.3</ele>
      </trkpt>
      <trkpt lat="43.8176" lon="6.2436">
        <ele>669.6</ele>
      </trkpt>
      <trkpt lat="43.81763" lon="6.24358">
        <ele>669.6</ele>
      </trkpt>
      <trkpt lat="43.817659" lon="6.24356">
        <ele>669.7</ele>
      </trkpt>
      <trkpt lat="43.8177" lon="6.2435">
        <ele>669.3</ele>
      </trkpt>
      <trkpt lat="43.81773" lon="6.24343">
        <ele>668.7</ele>
      </trkpt>
      <trkpt lat="43.817749" lon="6.24336">
        <ele>668.1</ele>
      </trkpt>
      <trkpt lat="43.81779" lon="6.24322">
        <ele>667.2</ele>
      </trkpt>
      <trkpt lat="43.81791" lon="6.24275">
        <ele>664.4</ele>
      </trkpt>
      <trkpt lat="43.81794" lon="6.242619">
        <ele>663.6</ele>
      </trkpt>
      <trkpt lat="43.81797" lon="6.24251">
        <ele>663.0</ele>
      </trkpt>
      <trkpt lat="43.81798" lon="6.24245">
        <ele>662.7</ele>
      </trkpt>
      <trkpt lat="43.81801" lon="6.24229">
        <ele>661.9</ele>
      </trkpt>
      <trkpt lat="43.81804" lon="6.24214">
        <ele>661.3</ele>
      </trkpt>
      <trkpt lat="43.81804" lon="6.24202">
        <ele>660.6</ele>
      </trkpt>
      <trkpt lat="43.81804" lon="6.241869">
        <ele>659.6</ele>
      </trkpt>
      <trkpt lat="43.81802" lon="6.24168">
        <ele>658.1</ele>
      </trkpt>
      <trkpt lat="43.81799" lon="6.24148">
        <ele>656.0</ele>
      </trkpt>
      <trkpt lat="43.81798" lon="6.24137">
        <ele>655.0</ele>
      </trkpt>
      <trkpt lat="43.81797" lon="6.24128">
        <ele>654.1</ele>
      </trkpt>
      <trkpt lat="43.81797" lon="6.24118">
        <ele>653.3</ele>
      </trkpt>
      <trkpt lat="43.81798" lon="6.24109">
        <ele>652.9</ele>
      </trkpt>
      <trkpt lat="43.81798" lon="6.24104">
        <ele>652.5</ele>
      </trkpt>
      <trkpt lat="43.81798" lon="6.241">
        <ele>652.2</ele>
      </trkpt>
      <trkpt lat="43.81799" lon="6.24094">
        <ele>652.0</ele>
      </trkpt>
      <trkpt lat="43.818" lon="6.24088">
        <ele>651.8</ele>
      </trkpt>
      <trkpt lat="43.81802" lon="6.240789">
        <ele>651.8</ele>
      </trkpt>
      <trkpt lat="43.81803" lon="6.24073">
        <ele>651.9</ele>
      </trkpt>
      <trkpt lat="43.8181" lon="6.24043">
        <ele>652.9</ele>
      </trkpt>
      <trkpt lat="43.81811" lon="6.24034">
        <ele>653.0</ele>
      </trkpt>
      <trkpt lat="43.818129" lon="6.24025">
        <ele>653.3</ele>
      </trkpt>
      <trkpt lat="43.818129" lon="6.24016">
        <ele>653.2</ele>
      </trkpt>
      <trkpt lat="43.81815" lon="6.239969">
        <ele>653.3</ele>
      </trkpt>
      <trkpt lat="43.81816" lon="6.23982">
        <ele>653.2</ele>
      </trkpt>
      <trkpt lat="43.81818" lon="6.23974">
        <ele>653.5</ele>
      </trkpt>
      <trkpt lat="43.81819" lon="6.23965">
        <ele>653.6</ele>
      </trkpt>
      <trkpt lat="43.8182" lon="6.23959">
        <ele>653.7</ele>
      </trkpt>
      <trkpt lat="43.818219" lon="6.23948">
        <ele>653.9</ele>
      </trkpt>
      <trkpt lat="43.81824" lon="6.23941">
        <ele>654.2</ele>
      </trkpt>
      <trkpt lat="43.81826" lon="6.23933">
        <ele>654.5</ele>
      </trkpt>
      <trkpt lat="43.818309" lon="6.23918">
        <ele>655.4</ele>
      </trkpt>
      <trkpt lat="43.81837" lon="6.23901">
        <ele>655.9</ele>
      </trkpt>
      <trkpt lat="43.81844" lon="6.23881">
        <ele>656.1</ele>
      </trkpt>
      <trkpt lat="43.81852" lon="6.2386">
        <ele>656.3</ele>
      </trkpt>
      <trkpt lat="43.81865" lon="6.2383">
        <ele>656.3</ele>
      </trkpt>
      <trkpt lat="43.81875" lon="6.23809">
        <ele>656.5</ele>
      </trkpt>
      <trkpt lat="43.81884" lon="6.23791">
        <ele>657.0</ele>
      </trkpt>
      <trkpt lat="43.81885" lon="6.23789">
        <ele>657.0</ele>
      </trkpt>
      <trkpt lat="43.81889" lon="6.23778">
        <ele>657.1</ele>
      </trkpt>
      <trkpt lat="43.81892" lon="6.2377">
        <ele>657.3</ele>
      </trkpt>
      <trkpt lat="43.81893" lon="6.23766">
        <ele>657.3</ele>
      </trkpt>
      <trkpt lat="43.81894" lon="6.23762">
        <ele>657.2</ele>
      </trkpt>
      <trkpt lat="43.81896" lon="6.237529">
        <ele>657.2</ele>
      </trkpt>
      <trkpt lat="43.81897" lon="6.23745">
        <ele>657.2</ele>
      </trkpt>
      <trkpt lat="43.81897" lon="6.23742">
        <ele>657.1</ele>
      </trkpt>
      <trkpt lat="43.81898" lon="6.23735">
        <ele>657.3</ele>
      </trkpt>
      <trkpt lat="43.81897" lon="6.23723">
        <ele>656.9</ele>
      </trkpt>
      <trkpt lat="43.81896" lon="6.23715">
        <ele>656.6</ele>
      </trkpt>
      <trkpt lat="43.81894" lon="6.23702">
        <ele>656.0</ele>
      </trkpt>
      <trkpt lat="43.81893" lon="6.23694">
        <ele>655.7</ele>
      </trkpt>
      <trkpt lat="43.81893" lon="6.23682">
        <ele>655.5</ele>
      </trkpt>
      <trkpt lat="43.81894" lon="6.2367">
        <ele>655.6</ele>
      </trkpt>
      <trkpt lat="43.81896" lon="6.23658">
        <ele>655.2</ele>
      </trkpt>
      <trkpt lat="43.81899" lon="6.23646">
        <ele>654.8</ele>
      </trkpt>
      <trkpt lat="43.81904" lon="6.23628">
        <ele>654.3</ele>
      </trkpt>
      <trkpt lat="43.81909" lon="6.23614">
        <ele>654.1</ele>
      </trkpt>
      <trkpt lat="43.8191" lon="6.23612">
        <ele>654.2</ele>
      </trkpt>
      <trkpt lat="43.81911" lon="6.23604">
        <ele>653.6</ele>
      </trkpt>
      <trkpt lat="43.81913" lon="6.23589">
        <ele>652.7</ele>
      </trkpt>
      <trkpt lat="43.81911" lon="6.23527">
        <ele>646.8</ele>
      </trkpt>
      <trkpt lat="43.81911" lon="6.23513">
        <ele>645.6</ele>
      </trkpt>
      <trkpt lat="43.81913" lon="6.23501">
        <ele>645.1</ele>
      </trkpt>
      <trkpt lat="43.81913" lon="6.23498">
        <ele>644.7</ele>
      </trkpt>
      <trkpt lat="43.819159" lon="6.23483">
        <ele>643.2</ele>
      </trkpt>
      <trkpt lat="43.81919" lon="6.23474">
        <ele>642.2</ele>
      </trkpt>
      <trkpt lat="43.81923" lon="6.23467">
        <ele>641.5</ele>
      </trkpt>
      <trkpt lat="43.81927" lon="6.2346">
        <ele>640.8</ele>
      </trkpt>
      <trkpt lat="43.81933" lon="6.23454">
        <ele>640.3</ele>
      </trkpt>
      <trkpt lat="43.81938" lon="6.2345">
        <ele>640.0</ele>
      </trkpt>
      <trkpt lat="43.81944" lon="6.23447">
        <ele>639.9</ele>
      </trkpt>
      <trkpt lat="43.81945" lon="6.23446">
        <ele>639.8</ele>
      </trkpt>
      <trkpt lat="43.81953" lon="6.23444">
        <ele>640.0</ele>
      </trkpt>
      <trkpt lat="43.81964" lon="6.23443">
        <ele>640.6</ele>
      </trkpt>
      <trkpt lat="43.81982" lon="6.23444">
        <ele>642.2</ele>
      </trkpt>
      <trkpt lat="43.81987" lon="6.23442">
        <ele>642.1</ele>
      </trkpt>
      <trkpt lat="43.81988" lon="6.234409">
        <ele>641.9</ele>
      </trkpt>
      <trkpt lat="43.81992" lon="6.23438">
        <ele>641.4</ele>
      </trkpt>
      <trkpt lat="43.81998" lon="6.23433">
        <ele>640.4</ele>
      </trkpt>
      <trkpt lat="43.82001" lon="6.2343">
        <ele>639.8</ele>
      </trkpt>
      <trkpt lat="43.82003" lon="6.23426">
        <ele>639.1</ele>
      </trkpt>
      <trkpt lat="43.82008" lon="6.23418">
        <ele>637.7</ele>
      </trkpt>
      <trkpt lat="43.82009" lon="6.23412">
        <ele>636.2</ele>
      </trkpt>
      <trkpt lat="43.82011" lon="6.23406">
        <ele>634.9</ele>
      </trkpt>
      <trkpt lat="43.82013" lon="6.23397">
        <ele>632.7</ele>
      </trkpt>
      <trkpt lat="43.82017" lon="6.23389">
        <ele>631.2</ele>
      </trkpt>
      <trkpt lat="43.82021" lon="6.233799">
        <ele>629.3</ele>
      </trkpt>
      <trkpt lat="43.82025" lon="6.23375">
        <ele>628.6</ele>
      </trkpt>
      <trkpt lat="43.820279" lon="6.23372">
        <ele>628.2</ele>
      </trkpt>
      <trkpt lat="43.82033" lon="6.23368">
        <ele>627.9</ele>
      </trkpt>
      <trkpt lat="43.82041" lon="6.23364">
        <ele>628.0</ele>
      </trkpt>
      <trkpt lat="43.82048" lon="6.23362">
        <ele>628.6</ele>
      </trkpt>
      <trkpt lat="43.82063" lon="6.23357">
        <ele>629.6</ele>
      </trkpt>
      <trkpt lat="43.82071" lon="6.23353">
        <ele>629.7</ele>
      </trkpt>
      <trkpt lat="43.82072" lon="6.23352">
        <ele>629.6</ele>
      </trkpt>
      <trkpt lat="43.820749" lon="6.23349">
        <ele>629.2</ele>
      </trkpt>
      <trkpt lat="43.8208" lon="6.23344">
        <ele>628.6</ele>
      </trkpt>
      <trkpt lat="43.82083" lon="6.233399">
        <ele>627.9</ele>
      </trkpt>
      <trkpt lat="43.82089" lon="6.233329">
        <ele>626.5</ele>
      </trkpt>
      <trkpt lat="43.82101" lon="6.23313">
        <ele>623.3</ele>
      </trkpt>
      <trkpt lat="43.82116" lon="6.23289">
        <ele>620.1</ele>
      </trkpt>
      <trkpt lat="43.821219" lon="6.2328">
        <ele>619.2</ele>
      </trkpt>
      <trkpt lat="43.82128" lon="6.23273">
        <ele>618.7</ele>
      </trkpt>
      <trkpt lat="43.82136" lon="6.232649">
        <ele>618.4</ele>
      </trkpt>
      <trkpt lat="43.82143" lon="6.232579">
        <ele>618.3</ele>
      </trkpt>
      <trkpt lat="43.82146" lon="6.23255">
        <ele>618.2</ele>
      </trkpt>
      <trkpt lat="43.82163" lon="6.23242">
        <ele>618.9</ele>
      </trkpt>
      <trkpt lat="43.82196" lon="6.23226">
        <ele>616.7</ele>
      </trkpt>
      <trkpt lat="43.82212" lon="6.23219">
        <ele>615.4</ele>
      </trkpt>
      <trkpt lat="43.8223" lon="6.23214">
        <ele>614.5</ele>
      </trkpt>
      <trkpt lat="43.82247" lon="6.232109">
        <ele>614.0</ele>
      </trkpt>
      <trkpt lat="43.82257" lon="6.23209">
        <ele>613.1</ele>
      </trkpt>
      <trkpt lat="43.82267" lon="6.23208">
        <ele>612.2</ele>
      </trkpt>
      <trkpt lat="43.82273" lon="6.23208">
        <ele>611.8</ele>
      </trkpt>
      <trkpt lat="43.82283" lon="6.2321">
        <ele>611.4</ele>
      </trkpt>
      <trkpt lat="43.82284" lon="6.232109">
        <ele>611.5</ele>
      </trkpt>
      <trkpt lat="43.82291" lon="6.23213">
        <ele>611.3</ele>
      </trkpt>
      <trkpt lat="43.82303" lon="6.23223">
        <ele>611.9</ele>
      </trkpt>
      <trkpt lat="43.82313" lon="6.23234">
        <ele>612.7</ele>
      </trkpt>
      <trkpt lat="43.82315" lon="6.23236">
        <ele>612.8</ele>
      </trkpt>
      <trkpt lat="43.82327" lon="6.23245">
        <ele>612.9</ele>
      </trkpt>
      <trkpt lat="43.82331" lon="6.23248">
        <ele>613.0</ele>
      </trkpt>
      <trkpt lat="43.82332" lon="6.23248">
        <ele>612.9</ele>
      </trkpt>
      <trkpt lat="43.82347" lon="6.23254">
        <ele>613.4</ele>
      </trkpt>
      <trkpt lat="43.82359" lon="6.23254">
        <ele>613.0</ele>
      </trkpt>
      <trkpt lat="43.8237" lon="6.23251">
        <ele>611.9</ele>
      </trkpt>
      <trkpt lat="43.82376" lon="6.23248">
        <ele>611.1</ele>
      </trkpt>
      <trkpt lat="43.82382" lon="6.23246">
        <ele>610.6</ele>
      </trkpt>
      <trkpt lat="43.8241" lon="6.23229">
        <ele>606.1</ele>
      </trkpt>
      <trkpt lat="43.82412" lon="6.23228">
        <ele>605.8</ele>
      </trkpt>
      <trkpt lat="43.82423" lon="6.23221">
        <ele>605.4</ele>
      </trkpt>
      <trkpt lat="43.82429" lon="6.23216">
        <ele>605.5</ele>
      </trkpt>
      <trkpt lat="43.82433" lon="6.23212">
        <ele>605.3</ele>
      </trkpt>
      <trkpt lat="43.82439" lon="6.23206">
        <ele>605.0</ele>
      </trkpt>
      <trkpt lat="43.82459" lon="6.23179">
        <ele>601.0</ele>
      </trkpt>
      <trkpt lat="43.82485" lon="6.23148">
        <ele>597.0</ele>
      </trkpt>
      <trkpt lat="43.82494" lon="6.23137">
        <ele>595.8</ele>
      </trkpt>
      <trkpt lat="43.825069" lon="6.2312">
        <ele>594.8</ele>
      </trkpt>
      <trkpt lat="43.825159" lon="6.23109">
        <ele>594.7</ele>
      </trkpt>
      <trkpt lat="43.82533" lon="6.23086">
        <ele>592.8</ele>
      </trkpt>
      <trkpt lat="43.82537" lon="6.2308">
        <ele>592.4</ele>
      </trkpt>
      <trkpt lat="43.82542" lon="6.2307">
        <ele>591.7</ele>
      </trkpt>
      <trkpt lat="43.825449" lon="6.23061">
        <ele>591.2</ele>
      </trkpt>
      <trkpt lat="43.82547" lon="6.23049">
        <ele>590.5</ele>
      </trkpt>
      <trkpt lat="43.82549" lon="6.230279">
        <ele>589.4</ele>
      </trkpt>
      <trkpt lat="43.82551" lon="6.23005">
        <ele>586.8</ele>
      </trkpt>
      <trkpt lat="43.82551" lon="6.22975">
        <ele>583.5</ele>
      </trkpt>
      <trkpt lat="43.82553" lon="6.22963">
        <ele>582.5</ele>
      </trkpt>
      <trkpt lat="43.82555" lon="6.22955">
        <ele>581.9</ele>
      </trkpt>
      <trkpt lat="43.82559" lon="6.22946">
        <ele>581.4</ele>
      </trkpt>
      <trkpt lat="43.825629" lon="6.22941">
        <ele>581.2</ele>
      </trkpt>
      <trkpt lat="43.82567" lon="6.22937">
        <ele>581.2</ele>
      </trkpt>
      <trkpt lat="43.82567" lon="6.22936">
        <ele>581.1</ele>
      </trkpt>
      <trkpt lat="43.82573" lon="6.22932">
        <ele>581.2</ele>
      </trkpt>
      <trkpt lat="43.82598" lon="6.229199">
        <ele>580.5</ele>
      </trkpt>
      <trkpt lat="43.8264" lon="6.22903">
        <ele>578.2</ele>
      </trkpt>
      <trkpt lat="43.82661" lon="6.22893">
        <ele>576.9</ele>
      </trkpt>
      <trkpt lat="43.82673" lon="6.22885">
        <ele>575.8</ele>
      </trkpt>
      <trkpt lat="43.82682" lon="6.22878">
        <ele>574.9</ele>
      </trkpt>
      <trkpt lat="43.8271" lon="6.22853">
        <ele>571.9</ele>
      </trkpt>
      <trkpt lat="43.82729" lon="6.22835">
        <ele>569.9</ele>
      </trkpt>
      <trkpt lat="43.82735" lon="6.228309">
        <ele>569.5</ele>
      </trkpt>
      <trkpt lat="43.8274" lon="6.22827">
        <ele>569.1</ele>
      </trkpt>
      <trkpt lat="43.82749" lon="6.22819">
        <ele>568.3</ele>
      </trkpt>
      <trkpt lat="43.82759" lon="6.22813">
        <ele>567.3</ele>
      </trkpt>
      <trkpt lat="43.827689" lon="6.22808">
        <ele>566.3</ele>
      </trkpt>
      <trkpt lat="43.827889" lon="6.228">
        <ele>564.8</ele>
      </trkpt>
      <trkpt lat="43.82802" lon="6.22795">
        <ele>563.8</ele>
      </trkpt>
      <trkpt lat="43.82805" lon="6.22793">
        <ele>563.5</ele>
      </trkpt>
      <trkpt lat="43.82808" lon="6.227909">
        <ele>563.2</ele>
      </trkpt>
      <trkpt lat="43.8281" lon="6.22788">
        <ele>562.8</ele>
      </trkpt>
      <trkpt lat="43.82812" lon="6.227839">
        <ele>562.3</ele>
      </trkpt>
      <trkpt lat="43.82813" lon="6.22781">
        <ele>561.9</ele>
      </trkpt>
      <trkpt lat="43.82813" lon="6.22778">
        <ele>561.6</ele>
      </trkpt>
      <trkpt lat="43.82814" lon="6.22775">
        <ele>561.2</ele>
      </trkpt>
      <trkpt lat="43.82813" lon="6.22773">
        <ele>561.0</ele>
      </trkpt>
      <trkpt lat="43.82813" lon="6.22771">
        <ele>560.8</ele>
      </trkpt>
      <trkpt lat="43.82812" lon="6.22769">
        <ele>560.6</ele>
      </trkpt>
      <trkpt lat="43.8281" lon="6.22767">
        <ele>560.5</ele>
      </trkpt>
      <trkpt lat="43.82809" lon="6.22765">
        <ele>560.3</ele>
      </trkpt>
      <trkpt lat="43.82806" lon="6.22764">
        <ele>560.2</ele>
      </trkpt>
      <trkpt lat="43.82802" lon="6.22763">
        <ele>560.2</ele>
      </trkpt>
      <trkpt lat="43.82799" lon="6.22762">
        <ele>560.2</ele>
      </trkpt>
      <trkpt lat="43.82781" lon="6.2276">
        <ele>560.4</ele>
      </trkpt>
      <trkpt lat="43.82756" lon="6.22757">
        <ele>560.7</ele>
      </trkpt>
      <trkpt lat="43.82746" lon="6.22756">
        <ele>560.6</ele>
      </trkpt>
      <trkpt lat="43.82743" lon="6.22756">
        <ele>560.6</ele>
      </trkpt>
      <trkpt lat="43.82741" lon="6.22754">
        <ele>560.3</ele>
      </trkpt>
      <trkpt lat="43.82738" lon="6.22751">
        <ele>559.8</ele>
      </trkpt>
      <trkpt lat="43.82736" lon="6.22748">
        <ele>559.5</ele>
      </trkpt>
      <trkpt lat="43.82735" lon="6.22745">
        <ele>559.2</ele>
      </trkpt>
      <trkpt lat="43.82734" lon="6.22744">
        <ele>559.0</ele>
      </trkpt>
      <trkpt lat="43.82734" lon="6.22742">
        <ele>558.8</ele>
      </trkpt>
      <trkpt lat="43.82734" lon="6.22738">
        <ele>558.4</ele>
      </trkpt>
      <trkpt lat="43.82734" lon="6.22736">
        <ele>558.2</ele>
      </trkpt>
      <trkpt lat="43.82736" lon="6.22729">
        <ele>557.6</ele>
      </trkpt>
      <trkpt lat="43.82737" lon="6.22727">
        <ele>557.4</ele>
      </trkpt>
      <trkpt lat="43.8274" lon="6.227229">
        <ele>557.1</ele>
      </trkpt>
      <trkpt lat="43.82745" lon="6.22719">
        <ele>556.9</ele>
      </trkpt>
      <trkpt lat="43.82747" lon="6.22717">
        <ele>556.7</ele>
      </trkpt>
      <trkpt lat="43.82759" lon="6.22708">
        <ele>555.8</ele>
      </trkpt>
      <trkpt lat="43.82779" lon="6.22688">
        <ele>553.4</ele>
      </trkpt>
      <trkpt lat="43.828" lon="6.2267">
        <ele>551.1</ele>
      </trkpt>
      <trkpt lat="43.828069" lon="6.22664">
        <ele>550.3</ele>
      </trkpt>
      <trkpt lat="43.82811" lon="6.22661">
        <ele>549.8</ele>
      </trkpt>
      <trkpt lat="43.82815" lon="6.22659">
        <ele>549.4</ele>
      </trkpt>
      <trkpt lat="43.82821" lon="6.22657">
        <ele>549.0</ele>
      </trkpt>
      <trkpt lat="43.82824" lon="6.22656">
        <ele>548.7</ele>
      </trkpt>
      <trkpt lat="43.82829" lon="6.226549">
        <ele>548.4</ele>
      </trkpt>
      <trkpt lat="43.82836" lon="6.22657">
        <ele>548.1</ele>
      </trkpt>
      <trkpt lat="43.82841" lon="6.22659">
        <ele>547.4</ele>
      </trkpt>
      <trkpt lat="43.82846" lon="6.226619">
        <ele>546.9</ele>
      </trkpt>
      <trkpt lat="43.82851" lon="6.22668">
        <ele>546.7</ele>
      </trkpt>
      <trkpt lat="43.82858" lon="6.22678">
        <ele>546.4</ele>
      </trkpt>
      <trkpt lat="43.82878" lon="6.227089">
        <ele>546.0</ele>
      </trkpt>
      <trkpt lat="43.82881" lon="6.22714">
        <ele>546.0</ele>
      </trkpt>
      <trkpt lat="43.82888" lon="6.22729">
        <ele>546.5</ele>
      </trkpt>
      <trkpt lat="43.82889" lon="6.22731">
        <ele>546.5</ele>
      </trkpt>
      <trkpt lat="43.82897" lon="6.22753">
        <ele>547.7</ele>
      </trkpt>
      <trkpt lat="43.82903" lon="6.22776">
        <ele>549.9</ele>
      </trkpt>
      <trkpt lat="43.82906" lon="6.227839">
        <ele>550.5</ele>
      </trkpt>
      <trkpt lat="43.82909" lon="6.22792">
        <ele>551.2</ele>
      </trkpt>
      <trkpt lat="43.82912" lon="6.22796">
        <ele>551.3</ele>
      </trkpt>
      <trkpt lat="43.82914" lon="6.227979">
        <ele>551.3</ele>
      </trkpt>
      <trkpt lat="43.82916" lon="6.22799">
        <ele>551.2</ele>
      </trkpt>
      <trkpt lat="43.82918" lon="6.228">
        <ele>550.9</ele>
      </trkpt>
      <trkpt lat="43.8292" lon="6.228">
        <ele>550.6</ele>
      </trkpt>
      <trkpt lat="43.82922" lon="6.22799">
        <ele>550.1</ele>
      </trkpt>
      <trkpt lat="43.82923" lon="6.22799">
        <ele>549.9</ele>
      </trkpt>
      <trkpt lat="43.82925" lon="6.22797">
        <ele>549.2</ele>
      </trkpt>
      <trkpt lat="43.82928" lon="6.22794">
        <ele>548.3</ele>
      </trkpt>
      <trkpt lat="43.82929" lon="6.227909">
        <ele>547.7</ele>
      </trkpt>
      <trkpt lat="43.8293" lon="6.22787">
        <ele>547.0</ele>
      </trkpt>
      <trkpt lat="43.82929" lon="6.227839">
        <ele>546.8</ele>
      </trkpt>
      <trkpt lat="43.82929" lon="6.22778">
        <ele>546.0</ele>
      </trkpt>
      <trkpt lat="43.82926" lon="6.227699">
        <ele>545.4</ele>
      </trkpt>
      <trkpt lat="43.829189" lon="6.22756">
        <ele>544.5</ele>
      </trkpt>
      <trkpt lat="43.82913" lon="6.2274">
        <ele>543.4</ele>
      </trkpt>
      <trkpt lat="43.8289" lon="6.226689">
        <ele>539.4</ele>
      </trkpt>
      <trkpt lat="43.82887" lon="6.22661">
        <ele>539.0</ele>
      </trkpt>
      <trkpt lat="43.82884" lon="6.2265">
        <ele>538.1</ele>
      </trkpt>
      <trkpt lat="43.8288" lon="6.226409">
        <ele>537.7</ele>
      </trkpt>
      <trkpt lat="43.82871" lon="6.22624">
        <ele>537.1</ele>
      </trkpt>
      <trkpt lat="43.82869" lon="6.22621">
        <ele>537.0</ele>
      </trkpt>
      <trkpt lat="43.82853" lon="6.22597">
        <ele>536.6</ele>
      </trkpt>
      <trkpt lat="43.828449" lon="6.22583">
        <ele>536.0</ele>
      </trkpt>
      <trkpt lat="43.82841" lon="6.22574">
        <ele>535.9</ele>
      </trkpt>
      <trkpt lat="43.82835" lon="6.22563">
        <ele>535.8</ele>
      </trkpt>
      <trkpt lat="43.82833" lon="6.22559">
        <ele>535.7</ele>
      </trkpt>
      <trkpt lat="43.82825" lon="6.22542">
        <ele>534.2</ele>
      </trkpt>
      <trkpt lat="43.82821" lon="6.22531">
        <ele>533.3</ele>
      </trkpt>
      <trkpt lat="43.82812" lon="6.2251">
        <ele>531.5</ele>
      </trkpt>
      <trkpt lat="43.8281" lon="6.22498">
        <ele>530.6</ele>
      </trkpt>
      <trkpt lat="43.82809" lon="6.22492">
        <ele>530.1</ele>
      </trkpt>
      <trkpt lat="43.8281" lon="6.224859">
        <ele>529.7</ele>
      </trkpt>
      <trkpt lat="43.8281" lon="6.2248">
        <ele>529.3</ele>
      </trkpt>
      <trkpt lat="43.8281" lon="6.2248">
        <ele>529.3</ele>
      </trkpt>
      <trkpt lat="43.82811" lon="6.224789">
        <ele>529.2</ele>
      </trkpt>
      <trkpt lat="43.82811" lon="6.22478">
        <ele>529.1</ele>
      </trkpt>
      <trkpt lat="43.82812" lon="6.22478">
        <ele>529.1</ele>
      </trkpt>
      <trkpt lat="43.82812" lon="6.22477">
        <ele>529.0</ele>
      </trkpt>
      <trkpt lat="43.82812" lon="6.22476">
        <ele>529.0</ele>
      </trkpt>
      <trkpt lat="43.82813" lon="6.22476">
        <ele>528.9</ele>
      </trkpt>
      <trkpt lat="43.82813" lon="6.22475">
        <ele>528.9</ele>
      </trkpt>
      <trkpt lat="43.82813" lon="6.22474">
        <ele>528.8</ele>
      </trkpt>
      <trkpt lat="43.82831" lon="6.22469">
        <ele>527.8</ele>
      </trkpt>
      <trkpt lat="43.82842" lon="6.22466">
        <ele>526.9</ele>
      </trkpt>
      <trkpt lat="43.82859" lon="6.2247">
        <ele>525.8</ele>
      </trkpt>
      <trkpt lat="43.82867" lon="6.224719">
        <ele>525.3</ele>
      </trkpt>
      <trkpt lat="43.82895" lon="6.22478">
        <ele>523.3</ele>
      </trkpt>
      <trkpt lat="43.82897" lon="6.224789">
        <ele>523.1</ele>
      </trkpt>
      <trkpt lat="43.82917" lon="6.22482">
        <ele>521.6</ele>
      </trkpt>
      <trkpt lat="43.82959" lon="6.22488">
        <ele>521.1</ele>
      </trkpt>
      <trkpt lat="43.82975" lon="6.22493">
        <ele>521.1</ele>
      </trkpt>
      <trkpt lat="43.82976" lon="6.22493">
        <ele>521.1</ele>
      </trkpt>
      <trkpt lat="43.82989" lon="6.22497">
        <ele>521.0</ele>
      </trkpt>
      <trkpt lat="43.82993" lon="6.22498">
        <ele>521.0</ele>
      </trkpt>
      <trkpt lat="43.8301" lon="6.22503">
        <ele>521.8</ele>
      </trkpt>
      <trkpt lat="43.83023" lon="6.22507">
        <ele>522.9</ele>
      </trkpt>
      <trkpt lat="43.83028" lon="6.22508">
        <ele>523.3</ele>
      </trkpt>
      <trkpt lat="43.83046" lon="6.22511">
        <ele>524.9</ele>
      </trkpt>
      <trkpt lat="43.83057" lon="6.22512">
        <ele>525.8</ele>
      </trkpt>
      <trkpt lat="43.83067" lon="6.22512">
        <ele>526.7</ele>
      </trkpt>
      <trkpt lat="43.83081" lon="6.2251">
        <ele>527.7</ele>
      </trkpt>
      <trkpt lat="43.83097" lon="6.22503">
        <ele>529.1</ele>
      </trkpt>
      <trkpt lat="43.83104" lon="6.22499">
        <ele>529.7</ele>
      </trkpt>
      <trkpt lat="43.83117" lon="6.22491">
        <ele>530.9</ele>
      </trkpt>
      <trkpt lat="43.8312" lon="6.22489">
        <ele>531.1</ele>
      </trkpt>
      <trkpt lat="43.83128" lon="6.22483">
        <ele>531.8</ele>
      </trkpt>
      <trkpt lat="43.83137" lon="6.22473">
        <ele>532.2</ele>
      </trkpt>
      <trkpt lat="43.83146" lon="6.22463">
        <ele>532.5</ele>
      </trkpt>
      <trkpt lat="43.83149" lon="6.22459">
        <ele>532.5</ele>
      </trkpt>
      <trkpt lat="43.83162" lon="6.22441">
        <ele>532.5</ele>
      </trkpt>
      <trkpt lat="43.83185" lon="6.22407">
        <ele>533.0</ele>
      </trkpt>
      <trkpt lat="43.83208" lon="6.22368">
        <ele>534.1</ele>
      </trkpt>
      <trkpt lat="43.83213" lon="6.22359">
        <ele>534.3</ele>
      </trkpt>
      <trkpt lat="43.83224" lon="6.22339">
        <ele>534.5</ele>
      </trkpt>
      <trkpt lat="43.83235" lon="6.2232">
        <ele>534.5</ele>
      </trkpt>
      <trkpt lat="43.832389" lon="6.22313">
        <ele>534.4</ele>
      </trkpt>
      <trkpt lat="43.832569" lon="6.22281">
        <ele>533.8</ele>
      </trkpt>
      <trkpt lat="43.83268" lon="6.22263">
        <ele>533.3</ele>
      </trkpt>
      <trkpt lat="43.83269" lon="6.22261">
        <ele>533.2</ele>
      </trkpt>
      <trkpt lat="43.83284" lon="6.22234">
        <ele>533.2</ele>
      </trkpt>
      <trkpt lat="43.83291" lon="6.22222">
        <ele>533.5</ele>
      </trkpt>
      <trkpt lat="43.83305" lon="6.22201">
        <ele>533.8</ele>
      </trkpt>
      <trkpt lat="43.83321" lon="6.22177">
        <ele>533.9</ele>
      </trkpt>
      <trkpt lat="43.83328" lon="6.22168">
        <ele>533.9</ele>
      </trkpt>
      <trkpt lat="43.83332" lon="6.22162">
        <ele>533.8</ele>
      </trkpt>
      <trkpt lat="43.83341" lon="6.22151">
        <ele>534.5</ele>
      </trkpt>
      <trkpt lat="43.833419" lon="6.2215">
        <ele>534.5</ele>
      </trkpt>
      <trkpt lat="43.8335" lon="6.22141">
        <ele>535.1</ele>
      </trkpt>
      <trkpt lat="43.83356" lon="6.22137">
        <ele>535.5</ele>
      </trkpt>
      <trkpt lat="43.83359" lon="6.22134">
        <ele>535.7</ele>
      </trkpt>
      <trkpt lat="43.83372" lon="6.22127">
        <ele>536.6</ele>
      </trkpt>
      <trkpt lat="43.83385" lon="6.221199">
        <ele>537.3</ele>
      </trkpt>
      <trkpt lat="43.833889" lon="6.22117">
        <ele>537.5</ele>
      </trkpt>
      <trkpt lat="43.83394" lon="6.22114">
        <ele>537.7</ele>
      </trkpt>
      <trkpt lat="43.83405" lon="6.22105">
        <ele>537.9</ele>
      </trkpt>
      <trkpt lat="43.83414" lon="6.22098">
        <ele>538.0</ele>
      </trkpt>
      <trkpt lat="43.83431" lon="6.22085">
        <ele>539.7</ele>
      </trkpt>
      <trkpt lat="43.83439" lon="6.22081">
        <ele>540.9</ele>
      </trkpt>
      <trkpt lat="43.83442" lon="6.2208">
        <ele>541.3</ele>
      </trkpt>
      <trkpt lat="43.83448" lon="6.22079">
        <ele>542.3</ele>
      </trkpt>
      <trkpt lat="43.83452" lon="6.2208">
        <ele>543.1</ele>
      </trkpt>
      <trkpt lat="43.83453" lon="6.2208">
        <ele>543.3</ele>
      </trkpt>
      <trkpt lat="43.83456" lon="6.22082">
        <ele>544.0</ele>
      </trkpt>
      <trkpt lat="43.83459" lon="6.22083">
        <ele>544.6</ele>
      </trkpt>
      <trkpt lat="43.83462" lon="6.22086">
        <ele>545.4</ele>
      </trkpt>
      <trkpt lat="43.83463" lon="6.22088">
        <ele>545.7</ele>
      </trkpt>
      <trkpt lat="43.83464" lon="6.220919">
        <ele>546.2</ele>
      </trkpt>
      <trkpt lat="43.83465" lon="6.22095">
        <ele>546.6</ele>
      </trkpt>
      <trkpt lat="43.83465" lon="6.220989">
        <ele>546.9</ele>
      </trkpt>
      <trkpt lat="43.83465" lon="6.22101">
        <ele>547.1</ele>
      </trkpt>
      <trkpt lat="43.83465" lon="6.22103">
        <ele>547.2</ele>
      </trkpt>
      <trkpt lat="43.83464" lon="6.22107">
        <ele>547.3</ele>
      </trkpt>
      <trkpt lat="43.83463" lon="6.22112">
        <ele>547.6</ele>
      </trkpt>
      <trkpt lat="43.83461" lon="6.22116">
        <ele>547.5</ele>
      </trkpt>
      <trkpt lat="43.83459" lon="6.22119">
        <ele>547.4</ele>
      </trkpt>
      <trkpt lat="43.83457" lon="6.22122">
        <ele>547.3</ele>
      </trkpt>
      <trkpt lat="43.83455" lon="6.22124">
        <ele>547.1</ele>
      </trkpt>
      <trkpt lat="43.83437" lon="6.22148">
        <ele>545.9</ele>
      </trkpt>
      <trkpt lat="43.83431" lon="6.22156">
        <ele>545.5</ele>
      </trkpt>
      <trkpt lat="43.83418" lon="6.221739">
        <ele>544.8</ele>
      </trkpt>
      <trkpt lat="43.83417" lon="6.22175">
        <ele>544.7</ele>
      </trkpt>
      <trkpt lat="43.83406" lon="6.22189">
        <ele>544.2</ele>
      </trkpt>
      <trkpt lat="43.83405" lon="6.22191">
        <ele>544.2</ele>
      </trkpt>
      <trkpt lat="43.83402" lon="6.22197">
        <ele>544.2</ele>
      </trkpt>
      <trkpt lat="43.834" lon="6.22205">
        <ele>544.5</ele>
      </trkpt>
      <trkpt lat="43.83399" lon="6.22209">
        <ele>544.6</ele>
      </trkpt>
      <trkpt lat="43.833979" lon="6.22212">
        <ele>544.7</ele>
      </trkpt>
      <trkpt lat="43.83399" lon="6.222139">
        <ele>544.9</ele>
      </trkpt>
      <trkpt lat="43.83399" lon="6.22217">
        <ele>545.1</ele>
      </trkpt>
      <trkpt lat="43.83399" lon="6.2222">
        <ele>545.3</ele>
      </trkpt>
      <trkpt lat="43.834" lon="6.22223">
        <ele>545.7</ele>
      </trkpt>
      <trkpt lat="43.83402" lon="6.22226">
        <ele>546.1</ele>
      </trkpt>
      <trkpt lat="43.83404" lon="6.22229">
        <ele>546.6</ele>
      </trkpt>
      <trkpt lat="43.834069" lon="6.22231">
        <ele>547.2</ele>
      </trkpt>
      <trkpt lat="43.8341" lon="6.22232">
        <ele>547.7</ele>
      </trkpt>
      <trkpt lat="43.83412" lon="6.22233">
        <ele>548.1</ele>
      </trkpt>
      <trkpt lat="43.83414" lon="6.22232">
        <ele>548.3</ele>
      </trkpt>
      <trkpt lat="43.83418" lon="6.22231">
        <ele>548.9</ele>
      </trkpt>
      <trkpt lat="43.83422" lon="6.22227">
        <ele>549.4</ele>
      </trkpt>
      <trkpt lat="43.83431" lon="6.22217">
        <ele>550.3</ele>
      </trkpt>
      <trkpt lat="43.83437" lon="6.2221">
        <ele>550.9</ele>
      </trkpt>
      <trkpt lat="43.83444" lon="6.22204">
        <ele>551.7</ele>
      </trkpt>
      <trkpt lat="43.834539" lon="6.22197">
        <ele>552.9</ele>
      </trkpt>
      <trkpt lat="43.8346" lon="6.22195">
        <ele>553.9</ele>
      </trkpt>
      <trkpt lat="43.8347" lon="6.22192">
        <ele>555.4</ele>
      </trkpt>
      <trkpt lat="43.83478" lon="6.22192">
        <ele>556.8</ele>
      </trkpt>
      <trkpt lat="43.83484" lon="6.2219">
        <ele>557.7</ele>
      </trkpt>
      <trkpt lat="43.83488" lon="6.22188">
        <ele>558.2</ele>
      </trkpt>
      <trkpt lat="43.83493" lon="6.22184">
        <ele>558.6</ele>
      </trkpt>
      <trkpt lat="43.83496" lon="6.221809">
        <ele>558.9</ele>
      </trkpt>
      <trkpt lat="43.83502" lon="6.221739">
        <ele>559.2</ele>
      </trkpt>
      <trkpt lat="43.83506" lon="6.221529">
        <ele>558.2</ele>
      </trkpt>
      <trkpt lat="43.83509" lon="6.22142">
        <ele>557.9</ele>
      </trkpt>
      <trkpt lat="43.83515" lon="6.22129">
        <ele>558.0</ele>
      </trkpt>
      <trkpt lat="43.83528" lon="6.2211">
        <ele>558.7</ele>
      </trkpt>
      <trkpt lat="43.83536" lon="6.221">
        <ele>559.2</ele>
      </trkpt>
      <trkpt lat="43.83542" lon="6.22094">
        <ele>559.6</ele>
      </trkpt>
      <trkpt lat="43.83547" lon="6.220919">
        <ele>560.2</ele>
      </trkpt>
      <trkpt lat="43.83552" lon="6.22091">
        <ele>560.9</ele>
      </trkpt>
      <trkpt lat="43.83564" lon="6.2209">
        <ele>562.7</ele>
      </trkpt>
      <trkpt lat="43.83566" lon="6.2209">
        <ele>563.0</ele>
      </trkpt>
      <trkpt lat="43.83576" lon="6.22089">
        <ele>564.5</ele>
      </trkpt>
      <trkpt lat="43.83581" lon="6.22088">
        <ele>565.2</ele>
      </trkpt>
      <trkpt lat="43.83589" lon="6.22085">
        <ele>565.7</ele>
      </trkpt>
      <trkpt lat="43.83597" lon="6.22082">
        <ele>566.0</ele>
      </trkpt>
      <trkpt lat="43.83609" lon="6.22075">
        <ele>566.0</ele>
      </trkpt>
      <trkpt lat="43.83616" lon="6.22071">
        <ele>566.0</ele>
      </trkpt>
      <trkpt lat="43.83621" lon="6.22069">
        <ele>566.1</ele>
      </trkpt>
      <trkpt lat="43.83625" lon="6.22068">
        <ele>566.3</ele>
      </trkpt>
      <trkpt lat="43.8363" lon="6.22067">
        <ele>566.5</ele>
      </trkpt>
      <trkpt lat="43.83636" lon="6.22067">
        <ele>567.0</ele>
      </trkpt>
      <trkpt lat="43.836419" lon="6.22068">
        <ele>567.6</ele>
      </trkpt>
      <trkpt lat="43.83649" lon="6.22069">
        <ele>568.4</ele>
      </trkpt>
      <trkpt lat="43.83661" lon="6.22073">
        <ele>569.9</ele>
      </trkpt>
      <trkpt lat="43.83688" lon="6.22081">
        <ele>572.4</ele>
      </trkpt>
      <trkpt lat="43.83717" lon="6.22091">
        <ele>575.6</ele>
      </trkpt>
      <trkpt lat="43.83731" lon="6.22096">
        <ele>577.3</ele>
      </trkpt>
      <trkpt lat="43.83742" lon="6.22101">
        <ele>578.9</ele>
      </trkpt>
      <trkpt lat="43.83756" lon="6.22109">
        <ele>581.3</ele>
      </trkpt>
      <trkpt lat="43.83773" lon="6.221199">
        <ele>583.7</ele>
      </trkpt>
      <trkpt lat="43.83781" lon="6.22125">
        <ele>584.6</ele>
      </trkpt>
      <trkpt lat="43.83786" lon="6.2213">
        <ele>585.5</ele>
      </trkpt>
      <trkpt lat="43.83791" lon="6.22134">
        <ele>586.0</ele>
      </trkpt>
      <trkpt lat="43.83791" lon="6.22135">
        <ele>586.2</ele>
      </trkpt>
      <trkpt lat="43.83795" lon="6.22139">
        <ele>586.7</ele>
      </trkpt>
      <trkpt lat="43.83797" lon="6.22142">
        <ele>587.1</ele>
      </trkpt>
      <trkpt lat="43.83799" lon="6.22146">
        <ele>587.7</ele>
      </trkpt>
      <trkpt lat="43.83801" lon="6.2215">
        <ele>588.2</ele>
      </trkpt>
      <trkpt lat="43.83803" lon="6.22155">
        <ele>588.8</ele>
      </trkpt>
      <trkpt lat="43.83806" lon="6.22162">
        <ele>589.6</ele>
      </trkpt>
      <trkpt lat="43.83808" lon="6.22168">
        <ele>590.4</ele>
      </trkpt>
      <trkpt lat="43.8381" lon="6.22171">
        <ele>590.7</ele>
      </trkpt>
      <trkpt lat="43.83813" lon="6.221739">
        <ele>591.0</ele>
      </trkpt>
      <trkpt lat="43.83815" lon="6.22175">
        <ele>591.0</ele>
      </trkpt>
      <trkpt lat="43.83817" lon="6.22177">
        <ele>591.1</ele>
      </trkpt>
      <trkpt lat="43.8382" lon="6.22178">
        <ele>591.0</ele>
      </trkpt>
      <trkpt lat="43.838209" lon="6.22178">
        <ele>591.0</ele>
      </trkpt>
      <trkpt lat="43.83823" lon="6.22178">
        <ele>590.8</ele>
      </trkpt>
      <trkpt lat="43.83826" lon="6.22178">
        <ele>590.5</ele>
      </trkpt>
      <trkpt lat="43.83829" lon="6.22178">
        <ele>590.3</ele>
      </trkpt>
      <trkpt lat="43.83832" lon="6.22177">
        <ele>589.8</ele>
      </trkpt>
      <trkpt lat="43.83835" lon="6.22175">
        <ele>589.6</ele>
      </trkpt>
      <trkpt lat="43.83837" lon="6.22173">
        <ele>589.4</ele>
      </trkpt>
      <trkpt lat="43.83841" lon="6.22168">
        <ele>589.0</ele>
      </trkpt>
      <trkpt lat="43.83845" lon="6.22163">
        <ele>588.8</ele>
      </trkpt>
      <trkpt lat="43.838479" lon="6.22156">
        <ele>588.3</ele>
      </trkpt>
      <trkpt lat="43.83851" lon="6.22149">
        <ele>587.9</ele>
      </trkpt>
      <trkpt lat="43.83854" lon="6.22142">
        <ele>587.4</ele>
      </trkpt>
      <trkpt lat="43.83857" lon="6.22136">
        <ele>587.0</ele>
      </trkpt>
      <trkpt lat="43.8386" lon="6.22133">
        <ele>586.9</ele>
      </trkpt>
      <trkpt lat="43.83862" lon="6.2213">
        <ele>586.8</ele>
      </trkpt>
      <trkpt lat="43.83867" lon="6.22126">
        <ele>586.7</ele>
      </trkpt>
      <trkpt lat="43.8387" lon="6.22125">
        <ele>586.9</ele>
      </trkpt>
      <trkpt lat="43.83874" lon="6.22123">
        <ele>586.9</ele>
      </trkpt>
      <trkpt lat="43.83879" lon="6.22122">
        <ele>587.2</ele>
      </trkpt>
      <trkpt lat="43.83884" lon="6.22121">
        <ele>587.5</ele>
      </trkpt>
      <trkpt lat="43.83887" lon="6.22122">
        <ele>587.8</ele>
      </trkpt>
      <trkpt lat="43.8389" lon="6.22122">
        <ele>588.1</ele>
      </trkpt>
      <trkpt lat="43.83892" lon="6.22122">
        <ele>588.2</ele>
      </trkpt>
      <trkpt lat="43.838949" lon="6.22123">
        <ele>588.6</ele>
      </trkpt>
      <trkpt lat="43.83898" lon="6.22124">
        <ele>588.9</ele>
      </trkpt>
      <trkpt lat="43.83903" lon="6.22127">
        <ele>589.7</ele>
      </trkpt>
      <trkpt lat="43.83907" lon="6.2213">
        <ele>590.4</ele>
      </trkpt>
      <trkpt lat="43.83914" lon="6.22138">
        <ele>592.0</ele>
      </trkpt>
      <trkpt lat="43.83918" lon="6.22143">
        <ele>592.8</ele>
      </trkpt>
      <trkpt lat="43.8392" lon="6.22146">
        <ele>593.1</ele>
      </trkpt>
      <trkpt lat="43.83926" lon="6.22154">
        <ele>593.8</ele>
      </trkpt>
      <trkpt lat="43.8393" lon="6.221599">
        <ele>594.3</ele>
      </trkpt>
      <trkpt lat="43.839329" lon="6.22165">
        <ele>594.8</ele>
      </trkpt>
      <trkpt lat="43.8394" lon="6.22176">
        <ele>595.9</ele>
      </trkpt>
      <trkpt lat="43.83945" lon="6.221809">
        <ele>596.3</ele>
      </trkpt>
      <trkpt lat="43.8395" lon="6.22186">
        <ele>596.6</ele>
      </trkpt>
      <trkpt lat="43.83956" lon="6.2219">
        <ele>596.9</ele>
      </trkpt>
      <trkpt lat="43.83959" lon="6.22192">
        <ele>597.0</ele>
      </trkpt>
      <trkpt lat="43.83963" lon="6.22193">
        <ele>596.9</ele>
      </trkpt>
      <trkpt lat="43.83969" lon="6.22195">
        <ele>596.8</ele>
      </trkpt>
      <trkpt lat="43.83973" lon="6.22196">
        <ele>596.7</ele>
      </trkpt>
      <trkpt lat="43.83981" lon="6.22197">
        <ele>596.4</ele>
      </trkpt>
      <trkpt lat="43.83999" lon="6.22197">
        <ele>595.4</ele>
      </trkpt>
      <trkpt lat="43.8401" lon="6.22196">
        <ele>596.3</ele>
      </trkpt>
      <trkpt lat="43.84021" lon="6.22195">
        <ele>597.3</ele>
      </trkpt>
      <trkpt lat="43.84032" lon="6.22192">
        <ele>598.1</ele>
      </trkpt>
      <trkpt lat="43.84039" lon="6.2219">
        <ele>598.6</ele>
      </trkpt>
      <trkpt lat="43.84044" lon="6.22186">
        <ele>598.7</ele>
      </trkpt>
      <trkpt lat="43.84045" lon="6.22185">
        <ele>598.7</ele>
      </trkpt>
      <trkpt lat="43.84051" lon="6.221809">
        <ele>598.9</ele>
      </trkpt>
      <trkpt lat="43.84061" lon="6.22173">
        <ele>599.1</ele>
      </trkpt>
      <trkpt lat="43.84073" lon="6.22163">
        <ele>599.2</ele>
      </trkpt>
      <trkpt lat="43.84096" lon="6.22145">
        <ele>599.4</ele>
      </trkpt>
      <trkpt lat="43.84102" lon="6.22142">
        <ele>599.6</ele>
      </trkpt>
      <trkpt lat="43.84104" lon="6.22142">
        <ele>599.9</ele>
      </trkpt>
      <trkpt lat="43.84105" lon="6.22141">
        <ele>599.8</ele>
      </trkpt>
      <trkpt lat="43.84107" lon="6.22141">
        <ele>600.1</ele>
      </trkpt>
      <trkpt lat="43.8411" lon="6.2214">
        <ele>600.3</ele>
      </trkpt>
      <trkpt lat="43.84113" lon="6.22139">
        <ele>600.5</ele>
      </trkpt>
      <trkpt lat="43.84115" lon="6.22139">
        <ele>600.7</ele>
      </trkpt>
      <trkpt lat="43.8412" lon="6.22138">
        <ele>601.1</ele>
      </trkpt>
      <trkpt lat="43.8412" lon="6.22138">
        <ele>601.1</ele>
      </trkpt>
      <trkpt lat="43.841209" lon="6.22139">
        <ele>601.4</ele>
      </trkpt>
      <trkpt lat="43.84122" lon="6.22139">
        <ele>601.5</ele>
      </trkpt>
      <trkpt lat="43.84122" lon="6.2214">
        <ele>601.7</ele>
      </trkpt>
      <trkpt lat="43.84123" lon="6.2214">
        <ele>601.8</ele>
      </trkpt>
      <trkpt lat="43.84124" lon="6.2214">
        <ele>601.9</ele>
      </trkpt>
      <trkpt lat="43.84125" lon="6.2214">
        <ele>602.0</ele>
      </trkpt>
      <trkpt lat="43.84126" lon="6.2214">
        <ele>602.1</ele>
      </trkpt>
      <trkpt lat="43.84127" lon="6.2214">
        <ele>602.2</ele>
      </trkpt>
      <trkpt lat="43.84128" lon="6.22139">
        <ele>602.2</ele>
      </trkpt>
      <trkpt lat="43.84129" lon="6.22139">
        <ele>602.3</ele>
      </trkpt>
      <trkpt lat="43.84129" lon="6.22138">
        <ele>602.2</ele>
      </trkpt>
      <trkpt lat="43.841299" lon="6.22138">
        <ele>602.3</ele>
      </trkpt>
      <trkpt lat="43.84131" lon="6.22137">
        <ele>602.2</ele>
      </trkpt>
      <trkpt lat="43.84131" lon="6.22136">
        <ele>602.1</ele>
      </trkpt>
      <trkpt lat="43.84132" lon="6.22136">
        <ele>602.2</ele>
      </trkpt>
      <trkpt lat="43.84132" lon="6.22135">
        <ele>602.1</ele>
      </trkpt>
      <trkpt lat="43.84132" lon="6.22134">
        <ele>601.9</ele>
      </trkpt>
      <trkpt lat="43.84133" lon="6.22134">
        <ele>602.0</ele>
      </trkpt>
      <trkpt lat="43.84133" lon="6.22133">
        <ele>601.9</ele>
      </trkpt>
      <trkpt lat="43.84133" lon="6.22132">
        <ele>601.7</ele>
      </trkpt>
      <trkpt lat="43.84133" lon="6.22131">
        <ele>601.6</ele>
      </trkpt>
      <trkpt lat="43.84133" lon="6.2213">
        <ele>601.4</ele>
      </trkpt>
      <trkpt lat="43.84134" lon="6.2213">
        <ele>601.5</ele>
      </trkpt>
      <trkpt lat="43.84134" lon="6.22129">
        <ele>601.4</ele>
      </trkpt>
      <trkpt lat="43.84134" lon="6.22128">
        <ele>601.2</ele>
      </trkpt>
      <trkpt lat="43.84134" lon="6.22127">
        <ele>601.1</ele>
      </trkpt>
      <trkpt lat="43.84134" lon="6.22126">
        <ele>600.9</ele>
      </trkpt>
      <trkpt lat="43.84133" lon="6.22125">
        <ele>600.7</ele>
      </trkpt>
      <trkpt lat="43.84133" lon="6.22124">
        <ele>600.5</ele>
      </trkpt>
      <trkpt lat="43.84136" lon="6.22117">
        <ele>599.8</ele>
      </trkpt>
      <trkpt lat="43.841389" lon="6.2211">
        <ele>599.1</ele>
      </trkpt>
      <trkpt lat="43.84144" lon="6.22096">
        <ele>597.5</ele>
      </trkpt>
      <trkpt lat="43.84162" lon="6.22071">
        <ele>595.5</ele>
      </trkpt>
      <trkpt lat="43.84172" lon="6.22056">
        <ele>593.9</ele>
      </trkpt>
      <trkpt lat="43.841726" lon="6.220567">
        <ele>594.0</ele>
      </trkpt>
      <trkpt lat="43.84172" lon="6.22056">
        <ele>593.9</ele>
      </trkpt>
      <trkpt lat="43.84162" lon="6.22071">
        <ele>595.5</ele>
      </trkpt>
      <trkpt lat="43.84144" lon="6.22096">
        <ele>597.5</ele>
      </trkpt>
      <trkpt lat="43.841389" lon="6.2211">
        <ele>599.1</ele>
      </trkpt>
      <trkpt lat="43.84136" lon="6.22117">
        <ele>599.8</ele>
      </trkpt>
      <trkpt lat="43.84133" lon="6.22124">
        <ele>600.5</ele>
      </trkpt>
      <trkpt lat="43.84133" lon="6.22124">
        <ele>600.5</ele>
      </trkpt>
      <trkpt lat="43.84134" lon="6.22126">
        <ele>600.9</ele>
      </trkpt>
      <trkpt lat="43.84134" lon="6.22127">
        <ele>601.1</ele>
      </trkpt>
      <trkpt lat="43.84134" lon="6.22128">
        <ele>601.2</ele>
      </trkpt>
      <trkpt lat="43.84134" lon="6.22129">
        <ele>601.4</ele>
      </trkpt>
      <trkpt lat="43.84137" lon="6.22133">
        <ele>602.3</ele>
      </trkpt>
      <trkpt lat="43.8414" lon="6.22136">
        <ele>603.1</ele>
      </trkpt>
      <trkpt lat="43.84143" lon="6.2214">
        <ele>604.1</ele>
      </trkpt>
      <trkpt lat="43.84148" lon="6.22144">
        <ele>605.3</ele>
      </trkpt>
      <trkpt lat="43.84153" lon="6.22147">
        <ele>606.3</ele>
      </trkpt>
      <trkpt lat="43.84153" lon="6.22147">
        <ele>606.3</ele>
      </trkpt>
      <trkpt lat="43.84157" lon="6.22146">
        <ele>606.6</ele>
      </trkpt>
      <trkpt lat="43.8416" lon="6.22144">
        <ele>606.7</ele>
      </trkpt>
      <trkpt lat="43.84163" lon="6.22141">
        <ele>606.6</ele>
      </trkpt>
      <trkpt lat="43.84167" lon="6.22138">
        <ele>606.6</ele>
      </trkpt>
      <trkpt lat="43.84171" lon="6.22134">
        <ele>606.3</ele>
      </trkpt>
      <trkpt lat="43.84175" lon="6.2213">
        <ele>606.0</ele>
      </trkpt>
      <trkpt lat="43.84179" lon="6.22126">
        <ele>605.8</ele>
      </trkpt>
      <trkpt lat="43.84183" lon="6.22123">
        <ele>605.7</ele>
      </trkpt>
      <trkpt lat="43.8419" lon="6.22119">
        <ele>605.7</ele>
      </trkpt>
      <trkpt lat="43.84198" lon="6.22116">
        <ele>606.0</ele>
      </trkpt>
      <trkpt lat="43.84208" lon="6.22111">
        <ele>606.1</ele>
      </trkpt>
      <trkpt lat="43.84219" lon="6.22107">
        <ele>606.5</ele>
      </trkpt>
      <trkpt lat="43.84228" lon="6.22105">
        <ele>607.1</ele>
      </trkpt>
      <trkpt lat="43.84236" lon="6.22104">
        <ele>607.7</ele>
      </trkpt>
      <trkpt lat="43.84242" lon="6.22103">
        <ele>608.1</ele>
      </trkpt>
      <trkpt lat="43.84243" lon="6.22103">
        <ele>608.2</ele>
      </trkpt>
      <trkpt lat="43.84248" lon="6.22103">
        <ele>608.6</ele>
      </trkpt>
      <trkpt lat="43.842529" lon="6.22105">
        <ele>609.2</ele>
      </trkpt>
      <trkpt lat="43.84259" lon="6.221059">
        <ele>609.5</ele>
      </trkpt>
      <trkpt lat="43.8426" lon="6.22107">
        <ele>609.6</ele>
      </trkpt>
      <trkpt lat="43.84265" lon="6.22109">
        <ele>610.0</ele>
      </trkpt>
      <trkpt lat="43.84268" lon="6.2211">
        <ele>610.3</ele>
      </trkpt>
      <trkpt lat="43.8427" lon="6.22112">
        <ele>610.6</ele>
      </trkpt>
      <trkpt lat="43.84274" lon="6.22116">
        <ele>611.3</ele>
      </trkpt>
      <trkpt lat="43.84276" lon="6.22118">
        <ele>611.7</ele>
      </trkpt>
      <trkpt lat="43.84278" lon="6.22119">
        <ele>611.9</ele>
      </trkpt>
      <trkpt lat="43.84283" lon="6.22125">
        <ele>613.0</ele>
      </trkpt>
      <trkpt lat="43.84286" lon="6.22128">
        <ele>613.6</ele>
      </trkpt>
      <trkpt lat="43.84302" lon="6.22138">
        <ele>615.7</ele>
      </trkpt>
      <trkpt lat="43.843089" lon="6.22142">
        <ele>616.7</ele>
      </trkpt>
      <trkpt lat="43.84316" lon="6.22147">
        <ele>617.8</ele>
      </trkpt>
      <trkpt lat="43.8433" lon="6.22155">
        <ele>619.8</ele>
      </trkpt>
      <trkpt lat="43.84335" lon="6.22156">
        <ele>620.1</ele>
      </trkpt>
      <trkpt lat="43.84342" lon="6.22156">
        <ele>620.2</ele>
      </trkpt>
      <trkpt lat="43.84352" lon="6.22154">
        <ele>619.9</ele>
      </trkpt>
      <trkpt lat="43.8437" lon="6.22152">
        <ele>619.7</ele>
      </trkpt>
      <trkpt lat="43.84388" lon="6.22149">
        <ele>619.3</ele>
      </trkpt>
      <trkpt lat="43.84406" lon="6.22146">
        <ele>618.9</ele>
      </trkpt>
      <trkpt lat="43.8444" lon="6.2214">
        <ele>619.9</ele>
      </trkpt>
      <trkpt lat="43.84498" lon="6.22123">
        <ele>620.9</ele>
      </trkpt>
      <trkpt lat="43.84526" lon="6.22121">
        <ele>621.3</ele>
      </trkpt>
      <trkpt lat="43.84532" lon="6.22121">
        <ele>621.5</ele>
      </trkpt>
      <trkpt lat="43.84546" lon="6.22121">
        <ele>621.8</ele>
      </trkpt>
      <trkpt lat="43.84546" lon="6.22121">
        <ele>621.8</ele>
      </trkpt>
      <trkpt lat="43.84564" lon="6.22123">
        <ele>622.9</ele>
      </trkpt>
      <trkpt lat="43.84573" lon="6.22125">
        <ele>623.7</ele>
      </trkpt>
      <trkpt lat="43.84582" lon="6.22128">
        <ele>624.8</ele>
      </trkpt>
      <trkpt lat="43.8459" lon="6.22131">
        <ele>625.6</ele>
      </trkpt>
      <trkpt lat="43.84608" lon="6.22139">
        <ele>627.7</ele>
      </trkpt>
      <trkpt lat="43.84612" lon="6.22141">
        <ele>628.3</ele>
      </trkpt>
      <trkpt lat="43.84616" lon="6.22142">
        <ele>628.5</ele>
      </trkpt>
      <trkpt lat="43.84616" lon="6.22142">
        <ele>628.5</ele>
      </trkpt>
      <trkpt lat="43.846179" lon="6.22147">
        <ele>629.9</ele>
      </trkpt>
      <trkpt lat="43.8462" lon="6.22149">
        <ele>630.5</ele>
      </trkpt>
      <trkpt lat="43.84634" lon="6.22156">
        <ele>632.3</ele>
      </trkpt>
      <trkpt lat="43.84636" lon="6.22156">
        <ele>632.3</ele>
      </trkpt>
      <trkpt lat="43.8464" lon="6.22158">
        <ele>632.8</ele>
      </trkpt>
      <trkpt lat="43.84652" lon="6.22166">
        <ele>635.0</ele>
      </trkpt>
      <trkpt lat="43.8466" lon="6.22172">
        <ele>636.0</ele>
      </trkpt>
      <trkpt lat="43.846649" lon="6.22179">
        <ele>637.1</ele>
      </trkpt>
      <trkpt lat="43.84668" lon="6.22184">
        <ele>638.0</ele>
      </trkpt>
      <trkpt lat="43.84669" lon="6.22185">
        <ele>638.2</ele>
      </trkpt>
      <trkpt lat="43.84671" lon="6.22189">
        <ele>638.9</ele>
      </trkpt>
      <trkpt lat="43.84673" lon="6.22194">
        <ele>639.8</ele>
      </trkpt>
      <trkpt lat="43.84682" lon="6.22211">
        <ele>642.7</ele>
      </trkpt>
      <trkpt lat="43.84684" lon="6.222139">
        <ele>643.2</ele>
      </trkpt>
      <trkpt lat="43.84693" lon="6.22233">
        <ele>646.0</ele>
      </trkpt>
      <trkpt lat="43.84684" lon="6.222139">
        <ele>643.2</ele>
      </trkpt>
      <trkpt lat="43.84682" lon="6.22211">
        <ele>642.7</ele>
      </trkpt>
      <trkpt lat="43.84673" lon="6.22194">
        <ele>639.8</ele>
      </trkpt>
      <trkpt lat="43.84671" lon="6.22189">
        <ele>638.9</ele>
      </trkpt>
      <trkpt lat="43.84669" lon="6.22185">
        <ele>638.2</ele>
      </trkpt>
      <trkpt lat="43.84668" lon="6.22184">
        <ele>638.0</ele>
      </trkpt>
      <trkpt lat="43.846649" lon="6.22179">
        <ele>637.1</ele>
      </trkpt>
      <trkpt lat="43.84661" lon="6.22173">
        <ele>636.2</ele>
      </trkpt>
      <trkpt lat="43.84659" lon="6.22171">
        <ele>635.8</ele>
      </trkpt>
      <trkpt lat="43.84652" lon="6.22166">
        <ele>635.0</ele>
      </trkpt>
      <trkpt lat="43.8464" lon="6.22158">
        <ele>632.8</ele>
      </trkpt>
      <trkpt lat="43.84636" lon="6.22156">
        <ele>632.3</ele>
      </trkpt>
      <trkpt lat="43.84634" lon="6.22156">
        <ele>632.3</ele>
      </trkpt>
      <trkpt lat="43.8462" lon="6.22149">
        <ele>630.5</ele>
      </trkpt>
      <trkpt lat="43.84619" lon="6.22148">
        <ele>630.2</ele>
      </trkpt>
      <trkpt lat="43.846179" lon="6.22147">
        <ele>629.9</ele>
      </trkpt>
      <trkpt lat="43.84617" lon="6.22146">
        <ele>629.6</ele>
      </trkpt>
      <trkpt lat="43.84616" lon="6.22142">
        <ele>628.5</ele>
      </trkpt>
      <trkpt lat="43.84616" lon="6.22142">
        <ele>628.5</ele>
      </trkpt>
      <trkpt lat="43.84614" lon="6.22141">
        <ele>628.2</ele>
      </trkpt>
      <trkpt lat="43.84611" lon="6.2214">
        <ele>628.0</ele>
      </trkpt>
      <trkpt lat="43.84608" lon="6.22139">
        <ele>627.7</ele>
      </trkpt>
      <trkpt lat="43.84591" lon="6.22131">
        <ele>625.6</ele>
      </trkpt>
      <trkpt lat="43.8459" lon="6.22131">
        <ele>625.6</ele>
      </trkpt>
      <trkpt lat="43.84582" lon="6.22128">
        <ele>624.8</ele>
      </trkpt>
      <trkpt lat="43.84573" lon="6.22125">
        <ele>623.7</ele>
      </trkpt>
      <trkpt lat="43.84564" lon="6.22123">
        <ele>622.9</ele>
      </trkpt>
      <trkpt lat="43.84546" lon="6.22121">
        <ele>621.8</ele>
      </trkpt>
      <trkpt lat="43.84532" lon="6.22121">
        <ele>621.5</ele>
      </trkpt>
      <trkpt lat="43.84526" lon="6.22121">
        <ele>621.3</ele>
      </trkpt>
      <trkpt lat="43.84498" lon="6.22123">
        <ele>620.9</ele>
      </trkpt>
      <trkpt lat="43.8444" lon="6.2214">
        <ele>619.9</ele>
      </trkpt>
      <trkpt lat="43.84406" lon="6.22146">
        <ele>618.9</ele>
      </trkpt>
      <trkpt lat="43.84388" lon="6.22149">
        <ele>619.3</ele>
      </trkpt>
      <trkpt lat="43.8437" lon="6.22152">
        <ele>619.7</ele>
      </trkpt>
      <trkpt lat="43.84352" lon="6.22154">
        <ele>619.9</ele>
      </trkpt>
      <trkpt lat="43.84342" lon="6.22156">
        <ele>620.2</ele>
      </trkpt>
      <trkpt lat="43.84335" lon="6.22156">
        <ele>620.1</ele>
      </trkpt>
      <trkpt lat="43.84334" lon="6.22156">
        <ele>620.1</ele>
      </trkpt>
      <trkpt lat="43.8433" lon="6.22155">
        <ele>619.8</ele>
      </trkpt>
      <trkpt lat="43.84317" lon="6.22148">
        <ele>618.0</ele>
      </trkpt>
      <trkpt lat="43.84316" lon="6.22147">
        <ele>617.8</ele>
      </trkpt>
      <trkpt lat="43.843089" lon="6.22142">
        <ele>616.7</ele>
      </trkpt>
      <trkpt lat="43.84302" lon="6.22138">
        <ele>615.7</ele>
      </trkpt>
      <trkpt lat="43.84286" lon="6.22128">
        <ele>613.6</ele>
      </trkpt>
      <trkpt lat="43.84283" lon="6.22125">
        <ele>613.0</ele>
      </trkpt>
      <trkpt lat="43.84278" lon="6.22119">
        <ele>611.9</ele>
      </trkpt>
      <trkpt lat="43.84276" lon="6.22118">
        <ele>611.7</ele>
      </trkpt>
      <trkpt lat="43.84274" lon="6.22116">
        <ele>611.3</ele>
      </trkpt>
      <trkpt lat="43.8427" lon="6.22112">
        <ele>610.6</ele>
      </trkpt>
      <trkpt lat="43.84268" lon="6.2211">
        <ele>610.3</ele>
      </trkpt>
      <trkpt lat="43.84265" lon="6.22109">
        <ele>610.0</ele>
      </trkpt>
      <trkpt lat="43.8426" lon="6.22107">
        <ele>609.6</ele>
      </trkpt>
      <trkpt lat="43.84259" lon="6.221059">
        <ele>609.5</ele>
      </trkpt>
      <trkpt lat="43.842529" lon="6.22105">
        <ele>609.2</ele>
      </trkpt>
      <trkpt lat="43.84248" lon="6.22103">
        <ele>608.6</ele>
      </trkpt>
      <trkpt lat="43.84243" lon="6.22103">
        <ele>608.2</ele>
      </trkpt>
      <trkpt lat="43.84242" lon="6.22103">
        <ele>608.1</ele>
      </trkpt>
      <trkpt lat="43.84236" lon="6.22104">
        <ele>607.7</ele>
      </trkpt>
      <trkpt lat="43.84228" lon="6.22105">
        <ele>607.1</ele>
      </trkpt>
      <trkpt lat="43.84219" lon="6.22107">
        <ele>606.5</ele>
      </trkpt>
      <trkpt lat="43.84208" lon="6.22111">
        <ele>606.1</ele>
      </trkpt>
      <trkpt lat="43.84198" lon="6.22116">
        <ele>606.0</ele>
      </trkpt>
      <trkpt lat="43.8419" lon="6.22119">
        <ele>605.7</ele>
      </trkpt>
      <trkpt lat="43.84183" lon="6.22123">
        <ele>605.7</ele>
      </trkpt>
      <trkpt lat="43.84179" lon="6.22126">
        <ele>605.8</ele>
      </trkpt>
      <trkpt lat="43.84175" lon="6.2213">
        <ele>606.0</ele>
      </trkpt>
      <trkpt lat="43.84171" lon="6.22134">
        <ele>606.3</ele>
      </trkpt>
      <trkpt lat="43.84167" lon="6.22138">
        <ele>606.6</ele>
      </trkpt>
      <trkpt lat="43.84163" lon="6.22141">
        <ele>606.6</ele>
      </trkpt>
      <trkpt lat="43.8416" lon="6.22144">
        <ele>606.7</ele>
      </trkpt>
      <trkpt lat="43.84157" lon="6.22146">
        <ele>606.6</ele>
      </trkpt>
      <trkpt lat="43.84154" lon="6.22147">
        <ele>606.5</ele>
      </trkpt>
      <trkpt lat="43.84153" lon="6.22147">
        <ele>606.3</ele>
      </trkpt>
      <trkpt lat="43.84153" lon="6.22147">
        <ele>606.3</ele>
      </trkpt>
      <trkpt lat="43.84148" lon="6.22144">
        <ele>605.3</ele>
      </trkpt>
      <trkpt lat="43.84143" lon="6.2214">
        <ele>604.1</ele>
      </trkpt>
      <trkpt lat="43.8414" lon="6.22136">
        <ele>603.1</ele>
      </trkpt>
      <trkpt lat="43.84137" lon="6.22133">
        <ele>602.3</ele>
      </trkpt>
      <trkpt lat="43.84134" lon="6.22129">
        <ele>601.4</ele>
      </trkpt>
      <trkpt lat="43.84134" lon="6.22129">
        <ele>601.4</ele>
      </trkpt>
      <trkpt lat="43.84134" lon="6.22128">
        <ele>601.2</ele>
      </trkpt>
      <trkpt lat="43.84134" lon="6.22127">
        <ele>601.1</ele>
      </trkpt>
      <trkpt lat="43.84134" lon="6.22126">
        <ele>600.9</ele>
      </trkpt>
      <trkpt lat="43.84133" lon="6.22125">
        <ele>600.7</ele>
      </trkpt>
      <trkpt lat="43.84133" lon="6.22124">
        <ele>600.5</ele>
      </trkpt>
      <trkpt lat="43.84136" lon="6.22117">
        <ele>599.8</ele>
      </trkpt>
      <trkpt lat="43.841389" lon="6.2211">
        <ele>599.1</ele>
      </trkpt>
      <trkpt lat="43.84144" lon="6.22096">
        <ele>597.5</ele>
      </trkpt>
      <trkpt lat="43.84162" lon="6.22071">
        <ele>595.5</ele>
      </trkpt>
      <trkpt lat="43.84179" lon="6.22048">
        <ele>593.1</ele>
      </trkpt>
      <trkpt lat="43.84192" lon="6.2203">
        <ele>590.9</ele>
      </trkpt>
      <trkpt lat="43.84204" lon="6.22016">
        <ele>589.2</ele>
      </trkpt>
      <trkpt lat="43.84214" lon="6.22007">
        <ele>588.2</ele>
      </trkpt>
      <trkpt lat="43.84228" lon="6.21996">
        <ele>587.1</ele>
      </trkpt>
      <trkpt lat="43.84241" lon="6.21988">
        <ele>586.7</ele>
      </trkpt>
      <trkpt lat="43.842529" lon="6.21982">
        <ele>586.4</ele>
      </trkpt>
      <trkpt lat="43.84258" lon="6.2198">
        <ele>586.1</ele>
      </trkpt>
      <trkpt lat="43.84268" lon="6.21976">
        <ele>585.5</ele>
      </trkpt>
      <trkpt lat="43.84275" lon="6.21974">
        <ele>585.3</ele>
      </trkpt>
      <trkpt lat="43.84293" lon="6.21967">
        <ele>584.2</ele>
      </trkpt>
      <trkpt lat="43.8431" lon="6.21962">
        <ele>583.5</ele>
      </trkpt>
      <trkpt lat="43.84328" lon="6.21957">
        <ele>582.8</ele>
      </trkpt>
      <trkpt lat="43.8435" lon="6.2195">
        <ele>582.6</ele>
      </trkpt>
      <trkpt lat="43.84364" lon="6.21945">
        <ele>582.6</ele>
      </trkpt>
      <trkpt lat="43.84376" lon="6.2194">
        <ele>582.4</ele>
      </trkpt>
      <trkpt lat="43.84394" lon="6.21932">
        <ele>582.1</ele>
      </trkpt>
      <trkpt lat="43.84405" lon="6.21926">
        <ele>581.8</ele>
      </trkpt>
      <trkpt lat="43.84414" lon="6.2192">
        <ele>581.4</ele>
      </trkpt>
      <trkpt lat="43.84426" lon="6.2191">
        <ele>580.2</ele>
      </trkpt>
      <trkpt lat="43.84436" lon="6.219">
        <ele>579.0</ele>
      </trkpt>
      <trkpt lat="43.84437" lon="6.21898">
        <ele>578.7</ele>
      </trkpt>
      <trkpt lat="43.84449" lon="6.21884">
        <ele>577.1</ele>
      </trkpt>
      <trkpt lat="43.84449" lon="6.21883">
        <ele>577.0</ele>
      </trkpt>
      <trkpt lat="43.844589" lon="6.21868">
        <ele>575.4</ele>
      </trkpt>
      <trkpt lat="43.84467" lon="6.21856">
        <ele>574.2</ele>
      </trkpt>
      <trkpt lat="43.84472" lon="6.21845">
        <ele>573.1</ele>
      </trkpt>
      <trkpt lat="43.84476" lon="6.21834">
        <ele>571.9</ele>
      </trkpt>
      <trkpt lat="43.84481" lon="6.2182">
        <ele>571.6</ele>
      </trkpt>
      <trkpt lat="43.84485" lon="6.21807">
        <ele>571.4</ele>
      </trkpt>
      <trkpt lat="43.84487" lon="6.21799">
        <ele>571.2</ele>
      </trkpt>
      <trkpt lat="43.844871" lon="6.21799">
        <ele>571.2</ele>
      </trkpt>
      <trkpt lat="43.8449" lon="6.21788">
        <ele>571.0</ele>
      </trkpt>
      <trkpt lat="43.84493" lon="6.21774">
        <ele>570.6</ele>
      </trkpt>
      <trkpt lat="43.84495" lon="6.21757">
        <ele>570.1</ele>
      </trkpt>
      <trkpt lat="43.84496" lon="6.217399">
        <ele>569.9</ele>
      </trkpt>
      <trkpt lat="43.84496" lon="6.21721">
        <ele>569.8</ele>
      </trkpt>
      <trkpt lat="43.84495" lon="6.2171">
        <ele>569.8</ele>
      </trkpt>
      <trkpt lat="43.84495" lon="6.21701">
        <ele>569.7</ele>
      </trkpt>
      <trkpt lat="43.84492" lon="6.21678">
        <ele>569.5</ele>
      </trkpt>
      <trkpt lat="43.84488" lon="6.21662">
        <ele>569.4</ele>
      </trkpt>
      <trkpt lat="43.84487" lon="6.21656">
        <ele>569.4</ele>
      </trkpt>
      <trkpt lat="43.84485" lon="6.21649">
        <ele>569.4</ele>
      </trkpt>
      <trkpt lat="43.84482" lon="6.21638">
        <ele>569.8</ele>
      </trkpt>
      <trkpt lat="43.844769" lon="6.216249">
        <ele>570.2</ele>
      </trkpt>
      <trkpt lat="43.84471" lon="6.216109">
        <ele>570.5</ele>
      </trkpt>
      <trkpt lat="43.84469" lon="6.21602">
        <ele>570.8</ele>
      </trkpt>
      <trkpt lat="43.84467" lon="6.21598">
        <ele>570.9</ele>
      </trkpt>
      <trkpt lat="43.84466" lon="6.21592">
        <ele>571.0</ele>
      </trkpt>
      <trkpt lat="43.84463" lon="6.21583">
        <ele>571.2</ele>
      </trkpt>
      <trkpt lat="43.84463" lon="6.21582">
        <ele>571.3</ele>
      </trkpt>
      <trkpt lat="43.84463" lon="6.21581">
        <ele>571.3</ele>
      </trkpt>
      <trkpt lat="43.84463" lon="6.2158">
        <ele>571.3</ele>
      </trkpt>
      <trkpt lat="43.84464" lon="6.2158">
        <ele>571.4</ele>
      </trkpt>
      <trkpt lat="43.84464" lon="6.21579">
        <ele>571.4</ele>
      </trkpt>
      <trkpt lat="43.84464" lon="6.21578">
        <ele>571.4</ele>
      </trkpt>
      <trkpt lat="43.84464" lon="6.21577">
        <ele>571.5</ele>
      </trkpt>
      <trkpt lat="43.84463" lon="6.21576">
        <ele>571.4</ele>
      </trkpt>
      <trkpt lat="43.84463" lon="6.21575">
        <ele>571.5</ele>
      </trkpt>
      <trkpt lat="43.84463" lon="6.21574">
        <ele>571.5</ele>
      </trkpt>
      <trkpt lat="43.84463" lon="6.21573">
        <ele>571.5</ele>
      </trkpt>
      <trkpt lat="43.84462" lon="6.21572">
        <ele>571.5</ele>
      </trkpt>
      <trkpt lat="43.84462" lon="6.215709">
        <ele>571.5</ele>
      </trkpt>
      <trkpt lat="43.84461" lon="6.2157">
        <ele>571.5</ele>
      </trkpt>
      <trkpt lat="43.84461" lon="6.21569">
        <ele>571.6</ele>
      </trkpt>
      <trkpt lat="43.8446" lon="6.21569">
        <ele>571.5</ele>
      </trkpt>
      <trkpt lat="43.8446" lon="6.21568">
        <ele>571.5</ele>
      </trkpt>
      <trkpt lat="43.844589" lon="6.21568">
        <ele>571.5</ele>
      </trkpt>
      <trkpt lat="43.84458" lon="6.21567">
        <ele>571.5</ele>
      </trkpt>
      <trkpt lat="43.84457" lon="6.21567">
        <ele>571.4</ele>
      </trkpt>
      <trkpt lat="43.84456" lon="6.21567">
        <ele>571.4</ele>
      </trkpt>
      <trkpt lat="43.84456" lon="6.21566">
        <ele>571.4</ele>
      </trkpt>
      <trkpt lat="43.84455" lon="6.21566">
        <ele>571.4</ele>
      </trkpt>
      <trkpt lat="43.84454" lon="6.21566">
        <ele>571.3</ele>
      </trkpt>
      <trkpt lat="43.84439" lon="6.21552">
        <ele>571.1</ele>
      </trkpt>
      <trkpt lat="43.84419" lon="6.21522">
        <ele>571.3</ele>
      </trkpt>
      <trkpt lat="43.84417" lon="6.21519">
        <ele>571.3</ele>
      </trkpt>
      <trkpt lat="43.84407" lon="6.21505">
        <ele>571.4</ele>
      </trkpt>
      <trkpt lat="43.84405" lon="6.21501">
        <ele>571.4</ele>
      </trkpt>
      <trkpt lat="43.84396" lon="6.21491">
        <ele>571.4</ele>
      </trkpt>
      <trkpt lat="43.84387" lon="6.21479">
        <ele>571.6</ele>
      </trkpt>
      <trkpt lat="43.84377" lon="6.21471">
        <ele>571.6</ele>
      </trkpt>
      <trkpt lat="43.84362" lon="6.21462">
        <ele>571.6</ele>
      </trkpt>
      <trkpt lat="43.8436" lon="6.21461">
        <ele>571.6</ele>
      </trkpt>
      <trkpt lat="43.84352" lon="6.21458">
        <ele>571.6</ele>
      </trkpt>
      <trkpt lat="43.84338" lon="6.21454">
        <ele>571.4</ele>
      </trkpt>
      <trkpt lat="43.84326" lon="6.2145">
        <ele>571.4</ele>
      </trkpt>
      <trkpt lat="43.84316" lon="6.21447">
        <ele>571.4</ele>
      </trkpt>
      <trkpt lat="43.84306" lon="6.21444">
        <ele>571.4</ele>
      </trkpt>
      <trkpt lat="43.84303" lon="6.214419">
        <ele>571.4</ele>
      </trkpt>
      <trkpt lat="43.84289" lon="6.21437">
        <ele>571.3</ele>
      </trkpt>
      <trkpt lat="43.84268" lon="6.21426">
        <ele>571.2</ele>
      </trkpt>
      <trkpt lat="43.84258" lon="6.2142">
        <ele>571.2</ele>
      </trkpt>
      <trkpt lat="43.84255" lon="6.21418">
        <ele>571.1</ele>
      </trkpt>
      <trkpt lat="43.84242" lon="6.2141">
        <ele>570.6</ele>
      </trkpt>
      <trkpt lat="43.84241" lon="6.21409">
        <ele>570.6</ele>
      </trkpt>
      <trkpt lat="43.84237" lon="6.21404">
        <ele>570.4</ele>
      </trkpt>
      <trkpt lat="43.84232" lon="6.21398">
        <ele>570.1</ele>
      </trkpt>
      <trkpt lat="43.84227" lon="6.21391">
        <ele>569.8</ele>
      </trkpt>
      <trkpt lat="43.84225" lon="6.213879">
        <ele>569.7</ele>
      </trkpt>
      <trkpt lat="43.84222" lon="6.21382">
        <ele>569.5</ele>
      </trkpt>
      <trkpt lat="43.84217" lon="6.213669">
        <ele>569.2</ele>
      </trkpt>
      <trkpt lat="43.84216" lon="6.21362">
        <ele>569.2</ele>
      </trkpt>
      <trkpt lat="43.842149" lon="6.21355">
        <ele>569.2</ele>
      </trkpt>
      <trkpt lat="43.842149" lon="6.2135">
        <ele>569.2</ele>
      </trkpt>
      <trkpt lat="43.84214" lon="6.21343">
        <ele>569.2</ele>
      </trkpt>
      <trkpt lat="43.842149" lon="6.21319">
        <ele>569.8</ele>
      </trkpt>
      <trkpt lat="43.84218" lon="6.212989">
        <ele>570.8</ele>
      </trkpt>
      <trkpt lat="43.84222" lon="6.21277">
        <ele>572.0</ele>
      </trkpt>
      <trkpt lat="43.84223" lon="6.2127">
        <ele>572.3</ele>
      </trkpt>
      <trkpt lat="43.84228" lon="6.21249">
        <ele>573.7</ele>
      </trkpt>
      <trkpt lat="43.84234" lon="6.21229">
        <ele>574.0</ele>
      </trkpt>
      <trkpt lat="43.84239" lon="6.21214">
        <ele>574.3</ele>
      </trkpt>
      <trkpt lat="43.84247" lon="6.21194">
        <ele>574.8</ele>
      </trkpt>
      <trkpt lat="43.84254" lon="6.21174">
        <ele>575.2</ele>
      </trkpt>
      <trkpt lat="43.84257" lon="6.21162">
        <ele>575.2</ele>
      </trkpt>
      <trkpt lat="43.84264" lon="6.21138">
        <ele>575.2</ele>
      </trkpt>
      <trkpt lat="43.84266" lon="6.21133">
        <ele>575.3</ele>
      </trkpt>
      <trkpt lat="43.8427" lon="6.21115">
        <ele>574.9</ele>
      </trkpt>
      <trkpt lat="43.84272" lon="6.21106">
        <ele>574.7</ele>
      </trkpt>
      <trkpt lat="43.84276" lon="6.21092">
        <ele>574.6</ele>
      </trkpt>
      <trkpt lat="43.84282" lon="6.210689">
        <ele>574.5</ele>
      </trkpt>
      <trkpt lat="43.84283" lon="6.21068">
        <ele>574.6</ele>
      </trkpt>
      <trkpt lat="43.84289" lon="6.21045">
        <ele>574.7</ele>
      </trkpt>
      <trkpt lat="43.84294" lon="6.21026">
        <ele>574.7</ele>
      </trkpt>
      <trkpt lat="43.84296" lon="6.21022">
        <ele>574.8</ele>
      </trkpt>
      <trkpt lat="43.84302" lon="6.20999">
        <ele>574.7</ele>
      </trkpt>
      <trkpt lat="43.84304" lon="6.20992">
        <ele>574.9</ele>
      </trkpt>
      <trkpt lat="43.8431" lon="6.20976">
        <ele>575.4</ele>
      </trkpt>
      <trkpt lat="43.84317" lon="6.20952">
        <ele>575.6</ele>
      </trkpt>
      <trkpt lat="43.8434" lon="6.20885">
        <ele>575.8</ele>
      </trkpt>
      <trkpt lat="43.84346" lon="6.208649">
        <ele>575.8</ele>
      </trkpt>
      <trkpt lat="43.84361" lon="6.2082">
        <ele>576.3</ele>
      </trkpt>
      <trkpt lat="43.84373" lon="6.20782">
        <ele>577.2</ele>
      </trkpt>
      <trkpt lat="43.84386" lon="6.20749">
        <ele>577.5</ele>
      </trkpt>
      <trkpt lat="43.84401" lon="6.20716">
        <ele>578.5</ele>
      </trkpt>
      <trkpt lat="43.84407" lon="6.207">
        <ele>578.7</ele>
      </trkpt>
      <trkpt lat="43.84424" lon="6.20648">
        <ele>579.2</ele>
      </trkpt>
      <trkpt lat="43.84431" lon="6.20625">
        <ele>579.4</ele>
      </trkpt>
      <trkpt lat="43.84432" lon="6.20622">
        <ele>579.5</ele>
      </trkpt>
      <trkpt lat="43.84442" lon="6.20594">
        <ele>579.9</ele>
      </trkpt>
      <trkpt lat="43.84448" lon="6.2058">
        <ele>580.4</ele>
      </trkpt>
      <trkpt lat="43.84452" lon="6.20571">
        <ele>580.9</ele>
      </trkpt>
      <trkpt lat="43.84458" lon="6.205599">
        <ele>581.5</ele>
      </trkpt>
      <trkpt lat="43.84474" lon="6.20534">
        <ele>582.9</ele>
      </trkpt>
      <trkpt lat="43.84486" lon="6.20517">
        <ele>583.5</ele>
      </trkpt>
      <trkpt lat="43.845" lon="6.204989">
        <ele>584.0</ele>
      </trkpt>
      <trkpt lat="43.84507" lon="6.20491">
        <ele>584.8</ele>
      </trkpt>
      <trkpt lat="43.84513" lon="6.20484">
        <ele>585.5</ele>
      </trkpt>
      <trkpt lat="43.84529" lon="6.20467">
        <ele>587.0</ele>
      </trkpt>
      <trkpt lat="43.84563" lon="6.20434">
        <ele>589.2</ele>
      </trkpt>
      <trkpt lat="43.84569" lon="6.20428">
        <ele>589.5</ele>
      </trkpt>
      <trkpt lat="43.845799" lon="6.20418">
        <ele>589.8</ele>
      </trkpt>
      <trkpt lat="43.84594" lon="6.20404">
        <ele>590.5</ele>
      </trkpt>
      <trkpt lat="43.84604" lon="6.20394">
        <ele>591.0</ele>
      </trkpt>
      <trkpt lat="43.84608" lon="6.20389">
        <ele>591.2</ele>
      </trkpt>
      <trkpt lat="43.84611" lon="6.203839">
        <ele>591.2</ele>
      </trkpt>
      <trkpt lat="43.84614" lon="6.20378">
        <ele>591.2</ele>
      </trkpt>
      <trkpt lat="43.84616" lon="6.20372">
        <ele>591.1</ele>
      </trkpt>
      <trkpt lat="43.84617" lon="6.20367">
        <ele>591.0</ele>
      </trkpt>
      <trkpt lat="43.846179" lon="6.20357">
        <ele>590.9</ele>
      </trkpt>
      <trkpt lat="43.846179" lon="6.2035">
        <ele>590.8</ele>
      </trkpt>
      <trkpt lat="43.84617" lon="6.20342">
        <ele>590.7</ele>
      </trkpt>
      <trkpt lat="43.84614" lon="6.203299">
        <ele>590.6</ele>
      </trkpt>
      <trkpt lat="43.84611" lon="6.20317">
        <ele>590.5</ele>
      </trkpt>
      <trkpt lat="43.8461" lon="6.20313">
        <ele>590.4</ele>
      </trkpt>
      <trkpt lat="43.84611" lon="6.20311">
        <ele>590.4</ele>
      </trkpt>
      <trkpt lat="43.84611" lon="6.20309">
        <ele>590.4</ele>
      </trkpt>
      <trkpt lat="43.84611" lon="6.20306">
        <ele>590.4</ele>
      </trkpt>
      <trkpt lat="43.84612" lon="6.20303">
        <ele>590.3</ele>
      </trkpt>
      <trkpt lat="43.84613" lon="6.203">
        <ele>590.3</ele>
      </trkpt>
      <trkpt lat="43.84615" lon="6.20296">
        <ele>590.2</ele>
      </trkpt>
      <trkpt lat="43.84619" lon="6.20288">
        <ele>590.2</ele>
      </trkpt>
      <trkpt lat="43.84623" lon="6.20281">
        <ele>590.5</ele>
      </trkpt>
      <trkpt lat="43.84624" lon="6.20279">
        <ele>590.6</ele>
      </trkpt>
      <trkpt lat="43.84664" lon="6.20213">
        <ele>594.3</ele>
      </trkpt>
      <trkpt lat="43.84696" lon="6.20158">
        <ele>597.1</ele>
      </trkpt>
      <trkpt lat="43.84722" lon="6.20114">
        <ele>597.6</ele>
      </trkpt>
      <trkpt lat="43.84723" lon="6.20113">
        <ele>597.6</ele>
      </trkpt>
      <trkpt lat="43.84744" lon="6.20076">
        <ele>597.5</ele>
      </trkpt>
      <trkpt lat="43.84745" lon="6.20075">
        <ele>597.6</ele>
      </trkpt>
      <trkpt lat="43.847589" lon="6.20049">
        <ele>599.5</ele>
      </trkpt>
      <trkpt lat="43.84777" lon="6.20015">
        <ele>602.0</ele>
      </trkpt>
      <trkpt lat="43.84782" lon="6.20004">
        <ele>602.6</ele>
      </trkpt>
      <trkpt lat="43.84788" lon="6.19994">
        <ele>603.5</ele>
      </trkpt>
      <trkpt lat="43.84802" lon="6.19968">
        <ele>605.8</ele>
      </trkpt>
      <trkpt lat="43.8482" lon="6.19936">
        <ele>607.6</ele>
      </trkpt>
      <trkpt lat="43.84827" lon="6.19923">
        <ele>608.0</ele>
      </trkpt>
      <trkpt lat="43.8483" lon="6.19914">
        <ele>608.5</ele>
      </trkpt>
      <trkpt lat="43.84834" lon="6.19907">
        <ele>608.9</ele>
      </trkpt>
      <trkpt lat="43.84839" lon="6.19892">
        <ele>610.1</ele>
      </trkpt>
      <trkpt lat="43.84842" lon="6.19883">
        <ele>610.8</ele>
      </trkpt>
      <trkpt lat="43.84859" lon="6.19839">
        <ele>613.4</ele>
      </trkpt>
      <trkpt lat="43.84864" lon="6.19826">
        <ele>614.1</ele>
      </trkpt>
      <trkpt lat="43.8487" lon="6.19813">
        <ele>614.9</ele>
      </trkpt>
      <trkpt lat="43.84875" lon="6.19803">
        <ele>615.4</ele>
      </trkpt>
      <trkpt lat="43.84881" lon="6.19793">
        <ele>615.8</ele>
      </trkpt>
      <trkpt lat="43.84893" lon="6.19778">
        <ele>616.0</ele>
      </trkpt>
      <trkpt lat="43.84898" lon="6.1977">
        <ele>616.2</ele>
      </trkpt>
      <trkpt lat="43.84905" lon="6.19761">
        <ele>616.3</ele>
      </trkpt>
      <trkpt lat="43.84908" lon="6.19755">
        <ele>616.5</ele>
      </trkpt>
      <trkpt lat="43.84912" lon="6.19746">
        <ele>616.7</ele>
      </trkpt>
      <trkpt lat="43.84913" lon="6.19743">
        <ele>616.7</ele>
      </trkpt>
      <trkpt lat="43.84922" lon="6.19719">
        <ele>616.9</ele>
      </trkpt>
      <trkpt lat="43.84929" lon="6.19702">
        <ele>617.1</ele>
      </trkpt>
      <trkpt lat="43.84935" lon="6.19691">
        <ele>617.2</ele>
      </trkpt>
      <trkpt lat="43.8494" lon="6.19683">
        <ele>617.1</ele>
      </trkpt>
      <trkpt lat="43.84954" lon="6.19667">
        <ele>616.8</ele>
      </trkpt>
      <trkpt lat="43.84985" lon="6.19637">
        <ele>619.3</ele>
      </trkpt>
      <trkpt lat="43.84999" lon="6.19624">
        <ele>621.2</ele>
      </trkpt>
      <trkpt lat="43.8501" lon="6.19614">
        <ele>622.9</ele>
      </trkpt>
      <trkpt lat="43.85014" lon="6.19612">
        <ele>623.3</ele>
      </trkpt>
      <trkpt lat="43.85023" lon="6.196049">
        <ele>624.3</ele>
      </trkpt>
      <trkpt lat="43.85038" lon="6.19597">
        <ele>625.3</ele>
      </trkpt>
      <trkpt lat="43.85048" lon="6.19592">
        <ele>625.8</ele>
      </trkpt>
      <trkpt lat="43.85065" lon="6.19585">
        <ele>626.3</ele>
      </trkpt>
      <trkpt lat="43.85094" lon="6.19572">
        <ele>627.8</ele>
      </trkpt>
      <trkpt lat="43.85128" lon="6.19557">
        <ele>629.4</ele>
      </trkpt>
      <trkpt lat="43.85136" lon="6.19554">
        <ele>629.6</ele>
      </trkpt>
      <trkpt lat="43.85143" lon="6.19553">
        <ele>629.5</ele>
      </trkpt>
      <trkpt lat="43.8515" lon="6.19553">
        <ele>629.3</ele>
      </trkpt>
      <trkpt lat="43.85155" lon="6.19553">
        <ele>629.2</ele>
      </trkpt>
      <trkpt lat="43.851619" lon="6.19554">
        <ele>628.9</ele>
      </trkpt>
      <trkpt lat="43.85169" lon="6.19556">
        <ele>628.6</ele>
      </trkpt>
      <trkpt lat="43.8517" lon="6.19556">
        <ele>628.7</ele>
      </trkpt>
      <trkpt lat="43.85176" lon="6.19559">
        <ele>628.4</ele>
      </trkpt>
      <trkpt lat="43.851819" lon="6.1956">
        <ele>628.4</ele>
      </trkpt>
      <trkpt lat="43.85188" lon="6.19561">
        <ele>628.4</ele>
      </trkpt>
      <trkpt lat="43.85193" lon="6.19562">
        <ele>628.4</ele>
      </trkpt>
      <trkpt lat="43.85199" lon="6.19562">
        <ele>628.4</ele>
      </trkpt>
      <trkpt lat="43.85206" lon="6.19562">
        <ele>628.5</ele>
      </trkpt>
      <trkpt lat="43.85211" lon="6.19561">
        <ele>628.6</ele>
      </trkpt>
      <trkpt lat="43.85227" lon="6.19558">
        <ele>629.0</ele>
      </trkpt>
      <trkpt lat="43.852379" lon="6.19555">
        <ele>629.3</ele>
      </trkpt>
      <trkpt lat="43.8527" lon="6.19548">
        <ele>631.3</ele>
      </trkpt>
      <trkpt lat="43.85302" lon="6.1954">
        <ele>634.5</ele>
      </trkpt>
      <trkpt lat="43.85313" lon="6.19538">
        <ele>635.6</ele>
      </trkpt>
      <trkpt lat="43.85325" lon="6.19535">
        <ele>636.9</ele>
      </trkpt>
      <trkpt lat="43.85329" lon="6.19535">
        <ele>637.3</ele>
      </trkpt>
      <trkpt lat="43.85333" lon="6.19535">
        <ele>637.6</ele>
      </trkpt>
      <trkpt lat="43.85335" lon="6.19535">
        <ele>637.9</ele>
      </trkpt>
      <trkpt lat="43.85338" lon="6.19536">
        <ele>638.2</ele>
      </trkpt>
      <trkpt lat="43.85339" lon="6.19536">
        <ele>638.4</ele>
      </trkpt>
      <trkpt lat="43.85346" lon="6.19541">
        <ele>638.9</ele>
      </trkpt>
      <trkpt lat="43.85387" lon="6.19573">
        <ele>640.8</ele>
      </trkpt>
      <trkpt lat="43.85396" lon="6.1958">
        <ele>641.0</ele>
      </trkpt>
      <trkpt lat="43.85403" lon="6.195839">
        <ele>641.3</ele>
      </trkpt>
      <trkpt lat="43.85412" lon="6.19588">
        <ele>642.2</ele>
      </trkpt>
      <trkpt lat="43.85422" lon="6.19592">
        <ele>643.2</ele>
      </trkpt>
      <trkpt lat="43.85428" lon="6.19596">
        <ele>643.8</ele>
      </trkpt>
      <trkpt lat="43.85431" lon="6.195979">
        <ele>644.0</ele>
      </trkpt>
      <trkpt lat="43.85437" lon="6.19604">
        <ele>644.4</ele>
      </trkpt>
      <trkpt lat="43.85441" lon="6.19609">
        <ele>644.5</ele>
      </trkpt>
      <trkpt lat="43.854439" lon="6.19613">
        <ele>644.6</ele>
      </trkpt>
      <trkpt lat="43.85454" lon="6.1963">
        <ele>644.3</ele>
      </trkpt>
      <trkpt lat="43.8546" lon="6.19639">
        <ele>644.2</ele>
      </trkpt>
      <trkpt lat="43.85466" lon="6.196449">
        <ele>644.2</ele>
      </trkpt>
      <trkpt lat="43.85471" lon="6.1965">
        <ele>644.2</ele>
      </trkpt>
      <trkpt lat="43.85481" lon="6.19658">
        <ele>644.3</ele>
      </trkpt>
      <trkpt lat="43.854819" lon="6.196589">
        <ele>644.3</ele>
      </trkpt>
      <trkpt lat="43.85492" lon="6.19667">
        <ele>644.3</ele>
      </trkpt>
      <trkpt lat="43.85513" lon="6.19683">
        <ele>646.9</ele>
      </trkpt>
      <trkpt lat="43.85533" lon="6.19698">
        <ele>649.4</ele>
      </trkpt>
      <trkpt lat="43.85545" lon="6.197059">
        <ele>650.7</ele>
      </trkpt>
      <trkpt lat="43.85551" lon="6.19712">
        <ele>651.0</ele>
      </trkpt>
      <trkpt lat="43.85568" lon="6.19725">
        <ele>652.1</ele>
      </trkpt>
      <trkpt lat="43.85582" lon="6.19737">
        <ele>652.4</ele>
      </trkpt>
      <trkpt lat="43.85604" lon="6.19754">
        <ele>655.7</ele>
      </trkpt>
      <trkpt lat="43.8561" lon="6.1976">
        <ele>656.7</ele>
      </trkpt>
      <trkpt lat="43.85612" lon="6.19762">
        <ele>657.0</ele>
      </trkpt>
      <trkpt lat="43.85614" lon="6.19765">
        <ele>657.2</ele>
      </trkpt>
      <trkpt lat="43.85617" lon="6.1977">
        <ele>657.5</ele>
      </trkpt>
      <trkpt lat="43.85622" lon="6.19783">
        <ele>657.4</ele>
      </trkpt>
      <trkpt lat="43.85629" lon="6.19799">
        <ele>657.3</ele>
      </trkpt>
      <trkpt lat="43.85631" lon="6.19805">
        <ele>657.1</ele>
      </trkpt>
      <trkpt lat="43.85633" lon="6.19808">
        <ele>657.1</ele>
      </trkpt>
      <trkpt lat="43.85635" lon="6.19811">
        <ele>657.1</ele>
      </trkpt>
      <trkpt lat="43.85638" lon="6.19814">
        <ele>657.3</ele>
      </trkpt>
      <trkpt lat="43.8564" lon="6.19816">
        <ele>657.4</ele>
      </trkpt>
      <trkpt lat="43.85642" lon="6.19817">
        <ele>657.6</ele>
      </trkpt>
      <trkpt lat="43.85646" lon="6.19818">
        <ele>658.1</ele>
      </trkpt>
      <trkpt lat="43.85647" lon="6.19817">
        <ele>658.3</ele>
      </trkpt>
      <trkpt lat="43.85648" lon="6.19816">
        <ele>658.6</ele>
      </trkpt>
      <trkpt lat="43.856499" lon="6.19814">
        <ele>659.2</ele>
      </trkpt>
      <trkpt lat="43.856499" lon="6.19812">
        <ele>659.4</ele>
      </trkpt>
      <trkpt lat="43.85651" lon="6.1981">
        <ele>659.8</ele>
      </trkpt>
      <trkpt lat="43.85651" lon="6.19808">
        <ele>660.1</ele>
      </trkpt>
      <trkpt lat="43.85652" lon="6.19805">
        <ele>660.6</ele>
      </trkpt>
      <trkpt lat="43.85652" lon="6.19802">
        <ele>661.0</ele>
      </trkpt>
      <trkpt lat="43.85651" lon="6.19798">
        <ele>661.3</ele>
      </trkpt>
      <trkpt lat="43.85651" lon="6.19797">
        <ele>661.4</ele>
      </trkpt>
      <trkpt lat="43.856499" lon="6.19796">
        <ele>661.4</ele>
      </trkpt>
      <trkpt lat="43.85648" lon="6.1979">
        <ele>661.7</ele>
      </trkpt>
      <trkpt lat="43.85639" lon="6.19769">
        <ele>662.3</ele>
      </trkpt>
      <trkpt lat="43.85634" lon="6.19758">
        <ele>662.3</ele>
      </trkpt>
      <trkpt lat="43.85633" lon="6.19754">
        <ele>662.5</ele>
      </trkpt>
      <trkpt lat="43.85626" lon="6.19736">
        <ele>663.4</ele>
      </trkpt>
      <trkpt lat="43.85625" lon="6.19731">
        <ele>663.9</ele>
      </trkpt>
      <trkpt lat="43.85619" lon="6.19714">
        <ele>664.8</ele>
      </trkpt>
      <trkpt lat="43.8561" lon="6.19695">
        <ele>665.1</ele>
      </trkpt>
      <trkpt lat="43.856" lon="6.19676">
        <ele>664.8</ele>
      </trkpt>
      <trkpt lat="43.85596" lon="6.19669">
        <ele>664.5</ele>
      </trkpt>
      <trkpt lat="43.85591" lon="6.1966">
        <ele>664.6</ele>
      </trkpt>
      <trkpt lat="43.85582" lon="6.196449">
        <ele>664.9</ele>
      </trkpt>
      <trkpt lat="43.85574" lon="6.19631">
        <ele>665.8</ele>
      </trkpt>
      <trkpt lat="43.85565" lon="6.19618">
        <ele>666.1</ele>
      </trkpt>
      <trkpt lat="43.85557" lon="6.196049">
        <ele>666.4</ele>
      </trkpt>
      <trkpt lat="43.85548" lon="6.19592">
        <ele>666.3</ele>
      </trkpt>
      <trkpt lat="43.85542" lon="6.19583">
        <ele>666.2</ele>
      </trkpt>
      <trkpt lat="43.85537" lon="6.19575">
        <ele>666.3</ele>
      </trkpt>
      <trkpt lat="43.85537" lon="6.19573">
        <ele>666.7</ele>
      </trkpt>
      <trkpt lat="43.85534" lon="6.1957">
        <ele>666.4</ele>
      </trkpt>
      <trkpt lat="43.85532" lon="6.19567">
        <ele>666.5</ele>
      </trkpt>
      <trkpt lat="43.85532" lon="6.19566">
        <ele>666.7</ele>
      </trkpt>
      <trkpt lat="43.85531" lon="6.19565">
        <ele>666.6</ele>
      </trkpt>
      <trkpt lat="43.85531" lon="6.19562">
        <ele>667.1</ele>
      </trkpt>
      <trkpt lat="43.85531" lon="6.19559">
        <ele>667.7</ele>
      </trkpt>
      <trkpt lat="43.85531" lon="6.19555">
        <ele>668.4</ele>
      </trkpt>
      <trkpt lat="43.85531" lon="6.19552">
        <ele>669.0</ele>
      </trkpt>
      <trkpt lat="43.85532" lon="6.1955">
        <ele>669.6</ele>
      </trkpt>
      <trkpt lat="43.85533" lon="6.19549">
        <ele>670.1</ele>
      </trkpt>
      <trkpt lat="43.85533" lon="6.19548">
        <ele>670.2</ele>
      </trkpt>
      <trkpt lat="43.85534" lon="6.19547">
        <ele>670.7</ele>
      </trkpt>
      <trkpt lat="43.85535" lon="6.19546">
        <ele>671.2</ele>
      </trkpt>
      <trkpt lat="43.85536" lon="6.19546">
        <ele>671.4</ele>
      </trkpt>
      <trkpt lat="43.85537" lon="6.19545">
        <ele>671.9</ele>
      </trkpt>
      <trkpt lat="43.855379" lon="6.195439">
        <ele>672.3</ele>
      </trkpt>
      <trkpt lat="43.85539" lon="6.195439">
        <ele>672.6</ele>
      </trkpt>
      <trkpt lat="43.8554" lon="6.195439">
        <ele>672.9</ele>
      </trkpt>
      <trkpt lat="43.85542" lon="6.19545">
        <ele>673.2</ele>
      </trkpt>
      <trkpt lat="43.85543" lon="6.19545">
        <ele>673.5</ele>
      </trkpt>
      <trkpt lat="43.85544" lon="6.19546">
        <ele>673.6</ele>
      </trkpt>
      <trkpt lat="43.85545" lon="6.19548">
        <ele>673.5</ele>
      </trkpt>
      <trkpt lat="43.85552" lon="6.19557">
        <ele>673.7</ele>
      </trkpt>
      <trkpt lat="43.85563" lon="6.19575">
        <ele>673.2</ele>
      </trkpt>
      <trkpt lat="43.8557" lon="6.195839">
        <ele>673.4</ele>
      </trkpt>
      <trkpt lat="43.85581" lon="6.19596">
        <ele>674.0</ele>
      </trkpt>
      <trkpt lat="43.85592" lon="6.19607">
        <ele>674.9</ele>
      </trkpt>
      <trkpt lat="43.85606" lon="6.19622">
        <ele>676.1</ele>
      </trkpt>
      <trkpt lat="43.85606" lon="6.19623">
        <ele>675.9</ele>
      </trkpt>
      <trkpt lat="43.8561" lon="6.19627">
        <ele>676.3</ele>
      </trkpt>
      <trkpt lat="43.85634" lon="6.19654">
        <ele>678.5</ele>
      </trkpt>
      <trkpt lat="43.85639" lon="6.19661">
        <ele>678.7</ele>
      </trkpt>
      <trkpt lat="43.85642" lon="6.196659">
        <ele>678.7</ele>
      </trkpt>
      <trkpt lat="43.85644" lon="6.19672">
        <ele>678.3</ele>
      </trkpt>
      <trkpt lat="43.85652" lon="6.19695">
        <ele>676.8</ele>
      </trkpt>
      <trkpt lat="43.85662" lon="6.19717">
        <ele>675.7</ele>
      </trkpt>
      <trkpt lat="43.85663" lon="6.19721">
        <ele>675.3</ele>
      </trkpt>
      <trkpt lat="43.85668" lon="6.1973">
        <ele>675.0</ele>
      </trkpt>
      <trkpt lat="43.85672" lon="6.19737">
        <ele>674.7</ele>
      </trkpt>
      <trkpt lat="43.85672" lon="6.19738">
        <ele>674.5</ele>
      </trkpt>
      <trkpt lat="43.856789" lon="6.19747">
        <ele>674.7</ele>
      </trkpt>
      <trkpt lat="43.85687" lon="6.19756">
        <ele>675.2</ele>
      </trkpt>
      <trkpt lat="43.85695" lon="6.19763">
        <ele>676.1</ele>
      </trkpt>
      <trkpt lat="43.85701" lon="6.197669">
        <ele>677.0</ele>
      </trkpt>
      <trkpt lat="43.85708" lon="6.19772">
        <ele>677.9</ele>
      </trkpt>
      <trkpt lat="43.85717" lon="6.19777">
        <ele>679.2</ele>
      </trkpt>
      <trkpt lat="43.85725" lon="6.1978">
        <ele>680.6</ele>
      </trkpt>
      <trkpt lat="43.857349" lon="6.19783">
        <ele>682.5</ele>
      </trkpt>
      <trkpt lat="43.857529" lon="6.197879">
        <ele>685.8</ele>
      </trkpt>
      <trkpt lat="43.85759" lon="6.1979">
        <ele>686.6</ele>
      </trkpt>
      <trkpt lat="43.85766" lon="6.19794">
        <ele>687.3</ele>
      </trkpt>
      <trkpt lat="43.857729" lon="6.198">
        <ele>687.6</ele>
      </trkpt>
      <trkpt lat="43.85779" lon="6.19806">
        <ele>687.8</ele>
      </trkpt>
      <trkpt lat="43.85787" lon="6.19816">
        <ele>687.8</ele>
      </trkpt>
      <trkpt lat="43.85793" lon="6.19825">
        <ele>687.6</ele>
      </trkpt>
      <trkpt lat="43.85813" lon="6.19847">
        <ele>688.9</ele>
      </trkpt>
      <trkpt lat="43.85822" lon="6.19857">
        <ele>689.5</ele>
      </trkpt>
      <trkpt lat="43.85832" lon="6.1987">
        <ele>689.9</ele>
      </trkpt>
      <trkpt lat="43.85833" lon="6.19871">
        <ele>690.0</ele>
      </trkpt>
      <trkpt lat="43.85835" lon="6.19873">
        <ele>690.2</ele>
      </trkpt>
      <trkpt lat="43.858379" lon="6.19874">
        <ele>690.9</ele>
      </trkpt>
      <trkpt lat="43.85839" lon="6.19874">
        <ele>691.2</ele>
      </trkpt>
      <trkpt lat="43.85841" lon="6.19874">
        <ele>691.8</ele>
      </trkpt>
      <trkpt lat="43.85842" lon="6.19874">
        <ele>692.1</ele>
      </trkpt>
      <trkpt lat="43.85843" lon="6.19874">
        <ele>692.4</ele>
      </trkpt>
      <trkpt lat="43.85844" lon="6.19873">
        <ele>692.8</ele>
      </trkpt>
      <trkpt lat="43.85846" lon="6.19871">
        <ele>693.6</ele>
      </trkpt>
      <trkpt lat="43.85848" lon="6.19869">
        <ele>694.4</ele>
      </trkpt>
      <trkpt lat="43.8585" lon="6.19867">
        <ele>695.2</ele>
      </trkpt>
      <trkpt lat="43.85851" lon="6.19864">
        <ele>695.9</ele>
      </trkpt>
      <trkpt lat="43.85851" lon="6.19862">
        <ele>696.1</ele>
      </trkpt>
      <trkpt lat="43.85852" lon="6.19858">
        <ele>696.9</ele>
      </trkpt>
      <trkpt lat="43.85851" lon="6.198559">
        <ele>696.8</ele>
      </trkpt>
      <trkpt lat="43.85851" lon="6.19854">
        <ele>697.1</ele>
      </trkpt>
      <trkpt lat="43.8585" lon="6.19852">
        <ele>697.1</ele>
      </trkpt>
      <trkpt lat="43.8585" lon="6.198489">
        <ele>697.4</ele>
      </trkpt>
      <trkpt lat="43.85848" lon="6.19847">
        <ele>697.2</ele>
      </trkpt>
      <trkpt lat="43.85843" lon="6.1984">
        <ele>696.7</ele>
      </trkpt>
      <trkpt lat="43.85835" lon="6.19832">
        <ele>695.6</ele>
      </trkpt>
      <trkpt lat="43.85828" lon="6.19822">
        <ele>695.5</ele>
      </trkpt>
      <trkpt lat="43.85818" lon="6.19807">
        <ele>695.7</ele>
      </trkpt>
      <trkpt lat="43.85805" lon="6.19785">
        <ele>696.4</ele>
      </trkpt>
      <trkpt lat="43.85804" lon="6.19782">
        <ele>696.7</ele>
      </trkpt>
      <trkpt lat="43.85799" lon="6.197739">
        <ele>697.0</ele>
      </trkpt>
      <trkpt lat="43.85792" lon="6.19764">
        <ele>697.3</ele>
      </trkpt>
      <trkpt lat="43.85792" lon="6.19763">
        <ele>697.5</ele>
      </trkpt>
      <trkpt lat="43.85787" lon="6.19757">
        <ele>697.5</ele>
      </trkpt>
      <trkpt lat="43.85781" lon="6.19751">
        <ele>697.4</ele>
      </trkpt>
      <trkpt lat="43.85778" lon="6.19748">
        <ele>697.5</ele>
      </trkpt>
      <trkpt lat="43.85772" lon="6.19744">
        <ele>697.4</ele>
      </trkpt>
      <trkpt lat="43.85762" lon="6.19738">
        <ele>697.0</ele>
      </trkpt>
      <trkpt lat="43.85756" lon="6.197339">
        <ele>696.8</ele>
      </trkpt>
      <trkpt lat="43.85751" lon="6.1973">
        <ele>696.8</ele>
      </trkpt>
      <trkpt lat="43.85745" lon="6.19723">
        <ele>696.8</ele>
      </trkpt>
      <trkpt lat="43.85739" lon="6.19715">
        <ele>697.0</ele>
      </trkpt>
      <trkpt lat="43.85733" lon="6.19704">
        <ele>697.8</ele>
      </trkpt>
      <trkpt lat="43.85724" lon="6.19687">
        <ele>698.9</ele>
      </trkpt>
      <trkpt lat="43.85723" lon="6.19686">
        <ele>698.8</ele>
      </trkpt>
      <trkpt lat="43.85714" lon="6.196659">
        <ele>700.3</ele>
      </trkpt>
      <trkpt lat="43.85707" lon="6.196519">
        <ele>700.7</ele>
      </trkpt>
      <trkpt lat="43.85703" lon="6.19641">
        <ele>701.4</ele>
      </trkpt>
      <trkpt lat="43.857" lon="6.19629">
        <ele>702.5</ele>
      </trkpt>
      <trkpt lat="43.85696" lon="6.19613">
        <ele>704.0</ele>
      </trkpt>
      <trkpt lat="43.85691" lon="6.19596">
        <ele>705.4</ele>
      </trkpt>
      <trkpt lat="43.85687" lon="6.19585">
        <ele>706.1</ele>
      </trkpt>
      <trkpt lat="43.85683" lon="6.19574">
        <ele>706.8</ele>
      </trkpt>
      <trkpt lat="43.8568" lon="6.19567">
        <ele>707.1</ele>
      </trkpt>
      <trkpt lat="43.85674" lon="6.19554">
        <ele>707.6</ele>
      </trkpt>
      <trkpt lat="43.85665" lon="6.19535">
        <ele>708.3</ele>
      </trkpt>
      <trkpt lat="43.85664" lon="6.19533">
        <ele>708.3</ele>
      </trkpt>
      <trkpt lat="43.85654" lon="6.19513">
        <ele>709.3</ele>
      </trkpt>
      <trkpt lat="43.85637" lon="6.19479">
        <ele>711.5</ele>
      </trkpt>
      <trkpt lat="43.85633" lon="6.19472">
        <ele>711.8</ele>
      </trkpt>
      <trkpt lat="43.856229" lon="6.19451">
        <ele>713.5</ele>
      </trkpt>
      <trkpt lat="43.85616" lon="6.19436">
        <ele>714.7</ele>
      </trkpt>
      <trkpt lat="43.855939" lon="6.19388">
        <ele>717.7</ele>
      </trkpt>
      <trkpt lat="43.85575" lon="6.19346">
        <ele>720.5</ele>
      </trkpt>
      <trkpt lat="43.85565" lon="6.19325">
        <ele>721.1</ele>
      </trkpt>
      <trkpt lat="43.85555" lon="6.19304">
        <ele>721.2</ele>
      </trkpt>
      <trkpt lat="43.8555" lon="6.19294">
        <ele>721.3</ele>
      </trkpt>
      <trkpt lat="43.85546" lon="6.19283">
        <ele>721.9</ele>
      </trkpt>
      <trkpt lat="43.85543" lon="6.19276">
        <ele>722.2</ele>
      </trkpt>
      <trkpt lat="43.85536" lon="6.19261">
        <ele>722.9</ele>
      </trkpt>
      <trkpt lat="43.85533" lon="6.19254">
        <ele>723.4</ele>
      </trkpt>
      <trkpt lat="43.85527" lon="6.1924">
        <ele>723.2</ele>
      </trkpt>
      <trkpt lat="43.85522" lon="6.19231">
        <ele>722.6</ele>
      </trkpt>
      <trkpt lat="43.85517" lon="6.19219">
        <ele>722.2</ele>
      </trkpt>
      <trkpt lat="43.85516" lon="6.19217">
        <ele>722.2</ele>
      </trkpt>
      <trkpt lat="43.8551" lon="6.19203">
        <ele>721.8</ele>
      </trkpt>
      <trkpt lat="43.85508" lon="6.19198">
        <ele>721.7</ele>
      </trkpt>
      <trkpt lat="43.85499" lon="6.19176">
        <ele>721.4</ele>
      </trkpt>
      <trkpt lat="43.85486" lon="6.19151">
        <ele>720.0</ele>
      </trkpt>
      <trkpt lat="43.85476" lon="6.1913">
        <ele>718.9</ele>
      </trkpt>
      <trkpt lat="43.85466" lon="6.19106">
        <ele>718.2</ele>
      </trkpt>
      <trkpt lat="43.85439" lon="6.19048">
        <ele>716.5</ele>
      </trkpt>
      <trkpt lat="43.854259" lon="6.19019">
        <ele>715.6</ele>
      </trkpt>
      <trkpt lat="43.85416" lon="6.18998">
        <ele>715.0</ele>
      </trkpt>
      <trkpt lat="43.85415" lon="6.189949">
        <ele>714.9</ele>
      </trkpt>
      <trkpt lat="43.85387" lon="6.18935">
        <ele>713.1</ele>
      </trkpt>
      <trkpt lat="43.85357" lon="6.1887">
        <ele>709.9</ele>
      </trkpt>
      <trkpt lat="43.853" lon="6.18746">
        <ele>706.7</ele>
      </trkpt>
      <trkpt lat="43.8528" lon="6.18704">
        <ele>705.1</ele>
      </trkpt>
      <trkpt lat="43.8527" lon="6.186829">
        <ele>704.5</ele>
      </trkpt>
      <trkpt lat="43.85258" lon="6.18657">
        <ele>703.8</ele>
      </trkpt>
      <trkpt lat="43.85248" lon="6.18636">
        <ele>702.9</ele>
      </trkpt>
      <trkpt lat="43.85242" lon="6.18623">
        <ele>702.4</ele>
      </trkpt>
      <trkpt lat="43.85233" lon="6.18603">
        <ele>701.7</ele>
      </trkpt>
      <trkpt lat="43.85229" lon="6.18594">
        <ele>701.4</ele>
      </trkpt>
      <trkpt lat="43.85222" lon="6.18579">
        <ele>700.9</ele>
      </trkpt>
      <trkpt lat="43.8522" lon="6.18573">
        <ele>700.9</ele>
      </trkpt>
      <trkpt lat="43.85213" lon="6.18555">
        <ele>700.5</ele>
      </trkpt>
      <trkpt lat="43.85211" lon="6.18551">
        <ele>700.5</ele>
      </trkpt>
      <trkpt lat="43.85204" lon="6.18528">
        <ele>699.9</ele>
      </trkpt>
      <trkpt lat="43.85202" lon="6.18522">
        <ele>699.7</ele>
      </trkpt>
      <trkpt lat="43.85198" lon="6.18505">
        <ele>699.2</ele>
      </trkpt>
      <trkpt lat="43.85196" lon="6.18497">
        <ele>699.0</ele>
      </trkpt>
      <trkpt lat="43.85192" lon="6.18481">
        <ele>698.6</ele>
      </trkpt>
      <trkpt lat="43.851909" lon="6.18473">
        <ele>698.4</ele>
      </trkpt>
      <trkpt lat="43.85189" lon="6.18456">
        <ele>698.0</ele>
      </trkpt>
      <trkpt lat="43.85185" lon="6.184319">
        <ele>697.4</ele>
      </trkpt>
      <trkpt lat="43.85184" lon="6.18402">
        <ele>696.8</ele>
      </trkpt>
      <trkpt lat="43.85184" lon="6.18376">
        <ele>696.2</ele>
      </trkpt>
      <trkpt lat="43.85185" lon="6.18347">
        <ele>695.7</ele>
      </trkpt>
      <trkpt lat="43.85188" lon="6.18322">
        <ele>695.3</ele>
      </trkpt>
      <trkpt lat="43.85192" lon="6.18293">
        <ele>694.8</ele>
      </trkpt>
      <trkpt lat="43.85199" lon="6.18261">
        <ele>694.4</ele>
      </trkpt>
      <trkpt lat="43.85204" lon="6.18241">
        <ele>694.1</ele>
      </trkpt>
      <trkpt lat="43.85226" lon="6.18163">
        <ele>692.8</ele>
      </trkpt>
      <trkpt lat="43.85236" lon="6.18128">
        <ele>693.3</ele>
      </trkpt>
      <trkpt lat="43.85242" lon="6.18103">
        <ele>693.5</ele>
      </trkpt>
      <trkpt lat="43.85246" lon="6.18079">
        <ele>693.6</ele>
      </trkpt>
      <trkpt lat="43.852469" lon="6.18079">
        <ele>693.7</ele>
      </trkpt>
      <trkpt lat="43.85249" lon="6.18057">
        <ele>693.0</ele>
      </trkpt>
      <trkpt lat="43.8525" lon="6.18055">
        <ele>693.0</ele>
      </trkpt>
      <trkpt lat="43.85251" lon="6.18038">
        <ele>692.5</ele>
      </trkpt>
      <trkpt lat="43.85252" lon="6.1803">
        <ele>692.3</ele>
      </trkpt>
      <trkpt lat="43.85252" lon="6.18025">
        <ele>692.1</ele>
      </trkpt>
      <trkpt lat="43.85252" lon="6.18008">
        <ele>691.5</ele>
      </trkpt>
      <trkpt lat="43.8525" lon="6.1799">
        <ele>691.1</ele>
      </trkpt>
      <trkpt lat="43.852469" lon="6.17967">
        <ele>691.3</ele>
      </trkpt>
      <trkpt lat="43.85245" lon="6.17953">
        <ele>691.3</ele>
      </trkpt>
      <trkpt lat="43.85241" lon="6.17934">
        <ele>691.3</ele>
      </trkpt>
      <trkpt lat="43.85231" lon="6.17902">
        <ele>690.5</ele>
      </trkpt>
      <trkpt lat="43.85219" lon="6.17868">
        <ele>689.1</ele>
      </trkpt>
      <trkpt lat="43.85205" lon="6.17828">
        <ele>687.1</ele>
      </trkpt>
      <trkpt lat="43.85187" lon="6.17779">
        <ele>685.5</ele>
      </trkpt>
      <trkpt lat="43.85178" lon="6.17753">
        <ele>684.9</ele>
      </trkpt>
      <trkpt lat="43.85175" lon="6.17745">
        <ele>684.7</ele>
      </trkpt>
      <trkpt lat="43.85157" lon="6.17696">
        <ele>683.5</ele>
      </trkpt>
      <trkpt lat="43.85145" lon="6.17663">
        <ele>682.6</ele>
      </trkpt>
      <trkpt lat="43.85125" lon="6.17608">
        <ele>682.4</ele>
      </trkpt>
      <trkpt lat="43.85116" lon="6.175779">
        <ele>682.1</ele>
      </trkpt>
      <trkpt lat="43.85109" lon="6.17553">
        <ele>681.0</ele>
      </trkpt>
      <trkpt lat="43.85105" lon="6.17532">
        <ele>680.2</ele>
      </trkpt>
      <trkpt lat="43.85101" lon="6.17512">
        <ele>679.3</ele>
      </trkpt>
      <trkpt lat="43.850969" lon="6.17483">
        <ele>678.7</ele>
      </trkpt>
      <trkpt lat="43.85093" lon="6.17444">
        <ele>678.2</ele>
      </trkpt>
      <trkpt lat="43.85086" lon="6.17372">
        <ele>676.3</ele>
      </trkpt>
      <trkpt lat="43.85084" lon="6.1736">
        <ele>675.7</ele>
      </trkpt>
      <trkpt lat="43.85081" lon="6.17338">
        <ele>675.1</ele>
      </trkpt>
      <trkpt lat="43.85077" lon="6.17311">
        <ele>674.3</ele>
      </trkpt>
      <trkpt lat="43.85073" lon="6.17292">
        <ele>673.6</ele>
      </trkpt>
      <trkpt lat="43.85067" lon="6.1727">
        <ele>672.8</ele>
      </trkpt>
      <trkpt lat="43.85061" lon="6.1725">
        <ele>671.9</ele>
      </trkpt>
      <trkpt lat="43.850499" lon="6.17226">
        <ele>671.8</ele>
      </trkpt>
      <trkpt lat="43.85039" lon="6.172049">
        <ele>671.7</ele>
      </trkpt>
      <trkpt lat="43.85035" lon="6.171979">
        <ele>671.7</ele>
      </trkpt>
      <trkpt lat="43.85023" lon="6.17182">
        <ele>671.5</ele>
      </trkpt>
      <trkpt lat="43.85016" lon="6.17173">
        <ele>671.4</ele>
      </trkpt>
      <trkpt lat="43.85008" lon="6.17165">
        <ele>671.3</ele>
      </trkpt>
      <trkpt lat="43.84995" lon="6.17152">
        <ele>671.3</ele>
      </trkpt>
      <trkpt lat="43.8497" lon="6.17129">
        <ele>670.6</ele>
      </trkpt>
      <trkpt lat="43.84955" lon="6.17113">
        <ele>669.9</ele>
      </trkpt>
      <trkpt lat="43.84945" lon="6.17103">
        <ele>669.3</ele>
      </trkpt>
      <trkpt lat="43.84934" lon="6.17088">
        <ele>668.5</ele>
      </trkpt>
      <trkpt lat="43.84926" lon="6.170759">
        <ele>667.8</ele>
      </trkpt>
      <trkpt lat="43.84919" lon="6.17065">
        <ele>667.2</ele>
      </trkpt>
      <trkpt lat="43.84912" lon="6.17051">
        <ele>666.8</ele>
      </trkpt>
      <trkpt lat="43.84906" lon="6.17038">
        <ele>666.4</ele>
      </trkpt>
      <trkpt lat="43.84906" lon="6.17037">
        <ele>666.4</ele>
      </trkpt>
      <trkpt lat="43.848999" lon="6.17018">
        <ele>665.9</ele>
      </trkpt>
      <trkpt lat="43.84897" lon="6.17011">
        <ele>665.7</ele>
      </trkpt>
      <trkpt lat="43.84893" lon="6.16997">
        <ele>665.3</ele>
      </trkpt>
      <trkpt lat="43.84884" lon="6.16958">
        <ele>665.0</ele>
      </trkpt>
      <trkpt lat="43.84877" lon="6.16935">
        <ele>664.6</ele>
      </trkpt>
      <trkpt lat="43.8487" lon="6.16911">
        <ele>664.1</ele>
      </trkpt>
      <trkpt lat="43.84863" lon="6.16891">
        <ele>663.7</ele>
      </trkpt>
      <trkpt lat="43.84856" lon="6.16874">
        <ele>663.2</ele>
      </trkpt>
      <trkpt lat="43.84845" lon="6.16854">
        <ele>662.2</ele>
      </trkpt>
      <trkpt lat="43.84825" lon="6.16817">
        <ele>661.0</ele>
      </trkpt>
      <trkpt lat="43.847969" lon="6.16763">
        <ele>660.2</ele>
      </trkpt>
      <trkpt lat="43.84775" lon="6.16722">
        <ele>659.0</ele>
      </trkpt>
      <trkpt lat="43.84757" lon="6.16691">
        <ele>657.6</ele>
      </trkpt>
      <trkpt lat="43.84741" lon="6.166629">
        <ele>656.8</ele>
      </trkpt>
      <trkpt lat="43.84736" lon="6.16653">
        <ele>656.6</ele>
      </trkpt>
      <trkpt lat="43.8473" lon="6.16643">
        <ele>656.3</ele>
      </trkpt>
      <trkpt lat="43.8472" lon="6.16623">
        <ele>655.7</ele>
      </trkpt>
      <trkpt lat="43.84707" lon="6.16599">
        <ele>654.7</ele>
      </trkpt>
      <trkpt lat="43.84677" lon="6.16543">
        <ele>653.0</ele>
      </trkpt>
      <trkpt lat="43.84669" lon="6.16529">
        <ele>652.3</ele>
      </trkpt>
      <trkpt lat="43.84666" lon="6.16523">
        <ele>652.0</ele>
      </trkpt>
      <trkpt lat="43.84634" lon="6.16464">
        <ele>652.3</ele>
      </trkpt>
      <trkpt lat="43.8462" lon="6.16438">
        <ele>652.4</ele>
      </trkpt>
      <trkpt lat="43.84584" lon="6.16371">
        <ele>651.7</ele>
      </trkpt>
      <trkpt lat="43.8455" lon="6.16307">
        <ele>650.7</ele>
      </trkpt>
      <trkpt lat="43.84546" lon="6.163">
        <ele>650.6</ele>
      </trkpt>
      <trkpt lat="43.84538" lon="6.16287">
        <ele>650.3</ele>
      </trkpt>
      <trkpt lat="43.84511" lon="6.16241">
        <ele>648.9</ele>
      </trkpt>
      <trkpt lat="43.84493" lon="6.16209">
        <ele>648.9</ele>
      </trkpt>
      <trkpt lat="43.84479" lon="6.16187">
        <ele>648.9</ele>
      </trkpt>
      <trkpt lat="43.84473" lon="6.16176">
        <ele>649.0</ele>
      </trkpt>
      <trkpt lat="43.84472" lon="6.161749">
        <ele>648.9</ele>
      </trkpt>
      <trkpt lat="43.8447" lon="6.16174">
        <ele>648.8</ele>
      </trkpt>
      <trkpt lat="43.84465" lon="6.16167">
        <ele>648.6</ele>
      </trkpt>
      <trkpt lat="43.84462" lon="6.16164">
        <ele>648.5</ele>
      </trkpt>
      <trkpt lat="43.84458" lon="6.161609">
        <ele>648.2</ele>
      </trkpt>
      <trkpt lat="43.84451" lon="6.16156">
        <ele>647.8</ele>
      </trkpt>
      <trkpt lat="43.84446" lon="6.16153">
        <ele>647.5</ele>
      </trkpt>
      <trkpt lat="43.84441" lon="6.16151">
        <ele>647.1</ele>
      </trkpt>
      <trkpt lat="43.84438" lon="6.1615">
        <ele>646.8</ele>
      </trkpt>
      <trkpt lat="43.84435" lon="6.1615">
        <ele>646.6</ele>
      </trkpt>
      <trkpt lat="43.84435" lon="6.1615">
        <ele>646.6</ele>
      </trkpt>
      <trkpt lat="43.84429" lon="6.16145">
        <ele>646.2</ele>
      </trkpt>
      <trkpt lat="43.84424" lon="6.16143">
        <ele>645.8</ele>
      </trkpt>
      <trkpt lat="43.84418" lon="6.16139">
        <ele>645.5</ele>
      </trkpt>
      <trkpt lat="43.84415" lon="6.16137">
        <ele>645.4</ele>
      </trkpt>
      <trkpt lat="43.84414" lon="6.16136">
        <ele>645.4</ele>
      </trkpt>
      <trkpt lat="43.84408" lon="6.16132">
        <ele>645.3</ele>
      </trkpt>
      <trkpt lat="43.84404" lon="6.16128">
        <ele>645.3</ele>
      </trkpt>
      <trkpt lat="43.84399" lon="6.16125">
        <ele>645.2</ele>
      </trkpt>
      <trkpt lat="43.84397" lon="6.16119">
        <ele>645.3</ele>
      </trkpt>
      <trkpt lat="43.84393" lon="6.16111">
        <ele>645.4</ele>
      </trkpt>
      <trkpt lat="43.84391" lon="6.16106">
        <ele>645.5</ele>
      </trkpt>
      <trkpt lat="43.84382" lon="6.16085">
        <ele>645.9</ele>
      </trkpt>
      <trkpt lat="43.843739" lon="6.16065">
        <ele>645.8</ele>
      </trkpt>
      <trkpt lat="43.84373" lon="6.16063">
        <ele>645.7</ele>
      </trkpt>
      <trkpt lat="43.843649" lon="6.16042">
        <ele>645.6</ele>
      </trkpt>
      <trkpt lat="43.843559" lon="6.1602">
        <ele>645.3</ele>
      </trkpt>
      <trkpt lat="43.84346" lon="6.15991">
        <ele>645.1</ele>
      </trkpt>
      <trkpt lat="43.84335" lon="6.15962">
        <ele>645.0</ele>
      </trkpt>
      <trkpt lat="43.84331" lon="6.15953">
        <ele>645.0</ele>
      </trkpt>
      <trkpt lat="43.84329" lon="6.15943">
        <ele>645.1</ele>
      </trkpt>
      <trkpt lat="43.843269" lon="6.15937">
        <ele>645.1</ele>
      </trkpt>
      <trkpt lat="43.84326" lon="6.1593">
        <ele>645.2</ele>
      </trkpt>
      <trkpt lat="43.84326" lon="6.15929">
        <ele>645.2</ele>
      </trkpt>
      <trkpt lat="43.84325" lon="6.15925">
        <ele>645.2</ele>
      </trkpt>
      <trkpt lat="43.84325" lon="6.1592">
        <ele>645.3</ele>
      </trkpt>
      <trkpt lat="43.84324" lon="6.15914">
        <ele>645.3</ele>
      </trkpt>
      <trkpt lat="43.84324" lon="6.159099">
        <ele>645.3</ele>
      </trkpt>
      <trkpt lat="43.84325" lon="6.15904">
        <ele>645.4</ele>
      </trkpt>
      <trkpt lat="43.84326" lon="6.15899">
        <ele>645.5</ele>
      </trkpt>
      <trkpt lat="43.843269" lon="6.15892">
        <ele>645.6</ele>
      </trkpt>
      <trkpt lat="43.84329" lon="6.15886">
        <ele>645.7</ele>
      </trkpt>
      <trkpt lat="43.84331" lon="6.15881">
        <ele>645.8</ele>
      </trkpt>
      <trkpt lat="43.84333" lon="6.15875">
        <ele>646.0</ele>
      </trkpt>
      <trkpt lat="43.84338" lon="6.15865">
        <ele>646.3</ele>
      </trkpt>
      <trkpt lat="43.84339" lon="6.158629">
        <ele>646.3</ele>
      </trkpt>
      <trkpt lat="43.84341" lon="6.1586">
        <ele>646.4</ele>
      </trkpt>
      <trkpt lat="43.84342" lon="6.15858">
        <ele>646.5</ele>
      </trkpt>
      <trkpt lat="43.84351" lon="6.15839">
        <ele>646.9</ele>
      </trkpt>
      <trkpt lat="43.84352" lon="6.15838">
        <ele>646.9</ele>
      </trkpt>
      <trkpt lat="43.84361" lon="6.15819">
        <ele>647.2</ele>
      </trkpt>
      <trkpt lat="43.84364" lon="6.15813">
        <ele>647.2</ele>
      </trkpt>
      <trkpt lat="43.84376" lon="6.15789">
        <ele>647.5</ele>
      </trkpt>
      <trkpt lat="43.84382" lon="6.15778">
        <ele>647.7</ele>
      </trkpt>
      <trkpt lat="43.84388" lon="6.15764">
        <ele>647.7</ele>
      </trkpt>
      <trkpt lat="43.8439" lon="6.15759">
        <ele>647.7</ele>
      </trkpt>
      <trkpt lat="43.84392" lon="6.15753">
        <ele>647.7</ele>
      </trkpt>
      <trkpt lat="43.84393" lon="6.15745">
        <ele>647.7</ele>
      </trkpt>
      <trkpt lat="43.84394" lon="6.15739">
        <ele>647.7</ele>
      </trkpt>
      <trkpt lat="43.84394" lon="6.15735">
        <ele>647.7</ele>
      </trkpt>
      <trkpt lat="43.84394" lon="6.15723">
        <ele>647.7</ele>
      </trkpt>
      <trkpt lat="43.84394" lon="6.15707">
        <ele>647.8</ele>
      </trkpt>
      <trkpt lat="43.84395" lon="6.15694">
        <ele>647.8</ele>
      </trkpt>
      <trkpt lat="43.84397" lon="6.15681">
        <ele>647.8</ele>
      </trkpt>
      <trkpt lat="43.84398" lon="6.15678">
        <ele>647.8</ele>
      </trkpt>
      <trkpt lat="43.84401" lon="6.15669">
        <ele>647.8</ele>
      </trkpt>
      <trkpt lat="43.84407" lon="6.15658">
        <ele>647.5</ele>
      </trkpt>
      <trkpt lat="43.844074" lon="6.156589">
        <ele>647.5</ele>
      </trkpt>
      <trkpt lat="43.84407" lon="6.15658">
        <ele>647.5</ele>
      </trkpt>
      <trkpt lat="43.84411" lon="6.15653">
        <ele>647.3</ele>
      </trkpt>
      <trkpt lat="43.84415" lon="6.15649">
        <ele>647.1</ele>
      </trkpt>
      <trkpt lat="43.84416" lon="6.15648">
        <ele>647.1</ele>
      </trkpt>
      <trkpt lat="43.84425" lon="6.15642">
        <ele>646.9</ele>
      </trkpt>
      <trkpt lat="43.84429" lon="6.1564">
        <ele>646.9</ele>
      </trkpt>
      <trkpt lat="43.84433" lon="6.15638">
        <ele>646.9</ele>
      </trkpt>
      <trkpt lat="43.84438" lon="6.15636">
        <ele>646.9</ele>
      </trkpt>
      <trkpt lat="43.84443" lon="6.15635">
        <ele>647.0</ele>
      </trkpt>
      <trkpt lat="43.84462" lon="6.1563">
        <ele>647.2</ele>
      </trkpt>
      <trkpt lat="43.84467" lon="6.15628">
        <ele>647.3</ele>
      </trkpt>
      <trkpt lat="43.84479" lon="6.15624">
        <ele>647.5</ele>
      </trkpt>
      <trkpt lat="43.84488" lon="6.15621">
        <ele>647.7</ele>
      </trkpt>
      <trkpt lat="43.84493" lon="6.156189">
        <ele>647.8</ele>
      </trkpt>
      <trkpt lat="43.84495" lon="6.15617">
        <ele>647.9</ele>
      </trkpt>
      <trkpt lat="43.845" lon="6.15613">
        <ele>648.0</ele>
      </trkpt>
      <trkpt lat="43.84501" lon="6.15613">
        <ele>648.0</ele>
      </trkpt>
      <trkpt lat="43.84508" lon="6.15606">
        <ele>648.3</ele>
      </trkpt>
      <trkpt lat="43.84513" lon="6.15599">
        <ele>648.4</ele>
      </trkpt>
      <trkpt lat="43.84518" lon="6.15591">
        <ele>648.5</ele>
      </trkpt>
      <trkpt lat="43.84523" lon="6.15583">
        <ele>648.5</ele>
      </trkpt>
      <trkpt lat="43.84525" lon="6.15577">
        <ele>648.4</ele>
      </trkpt>
      <trkpt lat="43.84526" lon="6.15576">
        <ele>648.4</ele>
      </trkpt>
      <trkpt lat="43.84528" lon="6.15569">
        <ele>648.3</ele>
      </trkpt>
      <trkpt lat="43.84532" lon="6.15559">
        <ele>648.2</ele>
      </trkpt>
      <trkpt lat="43.84543" lon="6.15529">
        <ele>647.7</ele>
      </trkpt>
      <trkpt lat="43.84557" lon="6.15496">
        <ele>647.4</ele>
      </trkpt>
      <trkpt lat="43.8457" lon="6.15465">
        <ele>648.0</ele>
      </trkpt>
      <trkpt lat="43.84577" lon="6.15444">
        <ele>648.4</ele>
      </trkpt>
      <trkpt lat="43.84581" lon="6.15433">
        <ele>648.7</ele>
      </trkpt>
      <trkpt lat="43.84583" lon="6.15423">
        <ele>648.9</ele>
      </trkpt>
      <trkpt lat="43.84586" lon="6.15403">
        <ele>648.9</ele>
      </trkpt>
      <trkpt lat="43.84587" lon="6.15398">
        <ele>648.9</ele>
      </trkpt>
      <trkpt lat="43.84588" lon="6.1539">
        <ele>648.9</ele>
      </trkpt>
      <trkpt lat="43.84592" lon="6.15371">
        <ele>648.9</ele>
      </trkpt>
      <trkpt lat="43.84592" lon="6.15366">
        <ele>648.9</ele>
      </trkpt>
      <trkpt lat="43.84595" lon="6.15356">
        <ele>649.0</ele>
      </trkpt>
      <trkpt lat="43.84597" lon="6.1535">
        <ele>649.1</ele>
      </trkpt>
      <trkpt lat="43.84598" lon="6.15345">
        <ele>649.1</ele>
      </trkpt>
      <trkpt lat="43.84601" lon="6.15335">
        <ele>649.3</ele>
      </trkpt>
      <trkpt lat="43.84604" lon="6.15328">
        <ele>649.6</ele>
      </trkpt>
      <trkpt lat="43.84607" lon="6.153209">
        <ele>649.9</ele>
      </trkpt>
      <trkpt lat="43.84614" lon="6.15306">
        <ele>650.5</ele>
      </trkpt>
      <trkpt lat="43.84632" lon="6.1527">
        <ele>652.3</ele>
      </trkpt>
      <trkpt lat="43.84645" lon="6.15245">
        <ele>653.3</ele>
      </trkpt>
      <trkpt lat="43.84648" lon="6.15237">
        <ele>653.3</ele>
      </trkpt>
      <trkpt lat="43.84652" lon="6.1523">
        <ele>653.5</ele>
      </trkpt>
      <trkpt lat="43.84671" lon="6.15194">
        <ele>653.9</ele>
      </trkpt>
      <trkpt lat="43.84675" lon="6.15188">
        <ele>654.1</ele>
      </trkpt>
      <trkpt lat="43.84683" lon="6.15173">
        <ele>654.3</ele>
      </trkpt>
      <trkpt lat="43.84687" lon="6.15169">
        <ele>654.5</ele>
      </trkpt>
      <trkpt lat="43.84692" lon="6.15162">
        <ele>654.6</ele>
      </trkpt>
      <trkpt lat="43.84701" lon="6.15154">
        <ele>655.0</ele>
      </trkpt>
      <trkpt lat="43.84709" lon="6.15148">
        <ele>655.3</ele>
      </trkpt>
      <trkpt lat="43.84713" lon="6.15146">
        <ele>655.5</ele>
      </trkpt>
      <trkpt lat="43.847209" lon="6.15143">
        <ele>655.9</ele>
      </trkpt>
      <trkpt lat="43.84735" lon="6.15141">
        <ele>656.7</ele>
      </trkpt>
      <trkpt lat="43.84736" lon="6.1514">
        <ele>656.8</ele>
      </trkpt>
      <trkpt lat="43.84752" lon="6.15137">
        <ele>657.7</ele>
      </trkpt>
      <trkpt lat="43.84753" lon="6.15137">
        <ele>657.8</ele>
      </trkpt>
      <trkpt lat="43.84788" lon="6.151309">
        <ele>659.5</ele>
      </trkpt>
      <trkpt lat="43.8481" lon="6.15127">
        <ele>660.4</ele>
      </trkpt>
      <trkpt lat="43.84829" lon="6.151239">
        <ele>661.2</ele>
      </trkpt>
      <trkpt lat="43.84857" lon="6.15119">
        <ele>661.3</ele>
      </trkpt>
      <trkpt lat="43.84882" lon="6.15114">
        <ele>660.9</ele>
      </trkpt>
      <trkpt lat="43.84892" lon="6.15112">
        <ele>660.6</ele>
      </trkpt>
      <trkpt lat="43.84906" lon="6.15109">
        <ele>660.2</ele>
      </trkpt>
      <trkpt lat="43.8491" lon="6.15109">
        <ele>660.2</ele>
      </trkpt>
      <trkpt lat="43.84929" lon="6.15105">
        <ele>659.9</ele>
      </trkpt>
      <trkpt lat="43.84961" lon="6.15099">
        <ele>659.9</ele>
      </trkpt>
      <trkpt lat="43.84981" lon="6.15096">
        <ele>660.2</ele>
      </trkpt>
      <trkpt lat="43.84986" lon="6.15095">
        <ele>660.2</ele>
      </trkpt>
      <trkpt lat="43.85005" lon="6.15092">
        <ele>660.2</ele>
      </trkpt>
      <trkpt lat="43.85014" lon="6.15089">
        <ele>659.4</ele>
      </trkpt>
      <trkpt lat="43.85022" lon="6.15085">
        <ele>658.5</ele>
      </trkpt>
      <trkpt lat="43.85026" lon="6.15079">
        <ele>657.7</ele>
      </trkpt>
      <trkpt lat="43.85029" lon="6.15071">
        <ele>656.9</ele>
      </trkpt>
      <trkpt lat="43.85031" lon="6.15062">
        <ele>656.1</ele>
      </trkpt>
      <trkpt lat="43.85032" lon="6.15054">
        <ele>655.4</ele>
      </trkpt>
      <trkpt lat="43.8503" lon="6.15027">
        <ele>653.2</ele>
      </trkpt>
      <trkpt lat="43.85027" lon="6.150019">
        <ele>651.2</ele>
      </trkpt>
      <trkpt lat="43.85026" lon="6.1499">
        <ele>650.7</ele>
      </trkpt>
      <trkpt lat="43.85023" lon="6.14963">
        <ele>649.6</ele>
      </trkpt>
      <trkpt lat="43.85021" lon="6.14953">
        <ele>649.1</ele>
      </trkpt>
      <trkpt lat="43.85019" lon="6.14936">
        <ele>648.4</ele>
      </trkpt>
      <trkpt lat="43.85015" lon="6.14906">
        <ele>647.4</ele>
      </trkpt>
      <trkpt lat="43.850119" lon="6.14889">
        <ele>647.3</ele>
      </trkpt>
      <trkpt lat="43.8501" lon="6.14875">
        <ele>647.2</ele>
      </trkpt>
      <trkpt lat="43.85008" lon="6.1486">
        <ele>647.3</ele>
      </trkpt>
      <trkpt lat="43.85008" lon="6.1485">
        <ele>647.5</ele>
      </trkpt>
      <trkpt lat="43.85008" lon="6.14844">
        <ele>647.6</ele>
      </trkpt>
      <trkpt lat="43.85009" lon="6.14839">
        <ele>647.6</ele>
      </trkpt>
      <trkpt lat="43.850119" lon="6.1483">
        <ele>647.8</ele>
      </trkpt>
      <trkpt lat="43.85015" lon="6.1482">
        <ele>647.9</ele>
      </trkpt>
      <trkpt lat="43.85023" lon="6.147979">
        <ele>648.2</ele>
      </trkpt>
      <trkpt lat="43.85031" lon="6.14776">
        <ele>648.5</ele>
      </trkpt>
      <trkpt lat="43.85039" lon="6.14754">
        <ele>648.9</ele>
      </trkpt>
      <trkpt lat="43.85039" lon="6.14753">
        <ele>648.9</ele>
      </trkpt>
      <trkpt lat="43.85043" lon="6.14741">
        <ele>649.3</ele>
      </trkpt>
      <trkpt lat="43.85046" lon="6.1473">
        <ele>649.7</ele>
      </trkpt>
      <trkpt lat="43.85046" lon="6.14728">
        <ele>649.8</ele>
      </trkpt>
      <trkpt lat="43.85048" lon="6.14718">
        <ele>650.2</ele>
      </trkpt>
      <trkpt lat="43.85048" lon="6.1471">
        <ele>650.5</ele>
      </trkpt>
      <trkpt lat="43.85048" lon="6.14705">
        <ele>650.6</ele>
      </trkpt>
      <trkpt lat="43.85048" lon="6.14703">
        <ele>650.7</ele>
      </trkpt>
      <trkpt lat="43.85048" lon="6.14699">
        <ele>650.8</ele>
      </trkpt>
      <trkpt lat="43.85044" lon="6.14688">
        <ele>651.0</ele>
      </trkpt>
      <trkpt lat="43.850409" lon="6.14681">
        <ele>651.0</ele>
      </trkpt>
      <trkpt lat="43.85037" lon="6.14674">
        <ele>651.0</ele>
      </trkpt>
      <trkpt lat="43.85029" lon="6.14663">
        <ele>651.0</ele>
      </trkpt>
      <trkpt lat="43.85021" lon="6.14651">
        <ele>651.5</ele>
      </trkpt>
      <trkpt lat="43.85018" lon="6.14644">
        <ele>651.9</ele>
      </trkpt>
      <trkpt lat="43.85015" lon="6.14634">
        <ele>652.6</ele>
      </trkpt>
      <trkpt lat="43.85013" lon="6.14621">
        <ele>653.5</ele>
      </trkpt>
      <trkpt lat="43.85015" lon="6.14592">
        <ele>656.0</ele>
      </trkpt>
      <trkpt lat="43.85017" lon="6.145609">
        <ele>657.2</ele>
      </trkpt>
      <trkpt lat="43.8502" lon="6.1452">
        <ele>658.3</ele>
      </trkpt>
      <trkpt lat="43.85022" lon="6.14488">
        <ele>659.0</ele>
      </trkpt>
      <trkpt lat="43.85023" lon="6.14463">
        <ele>659.4</ele>
      </trkpt>
      <trkpt lat="43.85025" lon="6.14436">
        <ele>659.9</ele>
      </trkpt>
      <trkpt lat="43.85027" lon="6.14413">
        <ele>660.4</ele>
      </trkpt>
      <trkpt lat="43.85028" lon="6.143989">
        <ele>661.0</ele>
      </trkpt>
      <trkpt lat="43.85028" lon="6.14398">
        <ele>661.0</ele>
      </trkpt>
      <trkpt lat="43.85031" lon="6.14387">
        <ele>661.6</ele>
      </trkpt>
      <trkpt lat="43.85034" lon="6.14375">
        <ele>662.2</ele>
      </trkpt>
      <trkpt lat="43.85034" lon="6.14374">
        <ele>662.3</ele>
      </trkpt>
      <trkpt lat="43.85042" lon="6.14358">
        <ele>663.3</ele>
      </trkpt>
      <trkpt lat="43.85047" lon="6.14349">
        <ele>663.8</ele>
      </trkpt>
      <trkpt lat="43.85056" lon="6.14335">
        <ele>664.6</ele>
      </trkpt>
      <trkpt lat="43.85066" lon="6.14321">
        <ele>665.0</ele>
      </trkpt>
      <trkpt lat="43.85073" lon="6.14314">
        <ele>665.2</ele>
      </trkpt>
      <trkpt lat="43.8508" lon="6.14307">
        <ele>665.3</ele>
      </trkpt>
      <trkpt lat="43.85086" lon="6.14302">
        <ele>665.3</ele>
      </trkpt>
      <trkpt lat="43.8509" lon="6.14298">
        <ele>665.4</ele>
      </trkpt>
      <trkpt lat="43.85096" lon="6.14294">
        <ele>665.4</ele>
      </trkpt>
      <trkpt lat="43.85101" lon="6.14289">
        <ele>665.4</ele>
      </trkpt>
      <trkpt lat="43.85108" lon="6.14283">
        <ele>665.4</ele>
      </trkpt>
      <trkpt lat="43.85116" lon="6.14276">
        <ele>665.4</ele>
      </trkpt>
      <trkpt lat="43.85119" lon="6.14273">
        <ele>665.3</ele>
      </trkpt>
      <trkpt lat="43.85129" lon="6.14262">
        <ele>665.1</ele>
      </trkpt>
      <trkpt lat="43.85131" lon="6.14261">
        <ele>665.1</ele>
      </trkpt>
      <trkpt lat="43.85137" lon="6.14252">
        <ele>664.7</ele>
      </trkpt>
      <trkpt lat="43.85149" lon="6.14235">
        <ele>663.9</ele>
      </trkpt>
      <trkpt lat="43.85163" lon="6.14214">
        <ele>662.8</ele>
      </trkpt>
      <trkpt lat="43.85174" lon="6.14198">
        <ele>661.6</ele>
      </trkpt>
      <trkpt lat="43.85183" lon="6.14186">
        <ele>660.7</ele>
      </trkpt>
      <trkpt lat="43.85194" lon="6.14173">
        <ele>659.9</ele>
      </trkpt>
      <trkpt lat="43.852089" lon="6.14157">
        <ele>659.3</ele>
      </trkpt>
      <trkpt lat="43.85224" lon="6.141409">
        <ele>658.9</ele>
      </trkpt>
      <trkpt lat="43.8524" lon="6.14126">
        <ele>658.9</ele>
      </trkpt>
      <trkpt lat="43.85252" lon="6.14111">
        <ele>658.8</ele>
      </trkpt>
      <trkpt lat="43.85264" lon="6.140939">
        <ele>657.5</ele>
      </trkpt>
      <trkpt lat="43.85275" lon="6.14078">
        <ele>656.2</ele>
      </trkpt>
      <trkpt lat="43.852849" lon="6.1406">
        <ele>654.9</ele>
      </trkpt>
      <trkpt lat="43.85296" lon="6.14043">
        <ele>654.0</ele>
      </trkpt>
      <trkpt lat="43.85302" lon="6.14037">
        <ele>653.7</ele>
      </trkpt>
      <trkpt lat="43.85304" lon="6.14035">
        <ele>653.6</ele>
      </trkpt>
      <trkpt lat="43.85315" lon="6.14028">
        <ele>653.3</ele>
      </trkpt>
      <trkpt lat="43.85324" lon="6.14025">
        <ele>653.1</ele>
      </trkpt>
      <trkpt lat="43.85333" lon="6.14025">
        <ele>652.8</ele>
      </trkpt>
      <trkpt lat="43.853409" lon="6.14027">
        <ele>652.2</ele>
      </trkpt>
      <trkpt lat="43.85352" lon="6.14029">
        <ele>651.5</ele>
      </trkpt>
      <trkpt lat="43.85357" lon="6.1403">
        <ele>651.2</ele>
      </trkpt>
      <trkpt lat="43.85369" lon="6.140329">
        <ele>650.4</ele>
      </trkpt>
      <trkpt lat="43.85382" lon="6.14036">
        <ele>649.5</ele>
      </trkpt>
      <trkpt lat="43.85389" lon="6.14038">
        <ele>649.1</ele>
      </trkpt>
      <trkpt lat="43.85401" lon="6.1404">
        <ele>648.4</ele>
      </trkpt>
      <trkpt lat="43.854059" lon="6.14041">
        <ele>648.1</ele>
      </trkpt>
      <trkpt lat="43.8542" lon="6.14044">
        <ele>647.5</ele>
      </trkpt>
      <trkpt lat="43.85455" lon="6.14052">
        <ele>647.1</ele>
      </trkpt>
      <trkpt lat="43.85477" lon="6.14057">
        <ele>646.8</ele>
      </trkpt>
      <trkpt lat="43.85488" lon="6.1406">
        <ele>646.7</ele>
      </trkpt>
      <trkpt lat="43.85495" lon="6.14061">
        <ele>646.6</ele>
      </trkpt>
      <trkpt lat="43.85513" lon="6.14065">
        <ele>646.3</ele>
      </trkpt>
      <trkpt lat="43.85525" lon="6.14068">
        <ele>646.1</ele>
      </trkpt>
      <trkpt lat="43.85553" lon="6.140729">
        <ele>645.4</ele>
      </trkpt>
      <trkpt lat="43.85566" lon="6.14074">
        <ele>645.2</ele>
      </trkpt>
      <trkpt lat="43.85569" lon="6.14074">
        <ele>645.1</ele>
      </trkpt>
      <trkpt lat="43.85577" lon="6.140729">
        <ele>645.1</ele>
      </trkpt>
      <trkpt lat="43.8559" lon="6.1407">
        <ele>644.9</ele>
      </trkpt>
      <trkpt lat="43.85608" lon="6.14064">
        <ele>644.2</ele>
      </trkpt>
      <trkpt lat="43.85631" lon="6.14055">
        <ele>643.5</ele>
      </trkpt>
      <trkpt lat="43.85636" lon="6.14054">
        <ele>643.2</ele>
      </trkpt>
      <trkpt lat="43.85657" lon="6.14046">
        <ele>642.4</ele>
      </trkpt>
      <trkpt lat="43.85671" lon="6.14041">
        <ele>641.5</ele>
      </trkpt>
      <trkpt lat="43.856969" lon="6.14032">
        <ele>638.9</ele>
      </trkpt>
      <trkpt lat="43.8571" lon="6.14024">
        <ele>637.3</ele>
      </trkpt>
      <trkpt lat="43.85719" lon="6.14018">
        <ele>636.1</ele>
      </trkpt>
      <trkpt lat="43.85728" lon="6.14011">
        <ele>634.8</ele>
      </trkpt>
      <trkpt lat="43.85736" lon="6.14001">
        <ele>633.4</ele>
      </trkpt>
      <trkpt lat="43.8575" lon="6.13986">
        <ele>631.7</ele>
      </trkpt>
      <trkpt lat="43.85752" lon="6.13984">
        <ele>631.7</ele>
      </trkpt>
      <trkpt lat="43.85778" lon="6.13954">
        <ele>631.8</ele>
      </trkpt>
      <trkpt lat="43.85793" lon="6.13941">
        <ele>631.1</ele>
      </trkpt>
      <trkpt lat="43.85803" lon="6.13935">
        <ele>630.5</ele>
      </trkpt>
      <trkpt lat="43.85842" lon="6.1391">
        <ele>627.5</ele>
      </trkpt>
      <trkpt lat="43.858469" lon="6.13907">
        <ele>627.2</ele>
      </trkpt>
      <trkpt lat="43.85856" lon="6.139">
        <ele>626.7</ele>
      </trkpt>
      <trkpt lat="43.85871" lon="6.13886">
        <ele>626.1</ele>
      </trkpt>
      <trkpt lat="43.85872" lon="6.13885">
        <ele>626.1</ele>
      </trkpt>
      <trkpt lat="43.85887" lon="6.13871">
        <ele>625.7</ele>
      </trkpt>
      <trkpt lat="43.85902" lon="6.13856">
        <ele>625.6</ele>
      </trkpt>
      <trkpt lat="43.85903" lon="6.13856">
        <ele>625.6</ele>
      </trkpt>
      <trkpt lat="43.8591" lon="6.13848">
        <ele>625.7</ele>
      </trkpt>
      <trkpt lat="43.85915" lon="6.13842">
        <ele>625.8</ele>
      </trkpt>
      <trkpt lat="43.85916" lon="6.1384">
        <ele>625.8</ele>
      </trkpt>
      <trkpt lat="43.8592" lon="6.13834">
        <ele>625.9</ele>
      </trkpt>
      <trkpt lat="43.85925" lon="6.13826">
        <ele>625.4</ele>
      </trkpt>
      <trkpt lat="43.8593" lon="6.13817">
        <ele>624.9</ele>
      </trkpt>
      <trkpt lat="43.85931" lon="6.13816">
        <ele>624.9</ele>
      </trkpt>
      <trkpt lat="43.85936" lon="6.13806">
        <ele>624.3</ele>
      </trkpt>
      <trkpt lat="43.859409" lon="6.13799">
        <ele>623.9</ele>
      </trkpt>
      <trkpt lat="43.85945" lon="6.13792">
        <ele>623.5</ele>
      </trkpt>
      <trkpt lat="43.85949" lon="6.13788">
        <ele>623.2</ele>
      </trkpt>
      <trkpt lat="43.85955" lon="6.13783">
        <ele>622.8</ele>
      </trkpt>
      <trkpt lat="43.85961" lon="6.1378">
        <ele>622.5</ele>
      </trkpt>
      <trkpt lat="43.85962" lon="6.1378">
        <ele>622.4</ele>
      </trkpt>
      <trkpt lat="43.85973" lon="6.13779">
        <ele>622.0</ele>
      </trkpt>
      <trkpt lat="43.85982" lon="6.13779">
        <ele>621.7</ele>
      </trkpt>
      <trkpt lat="43.85991" lon="6.13779">
        <ele>621.4</ele>
      </trkpt>
      <trkpt lat="43.86002" lon="6.13781">
        <ele>621.1</ele>
      </trkpt>
      <trkpt lat="43.86004" lon="6.137819">
        <ele>621.1</ele>
      </trkpt>
      <trkpt lat="43.86013" lon="6.137819">
        <ele>620.9</ele>
      </trkpt>
      <trkpt lat="43.86023" lon="6.13783">
        <ele>620.8</ele>
      </trkpt>
      <trkpt lat="43.86032" lon="6.13784">
        <ele>620.7</ele>
      </trkpt>
      <trkpt lat="43.86034" lon="6.13785">
        <ele>620.7</ele>
      </trkpt>
      <trkpt lat="43.86045" lon="6.13786">
        <ele>620.5</ele>
      </trkpt>
      <trkpt lat="43.86053" lon="6.13786">
        <ele>620.4</ele>
      </trkpt>
      <trkpt lat="43.860639" lon="6.13786">
        <ele>620.2</ele>
      </trkpt>
      <trkpt lat="43.86066" lon="6.13785">
        <ele>620.1</ele>
      </trkpt>
      <trkpt lat="43.8607" lon="6.13785">
        <ele>620.1</ele>
      </trkpt>
      <trkpt lat="43.860729" lon="6.13783">
        <ele>620.0</ele>
      </trkpt>
      <trkpt lat="43.86076" lon="6.137819">
        <ele>619.9</ele>
      </trkpt>
      <trkpt lat="43.860819" lon="6.13778">
        <ele>619.6</ele>
      </trkpt>
      <trkpt lat="43.86092" lon="6.13771">
        <ele>619.2</ele>
      </trkpt>
      <trkpt lat="43.86096" lon="6.13766">
        <ele>619.0</ele>
      </trkpt>
      <trkpt lat="43.86101" lon="6.1376">
        <ele>618.8</ele>
      </trkpt>
      <trkpt lat="43.86116" lon="6.13742">
        <ele>618.1</ele>
      </trkpt>
      <trkpt lat="43.8613" lon="6.13722">
        <ele>617.6</ele>
      </trkpt>
      <trkpt lat="43.86135" lon="6.13716">
        <ele>617.5</ele>
      </trkpt>
      <trkpt lat="43.86144" lon="6.13705">
        <ele>617.5</ele>
      </trkpt>
      <trkpt lat="43.86148" lon="6.13699">
        <ele>617.5</ele>
      </trkpt>
      <trkpt lat="43.861579" lon="6.13686">
        <ele>617.7</ele>
      </trkpt>
      <trkpt lat="43.86161" lon="6.13681">
        <ele>617.7</ele>
      </trkpt>
      <trkpt lat="43.86173" lon="6.13665">
        <ele>618.3</ele>
      </trkpt>
      <trkpt lat="43.86174" lon="6.13664">
        <ele>618.4</ele>
      </trkpt>
      <trkpt lat="43.86182" lon="6.136529">
        <ele>619.0</ele>
      </trkpt>
      <trkpt lat="43.86184" lon="6.1365">
        <ele>619.1</ele>
      </trkpt>
      <trkpt lat="43.86197" lon="6.13633">
        <ele>620.2</ele>
      </trkpt>
      <trkpt lat="43.86204" lon="6.13624">
        <ele>620.8</ele>
      </trkpt>
      <trkpt lat="43.86209" lon="6.1362">
        <ele>621.2</ele>
      </trkpt>
      <trkpt lat="43.86217" lon="6.13615">
        <ele>621.8</ele>
      </trkpt>
      <trkpt lat="43.86225" lon="6.13613">
        <ele>622.3</ele>
      </trkpt>
      <trkpt lat="43.86226" lon="6.13613">
        <ele>622.4</ele>
      </trkpt>
      <trkpt lat="43.86231" lon="6.13615">
        <ele>622.7</ele>
      </trkpt>
      <trkpt lat="43.86238" lon="6.13619">
        <ele>623.0</ele>
      </trkpt>
      <trkpt lat="43.86247" lon="6.13626">
        <ele>623.3</ele>
      </trkpt>
      <trkpt lat="43.86259" lon="6.13637">
        <ele>623.7</ele>
      </trkpt>
      <trkpt lat="43.862699" lon="6.13648">
        <ele>624.0</ele>
      </trkpt>
      <trkpt lat="43.86278" lon="6.13656">
        <ele>624.2</ele>
      </trkpt>
      <trkpt lat="43.8628" lon="6.13657">
        <ele>624.2</ele>
      </trkpt>
      <trkpt lat="43.86285" lon="6.136599">
        <ele>624.4</ele>
      </trkpt>
      <trkpt lat="43.86293" lon="6.13662">
        <ele>624.8</ele>
      </trkpt>
      <trkpt lat="43.86301" lon="6.13663">
        <ele>625.2</ele>
      </trkpt>
      <trkpt lat="43.8631" lon="6.13662">
        <ele>625.8</ele>
      </trkpt>
      <trkpt lat="43.86322" lon="6.13658">
        <ele>626.8</ele>
      </trkpt>
      <trkpt lat="43.86333" lon="6.13652">
        <ele>627.9</ele>
      </trkpt>
      <trkpt lat="43.86349" lon="6.13644">
        <ele>629.2</ele>
      </trkpt>
      <trkpt lat="43.86351" lon="6.13644">
        <ele>629.4</ele>
      </trkpt>
      <trkpt lat="43.863729" lon="6.13632">
        <ele>631.3</ele>
      </trkpt>
      <trkpt lat="43.86401" lon="6.13618">
        <ele>633.5</ele>
      </trkpt>
      <trkpt lat="43.864109" lon="6.13613">
        <ele>634.3</ele>
      </trkpt>
      <trkpt lat="43.86417" lon="6.13611">
        <ele>634.7</ele>
      </trkpt>
      <trkpt lat="43.86421" lon="6.1361">
        <ele>635.0</ele>
      </trkpt>
      <trkpt lat="43.8643" lon="6.13609">
        <ele>635.6</ele>
      </trkpt>
      <trkpt lat="43.86435" lon="6.13609">
        <ele>635.9</ele>
      </trkpt>
      <trkpt lat="43.86439" lon="6.13609">
        <ele>636.1</ele>
      </trkpt>
      <trkpt lat="43.86448" lon="6.1361">
        <ele>636.6</ele>
      </trkpt>
      <trkpt lat="43.86462" lon="6.13612">
        <ele>637.4</ele>
      </trkpt>
      <trkpt lat="43.865" lon="6.13617">
        <ele>639.6</ele>
      </trkpt>
      <trkpt lat="43.86525" lon="6.1362">
        <ele>640.0</ele>
      </trkpt>
      <trkpt lat="43.86536" lon="6.13622">
        <ele>640.2</ele>
      </trkpt>
      <trkpt lat="43.86564" lon="6.13625">
        <ele>640.7</ele>
      </trkpt>
      <trkpt lat="43.8659" lon="6.13629">
        <ele>641.3</ele>
      </trkpt>
      <trkpt lat="43.86624" lon="6.13633">
        <ele>643.0</ele>
      </trkpt>
      <trkpt lat="43.86632" lon="6.13634">
        <ele>643.3</ele>
      </trkpt>
      <trkpt lat="43.86651" lon="6.13637">
        <ele>644.2</ele>
      </trkpt>
      <trkpt lat="43.86674" lon="6.1364">
        <ele>645.8</ele>
      </trkpt>
      <trkpt lat="43.86686" lon="6.13641">
        <ele>647.3</ele>
      </trkpt>
      <trkpt lat="43.86697" lon="6.13643">
        <ele>648.5</ele>
      </trkpt>
      <trkpt lat="43.86704" lon="6.13643">
        <ele>649.4</ele>
      </trkpt>
      <trkpt lat="43.8671" lon="6.13643">
        <ele>650.1</ele>
      </trkpt>
      <trkpt lat="43.86713" lon="6.13642">
        <ele>650.5</ele>
      </trkpt>
      <trkpt lat="43.86718" lon="6.13642">
        <ele>651.1</ele>
      </trkpt>
      <trkpt lat="43.86721" lon="6.136389">
        <ele>651.5</ele>
      </trkpt>
      <trkpt lat="43.86723" lon="6.136389">
        <ele>651.8</ele>
      </trkpt>
      <trkpt lat="43.86728" lon="6.13633">
        <ele>652.4</ele>
      </trkpt>
      <trkpt lat="43.86732" lon="6.13627">
        <ele>652.9</ele>
      </trkpt>
      <trkpt lat="43.86735" lon="6.1362">
        <ele>653.3</ele>
      </trkpt>
      <trkpt lat="43.86735" lon="6.13619">
        <ele>653.3</ele>
      </trkpt>
      <trkpt lat="43.86736" lon="6.136059">
        <ele>653.5</ele>
      </trkpt>
      <trkpt lat="43.86737" lon="6.13588">
        <ele>653.7</ele>
      </trkpt>
      <trkpt lat="43.8674" lon="6.13571">
        <ele>654.5</ele>
      </trkpt>
      <trkpt lat="43.86742" lon="6.13563">
        <ele>655.0</ele>
      </trkpt>
      <trkpt lat="43.86742" lon="6.13562">
        <ele>655.1</ele>
      </trkpt>
      <trkpt lat="43.86746" lon="6.13553">
        <ele>655.8</ele>
      </trkpt>
      <trkpt lat="43.86751" lon="6.135449">
        <ele>656.4</ele>
      </trkpt>
      <trkpt lat="43.86759" lon="6.13533">
        <ele>657.4</ele>
      </trkpt>
      <trkpt lat="43.86773" lon="6.135169">
        <ele>658.8</ele>
      </trkpt>
      <trkpt lat="43.86785" lon="6.13504">
        <ele>660.0</ele>
      </trkpt>
      <trkpt lat="43.86793" lon="6.13493">
        <ele>660.9</ele>
      </trkpt>
      <trkpt lat="43.86795" lon="6.1349">
        <ele>661.1</ele>
      </trkpt>
      <trkpt lat="43.86799" lon="6.134839">
        <ele>661.7</ele>
      </trkpt>
      <trkpt lat="43.86802" lon="6.13476">
        <ele>662.2</ele>
      </trkpt>
      <trkpt lat="43.86803" lon="6.13471">
        <ele>662.5</ele>
      </trkpt>
      <trkpt lat="43.86803" lon="6.13464">
        <ele>662.9</ele>
      </trkpt>
      <trkpt lat="43.86803" lon="6.13457">
        <ele>663.2</ele>
      </trkpt>
      <trkpt lat="43.86802" lon="6.13449">
        <ele>663.5</ele>
      </trkpt>
      <trkpt lat="43.868" lon="6.13441">
        <ele>663.7</ele>
      </trkpt>
      <trkpt lat="43.86795" lon="6.13432">
        <ele>663.7</ele>
      </trkpt>
      <trkpt lat="43.86786" lon="6.13417">
        <ele>663.4</ele>
      </trkpt>
      <trkpt lat="43.86775" lon="6.13403">
        <ele>664.2</ele>
      </trkpt>
      <trkpt lat="43.86763" lon="6.13389">
        <ele>664.8</ele>
      </trkpt>
      <trkpt lat="43.86745" lon="6.13366">
        <ele>665.9</ele>
      </trkpt>
      <trkpt lat="43.86736" lon="6.133549">
        <ele>666.9</ele>
      </trkpt>
      <trkpt lat="43.86728" lon="6.13349">
        <ele>667.4</ele>
      </trkpt>
      <trkpt lat="43.86722" lon="6.13345">
        <ele>667.6</ele>
      </trkpt>
      <trkpt lat="43.86718" lon="6.13343">
        <ele>667.7</ele>
      </trkpt>
      <trkpt lat="43.86715" lon="6.13342">
        <ele>667.7</ele>
      </trkpt>
      <trkpt lat="43.86701" lon="6.13336">
        <ele>667.9</ele>
      </trkpt>
      <trkpt lat="43.86683" lon="6.13329">
        <ele>668.3</ele>
      </trkpt>
      <trkpt lat="43.86666" lon="6.1332">
        <ele>669.4</ele>
      </trkpt>
      <trkpt lat="43.866459" lon="6.13306">
        <ele>671.5</ele>
      </trkpt>
      <trkpt lat="43.86635" lon="6.13297">
        <ele>672.8</ele>
      </trkpt>
      <trkpt lat="43.86622" lon="6.132869">
        <ele>674.2</ele>
      </trkpt>
      <trkpt lat="43.86604" lon="6.13275">
        <ele>675.7</ele>
      </trkpt>
      <trkpt lat="43.8659" lon="6.13264">
        <ele>677.0</ele>
      </trkpt>
      <trkpt lat="43.86583" lon="6.13259">
        <ele>677.6</ele>
      </trkpt>
      <trkpt lat="43.86577" lon="6.13253">
        <ele>677.9</ele>
      </trkpt>
      <trkpt lat="43.865609" lon="6.13237">
        <ele>678.1</ele>
      </trkpt>
      <trkpt lat="43.86547" lon="6.13223">
        <ele>677.7</ele>
      </trkpt>
      <trkpt lat="43.86542" lon="6.13216">
        <ele>677.6</ele>
      </trkpt>
      <trkpt lat="43.86536" lon="6.1321">
        <ele>677.2</ele>
      </trkpt>
      <trkpt lat="43.86533" lon="6.13204">
        <ele>677.2</ele>
      </trkpt>
      <trkpt lat="43.8653" lon="6.13197">
        <ele>677.2</ele>
      </trkpt>
      <trkpt lat="43.86528" lon="6.13189">
        <ele>677.4</ele>
      </trkpt>
      <trkpt lat="43.86527" lon="6.13182">
        <ele>677.7</ele>
      </trkpt>
      <trkpt lat="43.86527" lon="6.131719">
        <ele>678.5</ele>
      </trkpt>
      <trkpt lat="43.86527" lon="6.13169">
        <ele>678.7</ele>
      </trkpt>
      <trkpt lat="43.86527" lon="6.1316">
        <ele>679.5</ele>
      </trkpt>
      <trkpt lat="43.86528" lon="6.13145">
        <ele>681.0</ele>
      </trkpt>
      <trkpt lat="43.86528" lon="6.13134">
        <ele>682.1</ele>
      </trkpt>
      <trkpt lat="43.86527" lon="6.13122">
        <ele>683.0</ele>
      </trkpt>
      <trkpt lat="43.86527" lon="6.1312">
        <ele>683.1</ele>
      </trkpt>
      <trkpt lat="43.86526" lon="6.131109">
        <ele>683.8</ele>
      </trkpt>
      <trkpt lat="43.86524" lon="6.13099">
        <ele>684.6</ele>
      </trkpt>
      <trkpt lat="43.8652" lon="6.13088">
        <ele>684.9</ele>
      </trkpt>
      <trkpt lat="43.86516" lon="6.13077">
        <ele>685.4</ele>
      </trkpt>
      <trkpt lat="43.8651" lon="6.13064">
        <ele>686.0</ele>
      </trkpt>
      <trkpt lat="43.86501" lon="6.13045">
        <ele>687.2</ele>
      </trkpt>
      <trkpt lat="43.86494" lon="6.13032">
        <ele>687.8</ele>
      </trkpt>
      <trkpt lat="43.86492" lon="6.13027">
        <ele>688.2</ele>
      </trkpt>
      <trkpt lat="43.86482" lon="6.13007">
        <ele>689.3</ele>
      </trkpt>
      <trkpt lat="43.86473" lon="6.12991">
        <ele>689.7</ele>
      </trkpt>
      <trkpt lat="43.86462" lon="6.129749">
        <ele>689.8</ele>
      </trkpt>
      <trkpt lat="43.86451" lon="6.12962">
        <ele>690.0</ele>
      </trkpt>
      <trkpt lat="43.86438" lon="6.12947">
        <ele>690.5</ele>
      </trkpt>
      <trkpt lat="43.86426" lon="6.12934">
        <ele>691.1</ele>
      </trkpt>
      <trkpt lat="43.864199" lon="6.12926">
        <ele>691.8</ele>
      </trkpt>
      <trkpt lat="43.864109" lon="6.12916">
        <ele>692.4</ele>
      </trkpt>
      <trkpt lat="43.8641" lon="6.129139">
        <ele>692.4</ele>
      </trkpt>
      <trkpt lat="43.86408" lon="6.12912">
        <ele>692.3</ele>
      </trkpt>
      <trkpt lat="43.864019" lon="6.12904">
        <ele>692.2</ele>
      </trkpt>
      <trkpt lat="43.86394" lon="6.12895">
        <ele>692.0</ele>
      </trkpt>
      <trkpt lat="43.86389" lon="6.12885">
        <ele>692.3</ele>
      </trkpt>
      <trkpt lat="43.86387" lon="6.12881">
        <ele>692.4</ele>
      </trkpt>
      <trkpt lat="43.86386" lon="6.12876">
        <ele>692.7</ele>
      </trkpt>
      <trkpt lat="43.86387" lon="6.12866">
        <ele>693.5</ele>
      </trkpt>
      <trkpt lat="43.86388" lon="6.12859">
        <ele>694.1</ele>
      </trkpt>
      <trkpt lat="43.86391" lon="6.12852">
        <ele>694.8</ele>
      </trkpt>
      <trkpt lat="43.86394" lon="6.12843">
        <ele>695.5</ele>
      </trkpt>
      <trkpt lat="43.864" lon="6.12832">
        <ele>696.4</ele>
      </trkpt>
      <trkpt lat="43.864019" lon="6.12828">
        <ele>696.6</ele>
      </trkpt>
      <trkpt lat="43.86406" lon="6.12821">
        <ele>696.8</ele>
      </trkpt>
      <trkpt lat="43.864109" lon="6.12813">
        <ele>697.1</ele>
      </trkpt>
      <trkpt lat="43.86417" lon="6.12807">
        <ele>697.3</ele>
      </trkpt>
      <trkpt lat="43.86421" lon="6.12804">
        <ele>697.4</ele>
      </trkpt>
      <trkpt lat="43.86423" lon="6.12803">
        <ele>697.4</ele>
      </trkpt>
      <trkpt lat="43.8643" lon="6.127989">
        <ele>697.5</ele>
      </trkpt>
      <trkpt lat="43.86438" lon="6.12794">
        <ele>697.6</ele>
      </trkpt>
      <trkpt lat="43.86445" lon="6.12787">
        <ele>697.7</ele>
      </trkpt>
      <trkpt lat="43.86445" lon="6.12787">
        <ele>697.7</ele>
      </trkpt>
      <trkpt lat="43.86442" lon="6.127849">
        <ele>697.7</ele>
      </trkpt>
      <trkpt lat="43.86441" lon="6.12784">
        <ele>697.7</ele>
      </trkpt>
      <trkpt lat="43.86433" lon="6.1278">
        <ele>697.7</ele>
      </trkpt>
      <trkpt lat="43.8643" lon="6.127779">
        <ele>697.7</ele>
      </trkpt>
      <trkpt lat="43.86404" lon="6.12759">
        <ele>697.7</ele>
      </trkpt>
      <trkpt lat="43.86337" lon="6.1271">
        <ele>697.0</ele>
      </trkpt>
      <trkpt lat="43.8633" lon="6.12705">
        <ele>696.8</ele>
      </trkpt>
      <trkpt lat="43.8633" lon="6.12705">
        <ele>696.8</ele>
      </trkpt>
      <trkpt lat="43.86333" lon="6.12669">
        <ele>697.0</ele>
      </trkpt>
      <trkpt lat="43.863349" lon="6.12665">
        <ele>696.9</ele>
      </trkpt>
      <trkpt lat="43.86341" lon="6.12642">
        <ele>696.3</ele>
      </trkpt>
      <trkpt lat="43.8635" lon="6.12611">
        <ele>695.5</ele>
      </trkpt>
      <trkpt lat="43.86359" lon="6.12581">
        <ele>694.9</ele>
      </trkpt>
      <trkpt lat="43.8636" lon="6.12576">
        <ele>694.8</ele>
      </trkpt>
      <trkpt lat="43.86365" lon="6.125619">
        <ele>694.3</ele>
      </trkpt>
      <trkpt lat="43.86369" lon="6.12549">
        <ele>693.9</ele>
      </trkpt>
      <trkpt lat="43.86375" lon="6.12529">
        <ele>693.4</ele>
      </trkpt>
      <trkpt lat="43.86376" lon="6.12525">
        <ele>693.3</ele>
      </trkpt>
      <trkpt lat="43.86384" lon="6.12497">
        <ele>692.5</ele>
      </trkpt>
      <trkpt lat="43.86385" lon="6.12496">
        <ele>692.5</ele>
      </trkpt>
      <trkpt lat="43.86393" lon="6.12471">
        <ele>691.8</ele>
      </trkpt>
      <trkpt lat="43.86394" lon="6.12467">
        <ele>691.6</ele>
      </trkpt>
      <trkpt lat="43.864019" lon="6.12438">
        <ele>690.7</ele>
      </trkpt>
      <trkpt lat="43.86406" lon="6.12425">
        <ele>690.3</ele>
      </trkpt>
      <trkpt lat="43.86409" lon="6.12417">
        <ele>690.0</ele>
      </trkpt>
      <trkpt lat="43.86413" lon="6.12405">
        <ele>689.6</ele>
      </trkpt>
      <trkpt lat="43.86417" lon="6.12389">
        <ele>689.0</ele>
      </trkpt>
      <trkpt lat="43.86424" lon="6.12366">
        <ele>688.3</ele>
      </trkpt>
      <trkpt lat="43.86427" lon="6.12356">
        <ele>688.1</ele>
      </trkpt>
      <trkpt lat="43.86433" lon="6.12335">
        <ele>687.6</ele>
      </trkpt>
      <trkpt lat="43.86442" lon="6.12307">
        <ele>688.1</ele>
      </trkpt>
      <trkpt lat="43.86442" lon="6.12306">
        <ele>688.1</ele>
      </trkpt>
      <trkpt lat="43.86449" lon="6.12286">
        <ele>688.6</ele>
      </trkpt>
      <trkpt lat="43.86454" lon="6.12269">
        <ele>689.0</ele>
      </trkpt>
      <trkpt lat="43.86457" lon="6.12261">
        <ele>689.3</ele>
      </trkpt>
      <trkpt lat="43.8646" lon="6.12255">
        <ele>689.5</ele>
      </trkpt>
      <trkpt lat="43.86466" lon="6.1224">
        <ele>689.8</ele>
      </trkpt>
      <trkpt lat="43.86473" lon="6.12226">
        <ele>689.9</ele>
      </trkpt>
      <trkpt lat="43.86477" lon="6.12218">
        <ele>689.9</ele>
      </trkpt>
      <trkpt lat="43.86489" lon="6.12195">
        <ele>689.7</ele>
      </trkpt>
      <trkpt lat="43.86502" lon="6.1217">
        <ele>689.1</ele>
      </trkpt>
      <trkpt lat="43.86516" lon="6.12146">
        <ele>689.0</ele>
      </trkpt>
      <trkpt lat="43.86517" lon="6.12143">
        <ele>689.0</ele>
      </trkpt>
      <trkpt lat="43.865319" lon="6.12115">
        <ele>689.0</ele>
      </trkpt>
      <trkpt lat="43.86546" lon="6.1209">
        <ele>689.1</ele>
      </trkpt>
      <trkpt lat="43.86559" lon="6.12064">
        <ele>689.3</ele>
      </trkpt>
      <trkpt lat="43.86569" lon="6.12045">
        <ele>689.4</ele>
      </trkpt>
      <trkpt lat="43.86571" lon="6.12042">
        <ele>689.4</ele>
      </trkpt>
      <trkpt lat="43.86583" lon="6.12018">
        <ele>689.2</ele>
      </trkpt>
      <trkpt lat="43.8659" lon="6.12004">
        <ele>689.1</ele>
      </trkpt>
      <trkpt lat="43.86594" lon="6.11996">
        <ele>689.1</ele>
      </trkpt>
      <trkpt lat="43.866" lon="6.11986">
        <ele>689.0</ele>
      </trkpt>
      <trkpt lat="43.86606" lon="6.11978">
        <ele>688.8</ele>
      </trkpt>
      <trkpt lat="43.86612" lon="6.11972">
        <ele>688.7</ele>
      </trkpt>
      <trkpt lat="43.86613" lon="6.11971">
        <ele>688.6</ele>
      </trkpt>
      <trkpt lat="43.86618" lon="6.11968">
        <ele>688.5</ele>
      </trkpt>
      <trkpt lat="43.8662" lon="6.11967">
        <ele>688.4</ele>
      </trkpt>
      <trkpt lat="43.86627" lon="6.11964">
        <ele>688.2</ele>
      </trkpt>
      <trkpt lat="43.86639" lon="6.11962">
        <ele>687.8</ele>
      </trkpt>
      <trkpt lat="43.86649" lon="6.11963">
        <ele>687.7</ele>
      </trkpt>
      <trkpt lat="43.8666" lon="6.11967">
        <ele>687.7</ele>
      </trkpt>
      <trkpt lat="43.8667" lon="6.11972">
        <ele>687.6</ele>
      </trkpt>
      <trkpt lat="43.86683" lon="6.11979">
        <ele>686.8</ele>
      </trkpt>
      <trkpt lat="43.86692" lon="6.119849">
        <ele>686.5</ele>
      </trkpt>
      <trkpt lat="43.86701" lon="6.11993">
        <ele>686.4</ele>
      </trkpt>
      <trkpt lat="43.86715" lon="6.12005">
        <ele>686.2</ele>
      </trkpt>
      <trkpt lat="43.86728" lon="6.12018">
        <ele>685.8</ele>
      </trkpt>
      <trkpt lat="43.8674" lon="6.1203">
        <ele>685.5</ele>
      </trkpt>
      <trkpt lat="43.86744" lon="6.12034">
        <ele>685.5</ele>
      </trkpt>
      <trkpt lat="43.86752" lon="6.12042">
        <ele>685.2</ele>
      </trkpt>
      <trkpt lat="43.8676" lon="6.120529">
        <ele>684.8</ele>
      </trkpt>
      <trkpt lat="43.867669" lon="6.12063">
        <ele>684.6</ele>
      </trkpt>
      <trkpt lat="43.86785" lon="6.1209">
        <ele>684.2</ele>
      </trkpt>
      <trkpt lat="43.86804" lon="6.1212">
        <ele>683.6</ele>
      </trkpt>
      <trkpt lat="43.86811" lon="6.12131">
        <ele>683.4</ele>
      </trkpt>
      <trkpt lat="43.86818" lon="6.1214">
        <ele>683.1</ele>
      </trkpt>
      <trkpt lat="43.868229" lon="6.12145">
        <ele>682.8</ele>
      </trkpt>
      <trkpt lat="43.8683" lon="6.12147">
        <ele>682.2</ele>
      </trkpt>
      <trkpt lat="43.86836" lon="6.12146">
        <ele>681.9</ele>
      </trkpt>
      <trkpt lat="43.868429" lon="6.12143">
        <ele>682.2</ele>
      </trkpt>
      <trkpt lat="43.86846" lon="6.12138">
        <ele>682.2</ele>
      </trkpt>
      <trkpt lat="43.8685" lon="6.121279">
        <ele>682.0</ele>
      </trkpt>
      <trkpt lat="43.86855" lon="6.12115">
        <ele>681.9</ele>
      </trkpt>
      <trkpt lat="43.8686" lon="6.12096">
        <ele>681.7</ele>
      </trkpt>
      <trkpt lat="43.86864" lon="6.12079">
        <ele>681.3</ele>
      </trkpt>
      <trkpt lat="43.86866" lon="6.12065">
        <ele>680.2</ele>
      </trkpt>
      <trkpt lat="43.86868" lon="6.12056">
        <ele>679.5</ele>
      </trkpt>
      <trkpt lat="43.86869" lon="6.12045">
        <ele>678.6</ele>
      </trkpt>
      <trkpt lat="43.86871" lon="6.12034">
        <ele>677.8</ele>
      </trkpt>
      <trkpt lat="43.86873" lon="6.12023">
        <ele>677.0</ele>
      </trkpt>
      <trkpt lat="43.86875" lon="6.12015">
        <ele>676.4</ele>
      </trkpt>
      <trkpt lat="43.86878" lon="6.12007">
        <ele>676.0</ele>
      </trkpt>
      <trkpt lat="43.86881" lon="6.119989">
        <ele>675.6</ele>
      </trkpt>
      <trkpt lat="43.86885" lon="6.119919">
        <ele>675.0</ele>
      </trkpt>
      <trkpt lat="43.86891" lon="6.119849">
        <ele>674.6</ele>
      </trkpt>
      <trkpt lat="43.869" lon="6.11975">
        <ele>673.9</ele>
      </trkpt>
      <trkpt lat="43.86913" lon="6.11963">
        <ele>673.0</ele>
      </trkpt>
      <trkpt lat="43.86925" lon="6.119519">
        <ele>671.4</ele>
      </trkpt>
      <trkpt lat="43.86933" lon="6.11944">
        <ele>670.1</ele>
      </trkpt>
      <trkpt lat="43.86939" lon="6.11939">
        <ele>669.2</ele>
      </trkpt>
      <trkpt lat="43.86944" lon="6.11937">
        <ele>668.9</ele>
      </trkpt>
      <trkpt lat="43.8695" lon="6.11935">
        <ele>668.6</ele>
      </trkpt>
      <trkpt lat="43.86956" lon="6.11936">
        <ele>668.8</ele>
      </trkpt>
      <trkpt lat="43.86962" lon="6.11937">
        <ele>669.1</ele>
      </trkpt>
      <trkpt lat="43.86971" lon="6.11941">
        <ele>669.8</ele>
      </trkpt>
      <trkpt lat="43.86982" lon="6.11947">
        <ele>671.0</ele>
      </trkpt>
      <trkpt lat="43.86995" lon="6.11956">
        <ele>672.6</ele>
      </trkpt>
      <trkpt lat="43.87012" lon="6.1197">
        <ele>674.4</ele>
      </trkpt>
      <trkpt lat="43.87026" lon="6.11979">
        <ele>674.8</ele>
      </trkpt>
      <trkpt lat="43.87035" lon="6.119849">
        <ele>674.8</ele>
      </trkpt>
      <trkpt lat="43.87042" lon="6.11987">
        <ele>674.4</ele>
      </trkpt>
      <trkpt lat="43.87045" lon="6.11986">
        <ele>674.1</ele>
      </trkpt>
      <trkpt lat="43.870489" lon="6.119849">
        <ele>673.7</ele>
      </trkpt>
      <trkpt lat="43.87054" lon="6.11982">
        <ele>673.1</ele>
      </trkpt>
      <trkpt lat="43.87056" lon="6.11979">
        <ele>672.8</ele>
      </trkpt>
      <trkpt lat="43.87059" lon="6.11974">
        <ele>672.4</ele>
      </trkpt>
      <trkpt lat="43.87062" lon="6.11969">
        <ele>672.0</ele>
      </trkpt>
      <trkpt lat="43.87063" lon="6.11964">
        <ele>671.7</ele>
      </trkpt>
      <trkpt lat="43.87064" lon="6.11958">
        <ele>671.5</ele>
      </trkpt>
      <trkpt lat="43.87064" lon="6.11949">
        <ele>671.1</ele>
      </trkpt>
      <trkpt lat="43.87063" lon="6.11942">
        <ele>670.8</ele>
      </trkpt>
      <trkpt lat="43.87059" lon="6.11929">
        <ele>670.1</ele>
      </trkpt>
      <trkpt lat="43.87054" lon="6.11911">
        <ele>669.5</ele>
      </trkpt>
      <trkpt lat="43.87047" lon="6.11889">
        <ele>669.6</ele>
      </trkpt>
      <trkpt lat="43.87041" lon="6.118699">
        <ele>669.3</ele>
      </trkpt>
      <trkpt lat="43.87034" lon="6.11852">
        <ele>668.4</ele>
      </trkpt>
      <trkpt lat="43.87028" lon="6.11838">
        <ele>667.4</ele>
      </trkpt>
      <trkpt lat="43.87019" lon="6.11822">
        <ele>666.6</ele>
      </trkpt>
      <trkpt lat="43.87008" lon="6.11804">
        <ele>666.0</ele>
      </trkpt>
      <trkpt lat="43.86997" lon="6.11785">
        <ele>665.6</ele>
      </trkpt>
      <trkpt lat="43.86989" lon="6.11769">
        <ele>665.6</ele>
      </trkpt>
      <trkpt lat="43.86981" lon="6.11754">
        <ele>665.1</ele>
      </trkpt>
      <trkpt lat="43.86978" lon="6.11744">
        <ele>664.7</ele>
      </trkpt>
      <trkpt lat="43.86975" lon="6.11735">
        <ele>664.0</ele>
      </trkpt>
      <trkpt lat="43.869729" lon="6.11725">
        <ele>663.5</ele>
      </trkpt>
      <trkpt lat="43.86972" lon="6.11717">
        <ele>663.2</ele>
      </trkpt>
      <trkpt lat="43.86971" lon="6.11705">
        <ele>662.9</ele>
      </trkpt>
      <trkpt lat="43.869729" lon="6.11671">
        <ele>662.9</ele>
      </trkpt>
      <trkpt lat="43.86975" lon="6.11646">
        <ele>660.5</ele>
      </trkpt>
      <trkpt lat="43.86975" lon="6.11639">
        <ele>659.7</ele>
      </trkpt>
      <trkpt lat="43.86976" lon="6.116329">
        <ele>659.0</ele>
      </trkpt>
      <trkpt lat="43.86977" lon="6.11627">
        <ele>658.4</ele>
      </trkpt>
      <trkpt lat="43.86978" lon="6.11622">
        <ele>657.8</ele>
      </trkpt>
      <trkpt lat="43.8698" lon="6.11617">
        <ele>657.4</ele>
      </trkpt>
      <trkpt lat="43.86982" lon="6.11613">
        <ele>657.1</ele>
      </trkpt>
      <trkpt lat="43.86985" lon="6.11609">
        <ele>656.8</ele>
      </trkpt>
      <trkpt lat="43.8699" lon="6.11605">
        <ele>656.7</ele>
      </trkpt>
      <trkpt lat="43.86994" lon="6.11604">
        <ele>656.9</ele>
      </trkpt>
      <trkpt lat="43.86996" lon="6.11603">
        <ele>656.9</ele>
      </trkpt>
      <trkpt lat="43.86998" lon="6.11602">
        <ele>657.0</ele>
      </trkpt>
      <trkpt lat="43.87004" lon="6.116">
        <ele>657.1</ele>
      </trkpt>
      <trkpt lat="43.87046" lon="6.11592">
        <ele>659.1</ele>
      </trkpt>
      <trkpt lat="43.8705" lon="6.1159">
        <ele>659.0</ele>
      </trkpt>
      <trkpt lat="43.87056" lon="6.11588">
        <ele>659.0</ele>
      </trkpt>
      <trkpt lat="43.87062" lon="6.11587">
        <ele>659.2</ele>
      </trkpt>
      <trkpt lat="43.87068" lon="6.11585">
        <ele>659.3</ele>
      </trkpt>
      <trkpt lat="43.87074" lon="6.11584">
        <ele>659.5</ele>
      </trkpt>
      <trkpt lat="43.8708" lon="6.11583">
        <ele>659.7</ele>
      </trkpt>
      <trkpt lat="43.87086" lon="6.11584">
        <ele>660.0</ele>
      </trkpt>
      <trkpt lat="43.87092" lon="6.11588">
        <ele>660.4</ele>
      </trkpt>
      <trkpt lat="43.871429" lon="6.11618">
        <ele>662.7</ele>
      </trkpt>
      <trkpt lat="43.8718" lon="6.116399">
        <ele>663.5</ele>
      </trkpt>
      <trkpt lat="43.87232" lon="6.11671">
        <ele>662.4</ele>
      </trkpt>
      <trkpt lat="43.87258" lon="6.11689">
        <ele>663.6</ele>
      </trkpt>
      <trkpt lat="43.87268" lon="6.11696">
        <ele>664.2</ele>
      </trkpt>
      <trkpt lat="43.87292" lon="6.11708">
        <ele>663.7</ele>
      </trkpt>
      <trkpt lat="43.87309" lon="6.11716">
        <ele>662.6</ele>
      </trkpt>
      <trkpt lat="43.8731" lon="6.11716">
        <ele>662.4</ele>
      </trkpt>
      <trkpt lat="43.87321" lon="6.11718">
        <ele>661.1</ele>
      </trkpt>
      <trkpt lat="43.87327" lon="6.11717">
        <ele>660.1</ele>
      </trkpt>
      <trkpt lat="43.87332" lon="6.11716">
        <ele>659.3</ele>
      </trkpt>
      <trkpt lat="43.87336" lon="6.11712">
        <ele>659.1</ele>
      </trkpt>
      <trkpt lat="43.87342" lon="6.11704">
        <ele>659.0</ele>
      </trkpt>
      <trkpt lat="43.87346" lon="6.11695">
        <ele>658.8</ele>
      </trkpt>
      <trkpt lat="43.87353" lon="6.11677">
        <ele>658.5</ele>
      </trkpt>
      <trkpt lat="43.87356" lon="6.11668">
        <ele>658.3</ele>
      </trkpt>
      <trkpt lat="43.873579" lon="6.11662">
        <ele>658.2</ele>
      </trkpt>
      <trkpt lat="43.8736" lon="6.11657">
        <ele>658.1</ele>
      </trkpt>
      <trkpt lat="43.87367" lon="6.11637">
        <ele>657.8</ele>
      </trkpt>
      <trkpt lat="43.8737" lon="6.116259">
        <ele>657.6</ele>
      </trkpt>
      <trkpt lat="43.87371" lon="6.11623">
        <ele>657.5</ele>
      </trkpt>
      <trkpt lat="43.87372" lon="6.1162">
        <ele>657.5</ele>
      </trkpt>
      <trkpt lat="43.87372" lon="6.11617">
        <ele>657.4</ele>
      </trkpt>
      <trkpt lat="43.87373" lon="6.11613">
        <ele>657.4</ele>
      </trkpt>
      <trkpt lat="43.87373" lon="6.11608">
        <ele>657.6</ele>
      </trkpt>
      <trkpt lat="43.87373" lon="6.11604">
        <ele>657.8</ele>
      </trkpt>
      <trkpt lat="43.87372" lon="6.11598">
        <ele>658.0</ele>
      </trkpt>
      <trkpt lat="43.87366" lon="6.11578">
        <ele>658.7</ele>
      </trkpt>
      <trkpt lat="43.87361" lon="6.11568">
        <ele>659.4</ele>
      </trkpt>
      <trkpt lat="43.87323" lon="6.11474">
        <ele>665.3</ele>
      </trkpt>
      <trkpt lat="43.87316" lon="6.1146">
        <ele>666.3</ele>
      </trkpt>
      <trkpt lat="43.87308" lon="6.11447">
        <ele>666.9</ele>
      </trkpt>
      <trkpt lat="43.87279" lon="6.11415">
        <ele>666.8</ele>
      </trkpt>
      <trkpt lat="43.87257" lon="6.11391">
        <ele>668.0</ele>
      </trkpt>
      <trkpt lat="43.87248" lon="6.11378">
        <ele>669.2</ele>
      </trkpt>
      <trkpt lat="43.87238" lon="6.11364">
        <ele>670.5</ele>
      </trkpt>
      <trkpt lat="43.87215" lon="6.11346">
        <ele>670.9</ele>
      </trkpt>
      <trkpt lat="43.87137" lon="6.11283">
        <ele>675.2</ele>
      </trkpt>
      <trkpt lat="43.8709" lon="6.11245">
        <ele>676.6</ele>
      </trkpt>
      <trkpt lat="43.87082" lon="6.11239">
        <ele>676.4</ele>
      </trkpt>
      <trkpt lat="43.870669" lon="6.11226">
        <ele>676.4</ele>
      </trkpt>
      <trkpt lat="43.87003" lon="6.1117">
        <ele>679.6</ele>
      </trkpt>
      <trkpt lat="43.86997" lon="6.11165">
        <ele>679.7</ele>
      </trkpt>
      <trkpt lat="43.86992" lon="6.11159">
        <ele>679.6</ele>
      </trkpt>
      <trkpt lat="43.86982" lon="6.11153">
        <ele>679.0</ele>
      </trkpt>
      <trkpt lat="43.86974" lon="6.1114">
        <ele>679.3</ele>
      </trkpt>
      <trkpt lat="43.86971" lon="6.11136">
        <ele>679.4</ele>
      </trkpt>
      <trkpt lat="43.8697" lon="6.11134">
        <ele>679.5</ele>
      </trkpt>
      <trkpt lat="43.86968" lon="6.11132">
        <ele>679.5</ele>
      </trkpt>
      <trkpt lat="43.86965" lon="6.11125">
        <ele>679.9</ele>
      </trkpt>
      <trkpt lat="43.86962" lon="6.11118">
        <ele>680.4</ele>
      </trkpt>
      <trkpt lat="43.8696" lon="6.11107">
        <ele>681.5</ele>
      </trkpt>
      <trkpt lat="43.86961" lon="6.11088">
        <ele>683.7</ele>
      </trkpt>
      <trkpt lat="43.86968" lon="6.11039">
        <ele>686.2</ele>
      </trkpt>
      <trkpt lat="43.86971" lon="6.11015">
        <ele>687.1</ele>
      </trkpt>
      <trkpt lat="43.86975" lon="6.1099">
        <ele>687.8</ele>
      </trkpt>
      <trkpt lat="43.86987" lon="6.10909">
        <ele>688.4</ele>
      </trkpt>
      <trkpt lat="43.87018" lon="6.10688">
        <ele>685.1</ele>
      </trkpt>
      <trkpt lat="43.87021" lon="6.106639">
        <ele>685.0</ele>
      </trkpt>
      <trkpt lat="43.87026" lon="6.10632">
        <ele>684.8</ele>
      </trkpt>
      <trkpt lat="43.87034" lon="6.1057">
        <ele>684.9</ele>
      </trkpt>
      <trkpt lat="43.87043" lon="6.10517">
        <ele>685.4</ele>
      </trkpt>
      <trkpt lat="43.87047" lon="6.10493">
        <ele>685.6</ele>
      </trkpt>
      <trkpt lat="43.87056" lon="6.10441">
        <ele>684.8</ele>
      </trkpt>
      <trkpt lat="43.8706" lon="6.10414">
        <ele>684.4</ele>
      </trkpt>
      <trkpt lat="43.870669" lon="6.10379">
        <ele>683.9</ele>
      </trkpt>
      <trkpt lat="43.87069" lon="6.10355">
        <ele>683.4</ele>
      </trkpt>
      <trkpt lat="43.8707" lon="6.10343">
        <ele>683.2</ele>
      </trkpt>
      <trkpt lat="43.8707" lon="6.10334">
        <ele>683.0</ele>
      </trkpt>
      <trkpt lat="43.87069" lon="6.10323">
        <ele>682.9</ele>
      </trkpt>
      <trkpt lat="43.87068" lon="6.10315">
        <ele>682.8</ele>
      </trkpt>
      <trkpt lat="43.87066" lon="6.10303">
        <ele>682.6</ele>
      </trkpt>
      <trkpt lat="43.87064" lon="6.102839">
        <ele>682.4</ele>
      </trkpt>
      <trkpt lat="43.87061" lon="6.10266">
        <ele>682.2</ele>
      </trkpt>
      <trkpt lat="43.87055" lon="6.10231">
        <ele>682.2</ele>
      </trkpt>
      <trkpt lat="43.87051" lon="6.10207">
        <ele>682.4</ele>
      </trkpt>
      <trkpt lat="43.87028" lon="6.10061">
        <ele>681.2</ele>
      </trkpt>
      <trkpt lat="43.87023" lon="6.10024">
        <ele>681.3</ele>
      </trkpt>
      <trkpt lat="43.87017" lon="6.09991">
        <ele>681.2</ele>
      </trkpt>
      <trkpt lat="43.87017" lon="6.09987">
        <ele>681.1</ele>
      </trkpt>
      <trkpt lat="43.87013" lon="6.09963">
        <ele>680.5</ele>
      </trkpt>
      <trkpt lat="43.86997" lon="6.09866">
        <ele>680.2</ele>
      </trkpt>
      <trkpt lat="43.86984" lon="6.09785">
        <ele>680.7</ele>
      </trkpt>
      <trkpt lat="43.869729" lon="6.0971">
        <ele>680.4</ele>
      </trkpt>
      <trkpt lat="43.86969" lon="6.09688">
        <ele>680.3</ele>
      </trkpt>
      <trkpt lat="43.86965" lon="6.09664">
        <ele>680.1</ele>
      </trkpt>
      <trkpt lat="43.86918" lon="6.0936">
        <ele>677.3</ele>
      </trkpt>
      <trkpt lat="43.8691" lon="6.09306">
        <ele>676.9</ele>
      </trkpt>
      <trkpt lat="43.86879" lon="6.091109">
        <ele>676.8</ele>
      </trkpt>
      <trkpt lat="43.86848" lon="6.08916">
        <ele>671.5</ele>
      </trkpt>
      <trkpt lat="43.86845" lon="6.08896">
        <ele>671.2</ele>
      </trkpt>
      <trkpt lat="43.86842" lon="6.088739">
        <ele>670.8</ele>
      </trkpt>
      <trkpt lat="43.86841" lon="6.08858">
        <ele>670.6</ele>
      </trkpt>
      <trkpt lat="43.86842" lon="6.08843">
        <ele>670.4</ele>
      </trkpt>
      <trkpt lat="43.86842" lon="6.0883">
        <ele>670.1</ele>
      </trkpt>
      <trkpt lat="43.86846" lon="6.08818">
        <ele>669.7</ele>
      </trkpt>
      <trkpt lat="43.868519" lon="6.08792">
        <ele>668.5</ele>
      </trkpt>
      <trkpt lat="43.86858" lon="6.08778">
        <ele>667.8</ele>
      </trkpt>
      <trkpt lat="43.86869" lon="6.0875">
        <ele>666.4</ele>
      </trkpt>
      <trkpt lat="43.8688" lon="6.08734">
        <ele>666.0</ele>
      </trkpt>
      <trkpt lat="43.86888" lon="6.08725">
        <ele>665.8</ele>
      </trkpt>
      <trkpt lat="43.869" lon="6.0872">
        <ele>665.7</ele>
      </trkpt>
      <trkpt lat="43.86915" lon="6.08719">
        <ele>665.9</ele>
      </trkpt>
      <trkpt lat="43.8692" lon="6.08718">
        <ele>665.8</ele>
      </trkpt>
      <trkpt lat="43.86931" lon="6.08716">
        <ele>665.5</ele>
      </trkpt>
      <trkpt lat="43.86932" lon="6.08716">
        <ele>665.5</ele>
      </trkpt>
      <trkpt lat="43.86933" lon="6.08715">
        <ele>665.5</ele>
      </trkpt>
      <trkpt lat="43.8694" lon="6.0871">
        <ele>665.3</ele>
      </trkpt>
      <trkpt lat="43.86945" lon="6.08703">
        <ele>665.1</ele>
      </trkpt>
      <trkpt lat="43.86948" lon="6.086979">
        <ele>664.9</ele>
      </trkpt>
      <trkpt lat="43.8695" lon="6.08693">
        <ele>664.8</ele>
      </trkpt>
      <trkpt lat="43.86952" lon="6.08688">
        <ele>664.8</ele>
      </trkpt>
      <trkpt lat="43.869549" lon="6.08678">
        <ele>664.6</ele>
      </trkpt>
      <trkpt lat="43.86956" lon="6.08672">
        <ele>664.5</ele>
      </trkpt>
      <trkpt lat="43.86956" lon="6.08666">
        <ele>664.5</ele>
      </trkpt>
      <trkpt lat="43.869549" lon="6.08659">
        <ele>665.0</ele>
      </trkpt>
      <trkpt lat="43.8695" lon="6.08647">
        <ele>665.8</ele>
      </trkpt>
      <trkpt lat="43.86939" lon="6.08631">
        <ele>666.6</ele>
      </trkpt>
      <trkpt lat="43.86927" lon="6.08613">
        <ele>667.5</ele>
      </trkpt>
      <trkpt lat="43.86926" lon="6.08612">
        <ele>667.5</ele>
      </trkpt>
      <trkpt lat="43.86891" lon="6.08573">
        <ele>668.6</ele>
      </trkpt>
      <trkpt lat="43.86884" lon="6.08567">
        <ele>668.6</ele>
      </trkpt>
      <trkpt lat="43.86866" lon="6.08553">
        <ele>668.6</ele>
      </trkpt>
      <trkpt lat="43.86856" lon="6.08538">
        <ele>669.0</ele>
      </trkpt>
      <trkpt lat="43.86851" lon="6.08526">
        <ele>669.4</ele>
      </trkpt>
      <trkpt lat="43.8685" lon="6.08498">
        <ele>670.6</ele>
      </trkpt>
      <trkpt lat="43.86851" lon="6.0849">
        <ele>670.7</ele>
      </trkpt>
      <trkpt lat="43.86856" lon="6.08416">
        <ele>671.5</ele>
      </trkpt>
      <trkpt lat="43.86857" lon="6.08397">
        <ele>671.6</ele>
      </trkpt>
      <trkpt lat="43.86858" lon="6.08391">
        <ele>671.6</ele>
      </trkpt>
      <trkpt lat="43.86864" lon="6.08301">
        <ele>672.1</ele>
      </trkpt>
      <trkpt lat="43.86868" lon="6.08242">
        <ele>672.6</ele>
      </trkpt>
      <trkpt lat="43.86868" lon="6.08236">
        <ele>672.6</ele>
      </trkpt>
      <trkpt lat="43.86871" lon="6.08185">
        <ele>672.5</ele>
      </trkpt>
      <trkpt lat="43.86871" lon="6.08173">
        <ele>672.5</ele>
      </trkpt>
      <trkpt lat="43.86871" lon="6.08156">
        <ele>672.2</ele>
      </trkpt>
      <trkpt lat="43.86869" lon="6.08124">
        <ele>671.3</ele>
      </trkpt>
      <trkpt lat="43.86863" lon="6.080739">
        <ele>670.0</ele>
      </trkpt>
      <trkpt lat="43.8685" lon="6.0796">
        <ele>668.4</ele>
      </trkpt>
      <trkpt lat="43.86848" lon="6.07946">
        <ele>668.5</ele>
      </trkpt>
      <trkpt lat="43.86847" lon="6.07935">
        <ele>668.7</ele>
      </trkpt>
      <trkpt lat="43.86832" lon="6.07809">
        <ele>666.4</ele>
      </trkpt>
      <trkpt lat="43.86822" lon="6.07713">
        <ele>665.0</ele>
      </trkpt>
      <trkpt lat="43.86821" lon="6.07703">
        <ele>665.0</ele>
      </trkpt>
      <trkpt lat="43.86809" lon="6.07607">
        <ele>663.7</ele>
      </trkpt>
      <trkpt lat="43.868" lon="6.07535">
        <ele>662.3</ele>
      </trkpt>
      <trkpt lat="43.86797" lon="6.075109">
        <ele>661.8</ele>
      </trkpt>
      <trkpt lat="43.867959" lon="6.07507">
        <ele>661.7</ele>
      </trkpt>
      <trkpt lat="43.86795" lon="6.07482">
        <ele>661.0</ele>
      </trkpt>
      <trkpt lat="43.867959" lon="6.07463">
        <ele>660.4</ele>
      </trkpt>
      <trkpt lat="43.868" lon="6.07444">
        <ele>659.7</ele>
      </trkpt>
      <trkpt lat="43.86803" lon="6.07438">
        <ele>659.5</ele>
      </trkpt>
      <trkpt lat="43.86808" lon="6.07424">
        <ele>658.9</ele>
      </trkpt>
      <trkpt lat="43.86813" lon="6.07418">
        <ele>658.5</ele>
      </trkpt>
      <trkpt lat="43.86826" lon="6.074029">
        <ele>658.1</ele>
      </trkpt>
      <trkpt lat="43.86841" lon="6.07388">
        <ele>657.9</ele>
      </trkpt>
      <trkpt lat="43.86849" lon="6.0738">
        <ele>657.8</ele>
      </trkpt>
      <trkpt lat="43.86857" lon="6.0737">
        <ele>657.7</ele>
      </trkpt>
      <trkpt lat="43.8686" lon="6.07365">
        <ele>657.8</ele>
      </trkpt>
      <trkpt lat="43.86863" lon="6.07359">
        <ele>657.8</ele>
      </trkpt>
      <trkpt lat="43.86864" lon="6.07353">
        <ele>657.8</ele>
      </trkpt>
      <trkpt lat="43.86864" lon="6.07351">
        <ele>657.8</ele>
      </trkpt>
      <trkpt lat="43.86864" lon="6.07346">
        <ele>657.9</ele>
      </trkpt>
      <trkpt lat="43.86863" lon="6.073419">
        <ele>657.9</ele>
      </trkpt>
      <trkpt lat="43.86862" lon="6.07337">
        <ele>658.0</ele>
      </trkpt>
      <trkpt lat="43.86859" lon="6.07331">
        <ele>658.0</ele>
      </trkpt>
      <trkpt lat="43.86857" lon="6.07329">
        <ele>658.1</ele>
      </trkpt>
      <trkpt lat="43.86854" lon="6.07324">
        <ele>658.1</ele>
      </trkpt>
      <trkpt lat="43.86838" lon="6.07309">
        <ele>658.1</ele>
      </trkpt>
      <trkpt lat="43.86816" lon="6.0729">
        <ele>657.9</ele>
      </trkpt>
      <trkpt lat="43.86803" lon="6.07278">
        <ele>657.8</ele>
      </trkpt>
      <trkpt lat="43.86773" lon="6.07249">
        <ele>657.3</ele>
      </trkpt>
      <trkpt lat="43.86771" lon="6.07248">
        <ele>657.3</ele>
      </trkpt>
      <trkpt lat="43.86737" lon="6.07216">
        <ele>657.6</ele>
      </trkpt>
      <trkpt lat="43.86712" lon="6.07193">
        <ele>657.8</ele>
      </trkpt>
      <trkpt lat="43.86697" lon="6.07174">
        <ele>658.1</ele>
      </trkpt>
      <trkpt lat="43.86691" lon="6.0716">
        <ele>658.4</ele>
      </trkpt>
      <trkpt lat="43.86687" lon="6.07147">
        <ele>658.5</ele>
      </trkpt>
      <trkpt lat="43.86685" lon="6.0713">
        <ele>658.7</ele>
      </trkpt>
      <trkpt lat="43.86685" lon="6.07124">
        <ele>658.7</ele>
      </trkpt>
      <trkpt lat="43.86686" lon="6.07092">
        <ele>659.1</ele>
      </trkpt>
      <trkpt lat="43.86687" lon="6.07064">
        <ele>659.3</ele>
      </trkpt>
      <trkpt lat="43.86687" lon="6.07049">
        <ele>659.3</ele>
      </trkpt>
      <trkpt lat="43.86689" lon="6.06992">
        <ele>659.4</ele>
      </trkpt>
      <trkpt lat="43.86692" lon="6.06899">
        <ele>657.8</ele>
      </trkpt>
      <trkpt lat="43.86692" lon="6.06874">
        <ele>657.8</ele>
      </trkpt>
      <trkpt lat="43.86693" lon="6.06849">
        <ele>657.7</ele>
      </trkpt>
      <trkpt lat="43.86694" lon="6.06816">
        <ele>657.8</ele>
      </trkpt>
      <trkpt lat="43.86694" lon="6.0681">
        <ele>657.8</ele>
      </trkpt>
      <trkpt lat="43.86696" lon="6.06726">
        <ele>658.5</ele>
      </trkpt>
      <trkpt lat="43.86698" lon="6.066">
        <ele>659.6</ele>
      </trkpt>
      <trkpt lat="43.86701" lon="6.06497">
        <ele>658.8</ele>
      </trkpt>
      <trkpt lat="43.867019" lon="6.06465">
        <ele>658.5</ele>
      </trkpt>
      <trkpt lat="43.86703" lon="6.0644">
        <ele>658.2</ele>
      </trkpt>
      <trkpt lat="43.86704" lon="6.06425">
        <ele>658.1</ele>
      </trkpt>
      <trkpt lat="43.86705" lon="6.063519">
        <ele>656.8</ele>
      </trkpt>
      <trkpt lat="43.86705" lon="6.0634">
        <ele>656.6</ele>
      </trkpt>
      <trkpt lat="43.86706" lon="6.06327">
        <ele>656.5</ele>
      </trkpt>
      <trkpt lat="43.86707" lon="6.06259">
        <ele>657.4</ele>
      </trkpt>
      <trkpt lat="43.86707" lon="6.062299">
        <ele>657.6</ele>
      </trkpt>
      <trkpt lat="43.86705" lon="6.06206">
        <ele>657.7</ele>
      </trkpt>
      <trkpt lat="43.86703" lon="6.06186">
        <ele>657.9</ele>
      </trkpt>
      <trkpt lat="43.86678" lon="6.06074">
        <ele>654.9</ele>
      </trkpt>
      <trkpt lat="43.86668" lon="6.06035">
        <ele>653.8</ele>
      </trkpt>
      <trkpt lat="43.8666" lon="6.06002">
        <ele>653.0</ele>
      </trkpt>
      <trkpt lat="43.8665" lon="6.05965">
        <ele>651.5</ele>
      </trkpt>
      <trkpt lat="43.86649" lon="6.0596">
        <ele>651.2</ele>
      </trkpt>
      <trkpt lat="43.86645" lon="6.05936">
        <ele>650.2</ele>
      </trkpt>
      <trkpt lat="43.86644" lon="6.0592">
        <ele>649.6</ele>
      </trkpt>
      <trkpt lat="43.866459" lon="6.05895">
        <ele>648.4</ele>
      </trkpt>
      <trkpt lat="43.8665" lon="6.05872">
        <ele>647.3</ele>
      </trkpt>
      <trkpt lat="43.86652" lon="6.05868">
        <ele>647.2</ele>
      </trkpt>
      <trkpt lat="43.86658" lon="6.05853">
        <ele>646.7</ele>
      </trkpt>
      <trkpt lat="43.86662" lon="6.05847">
        <ele>646.5</ele>
      </trkpt>
      <trkpt lat="43.866729" lon="6.05828">
        <ele>646.1</ele>
      </trkpt>
      <trkpt lat="43.866729" lon="6.05827">
        <ele>646.1</ele>
      </trkpt>
      <trkpt lat="43.86678" lon="6.05814">
        <ele>646.1</ele>
      </trkpt>
      <trkpt lat="43.86679" lon="6.05804">
        <ele>646.1</ele>
      </trkpt>
      <trkpt lat="43.86677" lon="6.05794">
        <ele>646.0</ele>
      </trkpt>
      <trkpt lat="43.866729" lon="6.05786">
        <ele>645.7</ele>
      </trkpt>
      <trkpt lat="43.866549" lon="6.05772">
        <ele>645.1</ele>
      </trkpt>
      <trkpt lat="43.86628" lon="6.05751">
        <ele>644.5</ele>
      </trkpt>
      <trkpt lat="43.86604" lon="6.05733">
        <ele>645.1</ele>
      </trkpt>
      <trkpt lat="43.86569" lon="6.057019">
        <ele>646.0</ele>
      </trkpt>
      <trkpt lat="43.86566" lon="6.05699">
        <ele>646.1</ele>
      </trkpt>
      <trkpt lat="43.86555" lon="6.05684">
        <ele>646.6</ele>
      </trkpt>
      <trkpt lat="43.86553" lon="6.05682">
        <ele>646.6</ele>
      </trkpt>
      <trkpt lat="43.86546" lon="6.0567">
        <ele>647.0</ele>
      </trkpt>
      <trkpt lat="43.86543" lon="6.05662">
        <ele>647.0</ele>
      </trkpt>
      <trkpt lat="43.86538" lon="6.0565">
        <ele>646.9</ele>
      </trkpt>
      <trkpt lat="43.86534" lon="6.0564">
        <ele>646.8</ele>
      </trkpt>
      <trkpt lat="43.865139" lon="6.05586">
        <ele>645.7</ele>
      </trkpt>
      <trkpt lat="43.86494" lon="6.05528">
        <ele>644.8</ele>
      </trkpt>
      <trkpt lat="43.86486" lon="6.055049">
        <ele>644.7</ele>
      </trkpt>
      <trkpt lat="43.864849" lon="6.05502">
        <ele>644.6</ele>
      </trkpt>
      <trkpt lat="43.86478" lon="6.05483">
        <ele>644.7</ele>
      </trkpt>
      <trkpt lat="43.86466" lon="6.05447">
        <ele>645.1</ele>
      </trkpt>
      <trkpt lat="43.86444" lon="6.05392">
        <ele>645.5</ele>
      </trkpt>
      <trkpt lat="43.86437" lon="6.05372">
        <ele>645.6</ele>
      </trkpt>
      <trkpt lat="43.86415" lon="6.05318">
        <ele>645.6</ele>
      </trkpt>
      <trkpt lat="43.86384" lon="6.05236">
        <ele>642.7</ele>
      </trkpt>
      <trkpt lat="43.86377" lon="6.05219">
        <ele>642.5</ele>
      </trkpt>
      <trkpt lat="43.86369" lon="6.05197">
        <ele>642.4</ele>
      </trkpt>
      <trkpt lat="43.86367" lon="6.051929">
        <ele>642.4</ele>
      </trkpt>
      <trkpt lat="43.86356" lon="6.05165">
        <ele>642.6</ele>
      </trkpt>
      <trkpt lat="43.86347" lon="6.05142">
        <ele>643.2</ele>
      </trkpt>
      <trkpt lat="43.86333" lon="6.0511">
        <ele>644.0</ele>
      </trkpt>
      <trkpt lat="43.86324" lon="6.05088">
        <ele>643.9</ele>
      </trkpt>
      <trkpt lat="43.86324" lon="6.05086">
        <ele>644.0</ele>
      </trkpt>
      <trkpt lat="43.863" lon="6.05033">
        <ele>642.3</ele>
      </trkpt>
      <trkpt lat="43.86296" lon="6.050239">
        <ele>642.1</ele>
      </trkpt>
      <trkpt lat="43.86287" lon="6.050029">
        <ele>641.6</ele>
      </trkpt>
      <trkpt lat="43.86285" lon="6.05">
        <ele>641.5</ele>
      </trkpt>
      <trkpt lat="43.86228" lon="6.04877">
        <ele>641.1</ele>
      </trkpt>
      <trkpt lat="43.862229" lon="6.04865">
        <ele>641.3</ele>
      </trkpt>
      <trkpt lat="43.86221" lon="6.0486">
        <ele>641.4</ele>
      </trkpt>
      <trkpt lat="43.86206" lon="6.04828">
        <ele>642.0</ele>
      </trkpt>
      <trkpt lat="43.86184" lon="6.04782">
        <ele>642.4</ele>
      </trkpt>
      <trkpt lat="43.86165" lon="6.0474">
        <ele>642.4</ele>
      </trkpt>
      <trkpt lat="43.86153" lon="6.04715">
        <ele>640.8</ele>
      </trkpt>
      <trkpt lat="43.86145" lon="6.046979">
        <ele>640.0</ele>
      </trkpt>
      <trkpt lat="43.86143" lon="6.04693">
        <ele>639.8</ele>
      </trkpt>
      <trkpt lat="43.8614" lon="6.04687">
        <ele>639.5</ele>
      </trkpt>
      <trkpt lat="43.86126" lon="6.04655">
        <ele>638.1</ele>
      </trkpt>
      <trkpt lat="43.86113" lon="6.04623">
        <ele>636.1</ele>
      </trkpt>
      <trkpt lat="43.86104" lon="6.04607">
        <ele>635.4</ele>
      </trkpt>
      <trkpt lat="43.86094" lon="6.045899">
        <ele>634.8</ele>
      </trkpt>
      <trkpt lat="43.86083" lon="6.04572">
        <ele>634.1</ele>
      </trkpt>
      <trkpt lat="43.86076" lon="6.04559">
        <ele>633.2</ele>
      </trkpt>
      <trkpt lat="43.86054" lon="6.04513">
        <ele>631.0</ele>
      </trkpt>
      <trkpt lat="43.86034" lon="6.0447">
        <ele>630.1</ele>
      </trkpt>
      <trkpt lat="43.86027" lon="6.0445">
        <ele>629.7</ele>
      </trkpt>
      <trkpt lat="43.860259" lon="6.04431">
        <ele>628.8</ele>
      </trkpt>
      <trkpt lat="43.86024" lon="6.04412">
        <ele>628.0</ele>
      </trkpt>
      <trkpt lat="43.860259" lon="6.04391">
        <ele>626.7</ele>
      </trkpt>
      <trkpt lat="43.860259" lon="6.04378">
        <ele>625.9</ele>
      </trkpt>
      <trkpt lat="43.86025" lon="6.04365">
        <ele>625.2</ele>
      </trkpt>
      <trkpt lat="43.86022" lon="6.04344">
        <ele>624.1</ele>
      </trkpt>
      <trkpt lat="43.86011" lon="6.04322">
        <ele>623.2</ele>
      </trkpt>
      <trkpt lat="43.85998" lon="6.04307">
        <ele>622.5</ele>
      </trkpt>
      <trkpt lat="43.85985" lon="6.0429">
        <ele>621.8</ele>
      </trkpt>
      <trkpt lat="43.85975" lon="6.042779">
        <ele>621.1</ele>
      </trkpt>
      <trkpt lat="43.85963" lon="6.0426">
        <ele>619.5</ele>
      </trkpt>
      <trkpt lat="43.85961" lon="6.04246">
        <ele>618.7</ele>
      </trkpt>
      <trkpt lat="43.85959" lon="6.04237">
        <ele>619.1</ele>
      </trkpt>
      <trkpt lat="43.85958" lon="6.04234">
        <ele>619.2</ele>
      </trkpt>
      <trkpt lat="43.85955" lon="6.04219">
        <ele>619.7</ele>
      </trkpt>
      <trkpt lat="43.85953" lon="6.042099">
        <ele>619.9</ele>
      </trkpt>
      <trkpt lat="43.85953" lon="6.04208">
        <ele>620.0</ele>
      </trkpt>
      <trkpt lat="43.8595" lon="6.042">
        <ele>620.1</ele>
      </trkpt>
      <trkpt lat="43.85946" lon="6.04194">
        <ele>620.0</ele>
      </trkpt>
      <trkpt lat="43.85943" lon="6.0419">
        <ele>619.9</ele>
      </trkpt>
      <trkpt lat="43.85939" lon="6.04186">
        <ele>619.7</ele>
      </trkpt>
      <trkpt lat="43.8593" lon="6.04175">
        <ele>619.2</ele>
      </trkpt>
      <trkpt lat="43.85912" lon="6.04159">
        <ele>618.8</ele>
      </trkpt>
      <trkpt lat="43.85886" lon="6.04131">
        <ele>621.2</ele>
      </trkpt>
      <trkpt lat="43.85845" lon="6.04085">
        <ele>625.3</ele>
      </trkpt>
      <trkpt lat="43.858289" lon="6.04069">
        <ele>625.7</ele>
      </trkpt>
      <trkpt lat="43.85814" lon="6.04054">
        <ele>625.6</ele>
      </trkpt>
      <trkpt lat="43.85798" lon="6.04039">
        <ele>625.7</ele>
      </trkpt>
      <trkpt lat="43.85757" lon="6.03994">
        <ele>627.5</ele>
      </trkpt>
      <trkpt lat="43.85741" lon="6.03978">
        <ele>627.0</ele>
      </trkpt>
      <trkpt lat="43.85727" lon="6.03963">
        <ele>626.6</ele>
      </trkpt>
      <trkpt lat="43.85717" lon="6.03947">
        <ele>626.7</ele>
      </trkpt>
      <trkpt lat="43.85714" lon="6.03938">
        <ele>627.1</ele>
      </trkpt>
      <trkpt lat="43.85712" lon="6.03933">
        <ele>627.2</ele>
      </trkpt>
      <trkpt lat="43.85711" lon="6.03927">
        <ele>627.5</ele>
      </trkpt>
      <trkpt lat="43.85711" lon="6.039189">
        <ele>628.0</ele>
      </trkpt>
      <trkpt lat="43.85712" lon="6.03902">
        <ele>627.5</ele>
      </trkpt>
      <trkpt lat="43.85721" lon="6.0388">
        <ele>627.1</ele>
      </trkpt>
      <trkpt lat="43.85733" lon="6.03862">
        <ele>627.3</ele>
      </trkpt>
      <trkpt lat="43.85742" lon="6.03847">
        <ele>627.6</ele>
      </trkpt>
      <trkpt lat="43.85772" lon="6.03798">
        <ele>627.3</ele>
      </trkpt>
      <trkpt lat="43.8578" lon="6.03786">
        <ele>627.2</ele>
      </trkpt>
      <trkpt lat="43.85793" lon="6.03763">
        <ele>627.0</ele>
      </trkpt>
      <trkpt lat="43.85803" lon="6.03747">
        <ele>627.2</ele>
      </trkpt>
      <trkpt lat="43.85814" lon="6.03728">
        <ele>628.0</ele>
      </trkpt>
      <trkpt lat="43.85815" lon="6.03727">
        <ele>628.1</ele>
      </trkpt>
      <trkpt lat="43.85819" lon="6.037149">
        <ele>628.4</ele>
      </trkpt>
      <trkpt lat="43.858199" lon="6.03705">
        <ele>628.5</ele>
      </trkpt>
      <trkpt lat="43.85818" lon="6.03693">
        <ele>628.5</ele>
      </trkpt>
      <trkpt lat="43.85815" lon="6.03683">
        <ele>628.4</ele>
      </trkpt>
      <trkpt lat="43.85809" lon="6.03674">
        <ele>628.3</ele>
      </trkpt>
      <trkpt lat="43.85794" lon="6.03659">
        <ele>628.4</ele>
      </trkpt>
      <trkpt lat="43.85785" lon="6.03652">
        <ele>628.5</ele>
      </trkpt>
      <trkpt lat="43.85771" lon="6.03639">
        <ele>628.8</ele>
      </trkpt>
      <trkpt lat="43.85756" lon="6.03629">
        <ele>629.0</ele>
      </trkpt>
      <trkpt lat="43.85751" lon="6.03628">
        <ele>628.9</ele>
      </trkpt>
      <trkpt lat="43.85741" lon="6.03624">
        <ele>629.0</ele>
      </trkpt>
      <trkpt lat="43.85736" lon="6.03624">
        <ele>629.0</ele>
      </trkpt>
      <trkpt lat="43.85727" lon="6.03623">
        <ele>629.1</ele>
      </trkpt>
      <trkpt lat="43.85718" lon="6.03622">
        <ele>629.1</ele>
      </trkpt>
      <trkpt lat="43.85702" lon="6.03621">
        <ele>629.2</ele>
      </trkpt>
      <trkpt lat="43.8569" lon="6.03618">
        <ele>629.3</ele>
      </trkpt>
      <trkpt lat="43.85681" lon="6.03612">
        <ele>629.6</ele>
      </trkpt>
      <trkpt lat="43.85673" lon="6.03602">
        <ele>630.1</ele>
      </trkpt>
      <trkpt lat="43.85671" lon="6.03596">
        <ele>630.4</ele>
      </trkpt>
      <trkpt lat="43.85668" lon="6.03591">
        <ele>630.6</ele>
      </trkpt>
      <trkpt lat="43.85662" lon="6.03574">
        <ele>631.0</ele>
      </trkpt>
      <trkpt lat="43.85661" lon="6.0357">
        <ele>631.0</ele>
      </trkpt>
      <trkpt lat="43.85654" lon="6.03552">
        <ele>631.1</ele>
      </trkpt>
      <trkpt lat="43.85649" lon="6.035389">
        <ele>631.2</ele>
      </trkpt>
      <trkpt lat="43.85646" lon="6.0353">
        <ele>631.3</ele>
      </trkpt>
      <trkpt lat="43.856319" lon="6.03497">
        <ele>631.6</ele>
      </trkpt>
      <trkpt lat="43.85608" lon="6.03444">
        <ele>631.6</ele>
      </trkpt>
      <trkpt lat="43.85583" lon="6.03395">
        <ele>631.7</ele>
      </trkpt>
      <trkpt lat="43.85554" lon="6.03343">
        <ele>631.3</ele>
      </trkpt>
      <trkpt lat="43.85525" lon="6.03292">
        <ele>631.4</ele>
      </trkpt>
      <trkpt lat="43.85511" lon="6.03265">
        <ele>631.2</ele>
      </trkpt>
      <trkpt lat="43.85501" lon="6.03242">
        <ele>631.0</ele>
      </trkpt>
      <trkpt lat="43.85483" lon="6.03199">
        <ele>630.3</ele>
      </trkpt>
      <trkpt lat="43.8548" lon="6.03191">
        <ele>630.1</ele>
      </trkpt>
      <trkpt lat="43.85474" lon="6.03177">
        <ele>629.8</ele>
      </trkpt>
      <trkpt lat="43.85456" lon="6.03131">
        <ele>628.5</ele>
      </trkpt>
      <trkpt lat="43.85441" lon="6.030979">
        <ele>627.3</ele>
      </trkpt>
      <trkpt lat="43.85438" lon="6.03091">
        <ele>627.1</ele>
      </trkpt>
      <trkpt lat="43.85427" lon="6.03071">
        <ele>626.8</ele>
      </trkpt>
      <trkpt lat="43.85416" lon="6.0305">
        <ele>626.8</ele>
      </trkpt>
      <trkpt lat="43.85396" lon="6.0301">
        <ele>627.3</ele>
      </trkpt>
      <trkpt lat="43.85387" lon="6.02989">
        <ele>627.3</ele>
      </trkpt>
      <trkpt lat="43.85384" lon="6.029829">
        <ele>627.2</ele>
      </trkpt>
      <trkpt lat="43.85376" lon="6.02957">
        <ele>627.0</ele>
      </trkpt>
      <trkpt lat="43.85369" lon="6.02931">
        <ele>627.0</ele>
      </trkpt>
      <trkpt lat="43.85366" lon="6.02919">
        <ele>627.0</ele>
      </trkpt>
      <trkpt lat="43.85365" lon="6.02912">
        <ele>626.9</ele>
      </trkpt>
      <trkpt lat="43.85362" lon="6.02889">
        <ele>626.7</ele>
      </trkpt>
      <trkpt lat="43.85356" lon="6.02836">
        <ele>626.0</ele>
      </trkpt>
      <trkpt lat="43.85355" lon="6.028209">
        <ele>626.2</ele>
      </trkpt>
      <trkpt lat="43.85352" lon="6.02796">
        <ele>626.7</ele>
      </trkpt>
      <trkpt lat="43.85347" lon="6.02751">
        <ele>627.7</ele>
      </trkpt>
      <trkpt lat="43.85337" lon="6.02648">
        <ele>626.2</ele>
      </trkpt>
      <trkpt lat="43.85333" lon="6.02622">
        <ele>626.5</ele>
      </trkpt>
      <trkpt lat="43.8533" lon="6.02585">
        <ele>626.9</ele>
      </trkpt>
      <trkpt lat="43.85326" lon="6.02552">
        <ele>626.4</ele>
      </trkpt>
      <trkpt lat="43.85314" lon="6.02445">
        <ele>624.4</ele>
      </trkpt>
      <trkpt lat="43.85313" lon="6.0244">
        <ele>624.3</ele>
      </trkpt>
      <trkpt lat="43.8531" lon="6.02419">
        <ele>624.0</ele>
      </trkpt>
      <trkpt lat="43.85307" lon="6.02405">
        <ele>623.7</ele>
      </trkpt>
      <trkpt lat="43.85302" lon="6.02385">
        <ele>623.2</ele>
      </trkpt>
      <trkpt lat="43.85296" lon="6.02363">
        <ele>622.7</ele>
      </trkpt>
      <trkpt lat="43.852849" lon="6.02334">
        <ele>622.0</ele>
      </trkpt>
      <trkpt lat="43.85277" lon="6.02309">
        <ele>621.7</ele>
      </trkpt>
      <trkpt lat="43.85272" lon="6.02297">
        <ele>621.7</ele>
      </trkpt>
      <trkpt lat="43.85266" lon="6.02285">
        <ele>621.7</ele>
      </trkpt>
      <trkpt lat="43.85258" lon="6.0228">
        <ele>621.8</ele>
      </trkpt>
      <trkpt lat="43.85246" lon="6.02271">
        <ele>622.0</ele>
      </trkpt>
      <trkpt lat="43.85223" lon="6.02256">
        <ele>622.0</ele>
      </trkpt>
      <trkpt lat="43.85195" lon="6.02241">
        <ele>622.0</ele>
      </trkpt>
      <trkpt lat="43.85164" lon="6.02227">
        <ele>621.7</ele>
      </trkpt>
      <trkpt lat="43.85129" lon="6.02209">
        <ele>621.3</ele>
      </trkpt>
      <trkpt lat="43.85091" lon="6.021899">
        <ele>621.0</ele>
      </trkpt>
      <trkpt lat="43.85055" lon="6.02172">
        <ele>621.0</ele>
      </trkpt>
      <trkpt lat="43.85053" lon="6.02171">
        <ele>621.0</ele>
      </trkpt>
      <trkpt lat="43.85036" lon="6.02162">
        <ele>621.0</ele>
      </trkpt>
      <trkpt lat="43.8501" lon="6.02149">
        <ele>621.0</ele>
      </trkpt>
      <trkpt lat="43.8496" lon="6.02124">
        <ele>620.5</ele>
      </trkpt>
      <trkpt lat="43.84952" lon="6.0212">
        <ele>620.4</ele>
      </trkpt>
      <trkpt lat="43.84935" lon="6.02111">
        <ele>620.2</ele>
      </trkpt>
      <trkpt lat="43.84906" lon="6.02096">
        <ele>620.0</ele>
      </trkpt>
      <trkpt lat="43.84859" lon="6.02073">
        <ele>619.6</ele>
      </trkpt>
      <trkpt lat="43.84833" lon="6.0206">
        <ele>619.2</ele>
      </trkpt>
      <trkpt lat="43.84798" lon="6.02042">
        <ele>618.3</ele>
      </trkpt>
      <trkpt lat="43.84787" lon="6.02035">
        <ele>618.0</ele>
      </trkpt>
      <trkpt lat="43.84767" lon="6.02022">
        <ele>617.6</ele>
      </trkpt>
      <trkpt lat="43.84749" lon="6.01976">
        <ele>616.4</ele>
      </trkpt>
      <trkpt lat="43.84738" lon="6.01941">
        <ele>615.5</ele>
      </trkpt>
      <trkpt lat="43.84735" lon="6.01934">
        <ele>615.3</ele>
      </trkpt>
      <trkpt lat="43.8473" lon="6.01918">
        <ele>615.0</ele>
      </trkpt>
      <trkpt lat="43.84724" lon="6.01895">
        <ele>614.8</ele>
      </trkpt>
      <trkpt lat="43.84718" lon="6.01877">
        <ele>614.7</ele>
      </trkpt>
      <trkpt lat="43.84704" lon="6.0183">
        <ele>614.5</ele>
      </trkpt>
      <trkpt lat="43.84691" lon="6.01789">
        <ele>613.6</ele>
      </trkpt>
      <trkpt lat="43.84679" lon="6.01752">
        <ele>612.9</ele>
      </trkpt>
      <trkpt lat="43.8467" lon="6.01724">
        <ele>612.6</ele>
      </trkpt>
      <trkpt lat="43.84666" lon="6.01712">
        <ele>612.5</ele>
      </trkpt>
      <trkpt lat="43.846649" lon="6.0171">
        <ele>612.4</ele>
      </trkpt>
      <trkpt lat="43.84659" lon="6.01698">
        <ele>612.1</ele>
      </trkpt>
      <trkpt lat="43.8465" lon="6.016879">
        <ele>611.8</ele>
      </trkpt>
      <trkpt lat="43.84638" lon="6.01677">
        <ele>611.8</ele>
      </trkpt>
      <trkpt lat="43.846179" lon="6.01658">
        <ele>611.9</ele>
      </trkpt>
      <trkpt lat="43.84597" lon="6.01639">
        <ele>612.1</ele>
      </trkpt>
      <trkpt lat="43.845799" lon="6.01623">
        <ele>612.4</ele>
      </trkpt>
      <trkpt lat="43.84574" lon="6.01617">
        <ele>612.2</ele>
      </trkpt>
      <trkpt lat="43.84551" lon="6.01596">
        <ele>611.8</ele>
      </trkpt>
      <trkpt lat="43.84535" lon="6.01581">
        <ele>611.8</ele>
      </trkpt>
      <trkpt lat="43.84504" lon="6.01551">
        <ele>611.4</ele>
      </trkpt>
      <trkpt lat="43.84489" lon="6.01537">
        <ele>611.4</ele>
      </trkpt>
      <trkpt lat="43.84481" lon="6.01529">
        <ele>611.4</ele>
      </trkpt>
      <trkpt lat="43.844769" lon="6.015259">
        <ele>611.4</ele>
      </trkpt>
      <trkpt lat="43.84472" lon="6.01521">
        <ele>611.4</ele>
      </trkpt>
      <trkpt lat="43.84467" lon="6.01514">
        <ele>611.4</ele>
      </trkpt>
      <trkpt lat="43.84463" lon="6.01509">
        <ele>611.4</ele>
      </trkpt>
      <trkpt lat="43.84461" lon="6.015049">
        <ele>611.5</ele>
      </trkpt>
      <trkpt lat="43.84456" lon="6.01497">
        <ele>611.5</ele>
      </trkpt>
      <trkpt lat="43.84448" lon="6.01482">
        <ele>611.4</ele>
      </trkpt>
      <trkpt lat="43.84436" lon="6.014579">
        <ele>611.2</ele>
      </trkpt>
      <trkpt lat="43.844299" lon="6.01445">
        <ele>611.2</ele>
      </trkpt>
      <trkpt lat="43.84419" lon="6.01424">
        <ele>611.0</ele>
      </trkpt>
      <trkpt lat="43.84418" lon="6.01423">
        <ele>611.0</ele>
      </trkpt>
      <trkpt lat="43.84409" lon="6.014039">
        <ele>610.9</ele>
      </trkpt>
      <trkpt lat="43.84402" lon="6.01391">
        <ele>610.7</ele>
      </trkpt>
      <trkpt lat="43.84386" lon="6.0136">
        <ele>610.6</ele>
      </trkpt>
      <trkpt lat="43.84378" lon="6.013429">
        <ele>610.5</ele>
      </trkpt>
      <trkpt lat="43.8437" lon="6.01326">
        <ele>610.4</ele>
      </trkpt>
      <trkpt lat="43.84348" lon="6.01284">
        <ele>609.9</ele>
      </trkpt>
      <trkpt lat="43.84337" lon="6.012609">
        <ele>610.0</ele>
      </trkpt>
      <trkpt lat="43.84326" lon="6.0124">
        <ele>609.5</ele>
      </trkpt>
      <trkpt lat="43.84315" lon="6.01217">
        <ele>608.9</ele>
      </trkpt>
      <trkpt lat="43.84307" lon="6.01201">
        <ele>608.5</ele>
      </trkpt>
      <trkpt lat="43.84292" lon="6.01166">
        <ele>608.0</ele>
      </trkpt>
      <trkpt lat="43.84283" lon="6.01144">
        <ele>608.0</ele>
      </trkpt>
      <trkpt lat="43.84274" lon="6.01122">
        <ele>607.9</ele>
      </trkpt>
      <trkpt lat="43.84274" lon="6.01121">
        <ele>607.9</ele>
      </trkpt>
      <trkpt lat="43.84265" lon="6.01101">
        <ele>607.6</ele>
      </trkpt>
      <trkpt lat="43.84256" lon="6.01082">
        <ele>607.3</ele>
      </trkpt>
      <trkpt lat="43.84241" lon="6.0105">
        <ele>606.9</ele>
      </trkpt>
      <trkpt lat="43.84223" lon="6.01016">
        <ele>606.6</ele>
      </trkpt>
      <trkpt lat="43.84207" lon="6.00989">
        <ele>606.3</ele>
      </trkpt>
      <trkpt lat="43.84202" lon="6.0098">
        <ele>606.1</ele>
      </trkpt>
      <trkpt lat="43.84194" lon="6.00968">
        <ele>605.7</ele>
      </trkpt>
      <trkpt lat="43.8418" lon="6.00947">
        <ele>605.3</ele>
      </trkpt>
      <trkpt lat="43.84165" lon="6.00927">
        <ele>604.9</ele>
      </trkpt>
      <trkpt lat="43.8416" lon="6.0092">
        <ele>604.5</ele>
      </trkpt>
      <trkpt lat="43.84151" lon="6.009089">
        <ele>603.9</ele>
      </trkpt>
      <trkpt lat="43.84137" lon="6.00893">
        <ele>603.2</ele>
      </trkpt>
      <trkpt lat="43.84136" lon="6.00892">
        <ele>603.2</ele>
      </trkpt>
      <trkpt lat="43.8411" lon="6.00867">
        <ele>602.8</ele>
      </trkpt>
      <trkpt lat="43.840919" lon="6.00852">
        <ele>603.0</ele>
      </trkpt>
      <trkpt lat="43.84089" lon="6.00849">
        <ele>603.1</ele>
      </trkpt>
      <trkpt lat="43.84069" lon="6.00832">
        <ele>604.1</ele>
      </trkpt>
      <trkpt lat="43.84049" lon="6.00818">
        <ele>604.6</ele>
      </trkpt>
      <trkpt lat="43.84044" lon="6.00815">
        <ele>604.8</ele>
      </trkpt>
      <trkpt lat="43.84029" lon="6.00804">
        <ele>605.3</ele>
      </trkpt>
      <trkpt lat="43.84014" lon="6.0079">
        <ele>606.0</ele>
      </trkpt>
      <trkpt lat="43.84" lon="6.00775">
        <ele>606.8</ele>
      </trkpt>
      <trkpt lat="43.83992" lon="6.007659">
        <ele>606.8</ele>
      </trkpt>
      <trkpt lat="43.83973" lon="6.00745">
        <ele>606.3</ele>
      </trkpt>
      <trkpt lat="43.839619" lon="6.00731">
        <ele>605.6</ele>
      </trkpt>
      <trkpt lat="43.83959" lon="6.007259">
        <ele>605.4</ele>
      </trkpt>
      <trkpt lat="43.83956" lon="6.00722">
        <ele>605.2</ele>
      </trkpt>
      <trkpt lat="43.83954" lon="6.00716">
        <ele>605.1</ele>
      </trkpt>
      <trkpt lat="43.8395" lon="6.00704">
        <ele>604.9</ele>
      </trkpt>
      <trkpt lat="43.83944" lon="6.00684">
        <ele>604.7</ele>
      </trkpt>
      <trkpt lat="43.83936" lon="6.006509">
        <ele>604.4</ele>
      </trkpt>
      <trkpt lat="43.83931" lon="6.0063">
        <ele>604.3</ele>
      </trkpt>
      <trkpt lat="43.83925" lon="6.00607">
        <ele>604.1</ele>
      </trkpt>
      <trkpt lat="43.83925" lon="6.00605">
        <ele>604.1</ele>
      </trkpt>
      <trkpt lat="43.83916" lon="6.00569">
        <ele>603.8</ele>
      </trkpt>
      <trkpt lat="43.83908" lon="6.00535">
        <ele>603.3</ele>
      </trkpt>
      <trkpt lat="43.83904" lon="6.00518">
        <ele>603.2</ele>
      </trkpt>
      <trkpt lat="43.83902" lon="6.00505">
        <ele>603.2</ele>
      </trkpt>
      <trkpt lat="43.83899" lon="6.00473">
        <ele>603.1</ele>
      </trkpt>
      <trkpt lat="43.83899" lon="6.00454">
        <ele>603.1</ele>
      </trkpt>
      <trkpt lat="43.83896" lon="6.00426">
        <ele>603.0</ele>
      </trkpt>
      <trkpt lat="43.83894" lon="6.00409">
        <ele>602.8</ele>
      </trkpt>
      <trkpt lat="43.8389" lon="6.00376">
        <ele>602.2</ele>
      </trkpt>
      <trkpt lat="43.83889" lon="6.00364">
        <ele>601.9</ele>
      </trkpt>
      <trkpt lat="43.838859" lon="6.00342">
        <ele>601.5</ele>
      </trkpt>
      <trkpt lat="43.8388" lon="6.00296">
        <ele>600.5</ele>
      </trkpt>
      <trkpt lat="43.83878" lon="6.00255">
        <ele>599.6</ele>
      </trkpt>
      <trkpt lat="43.838769" lon="6.00251">
        <ele>599.5</ele>
      </trkpt>
      <trkpt lat="43.838769" lon="6.0023">
        <ele>599.4</ele>
      </trkpt>
      <trkpt lat="43.83876" lon="6.00213">
        <ele>599.3</ele>
      </trkpt>
      <trkpt lat="43.83874" lon="6.00181">
        <ele>599.1</ele>
      </trkpt>
      <trkpt lat="43.83872" lon="6.001559">
        <ele>598.7</ele>
      </trkpt>
      <trkpt lat="43.83867" lon="6.00139">
        <ele>598.2</ele>
      </trkpt>
      <trkpt lat="43.83866" lon="6.00135">
        <ele>598.1</ele>
      </trkpt>
      <trkpt lat="43.83859" lon="6.00105">
        <ele>597.0</ele>
      </trkpt>
      <trkpt lat="43.83856" lon="6.00096">
        <ele>596.5</ele>
      </trkpt>
      <trkpt lat="43.83849" lon="6.00074">
        <ele>595.4</ele>
      </trkpt>
      <trkpt lat="43.83838" lon="6.000409">
        <ele>593.3</ele>
      </trkpt>
      <trkpt lat="43.83838" lon="6.0004">
        <ele>593.2</ele>
      </trkpt>
      <trkpt lat="43.83833" lon="6.00023">
        <ele>592.1</ele>
      </trkpt>
      <trkpt lat="43.83832" lon="6.00021">
        <ele>592.0</ele>
      </trkpt>
      <trkpt lat="43.83829" lon="5.99999">
        <ele>591.0</ele>
      </trkpt>
      <trkpt lat="43.83829" lon="5.99974">
        <ele>589.8</ele>
      </trkpt>
      <trkpt lat="43.83829" lon="5.99972">
        <ele>589.7</ele>
      </trkpt>
      <trkpt lat="43.838299" lon="5.99949">
        <ele>588.6</ele>
      </trkpt>
      <trkpt lat="43.83832" lon="5.9992">
        <ele>587.2</ele>
      </trkpt>
      <trkpt lat="43.83834" lon="5.99892">
        <ele>586.2</ele>
      </trkpt>
      <trkpt lat="43.83834" lon="5.99886">
        <ele>586.0</ele>
      </trkpt>
      <trkpt lat="43.83834" lon="5.9988">
        <ele>585.8</ele>
      </trkpt>
      <trkpt lat="43.83834" lon="5.99873">
        <ele>585.5</ele>
      </trkpt>
      <trkpt lat="43.83832" lon="5.99868">
        <ele>585.3</ele>
      </trkpt>
      <trkpt lat="43.838299" lon="5.99857">
        <ele>584.8</ele>
      </trkpt>
      <trkpt lat="43.83828" lon="5.99849">
        <ele>584.5</ele>
      </trkpt>
      <trkpt lat="43.83825" lon="5.9984">
        <ele>584.2</ele>
      </trkpt>
      <trkpt lat="43.8382" lon="5.99823">
        <ele>583.6</ele>
      </trkpt>
      <trkpt lat="43.83813" lon="5.99796">
        <ele>582.8</ele>
      </trkpt>
      <trkpt lat="43.83805" lon="5.9976">
        <ele>581.6</ele>
      </trkpt>
      <trkpt lat="43.83804" lon="5.99756">
        <ele>581.5</ele>
      </trkpt>
      <trkpt lat="43.83803" lon="5.997499">
        <ele>581.3</ele>
      </trkpt>
      <trkpt lat="43.838" lon="5.99738">
        <ele>580.7</ele>
      </trkpt>
      <trkpt lat="43.83798" lon="5.99732">
        <ele>580.4</ele>
      </trkpt>
      <trkpt lat="43.83793" lon="5.99711">
        <ele>579.4</ele>
      </trkpt>
      <trkpt lat="43.837919" lon="5.99708">
        <ele>579.3</ele>
      </trkpt>
      <trkpt lat="43.83787" lon="5.99684">
        <ele>578.0</ele>
      </trkpt>
      <trkpt lat="43.83779" lon="5.99653">
        <ele>576.0</ele>
      </trkpt>
      <trkpt lat="43.83775" lon="5.99638">
        <ele>575.0</ele>
      </trkpt>
      <trkpt lat="43.83772" lon="5.99627">
        <ele>574.2</ele>
      </trkpt>
      <trkpt lat="43.83771" lon="5.99624">
        <ele>574.0</ele>
      </trkpt>
      <trkpt lat="43.83763" lon="5.9959">
        <ele>571.5</ele>
      </trkpt>
      <trkpt lat="43.83757" lon="5.99565">
        <ele>569.8</ele>
      </trkpt>
      <trkpt lat="43.83754" lon="5.99554">
        <ele>569.2</ele>
      </trkpt>
      <trkpt lat="43.83747" lon="5.99528">
        <ele>568.5</ele>
      </trkpt>
      <trkpt lat="43.837449" lon="5.99518">
        <ele>568.5</ele>
      </trkpt>
      <trkpt lat="43.83743" lon="5.9951">
        <ele>568.6</ele>
      </trkpt>
      <trkpt lat="43.83742" lon="5.99502">
        <ele>568.5</ele>
      </trkpt>
      <trkpt lat="43.83741" lon="5.99493">
        <ele>568.7</ele>
      </trkpt>
      <trkpt lat="43.83741" lon="5.994849">
        <ele>568.8</ele>
      </trkpt>
      <trkpt lat="43.83742" lon="5.99476">
        <ele>568.7</ele>
      </trkpt>
      <trkpt lat="43.83744" lon="5.99466">
        <ele>568.5</ele>
      </trkpt>
      <trkpt lat="43.83746" lon="5.99457">
        <ele>568.2</ele>
      </trkpt>
      <trkpt lat="43.83751" lon="5.994449">
        <ele>567.6</ele>
      </trkpt>
      <trkpt lat="43.83754" lon="5.99439">
        <ele>567.3</ele>
      </trkpt>
      <trkpt lat="43.83762" lon="5.99425">
        <ele>566.2</ele>
      </trkpt>
      <trkpt lat="43.83768" lon="5.99415">
        <ele>565.2</ele>
      </trkpt>
      <trkpt lat="43.83773" lon="5.99406">
        <ele>564.3</ele>
      </trkpt>
      <trkpt lat="43.83782" lon="5.99394">
        <ele>562.7</ele>
      </trkpt>
      <trkpt lat="43.83786" lon="5.99388">
        <ele>561.8</ele>
      </trkpt>
      <trkpt lat="43.83812" lon="5.99347">
        <ele>555.4</ele>
      </trkpt>
      <trkpt lat="43.83817" lon="5.99338">
        <ele>553.9</ele>
      </trkpt>
      <trkpt lat="43.83818" lon="5.99332">
        <ele>553.4</ele>
      </trkpt>
      <trkpt lat="43.8382" lon="5.99327">
        <ele>552.8</ele>
      </trkpt>
      <trkpt lat="43.8382" lon="5.99322">
        <ele>552.7</ele>
      </trkpt>
      <trkpt lat="43.8382" lon="5.99317">
        <ele>552.5</ele>
      </trkpt>
      <trkpt lat="43.8382" lon="5.9931">
        <ele>552.3</ele>
      </trkpt>
      <trkpt lat="43.83819" lon="5.99301">
        <ele>552.2</ele>
      </trkpt>
      <trkpt lat="43.83818" lon="5.99291">
        <ele>552.0</ele>
      </trkpt>
      <trkpt lat="43.83817" lon="5.99282">
        <ele>551.9</ele>
      </trkpt>
      <trkpt lat="43.83814" lon="5.99267">
        <ele>551.9</ele>
      </trkpt>
      <trkpt lat="43.83811" lon="5.99249">
        <ele>551.7</ele>
      </trkpt>
      <trkpt lat="43.83808" lon="5.99233">
        <ele>551.1</ele>
      </trkpt>
      <trkpt lat="43.838" lon="5.99202">
        <ele>550.1</ele>
      </trkpt>
      <trkpt lat="43.83798" lon="5.99192">
        <ele>549.7</ele>
      </trkpt>
      <trkpt lat="43.83796" lon="5.99181">
        <ele>549.1</ele>
      </trkpt>
      <trkpt lat="43.83795" lon="5.99171">
        <ele>548.5</ele>
      </trkpt>
      <trkpt lat="43.83795" lon="5.99168">
        <ele>548.2</ele>
      </trkpt>
      <trkpt lat="43.83795" lon="5.99161">
        <ele>547.8</ele>
      </trkpt>
      <trkpt lat="43.83796" lon="5.99152">
        <ele>547.1</ele>
      </trkpt>
      <trkpt lat="43.83798" lon="5.99142">
        <ele>546.3</ele>
      </trkpt>
      <trkpt lat="43.838" lon="5.99127">
        <ele>545.3</ele>
      </trkpt>
      <trkpt lat="43.83802" lon="5.99116">
        <ele>544.6</ele>
      </trkpt>
      <trkpt lat="43.83802" lon="5.99116">
        <ele>544.6</ele>
      </trkpt>
      <trkpt lat="43.83805" lon="5.99114">
        <ele>544.3</ele>
      </trkpt>
      <trkpt lat="43.83811" lon="5.99109">
        <ele>543.7</ele>
      </trkpt>
      <trkpt lat="43.83824" lon="5.99093">
        <ele>542.5</ele>
      </trkpt>
      <trkpt lat="43.83841" lon="5.99074">
        <ele>542.8</ele>
      </trkpt>
      <trkpt lat="43.83847" lon="5.99064">
        <ele>542.9</ele>
      </trkpt>
      <trkpt lat="43.83853" lon="5.990509">
        <ele>543.1</ele>
      </trkpt>
      <trkpt lat="43.83854" lon="5.9905">
        <ele>543.1</ele>
      </trkpt>
      <trkpt lat="43.8386" lon="5.99036">
        <ele>543.3</ele>
      </trkpt>
      <trkpt lat="43.83863" lon="5.99029">
        <ele>543.6</ele>
      </trkpt>
      <trkpt lat="43.838679" lon="5.99017">
        <ele>544.1</ele>
      </trkpt>
      <trkpt lat="43.83873" lon="5.99002">
        <ele>544.8</ele>
      </trkpt>
      <trkpt lat="43.83876" lon="5.989899">
        <ele>546.1</ele>
      </trkpt>
      <trkpt lat="43.838769" lon="5.98979">
        <ele>547.4</ele>
      </trkpt>
      <trkpt lat="43.83878" lon="5.98964">
        <ele>549.0</ele>
      </trkpt>
      <trkpt lat="43.83878" lon="5.98958">
        <ele>549.7</ele>
      </trkpt>
      <trkpt lat="43.83878" lon="5.98952">
        <ele>550.3</ele>
      </trkpt>
      <trkpt lat="43.83876" lon="5.989429">
        <ele>551.0</ele>
      </trkpt>
      <trkpt lat="43.83874" lon="5.989359">
        <ele>551.4</ele>
      </trkpt>
      <trkpt lat="43.83872" lon="5.98927">
        <ele>552.0</ele>
      </trkpt>
      <trkpt lat="43.838679" lon="5.98912">
        <ele>552.7</ele>
      </trkpt>
      <trkpt lat="43.83863" lon="5.98895">
        <ele>553.0</ele>
      </trkpt>
      <trkpt lat="43.83855" lon="5.98869">
        <ele>553.4</ele>
      </trkpt>
      <trkpt lat="43.83854" lon="5.98864">
        <ele>553.5</ele>
      </trkpt>
      <trkpt lat="43.83852" lon="5.98858">
        <ele>553.6</ele>
      </trkpt>
      <trkpt lat="43.8385" lon="5.98851">
        <ele>553.7</ele>
      </trkpt>
      <trkpt lat="43.838479" lon="5.98843">
        <ele>553.9</ele>
      </trkpt>
      <trkpt lat="43.83846" lon="5.98836">
        <ele>554.0</ele>
      </trkpt>
      <trkpt lat="43.83843" lon="5.98829">
        <ele>554.0</ele>
      </trkpt>
      <trkpt lat="43.83841" lon="5.98822">
        <ele>554.3</ele>
      </trkpt>
      <trkpt lat="43.8384" lon="5.98818">
        <ele>554.4</ele>
      </trkpt>
      <trkpt lat="43.83838" lon="5.98802">
        <ele>555.5</ele>
      </trkpt>
      <trkpt lat="43.83836" lon="5.98795">
        <ele>555.7</ele>
      </trkpt>
      <trkpt lat="43.83832" lon="5.98783">
        <ele>556.0</ele>
      </trkpt>
      <trkpt lat="43.83827" lon="5.98765">
        <ele>556.6</ele>
      </trkpt>
      <trkpt lat="43.83824" lon="5.98756">
        <ele>556.8</ele>
      </trkpt>
      <trkpt lat="43.83824" lon="5.98756">
        <ele>556.8</ele>
      </trkpt>
      <trkpt lat="43.83804" lon="5.987059">
        <ele>557.4</ele>
      </trkpt>
      <trkpt lat="43.83795" lon="5.98684">
        <ele>557.6</ele>
      </trkpt>
      <trkpt lat="43.83794" lon="5.9868">
        <ele>557.8</ele>
      </trkpt>
      <trkpt lat="43.837919" lon="5.98675">
        <ele>557.9</ele>
      </trkpt>
      <trkpt lat="43.83773" lon="5.986309">
        <ele>557.4</ele>
      </trkpt>
      <trkpt lat="43.83769" lon="5.98619">
        <ele>557.4</ele>
      </trkpt>
      <trkpt lat="43.83769" lon="5.98614">
        <ele>557.7</ele>
      </trkpt>
      <trkpt lat="43.83769" lon="5.98609">
        <ele>558.0</ele>
      </trkpt>
      <trkpt lat="43.8377" lon="5.98604">
        <ele>558.5</ele>
      </trkpt>
      <trkpt lat="43.83771" lon="5.98598">
        <ele>559.1</ele>
      </trkpt>
      <trkpt lat="43.83773" lon="5.985909">
        <ele>559.9</ele>
      </trkpt>
      <trkpt lat="43.83775" lon="5.98585">
        <ele>560.7</ele>
      </trkpt>
      <trkpt lat="43.83782" lon="5.98575">
        <ele>562.2</ele>
      </trkpt>
      <trkpt lat="43.83788" lon="5.98565">
        <ele>563.4</ele>
      </trkpt>
      <trkpt lat="43.837919" lon="5.98558">
        <ele>564.1</ele>
      </trkpt>
      <trkpt lat="43.83797" lon="5.98549">
        <ele>564.9</ele>
      </trkpt>
      <trkpt lat="43.83805" lon="5.98541">
        <ele>566.1</ele>
      </trkpt>
      <trkpt lat="43.83835" lon="5.98515">
        <ele>569.7</ele>
      </trkpt>
      <trkpt lat="43.83835" lon="5.98515">
        <ele>569.7</ele>
      </trkpt>
      <trkpt lat="43.83836" lon="5.985159">
        <ele>569.8</ele>
      </trkpt>
      <trkpt lat="43.83845" lon="5.98525">
        <ele>570.7</ele>
      </trkpt>
      <trkpt lat="43.83851" lon="5.985299">
        <ele>571.2</ele>
      </trkpt>
      <trkpt lat="43.83867" lon="5.98542">
        <ele>572.5</ele>
      </trkpt>
      <trkpt lat="43.83875" lon="5.98549">
        <ele>573.2</ele>
      </trkpt>
      <trkpt lat="43.83881" lon="5.98551">
        <ele>573.6</ele>
      </trkpt>
      <trkpt lat="43.83887" lon="5.98553">
        <ele>574.0</ele>
      </trkpt>
      <trkpt lat="43.83891" lon="5.98553">
        <ele>574.2</ele>
      </trkpt>
      <trkpt lat="43.838949" lon="5.98554">
        <ele>574.4</ele>
      </trkpt>
      <trkpt lat="43.83899" lon="5.98554">
        <ele>574.7</ele>
      </trkpt>
      <trkpt lat="43.83903" lon="5.98554">
        <ele>574.9</ele>
      </trkpt>
      <trkpt lat="43.83906" lon="5.98552">
        <ele>575.0</ele>
      </trkpt>
      <trkpt lat="43.8391" lon="5.9855">
        <ele>575.2</ele>
      </trkpt>
      <trkpt lat="43.83913" lon="5.98547">
        <ele>575.4</ele>
      </trkpt>
      <trkpt lat="43.839149" lon="5.98542">
        <ele>575.4</ele>
      </trkpt>
      <trkpt lat="43.83918" lon="5.98537">
        <ele>575.6</ele>
      </trkpt>
      <trkpt lat="43.83919" lon="5.98532">
        <ele>575.7</ele>
      </trkpt>
      <trkpt lat="43.83919" lon="5.98525">
        <ele>575.6</ele>
      </trkpt>
      <trkpt lat="43.83919" lon="5.985159">
        <ele>575.5</ele>
      </trkpt>
      <trkpt lat="43.8392" lon="5.985019">
        <ele>575.4</ele>
      </trkpt>
      <trkpt lat="43.83922" lon="5.98494">
        <ele>575.6</ele>
      </trkpt>
      <trkpt lat="43.83923" lon="5.98489">
        <ele>575.8</ele>
      </trkpt>
      <trkpt lat="43.83925" lon="5.98484">
        <ele>576.0</ele>
      </trkpt>
      <trkpt lat="43.83927" lon="5.9848">
        <ele>576.2</ele>
      </trkpt>
      <trkpt lat="43.83929" lon="5.98478">
        <ele>576.5</ele>
      </trkpt>
      <trkpt lat="43.839329" lon="5.98475">
        <ele>577.0</ele>
      </trkpt>
      <trkpt lat="43.83951" lon="5.9846">
        <ele>579.1</ele>
      </trkpt>
      <trkpt lat="43.83975" lon="5.98439">
        <ele>582.0</ele>
      </trkpt>
      <trkpt lat="43.8399" lon="5.98422">
        <ele>583.8</ele>
      </trkpt>
      <trkpt lat="43.83993" lon="5.98418">
        <ele>584.2</ele>
      </trkpt>
      <trkpt lat="43.83998" lon="5.98412">
        <ele>584.9</ele>
      </trkpt>
      <trkpt lat="43.84004" lon="5.984">
        <ele>585.9</ele>
      </trkpt>
      <trkpt lat="43.8401" lon="5.98386">
        <ele>586.8</ele>
      </trkpt>
      <trkpt lat="43.840269" lon="5.98335">
        <ele>588.9</ele>
      </trkpt>
      <trkpt lat="43.840359" lon="5.98313">
        <ele>590.0</ele>
      </trkpt>
      <trkpt lat="43.840359" lon="5.98313">
        <ele>590.0</ele>
      </trkpt>
      <trkpt lat="43.84042" lon="5.98309">
        <ele>590.2</ele>
      </trkpt>
      <trkpt lat="43.84044" lon="5.98307">
        <ele>590.3</ele>
      </trkpt>
      <trkpt lat="43.84062" lon="5.98297">
        <ele>591.0</ele>
      </trkpt>
      <trkpt lat="43.84075" lon="5.98291">
        <ele>591.4</ele>
      </trkpt>
      <trkpt lat="43.84109" lon="5.98274">
        <ele>590.6</ele>
      </trkpt>
      <trkpt lat="43.8412" lon="5.98267">
        <ele>590.1</ele>
      </trkpt>
      <trkpt lat="43.84144" lon="5.98254">
        <ele>589.1</ele>
      </trkpt>
      <trkpt lat="43.84153" lon="5.98249">
        <ele>588.6</ele>
      </trkpt>
      <trkpt lat="43.84156" lon="5.98247">
        <ele>588.5</ele>
      </trkpt>
      <trkpt lat="43.84222" lon="5.98207">
        <ele>588.2</ele>
      </trkpt>
      <trkpt lat="43.84237" lon="5.98198">
        <ele>588.4</ele>
      </trkpt>
      <trkpt lat="43.84254" lon="5.98185">
        <ele>589.0</ele>
      </trkpt>
      <trkpt lat="43.84269" lon="5.98172">
        <ele>589.8</ele>
      </trkpt>
      <trkpt lat="43.84284" lon="5.98158">
        <ele>590.5</ele>
      </trkpt>
      <trkpt lat="43.84321" lon="5.98125">
        <ele>591.8</ele>
      </trkpt>
      <trkpt lat="43.8433" lon="5.98117">
        <ele>592.2</ele>
      </trkpt>
      <trkpt lat="43.843359" lon="5.98111">
        <ele>592.4</ele>
      </trkpt>
      <trkpt lat="43.84348" lon="5.98101">
        <ele>592.7</ele>
      </trkpt>
      <trkpt lat="43.84357" lon="5.98092">
        <ele>592.9</ele>
      </trkpt>
      <trkpt lat="43.843739" lon="5.98077">
        <ele>593.5</ele>
      </trkpt>
      <trkpt lat="43.84385" lon="5.98069">
        <ele>594.0</ele>
      </trkpt>
      <trkpt lat="43.84398" lon="5.9806">
        <ele>594.5</ele>
      </trkpt>
      <trkpt lat="43.84415" lon="5.9805">
        <ele>595.3</ele>
      </trkpt>
      <trkpt lat="43.84453" lon="5.98033">
        <ele>596.0</ele>
      </trkpt>
      <trkpt lat="43.8446" lon="5.98027">
        <ele>596.2</ele>
      </trkpt>
      <trkpt lat="43.84463" lon="5.98025">
        <ele>596.3</ele>
      </trkpt>
      <trkpt lat="43.84463" lon="5.98019">
        <ele>596.3</ele>
      </trkpt>
      <trkpt lat="43.84463" lon="5.98012">
        <ele>596.4</ele>
      </trkpt>
      <trkpt lat="43.8446" lon="5.98">
        <ele>596.5</ele>
      </trkpt>
      <trkpt lat="43.84453" lon="5.979739">
        <ele>596.2</ele>
      </trkpt>
      <trkpt lat="43.84451" lon="5.9797">
        <ele>596.1</ele>
      </trkpt>
      <trkpt lat="43.84447" lon="5.9795">
        <ele>595.8</ele>
      </trkpt>
      <trkpt lat="43.84445" lon="5.97942">
        <ele>595.7</ele>
      </trkpt>
      <trkpt lat="43.84443" lon="5.97926">
        <ele>595.4</ele>
      </trkpt>
      <trkpt lat="43.84443" lon="5.979199">
        <ele>595.3</ele>
      </trkpt>
      <trkpt lat="43.84443" lon="5.97901">
        <ele>595.4</ele>
      </trkpt>
      <trkpt lat="43.84443" lon="5.979">
        <ele>595.4</ele>
      </trkpt>
      <trkpt lat="43.84446" lon="5.97874">
        <ele>595.7</ele>
      </trkpt>
      <trkpt lat="43.84448" lon="5.97854">
        <ele>595.9</ele>
      </trkpt>
      <trkpt lat="43.84449" lon="5.978519">
        <ele>595.9</ele>
      </trkpt>
      <trkpt lat="43.84451" lon="5.97834">
        <ele>596.0</ele>
      </trkpt>
      <trkpt lat="43.84452" lon="5.97827">
        <ele>595.9</ele>
      </trkpt>
      <trkpt lat="43.84455" lon="5.97803">
        <ele>595.5</ele>
      </trkpt>
      <trkpt lat="43.84458" lon="5.97783">
        <ele>595.1</ele>
      </trkpt>
      <trkpt lat="43.844589" lon="5.97778">
        <ele>595.0</ele>
      </trkpt>
      <trkpt lat="43.84462" lon="5.97754">
        <ele>594.5</ele>
      </trkpt>
      <trkpt lat="43.84466" lon="5.977299">
        <ele>594.0</ele>
      </trkpt>
      <trkpt lat="43.84467" lon="5.97727">
        <ele>593.9</ele>
      </trkpt>
      <trkpt lat="43.84471" lon="5.97706">
        <ele>593.5</ele>
      </trkpt>
      <trkpt lat="43.84479" lon="5.97673">
        <ele>592.9</ele>
      </trkpt>
      <trkpt lat="43.84489" lon="5.97647">
        <ele>592.2</ele>
      </trkpt>
      <trkpt lat="43.84494" lon="5.97632">
        <ele>591.7</ele>
      </trkpt>
      <trkpt lat="43.84497" lon="5.97625">
        <ele>591.5</ele>
      </trkpt>
      <trkpt lat="43.84504" lon="5.97605">
        <ele>590.9</ele>
      </trkpt>
      <trkpt lat="43.84505" lon="5.97603">
        <ele>590.9</ele>
      </trkpt>
      <trkpt lat="43.84514" lon="5.97581">
        <ele>590.5</ele>
      </trkpt>
      <trkpt lat="43.84523" lon="5.97562">
        <ele>590.9</ele>
      </trkpt>
      <trkpt lat="43.845239" lon="5.9756">
        <ele>590.9</ele>
      </trkpt>
      <trkpt lat="43.8453" lon="5.97551">
        <ele>591.2</ele>
      </trkpt>
      <trkpt lat="43.84536" lon="5.97542">
        <ele>591.5</ele>
      </trkpt>
      <trkpt lat="43.84541" lon="5.97535">
        <ele>591.8</ele>
      </trkpt>
      <trkpt lat="43.84561" lon="5.97513">
        <ele>592.8</ele>
      </trkpt>
      <trkpt lat="43.84579" lon="5.97498">
        <ele>593.9</ele>
      </trkpt>
      <trkpt lat="43.84595" lon="5.97485">
        <ele>595.0</ele>
      </trkpt>
      <trkpt lat="43.8461" lon="5.974719">
        <ele>596.0</ele>
      </trkpt>
      <trkpt lat="43.84628" lon="5.97456">
        <ele>596.9</ele>
      </trkpt>
      <trkpt lat="43.8464" lon="5.97444">
        <ele>597.4</ele>
      </trkpt>
      <trkpt lat="43.84664" lon="5.97414">
        <ele>597.9</ele>
      </trkpt>
      <trkpt lat="43.84679" lon="5.97392">
        <ele>597.7</ele>
      </trkpt>
      <trkpt lat="43.84691" lon="5.97374">
        <ele>597.7</ele>
      </trkpt>
      <trkpt lat="43.84706" lon="5.97353">
        <ele>597.8</ele>
      </trkpt>
      <trkpt lat="43.84731" lon="5.97293">
        <ele>597.0</ele>
      </trkpt>
      <trkpt lat="43.84749" lon="5.97262">
        <ele>596.4</ele>
      </trkpt>
      <trkpt lat="43.84755" lon="5.97254">
        <ele>596.1</ele>
      </trkpt>
      <trkpt lat="43.847679" lon="5.97237">
        <ele>596.0</ele>
      </trkpt>
      <trkpt lat="43.84779" lon="5.97222">
        <ele>595.9</ele>
      </trkpt>
      <trkpt lat="43.84798" lon="5.97196">
        <ele>595.6</ele>
      </trkpt>
      <trkpt lat="43.848149" lon="5.97169">
        <ele>595.2</ele>
      </trkpt>
      <trkpt lat="43.84839" lon="5.97109">
        <ele>594.9</ele>
      </trkpt>
      <trkpt lat="43.84845" lon="5.9709">
        <ele>594.7</ele>
      </trkpt>
      <trkpt lat="43.8485" lon="5.97076">
        <ele>594.6</ele>
      </trkpt>
      <trkpt lat="43.84854" lon="5.97065">
        <ele>594.5</ele>
      </trkpt>
      <trkpt lat="43.84859" lon="5.97054">
        <ele>594.4</ele>
      </trkpt>
      <trkpt lat="43.8487" lon="5.97029">
        <ele>594.1</ele>
      </trkpt>
      <trkpt lat="43.84883" lon="5.97009">
        <ele>593.8</ele>
      </trkpt>
      <trkpt lat="43.8489" lon="5.97">
        <ele>593.6</ele>
      </trkpt>
      <trkpt lat="43.84907" lon="5.96981">
        <ele>593.3</ele>
      </trkpt>
      <trkpt lat="43.84931" lon="5.96961">
        <ele>592.0</ele>
      </trkpt>
      <trkpt lat="43.84949" lon="5.96946">
        <ele>590.9</ele>
      </trkpt>
      <trkpt lat="43.84955" lon="5.9694">
        <ele>590.6</ele>
      </trkpt>
      <trkpt lat="43.84964" lon="5.96931">
        <ele>590.1</ele>
      </trkpt>
      <trkpt lat="43.84973" lon="5.969159">
        <ele>589.6</ele>
      </trkpt>
      <trkpt lat="43.8498" lon="5.96899">
        <ele>589.2</ele>
      </trkpt>
      <trkpt lat="43.84988" lon="5.96856">
        <ele>588.7</ele>
      </trkpt>
      <trkpt lat="43.84989" lon="5.9685">
        <ele>588.7</ele>
      </trkpt>
      <trkpt lat="43.84999" lon="5.96802">
        <ele>587.7</ele>
      </trkpt>
      <trkpt lat="43.84999" lon="5.968009">
        <ele>587.7</ele>
      </trkpt>
      <trkpt lat="43.85001" lon="5.96784">
        <ele>587.3</ele>
      </trkpt>
      <trkpt lat="43.85001" lon="5.96778">
        <ele>587.2</ele>
      </trkpt>
      <trkpt lat="43.85" lon="5.9677">
        <ele>587.2</ele>
      </trkpt>
      <trkpt lat="43.84998" lon="5.96761">
        <ele>587.2</ele>
      </trkpt>
      <trkpt lat="43.8499" lon="5.967469">
        <ele>587.3</ele>
      </trkpt>
      <trkpt lat="43.84974" lon="5.96724">
        <ele>587.0</ele>
      </trkpt>
      <trkpt lat="43.84971" lon="5.96717">
        <ele>586.8</ele>
      </trkpt>
      <trkpt lat="43.8497" lon="5.96714">
        <ele>586.7</ele>
      </trkpt>
      <trkpt lat="43.8497" lon="5.96708">
        <ele>586.5</ele>
      </trkpt>
      <trkpt lat="43.8497" lon="5.96697">
        <ele>585.9</ele>
      </trkpt>
      <trkpt lat="43.84977" lon="5.96671">
        <ele>584.1</ele>
      </trkpt>
      <trkpt lat="43.8498" lon="5.96649">
        <ele>583.0</ele>
      </trkpt>
      <trkpt lat="43.84982" lon="5.96595">
        <ele>580.9</ele>
      </trkpt>
      <trkpt lat="43.84983" lon="5.96554">
        <ele>580.2</ele>
      </trkpt>
      <trkpt lat="43.84985" lon="5.96533">
        <ele>579.9</ele>
      </trkpt>
      <trkpt lat="43.84987" lon="5.96524">
        <ele>579.8</ele>
      </trkpt>
      <trkpt lat="43.85013" lon="5.96456">
        <ele>577.8</ele>
      </trkpt>
      <trkpt lat="43.85021" lon="5.964349">
        <ele>577.0</ele>
      </trkpt>
      <trkpt lat="43.85027" lon="5.96415">
        <ele>576.3</ele>
      </trkpt>
      <trkpt lat="43.85028" lon="5.96411">
        <ele>576.2</ele>
      </trkpt>
      <trkpt lat="43.85034" lon="5.963879">
        <ele>575.3</ele>
      </trkpt>
      <trkpt lat="43.85037" lon="5.96366">
        <ele>574.7</ele>
      </trkpt>
      <trkpt lat="43.85038" lon="5.96363">
        <ele>574.6</ele>
      </trkpt>
      <trkpt lat="43.85039" lon="5.96362">
        <ele>574.6</ele>
      </trkpt>
      <trkpt lat="43.85039" lon="5.96361">
        <ele>574.6</ele>
      </trkpt>
      <trkpt lat="43.85043" lon="5.96357">
        <ele>574.6</ele>
      </trkpt>
      <trkpt lat="43.85047" lon="5.96353">
        <ele>574.6</ele>
      </trkpt>
      <trkpt lat="43.85052" lon="5.96351">
        <ele>574.6</ele>
      </trkpt>
      <trkpt lat="43.85057" lon="5.96348">
        <ele>574.6</ele>
      </trkpt>
      <trkpt lat="43.85065" lon="5.96346">
        <ele>574.6</ele>
      </trkpt>
      <trkpt lat="43.85069" lon="5.96345">
        <ele>574.6</ele>
      </trkpt>
      <trkpt lat="43.8509" lon="5.96343">
        <ele>574.6</ele>
      </trkpt>
      <trkpt lat="43.851" lon="5.96344">
        <ele>575.6</ele>
      </trkpt>
      <trkpt lat="43.85101" lon="5.96344">
        <ele>575.7</ele>
      </trkpt>
      <trkpt lat="43.8511" lon="5.96347">
        <ele>576.7</ele>
      </trkpt>
      <trkpt lat="43.85117" lon="5.96352">
        <ele>577.5</ele>
      </trkpt>
      <trkpt lat="43.85121" lon="5.96357">
        <ele>578.0</ele>
      </trkpt>
      <trkpt lat="43.85123" lon="5.96364">
        <ele>578.3</ele>
      </trkpt>
      <trkpt lat="43.85123" lon="5.96372">
        <ele>578.5</ele>
      </trkpt>
      <trkpt lat="43.85122" lon="5.96375">
        <ele>578.4</ele>
      </trkpt>
      <trkpt lat="43.85119" lon="5.96405">
        <ele>578.4</ele>
      </trkpt>
      <trkpt lat="43.85118" lon="5.9642">
        <ele>578.5</ele>
      </trkpt>
      <trkpt lat="43.85122" lon="5.964489">
        <ele>579.8</ele>
      </trkpt>
      <trkpt lat="43.85124" lon="5.96465">
        <ele>580.5</ele>
      </trkpt>
      <trkpt lat="43.85124" lon="5.96485">
        <ele>581.0</ele>
      </trkpt>
      <trkpt lat="43.85124" lon="5.96488">
        <ele>581.1</ele>
      </trkpt>
      <trkpt lat="43.85122" lon="5.965">
        <ele>581.0</ele>
      </trkpt>
      <trkpt lat="43.85114" lon="5.9653">
        <ele>579.8</ele>
      </trkpt>
      <trkpt lat="43.85111" lon="5.96545">
        <ele>579.5</ele>
      </trkpt>
      <trkpt lat="43.85111" lon="5.96547">
        <ele>579.5</ele>
      </trkpt>
      <trkpt lat="43.85114" lon="5.965709">
        <ele>579.9</ele>
      </trkpt>
      <trkpt lat="43.85118" lon="5.96581">
        <ele>580.3</ele>
      </trkpt>
      <trkpt lat="43.85122" lon="5.96586">
        <ele>580.6</ele>
      </trkpt>
      <trkpt lat="43.85137" lon="5.96594">
        <ele>581.5</ele>
      </trkpt>
      <trkpt lat="43.85184" lon="5.96609">
        <ele>584.2</ele>
      </trkpt>
      <trkpt lat="43.85205" lon="5.96612">
        <ele>585.5</ele>
      </trkpt>
      <trkpt lat="43.85213" lon="5.96612">
        <ele>586.1</ele>
      </trkpt>
      <trkpt lat="43.85248" lon="5.96612">
        <ele>588.8</ele>
      </trkpt>
      <trkpt lat="43.8525" lon="5.96612">
        <ele>588.9</ele>
      </trkpt>
      <trkpt lat="43.85267" lon="5.96614">
        <ele>589.4</ele>
      </trkpt>
      <trkpt lat="43.85272" lon="5.96614">
        <ele>589.6</ele>
      </trkpt>
      <trkpt lat="43.85288" lon="5.96617">
        <ele>590.0</ele>
      </trkpt>
      <trkpt lat="43.85321" lon="5.96627">
        <ele>590.8</ele>
      </trkpt>
      <trkpt lat="43.85331" lon="5.96628">
        <ele>591.2</ele>
      </trkpt>
      <trkpt lat="43.85342" lon="5.966249">
        <ele>592.0</ele>
      </trkpt>
      <trkpt lat="43.85352" lon="5.9662">
        <ele>592.8</ele>
      </trkpt>
      <trkpt lat="43.85354" lon="5.96617">
        <ele>593.0</ele>
      </trkpt>
      <trkpt lat="43.85369" lon="5.966039">
        <ele>594.4</ele>
      </trkpt>
      <trkpt lat="43.85385" lon="5.96592">
        <ele>595.5</ele>
      </trkpt>
      <trkpt lat="43.853969" lon="5.96574">
        <ele>596.5</ele>
      </trkpt>
      <trkpt lat="43.85413" lon="5.96547">
        <ele>597.8</ele>
      </trkpt>
      <trkpt lat="43.85425" lon="5.96528">
        <ele>598.2</ele>
      </trkpt>
      <trkpt lat="43.854259" lon="5.96526">
        <ele>598.2</ele>
      </trkpt>
      <trkpt lat="43.85447" lon="5.96488">
        <ele>598.0</ele>
      </trkpt>
      <trkpt lat="43.85458" lon="5.96469">
        <ele>597.4</ele>
      </trkpt>
      <trkpt lat="43.8548" lon="5.96429">
        <ele>596.4</ele>
      </trkpt>
      <trkpt lat="43.85486" lon="5.96419">
        <ele>596.2</ele>
      </trkpt>
      <trkpt lat="43.854909" lon="5.9641">
        <ele>595.9</ele>
      </trkpt>
      <trkpt lat="43.85503" lon="5.96391">
        <ele>595.0</ele>
      </trkpt>
      <trkpt lat="43.85514" lon="5.96372">
        <ele>594.1</ele>
      </trkpt>
      <trkpt lat="43.85526" lon="5.96353">
        <ele>593.3</ele>
      </trkpt>
      <trkpt lat="43.85543" lon="5.96325">
        <ele>592.4</ele>
      </trkpt>
      <trkpt lat="43.85591" lon="5.962449">
        <ele>591.8</ele>
      </trkpt>
      <trkpt lat="43.85595" lon="5.962379">
        <ele>591.6</ele>
      </trkpt>
      <trkpt lat="43.85607" lon="5.96218">
        <ele>590.9</ele>
      </trkpt>
      <trkpt lat="43.85629" lon="5.9618">
        <ele>589.6</ele>
      </trkpt>
      <trkpt lat="43.856409" lon="5.96161">
        <ele>588.7</ele>
      </trkpt>
      <trkpt lat="43.85665" lon="5.96124">
        <ele>586.5</ele>
      </trkpt>
      <trkpt lat="43.85677" lon="5.96105">
        <ele>586.1</ele>
      </trkpt>
      <trkpt lat="43.85682" lon="5.96098">
        <ele>585.9</ele>
      </trkpt>
      <trkpt lat="43.85716" lon="5.96038">
        <ele>585.4</ele>
      </trkpt>
      <trkpt lat="43.85721" lon="5.96026">
        <ele>585.4</ele>
      </trkpt>
      <trkpt lat="43.857349" lon="5.96003">
        <ele>585.5</ele>
      </trkpt>
      <trkpt lat="43.85747" lon="5.95986">
        <ele>585.7</ele>
      </trkpt>
      <trkpt lat="43.85752" lon="5.95979">
        <ele>585.7</ele>
      </trkpt>
      <trkpt lat="43.85772" lon="5.95962">
        <ele>585.2</ele>
      </trkpt>
      <trkpt lat="43.85801" lon="5.95951">
        <ele>584.2</ele>
      </trkpt>
      <trkpt lat="43.85812" lon="5.95946">
        <ele>583.7</ele>
      </trkpt>
      <trkpt lat="43.85822" lon="5.95942">
        <ele>583.2</ele>
      </trkpt>
      <trkpt lat="43.858289" lon="5.95939">
        <ele>582.7</ele>
      </trkpt>
      <trkpt lat="43.85842" lon="5.95934">
        <ele>582.6</ele>
      </trkpt>
      <trkpt lat="43.85849" lon="5.9593">
        <ele>582.7</ele>
      </trkpt>
      <trkpt lat="43.85854" lon="5.95928">
        <ele>582.8</ele>
      </trkpt>
      <trkpt lat="43.85859" lon="5.95925">
        <ele>582.8</ele>
      </trkpt>
      <trkpt lat="43.85864" lon="5.9592">
        <ele>582.7</ele>
      </trkpt>
      <trkpt lat="43.858669" lon="5.95913">
        <ele>582.4</ele>
      </trkpt>
      <trkpt lat="43.85872" lon="5.95878">
        <ele>580.6</ele>
      </trkpt>
      <trkpt lat="43.85875" lon="5.9587">
        <ele>580.2</ele>
      </trkpt>
      <trkpt lat="43.85886" lon="5.95847">
        <ele>578.9</ele>
      </trkpt>
      <trkpt lat="43.85908" lon="5.958109">
        <ele>576.4</ele>
      </trkpt>
      <trkpt lat="43.85924" lon="5.95786">
        <ele>574.4</ele>
      </trkpt>
      <trkpt lat="43.85956" lon="5.957499">
        <ele>572.4</ele>
      </trkpt>
      <trkpt lat="43.85965" lon="5.95738">
        <ele>571.9</ele>
      </trkpt>
      <trkpt lat="43.85981" lon="5.95711">
        <ele>569.4</ele>
      </trkpt>
      <trkpt lat="43.859879" lon="5.957029">
        <ele>568.3</ele>
      </trkpt>
      <trkpt lat="43.86" lon="5.956959">
        <ele>566.9</ele>
      </trkpt>
      <trkpt lat="43.86033" lon="5.95687">
        <ele>565.0</ele>
      </trkpt>
      <trkpt lat="43.86042" lon="5.95685">
        <ele>564.5</ele>
      </trkpt>
      <trkpt lat="43.8605" lon="5.956819">
        <ele>563.9</ele>
      </trkpt>
      <trkpt lat="43.86061" lon="5.95677">
        <ele>563.0</ele>
      </trkpt>
      <trkpt lat="43.860819" lon="5.95665">
        <ele>560.9</ele>
      </trkpt>
      <trkpt lat="43.86102" lon="5.95648">
        <ele>558.1</ele>
      </trkpt>
      <trkpt lat="43.86112" lon="5.95644">
        <ele>557.1</ele>
      </trkpt>
      <trkpt lat="43.86122" lon="5.95647">
        <ele>557.0</ele>
      </trkpt>
      <trkpt lat="43.8614" lon="5.95665">
        <ele>558.7</ele>
      </trkpt>
      <trkpt lat="43.86145" lon="5.9567">
        <ele>559.0</ele>
      </trkpt>
      <trkpt lat="43.86169" lon="5.95676">
        <ele>558.0</ele>
      </trkpt>
      <trkpt lat="43.86182" lon="5.95683">
        <ele>556.0</ele>
      </trkpt>
      <trkpt lat="43.86186" lon="5.95687">
        <ele>555.5</ele>
      </trkpt>
      <trkpt lat="43.86213" lon="5.95724">
        <ele>552.4</ele>
      </trkpt>
      <trkpt lat="43.86218" lon="5.95739">
        <ele>552.2</ele>
      </trkpt>
      <trkpt lat="43.86218" lon="5.95748">
        <ele>552.7</ele>
      </trkpt>
      <trkpt lat="43.86218" lon="5.95751">
        <ele>552.8</ele>
      </trkpt>
      <trkpt lat="43.862139" lon="5.9576">
        <ele>554.4</ele>
      </trkpt>
      <trkpt lat="43.86205" lon="5.95782">
        <ele>557.7</ele>
      </trkpt>
      <trkpt lat="43.86202" lon="5.95791">
        <ele>558.9</ele>
      </trkpt>
      <trkpt lat="43.86204" lon="5.95802">
        <ele>559.5</ele>
      </trkpt>
      <trkpt lat="43.86208" lon="5.95809">
        <ele>559.5</ele>
      </trkpt>
      <trkpt lat="43.862139" lon="5.958109">
        <ele>558.9</ele>
      </trkpt>
      <trkpt lat="43.86226" lon="5.9581">
        <ele>557.3</ele>
      </trkpt>
      <trkpt lat="43.86239" lon="5.958039">
        <ele>554.9</ele>
      </trkpt>
      <trkpt lat="43.86273" lon="5.9578">
        <ele>548.0</ele>
      </trkpt>
      <trkpt lat="43.86282" lon="5.95777">
        <ele>546.6</ele>
      </trkpt>
      <trkpt lat="43.86293" lon="5.95779">
        <ele>545.7</ele>
      </trkpt>
      <trkpt lat="43.86321" lon="5.95799">
        <ele>545.4</ele>
      </trkpt>
      <trkpt lat="43.86338" lon="5.95812">
        <ele>545.4</ele>
      </trkpt>
      <trkpt lat="43.86368" lon="5.95839">
        <ele>544.3</ele>
      </trkpt>
      <trkpt lat="43.86401" lon="5.95874">
        <ele>542.7</ele>
      </trkpt>
      <trkpt lat="43.86456" lon="5.95923">
        <ele>542.8</ele>
      </trkpt>
      <trkpt lat="43.86478" lon="5.95943">
        <ele>542.4</ele>
      </trkpt>
      <trkpt lat="43.864849" lon="5.95946">
        <ele>542.1</ele>
      </trkpt>
      <trkpt lat="43.86487" lon="5.95945">
        <ele>542.0</ele>
      </trkpt>
      <trkpt lat="43.86492" lon="5.95945">
        <ele>541.8</ele>
      </trkpt>
      <trkpt lat="43.865139" lon="5.95931">
        <ele>544.0</ele>
      </trkpt>
      <trkpt lat="43.86519" lon="5.95927">
        <ele>544.6</ele>
      </trkpt>
      <trkpt lat="43.86522" lon="5.95924">
        <ele>544.9</ele>
      </trkpt>
      <trkpt lat="43.86526" lon="5.95913">
        <ele>545.8</ele>
      </trkpt>
      <trkpt lat="43.86525" lon="5.95904">
        <ele>546.4</ele>
      </trkpt>
      <trkpt lat="43.865229" lon="5.95896">
        <ele>547.0</ele>
      </trkpt>
      <trkpt lat="43.86521" lon="5.9589">
        <ele>546.8</ele>
      </trkpt>
      <trkpt lat="43.86503" lon="5.95855">
        <ele>544.6</ele>
      </trkpt>
      <trkpt lat="43.86488" lon="5.95834">
        <ele>543.7</ele>
      </trkpt>
      <trkpt lat="43.8648" lon="5.95822">
        <ele>543.8</ele>
      </trkpt>
      <trkpt lat="43.86456" lon="5.95793">
        <ele>542.8</ele>
      </trkpt>
      <trkpt lat="43.86432" lon="5.95767">
        <ele>540.8</ele>
      </trkpt>
      <trkpt lat="43.86425" lon="5.95758">
        <ele>540.1</ele>
      </trkpt>
      <trkpt lat="43.86422" lon="5.957499">
        <ele>539.9</ele>
      </trkpt>
      <trkpt lat="43.86419" lon="5.95735">
        <ele>539.6</ele>
      </trkpt>
      <trkpt lat="43.86419" lon="5.95704">
        <ele>539.9</ele>
      </trkpt>
      <trkpt lat="43.86422" lon="5.95688">
        <ele>540.5</ele>
      </trkpt>
      <trkpt lat="43.86437" lon="5.956419">
        <ele>543.6</ele>
      </trkpt>
      <trkpt lat="43.8645" lon="5.95615">
        <ele>545.3</ele>
      </trkpt>
      <trkpt lat="43.86451" lon="5.95612">
        <ele>545.4</ele>
      </trkpt>
      <trkpt lat="43.86453" lon="5.95605">
        <ele>545.8</ele>
      </trkpt>
      <trkpt lat="43.86453" lon="5.95604">
        <ele>545.9</ele>
      </trkpt>
      <trkpt lat="43.86454" lon="5.95597">
        <ele>546.2</ele>
      </trkpt>
      <trkpt lat="43.86454" lon="5.95591">
        <ele>546.6</ele>
      </trkpt>
      <trkpt lat="43.86453" lon="5.95587">
        <ele>546.8</ele>
      </trkpt>
      <trkpt lat="43.8645" lon="5.95582">
        <ele>547.1</ele>
      </trkpt>
      <trkpt lat="43.86448" lon="5.9558">
        <ele>547.3</ele>
      </trkpt>
      <trkpt lat="43.86443" lon="5.95576">
        <ele>547.7</ele>
      </trkpt>
      <trkpt lat="43.8644" lon="5.95575">
        <ele>548.0</ele>
      </trkpt>
      <trkpt lat="43.86433" lon="5.95575">
        <ele>547.2</ele>
      </trkpt>
      <trkpt lat="43.86419" lon="5.95577">
        <ele>545.3</ele>
      </trkpt>
      <trkpt lat="43.86403" lon="5.9558">
        <ele>542.4</ele>
      </trkpt>
      <trkpt lat="43.86399" lon="5.955809">
        <ele>541.6</ele>
      </trkpt>
      <trkpt lat="43.86392" lon="5.9558">
        <ele>540.6</ele>
      </trkpt>
      <trkpt lat="43.86384" lon="5.95575">
        <ele>539.8</ele>
      </trkpt>
      <trkpt lat="43.86378" lon="5.95564">
        <ele>539.9</ele>
      </trkpt>
      <trkpt lat="43.863729" lon="5.95547">
        <ele>540.6</ele>
      </trkpt>
      <trkpt lat="43.86372" lon="5.95519">
        <ele>542.9</ele>
      </trkpt>
      <trkpt lat="43.8637" lon="5.95507">
        <ele>543.4</ele>
      </trkpt>
      <trkpt lat="43.86369" lon="5.955">
        <ele>543.7</ele>
      </trkpt>
      <trkpt lat="43.863639" lon="5.95475">
        <ele>544.7</ele>
      </trkpt>
      <trkpt lat="43.863549" lon="5.95423">
        <ele>546.5</ele>
      </trkpt>
      <trkpt lat="43.86352" lon="5.95395">
        <ele>544.6</ele>
      </trkpt>
      <trkpt lat="43.86351" lon="5.95393">
        <ele>544.1</ele>
      </trkpt>
      <trkpt lat="43.86352" lon="5.95381">
        <ele>543.8</ele>
      </trkpt>
      <trkpt lat="43.863549" lon="5.9537">
        <ele>544.1</ele>
      </trkpt>
      <trkpt lat="43.86361" lon="5.95358">
        <ele>545.3</ele>
      </trkpt>
      <trkpt lat="43.86383" lon="5.95334">
        <ele>550.6</ele>
      </trkpt>
      <trkpt lat="43.864019" lon="5.95311">
        <ele>553.0</ele>
      </trkpt>
      <trkpt lat="43.86418" lon="5.95286">
        <ele>552.7</ele>
      </trkpt>
      <trkpt lat="43.8643" lon="5.952689">
        <ele>551.5</ele>
      </trkpt>
      <trkpt lat="43.86437" lon="5.95263">
        <ele>551.6</ele>
      </trkpt>
      <trkpt lat="43.86447" lon="5.9526">
        <ele>552.6</ele>
      </trkpt>
      <trkpt lat="43.86456" lon="5.95259">
        <ele>553.8</ele>
      </trkpt>
      <trkpt lat="43.86463" lon="5.9526">
        <ele>555.1</ele>
      </trkpt>
      <trkpt lat="43.86471" lon="5.9526">
        <ele>556.4</ele>
      </trkpt>
      <trkpt lat="43.86484" lon="5.95264">
        <ele>559.2</ele>
      </trkpt>
      <trkpt lat="43.86494" lon="5.95266">
        <ele>561.1</ele>
      </trkpt>
      <trkpt lat="43.86504" lon="5.95264">
        <ele>562.3</ele>
      </trkpt>
      <trkpt lat="43.86511" lon="5.9526">
        <ele>562.7</ele>
      </trkpt>
      <trkpt lat="43.86517" lon="5.95253">
        <ele>562.6</ele>
      </trkpt>
      <trkpt lat="43.86521" lon="5.95243">
        <ele>562.2</ele>
      </trkpt>
      <trkpt lat="43.86526" lon="5.95229">
        <ele>561.7</ele>
      </trkpt>
      <trkpt lat="43.86531" lon="5.9522">
        <ele>561.6</ele>
      </trkpt>
      <trkpt lat="43.86538" lon="5.95212">
        <ele>561.7</ele>
      </trkpt>
      <trkpt lat="43.86547" lon="5.95207">
        <ele>562.3</ele>
      </trkpt>
      <trkpt lat="43.86549" lon="5.95207">
        <ele>562.5</ele>
      </trkpt>
      <trkpt lat="43.86574" lon="5.95204">
        <ele>565.2</ele>
      </trkpt>
      <trkpt lat="43.86595" lon="5.952">
        <ele>567.5</ele>
      </trkpt>
      <trkpt lat="43.86602" lon="5.95197">
        <ele>568.2</ele>
      </trkpt>
      <trkpt lat="43.86607" lon="5.951939">
        <ele>568.6</ele>
      </trkpt>
      <trkpt lat="43.86616" lon="5.95177">
        <ele>567.5</ele>
      </trkpt>
      <trkpt lat="43.86639" lon="5.95135">
        <ele>568.6</ele>
      </trkpt>
      <trkpt lat="43.866459" lon="5.95129">
        <ele>569.0</ele>
      </trkpt>
      <trkpt lat="43.8665" lon="5.95127">
        <ele>569.2</ele>
      </trkpt>
      <trkpt lat="43.86652" lon="5.95127">
        <ele>569.4</ele>
      </trkpt>
      <trkpt lat="43.86669" lon="5.95128">
        <ele>570.9</ele>
      </trkpt>
      <trkpt lat="43.86708" lon="5.95138">
        <ele>573.3</ele>
      </trkpt>
      <trkpt lat="43.86727" lon="5.95142">
        <ele>574.1</ele>
      </trkpt>
      <trkpt lat="43.86735" lon="5.951469">
        <ele>574.7</ele>
      </trkpt>
      <trkpt lat="43.86741" lon="5.95156">
        <ele>575.3</ele>
      </trkpt>
      <trkpt lat="43.86747" lon="5.95176">
        <ele>577.0</ele>
      </trkpt>
      <trkpt lat="43.86751" lon="5.95212">
        <ele>580.9</ele>
      </trkpt>
      <trkpt lat="43.86752" lon="5.95229">
        <ele>582.7</ele>
      </trkpt>
      <trkpt lat="43.867579" lon="5.95252">
        <ele>585.0</ele>
      </trkpt>
      <trkpt lat="43.86763" lon="5.95268">
        <ele>585.9</ele>
      </trkpt>
      <trkpt lat="43.867669" lon="5.95282">
        <ele>586.6</ele>
      </trkpt>
      <trkpt lat="43.86771" lon="5.9529">
        <ele>587.0</ele>
      </trkpt>
      <trkpt lat="43.86775" lon="5.95296">
        <ele>587.3</ele>
      </trkpt>
      <trkpt lat="43.8678" lon="5.953">
        <ele>587.4</ele>
      </trkpt>
      <trkpt lat="43.86786" lon="5.95302">
        <ele>587.4</ele>
      </trkpt>
      <trkpt lat="43.86791" lon="5.95302">
        <ele>587.3</ele>
      </trkpt>
      <trkpt lat="43.8681" lon="5.95297">
        <ele>586.7</ele>
      </trkpt>
      <trkpt lat="43.86827" lon="5.95297">
        <ele>586.4</ele>
      </trkpt>
      <trkpt lat="43.86842" lon="5.953">
        <ele>586.7</ele>
      </trkpt>
      <trkpt lat="43.86857" lon="5.95305">
        <ele>587.4</ele>
      </trkpt>
      <trkpt lat="43.868699" lon="5.95313">
        <ele>588.1</ele>
      </trkpt>
      <trkpt lat="43.86882" lon="5.9532">
        <ele>588.7</ele>
      </trkpt>
      <trkpt lat="43.86907" lon="5.95333">
        <ele>589.8</ele>
      </trkpt>
      <trkpt lat="43.8692" lon="5.95338">
        <ele>590.2</ele>
      </trkpt>
      <trkpt lat="43.86928" lon="5.95339">
        <ele>590.4</ele>
      </trkpt>
      <trkpt lat="43.86937" lon="5.953369">
        <ele>590.6</ele>
      </trkpt>
      <trkpt lat="43.869459" lon="5.95332">
        <ele>590.7</ele>
      </trkpt>
      <trkpt lat="43.86952" lon="5.95322">
        <ele>590.5</ele>
      </trkpt>
      <trkpt lat="43.86959" lon="5.95313">
        <ele>590.4</ele>
      </trkpt>
      <trkpt lat="43.86966" lon="5.95299">
        <ele>590.1</ele>
      </trkpt>
      <trkpt lat="43.86977" lon="5.95278">
        <ele>589.6</ele>
      </trkpt>
      <trkpt lat="43.86982" lon="5.952689">
        <ele>589.4</ele>
      </trkpt>
      <trkpt lat="43.86998" lon="5.95238">
        <ele>589.1</ele>
      </trkpt>
      <trkpt lat="43.87006" lon="5.95224">
        <ele>589.5</ele>
      </trkpt>
      <trkpt lat="43.87009" lon="5.95218">
        <ele>589.7</ele>
      </trkpt>
      <trkpt lat="43.87027" lon="5.95186">
        <ele>590.7</ele>
      </trkpt>
      <trkpt lat="43.87034" lon="5.95173">
        <ele>591.1</ele>
      </trkpt>
      <trkpt lat="43.87059" lon="5.95144">
        <ele>592.2</ele>
      </trkpt>
      <trkpt lat="43.87062" lon="5.951399">
        <ele>592.3</ele>
      </trkpt>
      <trkpt lat="43.87076" lon="5.95125">
        <ele>592.8</ele>
      </trkpt>
      <trkpt lat="43.87088" lon="5.95113">
        <ele>592.8</ele>
      </trkpt>
      <trkpt lat="43.8709" lon="5.9511">
        <ele>592.7</ele>
      </trkpt>
      <trkpt lat="43.87127" lon="5.950719">
        <ele>590.9</ele>
      </trkpt>
      <trkpt lat="43.87164" lon="5.95035">
        <ele>589.1</ele>
      </trkpt>
      <trkpt lat="43.87177" lon="5.95021">
        <ele>588.7</ele>
      </trkpt>
      <trkpt lat="43.87194" lon="5.95003">
        <ele>588.0</ele>
      </trkpt>
      <trkpt lat="43.87216" lon="5.94981">
        <ele>587.6</ele>
      </trkpt>
      <trkpt lat="43.87228" lon="5.9497">
        <ele>587.4</ele>
      </trkpt>
      <trkpt lat="43.87236" lon="5.949639">
        <ele>587.3</ele>
      </trkpt>
      <trkpt lat="43.87239" lon="5.94962">
        <ele>587.2</ele>
      </trkpt>
      <trkpt lat="43.8725" lon="5.94956">
        <ele>587.1</ele>
      </trkpt>
      <trkpt lat="43.87265" lon="5.94948">
        <ele>586.6</ele>
      </trkpt>
      <trkpt lat="43.87279" lon="5.9494">
        <ele>586.1</ele>
      </trkpt>
      <trkpt lat="43.87296" lon="5.94931">
        <ele>585.3</ele>
      </trkpt>
      <trkpt lat="43.873019" lon="5.94926">
        <ele>584.9</ele>
      </trkpt>
      <trkpt lat="43.873109" lon="5.94919">
        <ele>584.4</ele>
      </trkpt>
      <trkpt lat="43.87324" lon="5.94906">
        <ele>583.8</ele>
      </trkpt>
      <trkpt lat="43.87338" lon="5.94893">
        <ele>583.3</ele>
      </trkpt>
      <trkpt lat="43.87352" lon="5.94882">
        <ele>582.5</ele>
      </trkpt>
      <trkpt lat="43.87363" lon="5.94873">
        <ele>581.9</ele>
      </trkpt>
      <trkpt lat="43.873779" lon="5.94865">
        <ele>580.9</ele>
      </trkpt>
      <trkpt lat="43.873959" lon="5.948559">
        <ele>579.6</ele>
      </trkpt>
      <trkpt lat="43.87413" lon="5.94844">
        <ele>578.3</ele>
      </trkpt>
      <trkpt lat="43.87427" lon="5.94831">
        <ele>577.2</ele>
      </trkpt>
      <trkpt lat="43.87428" lon="5.94831">
        <ele>577.2</ele>
      </trkpt>
      <trkpt lat="43.87436" lon="5.9482">
        <ele>576.5</ele>
      </trkpt>
      <trkpt lat="43.8744" lon="5.94812">
        <ele>576.2</ele>
      </trkpt>
      <trkpt lat="43.87442" lon="5.94806">
        <ele>576.0</ele>
      </trkpt>
      <trkpt lat="43.87444" lon="5.94791">
        <ele>575.7</ele>
      </trkpt>
      <trkpt lat="43.87445" lon="5.94772">
        <ele>575.5</ele>
      </trkpt>
      <trkpt lat="43.87445" lon="5.94763">
        <ele>575.4</ele>
      </trkpt>
      <trkpt lat="43.87444" lon="5.9475">
        <ele>575.4</ele>
      </trkpt>
      <trkpt lat="43.87444" lon="5.94738">
        <ele>574.7</ele>
      </trkpt>
      <trkpt lat="43.87444" lon="5.947339">
        <ele>574.5</ele>
      </trkpt>
      <trkpt lat="43.87445" lon="5.94718">
        <ele>573.6</ele>
      </trkpt>
      <trkpt lat="43.87449" lon="5.94701">
        <ele>572.4</ele>
      </trkpt>
      <trkpt lat="43.8745" lon="5.94694">
        <ele>572.0</ele>
      </trkpt>
      <trkpt lat="43.87451" lon="5.9468">
        <ele>571.2</ele>
      </trkpt>
      <trkpt lat="43.87451" lon="5.946589">
        <ele>570.1</ele>
      </trkpt>
      <trkpt lat="43.87449" lon="5.94636">
        <ele>568.9</ele>
      </trkpt>
      <trkpt lat="43.87448" lon="5.9462">
        <ele>568.1</ele>
      </trkpt>
      <trkpt lat="43.87447" lon="5.9461">
        <ele>567.6</ele>
      </trkpt>
      <trkpt lat="43.87445" lon="5.94587">
        <ele>566.5</ele>
      </trkpt>
      <trkpt lat="43.87442" lon="5.94568">
        <ele>565.6</ele>
      </trkpt>
      <trkpt lat="43.87438" lon="5.94549">
        <ele>564.9</ele>
      </trkpt>
      <trkpt lat="43.874339" lon="5.945369">
        <ele>564.7</ele>
      </trkpt>
      <trkpt lat="43.87431" lon="5.94528">
        <ele>564.7</ele>
      </trkpt>
      <trkpt lat="43.87429" lon="5.94521">
        <ele>564.7</ele>
      </trkpt>
      <trkpt lat="43.87428" lon="5.94513">
        <ele>564.5</ele>
      </trkpt>
      <trkpt lat="43.87428" lon="5.94505">
        <ele>564.1</ele>
      </trkpt>
      <trkpt lat="43.87428" lon="5.94498">
        <ele>563.7</ele>
      </trkpt>
      <trkpt lat="43.87428" lon="5.94491">
        <ele>563.3</ele>
      </trkpt>
      <trkpt lat="43.87429" lon="5.94485">
        <ele>562.7</ele>
      </trkpt>
      <trkpt lat="43.87432" lon="5.9448">
        <ele>561.8</ele>
      </trkpt>
      <trkpt lat="43.87432" lon="5.94479">
        <ele>561.7</ele>
      </trkpt>
      <trkpt lat="43.87436" lon="5.94466">
        <ele>559.8</ele>
      </trkpt>
      <trkpt lat="43.8744" lon="5.9445">
        <ele>557.5</ele>
      </trkpt>
      <trkpt lat="43.87444" lon="5.9443">
        <ele>554.6</ele>
      </trkpt>
      <trkpt lat="43.87446" lon="5.94414">
        <ele>552.4</ele>
      </trkpt>
      <trkpt lat="43.87447" lon="5.944009">
        <ele>550.3</ele>
      </trkpt>
      <trkpt lat="43.87446" lon="5.94386">
        <ele>548.7</ele>
      </trkpt>
      <trkpt lat="43.87444" lon="5.94368">
        <ele>547.1</ele>
      </trkpt>
      <trkpt lat="43.87441" lon="5.94352">
        <ele>546.4</ele>
      </trkpt>
      <trkpt lat="43.8744" lon="5.94348">
        <ele>546.3</ele>
      </trkpt>
      <trkpt lat="43.87438" lon="5.94337">
        <ele>545.9</ele>
      </trkpt>
      <trkpt lat="43.87436" lon="5.94324">
        <ele>546.0</ele>
      </trkpt>
      <trkpt lat="43.874339" lon="5.94305">
        <ele>546.0</ele>
      </trkpt>
      <trkpt lat="43.874339" lon="5.94281">
        <ele>544.7</ele>
      </trkpt>
      <trkpt lat="43.874339" lon="5.94278">
        <ele>544.6</ele>
      </trkpt>
      <trkpt lat="43.87433" lon="5.94261">
        <ele>544.1</ele>
      </trkpt>
      <trkpt lat="43.874339" lon="5.94249">
        <ele>543.0</ele>
      </trkpt>
      <trkpt lat="43.87433" lon="5.94228">
        <ele>542.3</ele>
      </trkpt>
      <trkpt lat="43.87433" lon="5.942109">
        <ele>541.3</ele>
      </trkpt>
      <trkpt lat="43.8743" lon="5.94193">
        <ele>541.6</ele>
      </trkpt>
      <trkpt lat="43.87425" lon="5.941779">
        <ele>543.0</ele>
      </trkpt>
      <trkpt lat="43.8742" lon="5.941639">
        <ele>544.5</ele>
      </trkpt>
      <trkpt lat="43.87414" lon="5.94155">
        <ele>546.3</ele>
      </trkpt>
      <trkpt lat="43.87406" lon="5.94145">
        <ele>546.9</ele>
      </trkpt>
      <trkpt lat="43.87397" lon="5.94138">
        <ele>547.4</ele>
      </trkpt>
      <trkpt lat="43.87391" lon="5.94136">
        <ele>547.6</ele>
      </trkpt>
      <trkpt lat="43.873869" lon="5.94134">
        <ele>547.8</ele>
      </trkpt>
      <trkpt lat="43.87374" lon="5.94132">
        <ele>548.4</ele>
      </trkpt>
      <trkpt lat="43.87373" lon="5.94131">
        <ele>548.4</ele>
      </trkpt>
      <trkpt lat="43.87363" lon="5.94127">
        <ele>548.8</ele>
      </trkpt>
      <trkpt lat="43.87351" lon="5.94123">
        <ele>549.2</ele>
      </trkpt>
      <trkpt lat="43.87342" lon="5.94122">
        <ele>549.5</ele>
      </trkpt>
      <trkpt lat="43.87332" lon="5.9412">
        <ele>549.8</ele>
      </trkpt>
      <trkpt lat="43.87322" lon="5.941169">
        <ele>550.2</ele>
      </trkpt>
      <trkpt lat="43.87316" lon="5.94114">
        <ele>550.4</ele>
      </trkpt>
      <trkpt lat="43.87312" lon="5.941099">
        <ele>550.4</ele>
      </trkpt>
      <trkpt lat="43.87309" lon="5.94106">
        <ele>550.3</ele>
      </trkpt>
      <trkpt lat="43.87307" lon="5.94101">
        <ele>550.1</ele>
      </trkpt>
      <trkpt lat="43.87306" lon="5.940959">
        <ele>549.8</ele>
      </trkpt>
      <trkpt lat="43.87306" lon="5.94092">
        <ele>549.5</ele>
      </trkpt>
      <trkpt lat="43.87307" lon="5.94079">
        <ele>548.7</ele>
      </trkpt>
      <trkpt lat="43.87309" lon="5.94068">
        <ele>548.1</ele>
      </trkpt>
      <trkpt lat="43.87313" lon="5.94061">
        <ele>547.5</ele>
      </trkpt>
      <trkpt lat="43.8732" lon="5.94053">
        <ele>546.8</ele>
      </trkpt>
      <trkpt lat="43.8733" lon="5.94043">
        <ele>545.7</ele>
      </trkpt>
      <trkpt lat="43.87339" lon="5.94033">
        <ele>545.0</ele>
      </trkpt>
      <trkpt lat="43.87354" lon="5.94012">
        <ele>543.9</ele>
      </trkpt>
      <trkpt lat="43.87363" lon="5.93997">
        <ele>543.2</ele>
      </trkpt>
      <trkpt lat="43.87369" lon="5.93982">
        <ele>542.8</ele>
      </trkpt>
      <trkpt lat="43.87374" lon="5.93971">
        <ele>542.4</ele>
      </trkpt>
      <trkpt lat="43.87377" lon="5.93959">
        <ele>542.0</ele>
      </trkpt>
      <trkpt lat="43.8738" lon="5.93945">
        <ele>541.6</ele>
      </trkpt>
      <trkpt lat="43.87381" lon="5.93928">
        <ele>541.0</ele>
      </trkpt>
      <trkpt lat="43.87379" lon="5.93915">
        <ele>540.5</ele>
      </trkpt>
      <trkpt lat="43.87374" lon="5.93898">
        <ele>540.2</ele>
      </trkpt>
      <trkpt lat="43.87366" lon="5.93887">
        <ele>539.9</ele>
      </trkpt>
      <trkpt lat="43.87357" lon="5.9388">
        <ele>539.7</ele>
      </trkpt>
      <trkpt lat="43.87338" lon="5.93864">
        <ele>539.4</ele>
      </trkpt>
      <trkpt lat="43.87327" lon="5.9385">
        <ele>539.3</ele>
      </trkpt>
      <trkpt lat="43.87323" lon="5.93844">
        <ele>539.3</ele>
      </trkpt>
      <trkpt lat="43.87317" lon="5.93832">
        <ele>539.0</ele>
      </trkpt>
      <trkpt lat="43.873109" lon="5.93816">
        <ele>539.4</ele>
      </trkpt>
      <trkpt lat="43.87307" lon="5.93799">
        <ele>539.6</ele>
      </trkpt>
      <trkpt lat="43.87306" lon="5.93792">
        <ele>539.7</ele>
      </trkpt>
      <trkpt lat="43.87303" lon="5.93775">
        <ele>539.7</ele>
      </trkpt>
      <trkpt lat="43.873" lon="5.93755">
        <ele>539.6</ele>
      </trkpt>
      <trkpt lat="43.87299" lon="5.9375">
        <ele>539.5</ele>
      </trkpt>
      <trkpt lat="43.87294" lon="5.93726">
        <ele>539.3</ele>
      </trkpt>
      <trkpt lat="43.87292" lon="5.9372">
        <ele>539.1</ele>
      </trkpt>
      <trkpt lat="43.87289" lon="5.93709">
        <ele>538.7</ele>
      </trkpt>
      <trkpt lat="43.87285" lon="5.93702">
        <ele>538.1</ele>
      </trkpt>
      <trkpt lat="43.8728" lon="5.93696">
        <ele>537.1</ele>
      </trkpt>
      <trkpt lat="43.87273" lon="5.93687">
        <ele>535.6</ele>
      </trkpt>
      <trkpt lat="43.87266" lon="5.93679">
        <ele>534.0</ele>
      </trkpt>
      <trkpt lat="43.87248" lon="5.93655">
        <ele>530.0</ele>
      </trkpt>
      <trkpt lat="43.87247" lon="5.93653">
        <ele>530.0</ele>
      </trkpt>
      <trkpt lat="43.87245" lon="5.9365">
        <ele>530.0</ele>
      </trkpt>
      <trkpt lat="43.87242" lon="5.93642">
        <ele>530.0</ele>
      </trkpt>
      <trkpt lat="43.8724" lon="5.93633">
        <ele>529.9</ele>
      </trkpt>
      <trkpt lat="43.87238" lon="5.93619">
        <ele>529.6</ele>
      </trkpt>
      <trkpt lat="43.87236" lon="5.93604">
        <ele>529.2</ele>
      </trkpt>
      <trkpt lat="43.87236" lon="5.93595">
        <ele>529.0</ele>
      </trkpt>
      <trkpt lat="43.8724" lon="5.93582">
        <ele>528.7</ele>
      </trkpt>
      <trkpt lat="43.87243" lon="5.93569">
        <ele>527.9</ele>
      </trkpt>
      <trkpt lat="43.87249" lon="5.9355">
        <ele>526.6</ele>
      </trkpt>
      <trkpt lat="43.87267" lon="5.9349">
        <ele>526.1</ele>
      </trkpt>
      <trkpt lat="43.8727" lon="5.93477">
        <ele>526.2</ele>
      </trkpt>
      <trkpt lat="43.87271" lon="5.93472">
        <ele>526.2</ele>
      </trkpt>
      <trkpt lat="43.87272" lon="5.93461">
        <ele>526.0</ele>
      </trkpt>
      <trkpt lat="43.87271" lon="5.93453">
        <ele>525.5</ele>
      </trkpt>
      <trkpt lat="43.8727" lon="5.9344">
        <ele>524.7</ele>
      </trkpt>
      <trkpt lat="43.872639" lon="5.93421">
        <ele>522.5</ele>
      </trkpt>
      <trkpt lat="43.87254" lon="5.93402">
        <ele>521.2</ele>
      </trkpt>
      <trkpt lat="43.87229" lon="5.93375">
        <ele>521.2</ele>
      </trkpt>
      <trkpt lat="43.871899" lon="5.93333">
        <ele>516.0</ele>
      </trkpt>
      <trkpt lat="43.87173" lon="5.93319">
        <ele>513.8</ele>
      </trkpt>
      <trkpt lat="43.87171" lon="5.933169">
        <ele>513.5</ele>
      </trkpt>
      <trkpt lat="43.8716" lon="5.93306">
        <ele>513.4</ele>
      </trkpt>
      <trkpt lat="43.87154" lon="5.93294">
        <ele>513.9</ele>
      </trkpt>
      <trkpt lat="43.87144" lon="5.93276">
        <ele>514.2</ele>
      </trkpt>
      <trkpt lat="43.871339" lon="5.932419">
        <ele>513.4</ele>
      </trkpt>
      <trkpt lat="43.87123" lon="5.93196">
        <ele>511.7</ele>
      </trkpt>
      <trkpt lat="43.8712" lon="5.931809">
        <ele>510.8</ele>
      </trkpt>
      <trkpt lat="43.87118" lon="5.93165">
        <ele>509.9</ele>
      </trkpt>
      <trkpt lat="43.87115" lon="5.93138">
        <ele>508.6</ele>
      </trkpt>
      <trkpt lat="43.87112" lon="5.93119">
        <ele>507.4</ele>
      </trkpt>
      <trkpt lat="43.87111" lon="5.93114">
        <ele>507.0</ele>
      </trkpt>
      <trkpt lat="43.87108" lon="5.93103">
        <ele>506.0</ele>
      </trkpt>
      <trkpt lat="43.87102" lon="5.93086">
        <ele>504.0</ele>
      </trkpt>
      <trkpt lat="43.87095" lon="5.93074">
        <ele>503.3</ele>
      </trkpt>
      <trkpt lat="43.87086" lon="5.93061">
        <ele>502.4</ele>
      </trkpt>
      <trkpt lat="43.87076" lon="5.9305">
        <ele>502.6</ele>
      </trkpt>
      <trkpt lat="43.87065" lon="5.9304">
        <ele>502.8</ele>
      </trkpt>
      <trkpt lat="43.87055" lon="5.93032">
        <ele>502.5</ele>
      </trkpt>
      <trkpt lat="43.87044" lon="5.93023">
        <ele>501.7</ele>
      </trkpt>
      <trkpt lat="43.87033" lon="5.93015">
        <ele>500.5</ele>
      </trkpt>
      <trkpt lat="43.87024" lon="5.93011">
        <ele>499.2</ele>
      </trkpt>
      <trkpt lat="43.87012" lon="5.93007">
        <ele>497.3</ele>
      </trkpt>
      <trkpt lat="43.870019" lon="5.93006">
        <ele>495.7</ele>
      </trkpt>
      <trkpt lat="43.869929" lon="5.93006">
        <ele>495.1</ele>
      </trkpt>
      <trkpt lat="43.86984" lon="5.930049">
        <ele>494.6</ele>
      </trkpt>
      <trkpt lat="43.86981" lon="5.93004">
        <ele>494.3</ele>
      </trkpt>
      <trkpt lat="43.86976" lon="5.93001">
        <ele>493.7</ele>
      </trkpt>
      <trkpt lat="43.8694" lon="5.92979">
        <ele>493.4</ele>
      </trkpt>
      <trkpt lat="43.86925" lon="5.92969">
        <ele>492.8</ele>
      </trkpt>
      <trkpt lat="43.86916" lon="5.92961">
        <ele>492.4</ele>
      </trkpt>
      <trkpt lat="43.86909" lon="5.92954">
        <ele>492.8</ele>
      </trkpt>
      <trkpt lat="43.86897" lon="5.92939">
        <ele>493.0</ele>
      </trkpt>
      <trkpt lat="43.86889" lon="5.929299">
        <ele>492.6</ele>
      </trkpt>
      <trkpt lat="43.86879" lon="5.92916">
        <ele>491.4</ele>
      </trkpt>
      <trkpt lat="43.86876" lon="5.92912">
        <ele>491.2</ele>
      </trkpt>
      <trkpt lat="43.86871" lon="5.92904">
        <ele>490.9</ele>
      </trkpt>
      <trkpt lat="43.86863" lon="5.92887">
        <ele>489.9</ele>
      </trkpt>
      <trkpt lat="43.86856" lon="5.928689">
        <ele>488.4</ele>
      </trkpt>
      <trkpt lat="43.868519" lon="5.9285">
        <ele>487.0</ele>
      </trkpt>
      <trkpt lat="43.8685" lon="5.92831">
        <ele>485.9</ele>
      </trkpt>
      <trkpt lat="43.86848" lon="5.92817">
        <ele>484.8</ele>
      </trkpt>
      <trkpt lat="43.86845" lon="5.92785">
        <ele>482.5</ele>
      </trkpt>
      <trkpt lat="43.86846" lon="5.92762">
        <ele>481.9</ele>
      </trkpt>
      <trkpt lat="43.86848" lon="5.927469">
        <ele>481.9</ele>
      </trkpt>
      <trkpt lat="43.86849" lon="5.92738">
        <ele>481.7</ele>
      </trkpt>
      <trkpt lat="43.86851" lon="5.92723">
        <ele>481.4</ele>
      </trkpt>
      <trkpt lat="43.868519" lon="5.92712">
        <ele>481.0</ele>
      </trkpt>
      <trkpt lat="43.868519" lon="5.9268">
        <ele>478.8</ele>
      </trkpt>
      <trkpt lat="43.86853" lon="5.92662">
        <ele>477.7</ele>
      </trkpt>
      <trkpt lat="43.86856" lon="5.92643">
        <ele>476.2</ele>
      </trkpt>
      <trkpt lat="43.868609" lon="5.92626">
        <ele>475.1</ele>
      </trkpt>
      <trkpt lat="43.86867" lon="5.9261">
        <ele>474.1</ele>
      </trkpt>
      <trkpt lat="43.86875" lon="5.9259">
        <ele>472.5</ele>
      </trkpt>
      <trkpt lat="43.86898" lon="5.92533">
        <ele>468.0</ele>
      </trkpt>
      <trkpt lat="43.86907" lon="5.92511">
        <ele>465.0</ele>
      </trkpt>
      <trkpt lat="43.86912" lon="5.924959">
        <ele>463.1</ele>
      </trkpt>
      <trkpt lat="43.86916" lon="5.92485">
        <ele>462.7</ele>
      </trkpt>
      <trkpt lat="43.86918" lon="5.92472">
        <ele>462.9</ele>
      </trkpt>
      <trkpt lat="43.86919" lon="5.9246">
        <ele>463.1</ele>
      </trkpt>
      <trkpt lat="43.86919" lon="5.924489">
        <ele>462.8</ele>
      </trkpt>
      <trkpt lat="43.86918" lon="5.92436">
        <ele>462.1</ele>
      </trkpt>
      <trkpt lat="43.86916" lon="5.92424">
        <ele>461.2</ele>
      </trkpt>
      <trkpt lat="43.86913" lon="5.9241">
        <ele>461.5</ele>
      </trkpt>
      <trkpt lat="43.86905" lon="5.9239">
        <ele>462.6</ele>
      </trkpt>
      <trkpt lat="43.869" lon="5.92375">
        <ele>463.1</ele>
      </trkpt>
      <trkpt lat="43.86895" lon="5.92359">
        <ele>463.3</ele>
      </trkpt>
      <trkpt lat="43.868899" lon="5.92344">
        <ele>463.3</ele>
      </trkpt>
      <trkpt lat="43.86888" lon="5.92333">
        <ele>463.3</ele>
      </trkpt>
      <trkpt lat="43.86884" lon="5.92314">
        <ele>462.7</ele>
      </trkpt>
      <trkpt lat="43.86881" lon="5.92292">
        <ele>461.9</ele>
      </trkpt>
      <trkpt lat="43.8688" lon="5.92275">
        <ele>461.4</ele>
      </trkpt>
      <trkpt lat="43.8688" lon="5.92269">
        <ele>461.3</ele>
      </trkpt>
      <trkpt lat="43.8688" lon="5.92268">
        <ele>461.3</ele>
      </trkpt>
      <trkpt lat="43.86878" lon="5.92225">
        <ele>460.0</ele>
      </trkpt>
      <trkpt lat="43.86878" lon="5.92224">
        <ele>460.0</ele>
      </trkpt>
      <trkpt lat="43.86877" lon="5.9217">
        <ele>458.9</ele>
      </trkpt>
      <trkpt lat="43.86877" lon="5.92142">
        <ele>457.4</ele>
      </trkpt>
      <trkpt lat="43.86878" lon="5.92133">
        <ele>457.0</ele>
      </trkpt>
      <trkpt lat="43.8688" lon="5.92126">
        <ele>456.7</ele>
      </trkpt>
      <trkpt lat="43.86883" lon="5.92113">
        <ele>456.0</ele>
      </trkpt>
      <trkpt lat="43.86886" lon="5.92104">
        <ele>455.5</ele>
      </trkpt>
      <trkpt lat="43.86905" lon="5.92039">
        <ele>449.0</ele>
      </trkpt>
      <trkpt lat="43.86911" lon="5.92021">
        <ele>446.0</ele>
      </trkpt>
      <trkpt lat="43.86922" lon="5.91996">
        <ele>443.4</ele>
      </trkpt>
      <trkpt lat="43.8694" lon="5.91966">
        <ele>445.9</ele>
      </trkpt>
      <trkpt lat="43.86968" lon="5.91917">
        <ele>443.1</ele>
      </trkpt>
      <trkpt lat="43.86971" lon="5.91913">
        <ele>442.9</ele>
      </trkpt>
      <trkpt lat="43.86982" lon="5.91895">
        <ele>440.8</ele>
      </trkpt>
      <trkpt lat="43.86998" lon="5.9187">
        <ele>435.7</ele>
      </trkpt>
      <trkpt lat="43.87007" lon="5.91859">
        <ele>434.8</ele>
      </trkpt>
      <trkpt lat="43.87025" lon="5.9184">
        <ele>434.1</ele>
      </trkpt>
      <trkpt lat="43.87048" lon="5.91819">
        <ele>435.3</ele>
      </trkpt>
      <trkpt lat="43.87059" lon="5.91807">
        <ele>435.5</ele>
      </trkpt>
      <trkpt lat="43.87065" lon="5.91799">
        <ele>435.1</ele>
      </trkpt>
      <trkpt lat="43.8707" lon="5.91791">
        <ele>434.4</ele>
      </trkpt>
      <trkpt lat="43.87079" lon="5.91773">
        <ele>432.0</ele>
      </trkpt>
      <trkpt lat="43.87084" lon="5.91753">
        <ele>428.8</ele>
      </trkpt>
      <trkpt lat="43.87088" lon="5.91739">
        <ele>429.0</ele>
      </trkpt>
      <trkpt lat="43.8709" lon="5.91721">
        <ele>428.5</ele>
      </trkpt>
      <trkpt lat="43.87091" lon="5.91708">
        <ele>428.0</ele>
      </trkpt>
      <trkpt lat="43.87091" lon="5.9169">
        <ele>426.7</ele>
      </trkpt>
      <trkpt lat="43.87091" lon="5.916699">
        <ele>425.3</ele>
      </trkpt>
      <trkpt lat="43.87086" lon="5.9164">
        <ele>423.1</ele>
      </trkpt>
      <trkpt lat="43.87083" lon="5.91626">
        <ele>422.0</ele>
      </trkpt>
      <trkpt lat="43.87073" lon="5.91573">
        <ele>423.3</ele>
      </trkpt>
      <trkpt lat="43.8707" lon="5.91561">
        <ele>424.0</ele>
      </trkpt>
      <trkpt lat="43.87065" lon="5.91538">
        <ele>424.9</ele>
      </trkpt>
      <trkpt lat="43.87059" lon="5.91515">
        <ele>424.9</ele>
      </trkpt>
      <trkpt lat="43.87054" lon="5.91495">
        <ele>424.4</ele>
      </trkpt>
      <trkpt lat="43.870489" lon="5.91472">
        <ele>423.1</ele>
      </trkpt>
      <trkpt lat="43.87047" lon="5.91456">
        <ele>422.3</ele>
      </trkpt>
      <trkpt lat="43.87047" lon="5.91439">
        <ele>421.9</ele>
      </trkpt>
      <trkpt lat="43.87048" lon="5.91413">
        <ele>421.4</ele>
      </trkpt>
      <trkpt lat="43.87048" lon="5.914">
        <ele>420.6</ele>
      </trkpt>
      <trkpt lat="43.87051" lon="5.9136">
        <ele>418.9</ele>
      </trkpt>
      <trkpt lat="43.87051" lon="5.91352">
        <ele>418.4</ele>
      </trkpt>
      <trkpt lat="43.87051" lon="5.9134">
        <ele>417.7</ele>
      </trkpt>
      <trkpt lat="43.87051" lon="5.91326">
        <ele>416.7</ele>
      </trkpt>
      <trkpt lat="43.87051" lon="5.9132">
        <ele>416.3</ele>
      </trkpt>
      <trkpt lat="43.87051" lon="5.91318">
        <ele>416.2</ele>
      </trkpt>
      <trkpt lat="43.8705" lon="5.9131">
        <ele>415.4</ele>
      </trkpt>
      <trkpt lat="43.87051" lon="5.91302">
        <ele>415.0</ele>
      </trkpt>
      <trkpt lat="43.87052" lon="5.91289">
        <ele>414.4</ele>
      </trkpt>
      <trkpt lat="43.87059" lon="5.91237">
        <ele>412.0</ele>
      </trkpt>
      <trkpt lat="43.87068" lon="5.91178">
        <ele>408.0</ele>
      </trkpt>
      <trkpt lat="43.8707" lon="5.91171">
        <ele>407.5</ele>
      </trkpt>
      <trkpt lat="43.87074" lon="5.911469">
        <ele>404.7</ele>
      </trkpt>
      <trkpt lat="43.87081" lon="5.91112">
        <ele>400.1</ele>
      </trkpt>
      <trkpt lat="43.87083" lon="5.91102">
        <ele>398.7</ele>
      </trkpt>
      <trkpt lat="43.87093" lon="5.91065">
        <ele>397.6</ele>
      </trkpt>
      <trkpt lat="43.87109" lon="5.91016">
        <ele>397.2</ele>
      </trkpt>
      <trkpt lat="43.87112" lon="5.91007">
        <ele>397.0</ele>
      </trkpt>
      <trkpt lat="43.87117" lon="5.90983">
        <ele>396.3</ele>
      </trkpt>
      <trkpt lat="43.87124" lon="5.90955">
        <ele>395.8</ele>
      </trkpt>
      <trkpt lat="43.87125" lon="5.90944">
        <ele>395.0</ele>
      </trkpt>
      <trkpt lat="43.87126" lon="5.90935">
        <ele>394.3</ele>
      </trkpt>
      <trkpt lat="43.87127" lon="5.909309">
        <ele>394.1</ele>
      </trkpt>
      <trkpt lat="43.87127" lon="5.90922">
        <ele>393.1</ele>
      </trkpt>
      <trkpt lat="43.87127" lon="5.90915">
        <ele>392.3</ele>
      </trkpt>
      <trkpt lat="43.87126" lon="5.909099">
        <ele>391.5</ele>
      </trkpt>
      <trkpt lat="43.87122" lon="5.90894">
        <ele>388.9</ele>
      </trkpt>
      <trkpt lat="43.87118" lon="5.90875">
        <ele>386.2</ele>
      </trkpt>
      <trkpt lat="43.8711" lon="5.90853">
        <ele>382.8</ele>
      </trkpt>
      <trkpt lat="43.871049" lon="5.90843">
        <ele>381.3</ele>
      </trkpt>
      <trkpt lat="43.87093" lon="5.90825">
        <ele>378.7</ele>
      </trkpt>
      <trkpt lat="43.87092" lon="5.90824">
        <ele>378.6</ele>
      </trkpt>
      <trkpt lat="43.87081" lon="5.908089">
        <ele>377.3</ele>
      </trkpt>
      <trkpt lat="43.87079" lon="5.90806">
        <ele>377.2</ele>
      </trkpt>
      <trkpt lat="43.87064" lon="5.907879">
        <ele>375.9</ele>
      </trkpt>
      <trkpt lat="43.87061" lon="5.90782">
        <ele>375.5</ele>
      </trkpt>
      <trkpt lat="43.87057" lon="5.90775">
        <ele>375.0</ele>
      </trkpt>
      <trkpt lat="43.87055" lon="5.9077">
        <ele>374.6</ele>
      </trkpt>
      <trkpt lat="43.87055" lon="5.90768">
        <ele>374.5</ele>
      </trkpt>
      <trkpt lat="43.87052" lon="5.9076">
        <ele>373.9</ele>
      </trkpt>
      <trkpt lat="43.87051" lon="5.90754">
        <ele>373.5</ele>
      </trkpt>
      <trkpt lat="43.870489" lon="5.90747">
        <ele>372.7</ele>
      </trkpt>
      <trkpt lat="43.870489" lon="5.90746">
        <ele>372.6</ele>
      </trkpt>
      <trkpt lat="43.87048" lon="5.90738">
        <ele>371.5</ele>
      </trkpt>
      <trkpt lat="43.87048" lon="5.90733">
        <ele>370.9</ele>
      </trkpt>
      <trkpt lat="43.87048" lon="5.907269">
        <ele>370.1</ele>
      </trkpt>
      <trkpt lat="43.870489" lon="5.90723">
        <ele>369.7</ele>
      </trkpt>
      <trkpt lat="43.870489" lon="5.90719">
        <ele>369.2</ele>
      </trkpt>
      <trkpt lat="43.87051" lon="5.90712">
        <ele>368.4</ele>
      </trkpt>
      <trkpt lat="43.87052" lon="5.90708">
        <ele>368.0</ele>
      </trkpt>
      <trkpt lat="43.87054" lon="5.90706">
        <ele>367.8</ele>
      </trkpt>
      <trkpt lat="43.87056" lon="5.90703">
        <ele>367.5</ele>
      </trkpt>
      <trkpt lat="43.870579" lon="5.90702">
        <ele>367.4</ele>
      </trkpt>
      <trkpt lat="43.87059" lon="5.90702">
        <ele>367.5</ele>
      </trkpt>
      <trkpt lat="43.87062" lon="5.90701">
        <ele>367.5</ele>
      </trkpt>
      <trkpt lat="43.87064" lon="5.90701">
        <ele>367.6</ele>
      </trkpt>
      <trkpt lat="43.87069" lon="5.90703">
        <ele>368.0</ele>
      </trkpt>
      <trkpt lat="43.87075" lon="5.90707">
        <ele>368.9</ele>
      </trkpt>
      <trkpt lat="43.87092" lon="5.90719">
        <ele>369.9</ele>
      </trkpt>
      <trkpt lat="43.87124" lon="5.90742">
        <ele>369.2</ele>
      </trkpt>
      <trkpt lat="43.8714" lon="5.90753">
        <ele>369.1</ele>
      </trkpt>
      <trkpt lat="43.87173" lon="5.90775">
        <ele>370.5</ele>
      </trkpt>
      <trkpt lat="43.87249" lon="5.90823">
        <ele>366.5</ele>
      </trkpt>
      <trkpt lat="43.872639" lon="5.90836">
        <ele>366.4</ele>
      </trkpt>
      <trkpt lat="43.87299" lon="5.90866">
        <ele>366.8</ele>
      </trkpt>
      <trkpt lat="43.87341" lon="5.90901">
        <ele>365.1</ele>
      </trkpt>
      <trkpt lat="43.87346" lon="5.90906">
        <ele>365.3</ele>
      </trkpt>
      <trkpt lat="43.87373" lon="5.90923">
        <ele>364.4</ele>
      </trkpt>
      <trkpt lat="43.8738" lon="5.90927">
        <ele>364.2</ele>
      </trkpt>
      <trkpt lat="43.873869" lon="5.90932">
        <ele>364.5</ele>
      </trkpt>
      <trkpt lat="43.8745" lon="5.90988">
        <ele>366.5</ele>
      </trkpt>
      <trkpt lat="43.874609" lon="5.90998">
        <ele>365.5</ele>
      </trkpt>
      <trkpt lat="43.87465" lon="5.91001">
        <ele>365.0</ele>
      </trkpt>
      <trkpt lat="43.8752" lon="5.91045">
        <ele>362.7</ele>
      </trkpt>
      <trkpt lat="43.87527" lon="5.91051">
        <ele>362.6</ele>
      </trkpt>
      <trkpt lat="43.87572" lon="5.91087">
        <ele>356.0</ele>
      </trkpt>
      <trkpt lat="43.87594" lon="5.91091">
        <ele>351.0</ele>
      </trkpt>
      <trkpt lat="43.87601" lon="5.91092">
        <ele>350.1</ele>
      </trkpt>
      <trkpt lat="43.87609" lon="5.91091">
        <ele>348.7</ele>
      </trkpt>
      <trkpt lat="43.87617" lon="5.91088">
        <ele>347.1</ele>
      </trkpt>
      <trkpt lat="43.87625" lon="5.91082">
        <ele>345.4</ele>
      </trkpt>
      <trkpt lat="43.876309" lon="5.91075">
        <ele>344.1</ele>
      </trkpt>
      <trkpt lat="43.87634" lon="5.91072">
        <ele>343.5</ele>
      </trkpt>
      <trkpt lat="43.876399" lon="5.91062">
        <ele>342.2</ele>
      </trkpt>
      <trkpt lat="43.87647" lon="5.91049">
        <ele>340.8</ele>
      </trkpt>
      <trkpt lat="43.87654" lon="5.91036">
        <ele>339.7</ele>
      </trkpt>
      <trkpt lat="43.8768" lon="5.90983">
        <ele>337.6</ele>
      </trkpt>
      <trkpt lat="43.87685" lon="5.90974">
        <ele>337.4</ele>
      </trkpt>
      <trkpt lat="43.87688" lon="5.90968">
        <ele>337.2</ele>
      </trkpt>
      <trkpt lat="43.87691" lon="5.90963">
        <ele>337.1</ele>
      </trkpt>
      <trkpt lat="43.87695" lon="5.90959">
        <ele>337.0</ele>
      </trkpt>
      <trkpt lat="43.876959" lon="5.90958">
        <ele>337.0</ele>
      </trkpt>
      <trkpt lat="43.87697" lon="5.90959">
        <ele>337.1</ele>
      </trkpt>
      <trkpt lat="43.87697" lon="5.90959">
        <ele>337.1</ele>
      </trkpt>
      <trkpt lat="43.87706" lon="5.90938">
        <ele>336.6</ele>
      </trkpt>
      <trkpt lat="43.87711" lon="5.90929">
        <ele>336.4</ele>
      </trkpt>
      <trkpt lat="43.87716" lon="5.9092">
        <ele>336.3</ele>
      </trkpt>
      <trkpt lat="43.87726" lon="5.909099">
        <ele>336.4</ele>
      </trkpt>
      <trkpt lat="43.87726" lon="5.909099">
        <ele>336.4</ele>
      </trkpt>
      <trkpt lat="43.87741" lon="5.90937">
        <ele>337.3</ele>
      </trkpt>
      <trkpt lat="43.87747" lon="5.90947">
        <ele>337.7</ele>
      </trkpt>
      <trkpt lat="43.877519" lon="5.90951">
        <ele>337.9</ele>
      </trkpt>
      <trkpt lat="43.87759" lon="5.90956">
        <ele>338.1</ele>
      </trkpt>
      <trkpt lat="43.87765" lon="5.9096">
        <ele>338.3</ele>
      </trkpt>
      <trkpt lat="43.87771" lon="5.90962">
        <ele>338.4</ele>
      </trkpt>
      <trkpt lat="43.87774" lon="5.90963">
        <ele>338.5</ele>
      </trkpt>
      <trkpt lat="43.87796" lon="5.90965">
        <ele>338.9</ele>
      </trkpt>
      <trkpt lat="43.87825" lon="5.90966">
        <ele>339.3</ele>
      </trkpt>
      <trkpt lat="43.8786" lon="5.9096">
        <ele>339.2</ele>
      </trkpt>
      <trkpt lat="43.87878" lon="5.90956">
        <ele>339.0</ele>
      </trkpt>
      <trkpt lat="43.87913" lon="5.9095">
        <ele>338.8</ele>
      </trkpt>
      <trkpt lat="43.879489" lon="5.90944">
        <ele>338.6</ele>
      </trkpt>
      <trkpt lat="43.87967" lon="5.90941">
        <ele>338.4</ele>
      </trkpt>
      <trkpt lat="43.88056" lon="5.90925">
        <ele>337.9</ele>
      </trkpt>
      <trkpt lat="43.88092" lon="5.90918">
        <ele>337.1</ele>
      </trkpt>
      <trkpt lat="43.88127" lon="5.90913">
        <ele>337.5</ele>
      </trkpt>
      <trkpt lat="43.88189" lon="5.909029">
        <ele>338.5</ele>
      </trkpt>
      <trkpt lat="43.88217" lon="5.90898">
        <ele>338.8</ele>
      </trkpt>
      <trkpt lat="43.88227" lon="5.90896">
        <ele>338.9</ele>
      </trkpt>
      <trkpt lat="43.88241" lon="5.90894">
        <ele>339.0</ele>
      </trkpt>
      <trkpt lat="43.88281" lon="5.90887">
        <ele>338.4</ele>
      </trkpt>
      <trkpt lat="43.88306" lon="5.90882">
        <ele>337.8</ele>
      </trkpt>
      <trkpt lat="43.88356" lon="5.90872">
        <ele>337.6</ele>
      </trkpt>
      <trkpt lat="43.8838" lon="5.90869">
        <ele>338.3</ele>
      </trkpt>
      <trkpt lat="43.88431" lon="5.90859">
        <ele>339.1</ele>
      </trkpt>
      <trkpt lat="43.88469" lon="5.90851">
        <ele>338.6</ele>
      </trkpt>
      <trkpt lat="43.88474" lon="5.90848">
        <ele>338.5</ele>
      </trkpt>
      <trkpt lat="43.884839" lon="5.90843">
        <ele>338.3</ele>
      </trkpt>
      <trkpt lat="43.88491" lon="5.90841">
        <ele>338.2</ele>
      </trkpt>
      <trkpt lat="43.885" lon="5.90837">
        <ele>338.0</ele>
      </trkpt>
      <trkpt lat="43.8851" lon="5.9083">
        <ele>338.3</ele>
      </trkpt>
      <trkpt lat="43.885219" lon="5.90823">
        <ele>338.6</ele>
      </trkpt>
      <trkpt lat="43.8855" lon="5.90804">
        <ele>339.3</ele>
      </trkpt>
      <trkpt lat="43.88559" lon="5.90798">
        <ele>339.5</ele>
      </trkpt>
      <trkpt lat="43.88579" lon="5.90784">
        <ele>339.9</ele>
      </trkpt>
      <trkpt lat="43.88608" lon="5.90767">
        <ele>340.0</ele>
      </trkpt>
      <trkpt lat="43.8861" lon="5.90766">
        <ele>340.0</ele>
      </trkpt>
      <trkpt lat="43.886249" lon="5.90759">
        <ele>340.0</ele>
      </trkpt>
      <trkpt lat="43.88637" lon="5.90753">
        <ele>340.0</ele>
      </trkpt>
      <trkpt lat="43.88642" lon="5.90751">
        <ele>340.0</ele>
      </trkpt>
      <trkpt lat="43.88664" lon="5.90742">
        <ele>339.9</ele>
      </trkpt>
      <trkpt lat="43.88686" lon="5.90737">
        <ele>340.0</ele>
      </trkpt>
      <trkpt lat="43.88721" lon="5.9073">
        <ele>340.3</ele>
      </trkpt>
      <trkpt lat="43.88788" lon="5.907199">
        <ele>340.6</ele>
      </trkpt>
      <trkpt lat="43.88808" lon="5.90717">
        <ele>340.6</ele>
      </trkpt>
      <trkpt lat="43.88831" lon="5.90712">
        <ele>340.6</ele>
      </trkpt>
      <trkpt lat="43.88873" lon="5.90705">
        <ele>338.4</ele>
      </trkpt>
      <trkpt lat="43.88877" lon="5.90705">
        <ele>338.2</ele>
      </trkpt>
      <trkpt lat="43.88887" lon="5.90705">
        <ele>337.8</ele>
      </trkpt>
      <trkpt lat="43.88895" lon="5.90704">
        <ele>337.3</ele>
      </trkpt>
      <trkpt lat="43.88912" lon="5.90708">
        <ele>336.7</ele>
      </trkpt>
      <trkpt lat="43.88931" lon="5.90712">
        <ele>336.5</ele>
      </trkpt>
      <trkpt lat="43.88934" lon="5.90712">
        <ele>336.4</ele>
      </trkpt>
      <trkpt lat="43.88948" lon="5.90716">
        <ele>336.4</ele>
      </trkpt>
      <trkpt lat="43.88966" lon="5.90721">
        <ele>336.3</ele>
      </trkpt>
      <trkpt lat="43.89023" lon="5.90736">
        <ele>336.1</ele>
      </trkpt>
      <trkpt lat="43.89053" lon="5.90742">
        <ele>336.0</ele>
      </trkpt>
      <trkpt lat="43.89065" lon="5.90743">
        <ele>335.9</ele>
      </trkpt>
      <trkpt lat="43.89072" lon="5.90743">
        <ele>335.8</ele>
      </trkpt>
      <trkpt lat="43.8909" lon="5.90744">
        <ele>335.9</ele>
      </trkpt>
      <trkpt lat="43.89094" lon="5.90744">
        <ele>336.0</ele>
      </trkpt>
      <trkpt lat="43.89119" lon="5.90742">
        <ele>336.5</ele>
      </trkpt>
      <trkpt lat="43.89126" lon="5.9074">
        <ele>336.6</ele>
      </trkpt>
      <trkpt lat="43.89137" lon="5.90738">
        <ele>336.8</ele>
      </trkpt>
      <trkpt lat="43.89144" lon="5.90737">
        <ele>336.9</ele>
      </trkpt>
      <trkpt lat="43.89204" lon="5.90728">
        <ele>337.7</ele>
      </trkpt>
      <trkpt lat="43.89256" lon="5.90721">
        <ele>338.0</ele>
      </trkpt>
      <trkpt lat="43.89289" lon="5.90717">
        <ele>337.8</ele>
      </trkpt>
      <trkpt lat="43.89318" lon="5.90712">
        <ele>337.6</ele>
      </trkpt>
      <trkpt lat="43.89351" lon="5.90704">
        <ele>337.3</ele>
      </trkpt>
      <trkpt lat="43.89399" lon="5.90691">
        <ele>336.9</ele>
      </trkpt>
      <trkpt lat="43.89415" lon="5.90688">
        <ele>336.8</ele>
      </trkpt>
      <trkpt lat="43.89428" lon="5.90688">
        <ele>336.8</ele>
      </trkpt>
      <trkpt lat="43.89449" lon="5.90691">
        <ele>336.9</ele>
      </trkpt>
      <trkpt lat="43.8949" lon="5.90702">
        <ele>337.3</ele>
      </trkpt>
      <trkpt lat="43.89546" lon="5.907199">
        <ele>338.3</ele>
      </trkpt>
      <trkpt lat="43.89562" lon="5.90726">
        <ele>338.7</ele>
      </trkpt>
      <trkpt lat="43.89588" lon="5.907339">
        <ele>339.2</ele>
      </trkpt>
      <trkpt lat="43.89627" lon="5.90743">
        <ele>339.3</ele>
      </trkpt>
      <trkpt lat="43.89661" lon="5.90749">
        <ele>339.1</ele>
      </trkpt>
      <trkpt lat="43.89758" lon="5.90766">
        <ele>342.2</ele>
      </trkpt>
      <trkpt lat="43.89788" lon="5.90767">
        <ele>342.1</ele>
      </trkpt>
      <trkpt lat="43.89814" lon="5.90772">
        <ele>342.1</ele>
      </trkpt>
      <trkpt lat="43.89815" lon="5.90773">
        <ele>342.1</ele>
      </trkpt>
      <trkpt lat="43.898359" lon="5.90779">
        <ele>341.9</ele>
      </trkpt>
      <trkpt lat="43.89885" lon="5.90794">
        <ele>341.1</ele>
      </trkpt>
      <trkpt lat="43.89893" lon="5.90796">
        <ele>341.0</ele>
      </trkpt>
      <trkpt lat="43.89916" lon="5.90804">
        <ele>341.0</ele>
      </trkpt>
      <trkpt lat="43.899209" lon="5.90805">
        <ele>341.0</ele>
      </trkpt>
      <trkpt lat="43.89955" lon="5.90818">
        <ele>341.2</ele>
      </trkpt>
      <trkpt lat="43.90002" lon="5.90838">
        <ele>341.0</ele>
      </trkpt>
      <trkpt lat="43.90048" lon="5.90857">
        <ele>340.5</ele>
      </trkpt>
      <trkpt lat="43.90072" lon="5.90868">
        <ele>340.4</ele>
      </trkpt>
      <trkpt lat="43.9011" lon="5.90886">
        <ele>341.1</ele>
      </trkpt>
      <trkpt lat="43.901179" lon="5.9089">
        <ele>341.3</ele>
      </trkpt>
      <trkpt lat="43.90133" lon="5.90899">
        <ele>341.6</ele>
      </trkpt>
      <trkpt lat="43.90135" lon="5.909">
        <ele>341.6</ele>
      </trkpt>
      <trkpt lat="43.901449" lon="5.90905">
        <ele>341.8</ele>
      </trkpt>
      <trkpt lat="43.901649" lon="5.90923">
        <ele>342.1</ele>
      </trkpt>
      <trkpt lat="43.90173" lon="5.90932">
        <ele>342.3</ele>
      </trkpt>
      <trkpt lat="43.90185" lon="5.90945">
        <ele>342.6</ele>
      </trkpt>
      <trkpt lat="43.9019" lon="5.90951">
        <ele>342.7</ele>
      </trkpt>
      <trkpt lat="43.90218" lon="5.90981">
        <ele>343.4</ele>
      </trkpt>
      <trkpt lat="43.9025" lon="5.91017">
        <ele>344.0</ele>
      </trkpt>
      <trkpt lat="43.90254" lon="5.91021">
        <ele>344.0</ele>
      </trkpt>
      <trkpt lat="43.9027" lon="5.910389">
        <ele>344.0</ele>
      </trkpt>
      <trkpt lat="43.90278" lon="5.91047">
        <ele>344.0</ele>
      </trkpt>
      <trkpt lat="43.90284" lon="5.91054">
        <ele>344.0</ele>
      </trkpt>
      <trkpt lat="43.90309" lon="5.9108">
        <ele>344.0</ele>
      </trkpt>
      <trkpt lat="43.90326" lon="5.91097">
        <ele>344.0</ele>
      </trkpt>
      <trkpt lat="43.903419" lon="5.9111">
        <ele>344.2</ele>
      </trkpt>
      <trkpt lat="43.90351" lon="5.91116">
        <ele>344.4</ele>
      </trkpt>
      <trkpt lat="43.903619" lon="5.91122">
        <ele>344.7</ele>
      </trkpt>
      <trkpt lat="43.90368" lon="5.91126">
        <ele>344.8</ele>
      </trkpt>
      <trkpt lat="43.90369" lon="5.91127">
        <ele>344.9</ele>
      </trkpt>
      <trkpt lat="43.90379" lon="5.91127">
        <ele>345.1</ele>
      </trkpt>
      <trkpt lat="43.903889" lon="5.91131">
        <ele>345.3</ele>
      </trkpt>
      <trkpt lat="43.90414" lon="5.91138">
        <ele>345.9</ele>
      </trkpt>
      <trkpt lat="43.90446" lon="5.91142">
        <ele>346.2</ele>
      </trkpt>
      <trkpt lat="43.90467" lon="5.91143">
        <ele>346.3</ele>
      </trkpt>
      <trkpt lat="43.90486" lon="5.91144">
        <ele>346.5</ele>
      </trkpt>
      <trkpt lat="43.90504" lon="5.91145">
        <ele>346.6</ele>
      </trkpt>
      <trkpt lat="43.90508" lon="5.91145">
        <ele>346.7</ele>
      </trkpt>
      <trkpt lat="43.90522" lon="5.91146">
        <ele>346.9</ele>
      </trkpt>
      <trkpt lat="43.90543" lon="5.91149">
        <ele>347.2</ele>
      </trkpt>
      <trkpt lat="43.90558" lon="5.91151">
        <ele>347.5</ele>
      </trkpt>
      <trkpt lat="43.90565" lon="5.91152">
        <ele>347.6</ele>
      </trkpt>
      <trkpt lat="43.90575" lon="5.911539">
        <ele>347.8</ele>
      </trkpt>
      <trkpt lat="43.90583" lon="5.91157">
        <ele>348.0</ele>
      </trkpt>
      <trkpt lat="43.90595" lon="5.9116">
        <ele>347.9</ele>
      </trkpt>
      <trkpt lat="43.906" lon="5.91162">
        <ele>347.8</ele>
      </trkpt>
      <trkpt lat="43.90601" lon="5.91162">
        <ele>347.8</ele>
      </trkpt>
      <trkpt lat="43.90618" lon="5.911679">
        <ele>347.6</ele>
      </trkpt>
      <trkpt lat="43.90648" lon="5.91177">
        <ele>347.3</ele>
      </trkpt>
      <trkpt lat="43.9067" lon="5.91184">
        <ele>347.4</ele>
      </trkpt>
      <trkpt lat="43.90673" lon="5.91185">
        <ele>347.5</ele>
      </trkpt>
      <trkpt lat="43.90687" lon="5.91189">
        <ele>348.2</ele>
      </trkpt>
      <trkpt lat="43.90693" lon="5.91191">
        <ele>348.5</ele>
      </trkpt>
      <trkpt lat="43.90703" lon="5.91196">
        <ele>348.9</ele>
      </trkpt>
      <trkpt lat="43.90722" lon="5.91207">
        <ele>349.8</ele>
      </trkpt>
      <trkpt lat="43.90722" lon="5.912079">
        <ele>349.8</ele>
      </trkpt>
      <trkpt lat="43.90724" lon="5.91209">
        <ele>349.9</ele>
      </trkpt>
      <trkpt lat="43.9074" lon="5.9122">
        <ele>350.6</ele>
      </trkpt>
      <trkpt lat="43.907559" lon="5.91232">
        <ele>351.2</ele>
      </trkpt>
      <trkpt lat="43.90767" lon="5.91239">
        <ele>351.6</ele>
      </trkpt>
      <trkpt lat="43.90772" lon="5.91243">
        <ele>351.7</ele>
      </trkpt>
      <trkpt lat="43.90793" lon="5.91257">
        <ele>352.5</ele>
      </trkpt>
      <trkpt lat="43.90805" lon="5.91262">
        <ele>353.0</ele>
      </trkpt>
      <trkpt lat="43.90811" lon="5.91265">
        <ele>353.2</ele>
      </trkpt>
      <trkpt lat="43.90822" lon="5.9127">
        <ele>353.6</ele>
      </trkpt>
      <trkpt lat="43.90836" lon="5.91277">
        <ele>354.0</ele>
      </trkpt>
      <trkpt lat="43.9086" lon="5.912899">
        <ele>353.8</ele>
      </trkpt>
      <trkpt lat="43.90882" lon="5.91302">
        <ele>353.8</ele>
      </trkpt>
      <trkpt lat="43.90902" lon="5.91316">
        <ele>353.8</ele>
      </trkpt>
      <trkpt lat="43.90907" lon="5.91321">
        <ele>353.9</ele>
      </trkpt>
      <trkpt lat="43.90923" lon="5.91336">
        <ele>354.0</ele>
      </trkpt>
      <trkpt lat="43.90943" lon="5.91356">
        <ele>354.2</ele>
      </trkpt>
      <trkpt lat="43.90961" lon="5.91373">
        <ele>354.2</ele>
      </trkpt>
      <trkpt lat="43.9097" lon="5.91381">
        <ele>354.2</ele>
      </trkpt>
      <trkpt lat="43.90979" lon="5.9139">
        <ele>354.2</ele>
      </trkpt>
      <trkpt lat="43.90999" lon="5.91408">
        <ele>354.0</ele>
      </trkpt>
      <trkpt lat="43.91008" lon="5.91415">
        <ele>354.3</ele>
      </trkpt>
      <trkpt lat="43.91013" lon="5.9142">
        <ele>354.5</ele>
      </trkpt>
      <trkpt lat="43.91039" lon="5.91439">
        <ele>355.8</ele>
      </trkpt>
      <trkpt lat="43.91048" lon="5.91445">
        <ele>356.3</ele>
      </trkpt>
      <trkpt lat="43.91066" lon="5.91458">
        <ele>357.3</ele>
      </trkpt>
      <trkpt lat="43.91079" lon="5.91475">
        <ele>358.2</ele>
      </trkpt>
      <trkpt lat="43.91083" lon="5.91482">
        <ele>358.6</ele>
      </trkpt>
      <trkpt lat="43.91084" lon="5.91484">
        <ele>358.6</ele>
      </trkpt>
      <trkpt lat="43.9109" lon="5.91492">
        <ele>358.8</ele>
      </trkpt>
      <trkpt lat="43.911029" lon="5.91511">
        <ele>359.6</ele>
      </trkpt>
      <trkpt lat="43.91111" lon="5.91524">
        <ele>360.2</ele>
      </trkpt>
      <trkpt lat="43.911119" lon="5.91526">
        <ele>360.3</ele>
      </trkpt>
      <trkpt lat="43.91117" lon="5.91531">
        <ele>360.6</ele>
      </trkpt>
      <trkpt lat="43.91117" lon="5.91531">
        <ele>360.6</ele>
      </trkpt>
      <trkpt lat="43.91117" lon="5.91532">
        <ele>360.6</ele>
      </trkpt>
      <trkpt lat="43.91117" lon="5.91533">
        <ele>360.7</ele>
      </trkpt>
      <trkpt lat="43.91117" lon="5.915339">
        <ele>360.7</ele>
      </trkpt>
      <trkpt lat="43.91118" lon="5.91535">
        <ele>360.8</ele>
      </trkpt>
      <trkpt lat="43.91118" lon="5.91536">
        <ele>360.8</ele>
      </trkpt>
      <trkpt lat="43.91118" lon="5.91537">
        <ele>360.9</ele>
      </trkpt>
      <trkpt lat="43.91119" lon="5.91538">
        <ele>360.9</ele>
      </trkpt>
      <trkpt lat="43.91119" lon="5.91539">
        <ele>360.9</ele>
      </trkpt>
      <trkpt lat="43.9112" lon="5.9154">
        <ele>361.0</ele>
      </trkpt>
      <trkpt lat="43.911209" lon="5.915409">
        <ele>361.0</ele>
      </trkpt>
      <trkpt lat="43.911209" lon="5.91542">
        <ele>361.1</ele>
      </trkpt>
      <trkpt lat="43.91122" lon="5.91542">
        <ele>361.1</ele>
      </trkpt>
      <trkpt lat="43.91122" lon="5.91543">
        <ele>361.1</ele>
      </trkpt>
      <trkpt lat="43.91123" lon="5.91543">
        <ele>361.1</ele>
      </trkpt>
      <trkpt lat="43.91124" lon="5.91544">
        <ele>361.1</ele>
      </trkpt>
      <trkpt lat="43.91125" lon="5.91544">
        <ele>361.1</ele>
      </trkpt>
      <trkpt lat="43.91126" lon="5.91544">
        <ele>361.1</ele>
      </trkpt>
      <trkpt lat="43.91126" lon="5.91545">
        <ele>361.1</ele>
      </trkpt>
      <trkpt lat="43.91127" lon="5.91545">
        <ele>361.1</ele>
      </trkpt>
      <trkpt lat="43.91128" lon="5.91545">
        <ele>361.1</ele>
      </trkpt>
      <trkpt lat="43.91129" lon="5.91545">
        <ele>361.1</ele>
      </trkpt>
      <trkpt lat="43.9113" lon="5.91545">
        <ele>361.1</ele>
      </trkpt>
      <trkpt lat="43.91131" lon="5.91544">
        <ele>361.0</ele>
      </trkpt>
      <trkpt lat="43.91132" lon="5.91544">
        <ele>361.0</ele>
      </trkpt>
      <trkpt lat="43.91133" lon="5.91543">
        <ele>361.0</ele>
      </trkpt>
      <trkpt lat="43.91134" lon="5.91543">
        <ele>361.0</ele>
      </trkpt>
      <trkpt lat="43.91134" lon="5.91542">
        <ele>360.9</ele>
      </trkpt>
      <trkpt lat="43.91135" lon="5.91542">
        <ele>360.9</ele>
      </trkpt>
      <trkpt lat="43.91135" lon="5.915409">
        <ele>360.8</ele>
      </trkpt>
      <trkpt lat="43.91152" lon="5.91539">
        <ele>360.6</ele>
      </trkpt>
      <trkpt lat="43.91157" lon="5.91538">
        <ele>360.5</ele>
      </trkpt>
      <trkpt lat="43.91167" lon="5.91535">
        <ele>360.6</ele>
      </trkpt>
      <trkpt lat="43.91174" lon="5.91536">
        <ele>360.7</ele>
      </trkpt>
      <trkpt lat="43.91184" lon="5.91537">
        <ele>360.8</ele>
      </trkpt>
      <trkpt lat="43.91195" lon="5.91538">
        <ele>361.0</ele>
      </trkpt>
      <trkpt lat="43.91202" lon="5.91539">
        <ele>361.1</ele>
      </trkpt>
      <trkpt lat="43.91219" lon="5.91545">
        <ele>361.3</ele>
      </trkpt>
      <trkpt lat="43.91229" lon="5.91549">
        <ele>361.5</ele>
      </trkpt>
      <trkpt lat="43.91233" lon="5.9155">
        <ele>361.5</ele>
      </trkpt>
      <trkpt lat="43.91236" lon="5.9155">
        <ele>361.6</ele>
      </trkpt>
      <trkpt lat="43.9124" lon="5.91551">
        <ele>361.7</ele>
      </trkpt>
      <trkpt lat="43.91249" lon="5.91556">
        <ele>362.0</ele>
      </trkpt>
      <trkpt lat="43.91266" lon="5.91565">
        <ele>362.6</ele>
      </trkpt>
      <trkpt lat="43.91275" lon="5.91571">
        <ele>362.9</ele>
      </trkpt>
      <trkpt lat="43.91278" lon="5.91574">
        <ele>363.1</ele>
      </trkpt>
      <trkpt lat="43.91319" lon="5.91605">
        <ele>363.8</ele>
      </trkpt>
      <trkpt lat="43.91349" lon="5.91627">
        <ele>364.2</ele>
      </trkpt>
      <trkpt lat="43.91361" lon="5.91633">
        <ele>364.3</ele>
      </trkpt>
      <trkpt lat="43.91368" lon="5.91636">
        <ele>364.4</ele>
      </trkpt>
      <trkpt lat="43.91379" lon="5.916419">
        <ele>364.5</ele>
      </trkpt>
      <trkpt lat="43.91389" lon="5.916489">
        <ele>364.7</ele>
      </trkpt>
      <trkpt lat="43.9143" lon="5.91675">
        <ele>365.1</ele>
      </trkpt>
      <trkpt lat="43.91431" lon="5.91675">
        <ele>365.1</ele>
      </trkpt>
      <trkpt lat="43.91466" lon="5.91697">
        <ele>365.6</ele>
      </trkpt>
      <trkpt lat="43.91491" lon="5.91712">
        <ele>366.0</ele>
      </trkpt>
      <trkpt lat="43.91509" lon="5.91723">
        <ele>366.6</ele>
      </trkpt>
      <trkpt lat="43.91511" lon="5.917239">
        <ele>366.6</ele>
      </trkpt>
      <trkpt lat="43.91522" lon="5.9173">
        <ele>367.0</ele>
      </trkpt>
      <trkpt lat="43.91534" lon="5.91738">
        <ele>367.5</ele>
      </trkpt>
      <trkpt lat="43.915439" lon="5.9175">
        <ele>368.1</ele>
      </trkpt>
      <trkpt lat="43.91568" lon="5.9178">
        <ele>369.9</ele>
      </trkpt>
      <trkpt lat="43.91602" lon="5.91819">
        <ele>372.6</ele>
      </trkpt>
      <trkpt lat="43.91619" lon="5.91837">
        <ele>373.5</ele>
      </trkpt>
      <trkpt lat="43.91625" lon="5.91843">
        <ele>373.8</ele>
      </trkpt>
      <trkpt lat="43.91625" lon="5.91844">
        <ele>373.8</ele>
      </trkpt>
      <trkpt lat="43.91636" lon="5.91857">
        <ele>374.4</ele>
      </trkpt>
      <trkpt lat="43.91641" lon="5.91862">
        <ele>374.6</ele>
      </trkpt>
      <trkpt lat="43.916469" lon="5.91869">
        <ele>374.9</ele>
      </trkpt>
      <trkpt lat="43.91652" lon="5.91875">
        <ele>375.2</ele>
      </trkpt>
      <trkpt lat="43.91654" lon="5.91877">
        <ele>375.3</ele>
      </trkpt>
      <trkpt lat="43.9167" lon="5.9189">
        <ele>376.0</ele>
      </trkpt>
      <trkpt lat="43.91671" lon="5.91891">
        <ele>376.0</ele>
      </trkpt>
      <trkpt lat="43.91678" lon="5.91896">
        <ele>376.1</ele>
      </trkpt>
      <trkpt lat="43.91679" lon="5.91896">
        <ele>376.1</ele>
      </trkpt>
      <trkpt lat="43.91688" lon="5.91898">
        <ele>376.1</ele>
      </trkpt>
      <trkpt lat="43.9169" lon="5.91898">
        <ele>376.0</ele>
      </trkpt>
      <trkpt lat="43.917" lon="5.91897">
        <ele>375.9</ele>
      </trkpt>
      <trkpt lat="43.91707" lon="5.91898">
        <ele>375.8</ele>
      </trkpt>
      <trkpt lat="43.91715" lon="5.91898">
        <ele>375.7</ele>
      </trkpt>
      <trkpt lat="43.91721" lon="5.91895">
        <ele>375.6</ele>
      </trkpt>
      <trkpt lat="43.917319" lon="5.91888">
        <ele>375.2</ele>
      </trkpt>
      <trkpt lat="43.91737" lon="5.918859">
        <ele>375.1</ele>
      </trkpt>
      <trkpt lat="43.91746" lon="5.91882">
        <ele>374.8</ele>
      </trkpt>
      <trkpt lat="43.91762" lon="5.91879">
        <ele>374.3</ele>
      </trkpt>
      <trkpt lat="43.91765" lon="5.91879">
        <ele>374.2</ele>
      </trkpt>
      <trkpt lat="43.91778" lon="5.91874">
        <ele>373.6</ele>
      </trkpt>
      <trkpt lat="43.91794" lon="5.91867">
        <ele>372.9</ele>
      </trkpt>
      <trkpt lat="43.91838" lon="5.9185">
        <ele>371.3</ele>
      </trkpt>
      <trkpt lat="43.91854" lon="5.91844">
        <ele>370.7</ele>
      </trkpt>
      <trkpt lat="43.91862" lon="5.91841">
        <ele>370.5</ele>
      </trkpt>
      <trkpt lat="43.91879" lon="5.91836">
        <ele>370.0</ele>
      </trkpt>
      <trkpt lat="43.91893" lon="5.91831">
        <ele>369.4</ele>
      </trkpt>
      <trkpt lat="43.91895" lon="5.91831">
        <ele>369.4</ele>
      </trkpt>
      <trkpt lat="43.918999" lon="5.91828">
        <ele>369.1</ele>
      </trkpt>
      <trkpt lat="43.91906" lon="5.91826">
        <ele>368.8</ele>
      </trkpt>
      <trkpt lat="43.9194" lon="5.91805">
        <ele>366.7</ele>
      </trkpt>
      <trkpt lat="43.91958" lon="5.91794">
        <ele>365.6</ele>
      </trkpt>
      <trkpt lat="43.91978" lon="5.91779">
        <ele>364.3</ele>
      </trkpt>
      <trkpt lat="43.920029" lon="5.9176">
        <ele>362.6</ele>
      </trkpt>
      <trkpt lat="43.92014" lon="5.9175">
        <ele>361.8</ele>
      </trkpt>
      <trkpt lat="43.920229" lon="5.91742">
        <ele>361.5</ele>
      </trkpt>
      <trkpt lat="43.92033" lon="5.91732">
        <ele>361.0</ele>
      </trkpt>
      <trkpt lat="43.92051" lon="5.91714">
        <ele>360.4</ele>
      </trkpt>
      <trkpt lat="43.92058" lon="5.91705">
        <ele>360.1</ele>
      </trkpt>
      <trkpt lat="43.92067" lon="5.91696">
        <ele>359.8</ele>
      </trkpt>
      <trkpt lat="43.92074" lon="5.91687">
        <ele>359.5</ele>
      </trkpt>
      <trkpt lat="43.92087" lon="5.91676">
        <ele>359.1</ele>
      </trkpt>
      <trkpt lat="43.921" lon="5.9166">
        <ele>358.3</ele>
      </trkpt>
      <trkpt lat="43.92112" lon="5.91644">
        <ele>357.4</ele>
      </trkpt>
      <trkpt lat="43.92123" lon="5.91628">
        <ele>356.6</ele>
      </trkpt>
      <trkpt lat="43.92134" lon="5.91611">
        <ele>355.9</ele>
      </trkpt>
      <trkpt lat="43.92145" lon="5.91594">
        <ele>355.3</ele>
      </trkpt>
      <trkpt lat="43.92155" lon="5.91577">
        <ele>354.8</ele>
      </trkpt>
      <trkpt lat="43.92165" lon="5.91559">
        <ele>354.1</ele>
      </trkpt>
      <trkpt lat="43.9217" lon="5.9155">
        <ele>353.8</ele>
      </trkpt>
      <trkpt lat="43.92176" lon="5.91538">
        <ele>353.5</ele>
      </trkpt>
      <trkpt lat="43.92184" lon="5.91522">
        <ele>353.0</ele>
      </trkpt>
      <trkpt lat="43.9219" lon="5.91509">
        <ele>352.6</ele>
      </trkpt>
      <trkpt lat="43.92195" lon="5.91498">
        <ele>352.3</ele>
      </trkpt>
      <trkpt lat="43.92196" lon="5.91496">
        <ele>352.3</ele>
      </trkpt>
      <trkpt lat="43.92205" lon="5.91476">
        <ele>351.8</ele>
      </trkpt>
      <trkpt lat="43.92211" lon="5.91463">
        <ele>351.8</ele>
      </trkpt>
      <trkpt lat="43.92225" lon="5.91427">
        <ele>351.7</ele>
      </trkpt>
      <trkpt lat="43.92241" lon="5.91381">
        <ele>351.1</ele>
      </trkpt>
      <trkpt lat="43.92248" lon="5.913579">
        <ele>350.6</ele>
      </trkpt>
      <trkpt lat="43.92255" lon="5.91332">
        <ele>350.1</ele>
      </trkpt>
      <trkpt lat="43.9226" lon="5.9131">
        <ele>350.4</ele>
      </trkpt>
      <trkpt lat="43.92266" lon="5.91281">
        <ele>350.7</ele>
      </trkpt>
      <trkpt lat="43.92271" lon="5.91254">
        <ele>351.0</ele>
      </trkpt>
      <trkpt lat="43.922759" lon="5.91223">
        <ele>350.9</ele>
      </trkpt>
      <trkpt lat="43.92281" lon="5.91182">
        <ele>350.7</ele>
      </trkpt>
      <trkpt lat="43.922939" lon="5.9116">
        <ele>350.4</ele>
      </trkpt>
      <trkpt lat="43.922939" lon="5.9116">
        <ele>350.4</ele>
      </trkpt>
      <trkpt lat="43.92295" lon="5.9116">
        <ele>350.4</ele>
      </trkpt>
      <trkpt lat="43.92296" lon="5.91159">
        <ele>350.4</ele>
      </trkpt>
      <trkpt lat="43.92297" lon="5.91159">
        <ele>350.3</ele>
      </trkpt>
      <trkpt lat="43.92297" lon="5.91158">
        <ele>350.3</ele>
      </trkpt>
      <trkpt lat="43.92298" lon="5.91158">
        <ele>350.3</ele>
      </trkpt>
      <trkpt lat="43.92299" lon="5.91157">
        <ele>350.3</ele>
      </trkpt>
      <trkpt lat="43.923" lon="5.91156">
        <ele>350.3</ele>
      </trkpt>
      <trkpt lat="43.923" lon="5.91155">
        <ele>350.3</ele>
      </trkpt>
      <trkpt lat="43.92301" lon="5.911539">
        <ele>350.2</ele>
      </trkpt>
      <trkpt lat="43.92301" lon="5.91153">
        <ele>350.2</ele>
      </trkpt>
      <trkpt lat="43.92302" lon="5.91153">
        <ele>350.2</ele>
      </trkpt>
      <trkpt lat="43.92302" lon="5.91152">
        <ele>350.2</ele>
      </trkpt>
      <trkpt lat="43.92302" lon="5.91151">
        <ele>350.2</ele>
      </trkpt>
      <trkpt lat="43.92302" lon="5.9115">
        <ele>350.2</ele>
      </trkpt>
      <trkpt lat="43.92302" lon="5.91149">
        <ele>350.2</ele>
      </trkpt>
      <trkpt lat="43.92303" lon="5.91149">
        <ele>350.2</ele>
      </trkpt>
      <trkpt lat="43.92303" lon="5.91148">
        <ele>350.1</ele>
      </trkpt>
      <trkpt lat="43.92303" lon="5.91146">
        <ele>350.1</ele>
      </trkpt>
      <trkpt lat="43.92303" lon="5.91145">
        <ele>350.1</ele>
      </trkpt>
      <trkpt lat="43.92303" lon="5.91144">
        <ele>350.1</ele>
      </trkpt>
      <trkpt lat="43.92303" lon="5.91143">
        <ele>350.1</ele>
      </trkpt>
      <trkpt lat="43.92303" lon="5.91142">
        <ele>350.1</ele>
      </trkpt>
      <trkpt lat="43.92302" lon="5.91142">
        <ele>350.1</ele>
      </trkpt>
      <trkpt lat="43.92302" lon="5.91141">
        <ele>350.1</ele>
      </trkpt>
      <trkpt lat="43.92302" lon="5.9114">
        <ele>350.1</ele>
      </trkpt>
      <trkpt lat="43.92302" lon="5.91139">
        <ele>350.0</ele>
      </trkpt>
      <trkpt lat="43.92301" lon="5.91138">
        <ele>350.0</ele>
      </trkpt>
      <trkpt lat="43.92301" lon="5.91137">
        <ele>350.0</ele>
      </trkpt>
      <trkpt lat="43.923" lon="5.91136">
        <ele>350.0</ele>
      </trkpt>
      <trkpt lat="43.923" lon="5.91135">
        <ele>350.0</ele>
      </trkpt>
      <trkpt lat="43.92299" lon="5.91135">
        <ele>350.0</ele>
      </trkpt>
      <trkpt lat="43.92299" lon="5.91134">
        <ele>350.0</ele>
      </trkpt>
      <trkpt lat="43.92298" lon="5.91134">
        <ele>350.0</ele>
      </trkpt>
      <trkpt lat="43.92297" lon="5.91104">
        <ele>349.7</ele>
      </trkpt>
      <trkpt lat="43.92296" lon="5.91095">
        <ele>349.6</ele>
      </trkpt>
      <trkpt lat="43.92304" lon="5.9104">
        <ele>349.5</ele>
      </trkpt>
      <trkpt lat="43.92306" lon="5.91026">
        <ele>349.6</ele>
      </trkpt>
      <trkpt lat="43.92306" lon="5.910249">
        <ele>349.6</ele>
      </trkpt>
      <trkpt lat="43.92317" lon="5.90955">
        <ele>349.3</ele>
      </trkpt>
      <trkpt lat="43.92328" lon="5.90885">
        <ele>348.9</ele>
      </trkpt>
      <trkpt lat="43.92339" lon="5.90815">
        <ele>348.4</ele>
      </trkpt>
      <trkpt lat="43.9234" lon="5.90812">
        <ele>348.3</ele>
      </trkpt>
      <trkpt lat="43.92344" lon="5.908">
        <ele>348.0</ele>
      </trkpt>
      <trkpt lat="43.92356" lon="5.90729">
        <ele>346.3</ele>
      </trkpt>
      <trkpt lat="43.92359" lon="5.90714">
        <ele>346.0</ele>
      </trkpt>
      <trkpt lat="43.92367" lon="5.90663">
        <ele>344.9</ele>
      </trkpt>
      <trkpt lat="43.92368" lon="5.90653">
        <ele>344.8</ele>
      </trkpt>
      <trkpt lat="43.923789" lon="5.90579">
        <ele>344.1</ele>
      </trkpt>
      <trkpt lat="43.92382" lon="5.90563">
        <ele>344.4</ele>
      </trkpt>
      <trkpt lat="43.92382" lon="5.90562">
        <ele>344.4</ele>
      </trkpt>
      <trkpt lat="43.92382" lon="5.90548">
        <ele>344.5</ele>
      </trkpt>
      <trkpt lat="43.92384" lon="5.90531">
        <ele>344.7</ele>
      </trkpt>
      <trkpt lat="43.923879" lon="5.90494">
        <ele>345.0</ele>
      </trkpt>
      <trkpt lat="43.924079" lon="5.90372">
        <ele>346.0</ele>
      </trkpt>
      <trkpt lat="43.92416" lon="5.9032">
        <ele>347.0</ele>
      </trkpt>
      <trkpt lat="43.92431" lon="5.90219">
        <ele>346.6</ele>
      </trkpt>
      <trkpt lat="43.92437" lon="5.90181">
        <ele>346.2</ele>
      </trkpt>
      <trkpt lat="43.92452" lon="5.90094">
        <ele>346.7</ele>
      </trkpt>
      <trkpt lat="43.92458" lon="5.90055">
        <ele>346.8</ele>
      </trkpt>
      <trkpt lat="43.92463" lon="5.90017">
        <ele>346.8</ele>
      </trkpt>
      <trkpt lat="43.92466" lon="5.9">
        <ele>346.8</ele>
      </trkpt>
      <trkpt lat="43.92467" lon="5.89989">
        <ele>346.8</ele>
      </trkpt>
      <trkpt lat="43.92471" lon="5.89965">
        <ele>346.8</ele>
      </trkpt>
      <trkpt lat="43.92478" lon="5.89916">
        <ele>346.9</ele>
      </trkpt>
      <trkpt lat="43.924819" lon="5.89892">
        <ele>347.0</ele>
      </trkpt>
      <trkpt lat="43.9249" lon="5.89843">
        <ele>347.1</ele>
      </trkpt>
      <trkpt lat="43.924909" lon="5.89834">
        <ele>347.1</ele>
      </trkpt>
      <trkpt lat="43.92504" lon="5.897509">
        <ele>347.2</ele>
      </trkpt>
      <trkpt lat="43.92508" lon="5.89727">
        <ele>347.3</ele>
      </trkpt>
      <trkpt lat="43.925109" lon="5.89708">
        <ele>347.3</ele>
      </trkpt>
      <trkpt lat="43.925199" lon="5.89654">
        <ele>347.4</ele>
      </trkpt>
      <trkpt lat="43.92522" lon="5.8964">
        <ele>347.5</ele>
      </trkpt>
      <trkpt lat="43.92533" lon="5.89601">
        <ele>347.9</ele>
      </trkpt>
      <trkpt lat="43.92533" lon="5.896">
        <ele>347.9</ele>
      </trkpt>
      <trkpt lat="43.92536" lon="5.8958">
        <ele>348.1</ele>
      </trkpt>
      <trkpt lat="43.92537" lon="5.89578">
        <ele>348.2</ele>
      </trkpt>
      <trkpt lat="43.925379" lon="5.89573">
        <ele>348.2</ele>
      </trkpt>
      <trkpt lat="43.925379" lon="5.895679">
        <ele>348.3</ele>
      </trkpt>
      <trkpt lat="43.92539" lon="5.89564">
        <ele>348.3</ele>
      </trkpt>
      <trkpt lat="43.92542" lon="5.89549">
        <ele>348.5</ele>
      </trkpt>
      <trkpt lat="43.92542" lon="5.89548">
        <ele>348.5</ele>
      </trkpt>
      <trkpt lat="43.92551" lon="5.89489">
        <ele>349.2</ele>
      </trkpt>
      <trkpt lat="43.92553" lon="5.89476">
        <ele>349.0</ele>
      </trkpt>
      <trkpt lat="43.92555" lon="5.89459">
        <ele>348.7</ele>
      </trkpt>
      <trkpt lat="43.925579" lon="5.8943">
        <ele>348.2</ele>
      </trkpt>
      <trkpt lat="43.925579" lon="5.89427">
        <ele>348.2</ele>
      </trkpt>
      <trkpt lat="43.92559" lon="5.89415">
        <ele>348.0</ele>
      </trkpt>
      <trkpt lat="43.9256" lon="5.894">
        <ele>347.9</ele>
      </trkpt>
      <trkpt lat="43.92563" lon="5.89374">
        <ele>347.9</ele>
      </trkpt>
      <trkpt lat="43.92571" lon="5.89321">
        <ele>348.3</ele>
      </trkpt>
      <trkpt lat="43.92574" lon="5.89302">
        <ele>349.0</ele>
      </trkpt>
      <trkpt lat="43.925759" lon="5.89291">
        <ele>349.4</ele>
      </trkpt>
      <trkpt lat="43.92577" lon="5.89288">
        <ele>349.5</ele>
      </trkpt>
      <trkpt lat="43.92577" lon="5.89286">
        <ele>349.6</ele>
      </trkpt>
      <trkpt lat="43.92577" lon="5.89282">
        <ele>349.7</ele>
      </trkpt>
      <trkpt lat="43.92577" lon="5.8928">
        <ele>349.8</ele>
      </trkpt>
      <trkpt lat="43.92578" lon="5.89268">
        <ele>350.2</ele>
      </trkpt>
      <trkpt lat="43.92579" lon="5.89261">
        <ele>350.5</ele>
      </trkpt>
      <trkpt lat="43.92578" lon="5.89259">
        <ele>350.6</ele>
      </trkpt>
      <trkpt lat="43.92578" lon="5.89254">
        <ele>350.7</ele>
      </trkpt>
      <trkpt lat="43.92575" lon="5.89245">
        <ele>351.0</ele>
      </trkpt>
      <trkpt lat="43.92564" lon="5.89221">
        <ele>351.7</ele>
      </trkpt>
      <trkpt lat="43.92555" lon="5.89201">
        <ele>352.1</ele>
      </trkpt>
      <trkpt lat="43.9255" lon="5.89189">
        <ele>352.3</ele>
      </trkpt>
      <trkpt lat="43.92541" lon="5.89168">
        <ele>352.4</ele>
      </trkpt>
      <trkpt lat="43.92541" lon="5.89168">
        <ele>352.4</ele>
      </trkpt>
      <trkpt lat="43.9254" lon="5.89163">
        <ele>352.9</ele>
      </trkpt>
      <trkpt lat="43.92539" lon="5.891479">
        <ele>354.9</ele>
      </trkpt>
      <trkpt lat="43.92539" lon="5.89139">
        <ele>356.1</ele>
      </trkpt>
      <trkpt lat="43.9254" lon="5.8913">
        <ele>357.4</ele>
      </trkpt>
      <trkpt lat="43.92542" lon="5.8912">
        <ele>359.0</ele>
      </trkpt>
      <trkpt lat="43.92543" lon="5.89117">
        <ele>359.5</ele>
      </trkpt>
      <trkpt lat="43.92545" lon="5.89114">
        <ele>360.1</ele>
      </trkpt>
      <trkpt lat="43.92547" lon="5.89111">
        <ele>360.8</ele>
      </trkpt>
      <trkpt lat="43.92549" lon="5.8911">
        <ele>361.2</ele>
      </trkpt>
      <trkpt lat="43.92551" lon="5.89109">
        <ele>361.6</ele>
      </trkpt>
      <trkpt lat="43.92553" lon="5.89109">
        <ele>361.8</ele>
      </trkpt>
      <trkpt lat="43.92555" lon="5.89109">
        <ele>362.0</ele>
      </trkpt>
      <trkpt lat="43.92557" lon="5.8911">
        <ele>362.1</ele>
      </trkpt>
      <trkpt lat="43.925669" lon="5.89117">
        <ele>362.1</ele>
      </trkpt>
      <trkpt lat="43.92581" lon="5.89125">
        <ele>362.3</ele>
      </trkpt>
      <trkpt lat="43.92586" lon="5.89128">
        <ele>362.3</ele>
      </trkpt>
      <trkpt lat="43.92592" lon="5.89129">
        <ele>363.0</ele>
      </trkpt>
      <trkpt lat="43.92598" lon="5.8913">
        <ele>363.7</ele>
      </trkpt>
      <trkpt lat="43.92604" lon="5.89131">
        <ele>364.5</ele>
      </trkpt>
      <trkpt lat="43.92609" lon="5.89131">
        <ele>365.2</ele>
      </trkpt>
      <trkpt lat="43.92615" lon="5.8913">
        <ele>366.2</ele>
      </trkpt>
      <trkpt lat="43.92637" lon="5.89124">
        <ele>370.0</ele>
      </trkpt>
      <trkpt lat="43.92641" lon="5.89123">
        <ele>370.6</ele>
      </trkpt>
      <trkpt lat="43.92646" lon="5.89122">
        <ele>371.4</ele>
      </trkpt>
      <trkpt lat="43.92669" lon="5.89117">
        <ele>374.6</ele>
      </trkpt>
      <trkpt lat="43.92676" lon="5.89116">
        <ele>375.2</ele>
      </trkpt>
      <trkpt lat="43.92682" lon="5.89114">
        <ele>375.8</ele>
      </trkpt>
      <trkpt lat="43.92693" lon="5.89108">
        <ele>376.8</ele>
      </trkpt>
      <trkpt lat="43.92694" lon="5.89101">
        <ele>377.0</ele>
      </trkpt>
      <trkpt lat="43.92694" lon="5.89098">
        <ele>377.1</ele>
      </trkpt>
      <trkpt lat="43.92694" lon="5.89096">
        <ele>377.1</ele>
      </trkpt>
      <trkpt lat="43.92693" lon="5.89093">
        <ele>377.1</ele>
      </trkpt>
      <trkpt lat="43.92692" lon="5.89091">
        <ele>377.1</ele>
      </trkpt>
      <trkpt lat="43.92691" lon="5.8909">
        <ele>377.0</ele>
      </trkpt>
      <trkpt lat="43.9269" lon="5.89089">
        <ele>377.0</ele>
      </trkpt>
      <trkpt lat="43.92688" lon="5.89088">
        <ele>376.9</ele>
      </trkpt>
      <trkpt lat="43.92686" lon="5.890869">
        <ele>376.8</ele>
      </trkpt>
      <trkpt lat="43.92683" lon="5.890869">
        <ele>376.7</ele>
      </trkpt>
      <trkpt lat="43.926699" lon="5.89086">
        <ele>376.0</ele>
      </trkpt>
      <trkpt lat="43.92665" lon="5.89085">
        <ele>375.8</ele>
      </trkpt>
      <trkpt lat="43.92664" lon="5.89085">
        <ele>375.7</ele>
      </trkpt>
      <trkpt lat="43.92663" lon="5.89084">
        <ele>375.7</ele>
      </trkpt>
      <trkpt lat="43.92662" lon="5.89083">
        <ele>375.7</ele>
      </trkpt>
      <trkpt lat="43.926609" lon="5.89083">
        <ele>375.6</ele>
      </trkpt>
      <trkpt lat="43.9266" lon="5.89081">
        <ele>375.8</ele>
      </trkpt>
      <trkpt lat="43.9266" lon="5.890799">
        <ele>375.9</ele>
      </trkpt>
      <trkpt lat="43.92659" lon="5.89078">
        <ele>376.0</ele>
      </trkpt>
      <trkpt lat="43.92659" lon="5.89077">
        <ele>376.1</ele>
      </trkpt>
      <trkpt lat="43.92659" lon="5.89072">
        <ele>376.6</ele>
      </trkpt>
      <trkpt lat="43.92659" lon="5.89072">
        <ele>376.6</ele>
      </trkpt>
      <trkpt lat="43.92678" lon="5.89071">
        <ele>377.6</ele>
      </trkpt>
      <trkpt lat="43.927079" lon="5.89071">
        <ele>378.8</ele>
      </trkpt>
      <trkpt lat="43.92747" lon="5.8907">
        <ele>380.4</ele>
      </trkpt>
      <trkpt lat="43.92795" lon="5.89069">
        <ele>382.6</ele>
      </trkpt>
      <trkpt lat="43.92824" lon="5.89067">
        <ele>384.0</ele>
      </trkpt>
      <trkpt lat="43.92824" lon="5.89067">
        <ele>384.0</ele>
      </trkpt>
      <trkpt lat="43.92826" lon="5.89039">
        <ele>384.8</ele>
      </trkpt>
      <trkpt lat="43.92825" lon="5.89017">
        <ele>385.3</ele>
      </trkpt>
      <trkpt lat="43.92825" lon="5.88983">
        <ele>386.8</ele>
      </trkpt>
      <trkpt lat="43.92825" lon="5.88977">
        <ele>387.1</ele>
      </trkpt>
      <trkpt lat="43.92826" lon="5.88942">
        <ele>389.3</ele>
      </trkpt>
      <trkpt lat="43.92826" lon="5.88917">
        <ele>390.9</ele>
      </trkpt>
      <trkpt lat="43.92827" lon="5.889">
        <ele>391.1</ele>
      </trkpt>
      <trkpt lat="43.92827" lon="5.88893">
        <ele>391.2</ele>
      </trkpt>
      <trkpt lat="43.92828" lon="5.888829">
        <ele>391.4</ele>
      </trkpt>
      <trkpt lat="43.9283" lon="5.88865">
        <ele>391.6</ele>
      </trkpt>
      <trkpt lat="43.92832" lon="5.88848">
        <ele>391.8</ele>
      </trkpt>
      <trkpt lat="43.92836" lon="5.88827">
        <ele>391.8</ele>
      </trkpt>
      <trkpt lat="43.92843" lon="5.88793">
        <ele>390.9</ele>
      </trkpt>
      <trkpt lat="43.92846" lon="5.88783">
        <ele>390.7</ele>
      </trkpt>
      <trkpt lat="43.92866" lon="5.88709">
        <ele>390.5</ele>
      </trkpt>
      <trkpt lat="43.928759" lon="5.88666">
        <ele>391.0</ele>
      </trkpt>
      <trkpt lat="43.92885" lon="5.88625">
        <ele>391.3</ele>
      </trkpt>
      <trkpt lat="43.92891" lon="5.88598">
        <ele>391.6</ele>
      </trkpt>
      <trkpt lat="43.92894" lon="5.885849">
        <ele>391.7</ele>
      </trkpt>
      <trkpt lat="43.92899" lon="5.88556">
        <ele>392.1</ele>
      </trkpt>
      <trkpt lat="43.92912" lon="5.88486">
        <ele>392.9</ele>
      </trkpt>
      <trkpt lat="43.929139" lon="5.884769">
        <ele>393.0</ele>
      </trkpt>
      <trkpt lat="43.92924" lon="5.88429">
        <ele>392.9</ele>
      </trkpt>
      <trkpt lat="43.92928" lon="5.88414">
        <ele>392.9</ele>
      </trkpt>
      <trkpt lat="43.92957" lon="5.88296">
        <ele>393.3</ele>
      </trkpt>
      <trkpt lat="43.92962" lon="5.88272">
        <ele>393.2</ele>
      </trkpt>
      <trkpt lat="43.92978" lon="5.88209">
        <ele>393.0</ele>
      </trkpt>
      <trkpt lat="43.93013" lon="5.88066">
        <ele>394.5</ele>
      </trkpt>
      <trkpt lat="43.93014" lon="5.8806">
        <ele>394.5</ele>
      </trkpt>
      <trkpt lat="43.9303" lon="5.87992">
        <ele>395.3</ele>
      </trkpt>
      <trkpt lat="43.93031" lon="5.87988">
        <ele>395.5</ele>
      </trkpt>
      <trkpt lat="43.93035" lon="5.87969">
        <ele>396.2</ele>
      </trkpt>
      <trkpt lat="43.93038" lon="5.87946">
        <ele>397.0</ele>
      </trkpt>
      <trkpt lat="43.93041" lon="5.87922">
        <ele>397.8</ele>
      </trkpt>
      <trkpt lat="43.93043" lon="5.87895">
        <ele>398.2</ele>
      </trkpt>
      <trkpt lat="43.93043" lon="5.87872">
        <ele>398.3</ele>
      </trkpt>
      <trkpt lat="43.93044" lon="5.87865">
        <ele>398.4</ele>
      </trkpt>
      <trkpt lat="43.93044" lon="5.87849">
        <ele>398.5</ele>
      </trkpt>
      <trkpt lat="43.93043" lon="5.87831">
        <ele>398.7</ele>
      </trkpt>
      <trkpt lat="43.93042" lon="5.87814">
        <ele>399.4</ele>
      </trkpt>
      <trkpt lat="43.93039" lon="5.877779">
        <ele>401.1</ele>
      </trkpt>
      <trkpt lat="43.93038" lon="5.87766">
        <ele>401.6</ele>
      </trkpt>
      <trkpt lat="43.93035" lon="5.87749">
        <ele>402.3</ele>
      </trkpt>
      <trkpt lat="43.93035" lon="5.87741">
        <ele>402.6</ele>
      </trkpt>
      <trkpt lat="43.93034" lon="5.87734">
        <ele>402.8</ele>
      </trkpt>
      <trkpt lat="43.93033" lon="5.877169">
        <ele>403.3</ele>
      </trkpt>
      <trkpt lat="43.93032" lon="5.87705">
        <ele>403.6</ele>
      </trkpt>
      <trkpt lat="43.93031" lon="5.87693">
        <ele>404.0</ele>
      </trkpt>
      <trkpt lat="43.93031" lon="5.87682">
        <ele>404.4</ele>
      </trkpt>
      <trkpt lat="43.93031" lon="5.876699">
        <ele>404.8</ele>
      </trkpt>
      <trkpt lat="43.93031" lon="5.876629">
        <ele>405.0</ele>
      </trkpt>
      <trkpt lat="43.93032" lon="5.87646">
        <ele>405.5</ele>
      </trkpt>
      <trkpt lat="43.93034" lon="5.87635">
        <ele>405.9</ele>
      </trkpt>
      <trkpt lat="43.93035" lon="5.876229">
        <ele>406.3</ele>
      </trkpt>
      <trkpt lat="43.93037" lon="5.87613">
        <ele>406.7</ele>
      </trkpt>
      <trkpt lat="43.93039" lon="5.876">
        <ele>407.3</ele>
      </trkpt>
      <trkpt lat="43.93041" lon="5.87589">
        <ele>407.8</ele>
      </trkpt>
      <trkpt lat="43.93043" lon="5.87579">
        <ele>407.9</ele>
      </trkpt>
      <trkpt lat="43.930459" lon="5.87569">
        <ele>407.6</ele>
      </trkpt>
      <trkpt lat="43.9305" lon="5.87558">
        <ele>407.4</ele>
      </trkpt>
      <trkpt lat="43.93053" lon="5.875479">
        <ele>407.2</ele>
      </trkpt>
      <trkpt lat="43.93056" lon="5.87538">
        <ele>407.0</ele>
      </trkpt>
      <trkpt lat="43.9306" lon="5.87528">
        <ele>407.0</ele>
      </trkpt>
      <trkpt lat="43.93063" lon="5.87521">
        <ele>407.1</ele>
      </trkpt>
      <trkpt lat="43.930639" lon="5.87518">
        <ele>407.1</ele>
      </trkpt>
      <trkpt lat="43.93068" lon="5.87507">
        <ele>407.1</ele>
      </trkpt>
      <trkpt lat="43.93072" lon="5.87498">
        <ele>407.2</ele>
      </trkpt>
      <trkpt lat="43.93077" lon="5.87488">
        <ele>406.7</ele>
      </trkpt>
      <trkpt lat="43.93081" lon="5.87478">
        <ele>406.1</ele>
      </trkpt>
      <trkpt lat="43.93086" lon="5.87467">
        <ele>405.4</ele>
      </trkpt>
      <trkpt lat="43.9309" lon="5.87457">
        <ele>404.8</ele>
      </trkpt>
      <trkpt lat="43.93094" lon="5.87446">
        <ele>404.1</ele>
      </trkpt>
      <trkpt lat="43.93099" lon="5.87436">
        <ele>403.8</ele>
      </trkpt>
      <trkpt lat="43.93103" lon="5.87425">
        <ele>403.2</ele>
      </trkpt>
      <trkpt lat="43.93108" lon="5.87415">
        <ele>403.0</ele>
      </trkpt>
      <trkpt lat="43.93112" lon="5.87405">
        <ele>402.5</ele>
      </trkpt>
      <trkpt lat="43.93128" lon="5.873719">
        <ele>401.1</ele>
      </trkpt>
      <trkpt lat="43.93139" lon="5.873509">
        <ele>399.9</ele>
      </trkpt>
      <trkpt lat="43.93148" lon="5.87336">
        <ele>399.1</ele>
      </trkpt>
      <trkpt lat="43.93159" lon="5.87321">
        <ele>398.4</ele>
      </trkpt>
      <trkpt lat="43.93169" lon="5.8731">
        <ele>398.1</ele>
      </trkpt>
      <trkpt lat="43.93183" lon="5.872969">
        <ele>398.6</ele>
      </trkpt>
      <trkpt lat="43.93184" lon="5.87296">
        <ele>398.6</ele>
      </trkpt>
      <trkpt lat="43.932" lon="5.87283">
        <ele>398.9</ele>
      </trkpt>
      <trkpt lat="43.93201" lon="5.87282">
        <ele>398.9</ele>
      </trkpt>
      <trkpt lat="43.93229" lon="5.87263">
        <ele>398.8</ele>
      </trkpt>
      <trkpt lat="43.93248" lon="5.872499">
        <ele>397.8</ele>
      </trkpt>
      <trkpt lat="43.93264" lon="5.87239">
        <ele>398.0</ele>
      </trkpt>
      <trkpt lat="43.932699" lon="5.87235">
        <ele>398.1</ele>
      </trkpt>
      <trkpt lat="43.9328" lon="5.87227">
        <ele>398.0</ele>
      </trkpt>
      <trkpt lat="43.93283" lon="5.87224">
        <ele>397.8</ele>
      </trkpt>
      <trkpt lat="43.93294" lon="5.87215">
        <ele>397.5</ele>
      </trkpt>
      <trkpt lat="43.93303" lon="5.87208">
        <ele>397.2</ele>
      </trkpt>
      <trkpt lat="43.933169" lon="5.87194">
        <ele>395.9</ele>
      </trkpt>
      <trkpt lat="43.93325" lon="5.87185">
        <ele>395.0</ele>
      </trkpt>
      <trkpt lat="43.93339" lon="5.8717">
        <ele>393.8</ele>
      </trkpt>
      <trkpt lat="43.93352" lon="5.87153">
        <ele>393.5</ele>
      </trkpt>
      <trkpt lat="43.93357" lon="5.87148">
        <ele>393.7</ele>
      </trkpt>
      <trkpt lat="43.93365" lon="5.87136">
        <ele>393.1</ele>
      </trkpt>
      <trkpt lat="43.93372" lon="5.87127">
        <ele>392.8</ele>
      </trkpt>
      <trkpt lat="43.93386" lon="5.87105">
        <ele>391.3</ele>
      </trkpt>
      <trkpt lat="43.93404" lon="5.870739">
        <ele>388.8</ele>
      </trkpt>
      <trkpt lat="43.93422" lon="5.8704">
        <ele>386.8</ele>
      </trkpt>
      <trkpt lat="43.93423" lon="5.87039">
        <ele>386.9</ele>
      </trkpt>
      <trkpt lat="43.93433" lon="5.8702">
        <ele>386.4</ele>
      </trkpt>
      <trkpt lat="43.9345" lon="5.86988">
        <ele>386.2</ele>
      </trkpt>
      <trkpt lat="43.93481" lon="5.86941">
        <ele>385.5</ele>
      </trkpt>
      <trkpt lat="43.93483" lon="5.86939">
        <ele>385.5</ele>
      </trkpt>
      <trkpt lat="43.93488" lon="5.869309">
        <ele>384.9</ele>
      </trkpt>
      <trkpt lat="43.93495" lon="5.86923">
        <ele>384.5</ele>
      </trkpt>
      <trkpt lat="43.93501" lon="5.86915">
        <ele>383.9</ele>
      </trkpt>
      <trkpt lat="43.93507" lon="5.86908">
        <ele>383.9</ele>
      </trkpt>
      <trkpt lat="43.93511" lon="5.86902">
        <ele>383.7</ele>
      </trkpt>
      <trkpt lat="43.93513" lon="5.86899">
        <ele>383.7</ele>
      </trkpt>
      <trkpt lat="43.93519" lon="5.868909">
        <ele>383.6</ele>
      </trkpt>
      <trkpt lat="43.93524" lon="5.868839">
        <ele>383.5</ele>
      </trkpt>
      <trkpt lat="43.93525" lon="5.86883">
        <ele>383.5</ele>
      </trkpt>
      <trkpt lat="43.93531" lon="5.86874">
        <ele>383.4</ele>
      </trkpt>
      <trkpt lat="43.93536" lon="5.86866">
        <ele>383.2</ele>
      </trkpt>
      <trkpt lat="43.93541" lon="5.86856">
        <ele>382.9</ele>
      </trkpt>
      <trkpt lat="43.93546" lon="5.86846">
        <ele>382.5</ele>
      </trkpt>
      <trkpt lat="43.93549" lon="5.86836">
        <ele>381.9</ele>
      </trkpt>
      <trkpt lat="43.935519" lon="5.86825">
        <ele>381.6</ele>
      </trkpt>
      <trkpt lat="43.93553" lon="5.86822">
        <ele>381.5</ele>
      </trkpt>
      <trkpt lat="43.93555" lon="5.86814">
        <ele>381.2</ele>
      </trkpt>
      <trkpt lat="43.93557" lon="5.86803">
        <ele>380.7</ele>
      </trkpt>
      <trkpt lat="43.93558" lon="5.86791">
        <ele>379.9</ele>
      </trkpt>
      <trkpt lat="43.93559" lon="5.8678">
        <ele>379.1</ele>
      </trkpt>
      <trkpt lat="43.93559" lon="5.86773">
        <ele>378.6</ele>
      </trkpt>
      <trkpt lat="43.93559" lon="5.86768">
        <ele>378.2</ele>
      </trkpt>
      <trkpt lat="43.93559" lon="5.86756">
        <ele>377.3</ele>
      </trkpt>
      <trkpt lat="43.93557" lon="5.86745">
        <ele>376.7</ele>
      </trkpt>
      <trkpt lat="43.93555" lon="5.86733">
        <ele>376.4</ele>
      </trkpt>
      <trkpt lat="43.935519" lon="5.86722">
        <ele>376.2</ele>
      </trkpt>
      <trkpt lat="43.93549" lon="5.86711">
        <ele>376.0</ele>
      </trkpt>
      <trkpt lat="43.93545" lon="5.867">
        <ele>375.8</ele>
      </trkpt>
      <trkpt lat="43.93541" lon="5.8669">
        <ele>375.6</ele>
      </trkpt>
      <trkpt lat="43.93536" lon="5.866799">
        <ele>375.5</ele>
      </trkpt>
      <trkpt lat="43.9353" lon="5.86672">
        <ele>375.4</ele>
      </trkpt>
      <trkpt lat="43.93525" lon="5.86664">
        <ele>375.3</ele>
      </trkpt>
      <trkpt lat="43.93519" lon="5.86656">
        <ele>375.3</ele>
      </trkpt>
      <trkpt lat="43.93512" lon="5.86649">
        <ele>375.3</ele>
      </trkpt>
      <trkpt lat="43.93506" lon="5.86643">
        <ele>375.5</ele>
      </trkpt>
      <trkpt lat="43.93499" lon="5.86637">
        <ele>375.8</ele>
      </trkpt>
      <trkpt lat="43.93494" lon="5.86632">
        <ele>376.0</ele>
      </trkpt>
      <trkpt lat="43.93492" lon="5.8663">
        <ele>376.0</ele>
      </trkpt>
      <trkpt lat="43.93485" lon="5.86624">
        <ele>376.3</ele>
      </trkpt>
      <trkpt lat="43.93478" lon="5.86618">
        <ele>376.6</ele>
      </trkpt>
      <trkpt lat="43.93477" lon="5.86616">
        <ele>376.6</ele>
      </trkpt>
      <trkpt lat="43.93471" lon="5.86611">
        <ele>376.9</ele>
      </trkpt>
      <trkpt lat="43.93464" lon="5.86605">
        <ele>377.1</ele>
      </trkpt>
      <trkpt lat="43.934579" lon="5.86599">
        <ele>377.4</ele>
      </trkpt>
      <trkpt lat="43.93451" lon="5.86593">
        <ele>377.6</ele>
      </trkpt>
      <trkpt lat="43.93444" lon="5.86586">
        <ele>377.9</ele>
      </trkpt>
      <trkpt lat="43.93437" lon="5.8658">
        <ele>378.2</ele>
      </trkpt>
      <trkpt lat="43.9343" lon="5.86573">
        <ele>378.5</ele>
      </trkpt>
      <trkpt lat="43.93422" lon="5.86566">
        <ele>379.3</ele>
      </trkpt>
      <trkpt lat="43.93415" lon="5.86559">
        <ele>380.1</ele>
      </trkpt>
      <trkpt lat="43.93408" lon="5.86552">
        <ele>381.1</ele>
      </trkpt>
      <trkpt lat="43.934" lon="5.86544">
        <ele>382.0</ele>
      </trkpt>
      <trkpt lat="43.9339" lon="5.86531">
        <ele>382.9</ele>
      </trkpt>
      <trkpt lat="43.933839" lon="5.86521">
        <ele>383.4</ele>
      </trkpt>
      <trkpt lat="43.93379" lon="5.86512">
        <ele>383.7</ele>
      </trkpt>
      <trkpt lat="43.9337" lon="5.86496">
        <ele>384.2</ele>
      </trkpt>
      <trkpt lat="43.93362" lon="5.86471">
        <ele>385.8</ele>
      </trkpt>
      <trkpt lat="43.933549" lon="5.86445">
        <ele>387.0</ele>
      </trkpt>
      <trkpt lat="43.93351" lon="5.864289">
        <ele>387.6</ele>
      </trkpt>
      <trkpt lat="43.933459" lon="5.86408">
        <ele>388.5</ele>
      </trkpt>
      <trkpt lat="43.9334" lon="5.86381">
        <ele>390.3</ele>
      </trkpt>
      <trkpt lat="43.93334" lon="5.86361">
        <ele>391.4</ele>
      </trkpt>
      <trkpt lat="43.93326" lon="5.86339">
        <ele>392.7</ele>
      </trkpt>
      <trkpt lat="43.93318" lon="5.86322">
        <ele>394.2</ele>
      </trkpt>
      <trkpt lat="43.93311" lon="5.86308">
        <ele>395.6</ele>
      </trkpt>
      <trkpt lat="43.93307" lon="5.863">
        <ele>396.3</ele>
      </trkpt>
      <trkpt lat="43.93292" lon="5.862669">
        <ele>398.7</ele>
      </trkpt>
      <trkpt lat="43.93287" lon="5.86257">
        <ele>399.2</ele>
      </trkpt>
      <trkpt lat="43.9328" lon="5.86242">
        <ele>399.1</ele>
      </trkpt>
      <trkpt lat="43.93273" lon="5.86222">
        <ele>398.9</ele>
      </trkpt>
      <trkpt lat="43.93268" lon="5.86207">
        <ele>398.9</ele>
      </trkpt>
      <trkpt lat="43.93266" lon="5.86202">
        <ele>398.9</ele>
      </trkpt>
      <trkpt lat="43.93263" lon="5.86186">
        <ele>399.4</ele>
      </trkpt>
      <trkpt lat="43.93258" lon="5.86162">
        <ele>399.8</ele>
      </trkpt>
      <trkpt lat="43.93253" lon="5.86134">
        <ele>398.5</ele>
      </trkpt>
      <trkpt lat="43.93249" lon="5.86088">
        <ele>397.0</ele>
      </trkpt>
      <trkpt lat="43.9325" lon="5.8608">
        <ele>397.2</ele>
      </trkpt>
      <trkpt lat="43.9325" lon="5.86054">
        <ele>398.4</ele>
      </trkpt>
      <trkpt lat="43.9325" lon="5.86042">
        <ele>399.0</ele>
      </trkpt>
      <trkpt lat="43.93251" lon="5.860299">
        <ele>399.6</ele>
      </trkpt>
      <trkpt lat="43.93253" lon="5.86015">
        <ele>400.4</ele>
      </trkpt>
      <trkpt lat="43.93256" lon="5.86001">
        <ele>401.1</ele>
      </trkpt>
      <trkpt lat="43.93259" lon="5.85986">
        <ele>402.4</ele>
      </trkpt>
      <trkpt lat="43.93263" lon="5.85972">
        <ele>403.6</ele>
      </trkpt>
      <trkpt lat="43.93284" lon="5.85893">
        <ele>407.8</ele>
      </trkpt>
      <trkpt lat="43.93302" lon="5.85825">
        <ele>410.1</ele>
      </trkpt>
      <trkpt lat="43.93316" lon="5.85769">
        <ele>411.2</ele>
      </trkpt>
      <trkpt lat="43.93318" lon="5.857649">
        <ele>411.2</ele>
      </trkpt>
      <trkpt lat="43.93324" lon="5.85743">
        <ele>411.6</ele>
      </trkpt>
      <trkpt lat="43.93333" lon="5.85719">
        <ele>411.8</ele>
      </trkpt>
      <trkpt lat="43.93342" lon="5.85698">
        <ele>412.7</ele>
      </trkpt>
      <trkpt lat="43.93343" lon="5.85695">
        <ele>412.8</ele>
      </trkpt>
      <trkpt lat="43.9337" lon="5.85635">
        <ele>413.6</ele>
      </trkpt>
      <trkpt lat="43.93379" lon="5.85614">
        <ele>413.3</ele>
      </trkpt>
      <trkpt lat="43.93383" lon="5.85607">
        <ele>413.2</ele>
      </trkpt>
      <trkpt lat="43.93391" lon="5.85588">
        <ele>412.8</ele>
      </trkpt>
      <trkpt lat="43.93409" lon="5.8555">
        <ele>412.5</ele>
      </trkpt>
      <trkpt lat="43.93429" lon="5.85509">
        <ele>413.5</ele>
      </trkpt>
      <trkpt lat="43.9343" lon="5.85506">
        <ele>413.6</ele>
      </trkpt>
      <trkpt lat="43.93448" lon="5.854669">
        <ele>414.6</ele>
      </trkpt>
      <trkpt lat="43.93472" lon="5.85415">
        <ele>416.0</ele>
      </trkpt>
      <trkpt lat="43.93492" lon="5.85371">
        <ele>417.6</ele>
      </trkpt>
      <trkpt lat="43.93502" lon="5.85347">
        <ele>418.5</ele>
      </trkpt>
      <trkpt lat="43.93511" lon="5.85327">
        <ele>419.7</ele>
      </trkpt>
      <trkpt lat="43.93523" lon="5.85297">
        <ele>420.6</ele>
      </trkpt>
      <trkpt lat="43.9353" lon="5.85281">
        <ele>421.3</ele>
      </trkpt>
      <trkpt lat="43.93537" lon="5.85265">
        <ele>422.1</ele>
      </trkpt>
      <trkpt lat="43.93548" lon="5.85242">
        <ele>423.3</ele>
      </trkpt>
      <trkpt lat="43.93553" lon="5.85232">
        <ele>423.7</ele>
      </trkpt>
      <trkpt lat="43.93559" lon="5.8522">
        <ele>424.0</ele>
      </trkpt>
      <trkpt lat="43.9358" lon="5.8518">
        <ele>424.6</ele>
      </trkpt>
      <trkpt lat="43.93605" lon="5.85133">
        <ele>425.4</ele>
      </trkpt>
      <trkpt lat="43.93611" lon="5.85121">
        <ele>425.2</ele>
      </trkpt>
      <trkpt lat="43.9362" lon="5.85103">
        <ele>424.7</ele>
      </trkpt>
      <trkpt lat="43.93627" lon="5.85089">
        <ele>424.0</ele>
      </trkpt>
      <trkpt lat="43.93629" lon="5.85082">
        <ele>423.6</ele>
      </trkpt>
      <trkpt lat="43.93633" lon="5.85073">
        <ele>424.0</ele>
      </trkpt>
      <trkpt lat="43.936369" lon="5.85062">
        <ele>424.3</ele>
      </trkpt>
      <trkpt lat="43.93641" lon="5.85049">
        <ele>424.6</ele>
      </trkpt>
      <trkpt lat="43.93644" lon="5.850399">
        <ele>424.8</ele>
      </trkpt>
      <trkpt lat="43.93647" lon="5.85029">
        <ele>425.0</ele>
      </trkpt>
      <trkpt lat="43.93649" lon="5.85017">
        <ele>425.0</ele>
      </trkpt>
      <trkpt lat="43.93653" lon="5.85001">
        <ele>425.2</ele>
      </trkpt>
      <trkpt lat="43.93654" lon="5.84989">
        <ele>425.4</ele>
      </trkpt>
      <trkpt lat="43.93656" lon="5.8498">
        <ele>425.8</ele>
      </trkpt>
      <trkpt lat="43.93659" lon="5.84952">
        <ele>426.5</ele>
      </trkpt>
      <trkpt lat="43.93662" lon="5.84914">
        <ele>427.3</ele>
      </trkpt>
      <trkpt lat="43.93664" lon="5.84889">
        <ele>427.9</ele>
      </trkpt>
      <trkpt lat="43.93665" lon="5.8487">
        <ele>428.2</ele>
      </trkpt>
      <trkpt lat="43.93667" lon="5.84844">
        <ele>428.9</ele>
      </trkpt>
      <trkpt lat="43.93669" lon="5.84827">
        <ele>429.4</ele>
      </trkpt>
      <trkpt lat="43.93671" lon="5.84815">
        <ele>429.6</ele>
      </trkpt>
      <trkpt lat="43.93672" lon="5.84807">
        <ele>429.7</ele>
      </trkpt>
      <trkpt lat="43.93673" lon="5.84798">
        <ele>429.8</ele>
      </trkpt>
      <trkpt lat="43.93675" lon="5.84785">
        <ele>430.1</ele>
      </trkpt>
      <trkpt lat="43.93677" lon="5.84771">
        <ele>430.4</ele>
      </trkpt>
      <trkpt lat="43.936839" lon="5.847419">
        <ele>431.7</ele>
      </trkpt>
      <trkpt lat="43.93688" lon="5.84722">
        <ele>431.6</ele>
      </trkpt>
      <trkpt lat="43.93689" lon="5.84718">
        <ele>431.7</ele>
      </trkpt>
      <trkpt lat="43.93705" lon="5.84651">
        <ele>431.8</ele>
      </trkpt>
      <trkpt lat="43.93717" lon="5.846">
        <ele>430.1</ele>
      </trkpt>
      <trkpt lat="43.93723" lon="5.84576">
        <ele>429.1</ele>
      </trkpt>
      <trkpt lat="43.93726" lon="5.84564">
        <ele>428.8</ele>
      </trkpt>
      <trkpt lat="43.937309" lon="5.845379">
        <ele>428.0</ele>
      </trkpt>
      <trkpt lat="43.93733" lon="5.84525">
        <ele>427.5</ele>
      </trkpt>
      <trkpt lat="43.93735" lon="5.84516">
        <ele>427.2</ele>
      </trkpt>
      <trkpt lat="43.93736" lon="5.84504">
        <ele>426.6</ele>
      </trkpt>
      <trkpt lat="43.93738" lon="5.84487">
        <ele>426.6</ele>
      </trkpt>
      <trkpt lat="43.937399" lon="5.84467">
        <ele>426.8</ele>
      </trkpt>
      <trkpt lat="43.93741" lon="5.84445">
        <ele>426.9</ele>
      </trkpt>
      <trkpt lat="43.93742" lon="5.84429">
        <ele>427.0</ele>
      </trkpt>
      <trkpt lat="43.93742" lon="5.84424">
        <ele>427.0</ele>
      </trkpt>
      <trkpt lat="43.93742" lon="5.84404">
        <ele>427.3</ele>
      </trkpt>
      <trkpt lat="43.93742" lon="5.84394">
        <ele>427.6</ele>
      </trkpt>
      <trkpt lat="43.93742" lon="5.84379">
        <ele>427.9</ele>
      </trkpt>
      <trkpt lat="43.93743" lon="5.84264">
        <ele>430.2</ele>
      </trkpt>
      <trkpt lat="43.93743" lon="5.842539">
        <ele>430.4</ele>
      </trkpt>
      <trkpt lat="43.93743" lon="5.84229">
        <ele>431.7</ele>
      </trkpt>
      <trkpt lat="43.93743" lon="5.84224">
        <ele>431.9</ele>
      </trkpt>
      <trkpt lat="43.93743" lon="5.8419">
        <ele>434.0</ele>
      </trkpt>
      <trkpt lat="43.93742" lon="5.841789">
        <ele>434.5</ele>
      </trkpt>
      <trkpt lat="43.93741" lon="5.84173">
        <ele>434.8</ele>
      </trkpt>
      <trkpt lat="43.93739" lon="5.84156">
        <ele>435.7</ele>
      </trkpt>
      <trkpt lat="43.93736" lon="5.84143">
        <ele>436.5</ele>
      </trkpt>
      <trkpt lat="43.93736" lon="5.84142">
        <ele>436.5</ele>
      </trkpt>
      <trkpt lat="43.93734" lon="5.84133">
        <ele>437.0</ele>
      </trkpt>
      <trkpt lat="43.93732" lon="5.84127">
        <ele>437.3</ele>
      </trkpt>
      <trkpt lat="43.93728" lon="5.84114">
        <ele>438.0</ele>
      </trkpt>
      <trkpt lat="43.93724" lon="5.841">
        <ele>438.8</ele>
      </trkpt>
      <trkpt lat="43.93717" lon="5.84079">
        <ele>440.0</ele>
      </trkpt>
      <trkpt lat="43.93714" lon="5.8407">
        <ele>440.5</ele>
      </trkpt>
      <trkpt lat="43.9371" lon="5.84059">
        <ele>441.2</ele>
      </trkpt>
      <trkpt lat="43.93706" lon="5.84048">
        <ele>441.8</ele>
      </trkpt>
      <trkpt lat="43.93705" lon="5.84039">
        <ele>442.5</ele>
      </trkpt>
      <trkpt lat="43.93707" lon="5.8403">
        <ele>443.4</ele>
      </trkpt>
      <trkpt lat="43.93706" lon="5.84023">
        <ele>443.9</ele>
      </trkpt>
      <trkpt lat="43.93705" lon="5.84018">
        <ele>444.2</ele>
      </trkpt>
      <trkpt lat="43.93703" lon="5.84007">
        <ele>445.0</ele>
      </trkpt>
      <trkpt lat="43.937019" lon="5.83993">
        <ele>445.7</ele>
      </trkpt>
      <trkpt lat="43.937019" lon="5.83991">
        <ele>445.8</ele>
      </trkpt>
      <trkpt lat="43.937019" lon="5.83971">
        <ele>446.3</ele>
      </trkpt>
      <trkpt lat="43.937019" lon="5.83968">
        <ele>446.4</ele>
      </trkpt>
      <trkpt lat="43.93703" lon="5.839489">
        <ele>447.0</ele>
      </trkpt>
      <trkpt lat="43.93706" lon="5.8392">
        <ele>448.1</ele>
      </trkpt>
      <trkpt lat="43.93706" lon="5.83919">
        <ele>448.1</ele>
      </trkpt>
      <trkpt lat="43.93707" lon="5.83912">
        <ele>448.4</ele>
      </trkpt>
      <trkpt lat="43.93709" lon="5.838879">
        <ele>449.1</ele>
      </trkpt>
      <trkpt lat="43.937109" lon="5.83863">
        <ele>450.0</ele>
      </trkpt>
      <trkpt lat="43.93712" lon="5.83854">
        <ele>450.4</ele>
      </trkpt>
      <trkpt lat="43.93714" lon="5.83822">
        <ele>451.0</ele>
      </trkpt>
      <trkpt lat="43.93714" lon="5.83804">
        <ele>450.4</ele>
      </trkpt>
      <trkpt lat="43.93714" lon="5.83785">
        <ele>449.8</ele>
      </trkpt>
      <trkpt lat="43.93714" lon="5.83758">
        <ele>448.9</ele>
      </trkpt>
      <trkpt lat="43.937109" lon="5.83744">
        <ele>447.4</ele>
      </trkpt>
      <trkpt lat="43.93714" lon="5.83728">
        <ele>447.4</ele>
      </trkpt>
      <trkpt lat="43.93715" lon="5.83693">
        <ele>445.7</ele>
      </trkpt>
      <trkpt lat="43.93716" lon="5.83668">
        <ele>444.5</ele>
      </trkpt>
      <trkpt lat="43.93716" lon="5.83662">
        <ele>444.0</ele>
      </trkpt>
      <trkpt lat="43.93718" lon="5.83636">
        <ele>442.2</ele>
      </trkpt>
      <trkpt lat="43.93719" lon="5.836159">
        <ele>440.6</ele>
      </trkpt>
      <trkpt lat="43.9372" lon="5.83612">
        <ele>440.5</ele>
      </trkpt>
      <trkpt lat="43.93721" lon="5.83598">
        <ele>439.4</ele>
      </trkpt>
      <trkpt lat="43.93725" lon="5.835689">
        <ele>438.0</ele>
      </trkpt>
      <trkpt lat="43.93726" lon="5.83563">
        <ele>437.8</ele>
      </trkpt>
      <trkpt lat="43.93726" lon="5.8356">
        <ele>437.6</ele>
      </trkpt>
      <trkpt lat="43.93729" lon="5.83544">
        <ele>437.1</ele>
      </trkpt>
      <trkpt lat="43.9373" lon="5.83538">
        <ele>436.9</ele>
      </trkpt>
      <trkpt lat="43.93734" lon="5.8352">
        <ele>436.3</ele>
      </trkpt>
      <trkpt lat="43.937399" lon="5.83489">
        <ele>435.0</ele>
      </trkpt>
      <trkpt lat="43.93744" lon="5.83464">
        <ele>433.8</ele>
      </trkpt>
      <trkpt lat="43.93751" lon="5.83428">
        <ele>432.0</ele>
      </trkpt>
      <trkpt lat="43.93753" lon="5.83416">
        <ele>431.5</ele>
      </trkpt>
      <trkpt lat="43.93756" lon="5.83391">
        <ele>431.3</ele>
      </trkpt>
      <trkpt lat="43.93759" lon="5.83376">
        <ele>431.3</ele>
      </trkpt>
      <trkpt lat="43.93762" lon="5.83344">
        <ele>430.7</ele>
      </trkpt>
      <trkpt lat="43.93763" lon="5.83317">
        <ele>429.8</ele>
      </trkpt>
      <trkpt lat="43.93763" lon="5.83312">
        <ele>429.6</ele>
      </trkpt>
      <trkpt lat="43.93764" lon="5.83302">
        <ele>429.4</ele>
      </trkpt>
      <trkpt lat="43.93764" lon="5.83292">
        <ele>429.0</ele>
      </trkpt>
      <trkpt lat="43.93764" lon="5.8328">
        <ele>428.6</ele>
      </trkpt>
      <trkpt lat="43.93763" lon="5.83242">
        <ele>427.3</ele>
      </trkpt>
      <trkpt lat="43.93762" lon="5.83208">
        <ele>426.5</ele>
      </trkpt>
      <trkpt lat="43.93759" lon="5.83137">
        <ele>427.2</ele>
      </trkpt>
      <trkpt lat="43.937579" lon="5.831209">
        <ele>428.1</ele>
      </trkpt>
      <trkpt lat="43.93756" lon="5.83105">
        <ele>428.8</ele>
      </trkpt>
      <trkpt lat="43.93754" lon="5.83089">
        <ele>429.4</ele>
      </trkpt>
      <trkpt lat="43.93752" lon="5.83073">
        <ele>429.8</ele>
      </trkpt>
      <trkpt lat="43.93743" lon="5.83015">
        <ele>430.5</ele>
      </trkpt>
      <trkpt lat="43.937399" lon="5.82997">
        <ele>430.6</ele>
      </trkpt>
      <trkpt lat="43.93737" lon="5.82969">
        <ele>430.4</ele>
      </trkpt>
      <trkpt lat="43.93737" lon="5.82955">
        <ele>430.6</ele>
      </trkpt>
      <trkpt lat="43.93737" lon="5.82927">
        <ele>430.9</ele>
      </trkpt>
      <trkpt lat="43.93738" lon="5.82912">
        <ele>430.9</ele>
      </trkpt>
      <trkpt lat="43.93739" lon="5.828979">
        <ele>430.5</ele>
      </trkpt>
      <trkpt lat="43.937399" lon="5.828839">
        <ele>430.1</ele>
      </trkpt>
      <trkpt lat="43.93745" lon="5.8286">
        <ele>429.7</ele>
      </trkpt>
      <trkpt lat="43.93756" lon="5.82809">
        <ele>428.8</ele>
      </trkpt>
      <trkpt lat="43.93757" lon="5.82803">
        <ele>428.6</ele>
      </trkpt>
      <trkpt lat="43.93762" lon="5.82778">
        <ele>427.8</ele>
      </trkpt>
      <trkpt lat="43.93764" lon="5.82763">
        <ele>427.0</ele>
      </trkpt>
      <trkpt lat="43.93766" lon="5.82752">
        <ele>426.5</ele>
      </trkpt>
      <trkpt lat="43.93766" lon="5.82751">
        <ele>426.4</ele>
      </trkpt>
      <trkpt lat="43.93773" lon="5.82702">
        <ele>427.7</ele>
      </trkpt>
      <trkpt lat="43.937779" lon="5.8266">
        <ele>429.1</ele>
      </trkpt>
      <trkpt lat="43.93779" lon="5.82652">
        <ele>429.3</ele>
      </trkpt>
      <trkpt lat="43.93789" lon="5.82583">
        <ele>431.9</ele>
      </trkpt>
      <trkpt lat="43.9379" lon="5.825789">
        <ele>432.0</ele>
      </trkpt>
      <trkpt lat="43.93794" lon="5.82564">
        <ele>432.3</ele>
      </trkpt>
      <trkpt lat="43.93798" lon="5.82552">
        <ele>432.6</ele>
      </trkpt>
      <trkpt lat="43.93802" lon="5.82543">
        <ele>433.0</ele>
      </trkpt>
      <trkpt lat="43.93807" lon="5.82531">
        <ele>433.5</ele>
      </trkpt>
      <trkpt lat="43.93812" lon="5.82521">
        <ele>434.0</ele>
      </trkpt>
      <trkpt lat="43.93818" lon="5.8251">
        <ele>434.7</ele>
      </trkpt>
      <trkpt lat="43.93824" lon="5.82501">
        <ele>435.4</ele>
      </trkpt>
      <trkpt lat="43.938249" lon="5.825">
        <ele>435.5</ele>
      </trkpt>
      <trkpt lat="43.93828" lon="5.82496">
        <ele>435.7</ele>
      </trkpt>
      <trkpt lat="43.93832" lon="5.82491">
        <ele>435.9</ele>
      </trkpt>
      <trkpt lat="43.93837" lon="5.82485">
        <ele>436.1</ele>
      </trkpt>
      <trkpt lat="43.93837" lon="5.82484">
        <ele>436.0</ele>
      </trkpt>
      <trkpt lat="43.93844" lon="5.82477">
        <ele>436.4</ele>
      </trkpt>
      <trkpt lat="43.93851" lon="5.82469">
        <ele>436.6</ele>
      </trkpt>
      <trkpt lat="43.938519" lon="5.82469">
        <ele>436.8</ele>
      </trkpt>
      <trkpt lat="43.93859" lon="5.82461">
        <ele>437.0</ele>
      </trkpt>
      <trkpt lat="43.93867" lon="5.82453">
        <ele>437.3</ele>
      </trkpt>
      <trkpt lat="43.93875" lon="5.82445">
        <ele>437.6</ele>
      </trkpt>
      <trkpt lat="43.93882" lon="5.82436">
        <ele>437.6</ele>
      </trkpt>
      <trkpt lat="43.93889" lon="5.82427">
        <ele>437.5</ele>
      </trkpt>
      <trkpt lat="43.93896" lon="5.82416">
        <ele>437.2</ele>
      </trkpt>
      <trkpt lat="43.93902" lon="5.82405">
        <ele>437.2</ele>
      </trkpt>
      <trkpt lat="43.93904" lon="5.82402">
        <ele>437.2</ele>
      </trkpt>
      <trkpt lat="43.93914" lon="5.82382">
        <ele>436.5</ele>
      </trkpt>
      <trkpt lat="43.93933" lon="5.82347">
        <ele>436.9</ele>
      </trkpt>
      <trkpt lat="43.93935" lon="5.82341">
        <ele>436.9</ele>
      </trkpt>
      <trkpt lat="43.939459" lon="5.8232">
        <ele>437.9</ele>
      </trkpt>
      <trkpt lat="43.93951" lon="5.82311">
        <ele>438.4</ele>
      </trkpt>
      <trkpt lat="43.939749" lon="5.82261">
        <ele>439.1</ele>
      </trkpt>
      <trkpt lat="43.93987" lon="5.82236">
        <ele>439.0</ele>
      </trkpt>
      <trkpt lat="43.93992" lon="5.82223">
        <ele>438.7</ele>
      </trkpt>
      <trkpt lat="43.93997" lon="5.82211">
        <ele>438.4</ele>
      </trkpt>
      <trkpt lat="43.940019" lon="5.82197">
        <ele>438.1</ele>
      </trkpt>
      <trkpt lat="43.94003" lon="5.82194">
        <ele>438.2</ele>
      </trkpt>
      <trkpt lat="43.94006" lon="5.82184">
        <ele>438.2</ele>
      </trkpt>
      <trkpt lat="43.9401" lon="5.8217">
        <ele>438.3</ele>
      </trkpt>
      <trkpt lat="43.94013" lon="5.82156">
        <ele>438.5</ele>
      </trkpt>
      <trkpt lat="43.94016" lon="5.82142">
        <ele>438.9</ele>
      </trkpt>
      <trkpt lat="43.94019" lon="5.82127">
        <ele>439.3</ele>
      </trkpt>
      <trkpt lat="43.940219" lon="5.82112">
        <ele>439.6</ele>
      </trkpt>
      <trkpt lat="43.94024" lon="5.82097">
        <ele>439.7</ele>
      </trkpt>
      <trkpt lat="43.94026" lon="5.82082">
        <ele>439.8</ele>
      </trkpt>
      <trkpt lat="43.94032" lon="5.82028">
        <ele>441.1</ele>
      </trkpt>
      <trkpt lat="43.94032" lon="5.82024">
        <ele>441.1</ele>
      </trkpt>
      <trkpt lat="43.94039" lon="5.8195">
        <ele>441.9</ele>
      </trkpt>
      <trkpt lat="43.94039" lon="5.81947">
        <ele>441.9</ele>
      </trkpt>
      <trkpt lat="43.94046" lon="5.81893">
        <ele>442.2</ele>
      </trkpt>
      <trkpt lat="43.94051" lon="5.81842">
        <ele>441.4</ele>
      </trkpt>
      <trkpt lat="43.94055" lon="5.81798">
        <ele>443.4</ele>
      </trkpt>
      <trkpt lat="43.94057" lon="5.81768">
        <ele>445.2</ele>
      </trkpt>
      <trkpt lat="43.94059" lon="5.81751">
        <ele>446.3</ele>
      </trkpt>
      <trkpt lat="43.9406" lon="5.817389">
        <ele>445.8</ele>
      </trkpt>
      <trkpt lat="43.94063" lon="5.81719">
        <ele>445.0</ele>
      </trkpt>
      <trkpt lat="43.94066" lon="5.81703">
        <ele>444.3</ele>
      </trkpt>
      <trkpt lat="43.94068" lon="5.81694">
        <ele>443.9</ele>
      </trkpt>
      <trkpt lat="43.9407" lon="5.81687">
        <ele>443.6</ele>
      </trkpt>
      <trkpt lat="43.94075" lon="5.816709">
        <ele>442.8</ele>
      </trkpt>
      <trkpt lat="43.94081" lon="5.816569">
        <ele>442.1</ele>
      </trkpt>
      <trkpt lat="43.94089" lon="5.81638">
        <ele>441.8</ele>
      </trkpt>
      <trkpt lat="43.940959" lon="5.81626">
        <ele>442.2</ele>
      </trkpt>
      <trkpt lat="43.94102" lon="5.816169">
        <ele>442.5</ele>
      </trkpt>
      <trkpt lat="43.94108" lon="5.81607">
        <ele>442.5</ele>
      </trkpt>
      <trkpt lat="43.94114" lon="5.81598">
        <ele>442.5</ele>
      </trkpt>
      <trkpt lat="43.94121" lon="5.815889">
        <ele>442.6</ele>
      </trkpt>
      <trkpt lat="43.94139" lon="5.81567">
        <ele>443.2</ele>
      </trkpt>
      <trkpt lat="43.94144" lon="5.81561">
        <ele>443.4</ele>
      </trkpt>
      <trkpt lat="43.94153" lon="5.81551">
        <ele>443.5</ele>
      </trkpt>
      <trkpt lat="43.94162" lon="5.8154">
        <ele>443.3</ele>
      </trkpt>
      <trkpt lat="43.94175" lon="5.81521">
        <ele>442.5</ele>
      </trkpt>
      <trkpt lat="43.94179" lon="5.81513">
        <ele>442.0</ele>
      </trkpt>
      <trkpt lat="43.94184" lon="5.81506">
        <ele>441.5</ele>
      </trkpt>
      <trkpt lat="43.94198" lon="5.81483">
        <ele>440.5</ele>
      </trkpt>
      <trkpt lat="43.941989" lon="5.814809">
        <ele>440.4</ele>
      </trkpt>
      <trkpt lat="43.94206" lon="5.81471">
        <ele>440.0</ele>
      </trkpt>
      <trkpt lat="43.9421" lon="5.81464">
        <ele>439.7</ele>
      </trkpt>
      <trkpt lat="43.94218" lon="5.81452">
        <ele>439.2</ele>
      </trkpt>
      <trkpt lat="43.94229" lon="5.81432">
        <ele>437.2</ele>
      </trkpt>
      <trkpt lat="43.94236" lon="5.814199">
        <ele>435.7</ele>
      </trkpt>
      <trkpt lat="43.94283" lon="5.81344">
        <ele>436.1</ele>
      </trkpt>
      <trkpt lat="43.94306" lon="5.81306">
        <ele>436.6</ele>
      </trkpt>
      <trkpt lat="43.94318" lon="5.81287">
        <ele>436.3</ele>
      </trkpt>
      <trkpt lat="43.94341" lon="5.81249">
        <ele>435.2</ele>
      </trkpt>
      <trkpt lat="43.94353" lon="5.812299">
        <ele>436.9</ele>
      </trkpt>
      <trkpt lat="43.9437" lon="5.81202">
        <ele>439.2</ele>
      </trkpt>
      <trkpt lat="43.94389" lon="5.81172">
        <ele>441.6</ele>
      </trkpt>
      <trkpt lat="43.94408" lon="5.81144">
        <ele>444.1</ele>
      </trkpt>
      <trkpt lat="43.94413" lon="5.81137">
        <ele>444.8</ele>
      </trkpt>
      <trkpt lat="43.944339" lon="5.81105">
        <ele>446.5</ele>
      </trkpt>
      <trkpt lat="43.94438" lon="5.811009">
        <ele>446.5</ele>
      </trkpt>
      <trkpt lat="43.9445" lon="5.81083">
        <ele>446.8</ele>
      </trkpt>
      <trkpt lat="43.94465" lon="5.81063">
        <ele>447.0</ele>
      </trkpt>
      <trkpt lat="43.944899" lon="5.81032">
        <ele>447.2</ele>
      </trkpt>
      <trkpt lat="43.94503" lon="5.81015">
        <ele>447.4</ele>
      </trkpt>
      <trkpt lat="43.94514" lon="5.81003">
        <ele>447.1</ele>
      </trkpt>
      <trkpt lat="43.94526" lon="5.80992">
        <ele>446.5</ele>
      </trkpt>
      <trkpt lat="43.94538" lon="5.80982">
        <ele>445.8</ele>
      </trkpt>
      <trkpt lat="43.94551" lon="5.80973">
        <ele>445.0</ele>
      </trkpt>
      <trkpt lat="43.94561" lon="5.80965">
        <ele>444.5</ele>
      </trkpt>
      <trkpt lat="43.94572" lon="5.80959">
        <ele>443.7</ele>
      </trkpt>
      <trkpt lat="43.94595" lon="5.809459">
        <ele>443.3</ele>
      </trkpt>
      <trkpt lat="43.94628" lon="5.80929">
        <ele>443.6</ele>
      </trkpt>
      <trkpt lat="43.94637" lon="5.80923">
        <ele>443.7</ele>
      </trkpt>
      <trkpt lat="43.94646" lon="5.80916">
        <ele>443.8</ele>
      </trkpt>
      <trkpt lat="43.94655" lon="5.80909">
        <ele>444.0</ele>
      </trkpt>
      <trkpt lat="43.946599" lon="5.80904">
        <ele>444.2</ele>
      </trkpt>
      <trkpt lat="43.94663" lon="5.80901">
        <ele>444.3</ele>
      </trkpt>
      <trkpt lat="43.9467" lon="5.80893">
        <ele>444.6</ele>
      </trkpt>
      <trkpt lat="43.94679" lon="5.80883">
        <ele>445.0</ele>
      </trkpt>
      <trkpt lat="43.94686" lon="5.80874">
        <ele>445.2</ele>
      </trkpt>
      <trkpt lat="43.94693" lon="5.80863">
        <ele>445.5</ele>
      </trkpt>
      <trkpt lat="43.94699" lon="5.80852">
        <ele>445.8</ele>
      </trkpt>
      <trkpt lat="43.94726" lon="5.808029">
        <ele>445.2</ele>
      </trkpt>
      <trkpt lat="43.94731" lon="5.80792">
        <ele>445.1</ele>
      </trkpt>
      <trkpt lat="43.947719" lon="5.80714">
        <ele>446.4</ele>
      </trkpt>
      <trkpt lat="43.94812" lon="5.80636">
        <ele>448.6</ele>
      </trkpt>
      <trkpt lat="43.94851" lon="5.80565">
        <ele>450.6</ele>
      </trkpt>
      <trkpt lat="43.9486" lon="5.8055">
        <ele>451.1</ele>
      </trkpt>
      <trkpt lat="43.94869" lon="5.80535">
        <ele>451.4</ele>
      </trkpt>
      <trkpt lat="43.94877" lon="5.80525">
        <ele>451.5</ele>
      </trkpt>
      <trkpt lat="43.94885" lon="5.80516">
        <ele>451.6</ele>
      </trkpt>
      <trkpt lat="43.94892" lon="5.80508">
        <ele>451.5</ele>
      </trkpt>
      <trkpt lat="43.94902" lon="5.80499">
        <ele>451.5</ele>
      </trkpt>
      <trkpt lat="43.94912" lon="5.8049">
        <ele>452.0</ele>
      </trkpt>
      <trkpt lat="43.94926" lon="5.8048">
        <ele>452.6</ele>
      </trkpt>
      <trkpt lat="43.94952" lon="5.80462">
        <ele>453.2</ele>
      </trkpt>
      <trkpt lat="43.94963" lon="5.80454">
        <ele>453.2</ele>
      </trkpt>
      <trkpt lat="43.94973" lon="5.80446">
        <ele>453.2</ele>
      </trkpt>
      <trkpt lat="43.94981" lon="5.80439">
        <ele>453.0</ele>
      </trkpt>
      <trkpt lat="43.94991" lon="5.804299">
        <ele>452.7</ele>
      </trkpt>
      <trkpt lat="43.949979" lon="5.80424">
        <ele>452.4</ele>
      </trkpt>
      <trkpt lat="43.95004" lon="5.80417">
        <ele>452.1</ele>
      </trkpt>
      <trkpt lat="43.9501" lon="5.80411">
        <ele>452.1</ele>
      </trkpt>
      <trkpt lat="43.95017" lon="5.80403">
        <ele>452.2</ele>
      </trkpt>
      <trkpt lat="43.950249" lon="5.80395">
        <ele>452.2</ele>
      </trkpt>
      <trkpt lat="43.95048" lon="5.80365">
        <ele>452.2</ele>
      </trkpt>
      <trkpt lat="43.95079" lon="5.80325">
        <ele>452.1</ele>
      </trkpt>
      <trkpt lat="43.95091" lon="5.803079">
        <ele>452.3</ele>
      </trkpt>
      <trkpt lat="43.95127" lon="5.80252">
        <ele>453.5</ele>
      </trkpt>
      <trkpt lat="43.95161" lon="5.80192">
        <ele>456.0</ele>
      </trkpt>
      <trkpt lat="43.95169" lon="5.80178">
        <ele>456.5</ele>
      </trkpt>
      <trkpt lat="43.95176" lon="5.80163">
        <ele>456.8</ele>
      </trkpt>
      <trkpt lat="43.95183" lon="5.80148">
        <ele>456.6</ele>
      </trkpt>
      <trkpt lat="43.95189" lon="5.80133">
        <ele>456.5</ele>
      </trkpt>
      <trkpt lat="43.9519" lon="5.8013">
        <ele>456.4</ele>
      </trkpt>
      <trkpt lat="43.951949" lon="5.80117">
        <ele>456.3</ele>
      </trkpt>
      <trkpt lat="43.95198" lon="5.80107">
        <ele>456.2</ele>
      </trkpt>
      <trkpt lat="43.952" lon="5.80101">
        <ele>456.2</ele>
      </trkpt>
      <trkpt lat="43.952039" lon="5.80088">
        <ele>456.1</ele>
      </trkpt>
      <trkpt lat="43.95205" lon="5.80084">
        <ele>456.1</ele>
      </trkpt>
      <trkpt lat="43.95208" lon="5.80074">
        <ele>456.5</ele>
      </trkpt>
      <trkpt lat="43.9521" lon="5.80061">
        <ele>457.0</ele>
      </trkpt>
      <trkpt lat="43.95212" lon="5.80047">
        <ele>457.6</ele>
      </trkpt>
      <trkpt lat="43.95214" lon="5.80033">
        <ele>458.2</ele>
      </trkpt>
      <trkpt lat="43.95215" lon="5.80019">
        <ele>458.8</ele>
      </trkpt>
      <trkpt lat="43.95216" lon="5.80005">
        <ele>459.4</ele>
      </trkpt>
      <trkpt lat="43.95217" lon="5.79991">
        <ele>459.8</ele>
      </trkpt>
      <trkpt lat="43.95216" lon="5.79969">
        <ele>460.5</ele>
      </trkpt>
      <trkpt lat="43.95215" lon="5.79944">
        <ele>461.3</ele>
      </trkpt>
      <trkpt lat="43.95212" lon="5.7989">
        <ele>463.6</ele>
      </trkpt>
      <trkpt lat="43.9521" lon="5.79866">
        <ele>465.1</ele>
      </trkpt>
      <trkpt lat="43.95209" lon="5.79847">
        <ele>466.2</ele>
      </trkpt>
      <trkpt lat="43.95208" lon="5.7983">
        <ele>467.2</ele>
      </trkpt>
      <trkpt lat="43.95208" lon="5.79819">
        <ele>467.8</ele>
      </trkpt>
      <trkpt lat="43.95208" lon="5.79818">
        <ele>467.9</ele>
      </trkpt>
      <trkpt lat="43.95208" lon="5.79804">
        <ele>468.6</ele>
      </trkpt>
      <trkpt lat="43.95208" lon="5.79794">
        <ele>469.2</ele>
      </trkpt>
      <trkpt lat="43.95208" lon="5.7979">
        <ele>469.4</ele>
      </trkpt>
      <trkpt lat="43.95209" lon="5.79777">
        <ele>469.9</ele>
      </trkpt>
      <trkpt lat="43.9521" lon="5.79763">
        <ele>470.5</ele>
      </trkpt>
      <trkpt lat="43.95212" lon="5.79748">
        <ele>470.9</ele>
      </trkpt>
      <trkpt lat="43.95214" lon="5.79735">
        <ele>470.8</ele>
      </trkpt>
      <trkpt lat="43.95217" lon="5.79721">
        <ele>470.5</ele>
      </trkpt>
      <trkpt lat="43.95221" lon="5.797049">
        <ele>470.1</ele>
      </trkpt>
      <trkpt lat="43.95225" lon="5.79689">
        <ele>469.7</ele>
      </trkpt>
      <trkpt lat="43.9523" lon="5.79674">
        <ele>469.2</ele>
      </trkpt>
      <trkpt lat="43.95235" lon="5.79659">
        <ele>469.0</ele>
      </trkpt>
      <trkpt lat="43.95241" lon="5.796439">
        <ele>468.9</ele>
      </trkpt>
      <trkpt lat="43.95248" lon="5.79629">
        <ele>468.6</ele>
      </trkpt>
      <trkpt lat="43.95254" lon="5.79619">
        <ele>468.7</ele>
      </trkpt>
      <trkpt lat="43.952599" lon="5.79606">
        <ele>469.2</ele>
      </trkpt>
      <trkpt lat="43.95267" lon="5.79595">
        <ele>469.5</ele>
      </trkpt>
      <trkpt lat="43.95272" lon="5.79588">
        <ele>469.7</ele>
      </trkpt>
      <trkpt lat="43.95278" lon="5.7958">
        <ele>470.0</ele>
      </trkpt>
      <trkpt lat="43.95288" lon="5.79567">
        <ele>470.7</ele>
      </trkpt>
      <trkpt lat="43.95295" lon="5.79557">
        <ele>471.2</ele>
      </trkpt>
      <trkpt lat="43.95302" lon="5.79548">
        <ele>471.5</ele>
      </trkpt>
      <trkpt lat="43.95308" lon="5.7954">
        <ele>471.8</ele>
      </trkpt>
      <trkpt lat="43.95329" lon="5.79514">
        <ele>472.3</ele>
      </trkpt>
      <trkpt lat="43.95344" lon="5.79495">
        <ele>474.0</ele>
      </trkpt>
      <trkpt lat="43.9536" lon="5.79476">
        <ele>476.7</ele>
      </trkpt>
      <trkpt lat="43.95374" lon="5.79459">
        <ele>478.5</ele>
      </trkpt>
      <trkpt lat="43.95386" lon="5.794469">
        <ele>479.2</ele>
      </trkpt>
      <trkpt lat="43.95398" lon="5.79436">
        <ele>479.3</ele>
      </trkpt>
      <trkpt lat="43.95409" lon="5.79427">
        <ele>479.1</ele>
      </trkpt>
      <trkpt lat="43.9542" lon="5.7942">
        <ele>478.7</ele>
      </trkpt>
      <trkpt lat="43.95447" lon="5.79403">
        <ele>479.7</ele>
      </trkpt>
      <trkpt lat="43.9545" lon="5.79402">
        <ele>479.7</ele>
      </trkpt>
      <trkpt lat="43.95453" lon="5.793999">
        <ele>479.8</ele>
      </trkpt>
      <trkpt lat="43.9553" lon="5.79356">
        <ele>483.5</ele>
      </trkpt>
      <trkpt lat="43.955329" lon="5.79355">
        <ele>483.6</ele>
      </trkpt>
      <trkpt lat="43.95549" lon="5.79345">
        <ele>484.7</ele>
      </trkpt>
      <trkpt lat="43.95682" lon="5.79268">
        <ele>493.7</ele>
      </trkpt>
      <trkpt lat="43.95684" lon="5.79268">
        <ele>493.8</ele>
      </trkpt>
      <trkpt lat="43.95694" lon="5.79262">
        <ele>494.7</ele>
      </trkpt>
      <trkpt lat="43.95732" lon="5.79241">
        <ele>497.2</ele>
      </trkpt>
      <trkpt lat="43.95741" lon="5.79236">
        <ele>497.6</ele>
      </trkpt>
      <trkpt lat="43.95752" lon="5.79228">
        <ele>498.0</ele>
      </trkpt>
      <trkpt lat="43.95759" lon="5.79223">
        <ele>498.2</ele>
      </trkpt>
      <trkpt lat="43.95764" lon="5.79219">
        <ele>498.4</ele>
      </trkpt>
      <trkpt lat="43.95768" lon="5.79216">
        <ele>498.6</ele>
      </trkpt>
      <trkpt lat="43.95772" lon="5.79213">
        <ele>498.7</ele>
      </trkpt>
      <trkpt lat="43.957769" lon="5.79209">
        <ele>499.0</ele>
      </trkpt>
      <trkpt lat="43.9578" lon="5.79207">
        <ele>499.1</ele>
      </trkpt>
      <trkpt lat="43.95782" lon="5.79207">
        <ele>499.2</ele>
      </trkpt>
      <trkpt lat="43.95803" lon="5.79198">
        <ele>500.2</ele>
      </trkpt>
      <trkpt lat="43.95816" lon="5.79193">
        <ele>501.0</ele>
      </trkpt>
      <trkpt lat="43.95824" lon="5.79189">
        <ele>501.5</ele>
      </trkpt>
      <trkpt lat="43.95828" lon="5.79187">
        <ele>501.8</ele>
      </trkpt>
      <trkpt lat="43.958419" lon="5.79182">
        <ele>502.5</ele>
      </trkpt>
      <trkpt lat="43.958419" lon="5.79182">
        <ele>502.5</ele>
      </trkpt>
      <trkpt lat="43.95844" lon="5.79187">
        <ele>502.3</ele>
      </trkpt>
      <trkpt lat="43.95846" lon="5.7919">
        <ele>502.2</ele>
      </trkpt>
      <trkpt lat="43.958509" lon="5.79195">
        <ele>502.1</ele>
      </trkpt>
      <trkpt lat="43.95853" lon="5.79196">
        <ele>502.1</ele>
      </trkpt>
      <trkpt lat="43.95855" lon="5.79198">
        <ele>502.0</ele>
      </trkpt>
      <trkpt lat="43.95857" lon="5.79198">
        <ele>502.1</ele>
      </trkpt>
      <trkpt lat="43.958599" lon="5.79198">
        <ele>502.1</ele>
      </trkpt>
      <trkpt lat="43.95863" lon="5.79198">
        <ele>502.2</ele>
      </trkpt>
      <trkpt lat="43.95864" lon="5.79197">
        <ele>502.3</ele>
      </trkpt>
      <trkpt lat="43.95867" lon="5.79196">
        <ele>502.4</ele>
      </trkpt>
      <trkpt lat="43.9587" lon="5.79194">
        <ele>502.6</ele>
      </trkpt>
      <trkpt lat="43.95874" lon="5.79189">
        <ele>502.9</ele>
      </trkpt>
      <trkpt lat="43.95878" lon="5.79183">
        <ele>503.3</ele>
      </trkpt>
      <trkpt lat="43.95879" lon="5.79175">
        <ele>503.7</ele>
      </trkpt>
      <trkpt lat="43.958799" lon="5.79171">
        <ele>503.9</ele>
      </trkpt>
      <trkpt lat="43.958799" lon="5.79167">
        <ele>504.1</ele>
      </trkpt>
      <trkpt lat="43.958799" lon="5.791629">
        <ele>504.4</ele>
      </trkpt>
      <trkpt lat="43.95879" lon="5.79159">
        <ele>504.7</ele>
      </trkpt>
      <trkpt lat="43.95878" lon="5.79153">
        <ele>505.1</ele>
      </trkpt>
      <trkpt lat="43.95875" lon="5.7915">
        <ele>505.2</ele>
      </trkpt>
      <trkpt lat="43.95873" lon="5.79134">
        <ele>506.2</ele>
      </trkpt>
      <trkpt lat="43.95872" lon="5.79126">
        <ele>506.8</ele>
      </trkpt>
      <trkpt lat="43.95872" lon="5.79118">
        <ele>507.3</ele>
      </trkpt>
      <trkpt lat="43.95872" lon="5.79111">
        <ele>507.8</ele>
      </trkpt>
      <trkpt lat="43.95872" lon="5.79093">
        <ele>509.0</ele>
      </trkpt>
      <trkpt lat="43.95873" lon="5.79087">
        <ele>509.6</ele>
      </trkpt>
    </trkseg>
  </trk>
</gpx>
