<?xml version="1.0" encoding="UTF-8"?>
<gpx xmlns:gpxdata="http://www.cluetrust.com/XML/GPXDATA/1/0" xmlns:xsi="http://www.w3.org/2001/XMLSchema-instance" xmlns="http://www.topografix.com/GPX/1/1" version="1.1" creator="http://ridewithgps.com/" xsi:schemaLocation="http://www.topografix.com/GPX/1/1 http://www.topografix.com/GPX/1/1/gpx.xsd http://www.cluetrust.com/XML/GPXDATA/1/0 http://www.cluetrust.com/Schemas/gpxdata10.xsd">
  <metadata>
    <name>TDGC_2026-09-10</name>
    <link href="https://ridewithgps.com/routes/38665563">
      <text>TDGC_2026-09-10</text>
    </link>
    <time>2022-02-28T21:48:17Z</time>
  </metadata>
  <trk>
    <name>TDGC_2026-09-10</name>
    <trkseg>
      <trkpt lat="45.21672" lon="6.47309">
        <ele>713.7</ele>
      </trkpt>
      <trkpt lat="45.21645" lon="6.47355">
        <ele>714.0</ele>
      </trkpt>
      <trkpt lat="45.21627" lon="6.47386">
        <ele>714.2</ele>
      </trkpt>
      <trkpt lat="45.216" lon="6.47437">
        <ele>715.4</ele>
      </trkpt>
      <trkpt lat="45.21584" lon="6.47468">
        <ele>716.5</ele>
      </trkpt>
      <trkpt lat="45.21571" lon="6.47491">
        <ele>717.4</ele>
      </trkpt>
      <trkpt lat="45.21571" lon="6.47491">
        <ele>717.4</ele>
      </trkpt>
      <trkpt lat="45.21569" lon="6.47488">
        <ele>717.3</ele>
      </trkpt>
      <trkpt lat="45.21567" lon="6.474859">
        <ele>717.1</ele>
      </trkpt>
      <trkpt lat="45.21562" lon="6.47482">
        <ele>716.9</ele>
      </trkpt>
      <trkpt lat="45.21558" lon="6.47478">
        <ele>716.6</ele>
      </trkpt>
      <trkpt lat="45.21556" lon="6.47478">
        <ele>716.6</ele>
      </trkpt>
      <trkpt lat="45.21552" lon="6.47476">
        <ele>716.5</ele>
      </trkpt>
      <trkpt lat="45.21545" lon="6.47471">
        <ele>716.1</ele>
      </trkpt>
      <trkpt lat="45.21542" lon="6.47468">
        <ele>716.0</ele>
      </trkpt>
      <trkpt lat="45.2154" lon="6.47466">
        <ele>715.8</ele>
      </trkpt>
      <trkpt lat="45.215359" lon="6.47462">
        <ele>715.6</ele>
      </trkpt>
      <trkpt lat="45.21532" lon="6.474579">
        <ele>715.4</ele>
      </trkpt>
      <trkpt lat="45.2152" lon="6.47439">
        <ele>716.2</ele>
      </trkpt>
      <trkpt lat="45.215" lon="6.47406">
        <ele>717.7</ele>
      </trkpt>
      <trkpt lat="45.21473" lon="6.47362">
        <ele>719.6</ele>
      </trkpt>
      <trkpt lat="45.21468" lon="6.47355">
        <ele>720.0</ele>
      </trkpt>
      <trkpt lat="45.21464" lon="6.47348">
        <ele>720.3</ele>
      </trkpt>
      <trkpt lat="45.21454" lon="6.47333">
        <ele>721.0</ele>
      </trkpt>
      <trkpt lat="45.2144" lon="6.47316">
        <ele>723.1</ele>
      </trkpt>
      <trkpt lat="45.21436" lon="6.47311">
        <ele>723.7</ele>
      </trkpt>
      <trkpt lat="45.21429" lon="6.473029">
        <ele>724.8</ele>
      </trkpt>
      <trkpt lat="45.21426" lon="6.473">
        <ele>725.2</ele>
      </trkpt>
      <trkpt lat="45.214149" lon="6.47286">
        <ele>727.0</ele>
      </trkpt>
      <trkpt lat="45.21409" lon="6.4728">
        <ele>728.2</ele>
      </trkpt>
      <trkpt lat="45.21401" lon="6.47272">
        <ele>729.8</ele>
      </trkpt>
      <trkpt lat="45.21393" lon="6.47262">
        <ele>731.2</ele>
      </trkpt>
      <trkpt lat="45.2139" lon="6.47258">
        <ele>731.7</ele>
      </trkpt>
      <trkpt lat="45.21384" lon="6.47249">
        <ele>732.7</ele>
      </trkpt>
      <trkpt lat="45.21378" lon="6.47238">
        <ele>733.1</ele>
      </trkpt>
      <trkpt lat="45.21373" lon="6.47226">
        <ele>733.3</ele>
      </trkpt>
      <trkpt lat="45.2137" lon="6.47219">
        <ele>733.4</ele>
      </trkpt>
      <trkpt lat="45.213679" lon="6.47211">
        <ele>733.3</ele>
      </trkpt>
      <trkpt lat="45.21361" lon="6.47187">
        <ele>733.0</ele>
      </trkpt>
      <trkpt lat="45.21352" lon="6.47157">
        <ele>734.1</ele>
      </trkpt>
      <trkpt lat="45.213479" lon="6.47142">
        <ele>734.7</ele>
      </trkpt>
      <trkpt lat="45.21344" lon="6.47129">
        <ele>735.2</ele>
      </trkpt>
      <trkpt lat="45.21341" lon="6.47117">
        <ele>735.6</ele>
      </trkpt>
      <trkpt lat="45.21335" lon="6.47096">
        <ele>736.5</ele>
      </trkpt>
      <trkpt lat="45.21334" lon="6.470919">
        <ele>736.6</ele>
      </trkpt>
      <trkpt lat="45.21332" lon="6.47085">
        <ele>736.9</ele>
      </trkpt>
      <trkpt lat="45.213299" lon="6.47078">
        <ele>737.2</ele>
      </trkpt>
      <trkpt lat="45.213299" lon="6.47073">
        <ele>737.3</ele>
      </trkpt>
      <trkpt lat="45.21329" lon="6.47067">
        <ele>737.6</ele>
      </trkpt>
      <trkpt lat="45.213299" lon="6.47061">
        <ele>738.3</ele>
      </trkpt>
      <trkpt lat="45.21331" lon="6.47054">
        <ele>739.1</ele>
      </trkpt>
      <trkpt lat="45.21332" lon="6.47051">
        <ele>739.4</ele>
      </trkpt>
      <trkpt lat="45.21335" lon="6.47047">
        <ele>739.7</ele>
      </trkpt>
      <trkpt lat="45.21338" lon="6.47044">
        <ele>740.0</ele>
      </trkpt>
      <trkpt lat="45.21341" lon="6.47041">
        <ele>740.3</ele>
      </trkpt>
      <trkpt lat="45.21345" lon="6.4704">
        <ele>740.3</ele>
      </trkpt>
      <trkpt lat="45.21356" lon="6.4704">
        <ele>739.9</ele>
      </trkpt>
      <trkpt lat="45.213679" lon="6.47043">
        <ele>739.1</ele>
      </trkpt>
      <trkpt lat="45.21379" lon="6.470449">
        <ele>738.4</ele>
      </trkpt>
      <trkpt lat="45.21387" lon="6.47047">
        <ele>737.9</ele>
      </trkpt>
      <trkpt lat="45.21396" lon="6.47046">
        <ele>737.7</ele>
      </trkpt>
      <trkpt lat="45.21402" lon="6.47044">
        <ele>737.7</ele>
      </trkpt>
      <trkpt lat="45.21406" lon="6.47041">
        <ele>738.0</ele>
      </trkpt>
      <trkpt lat="45.2141" lon="6.470379">
        <ele>738.2</ele>
      </trkpt>
      <trkpt lat="45.21414" lon="6.47034">
        <ele>738.6</ele>
      </trkpt>
      <trkpt lat="45.21417" lon="6.4703">
        <ele>739.0</ele>
      </trkpt>
      <trkpt lat="45.2142" lon="6.47025">
        <ele>739.4</ele>
      </trkpt>
      <trkpt lat="45.21427" lon="6.47014">
        <ele>740.3</ele>
      </trkpt>
      <trkpt lat="45.21431" lon="6.47003">
        <ele>741.3</ele>
      </trkpt>
      <trkpt lat="45.21432" lon="6.47001">
        <ele>741.4</ele>
      </trkpt>
      <trkpt lat="45.21434" lon="6.46994">
        <ele>741.6</ele>
      </trkpt>
      <trkpt lat="45.21436" lon="6.46987">
        <ele>741.7</ele>
      </trkpt>
      <trkpt lat="45.21437" lon="6.46972">
        <ele>742.3</ele>
      </trkpt>
      <trkpt lat="45.21438" lon="6.46965">
        <ele>742.5</ele>
      </trkpt>
      <trkpt lat="45.21439" lon="6.46958">
        <ele>742.7</ele>
      </trkpt>
      <trkpt lat="45.21439" lon="6.46948">
        <ele>743.2</ele>
      </trkpt>
      <trkpt lat="45.21439" lon="6.46935">
        <ele>743.8</ele>
      </trkpt>
      <trkpt lat="45.21438" lon="6.46927">
        <ele>744.2</ele>
      </trkpt>
      <trkpt lat="45.21438" lon="6.46922">
        <ele>744.5</ele>
      </trkpt>
      <trkpt lat="45.21436" lon="6.46913">
        <ele>744.9</ele>
      </trkpt>
      <trkpt lat="45.21436" lon="6.46912">
        <ele>744.9</ele>
      </trkpt>
      <trkpt lat="45.21436" lon="6.4691">
        <ele>744.9</ele>
      </trkpt>
      <trkpt lat="45.21435" lon="6.46905">
        <ele>744.9</ele>
      </trkpt>
      <trkpt lat="45.21432" lon="6.46898">
        <ele>745.2</ele>
      </trkpt>
      <trkpt lat="45.21429" lon="6.46891">
        <ele>745.5</ele>
      </trkpt>
      <trkpt lat="45.21426" lon="6.46884">
        <ele>745.7</ele>
      </trkpt>
      <trkpt lat="45.21422" lon="6.46877">
        <ele>746.0</ele>
      </trkpt>
      <trkpt lat="45.21418" lon="6.46871">
        <ele>746.3</ele>
      </trkpt>
      <trkpt lat="45.21417" lon="6.468689">
        <ele>746.4</ele>
      </trkpt>
      <trkpt lat="45.21414" lon="6.46864">
        <ele>746.8</ele>
      </trkpt>
      <trkpt lat="45.2141" lon="6.46858">
        <ele>747.3</ele>
      </trkpt>
      <trkpt lat="45.21405" lon="6.46852">
        <ele>748.1</ele>
      </trkpt>
      <trkpt lat="45.21401" lon="6.46845">
        <ele>748.8</ele>
      </trkpt>
      <trkpt lat="45.21396" lon="6.46839">
        <ele>749.7</ele>
      </trkpt>
      <trkpt lat="45.21392" lon="6.46833">
        <ele>750.4</ele>
      </trkpt>
      <trkpt lat="45.21387" lon="6.46826">
        <ele>751.3</ele>
      </trkpt>
      <trkpt lat="45.21383" lon="6.4682">
        <ele>752.0</ele>
      </trkpt>
      <trkpt lat="45.21379" lon="6.46814">
        <ele>752.6</ele>
      </trkpt>
      <trkpt lat="45.21374" lon="6.468079">
        <ele>753.4</ele>
      </trkpt>
      <trkpt lat="45.21369" lon="6.46803">
        <ele>754.1</ele>
      </trkpt>
      <trkpt lat="45.21365" lon="6.46799">
        <ele>754.7</ele>
      </trkpt>
      <trkpt lat="45.21364" lon="6.46798">
        <ele>754.8</ele>
      </trkpt>
      <trkpt lat="45.2136" lon="6.46793">
        <ele>755.4</ele>
      </trkpt>
      <trkpt lat="45.21355" lon="6.46788">
        <ele>756.0</ele>
      </trkpt>
      <trkpt lat="45.21349" lon="6.46784">
        <ele>756.8</ele>
      </trkpt>
      <trkpt lat="45.21344" lon="6.4678">
        <ele>757.5</ele>
      </trkpt>
      <trkpt lat="45.213389" lon="6.46777">
        <ele>758.1</ele>
      </trkpt>
      <trkpt lat="45.21334" lon="6.46773">
        <ele>758.7</ele>
      </trkpt>
      <trkpt lat="45.21328" lon="6.46771">
        <ele>759.5</ele>
      </trkpt>
      <trkpt lat="45.21322" lon="6.46768">
        <ele>760.2</ele>
      </trkpt>
      <trkpt lat="45.21316" lon="6.46766">
        <ele>760.9</ele>
      </trkpt>
      <trkpt lat="45.2131" lon="6.46765">
        <ele>761.7</ele>
      </trkpt>
      <trkpt lat="45.21304" lon="6.46764">
        <ele>762.5</ele>
      </trkpt>
      <trkpt lat="45.21299" lon="6.46762">
        <ele>763.1</ele>
      </trkpt>
      <trkpt lat="45.21293" lon="6.46761">
        <ele>763.9</ele>
      </trkpt>
      <trkpt lat="45.21287" lon="6.4676">
        <ele>764.8</ele>
      </trkpt>
      <trkpt lat="45.2128" lon="6.4676">
        <ele>765.7</ele>
      </trkpt>
      <trkpt lat="45.21277" lon="6.46758">
        <ele>766.1</ele>
      </trkpt>
      <trkpt lat="45.21272" lon="6.46756">
        <ele>766.8</ele>
      </trkpt>
      <trkpt lat="45.21268" lon="6.46753">
        <ele>767.4</ele>
      </trkpt>
      <trkpt lat="45.21264" lon="6.4675">
        <ele>768.0</ele>
      </trkpt>
      <trkpt lat="45.21261" lon="6.46745">
        <ele>768.3</ele>
      </trkpt>
      <trkpt lat="45.21258" lon="6.467399">
        <ele>768.7</ele>
      </trkpt>
      <trkpt lat="45.21257" lon="6.46735">
        <ele>768.7</ele>
      </trkpt>
      <trkpt lat="45.21255" lon="6.46723">
        <ele>768.7</ele>
      </trkpt>
      <trkpt lat="45.21255" lon="6.46718">
        <ele>768.6</ele>
      </trkpt>
      <trkpt lat="45.21255" lon="6.46699">
        <ele>768.2</ele>
      </trkpt>
      <trkpt lat="45.21252" lon="6.4663">
        <ele>771.3</ele>
      </trkpt>
      <trkpt lat="45.21251" lon="6.46624">
        <ele>772.0</ele>
      </trkpt>
      <trkpt lat="45.2125" lon="6.466179">
        <ele>772.7</ele>
      </trkpt>
      <trkpt lat="45.21249" lon="6.46614">
        <ele>773.2</ele>
      </trkpt>
      <trkpt lat="45.21248" lon="6.4661">
        <ele>773.8</ele>
      </trkpt>
      <trkpt lat="45.21243" lon="6.46602">
        <ele>775.5</ele>
      </trkpt>
      <trkpt lat="45.21239" lon="6.46598">
        <ele>776.5</ele>
      </trkpt>
      <trkpt lat="45.21235" lon="6.46595">
        <ele>777.5</ele>
      </trkpt>
      <trkpt lat="45.21231" lon="6.46593">
        <ele>778.4</ele>
      </trkpt>
      <trkpt lat="45.212269" lon="6.46592">
        <ele>779.1</ele>
      </trkpt>
      <trkpt lat="45.21222" lon="6.46593">
        <ele>779.9</ele>
      </trkpt>
      <trkpt lat="45.212179" lon="6.46594">
        <ele>780.5</ele>
      </trkpt>
      <trkpt lat="45.21214" lon="6.46597">
        <ele>781.0</ele>
      </trkpt>
      <trkpt lat="45.21207" lon="6.46605">
        <ele>781.7</ele>
      </trkpt>
      <trkpt lat="45.21199" lon="6.46616">
        <ele>782.4</ele>
      </trkpt>
      <trkpt lat="45.21197" lon="6.46619">
        <ele>782.6</ele>
      </trkpt>
      <trkpt lat="45.21194" lon="6.46622">
        <ele>782.9</ele>
      </trkpt>
      <trkpt lat="45.21191" lon="6.466249">
        <ele>783.3</ele>
      </trkpt>
      <trkpt lat="45.211889" lon="6.46626">
        <ele>783.7</ele>
      </trkpt>
      <trkpt lat="45.21185" lon="6.46628">
        <ele>784.3</ele>
      </trkpt>
      <trkpt lat="45.211799" lon="6.4663">
        <ele>785.2</ele>
      </trkpt>
      <trkpt lat="45.2117" lon="6.46633">
        <ele>787.0</ele>
      </trkpt>
      <trkpt lat="45.21156" lon="6.46637">
        <ele>790.7</ele>
      </trkpt>
      <trkpt lat="45.21153" lon="6.46639">
        <ele>791.5</ele>
      </trkpt>
      <trkpt lat="45.21152" lon="6.4664">
        <ele>791.8</ele>
      </trkpt>
      <trkpt lat="45.21148" lon="6.46642">
        <ele>793.0</ele>
      </trkpt>
      <trkpt lat="45.21145" lon="6.46645">
        <ele>793.8</ele>
      </trkpt>
      <trkpt lat="45.21141" lon="6.46652">
        <ele>794.8</ele>
      </trkpt>
      <trkpt lat="45.21138" lon="6.46661">
        <ele>795.5</ele>
      </trkpt>
      <trkpt lat="45.21138" lon="6.46666">
        <ele>795.3</ele>
      </trkpt>
      <trkpt lat="45.21138" lon="6.46674">
        <ele>795.8</ele>
      </trkpt>
      <trkpt lat="45.21139" lon="6.466789">
        <ele>795.9</ele>
      </trkpt>
      <trkpt lat="45.21139" lon="6.4668">
        <ele>795.9</ele>
      </trkpt>
      <trkpt lat="45.21141" lon="6.46685">
        <ele>795.7</ele>
      </trkpt>
      <trkpt lat="45.21143" lon="6.46689">
        <ele>795.4</ele>
      </trkpt>
      <trkpt lat="45.21146" lon="6.46694">
        <ele>794.8</ele>
      </trkpt>
      <trkpt lat="45.21149" lon="6.46698">
        <ele>794.3</ele>
      </trkpt>
      <trkpt lat="45.2115" lon="6.467">
        <ele>794.1</ele>
      </trkpt>
      <trkpt lat="45.21156" lon="6.46706">
        <ele>792.9</ele>
      </trkpt>
      <trkpt lat="45.21169" lon="6.46717">
        <ele>790.2</ele>
      </trkpt>
      <trkpt lat="45.21185" lon="6.467329">
        <ele>787.4</ele>
      </trkpt>
      <trkpt lat="45.21188" lon="6.46738">
        <ele>786.9</ele>
      </trkpt>
      <trkpt lat="45.2119" lon="6.46742">
        <ele>786.7</ele>
      </trkpt>
      <trkpt lat="45.21192" lon="6.46751">
        <ele>786.7</ele>
      </trkpt>
      <trkpt lat="45.21192" lon="6.46756">
        <ele>786.5</ele>
      </trkpt>
      <trkpt lat="45.21192" lon="6.46762">
        <ele>786.4</ele>
      </trkpt>
      <trkpt lat="45.21191" lon="6.46767">
        <ele>786.5</ele>
      </trkpt>
      <trkpt lat="45.211889" lon="6.46773">
        <ele>786.9</ele>
      </trkpt>
      <trkpt lat="45.21184" lon="6.46784">
        <ele>788.0</ele>
      </trkpt>
      <trkpt lat="45.21182" lon="6.46789">
        <ele>788.4</ele>
      </trkpt>
      <trkpt lat="45.21178" lon="6.46795">
        <ele>789.3</ele>
      </trkpt>
      <trkpt lat="45.21175" lon="6.468">
        <ele>789.9</ele>
      </trkpt>
      <trkpt lat="45.21172" lon="6.46806">
        <ele>790.5</ele>
      </trkpt>
      <trkpt lat="45.21168" lon="6.46812">
        <ele>791.4</ele>
      </trkpt>
      <trkpt lat="45.21167" lon="6.46812">
        <ele>791.7</ele>
      </trkpt>
      <trkpt lat="45.21164" lon="6.46816">
        <ele>792.3</ele>
      </trkpt>
      <trkpt lat="45.21161" lon="6.46821">
        <ele>792.8</ele>
      </trkpt>
      <trkpt lat="45.21157" lon="6.46826">
        <ele>793.6</ele>
      </trkpt>
      <trkpt lat="45.21153" lon="6.46831">
        <ele>794.4</ele>
      </trkpt>
      <trkpt lat="45.21149" lon="6.46836">
        <ele>794.8</ele>
      </trkpt>
      <trkpt lat="45.21144" lon="6.46843">
        <ele>794.9</ele>
      </trkpt>
      <trkpt lat="45.21139" lon="6.46849">
        <ele>795.3</ele>
      </trkpt>
      <trkpt lat="45.211329" lon="6.46856">
        <ele>795.8</ele>
      </trkpt>
      <trkpt lat="45.21128" lon="6.4686">
        <ele>796.5</ele>
      </trkpt>
      <trkpt lat="45.211239" lon="6.46865">
        <ele>796.9</ele>
      </trkpt>
      <trkpt lat="45.21119" lon="6.468689">
        <ele>797.7</ele>
      </trkpt>
      <trkpt lat="45.21114" lon="6.46873">
        <ele>798.6</ele>
      </trkpt>
      <trkpt lat="45.21109" lon="6.468759">
        <ele>799.6</ele>
      </trkpt>
      <trkpt lat="45.211039" lon="6.4688">
        <ele>800.6</ele>
      </trkpt>
      <trkpt lat="45.21098" lon="6.46883">
        <ele>802.0</ele>
      </trkpt>
      <trkpt lat="45.21092" lon="6.46887">
        <ele>803.3</ele>
      </trkpt>
      <trkpt lat="45.21051" lon="6.46912">
        <ele>810.1</ele>
      </trkpt>
      <trkpt lat="45.2104" lon="6.46919">
        <ele>811.4</ele>
      </trkpt>
      <trkpt lat="45.21035" lon="6.46922">
        <ele>811.9</ele>
      </trkpt>
      <trkpt lat="45.210299" lon="6.46926">
        <ele>812.1</ele>
      </trkpt>
      <trkpt lat="45.21025" lon="6.469299">
        <ele>812.4</ele>
      </trkpt>
      <trkpt lat="45.210209" lon="6.46934">
        <ele>812.3</ele>
      </trkpt>
      <trkpt lat="45.21014" lon="6.46943">
        <ele>811.8</ele>
      </trkpt>
      <trkpt lat="45.21008" lon="6.46951">
        <ele>811.2</ele>
      </trkpt>
      <trkpt lat="45.21005" lon="6.46954">
        <ele>811.1</ele>
      </trkpt>
      <trkpt lat="45.21003" lon="6.46956">
        <ele>811.0</ele>
      </trkpt>
      <trkpt lat="45.21" lon="6.46957">
        <ele>811.3</ele>
      </trkpt>
      <trkpt lat="45.20997" lon="6.46957">
        <ele>812.1</ele>
      </trkpt>
      <trkpt lat="45.20995" lon="6.46956">
        <ele>812.8</ele>
      </trkpt>
      <trkpt lat="45.20994" lon="6.46955">
        <ele>813.3</ele>
      </trkpt>
      <trkpt lat="45.209919" lon="6.46953">
        <ele>814.3</ele>
      </trkpt>
      <trkpt lat="45.20991" lon="6.4695">
        <ele>815.2</ele>
      </trkpt>
      <trkpt lat="45.2099" lon="6.46947">
        <ele>816.2</ele>
      </trkpt>
      <trkpt lat="45.20989" lon="6.46943">
        <ele>817.3</ele>
      </trkpt>
      <trkpt lat="45.2099" lon="6.46938">
        <ele>818.1</ele>
      </trkpt>
      <trkpt lat="45.20991" lon="6.46934">
        <ele>818.8</ele>
      </trkpt>
      <trkpt lat="45.20993" lon="6.46925">
        <ele>820.2</ele>
      </trkpt>
      <trkpt lat="45.20995" lon="6.46919">
        <ele>820.9</ele>
      </trkpt>
      <trkpt lat="45.20996" lon="6.46914">
        <ele>821.5</ele>
      </trkpt>
      <trkpt lat="45.20998" lon="6.46908">
        <ele>821.8</ele>
      </trkpt>
      <trkpt lat="45.20999" lon="6.46902">
        <ele>822.4</ele>
      </trkpt>
      <trkpt lat="45.21003" lon="6.46889">
        <ele>823.3</ele>
      </trkpt>
      <trkpt lat="45.21005" lon="6.46881">
        <ele>824.0</ele>
      </trkpt>
      <trkpt lat="45.21006" lon="6.46875">
        <ele>824.6</ele>
      </trkpt>
      <trkpt lat="45.21009" lon="6.4686">
        <ele>826.0</ele>
      </trkpt>
      <trkpt lat="45.2101" lon="6.46857">
        <ele>826.2</ele>
      </trkpt>
      <trkpt lat="45.21011" lon="6.46853">
        <ele>826.5</ele>
      </trkpt>
      <trkpt lat="45.21014" lon="6.46837">
        <ele>828.0</ele>
      </trkpt>
      <trkpt lat="45.21017" lon="6.46821">
        <ele>828.9</ele>
      </trkpt>
      <trkpt lat="45.21018" lon="6.46813">
        <ele>829.4</ele>
      </trkpt>
      <trkpt lat="45.21019" lon="6.46805">
        <ele>829.9</ele>
      </trkpt>
      <trkpt lat="45.2102" lon="6.46791">
        <ele>830.9</ele>
      </trkpt>
      <trkpt lat="45.2102" lon="6.46779">
        <ele>832.0</ele>
      </trkpt>
      <trkpt lat="45.2102" lon="6.46771">
        <ele>832.8</ele>
      </trkpt>
      <trkpt lat="45.2102" lon="6.46761">
        <ele>833.7</ele>
      </trkpt>
      <trkpt lat="45.2102" lon="6.46753">
        <ele>834.5</ele>
      </trkpt>
      <trkpt lat="45.2102" lon="6.46745">
        <ele>834.9</ele>
      </trkpt>
      <trkpt lat="45.210209" lon="6.46737">
        <ele>834.7</ele>
      </trkpt>
      <trkpt lat="45.21023" lon="6.46722">
        <ele>834.4</ele>
      </trkpt>
      <trkpt lat="45.21024" lon="6.46715">
        <ele>834.2</ele>
      </trkpt>
      <trkpt lat="45.21026" lon="6.46708">
        <ele>833.6</ele>
      </trkpt>
      <trkpt lat="45.21026" lon="6.46702">
        <ele>833.7</ele>
      </trkpt>
      <trkpt lat="45.21026" lon="6.46697">
        <ele>833.8</ele>
      </trkpt>
      <trkpt lat="45.21025" lon="6.46692">
        <ele>834.2</ele>
      </trkpt>
      <trkpt lat="45.21025" lon="6.46691">
        <ele>834.3</ele>
      </trkpt>
      <trkpt lat="45.21023" lon="6.46688">
        <ele>835.0</ele>
      </trkpt>
      <trkpt lat="45.21023" lon="6.46687">
        <ele>835.0</ele>
      </trkpt>
      <trkpt lat="45.210209" lon="6.46685">
        <ele>835.8</ele>
      </trkpt>
      <trkpt lat="45.21018" lon="6.46683">
        <ele>836.9</ele>
      </trkpt>
      <trkpt lat="45.21015" lon="6.46682">
        <ele>838.0</ele>
      </trkpt>
      <trkpt lat="45.21012" lon="6.46683">
        <ele>839.1</ele>
      </trkpt>
      <trkpt lat="45.21009" lon="6.46684">
        <ele>840.1</ele>
      </trkpt>
      <trkpt lat="45.21006" lon="6.466859">
        <ele>841.2</ele>
      </trkpt>
      <trkpt lat="45.21004" lon="6.4669">
        <ele>841.7</ele>
      </trkpt>
      <trkpt lat="45.21002" lon="6.46695">
        <ele>842.3</ele>
      </trkpt>
      <trkpt lat="45.210009" lon="6.467">
        <ele>842.5</ele>
      </trkpt>
      <trkpt lat="45.21" lon="6.46705">
        <ele>842.6</ele>
      </trkpt>
      <trkpt lat="45.20999" lon="6.46709">
        <ele>842.8</ele>
      </trkpt>
      <trkpt lat="45.20999" lon="6.4671">
        <ele>842.8</ele>
      </trkpt>
      <trkpt lat="45.20999" lon="6.46716">
        <ele>842.6</ele>
      </trkpt>
      <trkpt lat="45.20998" lon="6.46721">
        <ele>842.7</ele>
      </trkpt>
      <trkpt lat="45.20997" lon="6.4673">
        <ele>842.7</ele>
      </trkpt>
      <trkpt lat="45.20997" lon="6.467329">
        <ele>842.6</ele>
      </trkpt>
      <trkpt lat="45.20994" lon="6.46752">
        <ele>842.8</ele>
      </trkpt>
      <trkpt lat="45.20994" lon="6.46755">
        <ele>842.5</ele>
      </trkpt>
      <trkpt lat="45.209919" lon="6.46766">
        <ele>841.9</ele>
      </trkpt>
      <trkpt lat="45.2099" lon="6.46774">
        <ele>841.7</ele>
      </trkpt>
      <trkpt lat="45.20988" lon="6.46782">
        <ele>841.5</ele>
      </trkpt>
      <trkpt lat="45.20986" lon="6.46789">
        <ele>841.3</ele>
      </trkpt>
      <trkpt lat="45.209829" lon="6.46796">
        <ele>841.5</ele>
      </trkpt>
      <trkpt lat="45.2098" lon="6.46803">
        <ele>841.7</ele>
      </trkpt>
      <trkpt lat="45.20973" lon="6.46817">
        <ele>842.3</ele>
      </trkpt>
      <trkpt lat="45.20969" lon="6.46822">
        <ele>843.0</ele>
      </trkpt>
      <trkpt lat="45.20969" lon="6.46823">
        <ele>842.9</ele>
      </trkpt>
      <trkpt lat="45.20964" lon="6.4683">
        <ele>843.6</ele>
      </trkpt>
      <trkpt lat="45.20956" lon="6.4684">
        <ele>844.7</ele>
      </trkpt>
      <trkpt lat="45.209539" lon="6.46842">
        <ele>845.0</ele>
      </trkpt>
      <trkpt lat="45.20951" lon="6.46845">
        <ele>845.4</ele>
      </trkpt>
      <trkpt lat="45.20935" lon="6.46857">
        <ele>848.4</ele>
      </trkpt>
      <trkpt lat="45.20918" lon="6.46866">
        <ele>852.1</ele>
      </trkpt>
      <trkpt lat="45.208979" lon="6.46874">
        <ele>855.2</ele>
      </trkpt>
      <trkpt lat="45.20885" lon="6.46878">
        <ele>857.3</ele>
      </trkpt>
      <trkpt lat="45.20872" lon="6.46881">
        <ele>859.5</ele>
      </trkpt>
      <trkpt lat="45.20866" lon="6.46883">
        <ele>860.4</ele>
      </trkpt>
      <trkpt lat="45.20859" lon="6.46886">
        <ele>861.2</ele>
      </trkpt>
      <trkpt lat="45.20855" lon="6.46888">
        <ele>861.7</ele>
      </trkpt>
      <trkpt lat="45.20853" lon="6.46889">
        <ele>861.9</ele>
      </trkpt>
      <trkpt lat="45.20852" lon="6.4689">
        <ele>861.9</ele>
      </trkpt>
      <trkpt lat="45.20844" lon="6.46895">
        <ele>862.5</ele>
      </trkpt>
      <trkpt lat="45.20839" lon="6.46898">
        <ele>862.9</ele>
      </trkpt>
      <trkpt lat="45.20838" lon="6.46899">
        <ele>862.9</ele>
      </trkpt>
      <trkpt lat="45.20835" lon="6.46902">
        <ele>862.8</ele>
      </trkpt>
      <trkpt lat="45.20821" lon="6.46913">
        <ele>863.9</ele>
      </trkpt>
      <trkpt lat="45.20806" lon="6.46928">
        <ele>863.9</ele>
      </trkpt>
      <trkpt lat="45.20799" lon="6.46936">
        <ele>863.8</ele>
      </trkpt>
      <trkpt lat="45.207949" lon="6.46938">
        <ele>864.3</ele>
      </trkpt>
      <trkpt lat="45.20792" lon="6.4694">
        <ele>864.7</ele>
      </trkpt>
      <trkpt lat="45.20789" lon="6.46941">
        <ele>865.2</ele>
      </trkpt>
      <trkpt lat="45.20785" lon="6.4694">
        <ele>866.6</ele>
      </trkpt>
      <trkpt lat="45.20783" lon="6.4694">
        <ele>867.1</ele>
      </trkpt>
      <trkpt lat="45.20781" lon="6.46939">
        <ele>867.9</ele>
      </trkpt>
      <trkpt lat="45.20778" lon="6.46936">
        <ele>869.5</ele>
      </trkpt>
      <trkpt lat="45.207769" lon="6.46933">
        <ele>870.4</ele>
      </trkpt>
      <trkpt lat="45.20775" lon="6.469299">
        <ele>871.6</ele>
      </trkpt>
      <trkpt lat="45.20775" lon="6.46925">
        <ele>872.8</ele>
      </trkpt>
      <trkpt lat="45.20775" lon="6.46922">
        <ele>873.5</ele>
      </trkpt>
      <trkpt lat="45.20776" lon="6.46917">
        <ele>874.4</ele>
      </trkpt>
      <trkpt lat="45.20778" lon="6.46914">
        <ele>874.6</ele>
      </trkpt>
      <trkpt lat="45.20783" lon="6.46907">
        <ele>875.1</ele>
      </trkpt>
      <trkpt lat="45.20789" lon="6.46901">
        <ele>875.1</ele>
      </trkpt>
      <trkpt lat="45.20792" lon="6.46898">
        <ele>875.0</ele>
      </trkpt>
      <trkpt lat="45.20796" lon="6.46894">
        <ele>874.9</ele>
      </trkpt>
      <trkpt lat="45.208" lon="6.4689">
        <ele>874.8</ele>
      </trkpt>
      <trkpt lat="45.20801" lon="6.46889">
        <ele>874.8</ele>
      </trkpt>
      <trkpt lat="45.20803" lon="6.46887">
        <ele>874.7</ele>
      </trkpt>
      <trkpt lat="45.20807" lon="6.46882">
        <ele>874.8</ele>
      </trkpt>
      <trkpt lat="45.20811" lon="6.46878">
        <ele>874.6</ele>
      </trkpt>
      <trkpt lat="45.20815" lon="6.46874">
        <ele>874.4</ele>
      </trkpt>
      <trkpt lat="45.20819" lon="6.468689">
        <ele>874.4</ele>
      </trkpt>
      <trkpt lat="45.20825" lon="6.46864">
        <ele>873.8</ele>
      </trkpt>
      <trkpt lat="45.20828" lon="6.4686">
        <ele>873.8</ele>
      </trkpt>
      <trkpt lat="45.20832" lon="6.46856">
        <ele>873.5</ele>
      </trkpt>
      <trkpt lat="45.20841" lon="6.46846">
        <ele>873.5</ele>
      </trkpt>
      <trkpt lat="45.20845" lon="6.4684">
        <ele>873.8</ele>
      </trkpt>
      <trkpt lat="45.20849" lon="6.46836">
        <ele>873.7</ele>
      </trkpt>
      <trkpt lat="45.20852" lon="6.4683">
        <ele>874.2</ele>
      </trkpt>
      <trkpt lat="45.20855" lon="6.46824">
        <ele>874.8</ele>
      </trkpt>
      <trkpt lat="45.20858" lon="6.46817">
        <ele>875.5</ele>
      </trkpt>
      <trkpt lat="45.208599" lon="6.4681">
        <ele>876.4</ele>
      </trkpt>
      <trkpt lat="45.20863" lon="6.46802">
        <ele>877.2</ele>
      </trkpt>
      <trkpt lat="45.20865" lon="6.467939">
        <ele>878.2</ele>
      </trkpt>
      <trkpt lat="45.20867" lon="6.46786">
        <ele>879.2</ele>
      </trkpt>
      <trkpt lat="45.20868" lon="6.46785">
        <ele>879.1</ele>
      </trkpt>
      <trkpt lat="45.2087" lon="6.46779">
        <ele>879.7</ele>
      </trkpt>
      <trkpt lat="45.20873" lon="6.46774">
        <ele>879.7</ele>
      </trkpt>
      <trkpt lat="45.20877" lon="6.46766">
        <ele>879.9</ele>
      </trkpt>
      <trkpt lat="45.208799" lon="6.4676">
        <ele>880.0</ele>
      </trkpt>
      <trkpt lat="45.20881" lon="6.4676">
        <ele>879.6</ele>
      </trkpt>
      <trkpt lat="45.20884" lon="6.467539">
        <ele>879.7</ele>
      </trkpt>
      <trkpt lat="45.20887" lon="6.46748">
        <ele>879.5</ele>
      </trkpt>
      <trkpt lat="45.2089" lon="6.46742">
        <ele>879.1</ele>
      </trkpt>
      <trkpt lat="45.20892" lon="6.46736">
        <ele>879.0</ele>
      </trkpt>
      <trkpt lat="45.20893" lon="6.4673">
        <ele>879.2</ele>
      </trkpt>
      <trkpt lat="45.20893" lon="6.46724">
        <ele>879.8</ele>
      </trkpt>
      <trkpt lat="45.20893" lon="6.46719">
        <ele>880.3</ele>
      </trkpt>
      <trkpt lat="45.20893" lon="6.46717">
        <ele>880.5</ele>
      </trkpt>
      <trkpt lat="45.20892" lon="6.46711">
        <ele>881.4</ele>
      </trkpt>
      <trkpt lat="45.20891" lon="6.46704">
        <ele>882.6</ele>
      </trkpt>
      <trkpt lat="45.2089" lon="6.467">
        <ele>883.4</ele>
      </trkpt>
      <trkpt lat="45.20888" lon="6.46694">
        <ele>884.9</ele>
      </trkpt>
      <trkpt lat="45.20886" lon="6.46688">
        <ele>886.4</ele>
      </trkpt>
      <trkpt lat="45.20885" lon="6.46685">
        <ele>887.2</ele>
      </trkpt>
      <trkpt lat="45.20884" lon="6.466789">
        <ele>888.3</ele>
      </trkpt>
      <trkpt lat="45.20882" lon="6.466719">
        <ele>890.0</ele>
      </trkpt>
      <trkpt lat="45.208799" lon="6.46666">
        <ele>891.6</ele>
      </trkpt>
      <trkpt lat="45.20878" lon="6.46659">
        <ele>892.9</ele>
      </trkpt>
      <trkpt lat="45.20876" lon="6.46652">
        <ele>894.1</ele>
      </trkpt>
      <trkpt lat="45.20876" lon="6.46647">
        <ele>894.3</ele>
      </trkpt>
      <trkpt lat="45.20876" lon="6.46645">
        <ele>894.3</ele>
      </trkpt>
      <trkpt lat="45.20876" lon="6.46643">
        <ele>894.4</ele>
      </trkpt>
      <trkpt lat="45.20875" lon="6.46638">
        <ele>895.0</ele>
      </trkpt>
      <trkpt lat="45.20875" lon="6.46631">
        <ele>895.3</ele>
      </trkpt>
      <trkpt lat="45.20876" lon="6.46624">
        <ele>895.1</ele>
      </trkpt>
      <trkpt lat="45.20876" lon="6.46622">
        <ele>895.2</ele>
      </trkpt>
      <trkpt lat="45.20877" lon="6.46617">
        <ele>894.9</ele>
      </trkpt>
      <trkpt lat="45.20878" lon="6.4661">
        <ele>894.8</ele>
      </trkpt>
      <trkpt lat="45.20879" lon="6.466039">
        <ele>894.6</ele>
      </trkpt>
      <trkpt lat="45.208799" lon="6.46597">
        <ele>894.5</ele>
      </trkpt>
      <trkpt lat="45.208799" lon="6.4659">
        <ele>894.8</ele>
      </trkpt>
      <trkpt lat="45.208799" lon="6.46583">
        <ele>895.1</ele>
      </trkpt>
      <trkpt lat="45.208799" lon="6.46576">
        <ele>895.1</ele>
      </trkpt>
      <trkpt lat="45.20879" lon="6.46569">
        <ele>895.5</ele>
      </trkpt>
      <trkpt lat="45.20877" lon="6.46562">
        <ele>896.3</ele>
      </trkpt>
      <trkpt lat="45.20876" lon="6.46555">
        <ele>896.7</ele>
      </trkpt>
      <trkpt lat="45.20874" lon="6.46548">
        <ele>897.3</ele>
      </trkpt>
      <trkpt lat="45.20872" lon="6.46541">
        <ele>898.0</ele>
      </trkpt>
      <trkpt lat="45.20871" lon="6.46534">
        <ele>898.3</ele>
      </trkpt>
      <trkpt lat="45.2087" lon="6.46527">
        <ele>898.5</ele>
      </trkpt>
      <trkpt lat="45.20869" lon="6.4652">
        <ele>898.8</ele>
      </trkpt>
      <trkpt lat="45.20869" lon="6.46513">
        <ele>898.7</ele>
      </trkpt>
      <trkpt lat="45.20869" lon="6.465099">
        <ele>898.7</ele>
      </trkpt>
      <trkpt lat="45.20869" lon="6.46506">
        <ele>898.6</ele>
      </trkpt>
      <trkpt lat="45.2087" lon="6.46499">
        <ele>898.3</ele>
      </trkpt>
      <trkpt lat="45.2087" lon="6.46492">
        <ele>898.5</ele>
      </trkpt>
      <trkpt lat="45.2087" lon="6.46485">
        <ele>898.7</ele>
      </trkpt>
      <trkpt lat="45.2087" lon="6.46478">
        <ele>898.9</ele>
      </trkpt>
      <trkpt lat="45.2087" lon="6.46472">
        <ele>899.0</ele>
      </trkpt>
      <trkpt lat="45.2087" lon="6.46465">
        <ele>899.2</ele>
      </trkpt>
      <trkpt lat="45.2087" lon="6.46459">
        <ele>899.3</ele>
      </trkpt>
      <trkpt lat="45.2087" lon="6.46453">
        <ele>899.5</ele>
      </trkpt>
      <trkpt lat="45.20869" lon="6.46447">
        <ele>899.9</ele>
      </trkpt>
      <trkpt lat="45.20868" lon="6.464419">
        <ele>900.2</ele>
      </trkpt>
      <trkpt lat="45.20867" lon="6.46437">
        <ele>900.5</ele>
      </trkpt>
      <trkpt lat="45.20865" lon="6.46432">
        <ele>901.0</ele>
      </trkpt>
      <trkpt lat="45.20863" lon="6.464279">
        <ele>901.5</ele>
      </trkpt>
      <trkpt lat="45.20858" lon="6.4642">
        <ele>902.5</ele>
      </trkpt>
      <trkpt lat="45.208509" lon="6.46415">
        <ele>903.8</ele>
      </trkpt>
      <trkpt lat="45.20847" lon="6.46413">
        <ele>904.6</ele>
      </trkpt>
      <trkpt lat="45.20843" lon="6.46411">
        <ele>905.3</ele>
      </trkpt>
      <trkpt lat="45.20839" lon="6.4641">
        <ele>906.0</ele>
      </trkpt>
      <trkpt lat="45.2083" lon="6.46407">
        <ele>908.2</ele>
      </trkpt>
      <trkpt lat="45.2082" lon="6.46403">
        <ele>911.8</ele>
      </trkpt>
      <trkpt lat="45.20814" lon="6.46401">
        <ele>914.0</ele>
      </trkpt>
      <trkpt lat="45.20811" lon="6.464">
        <ele>915.1</ele>
      </trkpt>
      <trkpt lat="45.20802" lon="6.46396">
        <ele>918.5</ele>
      </trkpt>
      <trkpt lat="45.20798" lon="6.46394">
        <ele>920.0</ele>
      </trkpt>
      <trkpt lat="45.20797" lon="6.46393">
        <ele>920.4</ele>
      </trkpt>
      <trkpt lat="45.20794" lon="6.4639">
        <ele>921.6</ele>
      </trkpt>
      <trkpt lat="45.20791" lon="6.46386">
        <ele>922.9</ele>
      </trkpt>
      <trkpt lat="45.20788" lon="6.46382">
        <ele>924.1</ele>
      </trkpt>
      <trkpt lat="45.20787" lon="6.46378">
        <ele>924.7</ele>
      </trkpt>
      <trkpt lat="45.20784" lon="6.46366">
        <ele>926.3</ele>
      </trkpt>
      <trkpt lat="45.20784" lon="6.463599">
        <ele>926.6</ele>
      </trkpt>
      <trkpt lat="45.20785" lon="6.46354">
        <ele>926.4</ele>
      </trkpt>
      <trkpt lat="45.207859" lon="6.46349">
        <ele>926.2</ele>
      </trkpt>
      <trkpt lat="45.20788" lon="6.46343">
        <ele>925.7</ele>
      </trkpt>
      <trkpt lat="45.20789" lon="6.46342">
        <ele>925.3</ele>
      </trkpt>
      <trkpt lat="45.20793" lon="6.46331">
        <ele>924.1</ele>
      </trkpt>
      <trkpt lat="45.20797" lon="6.46319">
        <ele>923.4</ele>
      </trkpt>
      <trkpt lat="45.20799" lon="6.46305">
        <ele>923.6</ele>
      </trkpt>
      <trkpt lat="45.20802" lon="6.46281">
        <ele>924.0</ele>
      </trkpt>
      <trkpt lat="45.20802" lon="6.46273">
        <ele>924.6</ele>
      </trkpt>
      <trkpt lat="45.20803" lon="6.46265">
        <ele>924.7</ele>
      </trkpt>
      <trkpt lat="45.20803" lon="6.46257">
        <ele>925.2</ele>
      </trkpt>
      <trkpt lat="45.208039" lon="6.46248">
        <ele>925.1</ele>
      </trkpt>
      <trkpt lat="45.208039" lon="6.4624">
        <ele>924.9</ele>
      </trkpt>
      <trkpt lat="45.208039" lon="6.46233">
        <ele>924.7</ele>
      </trkpt>
      <trkpt lat="45.20803" lon="6.46225">
        <ele>925.0</ele>
      </trkpt>
      <trkpt lat="45.20802" lon="6.46217">
        <ele>925.3</ele>
      </trkpt>
      <trkpt lat="45.20799" lon="6.4621">
        <ele>926.8</ele>
      </trkpt>
      <trkpt lat="45.20797" lon="6.46205">
        <ele>927.8</ele>
      </trkpt>
      <trkpt lat="45.20797" lon="6.46203">
        <ele>927.8</ele>
      </trkpt>
      <trkpt lat="45.20794" lon="6.46199">
        <ele>929.4</ele>
      </trkpt>
      <trkpt lat="45.20793" lon="6.46197">
        <ele>930.0</ele>
      </trkpt>
      <trkpt lat="45.2079" lon="6.461909">
        <ele>931.6</ele>
      </trkpt>
      <trkpt lat="45.20787" lon="6.46185">
        <ele>933.2</ele>
      </trkpt>
      <trkpt lat="45.207859" lon="6.461839">
        <ele>933.8</ele>
      </trkpt>
      <trkpt lat="45.20783" lon="6.46179">
        <ele>935.4</ele>
      </trkpt>
      <trkpt lat="45.20783" lon="6.46178">
        <ele>935.4</ele>
      </trkpt>
      <trkpt lat="45.2078" lon="6.46171">
        <ele>937.1</ele>
      </trkpt>
      <trkpt lat="45.207769" lon="6.46163">
        <ele>938.5</ele>
      </trkpt>
      <trkpt lat="45.20776" lon="6.46156">
        <ele>938.6</ele>
      </trkpt>
      <trkpt lat="45.20774" lon="6.46148">
        <ele>939.1</ele>
      </trkpt>
      <trkpt lat="45.20774" lon="6.4614">
        <ele>938.5</ele>
      </trkpt>
      <trkpt lat="45.20773" lon="6.46138">
        <ele>938.9</ele>
      </trkpt>
      <trkpt lat="45.20773" lon="6.46131">
        <ele>938.3</ele>
      </trkpt>
      <trkpt lat="45.20772" lon="6.461229">
        <ele>938.2</ele>
      </trkpt>
      <trkpt lat="45.20771" lon="6.46114">
        <ele>938.0</ele>
      </trkpt>
      <trkpt lat="45.2077" lon="6.46113">
        <ele>938.4</ele>
      </trkpt>
      <trkpt lat="45.20769" lon="6.46106">
        <ele>938.3</ele>
      </trkpt>
      <trkpt lat="45.20767" lon="6.46099">
        <ele>938.7</ele>
      </trkpt>
      <trkpt lat="45.20764" lon="6.46091">
        <ele>939.4</ele>
      </trkpt>
      <trkpt lat="45.20761" lon="6.46084">
        <ele>940.1</ele>
      </trkpt>
      <trkpt lat="45.20759" lon="6.46078">
        <ele>940.6</ele>
      </trkpt>
      <trkpt lat="45.20758" lon="6.460759">
        <ele>941.0</ele>
      </trkpt>
      <trkpt lat="45.20756" lon="6.46071">
        <ele>941.6</ele>
      </trkpt>
      <trkpt lat="45.20755" lon="6.46064">
        <ele>941.6</ele>
      </trkpt>
      <trkpt lat="45.20753" lon="6.46057">
        <ele>941.9</ele>
      </trkpt>
      <trkpt lat="45.20752" lon="6.4605">
        <ele>941.9</ele>
      </trkpt>
      <trkpt lat="45.20752" lon="6.46043">
        <ele>941.4</ele>
      </trkpt>
      <trkpt lat="45.20751" lon="6.46036">
        <ele>941.3</ele>
      </trkpt>
      <trkpt lat="45.2075" lon="6.46029">
        <ele>941.1</ele>
      </trkpt>
      <trkpt lat="45.20749" lon="6.46023">
        <ele>941.2</ele>
      </trkpt>
      <trkpt lat="45.207479" lon="6.4602">
        <ele>941.5</ele>
      </trkpt>
      <trkpt lat="45.20746" lon="6.46017">
        <ele>942.4</ele>
      </trkpt>
      <trkpt lat="45.20743" lon="6.46011">
        <ele>943.5</ele>
      </trkpt>
      <trkpt lat="45.2074" lon="6.46006">
        <ele>944.5</ele>
      </trkpt>
      <trkpt lat="45.20736" lon="6.460009">
        <ele>946.0</ele>
      </trkpt>
      <trkpt lat="45.20732" lon="6.45997">
        <ele>948.1</ele>
      </trkpt>
      <trkpt lat="45.20724" lon="6.45989">
        <ele>952.4</ele>
      </trkpt>
      <trkpt lat="45.20722" lon="6.45985">
        <ele>953.6</ele>
      </trkpt>
      <trkpt lat="45.20721" lon="6.45984">
        <ele>954.1</ele>
      </trkpt>
      <trkpt lat="45.20718" lon="6.45979">
        <ele>955.8</ele>
      </trkpt>
      <trkpt lat="45.20716" lon="6.45974">
        <ele>956.9</ele>
      </trkpt>
      <trkpt lat="45.20715" lon="6.45968">
        <ele>957.6</ele>
      </trkpt>
      <trkpt lat="45.20714" lon="6.45962">
        <ele>958.3</ele>
      </trkpt>
      <trkpt lat="45.20714" lon="6.45957">
        <ele>958.5</ele>
      </trkpt>
      <trkpt lat="45.20715" lon="6.4595">
        <ele>958.3</ele>
      </trkpt>
      <trkpt lat="45.20717" lon="6.45943">
        <ele>957.9</ele>
      </trkpt>
      <trkpt lat="45.2072" lon="6.45935">
        <ele>957.1</ele>
      </trkpt>
      <trkpt lat="45.20726" lon="6.45921">
        <ele>955.8</ele>
      </trkpt>
      <trkpt lat="45.20729" lon="6.45914">
        <ele>955.4</ele>
      </trkpt>
      <trkpt lat="45.20747" lon="6.4587">
        <ele>955.1</ele>
      </trkpt>
      <trkpt lat="45.20758" lon="6.45843">
        <ele>956.5</ele>
      </trkpt>
      <trkpt lat="45.20766" lon="6.45821">
        <ele>958.8</ele>
      </trkpt>
      <trkpt lat="45.20767" lon="6.45817">
        <ele>959.4</ele>
      </trkpt>
      <trkpt lat="45.20768" lon="6.45813">
        <ele>960.0</ele>
      </trkpt>
      <trkpt lat="45.2077" lon="6.45809">
        <ele>960.5</ele>
      </trkpt>
      <trkpt lat="45.20773" lon="6.45805">
        <ele>960.9</ele>
      </trkpt>
      <trkpt lat="45.20776" lon="6.45802">
        <ele>961.1</ele>
      </trkpt>
      <trkpt lat="45.207769" lon="6.45801">
        <ele>961.2</ele>
      </trkpt>
      <trkpt lat="45.20779" lon="6.458">
        <ele>961.1</ele>
      </trkpt>
      <trkpt lat="45.20781" lon="6.45798">
        <ele>961.3</ele>
      </trkpt>
      <trkpt lat="45.20783" lon="6.45798">
        <ele>961.1</ele>
      </trkpt>
      <trkpt lat="45.20785" lon="6.45797">
        <ele>961.1</ele>
      </trkpt>
      <trkpt lat="45.207859" lon="6.45796">
        <ele>961.2</ele>
      </trkpt>
      <trkpt lat="45.20789" lon="6.45796">
        <ele>960.9</ele>
      </trkpt>
      <trkpt lat="45.2079" lon="6.45796">
        <ele>960.8</ele>
      </trkpt>
      <trkpt lat="45.20794" lon="6.45796">
        <ele>960.4</ele>
      </trkpt>
      <trkpt lat="45.20798" lon="6.45796">
        <ele>960.0</ele>
      </trkpt>
      <trkpt lat="45.20801" lon="6.45796">
        <ele>959.7</ele>
      </trkpt>
      <trkpt lat="45.20805" lon="6.45796">
        <ele>959.3</ele>
      </trkpt>
      <trkpt lat="45.20809" lon="6.45796">
        <ele>958.9</ele>
      </trkpt>
      <trkpt lat="45.20812" lon="6.45796">
        <ele>958.6</ele>
      </trkpt>
      <trkpt lat="45.20813" lon="6.45796">
        <ele>958.5</ele>
      </trkpt>
      <trkpt lat="45.20817" lon="6.45796">
        <ele>958.1</ele>
      </trkpt>
      <trkpt lat="45.2082" lon="6.45796">
        <ele>957.8</ele>
      </trkpt>
      <trkpt lat="45.20824" lon="6.45796">
        <ele>957.3</ele>
      </trkpt>
      <trkpt lat="45.20828" lon="6.45796">
        <ele>956.9</ele>
      </trkpt>
      <trkpt lat="45.20832" lon="6.45796">
        <ele>956.5</ele>
      </trkpt>
      <trkpt lat="45.20836" lon="6.45796">
        <ele>956.5</ele>
      </trkpt>
      <trkpt lat="45.2084" lon="6.45795">
        <ele>956.9</ele>
      </trkpt>
      <trkpt lat="45.20843" lon="6.45794">
        <ele>957.3</ele>
      </trkpt>
      <trkpt lat="45.20847" lon="6.45792">
        <ele>958.0</ele>
      </trkpt>
      <trkpt lat="45.208509" lon="6.45791">
        <ele>958.4</ele>
      </trkpt>
      <trkpt lat="45.20854" lon="6.45789">
        <ele>959.1</ele>
      </trkpt>
      <trkpt lat="45.20858" lon="6.45787">
        <ele>959.8</ele>
      </trkpt>
      <trkpt lat="45.20862" lon="6.45786">
        <ele>960.2</ele>
      </trkpt>
      <trkpt lat="45.20865" lon="6.45784">
        <ele>960.9</ele>
      </trkpt>
      <trkpt lat="45.20869" lon="6.45783">
        <ele>961.4</ele>
      </trkpt>
      <trkpt lat="45.20873" lon="6.45783">
        <ele>961.6</ele>
      </trkpt>
      <trkpt lat="45.20877" lon="6.45783">
        <ele>961.8</ele>
      </trkpt>
      <trkpt lat="45.208799" lon="6.45784">
        <ele>961.6</ele>
      </trkpt>
      <trkpt lat="45.20884" lon="6.45784">
        <ele>961.8</ele>
      </trkpt>
      <trkpt lat="45.20888" lon="6.45785">
        <ele>961.7</ele>
      </trkpt>
      <trkpt lat="45.20892" lon="6.45786">
        <ele>961.6</ele>
      </trkpt>
      <trkpt lat="45.20896" lon="6.45787">
        <ele>961.5</ele>
      </trkpt>
      <trkpt lat="45.20901" lon="6.45788">
        <ele>961.4</ele>
      </trkpt>
      <trkpt lat="45.20903" lon="6.45789">
        <ele>961.2</ele>
      </trkpt>
      <trkpt lat="45.209069" lon="6.4579">
        <ele>961.1</ele>
      </trkpt>
      <trkpt lat="45.20911" lon="6.4579">
        <ele>961.3</ele>
      </trkpt>
      <trkpt lat="45.20915" lon="6.4579">
        <ele>961.4</ele>
      </trkpt>
      <trkpt lat="45.20918" lon="6.4579">
        <ele>961.6</ele>
      </trkpt>
      <trkpt lat="45.20922" lon="6.45789">
        <ele>962.0</ele>
      </trkpt>
      <trkpt lat="45.20926" lon="6.45788">
        <ele>962.5</ele>
      </trkpt>
      <trkpt lat="45.20929" lon="6.45786">
        <ele>963.3</ele>
      </trkpt>
      <trkpt lat="45.20933" lon="6.45784">
        <ele>964.0</ele>
      </trkpt>
      <trkpt lat="45.209359" lon="6.45781">
        <ele>965.0</ele>
      </trkpt>
      <trkpt lat="45.20939" lon="6.45778">
        <ele>966.1</ele>
      </trkpt>
      <trkpt lat="45.20943" lon="6.45776">
        <ele>966.8</ele>
      </trkpt>
      <trkpt lat="45.20946" lon="6.45773">
        <ele>967.8</ele>
      </trkpt>
      <trkpt lat="45.20949" lon="6.4577">
        <ele>968.8</ele>
      </trkpt>
      <trkpt lat="45.20955" lon="6.457639">
        <ele>970.8</ele>
      </trkpt>
      <trkpt lat="45.20958" lon="6.45761">
        <ele>971.8</ele>
      </trkpt>
      <trkpt lat="45.20962" lon="6.45758">
        <ele>972.7</ele>
      </trkpt>
      <trkpt lat="45.20965" lon="6.45756">
        <ele>973.4</ele>
      </trkpt>
      <trkpt lat="45.20968" lon="6.45753">
        <ele>974.4</ele>
      </trkpt>
      <trkpt lat="45.20972" lon="6.45751">
        <ele>975.0</ele>
      </trkpt>
      <trkpt lat="45.20976" lon="6.45749">
        <ele>975.6</ele>
      </trkpt>
      <trkpt lat="45.2098" lon="6.45748">
        <ele>975.9</ele>
      </trkpt>
      <trkpt lat="45.209829" lon="6.45747">
        <ele>976.2</ele>
      </trkpt>
      <trkpt lat="45.20987" lon="6.45746">
        <ele>976.5</ele>
      </trkpt>
      <trkpt lat="45.20991" lon="6.45746">
        <ele>976.6</ele>
      </trkpt>
      <trkpt lat="45.20995" lon="6.45746">
        <ele>976.7</ele>
      </trkpt>
      <trkpt lat="45.20999" lon="6.45746">
        <ele>976.7</ele>
      </trkpt>
      <trkpt lat="45.21005" lon="6.45746">
        <ele>976.4</ele>
      </trkpt>
      <trkpt lat="45.21009" lon="6.45746">
        <ele>976.1</ele>
      </trkpt>
      <trkpt lat="45.21015" lon="6.45746">
        <ele>975.7</ele>
      </trkpt>
      <trkpt lat="45.2102" lon="6.45747">
        <ele>975.2</ele>
      </trkpt>
      <trkpt lat="45.21024" lon="6.45747">
        <ele>974.9</ele>
      </trkpt>
      <trkpt lat="45.21028" lon="6.45748">
        <ele>974.6</ele>
      </trkpt>
      <trkpt lat="45.21031" lon="6.45749">
        <ele>974.2</ele>
      </trkpt>
      <trkpt lat="45.21033" lon="6.45749">
        <ele>974.1</ele>
      </trkpt>
      <trkpt lat="45.21033" lon="6.457499">
        <ele>974.0</ele>
      </trkpt>
      <trkpt lat="45.21035" lon="6.45751">
        <ele>973.7</ele>
      </trkpt>
      <trkpt lat="45.21037" lon="6.45752">
        <ele>973.4</ele>
      </trkpt>
      <trkpt lat="45.210389" lon="6.45753">
        <ele>973.0</ele>
      </trkpt>
      <trkpt lat="45.21042" lon="6.45755">
        <ele>972.5</ele>
      </trkpt>
      <trkpt lat="45.21044" lon="6.45756">
        <ele>972.2</ele>
      </trkpt>
      <trkpt lat="45.21047" lon="6.45759">
        <ele>971.5</ele>
      </trkpt>
      <trkpt lat="45.21049" lon="6.4576">
        <ele>971.2</ele>
      </trkpt>
      <trkpt lat="45.21051" lon="6.45762">
        <ele>970.8</ele>
      </trkpt>
      <trkpt lat="45.21052" lon="6.45763">
        <ele>970.6</ele>
      </trkpt>
      <trkpt lat="45.21054" lon="6.45765">
        <ele>970.1</ele>
      </trkpt>
      <trkpt lat="45.21057" lon="6.45767">
        <ele>969.7</ele>
      </trkpt>
      <trkpt lat="45.2106" lon="6.45769">
        <ele>969.3</ele>
      </trkpt>
      <trkpt lat="45.21063" lon="6.4577">
        <ele>969.1</ele>
      </trkpt>
      <trkpt lat="45.21064" lon="6.4577">
        <ele>969.0</ele>
      </trkpt>
      <trkpt lat="45.21066" lon="6.4577">
        <ele>969.0</ele>
      </trkpt>
      <trkpt lat="45.21068" lon="6.4577">
        <ele>968.9</ele>
      </trkpt>
      <trkpt lat="45.2107" lon="6.45769">
        <ele>969.0</ele>
      </trkpt>
      <trkpt lat="45.21071" lon="6.45768">
        <ele>969.2</ele>
      </trkpt>
      <trkpt lat="45.21073" lon="6.45766">
        <ele>969.4</ele>
      </trkpt>
      <trkpt lat="45.21073" lon="6.45765">
        <ele>969.5</ele>
      </trkpt>
      <trkpt lat="45.21074" lon="6.457639">
        <ele>969.6</ele>
      </trkpt>
      <trkpt lat="45.21074" lon="6.45763">
        <ele>969.8</ele>
      </trkpt>
      <trkpt lat="45.21075" lon="6.45759">
        <ele>970.3</ele>
      </trkpt>
      <trkpt lat="45.21075" lon="6.45756">
        <ele>970.7</ele>
      </trkpt>
      <trkpt lat="45.21075" lon="6.45754">
        <ele>971.0</ele>
      </trkpt>
      <trkpt lat="45.21075" lon="6.45751">
        <ele>971.4</ele>
      </trkpt>
      <trkpt lat="45.21073" lon="6.45748">
        <ele>971.6</ele>
      </trkpt>
      <trkpt lat="45.21072" lon="6.45745">
        <ele>971.7</ele>
      </trkpt>
      <trkpt lat="45.21071" lon="6.457429">
        <ele>971.7</ele>
      </trkpt>
      <trkpt lat="45.2107" lon="6.45741">
        <ele>971.8</ele>
      </trkpt>
      <trkpt lat="45.21065" lon="6.45736">
        <ele>972.3</ele>
      </trkpt>
      <trkpt lat="45.21058" lon="6.45725">
        <ele>973.4</ele>
      </trkpt>
      <trkpt lat="45.21057" lon="6.45724">
        <ele>973.5</ele>
      </trkpt>
      <trkpt lat="45.21049" lon="6.45713">
        <ele>975.2</ele>
      </trkpt>
      <trkpt lat="45.21042" lon="6.45701">
        <ele>977.3</ele>
      </trkpt>
      <trkpt lat="45.21034" lon="6.456889">
        <ele>980.0</ele>
      </trkpt>
      <trkpt lat="45.21029" lon="6.456819">
        <ele>981.9</ele>
      </trkpt>
      <trkpt lat="45.21026" lon="6.45676">
        <ele>983.4</ele>
      </trkpt>
      <trkpt lat="45.210209" lon="6.45668">
        <ele>985.8</ele>
      </trkpt>
      <trkpt lat="45.210209" lon="6.45667">
        <ele>985.9</ele>
      </trkpt>
      <trkpt lat="45.21018" lon="6.4566">
        <ele>987.2</ele>
      </trkpt>
      <trkpt lat="45.21015" lon="6.45652">
        <ele>988.6</ele>
      </trkpt>
      <trkpt lat="45.2101" lon="6.45637">
        <ele>991.0</ele>
      </trkpt>
      <trkpt lat="45.21008" lon="6.456279">
        <ele>992.1</ele>
      </trkpt>
      <trkpt lat="45.21005" lon="6.45617">
        <ele>993.6</ele>
      </trkpt>
      <trkpt lat="45.21004" lon="6.4561">
        <ele>994.3</ele>
      </trkpt>
      <trkpt lat="45.21002" lon="6.45602">
        <ele>995.3</ele>
      </trkpt>
      <trkpt lat="45.21002" lon="6.45593">
        <ele>995.9</ele>
      </trkpt>
      <trkpt lat="45.210009" lon="6.45586">
        <ele>996.6</ele>
      </trkpt>
      <trkpt lat="45.21002" lon="6.4558">
        <ele>996.9</ele>
      </trkpt>
      <trkpt lat="45.21002" lon="6.45573">
        <ele>997.7</ele>
      </trkpt>
      <trkpt lat="45.21004" lon="6.45562">
        <ele>998.5</ele>
      </trkpt>
      <trkpt lat="45.21013" lon="6.45534">
        <ele>999.7</ele>
      </trkpt>
      <trkpt lat="45.21019" lon="6.45517">
        <ele>1000.3</ele>
      </trkpt>
      <trkpt lat="45.21025" lon="6.45504">
        <ele>1000.5</ele>
      </trkpt>
      <trkpt lat="45.21029" lon="6.45495">
        <ele>1001.4</ele>
      </trkpt>
      <trkpt lat="45.21032" lon="6.45489">
        <ele>1002.3</ele>
      </trkpt>
      <trkpt lat="45.21034" lon="6.45486">
        <ele>1002.7</ele>
      </trkpt>
      <trkpt lat="45.21035" lon="6.45483">
        <ele>1003.3</ele>
      </trkpt>
      <trkpt lat="45.21038" lon="6.45478">
        <ele>1004.0</ele>
      </trkpt>
      <trkpt lat="45.2104" lon="6.45473">
        <ele>1005.0</ele>
      </trkpt>
      <trkpt lat="45.21041" lon="6.45469">
        <ele>1005.9</ele>
      </trkpt>
      <trkpt lat="45.21042" lon="6.45464">
        <ele>1007.1</ele>
      </trkpt>
      <trkpt lat="45.21041" lon="6.454589">
        <ele>1008.7</ele>
      </trkpt>
      <trkpt lat="45.21041" lon="6.45456">
        <ele>1009.5</ele>
      </trkpt>
      <trkpt lat="45.210389" lon="6.45453">
        <ele>1010.8</ele>
      </trkpt>
      <trkpt lat="45.21037" lon="6.4545">
        <ele>1012.0</ele>
      </trkpt>
      <trkpt lat="45.21034" lon="6.45448">
        <ele>1013.1</ele>
      </trkpt>
      <trkpt lat="45.21032" lon="6.45447">
        <ele>1013.7</ele>
      </trkpt>
      <trkpt lat="45.210299" lon="6.45446">
        <ele>1014.4</ele>
      </trkpt>
      <trkpt lat="45.21027" lon="6.45446">
        <ele>1014.9</ele>
      </trkpt>
      <trkpt lat="45.21024" lon="6.45447">
        <ele>1015.2</ele>
      </trkpt>
      <trkpt lat="45.21023" lon="6.45448">
        <ele>1015.2</ele>
      </trkpt>
      <trkpt lat="45.210209" lon="6.45449">
        <ele>1015.3</ele>
      </trkpt>
      <trkpt lat="45.21019" lon="6.454519">
        <ele>1014.9</ele>
      </trkpt>
      <trkpt lat="45.21018" lon="6.45455">
        <ele>1014.3</ele>
      </trkpt>
      <trkpt lat="45.21016" lon="6.454589">
        <ele>1013.7</ele>
      </trkpt>
      <trkpt lat="45.21013" lon="6.45467">
        <ele>1012.2</ele>
      </trkpt>
      <trkpt lat="45.21011" lon="6.45472">
        <ele>1011.4</ele>
      </trkpt>
      <trkpt lat="45.2101" lon="6.45474">
        <ele>1011.1</ele>
      </trkpt>
      <trkpt lat="45.21008" lon="6.45479">
        <ele>1010.3</ele>
      </trkpt>
      <trkpt lat="45.21005" lon="6.45485">
        <ele>1009.5</ele>
      </trkpt>
      <trkpt lat="45.21003" lon="6.45488">
        <ele>1009.2</ele>
      </trkpt>
      <trkpt lat="45.21002" lon="6.45489">
        <ele>1009.2</ele>
      </trkpt>
      <trkpt lat="45.21" lon="6.45491">
        <ele>1009.2</ele>
      </trkpt>
      <trkpt lat="45.20999" lon="6.45492">
        <ele>1009.2</ele>
      </trkpt>
      <trkpt lat="45.20995" lon="6.45495">
        <ele>1009.4</ele>
      </trkpt>
      <trkpt lat="45.209919" lon="6.45498">
        <ele>1009.5</ele>
      </trkpt>
      <trkpt lat="45.20989" lon="6.45501">
        <ele>1009.7</ele>
      </trkpt>
      <trkpt lat="45.20986" lon="6.45503">
        <ele>1010.2</ele>
      </trkpt>
      <trkpt lat="45.20984" lon="6.45505">
        <ele>1010.4</ele>
      </trkpt>
      <trkpt lat="45.209829" lon="6.45505">
        <ele>1010.7</ele>
      </trkpt>
      <trkpt lat="45.20979" lon="6.45508">
        <ele>1011.3</ele>
      </trkpt>
      <trkpt lat="45.20976" lon="6.45511">
        <ele>1011.7</ele>
      </trkpt>
      <trkpt lat="45.20973" lon="6.45514">
        <ele>1012.1</ele>
      </trkpt>
      <trkpt lat="45.2097" lon="6.45517">
        <ele>1012.5</ele>
      </trkpt>
      <trkpt lat="45.20968" lon="6.455199">
        <ele>1012.7</ele>
      </trkpt>
      <trkpt lat="45.20964" lon="6.45529">
        <ele>1012.6</ele>
      </trkpt>
      <trkpt lat="45.20961" lon="6.45533">
        <ele>1012.9</ele>
      </trkpt>
      <trkpt lat="45.20959" lon="6.45539">
        <ele>1012.7</ele>
      </trkpt>
      <trkpt lat="45.20958" lon="6.45543">
        <ele>1012.4</ele>
      </trkpt>
      <trkpt lat="45.20957" lon="6.45548">
        <ele>1012.1</ele>
      </trkpt>
      <trkpt lat="45.20956" lon="6.45552">
        <ele>1011.8</ele>
      </trkpt>
      <trkpt lat="45.20955" lon="6.45556">
        <ele>1011.6</ele>
      </trkpt>
      <trkpt lat="45.20955" lon="6.45565">
        <ele>1010.5</ele>
      </trkpt>
      <trkpt lat="45.209539" lon="6.45577">
        <ele>1009.4</ele>
      </trkpt>
      <trkpt lat="45.209539" lon="6.45585">
        <ele>1008.3</ele>
      </trkpt>
      <trkpt lat="45.209539" lon="6.4559">
        <ele>1007.5</ele>
      </trkpt>
      <trkpt lat="45.20953" lon="6.45595">
        <ele>1007.0</ele>
      </trkpt>
      <trkpt lat="45.20952" lon="6.45601">
        <ele>1006.2</ele>
      </trkpt>
      <trkpt lat="45.20952" lon="6.45603">
        <ele>1005.9</ele>
      </trkpt>
      <trkpt lat="45.2095" lon="6.45605">
        <ele>1006.0</ele>
      </trkpt>
      <trkpt lat="45.20949" lon="6.45607">
        <ele>1005.8</ele>
      </trkpt>
      <trkpt lat="45.20948" lon="6.45608">
        <ele>1005.9</ele>
      </trkpt>
      <trkpt lat="45.20947" lon="6.45609">
        <ele>1005.9</ele>
      </trkpt>
      <trkpt lat="45.20946" lon="6.4561">
        <ele>1005.9</ele>
      </trkpt>
      <trkpt lat="45.209449" lon="6.45611">
        <ele>1005.9</ele>
      </trkpt>
      <trkpt lat="45.20944" lon="6.45612">
        <ele>1005.9</ele>
      </trkpt>
      <trkpt lat="45.20942" lon="6.45613">
        <ele>1006.1</ele>
      </trkpt>
      <trkpt lat="45.2094" lon="6.45613">
        <ele>1006.5</ele>
      </trkpt>
      <trkpt lat="45.20938" lon="6.45613">
        <ele>1006.9</ele>
      </trkpt>
      <trkpt lat="45.20934" lon="6.45613">
        <ele>1007.6</ele>
      </trkpt>
      <trkpt lat="45.2093" lon="6.45613">
        <ele>1008.4</ele>
      </trkpt>
      <trkpt lat="45.20923" lon="6.45611">
        <ele>1010.1</ele>
      </trkpt>
      <trkpt lat="45.20911" lon="6.45609">
        <ele>1010.8</ele>
      </trkpt>
      <trkpt lat="45.2091" lon="6.45608">
        <ele>1010.9</ele>
      </trkpt>
      <trkpt lat="45.20909" lon="6.45608">
        <ele>1010.7</ele>
      </trkpt>
      <trkpt lat="45.20906" lon="6.45607">
        <ele>1010.4</ele>
      </trkpt>
      <trkpt lat="45.20902" lon="6.45605">
        <ele>1010.2</ele>
      </trkpt>
      <trkpt lat="45.20899" lon="6.45603">
        <ele>1010.1</ele>
      </trkpt>
      <trkpt lat="45.20896" lon="6.456">
        <ele>1010.2</ele>
      </trkpt>
      <trkpt lat="45.20894" lon="6.45597">
        <ele>1010.5</ele>
      </trkpt>
      <trkpt lat="45.20891" lon="6.45591">
        <ele>1011.3</ele>
      </trkpt>
      <trkpt lat="45.208889" lon="6.45587">
        <ele>1011.9</ele>
      </trkpt>
      <trkpt lat="45.20888" lon="6.45583">
        <ele>1012.5</ele>
      </trkpt>
      <trkpt lat="45.20886" lon="6.45578">
        <ele>1013.0</ele>
      </trkpt>
      <trkpt lat="45.20885" lon="6.45575">
        <ele>1013.3</ele>
      </trkpt>
      <trkpt lat="45.20883" lon="6.455669">
        <ele>1014.3</ele>
      </trkpt>
      <trkpt lat="45.208799" lon="6.45557">
        <ele>1015.5</ele>
      </trkpt>
      <trkpt lat="45.20878" lon="6.45551">
        <ele>1016.3</ele>
      </trkpt>
      <trkpt lat="45.20875" lon="6.45541">
        <ele>1017.6</ele>
      </trkpt>
      <trkpt lat="45.20873" lon="6.45535">
        <ele>1018.5</ele>
      </trkpt>
      <trkpt lat="45.20871" lon="6.45528">
        <ele>1019.5</ele>
      </trkpt>
      <trkpt lat="45.2087" lon="6.45526">
        <ele>1019.8</ele>
      </trkpt>
      <trkpt lat="45.20867" lon="6.45518">
        <ele>1021.0</ele>
      </trkpt>
      <trkpt lat="45.20865" lon="6.45514">
        <ele>1021.6</ele>
      </trkpt>
      <trkpt lat="45.20863" lon="6.4551">
        <ele>1022.2</ele>
      </trkpt>
      <trkpt lat="45.20861" lon="6.45505">
        <ele>1023.0</ele>
      </trkpt>
      <trkpt lat="45.20858" lon="6.454989">
        <ele>1024.0</ele>
      </trkpt>
      <trkpt lat="45.20854" lon="6.45492">
        <ele>1025.2</ele>
      </trkpt>
      <trkpt lat="45.20847" lon="6.45478">
        <ele>1027.8</ele>
      </trkpt>
      <trkpt lat="45.2084" lon="6.45465">
        <ele>1030.3</ele>
      </trkpt>
      <trkpt lat="45.20831" lon="6.45448">
        <ele>1033.4</ele>
      </trkpt>
      <trkpt lat="45.20826" lon="6.45437">
        <ele>1035.0</ele>
      </trkpt>
      <trkpt lat="45.20821" lon="6.45427">
        <ele>1036.3</ele>
      </trkpt>
      <trkpt lat="45.20818" lon="6.45422">
        <ele>1036.9</ele>
      </trkpt>
      <trkpt lat="45.20816" lon="6.45418">
        <ele>1037.4</ele>
      </trkpt>
      <trkpt lat="45.20815" lon="6.45415">
        <ele>1038.0</ele>
      </trkpt>
      <trkpt lat="45.20812" lon="6.45409">
        <ele>1039.5</ele>
      </trkpt>
      <trkpt lat="45.2081" lon="6.45404">
        <ele>1040.8</ele>
      </trkpt>
      <trkpt lat="45.20808" lon="6.45399">
        <ele>1042.1</ele>
      </trkpt>
      <trkpt lat="45.208039" lon="6.45389">
        <ele>1044.6</ele>
      </trkpt>
      <trkpt lat="45.208" lon="6.4538">
        <ele>1046.8</ele>
      </trkpt>
      <trkpt lat="45.20796" lon="6.45373">
        <ele>1048.3</ele>
      </trkpt>
      <trkpt lat="45.20794" lon="6.45369">
        <ele>1049.2</ele>
      </trkpt>
      <trkpt lat="45.20792" lon="6.45365">
        <ele>1050.1</ele>
      </trkpt>
      <trkpt lat="45.20789" lon="6.45361">
        <ele>1050.8</ele>
      </trkpt>
      <trkpt lat="45.20788" lon="6.45361">
        <ele>1050.6</ele>
      </trkpt>
      <trkpt lat="45.207859" lon="6.45358">
        <ele>1051.1</ele>
      </trkpt>
      <trkpt lat="45.20782" lon="6.45355">
        <ele>1051.2</ele>
      </trkpt>
      <trkpt lat="45.20779" lon="6.45352">
        <ele>1051.6</ele>
      </trkpt>
      <trkpt lat="45.20776" lon="6.45349">
        <ele>1051.9</ele>
      </trkpt>
      <trkpt lat="45.20773" lon="6.45347">
        <ele>1051.8</ele>
      </trkpt>
      <trkpt lat="45.2077" lon="6.45346">
        <ele>1051.5</ele>
      </trkpt>
      <trkpt lat="45.20767" lon="6.453439">
        <ele>1051.5</ele>
      </trkpt>
      <trkpt lat="45.20763" lon="6.45343">
        <ele>1050.9</ele>
      </trkpt>
      <trkpt lat="45.20759" lon="6.45341">
        <ele>1050.6</ele>
      </trkpt>
      <trkpt lat="45.20756" lon="6.45341">
        <ele>1050.0</ele>
      </trkpt>
      <trkpt lat="45.20753" lon="6.4534">
        <ele>1049.6</ele>
      </trkpt>
      <trkpt lat="45.20747" lon="6.45339">
        <ele>1049.5</ele>
      </trkpt>
      <trkpt lat="45.2074" lon="6.45338">
        <ele>1050.4</ele>
      </trkpt>
      <trkpt lat="45.20734" lon="6.45338">
        <ele>1050.9</ele>
      </trkpt>
      <trkpt lat="45.20727" lon="6.453369">
        <ele>1051.8</ele>
      </trkpt>
      <trkpt lat="45.20722" lon="6.453369">
        <ele>1052.2</ele>
      </trkpt>
      <trkpt lat="45.2072" lon="6.453369">
        <ele>1052.4</ele>
      </trkpt>
      <trkpt lat="45.20716" lon="6.453369">
        <ele>1052.7</ele>
      </trkpt>
      <trkpt lat="45.20712" lon="6.453369">
        <ele>1053.1</ele>
      </trkpt>
      <trkpt lat="45.20709" lon="6.45338">
        <ele>1053.0</ele>
      </trkpt>
      <trkpt lat="45.20705" lon="6.45339">
        <ele>1053.0</ele>
      </trkpt>
      <trkpt lat="45.20702" lon="6.45339">
        <ele>1053.3</ele>
      </trkpt>
      <trkpt lat="45.207009" lon="6.45339">
        <ele>1053.4</ele>
      </trkpt>
      <trkpt lat="45.20697" lon="6.4534">
        <ele>1053.4</ele>
      </trkpt>
      <trkpt lat="45.20693" lon="6.45341">
        <ele>1053.5</ele>
      </trkpt>
      <trkpt lat="45.2069" lon="6.45342">
        <ele>1053.4</ele>
      </trkpt>
      <trkpt lat="45.20684" lon="6.45343">
        <ele>1053.6</ele>
      </trkpt>
      <trkpt lat="45.20682" lon="6.45343">
        <ele>1053.8</ele>
      </trkpt>
      <trkpt lat="45.20674" lon="6.453439">
        <ele>1054.2</ele>
      </trkpt>
      <trkpt lat="45.2067" lon="6.453439">
        <ele>1054.5</ele>
      </trkpt>
      <trkpt lat="45.20666" lon="6.453439">
        <ele>1054.8</ele>
      </trkpt>
      <trkpt lat="45.20655" lon="6.453439">
        <ele>1055.1</ele>
      </trkpt>
      <trkpt lat="45.20651" lon="6.453439">
        <ele>1055.2</ele>
      </trkpt>
      <trkpt lat="45.20647" lon="6.453439">
        <ele>1055.4</ele>
      </trkpt>
      <trkpt lat="45.20644" lon="6.453439">
        <ele>1055.4</ele>
      </trkpt>
      <trkpt lat="45.2064" lon="6.45343">
        <ele>1055.8</ele>
      </trkpt>
      <trkpt lat="45.206359" lon="6.45343">
        <ele>1056.0</ele>
      </trkpt>
      <trkpt lat="45.20632" lon="6.45342">
        <ele>1056.4</ele>
      </trkpt>
      <trkpt lat="45.20625" lon="6.4534">
        <ele>1057.1</ele>
      </trkpt>
      <trkpt lat="45.20621" lon="6.45338">
        <ele>1057.8</ele>
      </trkpt>
      <trkpt lat="45.20617" lon="6.453369">
        <ele>1058.2</ele>
      </trkpt>
      <trkpt lat="45.20614" lon="6.45335">
        <ele>1058.8</ele>
      </trkpt>
      <trkpt lat="45.20606" lon="6.45332">
        <ele>1060.0</ele>
      </trkpt>
      <trkpt lat="45.20596" lon="6.45328">
        <ele>1062.0</ele>
      </trkpt>
      <trkpt lat="45.205889" lon="6.45326">
        <ele>1063.1</ele>
      </trkpt>
      <trkpt lat="45.20578" lon="6.45324">
        <ele>1064.8</ele>
      </trkpt>
      <trkpt lat="45.20563" lon="6.45321">
        <ele>1067.8</ele>
      </trkpt>
      <trkpt lat="45.20554" lon="6.4532">
        <ele>1069.3</ele>
      </trkpt>
      <trkpt lat="45.2055" lon="6.45319">
        <ele>1070.2</ele>
      </trkpt>
      <trkpt lat="45.205419" lon="6.45319">
        <ele>1071.1</ele>
      </trkpt>
      <trkpt lat="45.20536" lon="6.45319">
        <ele>1071.7</ele>
      </trkpt>
      <trkpt lat="45.20527" lon="6.45319">
        <ele>1072.8</ele>
      </trkpt>
      <trkpt lat="45.20524" lon="6.4532">
        <ele>1072.7</ele>
      </trkpt>
      <trkpt lat="45.20521" lon="6.4532">
        <ele>1073.0</ele>
      </trkpt>
      <trkpt lat="45.205" lon="6.4532">
        <ele>1075.4</ele>
      </trkpt>
      <trkpt lat="45.20475" lon="6.4532">
        <ele>1079.5</ele>
      </trkpt>
      <trkpt lat="45.20452" lon="6.45319">
        <ele>1083.6</ele>
      </trkpt>
      <trkpt lat="45.20443" lon="6.45318">
        <ele>1085.4</ele>
      </trkpt>
      <trkpt lat="45.20434" lon="6.45318">
        <ele>1086.8</ele>
      </trkpt>
      <trkpt lat="45.20432" lon="6.45318">
        <ele>1087.1</ele>
      </trkpt>
      <trkpt lat="45.20424" lon="6.45319">
        <ele>1088.1</ele>
      </trkpt>
      <trkpt lat="45.2042" lon="6.45319">
        <ele>1088.8</ele>
      </trkpt>
      <trkpt lat="45.20416" lon="6.45319">
        <ele>1089.5</ele>
      </trkpt>
      <trkpt lat="45.20416" lon="6.4532">
        <ele>1089.2</ele>
      </trkpt>
      <trkpt lat="45.204099" lon="6.45321">
        <ele>1090.7</ele>
      </trkpt>
      <trkpt lat="45.20404" lon="6.453229">
        <ele>1091.9</ele>
      </trkpt>
      <trkpt lat="45.20398" lon="6.45325">
        <ele>1093.1</ele>
      </trkpt>
      <trkpt lat="45.20394" lon="6.45327">
        <ele>1093.8</ele>
      </trkpt>
      <trkpt lat="45.20391" lon="6.45329">
        <ele>1094.2</ele>
      </trkpt>
      <trkpt lat="45.20388" lon="6.45332">
        <ele>1094.3</ele>
      </trkpt>
      <trkpt lat="45.20385" lon="6.45335">
        <ele>1094.7</ele>
      </trkpt>
      <trkpt lat="45.20383" lon="6.453369">
        <ele>1095.0</ele>
      </trkpt>
      <trkpt lat="45.20381" lon="6.45342">
        <ele>1095.0</ele>
      </trkpt>
      <trkpt lat="45.20378" lon="6.45352">
        <ele>1094.5</ele>
      </trkpt>
      <trkpt lat="45.20376" lon="6.4536">
        <ele>1094.0</ele>
      </trkpt>
      <trkpt lat="45.20375" lon="6.45363">
        <ele>1093.9</ele>
      </trkpt>
      <trkpt lat="45.20364" lon="6.45407">
        <ele>1090.9</ele>
      </trkpt>
      <trkpt lat="45.20359" lon="6.45427">
        <ele>1089.8</ele>
      </trkpt>
      <trkpt lat="45.20352" lon="6.45447">
        <ele>1089.5</ele>
      </trkpt>
      <trkpt lat="45.20342" lon="6.4547">
        <ele>1089.4</ele>
      </trkpt>
      <trkpt lat="45.20339" lon="6.45475">
        <ele>1089.6</ele>
      </trkpt>
      <trkpt lat="45.20332" lon="6.45487">
        <ele>1089.9</ele>
      </trkpt>
      <trkpt lat="45.20327" lon="6.45494">
        <ele>1090.2</ele>
      </trkpt>
      <trkpt lat="45.20322" lon="6.45502">
        <ele>1090.7</ele>
      </trkpt>
      <trkpt lat="45.20313" lon="6.45517">
        <ele>1092.3</ele>
      </trkpt>
      <trkpt lat="45.20301" lon="6.45529">
        <ele>1094.7</ele>
      </trkpt>
      <trkpt lat="45.20292" lon="6.4554">
        <ele>1096.2</ele>
      </trkpt>
      <trkpt lat="45.20287" lon="6.45545">
        <ele>1097.1</ele>
      </trkpt>
      <trkpt lat="45.20284" lon="6.45549">
        <ele>1097.6</ele>
      </trkpt>
      <trkpt lat="45.20276" lon="6.45556">
        <ele>1099.0</ele>
      </trkpt>
      <trkpt lat="45.20272" lon="6.45558">
        <ele>1099.8</ele>
      </trkpt>
      <trkpt lat="45.20267" lon="6.45561">
        <ele>1100.7</ele>
      </trkpt>
      <trkpt lat="45.20263" lon="6.45564">
        <ele>1101.4</ele>
      </trkpt>
      <trkpt lat="45.202599" lon="6.45565">
        <ele>1102.0</ele>
      </trkpt>
      <trkpt lat="45.20257" lon="6.45566">
        <ele>1102.6</ele>
      </trkpt>
      <trkpt lat="45.20255" lon="6.455669">
        <ele>1102.9</ele>
      </trkpt>
      <trkpt lat="45.20253" lon="6.455669">
        <ele>1103.3</ele>
      </trkpt>
      <trkpt lat="45.20249" lon="6.455669">
        <ele>1104.5</ele>
      </trkpt>
      <trkpt lat="45.20245" lon="6.45566">
        <ele>1106.5</ele>
      </trkpt>
      <trkpt lat="45.20241" lon="6.45565">
        <ele>1108.4</ele>
      </trkpt>
      <trkpt lat="45.20238" lon="6.45562">
        <ele>1110.0</ele>
      </trkpt>
      <trkpt lat="45.20235" lon="6.45559">
        <ele>1111.6</ele>
      </trkpt>
      <trkpt lat="45.20232" lon="6.45553">
        <ele>1113.3</ele>
      </trkpt>
      <trkpt lat="45.2023" lon="6.45546">
        <ele>1114.5</ele>
      </trkpt>
      <trkpt lat="45.2023" lon="6.45542">
        <ele>1114.6</ele>
      </trkpt>
      <trkpt lat="45.2023" lon="6.4554">
        <ele>1114.7</ele>
      </trkpt>
      <trkpt lat="45.2023" lon="6.45538">
        <ele>1114.8</ele>
      </trkpt>
      <trkpt lat="45.20231" lon="6.45534">
        <ele>1114.5</ele>
      </trkpt>
      <trkpt lat="45.20232" lon="6.45531">
        <ele>1114.1</ele>
      </trkpt>
      <trkpt lat="45.20235" lon="6.45526">
        <ele>1113.0</ele>
      </trkpt>
      <trkpt lat="45.20237" lon="6.45523">
        <ele>1112.3</ele>
      </trkpt>
      <trkpt lat="45.20239" lon="6.45519">
        <ele>1111.6</ele>
      </trkpt>
      <trkpt lat="45.2024" lon="6.45518">
        <ele>1111.2</ele>
      </trkpt>
      <trkpt lat="45.20243" lon="6.455129">
        <ele>1110.2</ele>
      </trkpt>
      <trkpt lat="45.20246" lon="6.45509">
        <ele>1109.1</ele>
      </trkpt>
      <trkpt lat="45.20249" lon="6.45503">
        <ele>1108.2</ele>
      </trkpt>
      <trkpt lat="45.20257" lon="6.45493">
        <ele>1107.2</ele>
      </trkpt>
      <trkpt lat="45.20268" lon="6.45478">
        <ele>1106.5</ele>
      </trkpt>
      <trkpt lat="45.20279" lon="6.45464">
        <ele>1105.6</ele>
      </trkpt>
      <trkpt lat="45.20287" lon="6.45454">
        <ele>1104.9</ele>
      </trkpt>
      <trkpt lat="45.20299" lon="6.45443">
        <ele>1103.4</ele>
      </trkpt>
      <trkpt lat="45.20305" lon="6.45436">
        <ele>1102.7</ele>
      </trkpt>
      <trkpt lat="45.20306" lon="6.45434">
        <ele>1102.7</ele>
      </trkpt>
      <trkpt lat="45.20308" lon="6.45432">
        <ele>1102.5</ele>
      </trkpt>
      <trkpt lat="45.20309" lon="6.4543">
        <ele>1102.5</ele>
      </trkpt>
      <trkpt lat="45.2031" lon="6.45427">
        <ele>1102.6</ele>
      </trkpt>
      <trkpt lat="45.20311" lon="6.45424">
        <ele>1102.7</ele>
      </trkpt>
      <trkpt lat="45.20311" lon="6.4542">
        <ele>1103.2</ele>
      </trkpt>
      <trkpt lat="45.20311" lon="6.45416">
        <ele>1103.7</ele>
      </trkpt>
      <trkpt lat="45.20311" lon="6.45412">
        <ele>1104.4</ele>
      </trkpt>
      <trkpt lat="45.2031" lon="6.4541">
        <ele>1104.9</ele>
      </trkpt>
      <trkpt lat="45.20309" lon="6.45407">
        <ele>1105.7</ele>
      </trkpt>
      <trkpt lat="45.203069" lon="6.454049">
        <ele>1106.5</ele>
      </trkpt>
      <trkpt lat="45.20306" lon="6.45403">
        <ele>1107.1</ele>
      </trkpt>
      <trkpt lat="45.20304" lon="6.45402">
        <ele>1107.7</ele>
      </trkpt>
      <trkpt lat="45.20302" lon="6.45401">
        <ele>1108.4</ele>
      </trkpt>
      <trkpt lat="45.20301" lon="6.45401">
        <ele>1108.7</ele>
      </trkpt>
      <trkpt lat="45.203" lon="6.454">
        <ele>1109.1</ele>
      </trkpt>
      <trkpt lat="45.20296" lon="6.454">
        <ele>1110.1</ele>
      </trkpt>
      <trkpt lat="45.20295" lon="6.45401">
        <ele>1110.2</ele>
      </trkpt>
      <trkpt lat="45.20293" lon="6.45402">
        <ele>1110.5</ele>
      </trkpt>
      <trkpt lat="45.20291" lon="6.45404">
        <ele>1110.7</ele>
      </trkpt>
      <trkpt lat="45.202889" lon="6.454049">
        <ele>1111.1</ele>
      </trkpt>
      <trkpt lat="45.20285" lon="6.45411">
        <ele>1111.1</ele>
      </trkpt>
      <trkpt lat="45.202689" lon="6.45433">
        <ele>1112.1</ele>
      </trkpt>
      <trkpt lat="45.20256" lon="6.45451">
        <ele>1113.0</ele>
      </trkpt>
      <trkpt lat="45.20247" lon="6.45462">
        <ele>1114.2</ele>
      </trkpt>
      <trkpt lat="45.20243" lon="6.45468">
        <ele>1114.9</ele>
      </trkpt>
      <trkpt lat="45.202419" lon="6.45468">
        <ele>1115.3</ele>
      </trkpt>
      <trkpt lat="45.20241" lon="6.45469">
        <ele>1115.6</ele>
      </trkpt>
      <trkpt lat="45.20239" lon="6.45471">
        <ele>1116.1</ele>
      </trkpt>
      <trkpt lat="45.20235" lon="6.45474">
        <ele>1117.3</ele>
      </trkpt>
      <trkpt lat="45.20234" lon="6.45475">
        <ele>1117.6</ele>
      </trkpt>
      <trkpt lat="45.20231" lon="6.45476">
        <ele>1118.7</ele>
      </trkpt>
      <trkpt lat="45.20228" lon="6.45478">
        <ele>1119.6</ele>
      </trkpt>
      <trkpt lat="45.20224" lon="6.45479">
        <ele>1121.1</ele>
      </trkpt>
      <trkpt lat="45.2022" lon="6.45479">
        <ele>1122.6</ele>
      </trkpt>
      <trkpt lat="45.2021" lon="6.4548">
        <ele>1126.5</ele>
      </trkpt>
      <trkpt lat="45.20208" lon="6.4548">
        <ele>1127.3</ele>
      </trkpt>
      <trkpt lat="45.20202" lon="6.45479">
        <ele>1129.8</ele>
      </trkpt>
      <trkpt lat="45.20197" lon="6.45479">
        <ele>1131.8</ele>
      </trkpt>
      <trkpt lat="45.20194" lon="6.4548">
        <ele>1132.8</ele>
      </trkpt>
      <trkpt lat="45.20191" lon="6.45481">
        <ele>1133.9</ele>
      </trkpt>
      <trkpt lat="45.20189" lon="6.45483">
        <ele>1134.5</ele>
      </trkpt>
      <trkpt lat="45.20188" lon="6.45485">
        <ele>1134.7</ele>
      </trkpt>
      <trkpt lat="45.20185" lon="6.45489">
        <ele>1135.6</ele>
      </trkpt>
      <trkpt lat="45.20181" lon="6.45494">
        <ele>1136.7</ele>
      </trkpt>
      <trkpt lat="45.2018" lon="6.45498">
        <ele>1136.7</ele>
      </trkpt>
      <trkpt lat="45.2018" lon="6.45501">
        <ele>1136.6</ele>
      </trkpt>
      <trkpt lat="45.20179" lon="6.45503">
        <ele>1137.0</ele>
      </trkpt>
      <trkpt lat="45.20179" lon="6.45509">
        <ele>1137.2</ele>
      </trkpt>
      <trkpt lat="45.2018" lon="6.45519">
        <ele>1137.0</ele>
      </trkpt>
      <trkpt lat="45.20181" lon="6.45526">
        <ele>1136.7</ele>
      </trkpt>
      <trkpt lat="45.20182" lon="6.45529">
        <ele>1136.3</ele>
      </trkpt>
      <trkpt lat="45.20183" lon="6.4554">
        <ele>1136.0</ele>
      </trkpt>
      <trkpt lat="45.20191" lon="6.45565">
        <ele>1132.6</ele>
      </trkpt>
      <trkpt lat="45.20194" lon="6.45573">
        <ele>1131.2</ele>
      </trkpt>
      <trkpt lat="45.20203" lon="6.45594">
        <ele>1126.3</ele>
      </trkpt>
      <trkpt lat="45.20206" lon="6.45601">
        <ele>1124.7</ele>
      </trkpt>
      <trkpt lat="45.20206" lon="6.45606">
        <ele>1124.5</ele>
      </trkpt>
      <trkpt lat="45.20206" lon="6.45611">
        <ele>1124.4</ele>
      </trkpt>
      <trkpt lat="45.20206" lon="6.45614">
        <ele>1124.3</ele>
      </trkpt>
      <trkpt lat="45.20205" lon="6.45618">
        <ele>1124.6</ele>
      </trkpt>
      <trkpt lat="45.20205" lon="6.45619">
        <ele>1124.6</ele>
      </trkpt>
      <trkpt lat="45.202039" lon="6.45622">
        <ele>1124.9</ele>
      </trkpt>
      <trkpt lat="45.20203" lon="6.45623">
        <ele>1125.3</ele>
      </trkpt>
      <trkpt lat="45.20202" lon="6.45626">
        <ele>1125.6</ele>
      </trkpt>
      <trkpt lat="45.20199" lon="6.456279">
        <ele>1126.8</ele>
      </trkpt>
      <trkpt lat="45.20197" lon="6.45631">
        <ele>1127.5</ele>
      </trkpt>
      <trkpt lat="45.20196" lon="6.45632">
        <ele>1127.8</ele>
      </trkpt>
      <trkpt lat="45.20194" lon="6.45633">
        <ele>1128.6</ele>
      </trkpt>
      <trkpt lat="45.20192" lon="6.45634">
        <ele>1129.3</ele>
      </trkpt>
      <trkpt lat="45.20191" lon="6.456349">
        <ele>1129.7</ele>
      </trkpt>
      <trkpt lat="45.20189" lon="6.45637">
        <ele>1130.4</ele>
      </trkpt>
      <trkpt lat="45.20185" lon="6.45638">
        <ele>1131.9</ele>
      </trkpt>
      <trkpt lat="45.20182" lon="6.4564">
        <ele>1132.9</ele>
      </trkpt>
      <trkpt lat="45.20178" lon="6.45641">
        <ele>1134.4</ele>
      </trkpt>
      <trkpt lat="45.20174" lon="6.45641">
        <ele>1135.9</ele>
      </trkpt>
      <trkpt lat="45.20171" lon="6.45641">
        <ele>1137.1</ele>
      </trkpt>
      <trkpt lat="45.20167" lon="6.45641">
        <ele>1138.6</ele>
      </trkpt>
      <trkpt lat="45.20163" lon="6.45641">
        <ele>1140.7</ele>
      </trkpt>
      <trkpt lat="45.20151" lon="6.4564">
        <ele>1147.2</ele>
      </trkpt>
      <trkpt lat="45.201479" lon="6.45639">
        <ele>1149.0</ele>
      </trkpt>
      <trkpt lat="45.20145" lon="6.45639">
        <ele>1150.6</ele>
      </trkpt>
      <trkpt lat="45.20144" lon="6.45639">
        <ele>1151.1</ele>
      </trkpt>
      <trkpt lat="45.20142" lon="6.4564">
        <ele>1151.4</ele>
      </trkpt>
      <trkpt lat="45.2014" lon="6.4564">
        <ele>1151.7</ele>
      </trkpt>
      <trkpt lat="45.20138" lon="6.4564">
        <ele>1152.0</ele>
      </trkpt>
      <trkpt lat="45.20136" lon="6.45641">
        <ele>1152.3</ele>
      </trkpt>
      <trkpt lat="45.20135" lon="6.45641">
        <ele>1152.5</ele>
      </trkpt>
      <trkpt lat="45.20134" lon="6.456419">
        <ele>1152.7</ele>
      </trkpt>
      <trkpt lat="45.20133" lon="6.456419">
        <ele>1152.8</ele>
      </trkpt>
      <trkpt lat="45.20132" lon="6.45643">
        <ele>1153.0</ele>
      </trkpt>
      <trkpt lat="45.2013" lon="6.45644">
        <ele>1153.3</ele>
      </trkpt>
      <trkpt lat="45.20129" lon="6.45646">
        <ele>1153.6</ele>
      </trkpt>
      <trkpt lat="45.201279" lon="6.45648">
        <ele>1153.9</ele>
      </trkpt>
      <trkpt lat="45.20126" lon="6.4565">
        <ele>1154.3</ele>
      </trkpt>
      <trkpt lat="45.20125" lon="6.45654">
        <ele>1154.7</ele>
      </trkpt>
      <trkpt lat="45.20123" lon="6.45658">
        <ele>1155.3</ele>
      </trkpt>
      <trkpt lat="45.20122" lon="6.45665">
        <ele>1156.0</ele>
      </trkpt>
      <trkpt lat="45.20123" lon="6.45673">
        <ele>1156.9</ele>
      </trkpt>
      <trkpt lat="45.20124" lon="6.45679">
        <ele>1157.6</ele>
      </trkpt>
      <trkpt lat="45.20126" lon="6.45684">
        <ele>1158.2</ele>
      </trkpt>
      <trkpt lat="45.201279" lon="6.45688">
        <ele>1158.7</ele>
      </trkpt>
      <trkpt lat="45.20132" lon="6.45694">
        <ele>1159.6</ele>
      </trkpt>
      <trkpt lat="45.20135" lon="6.457">
        <ele>1160.5</ele>
      </trkpt>
      <trkpt lat="45.20138" lon="6.45704">
        <ele>1160.1</ele>
      </trkpt>
      <trkpt lat="45.2014" lon="6.45707">
        <ele>1159.9</ele>
      </trkpt>
      <trkpt lat="45.20143" lon="6.45711">
        <ele>1159.6</ele>
      </trkpt>
      <trkpt lat="45.20145" lon="6.45714">
        <ele>1159.4</ele>
      </trkpt>
      <trkpt lat="45.201479" lon="6.45717">
        <ele>1158.8</ele>
      </trkpt>
      <trkpt lat="45.2015" lon="6.4572">
        <ele>1158.7</ele>
      </trkpt>
      <trkpt lat="45.20152" lon="6.45723">
        <ele>1158.5</ele>
      </trkpt>
      <trkpt lat="45.20154" lon="6.45725">
        <ele>1158.1</ele>
      </trkpt>
      <trkpt lat="45.20155" lon="6.45726">
        <ele>1157.9</ele>
      </trkpt>
      <trkpt lat="45.20158" lon="6.4573">
        <ele>1157.6</ele>
      </trkpt>
      <trkpt lat="45.2016" lon="6.45733">
        <ele>1157.5</ele>
      </trkpt>
      <trkpt lat="45.20163" lon="6.45736">
        <ele>1156.9</ele>
      </trkpt>
      <trkpt lat="45.201659" lon="6.45739">
        <ele>1156.3</ele>
      </trkpt>
      <trkpt lat="45.20169" lon="6.457429">
        <ele>1156.1</ele>
      </trkpt>
      <trkpt lat="45.20174" lon="6.45747">
        <ele>1155.2</ele>
      </trkpt>
      <trkpt lat="45.20179" lon="6.45752">
        <ele>1154.8</ele>
      </trkpt>
      <trkpt lat="45.20183" lon="6.45754">
        <ele>1153.9</ele>
      </trkpt>
      <trkpt lat="45.20185" lon="6.45756">
        <ele>1153.9</ele>
      </trkpt>
      <trkpt lat="45.2019" lon="6.4576">
        <ele>1153.3</ele>
      </trkpt>
      <trkpt lat="45.20196" lon="6.457639">
        <ele>1152.3</ele>
      </trkpt>
      <trkpt lat="45.20199" lon="6.45766">
        <ele>1151.7</ele>
      </trkpt>
      <trkpt lat="45.20202" lon="6.45769">
        <ele>1151.5</ele>
      </trkpt>
      <trkpt lat="45.20208" lon="6.45774">
        <ele>1150.6</ele>
      </trkpt>
      <trkpt lat="45.202129" lon="6.45779">
        <ele>1150.1</ele>
      </trkpt>
      <trkpt lat="45.20218" lon="6.45785">
        <ele>1149.9</ele>
      </trkpt>
      <trkpt lat="45.20223" lon="6.45792">
        <ele>1149.9</ele>
      </trkpt>
      <trkpt lat="45.20227" lon="6.45799">
        <ele>1150.3</ele>
      </trkpt>
      <trkpt lat="45.20231" lon="6.45806">
        <ele>1150.6</ele>
      </trkpt>
      <trkpt lat="45.20234" lon="6.45815">
        <ele>1151.9</ele>
      </trkpt>
      <trkpt lat="45.20237" lon="6.45824">
        <ele>1153.1</ele>
      </trkpt>
      <trkpt lat="45.2024" lon="6.458319">
        <ele>1154.0</ele>
      </trkpt>
      <trkpt lat="45.20243" lon="6.45841">
        <ele>1155.4</ele>
      </trkpt>
      <trkpt lat="45.20246" lon="6.45849">
        <ele>1156.4</ele>
      </trkpt>
      <trkpt lat="45.20253" lon="6.45864">
        <ele>1158.0</ele>
      </trkpt>
      <trkpt lat="45.20254" lon="6.458649">
        <ele>1157.9</ele>
      </trkpt>
      <trkpt lat="45.2027" lon="6.458929">
        <ele>1160.1</ele>
      </trkpt>
      <trkpt lat="45.20283" lon="6.45913">
        <ele>1160.8</ele>
      </trkpt>
      <trkpt lat="45.20297" lon="6.45937">
        <ele>1159.4</ele>
      </trkpt>
      <trkpt lat="45.203" lon="6.45942">
        <ele>1159.0</ele>
      </trkpt>
      <trkpt lat="45.20302" lon="6.45945">
        <ele>1158.7</ele>
      </trkpt>
      <trkpt lat="45.20306" lon="6.459539">
        <ele>1158.6</ele>
      </trkpt>
      <trkpt lat="45.2031" lon="6.45963">
        <ele>1158.6</ele>
      </trkpt>
      <trkpt lat="45.20313" lon="6.45971">
        <ele>1158.9</ele>
      </trkpt>
      <trkpt lat="45.20317" lon="6.45983">
        <ele>1159.5</ele>
      </trkpt>
      <trkpt lat="45.20317" lon="6.45986">
        <ele>1160.1</ele>
      </trkpt>
      <trkpt lat="45.20319" lon="6.45993">
        <ele>1160.6</ele>
      </trkpt>
      <trkpt lat="45.2032" lon="6.46002">
        <ele>1162.0</ele>
      </trkpt>
      <trkpt lat="45.2032" lon="6.46012">
        <ele>1163.9</ele>
      </trkpt>
      <trkpt lat="45.2032" lon="6.46017">
        <ele>1164.9</ele>
      </trkpt>
      <trkpt lat="45.2032" lon="6.46027">
        <ele>1166.8</ele>
      </trkpt>
      <trkpt lat="45.2032" lon="6.46037">
        <ele>1168.7</ele>
      </trkpt>
      <trkpt lat="45.2032" lon="6.46041">
        <ele>1169.5</ele>
      </trkpt>
      <trkpt lat="45.2032" lon="6.46056">
        <ele>1172.4</ele>
      </trkpt>
      <trkpt lat="45.20321" lon="6.46064">
        <ele>1173.5</ele>
      </trkpt>
      <trkpt lat="45.20322" lon="6.46075">
        <ele>1175.2</ele>
      </trkpt>
      <trkpt lat="45.20325" lon="6.46085">
        <ele>1175.8</ele>
      </trkpt>
      <trkpt lat="45.20326" lon="6.46087">
        <ele>1175.7</ele>
      </trkpt>
      <trkpt lat="45.20329" lon="6.46098">
        <ele>1176.3</ele>
      </trkpt>
      <trkpt lat="45.20333" lon="6.46107">
        <ele>1176.1</ele>
      </trkpt>
      <trkpt lat="45.20334" lon="6.46109">
        <ele>1176.0</ele>
      </trkpt>
      <trkpt lat="45.2034" lon="6.461229">
        <ele>1175.6</ele>
      </trkpt>
      <trkpt lat="45.20343" lon="6.46131">
        <ele>1175.5</ele>
      </trkpt>
      <trkpt lat="45.20343" lon="6.46132">
        <ele>1175.6</ele>
      </trkpt>
      <trkpt lat="45.203449" lon="6.46139">
        <ele>1175.8</ele>
      </trkpt>
      <trkpt lat="45.20346" lon="6.46144">
        <ele>1176.1</ele>
      </trkpt>
      <trkpt lat="45.20347" lon="6.4615">
        <ele>1176.5</ele>
      </trkpt>
      <trkpt lat="45.20347" lon="6.46156">
        <ele>1177.5</ele>
      </trkpt>
      <trkpt lat="45.20347" lon="6.46162">
        <ele>1178.4</ele>
      </trkpt>
      <trkpt lat="45.20348" lon="6.46168">
        <ele>1178.7</ele>
      </trkpt>
      <trkpt lat="45.20348" lon="6.46181">
        <ele>1179.4</ele>
      </trkpt>
      <trkpt lat="45.20348" lon="6.461979">
        <ele>1180.3</ele>
      </trkpt>
      <trkpt lat="45.20349" lon="6.46207">
        <ele>1180.2</ele>
      </trkpt>
      <trkpt lat="45.20349" lon="6.46215">
        <ele>1180.6</ele>
      </trkpt>
      <trkpt lat="45.20352" lon="6.46232">
        <ele>1179.7</ele>
      </trkpt>
      <trkpt lat="45.20353" lon="6.462379">
        <ele>1179.4</ele>
      </trkpt>
      <trkpt lat="45.203539" lon="6.46244">
        <ele>1179.1</ele>
      </trkpt>
      <trkpt lat="45.203539" lon="6.4625">
        <ele>1179.4</ele>
      </trkpt>
      <trkpt lat="45.20355" lon="6.46255">
        <ele>1178.0</ele>
      </trkpt>
      <trkpt lat="45.20355" lon="6.46261">
        <ele>1177.1</ele>
      </trkpt>
      <trkpt lat="45.20356" lon="6.46267">
        <ele>1175.5</ele>
      </trkpt>
      <trkpt lat="45.20356" lon="6.46273">
        <ele>1174.6</ele>
      </trkpt>
      <trkpt lat="45.20357" lon="6.46283">
        <ele>1172.5</ele>
      </trkpt>
      <trkpt lat="45.20357" lon="6.46288">
        <ele>1171.7</ele>
      </trkpt>
      <trkpt lat="45.20357" lon="6.46292">
        <ele>1171.1</ele>
      </trkpt>
      <trkpt lat="45.20356" lon="6.46297">
        <ele>1170.9</ele>
      </trkpt>
      <trkpt lat="45.20355" lon="6.463">
        <ele>1171.1</ele>
      </trkpt>
      <trkpt lat="45.203539" lon="6.46302">
        <ele>1171.4</ele>
      </trkpt>
      <trkpt lat="45.20353" lon="6.46304">
        <ele>1171.7</ele>
      </trkpt>
      <trkpt lat="45.20352" lon="6.463059">
        <ele>1172.0</ele>
      </trkpt>
      <trkpt lat="45.20352" lon="6.46307">
        <ele>1171.8</ele>
      </trkpt>
      <trkpt lat="45.2035" lon="6.46309">
        <ele>1172.7</ele>
      </trkpt>
      <trkpt lat="45.20348" lon="6.463129">
        <ele>1173.3</ele>
      </trkpt>
      <trkpt lat="45.20346" lon="6.46316">
        <ele>1174.1</ele>
      </trkpt>
      <trkpt lat="45.20344" lon="6.46318">
        <ele>1175.0</ele>
      </trkpt>
      <trkpt lat="45.2034" lon="6.46321">
        <ele>1176.9</ele>
      </trkpt>
      <trkpt lat="45.20338" lon="6.46322">
        <ele>1178.0</ele>
      </trkpt>
      <trkpt lat="45.20333" lon="6.46325">
        <ele>1180.4</ele>
      </trkpt>
      <trkpt lat="45.20328" lon="6.46328">
        <ele>1182.0</ele>
      </trkpt>
      <trkpt lat="45.20324" lon="6.4633">
        <ele>1183.3</ele>
      </trkpt>
      <trkpt lat="45.20308" lon="6.46337">
        <ele>1188.3</ele>
      </trkpt>
      <trkpt lat="45.20304" lon="6.46339">
        <ele>1189.4</ele>
      </trkpt>
      <trkpt lat="45.20303" lon="6.46339">
        <ele>1189.8</ele>
      </trkpt>
      <trkpt lat="45.20301" lon="6.4634">
        <ele>1190.3</ele>
      </trkpt>
      <trkpt lat="45.20299" lon="6.46342">
        <ele>1190.6</ele>
      </trkpt>
      <trkpt lat="45.20297" lon="6.46343">
        <ele>1191.1</ele>
      </trkpt>
      <trkpt lat="45.20292" lon="6.46347">
        <ele>1192.0</ele>
      </trkpt>
      <trkpt lat="45.20288" lon="6.4635">
        <ele>1192.8</ele>
      </trkpt>
      <trkpt lat="45.20287" lon="6.4635">
        <ele>1193.2</ele>
      </trkpt>
      <trkpt lat="45.20282" lon="6.46354">
        <ele>1194.0</ele>
      </trkpt>
      <trkpt lat="45.20278" lon="6.463599">
        <ele>1193.9</ele>
      </trkpt>
      <trkpt lat="45.20273" lon="6.46366">
        <ele>1194.1</ele>
      </trkpt>
      <trkpt lat="45.202689" lon="6.46373">
        <ele>1193.7</ele>
      </trkpt>
      <trkpt lat="45.20264" lon="6.463809">
        <ele>1193.3</ele>
      </trkpt>
      <trkpt lat="45.20262" lon="6.46385">
        <ele>1192.9</ele>
      </trkpt>
      <trkpt lat="45.20256" lon="6.46398">
        <ele>1191.3</ele>
      </trkpt>
      <trkpt lat="45.20252" lon="6.46404">
        <ele>1191.0</ele>
      </trkpt>
      <trkpt lat="45.202509" lon="6.46405">
        <ele>1191.1</ele>
      </trkpt>
      <trkpt lat="45.20247" lon="6.46411">
        <ele>1191.2</ele>
      </trkpt>
      <trkpt lat="45.202419" lon="6.46423">
        <ele>1191.3</ele>
      </trkpt>
      <trkpt lat="45.20229" lon="6.46444">
        <ele>1195.4</ele>
      </trkpt>
      <trkpt lat="45.20228" lon="6.46445">
        <ele>1195.8</ele>
      </trkpt>
      <trkpt lat="45.20217" lon="6.46465">
        <ele>1198.7</ele>
      </trkpt>
      <trkpt lat="45.20216" lon="6.46467">
        <ele>1199.0</ele>
      </trkpt>
      <trkpt lat="45.20206" lon="6.46485">
        <ele>1201.5</ele>
      </trkpt>
      <trkpt lat="45.202" lon="6.464959">
        <ele>1202.9</ele>
      </trkpt>
      <trkpt lat="45.201949" lon="6.46506">
        <ele>1204.5</ele>
      </trkpt>
      <trkpt lat="45.20191" lon="6.46515">
        <ele>1206.0</ele>
      </trkpt>
      <trkpt lat="45.20188" lon="6.46524">
        <ele>1207.0</ele>
      </trkpt>
      <trkpt lat="45.20187" lon="6.46528">
        <ele>1207.3</ele>
      </trkpt>
      <trkpt lat="45.20182" lon="6.465499">
        <ele>1208.6</ele>
      </trkpt>
      <trkpt lat="45.20182" lon="6.46553">
        <ele>1208.5</ele>
      </trkpt>
      <trkpt lat="45.201749" lon="6.46597">
        <ele>1208.7</ele>
      </trkpt>
      <trkpt lat="45.201749" lon="6.46603">
        <ele>1207.9</ele>
      </trkpt>
      <trkpt lat="45.20174" lon="6.46615">
        <ele>1206.9</ele>
      </trkpt>
      <trkpt lat="45.2017" lon="6.466319">
        <ele>1206.7</ele>
      </trkpt>
      <trkpt lat="45.201659" lon="6.46645">
        <ele>1206.9</ele>
      </trkpt>
      <trkpt lat="45.20163" lon="6.4665">
        <ele>1207.8</ele>
      </trkpt>
      <trkpt lat="45.2016" lon="6.46657">
        <ele>1208.4</ele>
      </trkpt>
      <trkpt lat="45.20154" lon="6.46667">
        <ele>1209.8</ele>
      </trkpt>
      <trkpt lat="45.20152" lon="6.46671">
        <ele>1209.5</ele>
      </trkpt>
      <trkpt lat="45.201479" lon="6.466789">
        <ele>1208.9</ele>
      </trkpt>
      <trkpt lat="45.20142" lon="6.46689">
        <ele>1208.5</ele>
      </trkpt>
      <trkpt lat="45.20141" lon="6.4669">
        <ele>1208.6</ele>
      </trkpt>
      <trkpt lat="45.20136" lon="6.46696">
        <ele>1208.9</ele>
      </trkpt>
      <trkpt lat="45.2013" lon="6.46702">
        <ele>1209.5</ele>
      </trkpt>
      <trkpt lat="45.20127" lon="6.46706">
        <ele>1209.4</ele>
      </trkpt>
      <trkpt lat="45.2012" lon="6.46713">
        <ele>1210.0</ele>
      </trkpt>
      <trkpt lat="45.20112" lon="6.46721">
        <ele>1210.5</ele>
      </trkpt>
      <trkpt lat="45.20099" lon="6.46735">
        <ele>1210.7</ele>
      </trkpt>
      <trkpt lat="45.20091" lon="6.46743">
        <ele>1210.8</ele>
      </trkpt>
      <trkpt lat="45.20088" lon="6.46746">
        <ele>1210.8</ele>
      </trkpt>
      <trkpt lat="45.20087" lon="6.467469">
        <ele>1210.8</ele>
      </trkpt>
      <trkpt lat="45.20083" lon="6.46749">
        <ele>1211.5</ele>
      </trkpt>
      <trkpt lat="45.2008" lon="6.4675">
        <ele>1212.1</ele>
      </trkpt>
      <trkpt lat="45.20079" lon="6.46751">
        <ele>1212.0</ele>
      </trkpt>
      <trkpt lat="45.20076" lon="6.46751">
        <ele>1212.9</ele>
      </trkpt>
      <trkpt lat="45.200719" lon="6.46752">
        <ele>1213.8</ele>
      </trkpt>
      <trkpt lat="45.20068" lon="6.46752">
        <ele>1215.1</ele>
      </trkpt>
      <trkpt lat="45.20064" lon="6.46752">
        <ele>1216.4</ele>
      </trkpt>
      <trkpt lat="45.2006" lon="6.46752">
        <ele>1217.6</ele>
      </trkpt>
      <trkpt lat="45.20056" lon="6.46752">
        <ele>1218.9</ele>
      </trkpt>
      <trkpt lat="45.20048" lon="6.46753">
        <ele>1221.1</ele>
      </trkpt>
      <trkpt lat="45.20044" lon="6.46753">
        <ele>1222.4</ele>
      </trkpt>
      <trkpt lat="45.2004" lon="6.467539">
        <ele>1223.2</ele>
      </trkpt>
      <trkpt lat="45.20036" lon="6.467539">
        <ele>1224.5</ele>
      </trkpt>
      <trkpt lat="45.20033" lon="6.46755">
        <ele>1225.0</ele>
      </trkpt>
      <trkpt lat="45.20032" lon="6.46755">
        <ele>1225.3</ele>
      </trkpt>
      <trkpt lat="45.20028" lon="6.46757">
        <ele>1225.6</ele>
      </trkpt>
      <trkpt lat="45.200249" lon="6.46758">
        <ele>1226.1</ele>
      </trkpt>
      <trkpt lat="45.20021" lon="6.46759">
        <ele>1227.0</ele>
      </trkpt>
      <trkpt lat="45.20017" lon="6.46761">
        <ele>1227.3</ele>
      </trkpt>
      <trkpt lat="45.200159" lon="6.46761">
        <ele>1227.6</ele>
      </trkpt>
      <trkpt lat="45.20014" lon="6.46763">
        <ele>1227.3</ele>
      </trkpt>
      <trkpt lat="45.2001" lon="6.46764">
        <ele>1228.1</ele>
      </trkpt>
      <trkpt lat="45.20006" lon="6.46766">
        <ele>1228.4</ele>
      </trkpt>
      <trkpt lat="45.20003" lon="6.46768">
        <ele>1228.4</ele>
      </trkpt>
      <trkpt lat="45.19999" lon="6.46769">
        <ele>1229.1</ele>
      </trkpt>
      <trkpt lat="45.19995" lon="6.46771">
        <ele>1229.0</ele>
      </trkpt>
      <trkpt lat="45.19992" lon="6.46772">
        <ele>1229.2</ele>
      </trkpt>
      <trkpt lat="45.19988" lon="6.46774">
        <ele>1229.2</ele>
      </trkpt>
      <trkpt lat="45.19984" lon="6.46775">
        <ele>1229.6</ele>
      </trkpt>
      <trkpt lat="45.19982" lon="6.46776">
        <ele>1229.6</ele>
      </trkpt>
      <trkpt lat="45.19981" lon="6.46777">
        <ele>1229.3</ele>
      </trkpt>
      <trkpt lat="45.19977" lon="6.46778">
        <ele>1229.8</ele>
      </trkpt>
      <trkpt lat="45.19974" lon="6.4678">
        <ele>1229.6</ele>
      </trkpt>
      <trkpt lat="45.1997" lon="6.46781">
        <ele>1230.1</ele>
      </trkpt>
      <trkpt lat="45.19966" lon="6.46783">
        <ele>1230.1</ele>
      </trkpt>
      <trkpt lat="45.19963" lon="6.46784">
        <ele>1230.4</ele>
      </trkpt>
      <trkpt lat="45.19959" lon="6.46786">
        <ele>1230.5</ele>
      </trkpt>
      <trkpt lat="45.19956" lon="6.467869">
        <ele>1230.8</ele>
      </trkpt>
      <trkpt lat="45.19953" lon="6.46789">
        <ele>1230.7</ele>
      </trkpt>
      <trkpt lat="45.19949" lon="6.46791">
        <ele>1230.8</ele>
      </trkpt>
      <trkpt lat="45.19948" lon="6.46793">
        <ele>1230.2</ele>
      </trkpt>
      <trkpt lat="45.19945" lon="6.46795">
        <ele>1230.2</ele>
      </trkpt>
      <trkpt lat="45.19939" lon="6.46802">
        <ele>1228.9</ele>
      </trkpt>
      <trkpt lat="45.19933" lon="6.46807">
        <ele>1228.5</ele>
      </trkpt>
      <trkpt lat="45.199309" lon="6.46809">
        <ele>1228.2</ele>
      </trkpt>
      <trkpt lat="45.19929" lon="6.46811">
        <ele>1228.0</ele>
      </trkpt>
      <trkpt lat="45.19926" lon="6.46813">
        <ele>1228.0</ele>
      </trkpt>
      <trkpt lat="45.19925" lon="6.46814">
        <ele>1227.9</ele>
      </trkpt>
      <trkpt lat="45.19923" lon="6.468149">
        <ele>1228.1</ele>
      </trkpt>
      <trkpt lat="45.19921" lon="6.46816">
        <ele>1228.2</ele>
      </trkpt>
      <trkpt lat="45.19918" lon="6.46817">
        <ele>1228.7</ele>
      </trkpt>
      <trkpt lat="45.19916" lon="6.46817">
        <ele>1229.2</ele>
      </trkpt>
      <trkpt lat="45.19914" lon="6.46818">
        <ele>1229.2</ele>
      </trkpt>
      <trkpt lat="45.1991" lon="6.46818">
        <ele>1230.0</ele>
      </trkpt>
      <trkpt lat="45.19906" lon="6.46818">
        <ele>1230.8</ele>
      </trkpt>
      <trkpt lat="45.19903" lon="6.46817">
        <ele>1231.7</ele>
      </trkpt>
      <trkpt lat="45.19899" lon="6.46816">
        <ele>1232.9</ele>
      </trkpt>
      <trkpt lat="45.19895" lon="6.468149">
        <ele>1234.0</ele>
      </trkpt>
      <trkpt lat="45.19891" lon="6.46813">
        <ele>1235.4</ele>
      </trkpt>
      <trkpt lat="45.19887" lon="6.46812">
        <ele>1236.5</ele>
      </trkpt>
      <trkpt lat="45.198839" lon="6.4681">
        <ele>1237.7</ele>
      </trkpt>
      <trkpt lat="45.1988" lon="6.468079">
        <ele>1239.1</ele>
      </trkpt>
      <trkpt lat="45.19876" lon="6.46806">
        <ele>1240.5</ele>
      </trkpt>
      <trkpt lat="45.19872" lon="6.46804">
        <ele>1241.9</ele>
      </trkpt>
      <trkpt lat="45.1987" lon="6.46804">
        <ele>1242.2</ele>
      </trkpt>
      <trkpt lat="45.19867" lon="6.46803">
        <ele>1243.1</ele>
      </trkpt>
      <trkpt lat="45.19864" lon="6.46802">
        <ele>1243.9</ele>
      </trkpt>
      <trkpt lat="45.1986" lon="6.46802">
        <ele>1244.6</ele>
      </trkpt>
      <trkpt lat="45.19856" lon="6.46802">
        <ele>1245.3</ele>
      </trkpt>
      <trkpt lat="45.19853" lon="6.46802">
        <ele>1245.8</ele>
      </trkpt>
      <trkpt lat="45.19851" lon="6.46803">
        <ele>1245.9</ele>
      </trkpt>
      <trkpt lat="45.19848" lon="6.46804">
        <ele>1246.1</ele>
      </trkpt>
      <trkpt lat="45.19846" lon="6.46805">
        <ele>1246.2</ele>
      </trkpt>
      <trkpt lat="45.19845" lon="6.46806">
        <ele>1246.1</ele>
      </trkpt>
      <trkpt lat="45.19843" lon="6.46807">
        <ele>1246.2</ele>
      </trkpt>
      <trkpt lat="45.19841" lon="6.46809">
        <ele>1246.0</ele>
      </trkpt>
      <trkpt lat="45.19837" lon="6.46813">
        <ele>1245.7</ele>
      </trkpt>
      <trkpt lat="45.19836" lon="6.46814">
        <ele>1245.6</ele>
      </trkpt>
      <trkpt lat="45.19834" lon="6.46816">
        <ele>1245.4</ele>
      </trkpt>
      <trkpt lat="45.19833" lon="6.46817">
        <ele>1245.4</ele>
      </trkpt>
      <trkpt lat="45.19831" lon="6.4682">
        <ele>1245.4</ele>
      </trkpt>
      <trkpt lat="45.19829" lon="6.46824">
        <ele>1245.1</ele>
      </trkpt>
      <trkpt lat="45.19824" lon="6.46833">
        <ele>1244.7</ele>
      </trkpt>
      <trkpt lat="45.19818" lon="6.46846">
        <ele>1244.7</ele>
      </trkpt>
      <trkpt lat="45.19812" lon="6.46859">
        <ele>1244.6</ele>
      </trkpt>
      <trkpt lat="45.19804" lon="6.46873">
        <ele>1244.7</ele>
      </trkpt>
      <trkpt lat="45.19799" lon="6.46885">
        <ele>1244.1</ele>
      </trkpt>
      <trkpt lat="45.19797" lon="6.46891">
        <ele>1243.5</ele>
      </trkpt>
      <trkpt lat="45.19795" lon="6.46898">
        <ele>1242.8</ele>
      </trkpt>
      <trkpt lat="45.19795" lon="6.46902">
        <ele>1242.0</ele>
      </trkpt>
      <trkpt lat="45.19794" lon="6.46905">
        <ele>1241.7</ele>
      </trkpt>
      <trkpt lat="45.19794" lon="6.46907">
        <ele>1241.3</ele>
      </trkpt>
      <trkpt lat="45.19793" lon="6.46914">
        <ele>1240.2</ele>
      </trkpt>
      <trkpt lat="45.19792" lon="6.46925">
        <ele>1238.1</ele>
      </trkpt>
      <trkpt lat="45.19792" lon="6.46934">
        <ele>1236.2</ele>
      </trkpt>
      <trkpt lat="45.19792" lon="6.4694">
        <ele>1234.9</ele>
      </trkpt>
      <trkpt lat="45.19792" lon="6.46946">
        <ele>1233.6</ele>
      </trkpt>
      <trkpt lat="45.19791" lon="6.46949">
        <ele>1233.2</ele>
      </trkpt>
      <trkpt lat="45.19791" lon="6.46951">
        <ele>1232.8</ele>
      </trkpt>
      <trkpt lat="45.1979" lon="6.46954">
        <ele>1232.4</ele>
      </trkpt>
      <trkpt lat="45.19788" lon="6.46956">
        <ele>1232.4</ele>
      </trkpt>
      <trkpt lat="45.19786" lon="6.46958">
        <ele>1232.5</ele>
      </trkpt>
      <trkpt lat="45.19784" lon="6.46959">
        <ele>1232.8</ele>
      </trkpt>
      <trkpt lat="45.19782" lon="6.4696">
        <ele>1233.1</ele>
      </trkpt>
      <trkpt lat="45.1978" lon="6.4696">
        <ele>1233.6</ele>
      </trkpt>
      <trkpt lat="45.19779" lon="6.4696">
        <ele>1233.8</ele>
      </trkpt>
      <trkpt lat="45.19776" lon="6.46959">
        <ele>1234.8</ele>
      </trkpt>
      <trkpt lat="45.19774" lon="6.46958">
        <ele>1235.5</ele>
      </trkpt>
      <trkpt lat="45.19773" lon="6.46957">
        <ele>1236.0</ele>
      </trkpt>
      <trkpt lat="45.19771" lon="6.46955">
        <ele>1237.0</ele>
      </trkpt>
      <trkpt lat="45.19769" lon="6.46951">
        <ele>1238.4</ele>
      </trkpt>
      <trkpt lat="45.19768" lon="6.46946">
        <ele>1239.9</ele>
      </trkpt>
      <trkpt lat="45.19768" lon="6.46943">
        <ele>1240.6</ele>
      </trkpt>
      <trkpt lat="45.19767" lon="6.46938">
        <ele>1242.0</ele>
      </trkpt>
      <trkpt lat="45.19768" lon="6.46935">
        <ele>1242.5</ele>
      </trkpt>
      <trkpt lat="45.19768" lon="6.46931">
        <ele>1243.4</ele>
      </trkpt>
      <trkpt lat="45.19769" lon="6.46928">
        <ele>1243.9</ele>
      </trkpt>
      <trkpt lat="45.19777" lon="6.46903">
        <ele>1247.2</ele>
      </trkpt>
      <trkpt lat="45.19779" lon="6.46896">
        <ele>1248.2</ele>
      </trkpt>
      <trkpt lat="45.19784" lon="6.46878">
        <ele>1250.4</ele>
      </trkpt>
      <trkpt lat="45.19786" lon="6.46873">
        <ele>1250.8</ele>
      </trkpt>
      <trkpt lat="45.198009" lon="6.46828">
        <ele>1254.7</ele>
      </trkpt>
      <trkpt lat="45.19804" lon="6.46821">
        <ele>1255.3</ele>
      </trkpt>
      <trkpt lat="45.19811" lon="6.46805">
        <ele>1256.6</ele>
      </trkpt>
      <trkpt lat="45.19814" lon="6.46797">
        <ele>1257.5</ele>
      </trkpt>
      <trkpt lat="45.19817" lon="6.46789">
        <ele>1258.5</ele>
      </trkpt>
      <trkpt lat="45.19822" lon="6.46779">
        <ele>1259.3</ele>
      </trkpt>
      <trkpt lat="45.19826" lon="6.46771">
        <ele>1259.9</ele>
      </trkpt>
      <trkpt lat="45.19831" lon="6.46763">
        <ele>1260.3</ele>
      </trkpt>
      <trkpt lat="45.19832" lon="6.46763">
        <ele>1260.0</ele>
      </trkpt>
      <trkpt lat="45.19836" lon="6.46758">
        <ele>1260.6</ele>
      </trkpt>
      <trkpt lat="45.19839" lon="6.46752">
        <ele>1261.8</ele>
      </trkpt>
      <trkpt lat="45.19844" lon="6.467469">
        <ele>1262.9</ele>
      </trkpt>
      <trkpt lat="45.19845" lon="6.46746">
        <ele>1263.2</ele>
      </trkpt>
      <trkpt lat="45.19849" lon="6.46742">
        <ele>1264.2</ele>
      </trkpt>
      <trkpt lat="45.19853" lon="6.467399">
        <ele>1264.5</ele>
      </trkpt>
      <trkpt lat="45.19858" lon="6.46737">
        <ele>1265.0</ele>
      </trkpt>
      <trkpt lat="45.19864" lon="6.46735">
        <ele>1265.0</ele>
      </trkpt>
      <trkpt lat="45.19871" lon="6.467329">
        <ele>1264.9</ele>
      </trkpt>
      <trkpt lat="45.19877" lon="6.46732">
        <ele>1264.5</ele>
      </trkpt>
      <trkpt lat="45.19882" lon="6.46731">
        <ele>1264.3</ele>
      </trkpt>
      <trkpt lat="45.19898" lon="6.46727">
        <ele>1263.7</ele>
      </trkpt>
      <trkpt lat="45.19906" lon="6.467259">
        <ele>1263.1</ele>
      </trkpt>
      <trkpt lat="45.19909" lon="6.46725">
        <ele>1263.0</ele>
      </trkpt>
      <trkpt lat="45.19914" lon="6.46724">
        <ele>1262.7</ele>
      </trkpt>
      <trkpt lat="45.1992" lon="6.46723">
        <ele>1262.1</ele>
      </trkpt>
      <trkpt lat="45.19924" lon="6.46722">
        <ele>1261.6</ele>
      </trkpt>
      <trkpt lat="45.19942" lon="6.46719">
        <ele>1259.0</ele>
      </trkpt>
      <trkpt lat="45.19945" lon="6.46718">
        <ele>1258.7</ele>
      </trkpt>
      <trkpt lat="45.19948" lon="6.46716">
        <ele>1258.7</ele>
      </trkpt>
      <trkpt lat="45.199509" lon="6.46712">
        <ele>1259.3</ele>
      </trkpt>
      <trkpt lat="45.19953" lon="6.46707">
        <ele>1260.5</ele>
      </trkpt>
      <trkpt lat="45.19953" lon="6.46702">
        <ele>1262.1</ele>
      </trkpt>
      <trkpt lat="45.19952" lon="6.46698">
        <ele>1263.5</ele>
      </trkpt>
      <trkpt lat="45.199509" lon="6.46694">
        <ele>1265.0</ele>
      </trkpt>
      <trkpt lat="45.19949" lon="6.4669">
        <ele>1266.7</ele>
      </trkpt>
      <trkpt lat="45.19946" lon="6.46687">
        <ele>1268.2</ele>
      </trkpt>
      <trkpt lat="45.19942" lon="6.46685">
        <ele>1269.7</ele>
      </trkpt>
      <trkpt lat="45.19938" lon="6.46684">
        <ele>1270.9</ele>
      </trkpt>
      <trkpt lat="45.19935" lon="6.466859">
        <ele>1270.9</ele>
      </trkpt>
      <trkpt lat="45.199309" lon="6.46688">
        <ele>1271.1</ele>
      </trkpt>
      <trkpt lat="45.19927" lon="6.4669">
        <ele>1271.3</ele>
      </trkpt>
      <trkpt lat="45.19924" lon="6.46691">
        <ele>1271.6</ele>
      </trkpt>
      <trkpt lat="45.1992" lon="6.466929">
        <ele>1271.8</ele>
      </trkpt>
      <trkpt lat="45.19919" lon="6.46694">
        <ele>1271.7</ele>
      </trkpt>
      <trkpt lat="45.19917" lon="6.46695">
        <ele>1271.7</ele>
      </trkpt>
      <trkpt lat="45.19915" lon="6.46696">
        <ele>1271.7</ele>
      </trkpt>
      <trkpt lat="45.199129" lon="6.46697">
        <ele>1271.7</ele>
      </trkpt>
      <trkpt lat="45.1991" lon="6.46699">
        <ele>1271.4</ele>
      </trkpt>
      <trkpt lat="45.19906" lon="6.467">
        <ele>1271.7</ele>
      </trkpt>
      <trkpt lat="45.19902" lon="6.46701">
        <ele>1271.9</ele>
      </trkpt>
      <trkpt lat="45.19901" lon="6.46701">
        <ele>1272.0</ele>
      </trkpt>
      <trkpt lat="45.19898" lon="6.46701">
        <ele>1272.4</ele>
      </trkpt>
      <trkpt lat="45.19894" lon="6.46701">
        <ele>1273.0</ele>
      </trkpt>
      <trkpt lat="45.1989" lon="6.46701">
        <ele>1273.5</ele>
      </trkpt>
      <trkpt lat="45.19886" lon="6.46701">
        <ele>1274.1</ele>
      </trkpt>
      <trkpt lat="45.19883" lon="6.467">
        <ele>1274.8</ele>
      </trkpt>
      <trkpt lat="45.19879" lon="6.46699">
        <ele>1275.7</ele>
      </trkpt>
      <trkpt lat="45.198749" lon="6.46699">
        <ele>1276.2</ele>
      </trkpt>
      <trkpt lat="45.19871" lon="6.46698">
        <ele>1277.1</ele>
      </trkpt>
      <trkpt lat="45.19867" lon="6.46697">
        <ele>1278.1</ele>
      </trkpt>
      <trkpt lat="45.19864" lon="6.46697">
        <ele>1278.5</ele>
      </trkpt>
      <trkpt lat="45.1986" lon="6.46697">
        <ele>1279.0</ele>
      </trkpt>
      <trkpt lat="45.19856" lon="6.46697">
        <ele>1279.6</ele>
      </trkpt>
      <trkpt lat="45.19853" lon="6.46698">
        <ele>1279.6</ele>
      </trkpt>
      <trkpt lat="45.19849" lon="6.46699">
        <ele>1279.8</ele>
      </trkpt>
      <trkpt lat="45.19845" lon="6.467">
        <ele>1280.0</ele>
      </trkpt>
      <trkpt lat="45.19841" lon="6.46702">
        <ele>1279.8</ele>
      </trkpt>
      <trkpt lat="45.19838" lon="6.46704">
        <ele>1279.5</ele>
      </trkpt>
      <trkpt lat="45.19833" lon="6.46707">
        <ele>1279.1</ele>
      </trkpt>
      <trkpt lat="45.19827" lon="6.46712">
        <ele>1278.9</ele>
      </trkpt>
      <trkpt lat="45.19821" lon="6.46716">
        <ele>1279.2</ele>
      </trkpt>
      <trkpt lat="45.19815" lon="6.46721">
        <ele>1279.1</ele>
      </trkpt>
      <trkpt lat="45.19804" lon="6.46731">
        <ele>1278.9</ele>
      </trkpt>
      <trkpt lat="45.19803" lon="6.467329">
        <ele>1278.6</ele>
      </trkpt>
      <trkpt lat="45.198009" lon="6.46735">
        <ele>1278.5</ele>
      </trkpt>
      <trkpt lat="45.19747" lon="6.46812">
        <ele>1278.1</ele>
      </trkpt>
      <trkpt lat="45.19744" lon="6.46816">
        <ele>1278.0</ele>
      </trkpt>
      <trkpt lat="45.19742" lon="6.4682">
        <ele>1277.7</ele>
      </trkpt>
      <trkpt lat="45.19739" lon="6.46823">
        <ele>1277.7</ele>
      </trkpt>
      <trkpt lat="45.19736" lon="6.46826">
        <ele>1277.8</ele>
      </trkpt>
      <trkpt lat="45.19732" lon="6.46829">
        <ele>1278.1</ele>
      </trkpt>
      <trkpt lat="45.1973" lon="6.4683">
        <ele>1278.3</ele>
      </trkpt>
      <trkpt lat="45.19726" lon="6.46832">
        <ele>1278.8</ele>
      </trkpt>
      <trkpt lat="45.19722" lon="6.46833">
        <ele>1279.5</ele>
      </trkpt>
      <trkpt lat="45.19718" lon="6.46834">
        <ele>1280.1</ele>
      </trkpt>
      <trkpt lat="45.19715" lon="6.46835">
        <ele>1280.6</ele>
      </trkpt>
      <trkpt lat="45.19711" lon="6.46835">
        <ele>1281.5</ele>
      </trkpt>
      <trkpt lat="45.19686" lon="6.46836">
        <ele>1287.0</ele>
      </trkpt>
      <trkpt lat="45.19677" lon="6.46837">
        <ele>1288.8</ele>
      </trkpt>
      <trkpt lat="45.19673" lon="6.46838">
        <ele>1289.5</ele>
      </trkpt>
      <trkpt lat="45.1967" lon="6.46838">
        <ele>1290.2</ele>
      </trkpt>
      <trkpt lat="45.19668" lon="6.46839">
        <ele>1290.4</ele>
      </trkpt>
      <trkpt lat="45.19664" lon="6.4684">
        <ele>1291.2</ele>
      </trkpt>
      <trkpt lat="45.196599" lon="6.46841">
        <ele>1292.1</ele>
      </trkpt>
      <trkpt lat="45.19656" lon="6.46843">
        <ele>1292.8</ele>
      </trkpt>
      <trkpt lat="45.19653" lon="6.46844">
        <ele>1293.4</ele>
      </trkpt>
      <trkpt lat="45.19648" lon="6.46846">
        <ele>1294.4</ele>
      </trkpt>
      <trkpt lat="45.19638" lon="6.46852">
        <ele>1295.9</ele>
      </trkpt>
      <trkpt lat="45.19633" lon="6.46854">
        <ele>1296.9</ele>
      </trkpt>
      <trkpt lat="45.19632" lon="6.468549">
        <ele>1297.0</ele>
      </trkpt>
      <trkpt lat="45.19629" lon="6.46857">
        <ele>1297.4</ele>
      </trkpt>
      <trkpt lat="45.19626" lon="6.4686">
        <ele>1297.6</ele>
      </trkpt>
      <trkpt lat="45.19623" lon="6.46863">
        <ele>1297.8</ele>
      </trkpt>
      <trkpt lat="45.1962" lon="6.46866">
        <ele>1298.1</ele>
      </trkpt>
      <trkpt lat="45.19617" lon="6.468689">
        <ele>1298.3</ele>
      </trkpt>
      <trkpt lat="45.19614" lon="6.46872">
        <ele>1298.6</ele>
      </trkpt>
      <trkpt lat="45.196129" lon="6.46873">
        <ele>1298.7</ele>
      </trkpt>
      <trkpt lat="45.19612" lon="6.46875">
        <ele>1298.6</ele>
      </trkpt>
      <trkpt lat="45.1961" lon="6.468759">
        <ele>1299.0</ele>
      </trkpt>
      <trkpt lat="45.19608" lon="6.46877">
        <ele>1299.3</ele>
      </trkpt>
      <trkpt lat="45.19605" lon="6.468759">
        <ele>1300.4</ele>
      </trkpt>
      <trkpt lat="45.19602" lon="6.468759">
        <ele>1301.3</ele>
      </trkpt>
      <trkpt lat="45.19601" lon="6.46875">
        <ele>1301.8</ele>
      </trkpt>
      <trkpt lat="45.196" lon="6.46875">
        <ele>1302.1</ele>
      </trkpt>
      <trkpt lat="45.19598" lon="6.46873">
        <ele>1303.1</ele>
      </trkpt>
      <trkpt lat="45.19597" lon="6.46872">
        <ele>1303.6</ele>
      </trkpt>
      <trkpt lat="45.19595" lon="6.468689">
        <ele>1304.8</ele>
      </trkpt>
      <trkpt lat="45.19594" lon="6.46866">
        <ele>1305.6</ele>
      </trkpt>
      <trkpt lat="45.19593" lon="6.468619">
        <ele>1306.7</ele>
      </trkpt>
      <trkpt lat="45.19592" lon="6.46859">
        <ele>1307.6</ele>
      </trkpt>
      <trkpt lat="45.19591" lon="6.468549">
        <ele>1308.7</ele>
      </trkpt>
      <trkpt lat="45.19591" lon="6.4685">
        <ele>1309.6</ele>
      </trkpt>
      <trkpt lat="45.19592" lon="6.468479">
        <ele>1309.7</ele>
      </trkpt>
      <trkpt lat="45.19592" lon="6.46845">
        <ele>1310.3</ele>
      </trkpt>
      <trkpt lat="45.19593" lon="6.46843">
        <ele>1310.4</ele>
      </trkpt>
      <trkpt lat="45.19594" lon="6.46841">
        <ele>1310.5</ele>
      </trkpt>
      <trkpt lat="45.19595" lon="6.46839">
        <ele>1310.7</ele>
      </trkpt>
      <trkpt lat="45.19596" lon="6.46838">
        <ele>1310.6</ele>
      </trkpt>
      <trkpt lat="45.19598" lon="6.46838">
        <ele>1310.0</ele>
      </trkpt>
      <trkpt lat="45.19599" lon="6.46837">
        <ele>1309.9</ele>
      </trkpt>
      <trkpt lat="45.19605" lon="6.46837">
        <ele>1308.3</ele>
      </trkpt>
      <trkpt lat="45.19609" lon="6.46838">
        <ele>1307.0</ele>
      </trkpt>
      <trkpt lat="45.196129" lon="6.46839">
        <ele>1305.6</ele>
      </trkpt>
      <trkpt lat="45.19617" lon="6.46839">
        <ele>1304.5</ele>
      </trkpt>
      <trkpt lat="45.1962" lon="6.46839">
        <ele>1303.7</ele>
      </trkpt>
      <trkpt lat="45.19623" lon="6.46838">
        <ele>1303.1</ele>
      </trkpt>
      <trkpt lat="45.19626" lon="6.46837">
        <ele>1302.5</ele>
      </trkpt>
      <trkpt lat="45.1963" lon="6.46834">
        <ele>1302.0</ele>
      </trkpt>
      <trkpt lat="45.19636" lon="6.46828">
        <ele>1302.0</ele>
      </trkpt>
      <trkpt lat="45.19663" lon="6.46797">
        <ele>1303.5</ele>
      </trkpt>
      <trkpt lat="45.196689" lon="6.46791">
        <ele>1303.6</ele>
      </trkpt>
      <trkpt lat="45.19675" lon="6.46785">
        <ele>1303.6</ele>
      </trkpt>
      <trkpt lat="45.196779" lon="6.46782">
        <ele>1303.6</ele>
      </trkpt>
      <trkpt lat="45.19681" lon="6.46778">
        <ele>1303.9</ele>
      </trkpt>
      <trkpt lat="45.19685" lon="6.46773">
        <ele>1304.1</ele>
      </trkpt>
      <trkpt lat="45.19688" lon="6.4677">
        <ele>1304.0</ele>
      </trkpt>
      <trkpt lat="45.1969" lon="6.46767">
        <ele>1304.2</ele>
      </trkpt>
      <trkpt lat="45.19692" lon="6.46763">
        <ele>1304.7</ele>
      </trkpt>
      <trkpt lat="45.19695" lon="6.46758">
        <ele>1305.1</ele>
      </trkpt>
      <trkpt lat="45.19698" lon="6.46753">
        <ele>1305.5</ele>
      </trkpt>
      <trkpt lat="45.19702" lon="6.46746">
        <ele>1306.2</ele>
      </trkpt>
      <trkpt lat="45.19706" lon="6.46738">
        <ele>1307.4</ele>
      </trkpt>
      <trkpt lat="45.19708" lon="6.46734">
        <ele>1308.0</ele>
      </trkpt>
      <trkpt lat="45.1971" lon="6.46731">
        <ele>1308.3</ele>
      </trkpt>
      <trkpt lat="45.19713" lon="6.467259">
        <ele>1308.8</ele>
      </trkpt>
      <trkpt lat="45.19717" lon="6.46723">
        <ele>1308.4</ele>
      </trkpt>
      <trkpt lat="45.19721" lon="6.46719">
        <ele>1308.2</ele>
      </trkpt>
      <trkpt lat="45.19723" lon="6.46717">
        <ele>1308.2</ele>
      </trkpt>
      <trkpt lat="45.197249" lon="6.46714">
        <ele>1308.4</ele>
      </trkpt>
      <trkpt lat="45.19726" lon="6.46712">
        <ele>1308.6</ele>
      </trkpt>
      <trkpt lat="45.19727" lon="6.46709">
        <ele>1309.2</ele>
      </trkpt>
      <trkpt lat="45.19728" lon="6.46707">
        <ele>1309.4</ele>
      </trkpt>
      <trkpt lat="45.19728" lon="6.46704">
        <ele>1310.3</ele>
      </trkpt>
      <trkpt lat="45.19728" lon="6.467">
        <ele>1311.5</ele>
      </trkpt>
      <trkpt lat="45.19727" lon="6.46696">
        <ele>1313.0</ele>
      </trkpt>
      <trkpt lat="45.19726" lon="6.466929">
        <ele>1314.2</ele>
      </trkpt>
      <trkpt lat="45.197249" lon="6.4669">
        <ele>1315.4</ele>
      </trkpt>
      <trkpt lat="45.19722" lon="6.46688">
        <ele>1317.1</ele>
      </trkpt>
      <trkpt lat="45.19718" lon="6.46688">
        <ele>1318.5</ele>
      </trkpt>
      <trkpt lat="45.19715" lon="6.46688">
        <ele>1319.6</ele>
      </trkpt>
      <trkpt lat="45.19712" lon="6.4669">
        <ele>1320.1</ele>
      </trkpt>
      <trkpt lat="45.19709" lon="6.466929">
        <ele>1320.2</ele>
      </trkpt>
      <trkpt lat="45.19706" lon="6.46697">
        <ele>1320.0</ele>
      </trkpt>
      <trkpt lat="45.19704" lon="6.46701">
        <ele>1319.5</ele>
      </trkpt>
      <trkpt lat="45.19701" lon="6.46705">
        <ele>1319.3</ele>
      </trkpt>
      <trkpt lat="45.19698" lon="6.4671">
        <ele>1318.8</ele>
      </trkpt>
      <trkpt lat="45.19696" lon="6.46715">
        <ele>1317.9</ele>
      </trkpt>
      <trkpt lat="45.19689" lon="6.46724">
        <ele>1317.3</ele>
      </trkpt>
      <trkpt lat="45.19686" lon="6.46729">
        <ele>1316.7</ele>
      </trkpt>
      <trkpt lat="45.196779" lon="6.46738">
        <ele>1316.4</ele>
      </trkpt>
      <trkpt lat="45.196689" lon="6.46745">
        <ele>1316.9</ele>
      </trkpt>
      <trkpt lat="45.19659" lon="6.46753">
        <ele>1317.3</ele>
      </trkpt>
      <trkpt lat="45.19655" lon="6.46755">
        <ele>1317.8</ele>
      </trkpt>
      <trkpt lat="45.19642" lon="6.46763">
        <ele>1319.1</ele>
      </trkpt>
      <trkpt lat="45.196309" lon="6.4677">
        <ele>1320.1</ele>
      </trkpt>
      <trkpt lat="45.19619" lon="6.46776">
        <ele>1321.7</ele>
      </trkpt>
      <trkpt lat="45.19612" lon="6.46781">
        <ele>1322.2</ele>
      </trkpt>
      <trkpt lat="45.19609" lon="6.46782">
        <ele>1322.7</ele>
      </trkpt>
      <trkpt lat="45.19603" lon="6.46786">
        <ele>1323.2</ele>
      </trkpt>
      <trkpt lat="45.19599" lon="6.46788">
        <ele>1323.7</ele>
      </trkpt>
      <trkpt lat="45.19593" lon="6.46792">
        <ele>1324.2</ele>
      </trkpt>
      <trkpt lat="45.19587" lon="6.46797">
        <ele>1324.5</ele>
      </trkpt>
      <trkpt lat="45.19581" lon="6.46802">
        <ele>1324.5</ele>
      </trkpt>
      <trkpt lat="45.19576" lon="6.468079">
        <ele>1323.8</ele>
      </trkpt>
      <trkpt lat="45.195659" lon="6.4682">
        <ele>1322.5</ele>
      </trkpt>
      <trkpt lat="45.19561" lon="6.46825">
        <ele>1322.2</ele>
      </trkpt>
      <trkpt lat="45.19551" lon="6.46836">
        <ele>1321.4</ele>
      </trkpt>
      <trkpt lat="45.19546" lon="6.46841">
        <ele>1321.5</ele>
      </trkpt>
      <trkpt lat="45.195279" lon="6.468549">
        <ele>1322.3</ele>
      </trkpt>
      <trkpt lat="45.19517" lon="6.46863">
        <ele>1322.8</ele>
      </trkpt>
      <trkpt lat="45.19509" lon="6.46868">
        <ele>1323.3</ele>
      </trkpt>
      <trkpt lat="45.19501" lon="6.468759">
        <ele>1323.1</ele>
      </trkpt>
      <trkpt lat="45.19496" lon="6.46881">
        <ele>1322.0</ele>
      </trkpt>
      <trkpt lat="45.19492" lon="6.46885">
        <ele>1321.0</ele>
      </trkpt>
      <trkpt lat="45.19485" lon="6.46893">
        <ele>1318.9</ele>
      </trkpt>
      <trkpt lat="45.19482" lon="6.46895">
        <ele>1318.3</ele>
      </trkpt>
      <trkpt lat="45.19482" lon="6.46896">
        <ele>1318.1</ele>
      </trkpt>
      <trkpt lat="45.19475" lon="6.46899">
        <ele>1317.1</ele>
      </trkpt>
      <trkpt lat="45.19469" lon="6.46899">
        <ele>1316.9</ele>
      </trkpt>
      <trkpt lat="45.19465" lon="6.46898">
        <ele>1317.0</ele>
      </trkpt>
      <trkpt lat="45.19462" lon="6.46897">
        <ele>1317.1</ele>
      </trkpt>
      <trkpt lat="45.19461" lon="6.46896">
        <ele>1317.3</ele>
      </trkpt>
      <trkpt lat="45.19459" lon="6.46895">
        <ele>1317.5</ele>
      </trkpt>
      <trkpt lat="45.19457" lon="6.46893">
        <ele>1317.9</ele>
      </trkpt>
      <trkpt lat="45.19454" lon="6.4689">
        <ele>1318.6</ele>
      </trkpt>
      <trkpt lat="45.1945" lon="6.46886">
        <ele>1319.5</ele>
      </trkpt>
      <trkpt lat="45.19449" lon="6.46885">
        <ele>1319.7</ele>
      </trkpt>
      <trkpt lat="45.19447" lon="6.46881">
        <ele>1320.7</ele>
      </trkpt>
      <trkpt lat="45.194429" lon="6.46877">
        <ele>1321.6</ele>
      </trkpt>
      <trkpt lat="45.19439" lon="6.46872">
        <ele>1322.8</ele>
      </trkpt>
      <trkpt lat="45.19436" lon="6.46868">
        <ele>1323.8</ele>
      </trkpt>
      <trkpt lat="45.19432" lon="6.468619">
        <ele>1325.3</ele>
      </trkpt>
      <trkpt lat="45.19419" lon="6.46847">
        <ele>1329.2</ele>
      </trkpt>
      <trkpt lat="45.19415" lon="6.46842">
        <ele>1330.7</ele>
      </trkpt>
      <trkpt lat="45.1941" lon="6.46838">
        <ele>1332.0</ele>
      </trkpt>
      <trkpt lat="45.19395" lon="6.46829">
        <ele>1335.0</ele>
      </trkpt>
      <trkpt lat="45.19383" lon="6.46824">
        <ele>1336.9</ele>
      </trkpt>
      <trkpt lat="45.19379" lon="6.46823">
        <ele>1337.4</ele>
      </trkpt>
      <trkpt lat="45.19372" lon="6.46822">
        <ele>1338.0</ele>
      </trkpt>
      <trkpt lat="45.19366" lon="6.46822">
        <ele>1338.2</ele>
      </trkpt>
      <trkpt lat="45.19355" lon="6.46825">
        <ele>1337.7</ele>
      </trkpt>
      <trkpt lat="45.19343" lon="6.4683">
        <ele>1336.7</ele>
      </trkpt>
      <trkpt lat="45.193399" lon="6.4683">
        <ele>1336.8</ele>
      </trkpt>
      <trkpt lat="45.19336" lon="6.46831">
        <ele>1336.6</ele>
      </trkpt>
      <trkpt lat="45.19334" lon="6.4683">
        <ele>1337.0</ele>
      </trkpt>
      <trkpt lat="45.19333" lon="6.46829">
        <ele>1337.5</ele>
      </trkpt>
      <trkpt lat="45.193309" lon="6.46827">
        <ele>1338.9</ele>
      </trkpt>
      <trkpt lat="45.1933" lon="6.46824">
        <ele>1340.3</ele>
      </trkpt>
      <trkpt lat="45.19329" lon="6.46821">
        <ele>1341.6</ele>
      </trkpt>
      <trkpt lat="45.19329" lon="6.46818">
        <ele>1342.5</ele>
      </trkpt>
      <trkpt lat="45.19329" lon="6.468149">
        <ele>1343.4</ele>
      </trkpt>
      <trkpt lat="45.1933" lon="6.46812">
        <ele>1343.9</ele>
      </trkpt>
      <trkpt lat="45.19332" lon="6.46809">
        <ele>1344.1</ele>
      </trkpt>
      <trkpt lat="45.19334" lon="6.46807">
        <ele>1344.2</ele>
      </trkpt>
      <trkpt lat="45.19335" lon="6.46807">
        <ele>1344.1</ele>
      </trkpt>
      <trkpt lat="45.19337" lon="6.46806">
        <ele>1344.4</ele>
      </trkpt>
      <trkpt lat="45.193399" lon="6.46805">
        <ele>1344.5</ele>
      </trkpt>
      <trkpt lat="45.19343" lon="6.46805">
        <ele>1344.4</ele>
      </trkpt>
      <trkpt lat="45.19347" lon="6.46805">
        <ele>1344.2</ele>
      </trkpt>
      <trkpt lat="45.1935" lon="6.46805">
        <ele>1344.0</ele>
      </trkpt>
      <trkpt lat="45.19354" lon="6.46805">
        <ele>1343.8</ele>
      </trkpt>
      <trkpt lat="45.19357" lon="6.46805">
        <ele>1343.7</ele>
      </trkpt>
      <trkpt lat="45.1936" lon="6.46805">
        <ele>1343.6</ele>
      </trkpt>
      <trkpt lat="45.19364" lon="6.46805">
        <ele>1343.4</ele>
      </trkpt>
      <trkpt lat="45.19367" lon="6.46805">
        <ele>1343.2</ele>
      </trkpt>
      <trkpt lat="45.19371" lon="6.46805">
        <ele>1343.0</ele>
      </trkpt>
      <trkpt lat="45.19374" lon="6.46805">
        <ele>1342.9</ele>
      </trkpt>
      <trkpt lat="45.19382" lon="6.46805">
        <ele>1342.5</ele>
      </trkpt>
      <trkpt lat="45.19395" lon="6.46805">
        <ele>1341.9</ele>
      </trkpt>
      <trkpt lat="45.19402" lon="6.46805">
        <ele>1341.5</ele>
      </trkpt>
      <trkpt lat="45.19407" lon="6.46805">
        <ele>1341.3</ele>
      </trkpt>
      <trkpt lat="45.19412" lon="6.46805">
        <ele>1341.0</ele>
      </trkpt>
      <trkpt lat="45.19417" lon="6.46804">
        <ele>1341.1</ele>
      </trkpt>
      <trkpt lat="45.19422" lon="6.46804">
        <ele>1341.1</ele>
      </trkpt>
      <trkpt lat="45.19427" lon="6.46804">
        <ele>1341.1</ele>
      </trkpt>
      <trkpt lat="45.194339" lon="6.46803">
        <ele>1341.3</ele>
      </trkpt>
      <trkpt lat="45.19441" lon="6.46802">
        <ele>1341.5</ele>
      </trkpt>
      <trkpt lat="45.19445" lon="6.468009">
        <ele>1341.8</ele>
      </trkpt>
      <trkpt lat="45.19448" lon="6.46799">
        <ele>1342.3</ele>
      </trkpt>
      <trkpt lat="45.19453" lon="6.46797">
        <ele>1342.8</ele>
      </trkpt>
      <trkpt lat="45.19457" lon="6.467939">
        <ele>1343.6</ele>
      </trkpt>
      <trkpt lat="45.19462" lon="6.4679">
        <ele>1344.7</ele>
      </trkpt>
      <trkpt lat="45.19468" lon="6.46786">
        <ele>1345.7</ele>
      </trkpt>
      <trkpt lat="45.19475" lon="6.46781">
        <ele>1347.0</ele>
      </trkpt>
      <trkpt lat="45.19478" lon="6.46779">
        <ele>1347.5</ele>
      </trkpt>
      <trkpt lat="45.19489" lon="6.46772">
        <ele>1349.3</ele>
      </trkpt>
      <trkpt lat="45.19496" lon="6.46769">
        <ele>1350.0</ele>
      </trkpt>
      <trkpt lat="45.19501" lon="6.46767">
        <ele>1350.3</ele>
      </trkpt>
      <trkpt lat="45.19505" lon="6.46766">
        <ele>1349.8</ele>
      </trkpt>
      <trkpt lat="45.19515" lon="6.46763">
        <ele>1348.6</ele>
      </trkpt>
      <trkpt lat="45.195189" lon="6.46762">
        <ele>1348.1</ele>
      </trkpt>
      <trkpt lat="45.19523" lon="6.4676">
        <ele>1347.9</ele>
      </trkpt>
      <trkpt lat="45.19527" lon="6.46757">
        <ele>1347.9</ele>
      </trkpt>
      <trkpt lat="45.1953" lon="6.46755">
        <ele>1347.9</ele>
      </trkpt>
      <trkpt lat="45.19532" lon="6.46752">
        <ele>1348.3</ele>
      </trkpt>
      <trkpt lat="45.19534" lon="6.46749">
        <ele>1348.8</ele>
      </trkpt>
      <trkpt lat="45.19536" lon="6.46745">
        <ele>1349.6</ele>
      </trkpt>
      <trkpt lat="45.195369" lon="6.46742">
        <ele>1350.3</ele>
      </trkpt>
      <trkpt lat="45.19538" lon="6.467399">
        <ele>1350.7</ele>
      </trkpt>
      <trkpt lat="45.19538" lon="6.46738">
        <ele>1351.3</ele>
      </trkpt>
      <trkpt lat="45.1954" lon="6.467329">
        <ele>1352.4</ele>
      </trkpt>
      <trkpt lat="45.19541" lon="6.46728">
        <ele>1353.7</ele>
      </trkpt>
      <trkpt lat="45.19542" lon="6.46724">
        <ele>1354.7</ele>
      </trkpt>
      <trkpt lat="45.19543" lon="6.4672">
        <ele>1355.7</ele>
      </trkpt>
      <trkpt lat="45.19544" lon="6.46715">
        <ele>1357.0</ele>
      </trkpt>
      <trkpt lat="45.19546" lon="6.46712">
        <ele>1357.5</ele>
      </trkpt>
      <trkpt lat="45.19547" lon="6.46708">
        <ele>1358.5</ele>
      </trkpt>
      <trkpt lat="45.19549" lon="6.46704">
        <ele>1359.3</ele>
      </trkpt>
      <trkpt lat="45.19551" lon="6.46701">
        <ele>1359.8</ele>
      </trkpt>
      <trkpt lat="45.19554" lon="6.46697">
        <ele>1360.3</ele>
      </trkpt>
      <trkpt lat="45.19558" lon="6.46694">
        <ele>1360.4</ele>
      </trkpt>
      <trkpt lat="45.19562" lon="6.46691">
        <ele>1360.4</ele>
      </trkpt>
      <trkpt lat="45.195659" lon="6.46689">
        <ele>1360.2</ele>
      </trkpt>
      <trkpt lat="45.1957" lon="6.46687">
        <ele>1359.9</ele>
      </trkpt>
      <trkpt lat="45.19572" lon="6.466859">
        <ele>1359.8</ele>
      </trkpt>
      <trkpt lat="45.19579" lon="6.46683">
        <ele>1359.2</ele>
      </trkpt>
      <trkpt lat="45.195839" lon="6.4668">
        <ele>1359.0</ele>
      </trkpt>
      <trkpt lat="45.19587" lon="6.466789">
        <ele>1358.6</ele>
      </trkpt>
      <trkpt lat="45.19594" lon="6.46676">
        <ele>1357.8</ele>
      </trkpt>
      <trkpt lat="45.19599" lon="6.46673">
        <ele>1357.5</ele>
      </trkpt>
      <trkpt lat="45.19604" lon="6.4667">
        <ele>1357.3</ele>
      </trkpt>
      <trkpt lat="45.19609" lon="6.46667">
        <ele>1357.0</ele>
      </trkpt>
      <trkpt lat="45.19614" lon="6.46664">
        <ele>1356.6</ele>
      </trkpt>
      <trkpt lat="45.19618" lon="6.46661">
        <ele>1356.3</ele>
      </trkpt>
      <trkpt lat="45.1962" lon="6.46659">
        <ele>1356.3</ele>
      </trkpt>
      <trkpt lat="45.19623" lon="6.46657">
        <ele>1356.1</ele>
      </trkpt>
      <trkpt lat="45.19628" lon="6.46653">
        <ele>1355.9</ele>
      </trkpt>
      <trkpt lat="45.19633" lon="6.46649">
        <ele>1355.6</ele>
      </trkpt>
      <trkpt lat="45.19637" lon="6.46645">
        <ele>1355.6</ele>
      </trkpt>
      <trkpt lat="45.19643" lon="6.46639">
        <ele>1355.6</ele>
      </trkpt>
      <trkpt lat="45.19646" lon="6.46636">
        <ele>1355.6</ele>
      </trkpt>
      <trkpt lat="45.1965" lon="6.46631">
        <ele>1355.8</ele>
      </trkpt>
      <trkpt lat="45.19655" lon="6.46626">
        <ele>1355.9</ele>
      </trkpt>
      <trkpt lat="45.19659" lon="6.4662">
        <ele>1356.3</ele>
      </trkpt>
      <trkpt lat="45.19663" lon="6.46615">
        <ele>1356.6</ele>
      </trkpt>
      <trkpt lat="45.19664" lon="6.46612">
        <ele>1357.0</ele>
      </trkpt>
      <trkpt lat="45.19666" lon="6.46609">
        <ele>1357.3</ele>
      </trkpt>
      <trkpt lat="45.19668" lon="6.46603">
        <ele>1358.1</ele>
      </trkpt>
      <trkpt lat="45.1967" lon="6.46597">
        <ele>1358.9</ele>
      </trkpt>
      <trkpt lat="45.1967" lon="6.46596">
        <ele>1359.1</ele>
      </trkpt>
      <trkpt lat="45.19671" lon="6.46589">
        <ele>1360.5</ele>
      </trkpt>
      <trkpt lat="45.19675" lon="6.46567">
        <ele>1363.5</ele>
      </trkpt>
      <trkpt lat="45.19675" lon="6.46563">
        <ele>1364.2</ele>
      </trkpt>
      <trkpt lat="45.196779" lon="6.46538">
        <ele>1367.9</ele>
      </trkpt>
      <trkpt lat="45.19679" lon="6.46528">
        <ele>1369.4</ele>
      </trkpt>
      <trkpt lat="45.19681" lon="6.46513">
        <ele>1371.6</ele>
      </trkpt>
      <trkpt lat="45.19682" lon="6.46501">
        <ele>1373.5</ele>
      </trkpt>
      <trkpt lat="45.19684" lon="6.46488">
        <ele>1377.1</ele>
      </trkpt>
      <trkpt lat="45.19685" lon="6.464819">
        <ele>1378.9</ele>
      </trkpt>
      <trkpt lat="45.196869" lon="6.46476">
        <ele>1380.4</ele>
      </trkpt>
      <trkpt lat="45.19689" lon="6.46471">
        <ele>1381.6</ele>
      </trkpt>
      <trkpt lat="45.19692" lon="6.46466">
        <ele>1382.5</ele>
      </trkpt>
      <trkpt lat="45.19696" lon="6.46461">
        <ele>1383.3</ele>
      </trkpt>
      <trkpt lat="45.197" lon="6.46457">
        <ele>1383.7</ele>
      </trkpt>
      <trkpt lat="45.19704" lon="6.46453">
        <ele>1384.2</ele>
      </trkpt>
      <trkpt lat="45.19708" lon="6.4645">
        <ele>1384.3</ele>
      </trkpt>
      <trkpt lat="45.19718" lon="6.46445">
        <ele>1383.7</ele>
      </trkpt>
      <trkpt lat="45.19723" lon="6.464419">
        <ele>1383.6</ele>
      </trkpt>
      <trkpt lat="45.19724" lon="6.464419">
        <ele>1383.4</ele>
      </trkpt>
      <trkpt lat="45.19739" lon="6.464349">
        <ele>1382.4</ele>
      </trkpt>
      <trkpt lat="45.19755" lon="6.46429">
        <ele>1381.8</ele>
      </trkpt>
      <trkpt lat="45.1976" lon="6.464279">
        <ele>1381.8</ele>
      </trkpt>
      <trkpt lat="45.19771" lon="6.46426">
        <ele>1382.0</ele>
      </trkpt>
      <trkpt lat="45.19776" lon="6.46426">
        <ele>1381.7</ele>
      </trkpt>
      <trkpt lat="45.19787" lon="6.46427">
        <ele>1380.9</ele>
      </trkpt>
      <trkpt lat="45.19798" lon="6.46429">
        <ele>1379.7</ele>
      </trkpt>
      <trkpt lat="45.19805" lon="6.4643">
        <ele>1379.0</ele>
      </trkpt>
      <trkpt lat="45.19809" lon="6.46431">
        <ele>1378.5</ele>
      </trkpt>
      <trkpt lat="45.19812" lon="6.4643">
        <ele>1378.7</ele>
      </trkpt>
      <trkpt lat="45.19816" lon="6.464279">
        <ele>1379.2</ele>
      </trkpt>
      <trkpt lat="45.198189" lon="6.46426">
        <ele>1379.7</ele>
      </trkpt>
      <trkpt lat="45.19822" lon="6.46423">
        <ele>1380.5</ele>
      </trkpt>
      <trkpt lat="45.19825" lon="6.46419">
        <ele>1381.6</ele>
      </trkpt>
      <trkpt lat="45.19835" lon="6.46398">
        <ele>1387.8</ele>
      </trkpt>
      <trkpt lat="45.1984" lon="6.46386">
        <ele>1390.2</ele>
      </trkpt>
      <trkpt lat="45.19845" lon="6.46372">
        <ele>1392.9</ele>
      </trkpt>
      <trkpt lat="45.19852" lon="6.46356">
        <ele>1395.1</ele>
      </trkpt>
      <trkpt lat="45.19861" lon="6.46326">
        <ele>1399.4</ele>
      </trkpt>
      <trkpt lat="45.19863" lon="6.463199">
        <ele>1399.8</ele>
      </trkpt>
      <trkpt lat="45.19868" lon="6.46298">
        <ele>1402.4</ele>
      </trkpt>
      <trkpt lat="45.19873" lon="6.46282">
        <ele>1403.5</ele>
      </trkpt>
      <trkpt lat="45.19874" lon="6.46279">
        <ele>1403.7</ele>
      </trkpt>
      <trkpt lat="45.19876" lon="6.46274">
        <ele>1403.8</ele>
      </trkpt>
      <trkpt lat="45.19883" lon="6.462589">
        <ele>1403.7</ele>
      </trkpt>
      <trkpt lat="45.19891" lon="6.46244">
        <ele>1402.6</ele>
      </trkpt>
      <trkpt lat="45.19905" lon="6.46218">
        <ele>1400.9</ele>
      </trkpt>
      <trkpt lat="45.19906" lon="6.46217">
        <ele>1400.7</ele>
      </trkpt>
      <trkpt lat="45.199129" lon="6.46207">
        <ele>1399.8</ele>
      </trkpt>
      <trkpt lat="45.19928" lon="6.46192">
        <ele>1396.8</ele>
      </trkpt>
      <trkpt lat="45.1993" lon="6.4619">
        <ele>1396.4</ele>
      </trkpt>
      <trkpt lat="45.19933" lon="6.46186">
        <ele>1396.0</ele>
      </trkpt>
      <trkpt lat="45.19935" lon="6.46182">
        <ele>1396.0</ele>
      </trkpt>
      <trkpt lat="45.19936" lon="6.461769">
        <ele>1396.6</ele>
      </trkpt>
      <trkpt lat="45.19937" lon="6.46173">
        <ele>1397.1</ele>
      </trkpt>
      <trkpt lat="45.19937" lon="6.46168">
        <ele>1398.2</ele>
      </trkpt>
      <trkpt lat="45.19936" lon="6.46161">
        <ele>1398.9</ele>
      </trkpt>
      <trkpt lat="45.199309" lon="6.46136">
        <ele>1401.3</ele>
      </trkpt>
      <trkpt lat="45.19927" lon="6.46122">
        <ele>1403.2</ele>
      </trkpt>
      <trkpt lat="45.19925" lon="6.46112">
        <ele>1404.2</ele>
      </trkpt>
      <trkpt lat="45.19914" lon="6.46073">
        <ele>1406.6</ele>
      </trkpt>
      <trkpt lat="45.19911" lon="6.46064">
        <ele>1405.8</ele>
      </trkpt>
      <trkpt lat="45.19908" lon="6.46056">
        <ele>1405.2</ele>
      </trkpt>
      <trkpt lat="45.19902" lon="6.46041">
        <ele>1404.5</ele>
      </trkpt>
      <trkpt lat="45.19893" lon="6.46026">
        <ele>1405.3</ele>
      </trkpt>
      <trkpt lat="45.19872" lon="6.460009">
        <ele>1410.5</ele>
      </trkpt>
      <trkpt lat="45.19863" lon="6.45991">
        <ele>1410.6</ele>
      </trkpt>
      <trkpt lat="45.19863" lon="6.4599">
        <ele>1410.1</ele>
      </trkpt>
      <trkpt lat="45.19848" lon="6.45976">
        <ele>1410.8</ele>
      </trkpt>
      <trkpt lat="45.19836" lon="6.45965">
        <ele>1411.3</ele>
      </trkpt>
      <trkpt lat="45.19833" lon="6.45962">
        <ele>1411.2</ele>
      </trkpt>
      <trkpt lat="45.19804" lon="6.45938">
        <ele>1408.7</ele>
      </trkpt>
      <trkpt lat="45.1979" lon="6.45925">
        <ele>1407.1</ele>
      </trkpt>
      <trkpt lat="45.19778" lon="6.45916">
        <ele>1406.7</ele>
      </trkpt>
      <trkpt lat="45.19771" lon="6.45912">
        <ele>1407.1</ele>
      </trkpt>
      <trkpt lat="45.19765" lon="6.45909">
        <ele>1407.7</ele>
      </trkpt>
      <trkpt lat="45.19753" lon="6.45908">
        <ele>1410.9</ele>
      </trkpt>
      <trkpt lat="45.19736" lon="6.45908">
        <ele>1415.6</ele>
      </trkpt>
      <trkpt lat="45.19723" lon="6.45907">
        <ele>1418.7</ele>
      </trkpt>
      <trkpt lat="45.19709" lon="6.45905">
        <ele>1421.6</ele>
      </trkpt>
      <trkpt lat="45.19694" lon="6.45904">
        <ele>1425.2</ele>
      </trkpt>
      <trkpt lat="45.19689" lon="6.45903">
        <ele>1426.2</ele>
      </trkpt>
      <trkpt lat="45.19681" lon="6.45902">
        <ele>1427.9</ele>
      </trkpt>
      <trkpt lat="45.19671" lon="6.45899">
        <ele>1429.2</ele>
      </trkpt>
      <trkpt lat="45.19658" lon="6.45894">
        <ele>1431.9</ele>
      </trkpt>
      <trkpt lat="45.19652" lon="6.45892">
        <ele>1433.5</ele>
      </trkpt>
      <trkpt lat="45.19637" lon="6.45884">
        <ele>1436.1</ele>
      </trkpt>
      <trkpt lat="45.19635" lon="6.45882">
        <ele>1436.0</ele>
      </trkpt>
      <trkpt lat="45.19632" lon="6.45881">
        <ele>1436.7</ele>
      </trkpt>
      <trkpt lat="45.19628" lon="6.45878">
        <ele>1437.0</ele>
      </trkpt>
      <trkpt lat="45.19624" lon="6.45875">
        <ele>1437.2</ele>
      </trkpt>
      <trkpt lat="45.19619" lon="6.458719">
        <ele>1437.7</ele>
      </trkpt>
      <trkpt lat="45.19615" lon="6.45868">
        <ele>1437.4</ele>
      </trkpt>
      <trkpt lat="45.19611" lon="6.45864">
        <ele>1437.0</ele>
      </trkpt>
      <trkpt lat="45.19608" lon="6.4586">
        <ele>1436.2</ele>
      </trkpt>
      <trkpt lat="45.19604" lon="6.45856">
        <ele>1435.8</ele>
      </trkpt>
      <trkpt lat="45.19601" lon="6.45852">
        <ele>1434.9</ele>
      </trkpt>
      <trkpt lat="45.19598" lon="6.45846">
        <ele>1433.1</ele>
      </trkpt>
      <trkpt lat="45.19595" lon="6.45841">
        <ele>1431.7</ele>
      </trkpt>
      <trkpt lat="45.19594" lon="6.4584">
        <ele>1431.5</ele>
      </trkpt>
      <trkpt lat="45.19592" lon="6.45837">
        <ele>1430.7</ele>
      </trkpt>
      <trkpt lat="45.19588" lon="6.45833">
        <ele>1430.2</ele>
      </trkpt>
      <trkpt lat="45.19585" lon="6.4583">
        <ele>1430.2</ele>
      </trkpt>
      <trkpt lat="45.19581" lon="6.45826">
        <ele>1430.4</ele>
      </trkpt>
      <trkpt lat="45.19579" lon="6.45826">
        <ele>1431.2</ele>
      </trkpt>
      <trkpt lat="45.19576" lon="6.458249">
        <ele>1432.0</ele>
      </trkpt>
      <trkpt lat="45.19571" lon="6.45824">
        <ele>1433.7</ele>
      </trkpt>
      <trkpt lat="45.195659" lon="6.45824">
        <ele>1435.7</ele>
      </trkpt>
      <trkpt lat="45.19561" lon="6.458249">
        <ele>1438.1</ele>
      </trkpt>
      <trkpt lat="45.195569" lon="6.458249">
        <ele>1439.7</ele>
      </trkpt>
      <trkpt lat="45.19552" lon="6.458249">
        <ele>1441.7</ele>
      </trkpt>
      <trkpt lat="45.19548" lon="6.45824">
        <ele>1442.9</ele>
      </trkpt>
      <trkpt lat="45.19539" lon="6.45821">
        <ele>1445.6</ele>
      </trkpt>
      <trkpt lat="45.19534" lon="6.45819">
        <ele>1447.0</ele>
      </trkpt>
      <trkpt lat="45.19529" lon="6.458179">
        <ele>1448.7</ele>
      </trkpt>
      <trkpt lat="45.19524" lon="6.45817">
        <ele>1450.4</ele>
      </trkpt>
      <trkpt lat="45.19508" lon="6.45817">
        <ele>1456.9</ele>
      </trkpt>
      <trkpt lat="45.19507" lon="6.45817">
        <ele>1457.3</ele>
      </trkpt>
      <trkpt lat="45.19493" lon="6.458179">
        <ele>1463.7</ele>
      </trkpt>
      <trkpt lat="45.1948" lon="6.45816">
        <ele>1469.4</ele>
      </trkpt>
      <trkpt lat="45.194719" lon="6.45815">
        <ele>1473.0</ele>
      </trkpt>
      <trkpt lat="45.19467" lon="6.45808">
        <ele>1474.4</ele>
      </trkpt>
      <trkpt lat="45.19465" lon="6.45803">
        <ele>1474.8</ele>
      </trkpt>
      <trkpt lat="45.19464" lon="6.45799">
        <ele>1474.8</ele>
      </trkpt>
      <trkpt lat="45.19464" lon="6.45797">
        <ele>1474.6</ele>
      </trkpt>
      <trkpt lat="45.19464" lon="6.4579">
        <ele>1473.7</ele>
      </trkpt>
      <trkpt lat="45.19466" lon="6.45781">
        <ele>1471.2</ele>
      </trkpt>
      <trkpt lat="45.19467" lon="6.45774">
        <ele>1469.6</ele>
      </trkpt>
      <trkpt lat="45.1947" lon="6.45761">
        <ele>1465.5</ele>
      </trkpt>
      <trkpt lat="45.19473" lon="6.457499">
        <ele>1461.4</ele>
      </trkpt>
      <trkpt lat="45.19475" lon="6.45737">
        <ele>1458.4</ele>
      </trkpt>
      <trkpt lat="45.19478" lon="6.45715">
        <ele>1453.6</ele>
      </trkpt>
      <trkpt lat="45.19478" lon="6.45709">
        <ele>1452.9</ele>
      </trkpt>
      <trkpt lat="45.19478" lon="6.45702">
        <ele>1452.1</ele>
      </trkpt>
      <trkpt lat="45.19477" lon="6.45692">
        <ele>1451.8</ele>
      </trkpt>
      <trkpt lat="45.19476" lon="6.456819">
        <ele>1451.6</ele>
      </trkpt>
      <trkpt lat="45.194719" lon="6.45668">
        <ele>1453.3</ele>
      </trkpt>
      <trkpt lat="45.19469" lon="6.45662">
        <ele>1455.5</ele>
      </trkpt>
      <trkpt lat="45.19464" lon="6.456489">
        <ele>1459.0</ele>
      </trkpt>
      <trkpt lat="45.19461" lon="6.45644">
        <ele>1461.1</ele>
      </trkpt>
      <trkpt lat="45.19456" lon="6.45634">
        <ele>1464.3</ele>
      </trkpt>
      <trkpt lat="45.19453" lon="6.45626">
        <ele>1465.9</ele>
      </trkpt>
      <trkpt lat="45.19452" lon="6.45622">
        <ele>1466.3</ele>
      </trkpt>
      <trkpt lat="45.19451" lon="6.45619">
        <ele>1466.8</ele>
      </trkpt>
      <trkpt lat="45.1945" lon="6.45612">
        <ele>1466.9</ele>
      </trkpt>
      <trkpt lat="45.1945" lon="6.45605">
        <ele>1466.4</ele>
      </trkpt>
      <trkpt lat="45.1945" lon="6.456">
        <ele>1466.0</ele>
      </trkpt>
      <trkpt lat="45.19451" lon="6.45594">
        <ele>1464.8</ele>
      </trkpt>
      <trkpt lat="45.19452" lon="6.45587">
        <ele>1463.7</ele>
      </trkpt>
      <trkpt lat="45.19455" lon="6.45575">
        <ele>1461.8</ele>
      </trkpt>
      <trkpt lat="45.19457" lon="6.455669">
        <ele>1460.8</ele>
      </trkpt>
      <trkpt lat="45.19459" lon="6.45559">
        <ele>1459.8</ele>
      </trkpt>
      <trkpt lat="45.1946" lon="6.45551">
        <ele>1459.5</ele>
      </trkpt>
      <trkpt lat="45.1946" lon="6.45547">
        <ele>1459.6</ele>
      </trkpt>
      <trkpt lat="45.19459" lon="6.45539">
        <ele>1460.5</ele>
      </trkpt>
      <trkpt lat="45.19459" lon="6.45532">
        <ele>1460.7</ele>
      </trkpt>
      <trkpt lat="45.19453" lon="6.454989">
        <ele>1464.6</ele>
      </trkpt>
      <trkpt lat="45.19451" lon="6.4549">
        <ele>1464.8</ele>
      </trkpt>
      <trkpt lat="45.19448" lon="6.45481">
        <ele>1465.4</ele>
      </trkpt>
      <trkpt lat="45.19447" lon="6.45474">
        <ele>1465.2</ele>
      </trkpt>
      <trkpt lat="45.19446" lon="6.45473">
        <ele>1465.6</ele>
      </trkpt>
      <trkpt lat="45.194429" lon="6.45465">
        <ele>1466.2</ele>
      </trkpt>
      <trkpt lat="45.1944" lon="6.45457">
        <ele>1466.7</ele>
      </trkpt>
      <trkpt lat="45.19438" lon="6.454519">
        <ele>1467.1</ele>
      </trkpt>
      <trkpt lat="45.19437" lon="6.45448">
        <ele>1467.1</ele>
      </trkpt>
      <trkpt lat="45.19433" lon="6.45441">
        <ele>1468.1</ele>
      </trkpt>
      <trkpt lat="45.1943" lon="6.45434">
        <ele>1468.6</ele>
      </trkpt>
      <trkpt lat="45.19428" lon="6.45431">
        <ele>1469.1</ele>
      </trkpt>
      <trkpt lat="45.19426" lon="6.45428">
        <ele>1469.6</ele>
      </trkpt>
      <trkpt lat="45.19421" lon="6.45422">
        <ele>1470.9</ele>
      </trkpt>
      <trkpt lat="45.19417" lon="6.45416">
        <ele>1471.7</ele>
      </trkpt>
      <trkpt lat="45.19415" lon="6.45413">
        <ele>1472.3</ele>
      </trkpt>
      <trkpt lat="45.19413" lon="6.4541">
        <ele>1473.0</ele>
      </trkpt>
      <trkpt lat="45.19404" lon="6.453979">
        <ele>1476.2</ele>
      </trkpt>
      <trkpt lat="45.19398" lon="6.45385">
        <ele>1477.6</ele>
      </trkpt>
      <trkpt lat="45.19395" lon="6.45378">
        <ele>1478.3</ele>
      </trkpt>
      <trkpt lat="45.19393" lon="6.45373">
        <ele>1478.7</ele>
      </trkpt>
      <trkpt lat="45.19392" lon="6.45371">
        <ele>1478.9</ele>
      </trkpt>
      <trkpt lat="45.1939" lon="6.45364">
        <ele>1479.0</ele>
      </trkpt>
      <trkpt lat="45.19388" lon="6.45357">
        <ele>1479.1</ele>
      </trkpt>
      <trkpt lat="45.193869" lon="6.4535">
        <ele>1478.6</ele>
      </trkpt>
      <trkpt lat="45.193869" lon="6.45349">
        <ele>1478.4</ele>
      </trkpt>
      <trkpt lat="45.19385" lon="6.45343">
        <ele>1478.7</ele>
      </trkpt>
      <trkpt lat="45.19383" lon="6.45338">
        <ele>1479.2</ele>
      </trkpt>
      <trkpt lat="45.1938" lon="6.45332">
        <ele>1480.3</ele>
      </trkpt>
      <trkpt lat="45.19377" lon="6.45328">
        <ele>1482.1</ele>
      </trkpt>
      <trkpt lat="45.19377" lon="6.45327">
        <ele>1482.1</ele>
      </trkpt>
      <trkpt lat="45.19374" lon="6.45322">
        <ele>1483.9</ele>
      </trkpt>
      <trkpt lat="45.19371" lon="6.45318">
        <ele>1485.6</ele>
      </trkpt>
      <trkpt lat="45.19368" lon="6.45314">
        <ele>1487.3</ele>
      </trkpt>
      <trkpt lat="45.19366" lon="6.45311">
        <ele>1488.5</ele>
      </trkpt>
      <trkpt lat="45.19362" lon="6.45305">
        <ele>1490.7</ele>
      </trkpt>
      <trkpt lat="45.19359" lon="6.45298">
        <ele>1492.2</ele>
      </trkpt>
      <trkpt lat="45.19356" lon="6.45291">
        <ele>1493.6</ele>
      </trkpt>
      <trkpt lat="45.19355" lon="6.45288">
        <ele>1494.1</ele>
      </trkpt>
      <trkpt lat="45.19354" lon="6.452829">
        <ele>1494.4</ele>
      </trkpt>
      <trkpt lat="45.19351" lon="6.45266">
        <ele>1495.3</ele>
      </trkpt>
      <trkpt lat="45.19351" lon="6.45254">
        <ele>1494.7</ele>
      </trkpt>
      <trkpt lat="45.1935" lon="6.45246">
        <ele>1495.2</ele>
      </trkpt>
      <trkpt lat="45.19351" lon="6.45238">
        <ele>1495.2</ele>
      </trkpt>
      <trkpt lat="45.19352" lon="6.4523">
        <ele>1495.1</ele>
      </trkpt>
      <trkpt lat="45.19354" lon="6.45221">
        <ele>1494.7</ele>
      </trkpt>
      <trkpt lat="45.19358" lon="6.45202">
        <ele>1493.9</ele>
      </trkpt>
      <trkpt lat="45.19362" lon="6.45189">
        <ele>1493.0</ele>
      </trkpt>
      <trkpt lat="45.19362" lon="6.45187">
        <ele>1493.1</ele>
      </trkpt>
      <trkpt lat="45.193689" lon="6.45164">
        <ele>1491.9</ele>
      </trkpt>
      <trkpt lat="45.19375" lon="6.45151">
        <ele>1490.6</ele>
      </trkpt>
      <trkpt lat="45.193779" lon="6.45144">
        <ele>1490.0</ele>
      </trkpt>
      <trkpt lat="45.19379" lon="6.45142">
        <ele>1489.8</ele>
      </trkpt>
      <trkpt lat="45.19388" lon="6.45126">
        <ele>1487.8</ele>
      </trkpt>
      <trkpt lat="45.19392" lon="6.45117">
        <ele>1487.1</ele>
      </trkpt>
      <trkpt lat="45.19411" lon="6.45083">
        <ele>1483.3</ele>
      </trkpt>
      <trkpt lat="45.19422" lon="6.45063">
        <ele>1483.1</ele>
      </trkpt>
      <trkpt lat="45.19487" lon="6.44941">
        <ele>1489.8</ele>
      </trkpt>
      <trkpt lat="45.19489" lon="6.44937">
        <ele>1490.2</ele>
      </trkpt>
      <trkpt lat="45.19493" lon="6.44929">
        <ele>1490.9</ele>
      </trkpt>
      <trkpt lat="45.19494" lon="6.44925">
        <ele>1491.4</ele>
      </trkpt>
      <trkpt lat="45.19497" lon="6.449169">
        <ele>1492.3</ele>
      </trkpt>
      <trkpt lat="45.19498" lon="6.44912">
        <ele>1492.8</ele>
      </trkpt>
      <trkpt lat="45.19499" lon="6.44907">
        <ele>1493.3</ele>
      </trkpt>
      <trkpt lat="45.19501" lon="6.44901">
        <ele>1493.5</ele>
      </trkpt>
      <trkpt lat="45.19502" lon="6.44892">
        <ele>1494.3</ele>
      </trkpt>
      <trkpt lat="45.19502" lon="6.44883">
        <ele>1495.4</ele>
      </trkpt>
      <trkpt lat="45.19503" lon="6.44874">
        <ele>1496.1</ele>
      </trkpt>
      <trkpt lat="45.19503" lon="6.44866">
        <ele>1497.1</ele>
      </trkpt>
      <trkpt lat="45.19501" lon="6.44833">
        <ele>1501.7</ele>
      </trkpt>
      <trkpt lat="45.19501" lon="6.44819">
        <ele>1504.8</ele>
      </trkpt>
      <trkpt lat="45.19501" lon="6.44808">
        <ele>1507.2</ele>
      </trkpt>
      <trkpt lat="45.19501" lon="6.44801">
        <ele>1508.7</ele>
      </trkpt>
      <trkpt lat="45.19502" lon="6.44792">
        <ele>1510.3</ele>
      </trkpt>
      <trkpt lat="45.19505" lon="6.44783">
        <ele>1511.4</ele>
      </trkpt>
      <trkpt lat="45.19507" lon="6.44778">
        <ele>1511.9</ele>
      </trkpt>
      <trkpt lat="45.19513" lon="6.44763">
        <ele>1513.6</ele>
      </trkpt>
      <trkpt lat="45.19521" lon="6.44751">
        <ele>1514.2</ele>
      </trkpt>
      <trkpt lat="45.19529" lon="6.44739">
        <ele>1516.0</ele>
      </trkpt>
      <trkpt lat="45.19539" lon="6.447269">
        <ele>1517.3</ele>
      </trkpt>
      <trkpt lat="45.1954" lon="6.44726">
        <ele>1517.4</ele>
      </trkpt>
      <trkpt lat="45.19551" lon="6.44718">
        <ele>1517.0</ele>
      </trkpt>
      <trkpt lat="45.19556" lon="6.44715">
        <ele>1516.5</ele>
      </trkpt>
      <trkpt lat="45.1956" lon="6.447129">
        <ele>1516.1</ele>
      </trkpt>
      <trkpt lat="45.19573" lon="6.44704">
        <ele>1515.3</ele>
      </trkpt>
      <trkpt lat="45.19574" lon="6.44703">
        <ele>1515.3</ele>
      </trkpt>
      <trkpt lat="45.1958" lon="6.44698">
        <ele>1515.2</ele>
      </trkpt>
      <trkpt lat="45.19591" lon="6.44687">
        <ele>1516.4</ele>
      </trkpt>
      <trkpt lat="45.19599" lon="6.44675">
        <ele>1518.4</ele>
      </trkpt>
      <trkpt lat="45.19607" lon="6.4466">
        <ele>1522.3</ele>
      </trkpt>
      <trkpt lat="45.19611" lon="6.446519">
        <ele>1525.2</ele>
      </trkpt>
      <trkpt lat="45.19616" lon="6.44642">
        <ele>1528.8</ele>
      </trkpt>
      <trkpt lat="45.19623" lon="6.44632">
        <ele>1531.8</ele>
      </trkpt>
      <trkpt lat="45.19626" lon="6.44628">
        <ele>1532.9</ele>
      </trkpt>
      <trkpt lat="45.19632" lon="6.44619">
        <ele>1535.5</ele>
      </trkpt>
      <trkpt lat="45.19644" lon="6.4461">
        <ele>1536.5</ele>
      </trkpt>
      <trkpt lat="45.19653" lon="6.446049">
        <ele>1536.4</ele>
      </trkpt>
      <trkpt lat="45.19662" lon="6.44599">
        <ele>1536.6</ele>
      </trkpt>
      <trkpt lat="45.19674" lon="6.44592">
        <ele>1537.0</ele>
      </trkpt>
      <trkpt lat="45.19693" lon="6.44582">
        <ele>1537.9</ele>
      </trkpt>
      <trkpt lat="45.19698" lon="6.4458">
        <ele>1538.5</ele>
      </trkpt>
      <trkpt lat="45.19703" lon="6.44579">
        <ele>1538.3</ele>
      </trkpt>
      <trkpt lat="45.19706" lon="6.44578">
        <ele>1538.5</ele>
      </trkpt>
      <trkpt lat="45.19719" lon="6.44578">
        <ele>1536.2</ele>
      </trkpt>
      <trkpt lat="45.19721" lon="6.44578">
        <ele>1535.8</ele>
      </trkpt>
      <trkpt lat="45.19733" lon="6.44579">
        <ele>1532.8</ele>
      </trkpt>
      <trkpt lat="45.19752" lon="6.44581">
        <ele>1528.0</ele>
      </trkpt>
      <trkpt lat="45.19773" lon="6.4458">
        <ele>1528.7</ele>
      </trkpt>
      <trkpt lat="45.19788" lon="6.44578">
        <ele>1530.1</ele>
      </trkpt>
      <trkpt lat="45.19802" lon="6.44574">
        <ele>1532.9</ele>
      </trkpt>
      <trkpt lat="45.198279" lon="6.44565">
        <ele>1538.5</ele>
      </trkpt>
      <trkpt lat="45.19829" lon="6.44565">
        <ele>1538.5</ele>
      </trkpt>
      <trkpt lat="45.19844" lon="6.44561">
        <ele>1542.4</ele>
      </trkpt>
      <trkpt lat="45.19853" lon="6.44559">
        <ele>1544.9</ele>
      </trkpt>
      <trkpt lat="45.1986" lon="6.4456">
        <ele>1545.2</ele>
      </trkpt>
      <trkpt lat="45.19869" lon="6.44562">
        <ele>1545.1</ele>
      </trkpt>
      <trkpt lat="45.1988" lon="6.44567">
        <ele>1543.6</ele>
      </trkpt>
      <trkpt lat="45.199" lon="6.44581">
        <ele>1538.5</ele>
      </trkpt>
      <trkpt lat="45.19914" lon="6.44589">
        <ele>1537.6</ele>
      </trkpt>
      <trkpt lat="45.19925" lon="6.44597">
        <ele>1535.1</ele>
      </trkpt>
      <trkpt lat="45.1993" lon="6.445979">
        <ele>1534.6</ele>
      </trkpt>
      <trkpt lat="45.19937" lon="6.44601">
        <ele>1533.4</ele>
      </trkpt>
      <trkpt lat="45.19942" lon="6.44603">
        <ele>1532.6</ele>
      </trkpt>
      <trkpt lat="45.19948" lon="6.44603">
        <ele>1532.5</ele>
      </trkpt>
      <trkpt lat="45.1995" lon="6.44602">
        <ele>1532.8</ele>
      </trkpt>
      <trkpt lat="45.19955" lon="6.44597">
        <ele>1534.4</ele>
      </trkpt>
      <trkpt lat="45.199599" lon="6.44588">
        <ele>1537.4</ele>
      </trkpt>
      <trkpt lat="45.19961" lon="6.44586">
        <ele>1538.0</ele>
      </trkpt>
      <trkpt lat="45.19967" lon="6.4457">
        <ele>1545.2</ele>
      </trkpt>
      <trkpt lat="45.19976" lon="6.44551">
        <ele>1553.8</ele>
      </trkpt>
      <trkpt lat="45.19984" lon="6.44532">
        <ele>1562.1</ele>
      </trkpt>
      <trkpt lat="45.1999" lon="6.44524">
        <ele>1565.3</ele>
      </trkpt>
      <trkpt lat="45.19991" lon="6.445229">
        <ele>1565.6</ele>
      </trkpt>
      <trkpt lat="45.19996" lon="6.4452">
        <ele>1566.5</ele>
      </trkpt>
      <trkpt lat="45.20002" lon="6.44519">
        <ele>1566.5</ele>
      </trkpt>
      <trkpt lat="45.20009" lon="6.44519">
        <ele>1566.4</ele>
      </trkpt>
      <trkpt lat="45.20011" lon="6.4452">
        <ele>1565.9</ele>
      </trkpt>
      <trkpt lat="45.20027" lon="6.44522">
        <ele>1564.7</ele>
      </trkpt>
      <trkpt lat="45.20035" lon="6.44524">
        <ele>1563.6</ele>
      </trkpt>
      <trkpt lat="45.20055" lon="6.445299">
        <ele>1560.6</ele>
      </trkpt>
      <trkpt lat="45.20065" lon="6.44534">
        <ele>1558.7</ele>
      </trkpt>
      <trkpt lat="45.20077" lon="6.44547">
        <ele>1552.8</ele>
      </trkpt>
      <trkpt lat="45.20081" lon="6.44552">
        <ele>1550.6</ele>
      </trkpt>
      <trkpt lat="45.20092" lon="6.4456">
        <ele>1547.4</ele>
      </trkpt>
      <trkpt lat="45.20097" lon="6.44564">
        <ele>1545.9</ele>
      </trkpt>
      <trkpt lat="45.20103" lon="6.44565">
        <ele>1545.8</ele>
      </trkpt>
      <trkpt lat="45.20108" lon="6.44562">
        <ele>1547.2</ele>
      </trkpt>
      <trkpt lat="45.20109" lon="6.44561">
        <ele>1547.7</ele>
      </trkpt>
      <trkpt lat="45.20117" lon="6.44553">
        <ele>1551.2</ele>
      </trkpt>
      <trkpt lat="45.20123" lon="6.44545">
        <ele>1554.6</ele>
      </trkpt>
      <trkpt lat="45.20131" lon="6.445369">
        <ele>1558.0</ele>
      </trkpt>
      <trkpt lat="45.20135" lon="6.44532">
        <ele>1560.0</ele>
      </trkpt>
      <trkpt lat="45.20138" lon="6.44531">
        <ele>1560.4</ele>
      </trkpt>
      <trkpt lat="45.20146" lon="6.44532">
        <ele>1560.2</ele>
      </trkpt>
      <trkpt lat="45.201569" lon="6.44535">
        <ele>1559.2</ele>
      </trkpt>
      <trkpt lat="45.20173" lon="6.445369">
        <ele>1558.3</ele>
      </trkpt>
      <trkpt lat="45.201749" lon="6.445369">
        <ele>1558.2</ele>
      </trkpt>
      <trkpt lat="45.20189" lon="6.44534">
        <ele>1558.3</ele>
      </trkpt>
      <trkpt lat="45.20191" lon="6.44533">
        <ele>1558.5</ele>
      </trkpt>
      <trkpt lat="45.2024" lon="6.44501">
        <ele>1562.1</ele>
      </trkpt>
      <trkpt lat="45.2025" lon="6.44495">
        <ele>1561.1</ele>
      </trkpt>
      <trkpt lat="45.20256" lon="6.44491">
        <ele>1561.6</ele>
      </trkpt>
      <trkpt lat="45.20262" lon="6.44487">
        <ele>1562.1</ele>
      </trkpt>
      <trkpt lat="45.20264" lon="6.44485">
        <ele>1562.2</ele>
      </trkpt>
      <trkpt lat="45.20266" lon="6.44482">
        <ele>1562.4</ele>
      </trkpt>
      <trkpt lat="45.202689" lon="6.44474">
        <ele>1562.7</ele>
      </trkpt>
      <trkpt lat="45.20271" lon="6.44468">
        <ele>1562.9</ele>
      </trkpt>
      <trkpt lat="45.20271" lon="6.44461">
        <ele>1563.0</ele>
      </trkpt>
      <trkpt lat="45.2027" lon="6.444549">
        <ele>1563.0</ele>
      </trkpt>
      <trkpt lat="45.202689" lon="6.44451">
        <ele>1563.0</ele>
      </trkpt>
      <trkpt lat="45.20261" lon="6.44438">
        <ele>1562.9</ele>
      </trkpt>
      <trkpt lat="45.20245" lon="6.44425">
        <ele>1563.2</ele>
      </trkpt>
      <trkpt lat="45.20202" lon="6.44411">
        <ele>1564.7</ele>
      </trkpt>
      <trkpt lat="45.20198" lon="6.44409">
        <ele>1564.2</ele>
      </trkpt>
      <trkpt lat="45.20185" lon="6.44405">
        <ele>1563.6</ele>
      </trkpt>
      <trkpt lat="45.20179" lon="6.44403">
        <ele>1563.2</ele>
      </trkpt>
      <trkpt lat="45.20168" lon="6.44398">
        <ele>1561.8</ele>
      </trkpt>
      <trkpt lat="45.20154" lon="6.44392">
        <ele>1560.3</ele>
      </trkpt>
      <trkpt lat="45.2015" lon="6.44391">
        <ele>1560.1</ele>
      </trkpt>
      <trkpt lat="45.20147" lon="6.4439">
        <ele>1559.9</ele>
      </trkpt>
      <trkpt lat="45.2014" lon="6.44391">
        <ele>1560.8</ele>
      </trkpt>
      <trkpt lat="45.20133" lon="6.44395">
        <ele>1563.1</ele>
      </trkpt>
      <trkpt lat="45.20132" lon="6.44396">
        <ele>1563.6</ele>
      </trkpt>
      <trkpt lat="45.20121" lon="6.44403">
        <ele>1567.4</ele>
      </trkpt>
      <trkpt lat="45.20116" lon="6.44404">
        <ele>1568.2</ele>
      </trkpt>
      <trkpt lat="45.20112" lon="6.44405">
        <ele>1568.9</ele>
      </trkpt>
      <trkpt lat="45.201009" lon="6.44402">
        <ele>1568.4</ele>
      </trkpt>
      <trkpt lat="45.20083" lon="6.443939">
        <ele>1566.3</ele>
      </trkpt>
      <trkpt lat="45.20065" lon="6.44385">
        <ele>1565.2</ele>
      </trkpt>
      <trkpt lat="45.20047" lon="6.44377">
        <ele>1564.9</ele>
      </trkpt>
      <trkpt lat="45.20031" lon="6.4437">
        <ele>1564.9</ele>
      </trkpt>
      <trkpt lat="45.2003" lon="6.44369">
        <ele>1564.7</ele>
      </trkpt>
      <trkpt lat="45.20013" lon="6.44362">
        <ele>1565.3</ele>
      </trkpt>
      <trkpt lat="45.19996" lon="6.44355">
        <ele>1566.1</ele>
      </trkpt>
      <trkpt lat="45.19981" lon="6.44349">
        <ele>1567.1</ele>
      </trkpt>
      <trkpt lat="45.19979" lon="6.443469">
        <ele>1566.8</ele>
      </trkpt>
      <trkpt lat="45.19959" lon="6.44338">
        <ele>1567.9</ele>
      </trkpt>
      <trkpt lat="45.19944" lon="6.44332">
        <ele>1568.8</ele>
      </trkpt>
      <trkpt lat="45.19927" lon="6.44324">
        <ele>1568.6</ele>
      </trkpt>
      <trkpt lat="45.19912" lon="6.44317">
        <ele>1569.1</ele>
      </trkpt>
      <trkpt lat="45.198839" lon="6.44301">
        <ele>1569.4</ele>
      </trkpt>
      <trkpt lat="45.19844" lon="6.4428">
        <ele>1569.2</ele>
      </trkpt>
      <trkpt lat="45.19826" lon="6.44271">
        <ele>1568.6</ele>
      </trkpt>
      <trkpt lat="45.19822" lon="6.44269">
        <ele>1568.4</ele>
      </trkpt>
      <trkpt lat="45.19808" lon="6.44265">
        <ele>1569.3</ele>
      </trkpt>
      <trkpt lat="45.19791" lon="6.44263">
        <ele>1571.9</ele>
      </trkpt>
      <trkpt lat="45.19784" lon="6.44263">
        <ele>1573.3</ele>
      </trkpt>
      <trkpt lat="45.19776" lon="6.44263">
        <ele>1575.0</ele>
      </trkpt>
      <trkpt lat="45.19773" lon="6.44263">
        <ele>1575.7</ele>
      </trkpt>
      <trkpt lat="45.19767" lon="6.44263">
        <ele>1576.9</ele>
      </trkpt>
      <trkpt lat="45.19759" lon="6.44262">
        <ele>1578.1</ele>
      </trkpt>
      <trkpt lat="45.19755" lon="6.44262">
        <ele>1579.0</ele>
      </trkpt>
      <trkpt lat="45.1975" lon="6.44261">
        <ele>1579.5</ele>
      </trkpt>
      <trkpt lat="45.197339" lon="6.44258">
        <ele>1578.6</ele>
      </trkpt>
      <trkpt lat="45.19715" lon="6.44251">
        <ele>1575.4</ele>
      </trkpt>
      <trkpt lat="45.19699" lon="6.44246">
        <ele>1572.8</ele>
      </trkpt>
      <trkpt lat="45.1968" lon="6.44243">
        <ele>1571.4</ele>
      </trkpt>
      <trkpt lat="45.19668" lon="6.44243">
        <ele>1571.7</ele>
      </trkpt>
      <trkpt lat="45.19653" lon="6.44244">
        <ele>1574.8</ele>
      </trkpt>
      <trkpt lat="45.19648" lon="6.44244">
        <ele>1575.7</ele>
      </trkpt>
      <trkpt lat="45.1964" lon="6.44245">
        <ele>1577.7</ele>
      </trkpt>
      <trkpt lat="45.1963" lon="6.44246">
        <ele>1580.2</ele>
      </trkpt>
      <trkpt lat="45.19628" lon="6.44246">
        <ele>1580.5</ele>
      </trkpt>
      <trkpt lat="45.196129" lon="6.44244">
        <ele>1582.0</ele>
      </trkpt>
      <trkpt lat="45.19594" lon="6.4424">
        <ele>1583.0</ele>
      </trkpt>
      <trkpt lat="45.195749" lon="6.44233">
        <ele>1581.5</ele>
      </trkpt>
      <trkpt lat="45.19562" lon="6.44229">
        <ele>1580.3</ele>
      </trkpt>
      <trkpt lat="45.1956" lon="6.44227">
        <ele>1579.2</ele>
      </trkpt>
      <trkpt lat="45.19552" lon="6.44222">
        <ele>1576.7</ele>
      </trkpt>
      <trkpt lat="45.19544" lon="6.44216">
        <ele>1573.5</ele>
      </trkpt>
      <trkpt lat="45.1954" lon="6.44213">
        <ele>1571.8</ele>
      </trkpt>
      <trkpt lat="45.19526" lon="6.44205">
        <ele>1567.3</ele>
      </trkpt>
      <trkpt lat="45.19514" lon="6.44199">
        <ele>1563.9</ele>
      </trkpt>
      <trkpt lat="45.19503" lon="6.44195">
        <ele>1561.6</ele>
      </trkpt>
      <trkpt lat="45.19492" lon="6.44192">
        <ele>1561.0</ele>
      </trkpt>
      <trkpt lat="45.19474" lon="6.44191">
        <ele>1563.7</ele>
      </trkpt>
      <trkpt lat="45.19426" lon="6.44191">
        <ele>1572.7</ele>
      </trkpt>
      <trkpt lat="45.19407" lon="6.44189">
        <ele>1574.2</ele>
      </trkpt>
      <trkpt lat="45.19391" lon="6.44186">
        <ele>1574.1</ele>
      </trkpt>
      <trkpt lat="45.19385" lon="6.44183">
        <ele>1572.7</ele>
      </trkpt>
      <trkpt lat="45.19368" lon="6.44175">
        <ele>1569.1</ele>
      </trkpt>
      <trkpt lat="45.19364" lon="6.44173">
        <ele>1568.2</ele>
      </trkpt>
      <trkpt lat="45.19351" lon="6.44167">
        <ele>1565.7</ele>
      </trkpt>
      <trkpt lat="45.19341" lon="6.44162">
        <ele>1564.3</ele>
      </trkpt>
      <trkpt lat="45.19325" lon="6.44156">
        <ele>1565.1</ele>
      </trkpt>
      <trkpt lat="45.19311" lon="6.44147">
        <ele>1565.1</ele>
      </trkpt>
      <trkpt lat="45.19295" lon="6.44134">
        <ele>1563.5</ele>
      </trkpt>
      <trkpt lat="45.19286" lon="6.44124">
        <ele>1561.0</ele>
      </trkpt>
      <trkpt lat="45.19279" lon="6.441169">
        <ele>1559.4</ele>
      </trkpt>
      <trkpt lat="45.19272" lon="6.44108">
        <ele>1556.7</ele>
      </trkpt>
      <trkpt lat="45.19269" lon="6.441029">
        <ele>1554.8</ele>
      </trkpt>
      <trkpt lat="45.19259" lon="6.44092">
        <ele>1551.9</ele>
      </trkpt>
      <trkpt lat="45.19245" lon="6.44083">
        <ele>1551.0</ele>
      </trkpt>
      <trkpt lat="45.19226" lon="6.44075">
        <ele>1550.3</ele>
      </trkpt>
      <trkpt lat="45.19207" lon="6.4407">
        <ele>1551.6</ele>
      </trkpt>
      <trkpt lat="45.192" lon="6.44068">
        <ele>1552.0</ele>
      </trkpt>
      <trkpt lat="45.19189" lon="6.44068">
        <ele>1554.6</ele>
      </trkpt>
      <trkpt lat="45.19175" lon="6.44067">
        <ele>1557.2</ele>
      </trkpt>
      <trkpt lat="45.19171" lon="6.44066">
        <ele>1557.5</ele>
      </trkpt>
      <trkpt lat="45.1915" lon="6.44064">
        <ele>1558.6</ele>
      </trkpt>
      <trkpt lat="45.19131" lon="6.44057">
        <ele>1555.6</ele>
      </trkpt>
      <trkpt lat="45.19118" lon="6.44053">
        <ele>1554.1</ele>
      </trkpt>
      <trkpt lat="45.19105" lon="6.44048">
        <ele>1551.9</ele>
      </trkpt>
      <trkpt lat="45.19101" lon="6.44047">
        <ele>1551.5</ele>
      </trkpt>
      <trkpt lat="45.19092" lon="6.44046">
        <ele>1551.6</ele>
      </trkpt>
      <trkpt lat="45.19072" lon="6.44046">
        <ele>1552.6</ele>
      </trkpt>
      <trkpt lat="45.19065" lon="6.44047">
        <ele>1553.4</ele>
      </trkpt>
      <trkpt lat="45.19047" lon="6.44048">
        <ele>1554.4</ele>
      </trkpt>
      <trkpt lat="45.19044" lon="6.440489">
        <ele>1555.1</ele>
      </trkpt>
      <trkpt lat="45.190219" lon="6.44052">
        <ele>1557.4</ele>
      </trkpt>
      <trkpt lat="45.19012" lon="6.440559">
        <ele>1560.1</ele>
      </trkpt>
      <trkpt lat="45.19005" lon="6.44058">
        <ele>1561.4</ele>
      </trkpt>
      <trkpt lat="45.18994" lon="6.44059">
        <ele>1563.2</ele>
      </trkpt>
      <trkpt lat="45.18983" lon="6.44061">
        <ele>1566.4</ele>
      </trkpt>
      <trkpt lat="45.18965" lon="6.44057">
        <ele>1567.2</ele>
      </trkpt>
      <trkpt lat="45.18958" lon="6.44055">
        <ele>1567.2</ele>
      </trkpt>
      <trkpt lat="45.18944" lon="6.44052">
        <ele>1568.0</ele>
      </trkpt>
      <trkpt lat="45.18941" lon="6.440489">
        <ele>1566.8</ele>
      </trkpt>
      <trkpt lat="45.18933" lon="6.44045">
        <ele>1565.9</ele>
      </trkpt>
      <trkpt lat="45.18901" lon="6.44018">
        <ele>1557.9</ele>
      </trkpt>
      <trkpt lat="45.188809" lon="6.44">
        <ele>1553.7</ele>
      </trkpt>
      <trkpt lat="45.18878" lon="6.43999">
        <ele>1554.0</ele>
      </trkpt>
      <trkpt lat="45.18865" lon="6.43992">
        <ele>1553.5</ele>
      </trkpt>
      <trkpt lat="45.18861" lon="6.43991">
        <ele>1554.0</ele>
      </trkpt>
      <trkpt lat="45.18844" lon="6.43985">
        <ele>1555.0</ele>
      </trkpt>
      <trkpt lat="45.18835" lon="6.43982">
        <ele>1555.5</ele>
      </trkpt>
      <trkpt lat="45.18826" lon="6.43979">
        <ele>1554.7</ele>
      </trkpt>
      <trkpt lat="45.18791" lon="6.439669">
        <ele>1550.8</ele>
      </trkpt>
      <trkpt lat="45.18766" lon="6.43959">
        <ele>1548.9</ele>
      </trkpt>
      <trkpt lat="45.18756" lon="6.43956">
        <ele>1548.4</ele>
      </trkpt>
      <trkpt lat="45.18739" lon="6.4395">
        <ele>1546.1</ele>
      </trkpt>
      <trkpt lat="45.18727" lon="6.43946">
        <ele>1544.3</ele>
      </trkpt>
      <trkpt lat="45.18721" lon="6.43945">
        <ele>1544.0</ele>
      </trkpt>
      <trkpt lat="45.18703" lon="6.43942">
        <ele>1543.2</ele>
      </trkpt>
      <trkpt lat="45.187" lon="6.43941">
        <ele>1542.8</ele>
      </trkpt>
      <trkpt lat="45.18671" lon="6.43939">
        <ele>1543.1</ele>
      </trkpt>
      <trkpt lat="45.18667" lon="6.43939">
        <ele>1543.3</ele>
      </trkpt>
      <trkpt lat="45.18656" lon="6.43937">
        <ele>1543.7</ele>
      </trkpt>
      <trkpt lat="45.18651" lon="6.43936">
        <ele>1543.9</ele>
      </trkpt>
      <trkpt lat="45.18633" lon="6.43928">
        <ele>1542.6</ele>
      </trkpt>
      <trkpt lat="45.18596" lon="6.4391">
        <ele>1542.1</ele>
      </trkpt>
      <trkpt lat="45.18589" lon="6.43905">
        <ele>1542.1</ele>
      </trkpt>
      <trkpt lat="45.18582" lon="6.43901">
        <ele>1542.2</ele>
      </trkpt>
      <trkpt lat="45.18573" lon="6.43896">
        <ele>1541.8</ele>
      </trkpt>
      <trkpt lat="45.18573" lon="6.43895">
        <ele>1541.5</ele>
      </trkpt>
      <trkpt lat="45.18566" lon="6.43889">
        <ele>1540.7</ele>
      </trkpt>
      <trkpt lat="45.18553" lon="6.43877">
        <ele>1538.9</ele>
      </trkpt>
      <trkpt lat="45.18542" lon="6.43868">
        <ele>1537.7</ele>
      </trkpt>
      <trkpt lat="45.18536" lon="6.43863">
        <ele>1537.0</ele>
      </trkpt>
      <trkpt lat="45.1853" lon="6.43857">
        <ele>1536.1</ele>
      </trkpt>
      <trkpt lat="45.1852" lon="6.438519">
        <ele>1535.8</ele>
      </trkpt>
      <trkpt lat="45.18513" lon="6.43847">
        <ele>1535.2</ele>
      </trkpt>
      <trkpt lat="45.1849" lon="6.4384">
        <ele>1534.7</ele>
      </trkpt>
      <trkpt lat="45.18462" lon="6.43834">
        <ele>1533.6</ele>
      </trkpt>
      <trkpt lat="45.18436" lon="6.43835">
        <ele>1534.1</ele>
      </trkpt>
      <trkpt lat="45.18405" lon="6.43842">
        <ele>1533.9</ele>
      </trkpt>
      <trkpt lat="45.18383" lon="6.43849">
        <ele>1532.3</ele>
      </trkpt>
      <trkpt lat="45.18371" lon="6.438589">
        <ele>1532.7</ele>
      </trkpt>
      <trkpt lat="45.18354" lon="6.4388">
        <ele>1535.1</ele>
      </trkpt>
      <trkpt lat="45.18338" lon="6.43894">
        <ele>1536.3</ele>
      </trkpt>
      <trkpt lat="45.183369" lon="6.43895">
        <ele>1536.5</ele>
      </trkpt>
      <trkpt lat="45.18326" lon="6.439">
        <ele>1536.8</ele>
      </trkpt>
      <trkpt lat="45.18312" lon="6.439">
        <ele>1536.2</ele>
      </trkpt>
      <trkpt lat="45.18289" lon="6.43895">
        <ele>1533.9</ele>
      </trkpt>
      <trkpt lat="45.18266" lon="6.4389">
        <ele>1531.7</ele>
      </trkpt>
      <trkpt lat="45.18263" lon="6.43889">
        <ele>1531.3</ele>
      </trkpt>
      <trkpt lat="45.18245" lon="6.43892">
        <ele>1530.7</ele>
      </trkpt>
      <trkpt lat="45.182139" lon="6.43905">
        <ele>1529.5</ele>
      </trkpt>
      <trkpt lat="45.18162" lon="6.439269">
        <ele>1527.9</ele>
      </trkpt>
      <trkpt lat="45.18122" lon="6.43944">
        <ele>1528.7</ele>
      </trkpt>
      <trkpt lat="45.180929" lon="6.43956">
        <ele>1529.6</ele>
      </trkpt>
      <trkpt lat="45.18076" lon="6.43963">
        <ele>1530.6</ele>
      </trkpt>
      <trkpt lat="45.18068" lon="6.43966">
        <ele>1531.4</ele>
      </trkpt>
      <trkpt lat="45.180549" lon="6.439669">
        <ele>1531.6</ele>
      </trkpt>
      <trkpt lat="45.18045" lon="6.43962">
        <ele>1530.1</ele>
      </trkpt>
      <trkpt lat="45.18037" lon="6.43952">
        <ele>1527.1</ele>
      </trkpt>
      <trkpt lat="45.18028" lon="6.43943">
        <ele>1524.2</ele>
      </trkpt>
      <trkpt lat="45.18027" lon="6.43943">
        <ele>1524.2</ele>
      </trkpt>
      <trkpt lat="45.18027" lon="6.43942">
        <ele>1523.9</ele>
      </trkpt>
      <trkpt lat="45.18018" lon="6.439339">
        <ele>1521.2</ele>
      </trkpt>
      <trkpt lat="45.1801" lon="6.43931">
        <ele>1520.0</ele>
      </trkpt>
      <trkpt lat="45.18002" lon="6.43929">
        <ele>1519.1</ele>
      </trkpt>
      <trkpt lat="45.17998" lon="6.43929">
        <ele>1519.0</ele>
      </trkpt>
      <trkpt lat="45.17992" lon="6.43929">
        <ele>1519.1</ele>
      </trkpt>
      <trkpt lat="45.179789" lon="6.43931">
        <ele>1519.9</ele>
      </trkpt>
      <trkpt lat="45.17976" lon="6.43931">
        <ele>1519.9</ele>
      </trkpt>
      <trkpt lat="45.17958" lon="6.43932">
        <ele>1520.4</ele>
      </trkpt>
      <trkpt lat="45.17957" lon="6.43933">
        <ele>1520.8</ele>
      </trkpt>
      <trkpt lat="45.1794" lon="6.439339">
        <ele>1521.4</ele>
      </trkpt>
      <trkpt lat="45.17939" lon="6.439339">
        <ele>1521.4</ele>
      </trkpt>
      <trkpt lat="45.17915" lon="6.43929">
        <ele>1519.8</ele>
      </trkpt>
      <trkpt lat="45.17904" lon="6.439269">
        <ele>1519.4</ele>
      </trkpt>
      <trkpt lat="45.17886" lon="6.43924">
        <ele>1518.8</ele>
      </trkpt>
      <trkpt lat="45.17885" lon="6.43924">
        <ele>1518.8</ele>
      </trkpt>
      <trkpt lat="45.17869" lon="6.43921">
        <ele>1518.0</ele>
      </trkpt>
      <trkpt lat="45.17868" lon="6.43921">
        <ele>1518.0</ele>
      </trkpt>
      <trkpt lat="45.17859" lon="6.43919">
        <ele>1517.4</ele>
      </trkpt>
      <trkpt lat="45.17845" lon="6.43914">
        <ele>1515.9</ele>
      </trkpt>
      <trkpt lat="45.17835" lon="6.439059">
        <ele>1514.0</ele>
      </trkpt>
      <trkpt lat="45.17835" lon="6.43905">
        <ele>1513.7</ele>
      </trkpt>
      <trkpt lat="45.17824" lon="6.43893">
        <ele>1513.2</ele>
      </trkpt>
      <trkpt lat="45.17812" lon="6.43878">
        <ele>1512.7</ele>
      </trkpt>
      <trkpt lat="45.17795" lon="6.43854">
        <ele>1511.4</ele>
      </trkpt>
      <trkpt lat="45.17794" lon="6.438519">
        <ele>1511.2</ele>
      </trkpt>
      <trkpt lat="45.177639" lon="6.43813">
        <ele>1510.9</ele>
      </trkpt>
      <trkpt lat="45.17756" lon="6.43802">
        <ele>1510.9</ele>
      </trkpt>
      <trkpt lat="45.177549" lon="6.43802">
        <ele>1511.3</ele>
      </trkpt>
      <trkpt lat="45.17737" lon="6.43777">
        <ele>1510.7</ele>
      </trkpt>
      <trkpt lat="45.1773" lon="6.43766">
        <ele>1510.1</ele>
      </trkpt>
      <trkpt lat="45.177259" lon="6.4376">
        <ele>1509.7</ele>
      </trkpt>
      <trkpt lat="45.17719" lon="6.43748">
        <ele>1508.8</ele>
      </trkpt>
      <trkpt lat="45.17713" lon="6.437369">
        <ele>1508.0</ele>
      </trkpt>
      <trkpt lat="45.17709" lon="6.43726">
        <ele>1506.6</ele>
      </trkpt>
      <trkpt lat="45.17707" lon="6.43717">
        <ele>1505.2</ele>
      </trkpt>
      <trkpt lat="45.17703" lon="6.43702">
        <ele>1503.0</ele>
      </trkpt>
      <trkpt lat="45.17697" lon="6.43672">
        <ele>1497.9</ele>
      </trkpt>
      <trkpt lat="45.17685" lon="6.43602">
        <ele>1491.6</ele>
      </trkpt>
      <trkpt lat="45.17681" lon="6.43573">
        <ele>1489.4</ele>
      </trkpt>
      <trkpt lat="45.17678" lon="6.43549">
        <ele>1488.5</ele>
      </trkpt>
      <trkpt lat="45.17675" lon="6.43495">
        <ele>1485.6</ele>
      </trkpt>
      <trkpt lat="45.17674" lon="6.4349">
        <ele>1485.3</ele>
      </trkpt>
      <trkpt lat="45.17672" lon="6.43451">
        <ele>1481.9</ele>
      </trkpt>
      <trkpt lat="45.17671" lon="6.43434">
        <ele>1480.4</ele>
      </trkpt>
      <trkpt lat="45.176699" lon="6.434249">
        <ele>1479.8</ele>
      </trkpt>
      <trkpt lat="45.176699" lon="6.43424">
        <ele>1479.7</ele>
      </trkpt>
      <trkpt lat="45.17667" lon="6.434179">
        <ele>1480.0</ele>
      </trkpt>
      <trkpt lat="45.17666" lon="6.43416">
        <ele>1479.9</ele>
      </trkpt>
      <trkpt lat="45.17665" lon="6.43416">
        <ele>1480.0</ele>
      </trkpt>
      <trkpt lat="45.17655" lon="6.43411">
        <ele>1479.7</ele>
      </trkpt>
      <trkpt lat="45.17642" lon="6.43405">
        <ele>1479.4</ele>
      </trkpt>
      <trkpt lat="45.17631" lon="6.43401">
        <ele>1479.5</ele>
      </trkpt>
      <trkpt lat="45.17625" lon="6.43398">
        <ele>1479.3</ele>
      </trkpt>
      <trkpt lat="45.17608" lon="6.43391">
        <ele>1479.2</ele>
      </trkpt>
      <trkpt lat="45.17595" lon="6.43382">
        <ele>1478.1</ele>
      </trkpt>
      <trkpt lat="45.17589" lon="6.43375">
        <ele>1477.0</ele>
      </trkpt>
      <trkpt lat="45.17583" lon="6.4337">
        <ele>1476.3</ele>
      </trkpt>
      <trkpt lat="45.17583" lon="6.43369">
        <ele>1476.0</ele>
      </trkpt>
      <trkpt lat="45.17565" lon="6.43347">
        <ele>1471.8</ele>
      </trkpt>
      <trkpt lat="45.17549" lon="6.43329">
        <ele>1468.6</ele>
      </trkpt>
      <trkpt lat="45.17541" lon="6.43321">
        <ele>1467.0</ele>
      </trkpt>
      <trkpt lat="45.17536" lon="6.433169">
        <ele>1466.3</ele>
      </trkpt>
      <trkpt lat="45.17525" lon="6.43311">
        <ele>1465.6</ele>
      </trkpt>
      <trkpt lat="45.17512" lon="6.43307">
        <ele>1465.6</ele>
      </trkpt>
      <trkpt lat="45.17484" lon="6.433">
        <ele>1465.0</ele>
      </trkpt>
      <trkpt lat="45.17454" lon="6.43294">
        <ele>1463.9</ele>
      </trkpt>
      <trkpt lat="45.17446" lon="6.43293">
        <ele>1463.8</ele>
      </trkpt>
      <trkpt lat="45.1744" lon="6.43291">
        <ele>1463.4</ele>
      </trkpt>
      <trkpt lat="45.17439" lon="6.43291">
        <ele>1463.4</ele>
      </trkpt>
      <trkpt lat="45.17436" lon="6.4329">
        <ele>1463.3</ele>
      </trkpt>
      <trkpt lat="45.17418" lon="6.43285">
        <ele>1462.5</ele>
      </trkpt>
      <trkpt lat="45.17415" lon="6.43284">
        <ele>1462.2</ele>
      </trkpt>
      <trkpt lat="45.17383" lon="6.43276">
        <ele>1458.8</ele>
      </trkpt>
      <trkpt lat="45.17369" lon="6.43274">
        <ele>1457.6</ele>
      </trkpt>
      <trkpt lat="45.17365" lon="6.43274">
        <ele>1457.4</ele>
      </trkpt>
      <trkpt lat="45.17355" lon="6.43274">
        <ele>1456.9</ele>
      </trkpt>
      <trkpt lat="45.17338" lon="6.4328">
        <ele>1456.9</ele>
      </trkpt>
      <trkpt lat="45.17317" lon="6.43291">
        <ele>1455.8</ele>
      </trkpt>
      <trkpt lat="45.17313" lon="6.43294">
        <ele>1455.6</ele>
      </trkpt>
      <trkpt lat="45.17303" lon="6.43301">
        <ele>1455.0</ele>
      </trkpt>
      <trkpt lat="45.17301" lon="6.433029">
        <ele>1455.0</ele>
      </trkpt>
      <trkpt lat="45.17296" lon="6.43308">
        <ele>1454.9</ele>
      </trkpt>
      <trkpt lat="45.17287" lon="6.4332">
        <ele>1455.2</ele>
      </trkpt>
      <trkpt lat="45.17278" lon="6.43334">
        <ele>1455.8</ele>
      </trkpt>
      <trkpt lat="45.17264" lon="6.43356">
        <ele>1457.0</ele>
      </trkpt>
      <trkpt lat="45.17255" lon="6.43367">
        <ele>1457.4</ele>
      </trkpt>
      <trkpt lat="45.1725" lon="6.43375">
        <ele>1458.0</ele>
      </trkpt>
      <trkpt lat="45.17243" lon="6.43379">
        <ele>1457.9</ele>
      </trkpt>
      <trkpt lat="45.17234" lon="6.43381">
        <ele>1457.3</ele>
      </trkpt>
      <trkpt lat="45.17217" lon="6.43384">
        <ele>1456.0</ele>
      </trkpt>
      <trkpt lat="45.1719" lon="6.43386">
        <ele>1453.6</ele>
      </trkpt>
      <trkpt lat="45.17165" lon="6.4339">
        <ele>1451.7</ele>
      </trkpt>
      <trkpt lat="45.17155" lon="6.43392">
        <ele>1450.8</ele>
      </trkpt>
      <trkpt lat="45.17142" lon="6.43398">
        <ele>1450.4</ele>
      </trkpt>
      <trkpt lat="45.17138" lon="6.434">
        <ele>1450.2</ele>
      </trkpt>
      <trkpt lat="45.17124" lon="6.43406">
        <ele>1449.5</ele>
      </trkpt>
      <trkpt lat="45.171169" lon="6.43409">
        <ele>1449.1</ele>
      </trkpt>
      <trkpt lat="45.17109" lon="6.43411">
        <ele>1448.4</ele>
      </trkpt>
      <trkpt lat="45.17103" lon="6.43411">
        <ele>1447.7</ele>
      </trkpt>
      <trkpt lat="45.17101" lon="6.43411">
        <ele>1447.4</ele>
      </trkpt>
      <trkpt lat="45.17086" lon="6.43411">
        <ele>1445.5</ele>
      </trkpt>
      <trkpt lat="45.17067" lon="6.4341">
        <ele>1442.8</ele>
      </trkpt>
      <trkpt lat="45.17056" lon="6.43409">
        <ele>1441.1</ele>
      </trkpt>
      <trkpt lat="45.17045" lon="6.4341">
        <ele>1439.8</ele>
      </trkpt>
      <trkpt lat="45.17037" lon="6.43412">
        <ele>1439.1</ele>
      </trkpt>
      <trkpt lat="45.170319" lon="6.43414">
        <ele>1438.8</ele>
      </trkpt>
      <trkpt lat="45.17026" lon="6.43419">
        <ele>1438.8</ele>
      </trkpt>
      <trkpt lat="45.17025" lon="6.4342">
        <ele>1438.8</ele>
      </trkpt>
      <trkpt lat="45.17013" lon="6.43431">
        <ele>1438.8</ele>
      </trkpt>
      <trkpt lat="45.1701" lon="6.43434">
        <ele>1438.8</ele>
      </trkpt>
      <trkpt lat="45.17009" lon="6.43435">
        <ele>1438.8</ele>
      </trkpt>
      <trkpt lat="45.16995" lon="6.43449">
        <ele>1439.1</ele>
      </trkpt>
      <trkpt lat="45.16981" lon="6.43463">
        <ele>1441.3</ele>
      </trkpt>
      <trkpt lat="45.16971" lon="6.43471">
        <ele>1443.1</ele>
      </trkpt>
      <trkpt lat="45.16963" lon="6.43474">
        <ele>1444.1</ele>
      </trkpt>
      <trkpt lat="45.16954" lon="6.43476">
        <ele>1444.9</ele>
      </trkpt>
      <trkpt lat="45.16942" lon="6.43476">
        <ele>1445.5</ele>
      </trkpt>
      <trkpt lat="45.16931" lon="6.43473">
        <ele>1445.1</ele>
      </trkpt>
      <trkpt lat="45.16919" lon="6.43466">
        <ele>1443.1</ele>
      </trkpt>
      <trkpt lat="45.16916" lon="6.43464">
        <ele>1442.5</ele>
      </trkpt>
      <trkpt lat="45.16903" lon="6.43457">
        <ele>1440.4</ele>
      </trkpt>
      <trkpt lat="45.16886" lon="6.43448">
        <ele>1437.4</ele>
      </trkpt>
      <trkpt lat="45.16878" lon="6.43444">
        <ele>1436.0</ele>
      </trkpt>
      <trkpt lat="45.16869" lon="6.4344">
        <ele>1434.5</ele>
      </trkpt>
      <trkpt lat="45.16856" lon="6.434389">
        <ele>1434.2</ele>
      </trkpt>
      <trkpt lat="45.16846" lon="6.434389">
        <ele>1434.3</ele>
      </trkpt>
      <trkpt lat="45.16834" lon="6.43443">
        <ele>1436.1</ele>
      </trkpt>
      <trkpt lat="45.16821" lon="6.43445">
        <ele>1437.4</ele>
      </trkpt>
      <trkpt lat="45.16812" lon="6.434459">
        <ele>1438.2</ele>
      </trkpt>
      <trkpt lat="45.16799" lon="6.43445">
        <ele>1438.4</ele>
      </trkpt>
      <trkpt lat="45.16782" lon="6.434389">
        <ele>1436.8</ele>
      </trkpt>
      <trkpt lat="45.16772" lon="6.43434">
        <ele>1435.3</ele>
      </trkpt>
      <trkpt lat="45.16755" lon="6.43421">
        <ele>1431.3</ele>
      </trkpt>
      <trkpt lat="45.16728" lon="6.43399">
        <ele>1431.9</ele>
      </trkpt>
      <trkpt lat="45.16717" lon="6.4339">
        <ele>1432.6</ele>
      </trkpt>
      <trkpt lat="45.16714" lon="6.43388">
        <ele>1432.8</ele>
      </trkpt>
      <trkpt lat="45.16707" lon="6.43381">
        <ele>1432.9</ele>
      </trkpt>
      <trkpt lat="45.16702" lon="6.43374">
        <ele>1432.4</ele>
      </trkpt>
      <trkpt lat="45.16695" lon="6.43363">
        <ele>1431.4</ele>
      </trkpt>
      <trkpt lat="45.16691" lon="6.43354">
        <ele>1430.2</ele>
      </trkpt>
      <trkpt lat="45.16684" lon="6.43335">
        <ele>1427.1</ele>
      </trkpt>
      <trkpt lat="45.16677" lon="6.43315">
        <ele>1423.6</ele>
      </trkpt>
      <trkpt lat="45.16671" lon="6.43304">
        <ele>1421.9</ele>
      </trkpt>
      <trkpt lat="45.16668" lon="6.433">
        <ele>1421.4</ele>
      </trkpt>
      <trkpt lat="45.16663" lon="6.43295">
        <ele>1420.7</ele>
      </trkpt>
      <trkpt lat="45.1666" lon="6.43292">
        <ele>1420.2</ele>
      </trkpt>
      <trkpt lat="45.16658" lon="6.4329">
        <ele>1419.9</ele>
      </trkpt>
      <trkpt lat="45.166289" lon="6.4327">
        <ele>1417.3</ele>
      </trkpt>
      <trkpt lat="45.16613" lon="6.4326">
        <ele>1416.1</ele>
      </trkpt>
      <trkpt lat="45.16603" lon="6.432559">
        <ele>1415.9</ele>
      </trkpt>
      <trkpt lat="45.16594" lon="6.43251">
        <ele>1415.4</ele>
      </trkpt>
      <trkpt lat="45.16593" lon="6.4325">
        <ele>1415.2</ele>
      </trkpt>
      <trkpt lat="45.16573" lon="6.43237">
        <ele>1415.1</ele>
      </trkpt>
      <trkpt lat="45.16563" lon="6.43231">
        <ele>1414.9</ele>
      </trkpt>
      <trkpt lat="45.16556" lon="6.43227">
        <ele>1414.8</ele>
      </trkpt>
      <trkpt lat="45.16547" lon="6.43221">
        <ele>1414.4</ele>
      </trkpt>
      <trkpt lat="45.16539" lon="6.43214">
        <ele>1413.9</ele>
      </trkpt>
      <trkpt lat="45.16521" lon="6.43193">
        <ele>1411.5</ele>
      </trkpt>
      <trkpt lat="45.16521" lon="6.43193">
        <ele>1411.5</ele>
      </trkpt>
      <trkpt lat="45.16522" lon="6.431879">
        <ele>1410.8</ele>
      </trkpt>
      <trkpt lat="45.16522" lon="6.43185">
        <ele>1410.4</ele>
      </trkpt>
      <trkpt lat="45.16522" lon="6.43183">
        <ele>1410.1</ele>
      </trkpt>
      <trkpt lat="45.16521" lon="6.431809">
        <ele>1409.8</ele>
      </trkpt>
      <trkpt lat="45.1652" lon="6.4318">
        <ele>1409.7</ele>
      </trkpt>
      <trkpt lat="45.16517" lon="6.43177">
        <ele>1409.3</ele>
      </trkpt>
      <trkpt lat="45.16518" lon="6.43172">
        <ele>1408.6</ele>
      </trkpt>
      <trkpt lat="45.16521" lon="6.43161">
        <ele>1407.6</ele>
      </trkpt>
      <trkpt lat="45.16525" lon="6.43148">
        <ele>1407.3</ele>
      </trkpt>
      <trkpt lat="45.16526" lon="6.43144">
        <ele>1407.2</ele>
      </trkpt>
      <trkpt lat="45.16526" lon="6.43143">
        <ele>1407.2</ele>
      </trkpt>
      <trkpt lat="45.16532" lon="6.43125">
        <ele>1406.7</ele>
      </trkpt>
      <trkpt lat="45.165349" lon="6.43112">
        <ele>1406.4</ele>
      </trkpt>
      <trkpt lat="45.1654" lon="6.43082">
        <ele>1405.6</ele>
      </trkpt>
      <trkpt lat="45.16542" lon="6.43065">
        <ele>1405.7</ele>
      </trkpt>
      <trkpt lat="45.16551" lon="6.43001">
        <ele>1405.9</ele>
      </trkpt>
      <trkpt lat="45.16555" lon="6.4297">
        <ele>1406.2</ele>
      </trkpt>
      <trkpt lat="45.16561" lon="6.429439">
        <ele>1406.3</ele>
      </trkpt>
      <trkpt lat="45.16554" lon="6.42886">
        <ele>1407.8</ele>
      </trkpt>
      <trkpt lat="45.165529" lon="6.428759">
        <ele>1408.1</ele>
      </trkpt>
      <trkpt lat="45.165529" lon="6.42867">
        <ele>1408.3</ele>
      </trkpt>
      <trkpt lat="45.165529" lon="6.4286">
        <ele>1408.5</ele>
      </trkpt>
      <trkpt lat="45.165529" lon="6.42859">
        <ele>1408.5</ele>
      </trkpt>
      <trkpt lat="45.16554" lon="6.4285">
        <ele>1408.7</ele>
      </trkpt>
      <trkpt lat="45.16563" lon="6.42818">
        <ele>1409.5</ele>
      </trkpt>
      <trkpt lat="45.16567" lon="6.42802">
        <ele>1410.1</ele>
      </trkpt>
      <trkpt lat="45.16575" lon="6.42775">
        <ele>1411.1</ele>
      </trkpt>
      <trkpt lat="45.16581" lon="6.42752">
        <ele>1412.0</ele>
      </trkpt>
      <trkpt lat="45.16583" lon="6.42741">
        <ele>1412.0</ele>
      </trkpt>
      <trkpt lat="45.16577" lon="6.42729">
        <ele>1412.3</ele>
      </trkpt>
      <trkpt lat="45.16571" lon="6.42718">
        <ele>1412.6</ele>
      </trkpt>
      <trkpt lat="45.16561" lon="6.42697">
        <ele>1413.3</ele>
      </trkpt>
      <trkpt lat="45.1655" lon="6.426789">
        <ele>1414.2</ele>
      </trkpt>
      <trkpt lat="45.1654" lon="6.42666">
        <ele>1415.1</ele>
      </trkpt>
      <trkpt lat="45.16536" lon="6.4266">
        <ele>1415.5</ele>
      </trkpt>
      <trkpt lat="45.16529" lon="6.42652">
        <ele>1416.0</ele>
      </trkpt>
      <trkpt lat="45.16518" lon="6.42636">
        <ele>1417.0</ele>
      </trkpt>
      <trkpt lat="45.16507" lon="6.42621">
        <ele>1418.0</ele>
      </trkpt>
      <trkpt lat="45.16501" lon="6.42612">
        <ele>1418.6</ele>
      </trkpt>
      <trkpt lat="45.16493" lon="6.42598">
        <ele>1419.0</ele>
      </trkpt>
      <trkpt lat="45.164879" lon="6.42588">
        <ele>1419.2</ele>
      </trkpt>
      <trkpt lat="45.16483" lon="6.42575">
        <ele>1419.6</ele>
      </trkpt>
      <trkpt lat="45.16478" lon="6.42558">
        <ele>1420.3</ele>
      </trkpt>
      <trkpt lat="45.16474" lon="6.42542">
        <ele>1421.0</ele>
      </trkpt>
      <trkpt lat="45.1647" lon="6.42526">
        <ele>1421.9</ele>
      </trkpt>
      <trkpt lat="45.16466" lon="6.42514">
        <ele>1422.7</ele>
      </trkpt>
      <trkpt lat="45.16462" lon="6.42505">
        <ele>1423.4</ele>
      </trkpt>
      <trkpt lat="45.16457" lon="6.424959">
        <ele>1424.4</ele>
      </trkpt>
      <trkpt lat="45.16446" lon="6.42485">
        <ele>1426.2</ele>
      </trkpt>
      <trkpt lat="45.1644" lon="6.42479">
        <ele>1427.0</ele>
      </trkpt>
      <trkpt lat="45.1643" lon="6.42471">
        <ele>1428.2</ele>
      </trkpt>
      <trkpt lat="45.16423" lon="6.42466">
        <ele>1428.8</ele>
      </trkpt>
      <trkpt lat="45.16423" lon="6.42466">
        <ele>1428.8</ele>
      </trkpt>
      <trkpt lat="45.16423" lon="6.424629">
        <ele>1429.0</ele>
      </trkpt>
      <trkpt lat="45.16423" lon="6.42461">
        <ele>1429.0</ele>
      </trkpt>
      <trkpt lat="45.16422" lon="6.42459">
        <ele>1429.2</ele>
      </trkpt>
      <trkpt lat="45.16421" lon="6.42457">
        <ele>1429.3</ele>
      </trkpt>
      <trkpt lat="45.1642" lon="6.424559">
        <ele>1429.4</ele>
      </trkpt>
      <trkpt lat="45.16419" lon="6.42455">
        <ele>1429.5</ele>
      </trkpt>
      <trkpt lat="45.16417" lon="6.42454">
        <ele>1429.6</ele>
      </trkpt>
      <trkpt lat="45.16415" lon="6.42454">
        <ele>1430.2</ele>
      </trkpt>
      <trkpt lat="45.16414" lon="6.42455">
        <ele>1430.4</ele>
      </trkpt>
      <trkpt lat="45.16413" lon="6.424559">
        <ele>1430.7</ele>
      </trkpt>
      <trkpt lat="45.16411" lon="6.42457">
        <ele>1431.3</ele>
      </trkpt>
      <trkpt lat="45.16407" lon="6.42447">
        <ele>1432.9</ele>
      </trkpt>
      <trkpt lat="45.16404" lon="6.42443">
        <ele>1434.0</ele>
      </trkpt>
      <trkpt lat="45.16401" lon="6.42438">
        <ele>1435.1</ele>
      </trkpt>
      <trkpt lat="45.16397" lon="6.42432">
        <ele>1436.5</ele>
      </trkpt>
      <trkpt lat="45.16396" lon="6.42431">
        <ele>1436.9</ele>
      </trkpt>
      <trkpt lat="45.1639" lon="6.42424">
        <ele>1439.0</ele>
      </trkpt>
      <trkpt lat="45.163849" lon="6.42416">
        <ele>1439.0</ele>
      </trkpt>
      <trkpt lat="45.16383" lon="6.42413">
        <ele>1439.0</ele>
      </trkpt>
      <trkpt lat="45.16382" lon="6.42406">
        <ele>1439.0</ele>
      </trkpt>
      <trkpt lat="45.16382" lon="6.424019">
        <ele>1439.0</ele>
      </trkpt>
      <trkpt lat="45.16382" lon="6.42394">
        <ele>1439.0</ele>
      </trkpt>
      <trkpt lat="45.16383" lon="6.4239">
        <ele>1439.0</ele>
      </trkpt>
      <trkpt lat="45.1639" lon="6.42367">
        <ele>1439.0</ele>
      </trkpt>
      <trkpt lat="45.163939" lon="6.42356">
        <ele>1439.0</ele>
      </trkpt>
      <trkpt lat="45.16397" lon="6.42343">
        <ele>1439.0</ele>
      </trkpt>
      <trkpt lat="45.16399" lon="6.4233">
        <ele>1439.1</ele>
      </trkpt>
      <trkpt lat="45.164" lon="6.42311">
        <ele>1440.1</ele>
      </trkpt>
      <trkpt lat="45.16399" lon="6.42308">
        <ele>1440.3</ele>
      </trkpt>
      <trkpt lat="45.16396" lon="6.42298">
        <ele>1441.0</ele>
      </trkpt>
      <trkpt lat="45.16393" lon="6.42289">
        <ele>1441.6</ele>
      </trkpt>
      <trkpt lat="45.16392" lon="6.42287">
        <ele>1441.7</ele>
      </trkpt>
      <trkpt lat="45.1639" lon="6.42283">
        <ele>1442.0</ele>
      </trkpt>
      <trkpt lat="45.16387" lon="6.422799">
        <ele>1442.2</ele>
      </trkpt>
      <trkpt lat="45.16378" lon="6.42274">
        <ele>1442.5</ele>
      </trkpt>
      <trkpt lat="45.16371" lon="6.42269">
        <ele>1442.8</ele>
      </trkpt>
      <trkpt lat="45.16363" lon="6.42265">
        <ele>1443.2</ele>
      </trkpt>
      <trkpt lat="45.16343" lon="6.42256">
        <ele>1444.0</ele>
      </trkpt>
      <trkpt lat="45.16334" lon="6.4225">
        <ele>1444.3</ele>
      </trkpt>
      <trkpt lat="45.16328" lon="6.42248">
        <ele>1444.6</ele>
      </trkpt>
      <trkpt lat="45.16308" lon="6.42241">
        <ele>1445.4</ele>
      </trkpt>
      <trkpt lat="45.162529" lon="6.42217">
        <ele>1456.6</ele>
      </trkpt>
      <trkpt lat="45.16251" lon="6.42217">
        <ele>1456.8</ele>
      </trkpt>
      <trkpt lat="45.16218" lon="6.42203">
        <ele>1461.1</ele>
      </trkpt>
      <trkpt lat="45.16198" lon="6.42197">
        <ele>1462.2</ele>
      </trkpt>
      <trkpt lat="45.16192" lon="6.421979">
        <ele>1461.9</ele>
      </trkpt>
      <trkpt lat="45.16151" lon="6.42192">
        <ele>1462.4</ele>
      </trkpt>
      <trkpt lat="45.1611" lon="6.42188">
        <ele>1462.9</ele>
      </trkpt>
      <trkpt lat="45.16088" lon="6.42184">
        <ele>1462.8</ele>
      </trkpt>
      <trkpt lat="45.16063" lon="6.42179">
        <ele>1463.2</ele>
      </trkpt>
      <trkpt lat="45.16055" lon="6.42177">
        <ele>1463.2</ele>
      </trkpt>
      <trkpt lat="45.16048" lon="6.42175">
        <ele>1463.1</ele>
      </trkpt>
      <trkpt lat="45.16041" lon="6.42174">
        <ele>1463.1</ele>
      </trkpt>
      <trkpt lat="45.16027" lon="6.42169">
        <ele>1462.4</ele>
      </trkpt>
      <trkpt lat="45.1602" lon="6.42164">
        <ele>1462.2</ele>
      </trkpt>
      <trkpt lat="45.16021" lon="6.42162">
        <ele>1462.3</ele>
      </trkpt>
      <trkpt lat="45.16022" lon="6.4216">
        <ele>1462.4</ele>
      </trkpt>
      <trkpt lat="45.16022" lon="6.421579">
        <ele>1462.5</ele>
      </trkpt>
      <trkpt lat="45.16022" lon="6.42155">
        <ele>1462.7</ele>
      </trkpt>
      <trkpt lat="45.16021" lon="6.42153">
        <ele>1462.8</ele>
      </trkpt>
      <trkpt lat="45.1602" lon="6.42152">
        <ele>1462.8</ele>
      </trkpt>
      <trkpt lat="45.16019" lon="6.4215">
        <ele>1462.9</ele>
      </trkpt>
      <trkpt lat="45.16017" lon="6.42149">
        <ele>1463.0</ele>
      </trkpt>
      <trkpt lat="45.16015" lon="6.42149">
        <ele>1463.0</ele>
      </trkpt>
      <trkpt lat="45.16013" lon="6.42149">
        <ele>1462.9</ele>
      </trkpt>
      <trkpt lat="45.16011" lon="6.42149">
        <ele>1462.9</ele>
      </trkpt>
      <trkpt lat="45.160089" lon="6.421509">
        <ele>1462.8</ele>
      </trkpt>
      <trkpt lat="45.16008" lon="6.42153">
        <ele>1462.7</ele>
      </trkpt>
      <trkpt lat="45.16008" lon="6.42155">
        <ele>1462.6</ele>
      </trkpt>
      <trkpt lat="45.15996" lon="6.42153">
        <ele>1462.9</ele>
      </trkpt>
      <trkpt lat="45.15995" lon="6.42153">
        <ele>1462.9</ele>
      </trkpt>
      <trkpt lat="45.15984" lon="6.42154">
        <ele>1463.5</ele>
      </trkpt>
      <trkpt lat="45.15978" lon="6.42154">
        <ele>1463.9</ele>
      </trkpt>
      <trkpt lat="45.15973" lon="6.42154">
        <ele>1464.1</ele>
      </trkpt>
      <trkpt lat="45.159619" lon="6.42153">
        <ele>1464.9</ele>
      </trkpt>
      <trkpt lat="45.1593" lon="6.42145">
        <ele>1467.5</ele>
      </trkpt>
      <trkpt lat="45.159149" lon="6.42143">
        <ele>1468.7</ele>
      </trkpt>
      <trkpt lat="45.15881" lon="6.42135">
        <ele>1472.7</ele>
      </trkpt>
      <trkpt lat="45.15852" lon="6.42129">
        <ele>1475.7</ele>
      </trkpt>
      <trkpt lat="45.15846" lon="6.42127">
        <ele>1476.3</ele>
      </trkpt>
      <trkpt lat="45.15823" lon="6.42121">
        <ele>1478.3</ele>
      </trkpt>
      <trkpt lat="45.15791" lon="6.42113">
        <ele>1480.5</ele>
      </trkpt>
      <trkpt lat="45.15788" lon="6.42112">
        <ele>1480.7</ele>
      </trkpt>
      <trkpt lat="45.15755" lon="6.42106">
        <ele>1482.7</ele>
      </trkpt>
      <trkpt lat="45.15736" lon="6.42102">
        <ele>1484.2</ele>
      </trkpt>
      <trkpt lat="45.15721" lon="6.42099">
        <ele>1485.5</ele>
      </trkpt>
      <trkpt lat="45.15716" lon="6.42098">
        <ele>1485.9</ele>
      </trkpt>
      <trkpt lat="45.15685" lon="6.42091">
        <ele>1488.5</ele>
      </trkpt>
      <trkpt lat="45.15665" lon="6.42086">
        <ele>1490.2</ele>
      </trkpt>
      <trkpt lat="45.15647" lon="6.42082">
        <ele>1492.7</ele>
      </trkpt>
      <trkpt lat="45.15616" lon="6.42075">
        <ele>1497.4</ele>
      </trkpt>
      <trkpt lat="45.15597" lon="6.42071">
        <ele>1500.2</ele>
      </trkpt>
      <trkpt lat="45.15576" lon="6.42067">
        <ele>1502.7</ele>
      </trkpt>
      <trkpt lat="45.15562" lon="6.42068">
        <ele>1503.6</ele>
      </trkpt>
      <trkpt lat="45.15538" lon="6.4207">
        <ele>1505.1</ele>
      </trkpt>
      <trkpt lat="45.15506" lon="6.42074">
        <ele>1507.1</ele>
      </trkpt>
      <trkpt lat="45.15482" lon="6.42078">
        <ele>1509.1</ele>
      </trkpt>
      <trkpt lat="45.15472" lon="6.42079">
        <ele>1510.0</ele>
      </trkpt>
      <trkpt lat="45.15443" lon="6.42081">
        <ele>1512.6</ele>
      </trkpt>
      <trkpt lat="45.15435" lon="6.42081">
        <ele>1513.4</ele>
      </trkpt>
      <trkpt lat="45.15431" lon="6.42081">
        <ele>1513.8</ele>
      </trkpt>
      <trkpt lat="45.1543" lon="6.42081">
        <ele>1513.9</ele>
      </trkpt>
      <trkpt lat="45.15412" lon="6.42079">
        <ele>1515.8</ele>
      </trkpt>
      <trkpt lat="45.15381" lon="6.42073">
        <ele>1519.6</ele>
      </trkpt>
      <trkpt lat="45.1536" lon="6.4207">
        <ele>1522.2</ele>
      </trkpt>
      <trkpt lat="45.1535" lon="6.420689">
        <ele>1523.4</ele>
      </trkpt>
      <trkpt lat="45.15334" lon="6.420689">
        <ele>1525.1</ele>
      </trkpt>
      <trkpt lat="45.15319" lon="6.4207">
        <ele>1526.7</ele>
      </trkpt>
      <trkpt lat="45.15299" lon="6.42072">
        <ele>1528.8</ele>
      </trkpt>
      <trkpt lat="45.15284" lon="6.42077">
        <ele>1530.3</ele>
      </trkpt>
      <trkpt lat="45.15278" lon="6.42079">
        <ele>1530.9</ele>
      </trkpt>
      <trkpt lat="45.152679" lon="6.42078">
        <ele>1532.1</ele>
      </trkpt>
      <trkpt lat="45.15257" lon="6.42075">
        <ele>1533.5</ele>
      </trkpt>
      <trkpt lat="45.15246" lon="6.42068">
        <ele>1534.7</ele>
      </trkpt>
      <trkpt lat="45.152389" lon="6.42063">
        <ele>1535.2</ele>
      </trkpt>
      <trkpt lat="45.15185" lon="6.420359">
        <ele>1538.9</ele>
      </trkpt>
      <trkpt lat="45.1518" lon="6.42033">
        <ele>1539.3</ele>
      </trkpt>
      <trkpt lat="45.15155" lon="6.42021">
        <ele>1541.7</ele>
      </trkpt>
      <trkpt lat="45.15153" lon="6.42021">
        <ele>1541.8</ele>
      </trkpt>
      <trkpt lat="45.15151" lon="6.42021">
        <ele>1542.0</ele>
      </trkpt>
      <trkpt lat="45.15148" lon="6.42021">
        <ele>1542.3</ele>
      </trkpt>
      <trkpt lat="45.15117" lon="6.42027">
        <ele>1544.4</ele>
      </trkpt>
      <trkpt lat="45.15109" lon="6.42033">
        <ele>1544.6</ele>
      </trkpt>
      <trkpt lat="45.151" lon="6.42039">
        <ele>1544.9</ele>
      </trkpt>
      <trkpt lat="45.15092" lon="6.42045">
        <ele>1545.1</ele>
      </trkpt>
      <trkpt lat="45.15085" lon="6.42049">
        <ele>1545.3</ele>
      </trkpt>
      <trkpt lat="45.15077" lon="6.4205">
        <ele>1545.9</ele>
      </trkpt>
      <trkpt lat="45.15069" lon="6.42051">
        <ele>1546.5</ele>
      </trkpt>
      <trkpt lat="45.15067" lon="6.4205">
        <ele>1546.7</ele>
      </trkpt>
      <trkpt lat="45.15066" lon="6.4205">
        <ele>1546.8</ele>
      </trkpt>
      <trkpt lat="45.15053" lon="6.42049">
        <ele>1547.9</ele>
      </trkpt>
      <trkpt lat="45.15036" lon="6.42047">
        <ele>1549.4</ele>
      </trkpt>
      <trkpt lat="45.15017" lon="6.42045">
        <ele>1550.9</ele>
      </trkpt>
      <trkpt lat="45.15011" lon="6.42044">
        <ele>1551.3</ele>
      </trkpt>
      <trkpt lat="45.14996" lon="6.42046">
        <ele>1552.5</ele>
      </trkpt>
      <trkpt lat="45.14993" lon="6.42046">
        <ele>1552.8</ele>
      </trkpt>
      <trkpt lat="45.14984" lon="6.42048">
        <ele>1553.4</ele>
      </trkpt>
      <trkpt lat="45.14976" lon="6.42052">
        <ele>1553.7</ele>
      </trkpt>
      <trkpt lat="45.14967" lon="6.42054">
        <ele>1554.2</ele>
      </trkpt>
      <trkpt lat="45.14958" lon="6.42055">
        <ele>1554.7</ele>
      </trkpt>
      <trkpt lat="45.14957" lon="6.42055">
        <ele>1554.8</ele>
      </trkpt>
      <trkpt lat="45.14942" lon="6.42056">
        <ele>1555.7</ele>
      </trkpt>
      <trkpt lat="45.14931" lon="6.42054">
        <ele>1556.5</ele>
      </trkpt>
      <trkpt lat="45.14919" lon="6.4205">
        <ele>1557.6</ele>
      </trkpt>
      <trkpt lat="45.14912" lon="6.4205">
        <ele>1557.9</ele>
      </trkpt>
      <trkpt lat="45.14889" lon="6.42052">
        <ele>1558.3</ele>
      </trkpt>
      <trkpt lat="45.14876" lon="6.42054">
        <ele>1558.6</ele>
      </trkpt>
      <trkpt lat="45.14868" lon="6.42055">
        <ele>1558.7</ele>
      </trkpt>
      <trkpt lat="45.14853" lon="6.42058">
        <ele>1559.0</ele>
      </trkpt>
      <trkpt lat="45.14848" lon="6.42059">
        <ele>1559.1</ele>
      </trkpt>
      <trkpt lat="45.148449" lon="6.42058">
        <ele>1559.3</ele>
      </trkpt>
      <trkpt lat="45.14841" lon="6.42057">
        <ele>1559.4</ele>
      </trkpt>
      <trkpt lat="45.14803" lon="6.42042">
        <ele>1561.5</ele>
      </trkpt>
      <trkpt lat="45.14778" lon="6.42032">
        <ele>1562.3</ele>
      </trkpt>
      <trkpt lat="45.14773" lon="6.42031">
        <ele>1562.4</ele>
      </trkpt>
      <trkpt lat="45.14755" lon="6.420289">
        <ele>1562.9</ele>
      </trkpt>
      <trkpt lat="45.1474" lon="6.42028">
        <ele>1563.3</ele>
      </trkpt>
      <trkpt lat="45.14726" lon="6.420289">
        <ele>1563.8</ele>
      </trkpt>
      <trkpt lat="45.14691" lon="6.420289">
        <ele>1564.7</ele>
      </trkpt>
      <trkpt lat="45.14675" lon="6.42028">
        <ele>1565.1</ele>
      </trkpt>
      <trkpt lat="45.14641" lon="6.4202">
        <ele>1563.9</ele>
      </trkpt>
      <trkpt lat="45.14631" lon="6.42018">
        <ele>1563.4</ele>
      </trkpt>
      <trkpt lat="45.14596" lon="6.4201">
        <ele>1561.7</ele>
      </trkpt>
      <trkpt lat="45.14552" lon="6.42">
        <ele>1562.1</ele>
      </trkpt>
      <trkpt lat="45.14513" lon="6.4199">
        <ele>1563.6</ele>
      </trkpt>
      <trkpt lat="45.1451" lon="6.4199">
        <ele>1563.7</ele>
      </trkpt>
      <trkpt lat="45.14481" lon="6.41984">
        <ele>1564.2</ele>
      </trkpt>
      <trkpt lat="45.1447" lon="6.41983">
        <ele>1564.3</ele>
      </trkpt>
      <trkpt lat="45.14463" lon="6.41982">
        <ele>1564.3</ele>
      </trkpt>
      <trkpt lat="45.14441" lon="6.41982">
        <ele>1564.6</ele>
      </trkpt>
      <trkpt lat="45.14426" lon="6.41982">
        <ele>1564.7</ele>
      </trkpt>
      <trkpt lat="45.14392" lon="6.4198">
        <ele>1564.5</ele>
      </trkpt>
      <trkpt lat="45.14388" lon="6.4198">
        <ele>1564.5</ele>
      </trkpt>
      <trkpt lat="45.143859" lon="6.4198">
        <ele>1564.5</ele>
      </trkpt>
      <trkpt lat="45.14355" lon="6.41978">
        <ele>1564.2</ele>
      </trkpt>
      <trkpt lat="45.14316" lon="6.41978">
        <ele>1565.2</ele>
      </trkpt>
      <trkpt lat="45.14307" lon="6.41978">
        <ele>1565.8</ele>
      </trkpt>
      <trkpt lat="45.14255" lon="6.41977">
        <ele>1569.4</ele>
      </trkpt>
      <trkpt lat="45.14211" lon="6.41976">
        <ele>1570.4</ele>
      </trkpt>
      <trkpt lat="45.14184" lon="6.41977">
        <ele>1570.8</ele>
      </trkpt>
      <trkpt lat="45.14162" lon="6.41978">
        <ele>1571.3</ele>
      </trkpt>
      <trkpt lat="45.14134" lon="6.41979">
        <ele>1572.9</ele>
      </trkpt>
      <trkpt lat="45.14098" lon="6.4198">
        <ele>1574.9</ele>
      </trkpt>
      <trkpt lat="45.14046" lon="6.41984">
        <ele>1578.1</ele>
      </trkpt>
      <trkpt lat="45.14041" lon="6.41984">
        <ele>1578.4</ele>
      </trkpt>
      <trkpt lat="45.14034" lon="6.41984">
        <ele>1578.9</ele>
      </trkpt>
      <trkpt lat="45.14003" lon="6.41987">
        <ele>1580.7</ele>
      </trkpt>
      <trkpt lat="45.13959" lon="6.41988">
        <ele>1582.3</ele>
      </trkpt>
      <trkpt lat="45.13924" lon="6.4199">
        <ele>1583.3</ele>
      </trkpt>
      <trkpt lat="45.13908" lon="6.41992">
        <ele>1583.3</ele>
      </trkpt>
      <trkpt lat="45.13892" lon="6.41993">
        <ele>1583.3</ele>
      </trkpt>
      <trkpt lat="45.13882" lon="6.41993">
        <ele>1583.4</ele>
      </trkpt>
      <trkpt lat="45.13865" lon="6.41991">
        <ele>1583.8</ele>
      </trkpt>
      <trkpt lat="45.13844" lon="6.41985">
        <ele>1584.7</ele>
      </trkpt>
      <trkpt lat="45.13841" lon="6.41984">
        <ele>1584.9</ele>
      </trkpt>
      <trkpt lat="45.13808" lon="6.41974">
        <ele>1587.4</ele>
      </trkpt>
      <trkpt lat="45.13791" lon="6.41967">
        <ele>1588.8</ele>
      </trkpt>
      <trkpt lat="45.137749" lon="6.41962">
        <ele>1589.8</ele>
      </trkpt>
      <trkpt lat="45.13774" lon="6.419609">
        <ele>1590.0</ele>
      </trkpt>
      <trkpt lat="45.13756" lon="6.41955">
        <ele>1591.0</ele>
      </trkpt>
      <trkpt lat="45.13749" lon="6.41952">
        <ele>1591.3</ele>
      </trkpt>
      <trkpt lat="45.13734" lon="6.41945">
        <ele>1591.9</ele>
      </trkpt>
      <trkpt lat="45.137279" lon="6.41944">
        <ele>1592.3</ele>
      </trkpt>
      <trkpt lat="45.13725" lon="6.41945">
        <ele>1592.6</ele>
      </trkpt>
      <trkpt lat="45.13722" lon="6.41946">
        <ele>1592.8</ele>
      </trkpt>
      <trkpt lat="45.13716" lon="6.4195">
        <ele>1593.4</ele>
      </trkpt>
      <trkpt lat="45.13713" lon="6.419539">
        <ele>1593.7</ele>
      </trkpt>
      <trkpt lat="45.13704" lon="6.41967">
        <ele>1594.7</ele>
      </trkpt>
      <trkpt lat="45.13696" lon="6.41979">
        <ele>1595.6</ele>
      </trkpt>
      <trkpt lat="45.13689" lon="6.41983">
        <ele>1596.3</ele>
      </trkpt>
      <trkpt lat="45.13683" lon="6.41985">
        <ele>1596.7</ele>
      </trkpt>
      <trkpt lat="45.1368" lon="6.41986">
        <ele>1597.0</ele>
      </trkpt>
      <trkpt lat="45.13668" lon="6.41986">
        <ele>1598.0</ele>
      </trkpt>
      <trkpt lat="45.13635" lon="6.41984">
        <ele>1598.2</ele>
      </trkpt>
      <trkpt lat="45.13604" lon="6.41979">
        <ele>1597.8</ele>
      </trkpt>
      <trkpt lat="45.13581" lon="6.419749">
        <ele>1597.5</ele>
      </trkpt>
      <trkpt lat="45.13579" lon="6.419749">
        <ele>1597.5</ele>
      </trkpt>
      <trkpt lat="45.13574" lon="6.41973">
        <ele>1597.3</ele>
      </trkpt>
      <trkpt lat="45.13556" lon="6.419679">
        <ele>1597.0</ele>
      </trkpt>
      <trkpt lat="45.13541" lon="6.41963">
        <ele>1596.5</ele>
      </trkpt>
      <trkpt lat="45.13521" lon="6.41957">
        <ele>1595.9</ele>
      </trkpt>
      <trkpt lat="45.13494" lon="6.41949">
        <ele>1595.2</ele>
      </trkpt>
      <trkpt lat="45.134749" lon="6.41943">
        <ele>1595.2</ele>
      </trkpt>
      <trkpt lat="45.13434" lon="6.41931">
        <ele>1594.8</ele>
      </trkpt>
      <trkpt lat="45.13423" lon="6.41927">
        <ele>1594.3</ele>
      </trkpt>
      <trkpt lat="45.13423" lon="6.419276">
        <ele>1594.5</ele>
      </trkpt>
      <trkpt lat="45.13423" lon="6.41927">
        <ele>1594.3</ele>
      </trkpt>
      <trkpt lat="45.13405" lon="6.41922">
        <ele>1594.7</ele>
      </trkpt>
      <trkpt lat="45.13387" lon="6.41917">
        <ele>1595.6</ele>
      </trkpt>
      <trkpt lat="45.13384" lon="6.41916">
        <ele>1595.9</ele>
      </trkpt>
      <trkpt lat="45.1337" lon="6.41912">
        <ele>1597.5</ele>
      </trkpt>
      <trkpt lat="45.13339" lon="6.41903">
        <ele>1600.3</ele>
      </trkpt>
      <trkpt lat="45.1328" lon="6.418859">
        <ele>1599.8</ele>
      </trkpt>
      <trkpt lat="45.13229" lon="6.41871">
        <ele>1599.3</ele>
      </trkpt>
      <trkpt lat="45.13214" lon="6.41866">
        <ele>1599.4</ele>
      </trkpt>
      <trkpt lat="45.131929" lon="6.41862">
        <ele>1599.8</ele>
      </trkpt>
      <trkpt lat="45.13118" lon="6.41848">
        <ele>1603.7</ele>
      </trkpt>
      <trkpt lat="45.13068" lon="6.41837">
        <ele>1604.0</ele>
      </trkpt>
      <trkpt lat="45.13035" lon="6.41833">
        <ele>1603.6</ele>
      </trkpt>
      <trkpt lat="45.13015" lon="6.418319">
        <ele>1603.8</ele>
      </trkpt>
      <trkpt lat="45.13014" lon="6.418319">
        <ele>1603.8</ele>
      </trkpt>
      <trkpt lat="45.12979" lon="6.41833">
        <ele>1604.5</ele>
      </trkpt>
      <trkpt lat="45.12925" lon="6.41834">
        <ele>1605.9</ele>
      </trkpt>
      <trkpt lat="45.1289" lon="6.41834">
        <ele>1608.4</ele>
      </trkpt>
      <trkpt lat="45.12865" lon="6.41836">
        <ele>1610.9</ele>
      </trkpt>
      <trkpt lat="45.12835" lon="6.4184">
        <ele>1614.3</ele>
      </trkpt>
      <trkpt lat="45.12831" lon="6.41841">
        <ele>1614.8</ele>
      </trkpt>
      <trkpt lat="45.12817" lon="6.41843">
        <ele>1616.3</ele>
      </trkpt>
      <trkpt lat="45.12797" lon="6.41845">
        <ele>1618.3</ele>
      </trkpt>
      <trkpt lat="45.12765" lon="6.41851">
        <ele>1622.1</ele>
      </trkpt>
      <trkpt lat="45.12755" lon="6.41852">
        <ele>1623.1</ele>
      </trkpt>
      <trkpt lat="45.127" lon="6.41861">
        <ele>1629.8</ele>
      </trkpt>
      <trkpt lat="45.12691" lon="6.41862">
        <ele>1630.8</ele>
      </trkpt>
      <trkpt lat="45.12655" lon="6.41865">
        <ele>1635.2</ele>
      </trkpt>
      <trkpt lat="45.12652" lon="6.41865">
        <ele>1635.6</ele>
      </trkpt>
      <trkpt lat="45.12626" lon="6.41867">
        <ele>1639.9</ele>
      </trkpt>
      <trkpt lat="45.12608" lon="6.41867">
        <ele>1642.6</ele>
      </trkpt>
      <trkpt lat="45.12569" lon="6.41868">
        <ele>1646.4</ele>
      </trkpt>
      <trkpt lat="45.12539" lon="6.41869">
        <ele>1646.6</ele>
      </trkpt>
      <trkpt lat="45.125279" lon="6.4187">
        <ele>1646.7</ele>
      </trkpt>
      <trkpt lat="45.12516" lon="6.41871">
        <ele>1646.8</ele>
      </trkpt>
      <trkpt lat="45.12515" lon="6.4187">
        <ele>1646.7</ele>
      </trkpt>
      <trkpt lat="45.12506" lon="6.41869">
        <ele>1646.4</ele>
      </trkpt>
      <trkpt lat="45.12497" lon="6.41864">
        <ele>1645.9</ele>
      </trkpt>
      <trkpt lat="45.12496" lon="6.41864">
        <ele>1646.0</ele>
      </trkpt>
      <trkpt lat="45.12489" lon="6.41858">
        <ele>1645.7</ele>
      </trkpt>
      <trkpt lat="45.12478" lon="6.41844">
        <ele>1644.7</ele>
      </trkpt>
      <trkpt lat="45.12458" lon="6.41815">
        <ele>1646.4</ele>
      </trkpt>
      <trkpt lat="45.12451" lon="6.41808">
        <ele>1647.1</ele>
      </trkpt>
      <trkpt lat="45.12444" lon="6.418">
        <ele>1647.5</ele>
      </trkpt>
      <trkpt lat="45.12428" lon="6.4179">
        <ele>1647.4</ele>
      </trkpt>
      <trkpt lat="45.12426" lon="6.41789">
        <ele>1647.4</ele>
      </trkpt>
      <trkpt lat="45.12415" lon="6.41781">
        <ele>1646.8</ele>
      </trkpt>
      <trkpt lat="45.12404" lon="6.4177">
        <ele>1647.1</ele>
      </trkpt>
      <trkpt lat="45.12394" lon="6.41762">
        <ele>1647.5</ele>
      </trkpt>
      <trkpt lat="45.123869" lon="6.41759">
        <ele>1648.0</ele>
      </trkpt>
      <trkpt lat="45.12382" lon="6.41758">
        <ele>1648.5</ele>
      </trkpt>
      <trkpt lat="45.123779" lon="6.4176">
        <ele>1649.1</ele>
      </trkpt>
      <trkpt lat="45.123779" lon="6.41761">
        <ele>1649.2</ele>
      </trkpt>
      <trkpt lat="45.12377" lon="6.41761">
        <ele>1649.3</ele>
      </trkpt>
      <trkpt lat="45.12375" lon="6.41765">
        <ele>1649.9</ele>
      </trkpt>
      <trkpt lat="45.12374" lon="6.41772">
        <ele>1650.6</ele>
      </trkpt>
      <trkpt lat="45.12374" lon="6.41781">
        <ele>1651.4</ele>
      </trkpt>
      <trkpt lat="45.12376" lon="6.41784">
        <ele>1651.4</ele>
      </trkpt>
      <trkpt lat="45.1238" lon="6.41798">
        <ele>1652.2</ele>
      </trkpt>
      <trkpt lat="45.12384" lon="6.41811">
        <ele>1652.9</ele>
      </trkpt>
      <trkpt lat="45.12386" lon="6.41822">
        <ele>1653.7</ele>
      </trkpt>
      <trkpt lat="45.12389" lon="6.418319">
        <ele>1654.2</ele>
      </trkpt>
      <trkpt lat="45.12392" lon="6.41843">
        <ele>1655.1</ele>
      </trkpt>
      <trkpt lat="45.12398" lon="6.41856">
        <ele>1655.9</ele>
      </trkpt>
      <trkpt lat="45.12402" lon="6.41863">
        <ele>1656.3</ele>
      </trkpt>
      <trkpt lat="45.12407" lon="6.41875">
        <ele>1657.1</ele>
      </trkpt>
      <trkpt lat="45.12408" lon="6.41878">
        <ele>1657.3</ele>
      </trkpt>
      <trkpt lat="45.12409" lon="6.41882">
        <ele>1657.7</ele>
      </trkpt>
      <trkpt lat="45.12409" lon="6.418859">
        <ele>1658.2</ele>
      </trkpt>
      <trkpt lat="45.12408" lon="6.41887">
        <ele>1658.4</ele>
      </trkpt>
      <trkpt lat="45.12402" lon="6.41896">
        <ele>1660.1</ele>
      </trkpt>
      <trkpt lat="45.12402" lon="6.41896">
        <ele>1660.1</ele>
      </trkpt>
      <trkpt lat="45.12397" lon="6.41898">
        <ele>1660.9</ele>
      </trkpt>
      <trkpt lat="45.12391" lon="6.41894">
        <ele>1661.1</ele>
      </trkpt>
      <trkpt lat="45.12382" lon="6.41885">
        <ele>1661.1</ele>
      </trkpt>
      <trkpt lat="45.12369" lon="6.41873">
        <ele>1661.2</ele>
      </trkpt>
      <trkpt lat="45.12351" lon="6.41861">
        <ele>1661.9</ele>
      </trkpt>
      <trkpt lat="45.1235" lon="6.4186">
        <ele>1661.9</ele>
      </trkpt>
      <trkpt lat="45.12324" lon="6.41845">
        <ele>1663.6</ele>
      </trkpt>
      <trkpt lat="45.12322" lon="6.41844">
        <ele>1663.8</ele>
      </trkpt>
      <trkpt lat="45.12289" lon="6.41824">
        <ele>1666.7</ele>
      </trkpt>
      <trkpt lat="45.12275" lon="6.41816">
        <ele>1667.7</ele>
      </trkpt>
      <trkpt lat="45.122369" lon="6.41794">
        <ele>1668.9</ele>
      </trkpt>
      <trkpt lat="45.1223" lon="6.417919">
        <ele>1669.1</ele>
      </trkpt>
      <trkpt lat="45.12226" lon="6.4179">
        <ele>1669.1</ele>
      </trkpt>
      <trkpt lat="45.12216" lon="6.41788">
        <ele>1669.7</ele>
      </trkpt>
      <trkpt lat="45.122" lon="6.41787">
        <ele>1670.8</ele>
      </trkpt>
      <trkpt lat="45.12179" lon="6.41787">
        <ele>1672.5</ele>
      </trkpt>
      <trkpt lat="45.12142" lon="6.41789">
        <ele>1675.8</ele>
      </trkpt>
      <trkpt lat="45.12108" lon="6.41791">
        <ele>1678.9</ele>
      </trkpt>
      <trkpt lat="45.12069" lon="6.41791">
        <ele>1682.1</ele>
      </trkpt>
      <trkpt lat="45.120669" lon="6.417919">
        <ele>1682.4</ele>
      </trkpt>
      <trkpt lat="45.12044" lon="6.41793">
        <ele>1684.4</ele>
      </trkpt>
      <trkpt lat="45.12025" lon="6.41793">
        <ele>1686.0</ele>
      </trkpt>
      <trkpt lat="45.12013" lon="6.41794">
        <ele>1687.1</ele>
      </trkpt>
      <trkpt lat="45.11995" lon="6.41795">
        <ele>1688.8</ele>
      </trkpt>
      <trkpt lat="45.11976" lon="6.41797">
        <ele>1690.9</ele>
      </trkpt>
      <trkpt lat="45.11941" lon="6.41799">
        <ele>1694.4</ele>
      </trkpt>
      <trkpt lat="45.11925" lon="6.41798">
        <ele>1696.1</ele>
      </trkpt>
      <trkpt lat="45.119079" lon="6.418">
        <ele>1697.8</ele>
      </trkpt>
      <trkpt lat="45.119" lon="6.41802">
        <ele>1698.6</ele>
      </trkpt>
      <trkpt lat="45.11893" lon="6.41805">
        <ele>1699.4</ele>
      </trkpt>
      <trkpt lat="45.11886" lon="6.41812">
        <ele>1700.2</ele>
      </trkpt>
      <trkpt lat="45.11879" lon="6.41822">
        <ele>1701.3</ele>
      </trkpt>
      <trkpt lat="45.11867" lon="6.418389">
        <ele>1701.9</ele>
      </trkpt>
      <trkpt lat="45.118519" lon="6.41864">
        <ele>1704.1</ele>
      </trkpt>
      <trkpt lat="45.11821" lon="6.41917">
        <ele>1709.0</ele>
      </trkpt>
      <trkpt lat="45.11801" lon="6.41952">
        <ele>1714.4</ele>
      </trkpt>
      <trkpt lat="45.11793" lon="6.41962">
        <ele>1715.6</ele>
      </trkpt>
      <trkpt lat="45.11788" lon="6.41969">
        <ele>1716.2</ele>
      </trkpt>
      <trkpt lat="45.11779" lon="6.4198">
        <ele>1716.9</ele>
      </trkpt>
      <trkpt lat="45.11762" lon="6.41996">
        <ele>1717.2</ele>
      </trkpt>
      <trkpt lat="45.11743" lon="6.42014">
        <ele>1719.5</ele>
      </trkpt>
      <trkpt lat="45.1173" lon="6.42026">
        <ele>1722.2</ele>
      </trkpt>
      <trkpt lat="45.11721" lon="6.420359">
        <ele>1723.5</ele>
      </trkpt>
      <trkpt lat="45.11713" lon="6.42043">
        <ele>1724.3</ele>
      </trkpt>
      <trkpt lat="45.117" lon="6.42061">
        <ele>1724.7</ele>
      </trkpt>
      <trkpt lat="45.11691" lon="6.420689">
        <ele>1724.5</ele>
      </trkpt>
      <trkpt lat="45.11677" lon="6.42085">
        <ele>1723.5</ele>
      </trkpt>
      <trkpt lat="45.11659" lon="6.42104">
        <ele>1725.7</ele>
      </trkpt>
      <trkpt lat="45.11652" lon="6.42108">
        <ele>1726.2</ele>
      </trkpt>
      <trkpt lat="45.11642" lon="6.42112">
        <ele>1726.6</ele>
      </trkpt>
      <trkpt lat="45.1162" lon="6.42124">
        <ele>1727.3</ele>
      </trkpt>
      <trkpt lat="45.11604" lon="6.42135">
        <ele>1727.6</ele>
      </trkpt>
      <trkpt lat="45.11591" lon="6.42145">
        <ele>1727.6</ele>
      </trkpt>
      <trkpt lat="45.11576" lon="6.42161">
        <ele>1727.9</ele>
      </trkpt>
      <trkpt lat="45.11567" lon="6.42175">
        <ele>1729.2</ele>
      </trkpt>
      <trkpt lat="45.11559" lon="6.42188">
        <ele>1730.7</ele>
      </trkpt>
      <trkpt lat="45.11551" lon="6.42206">
        <ele>1732.7</ele>
      </trkpt>
      <trkpt lat="45.11547" lon="6.422189">
        <ele>1734.2</ele>
      </trkpt>
      <trkpt lat="45.11545" lon="6.42224">
        <ele>1734.7</ele>
      </trkpt>
      <trkpt lat="45.1154" lon="6.42238">
        <ele>1736.2</ele>
      </trkpt>
      <trkpt lat="45.11534" lon="6.42258">
        <ele>1738.2</ele>
      </trkpt>
      <trkpt lat="45.11527" lon="6.42277">
        <ele>1739.8</ele>
      </trkpt>
      <trkpt lat="45.11524" lon="6.42285">
        <ele>1740.5</ele>
      </trkpt>
      <trkpt lat="45.1152" lon="6.42295">
        <ele>1741.3</ele>
      </trkpt>
      <trkpt lat="45.11513" lon="6.42307">
        <ele>1742.2</ele>
      </trkpt>
      <trkpt lat="45.11504" lon="6.42322">
        <ele>1743.2</ele>
      </trkpt>
      <trkpt lat="45.11487" lon="6.42343">
        <ele>1746.0</ele>
      </trkpt>
      <trkpt lat="45.11477" lon="6.42349">
        <ele>1747.4</ele>
      </trkpt>
      <trkpt lat="45.11466" lon="6.42354">
        <ele>1748.8</ele>
      </trkpt>
      <trkpt lat="45.1146" lon="6.42356">
        <ele>1749.5</ele>
      </trkpt>
      <trkpt lat="45.11449" lon="6.42357">
        <ele>1750.4</ele>
      </trkpt>
      <trkpt lat="45.1143" lon="6.4236">
        <ele>1752.2</ele>
      </trkpt>
      <trkpt lat="45.11404" lon="6.42364">
        <ele>1754.1</ele>
      </trkpt>
      <trkpt lat="45.11399" lon="6.42364">
        <ele>1754.2</ele>
      </trkpt>
      <trkpt lat="45.11381" lon="6.42365">
        <ele>1754.8</ele>
      </trkpt>
      <trkpt lat="45.11374" lon="6.42366">
        <ele>1755.1</ele>
      </trkpt>
      <trkpt lat="45.1135" lon="6.42369">
        <ele>1756.3</ele>
      </trkpt>
      <trkpt lat="45.11339" lon="6.42372">
        <ele>1757.2</ele>
      </trkpt>
      <trkpt lat="45.113259" lon="6.423739">
        <ele>1757.9</ele>
      </trkpt>
      <trkpt lat="45.11305" lon="6.42379">
        <ele>1759.1</ele>
      </trkpt>
      <trkpt lat="45.11297" lon="6.42387">
        <ele>1760.7</ele>
      </trkpt>
      <trkpt lat="45.11289" lon="6.42396">
        <ele>1762.3</ele>
      </trkpt>
      <trkpt lat="45.11267" lon="6.42421">
        <ele>1766.7</ele>
      </trkpt>
      <trkpt lat="45.112609" lon="6.42427">
        <ele>1768.3</ele>
      </trkpt>
      <trkpt lat="45.11249" lon="6.42433">
        <ele>1769.9</ele>
      </trkpt>
      <trkpt lat="45.112319" lon="6.42436">
        <ele>1771.2</ele>
      </trkpt>
      <trkpt lat="45.11197" lon="6.424349">
        <ele>1771.5</ele>
      </trkpt>
      <trkpt lat="45.11171" lon="6.424349">
        <ele>1772.0</ele>
      </trkpt>
      <trkpt lat="45.11154" lon="6.42436">
        <ele>1771.9</ele>
      </trkpt>
      <trkpt lat="45.11144" lon="6.42436">
        <ele>1771.5</ele>
      </trkpt>
      <trkpt lat="45.11136" lon="6.42437">
        <ele>1771.5</ele>
      </trkpt>
      <trkpt lat="45.11133" lon="6.42437">
        <ele>1771.4</ele>
      </trkpt>
      <trkpt lat="45.11122" lon="6.42441">
        <ele>1772.3</ele>
      </trkpt>
      <trkpt lat="45.111109" lon="6.424489">
        <ele>1774.5</ele>
      </trkpt>
      <trkpt lat="45.110909" lon="6.424629">
        <ele>1777.9</ele>
      </trkpt>
      <trkpt lat="45.11054" lon="6.42487">
        <ele>1782.6</ele>
      </trkpt>
      <trkpt lat="45.11037" lon="6.42497">
        <ele>1784.2</ele>
      </trkpt>
      <trkpt lat="45.11023" lon="6.42506">
        <ele>1785.5</ele>
      </trkpt>
      <trkpt lat="45.11009" lon="6.42516">
        <ele>1786.8</ele>
      </trkpt>
      <trkpt lat="45.11005" lon="6.42519">
        <ele>1787.2</ele>
      </trkpt>
      <trkpt lat="45.10998" lon="6.42525">
        <ele>1788.1</ele>
      </trkpt>
      <trkpt lat="45.1099" lon="6.42534">
        <ele>1789.4</ele>
      </trkpt>
      <trkpt lat="45.109879" lon="6.42537">
        <ele>1790.0</ele>
      </trkpt>
      <trkpt lat="45.10977" lon="6.42554">
        <ele>1793.3</ele>
      </trkpt>
      <trkpt lat="45.10964" lon="6.42573">
        <ele>1797.2</ele>
      </trkpt>
      <trkpt lat="45.1095" lon="6.42591">
        <ele>1800.9</ele>
      </trkpt>
      <trkpt lat="45.10938" lon="6.42601">
        <ele>1802.8</ele>
      </trkpt>
      <trkpt lat="45.10937" lon="6.42602">
        <ele>1803.0</ele>
      </trkpt>
      <trkpt lat="45.10929" lon="6.42606">
        <ele>1803.5</ele>
      </trkpt>
      <trkpt lat="45.10924" lon="6.42605">
        <ele>1802.8</ele>
      </trkpt>
      <trkpt lat="45.10921" lon="6.42606">
        <ele>1802.9</ele>
      </trkpt>
      <trkpt lat="45.10911" lon="6.42603">
        <ele>1802.4</ele>
      </trkpt>
      <trkpt lat="45.10892" lon="6.42595">
        <ele>1802.6</ele>
      </trkpt>
      <trkpt lat="45.10874" lon="6.42587">
        <ele>1802.3</ele>
      </trkpt>
      <trkpt lat="45.10868" lon="6.425849">
        <ele>1802.4</ele>
      </trkpt>
      <trkpt lat="45.10854" lon="6.4258">
        <ele>1802.5</ele>
      </trkpt>
      <trkpt lat="45.1085" lon="6.42579">
        <ele>1802.6</ele>
      </trkpt>
      <trkpt lat="45.10762" lon="6.42553">
        <ele>1805.0</ele>
      </trkpt>
      <trkpt lat="45.10754" lon="6.4255">
        <ele>1804.9</ele>
      </trkpt>
      <trkpt lat="45.10745" lon="6.42547">
        <ele>1805.1</ele>
      </trkpt>
      <trkpt lat="45.107259" lon="6.42541">
        <ele>1805.7</ele>
      </trkpt>
      <trkpt lat="45.10706" lon="6.42537">
        <ele>1807.3</ele>
      </trkpt>
      <trkpt lat="45.10689" lon="6.42537">
        <ele>1809.7</ele>
      </trkpt>
      <trkpt lat="45.106789" lon="6.42538">
        <ele>1811.5</ele>
      </trkpt>
      <trkpt lat="45.10673" lon="6.42539">
        <ele>1812.7</ele>
      </trkpt>
      <trkpt lat="45.10664" lon="6.4254">
        <ele>1813.9</ele>
      </trkpt>
      <trkpt lat="45.10656" lon="6.42543">
        <ele>1814.6</ele>
      </trkpt>
      <trkpt lat="45.10638" lon="6.42547">
        <ele>1815.6</ele>
      </trkpt>
      <trkpt lat="45.106029" lon="6.42559">
        <ele>1820.0</ele>
      </trkpt>
      <trkpt lat="45.10601" lon="6.4256">
        <ele>1820.4</ele>
      </trkpt>
      <trkpt lat="45.105849" lon="6.42566">
        <ele>1823.1</ele>
      </trkpt>
      <trkpt lat="45.1057" lon="6.42574">
        <ele>1824.5</ele>
      </trkpt>
      <trkpt lat="45.10552" lon="6.42586">
        <ele>1826.4</ele>
      </trkpt>
      <trkpt lat="45.10549" lon="6.42588">
        <ele>1826.5</ele>
      </trkpt>
      <trkpt lat="45.10537" lon="6.42597">
        <ele>1827.6</ele>
      </trkpt>
      <trkpt lat="45.10506" lon="6.42622">
        <ele>1830.6</ele>
      </trkpt>
      <trkpt lat="45.10476" lon="6.42649">
        <ele>1833.4</ele>
      </trkpt>
      <trkpt lat="45.10475" lon="6.4265">
        <ele>1833.5</ele>
      </trkpt>
      <trkpt lat="45.10459" lon="6.42663">
        <ele>1834.0</ele>
      </trkpt>
      <trkpt lat="45.10454" lon="6.42667">
        <ele>1834.1</ele>
      </trkpt>
      <trkpt lat="45.10441" lon="6.42681">
        <ele>1835.3</ele>
      </trkpt>
      <trkpt lat="45.10434" lon="6.42691">
        <ele>1836.6</ele>
      </trkpt>
      <trkpt lat="45.10428" lon="6.42706">
        <ele>1839.7</ele>
      </trkpt>
      <trkpt lat="45.10425" lon="6.42715">
        <ele>1841.7</ele>
      </trkpt>
      <trkpt lat="45.1042" lon="6.4273">
        <ele>1844.9</ele>
      </trkpt>
      <trkpt lat="45.10417" lon="6.42734">
        <ele>1845.3</ele>
      </trkpt>
      <trkpt lat="45.10414" lon="6.42738">
        <ele>1846.1</ele>
      </trkpt>
      <trkpt lat="45.10412" lon="6.42739">
        <ele>1846.1</ele>
      </trkpt>
      <trkpt lat="45.10405" lon="6.42745">
        <ele>1847.1</ele>
      </trkpt>
      <trkpt lat="45.10401" lon="6.42748">
        <ele>1847.5</ele>
      </trkpt>
      <trkpt lat="45.10386" lon="6.427539">
        <ele>1847.6</ele>
      </trkpt>
      <trkpt lat="45.10363" lon="6.42765">
        <ele>1848.4</ele>
      </trkpt>
      <trkpt lat="45.10334" lon="6.42779">
        <ele>1849.8</ele>
      </trkpt>
      <trkpt lat="45.103119" lon="6.42792">
        <ele>1849.9</ele>
      </trkpt>
      <trkpt lat="45.10304" lon="6.42797">
        <ele>1849.9</ele>
      </trkpt>
      <trkpt lat="45.10296" lon="6.42807">
        <ele>1851.3</ele>
      </trkpt>
      <trkpt lat="45.102849" lon="6.42823">
        <ele>1853.9</ele>
      </trkpt>
      <trkpt lat="45.10277" lon="6.4284">
        <ele>1856.8</ele>
      </trkpt>
      <trkpt lat="45.10266" lon="6.4286">
        <ele>1859.3</ele>
      </trkpt>
      <trkpt lat="45.10258" lon="6.42875">
        <ele>1861.3</ele>
      </trkpt>
      <trkpt lat="45.10246" lon="6.428899">
        <ele>1862.9</ele>
      </trkpt>
      <trkpt lat="45.10232" lon="6.42901">
        <ele>1864.6</ele>
      </trkpt>
      <trkpt lat="45.10221" lon="6.42904">
        <ele>1864.5</ele>
      </trkpt>
      <trkpt lat="45.10204" lon="6.42908">
        <ele>1864.2</ele>
      </trkpt>
      <trkpt lat="45.101999" lon="6.42909">
        <ele>1864.2</ele>
      </trkpt>
      <trkpt lat="45.10185" lon="6.42919">
        <ele>1866.2</ele>
      </trkpt>
      <trkpt lat="45.1017" lon="6.42934">
        <ele>1870.9</ele>
      </trkpt>
      <trkpt lat="45.101619" lon="6.42942">
        <ele>1874.1</ele>
      </trkpt>
      <trkpt lat="45.101529" lon="6.4295">
        <ele>1877.7</ele>
      </trkpt>
      <trkpt lat="45.10145" lon="6.42955">
        <ele>1879.9</ele>
      </trkpt>
      <trkpt lat="45.10141" lon="6.42957">
        <ele>1880.8</ele>
      </trkpt>
      <trkpt lat="45.10134" lon="6.4296">
        <ele>1882.1</ele>
      </trkpt>
      <trkpt lat="45.10122" lon="6.42964">
        <ele>1883.8</ele>
      </trkpt>
      <trkpt lat="45.10109" lon="6.42966">
        <ele>1884.8</ele>
      </trkpt>
      <trkpt lat="45.101" lon="6.42966">
        <ele>1885.1</ele>
      </trkpt>
      <trkpt lat="45.10094" lon="6.42963">
        <ele>1884.6</ele>
      </trkpt>
      <trkpt lat="45.1009" lon="6.42961">
        <ele>1884.3</ele>
      </trkpt>
      <trkpt lat="45.10089" lon="6.4296">
        <ele>1884.1</ele>
      </trkpt>
      <trkpt lat="45.10085" lon="6.42957">
        <ele>1883.6</ele>
      </trkpt>
      <trkpt lat="45.10076" lon="6.42943">
        <ele>1882.5</ele>
      </trkpt>
      <trkpt lat="45.10069" lon="6.42933">
        <ele>1882.1</ele>
      </trkpt>
      <trkpt lat="45.10062" lon="6.42924">
        <ele>1882.0</ele>
      </trkpt>
      <trkpt lat="45.10056" lon="6.42916">
        <ele>1881.7</ele>
      </trkpt>
      <trkpt lat="45.1004" lon="6.42899">
        <ele>1880.2</ele>
      </trkpt>
      <trkpt lat="45.10026" lon="6.42888">
        <ele>1879.9</ele>
      </trkpt>
      <trkpt lat="45.10019" lon="6.42887">
        <ele>1881.2</ele>
      </trkpt>
      <trkpt lat="45.10017" lon="6.42887">
        <ele>1881.7</ele>
      </trkpt>
      <trkpt lat="45.100119" lon="6.42887">
        <ele>1882.9</ele>
      </trkpt>
      <trkpt lat="45.1" lon="6.42889">
        <ele>1886.4</ele>
      </trkpt>
      <trkpt lat="45.09992" lon="6.42891">
        <ele>1887.3</ele>
      </trkpt>
      <trkpt lat="45.09981" lon="6.42895">
        <ele>1889.0</ele>
      </trkpt>
      <trkpt lat="45.09974" lon="6.42896">
        <ele>1889.5</ele>
      </trkpt>
      <trkpt lat="45.09969" lon="6.42895">
        <ele>1889.3</ele>
      </trkpt>
      <trkpt lat="45.09954" lon="6.42895">
        <ele>1889.8</ele>
      </trkpt>
      <trkpt lat="45.09943" lon="6.42893">
        <ele>1889.5</ele>
      </trkpt>
      <trkpt lat="45.09928" lon="6.42896">
        <ele>1890.7</ele>
      </trkpt>
      <trkpt lat="45.09915" lon="6.42904">
        <ele>1892.8</ele>
      </trkpt>
      <trkpt lat="45.09905" lon="6.42916">
        <ele>1894.7</ele>
      </trkpt>
      <trkpt lat="45.098999" lon="6.42925">
        <ele>1896.5</ele>
      </trkpt>
      <trkpt lat="45.09898" lon="6.42931">
        <ele>1897.8</ele>
      </trkpt>
      <trkpt lat="45.098909" lon="6.42942">
        <ele>1899.8</ele>
      </trkpt>
      <trkpt lat="45.09888" lon="6.429439">
        <ele>1900.0</ele>
      </trkpt>
      <trkpt lat="45.09877" lon="6.42956">
        <ele>1901.9</ele>
      </trkpt>
      <trkpt lat="45.09865" lon="6.42964">
        <ele>1902.6</ele>
      </trkpt>
      <trkpt lat="45.09851" lon="6.42971">
        <ele>1902.9</ele>
      </trkpt>
      <trkpt lat="45.09831" lon="6.42977">
        <ele>1902.5</ele>
      </trkpt>
      <trkpt lat="45.09822" lon="6.42979">
        <ele>1903.1</ele>
      </trkpt>
      <trkpt lat="45.09814" lon="6.42981">
        <ele>1903.7</ele>
      </trkpt>
      <trkpt lat="45.09804" lon="6.42983">
        <ele>1904.3</ele>
      </trkpt>
      <trkpt lat="45.09786" lon="6.42988">
        <ele>1905.9</ele>
      </trkpt>
      <trkpt lat="45.09785" lon="6.42988">
        <ele>1905.9</ele>
      </trkpt>
      <trkpt lat="45.09749" lon="6.43001">
        <ele>1910.3</ele>
      </trkpt>
      <trkpt lat="45.09734" lon="6.43007">
        <ele>1911.9</ele>
      </trkpt>
      <trkpt lat="45.0973" lon="6.43009">
        <ele>1912.5</ele>
      </trkpt>
      <trkpt lat="45.09715" lon="6.43021">
        <ele>1915.7</ele>
      </trkpt>
      <trkpt lat="45.09707" lon="6.43029">
        <ele>1917.8</ele>
      </trkpt>
      <trkpt lat="45.0969" lon="6.43045">
        <ele>1922.3</ele>
      </trkpt>
      <trkpt lat="45.0968" lon="6.43051">
        <ele>1924.1</ele>
      </trkpt>
      <trkpt lat="45.09673" lon="6.43054">
        <ele>1925.1</ele>
      </trkpt>
      <trkpt lat="45.09671" lon="6.43054">
        <ele>1925.1</ele>
      </trkpt>
      <trkpt lat="45.09666" lon="6.43055">
        <ele>1925.6</ele>
      </trkpt>
      <trkpt lat="45.09653" lon="6.43056">
        <ele>1926.4</ele>
      </trkpt>
      <trkpt lat="45.09639" lon="6.43056">
        <ele>1927.0</ele>
      </trkpt>
      <trkpt lat="45.09612" lon="6.43054">
        <ele>1927.7</ele>
      </trkpt>
      <trkpt lat="45.0959" lon="6.43053">
        <ele>1928.4</ele>
      </trkpt>
      <trkpt lat="45.09581" lon="6.430519">
        <ele>1928.6</ele>
      </trkpt>
      <trkpt lat="45.09574" lon="6.430519">
        <ele>1929.0</ele>
      </trkpt>
      <trkpt lat="45.09563" lon="6.430519">
        <ele>1929.6</ele>
      </trkpt>
      <trkpt lat="45.09549" lon="6.43055">
        <ele>1931.1</ele>
      </trkpt>
      <trkpt lat="45.09543" lon="6.43056">
        <ele>1931.7</ele>
      </trkpt>
      <trkpt lat="45.09534" lon="6.43056">
        <ele>1932.2</ele>
      </trkpt>
      <trkpt lat="45.09527" lon="6.43055">
        <ele>1932.4</ele>
      </trkpt>
      <trkpt lat="45.09522" lon="6.43054">
        <ele>1932.4</ele>
      </trkpt>
      <trkpt lat="45.09516" lon="6.43053">
        <ele>1932.5</ele>
      </trkpt>
      <trkpt lat="45.09509" lon="6.43053">
        <ele>1932.9</ele>
      </trkpt>
      <trkpt lat="45.09504" lon="6.43053">
        <ele>1933.1</ele>
      </trkpt>
      <trkpt lat="45.09492" lon="6.43056">
        <ele>1933.5</ele>
      </trkpt>
      <trkpt lat="45.0949" lon="6.43057">
        <ele>1933.6</ele>
      </trkpt>
      <trkpt lat="45.0948" lon="6.43064">
        <ele>1934.3</ele>
      </trkpt>
      <trkpt lat="45.09476" lon="6.43068">
        <ele>1934.6</ele>
      </trkpt>
      <trkpt lat="45.09476" lon="6.43068">
        <ele>1934.6</ele>
      </trkpt>
      <trkpt lat="45.09476" lon="6.43068">
        <ele>1934.6</ele>
      </trkpt>
      <trkpt lat="45.09469" lon="6.43075">
        <ele>1935.1</ele>
      </trkpt>
      <trkpt lat="45.09462" lon="6.43084">
        <ele>1935.7</ele>
      </trkpt>
      <trkpt lat="45.0946" lon="6.43086">
        <ele>1935.9</ele>
      </trkpt>
      <trkpt lat="45.09446" lon="6.43098">
        <ele>1937.2</ele>
      </trkpt>
      <trkpt lat="45.09435" lon="6.43108">
        <ele>1938.6</ele>
      </trkpt>
      <trkpt lat="45.09419" lon="6.43119">
        <ele>1940.0</ele>
      </trkpt>
      <trkpt lat="45.09399" lon="6.431339">
        <ele>1943.7</ele>
      </trkpt>
      <trkpt lat="45.09397" lon="6.43135">
        <ele>1943.8</ele>
      </trkpt>
      <trkpt lat="45.09371" lon="6.43156">
        <ele>1946.7</ele>
      </trkpt>
      <trkpt lat="45.0936" lon="6.43163">
        <ele>1946.7</ele>
      </trkpt>
      <trkpt lat="45.0935" lon="6.43169">
        <ele>1946.7</ele>
      </trkpt>
      <trkpt lat="45.09342" lon="6.43172">
        <ele>1946.7</ele>
      </trkpt>
      <trkpt lat="45.09339" lon="6.431739">
        <ele>1947.0</ele>
      </trkpt>
      <trkpt lat="45.09333" lon="6.43177">
        <ele>1947.2</ele>
      </trkpt>
      <trkpt lat="45.093269" lon="6.43182">
        <ele>1948.7</ele>
      </trkpt>
      <trkpt lat="45.09319" lon="6.4319">
        <ele>1950.7</ele>
      </trkpt>
      <trkpt lat="45.09314" lon="6.43197">
        <ele>1952.2</ele>
      </trkpt>
      <trkpt lat="45.093089" lon="6.43205">
        <ele>1953.7</ele>
      </trkpt>
      <trkpt lat="45.09303" lon="6.43217">
        <ele>1955.7</ele>
      </trkpt>
      <trkpt lat="45.09299" lon="6.43224">
        <ele>1956.6</ele>
      </trkpt>
      <trkpt lat="45.09297" lon="6.43225">
        <ele>1956.5</ele>
      </trkpt>
      <trkpt lat="45.09294" lon="6.43229">
        <ele>1956.7</ele>
      </trkpt>
      <trkpt lat="45.09287" lon="6.432349">
        <ele>1956.5</ele>
      </trkpt>
      <trkpt lat="45.09282" lon="6.43238">
        <ele>1956.0</ele>
      </trkpt>
      <trkpt lat="45.09264" lon="6.43245">
        <ele>1952.9</ele>
      </trkpt>
      <trkpt lat="45.09258" lon="6.43248">
        <ele>1951.8</ele>
      </trkpt>
      <trkpt lat="45.09246" lon="6.43254">
        <ele>1951.0</ele>
      </trkpt>
      <trkpt lat="45.09228" lon="6.43264">
        <ele>1952.5</ele>
      </trkpt>
      <trkpt lat="45.09211" lon="6.43278">
        <ele>1953.9</ele>
      </trkpt>
      <trkpt lat="45.09197" lon="6.43293">
        <ele>1954.4</ele>
      </trkpt>
      <trkpt lat="45.09189" lon="6.43308">
        <ele>1955.0</ele>
      </trkpt>
      <trkpt lat="45.09187" lon="6.43312">
        <ele>1955.1</ele>
      </trkpt>
      <trkpt lat="45.09182" lon="6.43325">
        <ele>1955.4</ele>
      </trkpt>
      <trkpt lat="45.09178" lon="6.43334">
        <ele>1955.2</ele>
      </trkpt>
      <trkpt lat="45.09176" lon="6.43339">
        <ele>1955.6</ele>
      </trkpt>
      <trkpt lat="45.0917" lon="6.43353">
        <ele>1956.3</ele>
      </trkpt>
      <trkpt lat="45.09163" lon="6.43366">
        <ele>1957.2</ele>
      </trkpt>
      <trkpt lat="45.09155" lon="6.433779">
        <ele>1958.5</ele>
      </trkpt>
      <trkpt lat="45.09147" lon="6.43392">
        <ele>1959.7</ele>
      </trkpt>
      <trkpt lat="45.09141" lon="6.43408">
        <ele>1961.2</ele>
      </trkpt>
      <trkpt lat="45.091389" lon="6.43419">
        <ele>1962.3</ele>
      </trkpt>
      <trkpt lat="45.091389" lon="6.43421">
        <ele>1962.5</ele>
      </trkpt>
      <trkpt lat="45.09137" lon="6.43435">
        <ele>1963.8</ele>
      </trkpt>
      <trkpt lat="45.09135" lon="6.43444">
        <ele>1964.4</ele>
      </trkpt>
      <trkpt lat="45.09134" lon="6.43452">
        <ele>1965.1</ele>
      </trkpt>
      <trkpt lat="45.09129" lon="6.43468">
        <ele>1966.0</ele>
      </trkpt>
      <trkpt lat="45.09129" lon="6.4347">
        <ele>1966.2</ele>
      </trkpt>
      <trkpt lat="45.09123" lon="6.43485">
        <ele>1966.6</ele>
      </trkpt>
      <trkpt lat="45.09118" lon="6.43495">
        <ele>1966.6</ele>
      </trkpt>
      <trkpt lat="45.09113" lon="6.43501">
        <ele>1966.2</ele>
      </trkpt>
      <trkpt lat="45.09107" lon="6.43506">
        <ele>1966.0</ele>
      </trkpt>
      <trkpt lat="45.09105" lon="6.435069">
        <ele>1965.8</ele>
      </trkpt>
      <trkpt lat="45.09093" lon="6.43514">
        <ele>1964.7</ele>
      </trkpt>
      <trkpt lat="45.0909" lon="6.43516">
        <ele>1964.4</ele>
      </trkpt>
      <trkpt lat="45.09081" lon="6.43521">
        <ele>1964.0</ele>
      </trkpt>
      <trkpt lat="45.09073" lon="6.43524">
        <ele>1964.4</ele>
      </trkpt>
      <trkpt lat="45.0907" lon="6.43526">
        <ele>1964.6</ele>
      </trkpt>
      <trkpt lat="45.09058" lon="6.4353">
        <ele>1965.0</ele>
      </trkpt>
      <trkpt lat="45.09056" lon="6.43531">
        <ele>1965.1</ele>
      </trkpt>
      <trkpt lat="45.09038" lon="6.43536">
        <ele>1965.3</ele>
      </trkpt>
      <trkpt lat="45.09028" lon="6.43538">
        <ele>1965.2</ele>
      </trkpt>
      <trkpt lat="45.0902" lon="6.43538">
        <ele>1964.9</ele>
      </trkpt>
      <trkpt lat="45.09014" lon="6.43538">
        <ele>1964.6</ele>
      </trkpt>
      <trkpt lat="45.08995" lon="6.43535">
        <ele>1963.9</ele>
      </trkpt>
      <trkpt lat="45.08985" lon="6.43532">
        <ele>1963.8</ele>
      </trkpt>
      <trkpt lat="45.08976" lon="6.4353">
        <ele>1963.7</ele>
      </trkpt>
      <trkpt lat="45.08969" lon="6.43528">
        <ele>1963.6</ele>
      </trkpt>
      <trkpt lat="45.08963" lon="6.43528">
        <ele>1963.8</ele>
      </trkpt>
      <trkpt lat="45.08955" lon="6.43528">
        <ele>1963.9</ele>
      </trkpt>
      <trkpt lat="45.08949" lon="6.43528">
        <ele>1964.0</ele>
      </trkpt>
      <trkpt lat="45.0894" lon="6.43529">
        <ele>1964.4</ele>
      </trkpt>
      <trkpt lat="45.08931" lon="6.43531">
        <ele>1964.8</ele>
      </trkpt>
      <trkpt lat="45.08919" lon="6.43533">
        <ele>1965.3</ele>
      </trkpt>
      <trkpt lat="45.08897" lon="6.43539">
        <ele>1966.9</ele>
      </trkpt>
      <trkpt lat="45.0888" lon="6.43543">
        <ele>1968.0</ele>
      </trkpt>
      <trkpt lat="45.08878" lon="6.43544">
        <ele>1968.2</ele>
      </trkpt>
      <trkpt lat="45.08874" lon="6.43545">
        <ele>1968.4</ele>
      </trkpt>
      <trkpt lat="45.0886" lon="6.435469">
        <ele>1969.2</ele>
      </trkpt>
      <trkpt lat="45.08851" lon="6.43549">
        <ele>1969.7</ele>
      </trkpt>
      <trkpt lat="45.08842" lon="6.43551">
        <ele>1970.2</ele>
      </trkpt>
      <trkpt lat="45.08833" lon="6.435539">
        <ele>1970.8</ele>
      </trkpt>
      <trkpt lat="45.08816" lon="6.435609">
        <ele>1972.3</ele>
      </trkpt>
      <trkpt lat="45.08809" lon="6.43565">
        <ele>1972.8</ele>
      </trkpt>
      <trkpt lat="45.087919" lon="6.43574">
        <ele>1973.7</ele>
      </trkpt>
      <trkpt lat="45.08781" lon="6.43581">
        <ele>1974.0</ele>
      </trkpt>
      <trkpt lat="45.08775" lon="6.43585">
        <ele>1974.2</ele>
      </trkpt>
      <trkpt lat="45.08759" lon="6.43594">
        <ele>1975.3</ele>
      </trkpt>
      <trkpt lat="45.08758" lon="6.43595">
        <ele>1975.4</ele>
      </trkpt>
      <trkpt lat="45.087449" lon="6.43609">
        <ele>1977.3</ele>
      </trkpt>
      <trkpt lat="45.08732" lon="6.43623">
        <ele>1979.3</ele>
      </trkpt>
      <trkpt lat="45.0873" lon="6.43626">
        <ele>1979.7</ele>
      </trkpt>
      <trkpt lat="45.08715" lon="6.43641">
        <ele>1981.4</ele>
      </trkpt>
      <trkpt lat="45.08713" lon="6.43643">
        <ele>1981.6</ele>
      </trkpt>
      <trkpt lat="45.087" lon="6.43655">
        <ele>1982.6</ele>
      </trkpt>
      <trkpt lat="45.08657" lon="6.43702">
        <ele>1987.2</ele>
      </trkpt>
      <trkpt lat="45.08652" lon="6.43708">
        <ele>1987.9</ele>
      </trkpt>
      <trkpt lat="45.08643" lon="6.43717">
        <ele>1988.9</ele>
      </trkpt>
      <trkpt lat="45.08634" lon="6.43727">
        <ele>1989.7</ele>
      </trkpt>
      <trkpt lat="45.08628" lon="6.43731">
        <ele>1990.0</ele>
      </trkpt>
      <trkpt lat="45.08622" lon="6.43736">
        <ele>1990.2</ele>
      </trkpt>
      <trkpt lat="45.08614" lon="6.4374">
        <ele>1990.3</ele>
      </trkpt>
      <trkpt lat="45.08608" lon="6.43742">
        <ele>1990.3</ele>
      </trkpt>
      <trkpt lat="45.08602" lon="6.43742">
        <ele>1990.5</ele>
      </trkpt>
      <trkpt lat="45.08594" lon="6.43736">
        <ele>1990.8</ele>
      </trkpt>
      <trkpt lat="45.08588" lon="6.43729">
        <ele>1991.1</ele>
      </trkpt>
      <trkpt lat="45.08585" lon="6.43724">
        <ele>1991.3</ele>
      </trkpt>
      <trkpt lat="45.08576" lon="6.43711">
        <ele>1991.7</ele>
      </trkpt>
      <trkpt lat="45.08574" lon="6.43708">
        <ele>1991.9</ele>
      </trkpt>
      <trkpt lat="45.0857" lon="6.43699">
        <ele>1992.1</ele>
      </trkpt>
      <trkpt lat="45.0857" lon="6.436899">
        <ele>1992.4</ele>
      </trkpt>
      <trkpt lat="45.08572" lon="6.43672">
        <ele>1992.9</ele>
      </trkpt>
      <trkpt lat="45.08574" lon="6.43666">
        <ele>1992.6</ele>
      </trkpt>
      <trkpt lat="45.08576" lon="6.43658">
        <ele>1993.4</ele>
      </trkpt>
      <trkpt lat="45.08581" lon="6.43645">
        <ele>1994.1</ele>
      </trkpt>
      <trkpt lat="45.08582" lon="6.43643">
        <ele>1994.1</ele>
      </trkpt>
      <trkpt lat="45.0859" lon="6.43625">
        <ele>1995.3</ele>
      </trkpt>
      <trkpt lat="45.085949" lon="6.43612">
        <ele>1996.1</ele>
      </trkpt>
      <trkpt lat="45.086" lon="6.43599">
        <ele>1996.6</ele>
      </trkpt>
      <trkpt lat="45.086" lon="6.43597">
        <ele>1996.8</ele>
      </trkpt>
      <trkpt lat="45.08606" lon="6.43578">
        <ele>1998.5</ele>
      </trkpt>
      <trkpt lat="45.08611" lon="6.43563">
        <ele>2002.0</ele>
      </trkpt>
      <trkpt lat="45.08618" lon="6.43549">
        <ele>2004.2</ele>
      </trkpt>
      <trkpt lat="45.08631" lon="6.4353">
        <ele>2005.7</ele>
      </trkpt>
      <trkpt lat="45.08646" lon="6.43509">
        <ele>2006.4</ele>
      </trkpt>
      <trkpt lat="45.08652" lon="6.43498">
        <ele>2007.5</ele>
      </trkpt>
      <trkpt lat="45.08658" lon="6.43488">
        <ele>2009.4</ele>
      </trkpt>
      <trkpt lat="45.08669" lon="6.43473">
        <ele>2011.6</ele>
      </trkpt>
      <trkpt lat="45.08677" lon="6.43455">
        <ele>2016.2</ele>
      </trkpt>
      <trkpt lat="45.08685" lon="6.43445">
        <ele>2017.2</ele>
      </trkpt>
      <trkpt lat="45.08696" lon="6.434319">
        <ele>2018.0</ele>
      </trkpt>
      <trkpt lat="45.08715" lon="6.43413">
        <ele>2017.4</ele>
      </trkpt>
      <trkpt lat="45.08717" lon="6.4341">
        <ele>2017.9</ele>
      </trkpt>
      <trkpt lat="45.08732" lon="6.43397">
        <ele>2017.7</ele>
      </trkpt>
      <trkpt lat="45.087449" lon="6.43384">
        <ele>2018.4</ele>
      </trkpt>
      <trkpt lat="45.08747" lon="6.43383">
        <ele>2018.0</ele>
      </trkpt>
      <trkpt lat="45.08766" lon="6.43368">
        <ele>2017.7</ele>
      </trkpt>
      <trkpt lat="45.08781" lon="6.43356">
        <ele>2017.3</ele>
      </trkpt>
      <trkpt lat="45.087919" lon="6.43345">
        <ele>2017.8</ele>
      </trkpt>
      <trkpt lat="45.08799" lon="6.43336">
        <ele>2018.9</ele>
      </trkpt>
      <trkpt lat="45.08806" lon="6.43322">
        <ele>2021.2</ele>
      </trkpt>
      <trkpt lat="45.08811" lon="6.43306">
        <ele>2024.7</ele>
      </trkpt>
      <trkpt lat="45.08815" lon="6.43291">
        <ele>2028.1</ele>
      </trkpt>
      <trkpt lat="45.08818" lon="6.43275">
        <ele>2032.2</ele>
      </trkpt>
      <trkpt lat="45.0882" lon="6.4326">
        <ele>2033.2</ele>
      </trkpt>
      <trkpt lat="45.08823" lon="6.43252">
        <ele>2033.9</ele>
      </trkpt>
      <trkpt lat="45.08828" lon="6.43245">
        <ele>2034.6</ele>
      </trkpt>
      <trkpt lat="45.08835" lon="6.43239">
        <ele>2035.4</ele>
      </trkpt>
      <trkpt lat="45.08837" lon="6.43236">
        <ele>2035.7</ele>
      </trkpt>
      <trkpt lat="45.08845" lon="6.43231">
        <ele>2036.6</ele>
      </trkpt>
      <trkpt lat="45.08858" lon="6.43221">
        <ele>2038.1</ele>
      </trkpt>
      <trkpt lat="45.088679" lon="6.43212">
        <ele>2039.3</ele>
      </trkpt>
      <trkpt lat="45.088769" lon="6.432">
        <ele>2041.9</ele>
      </trkpt>
      <trkpt lat="45.08887" lon="6.43191">
        <ele>2043.3</ele>
      </trkpt>
      <trkpt lat="45.08894" lon="6.43184">
        <ele>2044.6</ele>
      </trkpt>
      <trkpt lat="45.08905" lon="6.43176">
        <ele>2045.6</ele>
      </trkpt>
      <trkpt lat="45.08919" lon="6.43168">
        <ele>2046.1</ele>
      </trkpt>
      <trkpt lat="45.08925" lon="6.43164">
        <ele>2046.7</ele>
      </trkpt>
      <trkpt lat="45.08936" lon="6.43158">
        <ele>2047.1</ele>
      </trkpt>
      <trkpt lat="45.08939" lon="6.43156">
        <ele>2047.4</ele>
      </trkpt>
      <trkpt lat="45.08955" lon="6.43145">
        <ele>2048.8</ele>
      </trkpt>
      <trkpt lat="45.08968" lon="6.43135">
        <ele>2050.2</ele>
      </trkpt>
      <trkpt lat="45.08985" lon="6.43126">
        <ele>2050.8</ele>
      </trkpt>
      <trkpt lat="45.08994" lon="6.43121">
        <ele>2051.2</ele>
      </trkpt>
      <trkpt lat="45.08997" lon="6.43117">
        <ele>2052.1</ele>
      </trkpt>
      <trkpt lat="45.08998" lon="6.43112">
        <ele>2053.7</ele>
      </trkpt>
      <trkpt lat="45.08997" lon="6.43107">
        <ele>2055.5</ele>
      </trkpt>
      <trkpt lat="45.08995" lon="6.43104">
        <ele>2056.8</ele>
      </trkpt>
      <trkpt lat="45.08992" lon="6.43103">
        <ele>2057.5</ele>
      </trkpt>
      <trkpt lat="45.08992" lon="6.43102">
        <ele>2057.9</ele>
      </trkpt>
      <trkpt lat="45.08986" lon="6.43104">
        <ele>2058.1</ele>
      </trkpt>
      <trkpt lat="45.08976" lon="6.4311">
        <ele>2057.5</ele>
      </trkpt>
      <trkpt lat="45.08968" lon="6.43116">
        <ele>2056.6</ele>
      </trkpt>
      <trkpt lat="45.08961" lon="6.43119">
        <ele>2056.6</ele>
      </trkpt>
      <trkpt lat="45.08951" lon="6.43125">
        <ele>2056.1</ele>
      </trkpt>
      <trkpt lat="45.08944" lon="6.43129">
        <ele>2055.7</ele>
      </trkpt>
      <trkpt lat="45.08934" lon="6.43133">
        <ele>2055.8</ele>
      </trkpt>
      <trkpt lat="45.08932" lon="6.431339">
        <ele>2055.8</ele>
      </trkpt>
      <trkpt lat="45.0892" lon="6.43136">
        <ele>2056.8</ele>
      </trkpt>
      <trkpt lat="45.08906" lon="6.43135">
        <ele>2059.5</ele>
      </trkpt>
      <trkpt lat="45.08894" lon="6.43136">
        <ele>2061.3</ele>
      </trkpt>
      <trkpt lat="45.0888" lon="6.43138">
        <ele>2063.1</ele>
      </trkpt>
      <trkpt lat="45.08876" lon="6.43138">
        <ele>2063.8</ele>
      </trkpt>
      <trkpt lat="45.08872" lon="6.43135">
        <ele>2065.5</ele>
      </trkpt>
      <trkpt lat="45.08871" lon="6.43135">
        <ele>2065.6</ele>
      </trkpt>
      <trkpt lat="45.0887" lon="6.431269">
        <ele>2068.5</ele>
      </trkpt>
      <trkpt lat="45.08871" lon="6.43123">
        <ele>2069.6</ele>
      </trkpt>
      <trkpt lat="45.08872" lon="6.43122">
        <ele>2069.8</ele>
      </trkpt>
      <trkpt lat="45.08872" lon="6.43121">
        <ele>2070.1</ele>
      </trkpt>
      <trkpt lat="45.088769" lon="6.43118">
        <ele>2070.2</ele>
      </trkpt>
      <trkpt lat="45.08887" lon="6.43117">
        <ele>2068.8</ele>
      </trkpt>
      <trkpt lat="45.08888" lon="6.43117">
        <ele>2068.6</ele>
      </trkpt>
      <trkpt lat="45.08905" lon="6.43119">
        <ele>2065.0</ele>
      </trkpt>
      <trkpt lat="45.08906" lon="6.43119">
        <ele>2064.9</ele>
      </trkpt>
      <trkpt lat="45.08916" lon="6.43118">
        <ele>2063.5</ele>
      </trkpt>
      <trkpt lat="45.08923" lon="6.43115">
        <ele>2063.4</ele>
      </trkpt>
      <trkpt lat="45.08927" lon="6.431129">
        <ele>2063.5</ele>
      </trkpt>
      <trkpt lat="45.0894" lon="6.43105">
        <ele>2064.4</ele>
      </trkpt>
      <trkpt lat="45.08954" lon="6.43092">
        <ele>2066.7</ele>
      </trkpt>
      <trkpt lat="45.08955" lon="6.43091">
        <ele>2066.9</ele>
      </trkpt>
      <trkpt lat="45.08964" lon="6.43083">
        <ele>2068.3</ele>
      </trkpt>
      <trkpt lat="45.08988" lon="6.43075">
        <ele>2068.1</ele>
      </trkpt>
      <trkpt lat="45.08993" lon="6.430729">
        <ele>2068.2</ele>
      </trkpt>
      <trkpt lat="45.09006" lon="6.43065">
        <ele>2069.6</ele>
      </trkpt>
      <trkpt lat="45.0902" lon="6.430519">
        <ele>2072.4</ele>
      </trkpt>
      <trkpt lat="45.09024" lon="6.43048">
        <ele>2073.3</ele>
      </trkpt>
      <trkpt lat="45.09035" lon="6.43038">
        <ele>2075.0</ele>
      </trkpt>
      <trkpt lat="45.09047" lon="6.43029">
        <ele>2076.0</ele>
      </trkpt>
      <trkpt lat="45.09055" lon="6.43022">
        <ele>2076.9</ele>
      </trkpt>
      <trkpt lat="45.09059" lon="6.43018">
        <ele>2077.4</ele>
      </trkpt>
      <trkpt lat="45.09061" lon="6.43014">
        <ele>2078.4</ele>
      </trkpt>
      <trkpt lat="45.09062" lon="6.43011">
        <ele>2079.2</ele>
      </trkpt>
      <trkpt lat="45.09062" lon="6.43008">
        <ele>2080.2</ele>
      </trkpt>
      <trkpt lat="45.09062" lon="6.43007">
        <ele>2080.5</ele>
      </trkpt>
      <trkpt lat="45.09062" lon="6.430049">
        <ele>2081.2</ele>
      </trkpt>
      <trkpt lat="45.09061" lon="6.43002">
        <ele>2082.4</ele>
      </trkpt>
      <trkpt lat="45.0906" lon="6.43">
        <ele>2083.3</ele>
      </trkpt>
      <trkpt lat="45.09058" lon="6.429979">
        <ele>2084.4</ele>
      </trkpt>
      <trkpt lat="45.09056" lon="6.42996">
        <ele>2085.5</ele>
      </trkpt>
      <trkpt lat="45.09054" lon="6.42996">
        <ele>2085.9</ele>
      </trkpt>
      <trkpt lat="45.09051" lon="6.42997">
        <ele>2086.3</ele>
      </trkpt>
      <trkpt lat="45.09049" lon="6.429979">
        <ele>2086.5</ele>
      </trkpt>
      <trkpt lat="45.09046" lon="6.42999">
        <ele>2086.8</ele>
      </trkpt>
      <trkpt lat="45.09041" lon="6.43004">
        <ele>2086.2</ele>
      </trkpt>
      <trkpt lat="45.09034" lon="6.4301">
        <ele>2085.6</ele>
      </trkpt>
      <trkpt lat="45.09022" lon="6.43018">
        <ele>2085.1</ele>
      </trkpt>
      <trkpt lat="45.09017" lon="6.43021">
        <ele>2085.0</ele>
      </trkpt>
      <trkpt lat="45.09007" lon="6.43026">
        <ele>2085.0</ele>
      </trkpt>
      <trkpt lat="45.09" lon="6.43028">
        <ele>2085.6</ele>
      </trkpt>
      <trkpt lat="45.08993" lon="6.43029">
        <ele>2086.0</ele>
      </trkpt>
      <trkpt lat="45.08982" lon="6.43032">
        <ele>2086.0</ele>
      </trkpt>
      <trkpt lat="45.08979" lon="6.43032">
        <ele>2086.3</ele>
      </trkpt>
      <trkpt lat="45.08965" lon="6.43037">
        <ele>2086.0</ele>
      </trkpt>
      <trkpt lat="45.08956" lon="6.4304">
        <ele>2085.9</ele>
      </trkpt>
      <trkpt lat="45.08948" lon="6.4304">
        <ele>2086.9</ele>
      </trkpt>
      <trkpt lat="45.08947" lon="6.4304">
        <ele>2087.0</ele>
      </trkpt>
      <trkpt lat="45.089419" lon="6.43038">
        <ele>2088.3</ele>
      </trkpt>
      <trkpt lat="45.08934" lon="6.43036">
        <ele>2090.0</ele>
      </trkpt>
      <trkpt lat="45.08928" lon="6.43033">
        <ele>2091.8</ele>
      </trkpt>
      <trkpt lat="45.089239" lon="6.4303">
        <ele>2093.4</ele>
      </trkpt>
      <trkpt lat="45.08918" lon="6.43027">
        <ele>2095.1</ele>
      </trkpt>
      <trkpt lat="45.08912" lon="6.43025">
        <ele>2096.5</ele>
      </trkpt>
      <trkpt lat="45.08911" lon="6.43025">
        <ele>2096.7</ele>
      </trkpt>
      <trkpt lat="45.08897" lon="6.43022">
        <ele>2099.3</ele>
      </trkpt>
      <trkpt lat="45.088949" lon="6.43021">
        <ele>2099.9</ele>
      </trkpt>
      <trkpt lat="45.08882" lon="6.43016">
        <ele>2103.0</ele>
      </trkpt>
      <trkpt lat="45.08872" lon="6.43014">
        <ele>2104.8</ele>
      </trkpt>
      <trkpt lat="45.08861" lon="6.43015">
        <ele>2105.7</ele>
      </trkpt>
      <trkpt lat="45.0885" lon="6.43017">
        <ele>2106.3</ele>
      </trkpt>
      <trkpt lat="45.088389" lon="6.4302">
        <ele>2106.6</ele>
      </trkpt>
      <trkpt lat="45.08827" lon="6.43022">
        <ele>2107.9</ele>
      </trkpt>
      <trkpt lat="45.08816" lon="6.43022">
        <ele>2110.1</ele>
      </trkpt>
      <trkpt lat="45.088" lon="6.4302">
        <ele>2114.0</ele>
      </trkpt>
      <trkpt lat="45.08793" lon="6.43019">
        <ele>2115.7</ele>
      </trkpt>
      <trkpt lat="45.08788" lon="6.43019">
        <ele>2116.7</ele>
      </trkpt>
      <trkpt lat="45.08781" lon="6.43018">
        <ele>2118.4</ele>
      </trkpt>
      <trkpt lat="45.087739" lon="6.43019">
        <ele>2119.5</ele>
      </trkpt>
      <trkpt lat="45.08761" lon="6.43023">
        <ele>2120.8</ele>
      </trkpt>
      <trkpt lat="45.08744" lon="6.43028">
        <ele>2122.9</ele>
      </trkpt>
      <trkpt lat="45.0872" lon="6.43033">
        <ele>2127.9</ele>
      </trkpt>
      <trkpt lat="45.08717" lon="6.43034">
        <ele>2128.5</ele>
      </trkpt>
      <trkpt lat="45.08703" lon="6.43036">
        <ele>2131.9</ele>
      </trkpt>
      <trkpt lat="45.086979" lon="6.43037">
        <ele>2133.0</ele>
      </trkpt>
      <trkpt lat="45.08691" lon="6.4304">
        <ele>2134.3</ele>
      </trkpt>
      <trkpt lat="45.08688" lon="6.43045">
        <ele>2133.9</ele>
      </trkpt>
      <trkpt lat="45.08685" lon="6.43049">
        <ele>2133.8</ele>
      </trkpt>
      <trkpt lat="45.08685" lon="6.4305">
        <ele>2133.6</ele>
      </trkpt>
      <trkpt lat="45.08685" lon="6.43058">
        <ele>2131.6</ele>
      </trkpt>
      <trkpt lat="45.08686" lon="6.43068">
        <ele>2128.8</ele>
      </trkpt>
      <trkpt lat="45.08687" lon="6.43082">
        <ele>2125.0</ele>
      </trkpt>
      <trkpt lat="45.08688" lon="6.43095">
        <ele>2123.5</ele>
      </trkpt>
      <trkpt lat="45.08688" lon="6.43108">
        <ele>2122.5</ele>
      </trkpt>
      <trkpt lat="45.08688" lon="6.43128">
        <ele>2121.8</ele>
      </trkpt>
      <trkpt lat="45.08687" lon="6.4314">
        <ele>2121.4</ele>
      </trkpt>
      <trkpt lat="45.08686" lon="6.43152">
        <ele>2120.9</ele>
      </trkpt>
      <trkpt lat="45.08684" lon="6.43163">
        <ele>2120.6</ele>
      </trkpt>
      <trkpt lat="45.08682" lon="6.43172">
        <ele>2120.2</ele>
      </trkpt>
      <trkpt lat="45.08679" lon="6.43184">
        <ele>2119.8</ele>
      </trkpt>
      <trkpt lat="45.08668" lon="6.432">
        <ele>2119.1</ele>
      </trkpt>
      <trkpt lat="45.08658" lon="6.43212">
        <ele>2119.7</ele>
      </trkpt>
      <trkpt lat="45.08644" lon="6.43222">
        <ele>2121.7</ele>
      </trkpt>
      <trkpt lat="45.08623" lon="6.43238">
        <ele>2125.0</ele>
      </trkpt>
      <trkpt lat="45.08607" lon="6.43248">
        <ele>2128.2</ele>
      </trkpt>
      <trkpt lat="45.08599" lon="6.4325">
        <ele>2130.3</ele>
      </trkpt>
      <trkpt lat="45.08592" lon="6.43248">
        <ele>2132.7</ele>
      </trkpt>
      <trkpt lat="45.08585" lon="6.4324">
        <ele>2135.8</ele>
      </trkpt>
      <trkpt lat="45.08578" lon="6.43231">
        <ele>2137.9</ele>
      </trkpt>
      <trkpt lat="45.08574" lon="6.43219">
        <ele>2139.8</ele>
      </trkpt>
      <trkpt lat="45.08571" lon="6.43205">
        <ele>2141.9</ele>
      </trkpt>
      <trkpt lat="45.0857" lon="6.431879">
        <ele>2144.3</ele>
      </trkpt>
      <trkpt lat="45.08571" lon="6.43167">
        <ele>2147.1</ele>
      </trkpt>
      <trkpt lat="45.08573" lon="6.43139">
        <ele>2148.8</ele>
      </trkpt>
      <trkpt lat="45.08575" lon="6.43125">
        <ele>2149.7</ele>
      </trkpt>
      <trkpt lat="45.085769" lon="6.43102">
        <ele>2151.1</ele>
      </trkpt>
      <trkpt lat="45.08578" lon="6.43097">
        <ele>2151.5</ele>
      </trkpt>
      <trkpt lat="45.08584" lon="6.43075">
        <ele>2153.4</ele>
      </trkpt>
      <trkpt lat="45.08605" lon="6.43034">
        <ele>2156.6</ele>
      </trkpt>
      <trkpt lat="45.08606" lon="6.43032">
        <ele>2156.7</ele>
      </trkpt>
      <trkpt lat="45.08617" lon="6.430119">
        <ele>2158.3</ele>
      </trkpt>
      <trkpt lat="45.08625" lon="6.429979">
        <ele>2159.4</ele>
      </trkpt>
      <trkpt lat="45.08629" lon="6.42994">
        <ele>2159.3</ele>
      </trkpt>
      <trkpt lat="45.08636" lon="6.42987">
        <ele>2159.2</ele>
      </trkpt>
      <trkpt lat="45.08645" lon="6.42981">
        <ele>2158.7</ele>
      </trkpt>
      <trkpt lat="45.08649" lon="6.42977">
        <ele>2158.7</ele>
      </trkpt>
      <trkpt lat="45.0866" lon="6.42968">
        <ele>2158.6</ele>
      </trkpt>
      <trkpt lat="45.08661" lon="6.42967">
        <ele>2158.6</ele>
      </trkpt>
      <trkpt lat="45.08666" lon="6.42961">
        <ele>2159.0</ele>
      </trkpt>
      <trkpt lat="45.08669" lon="6.42955">
        <ele>2159.8</ele>
      </trkpt>
      <trkpt lat="45.08669" lon="6.42954">
        <ele>2160.1</ele>
      </trkpt>
      <trkpt lat="45.08669" lon="6.42948">
        <ele>2161.5</ele>
      </trkpt>
      <trkpt lat="45.08669" lon="6.42947">
        <ele>2161.7</ele>
      </trkpt>
      <trkpt lat="45.08667" lon="6.42942">
        <ele>2163.2</ele>
      </trkpt>
      <trkpt lat="45.08664" lon="6.429369">
        <ele>2164.8</ele>
      </trkpt>
      <trkpt lat="45.08658" lon="6.42934">
        <ele>2166.4</ele>
      </trkpt>
      <trkpt lat="45.08652" lon="6.42935">
        <ele>2167.2</ele>
      </trkpt>
      <trkpt lat="45.08647" lon="6.42939">
        <ele>2167.1</ele>
      </trkpt>
      <trkpt lat="45.08637" lon="6.42954">
        <ele>2165.7</ele>
      </trkpt>
      <trkpt lat="45.08628" lon="6.42965">
        <ele>2165.2</ele>
      </trkpt>
      <trkpt lat="45.08628" lon="6.42966">
        <ele>2165.0</ele>
      </trkpt>
      <trkpt lat="45.08617" lon="6.42977">
        <ele>2165.0</ele>
      </trkpt>
      <trkpt lat="45.08613" lon="6.42981">
        <ele>2165.0</ele>
      </trkpt>
      <trkpt lat="45.0861" lon="6.42983">
        <ele>2165.3</ele>
      </trkpt>
      <trkpt lat="45.08603" lon="6.42989">
        <ele>2165.7</ele>
      </trkpt>
      <trkpt lat="45.08597" lon="6.429909">
        <ele>2166.6</ele>
      </trkpt>
      <trkpt lat="45.08584" lon="6.42994">
        <ele>2168.8</ele>
      </trkpt>
      <trkpt lat="45.08551" lon="6.429979">
        <ele>2170.6</ele>
      </trkpt>
      <trkpt lat="45.08543" lon="6.42997">
        <ele>2171.3</ele>
      </trkpt>
      <trkpt lat="45.08536" lon="6.42996">
        <ele>2171.9</ele>
      </trkpt>
      <trkpt lat="45.08526" lon="6.4299">
        <ele>2173.3</ele>
      </trkpt>
      <trkpt lat="45.08518" lon="6.42985">
        <ele>2174.3</ele>
      </trkpt>
      <trkpt lat="45.0851" lon="6.42978">
        <ele>2175.5</ele>
      </trkpt>
      <trkpt lat="45.08503" lon="6.42967">
        <ele>2177.0</ele>
      </trkpt>
      <trkpt lat="45.08499" lon="6.42949">
        <ele>2178.9</ele>
      </trkpt>
      <trkpt lat="45.08495" lon="6.42933">
        <ele>2180.3</ele>
      </trkpt>
      <trkpt lat="45.08494" lon="6.42929">
        <ele>2180.7</ele>
      </trkpt>
      <trkpt lat="45.0849" lon="6.42919">
        <ele>2181.4</ele>
      </trkpt>
      <trkpt lat="45.08481" lon="6.42901">
        <ele>2183.7</ele>
      </trkpt>
      <trkpt lat="45.08468" lon="6.42881">
        <ele>2186.0</ele>
      </trkpt>
      <trkpt lat="45.08459" lon="6.42865">
        <ele>2187.7</ele>
      </trkpt>
      <trkpt lat="45.08451" lon="6.4285">
        <ele>2189.1</ele>
      </trkpt>
      <trkpt lat="45.08434" lon="6.42813">
        <ele>2195.5</ele>
      </trkpt>
      <trkpt lat="45.08426" lon="6.42799">
        <ele>2198.7</ele>
      </trkpt>
      <trkpt lat="45.08418" lon="6.42792">
        <ele>2200.0</ele>
      </trkpt>
      <trkpt lat="45.08404" lon="6.42784">
        <ele>2201.6</ele>
      </trkpt>
      <trkpt lat="45.083889" lon="6.42776">
        <ele>2202.6</ele>
      </trkpt>
      <trkpt lat="45.08385" lon="6.42774">
        <ele>2202.8</ele>
      </trkpt>
      <trkpt lat="45.08377" lon="6.42767">
        <ele>2203.7</ele>
      </trkpt>
      <trkpt lat="45.0837" lon="6.4276">
        <ele>2204.5</ele>
      </trkpt>
      <trkpt lat="45.08369" lon="6.42759">
        <ele>2204.6</ele>
      </trkpt>
      <trkpt lat="45.083599" lon="6.427469">
        <ele>2206.0</ele>
      </trkpt>
      <trkpt lat="45.08357" lon="6.42743">
        <ele>2206.7</ele>
      </trkpt>
      <trkpt lat="45.08354" lon="6.42738">
        <ele>2207.8</ele>
      </trkpt>
      <trkpt lat="45.08347" lon="6.4273">
        <ele>2209.1</ele>
      </trkpt>
      <trkpt lat="45.0834" lon="6.42724">
        <ele>2209.9</ele>
      </trkpt>
      <trkpt lat="45.08331" lon="6.42719">
        <ele>2210.6</ele>
      </trkpt>
      <trkpt lat="45.08321" lon="6.42714">
        <ele>2212.4</ele>
      </trkpt>
      <trkpt lat="45.08309" lon="6.42709">
        <ele>2214.1</ele>
      </trkpt>
      <trkpt lat="45.083" lon="6.42706">
        <ele>2215.1</ele>
      </trkpt>
      <trkpt lat="45.08258" lon="6.426859">
        <ele>2220.2</ele>
      </trkpt>
      <trkpt lat="45.08256" lon="6.42685">
        <ele>2220.4</ele>
      </trkpt>
      <trkpt lat="45.08232" lon="6.42674">
        <ele>2222.9</ele>
      </trkpt>
      <trkpt lat="45.08204" lon="6.42658">
        <ele>2227.3</ele>
      </trkpt>
      <trkpt lat="45.0816" lon="6.426319">
        <ele>2235.0</ele>
      </trkpt>
      <trkpt lat="45.08158" lon="6.4263">
        <ele>2235.5</ele>
      </trkpt>
      <trkpt lat="45.08142" lon="6.42619">
        <ele>2238.3</ele>
      </trkpt>
      <trkpt lat="45.08126" lon="6.42608">
        <ele>2240.6</ele>
      </trkpt>
      <trkpt lat="45.08118" lon="6.42603">
        <ele>2241.5</ele>
      </trkpt>
      <trkpt lat="45.08109" lon="6.42597">
        <ele>2242.5</ele>
      </trkpt>
      <trkpt lat="45.08104" lon="6.42594">
        <ele>2242.9</ele>
      </trkpt>
      <trkpt lat="45.08096" lon="6.42591">
        <ele>2243.2</ele>
      </trkpt>
      <trkpt lat="45.08092" lon="6.4259">
        <ele>2243.2</ele>
      </trkpt>
      <trkpt lat="45.08088" lon="6.4259">
        <ele>2243.0</ele>
      </trkpt>
      <trkpt lat="45.08085" lon="6.42591">
        <ele>2242.6</ele>
      </trkpt>
      <trkpt lat="45.08082" lon="6.42592">
        <ele>2242.4</ele>
      </trkpt>
      <trkpt lat="45.08079" lon="6.42594">
        <ele>2242.1</ele>
      </trkpt>
      <trkpt lat="45.08075" lon="6.42597">
        <ele>2241.7</ele>
      </trkpt>
      <trkpt lat="45.08071" lon="6.426">
        <ele>2241.3</ele>
      </trkpt>
      <trkpt lat="45.08066" lon="6.42606">
        <ele>2240.8</ele>
      </trkpt>
      <trkpt lat="45.08064" lon="6.42608">
        <ele>2240.6</ele>
      </trkpt>
      <trkpt lat="45.08058" lon="6.42619">
        <ele>2239.8</ele>
      </trkpt>
      <trkpt lat="45.08053" lon="6.42626">
        <ele>2239.2</ele>
      </trkpt>
      <trkpt lat="45.08049" lon="6.42634">
        <ele>2238.7</ele>
      </trkpt>
      <trkpt lat="45.08043" lon="6.42641">
        <ele>2238.5</ele>
      </trkpt>
      <trkpt lat="45.08038" lon="6.42647">
        <ele>2238.4</ele>
      </trkpt>
      <trkpt lat="45.08032" lon="6.42652">
        <ele>2238.6</ele>
      </trkpt>
      <trkpt lat="45.08027" lon="6.42655">
        <ele>2238.9</ele>
      </trkpt>
      <trkpt lat="45.08022" lon="6.42657">
        <ele>2239.5</ele>
      </trkpt>
      <trkpt lat="45.0801" lon="6.4266">
        <ele>2241.0</ele>
      </trkpt>
      <trkpt lat="45.08009" lon="6.42661">
        <ele>2241.1</ele>
      </trkpt>
      <trkpt lat="45.07997" lon="6.42664">
        <ele>2242.6</ele>
      </trkpt>
      <trkpt lat="45.079859" lon="6.42667">
        <ele>2243.7</ele>
      </trkpt>
      <trkpt lat="45.07974" lon="6.42669">
        <ele>2245.0</ele>
      </trkpt>
      <trkpt lat="45.07967" lon="6.4267">
        <ele>2245.8</ele>
      </trkpt>
      <trkpt lat="45.07962" lon="6.4267">
        <ele>2246.4</ele>
      </trkpt>
      <trkpt lat="45.07959" lon="6.42668">
        <ele>2246.8</ele>
      </trkpt>
      <trkpt lat="45.07956" lon="6.42667">
        <ele>2247.3</ele>
      </trkpt>
      <trkpt lat="45.07953" lon="6.42665">
        <ele>2247.8</ele>
      </trkpt>
      <trkpt lat="45.07941" lon="6.42656">
        <ele>2250.0</ele>
      </trkpt>
      <trkpt lat="45.0794" lon="6.42655">
        <ele>2250.2</ele>
      </trkpt>
      <trkpt lat="45.07925" lon="6.42641">
        <ele>2253.2</ele>
      </trkpt>
      <trkpt lat="45.07904" lon="6.42624">
        <ele>2256.6</ele>
      </trkpt>
      <trkpt lat="45.07857" lon="6.42581">
        <ele>2263.5</ele>
      </trkpt>
      <trkpt lat="45.078449" lon="6.4257">
        <ele>2265.2</ele>
      </trkpt>
      <trkpt lat="45.07821" lon="6.42547">
        <ele>2268.6</ele>
      </trkpt>
      <trkpt lat="45.078" lon="6.42526">
        <ele>2271.4</ele>
      </trkpt>
      <trkpt lat="45.077979" lon="6.425239">
        <ele>2271.6</ele>
      </trkpt>
      <trkpt lat="45.07791" lon="6.42513">
        <ele>2272.5</ele>
      </trkpt>
      <trkpt lat="45.077889" lon="6.42507">
        <ele>2272.8</ele>
      </trkpt>
      <trkpt lat="45.07788" lon="6.42506">
        <ele>2272.9</ele>
      </trkpt>
      <trkpt lat="45.07787" lon="6.425">
        <ele>2273.2</ele>
      </trkpt>
      <trkpt lat="45.07786" lon="6.4249">
        <ele>2274.1</ele>
      </trkpt>
      <trkpt lat="45.07787" lon="6.42489">
        <ele>2274.2</ele>
      </trkpt>
      <trkpt lat="45.077889" lon="6.42483">
        <ele>2274.6</ele>
      </trkpt>
      <trkpt lat="45.0779" lon="6.4248">
        <ele>2274.9</ele>
      </trkpt>
      <trkpt lat="45.07792" lon="6.42474">
        <ele>2275.3</ele>
      </trkpt>
      <trkpt lat="45.07795" lon="6.42469">
        <ele>2275.7</ele>
      </trkpt>
      <trkpt lat="45.077979" lon="6.42467">
        <ele>2275.8</ele>
      </trkpt>
      <trkpt lat="45.07803" lon="6.42465">
        <ele>2275.9</ele>
      </trkpt>
      <trkpt lat="45.07819" lon="6.424559">
        <ele>2276.5</ele>
      </trkpt>
      <trkpt lat="45.07824" lon="6.42452">
        <ele>2276.9</ele>
      </trkpt>
      <trkpt lat="45.07832" lon="6.42444">
        <ele>2277.7</ele>
      </trkpt>
      <trkpt lat="45.07857" lon="6.4241">
        <ele>2282.4</ele>
      </trkpt>
      <trkpt lat="45.07868" lon="6.42396">
        <ele>2284.4</ele>
      </trkpt>
      <trkpt lat="45.078681" lon="6.42396">
        <ele>2284.4</ele>
      </trkpt>
      <trkpt lat="45.07868" lon="6.42396">
        <ele>2284.4</ele>
      </trkpt>
      <trkpt lat="45.078719" lon="6.42391">
        <ele>2285.0</ele>
      </trkpt>
      <trkpt lat="45.07873" lon="6.42389">
        <ele>2285.3</ele>
      </trkpt>
      <trkpt lat="45.07877" lon="6.42382">
        <ele>2286.2</ele>
      </trkpt>
      <trkpt lat="45.0788" lon="6.42375">
        <ele>2287.1</ele>
      </trkpt>
      <trkpt lat="45.07882" lon="6.42368">
        <ele>2287.9</ele>
      </trkpt>
      <trkpt lat="45.07882" lon="6.42367">
        <ele>2288.0</ele>
      </trkpt>
      <trkpt lat="45.07884" lon="6.42347">
        <ele>2290.4</ele>
      </trkpt>
      <trkpt lat="45.07885" lon="6.42342">
        <ele>2291.0</ele>
      </trkpt>
      <trkpt lat="45.07886" lon="6.42332">
        <ele>2292.1</ele>
      </trkpt>
      <trkpt lat="45.07889" lon="6.42311">
        <ele>2293.1</ele>
      </trkpt>
      <trkpt lat="45.07891" lon="6.42301">
        <ele>2293.5</ele>
      </trkpt>
      <trkpt lat="45.07893" lon="6.42288">
        <ele>2294.1</ele>
      </trkpt>
      <trkpt lat="45.07898" lon="6.42276">
        <ele>2294.5</ele>
      </trkpt>
      <trkpt lat="45.07905" lon="6.42264">
        <ele>2294.8</ele>
      </trkpt>
      <trkpt lat="45.07916" lon="6.42249">
        <ele>2295.1</ele>
      </trkpt>
      <trkpt lat="45.07928" lon="6.42231">
        <ele>2296.9</ele>
      </trkpt>
      <trkpt lat="45.07952" lon="6.42199">
        <ele>2300.4</ele>
      </trkpt>
      <trkpt lat="45.07961" lon="6.42189">
        <ele>2301.6</ele>
      </trkpt>
      <trkpt lat="45.07964" lon="6.42187">
        <ele>2302.0</ele>
      </trkpt>
      <trkpt lat="45.07967" lon="6.42185">
        <ele>2302.3</ele>
      </trkpt>
      <trkpt lat="45.07971" lon="6.42184">
        <ele>2302.7</ele>
      </trkpt>
      <trkpt lat="45.07976" lon="6.42184">
        <ele>2303.2</ele>
      </trkpt>
      <trkpt lat="45.07981" lon="6.42188">
        <ele>2303.6</ele>
      </trkpt>
      <trkpt lat="45.079859" lon="6.42194">
        <ele>2303.9</ele>
      </trkpt>
      <trkpt lat="45.07991" lon="6.42203">
        <ele>2304.2</ele>
      </trkpt>
      <trkpt lat="45.07994" lon="6.422119">
        <ele>2304.3</ele>
      </trkpt>
      <trkpt lat="45.07994" lon="6.42217">
        <ele>2304.2</ele>
      </trkpt>
      <trkpt lat="45.07994" lon="6.42229">
        <ele>2303.9</ele>
      </trkpt>
      <trkpt lat="45.079949" lon="6.42236">
        <ele>2303.8</ele>
      </trkpt>
      <trkpt lat="45.079949" lon="6.42242">
        <ele>2303.7</ele>
      </trkpt>
      <trkpt lat="45.07996" lon="6.42246">
        <ele>2303.7</ele>
      </trkpt>
      <trkpt lat="45.07999" lon="6.42254">
        <ele>2304.0</ele>
      </trkpt>
      <trkpt lat="45.08002" lon="6.4226">
        <ele>2304.8</ele>
      </trkpt>
      <trkpt lat="45.08005" lon="6.42263">
        <ele>2305.8</ele>
      </trkpt>
      <trkpt lat="45.08015" lon="6.42277">
        <ele>2309.3</ele>
      </trkpt>
      <trkpt lat="45.08021" lon="6.42289">
        <ele>2311.6</ele>
      </trkpt>
      <trkpt lat="45.08025" lon="6.42304">
        <ele>2313.5</ele>
      </trkpt>
      <trkpt lat="45.08026" lon="6.42317">
        <ele>2314.4</ele>
      </trkpt>
      <trkpt lat="45.08025" lon="6.42329">
        <ele>2314.5</ele>
      </trkpt>
      <trkpt lat="45.08023" lon="6.42342">
        <ele>2313.0</ele>
      </trkpt>
      <trkpt lat="45.08016" lon="6.42367">
        <ele>2308.0</ele>
      </trkpt>
      <trkpt lat="45.08015" lon="6.42371">
        <ele>2307.3</ele>
      </trkpt>
      <trkpt lat="45.08015" lon="6.42375">
        <ele>2306.9</ele>
      </trkpt>
      <trkpt lat="45.08015" lon="6.42377">
        <ele>2306.7</ele>
      </trkpt>
      <trkpt lat="45.08016" lon="6.42378">
        <ele>2306.9</ele>
      </trkpt>
      <trkpt lat="45.08016" lon="6.42379">
        <ele>2306.8</ele>
      </trkpt>
      <trkpt lat="45.08016" lon="6.423809">
        <ele>2306.6</ele>
      </trkpt>
      <trkpt lat="45.08017" lon="6.42384">
        <ele>2306.5</ele>
      </trkpt>
      <trkpt lat="45.08018" lon="6.42386">
        <ele>2306.6</ele>
      </trkpt>
      <trkpt lat="45.0802" lon="6.423879">
        <ele>2307.0</ele>
      </trkpt>
      <trkpt lat="45.08021" lon="6.42389">
        <ele>2307.1</ele>
      </trkpt>
      <trkpt lat="45.08022" lon="6.4239">
        <ele>2307.3</ele>
      </trkpt>
      <trkpt lat="45.08024" lon="6.42391">
        <ele>2307.7</ele>
      </trkpt>
      <trkpt lat="45.08025" lon="6.42392">
        <ele>2307.9</ele>
      </trkpt>
      <trkpt lat="45.08027" lon="6.42392">
        <ele>2308.4</ele>
      </trkpt>
      <trkpt lat="45.08028" lon="6.42392">
        <ele>2308.7</ele>
      </trkpt>
      <trkpt lat="45.0803" lon="6.42392">
        <ele>2309.2</ele>
      </trkpt>
      <trkpt lat="45.08031" lon="6.42391">
        <ele>2309.6</ele>
      </trkpt>
      <trkpt lat="45.08032" lon="6.4239">
        <ele>2310.0</ele>
      </trkpt>
      <trkpt lat="45.080329" lon="6.42389">
        <ele>2310.4</ele>
      </trkpt>
      <trkpt lat="45.08034" lon="6.42387">
        <ele>2311.0</ele>
      </trkpt>
      <trkpt lat="45.08035" lon="6.42384">
        <ele>2311.6</ele>
      </trkpt>
      <trkpt lat="45.08036" lon="6.42382">
        <ele>2312.2</ele>
      </trkpt>
      <trkpt lat="45.08037" lon="6.42378">
        <ele>2313.0</ele>
      </trkpt>
      <trkpt lat="45.08038" lon="6.42375">
        <ele>2313.7</ele>
      </trkpt>
      <trkpt lat="45.08038" lon="6.42372">
        <ele>2314.1</ele>
      </trkpt>
      <trkpt lat="45.08039" lon="6.42358">
        <ele>2316.3</ele>
      </trkpt>
      <trkpt lat="45.08041" lon="6.42347">
        <ele>2318.4</ele>
      </trkpt>
      <trkpt lat="45.080419" lon="6.42338">
        <ele>2320.0</ele>
      </trkpt>
      <trkpt lat="45.08046" lon="6.42323">
        <ele>2321.4</ele>
      </trkpt>
      <trkpt lat="45.08052" lon="6.42294">
        <ele>2321.7</ele>
      </trkpt>
      <trkpt lat="45.08062" lon="6.42255">
        <ele>2322.2</ele>
      </trkpt>
      <trkpt lat="45.0807" lon="6.42233">
        <ele>2323.7</ele>
      </trkpt>
      <trkpt lat="45.08075" lon="6.42223">
        <ele>2324.8</ele>
      </trkpt>
      <trkpt lat="45.08081" lon="6.42207">
        <ele>2325.9</ele>
      </trkpt>
      <trkpt lat="45.08081" lon="6.42206">
        <ele>2325.8</ele>
      </trkpt>
      <trkpt lat="45.08085" lon="6.42195">
        <ele>2326.6</ele>
      </trkpt>
      <trkpt lat="45.08088" lon="6.42184">
        <ele>2327.1</ele>
      </trkpt>
      <trkpt lat="45.08088" lon="6.42183">
        <ele>2327.0</ele>
      </trkpt>
      <trkpt lat="45.08094" lon="6.42156">
        <ele>2328.4</ele>
      </trkpt>
      <trkpt lat="45.08095" lon="6.42147">
        <ele>2328.9</ele>
      </trkpt>
      <trkpt lat="45.08097" lon="6.42136">
        <ele>2329.7</ele>
      </trkpt>
      <trkpt lat="45.08097" lon="6.42134">
        <ele>2329.8</ele>
      </trkpt>
      <trkpt lat="45.08099" lon="6.42122">
        <ele>2330.6</ele>
      </trkpt>
      <trkpt lat="45.08102" lon="6.4211">
        <ele>2331.7</ele>
      </trkpt>
      <trkpt lat="45.08102" lon="6.42109">
        <ele>2331.7</ele>
      </trkpt>
      <trkpt lat="45.08105" lon="6.42095">
        <ele>2332.8</ele>
      </trkpt>
      <trkpt lat="45.08106" lon="6.42082">
        <ele>2333.3</ele>
      </trkpt>
      <trkpt lat="45.081069" lon="6.42074">
        <ele>2334.2</ele>
      </trkpt>
      <trkpt lat="45.081069" lon="6.42064">
        <ele>2334.8</ele>
      </trkpt>
      <trkpt lat="45.08105" lon="6.42058">
        <ele>2334.7</ele>
      </trkpt>
      <trkpt lat="45.08103" lon="6.42042">
        <ele>2335.1</ele>
      </trkpt>
      <trkpt lat="45.08099" lon="6.4202">
        <ele>2335.4</ele>
      </trkpt>
      <trkpt lat="45.08099" lon="6.42017">
        <ele>2335.6</ele>
      </trkpt>
      <trkpt lat="45.08095" lon="6.41995">
        <ele>2336.0</ele>
      </trkpt>
      <trkpt lat="45.08092" lon="6.41976">
        <ele>2337.0</ele>
      </trkpt>
      <trkpt lat="45.08091" lon="6.41971">
        <ele>2337.1</ele>
      </trkpt>
      <trkpt lat="45.08086" lon="6.4195">
        <ele>2337.6</ele>
      </trkpt>
      <trkpt lat="45.08083" lon="6.41923">
        <ele>2339.3</ele>
      </trkpt>
      <trkpt lat="45.08083" lon="6.41921">
        <ele>2339.5</ele>
      </trkpt>
      <trkpt lat="45.08081" lon="6.41843">
        <ele>2345.5</ele>
      </trkpt>
      <trkpt lat="45.08077" lon="6.41762">
        <ele>2353.0</ele>
      </trkpt>
      <trkpt lat="45.08076" lon="6.41751">
        <ele>2354.0</ele>
      </trkpt>
      <trkpt lat="45.08075" lon="6.41743">
        <ele>2355.1</ele>
      </trkpt>
      <trkpt lat="45.08074" lon="6.41739">
        <ele>2355.6</ele>
      </trkpt>
      <trkpt lat="45.08071" lon="6.41726">
        <ele>2357.2</ele>
      </trkpt>
      <trkpt lat="45.08065" lon="6.41713">
        <ele>2358.1</ele>
      </trkpt>
      <trkpt lat="45.08055" lon="6.41693">
        <ele>2359.5</ele>
      </trkpt>
      <trkpt lat="45.08047" lon="6.4168">
        <ele>2360.1</ele>
      </trkpt>
      <trkpt lat="45.08038" lon="6.41669">
        <ele>2360.2</ele>
      </trkpt>
      <trkpt lat="45.08022" lon="6.41657">
        <ele>2359.6</ele>
      </trkpt>
      <trkpt lat="45.080039" lon="6.41645">
        <ele>2358.6</ele>
      </trkpt>
      <trkpt lat="45.07983" lon="6.41632">
        <ele>2358.4</ele>
      </trkpt>
      <trkpt lat="45.0798" lon="6.4163">
        <ele>2358.4</ele>
      </trkpt>
      <trkpt lat="45.07968" lon="6.41623">
        <ele>2358.1</ele>
      </trkpt>
      <trkpt lat="45.07965" lon="6.4162">
        <ele>2358.3</ele>
      </trkpt>
      <trkpt lat="45.0796" lon="6.41616">
        <ele>2358.3</ele>
      </trkpt>
      <trkpt lat="45.079569" lon="6.41612">
        <ele>2358.7</ele>
      </trkpt>
      <trkpt lat="45.07954" lon="6.41606">
        <ele>2359.5</ele>
      </trkpt>
      <trkpt lat="45.079479" lon="6.415949">
        <ele>2360.8</ele>
      </trkpt>
      <trkpt lat="45.07936" lon="6.41572">
        <ele>2363.1</ele>
      </trkpt>
      <trkpt lat="45.07928" lon="6.41556">
        <ele>2364.5</ele>
      </trkpt>
      <trkpt lat="45.07924" lon="6.41546">
        <ele>2365.4</ele>
      </trkpt>
      <trkpt lat="45.07923" lon="6.41542">
        <ele>2365.9</ele>
      </trkpt>
      <trkpt lat="45.07922" lon="6.41537">
        <ele>2366.6</ele>
      </trkpt>
      <trkpt lat="45.0792" lon="6.41525">
        <ele>2368.3</ele>
      </trkpt>
      <trkpt lat="45.079189" lon="6.4151">
        <ele>2370.8</ele>
      </trkpt>
      <trkpt lat="45.07916" lon="6.41495">
        <ele>2372.9</ele>
      </trkpt>
      <trkpt lat="45.07913" lon="6.41481">
        <ele>2375.4</ele>
      </trkpt>
      <trkpt lat="45.07907" lon="6.41465">
        <ele>2377.8</ele>
      </trkpt>
      <trkpt lat="45.079009" lon="6.41455">
        <ele>2378.9</ele>
      </trkpt>
      <trkpt lat="45.07897" lon="6.41449">
        <ele>2379.5</ele>
      </trkpt>
      <trkpt lat="45.0789" lon="6.41436">
        <ele>2381.0</ele>
      </trkpt>
      <trkpt lat="45.07886" lon="6.41429">
        <ele>2381.8</ele>
      </trkpt>
      <trkpt lat="45.07885" lon="6.41426">
        <ele>2382.2</ele>
      </trkpt>
      <trkpt lat="45.0788" lon="6.414189">
        <ele>2382.8</ele>
      </trkpt>
      <trkpt lat="45.07875" lon="6.41413">
        <ele>2383.4</ele>
      </trkpt>
      <trkpt lat="45.07873" lon="6.41411">
        <ele>2383.6</ele>
      </trkpt>
      <trkpt lat="45.07868" lon="6.41407">
        <ele>2383.8</ele>
      </trkpt>
      <trkpt lat="45.07855" lon="6.41394">
        <ele>2385.0</ele>
      </trkpt>
      <trkpt lat="45.07796" lon="6.41346">
        <ele>2387.7</ele>
      </trkpt>
      <trkpt lat="45.07781" lon="6.41333">
        <ele>2387.9</ele>
      </trkpt>
      <trkpt lat="45.07764" lon="6.41318">
        <ele>2388.6</ele>
      </trkpt>
      <trkpt lat="45.07759" lon="6.41314">
        <ele>2388.6</ele>
      </trkpt>
      <trkpt lat="45.077509" lon="6.41305">
        <ele>2389.3</ele>
      </trkpt>
      <trkpt lat="45.07748" lon="6.41301">
        <ele>2389.8</ele>
      </trkpt>
      <trkpt lat="45.07741" lon="6.41293">
        <ele>2391.1</ele>
      </trkpt>
      <trkpt lat="45.07734" lon="6.41284">
        <ele>2392.5</ele>
      </trkpt>
      <trkpt lat="45.07719" lon="6.41268">
        <ele>2394.9</ele>
      </trkpt>
      <trkpt lat="45.07708" lon="6.41257">
        <ele>2396.5</ele>
      </trkpt>
      <trkpt lat="45.0768" lon="6.41231">
        <ele>2398.1</ele>
      </trkpt>
      <trkpt lat="45.0766" lon="6.41214">
        <ele>2399.5</ele>
      </trkpt>
      <trkpt lat="45.07658" lon="6.41213">
        <ele>2399.7</ele>
      </trkpt>
      <trkpt lat="45.07643" lon="6.41202">
        <ele>2401.2</ele>
      </trkpt>
      <trkpt lat="45.07633" lon="6.41194">
        <ele>2402.2</ele>
      </trkpt>
      <trkpt lat="45.07629" lon="6.41191">
        <ele>2402.6</ele>
      </trkpt>
      <trkpt lat="45.07622" lon="6.41188">
        <ele>2403.0</ele>
      </trkpt>
      <trkpt lat="45.07617" lon="6.41187">
        <ele>2403.1</ele>
      </trkpt>
      <trkpt lat="45.076099" lon="6.41188">
        <ele>2403.1</ele>
      </trkpt>
      <trkpt lat="45.07606" lon="6.41191">
        <ele>2402.9</ele>
      </trkpt>
      <trkpt lat="45.076009" lon="6.41197">
        <ele>2402.5</ele>
      </trkpt>
      <trkpt lat="45.07596" lon="6.41212">
        <ele>2401.4</ele>
      </trkpt>
      <trkpt lat="45.07595" lon="6.412219">
        <ele>2400.6</ele>
      </trkpt>
      <trkpt lat="45.07595" lon="6.41231">
        <ele>2399.9</ele>
      </trkpt>
      <trkpt lat="45.07595" lon="6.41239">
        <ele>2399.3</ele>
      </trkpt>
      <trkpt lat="45.07593" lon="6.41246">
        <ele>2398.8</ele>
      </trkpt>
      <trkpt lat="45.0759" lon="6.41256">
        <ele>2398.4</ele>
      </trkpt>
      <trkpt lat="45.0759" lon="6.41256">
        <ele>2398.4</ele>
      </trkpt>
      <trkpt lat="45.0759" lon="6.41256">
        <ele>2398.4</ele>
      </trkpt>
      <trkpt lat="45.07588" lon="6.41258">
        <ele>2398.5</ele>
      </trkpt>
      <trkpt lat="45.07583" lon="6.41264">
        <ele>2398.8</ele>
      </trkpt>
      <trkpt lat="45.07562" lon="6.4128">
        <ele>2403.5</ele>
      </trkpt>
      <trkpt lat="45.07537" lon="6.41301">
        <ele>2408.2</ele>
      </trkpt>
      <trkpt lat="45.07512" lon="6.41319">
        <ele>2412.1</ele>
      </trkpt>
      <trkpt lat="45.07504" lon="6.41323">
        <ele>2413.3</ele>
      </trkpt>
      <trkpt lat="45.07493" lon="6.41327">
        <ele>2414.5</ele>
      </trkpt>
      <trkpt lat="45.07486" lon="6.41328">
        <ele>2415.2</ele>
      </trkpt>
      <trkpt lat="45.07465" lon="6.41332">
        <ele>2417.3</ele>
      </trkpt>
      <trkpt lat="45.07447" lon="6.41334">
        <ele>2419.3</ele>
      </trkpt>
      <trkpt lat="45.07432" lon="6.41336">
        <ele>2420.7</ele>
      </trkpt>
      <trkpt lat="45.07423" lon="6.41336">
        <ele>2421.8</ele>
      </trkpt>
      <trkpt lat="45.074219" lon="6.41336">
        <ele>2421.9</ele>
      </trkpt>
      <trkpt lat="45.07419" lon="6.41336">
        <ele>2422.2</ele>
      </trkpt>
      <trkpt lat="45.07414" lon="6.41334">
        <ele>2423.0</ele>
      </trkpt>
      <trkpt lat="45.07409" lon="6.413299">
        <ele>2423.6</ele>
      </trkpt>
      <trkpt lat="45.07406" lon="6.41327">
        <ele>2424.0</ele>
      </trkpt>
      <trkpt lat="45.07402" lon="6.41321">
        <ele>2424.5</ele>
      </trkpt>
      <trkpt lat="45.07398" lon="6.41314">
        <ele>2425.2</ele>
      </trkpt>
      <trkpt lat="45.07391" lon="6.41299">
        <ele>2426.4</ele>
      </trkpt>
      <trkpt lat="45.07385" lon="6.412899">
        <ele>2427.4</ele>
      </trkpt>
      <trkpt lat="45.07378" lon="6.412829">
        <ele>2428.3</ele>
      </trkpt>
      <trkpt lat="45.0737" lon="6.41279">
        <ele>2429.1</ele>
      </trkpt>
      <trkpt lat="45.07367" lon="6.41278">
        <ele>2429.4</ele>
      </trkpt>
      <trkpt lat="45.07365" lon="6.41277">
        <ele>2429.6</ele>
      </trkpt>
      <trkpt lat="45.07359" lon="6.41277">
        <ele>2430.1</ele>
      </trkpt>
      <trkpt lat="45.07352" lon="6.41278">
        <ele>2430.6</ele>
      </trkpt>
      <trkpt lat="45.07343" lon="6.4128">
        <ele>2431.1</ele>
      </trkpt>
      <trkpt lat="45.07332" lon="6.412829">
        <ele>2431.8</ele>
      </trkpt>
      <trkpt lat="45.07322" lon="6.41285">
        <ele>2432.9</ele>
      </trkpt>
      <trkpt lat="45.07306" lon="6.41285">
        <ele>2434.8</ele>
      </trkpt>
      <trkpt lat="45.07296" lon="6.41286">
        <ele>2436.0</ele>
      </trkpt>
      <trkpt lat="45.07287" lon="6.41286">
        <ele>2437.1</ele>
      </trkpt>
      <trkpt lat="45.07278" lon="6.41289">
        <ele>2438.1</ele>
      </trkpt>
      <trkpt lat="45.07276" lon="6.41289">
        <ele>2438.3</ele>
      </trkpt>
      <trkpt lat="45.07261" lon="6.41294">
        <ele>2440.0</ele>
      </trkpt>
      <trkpt lat="45.07252" lon="6.412969">
        <ele>2441.1</ele>
      </trkpt>
      <trkpt lat="45.07243" lon="6.41299">
        <ele>2441.8</ele>
      </trkpt>
      <trkpt lat="45.07235" lon="6.41301">
        <ele>2442.4</ele>
      </trkpt>
      <trkpt lat="45.07229" lon="6.41302">
        <ele>2442.9</ele>
      </trkpt>
      <trkpt lat="45.07226" lon="6.41302">
        <ele>2443.1</ele>
      </trkpt>
      <trkpt lat="45.07222" lon="6.41301">
        <ele>2443.5</ele>
      </trkpt>
      <trkpt lat="45.07219" lon="6.41299">
        <ele>2443.9</ele>
      </trkpt>
      <trkpt lat="45.07215" lon="6.41296">
        <ele>2444.4</ele>
      </trkpt>
      <trkpt lat="45.07211" lon="6.41288">
        <ele>2445.2</ele>
      </trkpt>
      <trkpt lat="45.07209" lon="6.41281">
        <ele>2445.9</ele>
      </trkpt>
      <trkpt lat="45.072069" lon="6.41274">
        <ele>2446.6</ele>
      </trkpt>
      <trkpt lat="45.072069" lon="6.4127">
        <ele>2446.8</ele>
      </trkpt>
      <trkpt lat="45.072069" lon="6.41263">
        <ele>2447.3</ele>
      </trkpt>
      <trkpt lat="45.072069" lon="6.41254">
        <ele>2447.9</ele>
      </trkpt>
      <trkpt lat="45.07208" lon="6.41244">
        <ele>2448.1</ele>
      </trkpt>
      <trkpt lat="45.0721" lon="6.41227">
        <ele>2448.0</ele>
      </trkpt>
      <trkpt lat="45.07213" lon="6.4121">
        <ele>2447.8</ele>
      </trkpt>
      <trkpt lat="45.07213" lon="6.41204">
        <ele>2447.8</ele>
      </trkpt>
      <trkpt lat="45.07214" lon="6.412">
        <ele>2447.7</ele>
      </trkpt>
      <trkpt lat="45.07214" lon="6.41194">
        <ele>2447.7</ele>
      </trkpt>
      <trkpt lat="45.07213" lon="6.41188">
        <ele>2447.9</ele>
      </trkpt>
      <trkpt lat="45.07212" lon="6.41184">
        <ele>2448.1</ele>
      </trkpt>
      <trkpt lat="45.0721" lon="6.4118">
        <ele>2448.5</ele>
      </trkpt>
      <trkpt lat="45.0721" lon="6.41179">
        <ele>2448.5</ele>
      </trkpt>
      <trkpt lat="45.072069" lon="6.411749">
        <ele>2449.1</ele>
      </trkpt>
      <trkpt lat="45.07204" lon="6.41171">
        <ele>2449.8</ele>
      </trkpt>
      <trkpt lat="45.07198" lon="6.41166">
        <ele>2450.9</ele>
      </trkpt>
      <trkpt lat="45.07196" lon="6.41165">
        <ele>2451.0</ele>
      </trkpt>
      <trkpt lat="45.07191" lon="6.41162">
        <ele>2451.4</ele>
      </trkpt>
      <trkpt lat="45.07184" lon="6.41159">
        <ele>2452.3</ele>
      </trkpt>
      <trkpt lat="45.071689" lon="6.41157">
        <ele>2454.9</ele>
      </trkpt>
      <trkpt lat="45.07161" lon="6.41156">
        <ele>2455.6</ele>
      </trkpt>
      <trkpt lat="45.07157" lon="6.41156">
        <ele>2455.8</ele>
      </trkpt>
      <trkpt lat="45.07143" lon="6.411539">
        <ele>2456.4</ele>
      </trkpt>
      <trkpt lat="45.07133" lon="6.41153">
        <ele>2456.9</ele>
      </trkpt>
      <trkpt lat="45.07125" lon="6.41152">
        <ele>2457.3</ele>
      </trkpt>
      <trkpt lat="45.07114" lon="6.41151">
        <ele>2457.9</ele>
      </trkpt>
      <trkpt lat="45.07107" lon="6.4115">
        <ele>2458.1</ele>
      </trkpt>
      <trkpt lat="45.07106" lon="6.4115">
        <ele>2458.1</ele>
      </trkpt>
      <trkpt lat="45.071" lon="6.41148">
        <ele>2458.4</ele>
      </trkpt>
      <trkpt lat="45.07093" lon="6.41143">
        <ele>2458.6</ele>
      </trkpt>
      <trkpt lat="45.07085" lon="6.41137">
        <ele>2459.0</ele>
      </trkpt>
      <trkpt lat="45.07069" lon="6.41126">
        <ele>2459.6</ele>
      </trkpt>
      <trkpt lat="45.07065" lon="6.41123">
        <ele>2459.8</ele>
      </trkpt>
      <trkpt lat="45.07053" lon="6.41115">
        <ele>2460.2</ele>
      </trkpt>
      <trkpt lat="45.07043" lon="6.41108">
        <ele>2460.7</ele>
      </trkpt>
      <trkpt lat="45.070369" lon="6.41104">
        <ele>2461.5</ele>
      </trkpt>
      <trkpt lat="45.070279" lon="6.41097">
        <ele>2463.0</ele>
      </trkpt>
      <trkpt lat="45.07021" lon="6.410929">
        <ele>2464.4</ele>
      </trkpt>
      <trkpt lat="45.07016" lon="6.41091">
        <ele>2465.4</ele>
      </trkpt>
      <trkpt lat="45.07003" lon="6.41089">
        <ele>2468.1</ele>
      </trkpt>
      <trkpt lat="45.06985" lon="6.410859">
        <ele>2468.6</ele>
      </trkpt>
      <trkpt lat="45.06983" lon="6.410859">
        <ele>2468.6</ele>
      </trkpt>
      <trkpt lat="45.06967" lon="6.41082">
        <ele>2468.5</ele>
      </trkpt>
      <trkpt lat="45.0695" lon="6.41074">
        <ele>2468.3</ele>
      </trkpt>
      <trkpt lat="45.06944" lon="6.41072">
        <ele>2468.4</ele>
      </trkpt>
      <trkpt lat="45.06932" lon="6.41063">
        <ele>2469.1</ele>
      </trkpt>
      <trkpt lat="45.069249" lon="6.41058">
        <ele>2469.9</ele>
      </trkpt>
      <trkpt lat="45.0692" lon="6.4105">
        <ele>2470.9</ele>
      </trkpt>
      <trkpt lat="45.0692" lon="6.41049">
        <ele>2471.0</ele>
      </trkpt>
      <trkpt lat="45.06918" lon="6.41042">
        <ele>2471.8</ele>
      </trkpt>
      <trkpt lat="45.06918" lon="6.41037">
        <ele>2472.3</ele>
      </trkpt>
      <trkpt lat="45.06919" lon="6.41027">
        <ele>2473.0</ele>
      </trkpt>
      <trkpt lat="45.0692" lon="6.41024">
        <ele>2473.1</ele>
      </trkpt>
      <trkpt lat="45.06921" lon="6.41018">
        <ele>2473.4</ele>
      </trkpt>
      <trkpt lat="45.06926" lon="6.41005">
        <ele>2473.3</ele>
      </trkpt>
      <trkpt lat="45.06926" lon="6.41">
        <ele>2473.6</ele>
      </trkpt>
      <trkpt lat="45.06927" lon="6.40996">
        <ele>2473.5</ele>
      </trkpt>
      <trkpt lat="45.06926" lon="6.40989">
        <ele>2474.0</ele>
      </trkpt>
      <trkpt lat="45.06924" lon="6.40983">
        <ele>2474.7</ele>
      </trkpt>
      <trkpt lat="45.06921" lon="6.40979">
        <ele>2475.7</ele>
      </trkpt>
      <trkpt lat="45.06917" lon="6.40977">
        <ele>2477.0</ele>
      </trkpt>
      <trkpt lat="45.0691" lon="6.409779">
        <ele>2478.4</ele>
      </trkpt>
      <trkpt lat="45.06904" lon="6.409849">
        <ele>2479.2</ele>
      </trkpt>
      <trkpt lat="45.06903" lon="6.409849">
        <ele>2479.4</ele>
      </trkpt>
      <trkpt lat="45.06894" lon="6.40993">
        <ele>2480.6</ele>
      </trkpt>
      <trkpt lat="45.06886" lon="6.40997">
        <ele>2481.7</ele>
      </trkpt>
      <trkpt lat="45.06875" lon="6.40998">
        <ele>2483.7</ele>
      </trkpt>
      <trkpt lat="45.06863" lon="6.41001">
        <ele>2485.6</ele>
      </trkpt>
      <trkpt lat="45.06852" lon="6.41004">
        <ele>2487.4</ele>
      </trkpt>
      <trkpt lat="45.06843" lon="6.4101">
        <ele>2488.8</ele>
      </trkpt>
      <trkpt lat="45.06836" lon="6.41019">
        <ele>2489.8</ele>
      </trkpt>
      <trkpt lat="45.06828" lon="6.41027">
        <ele>2492.3</ele>
      </trkpt>
      <trkpt lat="45.06825" lon="6.41035">
        <ele>2493.3</ele>
      </trkpt>
      <trkpt lat="45.06823" lon="6.410389">
        <ele>2494.0</ele>
      </trkpt>
      <trkpt lat="45.0682" lon="6.41051">
        <ele>2495.0</ele>
      </trkpt>
      <trkpt lat="45.06819" lon="6.41058">
        <ele>2495.3</ele>
      </trkpt>
      <trkpt lat="45.06819" lon="6.41059">
        <ele>2495.3</ele>
      </trkpt>
      <trkpt lat="45.06819" lon="6.41068">
        <ele>2495.1</ele>
      </trkpt>
      <trkpt lat="45.06819" lon="6.41075">
        <ele>2494.9</ele>
      </trkpt>
      <trkpt lat="45.06819" lon="6.41083">
        <ele>2494.7</ele>
      </trkpt>
      <trkpt lat="45.06819" lon="6.41084">
        <ele>2494.7</ele>
      </trkpt>
      <trkpt lat="45.06817" lon="6.41089">
        <ele>2495.7</ele>
      </trkpt>
      <trkpt lat="45.06817" lon="6.4109">
        <ele>2495.7</ele>
      </trkpt>
      <trkpt lat="45.068129" lon="6.41092">
        <ele>2497.6</ele>
      </trkpt>
      <trkpt lat="45.06805" lon="6.41092">
        <ele>2501.4</ele>
      </trkpt>
      <trkpt lat="45.06804" lon="6.41091">
        <ele>2501.9</ele>
      </trkpt>
      <trkpt lat="45.068" lon="6.41089">
        <ele>2503.7</ele>
      </trkpt>
      <trkpt lat="45.06797" lon="6.41084">
        <ele>2505.0</ele>
      </trkpt>
      <trkpt lat="45.06796" lon="6.41078">
        <ele>2505.5</ele>
      </trkpt>
      <trkpt lat="45.06796" lon="6.41077">
        <ele>2505.5</ele>
      </trkpt>
      <trkpt lat="45.06796" lon="6.41074">
        <ele>2505.5</ele>
      </trkpt>
      <trkpt lat="45.06798" lon="6.41065">
        <ele>2504.6</ele>
      </trkpt>
      <trkpt lat="45.06799" lon="6.41051">
        <ele>2504.3</ele>
      </trkpt>
      <trkpt lat="45.068" lon="6.41045">
        <ele>2503.9</ele>
      </trkpt>
      <trkpt lat="45.06801" lon="6.41026">
        <ele>2503.6</ele>
      </trkpt>
      <trkpt lat="45.06803" lon="6.41001">
        <ele>2503.0</ele>
      </trkpt>
      <trkpt lat="45.06803" lon="6.40975">
        <ele>2505.2</ele>
      </trkpt>
      <trkpt lat="45.06803" lon="6.40969">
        <ele>2505.8</ele>
      </trkpt>
      <trkpt lat="45.06803" lon="6.4096">
        <ele>2506.6</ele>
      </trkpt>
      <trkpt lat="45.06806" lon="6.40948">
        <ele>2506.6</ele>
      </trkpt>
      <trkpt lat="45.06807" lon="6.40945">
        <ele>2506.6</ele>
      </trkpt>
      <trkpt lat="45.0681" lon="6.40941">
        <ele>2505.9</ele>
      </trkpt>
      <trkpt lat="45.068129" lon="6.40936">
        <ele>2505.4</ele>
      </trkpt>
      <trkpt lat="45.06817" lon="6.40932">
        <ele>2504.5</ele>
      </trkpt>
      <trkpt lat="45.06821" lon="6.4093">
        <ele>2503.4</ele>
      </trkpt>
      <trkpt lat="45.068219" lon="6.4093">
        <ele>2503.1</ele>
      </trkpt>
      <trkpt lat="45.06829" lon="6.40929">
        <ele>2500.9</ele>
      </trkpt>
      <trkpt lat="45.06834" lon="6.40929">
        <ele>2499.4</ele>
      </trkpt>
      <trkpt lat="45.06841" lon="6.40927">
        <ele>2497.9</ele>
      </trkpt>
      <trkpt lat="45.06846" lon="6.409239">
        <ele>2497.0</ele>
      </trkpt>
      <trkpt lat="45.06851" lon="6.40919">
        <ele>2496.3</ele>
      </trkpt>
      <trkpt lat="45.06854" lon="6.40914">
        <ele>2495.6</ele>
      </trkpt>
      <trkpt lat="45.06854" lon="6.40913">
        <ele>2495.6</ele>
      </trkpt>
      <trkpt lat="45.06856" lon="6.40905">
        <ele>2494.5</ele>
      </trkpt>
      <trkpt lat="45.06857" lon="6.40897">
        <ele>2493.6</ele>
      </trkpt>
      <trkpt lat="45.06856" lon="6.40889">
        <ele>2493.4</ele>
      </trkpt>
      <trkpt lat="45.06853" lon="6.40881">
        <ele>2493.8</ele>
      </trkpt>
      <trkpt lat="45.06849" lon="6.40874">
        <ele>2494.7</ele>
      </trkpt>
      <trkpt lat="45.06844" lon="6.408699">
        <ele>2496.2</ele>
      </trkpt>
      <trkpt lat="45.06843" lon="6.40869">
        <ele>2496.5</ele>
      </trkpt>
      <trkpt lat="45.06836" lon="6.40866">
        <ele>2498.8</ele>
      </trkpt>
      <trkpt lat="45.06827" lon="6.40866">
        <ele>2501.8</ele>
      </trkpt>
      <trkpt lat="45.06816" lon="6.408699">
        <ele>2505.4</ele>
      </trkpt>
      <trkpt lat="45.0681" lon="6.40872">
        <ele>2507.4</ele>
      </trkpt>
      <trkpt lat="45.06792" lon="6.40878">
        <ele>2513.2</ele>
      </trkpt>
      <trkpt lat="45.0679" lon="6.40879">
        <ele>2513.9</ele>
      </trkpt>
      <trkpt lat="45.067749" lon="6.40888">
        <ele>2518.8</ele>
      </trkpt>
      <trkpt lat="45.06774" lon="6.40889">
        <ele>2519.1</ele>
      </trkpt>
      <trkpt lat="45.06761" lon="6.40897">
        <ele>2523.3</ele>
      </trkpt>
      <trkpt lat="45.06759" lon="6.40899">
        <ele>2524.0</ele>
      </trkpt>
      <trkpt lat="45.06755" lon="6.40902">
        <ele>2525.3</ele>
      </trkpt>
      <trkpt lat="45.06751" lon="6.40912">
        <ele>2526.6</ele>
      </trkpt>
      <trkpt lat="45.06747" lon="6.40925">
        <ele>2527.6</ele>
      </trkpt>
      <trkpt lat="45.06744" lon="6.40939">
        <ele>2528.1</ele>
      </trkpt>
      <trkpt lat="45.06743" lon="6.40943">
        <ele>2528.3</ele>
      </trkpt>
      <trkpt lat="45.06741" lon="6.40952">
        <ele>2528.7</ele>
      </trkpt>
      <trkpt lat="45.06736" lon="6.40982">
        <ele>2529.9</ele>
      </trkpt>
      <trkpt lat="45.06734" lon="6.409919">
        <ele>2530.5</ele>
      </trkpt>
      <trkpt lat="45.06733" lon="6.40997">
        <ele>2530.8</ele>
      </trkpt>
      <trkpt lat="45.06731" lon="6.41016">
        <ele>2532.5</ele>
      </trkpt>
      <trkpt lat="45.06729" lon="6.41033">
        <ele>2534.5</ele>
      </trkpt>
      <trkpt lat="45.0673" lon="6.41042">
        <ele>2534.6</ele>
      </trkpt>
      <trkpt lat="45.0673" lon="6.41044">
        <ele>2534.8</ele>
      </trkpt>
      <trkpt lat="45.0673" lon="6.410529">
        <ele>2535.4</ele>
      </trkpt>
      <trkpt lat="45.067279" lon="6.41064">
        <ele>2537.0</ele>
      </trkpt>
      <trkpt lat="45.06726" lon="6.4107">
        <ele>2538.4</ele>
      </trkpt>
      <trkpt lat="45.06723" lon="6.41074">
        <ele>2540.2</ele>
      </trkpt>
      <trkpt lat="45.0672" lon="6.41076">
        <ele>2541.9</ele>
      </trkpt>
      <trkpt lat="45.06714" lon="6.41075">
        <ele>2544.8</ele>
      </trkpt>
      <trkpt lat="45.06711" lon="6.41072">
        <ele>2546.1</ele>
      </trkpt>
      <trkpt lat="45.06707" lon="6.41068">
        <ele>2547.7</ele>
      </trkpt>
      <trkpt lat="45.06705" lon="6.41058">
        <ele>2547.7</ele>
      </trkpt>
      <trkpt lat="45.06703" lon="6.41041">
        <ele>2546.9</ele>
      </trkpt>
      <trkpt lat="45.06702" lon="6.4103">
        <ele>2546.2</ele>
      </trkpt>
      <trkpt lat="45.06702" lon="6.41028">
        <ele>2546.0</ele>
      </trkpt>
      <trkpt lat="45.067" lon="6.41013">
        <ele>2545.2</ele>
      </trkpt>
      <trkpt lat="45.06696" lon="6.409919">
        <ele>2545.1</ele>
      </trkpt>
      <trkpt lat="45.06693" lon="6.40974">
        <ele>2545.6</ele>
      </trkpt>
      <trkpt lat="45.06692" lon="6.40956">
        <ele>2545.2</ele>
      </trkpt>
      <trkpt lat="45.06691" lon="6.4094">
        <ele>2544.9</ele>
      </trkpt>
      <trkpt lat="45.06691" lon="6.4093">
        <ele>2544.5</ele>
      </trkpt>
      <trkpt lat="45.066899" lon="6.40927">
        <ele>2544.7</ele>
      </trkpt>
      <trkpt lat="45.06689" lon="6.40916">
        <ele>2544.5</ele>
      </trkpt>
      <trkpt lat="45.06686" lon="6.40906">
        <ele>2544.9</ele>
      </trkpt>
      <trkpt lat="45.06686" lon="6.40906">
        <ele>2544.9</ele>
      </trkpt>
      <trkpt lat="45.06678" lon="6.409099">
        <ele>2547.4</ele>
      </trkpt>
      <trkpt lat="45.06674" lon="6.40916">
        <ele>2548.9</ele>
      </trkpt>
      <trkpt lat="45.0667" lon="6.40919">
        <ele>2550.2</ele>
      </trkpt>
      <trkpt lat="45.06666" lon="6.409239">
        <ele>2551.7</ele>
      </trkpt>
      <trkpt lat="45.0666" lon="6.40938">
        <ele>2554.5</ele>
      </trkpt>
      <trkpt lat="45.06659" lon="6.40939">
        <ele>2554.9</ele>
      </trkpt>
      <trkpt lat="45.06654" lon="6.40946">
        <ele>2557.0</ele>
      </trkpt>
      <trkpt lat="45.0665" lon="6.40952">
        <ele>2558.8</ele>
      </trkpt>
      <trkpt lat="45.06645" lon="6.40954">
        <ele>2560.6</ele>
      </trkpt>
      <trkpt lat="45.06644" lon="6.40955">
        <ele>2561.0</ele>
      </trkpt>
      <trkpt lat="45.06637" lon="6.40954">
        <ele>2563.1</ele>
      </trkpt>
      <trkpt lat="45.06629" lon="6.4095">
        <ele>2565.2</ele>
      </trkpt>
      <trkpt lat="45.06628" lon="6.40949">
        <ele>2565.3</ele>
      </trkpt>
      <trkpt lat="45.06624" lon="6.40942">
        <ele>2565.6</ele>
      </trkpt>
      <trkpt lat="45.06619" lon="6.40932">
        <ele>2565.7</ele>
      </trkpt>
      <trkpt lat="45.06615" lon="6.4092">
        <ele>2565.1</ele>
      </trkpt>
      <trkpt lat="45.06612" lon="6.40913">
        <ele>2565.3</ele>
      </trkpt>
      <trkpt lat="45.06608" lon="6.40909">
        <ele>2566.2</ele>
      </trkpt>
      <trkpt lat="45.06605" lon="6.40907">
        <ele>2566.9</ele>
      </trkpt>
      <trkpt lat="45.06604" lon="6.40907">
        <ele>2567.1</ele>
      </trkpt>
      <trkpt lat="45.06601" lon="6.40908">
        <ele>2568.0</ele>
      </trkpt>
      <trkpt lat="45.06597" lon="6.40912">
        <ele>2569.2</ele>
      </trkpt>
      <trkpt lat="45.06595" lon="6.40914">
        <ele>2569.8</ele>
      </trkpt>
      <trkpt lat="45.06595" lon="6.40915">
        <ele>2569.9</ele>
      </trkpt>
      <trkpt lat="45.06594" lon="6.40919">
        <ele>2570.6</ele>
      </trkpt>
      <trkpt lat="45.06594" lon="6.409239">
        <ele>2571.5</ele>
      </trkpt>
      <trkpt lat="45.06594" lon="6.40927">
        <ele>2572.0</ele>
      </trkpt>
      <trkpt lat="45.06594" lon="6.40933">
        <ele>2573.1</ele>
      </trkpt>
      <trkpt lat="45.06597" lon="6.40946">
        <ele>2574.4</ele>
      </trkpt>
      <trkpt lat="45.06599" lon="6.40952">
        <ele>2574.9</ele>
      </trkpt>
      <trkpt lat="45.06601" lon="6.40961">
        <ele>2575.7</ele>
      </trkpt>
      <trkpt lat="45.06607" lon="6.40973">
        <ele>2575.6</ele>
      </trkpt>
      <trkpt lat="45.06607" lon="6.40974">
        <ele>2575.8</ele>
      </trkpt>
      <trkpt lat="45.06615" lon="6.40993">
        <ele>2575.8</ele>
      </trkpt>
      <trkpt lat="45.06615" lon="6.40994">
        <ele>2576.0</ele>
      </trkpt>
      <trkpt lat="45.06623" lon="6.41013">
        <ele>2576.3</ele>
      </trkpt>
      <trkpt lat="45.06624" lon="6.41016">
        <ele>2576.5</ele>
      </trkpt>
      <trkpt lat="45.06624" lon="6.41019">
        <ele>2577.0</ele>
      </trkpt>
      <trkpt lat="45.06628" lon="6.41028">
        <ele>2577.2</ele>
      </trkpt>
      <trkpt lat="45.06632" lon="6.41042">
        <ele>2578.1</ele>
      </trkpt>
      <trkpt lat="45.06633" lon="6.410459">
        <ele>2578.4</ele>
      </trkpt>
      <trkpt lat="45.06638" lon="6.41063">
        <ele>2579.4</ele>
      </trkpt>
      <trkpt lat="45.06638" lon="6.41066">
        <ele>2579.9</ele>
      </trkpt>
      <trkpt lat="45.06641" lon="6.41074">
        <ele>2580.0</ele>
      </trkpt>
      <trkpt lat="45.06648" lon="6.41087">
        <ele>2578.9</ele>
      </trkpt>
      <trkpt lat="45.0665" lon="6.41091">
        <ele>2578.4</ele>
      </trkpt>
      <trkpt lat="45.06659" lon="6.411069">
        <ele>2575.8</ele>
      </trkpt>
      <trkpt lat="45.0666" lon="6.41108">
        <ele>2575.5</ele>
      </trkpt>
      <trkpt lat="45.06668" lon="6.41122">
        <ele>2573.0</ele>
      </trkpt>
      <trkpt lat="45.0667" lon="6.41128">
        <ele>2572.5</ele>
      </trkpt>
      <trkpt lat="45.06671" lon="6.41132">
        <ele>2572.3</ele>
      </trkpt>
      <trkpt lat="45.06671" lon="6.41134">
        <ele>2572.5</ele>
      </trkpt>
      <trkpt lat="45.066719" lon="6.41142">
        <ele>2572.7</ele>
      </trkpt>
      <trkpt lat="45.06671" lon="6.4115">
        <ele>2574.0</ele>
      </trkpt>
      <trkpt lat="45.0667" lon="6.41152">
        <ele>2574.7</ele>
      </trkpt>
      <trkpt lat="45.06668" lon="6.41157">
        <ele>2576.3</ele>
      </trkpt>
      <trkpt lat="45.06662" lon="6.41166">
        <ele>2580.2</ele>
      </trkpt>
      <trkpt lat="45.06656" lon="6.41178">
        <ele>2582.6</ele>
      </trkpt>
      <trkpt lat="45.06651" lon="6.41188">
        <ele>2584.4</ele>
      </trkpt>
      <trkpt lat="45.06647" lon="6.41201">
        <ele>2585.4</ele>
      </trkpt>
      <trkpt lat="45.06641" lon="6.41216">
        <ele>2586.8</ele>
      </trkpt>
      <trkpt lat="45.06639" lon="6.41223">
        <ele>2587.1</ele>
      </trkpt>
      <trkpt lat="45.06632" lon="6.41239">
        <ele>2588.5</ele>
      </trkpt>
      <trkpt lat="45.06632" lon="6.4124">
        <ele>2588.4</ele>
      </trkpt>
      <trkpt lat="45.06624" lon="6.41255">
        <ele>2589.8</ele>
      </trkpt>
      <trkpt lat="45.06611" lon="6.41279">
        <ele>2591.7</ele>
      </trkpt>
      <trkpt lat="45.06609" lon="6.41282">
        <ele>2592.0</ele>
      </trkpt>
      <trkpt lat="45.06602" lon="6.412969">
        <ele>2592.6</ele>
      </trkpt>
      <trkpt lat="45.066" lon="6.413">
        <ele>2592.9</ele>
      </trkpt>
      <trkpt lat="45.06597" lon="6.41306">
        <ele>2593.1</ele>
      </trkpt>
      <trkpt lat="45.06595" lon="6.41308">
        <ele>2593.5</ele>
      </trkpt>
      <trkpt lat="45.06593" lon="6.41308">
        <ele>2594.2</ele>
      </trkpt>
      <trkpt lat="45.0659" lon="6.41308">
        <ele>2595.2</ele>
      </trkpt>
      <trkpt lat="45.06589" lon="6.41308">
        <ele>2595.5</ele>
      </trkpt>
      <trkpt lat="45.06589" lon="6.41307">
        <ele>2595.6</ele>
      </trkpt>
      <trkpt lat="45.06588" lon="6.41306">
        <ele>2596.1</ele>
      </trkpt>
      <trkpt lat="45.065869" lon="6.41304">
        <ele>2596.7</ele>
      </trkpt>
      <trkpt lat="45.065869" lon="6.41303">
        <ele>2596.8</ele>
      </trkpt>
      <trkpt lat="45.065869" lon="6.41299">
        <ele>2597.3</ele>
      </trkpt>
      <trkpt lat="45.06589" lon="6.41293">
        <ele>2597.4</ele>
      </trkpt>
      <trkpt lat="45.06593" lon="6.41284">
        <ele>2597.2</ele>
      </trkpt>
      <trkpt lat="45.06595" lon="6.4128">
        <ele>2597.0</ele>
      </trkpt>
      <trkpt lat="45.06597" lon="6.412759">
        <ele>2596.9</ele>
      </trkpt>
      <trkpt lat="45.06602" lon="6.41261">
        <ele>2596.9</ele>
      </trkpt>
      <trkpt lat="45.06603" lon="6.41257">
        <ele>2597.1</ele>
      </trkpt>
      <trkpt lat="45.06607" lon="6.41245">
        <ele>2597.1</ele>
      </trkpt>
      <trkpt lat="45.06609" lon="6.41234">
        <ele>2597.8</ele>
      </trkpt>
      <trkpt lat="45.0661" lon="6.41228">
        <ele>2598.2</ele>
      </trkpt>
      <trkpt lat="45.06612" lon="6.41214">
        <ele>2599.1</ele>
      </trkpt>
      <trkpt lat="45.06612" lon="6.41209">
        <ele>2599.7</ele>
      </trkpt>
      <trkpt lat="45.06613" lon="6.41198">
        <ele>2600.6</ele>
      </trkpt>
      <trkpt lat="45.06613" lon="6.41187">
        <ele>2601.9</ele>
      </trkpt>
      <trkpt lat="45.06613" lon="6.41183">
        <ele>2602.4</ele>
      </trkpt>
      <trkpt lat="45.06614" lon="6.41164">
        <ele>2603.6</ele>
      </trkpt>
      <trkpt lat="45.06615" lon="6.41158">
        <ele>2602.4</ele>
      </trkpt>
      <trkpt lat="45.06615" lon="6.41144">
        <ele>2600.7</ele>
      </trkpt>
      <trkpt lat="45.06615" lon="6.4114">
        <ele>2600.3</ele>
      </trkpt>
      <trkpt lat="45.06615" lon="6.41138">
        <ele>2600.0</ele>
      </trkpt>
      <trkpt lat="45.06613" lon="6.41133">
        <ele>2600.4</ele>
      </trkpt>
      <trkpt lat="45.06612" lon="6.41132">
        <ele>2600.7</ele>
      </trkpt>
      <trkpt lat="45.06606" lon="6.41126">
        <ele>2602.9</ele>
      </trkpt>
      <trkpt lat="45.06597" lon="6.41121">
        <ele>2606.5</ele>
      </trkpt>
      <trkpt lat="45.06593" lon="6.41118">
        <ele>2608.0</ele>
      </trkpt>
      <trkpt lat="45.06581" lon="6.41111">
        <ele>2612.6</ele>
      </trkpt>
      <trkpt lat="45.06573" lon="6.411069">
        <ele>2615.2</ele>
      </trkpt>
      <trkpt lat="45.06564" lon="6.41101">
        <ele>2618.2</ele>
      </trkpt>
      <trkpt lat="45.06558" lon="6.41098">
        <ele>2620.3</ele>
      </trkpt>
      <trkpt lat="45.06548" lon="6.4109">
        <ele>2623.8</ele>
      </trkpt>
      <trkpt lat="45.06543" lon="6.41085">
        <ele>2625.5</ele>
      </trkpt>
      <trkpt lat="45.06537" lon="6.41075">
        <ele>2626.4</ele>
      </trkpt>
      <trkpt lat="45.06535" lon="6.41072">
        <ele>2626.7</ele>
      </trkpt>
      <trkpt lat="45.065309" lon="6.41061">
        <ele>2626.4</ele>
      </trkpt>
      <trkpt lat="45.06527" lon="6.4105">
        <ele>2626.1</ele>
      </trkpt>
      <trkpt lat="45.06526" lon="6.41048">
        <ele>2626.2</ele>
      </trkpt>
      <trkpt lat="45.06519" lon="6.41035">
        <ele>2627.0</ele>
      </trkpt>
      <trkpt lat="45.06516" lon="6.4103">
        <ele>2627.5</ele>
      </trkpt>
      <trkpt lat="45.06512" lon="6.41023">
        <ele>2628.2</ele>
      </trkpt>
      <trkpt lat="45.06505" lon="6.41009">
        <ele>2629.1</ele>
      </trkpt>
      <trkpt lat="45.06497" lon="6.40993">
        <ele>2629.6</ele>
      </trkpt>
      <trkpt lat="45.06495" lon="6.40989">
        <ele>2629.5</ele>
      </trkpt>
      <trkpt lat="45.06487" lon="6.40974">
        <ele>2629.3</ele>
      </trkpt>
      <trkpt lat="45.06483" lon="6.40969">
        <ele>2629.7</ele>
      </trkpt>
      <trkpt lat="45.06478" lon="6.40961">
        <ele>2629.9</ele>
      </trkpt>
      <trkpt lat="45.0647" lon="6.40952">
        <ele>2631.0</ele>
      </trkpt>
      <trkpt lat="45.06469" lon="6.40951">
        <ele>2631.2</ele>
      </trkpt>
      <trkpt lat="45.06458" lon="6.40939">
        <ele>2632.8</ele>
      </trkpt>
      <trkpt lat="45.06456" lon="6.40937">
        <ele>2633.2</ele>
      </trkpt>
      <trkpt lat="45.06449" lon="6.40928">
        <ele>2633.9</ele>
      </trkpt>
      <trkpt lat="45.06448" lon="6.40927">
        <ele>2634.1</ele>
      </trkpt>
      <trkpt lat="45.06443" lon="6.40918">
        <ele>2634.2</ele>
      </trkpt>
      <trkpt lat="45.06443" lon="6.409169">
        <ele>2634.0</ele>
      </trkpt>
      <trkpt lat="45.06436" lon="6.40902">
        <ele>2635.0</ele>
      </trkpt>
      <trkpt lat="45.06435" lon="6.40896">
        <ele>2634.7</ele>
      </trkpt>
      <trkpt lat="45.06431" lon="6.40883">
        <ele>2634.6</ele>
      </trkpt>
      <trkpt lat="45.06427" lon="6.40873">
        <ele>2634.8</ele>
      </trkpt>
      <trkpt lat="45.06423" lon="6.408559">
        <ele>2634.0</ele>
      </trkpt>
      <trkpt lat="45.0642" lon="6.40845">
        <ele>2633.5</ele>
      </trkpt>
      <trkpt lat="45.06419" lon="6.40835">
        <ele>2632.5</ele>
      </trkpt>
      <trkpt lat="45.0642" lon="6.40818">
        <ele>2632.5</ele>
      </trkpt>
      <trkpt lat="45.0642" lon="6.40808">
        <ele>2632.8</ele>
      </trkpt>
      <trkpt lat="45.0642" lon="6.40798">
        <ele>2633.1</ele>
      </trkpt>
      <trkpt lat="45.06417" lon="6.4079">
        <ele>2634.0</ele>
      </trkpt>
      <trkpt lat="45.06415" lon="6.40786">
        <ele>2633.4</ele>
      </trkpt>
      <trkpt lat="45.06412" lon="6.40784">
        <ele>2632.1</ele>
      </trkpt>
      <trkpt lat="45.06409" lon="6.40782">
        <ele>2630.8</ele>
      </trkpt>
      <trkpt lat="45.06408" lon="6.40783">
        <ele>2630.4</ele>
      </trkpt>
      <trkpt lat="45.06405" lon="6.40784">
        <ele>2629.0</ele>
      </trkpt>
      <trkpt lat="45.06404" lon="6.40784">
        <ele>2628.6</ele>
      </trkpt>
      <trkpt lat="45.063989" lon="6.407949">
        <ele>2626.4</ele>
      </trkpt>
      <trkpt lat="45.06397" lon="6.408019">
        <ele>2625.5</ele>
      </trkpt>
      <trkpt lat="45.06395" lon="6.40811">
        <ele>2624.8</ele>
      </trkpt>
      <trkpt lat="45.06388" lon="6.40838">
        <ele>2623.0</ele>
      </trkpt>
      <trkpt lat="45.06385" lon="6.4085">
        <ele>2623.6</ele>
      </trkpt>
      <trkpt lat="45.06379" lon="6.40874">
        <ele>2625.0</ele>
      </trkpt>
      <trkpt lat="45.06378" lon="6.40877">
        <ele>2625.1</ele>
      </trkpt>
      <trkpt lat="45.06374" lon="6.40887">
        <ele>2625.2</ele>
      </trkpt>
      <trkpt lat="45.06371" lon="6.40893">
        <ele>2625.1</ele>
      </trkpt>
      <trkpt lat="45.0637" lon="6.40895">
        <ele>2625.0</ele>
      </trkpt>
      <trkpt lat="45.06366" lon="6.40899">
        <ele>2624.3</ele>
      </trkpt>
      <trkpt lat="45.06356" lon="6.40911">
        <ele>2622.7</ele>
      </trkpt>
      <trkpt lat="45.06355" lon="6.40912">
        <ele>2622.5</ele>
      </trkpt>
      <trkpt lat="45.06349" lon="6.40919">
        <ele>2621.7</ele>
      </trkpt>
      <trkpt lat="45.063429" lon="6.40927">
        <ele>2621.1</ele>
      </trkpt>
      <trkpt lat="45.063429" lon="6.40929">
        <ele>2621.5</ele>
      </trkpt>
      <trkpt lat="45.06339" lon="6.40938">
        <ele>2621.8</ele>
      </trkpt>
      <trkpt lat="45.06336" lon="6.40949">
        <ele>2622.7</ele>
      </trkpt>
      <trkpt lat="45.06335" lon="6.40952">
        <ele>2622.9</ele>
      </trkpt>
      <trkpt lat="45.06333" lon="6.40962">
        <ele>2624.0</ele>
      </trkpt>
      <trkpt lat="45.0633" lon="6.40976">
        <ele>2625.1</ele>
      </trkpt>
      <trkpt lat="45.0633" lon="6.409779">
        <ele>2625.4</ele>
      </trkpt>
      <trkpt lat="45.06327" lon="6.40988">
        <ele>2625.8</ele>
      </trkpt>
      <trkpt lat="45.063249" lon="6.409919">
        <ele>2625.6</ele>
      </trkpt>
      <trkpt lat="45.06322" lon="6.40998">
        <ele>2625.2</ele>
      </trkpt>
      <trkpt lat="45.06319" lon="6.41005">
        <ele>2624.4</ele>
      </trkpt>
      <trkpt lat="45.06309" lon="6.41015">
        <ele>2620.3</ele>
      </trkpt>
      <trkpt lat="45.06306" lon="6.41019">
        <ele>2619.1</ele>
      </trkpt>
      <trkpt lat="45.06297" lon="6.41029">
        <ele>2615.6</ele>
      </trkpt>
      <trkpt lat="45.06295" lon="6.410319">
        <ele>2614.8</ele>
      </trkpt>
      <trkpt lat="45.06289" lon="6.41047">
        <ele>2613.2</ele>
      </trkpt>
      <trkpt lat="45.062869" lon="6.41055">
        <ele>2612.9</ele>
      </trkpt>
      <trkpt lat="45.06285" lon="6.41064">
        <ele>2612.7</ele>
      </trkpt>
      <trkpt lat="45.06283" lon="6.41079">
        <ele>2612.9</ele>
      </trkpt>
      <trkpt lat="45.06283" lon="6.41081">
        <ele>2613.1</ele>
      </trkpt>
      <trkpt lat="45.06279" lon="6.41104">
        <ele>2613.6</ele>
      </trkpt>
      <trkpt lat="45.062779" lon="6.41113">
        <ele>2614.1</ele>
      </trkpt>
      <trkpt lat="45.06274" lon="6.41128">
        <ele>2613.7</ele>
      </trkpt>
      <trkpt lat="45.06274" lon="6.41129">
        <ele>2613.8</ele>
      </trkpt>
      <trkpt lat="45.06271" lon="6.41141">
        <ele>2613.4</ele>
      </trkpt>
      <trkpt lat="45.06266" lon="6.41156">
        <ele>2612.3</ele>
      </trkpt>
      <trkpt lat="45.06262" lon="6.41164">
        <ele>2611.0</ele>
      </trkpt>
      <trkpt lat="45.062579" lon="6.41169">
        <ele>2609.7</ele>
      </trkpt>
      <trkpt lat="45.06255" lon="6.41169">
        <ele>2608.1</ele>
      </trkpt>
      <trkpt lat="45.06254" lon="6.411679">
        <ele>2607.4</ele>
      </trkpt>
      <trkpt lat="45.06252" lon="6.41166">
        <ele>2606.0</ele>
      </trkpt>
      <trkpt lat="45.0625" lon="6.411609">
        <ele>2604.6</ele>
      </trkpt>
      <trkpt lat="45.062489" lon="6.4116">
        <ele>2604.0</ele>
      </trkpt>
      <trkpt lat="45.06251" lon="6.41153">
        <ele>2604.5</ele>
      </trkpt>
      <trkpt lat="45.06252" lon="6.41148">
        <ele>2604.7</ele>
      </trkpt>
      <trkpt lat="45.06254" lon="6.41139">
        <ele>2605.0</ele>
      </trkpt>
      <trkpt lat="45.06257" lon="6.41124">
        <ele>2605.2</ele>
      </trkpt>
      <trkpt lat="45.062579" lon="6.41122">
        <ele>2605.6</ele>
      </trkpt>
      <trkpt lat="45.06259" lon="6.41106">
        <ele>2604.7</ele>
      </trkpt>
      <trkpt lat="45.062579" lon="6.410999">
        <ele>2603.8</ele>
      </trkpt>
      <trkpt lat="45.06257" lon="6.41099">
        <ele>2603.3</ele>
      </trkpt>
      <trkpt lat="45.06256" lon="6.41094">
        <ele>2602.4</ele>
      </trkpt>
      <trkpt lat="45.06255" lon="6.41091">
        <ele>2601.8</ele>
      </trkpt>
      <trkpt lat="45.06254" lon="6.41091">
        <ele>2601.3</ele>
      </trkpt>
      <trkpt lat="45.06252" lon="6.41089">
        <ele>2600.3</ele>
      </trkpt>
      <trkpt lat="45.06251" lon="6.41089">
        <ele>2599.8</ele>
      </trkpt>
      <trkpt lat="45.062489" lon="6.4109">
        <ele>2599.0</ele>
      </trkpt>
      <trkpt lat="45.06248" lon="6.4109">
        <ele>2598.5</ele>
      </trkpt>
      <trkpt lat="45.06248" lon="6.41091">
        <ele>2598.6</ele>
      </trkpt>
      <trkpt lat="45.06246" lon="6.41094">
        <ele>2597.9</ele>
      </trkpt>
      <trkpt lat="45.06246" lon="6.41095">
        <ele>2598.0</ele>
      </trkpt>
      <trkpt lat="45.06246" lon="6.41097">
        <ele>2598.1</ele>
      </trkpt>
      <trkpt lat="45.06245" lon="6.410999">
        <ele>2597.8</ele>
      </trkpt>
      <trkpt lat="45.06245" lon="6.41109">
        <ele>2598.5</ele>
      </trkpt>
      <trkpt lat="45.06245" lon="6.41122">
        <ele>2599.4</ele>
      </trkpt>
      <trkpt lat="45.06245" lon="6.41123">
        <ele>2599.5</ele>
      </trkpt>
      <trkpt lat="45.06241" lon="6.41135">
        <ele>2598.4</ele>
      </trkpt>
      <trkpt lat="45.06238" lon="6.411469">
        <ele>2597.9</ele>
      </trkpt>
      <trkpt lat="45.06234" lon="6.411539">
        <ele>2596.4</ele>
      </trkpt>
      <trkpt lat="45.06232" lon="6.41159">
        <ele>2595.8</ele>
      </trkpt>
      <trkpt lat="45.062309" lon="6.41159">
        <ele>2595.3</ele>
      </trkpt>
      <trkpt lat="45.06227" lon="6.4116">
        <ele>2593.5</ele>
      </trkpt>
      <trkpt lat="45.06225" lon="6.41159">
        <ele>2592.5</ele>
      </trkpt>
      <trkpt lat="45.06225" lon="6.41158">
        <ele>2592.4</ele>
      </trkpt>
      <trkpt lat="45.06224" lon="6.41158">
        <ele>2591.9</ele>
      </trkpt>
      <trkpt lat="45.06224" lon="6.41157">
        <ele>2591.9</ele>
      </trkpt>
      <trkpt lat="45.06223" lon="6.41152">
        <ele>2591.0</ele>
      </trkpt>
      <trkpt lat="45.06223" lon="6.41151">
        <ele>2591.0</ele>
      </trkpt>
      <trkpt lat="45.06227" lon="6.41135">
        <ele>2591.8</ele>
      </trkpt>
      <trkpt lat="45.06229" lon="6.41129">
        <ele>2592.3</ele>
      </trkpt>
      <trkpt lat="45.0623" lon="6.41119">
        <ele>2592.1</ele>
      </trkpt>
      <trkpt lat="45.06229" lon="6.41111">
        <ele>2591.1</ele>
      </trkpt>
      <trkpt lat="45.06229" lon="6.41106">
        <ele>2590.7</ele>
      </trkpt>
      <trkpt lat="45.06228" lon="6.41101">
        <ele>2589.9</ele>
      </trkpt>
      <trkpt lat="45.06228" lon="6.41098">
        <ele>2589.7</ele>
      </trkpt>
      <trkpt lat="45.06227" lon="6.410929">
        <ele>2588.9</ele>
      </trkpt>
      <trkpt lat="45.06225" lon="6.4108">
        <ele>2586.9</ele>
      </trkpt>
      <trkpt lat="45.06225" lon="6.41073">
        <ele>2586.2</ele>
      </trkpt>
      <trkpt lat="45.06224" lon="6.41066">
        <ele>2585.0</ele>
      </trkpt>
      <trkpt lat="45.06223" lon="6.410529">
        <ele>2583.1</ele>
      </trkpt>
      <trkpt lat="45.06223" lon="6.41048">
        <ele>2582.6</ele>
      </trkpt>
      <trkpt lat="45.06223" lon="6.41044">
        <ele>2582.1</ele>
      </trkpt>
      <trkpt lat="45.06223" lon="6.41033">
        <ele>2580.9</ele>
      </trkpt>
      <trkpt lat="45.06223" lon="6.41023">
        <ele>2579.9</ele>
      </trkpt>
      <trkpt lat="45.06223" lon="6.41022">
        <ele>2579.8</ele>
      </trkpt>
      <trkpt lat="45.06223" lon="6.41012">
        <ele>2578.7</ele>
      </trkpt>
      <trkpt lat="45.06222" lon="6.40998">
        <ele>2576.5</ele>
      </trkpt>
      <trkpt lat="45.06223" lon="6.40997">
        <ele>2576.8</ele>
      </trkpt>
      <trkpt lat="45.06223" lon="6.40989">
        <ele>2575.3</ele>
      </trkpt>
      <trkpt lat="45.06224" lon="6.40982">
        <ele>2574.4</ele>
      </trkpt>
      <trkpt lat="45.06227" lon="6.40973">
        <ele>2574.2</ele>
      </trkpt>
      <trkpt lat="45.06228" lon="6.4097">
        <ele>2574.2</ele>
      </trkpt>
      <trkpt lat="45.06235" lon="6.4095">
        <ele>2573.8</ele>
      </trkpt>
      <trkpt lat="45.06236" lon="6.40949">
        <ele>2574.2</ele>
      </trkpt>
      <trkpt lat="45.06244" lon="6.40928">
        <ele>2574.2</ele>
      </trkpt>
      <trkpt lat="45.06251" lon="6.40912">
        <ele>2574.5</ele>
      </trkpt>
      <trkpt lat="45.06259" lon="6.40896">
        <ele>2575.1</ele>
      </trkpt>
      <trkpt lat="45.06265" lon="6.40887">
        <ele>2576.2</ele>
      </trkpt>
      <trkpt lat="45.06266" lon="6.40885">
        <ele>2576.3</ele>
      </trkpt>
      <trkpt lat="45.06275" lon="6.40873">
        <ele>2578.5</ele>
      </trkpt>
      <trkpt lat="45.06279" lon="6.408699">
        <ele>2580.0</ele>
      </trkpt>
      <trkpt lat="45.06282" lon="6.40866">
        <ele>2580.7</ele>
      </trkpt>
      <trkpt lat="45.062869" lon="6.4086">
        <ele>2582.2</ele>
      </trkpt>
      <trkpt lat="45.0629" lon="6.40855">
        <ele>2582.8</ele>
      </trkpt>
      <trkpt lat="45.06292" lon="6.40848">
        <ele>2582.5</ele>
      </trkpt>
      <trkpt lat="45.06294" lon="6.40839">
        <ele>2581.8</ele>
      </trkpt>
      <trkpt lat="45.06295" lon="6.40827">
        <ele>2580.6</ele>
      </trkpt>
      <trkpt lat="45.06295" lon="6.40825">
        <ele>2580.3</ele>
      </trkpt>
      <trkpt lat="45.062959" lon="6.408089">
        <ele>2579.0</ele>
      </trkpt>
      <trkpt lat="45.062959" lon="6.408019">
        <ele>2578.2</ele>
      </trkpt>
      <trkpt lat="45.06295" lon="6.40796">
        <ele>2576.9</ele>
      </trkpt>
      <trkpt lat="45.06294" lon="6.4078">
        <ele>2574.4</ele>
      </trkpt>
      <trkpt lat="45.06293" lon="6.40776">
        <ele>2573.4</ele>
      </trkpt>
      <trkpt lat="45.06293" lon="6.40767">
        <ele>2572.3</ele>
      </trkpt>
      <trkpt lat="45.06294" lon="6.40752">
        <ele>2571.1</ele>
      </trkpt>
      <trkpt lat="45.06294" lon="6.40751">
        <ele>2571.0</ele>
      </trkpt>
      <trkpt lat="45.06294" lon="6.40742">
        <ele>2570.9</ele>
      </trkpt>
      <trkpt lat="45.06292" lon="6.40732">
        <ele>2569.8</ele>
      </trkpt>
      <trkpt lat="45.062869" lon="6.40713">
        <ele>2567.3</ele>
      </trkpt>
      <trkpt lat="45.06283" lon="6.40701">
        <ele>2565.5</ele>
      </trkpt>
      <trkpt lat="45.0628" lon="6.4069">
        <ele>2564.3</ele>
      </trkpt>
      <trkpt lat="45.062779" lon="6.40681">
        <ele>2563.6</ele>
      </trkpt>
      <trkpt lat="45.062779" lon="6.40681">
        <ele>2563.6</ele>
      </trkpt>
      <trkpt lat="45.06275" lon="6.40679">
        <ele>2562.3</ele>
      </trkpt>
      <trkpt lat="45.06261" lon="6.40674">
        <ele>2556.3</ele>
      </trkpt>
      <trkpt lat="45.06253" lon="6.40671">
        <ele>2553.0</ele>
      </trkpt>
      <trkpt lat="45.06242" lon="6.40663">
        <ele>2550.3</ele>
      </trkpt>
      <trkpt lat="45.06237" lon="6.4066">
        <ele>2549.3</ele>
      </trkpt>
      <trkpt lat="45.062309" lon="6.40656">
        <ele>2548.2</ele>
      </trkpt>
      <trkpt lat="45.06227" lon="6.40651">
        <ele>2547.6</ele>
      </trkpt>
      <trkpt lat="45.06223" lon="6.40645">
        <ele>2547.2</ele>
      </trkpt>
      <trkpt lat="45.06219" lon="6.40639">
        <ele>2546.7</ele>
      </trkpt>
      <trkpt lat="45.06212" lon="6.40625">
        <ele>2546.3</ele>
      </trkpt>
      <trkpt lat="45.06208" lon="6.406189">
        <ele>2545.9</ele>
      </trkpt>
      <trkpt lat="45.06201" lon="6.406049">
        <ele>2545.7</ele>
      </trkpt>
      <trkpt lat="45.06196" lon="6.40595">
        <ele>2545.6</ele>
      </trkpt>
      <trkpt lat="45.0619" lon="6.40585">
        <ele>2545.3</ele>
      </trkpt>
      <trkpt lat="45.06187" lon="6.40581">
        <ele>2545.0</ele>
      </trkpt>
      <trkpt lat="45.0618" lon="6.40575">
        <ele>2544.1</ele>
      </trkpt>
      <trkpt lat="45.06173" lon="6.40574">
        <ele>2542.8</ele>
      </trkpt>
      <trkpt lat="45.06167" lon="6.40573">
        <ele>2541.8</ele>
      </trkpt>
      <trkpt lat="45.0616" lon="6.40575">
        <ele>2540.6</ele>
      </trkpt>
      <trkpt lat="45.06157" lon="6.40578">
        <ele>2539.8</ele>
      </trkpt>
      <trkpt lat="45.06154" lon="6.40581">
        <ele>2539.1</ele>
      </trkpt>
      <trkpt lat="45.0615" lon="6.40587">
        <ele>2537.8</ele>
      </trkpt>
      <trkpt lat="45.061459" lon="6.40597">
        <ele>2535.8</ele>
      </trkpt>
      <trkpt lat="45.06144" lon="6.40606">
        <ele>2534.3</ele>
      </trkpt>
      <trkpt lat="45.06145" lon="6.40618">
        <ele>2533.0</ele>
      </trkpt>
      <trkpt lat="45.06148" lon="6.40629">
        <ele>2532.2</ele>
      </trkpt>
      <trkpt lat="45.06154" lon="6.4064">
        <ele>2532.1</ele>
      </trkpt>
      <trkpt lat="45.06156" lon="6.40644">
        <ele>2532.1</ele>
      </trkpt>
      <trkpt lat="45.06167" lon="6.406589">
        <ele>2532.9</ele>
      </trkpt>
      <trkpt lat="45.06177" lon="6.40671">
        <ele>2533.9</ele>
      </trkpt>
      <trkpt lat="45.06187" lon="6.40682">
        <ele>2535.0</ele>
      </trkpt>
      <trkpt lat="45.06197" lon="6.40691">
        <ele>2536.5</ele>
      </trkpt>
      <trkpt lat="45.06216" lon="6.40702">
        <ele>2540.2</ele>
      </trkpt>
      <trkpt lat="45.06228" lon="6.4071">
        <ele>2542.5</ele>
      </trkpt>
      <trkpt lat="45.06239" lon="6.40719">
        <ele>2544.6</ele>
      </trkpt>
      <trkpt lat="45.06245" lon="6.407269">
        <ele>2545.6</ele>
      </trkpt>
      <trkpt lat="45.06246" lon="6.40728">
        <ele>2545.7</ele>
      </trkpt>
      <trkpt lat="45.0625" lon="6.40738">
        <ele>2546.0</ele>
      </trkpt>
      <trkpt lat="45.06251" lon="6.40754">
        <ele>2546.2</ele>
      </trkpt>
      <trkpt lat="45.06248" lon="6.4077">
        <ele>2547.2</ele>
      </trkpt>
      <trkpt lat="45.06246" lon="6.40774">
        <ele>2547.2</ele>
      </trkpt>
      <trkpt lat="45.06241" lon="6.40784">
        <ele>2546.9</ele>
      </trkpt>
      <trkpt lat="45.06234" lon="6.40792">
        <ele>2545.5</ele>
      </trkpt>
      <trkpt lat="45.06232" lon="6.407949">
        <ele>2545.1</ele>
      </trkpt>
      <trkpt lat="45.06218" lon="6.40804">
        <ele>2541.1</ele>
      </trkpt>
      <trkpt lat="45.06201" lon="6.40813">
        <ele>2535.5</ele>
      </trkpt>
      <trkpt lat="45.06185" lon="6.40823">
        <ele>2530.0</ele>
      </trkpt>
      <trkpt lat="45.061839" lon="6.40823">
        <ele>2529.6</ele>
      </trkpt>
      <trkpt lat="45.06172" lon="6.40832">
        <ele>2525.1</ele>
      </trkpt>
      <trkpt lat="45.06169" lon="6.40835">
        <ele>2524.2</ele>
      </trkpt>
      <trkpt lat="45.06164" lon="6.408419">
        <ele>2522.9</ele>
      </trkpt>
      <trkpt lat="45.06157" lon="6.40854">
        <ele>2521.5</ele>
      </trkpt>
      <trkpt lat="45.06157" lon="6.40855">
        <ele>2521.6</ele>
      </trkpt>
      <trkpt lat="45.06152" lon="6.40867">
        <ele>2521.0</ele>
      </trkpt>
      <trkpt lat="45.06149" lon="6.40877">
        <ele>2520.9</ele>
      </trkpt>
      <trkpt lat="45.06149" lon="6.40879">
        <ele>2521.2</ele>
      </trkpt>
      <trkpt lat="45.06148" lon="6.40891">
        <ele>2522.1</ele>
      </trkpt>
      <trkpt lat="45.06148" lon="6.40902">
        <ele>2523.4</ele>
      </trkpt>
      <trkpt lat="45.06149" lon="6.40915">
        <ele>2525.4</ele>
      </trkpt>
      <trkpt lat="45.0615" lon="6.40927">
        <ele>2527.8</ele>
      </trkpt>
      <trkpt lat="45.0615" lon="6.40929">
        <ele>2528.2</ele>
      </trkpt>
      <trkpt lat="45.0615" lon="6.40941">
        <ele>2530.3</ele>
      </trkpt>
      <trkpt lat="45.06149" lon="6.40951">
        <ele>2531.6</ele>
      </trkpt>
      <trkpt lat="45.06148" lon="6.40953">
        <ele>2531.6</ele>
      </trkpt>
      <trkpt lat="45.061459" lon="6.40959">
        <ele>2531.7</ele>
      </trkpt>
      <trkpt lat="45.06143" lon="6.40967">
        <ele>2531.7</ele>
      </trkpt>
      <trkpt lat="45.06139" lon="6.40974">
        <ele>2531.0</ele>
      </trkpt>
      <trkpt lat="45.06136" lon="6.40981">
        <ele>2530.8</ele>
      </trkpt>
      <trkpt lat="45.06124" lon="6.41">
        <ele>2528.0</ele>
      </trkpt>
      <trkpt lat="45.06105" lon="6.410319">
        <ele>2523.7</ele>
      </trkpt>
      <trkpt lat="45.06104" lon="6.41033">
        <ele>2523.4</ele>
      </trkpt>
      <trkpt lat="45.06096" lon="6.41047">
        <ele>2521.9</ele>
      </trkpt>
      <trkpt lat="45.06093" lon="6.410529">
        <ele>2521.4</ele>
      </trkpt>
      <trkpt lat="45.06087" lon="6.41064">
        <ele>2520.5</ele>
      </trkpt>
      <trkpt lat="45.06082" lon="6.41073">
        <ele>2519.7</ele>
      </trkpt>
      <trkpt lat="45.060809" lon="6.41075">
        <ele>2519.7</ele>
      </trkpt>
      <trkpt lat="45.06074" lon="6.41095">
        <ele>2519.9</ele>
      </trkpt>
      <trkpt lat="45.0607" lon="6.4111">
        <ele>2520.4</ele>
      </trkpt>
      <trkpt lat="45.06067" lon="6.41119">
        <ele>2520.5</ele>
      </trkpt>
      <trkpt lat="45.06067" lon="6.4112">
        <ele>2520.6</ele>
      </trkpt>
      <trkpt lat="45.06065" lon="6.41135">
        <ele>2522.0</ele>
      </trkpt>
      <trkpt lat="45.06063" lon="6.41144">
        <ele>2522.4</ele>
      </trkpt>
      <trkpt lat="45.06062" lon="6.41149">
        <ele>2522.8</ele>
      </trkpt>
      <trkpt lat="45.06058" lon="6.41159">
        <ele>2522.6</ele>
      </trkpt>
      <trkpt lat="45.06054" lon="6.41164">
        <ele>2521.6</ele>
      </trkpt>
      <trkpt lat="45.06053" lon="6.41164">
        <ele>2521.2</ele>
      </trkpt>
      <trkpt lat="45.06048" lon="6.411679">
        <ele>2519.9</ele>
      </trkpt>
      <trkpt lat="45.06042" lon="6.411679">
        <ele>2517.4</ele>
      </trkpt>
      <trkpt lat="45.06036" lon="6.41166">
        <ele>2514.6</ele>
      </trkpt>
      <trkpt lat="45.06035" lon="6.41166">
        <ele>2514.2</ele>
      </trkpt>
      <trkpt lat="45.0603" lon="6.41159">
        <ele>2511.1</ele>
      </trkpt>
      <trkpt lat="45.06028" lon="6.41152">
        <ele>2509.3</ele>
      </trkpt>
      <trkpt lat="45.06028" lon="6.41151">
        <ele>2509.2</ele>
      </trkpt>
      <trkpt lat="45.06029" lon="6.41145">
        <ele>2508.7</ele>
      </trkpt>
      <trkpt lat="45.06029" lon="6.4114">
        <ele>2508.0</ele>
      </trkpt>
      <trkpt lat="45.06033" lon="6.41128">
        <ele>2507.9</ele>
      </trkpt>
      <trkpt lat="45.06036" lon="6.41122">
        <ele>2508.3</ele>
      </trkpt>
      <trkpt lat="45.06041" lon="6.41113">
        <ele>2509.0</ele>
      </trkpt>
      <trkpt lat="45.06046" lon="6.41101">
        <ele>2509.3</ele>
      </trkpt>
      <trkpt lat="45.06057" lon="6.4108">
        <ele>2510.8</ele>
      </trkpt>
      <trkpt lat="45.06067" lon="6.4106">
        <ele>2511.8</ele>
      </trkpt>
      <trkpt lat="45.06069" lon="6.41057">
        <ele>2512.1</ele>
      </trkpt>
      <trkpt lat="45.06077" lon="6.410389">
        <ele>2512.3</ele>
      </trkpt>
      <trkpt lat="45.06083" lon="6.41026">
        <ele>2512.3</ele>
      </trkpt>
      <trkpt lat="45.06087" lon="6.41017">
        <ele>2512.6</ele>
      </trkpt>
      <trkpt lat="45.06088" lon="6.41014">
        <ele>2512.6</ele>
      </trkpt>
      <trkpt lat="45.06091" lon="6.41001">
        <ele>2511.9</ele>
      </trkpt>
      <trkpt lat="45.06094" lon="6.40986">
        <ele>2511.4</ele>
      </trkpt>
      <trkpt lat="45.06094" lon="6.40968">
        <ele>2509.1</ele>
      </trkpt>
      <trkpt lat="45.06094" lon="6.40951">
        <ele>2506.9</ele>
      </trkpt>
      <trkpt lat="45.06094" lon="6.40928">
        <ele>2503.9</ele>
      </trkpt>
      <trkpt lat="45.06095" lon="6.40904">
        <ele>2501.5</ele>
      </trkpt>
      <trkpt lat="45.06094" lon="6.40898">
        <ele>2500.4</ele>
      </trkpt>
      <trkpt lat="45.06095" lon="6.40878">
        <ele>2498.7</ele>
      </trkpt>
      <trkpt lat="45.06095" lon="6.40862">
        <ele>2496.9</ele>
      </trkpt>
      <trkpt lat="45.06097" lon="6.408489">
        <ele>2496.3</ele>
      </trkpt>
      <trkpt lat="45.060989" lon="6.40831">
        <ele>2495.5</ele>
      </trkpt>
      <trkpt lat="45.06101" lon="6.40816">
        <ele>2497.3</ele>
      </trkpt>
      <trkpt lat="45.06103" lon="6.40799">
        <ele>2499.0</ele>
      </trkpt>
      <trkpt lat="45.06104" lon="6.407879">
        <ele>2500.0</ele>
      </trkpt>
      <trkpt lat="45.06104" lon="6.40777">
        <ele>2500.7</ele>
      </trkpt>
      <trkpt lat="45.06103" lon="6.40768">
        <ele>2500.8</ele>
      </trkpt>
      <trkpt lat="45.06101" lon="6.40759">
        <ele>2500.7</ele>
      </trkpt>
      <trkpt lat="45.06097" lon="6.4075">
        <ele>2500.1</ele>
      </trkpt>
      <trkpt lat="45.060899" lon="6.40738">
        <ele>2500.2</ele>
      </trkpt>
      <trkpt lat="45.06084" lon="6.40729">
        <ele>2500.2</ele>
      </trkpt>
      <trkpt lat="45.06078" lon="6.40723">
        <ele>2499.9</ele>
      </trkpt>
      <trkpt lat="45.06073" lon="6.40719">
        <ele>2499.5</ele>
      </trkpt>
      <trkpt lat="45.06071" lon="6.40717">
        <ele>2499.5</ele>
      </trkpt>
      <trkpt lat="45.0606" lon="6.40712">
        <ele>2498.0</ele>
      </trkpt>
      <trkpt lat="45.06046" lon="6.40707">
        <ele>2496.0</ele>
      </trkpt>
      <trkpt lat="45.06031" lon="6.40702">
        <ele>2494.0</ele>
      </trkpt>
      <trkpt lat="45.06019" lon="6.40697">
        <ele>2492.8</ele>
      </trkpt>
      <trkpt lat="45.06007" lon="6.40694">
        <ele>2491.2</ele>
      </trkpt>
      <trkpt lat="45.05997" lon="6.40695">
        <ele>2489.8</ele>
      </trkpt>
      <trkpt lat="45.05989" lon="6.40695">
        <ele>2490.5</ele>
      </trkpt>
      <trkpt lat="45.05972" lon="6.40699">
        <ele>2490.4</ele>
      </trkpt>
      <trkpt lat="45.05954" lon="6.40703">
        <ele>2490.2</ele>
      </trkpt>
      <trkpt lat="45.05942" lon="6.40706">
        <ele>2489.7</ele>
      </trkpt>
      <trkpt lat="45.05932" lon="6.4071">
        <ele>2488.4</ele>
      </trkpt>
      <trkpt lat="45.05929" lon="6.40712">
        <ele>2487.6</ele>
      </trkpt>
      <trkpt lat="45.059109" lon="6.40721">
        <ele>2484.5</ele>
      </trkpt>
      <trkpt lat="45.05901" lon="6.40726">
        <ele>2483.4</ele>
      </trkpt>
      <trkpt lat="45.059009" lon="6.407256">
        <ele>2483.6</ele>
      </trkpt>
      <trkpt lat="45.05901" lon="6.40726">
        <ele>2483.4</ele>
      </trkpt>
      <trkpt lat="45.059" lon="6.40726">
        <ele>2483.5</ele>
      </trkpt>
      <trkpt lat="45.05886" lon="6.40731">
        <ele>2482.8</ele>
      </trkpt>
      <trkpt lat="45.05881" lon="6.40733">
        <ele>2482.4</ele>
      </trkpt>
      <trkpt lat="45.05869" lon="6.40736">
        <ele>2482.3</ele>
      </trkpt>
      <trkpt lat="45.05863" lon="6.40738">
        <ele>2481.9</ele>
      </trkpt>
      <trkpt lat="45.05853" lon="6.40742">
        <ele>2480.7</ele>
      </trkpt>
      <trkpt lat="45.058459" lon="6.40744">
        <ele>2480.3</ele>
      </trkpt>
      <trkpt lat="45.05833" lon="6.40749">
        <ele>2478.7</ele>
      </trkpt>
      <trkpt lat="45.05821" lon="6.40756">
        <ele>2477.9</ele>
      </trkpt>
      <trkpt lat="45.05812" lon="6.40761">
        <ele>2477.4</ele>
      </trkpt>
      <trkpt lat="45.058079" lon="6.40764">
        <ele>2476.8</ele>
      </trkpt>
      <trkpt lat="45.05795" lon="6.4077">
        <ele>2476.4</ele>
      </trkpt>
      <trkpt lat="45.05779" lon="6.40777">
        <ele>2475.8</ele>
      </trkpt>
      <trkpt lat="45.05778" lon="6.40777">
        <ele>2476.0</ele>
      </trkpt>
      <trkpt lat="45.057609" lon="6.40784">
        <ele>2475.3</ele>
      </trkpt>
      <trkpt lat="45.05758" lon="6.40785">
        <ele>2475.2</ele>
      </trkpt>
      <trkpt lat="45.057429" lon="6.40791">
        <ele>2474.1</ele>
      </trkpt>
      <trkpt lat="45.05741" lon="6.40792">
        <ele>2473.9</ele>
      </trkpt>
      <trkpt lat="45.05734" lon="6.40796">
        <ele>2472.6</ele>
      </trkpt>
      <trkpt lat="45.05727" lon="6.408">
        <ele>2471.5</ele>
      </trkpt>
      <trkpt lat="45.05726" lon="6.40801">
        <ele>2471.2</ele>
      </trkpt>
      <trkpt lat="45.05722" lon="6.40805">
        <ele>2469.7</ele>
      </trkpt>
      <trkpt lat="45.05719" lon="6.40808">
        <ele>2468.7</ele>
      </trkpt>
      <trkpt lat="45.05713" lon="6.40815">
        <ele>2466.3</ele>
      </trkpt>
      <trkpt lat="45.05708" lon="6.40825">
        <ele>2462.4</ele>
      </trkpt>
      <trkpt lat="45.05703" lon="6.40836">
        <ele>2458.4</ele>
      </trkpt>
      <trkpt lat="45.05703" lon="6.40837">
        <ele>2458.0</ele>
      </trkpt>
      <trkpt lat="45.05697" lon="6.408489">
        <ele>2454.2</ele>
      </trkpt>
      <trkpt lat="45.05693" lon="6.408559">
        <ele>2452.2</ele>
      </trkpt>
      <trkpt lat="45.05691" lon="6.40857">
        <ele>2452.2</ele>
      </trkpt>
      <trkpt lat="45.05683" lon="6.40864">
        <ele>2451.0</ele>
      </trkpt>
      <trkpt lat="45.05678" lon="6.40867">
        <ele>2450.8</ele>
      </trkpt>
      <trkpt lat="45.05675" lon="6.40867">
        <ele>2451.4</ele>
      </trkpt>
      <trkpt lat="45.0567" lon="6.40868">
        <ele>2452.0</ele>
      </trkpt>
      <trkpt lat="45.056579" lon="6.40867">
        <ele>2452.3</ele>
      </trkpt>
      <trkpt lat="45.05657" lon="6.40866">
        <ele>2452.6</ele>
      </trkpt>
      <trkpt lat="45.05642" lon="6.40864">
        <ele>2452.1</ele>
      </trkpt>
      <trkpt lat="45.05639" lon="6.40864">
        <ele>2451.8</ele>
      </trkpt>
      <trkpt lat="45.05622" lon="6.40862">
        <ele>2451.1</ele>
      </trkpt>
      <trkpt lat="45.05621" lon="6.40862">
        <ele>2451.0</ele>
      </trkpt>
      <trkpt lat="45.056" lon="6.40864">
        <ele>2448.5</ele>
      </trkpt>
      <trkpt lat="45.05586" lon="6.40864">
        <ele>2447.3</ele>
      </trkpt>
      <trkpt lat="45.05574" lon="6.40864">
        <ele>2444.8</ele>
      </trkpt>
      <trkpt lat="45.05568" lon="6.40861">
        <ele>2444.2</ele>
      </trkpt>
      <trkpt lat="45.05566" lon="6.4086">
        <ele>2443.9</ele>
      </trkpt>
      <trkpt lat="45.05559" lon="6.40854">
        <ele>2443.6</ele>
      </trkpt>
      <trkpt lat="45.05554" lon="6.40846">
        <ele>2444.2</ele>
      </trkpt>
      <trkpt lat="45.05547" lon="6.40835">
        <ele>2444.4</ele>
      </trkpt>
      <trkpt lat="45.05543" lon="6.40825">
        <ele>2444.4</ele>
      </trkpt>
      <trkpt lat="45.0554" lon="6.40818">
        <ele>2444.1</ele>
      </trkpt>
      <trkpt lat="45.05536" lon="6.40806">
        <ele>2444.0</ele>
      </trkpt>
      <trkpt lat="45.05533" lon="6.40792">
        <ele>2444.2</ele>
      </trkpt>
      <trkpt lat="45.05529" lon="6.40778">
        <ele>2443.9</ele>
      </trkpt>
      <trkpt lat="45.05528" lon="6.40772">
        <ele>2444.1</ele>
      </trkpt>
      <trkpt lat="45.05521" lon="6.407479">
        <ele>2443.2</ele>
      </trkpt>
      <trkpt lat="45.05515" lon="6.40732">
        <ele>2443.6</ele>
      </trkpt>
      <trkpt lat="45.055079" lon="6.4071">
        <ele>2444.4</ele>
      </trkpt>
      <trkpt lat="45.05489" lon="6.40665">
        <ele>2442.1</ele>
      </trkpt>
      <trkpt lat="45.05482" lon="6.40649">
        <ele>2442.3</ele>
      </trkpt>
      <trkpt lat="45.05468" lon="6.40624">
        <ele>2440.8</ele>
      </trkpt>
      <trkpt lat="45.05456" lon="6.40602">
        <ele>2439.7</ele>
      </trkpt>
      <trkpt lat="45.05446" lon="6.40584">
        <ele>2438.7</ele>
      </trkpt>
      <trkpt lat="45.0544" lon="6.40575">
        <ele>2436.7</ele>
      </trkpt>
      <trkpt lat="45.05435" lon="6.40563">
        <ele>2435.6</ele>
      </trkpt>
      <trkpt lat="45.05426" lon="6.40539">
        <ele>2433.9</ele>
      </trkpt>
      <trkpt lat="45.05418" lon="6.40519">
        <ele>2432.1</ele>
      </trkpt>
      <trkpt lat="45.0541" lon="6.40496">
        <ele>2433.3</ele>
      </trkpt>
      <trkpt lat="45.05408" lon="6.40492">
        <ele>2433.3</ele>
      </trkpt>
      <trkpt lat="45.05401" lon="6.40474">
        <ele>2433.3</ele>
      </trkpt>
      <trkpt lat="45.05393" lon="6.40453">
        <ele>2432.5</ele>
      </trkpt>
      <trkpt lat="45.05393" lon="6.40451">
        <ele>2432.6</ele>
      </trkpt>
      <trkpt lat="45.05385" lon="6.40428">
        <ele>2430.9</ele>
      </trkpt>
      <trkpt lat="45.05382" lon="6.40421">
        <ele>2430.0</ele>
      </trkpt>
      <trkpt lat="45.0538" lon="6.40404">
        <ele>2429.0</ele>
      </trkpt>
      <trkpt lat="45.05379" lon="6.40396">
        <ele>2428.4</ele>
      </trkpt>
      <trkpt lat="45.05381" lon="6.40379">
        <ele>2428.6</ele>
      </trkpt>
      <trkpt lat="45.05381" lon="6.40377">
        <ele>2428.5</ele>
      </trkpt>
      <trkpt lat="45.05385" lon="6.403539">
        <ele>2429.3</ele>
      </trkpt>
      <trkpt lat="45.05386" lon="6.40353">
        <ele>2429.6</ele>
      </trkpt>
      <trkpt lat="45.05391" lon="6.4033">
        <ele>2430.8</ele>
      </trkpt>
      <trkpt lat="45.05393" lon="6.4032">
        <ele>2431.7</ele>
      </trkpt>
      <trkpt lat="45.05393" lon="6.40306">
        <ele>2431.9</ele>
      </trkpt>
      <trkpt lat="45.05393" lon="6.40305">
        <ele>2431.9</ele>
      </trkpt>
      <trkpt lat="45.05393" lon="6.4029">
        <ele>2432.1</ele>
      </trkpt>
      <trkpt lat="45.0539" lon="6.4028">
        <ele>2431.4</ele>
      </trkpt>
      <trkpt lat="45.05389" lon="6.40276">
        <ele>2431.2</ele>
      </trkpt>
      <trkpt lat="45.05385" lon="6.40267">
        <ele>2430.2</ele>
      </trkpt>
      <trkpt lat="45.0538" lon="6.402599">
        <ele>2429.0</ele>
      </trkpt>
      <trkpt lat="45.0538" lon="6.40259">
        <ele>2429.0</ele>
      </trkpt>
      <trkpt lat="45.05374" lon="6.40256">
        <ele>2427.5</ele>
      </trkpt>
      <trkpt lat="45.05368" lon="6.40254">
        <ele>2426.0</ele>
      </trkpt>
      <trkpt lat="45.05363" lon="6.40255">
        <ele>2424.6</ele>
      </trkpt>
      <trkpt lat="45.053579" lon="6.40256">
        <ele>2423.2</ele>
      </trkpt>
      <trkpt lat="45.05347" lon="6.402599">
        <ele>2419.9</ele>
      </trkpt>
      <trkpt lat="45.05345" lon="6.40261">
        <ele>2419.3</ele>
      </trkpt>
      <trkpt lat="45.05332" lon="6.40263">
        <ele>2415.4</ele>
      </trkpt>
      <trkpt lat="45.05327" lon="6.40261">
        <ele>2413.8</ele>
      </trkpt>
      <trkpt lat="45.05324" lon="6.402599">
        <ele>2412.7</ele>
      </trkpt>
      <trkpt lat="45.05319" lon="6.402529">
        <ele>2411.3</ele>
      </trkpt>
      <trkpt lat="45.05314" lon="6.40245">
        <ele>2409.8</ele>
      </trkpt>
      <trkpt lat="45.05313" lon="6.40243">
        <ele>2409.4</ele>
      </trkpt>
      <trkpt lat="45.05309" lon="6.40227">
        <ele>2408.3</ele>
      </trkpt>
      <trkpt lat="45.05309" lon="6.40221">
        <ele>2408.4</ele>
      </trkpt>
      <trkpt lat="45.05309" lon="6.40214">
        <ele>2408.6</ele>
      </trkpt>
      <trkpt lat="45.0531" lon="6.40195">
        <ele>2409.6</ele>
      </trkpt>
      <trkpt lat="45.0531" lon="6.40177">
        <ele>2410.1</ele>
      </trkpt>
      <trkpt lat="45.0531" lon="6.4017">
        <ele>2410.3</ele>
      </trkpt>
      <trkpt lat="45.05309" lon="6.40165">
        <ele>2409.9</ele>
      </trkpt>
      <trkpt lat="45.05305" lon="6.40144">
        <ele>2407.6</ele>
      </trkpt>
      <trkpt lat="45.05295" lon="6.40096">
        <ele>2401.6</ele>
      </trkpt>
      <trkpt lat="45.05294" lon="6.40092">
        <ele>2401.0</ele>
      </trkpt>
      <trkpt lat="45.05289" lon="6.40072">
        <ele>2396.9</ele>
      </trkpt>
      <trkpt lat="45.05288" lon="6.40064">
        <ele>2395.6</ele>
      </trkpt>
      <trkpt lat="45.05287" lon="6.40054">
        <ele>2394.0</ele>
      </trkpt>
      <trkpt lat="45.05287" lon="6.40047">
        <ele>2393.4</ele>
      </trkpt>
      <trkpt lat="45.05287" lon="6.40043">
        <ele>2393.0</ele>
      </trkpt>
      <trkpt lat="45.05292" lon="6.4002">
        <ele>2394.4</ele>
      </trkpt>
      <trkpt lat="45.05295" lon="6.39998">
        <ele>2394.7</ele>
      </trkpt>
      <trkpt lat="45.05296" lon="6.39994">
        <ele>2394.7</ele>
      </trkpt>
      <trkpt lat="45.053" lon="6.3998">
        <ele>2395.4</ele>
      </trkpt>
      <trkpt lat="45.053019" lon="6.39974">
        <ele>2395.9</ele>
      </trkpt>
      <trkpt lat="45.05309" lon="6.39951">
        <ele>2397.4</ele>
      </trkpt>
      <trkpt lat="45.053109" lon="6.39946">
        <ele>2398.2</ele>
      </trkpt>
      <trkpt lat="45.05318" lon="6.39917">
        <ele>2398.9</ele>
      </trkpt>
      <trkpt lat="45.05321" lon="6.39903">
        <ele>2398.7</ele>
      </trkpt>
      <trkpt lat="45.05324" lon="6.39886">
        <ele>2397.8</ele>
      </trkpt>
      <trkpt lat="45.05324" lon="6.39878">
        <ele>2396.3</ele>
      </trkpt>
      <trkpt lat="45.05327" lon="6.39857">
        <ele>2394.4</ele>
      </trkpt>
      <trkpt lat="45.05328" lon="6.39831">
        <ele>2390.2</ele>
      </trkpt>
      <trkpt lat="45.053289" lon="6.39828">
        <ele>2390.5</ele>
      </trkpt>
      <trkpt lat="45.0533" lon="6.39802">
        <ele>2387.9</ele>
      </trkpt>
      <trkpt lat="45.05331" lon="6.39784">
        <ele>2386.2</ele>
      </trkpt>
      <trkpt lat="45.05331" lon="6.39777">
        <ele>2385.3</ele>
      </trkpt>
      <trkpt lat="45.05333" lon="6.39754">
        <ele>2383.4</ele>
      </trkpt>
      <trkpt lat="45.05333" lon="6.397509">
        <ele>2383.0</ele>
      </trkpt>
      <trkpt lat="45.05333" lon="6.39726">
        <ele>2381.7</ele>
      </trkpt>
      <trkpt lat="45.05334" lon="6.39706">
        <ele>2381.4</ele>
      </trkpt>
      <trkpt lat="45.05334" lon="6.397">
        <ele>2381.1</ele>
      </trkpt>
      <trkpt lat="45.05334" lon="6.396759">
        <ele>2379.9</ele>
      </trkpt>
      <trkpt lat="45.05334" lon="6.39675">
        <ele>2379.9</ele>
      </trkpt>
      <trkpt lat="45.05333" lon="6.3965">
        <ele>2379.1</ele>
      </trkpt>
      <trkpt lat="45.05333" lon="6.39648">
        <ele>2379.1</ele>
      </trkpt>
      <trkpt lat="45.05332" lon="6.396">
        <ele>2379.4</ele>
      </trkpt>
      <trkpt lat="45.053289" lon="6.39581">
        <ele>2379.0</ele>
      </trkpt>
      <trkpt lat="45.05328" lon="6.39574">
        <ele>2379.0</ele>
      </trkpt>
      <trkpt lat="45.05326" lon="6.395609">
        <ele>2379.0</ele>
      </trkpt>
      <trkpt lat="45.05323" lon="6.39549">
        <ele>2378.7</ele>
      </trkpt>
      <trkpt lat="45.05317" lon="6.39526">
        <ele>2378.1</ele>
      </trkpt>
      <trkpt lat="45.0531" lon="6.39502">
        <ele>2377.3</ele>
      </trkpt>
      <trkpt lat="45.05307" lon="6.3949">
        <ele>2377.0</ele>
      </trkpt>
      <trkpt lat="45.05304" lon="6.39478">
        <ele>2376.7</ele>
      </trkpt>
      <trkpt lat="45.05299" lon="6.39457">
        <ele>2376.2</ele>
      </trkpt>
      <trkpt lat="45.05297" lon="6.39454">
        <ele>2375.8</ele>
      </trkpt>
      <trkpt lat="45.05294" lon="6.39444">
        <ele>2375.3</ele>
      </trkpt>
      <trkpt lat="45.0529" lon="6.39438">
        <ele>2374.4</ele>
      </trkpt>
      <trkpt lat="45.05284" lon="6.39431">
        <ele>2373.0</ele>
      </trkpt>
      <trkpt lat="45.05278" lon="6.39426">
        <ele>2371.5</ele>
      </trkpt>
      <trkpt lat="45.05271" lon="6.3942">
        <ele>2369.7</ele>
      </trkpt>
      <trkpt lat="45.05262" lon="6.39413">
        <ele>2367.4</ele>
      </trkpt>
      <trkpt lat="45.05259" lon="6.3941">
        <ele>2366.6</ele>
      </trkpt>
      <trkpt lat="45.05251" lon="6.39404">
        <ele>2364.6</ele>
      </trkpt>
      <trkpt lat="45.05248" lon="6.393989">
        <ele>2364.0</ele>
      </trkpt>
      <trkpt lat="45.05243" lon="6.393919">
        <ele>2363.2</ele>
      </trkpt>
      <trkpt lat="45.05237" lon="6.393779">
        <ele>2362.3</ele>
      </trkpt>
      <trkpt lat="45.05232" lon="6.39354">
        <ele>2361.8</ele>
      </trkpt>
      <trkpt lat="45.05231" lon="6.39351">
        <ele>2361.7</ele>
      </trkpt>
      <trkpt lat="45.05228" lon="6.39329">
        <ele>2361.6</ele>
      </trkpt>
      <trkpt lat="45.05227" lon="6.39323">
        <ele>2361.6</ele>
      </trkpt>
      <trkpt lat="45.05224" lon="6.39312">
        <ele>2361.2</ele>
      </trkpt>
      <trkpt lat="45.05221" lon="6.39306">
        <ele>2360.6</ele>
      </trkpt>
      <trkpt lat="45.05218" lon="6.39301">
        <ele>2360.0</ele>
      </trkpt>
      <trkpt lat="45.05212" lon="6.39293">
        <ele>2358.6</ele>
      </trkpt>
      <trkpt lat="45.052079" lon="6.39289">
        <ele>2357.7</ele>
      </trkpt>
      <trkpt lat="45.05205" lon="6.39286">
        <ele>2356.9</ele>
      </trkpt>
      <trkpt lat="45.05193" lon="6.392769">
        <ele>2353.8</ele>
      </trkpt>
      <trkpt lat="45.05192" lon="6.39276">
        <ele>2353.6</ele>
      </trkpt>
      <trkpt lat="45.0518" lon="6.39266">
        <ele>2350.2</ele>
      </trkpt>
      <trkpt lat="45.05177" lon="6.392629">
        <ele>2349.3</ele>
      </trkpt>
      <trkpt lat="45.05175" lon="6.39261">
        <ele>2348.7</ele>
      </trkpt>
      <trkpt lat="45.05171" lon="6.39255">
        <ele>2347.4</ele>
      </trkpt>
      <trkpt lat="45.05167" lon="6.392489">
        <ele>2346.0</ele>
      </trkpt>
      <trkpt lat="45.05165" lon="6.39244">
        <ele>2344.9</ele>
      </trkpt>
      <trkpt lat="45.05164" lon="6.3924">
        <ele>2344.3</ele>
      </trkpt>
      <trkpt lat="45.05163" lon="6.39229">
        <ele>2343.2</ele>
      </trkpt>
      <trkpt lat="45.05164" lon="6.39219">
        <ele>2342.9</ele>
      </trkpt>
      <trkpt lat="45.05165" lon="6.392159">
        <ele>2343.0</ele>
      </trkpt>
      <trkpt lat="45.05169" lon="6.39194">
        <ele>2342.8</ele>
      </trkpt>
      <trkpt lat="45.05169" lon="6.39192">
        <ele>2342.7</ele>
      </trkpt>
      <trkpt lat="45.05175" lon="6.39171">
        <ele>2343.7</ele>
      </trkpt>
      <trkpt lat="45.05182" lon="6.39147">
        <ele>2345.1</ele>
      </trkpt>
      <trkpt lat="45.05182" lon="6.39146">
        <ele>2345.0</ele>
      </trkpt>
      <trkpt lat="45.05188" lon="6.39123">
        <ele>2345.8</ele>
      </trkpt>
      <trkpt lat="45.05192" lon="6.39108">
        <ele>2346.2</ele>
      </trkpt>
      <trkpt lat="45.05195" lon="6.391">
        <ele>2346.7</ele>
      </trkpt>
      <trkpt lat="45.05197" lon="6.39093">
        <ele>2346.9</ele>
      </trkpt>
      <trkpt lat="45.05203" lon="6.39077">
        <ele>2348.1</ele>
      </trkpt>
      <trkpt lat="45.05212" lon="6.3906">
        <ele>2350.1</ele>
      </trkpt>
      <trkpt lat="45.05214" lon="6.39057">
        <ele>2350.5</ele>
      </trkpt>
      <trkpt lat="45.052259" lon="6.39042">
        <ele>2352.3</ele>
      </trkpt>
      <trkpt lat="45.05228" lon="6.3904">
        <ele>2352.6</ele>
      </trkpt>
      <trkpt lat="45.05232" lon="6.390329">
        <ele>2352.7</ele>
      </trkpt>
      <trkpt lat="45.05238" lon="6.39023">
        <ele>2352.6</ele>
      </trkpt>
      <trkpt lat="45.05239" lon="6.3902">
        <ele>2352.4</ele>
      </trkpt>
      <trkpt lat="45.05241" lon="6.39015">
        <ele>2352.1</ele>
      </trkpt>
      <trkpt lat="45.05243" lon="6.390049">
        <ele>2351.0</ele>
      </trkpt>
      <trkpt lat="45.05242" lon="6.38996">
        <ele>2350.0</ele>
      </trkpt>
      <trkpt lat="45.05241" lon="6.38995">
        <ele>2349.9</ele>
      </trkpt>
      <trkpt lat="45.05238" lon="6.38985">
        <ele>2349.2</ele>
      </trkpt>
      <trkpt lat="45.05234" lon="6.38975">
        <ele>2348.7</ele>
      </trkpt>
      <trkpt lat="45.05229" lon="6.38968">
        <ele>2348.4</ele>
      </trkpt>
      <trkpt lat="45.052259" lon="6.38963">
        <ele>2348.3</ele>
      </trkpt>
      <trkpt lat="45.05216" lon="6.38955">
        <ele>2348.5</ele>
      </trkpt>
      <trkpt lat="45.05206" lon="6.38949">
        <ele>2348.9</ele>
      </trkpt>
      <trkpt lat="45.05201" lon="6.38948">
        <ele>2349.2</ele>
      </trkpt>
      <trkpt lat="45.05196" lon="6.38947">
        <ele>2349.4</ele>
      </trkpt>
      <trkpt lat="45.0519" lon="6.38948">
        <ele>2349.6</ele>
      </trkpt>
      <trkpt lat="45.05184" lon="6.38953">
        <ele>2349.3</ele>
      </trkpt>
      <trkpt lat="45.051789" lon="6.3896">
        <ele>2348.7</ele>
      </trkpt>
      <trkpt lat="45.05173" lon="6.38969">
        <ele>2347.6</ele>
      </trkpt>
      <trkpt lat="45.05172" lon="6.389719">
        <ele>2347.2</ele>
      </trkpt>
      <trkpt lat="45.05163" lon="6.38989">
        <ele>2345.8</ele>
      </trkpt>
      <trkpt lat="45.05153" lon="6.39009">
        <ele>2346.0</ele>
      </trkpt>
      <trkpt lat="45.0513" lon="6.39053">
        <ele>2343.7</ele>
      </trkpt>
      <trkpt lat="45.0512" lon="6.39072">
        <ele>2340.8</ele>
      </trkpt>
      <trkpt lat="45.05115" lon="6.39082">
        <ele>2338.8</ele>
      </trkpt>
      <trkpt lat="45.051049" lon="6.39099">
        <ele>2336.8</ele>
      </trkpt>
      <trkpt lat="45.05097" lon="6.3911">
        <ele>2335.0</ele>
      </trkpt>
      <trkpt lat="45.0509" lon="6.39118">
        <ele>2333.3</ele>
      </trkpt>
      <trkpt lat="45.05066" lon="6.39144">
        <ele>2331.0</ele>
      </trkpt>
      <trkpt lat="45.05025" lon="6.39187">
        <ele>2329.6</ele>
      </trkpt>
      <trkpt lat="45.05025" lon="6.391879">
        <ele>2329.4</ele>
      </trkpt>
      <trkpt lat="45.05015" lon="6.392019">
        <ele>2328.8</ele>
      </trkpt>
      <trkpt lat="45.05013" lon="6.39206">
        <ele>2328.4</ele>
      </trkpt>
      <trkpt lat="45.05009" lon="6.39215">
        <ele>2327.6</ele>
      </trkpt>
      <trkpt lat="45.05006" lon="6.39229">
        <ele>2325.7</ele>
      </trkpt>
      <trkpt lat="45.05005" lon="6.3924">
        <ele>2324.0</ele>
      </trkpt>
      <trkpt lat="45.05005" lon="6.39252">
        <ele>2322.0</ele>
      </trkpt>
      <trkpt lat="45.05008" lon="6.39276">
        <ele>2317.9</ele>
      </trkpt>
      <trkpt lat="45.0501" lon="6.39297">
        <ele>2314.5</ele>
      </trkpt>
      <trkpt lat="45.050109" lon="6.39312">
        <ele>2312.1</ele>
      </trkpt>
      <trkpt lat="45.050109" lon="6.39323">
        <ele>2310.4</ele>
      </trkpt>
      <trkpt lat="45.05009" lon="6.393309">
        <ele>2309.3</ele>
      </trkpt>
      <trkpt lat="45.05007" lon="6.393379">
        <ele>2307.8</ele>
      </trkpt>
      <trkpt lat="45.05003" lon="6.39346">
        <ele>2305.9</ele>
      </trkpt>
      <trkpt lat="45.04999" lon="6.39351">
        <ele>2304.8</ele>
      </trkpt>
      <trkpt lat="45.04998" lon="6.39352">
        <ele>2304.8</ele>
      </trkpt>
      <trkpt lat="45.04993" lon="6.39357">
        <ele>2304.8</ele>
      </trkpt>
      <trkpt lat="45.04972" lon="6.39369">
        <ele>2306.6</ele>
      </trkpt>
      <trkpt lat="45.04966" lon="6.393709">
        <ele>2307.5</ele>
      </trkpt>
      <trkpt lat="45.049639" lon="6.39372">
        <ele>2307.6</ele>
      </trkpt>
      <trkpt lat="45.04943" lon="6.39381">
        <ele>2309.5</ele>
      </trkpt>
      <trkpt lat="45.04932" lon="6.39388">
        <ele>2309.5</ele>
      </trkpt>
      <trkpt lat="45.04924" lon="6.39396">
        <ele>2308.2</ele>
      </trkpt>
      <trkpt lat="45.04915" lon="6.39405">
        <ele>2307.0</ele>
      </trkpt>
      <trkpt lat="45.04905" lon="6.3942">
        <ele>2305.9</ele>
      </trkpt>
      <trkpt lat="45.04903" lon="6.39422">
        <ele>2306.3</ele>
      </trkpt>
      <trkpt lat="45.04893" lon="6.3944">
        <ele>2305.9</ele>
      </trkpt>
      <trkpt lat="45.04884" lon="6.39454">
        <ele>2306.3</ele>
      </trkpt>
      <trkpt lat="45.04878" lon="6.39469">
        <ele>2305.2</ele>
      </trkpt>
      <trkpt lat="45.04873" lon="6.39482">
        <ele>2304.2</ele>
      </trkpt>
      <trkpt lat="45.048699" lon="6.39498">
        <ele>2301.6</ele>
      </trkpt>
      <trkpt lat="45.048699" lon="6.395069">
        <ele>2300.2</ele>
      </trkpt>
      <trkpt lat="45.04869" lon="6.39513">
        <ele>2299.8</ele>
      </trkpt>
      <trkpt lat="45.04868" lon="6.39527">
        <ele>2298.2</ele>
      </trkpt>
      <trkpt lat="45.04867" lon="6.39532">
        <ele>2297.9</ele>
      </trkpt>
      <trkpt lat="45.04865" lon="6.39559">
        <ele>2294.9</ele>
      </trkpt>
      <trkpt lat="45.04863" lon="6.39583">
        <ele>2292.3</ele>
      </trkpt>
      <trkpt lat="45.04858" lon="6.39601">
        <ele>2289.4</ele>
      </trkpt>
      <trkpt lat="45.04857" lon="6.39606">
        <ele>2288.4</ele>
      </trkpt>
      <trkpt lat="45.04852" lon="6.396219">
        <ele>2286.1</ele>
      </trkpt>
      <trkpt lat="45.04843" lon="6.39639">
        <ele>2285.2</ele>
      </trkpt>
      <trkpt lat="45.04837" lon="6.39648">
        <ele>2285.4</ele>
      </trkpt>
      <trkpt lat="45.04825" lon="6.39667">
        <ele>2285.2</ele>
      </trkpt>
      <trkpt lat="45.04824" lon="6.39669">
        <ele>2285.1</ele>
      </trkpt>
      <trkpt lat="45.04812" lon="6.39684">
        <ele>2285.9</ele>
      </trkpt>
      <trkpt lat="45.04799" lon="6.39702">
        <ele>2285.9</ele>
      </trkpt>
      <trkpt lat="45.04791" lon="6.39712">
        <ele>2285.9</ele>
      </trkpt>
      <trkpt lat="45.04786" lon="6.39719">
        <ele>2285.7</ele>
      </trkpt>
      <trkpt lat="45.04773" lon="6.397369">
        <ele>2284.7</ele>
      </trkpt>
      <trkpt lat="45.04766" lon="6.39747">
        <ele>2283.9</ele>
      </trkpt>
      <trkpt lat="45.04761" lon="6.39756">
        <ele>2282.7</ele>
      </trkpt>
      <trkpt lat="45.04749" lon="6.39776">
        <ele>2280.3</ele>
      </trkpt>
      <trkpt lat="45.04734" lon="6.398">
        <ele>2279.1</ele>
      </trkpt>
      <trkpt lat="45.04714" lon="6.39833">
        <ele>2277.2</ele>
      </trkpt>
      <trkpt lat="45.04712" lon="6.39835">
        <ele>2277.4</ele>
      </trkpt>
      <trkpt lat="45.04701" lon="6.39852">
        <ele>2275.8</ele>
      </trkpt>
      <trkpt lat="45.04696" lon="6.39859">
        <ele>2275.3</ele>
      </trkpt>
      <trkpt lat="45.04681" lon="6.39881">
        <ele>2273.4</ele>
      </trkpt>
      <trkpt lat="45.04663" lon="6.39905">
        <ele>2271.3</ele>
      </trkpt>
      <trkpt lat="45.04661" lon="6.39907">
        <ele>2271.1</ele>
      </trkpt>
      <trkpt lat="45.04651" lon="6.3992">
        <ele>2269.1</ele>
      </trkpt>
      <trkpt lat="45.04638" lon="6.399339">
        <ele>2268.0</ele>
      </trkpt>
      <trkpt lat="45.04624" lon="6.3995">
        <ele>2266.8</ele>
      </trkpt>
      <trkpt lat="45.04621" lon="6.39953">
        <ele>2266.8</ele>
      </trkpt>
      <trkpt lat="45.04607" lon="6.39967">
        <ele>2266.8</ele>
      </trkpt>
      <trkpt lat="45.04607" lon="6.39968">
        <ele>2266.5</ele>
      </trkpt>
      <trkpt lat="45.04592" lon="6.39984">
        <ele>2266.6</ele>
      </trkpt>
      <trkpt lat="45.04584" lon="6.39993">
        <ele>2266.8</ele>
      </trkpt>
      <trkpt lat="45.04582" lon="6.39996">
        <ele>2266.2</ele>
      </trkpt>
      <trkpt lat="45.04578" lon="6.4">
        <ele>2265.1</ele>
      </trkpt>
      <trkpt lat="45.04563" lon="6.40014">
        <ele>2260.5</ele>
      </trkpt>
      <trkpt lat="45.04548" lon="6.40029">
        <ele>2256.2</ele>
      </trkpt>
      <trkpt lat="45.04534" lon="6.40044">
        <ele>2252.4</ele>
      </trkpt>
      <trkpt lat="45.0452" lon="6.40059">
        <ele>2249.2</ele>
      </trkpt>
      <trkpt lat="45.04509" lon="6.400699">
        <ele>2247.4</ele>
      </trkpt>
      <trkpt lat="45.04505" lon="6.40073">
        <ele>2247.1</ele>
      </trkpt>
      <trkpt lat="45.045" lon="6.40078">
        <ele>2246.4</ele>
      </trkpt>
      <trkpt lat="45.04495" lon="6.40082">
        <ele>2246.2</ele>
      </trkpt>
      <trkpt lat="45.04489" lon="6.40085">
        <ele>2246.5</ele>
      </trkpt>
      <trkpt lat="45.04488" lon="6.40085">
        <ele>2246.6</ele>
      </trkpt>
      <trkpt lat="45.04477" lon="6.40086">
        <ele>2248.2</ele>
      </trkpt>
      <trkpt lat="45.04456" lon="6.40088">
        <ele>2251.2</ele>
      </trkpt>
      <trkpt lat="45.04453" lon="6.40088">
        <ele>2251.7</ele>
      </trkpt>
      <trkpt lat="45.04445" lon="6.4009">
        <ele>2252.6</ele>
      </trkpt>
      <trkpt lat="45.04436" lon="6.40095">
        <ele>2252.8</ele>
      </trkpt>
      <trkpt lat="45.04435" lon="6.40095">
        <ele>2252.9</ele>
      </trkpt>
      <trkpt lat="45.04427" lon="6.40105">
        <ele>2251.6</ele>
      </trkpt>
      <trkpt lat="45.04422" lon="6.40112">
        <ele>2250.6</ele>
      </trkpt>
      <trkpt lat="45.04416" lon="6.40122">
        <ele>2248.7</ele>
      </trkpt>
      <trkpt lat="45.04412" lon="6.40132">
        <ele>2245.7</ele>
      </trkpt>
      <trkpt lat="45.043999" lon="6.40159">
        <ele>2237.3</ele>
      </trkpt>
      <trkpt lat="45.04394" lon="6.4017">
        <ele>2234.0</ele>
      </trkpt>
      <trkpt lat="45.04389" lon="6.40177">
        <ele>2232.2</ele>
      </trkpt>
      <trkpt lat="45.04383" lon="6.40181">
        <ele>2230.9</ele>
      </trkpt>
      <trkpt lat="45.04377" lon="6.401849">
        <ele>2229.6</ele>
      </trkpt>
      <trkpt lat="45.0437" lon="6.40186">
        <ele>2228.7</ele>
      </trkpt>
      <trkpt lat="45.04366" lon="6.40186">
        <ele>2228.3</ele>
      </trkpt>
      <trkpt lat="45.04363" lon="6.40186">
        <ele>2228.0</ele>
      </trkpt>
      <trkpt lat="45.04357" lon="6.40184">
        <ele>2227.7</ele>
      </trkpt>
      <trkpt lat="45.04351" lon="6.4018">
        <ele>2227.8</ele>
      </trkpt>
      <trkpt lat="45.04349" lon="6.401779">
        <ele>2227.9</ele>
      </trkpt>
      <trkpt lat="45.04345" lon="6.40174">
        <ele>2228.1</ele>
      </trkpt>
      <trkpt lat="45.04337" lon="6.40159">
        <ele>2230.6</ele>
      </trkpt>
      <trkpt lat="45.04327" lon="6.401379">
        <ele>2232.9</ele>
      </trkpt>
      <trkpt lat="45.04321" lon="6.40123">
        <ele>2234.0</ele>
      </trkpt>
      <trkpt lat="45.04318" lon="6.40116">
        <ele>2234.3</ele>
      </trkpt>
      <trkpt lat="45.04309" lon="6.40095">
        <ele>2235.3</ele>
      </trkpt>
      <trkpt lat="45.04301" lon="6.40076">
        <ele>2236.5</ele>
      </trkpt>
      <trkpt lat="45.04299" lon="6.40073">
        <ele>2236.4</ele>
      </trkpt>
      <trkpt lat="45.0429" lon="6.40054">
        <ele>2237.4</ele>
      </trkpt>
      <trkpt lat="45.04289" lon="6.40052">
        <ele>2237.4</ele>
      </trkpt>
      <trkpt lat="45.04278" lon="6.40032">
        <ele>2237.3</ele>
      </trkpt>
      <trkpt lat="45.04269" lon="6.40018">
        <ele>2236.2</ele>
      </trkpt>
      <trkpt lat="45.04266" lon="6.40013">
        <ele>2235.9</ele>
      </trkpt>
      <trkpt lat="45.04254" lon="6.39994">
        <ele>2234.5</ele>
      </trkpt>
      <trkpt lat="45.04243" lon="6.39977">
        <ele>2233.8</ele>
      </trkpt>
      <trkpt lat="45.04242" lon="6.39975">
        <ele>2233.9</ele>
      </trkpt>
      <trkpt lat="45.04229" lon="6.39958">
        <ele>2232.5</ele>
      </trkpt>
      <trkpt lat="45.04218" lon="6.39942">
        <ele>2232.0</ele>
      </trkpt>
      <trkpt lat="45.04216" lon="6.3994">
        <ele>2231.6</ele>
      </trkpt>
      <trkpt lat="45.04202" lon="6.39923">
        <ele>2229.9</ele>
      </trkpt>
      <trkpt lat="45.04198" lon="6.39917">
        <ele>2229.8</ele>
      </trkpt>
      <trkpt lat="45.04188" lon="6.39908">
        <ele>2228.1</ele>
      </trkpt>
      <trkpt lat="45.04187" lon="6.39907">
        <ele>2227.9</ele>
      </trkpt>
      <trkpt lat="45.04174" lon="6.39899">
        <ele>2224.3</ele>
      </trkpt>
      <trkpt lat="45.04157" lon="6.3989">
        <ele>2220.0</ele>
      </trkpt>
      <trkpt lat="45.04141" lon="6.39882">
        <ele>2216.4</ele>
      </trkpt>
      <trkpt lat="45.041379" lon="6.398799">
        <ele>2215.9</ele>
      </trkpt>
      <trkpt lat="45.04128" lon="6.398729">
        <ele>2214.4</ele>
      </trkpt>
      <trkpt lat="45.041089" lon="6.39857">
        <ele>2212.4</ele>
      </trkpt>
      <trkpt lat="45.04107" lon="6.39855">
        <ele>2212.2</ele>
      </trkpt>
      <trkpt lat="45.040909" lon="6.39841">
        <ele>2210.5</ele>
      </trkpt>
      <trkpt lat="45.04078" lon="6.39829">
        <ele>2209.4</ele>
      </trkpt>
      <trkpt lat="45.04061" lon="6.39814">
        <ele>2208.0</ele>
      </trkpt>
      <trkpt lat="45.04037" lon="6.39792">
        <ele>2206.0</ele>
      </trkpt>
      <trkpt lat="45.04016" lon="6.39773">
        <ele>2203.9</ele>
      </trkpt>
      <trkpt lat="45.04001" lon="6.39759">
        <ele>2202.4</ele>
      </trkpt>
      <trkpt lat="45.03996" lon="6.39755">
        <ele>2201.5</ele>
      </trkpt>
      <trkpt lat="45.03986" lon="6.39745">
        <ele>2199.7</ele>
      </trkpt>
      <trkpt lat="45.03986" lon="6.397439">
        <ele>2200.0</ele>
      </trkpt>
      <trkpt lat="45.03974" lon="6.3973">
        <ele>2197.7</ele>
      </trkpt>
      <trkpt lat="45.039499" lon="6.39692">
        <ele>2194.8</ele>
      </trkpt>
      <trkpt lat="45.03926" lon="6.39654">
        <ele>2190.6</ele>
      </trkpt>
      <trkpt lat="45.03924" lon="6.39651">
        <ele>2190.1</ele>
      </trkpt>
      <trkpt lat="45.03913" lon="6.39632">
        <ele>2189.3</ele>
      </trkpt>
      <trkpt lat="45.03908" lon="6.39624">
        <ele>2189.8</ele>
      </trkpt>
      <trkpt lat="45.03901" lon="6.39612">
        <ele>2190.5</ele>
      </trkpt>
      <trkpt lat="45.03896" lon="6.39603">
        <ele>2191.0</ele>
      </trkpt>
      <trkpt lat="45.0389" lon="6.39593">
        <ele>2191.3</ele>
      </trkpt>
      <trkpt lat="45.03868" lon="6.395609">
        <ele>2188.6</ele>
      </trkpt>
      <trkpt lat="45.03854" lon="6.39536">
        <ele>2185.3</ele>
      </trkpt>
      <trkpt lat="45.038469" lon="6.395209">
        <ele>2183.2</ele>
      </trkpt>
      <trkpt lat="45.03845" lon="6.395139">
        <ele>2182.6</ele>
      </trkpt>
      <trkpt lat="45.03845" lon="6.39513">
        <ele>2182.6</ele>
      </trkpt>
      <trkpt lat="45.03841" lon="6.39503">
        <ele>2181.2</ele>
      </trkpt>
      <trkpt lat="45.03839" lon="6.3949">
        <ele>2180.9</ele>
      </trkpt>
      <trkpt lat="45.03837" lon="6.39479">
        <ele>2180.6</ele>
      </trkpt>
      <trkpt lat="45.03836" lon="6.39465">
        <ele>2180.8</ele>
      </trkpt>
      <trkpt lat="45.03833" lon="6.3944">
        <ele>2180.7</ele>
      </trkpt>
      <trkpt lat="45.03832" lon="6.39428">
        <ele>2180.8</ele>
      </trkpt>
      <trkpt lat="45.03831" lon="6.39415">
        <ele>2180.7</ele>
      </trkpt>
      <trkpt lat="45.03828" lon="6.39389">
        <ele>2178.7</ele>
      </trkpt>
      <trkpt lat="45.03828" lon="6.39384">
        <ele>2178.7</ele>
      </trkpt>
      <trkpt lat="45.03826" lon="6.39364">
        <ele>2177.2</ele>
      </trkpt>
      <trkpt lat="45.03827" lon="6.39348">
        <ele>2177.6</ele>
      </trkpt>
      <trkpt lat="45.03828" lon="6.39339">
        <ele>2178.0</ele>
      </trkpt>
      <trkpt lat="45.0383" lon="6.39321">
        <ele>2178.5</ele>
      </trkpt>
      <trkpt lat="45.0383" lon="6.39314">
        <ele>2178.2</ele>
      </trkpt>
      <trkpt lat="45.03831" lon="6.39306">
        <ele>2178.4</ele>
      </trkpt>
      <trkpt lat="45.0383" lon="6.39298">
        <ele>2177.5</ele>
      </trkpt>
      <trkpt lat="45.03827" lon="6.39292">
        <ele>2175.6</ele>
      </trkpt>
      <trkpt lat="45.03826" lon="6.3929">
        <ele>2174.9</ele>
      </trkpt>
      <trkpt lat="45.03824" lon="6.39288">
        <ele>2173.8</ele>
      </trkpt>
      <trkpt lat="45.0382" lon="6.39285">
        <ele>2171.5</ele>
      </trkpt>
      <trkpt lat="45.03816" lon="6.39285">
        <ele>2169.3</ele>
      </trkpt>
      <trkpt lat="45.03812" lon="6.39287">
        <ele>2167.2</ele>
      </trkpt>
      <trkpt lat="45.038089" lon="6.39289">
        <ele>2165.6</ele>
      </trkpt>
      <trkpt lat="45.03807" lon="6.39291">
        <ele>2164.6</ele>
      </trkpt>
      <trkpt lat="45.03804" lon="6.39297">
        <ele>2163.1</ele>
      </trkpt>
      <trkpt lat="45.03802" lon="6.39305">
        <ele>2162.2</ele>
      </trkpt>
      <trkpt lat="45.03802" lon="6.393099">
        <ele>2162.4</ele>
      </trkpt>
      <trkpt lat="45.03801" lon="6.3932">
        <ele>2162.0</ele>
      </trkpt>
      <trkpt lat="45.03804" lon="6.39335">
        <ele>2164.1</ele>
      </trkpt>
      <trkpt lat="45.03805" lon="6.3934">
        <ele>2164.8</ele>
      </trkpt>
      <trkpt lat="45.03807" lon="6.39352">
        <ele>2166.3</ele>
      </trkpt>
      <trkpt lat="45.03807" lon="6.3936">
        <ele>2166.5</ele>
      </trkpt>
      <trkpt lat="45.03807" lon="6.39363">
        <ele>2166.5</ele>
      </trkpt>
      <trkpt lat="45.03806" lon="6.39386">
        <ele>2166.5</ele>
      </trkpt>
      <trkpt lat="45.03805" lon="6.39394">
        <ele>2166.2</ele>
      </trkpt>
      <trkpt lat="45.03804" lon="6.39411">
        <ele>2166.0</ele>
      </trkpt>
      <trkpt lat="45.03801" lon="6.39436">
        <ele>2164.4</ele>
      </trkpt>
      <trkpt lat="45.037999" lon="6.39447">
        <ele>2163.9</ele>
      </trkpt>
      <trkpt lat="45.03798" lon="6.39459">
        <ele>2162.8</ele>
      </trkpt>
      <trkpt lat="45.03798" lon="6.39461">
        <ele>2162.8</ele>
      </trkpt>
      <trkpt lat="45.03795" lon="6.39478">
        <ele>2161.4</ele>
      </trkpt>
      <trkpt lat="45.03792" lon="6.39485">
        <ele>2160.1</ele>
      </trkpt>
      <trkpt lat="45.03785" lon="6.39504">
        <ele>2157.3</ele>
      </trkpt>
      <trkpt lat="45.03764" lon="6.39551">
        <ele>2152.1</ele>
      </trkpt>
      <trkpt lat="45.03754" lon="6.39577">
        <ele>2150.8</ele>
      </trkpt>
      <trkpt lat="45.03746" lon="6.396">
        <ele>2148.0</ele>
      </trkpt>
      <trkpt lat="45.03742" lon="6.3962">
        <ele>2146.0</ele>
      </trkpt>
      <trkpt lat="45.03738" lon="6.39633">
        <ele>2143.9</ele>
      </trkpt>
      <trkpt lat="45.03732" lon="6.39674">
        <ele>2140.6</ele>
      </trkpt>
      <trkpt lat="45.03731" lon="6.39694">
        <ele>2139.4</ele>
      </trkpt>
      <trkpt lat="45.0373" lon="6.39706">
        <ele>2138.5</ele>
      </trkpt>
      <trkpt lat="45.03728" lon="6.39748">
        <ele>2136.2</ele>
      </trkpt>
      <trkpt lat="45.03729" lon="6.3977">
        <ele>2133.7</ele>
      </trkpt>
      <trkpt lat="45.03729" lon="6.39775">
        <ele>2133.0</ele>
      </trkpt>
      <trkpt lat="45.0373" lon="6.39786">
        <ele>2131.8</ele>
      </trkpt>
      <trkpt lat="45.03732" lon="6.39795">
        <ele>2131.3</ele>
      </trkpt>
      <trkpt lat="45.03734" lon="6.398">
        <ele>2131.3</ele>
      </trkpt>
      <trkpt lat="45.03739" lon="6.398119">
        <ele>2131.2</ele>
      </trkpt>
      <trkpt lat="45.03742" lon="6.39816">
        <ele>2131.5</ele>
      </trkpt>
      <trkpt lat="45.03745" lon="6.39821">
        <ele>2131.7</ele>
      </trkpt>
      <trkpt lat="45.03747" lon="6.39824">
        <ele>2131.8</ele>
      </trkpt>
      <trkpt lat="45.03752" lon="6.39828">
        <ele>2132.1</ele>
      </trkpt>
      <trkpt lat="45.03758" lon="6.39832">
        <ele>2131.5</ele>
      </trkpt>
      <trkpt lat="45.03767" lon="6.39835">
        <ele>2131.2</ele>
      </trkpt>
      <trkpt lat="45.03774" lon="6.39836">
        <ele>2131.2</ele>
      </trkpt>
      <trkpt lat="45.03777" lon="6.39837">
        <ele>2131.1</ele>
      </trkpt>
      <trkpt lat="45.03792" lon="6.39835">
        <ele>2131.7</ele>
      </trkpt>
      <trkpt lat="45.03798" lon="6.39834">
        <ele>2132.0</ele>
      </trkpt>
      <trkpt lat="45.0381" lon="6.39834">
        <ele>2132.3</ele>
      </trkpt>
      <trkpt lat="45.03813" lon="6.39834">
        <ele>2132.4</ele>
      </trkpt>
      <trkpt lat="45.03823" lon="6.39836">
        <ele>2132.3</ele>
      </trkpt>
      <trkpt lat="45.03827" lon="6.39839">
        <ele>2131.8</ele>
      </trkpt>
      <trkpt lat="45.03832" lon="6.39842">
        <ele>2131.3</ele>
      </trkpt>
      <trkpt lat="45.03841" lon="6.39848">
        <ele>2131.4</ele>
      </trkpt>
      <trkpt lat="45.03843" lon="6.39851">
        <ele>2131.2</ele>
      </trkpt>
      <trkpt lat="45.03857" lon="6.39867">
        <ele>2130.2</ele>
      </trkpt>
      <trkpt lat="45.03859" lon="6.39869">
        <ele>2130.1</ele>
      </trkpt>
      <trkpt lat="45.0387" lon="6.39884">
        <ele>2128.6</ele>
      </trkpt>
      <trkpt lat="45.03879" lon="6.39896">
        <ele>2127.4</ele>
      </trkpt>
      <trkpt lat="45.03884" lon="6.39901">
        <ele>2127.0</ele>
      </trkpt>
      <trkpt lat="45.03897" lon="6.39919">
        <ele>2124.8</ele>
      </trkpt>
      <trkpt lat="45.0391" lon="6.39936">
        <ele>2122.3</ele>
      </trkpt>
      <trkpt lat="45.03916" lon="6.39943">
        <ele>2121.3</ele>
      </trkpt>
      <trkpt lat="45.03923" lon="6.39953">
        <ele>2120.6</ele>
      </trkpt>
      <trkpt lat="45.03954" lon="6.39993">
        <ele>2117.5</ele>
      </trkpt>
      <trkpt lat="45.03976" lon="6.40022">
        <ele>2115.0</ele>
      </trkpt>
      <trkpt lat="45.039879" lon="6.40038">
        <ele>2113.5</ele>
      </trkpt>
      <trkpt lat="45.04016" lon="6.40074">
        <ele>2110.9</ele>
      </trkpt>
      <trkpt lat="45.04018" lon="6.40076">
        <ele>2110.9</ele>
      </trkpt>
      <trkpt lat="45.0403" lon="6.4009">
        <ele>2110.6</ele>
      </trkpt>
      <trkpt lat="45.04036" lon="6.40096">
        <ele>2110.7</ele>
      </trkpt>
      <trkpt lat="45.040439" lon="6.40102">
        <ele>2111.3</ele>
      </trkpt>
      <trkpt lat="45.04045" lon="6.40103">
        <ele>2111.3</ele>
      </trkpt>
      <trkpt lat="45.04051" lon="6.40106">
        <ele>2112.1</ele>
      </trkpt>
      <trkpt lat="45.04068" lon="6.40115">
        <ele>2114.2</ele>
      </trkpt>
      <trkpt lat="45.04077" lon="6.4012">
        <ele>2115.2</ele>
      </trkpt>
      <trkpt lat="45.0408" lon="6.401239">
        <ele>2114.9</ele>
      </trkpt>
      <trkpt lat="45.040819" lon="6.40128">
        <ele>2114.3</ele>
      </trkpt>
      <trkpt lat="45.04085" lon="6.40133">
        <ele>2114.0</ele>
      </trkpt>
      <trkpt lat="45.04086" lon="6.401379">
        <ele>2113.1</ele>
      </trkpt>
      <trkpt lat="45.04087" lon="6.40144">
        <ele>2111.9</ele>
      </trkpt>
      <trkpt lat="45.04086" lon="6.40152">
        <ele>2109.2</ele>
      </trkpt>
      <trkpt lat="45.04083" lon="6.4016">
        <ele>2105.8</ele>
      </trkpt>
      <trkpt lat="45.04079" lon="6.40164">
        <ele>2103.7</ele>
      </trkpt>
      <trkpt lat="45.04073" lon="6.40168">
        <ele>2101.2</ele>
      </trkpt>
      <trkpt lat="45.04072" lon="6.40168">
        <ele>2100.9</ele>
      </trkpt>
      <trkpt lat="45.04067" lon="6.40166">
        <ele>2100.3</ele>
      </trkpt>
      <trkpt lat="45.04065" lon="6.40166">
        <ele>2099.8</ele>
      </trkpt>
      <trkpt lat="45.04058" lon="6.4016">
        <ele>2099.7</ele>
      </trkpt>
      <trkpt lat="45.04056" lon="6.40159">
        <ele>2099.5</ele>
      </trkpt>
      <trkpt lat="45.04046" lon="6.40147">
        <ele>2100.1</ele>
      </trkpt>
      <trkpt lat="45.040349" lon="6.40135">
        <ele>2100.5</ele>
      </trkpt>
      <trkpt lat="45.04022" lon="6.40123">
        <ele>2100.2</ele>
      </trkpt>
      <trkpt lat="45.04021" lon="6.40123">
        <ele>2099.9</ele>
      </trkpt>
      <trkpt lat="45.03975" lon="6.40094">
        <ele>2097.1</ele>
      </trkpt>
      <trkpt lat="45.03936" lon="6.40074">
        <ele>2094.6</ele>
      </trkpt>
      <trkpt lat="45.03921" lon="6.40069">
        <ele>2092.9</ele>
      </trkpt>
      <trkpt lat="45.039119" lon="6.40068">
        <ele>2092.2</ele>
      </trkpt>
      <trkpt lat="45.039029" lon="6.40068">
        <ele>2092.0</ele>
      </trkpt>
      <trkpt lat="45.03892" lon="6.40071">
        <ele>2091.1</ele>
      </trkpt>
      <trkpt lat="45.03887" lon="6.40075">
        <ele>2090.2</ele>
      </trkpt>
      <trkpt lat="45.038868" lon="6.400744">
        <ele>2090.3</ele>
      </trkpt>
      <trkpt lat="45.03886" lon="6.40075">
        <ele>2090.2</ele>
      </trkpt>
      <trkpt lat="45.03882" lon="6.40079">
        <ele>2089.4</ele>
      </trkpt>
      <trkpt lat="45.03872" lon="6.4009">
        <ele>2087.5</ele>
      </trkpt>
      <trkpt lat="45.03869" lon="6.40092">
        <ele>2087.2</ele>
      </trkpt>
      <trkpt lat="45.03861" lon="6.401099">
        <ele>2084.9</ele>
      </trkpt>
      <trkpt lat="45.0386" lon="6.40114">
        <ele>2084.4</ele>
      </trkpt>
      <trkpt lat="45.0385" lon="6.40147">
        <ele>2080.9</ele>
      </trkpt>
      <trkpt lat="45.03848" lon="6.40157">
        <ele>2079.9</ele>
      </trkpt>
      <trkpt lat="45.038379" lon="6.401919">
        <ele>2076.2</ele>
      </trkpt>
      <trkpt lat="45.03835" lon="6.40205">
        <ele>2074.8</ele>
      </trkpt>
      <trkpt lat="45.03828" lon="6.40228">
        <ele>2072.7</ele>
      </trkpt>
      <trkpt lat="45.03826" lon="6.40236">
        <ele>2071.8</ele>
      </trkpt>
      <trkpt lat="45.03822" lon="6.40252">
        <ele>2070.0</ele>
      </trkpt>
      <trkpt lat="45.03819" lon="6.40263">
        <ele>2068.4</ele>
      </trkpt>
      <trkpt lat="45.03816" lon="6.40271">
        <ele>2067.3</ele>
      </trkpt>
      <trkpt lat="45.03814" lon="6.40275">
        <ele>2066.8</ele>
      </trkpt>
      <trkpt lat="45.03812" lon="6.40279">
        <ele>2066.3</ele>
      </trkpt>
      <trkpt lat="45.03808" lon="6.40283">
        <ele>2066.0</ele>
      </trkpt>
      <trkpt lat="45.03802" lon="6.40285">
        <ele>2066.2</ele>
      </trkpt>
      <trkpt lat="45.03799" lon="6.40285">
        <ele>2066.5</ele>
      </trkpt>
      <trkpt lat="45.03793" lon="6.40285">
        <ele>2067.1</ele>
      </trkpt>
      <trkpt lat="45.03778" lon="6.40281">
        <ele>2069.4</ele>
      </trkpt>
      <trkpt lat="45.03766" lon="6.40278">
        <ele>2071.3</ele>
      </trkpt>
      <trkpt lat="45.03763" lon="6.40278">
        <ele>2071.6</ele>
      </trkpt>
      <trkpt lat="45.03758" lon="6.40277">
        <ele>2072.3</ele>
      </trkpt>
      <trkpt lat="45.03752" lon="6.40278">
        <ele>2072.7</ele>
      </trkpt>
      <trkpt lat="45.03745" lon="6.4028">
        <ele>2073.1</ele>
      </trkpt>
      <trkpt lat="45.037439" lon="6.40281">
        <ele>2073.1</ele>
      </trkpt>
      <trkpt lat="45.03738" lon="6.40286">
        <ele>2072.8</ele>
      </trkpt>
      <trkpt lat="45.03731" lon="6.40292">
        <ele>2072.4</ele>
      </trkpt>
      <trkpt lat="45.0373" lon="6.402929">
        <ele>2072.4</ele>
      </trkpt>
      <trkpt lat="45.03725" lon="6.40302">
        <ele>2071.2</ele>
      </trkpt>
      <trkpt lat="45.0372" lon="6.403139">
        <ele>2069.5</ele>
      </trkpt>
      <trkpt lat="45.03717" lon="6.40323">
        <ele>2068.2</ele>
      </trkpt>
      <trkpt lat="45.03711" lon="6.40343">
        <ele>2065.5</ele>
      </trkpt>
      <trkpt lat="45.037" lon="6.40366">
        <ele>2063.4</ele>
      </trkpt>
      <trkpt lat="45.03693" lon="6.40379">
        <ele>2062.4</ele>
      </trkpt>
      <trkpt lat="45.03686" lon="6.40391">
        <ele>2061.7</ele>
      </trkpt>
      <trkpt lat="45.03681" lon="6.40399">
        <ele>2061.2</ele>
      </trkpt>
      <trkpt lat="45.03674" lon="6.40409">
        <ele>2060.9</ele>
      </trkpt>
      <trkpt lat="45.036679" lon="6.40416">
        <ele>2060.9</ele>
      </trkpt>
      <trkpt lat="45.03665" lon="6.40419">
        <ele>2060.7</ele>
      </trkpt>
      <trkpt lat="45.03644" lon="6.40434">
        <ele>2059.9</ele>
      </trkpt>
      <trkpt lat="45.03632" lon="6.40444">
        <ele>2059.4</ele>
      </trkpt>
      <trkpt lat="45.03628" lon="6.40446">
        <ele>2059.4</ele>
      </trkpt>
      <trkpt lat="45.0361" lon="6.4046">
        <ele>2059.2</ele>
      </trkpt>
      <trkpt lat="45.03569" lon="6.40488">
        <ele>2059.4</ele>
      </trkpt>
      <trkpt lat="45.035559" lon="6.40499">
        <ele>2059.0</ele>
      </trkpt>
      <trkpt lat="45.03542" lon="6.40519">
        <ele>2059.6</ele>
      </trkpt>
      <trkpt lat="45.03542" lon="6.40519">
        <ele>2059.6</ele>
      </trkpt>
      <trkpt lat="45.0355" lon="6.40525">
        <ele>2059.3</ele>
      </trkpt>
      <trkpt lat="45.03555" lon="6.40528">
        <ele>2059.1</ele>
      </trkpt>
      <trkpt lat="45.03558" lon="6.40531">
        <ele>2059.0</ele>
      </trkpt>
      <trkpt lat="45.03561" lon="6.40534">
        <ele>2058.9</ele>
      </trkpt>
      <trkpt lat="45.035649" lon="6.40538">
        <ele>2058.8</ele>
      </trkpt>
      <trkpt lat="45.03568" lon="6.40542">
        <ele>2058.6</ele>
      </trkpt>
      <trkpt lat="45.03573" lon="6.40548">
        <ele>2058.4</ele>
      </trkpt>
      <trkpt lat="45.03579" lon="6.40557">
        <ele>2058.2</ele>
      </trkpt>
      <trkpt lat="45.035939" lon="6.4058">
        <ele>2056.5</ele>
      </trkpt>
      <trkpt lat="45.03598" lon="6.40584">
        <ele>2055.9</ele>
      </trkpt>
      <trkpt lat="45.036029" lon="6.40589">
        <ele>2055.0</ele>
      </trkpt>
      <trkpt lat="45.03607" lon="6.40593">
        <ele>2054.4</ele>
      </trkpt>
      <trkpt lat="45.036119" lon="6.40597">
        <ele>2053.5</ele>
      </trkpt>
      <trkpt lat="45.03617" lon="6.40601">
        <ele>2052.7</ele>
      </trkpt>
      <trkpt lat="45.03623" lon="6.40604">
        <ele>2051.8</ele>
      </trkpt>
      <trkpt lat="45.03629" lon="6.40606">
        <ele>2050.9</ele>
      </trkpt>
      <trkpt lat="45.03634" lon="6.40607">
        <ele>2050.1</ele>
      </trkpt>
      <trkpt lat="45.036409" lon="6.40608">
        <ele>2049.1</ele>
      </trkpt>
      <trkpt lat="45.03649" lon="6.40608">
        <ele>2048.0</ele>
      </trkpt>
      <trkpt lat="45.03656" lon="6.40608">
        <ele>2046.9</ele>
      </trkpt>
      <trkpt lat="45.03663" lon="6.40607">
        <ele>2046.0</ele>
      </trkpt>
      <trkpt lat="45.036679" lon="6.406049">
        <ele>2045.2</ele>
      </trkpt>
      <trkpt lat="45.03674" lon="6.40602">
        <ele>2044.3</ele>
      </trkpt>
      <trkpt lat="45.0368" lon="6.40597">
        <ele>2043.4</ele>
      </trkpt>
      <trkpt lat="45.03687" lon="6.4059">
        <ele>2042.6</ele>
      </trkpt>
      <trkpt lat="45.03693" lon="6.40584">
        <ele>2041.9</ele>
      </trkpt>
      <trkpt lat="45.03698" lon="6.40576">
        <ele>2041.4</ele>
      </trkpt>
      <trkpt lat="45.03702" lon="6.40569">
        <ele>2041.1</ele>
      </trkpt>
      <trkpt lat="45.03707" lon="6.40559">
        <ele>2040.9</ele>
      </trkpt>
      <trkpt lat="45.03711" lon="6.40547">
        <ele>2040.9</ele>
      </trkpt>
      <trkpt lat="45.03719" lon="6.40518">
        <ele>2041.2</ele>
      </trkpt>
      <trkpt lat="45.03722" lon="6.4051">
        <ele>2041.2</ele>
      </trkpt>
      <trkpt lat="45.03726" lon="6.404969">
        <ele>2041.5</ele>
      </trkpt>
      <trkpt lat="45.0373" lon="6.40487">
        <ele>2042.0</ele>
      </trkpt>
      <trkpt lat="45.03732" lon="6.4048">
        <ele>2042.5</ele>
      </trkpt>
      <trkpt lat="45.03737" lon="6.4047">
        <ele>2042.8</ele>
      </trkpt>
      <trkpt lat="45.0374" lon="6.40466">
        <ele>2042.8</ele>
      </trkpt>
      <trkpt lat="45.03742" lon="6.40463">
        <ele>2042.8</ele>
      </trkpt>
      <trkpt lat="45.03747" lon="6.40456">
        <ele>2042.7</ele>
      </trkpt>
      <trkpt lat="45.03755" lon="6.40449">
        <ele>2042.5</ele>
      </trkpt>
      <trkpt lat="45.03761" lon="6.40444">
        <ele>2042.5</ele>
      </trkpt>
      <trkpt lat="45.0377" lon="6.40438">
        <ele>2042.3</ele>
      </trkpt>
      <trkpt lat="45.03779" lon="6.40433">
        <ele>2042.1</ele>
      </trkpt>
      <trkpt lat="45.03787" lon="6.4043">
        <ele>2041.8</ele>
      </trkpt>
      <trkpt lat="45.03793" lon="6.40428">
        <ele>2041.6</ele>
      </trkpt>
      <trkpt lat="45.03799" lon="6.40428">
        <ele>2041.1</ele>
      </trkpt>
      <trkpt lat="45.03802" lon="6.40428">
        <ele>2040.9</ele>
      </trkpt>
      <trkpt lat="45.03807" lon="6.40428">
        <ele>2040.5</ele>
      </trkpt>
      <trkpt lat="45.03811" lon="6.40428">
        <ele>2040.2</ele>
      </trkpt>
      <trkpt lat="45.03815" lon="6.404289">
        <ele>2039.8</ele>
      </trkpt>
      <trkpt lat="45.0382" lon="6.4043">
        <ele>2039.3</ele>
      </trkpt>
      <trkpt lat="45.03824" lon="6.40432">
        <ele>2038.7</ele>
      </trkpt>
      <trkpt lat="45.03829" lon="6.40434">
        <ele>2038.1</ele>
      </trkpt>
      <trkpt lat="45.03834" lon="6.40435">
        <ele>2037.5</ele>
      </trkpt>
      <trkpt lat="45.0384" lon="6.40439">
        <ele>2036.7</ele>
      </trkpt>
      <trkpt lat="45.03845" lon="6.40442">
        <ele>2036.1</ele>
      </trkpt>
      <trkpt lat="45.038559" lon="6.4045">
        <ele>2034.6</ele>
      </trkpt>
      <trkpt lat="45.038649" lon="6.40457">
        <ele>2033.5</ele>
      </trkpt>
      <trkpt lat="45.03887" lon="6.40475">
        <ele>2031.1</ele>
      </trkpt>
      <trkpt lat="45.03899" lon="6.40485">
        <ele>2030.1</ele>
      </trkpt>
      <trkpt lat="45.03918" lon="6.40502">
        <ele>2028.9</ele>
      </trkpt>
      <trkpt lat="45.03927" lon="6.4051">
        <ele>2029.0</ele>
      </trkpt>
      <trkpt lat="45.039319" lon="6.40516">
        <ele>2029.0</ele>
      </trkpt>
      <trkpt lat="45.03938" lon="6.40523">
        <ele>2029.2</ele>
      </trkpt>
      <trkpt lat="45.03942" lon="6.40529">
        <ele>2029.2</ele>
      </trkpt>
      <trkpt lat="45.03945" lon="6.40536">
        <ele>2029.2</ele>
      </trkpt>
      <trkpt lat="45.03949" lon="6.405439">
        <ele>2029.3</ele>
      </trkpt>
      <trkpt lat="45.03952" lon="6.4055">
        <ele>2029.4</ele>
      </trkpt>
      <trkpt lat="45.03954" lon="6.40559">
        <ele>2029.3</ele>
      </trkpt>
      <trkpt lat="45.03957" lon="6.4057">
        <ele>2029.3</ele>
      </trkpt>
      <trkpt lat="45.039589" lon="6.40578">
        <ele>2029.3</ele>
      </trkpt>
      <trkpt lat="45.0396" lon="6.40585">
        <ele>2029.2</ele>
      </trkpt>
      <trkpt lat="45.0396" lon="6.40591">
        <ele>2029.1</ele>
      </trkpt>
      <trkpt lat="45.03961" lon="6.40602">
        <ele>2029.0</ele>
      </trkpt>
      <trkpt lat="45.03961" lon="6.40611">
        <ele>2028.8</ele>
      </trkpt>
      <trkpt lat="45.03961" lon="6.4062">
        <ele>2028.6</ele>
      </trkpt>
      <trkpt lat="45.03961" lon="6.40627">
        <ele>2028.4</ele>
      </trkpt>
      <trkpt lat="45.039589" lon="6.40635">
        <ele>2027.9</ele>
      </trkpt>
      <trkpt lat="45.03958" lon="6.40642">
        <ele>2027.5</ele>
      </trkpt>
      <trkpt lat="45.03957" lon="6.40649">
        <ele>2027.2</ele>
      </trkpt>
      <trkpt lat="45.03955" lon="6.40655">
        <ele>2026.7</ele>
      </trkpt>
      <trkpt lat="45.03953" lon="6.40664">
        <ele>2026.2</ele>
      </trkpt>
      <trkpt lat="45.039499" lon="6.406729">
        <ele>2025.6</ele>
      </trkpt>
      <trkpt lat="45.03943" lon="6.40693">
        <ele>2024.2</ele>
      </trkpt>
      <trkpt lat="45.039319" lon="6.407199">
        <ele>2022.1</ele>
      </trkpt>
      <trkpt lat="45.03914" lon="6.40764">
        <ele>2019.1</ele>
      </trkpt>
      <trkpt lat="45.03911" lon="6.40772">
        <ele>2019.0</ele>
      </trkpt>
      <trkpt lat="45.03905" lon="6.40786">
        <ele>2019.0</ele>
      </trkpt>
      <trkpt lat="45.03891" lon="6.4082">
        <ele>2018.7</ele>
      </trkpt>
      <trkpt lat="45.03887" lon="6.4083">
        <ele>2018.6</ele>
      </trkpt>
      <trkpt lat="45.03878" lon="6.40853">
        <ele>2018.3</ele>
      </trkpt>
      <trkpt lat="45.03871" lon="6.40873">
        <ele>2017.9</ele>
      </trkpt>
      <trkpt lat="45.03867" lon="6.40884">
        <ele>2017.5</ele>
      </trkpt>
      <trkpt lat="45.03864" lon="6.40894">
        <ele>2017.2</ele>
      </trkpt>
      <trkpt lat="45.03859" lon="6.40909">
        <ele>2016.5</ele>
      </trkpt>
      <trkpt lat="45.038559" lon="6.40922">
        <ele>2015.7</ele>
      </trkpt>
      <trkpt lat="45.03854" lon="6.40933">
        <ele>2014.7</ele>
      </trkpt>
      <trkpt lat="45.03853" lon="6.40945">
        <ele>2013.8</ele>
      </trkpt>
      <trkpt lat="45.03852" lon="6.40961">
        <ele>2012.6</ele>
      </trkpt>
      <trkpt lat="45.03851" lon="6.40973">
        <ele>2011.6</ele>
      </trkpt>
      <trkpt lat="45.03852" lon="6.409849">
        <ele>2011.0</ele>
      </trkpt>
      <trkpt lat="45.03852" lon="6.40996">
        <ele>2010.3</ele>
      </trkpt>
      <trkpt lat="45.03853" lon="6.40998">
        <ele>2010.4</ele>
      </trkpt>
      <trkpt lat="45.03854" lon="6.41009">
        <ele>2009.5</ele>
      </trkpt>
      <trkpt lat="45.038559" lon="6.41023">
        <ele>2008.4</ele>
      </trkpt>
      <trkpt lat="45.03859" lon="6.41036">
        <ele>2007.7</ele>
      </trkpt>
      <trkpt lat="45.03864" lon="6.410529">
        <ele>2007.3</ele>
      </trkpt>
      <trkpt lat="45.03868" lon="6.41069">
        <ele>2006.8</ele>
      </trkpt>
      <trkpt lat="45.03875" lon="6.4109">
        <ele>2006.3</ele>
      </trkpt>
      <trkpt lat="45.03876" lon="6.41091">
        <ele>2006.4</ele>
      </trkpt>
      <trkpt lat="45.03882" lon="6.41108">
        <ele>2005.1</ele>
      </trkpt>
      <trkpt lat="45.038849" lon="6.411139">
        <ele>2005.0</ele>
      </trkpt>
      <trkpt lat="45.0389" lon="6.41126">
        <ele>2004.5</ele>
      </trkpt>
      <trkpt lat="45.03897" lon="6.41143">
        <ele>2003.9</ele>
      </trkpt>
      <trkpt lat="45.03904" lon="6.41157">
        <ele>2004.0</ele>
      </trkpt>
      <trkpt lat="45.03909" lon="6.41167">
        <ele>2004.1</ele>
      </trkpt>
      <trkpt lat="45.0391" lon="6.411679">
        <ele>2004.2</ele>
      </trkpt>
      <trkpt lat="45.03915" lon="6.41179">
        <ele>2003.0</ele>
      </trkpt>
      <trkpt lat="45.03928" lon="6.41201">
        <ele>2001.8</ele>
      </trkpt>
      <trkpt lat="45.03933" lon="6.41209">
        <ele>2001.4</ele>
      </trkpt>
      <trkpt lat="45.03943" lon="6.41225">
        <ele>2000.6</ele>
      </trkpt>
      <trkpt lat="45.03944" lon="6.41226">
        <ele>2000.5</ele>
      </trkpt>
      <trkpt lat="45.03945" lon="6.41228">
        <ele>2000.5</ele>
      </trkpt>
      <trkpt lat="45.03957" lon="6.41246">
        <ele>1999.5</ele>
      </trkpt>
      <trkpt lat="45.03957" lon="6.41247">
        <ele>1999.5</ele>
      </trkpt>
      <trkpt lat="45.03982" lon="6.41284">
        <ele>1997.5</ele>
      </trkpt>
      <trkpt lat="45.03995" lon="6.41302">
        <ele>1996.5</ele>
      </trkpt>
      <trkpt lat="45.03996" lon="6.41304">
        <ele>1996.4</ele>
      </trkpt>
      <trkpt lat="45.040059" lon="6.41318">
        <ele>1995.6</ele>
      </trkpt>
      <trkpt lat="45.04007" lon="6.4132">
        <ele>1995.5</ele>
      </trkpt>
      <trkpt lat="45.04009" lon="6.41322">
        <ele>1995.4</ele>
      </trkpt>
      <trkpt lat="45.04018" lon="6.41334">
        <ele>1994.7</ele>
      </trkpt>
      <trkpt lat="45.04026" lon="6.41343">
        <ele>1994.2</ele>
      </trkpt>
      <trkpt lat="45.04033" lon="6.4135">
        <ele>1993.7</ele>
      </trkpt>
      <trkpt lat="45.040349" lon="6.41352">
        <ele>1993.6</ele>
      </trkpt>
      <trkpt lat="45.0404" lon="6.41357">
        <ele>1993.2</ele>
      </trkpt>
      <trkpt lat="45.04047" lon="6.41363">
        <ele>1992.8</ele>
      </trkpt>
      <trkpt lat="45.04048" lon="6.41365">
        <ele>1992.7</ele>
      </trkpt>
      <trkpt lat="45.04058" lon="6.41372">
        <ele>1992.1</ele>
      </trkpt>
      <trkpt lat="45.04064" lon="6.41377">
        <ele>1991.7</ele>
      </trkpt>
      <trkpt lat="45.04066" lon="6.41378">
        <ele>1991.6</ele>
      </trkpt>
      <trkpt lat="45.04067" lon="6.41379">
        <ele>1991.5</ele>
      </trkpt>
      <trkpt lat="45.04077" lon="6.41386">
        <ele>1990.9</ele>
      </trkpt>
      <trkpt lat="45.04087" lon="6.41393">
        <ele>1990.3</ele>
      </trkpt>
      <trkpt lat="45.04097" lon="6.41399">
        <ele>1989.7</ele>
      </trkpt>
      <trkpt lat="45.04101" lon="6.41402">
        <ele>1989.5</ele>
      </trkpt>
      <trkpt lat="45.04113" lon="6.41409">
        <ele>1988.8</ele>
      </trkpt>
      <trkpt lat="45.04115" lon="6.4141">
        <ele>1988.7</ele>
      </trkpt>
      <trkpt lat="45.04118" lon="6.414119">
        <ele>1988.5</ele>
      </trkpt>
      <trkpt lat="45.04126" lon="6.41417">
        <ele>1988.0</ele>
      </trkpt>
      <trkpt lat="45.04131" lon="6.41421">
        <ele>1987.7</ele>
      </trkpt>
      <trkpt lat="45.041379" lon="6.41426">
        <ele>1987.3</ele>
      </trkpt>
      <trkpt lat="45.04144" lon="6.41432">
        <ele>1986.9</ele>
      </trkpt>
      <trkpt lat="45.04145" lon="6.41433">
        <ele>1986.8</ele>
      </trkpt>
      <trkpt lat="45.04146" lon="6.41435">
        <ele>1986.7</ele>
      </trkpt>
      <trkpt lat="45.04159" lon="6.41448">
        <ele>1985.8</ele>
      </trkpt>
      <trkpt lat="45.041759" lon="6.41465">
        <ele>1984.7</ele>
      </trkpt>
      <trkpt lat="45.04186" lon="6.41476">
        <ele>1984.0</ele>
      </trkpt>
      <trkpt lat="45.04189" lon="6.414799">
        <ele>1983.8</ele>
      </trkpt>
      <trkpt lat="45.04193" lon="6.41484">
        <ele>1983.5</ele>
      </trkpt>
      <trkpt lat="45.042" lon="6.41495">
        <ele>1983.0</ele>
      </trkpt>
      <trkpt lat="45.04201" lon="6.41496">
        <ele>1982.9</ele>
      </trkpt>
      <trkpt lat="45.04202" lon="6.41498">
        <ele>1982.6</ele>
      </trkpt>
      <trkpt lat="45.04211" lon="6.41512">
        <ele>1980.2</ele>
      </trkpt>
      <trkpt lat="45.04223" lon="6.41531">
        <ele>1977.3</ele>
      </trkpt>
      <trkpt lat="45.04225" lon="6.415339">
        <ele>1976.9</ele>
      </trkpt>
      <trkpt lat="45.04233" lon="6.415479">
        <ele>1976.6</ele>
      </trkpt>
      <trkpt lat="45.04242" lon="6.41568">
        <ele>1976.3</ele>
      </trkpt>
      <trkpt lat="45.04246" lon="6.41577">
        <ele>1976.1</ele>
      </trkpt>
      <trkpt lat="45.04256" lon="6.41599">
        <ele>1975.7</ele>
      </trkpt>
      <trkpt lat="45.04272" lon="6.41637">
        <ele>1975.1</ele>
      </trkpt>
      <trkpt lat="45.042789" lon="6.41654">
        <ele>1974.8</ele>
      </trkpt>
      <trkpt lat="45.0428" lon="6.41659">
        <ele>1974.8</ele>
      </trkpt>
      <trkpt lat="45.04282" lon="6.41666">
        <ele>1974.7</ele>
      </trkpt>
      <trkpt lat="45.04283" lon="6.41672">
        <ele>1975.1</ele>
      </trkpt>
      <trkpt lat="45.04284" lon="6.41678">
        <ele>1975.6</ele>
      </trkpt>
      <trkpt lat="45.04284" lon="6.41683">
        <ele>1975.8</ele>
      </trkpt>
      <trkpt lat="45.04284" lon="6.41687">
        <ele>1976.0</ele>
      </trkpt>
      <trkpt lat="45.04284" lon="6.41692">
        <ele>1976.2</ele>
      </trkpt>
      <trkpt lat="45.04284" lon="6.41696">
        <ele>1976.3</ele>
      </trkpt>
      <trkpt lat="45.04283" lon="6.41701">
        <ele>1976.3</ele>
      </trkpt>
      <trkpt lat="45.04282" lon="6.41705">
        <ele>1976.3</ele>
      </trkpt>
      <trkpt lat="45.04281" lon="6.41709">
        <ele>1976.2</ele>
      </trkpt>
      <trkpt lat="45.0428" lon="6.41713">
        <ele>1976.2</ele>
      </trkpt>
      <trkpt lat="45.04278" lon="6.417169">
        <ele>1975.9</ele>
      </trkpt>
      <trkpt lat="45.04276" lon="6.41721">
        <ele>1975.7</ele>
      </trkpt>
      <trkpt lat="45.04274" lon="6.417239">
        <ele>1975.4</ele>
      </trkpt>
      <trkpt lat="45.04269" lon="6.41732">
        <ele>1974.8</ele>
      </trkpt>
      <trkpt lat="45.04262" lon="6.41742">
        <ele>1973.9</ele>
      </trkpt>
      <trkpt lat="45.04253" lon="6.41752">
        <ele>1972.9</ele>
      </trkpt>
      <trkpt lat="45.0424" lon="6.41767">
        <ele>1972.0</ele>
      </trkpt>
      <trkpt lat="45.04231" lon="6.41777">
        <ele>1971.3</ele>
      </trkpt>
      <trkpt lat="45.04216" lon="6.41791">
        <ele>1969.5</ele>
      </trkpt>
      <trkpt lat="45.04201" lon="6.41806">
        <ele>1967.9</ele>
      </trkpt>
      <trkpt lat="45.042" lon="6.41807">
        <ele>1967.8</ele>
      </trkpt>
      <trkpt lat="45.04195" lon="6.41815">
        <ele>1967.6</ele>
      </trkpt>
      <trkpt lat="45.04189" lon="6.41824">
        <ele>1967.4</ele>
      </trkpt>
      <trkpt lat="45.04183" lon="6.41835">
        <ele>1967.3</ele>
      </trkpt>
      <trkpt lat="45.04177" lon="6.4185">
        <ele>1967.2</ele>
      </trkpt>
      <trkpt lat="45.0417" lon="6.41867">
        <ele>1967.3</ele>
      </trkpt>
      <trkpt lat="45.04165" lon="6.41879">
        <ele>1967.5</ele>
      </trkpt>
      <trkpt lat="45.04163" lon="6.41887">
        <ele>1967.8</ele>
      </trkpt>
      <trkpt lat="45.04162" lon="6.41891">
        <ele>1968.0</ele>
      </trkpt>
      <trkpt lat="45.04161" lon="6.41894">
        <ele>1968.0</ele>
      </trkpt>
      <trkpt lat="45.0416" lon="6.41903">
        <ele>1968.7</ele>
      </trkpt>
      <trkpt lat="45.04158" lon="6.41913">
        <ele>1969.1</ele>
      </trkpt>
      <trkpt lat="45.04157" lon="6.41915">
        <ele>1969.0</ele>
      </trkpt>
      <trkpt lat="45.04155" lon="6.41928">
        <ele>1968.2</ele>
      </trkpt>
      <trkpt lat="45.04154" lon="6.41938">
        <ele>1967.4</ele>
      </trkpt>
      <trkpt lat="45.04154" lon="6.4194">
        <ele>1967.4</ele>
      </trkpt>
      <trkpt lat="45.04153" lon="6.419469">
        <ele>1966.8</ele>
      </trkpt>
      <trkpt lat="45.04152" lon="6.41965">
        <ele>1965.8</ele>
      </trkpt>
      <trkpt lat="45.04151" lon="6.41988">
        <ele>1964.5</ele>
      </trkpt>
      <trkpt lat="45.0415" lon="6.42006">
        <ele>1963.4</ele>
      </trkpt>
      <trkpt lat="45.0415" lon="6.42026">
        <ele>1962.0</ele>
      </trkpt>
      <trkpt lat="45.0415" lon="6.42042">
        <ele>1960.9</ele>
      </trkpt>
      <trkpt lat="45.0415" lon="6.42059">
        <ele>1959.7</ele>
      </trkpt>
      <trkpt lat="45.04152" lon="6.42079">
        <ele>1958.9</ele>
      </trkpt>
      <trkpt lat="45.04154" lon="6.42098">
        <ele>1956.7</ele>
      </trkpt>
      <trkpt lat="45.04158" lon="6.42121">
        <ele>1954.0</ele>
      </trkpt>
      <trkpt lat="45.04164" lon="6.42143">
        <ele>1952.1</ele>
      </trkpt>
      <trkpt lat="45.04171" lon="6.42168">
        <ele>1948.9</ele>
      </trkpt>
      <trkpt lat="45.04174" lon="6.4218">
        <ele>1946.4</ele>
      </trkpt>
      <trkpt lat="45.04178" lon="6.421909">
        <ele>1944.1</ele>
      </trkpt>
      <trkpt lat="45.04181" lon="6.42197">
        <ele>1942.9</ele>
      </trkpt>
      <trkpt lat="45.04184" lon="6.42202">
        <ele>1941.9</ele>
      </trkpt>
      <trkpt lat="45.04187" lon="6.422049">
        <ele>1941.3</ele>
      </trkpt>
      <trkpt lat="45.0419" lon="6.42208">
        <ele>1940.8</ele>
      </trkpt>
      <trkpt lat="45.04191" lon="6.42209">
        <ele>1940.6</ele>
      </trkpt>
      <trkpt lat="45.04192" lon="6.4221">
        <ele>1940.4</ele>
      </trkpt>
      <trkpt lat="45.04195" lon="6.42211">
        <ele>1940.3</ele>
      </trkpt>
      <trkpt lat="45.04198" lon="6.422119">
        <ele>1940.1</ele>
      </trkpt>
      <trkpt lat="45.042" lon="6.42213">
        <ele>1940.0</ele>
      </trkpt>
      <trkpt lat="45.04205" lon="6.42213">
        <ele>1940.1</ele>
      </trkpt>
      <trkpt lat="45.04208" lon="6.422119">
        <ele>1940.4</ele>
      </trkpt>
      <trkpt lat="45.0421" lon="6.422119">
        <ele>1940.5</ele>
      </trkpt>
      <trkpt lat="45.04213" lon="6.4221">
        <ele>1941.0</ele>
      </trkpt>
      <trkpt lat="45.04216" lon="6.42208">
        <ele>1941.6</ele>
      </trkpt>
      <trkpt lat="45.04219" lon="6.42206">
        <ele>1942.1</ele>
      </trkpt>
      <trkpt lat="45.04223" lon="6.42201">
        <ele>1943.3</ele>
      </trkpt>
      <trkpt lat="45.04224" lon="6.422">
        <ele>1943.6</ele>
      </trkpt>
      <trkpt lat="45.04229" lon="6.42194">
        <ele>1945.1</ele>
      </trkpt>
      <trkpt lat="45.04237" lon="6.42183">
        <ele>1947.8</ele>
      </trkpt>
      <trkpt lat="45.04239" lon="6.4218">
        <ele>1948.6</ele>
      </trkpt>
      <trkpt lat="45.04247" lon="6.42169">
        <ele>1951.4</ele>
      </trkpt>
      <trkpt lat="45.042499" lon="6.42165">
        <ele>1952.3</ele>
      </trkpt>
      <trkpt lat="45.04253" lon="6.42161">
        <ele>1953.3</ele>
      </trkpt>
      <trkpt lat="45.04258" lon="6.42155">
        <ele>1954.9</ele>
      </trkpt>
      <trkpt lat="45.0426" lon="6.42154">
        <ele>1955.3</ele>
      </trkpt>
      <trkpt lat="45.04262" lon="6.42153">
        <ele>1955.7</ele>
      </trkpt>
      <trkpt lat="45.04265" lon="6.421509">
        <ele>1956.3</ele>
      </trkpt>
      <trkpt lat="45.04268" lon="6.421509">
        <ele>1956.6</ele>
      </trkpt>
      <trkpt lat="45.04272" lon="6.4215">
        <ele>1957.2</ele>
      </trkpt>
      <trkpt lat="45.04277" lon="6.421509">
        <ele>1957.6</ele>
      </trkpt>
      <trkpt lat="45.0428" lon="6.42152">
        <ele>1957.9</ele>
      </trkpt>
      <trkpt lat="45.04282" lon="6.42152">
        <ele>1958.1</ele>
      </trkpt>
      <trkpt lat="45.04283" lon="6.42153">
        <ele>1958.1</ele>
      </trkpt>
      <trkpt lat="45.04285" lon="6.42154">
        <ele>1958.2</ele>
      </trkpt>
      <trkpt lat="45.04287" lon="6.42155">
        <ele>1958.3</ele>
      </trkpt>
      <trkpt lat="45.0429" lon="6.42157">
        <ele>1958.4</ele>
      </trkpt>
      <trkpt lat="45.04292" lon="6.4216">
        <ele>1958.3</ele>
      </trkpt>
      <trkpt lat="45.04295" lon="6.42162">
        <ele>1958.5</ele>
      </trkpt>
      <trkpt lat="45.042969" lon="6.42165">
        <ele>1958.4</ele>
      </trkpt>
      <trkpt lat="45.04298" lon="6.42166">
        <ele>1958.4</ele>
      </trkpt>
      <trkpt lat="45.04299" lon="6.42168">
        <ele>1958.3</ele>
      </trkpt>
      <trkpt lat="45.04301" lon="6.42171">
        <ele>1958.1</ele>
      </trkpt>
      <trkpt lat="45.04304" lon="6.42177">
        <ele>1957.7</ele>
      </trkpt>
      <trkpt lat="45.043059" lon="6.42184">
        <ele>1957.0</ele>
      </trkpt>
      <trkpt lat="45.04307" lon="6.42188">
        <ele>1956.6</ele>
      </trkpt>
      <trkpt lat="45.04308" lon="6.421909">
        <ele>1956.3</ele>
      </trkpt>
      <trkpt lat="45.04309" lon="6.42202">
        <ele>1955.0</ele>
      </trkpt>
      <trkpt lat="45.0431" lon="6.422119">
        <ele>1953.9</ele>
      </trkpt>
      <trkpt lat="45.0431" lon="6.42215">
        <ele>1953.5</ele>
      </trkpt>
      <trkpt lat="45.0431" lon="6.42231">
        <ele>1951.4</ele>
      </trkpt>
      <trkpt lat="45.0431" lon="6.42238">
        <ele>1950.4</ele>
      </trkpt>
      <trkpt lat="45.04309" lon="6.42264">
        <ele>1947.2</ele>
      </trkpt>
      <trkpt lat="45.04309" lon="6.42272">
        <ele>1946.5</ele>
      </trkpt>
      <trkpt lat="45.04309" lon="6.42318">
        <ele>1942.0</ele>
      </trkpt>
      <trkpt lat="45.0431" lon="6.42351">
        <ele>1940.3</ele>
      </trkpt>
      <trkpt lat="45.04309" lon="6.4237">
        <ele>1939.3</ele>
      </trkpt>
      <trkpt lat="45.04309" lon="6.42386">
        <ele>1938.8</ele>
      </trkpt>
      <trkpt lat="45.04308" lon="6.423949">
        <ele>1938.1</ele>
      </trkpt>
      <trkpt lat="45.04307" lon="6.42404">
        <ele>1937.4</ele>
      </trkpt>
      <trkpt lat="45.043059" lon="6.42412">
        <ele>1936.7</ele>
      </trkpt>
      <trkpt lat="45.04305" lon="6.42416">
        <ele>1936.1</ele>
      </trkpt>
      <trkpt lat="45.04304" lon="6.42421">
        <ele>1935.7</ele>
      </trkpt>
      <trkpt lat="45.04301" lon="6.42436">
        <ele>1934.6</ele>
      </trkpt>
      <trkpt lat="45.04298" lon="6.42452">
        <ele>1933.5</ele>
      </trkpt>
      <trkpt lat="45.04295" lon="6.42468">
        <ele>1932.5</ele>
      </trkpt>
      <trkpt lat="45.04293" lon="6.42483">
        <ele>1931.8</ele>
      </trkpt>
      <trkpt lat="45.04292" lon="6.42501">
        <ele>1931.7</ele>
      </trkpt>
      <trkpt lat="45.0429" lon="6.42512">
        <ele>1931.7</ele>
      </trkpt>
      <trkpt lat="45.04289" lon="6.42519">
        <ele>1931.8</ele>
      </trkpt>
      <trkpt lat="45.04287" lon="6.42529">
        <ele>1931.7</ele>
      </trkpt>
      <trkpt lat="45.04285" lon="6.42539">
        <ele>1931.7</ele>
      </trkpt>
      <trkpt lat="45.04283" lon="6.42548">
        <ele>1931.5</ele>
      </trkpt>
      <trkpt lat="45.04283" lon="6.4255">
        <ele>1931.7</ele>
      </trkpt>
      <trkpt lat="45.0428" lon="6.42561">
        <ele>1931.3</ele>
      </trkpt>
      <trkpt lat="45.04277" lon="6.42576">
        <ele>1931.2</ele>
      </trkpt>
      <trkpt lat="45.04272" lon="6.42599">
        <ele>1931.1</ele>
      </trkpt>
      <trkpt lat="45.0427" lon="6.42607">
        <ele>1931.0</ele>
      </trkpt>
      <trkpt lat="45.04269" lon="6.42611">
        <ele>1931.0</ele>
      </trkpt>
      <trkpt lat="45.04267" lon="6.42615">
        <ele>1930.5</ele>
      </trkpt>
      <trkpt lat="45.04266" lon="6.4262">
        <ele>1930.6</ele>
      </trkpt>
      <trkpt lat="45.04265" lon="6.42622">
        <ele>1930.4</ele>
      </trkpt>
      <trkpt lat="45.04264" lon="6.42624">
        <ele>1930.2</ele>
      </trkpt>
      <trkpt lat="45.0426" lon="6.42631">
        <ele>1929.3</ele>
      </trkpt>
      <trkpt lat="45.04258" lon="6.42635">
        <ele>1929.0</ele>
      </trkpt>
      <trkpt lat="45.04255" lon="6.426389">
        <ele>1928.2</ele>
      </trkpt>
      <trkpt lat="45.04252" lon="6.42643">
        <ele>1927.5</ele>
      </trkpt>
      <trkpt lat="45.04249" lon="6.42647">
        <ele>1926.8</ele>
      </trkpt>
      <trkpt lat="45.04244" lon="6.42654">
        <ele>1926.2</ele>
      </trkpt>
      <trkpt lat="45.04237" lon="6.42661">
        <ele>1925.0</ele>
      </trkpt>
      <trkpt lat="45.0423" lon="6.42668">
        <ele>1924.1</ele>
      </trkpt>
      <trkpt lat="45.04225" lon="6.42672">
        <ele>1923.9</ele>
      </trkpt>
      <trkpt lat="45.0422" lon="6.42677">
        <ele>1923.9</ele>
      </trkpt>
      <trkpt lat="45.04201" lon="6.42694">
        <ele>1923.6</ele>
      </trkpt>
      <trkpt lat="45.04193" lon="6.42701">
        <ele>1923.4</ele>
      </trkpt>
      <trkpt lat="45.04187" lon="6.427069">
        <ele>1923.5</ele>
      </trkpt>
      <trkpt lat="45.04186" lon="6.42708">
        <ele>1923.5</ele>
      </trkpt>
      <trkpt lat="45.04183" lon="6.42711">
        <ele>1923.5</ele>
      </trkpt>
      <trkpt lat="45.04179" lon="6.42714">
        <ele>1923.3</ele>
      </trkpt>
      <trkpt lat="45.04174" lon="6.42718">
        <ele>1923.1</ele>
      </trkpt>
      <trkpt lat="45.0417" lon="6.42721">
        <ele>1922.9</ele>
      </trkpt>
      <trkpt lat="45.04169" lon="6.42722">
        <ele>1922.9</ele>
      </trkpt>
      <trkpt lat="45.04164" lon="6.42725">
        <ele>1922.3</ele>
      </trkpt>
      <trkpt lat="45.04157" lon="6.42728">
        <ele>1921.0</ele>
      </trkpt>
      <trkpt lat="45.04154" lon="6.4273">
        <ele>1920.6</ele>
      </trkpt>
      <trkpt lat="45.04143" lon="6.42736">
        <ele>1918.7</ele>
      </trkpt>
      <trkpt lat="45.04131" lon="6.42743">
        <ele>1916.7</ele>
      </trkpt>
      <trkpt lat="45.04122" lon="6.4275">
        <ele>1915.5</ele>
      </trkpt>
      <trkpt lat="45.04115" lon="6.42756">
        <ele>1914.7</ele>
      </trkpt>
      <trkpt lat="45.04108" lon="6.42763">
        <ele>1914.0</ele>
      </trkpt>
      <trkpt lat="45.04097" lon="6.42776">
        <ele>1913.3</ele>
      </trkpt>
      <trkpt lat="45.040909" lon="6.42781">
        <ele>1912.3</ele>
      </trkpt>
      <trkpt lat="45.04083" lon="6.42791">
        <ele>1911.7</ele>
      </trkpt>
      <trkpt lat="45.04079" lon="6.42795">
        <ele>1911.1</ele>
      </trkpt>
      <trkpt lat="45.04065" lon="6.42812">
        <ele>1909.4</ele>
      </trkpt>
      <trkpt lat="45.04056" lon="6.42828">
        <ele>1909.1</ele>
      </trkpt>
      <trkpt lat="45.04046" lon="6.42847">
        <ele>1908.4</ele>
      </trkpt>
      <trkpt lat="45.04045" lon="6.42849">
        <ele>1908.3</ele>
      </trkpt>
      <trkpt lat="45.04036" lon="6.42867">
        <ele>1907.5</ele>
      </trkpt>
      <trkpt lat="45.04032" lon="6.42875">
        <ele>1907.1</ele>
      </trkpt>
      <trkpt lat="45.04026" lon="6.42889">
        <ele>1906.7</ele>
      </trkpt>
      <trkpt lat="45.0402" lon="6.42901">
        <ele>1906.1</ele>
      </trkpt>
      <trkpt lat="45.04017" lon="6.42911">
        <ele>1906.3</ele>
      </trkpt>
      <trkpt lat="45.04011" lon="6.42925">
        <ele>1905.4</ele>
      </trkpt>
      <trkpt lat="45.04004" lon="6.42948">
        <ele>1904.4</ele>
      </trkpt>
      <trkpt lat="45.04002" lon="6.42957">
        <ele>1904.3</ele>
      </trkpt>
      <trkpt lat="45.03996" lon="6.42977">
        <ele>1903.4</ele>
      </trkpt>
      <trkpt lat="45.03995" lon="6.42981">
        <ele>1903.3</ele>
      </trkpt>
      <trkpt lat="45.039879" lon="6.43011">
        <ele>1902.9</ele>
      </trkpt>
      <trkpt lat="45.0398" lon="6.43056">
        <ele>1903.3</ele>
      </trkpt>
      <trkpt lat="45.03971" lon="6.43098">
        <ele>1903.0</ele>
      </trkpt>
      <trkpt lat="45.03969" lon="6.43107">
        <ele>1902.9</ele>
      </trkpt>
      <trkpt lat="45.03967" lon="6.43118">
        <ele>1903.0</ele>
      </trkpt>
      <trkpt lat="45.03962" lon="6.43133">
        <ele>1902.3</ele>
      </trkpt>
      <trkpt lat="45.03957" lon="6.43149">
        <ele>1901.9</ele>
      </trkpt>
      <trkpt lat="45.03953" lon="6.43163">
        <ele>1901.9</ele>
      </trkpt>
      <trkpt lat="45.03947" lon="6.43178">
        <ele>1900.5</ele>
      </trkpt>
      <trkpt lat="45.03942" lon="6.43191">
        <ele>1899.4</ele>
      </trkpt>
      <trkpt lat="45.039409" lon="6.43193">
        <ele>1899.1</ele>
      </trkpt>
      <trkpt lat="45.039409" lon="6.43194">
        <ele>1899.1</ele>
      </trkpt>
      <trkpt lat="45.039406" lon="6.43194">
        <ele>1899.0</ele>
      </trkpt>
      <trkpt lat="45.03935" lon="6.43207">
        <ele>1897.8</ele>
      </trkpt>
      <trkpt lat="45.03929" lon="6.43221">
        <ele>1896.7</ele>
      </trkpt>
      <trkpt lat="45.03921" lon="6.432349">
        <ele>1895.3</ele>
      </trkpt>
      <trkpt lat="45.03914" lon="6.43246">
        <ele>1894.3</ele>
      </trkpt>
      <trkpt lat="45.0391" lon="6.43251">
        <ele>1894.0</ele>
      </trkpt>
      <trkpt lat="45.03904" lon="6.43259">
        <ele>1893.6</ele>
      </trkpt>
      <trkpt lat="45.03882" lon="6.43283">
        <ele>1891.5</ele>
      </trkpt>
      <trkpt lat="45.03876" lon="6.43289">
        <ele>1890.8</ele>
      </trkpt>
      <trkpt lat="45.03853" lon="6.43314">
        <ele>1887.9</ele>
      </trkpt>
      <trkpt lat="45.0383" lon="6.43337">
        <ele>1884.9</ele>
      </trkpt>
      <trkpt lat="45.03824" lon="6.43344">
        <ele>1884.6</ele>
      </trkpt>
      <trkpt lat="45.03811" lon="6.433569">
        <ele>1883.5</ele>
      </trkpt>
      <trkpt lat="45.038089" lon="6.43359">
        <ele>1883.3</ele>
      </trkpt>
      <trkpt lat="45.03801" lon="6.43369">
        <ele>1882.7</ele>
      </trkpt>
      <trkpt lat="45.03796" lon="6.43376">
        <ele>1882.5</ele>
      </trkpt>
      <trkpt lat="45.03792" lon="6.43381">
        <ele>1882.1</ele>
      </trkpt>
      <trkpt lat="45.03783" lon="6.43394">
        <ele>1881.5</ele>
      </trkpt>
      <trkpt lat="45.03777" lon="6.43403">
        <ele>1881.0</ele>
      </trkpt>
      <trkpt lat="45.03773" lon="6.43409">
        <ele>1880.6</ele>
      </trkpt>
      <trkpt lat="45.0377" lon="6.43412">
        <ele>1880.0</ele>
      </trkpt>
      <trkpt lat="45.03767" lon="6.43415">
        <ele>1879.5</ele>
      </trkpt>
      <trkpt lat="45.0376" lon="6.43424">
        <ele>1879.2</ele>
      </trkpt>
      <trkpt lat="45.03754" lon="6.43429">
        <ele>1878.4</ele>
      </trkpt>
      <trkpt lat="45.03739" lon="6.43444">
        <ele>1877.6</ele>
      </trkpt>
      <trkpt lat="45.0372" lon="6.43463">
        <ele>1876.2</ele>
      </trkpt>
      <trkpt lat="45.0371" lon="6.43474">
        <ele>1875.4</ele>
      </trkpt>
      <trkpt lat="45.03702" lon="6.43484">
        <ele>1874.9</ele>
      </trkpt>
      <trkpt lat="45.036969" lon="6.43491">
        <ele>1874.7</ele>
      </trkpt>
      <trkpt lat="45.03685" lon="6.435069">
        <ele>1874.0</ele>
      </trkpt>
      <trkpt lat="45.03671" lon="6.43527">
        <ele>1873.4</ele>
      </trkpt>
      <trkpt lat="45.036679" lon="6.43531">
        <ele>1873.2</ele>
      </trkpt>
      <trkpt lat="45.03652" lon="6.43556">
        <ele>1872.3</ele>
      </trkpt>
      <trkpt lat="45.03637" lon="6.43582">
        <ele>1871.0</ele>
      </trkpt>
      <trkpt lat="45.03625" lon="6.43605">
        <ele>1870.6</ele>
      </trkpt>
      <trkpt lat="45.0362" lon="6.43614">
        <ele>1870.2</ele>
      </trkpt>
      <trkpt lat="45.03606" lon="6.43641">
        <ele>1869.4</ele>
      </trkpt>
      <trkpt lat="45.036029" lon="6.43646">
        <ele>1869.1</ele>
      </trkpt>
      <trkpt lat="45.03595" lon="6.43661">
        <ele>1868.3</ele>
      </trkpt>
      <trkpt lat="45.03592" lon="6.43665">
        <ele>1867.7</ele>
      </trkpt>
      <trkpt lat="45.03587" lon="6.43672">
        <ele>1867.4</ele>
      </trkpt>
      <trkpt lat="45.0358" lon="6.436829">
        <ele>1867.7</ele>
      </trkpt>
      <trkpt lat="45.03569" lon="6.43697">
        <ele>1867.6</ele>
      </trkpt>
      <trkpt lat="45.03562" lon="6.43706">
        <ele>1867.6</ele>
      </trkpt>
      <trkpt lat="45.03551" lon="6.43717">
        <ele>1866.5</ele>
      </trkpt>
      <trkpt lat="45.03541" lon="6.43727">
        <ele>1865.6</ele>
      </trkpt>
      <trkpt lat="45.03537" lon="6.437299">
        <ele>1864.9</ele>
      </trkpt>
      <trkpt lat="45.03522" lon="6.437439">
        <ele>1863.1</ele>
      </trkpt>
      <trkpt lat="45.03502" lon="6.43762">
        <ele>1860.6</ele>
      </trkpt>
      <trkpt lat="45.03443" lon="6.43817">
        <ele>1855.8</ele>
      </trkpt>
      <trkpt lat="45.03416" lon="6.43842">
        <ele>1854.0</ele>
      </trkpt>
      <trkpt lat="45.03414" lon="6.43844">
        <ele>1853.8</ele>
      </trkpt>
      <trkpt lat="45.03402" lon="6.43856">
        <ele>1852.7</ele>
      </trkpt>
      <trkpt lat="45.03385" lon="6.43872">
        <ele>1850.9</ele>
      </trkpt>
      <trkpt lat="45.03348" lon="6.43912">
        <ele>1848.7</ele>
      </trkpt>
      <trkpt lat="45.03311" lon="6.43954">
        <ele>1847.3</ele>
      </trkpt>
      <trkpt lat="45.03273" lon="6.43996">
        <ele>1844.5</ele>
      </trkpt>
      <trkpt lat="45.032649" lon="6.44005">
        <ele>1843.8</ele>
      </trkpt>
      <trkpt lat="45.03259" lon="6.44012">
        <ele>1843.3</ele>
      </trkpt>
      <trkpt lat="45.03234" lon="6.44039">
        <ele>1842.1</ele>
      </trkpt>
      <trkpt lat="45.03211" lon="6.44066">
        <ele>1842.0</ele>
      </trkpt>
      <trkpt lat="45.03188" lon="6.44093">
        <ele>1841.1</ele>
      </trkpt>
      <trkpt lat="45.03165" lon="6.44124">
        <ele>1839.3</ele>
      </trkpt>
      <trkpt lat="45.0315" lon="6.44147">
        <ele>1838.5</ele>
      </trkpt>
      <trkpt lat="45.03136" lon="6.44174">
        <ele>1837.9</ele>
      </trkpt>
      <trkpt lat="45.03121" lon="6.44201">
        <ele>1835.8</ele>
      </trkpt>
      <trkpt lat="45.03108" lon="6.44228">
        <ele>1833.4</ele>
      </trkpt>
      <trkpt lat="45.03095" lon="6.44258">
        <ele>1830.9</ele>
      </trkpt>
      <trkpt lat="45.0309" lon="6.44271">
        <ele>1830.2</ele>
      </trkpt>
      <trkpt lat="45.03083" lon="6.442859">
        <ele>1828.8</ele>
      </trkpt>
      <trkpt lat="45.03072" lon="6.44315">
        <ele>1827.5</ele>
      </trkpt>
      <trkpt lat="45.03056" lon="6.44359">
        <ele>1826.7</ele>
      </trkpt>
      <trkpt lat="45.03035" lon="6.44413">
        <ele>1825.6</ele>
      </trkpt>
      <trkpt lat="45.03027" lon="6.4443">
        <ele>1824.5</ele>
      </trkpt>
      <trkpt lat="45.03023" lon="6.44438">
        <ele>1823.9</ele>
      </trkpt>
      <trkpt lat="45.03018" lon="6.44446">
        <ele>1822.8</ele>
      </trkpt>
      <trkpt lat="45.03017" lon="6.44446">
        <ele>1822.4</ele>
      </trkpt>
      <trkpt lat="45.03008" lon="6.44459">
        <ele>1820.1</ele>
      </trkpt>
      <trkpt lat="45.02994" lon="6.44479">
        <ele>1817.8</ele>
      </trkpt>
      <trkpt lat="45.02978" lon="6.445">
        <ele>1816.7</ele>
      </trkpt>
      <trkpt lat="45.02977" lon="6.44503">
        <ele>1816.8</ele>
      </trkpt>
      <trkpt lat="45.02966" lon="6.445159">
        <ele>1815.6</ele>
      </trkpt>
      <trkpt lat="45.02942" lon="6.44549">
        <ele>1814.4</ele>
      </trkpt>
      <trkpt lat="45.02938" lon="6.44555">
        <ele>1814.2</ele>
      </trkpt>
      <trkpt lat="45.02934" lon="6.44561">
        <ele>1814.0</ele>
      </trkpt>
      <trkpt lat="45.02928" lon="6.44571">
        <ele>1813.7</ele>
      </trkpt>
      <trkpt lat="45.02925" lon="6.44576">
        <ele>1813.5</ele>
      </trkpt>
      <trkpt lat="45.02921" lon="6.44583">
        <ele>1813.3</ele>
      </trkpt>
      <trkpt lat="45.02914" lon="6.446">
        <ele>1812.9</ele>
      </trkpt>
      <trkpt lat="45.02906" lon="6.44617">
        <ele>1812.5</ele>
      </trkpt>
      <trkpt lat="45.02906" lon="6.44618">
        <ele>1812.6</ele>
      </trkpt>
      <trkpt lat="45.02901" lon="6.44628">
        <ele>1812.1</ele>
      </trkpt>
      <trkpt lat="45.02896" lon="6.4464">
        <ele>1811.8</ele>
      </trkpt>
      <trkpt lat="45.02891" lon="6.446519">
        <ele>1811.4</ele>
      </trkpt>
      <trkpt lat="45.02887" lon="6.44662">
        <ele>1811.1</ele>
      </trkpt>
      <trkpt lat="45.02883" lon="6.44671">
        <ele>1811.0</ele>
      </trkpt>
      <trkpt lat="45.02879" lon="6.44679">
        <ele>1811.0</ele>
      </trkpt>
      <trkpt lat="45.02875" lon="6.44686">
        <ele>1810.8</ele>
      </trkpt>
      <trkpt lat="45.02868" lon="6.44698">
        <ele>1810.3</ele>
      </trkpt>
      <trkpt lat="45.02866" lon="6.44701">
        <ele>1810.1</ele>
      </trkpt>
      <trkpt lat="45.02865" lon="6.44702">
        <ele>1809.9</ele>
      </trkpt>
      <trkpt lat="45.0286" lon="6.44709">
        <ele>1809.2</ele>
      </trkpt>
      <trkpt lat="45.02852" lon="6.44718">
        <ele>1807.7</ele>
      </trkpt>
      <trkpt lat="45.02851" lon="6.44719">
        <ele>1807.5</ele>
      </trkpt>
      <trkpt lat="45.0285" lon="6.44721">
        <ele>1807.5</ele>
      </trkpt>
      <trkpt lat="45.02841" lon="6.44731">
        <ele>1805.6</ele>
      </trkpt>
      <trkpt lat="45.02837" lon="6.44735">
        <ele>1804.7</ele>
      </trkpt>
      <trkpt lat="45.02832" lon="6.44741">
        <ele>1803.7</ele>
      </trkpt>
      <trkpt lat="45.02822" lon="6.4475">
        <ele>1802.1</ele>
      </trkpt>
      <trkpt lat="45.02812" lon="6.4476">
        <ele>1801.6</ele>
      </trkpt>
      <trkpt lat="45.02807" lon="6.44764">
        <ele>1801.1</ele>
      </trkpt>
      <trkpt lat="45.02794" lon="6.44776">
        <ele>1800.0</ele>
      </trkpt>
      <trkpt lat="45.02792" lon="6.44778">
        <ele>1799.8</ele>
      </trkpt>
      <trkpt lat="45.02783" lon="6.44785">
        <ele>1798.6</ele>
      </trkpt>
      <trkpt lat="45.027769" lon="6.44791">
        <ele>1798.0</ele>
      </trkpt>
      <trkpt lat="45.02775" lon="6.44793">
        <ele>1797.8</ele>
      </trkpt>
      <trkpt lat="45.0277" lon="6.44798">
        <ele>1797.2</ele>
      </trkpt>
      <trkpt lat="45.02763" lon="6.44806">
        <ele>1796.5</ele>
      </trkpt>
      <trkpt lat="45.02749" lon="6.44824">
        <ele>1795.4</ele>
      </trkpt>
      <trkpt lat="45.02743" lon="6.44832">
        <ele>1795.5</ele>
      </trkpt>
      <trkpt lat="45.02736" lon="6.448419">
        <ele>1795.7</ele>
      </trkpt>
      <trkpt lat="45.02715" lon="6.44871">
        <ele>1795.4</ele>
      </trkpt>
      <trkpt lat="45.02684" lon="6.44914">
        <ele>1793.1</ele>
      </trkpt>
      <trkpt lat="45.02676" lon="6.44925">
        <ele>1792.2</ele>
      </trkpt>
      <trkpt lat="45.02652" lon="6.4496">
        <ele>1789.6</ele>
      </trkpt>
      <trkpt lat="45.02637" lon="6.44985">
        <ele>1788.0</ele>
      </trkpt>
      <trkpt lat="45.02635" lon="6.44988">
        <ele>1787.7</ele>
      </trkpt>
      <trkpt lat="45.02614" lon="6.45023">
        <ele>1785.9</ele>
      </trkpt>
      <trkpt lat="45.025979" lon="6.45049">
        <ele>1785.1</ele>
      </trkpt>
      <trkpt lat="45.02577" lon="6.45087">
        <ele>1784.5</ele>
      </trkpt>
      <trkpt lat="45.02567" lon="6.45106">
        <ele>1783.8</ele>
      </trkpt>
      <trkpt lat="45.02566" lon="6.45107">
        <ele>1783.6</ele>
      </trkpt>
      <trkpt lat="45.02555" lon="6.45129">
        <ele>1782.7</ele>
      </trkpt>
      <trkpt lat="45.02548" lon="6.45145">
        <ele>1782.2</ele>
      </trkpt>
      <trkpt lat="45.025419" lon="6.45157">
        <ele>1781.5</ele>
      </trkpt>
      <trkpt lat="45.02528" lon="6.45187">
        <ele>1780.2</ele>
      </trkpt>
      <trkpt lat="45.02519" lon="6.45209">
        <ele>1779.3</ele>
      </trkpt>
      <trkpt lat="45.02512" lon="6.4523">
        <ele>1778.6</ele>
      </trkpt>
      <trkpt lat="45.02506" lon="6.45253">
        <ele>1778.4</ele>
      </trkpt>
      <trkpt lat="45.02497" lon="6.45286">
        <ele>1778.4</ele>
      </trkpt>
      <trkpt lat="45.02496" lon="6.45287">
        <ele>1778.1</ele>
      </trkpt>
      <trkpt lat="45.0249" lon="6.45308">
        <ele>1777.9</ele>
      </trkpt>
      <trkpt lat="45.02485" lon="6.4532">
        <ele>1776.9</ele>
      </trkpt>
      <trkpt lat="45.02479" lon="6.45332">
        <ele>1775.3</ele>
      </trkpt>
      <trkpt lat="45.0247" lon="6.45352">
        <ele>1774.5</ele>
      </trkpt>
      <trkpt lat="45.02469" lon="6.45353">
        <ele>1774.2</ele>
      </trkpt>
      <trkpt lat="45.02458" lon="6.453769">
        <ele>1773.5</ele>
      </trkpt>
      <trkpt lat="45.02453" lon="6.45388">
        <ele>1773.2</ele>
      </trkpt>
      <trkpt lat="45.02444" lon="6.4541">
        <ele>1773.1</ele>
      </trkpt>
      <trkpt lat="45.02441" lon="6.45416">
        <ele>1772.8</ele>
      </trkpt>
      <trkpt lat="45.02434" lon="6.45431">
        <ele>1772.5</ele>
      </trkpt>
      <trkpt lat="45.02432" lon="6.45436">
        <ele>1772.6</ele>
      </trkpt>
      <trkpt lat="45.02427" lon="6.454449">
        <ele>1772.1</ele>
      </trkpt>
      <trkpt lat="45.0242" lon="6.45456">
        <ele>1771.1</ele>
      </trkpt>
      <trkpt lat="45.0242" lon="6.45457">
        <ele>1771.3</ele>
      </trkpt>
      <trkpt lat="45.02411" lon="6.45469">
        <ele>1769.9</ele>
      </trkpt>
      <trkpt lat="45.02396" lon="6.45491">
        <ele>1768.0</ele>
      </trkpt>
      <trkpt lat="45.02373" lon="6.45523">
        <ele>1763.9</ele>
      </trkpt>
      <trkpt lat="45.02371" lon="6.45526">
        <ele>1763.6</ele>
      </trkpt>
      <trkpt lat="45.0236" lon="6.45541">
        <ele>1761.7</ele>
      </trkpt>
      <trkpt lat="45.02346" lon="6.45561">
        <ele>1759.7</ele>
      </trkpt>
      <trkpt lat="45.02332" lon="6.45583">
        <ele>1758.6</ele>
      </trkpt>
      <trkpt lat="45.02321" lon="6.45603">
        <ele>1760.0</ele>
      </trkpt>
      <trkpt lat="45.02316" lon="6.45609">
        <ele>1759.9</ele>
      </trkpt>
      <trkpt lat="45.02309" lon="6.45618">
        <ele>1759.8</ele>
      </trkpt>
      <trkpt lat="45.02297" lon="6.45631">
        <ele>1758.9</ele>
      </trkpt>
      <trkpt lat="45.02284" lon="6.45643">
        <ele>1757.4</ele>
      </trkpt>
      <trkpt lat="45.02272" lon="6.45655">
        <ele>1755.8</ele>
      </trkpt>
      <trkpt lat="45.02261" lon="6.45667">
        <ele>1754.4</ele>
      </trkpt>
      <trkpt lat="45.022509" lon="6.45679">
        <ele>1753.4</ele>
      </trkpt>
      <trkpt lat="45.02243" lon="6.45688">
        <ele>1753.1</ele>
      </trkpt>
      <trkpt lat="45.02232" lon="6.45705">
        <ele>1753.1</ele>
      </trkpt>
      <trkpt lat="45.02221" lon="6.45721">
        <ele>1752.4</ele>
      </trkpt>
      <trkpt lat="45.02213" lon="6.45736">
        <ele>1751.9</ele>
      </trkpt>
      <trkpt lat="45.02206" lon="6.457499">
        <ele>1751.3</ele>
      </trkpt>
      <trkpt lat="45.02197" lon="6.45769">
        <ele>1750.2</ele>
      </trkpt>
      <trkpt lat="45.02189" lon="6.45786">
        <ele>1749.2</ele>
      </trkpt>
      <trkpt lat="45.02178" lon="6.458109">
        <ele>1747.9</ele>
      </trkpt>
      <trkpt lat="45.02171" lon="6.45829">
        <ele>1747.1</ele>
      </trkpt>
      <trkpt lat="45.02165" lon="6.45842">
        <ele>1746.4</ele>
      </trkpt>
      <trkpt lat="45.02156" lon="6.4586">
        <ele>1745.5</ele>
      </trkpt>
      <trkpt lat="45.02149" lon="6.45874">
        <ele>1744.9</ele>
      </trkpt>
      <trkpt lat="45.02135" lon="6.45901">
        <ele>1743.9</ele>
      </trkpt>
      <trkpt lat="45.02115" lon="6.45935">
        <ele>1742.2</ele>
      </trkpt>
      <trkpt lat="45.02108" lon="6.45949">
        <ele>1741.7</ele>
      </trkpt>
      <trkpt lat="45.02102" lon="6.45962">
        <ele>1741.2</ele>
      </trkpt>
      <trkpt lat="45.02097" lon="6.45975">
        <ele>1741.0</ele>
      </trkpt>
      <trkpt lat="45.020919" lon="6.459869">
        <ele>1740.6</ele>
      </trkpt>
      <trkpt lat="45.02078" lon="6.46026">
        <ele>1740.4</ele>
      </trkpt>
      <trkpt lat="45.02064" lon="6.46064">
        <ele>1740.3</ele>
      </trkpt>
      <trkpt lat="45.02059" lon="6.46081">
        <ele>1740.1</ele>
      </trkpt>
      <trkpt lat="45.02049" lon="6.4611">
        <ele>1738.7</ele>
      </trkpt>
      <trkpt lat="45.02048" lon="6.46114">
        <ele>1738.6</ele>
      </trkpt>
      <trkpt lat="45.02043" lon="6.46131">
        <ele>1737.9</ele>
      </trkpt>
      <trkpt lat="45.02042" lon="6.46134">
        <ele>1737.7</ele>
      </trkpt>
      <trkpt lat="45.0204" lon="6.46146">
        <ele>1737.6</ele>
      </trkpt>
      <trkpt lat="45.02037" lon="6.46158">
        <ele>1737.2</ele>
      </trkpt>
      <trkpt lat="45.02035" lon="6.46166">
        <ele>1736.9</ele>
      </trkpt>
      <trkpt lat="45.02032" lon="6.46181">
        <ele>1736.6</ele>
      </trkpt>
      <trkpt lat="45.0203" lon="6.46189">
        <ele>1736.3</ele>
      </trkpt>
      <trkpt lat="45.020269" lon="6.46197">
        <ele>1735.6</ele>
      </trkpt>
      <trkpt lat="45.02024" lon="6.46206">
        <ele>1735.0</ele>
      </trkpt>
      <trkpt lat="45.02012" lon="6.46235">
        <ele>1731.9</ele>
      </trkpt>
      <trkpt lat="45.02006" lon="6.4625">
        <ele>1730.2</ele>
      </trkpt>
      <trkpt lat="45.02004" lon="6.46254">
        <ele>1729.8</ele>
      </trkpt>
      <trkpt lat="45.01999" lon="6.46267">
        <ele>1729.2</ele>
      </trkpt>
      <trkpt lat="45.01994" lon="6.4628">
        <ele>1729.1</ele>
      </trkpt>
      <trkpt lat="45.019889" lon="6.4629">
        <ele>1728.7</ele>
      </trkpt>
      <trkpt lat="45.01982" lon="6.46302">
        <ele>1728.0</ele>
      </trkpt>
      <trkpt lat="45.01977" lon="6.4631">
        <ele>1727.4</ele>
      </trkpt>
      <trkpt lat="45.01976" lon="6.46312">
        <ele>1727.3</ele>
      </trkpt>
      <trkpt lat="45.01973" lon="6.46317">
        <ele>1727.0</ele>
      </trkpt>
      <trkpt lat="45.01969" lon="6.46322">
        <ele>1726.3</ele>
      </trkpt>
      <trkpt lat="45.01963" lon="6.4633">
        <ele>1725.4</ele>
      </trkpt>
      <trkpt lat="45.019509" lon="6.46343">
        <ele>1723.8</ele>
      </trkpt>
      <trkpt lat="45.01948" lon="6.46345">
        <ele>1723.3</ele>
      </trkpt>
      <trkpt lat="45.01923" lon="6.46366">
        <ele>1719.5</ele>
      </trkpt>
      <trkpt lat="45.01898" lon="6.46398">
        <ele>1717.9</ele>
      </trkpt>
      <trkpt lat="45.01882" lon="6.46426">
        <ele>1717.2</ele>
      </trkpt>
      <trkpt lat="45.01867" lon="6.46465">
        <ele>1716.2</ele>
      </trkpt>
      <trkpt lat="45.01863" lon="6.46494">
        <ele>1716.8</ele>
      </trkpt>
      <trkpt lat="45.01862" lon="6.46517">
        <ele>1717.8</ele>
      </trkpt>
      <trkpt lat="45.01862" lon="6.46524">
        <ele>1718.2</ele>
      </trkpt>
      <trkpt lat="45.01862" lon="6.46532">
        <ele>1718.6</ele>
      </trkpt>
      <trkpt lat="45.01861" lon="6.46537">
        <ele>1718.6</ele>
      </trkpt>
      <trkpt lat="45.01859" lon="6.465429">
        <ele>1718.3</ele>
      </trkpt>
      <trkpt lat="45.01858" lon="6.46548">
        <ele>1718.2</ele>
      </trkpt>
      <trkpt lat="45.018569" lon="6.46551">
        <ele>1718.1</ele>
      </trkpt>
      <trkpt lat="45.01855" lon="6.46554">
        <ele>1717.6</ele>
      </trkpt>
      <trkpt lat="45.01852" lon="6.46558">
        <ele>1716.9</ele>
      </trkpt>
      <trkpt lat="45.01849" lon="6.46563">
        <ele>1716.2</ele>
      </trkpt>
      <trkpt lat="45.01844" lon="6.46569">
        <ele>1714.9</ele>
      </trkpt>
      <trkpt lat="45.01836" lon="6.46577">
        <ele>1712.6</ele>
      </trkpt>
      <trkpt lat="45.01825" lon="6.46587">
        <ele>1712.0</ele>
      </trkpt>
      <trkpt lat="45.01816" lon="6.46595">
        <ele>1712.0</ele>
      </trkpt>
      <trkpt lat="45.01811" lon="6.466">
        <ele>1712.1</ele>
      </trkpt>
      <trkpt lat="45.018099" lon="6.46601">
        <ele>1712.1</ele>
      </trkpt>
      <trkpt lat="45.01806" lon="6.466039">
        <ele>1712.1</ele>
      </trkpt>
      <trkpt lat="45.01802" lon="6.46607">
        <ele>1712.2</ele>
      </trkpt>
      <trkpt lat="45.01797" lon="6.4661">
        <ele>1712.2</ele>
      </trkpt>
      <trkpt lat="45.01795" lon="6.4661">
        <ele>1712.3</ele>
      </trkpt>
      <trkpt lat="45.01791" lon="6.4661">
        <ele>1712.3</ele>
      </trkpt>
      <trkpt lat="45.01788" lon="6.4661">
        <ele>1712.3</ele>
      </trkpt>
      <trkpt lat="45.01782" lon="6.46607">
        <ele>1712.4</ele>
      </trkpt>
      <trkpt lat="45.01774" lon="6.46602">
        <ele>1712.5</ele>
      </trkpt>
      <trkpt lat="45.01765" lon="6.46595">
        <ele>1710.3</ele>
      </trkpt>
      <trkpt lat="45.01758" lon="6.46591">
        <ele>1708.8</ele>
      </trkpt>
      <trkpt lat="45.017539" lon="6.46588">
        <ele>1707.7</ele>
      </trkpt>
      <trkpt lat="45.01742" lon="6.4658">
        <ele>1706.0</ele>
      </trkpt>
      <trkpt lat="45.01742" lon="6.46579">
        <ele>1705.8</ele>
      </trkpt>
      <trkpt lat="45.01731" lon="6.46573">
        <ele>1705.4</ele>
      </trkpt>
      <trkpt lat="45.01723" lon="6.46569">
        <ele>1705.1</ele>
      </trkpt>
      <trkpt lat="45.01718" lon="6.46567">
        <ele>1704.9</ele>
      </trkpt>
      <trkpt lat="45.01708" lon="6.46563">
        <ele>1704.5</ele>
      </trkpt>
      <trkpt lat="45.01697" lon="6.4656">
        <ele>1704.1</ele>
      </trkpt>
      <trkpt lat="45.01691" lon="6.465569">
        <ele>1703.7</ele>
      </trkpt>
      <trkpt lat="45.01688" lon="6.46556">
        <ele>1703.5</ele>
      </trkpt>
      <trkpt lat="45.0168" lon="6.46552">
        <ele>1702.8</ele>
      </trkpt>
      <trkpt lat="45.01674" lon="6.46549">
        <ele>1702.1</ele>
      </trkpt>
      <trkpt lat="45.01667" lon="6.46544">
        <ele>1701.0</ele>
      </trkpt>
      <trkpt lat="45.016599" lon="6.46541">
        <ele>1699.8</ele>
      </trkpt>
      <trkpt lat="45.01654" lon="6.46538">
        <ele>1698.6</ele>
      </trkpt>
      <trkpt lat="45.0165" lon="6.46536">
        <ele>1697.8</ele>
      </trkpt>
      <trkpt lat="45.01644" lon="6.46534">
        <ele>1696.8</ele>
      </trkpt>
      <trkpt lat="45.01636" lon="6.46532">
        <ele>1695.6</ele>
      </trkpt>
      <trkpt lat="45.01629" lon="6.46531">
        <ele>1694.8</ele>
      </trkpt>
      <trkpt lat="45.0162" lon="6.46531">
        <ele>1694.0</ele>
      </trkpt>
      <trkpt lat="45.016129" lon="6.46531">
        <ele>1693.4</ele>
      </trkpt>
      <trkpt lat="45.01603" lon="6.46533">
        <ele>1693.0</ele>
      </trkpt>
      <trkpt lat="45.01591" lon="6.46536">
        <ele>1692.7</ele>
      </trkpt>
      <trkpt lat="45.01586" lon="6.46538">
        <ele>1692.8</ele>
      </trkpt>
      <trkpt lat="45.01582" lon="6.46541">
        <ele>1693.0</ele>
      </trkpt>
      <trkpt lat="45.01576" lon="6.46544">
        <ele>1692.4</ele>
      </trkpt>
      <trkpt lat="45.01572" lon="6.46548">
        <ele>1692.4</ele>
      </trkpt>
      <trkpt lat="45.0157" lon="6.46549">
        <ele>1692.2</ele>
      </trkpt>
      <trkpt lat="45.01568" lon="6.465499">
        <ele>1692.0</ele>
      </trkpt>
      <trkpt lat="45.01565" lon="6.46554">
        <ele>1692.2</ele>
      </trkpt>
      <trkpt lat="45.01561" lon="6.46558">
        <ele>1692.1</ele>
      </trkpt>
      <trkpt lat="45.015569" lon="6.46562">
        <ele>1692.0</ele>
      </trkpt>
      <trkpt lat="45.01547" lon="6.46576">
        <ele>1692.4</ele>
      </trkpt>
      <trkpt lat="45.01532" lon="6.46595">
        <ele>1691.7</ele>
      </trkpt>
      <trkpt lat="45.01516" lon="6.46616">
        <ele>1690.3</ele>
      </trkpt>
      <trkpt lat="45.015099" lon="6.466249">
        <ele>1689.9</ele>
      </trkpt>
      <trkpt lat="45.01504" lon="6.46635">
        <ele>1689.6</ele>
      </trkpt>
      <trkpt lat="45.015009" lon="6.46639">
        <ele>1689.3</ele>
      </trkpt>
      <trkpt lat="45.01494" lon="6.46651">
        <ele>1689.5</ele>
      </trkpt>
      <trkpt lat="45.0148" lon="6.46673">
        <ele>1690.0</ele>
      </trkpt>
      <trkpt lat="45.01477" lon="6.46678">
        <ele>1690.3</ele>
      </trkpt>
      <trkpt lat="45.01471" lon="6.46685">
        <ele>1690.4</ele>
      </trkpt>
      <trkpt lat="45.01467" lon="6.4669">
        <ele>1690.5</ele>
      </trkpt>
      <trkpt lat="45.014629" lon="6.466929">
        <ele>1690.1</ele>
      </trkpt>
      <trkpt lat="45.01458" lon="6.46699">
        <ele>1690.1</ele>
      </trkpt>
      <trkpt lat="45.01452" lon="6.46705">
        <ele>1689.9</ele>
      </trkpt>
      <trkpt lat="45.01446" lon="6.4671">
        <ele>1689.3</ele>
      </trkpt>
      <trkpt lat="45.01439" lon="6.46715">
        <ele>1688.6</ele>
      </trkpt>
      <trkpt lat="45.01433" lon="6.46719">
        <ele>1687.8</ele>
      </trkpt>
      <trkpt lat="45.01422" lon="6.46727">
        <ele>1686.5</ele>
      </trkpt>
      <trkpt lat="45.01417" lon="6.46729">
        <ele>1685.6</ele>
      </trkpt>
      <trkpt lat="45.01401" lon="6.46737">
        <ele>1685.3</ele>
      </trkpt>
      <trkpt lat="45.01392" lon="6.46741">
        <ele>1685.0</ele>
      </trkpt>
      <trkpt lat="45.01387" lon="6.46742">
        <ele>1684.6</ele>
      </trkpt>
      <trkpt lat="45.01385" lon="6.46742">
        <ele>1684.4</ele>
      </trkpt>
      <trkpt lat="45.013689" lon="6.46745">
        <ele>1683.2</ele>
      </trkpt>
      <trkpt lat="45.01359" lon="6.46746">
        <ele>1682.3</ele>
      </trkpt>
      <trkpt lat="45.01352" lon="6.46748">
        <ele>1681.8</ele>
      </trkpt>
      <trkpt lat="45.013509" lon="6.46748">
        <ele>1681.7</ele>
      </trkpt>
      <trkpt lat="45.01346" lon="6.4675">
        <ele>1681.4</ele>
      </trkpt>
      <trkpt lat="45.01341" lon="6.46752">
        <ele>1681.1</ele>
      </trkpt>
      <trkpt lat="45.01335" lon="6.467539">
        <ele>1680.7</ele>
      </trkpt>
      <trkpt lat="45.01329" lon="6.46756">
        <ele>1680.0</ele>
      </trkpt>
      <trkpt lat="45.01321" lon="6.46761">
        <ele>1679.3</ele>
      </trkpt>
      <trkpt lat="45.01317" lon="6.46763">
        <ele>1678.9</ele>
      </trkpt>
      <trkpt lat="45.013129" lon="6.46765">
        <ele>1678.4</ele>
      </trkpt>
      <trkpt lat="45.01302" lon="6.46773">
        <ele>1677.4</ele>
      </trkpt>
      <trkpt lat="45.01294" lon="6.4678">
        <ele>1676.6</ele>
      </trkpt>
      <trkpt lat="45.01287" lon="6.46786">
        <ele>1675.9</ele>
      </trkpt>
      <trkpt lat="45.01286" lon="6.467869">
        <ele>1675.8</ele>
      </trkpt>
      <trkpt lat="45.01282" lon="6.46791">
        <ele>1675.4</ele>
      </trkpt>
      <trkpt lat="45.01276" lon="6.46798">
        <ele>1674.8</ele>
      </trkpt>
      <trkpt lat="45.012743" lon="6.46796">
        <ele>1674.4</ele>
      </trkpt>
      <trkpt lat="45.01276" lon="6.46798">
        <ele>1674.8</ele>
      </trkpt>
      <trkpt lat="45.01273" lon="6.46802">
        <ele>1674.6</ele>
      </trkpt>
      <trkpt lat="45.01267" lon="6.4681">
        <ele>1674.0</ele>
      </trkpt>
      <trkpt lat="45.01262" lon="6.46819">
        <ele>1673.6</ele>
      </trkpt>
      <trkpt lat="45.01253" lon="6.46836">
        <ele>1673.2</ele>
      </trkpt>
      <trkpt lat="45.01246" lon="6.46847">
        <ele>1673.8</ele>
      </trkpt>
      <trkpt lat="45.01242" lon="6.46853">
        <ele>1674.0</ele>
      </trkpt>
      <trkpt lat="45.01238" lon="6.46859">
        <ele>1674.2</ele>
      </trkpt>
      <trkpt lat="45.01236" lon="6.46861">
        <ele>1674.1</ele>
      </trkpt>
      <trkpt lat="45.01231" lon="6.46867">
        <ele>1673.9</ele>
      </trkpt>
      <trkpt lat="45.01224" lon="6.46875">
        <ele>1673.6</ele>
      </trkpt>
      <trkpt lat="45.01222" lon="6.468759">
        <ele>1673.3</ele>
      </trkpt>
      <trkpt lat="45.01215" lon="6.46884">
        <ele>1672.8</ele>
      </trkpt>
      <trkpt lat="45.0118" lon="6.469159">
        <ele>1667.8</ele>
      </trkpt>
      <trkpt lat="45.01157" lon="6.46939">
        <ele>1666.2</ele>
      </trkpt>
      <trkpt lat="45.01144" lon="6.46952">
        <ele>1665.8</ele>
      </trkpt>
      <trkpt lat="45.01132" lon="6.46964">
        <ele>1665.3</ele>
      </trkpt>
      <trkpt lat="45.01122" lon="6.46973">
        <ele>1664.8</ele>
      </trkpt>
      <trkpt lat="45.01118" lon="6.46976">
        <ele>1664.4</ele>
      </trkpt>
      <trkpt lat="45.01112" lon="6.4698">
        <ele>1663.8</ele>
      </trkpt>
      <trkpt lat="45.01102" lon="6.46988">
        <ele>1663.0</ele>
      </trkpt>
      <trkpt lat="45.01084" lon="6.47">
        <ele>1661.2</ele>
      </trkpt>
      <trkpt lat="45.0107" lon="6.47011">
        <ele>1660.7</ele>
      </trkpt>
      <trkpt lat="45.01059" lon="6.4702">
        <ele>1660.5</ele>
      </trkpt>
      <trkpt lat="45.01047" lon="6.47028">
        <ele>1659.7</ele>
      </trkpt>
      <trkpt lat="45.01038" lon="6.47034">
        <ele>1659.1</ele>
      </trkpt>
      <trkpt lat="45.01025" lon="6.4704">
        <ele>1657.7</ele>
      </trkpt>
      <trkpt lat="45.01021" lon="6.47042">
        <ele>1657.2</ele>
      </trkpt>
      <trkpt lat="45.01012" lon="6.47046">
        <ele>1656.2</ele>
      </trkpt>
      <trkpt lat="45.00999" lon="6.47051">
        <ele>1654.4</ele>
      </trkpt>
      <trkpt lat="45.00981" lon="6.4706">
        <ele>1652.9</ele>
      </trkpt>
      <trkpt lat="45.009749" lon="6.47064">
        <ele>1652.5</ele>
      </trkpt>
      <trkpt lat="45.0097" lon="6.47067">
        <ele>1652.2</ele>
      </trkpt>
      <trkpt lat="45.00967" lon="6.47069">
        <ele>1651.9</ele>
      </trkpt>
      <trkpt lat="45.00954" lon="6.47078">
        <ele>1651.0</ele>
      </trkpt>
      <trkpt lat="45.00951" lon="6.4708">
        <ele>1650.8</ele>
      </trkpt>
      <trkpt lat="45.0094" lon="6.47088">
        <ele>1650.2</ele>
      </trkpt>
      <trkpt lat="45.0093" lon="6.47093">
        <ele>1649.1</ele>
      </trkpt>
      <trkpt lat="45.00921" lon="6.47098">
        <ele>1648.2</ele>
      </trkpt>
      <trkpt lat="45.00916" lon="6.471">
        <ele>1647.5</ele>
      </trkpt>
      <trkpt lat="45.00904" lon="6.471059">
        <ele>1646.3</ele>
      </trkpt>
      <trkpt lat="45.00898" lon="6.47109">
        <ele>1645.7</ele>
      </trkpt>
      <trkpt lat="45.00886" lon="6.47116">
        <ele>1644.6</ele>
      </trkpt>
      <trkpt lat="45.00882" lon="6.47119">
        <ele>1644.3</ele>
      </trkpt>
      <trkpt lat="45.00877" lon="6.47122">
        <ele>1644.4</ele>
      </trkpt>
      <trkpt lat="45.008719" lon="6.47128">
        <ele>1644.7</ele>
      </trkpt>
      <trkpt lat="45.00864" lon="6.47138">
        <ele>1645.1</ele>
      </trkpt>
      <trkpt lat="45.00859" lon="6.47144">
        <ele>1645.3</ele>
      </trkpt>
      <trkpt lat="45.00856" lon="6.4715">
        <ele>1645.5</ele>
      </trkpt>
      <trkpt lat="45.00849" lon="6.47161">
        <ele>1645.8</ele>
      </trkpt>
      <trkpt lat="45.0084" lon="6.471739">
        <ele>1646.3</ele>
      </trkpt>
      <trkpt lat="45.00833" lon="6.47184">
        <ele>1646.7</ele>
      </trkpt>
      <trkpt lat="45.00827" lon="6.47191">
        <ele>1647.5</ele>
      </trkpt>
      <trkpt lat="45.00822" lon="6.47196">
        <ele>1648.0</ele>
      </trkpt>
      <trkpt lat="45.008159" lon="6.47201">
        <ele>1648.1</ele>
      </trkpt>
      <trkpt lat="45.00809" lon="6.47206">
        <ele>1648.1</ele>
      </trkpt>
      <trkpt lat="45.00804" lon="6.47209">
        <ele>1647.9</ele>
      </trkpt>
      <trkpt lat="45.00799" lon="6.4721">
        <ele>1647.1</ele>
      </trkpt>
      <trkpt lat="45.00795" lon="6.47212">
        <ele>1646.8</ele>
      </trkpt>
      <trkpt lat="45.00782" lon="6.47215">
        <ele>1644.9</ele>
      </trkpt>
      <trkpt lat="45.00775" lon="6.47216">
        <ele>1643.7</ele>
      </trkpt>
      <trkpt lat="45.00768" lon="6.47218">
        <ele>1642.8</ele>
      </trkpt>
      <trkpt lat="45.00762" lon="6.47219">
        <ele>1641.8</ele>
      </trkpt>
      <trkpt lat="45.00753" lon="6.47223">
        <ele>1640.8</ele>
      </trkpt>
      <trkpt lat="45.00744" lon="6.47227">
        <ele>1640.2</ele>
      </trkpt>
      <trkpt lat="45.00729" lon="6.472349">
        <ele>1639.6</ele>
      </trkpt>
      <trkpt lat="45.00718" lon="6.472419">
        <ele>1639.2</ele>
      </trkpt>
      <trkpt lat="45.00689" lon="6.47253">
        <ele>1636.6</ele>
      </trkpt>
      <trkpt lat="45.00643" lon="6.47269">
        <ele>1635.4</ele>
      </trkpt>
      <trkpt lat="45.00639" lon="6.4727">
        <ele>1635.3</ele>
      </trkpt>
      <trkpt lat="45.00633" lon="6.4727">
        <ele>1634.8</ele>
      </trkpt>
      <trkpt lat="45.0063" lon="6.47271">
        <ele>1634.8</ele>
      </trkpt>
      <trkpt lat="45.00622" lon="6.47271">
        <ele>1634.2</ele>
      </trkpt>
      <trkpt lat="45.00616" lon="6.47271">
        <ele>1633.7</ele>
      </trkpt>
      <trkpt lat="45.00611" lon="6.4727">
        <ele>1633.1</ele>
      </trkpt>
      <trkpt lat="45.00606" lon="6.47269">
        <ele>1632.4</ele>
      </trkpt>
      <trkpt lat="45.006" lon="6.47268">
        <ele>1631.8</ele>
      </trkpt>
      <trkpt lat="45.00595" lon="6.47267">
        <ele>1631.2</ele>
      </trkpt>
      <trkpt lat="45.00588" lon="6.47266">
        <ele>1630.4</ele>
      </trkpt>
      <trkpt lat="45.00571" lon="6.47261">
        <ele>1628.4</ele>
      </trkpt>
      <trkpt lat="45.00558" lon="6.47259">
        <ele>1627.3</ele>
      </trkpt>
      <trkpt lat="45.00553" lon="6.47258">
        <ele>1626.8</ele>
      </trkpt>
      <trkpt lat="45.00548" lon="6.47257">
        <ele>1626.4</ele>
      </trkpt>
      <trkpt lat="45.00545" lon="6.47257">
        <ele>1626.2</ele>
      </trkpt>
      <trkpt lat="45.00542" lon="6.47257">
        <ele>1626.0</ele>
      </trkpt>
      <trkpt lat="45.00539" lon="6.47258">
        <ele>1626.0</ele>
      </trkpt>
      <trkpt lat="45.00537" lon="6.47258">
        <ele>1625.9</ele>
      </trkpt>
      <trkpt lat="45.00535" lon="6.47259">
        <ele>1625.9</ele>
      </trkpt>
      <trkpt lat="45.0053" lon="6.4726">
        <ele>1625.7</ele>
      </trkpt>
      <trkpt lat="45.00526" lon="6.47263">
        <ele>1625.9</ele>
      </trkpt>
      <trkpt lat="45.00522" lon="6.47266">
        <ele>1626.0</ele>
      </trkpt>
      <trkpt lat="45.00519" lon="6.47268">
        <ele>1626.0</ele>
      </trkpt>
      <trkpt lat="45.005159" lon="6.47271">
        <ele>1626.2</ele>
      </trkpt>
      <trkpt lat="45.00507" lon="6.47281">
        <ele>1626.1</ele>
      </trkpt>
      <trkpt lat="45.005" lon="6.47291">
        <ele>1626.1</ele>
      </trkpt>
      <trkpt lat="45.00494" lon="6.47299">
        <ele>1626.0</ele>
      </trkpt>
      <trkpt lat="45.00493" lon="6.47302">
        <ele>1626.0</ele>
      </trkpt>
      <trkpt lat="45.00482" lon="6.47318">
        <ele>1625.9</ele>
      </trkpt>
      <trkpt lat="45.00481" lon="6.47319">
        <ele>1625.9</ele>
      </trkpt>
      <trkpt lat="45.00471" lon="6.47332">
        <ele>1625.9</ele>
      </trkpt>
      <trkpt lat="45.004689" lon="6.47335">
        <ele>1625.9</ele>
      </trkpt>
      <trkpt lat="45.00467" lon="6.47337">
        <ele>1625.9</ele>
      </trkpt>
      <trkpt lat="45.00464" lon="6.4734">
        <ele>1626.0</ele>
      </trkpt>
      <trkpt lat="45.0046" lon="6.47345">
        <ele>1626.4</ele>
      </trkpt>
      <trkpt lat="45.00456" lon="6.47349">
        <ele>1626.5</ele>
      </trkpt>
      <trkpt lat="45.00454" lon="6.473499">
        <ele>1626.3</ele>
      </trkpt>
      <trkpt lat="45.00452" lon="6.47352">
        <ele>1626.4</ele>
      </trkpt>
      <trkpt lat="45.00447" lon="6.47356">
        <ele>1626.2</ele>
      </trkpt>
      <trkpt lat="45.00439" lon="6.47362">
        <ele>1625.8</ele>
      </trkpt>
      <trkpt lat="45.00436" lon="6.473639">
        <ele>1625.6</ele>
      </trkpt>
      <trkpt lat="45.00433" lon="6.47365">
        <ele>1625.2</ele>
      </trkpt>
      <trkpt lat="45.00419" lon="6.47373">
        <ele>1623.7</ele>
      </trkpt>
      <trkpt lat="45.00412" lon="6.47377">
        <ele>1622.8</ele>
      </trkpt>
      <trkpt lat="45.00406" lon="6.47381">
        <ele>1622.2</ele>
      </trkpt>
      <trkpt lat="45.00403" lon="6.47384">
        <ele>1622.0</ele>
      </trkpt>
      <trkpt lat="45.00397" lon="6.47389">
        <ele>1621.5</ele>
      </trkpt>
      <trkpt lat="45.0039" lon="6.47396">
        <ele>1621.0</ele>
      </trkpt>
      <trkpt lat="45.00376" lon="6.474109">
        <ele>1619.9</ele>
      </trkpt>
      <trkpt lat="45.00366" lon="6.47422">
        <ele>1619.4</ele>
      </trkpt>
      <trkpt lat="45.00362" lon="6.47427">
        <ele>1619.3</ele>
      </trkpt>
      <trkpt lat="45.00359" lon="6.4743">
        <ele>1619.2</ele>
      </trkpt>
      <trkpt lat="45.00338" lon="6.47455">
        <ele>1617.8</ele>
      </trkpt>
      <trkpt lat="45.00327" lon="6.47466">
        <ele>1616.5</ele>
      </trkpt>
      <trkpt lat="45.00315" lon="6.47482">
        <ele>1615.6</ele>
      </trkpt>
      <trkpt lat="45.00309" lon="6.47489">
        <ele>1614.8</ele>
      </trkpt>
      <trkpt lat="45.00303" lon="6.47497">
        <ele>1614.1</ele>
      </trkpt>
      <trkpt lat="45.00293" lon="6.47512">
        <ele>1616.2</ele>
      </trkpt>
      <trkpt lat="45.00285" lon="6.47524">
        <ele>1618.1</ele>
      </trkpt>
      <trkpt lat="45.00279" lon="6.47531">
        <ele>1618.4</ele>
      </trkpt>
      <trkpt lat="45.00274" lon="6.47538">
        <ele>1619.0</ele>
      </trkpt>
      <trkpt lat="45.00268" lon="6.47543">
        <ele>1618.3</ele>
      </trkpt>
      <trkpt lat="45.0026" lon="6.47549">
        <ele>1617.0</ele>
      </trkpt>
      <trkpt lat="45.0025" lon="6.47556">
        <ele>1614.8</ele>
      </trkpt>
      <trkpt lat="45.0024" lon="6.47562">
        <ele>1613.3</ele>
      </trkpt>
      <trkpt lat="45.00217" lon="6.47576">
        <ele>1608.9</ele>
      </trkpt>
      <trkpt lat="45.00215" lon="6.47578">
        <ele>1608.7</ele>
      </trkpt>
      <trkpt lat="45.00197" lon="6.47588">
        <ele>1606.2</ele>
      </trkpt>
      <trkpt lat="45.00184" lon="6.47597">
        <ele>1606.3</ele>
      </trkpt>
      <trkpt lat="45.00182" lon="6.47599">
        <ele>1606.6</ele>
      </trkpt>
      <trkpt lat="45.00173" lon="6.47604">
        <ele>1605.5</ele>
      </trkpt>
      <trkpt lat="45.00165" lon="6.4761">
        <ele>1605.4</ele>
      </trkpt>
      <trkpt lat="45.00155" lon="6.47618">
        <ele>1607.2</ele>
      </trkpt>
      <trkpt lat="45.00145" lon="6.47628">
        <ele>1609.4</ele>
      </trkpt>
      <trkpt lat="45.00135" lon="6.47637">
        <ele>1610.5</ele>
      </trkpt>
      <trkpt lat="45.00124" lon="6.47649">
        <ele>1611.9</ele>
      </trkpt>
      <trkpt lat="45.00116" lon="6.47656">
        <ele>1611.8</ele>
      </trkpt>
      <trkpt lat="45.00111" lon="6.47661">
        <ele>1611.7</ele>
      </trkpt>
      <trkpt lat="45.00106" lon="6.47666">
        <ele>1611.5</ele>
      </trkpt>
      <trkpt lat="45.00105" lon="6.47667">
        <ele>1611.5</ele>
      </trkpt>
      <trkpt lat="45.00101" lon="6.4767">
        <ele>1611.6</ele>
      </trkpt>
      <trkpt lat="45.00097" lon="6.47673">
        <ele>1611.6</ele>
      </trkpt>
      <trkpt lat="45.00092" lon="6.47675">
        <ele>1610.6</ele>
      </trkpt>
      <trkpt lat="45.00087" lon="6.47677">
        <ele>1609.4</ele>
      </trkpt>
      <trkpt lat="45.00081" lon="6.4768">
        <ele>1608.8</ele>
      </trkpt>
      <trkpt lat="45.00077" lon="6.47681">
        <ele>1608.5</ele>
      </trkpt>
      <trkpt lat="45.00072" lon="6.47682">
        <ele>1608.0</ele>
      </trkpt>
      <trkpt lat="45.00062" lon="6.47683">
        <ele>1606.6</ele>
      </trkpt>
      <trkpt lat="45.00058" lon="6.47683">
        <ele>1605.9</ele>
      </trkpt>
      <trkpt lat="45.00054" lon="6.47683">
        <ele>1605.1</ele>
      </trkpt>
      <trkpt lat="45.00051" lon="6.47684">
        <ele>1605.0</ele>
      </trkpt>
      <trkpt lat="45.00045" lon="6.47684">
        <ele>1603.8</ele>
      </trkpt>
      <trkpt lat="45.00009" lon="6.47684">
        <ele>1597.0</ele>
      </trkpt>
      <trkpt lat="44.99996" lon="6.47685">
        <ele>1589.0</ele>
      </trkpt>
      <trkpt lat="44.99989" lon="6.47686">
        <ele>1589.0</ele>
      </trkpt>
      <trkpt lat="44.99983" lon="6.47687">
        <ele>1589.0</ele>
      </trkpt>
      <trkpt lat="44.99978" lon="6.47688">
        <ele>1589.0</ele>
      </trkpt>
      <trkpt lat="44.99972" lon="6.4769">
        <ele>1589.0</ele>
      </trkpt>
      <trkpt lat="44.99959" lon="6.47695">
        <ele>1589.0</ele>
      </trkpt>
      <trkpt lat="44.99947" lon="6.47699">
        <ele>1574.0</ele>
      </trkpt>
      <trkpt lat="44.99946" lon="6.477">
        <ele>1574.0</ele>
      </trkpt>
      <trkpt lat="44.99932" lon="6.47706">
        <ele>1574.0</ele>
      </trkpt>
      <trkpt lat="44.99921" lon="6.47712">
        <ele>1598.0</ele>
      </trkpt>
      <trkpt lat="44.99912" lon="6.47717">
        <ele>1587.5</ele>
      </trkpt>
      <trkpt lat="44.999049" lon="6.47724">
        <ele>1587.9</ele>
      </trkpt>
      <trkpt lat="44.99894" lon="6.47732">
        <ele>1587.7</ele>
      </trkpt>
      <trkpt lat="44.99876" lon="6.47748">
        <ele>1587.7</ele>
      </trkpt>
      <trkpt lat="44.99874" lon="6.4775">
        <ele>1587.8</ele>
      </trkpt>
      <trkpt lat="44.99859" lon="6.47761">
        <ele>1588.0</ele>
      </trkpt>
      <trkpt lat="44.99854" lon="6.47764">
        <ele>1587.9</ele>
      </trkpt>
      <trkpt lat="44.99852" lon="6.47766">
        <ele>1588.2</ele>
      </trkpt>
      <trkpt lat="44.99851" lon="6.47767">
        <ele>1588.3</ele>
      </trkpt>
      <trkpt lat="44.99846" lon="6.477699">
        <ele>1588.3</ele>
      </trkpt>
      <trkpt lat="44.99841" lon="6.47772">
        <ele>1587.9</ele>
      </trkpt>
      <trkpt lat="44.99835" lon="6.47775">
        <ele>1587.7</ele>
      </trkpt>
      <trkpt lat="44.9983" lon="6.47776">
        <ele>1587.0</ele>
      </trkpt>
      <trkpt lat="44.99823" lon="6.47778">
        <ele>1586.3</ele>
      </trkpt>
      <trkpt lat="44.99816" lon="6.47779">
        <ele>1585.1</ele>
      </trkpt>
      <trkpt lat="44.99808" lon="6.47781">
        <ele>1584.1</ele>
      </trkpt>
      <trkpt lat="44.99801" lon="6.47782">
        <ele>1582.9</ele>
      </trkpt>
      <trkpt lat="44.99794" lon="6.477839">
        <ele>1582.0</ele>
      </trkpt>
      <trkpt lat="44.99789" lon="6.47786">
        <ele>1581.5</ele>
      </trkpt>
      <trkpt lat="44.99785" lon="6.47787">
        <ele>1580.9</ele>
      </trkpt>
      <trkpt lat="44.99782" lon="6.4779">
        <ele>1581.0</ele>
      </trkpt>
      <trkpt lat="44.99778" lon="6.47793">
        <ele>1580.9</ele>
      </trkpt>
      <trkpt lat="44.99774" lon="6.47796">
        <ele>1580.8</ele>
      </trkpt>
      <trkpt lat="44.99768" lon="6.47803">
        <ele>1581.0</ele>
      </trkpt>
      <trkpt lat="44.99762" lon="6.4781">
        <ele>1581.2</ele>
      </trkpt>
      <trkpt lat="44.99752" lon="6.47821">
        <ele>1580.9</ele>
      </trkpt>
      <trkpt lat="44.99743" lon="6.478309">
        <ele>1581.4</ele>
      </trkpt>
      <trkpt lat="44.99738" lon="6.47836">
        <ele>1581.6</ele>
      </trkpt>
      <trkpt lat="44.99733" lon="6.4784">
        <ele>1581.6</ele>
      </trkpt>
      <trkpt lat="44.99728" lon="6.47844">
        <ele>1581.6</ele>
      </trkpt>
      <trkpt lat="44.99724" lon="6.47847">
        <ele>1581.6</ele>
      </trkpt>
      <trkpt lat="44.99718" lon="6.4785">
        <ele>1581.2</ele>
      </trkpt>
      <trkpt lat="44.99712" lon="6.478519">
        <ele>1580.7</ele>
      </trkpt>
      <trkpt lat="44.99705" lon="6.47854">
        <ele>1580.0</ele>
      </trkpt>
      <trkpt lat="44.99701" lon="6.47856">
        <ele>1579.7</ele>
      </trkpt>
      <trkpt lat="44.99686" lon="6.478589">
        <ele>1577.9</ele>
      </trkpt>
      <trkpt lat="44.99673" lon="6.47861">
        <ele>1576.3</ele>
      </trkpt>
      <trkpt lat="44.99669" lon="6.47862">
        <ele>1575.9</ele>
      </trkpt>
      <trkpt lat="44.99655" lon="6.47864">
        <ele>1574.9</ele>
      </trkpt>
      <trkpt lat="44.99647" lon="6.47864">
        <ele>1574.2</ele>
      </trkpt>
      <trkpt lat="44.996429" lon="6.47865">
        <ele>1573.9</ele>
      </trkpt>
      <trkpt lat="44.99637" lon="6.47866">
        <ele>1573.5</ele>
      </trkpt>
      <trkpt lat="44.99633" lon="6.47868">
        <ele>1573.1</ele>
      </trkpt>
      <trkpt lat="44.99627" lon="6.47871">
        <ele>1572.7</ele>
      </trkpt>
      <trkpt lat="44.99624" lon="6.47873">
        <ele>1572.4</ele>
      </trkpt>
      <trkpt lat="44.99621" lon="6.47876">
        <ele>1572.1</ele>
      </trkpt>
      <trkpt lat="44.99619" lon="6.47878">
        <ele>1571.9</ele>
      </trkpt>
      <trkpt lat="44.99615" lon="6.47882">
        <ele>1571.6</ele>
      </trkpt>
      <trkpt lat="44.99612" lon="6.47886">
        <ele>1571.7</ele>
      </trkpt>
      <trkpt lat="44.9961" lon="6.4789">
        <ele>1572.0</ele>
      </trkpt>
      <trkpt lat="44.995959" lon="6.4791">
        <ele>1572.4</ele>
      </trkpt>
      <trkpt lat="44.99583" lon="6.47929">
        <ele>1574.8</ele>
      </trkpt>
      <trkpt lat="44.99582" lon="6.47931">
        <ele>1575.1</ele>
      </trkpt>
      <trkpt lat="44.9957" lon="6.47947">
        <ele>1576.9</ele>
      </trkpt>
      <trkpt lat="44.995669" lon="6.47951">
        <ele>1577.3</ele>
      </trkpt>
      <trkpt lat="44.99565" lon="6.47954">
        <ele>1577.7</ele>
      </trkpt>
      <trkpt lat="44.99555" lon="6.47966">
        <ele>1578.4</ele>
      </trkpt>
      <trkpt lat="44.99553" lon="6.479669">
        <ele>1578.1</ele>
      </trkpt>
      <trkpt lat="44.99548" lon="6.47972">
        <ele>1578.1</ele>
      </trkpt>
      <trkpt lat="44.99543" lon="6.47977">
        <ele>1578.0</ele>
      </trkpt>
      <trkpt lat="44.99538" lon="6.4798">
        <ele>1577.4</ele>
      </trkpt>
      <trkpt lat="44.99534" lon="6.47984">
        <ele>1577.3</ele>
      </trkpt>
      <trkpt lat="44.99526" lon="6.47989">
        <ele>1576.2</ele>
      </trkpt>
      <trkpt lat="44.99512" lon="6.47998">
        <ele>1574.3</ele>
      </trkpt>
      <trkpt lat="44.99505" lon="6.48002">
        <ele>1573.3</ele>
      </trkpt>
      <trkpt lat="44.99492" lon="6.4801">
        <ele>1573.3</ele>
      </trkpt>
      <trkpt lat="44.99489" lon="6.48011">
        <ele>1573.1</ele>
      </trkpt>
      <trkpt lat="44.99475" lon="6.48019">
        <ele>1573.2</ele>
      </trkpt>
      <trkpt lat="44.994639" lon="6.48025">
        <ele>1573.0</ele>
      </trkpt>
      <trkpt lat="44.994549" lon="6.4803">
        <ele>1572.7</ele>
      </trkpt>
      <trkpt lat="44.99454" lon="6.48031">
        <ele>1572.8</ele>
      </trkpt>
      <trkpt lat="44.99447" lon="6.48036">
        <ele>1572.7</ele>
      </trkpt>
      <trkpt lat="44.9944" lon="6.48041">
        <ele>1572.6</ele>
      </trkpt>
      <trkpt lat="44.99439" lon="6.48041">
        <ele>1572.4</ele>
      </trkpt>
      <trkpt lat="44.99429" lon="6.48049">
        <ele>1572.3</ele>
      </trkpt>
      <trkpt lat="44.99423" lon="6.48054">
        <ele>1572.2</ele>
      </trkpt>
      <trkpt lat="44.99404" lon="6.48071">
        <ele>1571.4</ele>
      </trkpt>
      <trkpt lat="44.99392" lon="6.480819">
        <ele>1570.6</ele>
      </trkpt>
      <trkpt lat="44.99384" lon="6.48088">
        <ele>1570.2</ele>
      </trkpt>
      <trkpt lat="44.99378" lon="6.48093">
        <ele>1570.1</ele>
      </trkpt>
      <trkpt lat="44.99377" lon="6.48093">
        <ele>1569.8</ele>
      </trkpt>
      <trkpt lat="44.993609" lon="6.48104">
        <ele>1568.5</ele>
      </trkpt>
      <trkpt lat="44.99355" lon="6.48108">
        <ele>1567.9</ele>
      </trkpt>
      <trkpt lat="44.99347" lon="6.48114">
        <ele>1567.2</ele>
      </trkpt>
      <trkpt lat="44.993429" lon="6.48117">
        <ele>1566.8</ele>
      </trkpt>
      <trkpt lat="44.99339" lon="6.4812">
        <ele>1566.4</ele>
      </trkpt>
      <trkpt lat="44.99335" lon="6.48123">
        <ele>1566.0</ele>
      </trkpt>
      <trkpt lat="44.99332" lon="6.48127">
        <ele>1566.2</ele>
      </trkpt>
      <trkpt lat="44.99327" lon="6.48133">
        <ele>1566.7</ele>
      </trkpt>
      <trkpt lat="44.99321" lon="6.481429">
        <ele>1567.7</ele>
      </trkpt>
      <trkpt lat="44.99318" lon="6.48148">
        <ele>1568.2</ele>
      </trkpt>
      <trkpt lat="44.99316" lon="6.48151">
        <ele>1568.4</ele>
      </trkpt>
      <trkpt lat="44.99311" lon="6.48161">
        <ele>1569.4</ele>
      </trkpt>
      <trkpt lat="44.99308" lon="6.48165">
        <ele>1569.4</ele>
      </trkpt>
      <trkpt lat="44.99303" lon="6.48171">
        <ele>1569.3</ele>
      </trkpt>
      <trkpt lat="44.99297" lon="6.48177">
        <ele>1568.8</ele>
      </trkpt>
      <trkpt lat="44.9929" lon="6.48184">
        <ele>1568.1</ele>
      </trkpt>
      <trkpt lat="44.9928" lon="6.48193">
        <ele>1566.5</ele>
      </trkpt>
      <trkpt lat="44.99271" lon="6.48202">
        <ele>1565.0</ele>
      </trkpt>
      <trkpt lat="44.99262" lon="6.482109">
        <ele>1563.3</ele>
      </trkpt>
      <trkpt lat="44.99261" lon="6.48213">
        <ele>1563.2</ele>
      </trkpt>
      <trkpt lat="44.99255" lon="6.4822">
        <ele>1562.1</ele>
      </trkpt>
      <trkpt lat="44.99251" lon="6.482249">
        <ele>1561.2</ele>
      </trkpt>
      <trkpt lat="44.992489" lon="6.48229">
        <ele>1561.3</ele>
      </trkpt>
      <trkpt lat="44.99248" lon="6.48231">
        <ele>1561.4</ele>
      </trkpt>
      <trkpt lat="44.99243" lon="6.48238">
        <ele>1561.6</ele>
      </trkpt>
      <trkpt lat="44.99238" lon="6.48251">
        <ele>1562.6</ele>
      </trkpt>
      <trkpt lat="44.9923" lon="6.48269">
        <ele>1564.3</ele>
      </trkpt>
      <trkpt lat="44.99224" lon="6.48289">
        <ele>1566.2</ele>
      </trkpt>
      <trkpt lat="44.99222" lon="6.48294">
        <ele>1566.5</ele>
      </trkpt>
      <trkpt lat="44.99218" lon="6.48307">
        <ele>1567.4</ele>
      </trkpt>
      <trkpt lat="44.99214" lon="6.48317">
        <ele>1567.6</ele>
      </trkpt>
      <trkpt lat="44.99209" lon="6.4833">
        <ele>1567.8</ele>
      </trkpt>
      <trkpt lat="44.99205" lon="6.48338">
        <ele>1567.4</ele>
      </trkpt>
      <trkpt lat="44.99204" lon="6.48339">
        <ele>1567.1</ele>
      </trkpt>
      <trkpt lat="44.99198" lon="6.48352">
        <ele>1566.5</ele>
      </trkpt>
      <trkpt lat="44.99191" lon="6.48363">
        <ele>1564.9</ele>
      </trkpt>
      <trkpt lat="44.99185" lon="6.48375">
        <ele>1563.6</ele>
      </trkpt>
      <trkpt lat="44.99181" lon="6.48384">
        <ele>1562.8</ele>
      </trkpt>
      <trkpt lat="44.99171" lon="6.48404">
        <ele>1560.1</ele>
      </trkpt>
      <trkpt lat="44.99165" lon="6.4842">
        <ele>1559.4</ele>
      </trkpt>
      <trkpt lat="44.9916" lon="6.48431">
        <ele>1560.8</ele>
      </trkpt>
      <trkpt lat="44.991549" lon="6.48442">
        <ele>1562.0</ele>
      </trkpt>
      <trkpt lat="44.99153" lon="6.48443">
        <ele>1561.7</ele>
      </trkpt>
      <trkpt lat="44.9915" lon="6.484479">
        <ele>1561.9</ele>
      </trkpt>
      <trkpt lat="44.99144" lon="6.48457">
        <ele>1562.1</ele>
      </trkpt>
      <trkpt lat="44.99141" lon="6.48461">
        <ele>1562.0</ele>
      </trkpt>
      <trkpt lat="44.99134" lon="6.484689">
        <ele>1561.3</ele>
      </trkpt>
      <trkpt lat="44.99125" lon="6.48481">
        <ele>1560.4</ele>
      </trkpt>
      <trkpt lat="44.991169" lon="6.48492">
        <ele>1559.4</ele>
      </trkpt>
      <trkpt lat="44.991" lon="6.48519">
        <ele>1558.7</ele>
      </trkpt>
      <trkpt lat="44.99092" lon="6.48532">
        <ele>1558.9</ele>
      </trkpt>
      <trkpt lat="44.99086" lon="6.48543">
        <ele>1559.3</ele>
      </trkpt>
      <trkpt lat="44.99073" lon="6.4856">
        <ele>1559.7</ele>
      </trkpt>
      <trkpt lat="44.99064" lon="6.48569">
        <ele>1559.2</ele>
      </trkpt>
      <trkpt lat="44.99059" lon="6.48574">
        <ele>1558.7</ele>
      </trkpt>
      <trkpt lat="44.99054" lon="6.4858">
        <ele>1558.3</ele>
      </trkpt>
      <trkpt lat="44.9905" lon="6.485839">
        <ele>1557.7</ele>
      </trkpt>
      <trkpt lat="44.99049" lon="6.48586">
        <ele>1557.7</ele>
      </trkpt>
      <trkpt lat="44.99045" lon="6.48593">
        <ele>1557.3</ele>
      </trkpt>
      <trkpt lat="44.99041" lon="6.48599">
        <ele>1556.9</ele>
      </trkpt>
      <trkpt lat="44.99027" lon="6.48623">
        <ele>1555.3</ele>
      </trkpt>
      <trkpt lat="44.99015" lon="6.486449">
        <ele>1553.9</ele>
      </trkpt>
      <trkpt lat="44.98977" lon="6.4872">
        <ele>1552.8</ele>
      </trkpt>
      <trkpt lat="44.98942" lon="6.48787">
        <ele>1550.4</ele>
      </trkpt>
      <trkpt lat="44.98928" lon="6.48815">
        <ele>1549.4</ele>
      </trkpt>
      <trkpt lat="44.9891" lon="6.48849">
        <ele>1547.7</ele>
      </trkpt>
      <trkpt lat="44.98896" lon="6.48877">
        <ele>1547.0</ele>
      </trkpt>
      <trkpt lat="44.98889" lon="6.48893">
        <ele>1547.2</ele>
      </trkpt>
      <trkpt lat="44.988819" lon="6.48913">
        <ele>1547.5</ele>
      </trkpt>
      <trkpt lat="44.9888" lon="6.48921">
        <ele>1547.6</ele>
      </trkpt>
      <trkpt lat="44.98876" lon="6.48935">
        <ele>1547.8</ele>
      </trkpt>
      <trkpt lat="44.9887" lon="6.48959">
        <ele>1548.2</ele>
      </trkpt>
      <trkpt lat="44.98868" lon="6.48966">
        <ele>1548.3</ele>
      </trkpt>
      <trkpt lat="44.988639" lon="6.48983">
        <ele>1548.6</ele>
      </trkpt>
      <trkpt lat="44.98862" lon="6.48989">
        <ele>1548.5</ele>
      </trkpt>
      <trkpt lat="44.98859" lon="6.49001">
        <ele>1548.7</ele>
      </trkpt>
      <trkpt lat="44.98857" lon="6.49006">
        <ele>1549.0</ele>
      </trkpt>
      <trkpt lat="44.98856" lon="6.49007">
        <ele>1549.0</ele>
      </trkpt>
      <trkpt lat="44.98853" lon="6.49014">
        <ele>1549.3</ele>
      </trkpt>
      <trkpt lat="44.98851" lon="6.49019">
        <ele>1549.6</ele>
      </trkpt>
      <trkpt lat="44.98849" lon="6.49023">
        <ele>1549.7</ele>
      </trkpt>
      <trkpt lat="44.98845" lon="6.49029">
        <ele>1549.6</ele>
      </trkpt>
      <trkpt lat="44.98842" lon="6.49034">
        <ele>1549.6</ele>
      </trkpt>
      <trkpt lat="44.98836" lon="6.49041">
        <ele>1549.1</ele>
      </trkpt>
      <trkpt lat="44.98828" lon="6.490509">
        <ele>1548.5</ele>
      </trkpt>
      <trkpt lat="44.98819" lon="6.4906">
        <ele>1547.3</ele>
      </trkpt>
      <trkpt lat="44.988169" lon="6.49062">
        <ele>1547.0</ele>
      </trkpt>
      <trkpt lat="44.98807" lon="6.490719">
        <ele>1545.4</ele>
      </trkpt>
      <trkpt lat="44.98798" lon="6.49081">
        <ele>1543.7</ele>
      </trkpt>
      <trkpt lat="44.98791" lon="6.49088">
        <ele>1542.7</ele>
      </trkpt>
      <trkpt lat="44.98787" lon="6.49095">
        <ele>1542.9</ele>
      </trkpt>
      <trkpt lat="44.98783" lon="6.491">
        <ele>1542.6</ele>
      </trkpt>
      <trkpt lat="44.98778" lon="6.49107">
        <ele>1542.3</ele>
      </trkpt>
      <trkpt lat="44.98772" lon="6.49118">
        <ele>1542.4</ele>
      </trkpt>
      <trkpt lat="44.98767" lon="6.491259">
        <ele>1542.2</ele>
      </trkpt>
      <trkpt lat="44.98762" lon="6.491329">
        <ele>1541.7</ele>
      </trkpt>
      <trkpt lat="44.98754" lon="6.49144">
        <ele>1540.8</ele>
      </trkpt>
      <trkpt lat="44.98753" lon="6.49145">
        <ele>1540.7</ele>
      </trkpt>
      <trkpt lat="44.98739" lon="6.49161">
        <ele>1539.7</ele>
      </trkpt>
      <trkpt lat="44.98737" lon="6.49164">
        <ele>1539.7</ele>
      </trkpt>
      <trkpt lat="44.98726" lon="6.49177">
        <ele>1539.1</ele>
      </trkpt>
      <trkpt lat="44.9872" lon="6.49185">
        <ele>1538.8</ele>
      </trkpt>
      <trkpt lat="44.98716" lon="6.49191">
        <ele>1538.6</ele>
      </trkpt>
      <trkpt lat="44.98712" lon="6.49197">
        <ele>1538.3</ele>
      </trkpt>
      <trkpt lat="44.98707" lon="6.49205">
        <ele>1538.0</ele>
      </trkpt>
      <trkpt lat="44.98702" lon="6.49215">
        <ele>1537.8</ele>
      </trkpt>
      <trkpt lat="44.987" lon="6.4922">
        <ele>1537.8</ele>
      </trkpt>
      <trkpt lat="44.98697" lon="6.49226">
        <ele>1537.5</ele>
      </trkpt>
      <trkpt lat="44.98694" lon="6.49236">
        <ele>1537.7</ele>
      </trkpt>
      <trkpt lat="44.98692" lon="6.49245">
        <ele>1538.0</ele>
      </trkpt>
      <trkpt lat="44.98688" lon="6.49258">
        <ele>1537.9</ele>
      </trkpt>
      <trkpt lat="44.98687" lon="6.492619">
        <ele>1537.9</ele>
      </trkpt>
      <trkpt lat="44.98683" lon="6.4928">
        <ele>1538.0</ele>
      </trkpt>
      <trkpt lat="44.98681" lon="6.49286">
        <ele>1537.8</ele>
      </trkpt>
      <trkpt lat="44.98678" lon="6.49299">
        <ele>1537.7</ele>
      </trkpt>
      <trkpt lat="44.98674" lon="6.49313">
        <ele>1537.3</ele>
      </trkpt>
      <trkpt lat="44.9867" lon="6.49325">
        <ele>1536.7</ele>
      </trkpt>
      <trkpt lat="44.98665" lon="6.49339">
        <ele>1536.7</ele>
      </trkpt>
      <trkpt lat="44.98659" lon="6.49353">
        <ele>1537.7</ele>
      </trkpt>
      <trkpt lat="44.98652" lon="6.49365">
        <ele>1537.8</ele>
      </trkpt>
      <trkpt lat="44.98644" lon="6.4938">
        <ele>1537.7</ele>
      </trkpt>
      <trkpt lat="44.98635" lon="6.49393">
        <ele>1536.7</ele>
      </trkpt>
      <trkpt lat="44.98628" lon="6.49404">
        <ele>1535.8</ele>
      </trkpt>
      <trkpt lat="44.9861" lon="6.4943">
        <ele>1535.1</ele>
      </trkpt>
      <trkpt lat="44.98597" lon="6.49448">
        <ele>1535.6</ele>
      </trkpt>
      <trkpt lat="44.98596" lon="6.4945">
        <ele>1535.9</ele>
      </trkpt>
      <trkpt lat="44.98584" lon="6.49466">
        <ele>1535.7</ele>
      </trkpt>
      <trkpt lat="44.98583" lon="6.49468">
        <ele>1535.9</ele>
      </trkpt>
      <trkpt lat="44.9858" lon="6.49472">
        <ele>1536.2</ele>
      </trkpt>
      <trkpt lat="44.98576" lon="6.49475">
        <ele>1535.9</ele>
      </trkpt>
      <trkpt lat="44.985729" lon="6.49479">
        <ele>1536.1</ele>
      </trkpt>
      <trkpt lat="44.9857" lon="6.49481">
        <ele>1535.6</ele>
      </trkpt>
      <trkpt lat="44.98569" lon="6.49481">
        <ele>1535.3</ele>
      </trkpt>
      <trkpt lat="44.98559" lon="6.49488">
        <ele>1533.7</ele>
      </trkpt>
      <trkpt lat="44.98545" lon="6.49497">
        <ele>1530.7</ele>
      </trkpt>
      <trkpt lat="44.98538" lon="6.49503">
        <ele>1529.5</ele>
      </trkpt>
      <trkpt lat="44.98532" lon="6.49508">
        <ele>1528.6</ele>
      </trkpt>
      <trkpt lat="44.98524" lon="6.49517">
        <ele>1527.9</ele>
      </trkpt>
      <trkpt lat="44.9851" lon="6.49536">
        <ele>1527.3</ele>
      </trkpt>
      <trkpt lat="44.98496" lon="6.49556">
        <ele>1527.0</ele>
      </trkpt>
      <trkpt lat="44.984879" lon="6.49569">
        <ele>1527.7</ele>
      </trkpt>
      <trkpt lat="44.98483" lon="6.49577">
        <ele>1527.9</ele>
      </trkpt>
      <trkpt lat="44.98459" lon="6.4962">
        <ele>1528.3</ele>
      </trkpt>
      <trkpt lat="44.98452" lon="6.49633">
        <ele>1528.0</ele>
      </trkpt>
      <trkpt lat="44.98437" lon="6.49659">
        <ele>1526.0</ele>
      </trkpt>
      <trkpt lat="44.98429" lon="6.49672">
        <ele>1525.0</ele>
      </trkpt>
      <trkpt lat="44.98408" lon="6.49712">
        <ele>1526.9</ele>
      </trkpt>
      <trkpt lat="44.984" lon="6.49726">
        <ele>1527.7</ele>
      </trkpt>
      <trkpt lat="44.98397" lon="6.49733">
        <ele>1528.4</ele>
      </trkpt>
      <trkpt lat="44.98395" lon="6.49737">
        <ele>1528.6</ele>
      </trkpt>
      <trkpt lat="44.98383" lon="6.49766">
        <ele>1531.1</ele>
      </trkpt>
      <trkpt lat="44.98378" lon="6.49776">
        <ele>1531.6</ele>
      </trkpt>
      <trkpt lat="44.983759" lon="6.4978">
        <ele>1531.7</ele>
      </trkpt>
      <trkpt lat="44.98368" lon="6.49795">
        <ele>1532.0</ele>
      </trkpt>
      <trkpt lat="44.983669" lon="6.497969">
        <ele>1532.0</ele>
      </trkpt>
      <trkpt lat="44.9836" lon="6.49807">
        <ele>1531.3</ele>
      </trkpt>
      <trkpt lat="44.98355" lon="6.49816">
        <ele>1531.1</ele>
      </trkpt>
      <trkpt lat="44.98351" lon="6.49822">
        <ele>1530.6</ele>
      </trkpt>
      <trkpt lat="44.9835" lon="6.49823">
        <ele>1530.4</ele>
      </trkpt>
      <trkpt lat="44.98342" lon="6.49834">
        <ele>1529.0</ele>
      </trkpt>
      <trkpt lat="44.98333" lon="6.49845">
        <ele>1527.7</ele>
      </trkpt>
      <trkpt lat="44.98317" lon="6.4986">
        <ele>1527.9</ele>
      </trkpt>
      <trkpt lat="44.98286" lon="6.49885">
        <ele>1525.7</ele>
      </trkpt>
      <trkpt lat="44.98267" lon="6.49901">
        <ele>1523.5</ele>
      </trkpt>
      <trkpt lat="44.98254" lon="6.4991">
        <ele>1521.2</ele>
      </trkpt>
      <trkpt lat="44.98248" lon="6.49914">
        <ele>1520.4</ele>
      </trkpt>
      <trkpt lat="44.98238" lon="6.49921">
        <ele>1520.2</ele>
      </trkpt>
      <trkpt lat="44.98236" lon="6.49922">
        <ele>1520.2</ele>
      </trkpt>
      <trkpt lat="44.98227" lon="6.49927">
        <ele>1519.7</ele>
      </trkpt>
      <trkpt lat="44.98221" lon="6.4993">
        <ele>1519.4</ele>
      </trkpt>
      <trkpt lat="44.98219" lon="6.49931">
        <ele>1519.3</ele>
      </trkpt>
      <trkpt lat="44.9821" lon="6.49935">
        <ele>1518.7</ele>
      </trkpt>
      <trkpt lat="44.98204" lon="6.49936">
        <ele>1518.1</ele>
      </trkpt>
      <trkpt lat="44.98201" lon="6.49937">
        <ele>1517.8</ele>
      </trkpt>
      <trkpt lat="44.98193" lon="6.49939">
        <ele>1517.1</ele>
      </trkpt>
      <trkpt lat="44.98186" lon="6.499399">
        <ele>1516.3</ele>
      </trkpt>
      <trkpt lat="44.98185" lon="6.49941">
        <ele>1516.3</ele>
      </trkpt>
      <trkpt lat="44.98175" lon="6.49942">
        <ele>1515.2</ele>
      </trkpt>
      <trkpt lat="44.98168" lon="6.49942">
        <ele>1514.3</ele>
      </trkpt>
      <trkpt lat="44.98163" lon="6.49942">
        <ele>1514.2</ele>
      </trkpt>
      <trkpt lat="44.98154" lon="6.49938">
        <ele>1513.9</ele>
      </trkpt>
      <trkpt lat="44.98137" lon="6.49934">
        <ele>1513.8</ele>
      </trkpt>
      <trkpt lat="44.98118" lon="6.499259">
        <ele>1513.4</ele>
      </trkpt>
      <trkpt lat="44.98095" lon="6.49917">
        <ele>1512.9</ele>
      </trkpt>
      <trkpt lat="44.980849" lon="6.49914">
        <ele>1512.8</ele>
      </trkpt>
      <trkpt lat="44.98069" lon="6.49909">
        <ele>1511.5</ele>
      </trkpt>
      <trkpt lat="44.98058" lon="6.49906">
        <ele>1510.6</ele>
      </trkpt>
      <trkpt lat="44.98049" lon="6.49904">
        <ele>1509.9</ele>
      </trkpt>
      <trkpt lat="44.98045" lon="6.49904">
        <ele>1509.7</ele>
      </trkpt>
      <trkpt lat="44.98041" lon="6.49903">
        <ele>1509.4</ele>
      </trkpt>
      <trkpt lat="44.98035" lon="6.49904">
        <ele>1509.1</ele>
      </trkpt>
      <trkpt lat="44.980289" lon="6.49905">
        <ele>1508.9</ele>
      </trkpt>
      <trkpt lat="44.98022" lon="6.49907">
        <ele>1508.6</ele>
      </trkpt>
      <trkpt lat="44.98015" lon="6.499119">
        <ele>1508.6</ele>
      </trkpt>
      <trkpt lat="44.98011" lon="6.49914">
        <ele>1508.5</ele>
      </trkpt>
      <trkpt lat="44.98003" lon="6.4992">
        <ele>1508.5</ele>
      </trkpt>
      <trkpt lat="44.97996" lon="6.49925">
        <ele>1508.4</ele>
      </trkpt>
      <trkpt lat="44.97995" lon="6.49925">
        <ele>1508.3</ele>
      </trkpt>
      <trkpt lat="44.979909" lon="6.49929">
        <ele>1508.4</ele>
      </trkpt>
      <trkpt lat="44.97985" lon="6.49934">
        <ele>1508.4</ele>
      </trkpt>
      <trkpt lat="44.97978" lon="6.499399">
        <ele>1508.5</ele>
      </trkpt>
      <trkpt lat="44.9797" lon="6.4995">
        <ele>1508.7</ele>
      </trkpt>
      <trkpt lat="44.97966" lon="6.49955">
        <ele>1508.8</ele>
      </trkpt>
      <trkpt lat="44.97957" lon="6.49964">
        <ele>1509.0</ele>
      </trkpt>
      <trkpt lat="44.9793" lon="6.49997">
        <ele>1509.6</ele>
      </trkpt>
      <trkpt lat="44.97915" lon="6.50016">
        <ele>1510.0</ele>
      </trkpt>
      <trkpt lat="44.979059" lon="6.5003">
        <ele>1509.9</ele>
      </trkpt>
      <trkpt lat="44.97898" lon="6.50044">
        <ele>1509.7</ele>
      </trkpt>
      <trkpt lat="44.97892" lon="6.500549">
        <ele>1509.4</ele>
      </trkpt>
      <trkpt lat="44.97889" lon="6.50061">
        <ele>1509.3</ele>
      </trkpt>
      <trkpt lat="44.97883" lon="6.50077">
        <ele>1509.1</ele>
      </trkpt>
      <trkpt lat="44.97881" lon="6.50081">
        <ele>1508.9</ele>
      </trkpt>
      <trkpt lat="44.97872" lon="6.5011">
        <ele>1508.0</ele>
      </trkpt>
      <trkpt lat="44.97866" lon="6.50129">
        <ele>1507.5</ele>
      </trkpt>
      <trkpt lat="44.97852" lon="6.50176">
        <ele>1506.7</ele>
      </trkpt>
      <trkpt lat="44.97845" lon="6.502">
        <ele>1506.5</ele>
      </trkpt>
      <trkpt lat="44.97844" lon="6.50203">
        <ele>1506.5</ele>
      </trkpt>
      <trkpt lat="44.97828" lon="6.50259">
        <ele>1506.3</ele>
      </trkpt>
      <trkpt lat="44.97819" lon="6.50291">
        <ele>1505.2</ele>
      </trkpt>
      <trkpt lat="44.97811" lon="6.50319">
        <ele>1504.1</ele>
      </trkpt>
      <trkpt lat="44.97808" lon="6.5033">
        <ele>1503.7</ele>
      </trkpt>
      <trkpt lat="44.97807" lon="6.50334">
        <ele>1503.6</ele>
      </trkpt>
      <trkpt lat="44.978" lon="6.503529">
        <ele>1502.5</ele>
      </trkpt>
      <trkpt lat="44.97796" lon="6.50365">
        <ele>1501.9</ele>
      </trkpt>
      <trkpt lat="44.97792" lon="6.50375">
        <ele>1501.3</ele>
      </trkpt>
      <trkpt lat="44.97783" lon="6.50396">
        <ele>1500.2</ele>
      </trkpt>
      <trkpt lat="44.97778" lon="6.504069">
        <ele>1499.6</ele>
      </trkpt>
      <trkpt lat="44.97776" lon="6.50411">
        <ele>1499.4</ele>
      </trkpt>
      <trkpt lat="44.97773" lon="6.50418">
        <ele>1499.1</ele>
      </trkpt>
      <trkpt lat="44.97768" lon="6.504279">
        <ele>1498.9</ele>
      </trkpt>
      <trkpt lat="44.9775" lon="6.50464">
        <ele>1498.3</ele>
      </trkpt>
      <trkpt lat="44.97736" lon="6.50495">
        <ele>1498.3</ele>
      </trkpt>
      <trkpt lat="44.97716" lon="6.50538">
        <ele>1496.8</ele>
      </trkpt>
      <trkpt lat="44.97706" lon="6.50559">
        <ele>1496.4</ele>
      </trkpt>
      <trkpt lat="44.97696" lon="6.5058">
        <ele>1496.3</ele>
      </trkpt>
      <trkpt lat="44.97684" lon="6.50606">
        <ele>1496.3</ele>
      </trkpt>
      <trkpt lat="44.97666" lon="6.506439">
        <ele>1496.4</ele>
      </trkpt>
      <trkpt lat="44.97664" lon="6.50648">
        <ele>1496.3</ele>
      </trkpt>
      <trkpt lat="44.97646" lon="6.50686">
        <ele>1495.0</ele>
      </trkpt>
      <trkpt lat="44.97645" lon="6.50689">
        <ele>1494.9</ele>
      </trkpt>
      <trkpt lat="44.97643" lon="6.50693">
        <ele>1494.8</ele>
      </trkpt>
      <trkpt lat="44.97637" lon="6.50708">
        <ele>1494.5</ele>
      </trkpt>
      <trkpt lat="44.976349" lon="6.507119">
        <ele>1494.4</ele>
      </trkpt>
      <trkpt lat="44.97626" lon="6.50734">
        <ele>1494.2</ele>
      </trkpt>
      <trkpt lat="44.97619" lon="6.5075">
        <ele>1494.1</ele>
      </trkpt>
      <trkpt lat="44.97609" lon="6.50772">
        <ele>1492.7</ele>
      </trkpt>
      <trkpt lat="44.97605" lon="6.50781">
        <ele>1492.2</ele>
      </trkpt>
      <trkpt lat="44.97603" lon="6.50788">
        <ele>1491.8</ele>
      </trkpt>
      <trkpt lat="44.97598" lon="6.50799">
        <ele>1491.1</ele>
      </trkpt>
      <trkpt lat="44.97594" lon="6.50818">
        <ele>1490.2</ele>
      </trkpt>
      <trkpt lat="44.97591" lon="6.508339">
        <ele>1489.5</ele>
      </trkpt>
      <trkpt lat="44.9759" lon="6.50847">
        <ele>1489.2</ele>
      </trkpt>
      <trkpt lat="44.9759" lon="6.50864">
        <ele>1488.9</ele>
      </trkpt>
      <trkpt lat="44.9759" lon="6.50872">
        <ele>1488.8</ele>
      </trkpt>
      <trkpt lat="44.97591" lon="6.50885">
        <ele>1488.7</ele>
      </trkpt>
      <trkpt lat="44.97594" lon="6.50921">
        <ele>1488.2</ele>
      </trkpt>
      <trkpt lat="44.975969" lon="6.50944">
        <ele>1487.9</ele>
      </trkpt>
      <trkpt lat="44.975969" lon="6.50948">
        <ele>1487.8</ele>
      </trkpt>
      <trkpt lat="44.97598" lon="6.50953">
        <ele>1487.8</ele>
      </trkpt>
      <trkpt lat="44.97598" lon="6.509629">
        <ele>1487.6</ele>
      </trkpt>
      <trkpt lat="44.97598" lon="6.50966">
        <ele>1487.6</ele>
      </trkpt>
      <trkpt lat="44.97598" lon="6.50981">
        <ele>1487.3</ele>
      </trkpt>
      <trkpt lat="44.97596" lon="6.50996">
        <ele>1487.1</ele>
      </trkpt>
      <trkpt lat="44.97595" lon="6.51009">
        <ele>1486.9</ele>
      </trkpt>
      <trkpt lat="44.97594" lon="6.510169">
        <ele>1486.8</ele>
      </trkpt>
      <trkpt lat="44.97592" lon="6.51028">
        <ele>1486.6</ele>
      </trkpt>
      <trkpt lat="44.9759" lon="6.51041">
        <ele>1486.5</ele>
      </trkpt>
      <trkpt lat="44.97587" lon="6.51059">
        <ele>1486.3</ele>
      </trkpt>
      <trkpt lat="44.97584" lon="6.51076">
        <ele>1486.1</ele>
      </trkpt>
      <trkpt lat="44.97581" lon="6.51094">
        <ele>1485.6</ele>
      </trkpt>
      <trkpt lat="44.9758" lon="6.51112">
        <ele>1485.0</ele>
      </trkpt>
      <trkpt lat="44.97576" lon="6.5113">
        <ele>1484.3</ele>
      </trkpt>
      <trkpt lat="44.97576" lon="6.511389">
        <ele>1484.0</ele>
      </trkpt>
      <trkpt lat="44.97575" lon="6.5115">
        <ele>1483.6</ele>
      </trkpt>
      <trkpt lat="44.97575" lon="6.51162">
        <ele>1483.2</ele>
      </trkpt>
      <trkpt lat="44.97575" lon="6.511669">
        <ele>1483.0</ele>
      </trkpt>
      <trkpt lat="44.97575" lon="6.51173">
        <ele>1482.8</ele>
      </trkpt>
      <trkpt lat="44.97575" lon="6.51182">
        <ele>1482.4</ele>
      </trkpt>
      <trkpt lat="44.97575" lon="6.51195">
        <ele>1481.9</ele>
      </trkpt>
      <trkpt lat="44.97576" lon="6.51201">
        <ele>1481.7</ele>
      </trkpt>
      <trkpt lat="44.97577" lon="6.51208">
        <ele>1481.4</ele>
      </trkpt>
      <trkpt lat="44.97579" lon="6.51217">
        <ele>1481.1</ele>
      </trkpt>
      <trkpt lat="44.9758" lon="6.51222">
        <ele>1481.0</ele>
      </trkpt>
      <trkpt lat="44.97582" lon="6.512279">
        <ele>1480.8</ele>
      </trkpt>
      <trkpt lat="44.97585" lon="6.51236">
        <ele>1480.5</ele>
      </trkpt>
      <trkpt lat="44.97595" lon="6.51259">
        <ele>1480.1</ele>
      </trkpt>
      <trkpt lat="44.97598" lon="6.51266">
        <ele>1480.1</ele>
      </trkpt>
      <trkpt lat="44.97605" lon="6.51281">
        <ele>1480.1</ele>
      </trkpt>
      <trkpt lat="44.97607" lon="6.51287">
        <ele>1480.1</ele>
      </trkpt>
      <trkpt lat="44.97609" lon="6.5129">
        <ele>1480.1</ele>
      </trkpt>
      <trkpt lat="44.97613" lon="6.51302">
        <ele>1480.1</ele>
      </trkpt>
      <trkpt lat="44.976149" lon="6.51309">
        <ele>1480.2</ele>
      </trkpt>
      <trkpt lat="44.97618" lon="6.51316">
        <ele>1480.2</ele>
      </trkpt>
      <trkpt lat="44.9762" lon="6.51323">
        <ele>1480.3</ele>
      </trkpt>
      <trkpt lat="44.97621" lon="6.51328">
        <ele>1480.3</ele>
      </trkpt>
      <trkpt lat="44.97621" lon="6.51331">
        <ele>1480.3</ele>
      </trkpt>
      <trkpt lat="44.97622" lon="6.51334">
        <ele>1480.3</ele>
      </trkpt>
      <trkpt lat="44.97622" lon="6.51339">
        <ele>1480.1</ele>
      </trkpt>
      <trkpt lat="44.97624" lon="6.51349">
        <ele>1479.8</ele>
      </trkpt>
      <trkpt lat="44.97624" lon="6.51357">
        <ele>1479.4</ele>
      </trkpt>
      <trkpt lat="44.97624" lon="6.51368">
        <ele>1478.9</ele>
      </trkpt>
      <trkpt lat="44.97624" lon="6.51375">
        <ele>1478.6</ele>
      </trkpt>
      <trkpt lat="44.97623" lon="6.51385">
        <ele>1478.0</ele>
      </trkpt>
      <trkpt lat="44.97622" lon="6.51392">
        <ele>1477.6</ele>
      </trkpt>
      <trkpt lat="44.97621" lon="6.51398">
        <ele>1477.1</ele>
      </trkpt>
      <trkpt lat="44.97621" lon="6.51402">
        <ele>1476.9</ele>
      </trkpt>
      <trkpt lat="44.97619" lon="6.5141">
        <ele>1476.2</ele>
      </trkpt>
      <trkpt lat="44.97616" lon="6.51421">
        <ele>1475.3</ele>
      </trkpt>
      <trkpt lat="44.9761" lon="6.51443">
        <ele>1474.6</ele>
      </trkpt>
      <trkpt lat="44.97603" lon="6.51464">
        <ele>1473.6</ele>
      </trkpt>
      <trkpt lat="44.97595" lon="6.51487">
        <ele>1472.7</ele>
      </trkpt>
      <trkpt lat="44.9757" lon="6.51562">
        <ele>1471.8</ele>
      </trkpt>
      <trkpt lat="44.97561" lon="6.51586">
        <ele>1471.2</ele>
      </trkpt>
      <trkpt lat="44.9756" lon="6.51589">
        <ele>1471.2</ele>
      </trkpt>
      <trkpt lat="44.97552" lon="6.51606">
        <ele>1470.8</ele>
      </trkpt>
      <trkpt lat="44.97544" lon="6.51621">
        <ele>1470.2</ele>
      </trkpt>
      <trkpt lat="44.97543" lon="6.51623">
        <ele>1470.1</ele>
      </trkpt>
      <trkpt lat="44.97534" lon="6.51638">
        <ele>1469.3</ele>
      </trkpt>
      <trkpt lat="44.97523" lon="6.51653">
        <ele>1467.9</ele>
      </trkpt>
      <trkpt lat="44.97511" lon="6.51664">
        <ele>1466.1</ele>
      </trkpt>
      <trkpt lat="44.97495" lon="6.51677">
        <ele>1464.8</ele>
      </trkpt>
      <trkpt lat="44.97478" lon="6.516879">
        <ele>1464.6</ele>
      </trkpt>
      <trkpt lat="44.9746" lon="6.516949">
        <ele>1463.7</ele>
      </trkpt>
      <trkpt lat="44.97445" lon="6.51701">
        <ele>1462.8</ele>
      </trkpt>
      <trkpt lat="44.97436" lon="6.51704">
        <ele>1462.1</ele>
      </trkpt>
      <trkpt lat="44.97429" lon="6.51707">
        <ele>1461.6</ele>
      </trkpt>
      <trkpt lat="44.97427" lon="6.51708">
        <ele>1461.5</ele>
      </trkpt>
      <trkpt lat="44.97419" lon="6.51712">
        <ele>1460.9</ele>
      </trkpt>
      <trkpt lat="44.97412" lon="6.51715">
        <ele>1460.4</ele>
      </trkpt>
      <trkpt lat="44.9741" lon="6.517159">
        <ele>1460.3</ele>
      </trkpt>
      <trkpt lat="44.97403" lon="6.5172">
        <ele>1459.9</ele>
      </trkpt>
      <trkpt lat="44.97398" lon="6.51724">
        <ele>1459.6</ele>
      </trkpt>
      <trkpt lat="44.97395" lon="6.51726">
        <ele>1459.5</ele>
      </trkpt>
      <trkpt lat="44.9739" lon="6.5173">
        <ele>1459.2</ele>
      </trkpt>
      <trkpt lat="44.97387" lon="6.51733">
        <ele>1459.0</ele>
      </trkpt>
      <trkpt lat="44.97383" lon="6.51737">
        <ele>1458.8</ele>
      </trkpt>
      <trkpt lat="44.97381" lon="6.5174">
        <ele>1458.7</ele>
      </trkpt>
      <trkpt lat="44.97378" lon="6.51743">
        <ele>1458.6</ele>
      </trkpt>
      <trkpt lat="44.97367" lon="6.517559">
        <ele>1458.1</ele>
      </trkpt>
      <trkpt lat="44.97355" lon="6.51775">
        <ele>1457.9</ele>
      </trkpt>
      <trkpt lat="44.97349" lon="6.51784">
        <ele>1457.7</ele>
      </trkpt>
      <trkpt lat="44.97343" lon="6.51793">
        <ele>1457.5</ele>
      </trkpt>
      <trkpt lat="44.9733" lon="6.51812">
        <ele>1457.0</ele>
      </trkpt>
      <trkpt lat="44.97328" lon="6.51815">
        <ele>1457.0</ele>
      </trkpt>
      <trkpt lat="44.97307" lon="6.51842">
        <ele>1456.1</ele>
      </trkpt>
      <trkpt lat="44.97302" lon="6.51849">
        <ele>1455.8</ele>
      </trkpt>
      <trkpt lat="44.97288" lon="6.51866">
        <ele>1455.0</ele>
      </trkpt>
      <trkpt lat="44.972679" lon="6.5189">
        <ele>1453.8</ele>
      </trkpt>
      <trkpt lat="44.97263" lon="6.51896">
        <ele>1453.6</ele>
      </trkpt>
      <trkpt lat="44.97255" lon="6.51907">
        <ele>1453.2</ele>
      </trkpt>
      <trkpt lat="44.97252" lon="6.5191">
        <ele>1453.0</ele>
      </trkpt>
      <trkpt lat="44.97242" lon="6.51924">
        <ele>1452.9</ele>
      </trkpt>
      <trkpt lat="44.97237" lon="6.51931">
        <ele>1452.8</ele>
      </trkpt>
      <trkpt lat="44.97233" lon="6.51936">
        <ele>1452.7</ele>
      </trkpt>
      <trkpt lat="44.9723" lon="6.51941">
        <ele>1452.6</ele>
      </trkpt>
      <trkpt lat="44.97229" lon="6.51943">
        <ele>1452.5</ele>
      </trkpt>
      <trkpt lat="44.97226" lon="6.51948">
        <ele>1452.4</ele>
      </trkpt>
      <trkpt lat="44.97219" lon="6.51964">
        <ele>1452.0</ele>
      </trkpt>
      <trkpt lat="44.97218" lon="6.51965">
        <ele>1451.9</ele>
      </trkpt>
      <trkpt lat="44.97208" lon="6.51988">
        <ele>1451.2</ele>
      </trkpt>
      <trkpt lat="44.972" lon="6.520069">
        <ele>1450.6</ele>
      </trkpt>
      <trkpt lat="44.97196" lon="6.52018">
        <ele>1450.3</ele>
      </trkpt>
      <trkpt lat="44.97192" lon="6.5203">
        <ele>1450.0</ele>
      </trkpt>
      <trkpt lat="44.97184" lon="6.52052">
        <ele>1449.3</ele>
      </trkpt>
      <trkpt lat="44.97175" lon="6.520749">
        <ele>1448.6</ele>
      </trkpt>
      <trkpt lat="44.97167" lon="6.52098">
        <ele>1447.7</ele>
      </trkpt>
      <trkpt lat="44.97159" lon="6.5212">
        <ele>1447.2</ele>
      </trkpt>
      <trkpt lat="44.97157" lon="6.52126">
        <ele>1447.1</ele>
      </trkpt>
      <trkpt lat="44.9713" lon="6.52199">
        <ele>1446.5</ele>
      </trkpt>
      <trkpt lat="44.9712" lon="6.52226">
        <ele>1446.7</ele>
      </trkpt>
      <trkpt lat="44.97116" lon="6.52235">
        <ele>1446.8</ele>
      </trkpt>
      <trkpt lat="44.97114" lon="6.52239">
        <ele>1446.8</ele>
      </trkpt>
      <trkpt lat="44.97108" lon="6.52249">
        <ele>1446.9</ele>
      </trkpt>
      <trkpt lat="44.97105" lon="6.52255">
        <ele>1446.9</ele>
      </trkpt>
      <trkpt lat="44.97102" lon="6.52259">
        <ele>1447.0</ele>
      </trkpt>
      <trkpt lat="44.97096" lon="6.52267">
        <ele>1447.1</ele>
      </trkpt>
      <trkpt lat="44.97091" lon="6.52273">
        <ele>1447.2</ele>
      </trkpt>
      <trkpt lat="44.97086" lon="6.52278">
        <ele>1447.4</ele>
      </trkpt>
      <trkpt lat="44.970799" lon="6.52283">
        <ele>1447.5</ele>
      </trkpt>
      <trkpt lat="44.97073" lon="6.5229">
        <ele>1447.6</ele>
      </trkpt>
      <trkpt lat="44.97067" lon="6.52294">
        <ele>1447.5</ele>
      </trkpt>
      <trkpt lat="44.97061" lon="6.522979">
        <ele>1447.4</ele>
      </trkpt>
      <trkpt lat="44.9706" lon="6.52299">
        <ele>1447.4</ele>
      </trkpt>
      <trkpt lat="44.97051" lon="6.52304">
        <ele>1447.2</ele>
      </trkpt>
      <trkpt lat="44.97044" lon="6.52307">
        <ele>1447.0</ele>
      </trkpt>
      <trkpt lat="44.9704" lon="6.52309">
        <ele>1446.8</ele>
      </trkpt>
      <trkpt lat="44.97027" lon="6.52315">
        <ele>1446.3</ele>
      </trkpt>
      <trkpt lat="44.97025" lon="6.52316">
        <ele>1446.3</ele>
      </trkpt>
      <trkpt lat="44.9701" lon="6.52323">
        <ele>1445.5</ele>
      </trkpt>
      <trkpt lat="44.96993" lon="6.5233">
        <ele>1444.9</ele>
      </trkpt>
      <trkpt lat="44.96979" lon="6.52337">
        <ele>1444.9</ele>
      </trkpt>
      <trkpt lat="44.96967" lon="6.52342">
        <ele>1445.0</ele>
      </trkpt>
      <trkpt lat="44.96949" lon="6.52351">
        <ele>1444.9</ele>
      </trkpt>
      <trkpt lat="44.96934" lon="6.5236">
        <ele>1444.8</ele>
      </trkpt>
      <trkpt lat="44.96925" lon="6.523659">
        <ele>1444.6</ele>
      </trkpt>
      <trkpt lat="44.96919" lon="6.52371">
        <ele>1444.5</ele>
      </trkpt>
      <trkpt lat="44.96913" lon="6.52377">
        <ele>1444.6</ele>
      </trkpt>
      <trkpt lat="44.9691" lon="6.52379">
        <ele>1444.6</ele>
      </trkpt>
      <trkpt lat="44.96907" lon="6.52383">
        <ele>1444.7</ele>
      </trkpt>
      <trkpt lat="44.96902" lon="6.52388">
        <ele>1444.8</ele>
      </trkpt>
      <trkpt lat="44.96897" lon="6.52395">
        <ele>1444.9</ele>
      </trkpt>
      <trkpt lat="44.96897" lon="6.52396">
        <ele>1444.9</ele>
      </trkpt>
      <trkpt lat="44.96894" lon="6.524">
        <ele>1444.9</ele>
      </trkpt>
      <trkpt lat="44.9689" lon="6.52406">
        <ele>1445.0</ele>
      </trkpt>
      <trkpt lat="44.96885" lon="6.52415">
        <ele>1445.0</ele>
      </trkpt>
      <trkpt lat="44.96882" lon="6.52423">
        <ele>1445.1</ele>
      </trkpt>
      <trkpt lat="44.96878" lon="6.52432">
        <ele>1445.3</ele>
      </trkpt>
      <trkpt lat="44.96873" lon="6.52444">
        <ele>1445.5</ele>
      </trkpt>
      <trkpt lat="44.96869" lon="6.52456">
        <ele>1445.6</ele>
      </trkpt>
      <trkpt lat="44.96863" lon="6.52474">
        <ele>1445.7</ele>
      </trkpt>
      <trkpt lat="44.96857" lon="6.524949">
        <ele>1445.8</ele>
      </trkpt>
      <trkpt lat="44.96849" lon="6.52523">
        <ele>1445.7</ele>
      </trkpt>
      <trkpt lat="44.96843" lon="6.52544">
        <ele>1445.3</ele>
      </trkpt>
      <trkpt lat="44.9684" lon="6.52559">
        <ele>1444.9</ele>
      </trkpt>
      <trkpt lat="44.96835" lon="6.52587">
        <ele>1444.2</ele>
      </trkpt>
      <trkpt lat="44.96824" lon="6.52653">
        <ele>1443.1</ele>
      </trkpt>
      <trkpt lat="44.96822" lon="6.52665">
        <ele>1442.9</ele>
      </trkpt>
      <trkpt lat="44.96819" lon="6.526779">
        <ele>1442.7</ele>
      </trkpt>
      <trkpt lat="44.968089" lon="6.52711">
        <ele>1442.2</ele>
      </trkpt>
      <trkpt lat="44.96806" lon="6.52723">
        <ele>1441.8</ele>
      </trkpt>
      <trkpt lat="44.96794" lon="6.52763">
        <ele>1440.2</ele>
      </trkpt>
      <trkpt lat="44.96788" lon="6.52783">
        <ele>1439.6</ele>
      </trkpt>
      <trkpt lat="44.96784" lon="6.52797">
        <ele>1439.2</ele>
      </trkpt>
      <trkpt lat="44.967799" lon="6.52812">
        <ele>1438.7</ele>
      </trkpt>
      <trkpt lat="44.96779" lon="6.52818">
        <ele>1438.5</ele>
      </trkpt>
      <trkpt lat="44.96778" lon="6.5282">
        <ele>1438.4</ele>
      </trkpt>
      <trkpt lat="44.96777" lon="6.52825">
        <ele>1438.3</ele>
      </trkpt>
      <trkpt lat="44.96775" lon="6.52836">
        <ele>1438.0</ele>
      </trkpt>
      <trkpt lat="44.96773" lon="6.5285">
        <ele>1437.9</ele>
      </trkpt>
      <trkpt lat="44.96772" lon="6.5286">
        <ele>1437.9</ele>
      </trkpt>
      <trkpt lat="44.96772" lon="6.5287">
        <ele>1438.0</ele>
      </trkpt>
      <trkpt lat="44.967709" lon="6.52877">
        <ele>1437.9</ele>
      </trkpt>
      <trkpt lat="44.967709" lon="6.52888">
        <ele>1438.0</ele>
      </trkpt>
      <trkpt lat="44.96772" lon="6.52901">
        <ele>1438.2</ele>
      </trkpt>
      <trkpt lat="44.96773" lon="6.52919">
        <ele>1438.4</ele>
      </trkpt>
      <trkpt lat="44.96775" lon="6.52945">
        <ele>1437.8</ele>
      </trkpt>
      <trkpt lat="44.96776" lon="6.52956">
        <ele>1437.6</ele>
      </trkpt>
      <trkpt lat="44.967799" lon="6.529829">
        <ele>1437.1</ele>
      </trkpt>
      <trkpt lat="44.967799" lon="6.52996">
        <ele>1436.7</ele>
      </trkpt>
      <trkpt lat="44.96781" lon="6.53011">
        <ele>1436.7</ele>
      </trkpt>
      <trkpt lat="44.967799" lon="6.53024">
        <ele>1436.7</ele>
      </trkpt>
      <trkpt lat="44.967799" lon="6.53033">
        <ele>1436.7</ele>
      </trkpt>
      <trkpt lat="44.96779" lon="6.53042">
        <ele>1436.7</ele>
      </trkpt>
      <trkpt lat="44.96778" lon="6.53052">
        <ele>1436.6</ele>
      </trkpt>
      <trkpt lat="44.96776" lon="6.53062">
        <ele>1436.3</ele>
      </trkpt>
      <trkpt lat="44.96774" lon="6.53071">
        <ele>1436.0</ele>
      </trkpt>
      <trkpt lat="44.967709" lon="6.53081">
        <ele>1435.5</ele>
      </trkpt>
      <trkpt lat="44.96768" lon="6.53092">
        <ele>1435.7</ele>
      </trkpt>
      <trkpt lat="44.96764" lon="6.53101">
        <ele>1435.7</ele>
      </trkpt>
      <trkpt lat="44.9676" lon="6.531119">
        <ele>1435.9</ele>
      </trkpt>
      <trkpt lat="44.96755" lon="6.53123">
        <ele>1435.8</ele>
      </trkpt>
      <trkpt lat="44.96752" lon="6.53128">
        <ele>1435.6</ele>
      </trkpt>
      <trkpt lat="44.96748" lon="6.53135">
        <ele>1435.6</ele>
      </trkpt>
      <trkpt lat="44.96744" lon="6.53142">
        <ele>1435.7</ele>
      </trkpt>
      <trkpt lat="44.96735" lon="6.53154">
        <ele>1435.6</ele>
      </trkpt>
      <trkpt lat="44.9673" lon="6.5316">
        <ele>1435.5</ele>
      </trkpt>
      <trkpt lat="44.967239" lon="6.53167">
        <ele>1435.2</ele>
      </trkpt>
      <trkpt lat="44.96716" lon="6.53175">
        <ele>1435.2</ele>
      </trkpt>
      <trkpt lat="44.96714" lon="6.53178">
        <ele>1435.2</ele>
      </trkpt>
      <trkpt lat="44.96693" lon="6.53198">
        <ele>1434.6</ele>
      </trkpt>
      <trkpt lat="44.96687" lon="6.53205">
        <ele>1434.4</ele>
      </trkpt>
      <trkpt lat="44.9668" lon="6.53213">
        <ele>1434.1</ele>
      </trkpt>
      <trkpt lat="44.96671" lon="6.53224">
        <ele>1433.7</ele>
      </trkpt>
      <trkpt lat="44.96651" lon="6.53249">
        <ele>1433.3</ele>
      </trkpt>
      <trkpt lat="44.96634" lon="6.53273">
        <ele>1433.1</ele>
      </trkpt>
      <trkpt lat="44.96626" lon="6.53283">
        <ele>1432.8</ele>
      </trkpt>
      <trkpt lat="44.96614" lon="6.53303">
        <ele>1432.4</ele>
      </trkpt>
      <trkpt lat="44.9659" lon="6.533419">
        <ele>1430.3</ele>
      </trkpt>
      <trkpt lat="44.9656" lon="6.53391">
        <ele>1428.2</ele>
      </trkpt>
      <trkpt lat="44.9653" lon="6.53442">
        <ele>1425.4</ele>
      </trkpt>
      <trkpt lat="44.96522" lon="6.53457">
        <ele>1424.7</ele>
      </trkpt>
      <trkpt lat="44.9651" lon="6.53477">
        <ele>1423.7</ele>
      </trkpt>
      <trkpt lat="44.96501" lon="6.53493">
        <ele>1423.0</ele>
      </trkpt>
      <trkpt lat="44.96487" lon="6.53516">
        <ele>1423.2</ele>
      </trkpt>
      <trkpt lat="44.96481" lon="6.53528">
        <ele>1423.4</ele>
      </trkpt>
      <trkpt lat="44.96476" lon="6.53536">
        <ele>1423.5</ele>
      </trkpt>
      <trkpt lat="44.96472" lon="6.53544">
        <ele>1423.6</ele>
      </trkpt>
      <trkpt lat="44.964709" lon="6.53545">
        <ele>1423.5</ele>
      </trkpt>
      <trkpt lat="44.96468" lon="6.53551">
        <ele>1423.6</ele>
      </trkpt>
      <trkpt lat="44.96454" lon="6.53574">
        <ele>1423.6</ele>
      </trkpt>
      <trkpt lat="44.96443" lon="6.53591">
        <ele>1423.8</ele>
      </trkpt>
      <trkpt lat="44.96436" lon="6.53599">
        <ele>1424.0</ele>
      </trkpt>
      <trkpt lat="44.96429" lon="6.53608">
        <ele>1424.2</ele>
      </trkpt>
      <trkpt lat="44.96423" lon="6.536139">
        <ele>1424.3</ele>
      </trkpt>
      <trkpt lat="44.9642" lon="6.53617">
        <ele>1424.2</ele>
      </trkpt>
      <trkpt lat="44.96413" lon="6.53623">
        <ele>1424.2</ele>
      </trkpt>
      <trkpt lat="44.96405" lon="6.5363">
        <ele>1424.3</ele>
      </trkpt>
      <trkpt lat="44.96389" lon="6.53642">
        <ele>1424.2</ele>
      </trkpt>
      <trkpt lat="44.96388" lon="6.53642">
        <ele>1424.1</ele>
      </trkpt>
      <trkpt lat="44.96373" lon="6.53653">
        <ele>1423.8</ele>
      </trkpt>
      <trkpt lat="44.96351" lon="6.53669">
        <ele>1423.2</ele>
      </trkpt>
      <trkpt lat="44.96296" lon="6.5371">
        <ele>1421.6</ele>
      </trkpt>
      <trkpt lat="44.96285" lon="6.53718">
        <ele>1421.1</ele>
      </trkpt>
      <trkpt lat="44.96261" lon="6.53735">
        <ele>1419.7</ele>
      </trkpt>
      <trkpt lat="44.96254" lon="6.53741">
        <ele>1419.2</ele>
      </trkpt>
      <trkpt lat="44.96242" lon="6.5375">
        <ele>1418.5</ele>
      </trkpt>
      <trkpt lat="44.96237" lon="6.53755">
        <ele>1418.4</ele>
      </trkpt>
      <trkpt lat="44.96228" lon="6.53762">
        <ele>1418.1</ele>
      </trkpt>
      <trkpt lat="44.96203" lon="6.53784">
        <ele>1417.4</ele>
      </trkpt>
      <trkpt lat="44.96165" lon="6.53817">
        <ele>1416.4</ele>
      </trkpt>
      <trkpt lat="44.96145" lon="6.53835">
        <ele>1416.2</ele>
      </trkpt>
      <trkpt lat="44.96128" lon="6.53852">
        <ele>1415.4</ele>
      </trkpt>
      <trkpt lat="44.96099" lon="6.53884">
        <ele>1414.0</ele>
      </trkpt>
      <trkpt lat="44.96085" lon="6.53899">
        <ele>1413.3</ele>
      </trkpt>
      <trkpt lat="44.96071" lon="6.53915">
        <ele>1412.9</ele>
      </trkpt>
      <trkpt lat="44.96057" lon="6.53931">
        <ele>1413.3</ele>
      </trkpt>
      <trkpt lat="44.96053" lon="6.53935">
        <ele>1413.4</ele>
      </trkpt>
      <trkpt lat="44.95959" lon="6.54043">
        <ele>1413.6</ele>
      </trkpt>
      <trkpt lat="44.959449" lon="6.54059">
        <ele>1413.0</ele>
      </trkpt>
      <trkpt lat="44.95942" lon="6.54064">
        <ele>1412.8</ele>
      </trkpt>
      <trkpt lat="44.95876" lon="6.5414">
        <ele>1409.5</ele>
      </trkpt>
      <trkpt lat="44.95864" lon="6.54154">
        <ele>1408.8</ele>
      </trkpt>
      <trkpt lat="44.95849" lon="6.54173">
        <ele>1407.9</ele>
      </trkpt>
      <trkpt lat="44.95847" lon="6.54175">
        <ele>1407.8</ele>
      </trkpt>
      <trkpt lat="44.9584" lon="6.54186">
        <ele>1407.6</ele>
      </trkpt>
      <trkpt lat="44.95836" lon="6.54191">
        <ele>1407.4</ele>
      </trkpt>
      <trkpt lat="44.95836" lon="6.54192">
        <ele>1407.5</ele>
      </trkpt>
      <trkpt lat="44.95831" lon="6.54201">
        <ele>1407.3</ele>
      </trkpt>
      <trkpt lat="44.95827" lon="6.54209">
        <ele>1407.3</ele>
      </trkpt>
      <trkpt lat="44.95826" lon="6.54212">
        <ele>1407.3</ele>
      </trkpt>
      <trkpt lat="44.95824" lon="6.54216">
        <ele>1407.3</ele>
      </trkpt>
      <trkpt lat="44.9582" lon="6.54226">
        <ele>1407.2</ele>
      </trkpt>
      <trkpt lat="44.95817" lon="6.54235">
        <ele>1407.1</ele>
      </trkpt>
      <trkpt lat="44.95814" lon="6.54245">
        <ele>1407.1</ele>
      </trkpt>
      <trkpt lat="44.95812" lon="6.54253">
        <ele>1407.1</ele>
      </trkpt>
      <trkpt lat="44.9581" lon="6.54261">
        <ele>1407.2</ele>
      </trkpt>
      <trkpt lat="44.95808" lon="6.542709">
        <ele>1407.3</ele>
      </trkpt>
      <trkpt lat="44.95805" lon="6.54284">
        <ele>1407.4</ele>
      </trkpt>
      <trkpt lat="44.95801" lon="6.54308">
        <ele>1407.7</ele>
      </trkpt>
      <trkpt lat="44.9579" lon="6.54372">
        <ele>1408.3</ele>
      </trkpt>
      <trkpt lat="44.95778" lon="6.54444">
        <ele>1409.3</ele>
      </trkpt>
      <trkpt lat="44.95773" lon="6.54479">
        <ele>1410.2</ele>
      </trkpt>
      <trkpt lat="44.95766" lon="6.54514">
        <ele>1411.1</ele>
      </trkpt>
      <trkpt lat="44.95764" lon="6.54523">
        <ele>1411.3</ele>
      </trkpt>
      <trkpt lat="44.95761" lon="6.545359">
        <ele>1411.5</ele>
      </trkpt>
      <trkpt lat="44.95758" lon="6.54547">
        <ele>1411.5</ele>
      </trkpt>
      <trkpt lat="44.95755" lon="6.54557">
        <ele>1411.3</ele>
      </trkpt>
      <trkpt lat="44.95751" lon="6.54566">
        <ele>1410.8</ele>
      </trkpt>
      <trkpt lat="44.95747" lon="6.54577">
        <ele>1410.6</ele>
      </trkpt>
      <trkpt lat="44.95743" lon="6.54586">
        <ele>1410.6</ele>
      </trkpt>
      <trkpt lat="44.95736" lon="6.54598">
        <ele>1410.7</ele>
      </trkpt>
      <trkpt lat="44.95722" lon="6.54621">
        <ele>1410.5</ele>
      </trkpt>
      <trkpt lat="44.95705" lon="6.54649">
        <ele>1409.4</ele>
      </trkpt>
      <trkpt lat="44.95703" lon="6.54652">
        <ele>1409.2</ele>
      </trkpt>
      <trkpt lat="44.9567" lon="6.547049">
        <ele>1405.0</ele>
      </trkpt>
      <trkpt lat="44.9564" lon="6.547519">
        <ele>1403.7</ele>
      </trkpt>
      <trkpt lat="44.95625" lon="6.54776">
        <ele>1403.2</ele>
      </trkpt>
      <trkpt lat="44.95604" lon="6.5481">
        <ele>1401.8</ele>
      </trkpt>
      <trkpt lat="44.95595" lon="6.54825">
        <ele>1401.0</ele>
      </trkpt>
      <trkpt lat="44.95587" lon="6.54835">
        <ele>1400.3</ele>
      </trkpt>
      <trkpt lat="44.95582" lon="6.548409">
        <ele>1400.0</ele>
      </trkpt>
      <trkpt lat="44.95577" lon="6.54848">
        <ele>1399.8</ele>
      </trkpt>
      <trkpt lat="44.95571" lon="6.54854">
        <ele>1399.6</ele>
      </trkpt>
      <trkpt lat="44.95558" lon="6.54865">
        <ele>1399.3</ele>
      </trkpt>
      <trkpt lat="44.95546" lon="6.54876">
        <ele>1399.1</ele>
      </trkpt>
      <trkpt lat="44.95517" lon="6.549">
        <ele>1398.9</ele>
      </trkpt>
      <trkpt lat="44.95477" lon="6.54933">
        <ele>1398.5</ele>
      </trkpt>
      <trkpt lat="44.95469" lon="6.5494">
        <ele>1398.4</ele>
      </trkpt>
      <trkpt lat="44.95444" lon="6.54961">
        <ele>1398.2</ele>
      </trkpt>
      <trkpt lat="44.95435" lon="6.5497">
        <ele>1398.3</ele>
      </trkpt>
      <trkpt lat="44.95425" lon="6.54979">
        <ele>1398.4</ele>
      </trkpt>
      <trkpt lat="44.9542" lon="6.54984">
        <ele>1398.5</ele>
      </trkpt>
      <trkpt lat="44.95416" lon="6.54989">
        <ele>1398.6</ele>
      </trkpt>
      <trkpt lat="44.95411" lon="6.54995">
        <ele>1398.6</ele>
      </trkpt>
      <trkpt lat="44.95405" lon="6.55004">
        <ele>1398.6</ele>
      </trkpt>
      <trkpt lat="44.95398" lon="6.55015">
        <ele>1398.7</ele>
      </trkpt>
      <trkpt lat="44.95391" lon="6.55029">
        <ele>1398.8</ele>
      </trkpt>
      <trkpt lat="44.95381" lon="6.55046">
        <ele>1398.8</ele>
      </trkpt>
      <trkpt lat="44.95373" lon="6.55059">
        <ele>1398.6</ele>
      </trkpt>
      <trkpt lat="44.95364" lon="6.55075">
        <ele>1398.4</ele>
      </trkpt>
      <trkpt lat="44.95353" lon="6.55092">
        <ele>1398.2</ele>
      </trkpt>
      <trkpt lat="44.95325" lon="6.551319">
        <ele>1398.5</ele>
      </trkpt>
      <trkpt lat="44.95318" lon="6.55143">
        <ele>1398.7</ele>
      </trkpt>
      <trkpt lat="44.95294" lon="6.55178">
        <ele>1398.4</ele>
      </trkpt>
      <trkpt lat="44.95258" lon="6.55229">
        <ele>1395.8</ele>
      </trkpt>
      <trkpt lat="44.95212" lon="6.55292">
        <ele>1396.3</ele>
      </trkpt>
      <trkpt lat="44.95208" lon="6.55298">
        <ele>1396.5</ele>
      </trkpt>
      <trkpt lat="44.95194" lon="6.55318">
        <ele>1397.0</ele>
      </trkpt>
      <trkpt lat="44.95183" lon="6.55334">
        <ele>1397.4</ele>
      </trkpt>
      <trkpt lat="44.95169" lon="6.55353">
        <ele>1397.6</ele>
      </trkpt>
      <trkpt lat="44.9516" lon="6.55366">
        <ele>1397.5</ele>
      </trkpt>
      <trkpt lat="44.95155" lon="6.55373">
        <ele>1397.5</ele>
      </trkpt>
      <trkpt lat="44.951279" lon="6.5541">
        <ele>1397.0</ele>
      </trkpt>
      <trkpt lat="44.95107" lon="6.5544">
        <ele>1397.1</ele>
      </trkpt>
      <trkpt lat="44.95089" lon="6.55465">
        <ele>1396.6</ele>
      </trkpt>
      <trkpt lat="44.95082" lon="6.55471">
        <ele>1396.2</ele>
      </trkpt>
      <trkpt lat="44.95081" lon="6.55473">
        <ele>1396.3</ele>
      </trkpt>
      <trkpt lat="44.95074" lon="6.55482">
        <ele>1396.1</ele>
      </trkpt>
      <trkpt lat="44.95067" lon="6.5549">
        <ele>1396.0</ele>
      </trkpt>
      <trkpt lat="44.95061" lon="6.55499">
        <ele>1395.9</ele>
      </trkpt>
      <trkpt lat="44.95034" lon="6.55533">
        <ele>1396.6</ele>
      </trkpt>
      <trkpt lat="44.95021" lon="6.5555">
        <ele>1396.3</ele>
      </trkpt>
      <trkpt lat="44.95014" lon="6.555589">
        <ele>1395.9</ele>
      </trkpt>
      <trkpt lat="44.94974" lon="6.55618">
        <ele>1395.9</ele>
      </trkpt>
      <trkpt lat="44.94943" lon="6.55665">
        <ele>1395.5</ele>
      </trkpt>
      <trkpt lat="44.9491" lon="6.5571">
        <ele>1393.6</ele>
      </trkpt>
      <trkpt lat="44.94895" lon="6.5573">
        <ele>1392.9</ele>
      </trkpt>
      <trkpt lat="44.94873" lon="6.5576">
        <ele>1391.9</ele>
      </trkpt>
      <trkpt lat="44.9485" lon="6.55788">
        <ele>1391.0</ele>
      </trkpt>
      <trkpt lat="44.948279" lon="6.558169">
        <ele>1390.1</ele>
      </trkpt>
      <trkpt lat="44.94823" lon="6.55823">
        <ele>1390.0</ele>
      </trkpt>
      <trkpt lat="44.94803" lon="6.55847">
        <ele>1390.2</ele>
      </trkpt>
      <trkpt lat="44.94783" lon="6.55866">
        <ele>1390.0</ele>
      </trkpt>
      <trkpt lat="44.94767" lon="6.55879">
        <ele>1389.5</ele>
      </trkpt>
      <trkpt lat="44.94753" lon="6.55891">
        <ele>1389.0</ele>
      </trkpt>
      <trkpt lat="44.94737" lon="6.55901">
        <ele>1388.7</ele>
      </trkpt>
      <trkpt lat="44.94726" lon="6.55908">
        <ele>1388.6</ele>
      </trkpt>
      <trkpt lat="44.9472" lon="6.55913">
        <ele>1388.3</ele>
      </trkpt>
      <trkpt lat="44.94709" lon="6.55919">
        <ele>1387.9</ele>
      </trkpt>
      <trkpt lat="44.94705" lon="6.5592">
        <ele>1387.7</ele>
      </trkpt>
      <trkpt lat="44.94694" lon="6.55926">
        <ele>1387.3</ele>
      </trkpt>
      <trkpt lat="44.94692" lon="6.55927">
        <ele>1387.2</ele>
      </trkpt>
      <trkpt lat="44.946869" lon="6.5593">
        <ele>1387.0</ele>
      </trkpt>
      <trkpt lat="44.94681" lon="6.559319">
        <ele>1386.8</ele>
      </trkpt>
      <trkpt lat="44.94673" lon="6.55937">
        <ele>1386.5</ele>
      </trkpt>
      <trkpt lat="44.94666" lon="6.55943">
        <ele>1386.2</ele>
      </trkpt>
      <trkpt lat="44.946599" lon="6.55948">
        <ele>1385.9</ele>
      </trkpt>
      <trkpt lat="44.94659" lon="6.55949">
        <ele>1385.9</ele>
      </trkpt>
      <trkpt lat="44.94652" lon="6.55956">
        <ele>1385.6</ele>
      </trkpt>
      <trkpt lat="44.94645" lon="6.55964">
        <ele>1385.6</ele>
      </trkpt>
      <trkpt lat="44.94632" lon="6.559789">
        <ele>1385.6</ele>
      </trkpt>
      <trkpt lat="44.94614" lon="6.56004">
        <ele>1385.7</ele>
      </trkpt>
      <trkpt lat="44.94605" lon="6.56016">
        <ele>1385.8</ele>
      </trkpt>
      <trkpt lat="44.94596" lon="6.56026">
        <ele>1385.9</ele>
      </trkpt>
      <trkpt lat="44.94592" lon="6.56031">
        <ele>1386.0</ele>
      </trkpt>
      <trkpt lat="44.94589" lon="6.56034">
        <ele>1386.1</ele>
      </trkpt>
      <trkpt lat="44.94587" lon="6.56037">
        <ele>1386.1</ele>
      </trkpt>
      <trkpt lat="44.94577" lon="6.56049">
        <ele>1386.3</ele>
      </trkpt>
      <trkpt lat="44.94572" lon="6.56055">
        <ele>1386.5</ele>
      </trkpt>
      <trkpt lat="44.94568" lon="6.56058">
        <ele>1386.7</ele>
      </trkpt>
      <trkpt lat="44.94565" lon="6.5606">
        <ele>1386.9</ele>
      </trkpt>
      <trkpt lat="44.94561" lon="6.56062">
        <ele>1387.1</ele>
      </trkpt>
      <trkpt lat="44.94561" lon="6.56062">
        <ele>1387.1</ele>
      </trkpt>
      <trkpt lat="44.94559" lon="6.56062">
        <ele>1387.2</ele>
      </trkpt>
      <trkpt lat="44.945569" lon="6.560609">
        <ele>1387.3</ele>
      </trkpt>
      <trkpt lat="44.94556" lon="6.560609">
        <ele>1387.3</ele>
      </trkpt>
      <trkpt lat="44.94554" lon="6.5606">
        <ele>1387.4</ele>
      </trkpt>
      <trkpt lat="44.94553" lon="6.560609">
        <ele>1387.5</ele>
      </trkpt>
      <trkpt lat="44.94551" lon="6.560609">
        <ele>1387.6</ele>
      </trkpt>
      <trkpt lat="44.94549" lon="6.560609">
        <ele>1387.6</ele>
      </trkpt>
      <trkpt lat="44.94548" lon="6.56062">
        <ele>1387.7</ele>
      </trkpt>
      <trkpt lat="44.94546" lon="6.56063">
        <ele>1387.8</ele>
      </trkpt>
      <trkpt lat="44.94545" lon="6.56064">
        <ele>1387.8</ele>
      </trkpt>
      <trkpt lat="44.94543" lon="6.56065">
        <ele>1387.9</ele>
      </trkpt>
      <trkpt lat="44.94542" lon="6.56066">
        <ele>1388.0</ele>
      </trkpt>
      <trkpt lat="44.9454" lon="6.560679">
        <ele>1388.1</ele>
      </trkpt>
      <trkpt lat="44.94539" lon="6.5607">
        <ele>1388.1</ele>
      </trkpt>
      <trkpt lat="44.94538" lon="6.56071">
        <ele>1388.2</ele>
      </trkpt>
      <trkpt lat="44.945369" lon="6.56073">
        <ele>1388.2</ele>
      </trkpt>
      <trkpt lat="44.94536" lon="6.56075">
        <ele>1388.3</ele>
      </trkpt>
      <trkpt lat="44.94536" lon="6.56078">
        <ele>1388.3</ele>
      </trkpt>
      <trkpt lat="44.94535" lon="6.5608">
        <ele>1388.3</ele>
      </trkpt>
      <trkpt lat="44.94535" lon="6.56082">
        <ele>1388.3</ele>
      </trkpt>
      <trkpt lat="44.94534" lon="6.56084">
        <ele>1388.4</ele>
      </trkpt>
      <trkpt lat="44.94534" lon="6.56087">
        <ele>1388.3</ele>
      </trkpt>
      <trkpt lat="44.94534" lon="6.56089">
        <ele>1388.2</ele>
      </trkpt>
      <trkpt lat="44.94534" lon="6.56091">
        <ele>1388.2</ele>
      </trkpt>
      <trkpt lat="44.94535" lon="6.56093">
        <ele>1388.1</ele>
      </trkpt>
      <trkpt lat="44.94535" lon="6.56096">
        <ele>1388.1</ele>
      </trkpt>
      <trkpt lat="44.94536" lon="6.56098">
        <ele>1388.0</ele>
      </trkpt>
      <trkpt lat="44.94536" lon="6.561">
        <ele>1387.9</ele>
      </trkpt>
      <trkpt lat="44.945369" lon="6.56102">
        <ele>1387.8</ele>
      </trkpt>
      <trkpt lat="44.94535" lon="6.56109">
        <ele>1387.8</ele>
      </trkpt>
      <trkpt lat="44.94533" lon="6.56118">
        <ele>1387.7</ele>
      </trkpt>
      <trkpt lat="44.94531" lon="6.56125">
        <ele>1387.6</ele>
      </trkpt>
      <trkpt lat="44.94526" lon="6.56139">
        <ele>1387.4</ele>
      </trkpt>
      <trkpt lat="44.94514" lon="6.56172">
        <ele>1386.7</ele>
      </trkpt>
      <trkpt lat="44.94511" lon="6.56179">
        <ele>1386.5</ele>
      </trkpt>
      <trkpt lat="44.94506" lon="6.56194">
        <ele>1386.0</ele>
      </trkpt>
      <trkpt lat="44.94504" lon="6.562">
        <ele>1385.8</ele>
      </trkpt>
      <trkpt lat="44.94504" lon="6.56201">
        <ele>1385.8</ele>
      </trkpt>
      <trkpt lat="44.94503" lon="6.56207">
        <ele>1385.5</ele>
      </trkpt>
      <trkpt lat="44.94496" lon="6.56229">
        <ele>1385.1</ele>
      </trkpt>
      <trkpt lat="44.94484" lon="6.56267">
        <ele>1385.1</ele>
      </trkpt>
      <trkpt lat="44.94475" lon="6.563">
        <ele>1385.5</ele>
      </trkpt>
      <trkpt lat="44.94469" lon="6.56322">
        <ele>1385.7</ele>
      </trkpt>
      <trkpt lat="44.9446" lon="6.56344">
        <ele>1386.1</ele>
      </trkpt>
      <trkpt lat="44.94442" lon="6.56376">
        <ele>1386.2</ele>
      </trkpt>
      <trkpt lat="44.94433" lon="6.56393">
        <ele>1385.9</ele>
      </trkpt>
      <trkpt lat="44.9443" lon="6.564">
        <ele>1385.6</ele>
      </trkpt>
      <trkpt lat="44.94421" lon="6.56417">
        <ele>1384.9</ele>
      </trkpt>
      <trkpt lat="44.94408" lon="6.56444">
        <ele>1385.2</ele>
      </trkpt>
      <trkpt lat="44.94393" lon="6.56478">
        <ele>1385.9</ele>
      </trkpt>
      <trkpt lat="44.943779" lon="6.56515">
        <ele>1386.9</ele>
      </trkpt>
      <trkpt lat="44.94366" lon="6.56546">
        <ele>1387.4</ele>
      </trkpt>
      <trkpt lat="44.94359" lon="6.56567">
        <ele>1387.3</ele>
      </trkpt>
      <trkpt lat="44.94349" lon="6.56597">
        <ele>1386.6</ele>
      </trkpt>
      <trkpt lat="44.94344" lon="6.56613">
        <ele>1386.0</ele>
      </trkpt>
      <trkpt lat="44.94329" lon="6.56659">
        <ele>1383.7</ele>
      </trkpt>
      <trkpt lat="44.94325" lon="6.56666">
        <ele>1383.4</ele>
      </trkpt>
      <trkpt lat="44.94324" lon="6.5667">
        <ele>1383.4</ele>
      </trkpt>
      <trkpt lat="44.94317" lon="6.56688">
        <ele>1383.5</ele>
      </trkpt>
      <trkpt lat="44.94311" lon="6.56707">
        <ele>1383.4</ele>
      </trkpt>
      <trkpt lat="44.94305" lon="6.5672">
        <ele>1383.3</ele>
      </trkpt>
      <trkpt lat="44.94299" lon="6.56734">
        <ele>1383.0</ele>
      </trkpt>
      <trkpt lat="44.94285" lon="6.56764">
        <ele>1382.5</ele>
      </trkpt>
      <trkpt lat="44.94274" lon="6.567859">
        <ele>1381.6</ele>
      </trkpt>
      <trkpt lat="44.94263" lon="6.56808">
        <ele>1380.7</ele>
      </trkpt>
      <trkpt lat="44.94257" lon="6.56819">
        <ele>1380.3</ele>
      </trkpt>
      <trkpt lat="44.9425" lon="6.56829">
        <ele>1379.8</ele>
      </trkpt>
      <trkpt lat="44.94241" lon="6.56841">
        <ele>1379.3</ele>
      </trkpt>
      <trkpt lat="44.942279" lon="6.56856">
        <ele>1379.7</ele>
      </trkpt>
      <trkpt lat="44.942189" lon="6.56867">
        <ele>1379.9</ele>
      </trkpt>
      <trkpt lat="44.94216" lon="6.5687">
        <ele>1379.9</ele>
      </trkpt>
      <trkpt lat="44.94201" lon="6.56886">
        <ele>1379.7</ele>
      </trkpt>
      <trkpt lat="44.94193" lon="6.56895">
        <ele>1379.4</ele>
      </trkpt>
      <trkpt lat="44.94184" lon="6.56903">
        <ele>1379.0</ele>
      </trkpt>
      <trkpt lat="44.94182" lon="6.56905">
        <ele>1378.9</ele>
      </trkpt>
      <trkpt lat="44.94177" lon="6.56914">
        <ele>1378.6</ele>
      </trkpt>
      <trkpt lat="44.94137" lon="6.56949">
        <ele>1378.8</ele>
      </trkpt>
      <trkpt lat="44.94132" lon="6.56954">
        <ele>1378.9</ele>
      </trkpt>
      <trkpt lat="44.94127" lon="6.56959">
        <ele>1378.9</ele>
      </trkpt>
      <trkpt lat="44.94121" lon="6.56965">
        <ele>1379.0</ele>
      </trkpt>
      <trkpt lat="44.94108" lon="6.5698">
        <ele>1379.1</ele>
      </trkpt>
      <trkpt lat="44.940959" lon="6.56994">
        <ele>1379.2</ele>
      </trkpt>
      <trkpt lat="44.94093" lon="6.56997">
        <ele>1379.2</ele>
      </trkpt>
      <trkpt lat="44.94081" lon="6.57013">
        <ele>1379.3</ele>
      </trkpt>
      <trkpt lat="44.94077" lon="6.57019">
        <ele>1379.3</ele>
      </trkpt>
      <trkpt lat="44.94073" lon="6.57024">
        <ele>1379.3</ele>
      </trkpt>
      <trkpt lat="44.94061" lon="6.57039">
        <ele>1379.0</ele>
      </trkpt>
      <trkpt lat="44.94061" lon="6.5704">
        <ele>1379.0</ele>
      </trkpt>
      <trkpt lat="44.94045" lon="6.57063">
        <ele>1378.4</ele>
      </trkpt>
      <trkpt lat="44.94029" lon="6.57089">
        <ele>1377.7</ele>
      </trkpt>
      <trkpt lat="44.94015" lon="6.57115">
        <ele>1377.6</ele>
      </trkpt>
      <trkpt lat="44.94001" lon="6.57143">
        <ele>1377.3</ele>
      </trkpt>
      <trkpt lat="44.94" lon="6.57146">
        <ele>1377.3</ele>
      </trkpt>
      <trkpt lat="44.93985" lon="6.57178">
        <ele>1377.6</ele>
      </trkpt>
      <trkpt lat="44.93978" lon="6.57195">
        <ele>1377.9</ele>
      </trkpt>
      <trkpt lat="44.93976" lon="6.57193">
        <ele>1190.3</ele>
      </trkpt>
      <trkpt lat="44.9398" lon="6.57196">
        <ele>1378.0</ele>
      </trkpt>
      <trkpt lat="44.93958" lon="6.57244">
        <ele>1378.3</ele>
      </trkpt>
      <trkpt lat="44.93951" lon="6.57266">
        <ele>1378.7</ele>
      </trkpt>
      <trkpt lat="44.9392" lon="6.57382">
        <ele>1378.7</ele>
      </trkpt>
      <trkpt lat="44.938899" lon="6.57497">
        <ele>1375.8</ele>
      </trkpt>
      <trkpt lat="44.93859" lon="6.57613">
        <ele>1375.3</ele>
      </trkpt>
      <trkpt lat="44.93835" lon="6.57699">
        <ele>1373.8</ele>
      </trkpt>
      <trkpt lat="44.93811" lon="6.57785">
        <ele>1370.2</ele>
      </trkpt>
      <trkpt lat="44.93783" lon="6.57889">
        <ele>1368.1</ele>
      </trkpt>
      <trkpt lat="44.93755" lon="6.57992">
        <ele>1364.8</ele>
      </trkpt>
      <trkpt lat="44.93727" lon="6.58096">
        <ele>1358.3</ele>
      </trkpt>
      <trkpt lat="44.93699" lon="6.58199">
        <ele>1358.5</ele>
      </trkpt>
      <trkpt lat="44.93692" lon="6.58225">
        <ele>1358.8</ele>
      </trkpt>
      <trkpt lat="44.93692" lon="6.58228">
        <ele>1358.9</ele>
      </trkpt>
      <trkpt lat="44.93687" lon="6.58235">
        <ele>1358.8</ele>
      </trkpt>
      <trkpt lat="44.93687" lon="6.58236">
        <ele>1358.8</ele>
      </trkpt>
      <trkpt lat="44.93685" lon="6.58241">
        <ele>1358.9</ele>
      </trkpt>
      <trkpt lat="44.9368" lon="6.58254">
        <ele>1358.8</ele>
      </trkpt>
      <trkpt lat="44.93675" lon="6.58268">
        <ele>1358.7</ele>
      </trkpt>
      <trkpt lat="44.93666" lon="6.5829">
        <ele>1358.5</ele>
      </trkpt>
      <trkpt lat="44.93652" lon="6.58323">
        <ele>1358.4</ele>
      </trkpt>
      <trkpt lat="44.93627" lon="6.58378">
        <ele>1358.1</ele>
      </trkpt>
      <trkpt lat="44.93623" lon="6.58387">
        <ele>1358.0</ele>
      </trkpt>
      <trkpt lat="44.93613" lon="6.58408">
        <ele>1357.7</ele>
      </trkpt>
      <trkpt lat="44.936" lon="6.58436">
        <ele>1357.9</ele>
      </trkpt>
      <trkpt lat="44.93593" lon="6.58451">
        <ele>1358.2</ele>
      </trkpt>
      <trkpt lat="44.93583" lon="6.5847">
        <ele>1358.6</ele>
      </trkpt>
      <trkpt lat="44.93583" lon="6.58472">
        <ele>1358.7</ele>
      </trkpt>
      <trkpt lat="44.93568" lon="6.585">
        <ele>1359.4</ele>
      </trkpt>
      <trkpt lat="44.9355" lon="6.58532">
        <ele>1361.1</ele>
      </trkpt>
      <trkpt lat="44.93548" lon="6.58535">
        <ele>1361.2</ele>
      </trkpt>
      <trkpt lat="44.93539" lon="6.58552">
        <ele>1361.7</ele>
      </trkpt>
      <trkpt lat="44.93528" lon="6.58572">
        <ele>1362.1</ele>
      </trkpt>
      <trkpt lat="44.93509" lon="6.58604">
        <ele>1362.1</ele>
      </trkpt>
      <trkpt lat="44.935049" lon="6.58612">
        <ele>1362.2</ele>
      </trkpt>
      <trkpt lat="44.934869" lon="6.58645">
        <ele>1363.4</ele>
      </trkpt>
      <trkpt lat="44.93483" lon="6.58652">
        <ele>1363.7</ele>
      </trkpt>
      <trkpt lat="44.93464" lon="6.58686">
        <ele>1365.5</ele>
      </trkpt>
      <trkpt lat="44.93464" lon="6.58686">
        <ele>1365.5</ele>
      </trkpt>
      <trkpt lat="44.9347" lon="6.58692">
        <ele>1366.1</ele>
      </trkpt>
      <trkpt lat="44.93478" lon="6.58701">
        <ele>1367.0</ele>
      </trkpt>
      <trkpt lat="44.93493" lon="6.58715">
        <ele>1368.7</ele>
      </trkpt>
      <trkpt lat="44.9351" lon="6.5873">
        <ele>1371.2</ele>
      </trkpt>
      <trkpt lat="44.93527" lon="6.58744">
        <ele>1373.8</ele>
      </trkpt>
      <trkpt lat="44.93527" lon="6.58744">
        <ele>1373.8</ele>
      </trkpt>
      <trkpt lat="44.93533" lon="6.5875">
        <ele>1374.8</ele>
      </trkpt>
      <trkpt lat="44.93536" lon="6.58753">
        <ele>1375.3</ele>
      </trkpt>
      <trkpt lat="44.93545" lon="6.58765">
        <ele>1376.9</ele>
      </trkpt>
      <trkpt lat="44.93546" lon="6.58767">
        <ele>1377.1</ele>
      </trkpt>
      <trkpt lat="44.93557" lon="6.58783">
        <ele>1379.0</ele>
      </trkpt>
      <trkpt lat="44.93558" lon="6.58786">
        <ele>1379.3</ele>
      </trkpt>
      <trkpt lat="44.93564" lon="6.587989">
        <ele>1380.4</ele>
      </trkpt>
      <trkpt lat="44.93568" lon="6.58808">
        <ele>1381.1</ele>
      </trkpt>
      <trkpt lat="44.93572" lon="6.58817">
        <ele>1381.8</ele>
      </trkpt>
      <trkpt lat="44.93579" lon="6.58837">
        <ele>1383.3</ele>
      </trkpt>
      <trkpt lat="44.93583" lon="6.5885">
        <ele>1385.0</ele>
      </trkpt>
      <trkpt lat="44.93583" lon="6.58853">
        <ele>1385.3</ele>
      </trkpt>
      <trkpt lat="44.93585" lon="6.588669">
        <ele>1387.3</ele>
      </trkpt>
      <trkpt lat="44.93586" lon="6.58878">
        <ele>1388.8</ele>
      </trkpt>
      <trkpt lat="44.93586" lon="6.58885">
        <ele>1389.6</ele>
      </trkpt>
      <trkpt lat="44.93586" lon="6.58897">
        <ele>1391.1</ele>
      </trkpt>
      <trkpt lat="44.93585" lon="6.58904">
        <ele>1391.7</ele>
      </trkpt>
      <trkpt lat="44.93584" lon="6.58913">
        <ele>1392.7</ele>
      </trkpt>
      <trkpt lat="44.93583" lon="6.58915">
        <ele>1392.8</ele>
      </trkpt>
      <trkpt lat="44.935809" lon="6.589279">
        <ele>1393.3</ele>
      </trkpt>
      <trkpt lat="44.9358" lon="6.58932">
        <ele>1393.4</ele>
      </trkpt>
      <trkpt lat="44.93575" lon="6.58948">
        <ele>1393.7</ele>
      </trkpt>
      <trkpt lat="44.93573" lon="6.58951">
        <ele>1393.7</ele>
      </trkpt>
      <trkpt lat="44.93573" lon="6.58951">
        <ele>1393.7</ele>
      </trkpt>
      <trkpt lat="44.93569" lon="6.58959">
        <ele>1393.7</ele>
      </trkpt>
      <trkpt lat="44.935609" lon="6.5897">
        <ele>1393.7</ele>
      </trkpt>
      <trkpt lat="44.935609" lon="6.58971">
        <ele>1393.7</ele>
      </trkpt>
      <trkpt lat="44.935519" lon="6.589819">
        <ele>1393.8</ele>
      </trkpt>
      <trkpt lat="44.93551" lon="6.58984">
        <ele>1393.8</ele>
      </trkpt>
      <trkpt lat="44.9355" lon="6.58985">
        <ele>1393.8</ele>
      </trkpt>
      <trkpt lat="44.93548" lon="6.58987">
        <ele>1393.8</ele>
      </trkpt>
      <trkpt lat="44.93537" lon="6.59">
        <ele>1393.9</ele>
      </trkpt>
      <trkpt lat="44.93527" lon="6.59012">
        <ele>1393.9</ele>
      </trkpt>
      <trkpt lat="44.9352" lon="6.59018">
        <ele>1394.0</ele>
      </trkpt>
      <trkpt lat="44.9352" lon="6.59018">
        <ele>1394.0</ele>
      </trkpt>
      <trkpt lat="44.9352" lon="6.59025">
        <ele>1394.6</ele>
      </trkpt>
      <trkpt lat="44.93519" lon="6.5903">
        <ele>1395.0</ele>
      </trkpt>
      <trkpt lat="44.93518" lon="6.59032">
        <ele>1395.1</ele>
      </trkpt>
      <trkpt lat="44.93516" lon="6.59039">
        <ele>1395.5</ele>
      </trkpt>
      <trkpt lat="44.935139" lon="6.59042">
        <ele>1395.6</ele>
      </trkpt>
      <trkpt lat="44.93509" lon="6.59052">
        <ele>1396.1</ele>
      </trkpt>
      <trkpt lat="44.93504" lon="6.5906">
        <ele>1396.4</ele>
      </trkpt>
      <trkpt lat="44.93501" lon="6.59065">
        <ele>1396.5</ele>
      </trkpt>
      <trkpt lat="44.93499" lon="6.59069">
        <ele>1396.7</ele>
      </trkpt>
      <trkpt lat="44.93497" lon="6.59072">
        <ele>1396.8</ele>
      </trkpt>
      <trkpt lat="44.934959" lon="6.59076">
        <ele>1397.0</ele>
      </trkpt>
      <trkpt lat="44.93495" lon="6.59079">
        <ele>1397.2</ele>
      </trkpt>
      <trkpt lat="44.93493" lon="6.59084">
        <ele>1397.5</ele>
      </trkpt>
      <trkpt lat="44.93492" lon="6.59093">
        <ele>1398.0</ele>
      </trkpt>
      <trkpt lat="44.93492" lon="6.59093">
        <ele>1398.0</ele>
      </trkpt>
      <trkpt lat="44.93489" lon="6.59093">
        <ele>1397.8</ele>
      </trkpt>
      <trkpt lat="44.93484" lon="6.59096">
        <ele>1397.5</ele>
      </trkpt>
      <trkpt lat="44.93473" lon="6.591039">
        <ele>1397.1</ele>
      </trkpt>
      <trkpt lat="44.93471" lon="6.59106">
        <ele>1397.1</ele>
      </trkpt>
      <trkpt lat="44.93457" lon="6.59117">
        <ele>1396.6</ele>
      </trkpt>
      <trkpt lat="44.93453" lon="6.59122">
        <ele>1396.6</ele>
      </trkpt>
      <trkpt lat="44.93442" lon="6.59131">
        <ele>1396.2</ele>
      </trkpt>
      <trkpt lat="44.93437" lon="6.59136">
        <ele>1396.0</ele>
      </trkpt>
      <trkpt lat="44.93427" lon="6.59145">
        <ele>1395.7</ele>
      </trkpt>
      <trkpt lat="44.93423" lon="6.59149">
        <ele>1395.5</ele>
      </trkpt>
      <trkpt lat="44.93413" lon="6.59161">
        <ele>1395.3</ele>
      </trkpt>
      <trkpt lat="44.93412" lon="6.59163">
        <ele>1395.3</ele>
      </trkpt>
      <trkpt lat="44.93406" lon="6.59173">
        <ele>1395.3</ele>
      </trkpt>
      <trkpt lat="44.93404" lon="6.59182">
        <ele>1395.7</ele>
      </trkpt>
      <trkpt lat="44.93404" lon="6.59182">
        <ele>1395.7</ele>
      </trkpt>
      <trkpt lat="44.93412" lon="6.5919">
        <ele>1397.2</ele>
      </trkpt>
      <trkpt lat="44.93427" lon="6.59204">
        <ele>1399.7</ele>
      </trkpt>
      <trkpt lat="44.93436" lon="6.59213">
        <ele>1401.2</ele>
      </trkpt>
      <trkpt lat="44.93442" lon="6.59219">
        <ele>1402.2</ele>
      </trkpt>
      <trkpt lat="44.93443" lon="6.5922">
        <ele>1402.4</ele>
      </trkpt>
      <trkpt lat="44.934489" lon="6.5923">
        <ele>1403.7</ele>
      </trkpt>
      <trkpt lat="44.93453" lon="6.59239">
        <ele>1404.7</ele>
      </trkpt>
      <trkpt lat="44.93457" lon="6.592469">
        <ele>1405.7</ele>
      </trkpt>
      <trkpt lat="44.93464" lon="6.59259">
        <ele>1407.2</ele>
      </trkpt>
      <trkpt lat="44.93465" lon="6.59261">
        <ele>1407.4</ele>
      </trkpt>
      <trkpt lat="44.93471" lon="6.59272">
        <ele>1409.0</ele>
      </trkpt>
      <trkpt lat="44.93475" lon="6.59279">
        <ele>1410.0</ele>
      </trkpt>
      <trkpt lat="44.93476" lon="6.59279">
        <ele>1410.1</ele>
      </trkpt>
      <trkpt lat="44.9348" lon="6.59284">
        <ele>1411.1</ele>
      </trkpt>
      <trkpt lat="44.93485" lon="6.5929">
        <ele>1412.3</ele>
      </trkpt>
      <trkpt lat="44.9349" lon="6.59293">
        <ele>1413.3</ele>
      </trkpt>
      <trkpt lat="44.93494" lon="6.592939">
        <ele>1413.9</ele>
      </trkpt>
      <trkpt lat="44.93502" lon="6.59299">
        <ele>1415.5</ele>
      </trkpt>
      <trkpt lat="44.93512" lon="6.59303">
        <ele>1417.2</ele>
      </trkpt>
      <trkpt lat="44.93518" lon="6.59305">
        <ele>1418.1</ele>
      </trkpt>
      <trkpt lat="44.93524" lon="6.5931">
        <ele>1419.4</ele>
      </trkpt>
      <trkpt lat="44.9353" lon="6.59318">
        <ele>1420.9</ele>
      </trkpt>
      <trkpt lat="44.93539" lon="6.5933">
        <ele>1423.3</ele>
      </trkpt>
      <trkpt lat="44.93546" lon="6.59342">
        <ele>1425.2</ele>
      </trkpt>
      <trkpt lat="44.93551" lon="6.59349">
        <ele>1426.3</ele>
      </trkpt>
      <trkpt lat="44.93558" lon="6.59358">
        <ele>1428.0</ele>
      </trkpt>
      <trkpt lat="44.93564" lon="6.59367">
        <ele>1429.5</ele>
      </trkpt>
      <trkpt lat="44.93566" lon="6.59371">
        <ele>1430.2</ele>
      </trkpt>
      <trkpt lat="44.93571" lon="6.59378">
        <ele>1431.5</ele>
      </trkpt>
      <trkpt lat="44.93571" lon="6.59378">
        <ele>1431.5</ele>
      </trkpt>
      <trkpt lat="44.9358" lon="6.5937">
        <ele>1432.1</ele>
      </trkpt>
      <trkpt lat="44.935809" lon="6.593689">
        <ele>1432.1</ele>
      </trkpt>
      <trkpt lat="44.93583" lon="6.593689">
        <ele>1432.4</ele>
      </trkpt>
      <trkpt lat="44.93587" lon="6.5937">
        <ele>1432.9</ele>
      </trkpt>
      <trkpt lat="44.93588" lon="6.5937">
        <ele>1433.0</ele>
      </trkpt>
      <trkpt lat="44.93597" lon="6.59375">
        <ele>1434.3</ele>
      </trkpt>
      <trkpt lat="44.93604" lon="6.59378">
        <ele>1435.3</ele>
      </trkpt>
      <trkpt lat="44.9361" lon="6.59381">
        <ele>1436.2</ele>
      </trkpt>
      <trkpt lat="44.93621" lon="6.59385">
        <ele>1437.7</ele>
      </trkpt>
      <trkpt lat="44.936279" lon="6.59387">
        <ele>1438.6</ele>
      </trkpt>
      <trkpt lat="44.9363" lon="6.59388">
        <ele>1438.9</ele>
      </trkpt>
      <trkpt lat="44.93642" lon="6.5939">
        <ele>1440.3</ele>
      </trkpt>
      <trkpt lat="44.93654" lon="6.59391">
        <ele>1441.6</ele>
      </trkpt>
      <trkpt lat="44.936549" lon="6.59391">
        <ele>1441.7</ele>
      </trkpt>
      <trkpt lat="44.93664" lon="6.59392">
        <ele>1442.8</ele>
      </trkpt>
      <trkpt lat="44.9367" lon="6.59392">
        <ele>1443.6</ele>
      </trkpt>
      <trkpt lat="44.93674" lon="6.59392">
        <ele>1444.3</ele>
      </trkpt>
      <trkpt lat="44.93681" lon="6.59392">
        <ele>1445.6</ele>
      </trkpt>
      <trkpt lat="44.93692" lon="6.59394">
        <ele>1447.7</ele>
      </trkpt>
      <trkpt lat="44.93696" lon="6.59394">
        <ele>1448.4</ele>
      </trkpt>
      <trkpt lat="44.937019" lon="6.59393">
        <ele>1449.3</ele>
      </trkpt>
      <trkpt lat="44.93707" lon="6.59392">
        <ele>1450.1</ele>
      </trkpt>
      <trkpt lat="44.9371" lon="6.59392">
        <ele>1450.6</ele>
      </trkpt>
      <trkpt lat="44.93714" lon="6.59391">
        <ele>1451.2</ele>
      </trkpt>
      <trkpt lat="44.9372" lon="6.5939">
        <ele>1452.2</ele>
      </trkpt>
      <trkpt lat="44.93725" lon="6.59388">
        <ele>1452.8</ele>
      </trkpt>
      <trkpt lat="44.93732" lon="6.59384">
        <ele>1453.7</ele>
      </trkpt>
      <trkpt lat="44.93736" lon="6.5938">
        <ele>1454.0</ele>
      </trkpt>
      <trkpt lat="44.93739" lon="6.59379">
        <ele>1454.4</ele>
      </trkpt>
      <trkpt lat="44.93744" lon="6.59372">
        <ele>1454.6</ele>
      </trkpt>
      <trkpt lat="44.93751" lon="6.59363">
        <ele>1455.3</ele>
      </trkpt>
      <trkpt lat="44.937579" lon="6.59353">
        <ele>1457.2</ele>
      </trkpt>
      <trkpt lat="44.93762" lon="6.59344">
        <ele>1458.0</ele>
      </trkpt>
      <trkpt lat="44.93764" lon="6.59341">
        <ele>1458.5</ele>
      </trkpt>
      <trkpt lat="44.93773" lon="6.59324">
        <ele>1460.1</ele>
      </trkpt>
      <trkpt lat="44.93775" lon="6.59321">
        <ele>1460.5</ele>
      </trkpt>
      <trkpt lat="44.93784" lon="6.59305">
        <ele>1461.9</ele>
      </trkpt>
      <trkpt lat="44.93793" lon="6.5929">
        <ele>1463.3</ele>
      </trkpt>
      <trkpt lat="44.937959" lon="6.59283">
        <ele>1463.5</ele>
      </trkpt>
      <trkpt lat="44.938" lon="6.59276">
        <ele>1464.0</ele>
      </trkpt>
      <trkpt lat="44.93806" lon="6.59267">
        <ele>1465.0</ele>
      </trkpt>
      <trkpt lat="44.93807" lon="6.59265">
        <ele>1465.1</ele>
      </trkpt>
      <trkpt lat="44.93813" lon="6.59256">
        <ele>1466.1</ele>
      </trkpt>
      <trkpt lat="44.9382" lon="6.59246">
        <ele>1467.5</ele>
      </trkpt>
      <trkpt lat="44.93829" lon="6.59232">
        <ele>1469.3</ele>
      </trkpt>
      <trkpt lat="44.93832" lon="6.59227">
        <ele>1469.8</ele>
      </trkpt>
      <trkpt lat="44.93835" lon="6.59222">
        <ele>1470.3</ele>
      </trkpt>
      <trkpt lat="44.93842" lon="6.59208">
        <ele>1471.2</ele>
      </trkpt>
      <trkpt lat="44.93842" lon="6.59206">
        <ele>1471.0</ele>
      </trkpt>
      <trkpt lat="44.93848" lon="6.59189">
        <ele>1471.0</ele>
      </trkpt>
      <trkpt lat="44.9385" lon="6.59184">
        <ele>1471.1</ele>
      </trkpt>
      <trkpt lat="44.9385" lon="6.59183">
        <ele>1471.0</ele>
      </trkpt>
      <trkpt lat="44.93856" lon="6.59169">
        <ele>1471.2</ele>
      </trkpt>
      <trkpt lat="44.93863" lon="6.59144">
        <ele>1471.7</ele>
      </trkpt>
      <trkpt lat="44.93869" lon="6.5913">
        <ele>1472.6</ele>
      </trkpt>
      <trkpt lat="44.93872" lon="6.59123">
        <ele>1472.9</ele>
      </trkpt>
      <trkpt lat="44.93873" lon="6.59121">
        <ele>1473.1</ele>
      </trkpt>
      <trkpt lat="44.93876" lon="6.59114">
        <ele>1473.4</ele>
      </trkpt>
      <trkpt lat="44.938809" lon="6.59106">
        <ele>1474.1</ele>
      </trkpt>
      <trkpt lat="44.93883" lon="6.591039">
        <ele>1474.4</ele>
      </trkpt>
      <trkpt lat="44.93886" lon="6.59101">
        <ele>1475.0</ele>
      </trkpt>
      <trkpt lat="44.93893" lon="6.59095">
        <ele>1476.3</ele>
      </trkpt>
      <trkpt lat="44.93898" lon="6.5909">
        <ele>1477.0</ele>
      </trkpt>
      <trkpt lat="44.939" lon="6.59089">
        <ele>1477.4</ele>
      </trkpt>
      <trkpt lat="44.93904" lon="6.59086">
        <ele>1478.1</ele>
      </trkpt>
      <trkpt lat="44.93909" lon="6.59083">
        <ele>1479.1</ele>
      </trkpt>
      <trkpt lat="44.93916" lon="6.59079">
        <ele>1480.9</ele>
      </trkpt>
      <trkpt lat="44.93926" lon="6.590709">
        <ele>1485.2</ele>
      </trkpt>
      <trkpt lat="44.9393" lon="6.59067">
        <ele>1486.9</ele>
      </trkpt>
      <trkpt lat="44.93932" lon="6.59065">
        <ele>1487.7</ele>
      </trkpt>
      <trkpt lat="44.93935" lon="6.59061">
        <ele>1488.9</ele>
      </trkpt>
      <trkpt lat="44.939369" lon="6.59058">
        <ele>1489.7</ele>
      </trkpt>
      <trkpt lat="44.93941" lon="6.590499">
        <ele>1491.1</ele>
      </trkpt>
      <trkpt lat="44.93942" lon="6.59048">
        <ele>1491.4</ele>
      </trkpt>
      <trkpt lat="44.93944" lon="6.59041">
        <ele>1492.0</ele>
      </trkpt>
      <trkpt lat="44.93945" lon="6.5904">
        <ele>1492.3</ele>
      </trkpt>
      <trkpt lat="44.93948" lon="6.59025">
        <ele>1492.8</ele>
      </trkpt>
      <trkpt lat="44.9395" lon="6.59016">
        <ele>1493.1</ele>
      </trkpt>
      <trkpt lat="44.93952" lon="6.59008">
        <ele>1493.4</ele>
      </trkpt>
      <trkpt lat="44.93953" lon="6.59">
        <ele>1493.3</ele>
      </trkpt>
      <trkpt lat="44.93954" lon="6.58998">
        <ele>1493.4</ele>
      </trkpt>
      <trkpt lat="44.93956" lon="6.58992">
        <ele>1493.4</ele>
      </trkpt>
      <trkpt lat="44.9396" lon="6.58987">
        <ele>1494.1</ele>
      </trkpt>
      <trkpt lat="44.93964" lon="6.58983">
        <ele>1494.9</ele>
      </trkpt>
      <trkpt lat="44.93965" lon="6.589819">
        <ele>1495.1</ele>
      </trkpt>
      <trkpt lat="44.93973" lon="6.58977">
        <ele>1496.9</ele>
      </trkpt>
      <trkpt lat="44.93983" lon="6.58969">
        <ele>1498.9</ele>
      </trkpt>
      <trkpt lat="44.93989" lon="6.5896">
        <ele>1499.5</ele>
      </trkpt>
      <trkpt lat="44.93992" lon="6.58953">
        <ele>1499.5</ele>
      </trkpt>
      <trkpt lat="44.939929" lon="6.58952">
        <ele>1499.7</ele>
      </trkpt>
      <trkpt lat="44.93996" lon="6.58943">
        <ele>1499.4</ele>
      </trkpt>
      <trkpt lat="44.93997" lon="6.58941">
        <ele>1499.4</ele>
      </trkpt>
      <trkpt lat="44.94003" lon="6.58923">
        <ele>1499.2</ele>
      </trkpt>
      <trkpt lat="44.94004" lon="6.5892">
        <ele>1499.3</ele>
      </trkpt>
      <trkpt lat="44.94009" lon="6.58906">
        <ele>1499.5</ele>
      </trkpt>
      <trkpt lat="44.94011" lon="6.58901">
        <ele>1499.6</ele>
      </trkpt>
      <trkpt lat="44.94012" lon="6.58898">
        <ele>1499.6</ele>
      </trkpt>
      <trkpt lat="44.94014" lon="6.58892">
        <ele>1499.5</ele>
      </trkpt>
      <trkpt lat="44.94018" lon="6.58885">
        <ele>1500.3</ele>
      </trkpt>
      <trkpt lat="44.94023" lon="6.588809">
        <ele>1501.9</ele>
      </trkpt>
      <trkpt lat="44.94023" lon="6.588809">
        <ele>1501.9</ele>
      </trkpt>
      <trkpt lat="44.94026" lon="6.58882">
        <ele>1503.5</ele>
      </trkpt>
      <trkpt lat="44.94029" lon="6.58884">
        <ele>1505.1</ele>
      </trkpt>
      <trkpt lat="44.940309" lon="6.588879">
        <ele>1506.7</ele>
      </trkpt>
      <trkpt lat="44.94032" lon="6.58893">
        <ele>1507.9</ele>
      </trkpt>
      <trkpt lat="44.94032" lon="6.58899">
        <ele>1508.8</ele>
      </trkpt>
      <trkpt lat="44.94028" lon="6.58913">
        <ele>1509.2</ele>
      </trkpt>
      <trkpt lat="44.94024" lon="6.58922">
        <ele>1508.8</ele>
      </trkpt>
      <trkpt lat="44.94017" lon="6.5894">
        <ele>1508.2</ele>
      </trkpt>
      <trkpt lat="44.94016" lon="6.58945">
        <ele>1508.5</ele>
      </trkpt>
      <trkpt lat="44.94009" lon="6.58964">
        <ele>1507.8</ele>
      </trkpt>
      <trkpt lat="44.94008" lon="6.58968">
        <ele>1507.8</ele>
      </trkpt>
      <trkpt lat="44.94004" lon="6.589819">
        <ele>1507.7</ele>
      </trkpt>
      <trkpt lat="44.940019" lon="6.58992">
        <ele>1508.0</ele>
      </trkpt>
      <trkpt lat="44.94" lon="6.59016">
        <ele>1510.1</ele>
      </trkpt>
      <trkpt lat="44.93999" lon="6.59017">
        <ele>1509.9</ele>
      </trkpt>
      <trkpt lat="44.93997" lon="6.59042">
        <ele>1512.4</ele>
      </trkpt>
      <trkpt lat="44.93995" lon="6.59062">
        <ele>1514.1</ele>
      </trkpt>
      <trkpt lat="44.93994" lon="6.59067">
        <ele>1514.3</ele>
      </trkpt>
      <trkpt lat="44.93991" lon="6.5909">
        <ele>1516.1</ele>
      </trkpt>
      <trkpt lat="44.93991" lon="6.59092">
        <ele>1516.4</ele>
      </trkpt>
      <trkpt lat="44.9399" lon="6.591109">
        <ele>1519.3</ele>
      </trkpt>
      <trkpt lat="44.93989" lon="6.591179">
        <ele>1520.0</ele>
      </trkpt>
      <trkpt lat="44.93988" lon="6.59139">
        <ele>1523.2</ele>
      </trkpt>
      <trkpt lat="44.93988" lon="6.59143">
        <ele>1523.9</ele>
      </trkpt>
      <trkpt lat="44.93986" lon="6.5916">
        <ele>1525.8</ele>
      </trkpt>
      <trkpt lat="44.93985" lon="6.59168">
        <ele>1526.7</ele>
      </trkpt>
      <trkpt lat="44.93985" lon="6.59171">
        <ele>1527.2</ele>
      </trkpt>
      <trkpt lat="44.93982" lon="6.591789">
        <ele>1527.2</ele>
      </trkpt>
      <trkpt lat="44.93977" lon="6.59191">
        <ele>1526.8</ele>
      </trkpt>
      <trkpt lat="44.93976" lon="6.59194">
        <ele>1526.8</ele>
      </trkpt>
      <trkpt lat="44.93969" lon="6.59207">
        <ele>1525.6</ele>
      </trkpt>
      <trkpt lat="44.93966" lon="6.59211">
        <ele>1524.9</ele>
      </trkpt>
      <trkpt lat="44.93964" lon="6.59213">
        <ele>1524.2</ele>
      </trkpt>
      <trkpt lat="44.93961" lon="6.59219">
        <ele>1523.8</ele>
      </trkpt>
      <trkpt lat="44.93958" lon="6.59225">
        <ele>1523.3</ele>
      </trkpt>
      <trkpt lat="44.939549" lon="6.59231">
        <ele>1522.9</ele>
      </trkpt>
      <trkpt lat="44.93952" lon="6.592399">
        <ele>1523.0</ele>
      </trkpt>
      <trkpt lat="44.93951" lon="6.59245">
        <ele>1523.4</ele>
      </trkpt>
      <trkpt lat="44.9395" lon="6.59252">
        <ele>1524.2</ele>
      </trkpt>
      <trkpt lat="44.9395" lon="6.59255">
        <ele>1524.7</ele>
      </trkpt>
      <trkpt lat="44.93949" lon="6.5926">
        <ele>1525.2</ele>
      </trkpt>
      <trkpt lat="44.939459" lon="6.59276">
        <ele>1526.7</ele>
      </trkpt>
      <trkpt lat="44.93945" lon="6.59279">
        <ele>1526.7</ele>
      </trkpt>
      <trkpt lat="44.93941" lon="6.59296">
        <ele>1527.9</ele>
      </trkpt>
      <trkpt lat="44.9394" lon="6.59303">
        <ele>1528.8</ele>
      </trkpt>
      <trkpt lat="44.93935" lon="6.59322">
        <ele>1529.9</ele>
      </trkpt>
      <trkpt lat="44.93934" lon="6.59327">
        <ele>1530.3</ele>
      </trkpt>
      <trkpt lat="44.939279" lon="6.59352">
        <ele>1530.9</ele>
      </trkpt>
      <trkpt lat="44.93924" lon="6.5937">
        <ele>1531.3</ele>
      </trkpt>
      <trkpt lat="44.93923" lon="6.593759">
        <ele>1531.6</ele>
      </trkpt>
      <trkpt lat="44.93922" lon="6.59384">
        <ele>1532.2</ele>
      </trkpt>
      <trkpt lat="44.9392" lon="6.59401">
        <ele>1533.5</ele>
      </trkpt>
      <trkpt lat="44.9392" lon="6.59415">
        <ele>1535.3</ele>
      </trkpt>
      <trkpt lat="44.93919" lon="6.594299">
        <ele>1534.9</ele>
      </trkpt>
      <trkpt lat="44.93921" lon="6.59442">
        <ele>1535.7</ele>
      </trkpt>
      <trkpt lat="44.93924" lon="6.59449">
        <ele>1537.0</ele>
      </trkpt>
      <trkpt lat="44.93925" lon="6.59451">
        <ele>1537.4</ele>
      </trkpt>
      <trkpt lat="44.9393" lon="6.59459">
        <ele>1539.7</ele>
      </trkpt>
      <trkpt lat="44.93935" lon="6.59468">
        <ele>1541.9</ele>
      </trkpt>
      <trkpt lat="44.93936" lon="6.59471">
        <ele>1542.4</ele>
      </trkpt>
      <trkpt lat="44.93939" lon="6.59478">
        <ele>1543.8</ele>
      </trkpt>
      <trkpt lat="44.9394" lon="6.59487">
        <ele>1544.2</ele>
      </trkpt>
      <trkpt lat="44.93941" lon="6.59495">
        <ele>1544.7</ele>
      </trkpt>
      <trkpt lat="44.93941" lon="6.59504">
        <ele>1544.4</ele>
      </trkpt>
      <trkpt lat="44.93943" lon="6.5952">
        <ele>1544.3</ele>
      </trkpt>
      <trkpt lat="44.93943" lon="6.59521">
        <ele>1544.2</ele>
      </trkpt>
      <trkpt lat="44.93944" lon="6.59529">
        <ele>1544.2</ele>
      </trkpt>
      <trkpt lat="44.93948" lon="6.595379">
        <ele>1545.5</ele>
      </trkpt>
      <trkpt lat="44.93951" lon="6.59543">
        <ele>1546.6</ele>
      </trkpt>
      <trkpt lat="44.93956" lon="6.59554">
        <ele>1548.3</ele>
      </trkpt>
      <trkpt lat="44.9396" lon="6.59564">
        <ele>1549.6</ele>
      </trkpt>
      <trkpt lat="44.93963" lon="6.59571">
        <ele>1550.6</ele>
      </trkpt>
      <trkpt lat="44.9397" lon="6.59586">
        <ele>1553.4</ele>
      </trkpt>
      <trkpt lat="44.93976" lon="6.59597">
        <ele>1556.9</ele>
      </trkpt>
      <trkpt lat="44.93979" lon="6.59607">
        <ele>1559.0</ele>
      </trkpt>
      <trkpt lat="44.93979" lon="6.59608">
        <ele>1559.0</ele>
      </trkpt>
      <trkpt lat="44.9398" lon="6.59615">
        <ele>1559.9</ele>
      </trkpt>
      <trkpt lat="44.9398" lon="6.59622">
        <ele>1560.3</ele>
      </trkpt>
      <trkpt lat="44.93978" lon="6.59632">
        <ele>1559.8</ele>
      </trkpt>
      <trkpt lat="44.93978" lon="6.59633">
        <ele>1559.9</ele>
      </trkpt>
      <trkpt lat="44.93972" lon="6.59656">
        <ele>1558.0</ele>
      </trkpt>
      <trkpt lat="44.93972" lon="6.59657">
        <ele>1558.1</ele>
      </trkpt>
      <trkpt lat="44.93966" lon="6.59673">
        <ele>1556.3</ele>
      </trkpt>
      <trkpt lat="44.93965" lon="6.5968">
        <ele>1556.8</ele>
      </trkpt>
      <trkpt lat="44.93965" lon="6.59682">
        <ele>1557.0</ele>
      </trkpt>
      <trkpt lat="44.93964" lon="6.59689">
        <ele>1557.5</ele>
      </trkpt>
      <trkpt lat="44.93965" lon="6.59694">
        <ele>1558.7</ele>
      </trkpt>
      <trkpt lat="44.93968" lon="6.59696">
        <ele>1560.4</ele>
      </trkpt>
      <trkpt lat="44.93972" lon="6.59697">
        <ele>1562.5</ele>
      </trkpt>
      <trkpt lat="44.93973" lon="6.59697">
        <ele>1562.9</ele>
      </trkpt>
      <trkpt lat="44.939749" lon="6.59697">
        <ele>1563.9</ele>
      </trkpt>
      <trkpt lat="44.93979" lon="6.59697">
        <ele>1565.8</ele>
      </trkpt>
      <trkpt lat="44.93981" lon="6.59693">
        <ele>1566.3</ele>
      </trkpt>
      <trkpt lat="44.93983" lon="6.59687">
        <ele>1566.6</ele>
      </trkpt>
      <trkpt lat="44.939839" lon="6.59682">
        <ele>1566.5</ele>
      </trkpt>
      <trkpt lat="44.9399" lon="6.59659">
        <ele>1567.4</ele>
      </trkpt>
      <trkpt lat="44.9399" lon="6.59658">
        <ele>1567.4</ele>
      </trkpt>
      <trkpt lat="44.93995" lon="6.59634">
        <ele>1568.5</ele>
      </trkpt>
      <trkpt lat="44.93995" lon="6.59633">
        <ele>1568.5</ele>
      </trkpt>
      <trkpt lat="44.93997" lon="6.596199">
        <ele>1568.7</ele>
      </trkpt>
      <trkpt lat="44.93998" lon="6.59609">
        <ele>1568.6</ele>
      </trkpt>
      <trkpt lat="44.93998" lon="6.59605">
        <ele>1568.3</ele>
      </trkpt>
      <trkpt lat="44.93997" lon="6.59586">
        <ele>1566.7</ele>
      </trkpt>
      <trkpt lat="44.93998" lon="6.59583">
        <ele>1567.0</ele>
      </trkpt>
      <trkpt lat="44.93998" lon="6.59572">
        <ele>1567.7</ele>
      </trkpt>
      <trkpt lat="44.94" lon="6.59558">
        <ele>1569.5</ele>
      </trkpt>
      <trkpt lat="44.940019" lon="6.59547">
        <ele>1571.1</ele>
      </trkpt>
      <trkpt lat="44.94001" lon="6.59535">
        <ele>1571.3</ele>
      </trkpt>
      <trkpt lat="44.94001" lon="6.59533">
        <ele>1571.5</ele>
      </trkpt>
      <trkpt lat="44.94001" lon="6.59522">
        <ele>1572.1</ele>
      </trkpt>
      <trkpt lat="44.940019" lon="6.59508">
        <ele>1573.3</ele>
      </trkpt>
      <trkpt lat="44.94003" lon="6.59497">
        <ele>1574.1</ele>
      </trkpt>
      <trkpt lat="44.94006" lon="6.59483">
        <ele>1575.0</ele>
      </trkpt>
      <trkpt lat="44.9401" lon="6.59466">
        <ele>1576.3</ele>
      </trkpt>
      <trkpt lat="44.94012" lon="6.59455">
        <ele>1576.9</ele>
      </trkpt>
      <trkpt lat="44.94013" lon="6.5945">
        <ele>1577.2</ele>
      </trkpt>
      <trkpt lat="44.94013" lon="6.59442">
        <ele>1577.1</ele>
      </trkpt>
      <trkpt lat="44.94012" lon="6.59434">
        <ele>1576.5</ele>
      </trkpt>
      <trkpt lat="44.94012" lon="6.5942">
        <ele>1576.3</ele>
      </trkpt>
      <trkpt lat="44.94013" lon="6.59415">
        <ele>1576.5</ele>
      </trkpt>
      <trkpt lat="44.94014" lon="6.594089">
        <ele>1576.4</ele>
      </trkpt>
      <trkpt lat="44.94015" lon="6.59405">
        <ele>1576.5</ele>
      </trkpt>
      <trkpt lat="44.94018" lon="6.59396">
        <ele>1577.1</ele>
      </trkpt>
      <trkpt lat="44.940219" lon="6.59386">
        <ele>1578.0</ele>
      </trkpt>
      <trkpt lat="44.94025" lon="6.5938">
        <ele>1578.9</ele>
      </trkpt>
      <trkpt lat="44.9403" lon="6.59363">
        <ele>1579.7</ele>
      </trkpt>
      <trkpt lat="44.94035" lon="6.59345">
        <ele>1580.5</ele>
      </trkpt>
      <trkpt lat="44.94039" lon="6.59333">
        <ele>1581.3</ele>
      </trkpt>
      <trkpt lat="44.94042" lon="6.59325">
        <ele>1581.6</ele>
      </trkpt>
      <trkpt lat="44.94044" lon="6.5932">
        <ele>1581.8</ele>
      </trkpt>
      <trkpt lat="44.94046" lon="6.59318">
        <ele>1582.5</ele>
      </trkpt>
      <trkpt lat="44.94052" lon="6.593079">
        <ele>1584.1</ele>
      </trkpt>
      <trkpt lat="44.94057" lon="6.59302">
        <ele>1585.7</ele>
      </trkpt>
      <trkpt lat="44.94063" lon="6.592939">
        <ele>1587.8</ele>
      </trkpt>
      <trkpt lat="44.9407" lon="6.59281">
        <ele>1589.9</ele>
      </trkpt>
      <trkpt lat="44.94077" lon="6.59267">
        <ele>1592.1</ele>
      </trkpt>
      <trkpt lat="44.94082" lon="6.59255">
        <ele>1593.7</ele>
      </trkpt>
      <trkpt lat="44.94088" lon="6.59241">
        <ele>1595.0</ele>
      </trkpt>
      <trkpt lat="44.94088" lon="6.592399">
        <ele>1594.8</ele>
      </trkpt>
      <trkpt lat="44.94092" lon="6.59228">
        <ele>1595.1</ele>
      </trkpt>
      <trkpt lat="44.94095" lon="6.59217">
        <ele>1595.1</ele>
      </trkpt>
      <trkpt lat="44.940959" lon="6.59213">
        <ele>1595.1</ele>
      </trkpt>
      <trkpt lat="44.941" lon="6.59203">
        <ele>1595.7</ele>
      </trkpt>
      <trkpt lat="44.94104" lon="6.59195">
        <ele>1596.7</ele>
      </trkpt>
      <trkpt lat="44.94109" lon="6.59187">
        <ele>1598.1</ele>
      </trkpt>
      <trkpt lat="44.94115" lon="6.59173">
        <ele>1599.3</ele>
      </trkpt>
      <trkpt lat="44.9412" lon="6.5916">
        <ele>1600.1</ele>
      </trkpt>
      <trkpt lat="44.94123" lon="6.59152">
        <ele>1600.4</ele>
      </trkpt>
      <trkpt lat="44.94124" lon="6.59149">
        <ele>1600.5</ele>
      </trkpt>
      <trkpt lat="44.94132" lon="6.5913">
        <ele>1601.8</ele>
      </trkpt>
      <trkpt lat="44.94132" lon="6.59129">
        <ele>1601.7</ele>
      </trkpt>
      <trkpt lat="44.94137" lon="6.59116">
        <ele>1602.5</ele>
      </trkpt>
      <trkpt lat="44.9414" lon="6.59108">
        <ele>1603.0</ele>
      </trkpt>
      <trkpt lat="44.94141" lon="6.59107">
        <ele>1603.3</ele>
      </trkpt>
      <trkpt lat="44.94144" lon="6.59098">
        <ele>1603.7</ele>
      </trkpt>
      <trkpt lat="44.94149" lon="6.59089">
        <ele>1605.2</ele>
      </trkpt>
      <trkpt lat="44.9415" lon="6.59086">
        <ele>1605.4</ele>
      </trkpt>
      <trkpt lat="44.94153" lon="6.59081">
        <ele>1606.2</ele>
      </trkpt>
      <trkpt lat="44.94158" lon="6.590709">
        <ele>1607.2</ele>
      </trkpt>
      <trkpt lat="44.94159" lon="6.59065">
        <ele>1606.8</ele>
      </trkpt>
      <trkpt lat="44.94162" lon="6.59058">
        <ele>1607.2</ele>
      </trkpt>
      <trkpt lat="44.94164" lon="6.59047">
        <ele>1606.4</ele>
      </trkpt>
      <trkpt lat="44.94166" lon="6.59041">
        <ele>1606.5</ele>
      </trkpt>
      <trkpt lat="44.94167" lon="6.59036">
        <ele>1606.2</ele>
      </trkpt>
      <trkpt lat="44.94169" lon="6.59026">
        <ele>1605.6</ele>
      </trkpt>
      <trkpt lat="44.941719" lon="6.59017">
        <ele>1605.6</ele>
      </trkpt>
      <trkpt lat="44.941719" lon="6.59016">
        <ele>1605.4</ele>
      </trkpt>
      <trkpt lat="44.94176" lon="6.590099">
        <ele>1606.5</ele>
      </trkpt>
      <trkpt lat="44.9418" lon="6.59006">
        <ele>1608.0</ele>
      </trkpt>
      <trkpt lat="44.94186" lon="6.590029">
        <ele>1610.7</ele>
      </trkpt>
      <trkpt lat="44.94191" lon="6.58999">
        <ele>1612.7</ele>
      </trkpt>
      <trkpt lat="44.94191" lon="6.58999">
        <ele>1612.7</ele>
      </trkpt>
      <trkpt lat="44.94191" lon="6.58999">
        <ele>1612.7</ele>
      </trkpt>
      <trkpt lat="44.94202" lon="6.58986">
        <ele>1615.8</ele>
      </trkpt>
      <trkpt lat="44.94208" lon="6.58974">
        <ele>1616.5</ele>
      </trkpt>
      <trkpt lat="44.94212" lon="6.58959">
        <ele>1615.5</ele>
      </trkpt>
      <trkpt lat="44.94218" lon="6.58947">
        <ele>1616.2</ele>
      </trkpt>
      <trkpt lat="44.942279" lon="6.58937">
        <ele>1619.2</ele>
      </trkpt>
      <trkpt lat="44.9424" lon="6.58929">
        <ele>1623.6</ele>
      </trkpt>
      <trkpt lat="44.94258" lon="6.58902">
        <ele>1628.5</ele>
      </trkpt>
      <trkpt lat="44.94264" lon="6.58887">
        <ele>1629.8</ele>
      </trkpt>
      <trkpt lat="44.94265" lon="6.58872">
        <ele>1628.6</ele>
      </trkpt>
      <trkpt lat="44.94262" lon="6.5884">
        <ele>1623.8</ele>
      </trkpt>
      <trkpt lat="44.94263" lon="6.58829">
        <ele>1622.7</ele>
      </trkpt>
      <trkpt lat="44.94267" lon="6.58818">
        <ele>1622.5</ele>
      </trkpt>
      <trkpt lat="44.94301" lon="6.58779">
        <ele>1629.9</ele>
      </trkpt>
      <trkpt lat="44.94323" lon="6.5876">
        <ele>1635.6</ele>
      </trkpt>
      <trkpt lat="44.94373" lon="6.58729">
        <ele>1645.9</ele>
      </trkpt>
      <trkpt lat="44.944" lon="6.58693">
        <ele>1648.0</ele>
      </trkpt>
      <trkpt lat="44.94413" lon="6.58681">
        <ele>1650.1</ele>
      </trkpt>
      <trkpt lat="44.9442" lon="6.58679">
        <ele>1651.8</ele>
      </trkpt>
      <trkpt lat="44.944249" lon="6.5868">
        <ele>1653.2</ele>
      </trkpt>
      <trkpt lat="44.94428" lon="6.58685">
        <ele>1654.8</ele>
      </trkpt>
      <trkpt lat="44.9443" lon="6.586909">
        <ele>1656.2</ele>
      </trkpt>
      <trkpt lat="44.94429" lon="6.58697">
        <ele>1656.8</ele>
      </trkpt>
      <trkpt lat="44.94398" lon="6.58744">
        <ele>1655.7</ele>
      </trkpt>
      <trkpt lat="44.94367" lon="6.58792">
        <ele>1656.3</ele>
      </trkpt>
      <trkpt lat="44.94361" lon="6.58804">
        <ele>1656.8</ele>
      </trkpt>
      <trkpt lat="44.94357" lon="6.58815">
        <ele>1657.6</ele>
      </trkpt>
      <trkpt lat="44.94354" lon="6.58865">
        <ele>1665.6</ele>
      </trkpt>
      <trkpt lat="44.94352" lon="6.58877">
        <ele>1667.0</ele>
      </trkpt>
      <trkpt lat="44.94338" lon="6.58906">
        <ele>1667.6</ele>
      </trkpt>
      <trkpt lat="44.943309" lon="6.58924">
        <ele>1668.1</ele>
      </trkpt>
      <trkpt lat="44.94319" lon="6.58961">
        <ele>1668.6</ele>
      </trkpt>
      <trkpt lat="44.943129" lon="6.58975">
        <ele>1668.2</ele>
      </trkpt>
      <trkpt lat="44.94299" lon="6.589959">
        <ele>1665.6</ele>
      </trkpt>
      <trkpt lat="44.942929" lon="6.59009">
        <ele>1664.5</ele>
      </trkpt>
      <trkpt lat="44.94291" lon="6.5902">
        <ele>1664.7</ele>
      </trkpt>
      <trkpt lat="44.94291" lon="6.59037">
        <ele>1666.5</ele>
      </trkpt>
      <trkpt lat="44.94294" lon="6.59093">
        <ele>1673.1</ele>
      </trkpt>
      <trkpt lat="44.94297" lon="6.591109">
        <ele>1675.4</ele>
      </trkpt>
      <trkpt lat="44.94304" lon="6.59133">
        <ele>1679.3</ele>
      </trkpt>
      <trkpt lat="44.94306" lon="6.59147">
        <ele>1680.7</ele>
      </trkpt>
      <trkpt lat="44.94309" lon="6.59244">
        <ele>1689.5</ele>
      </trkpt>
      <trkpt lat="44.94308" lon="6.59258">
        <ele>1690.1</ele>
      </trkpt>
      <trkpt lat="44.943" lon="6.59311">
        <ele>1689.2</ele>
      </trkpt>
      <trkpt lat="44.94301" lon="6.5934">
        <ele>1691.0</ele>
      </trkpt>
      <trkpt lat="44.94305" lon="6.59373">
        <ele>1694.5</ele>
      </trkpt>
      <trkpt lat="44.94314" lon="6.59421">
        <ele>1700.8</ele>
      </trkpt>
      <trkpt lat="44.94314" lon="6.59436">
        <ele>1701.2</ele>
      </trkpt>
      <trkpt lat="44.9431" lon="6.59462">
        <ele>1700.2</ele>
      </trkpt>
      <trkpt lat="44.9431" lon="6.59476">
        <ele>1700.6</ele>
      </trkpt>
      <trkpt lat="44.94314" lon="6.594909">
        <ele>1702.6</ele>
      </trkpt>
      <trkpt lat="44.94329" lon="6.59528">
        <ele>1710.9</ele>
      </trkpt>
      <trkpt lat="44.9433" lon="6.59543">
        <ele>1712.2</ele>
      </trkpt>
      <trkpt lat="44.94327" lon="6.59574">
        <ele>1712.9</ele>
      </trkpt>
      <trkpt lat="44.94328" lon="6.5959">
        <ele>1713.8</ele>
      </trkpt>
      <trkpt lat="44.943399" lon="6.59624">
        <ele>1717.6</ele>
      </trkpt>
      <trkpt lat="44.94357" lon="6.59662">
        <ele>1721.7</ele>
      </trkpt>
      <trkpt lat="44.94362" lon="6.59666">
        <ele>1722.9</ele>
      </trkpt>
      <trkpt lat="44.94367" lon="6.596669">
        <ele>1724.3</ele>
      </trkpt>
      <trkpt lat="44.9437" lon="6.59664">
        <ele>1725.2</ele>
      </trkpt>
      <trkpt lat="44.94373" lon="6.59657">
        <ele>1726.3</ele>
      </trkpt>
      <trkpt lat="44.94373" lon="6.59648">
        <ele>1726.7</ele>
      </trkpt>
      <trkpt lat="44.94363" lon="6.59615">
        <ele>1724.9</ele>
      </trkpt>
      <trkpt lat="44.94361" lon="6.596">
        <ele>1724.8</ele>
      </trkpt>
      <trkpt lat="44.94363" lon="6.59576">
        <ele>1725.6</ele>
      </trkpt>
      <trkpt lat="44.94368" lon="6.59565">
        <ele>1726.7</ele>
      </trkpt>
      <trkpt lat="44.94397" lon="6.59535">
        <ele>1735.4</ele>
      </trkpt>
      <trkpt lat="44.94407" lon="6.5952">
        <ele>1738.3</ele>
      </trkpt>
      <trkpt lat="44.944159" lon="6.59499">
        <ele>1740.8</ele>
      </trkpt>
      <trkpt lat="44.9442" lon="6.59483">
        <ele>1742.3</ele>
      </trkpt>
      <trkpt lat="44.94422" lon="6.59412">
        <ele>1743.3</ele>
      </trkpt>
      <trkpt lat="44.94424" lon="6.59342">
        <ele>1746.3</ele>
      </trkpt>
      <trkpt lat="44.94429" lon="6.59325">
        <ele>1747.7</ele>
      </trkpt>
      <trkpt lat="44.94441" lon="6.59304">
        <ele>1750.3</ele>
      </trkpt>
      <trkpt lat="44.94477" lon="6.5925">
        <ele>1758.3</ele>
      </trkpt>
      <trkpt lat="44.94483" lon="6.592329">
        <ele>1759.4</ele>
      </trkpt>
      <trkpt lat="44.94487" lon="6.59181">
        <ele>1758.1</ele>
      </trkpt>
      <trkpt lat="44.94495" lon="6.59154">
        <ele>1759.1</ele>
      </trkpt>
      <trkpt lat="44.94506" lon="6.59126">
        <ele>1758.4</ele>
      </trkpt>
      <trkpt lat="44.94513" lon="6.591179">
        <ele>1758.6</ele>
      </trkpt>
      <trkpt lat="44.94525" lon="6.591109">
        <ele>1759.8</ele>
      </trkpt>
      <trkpt lat="44.94535" lon="6.5911">
        <ele>1761.5</ele>
      </trkpt>
      <trkpt lat="44.94542" lon="6.59113">
        <ele>1763.4</ele>
      </trkpt>
      <trkpt lat="44.94547" lon="6.59119">
        <ele>1765.5</ele>
      </trkpt>
      <trkpt lat="44.94549" lon="6.59126">
        <ele>1767.2</ele>
      </trkpt>
      <trkpt lat="44.94548" lon="6.59135">
        <ele>1768.7</ele>
      </trkpt>
      <trkpt lat="44.94545" lon="6.59141">
        <ele>1769.1</ele>
      </trkpt>
      <trkpt lat="44.94533" lon="6.59158">
        <ele>1769.4</ele>
      </trkpt>
      <trkpt lat="44.94529" lon="6.59168">
        <ele>1770.1</ele>
      </trkpt>
      <trkpt lat="44.9453" lon="6.59178">
        <ele>1771.0</ele>
      </trkpt>
      <trkpt lat="44.94539" lon="6.59204">
        <ele>1775.2</ele>
      </trkpt>
      <trkpt lat="44.94548" lon="6.5922">
        <ele>1779.0</ele>
      </trkpt>
      <trkpt lat="44.94552" lon="6.59235">
        <ele>1781.5</ele>
      </trkpt>
      <trkpt lat="44.94553" lon="6.59249">
        <ele>1783.1</ele>
      </trkpt>
      <trkpt lat="44.94553" lon="6.59265">
        <ele>1784.3</ele>
      </trkpt>
      <trkpt lat="44.94545" lon="6.5933">
        <ele>1786.8</ele>
      </trkpt>
      <trkpt lat="44.94546" lon="6.59345">
        <ele>1787.7</ele>
      </trkpt>
      <trkpt lat="44.94565" lon="6.59413">
        <ele>1796.5</ele>
      </trkpt>
      <trkpt lat="44.94576" lon="6.59459">
        <ele>1801.8</ele>
      </trkpt>
      <trkpt lat="44.94576" lon="6.59472">
        <ele>1802.2</ele>
      </trkpt>
      <trkpt lat="44.9457" lon="6.595">
        <ele>1800.6</ele>
      </trkpt>
      <trkpt lat="44.94569" lon="6.59513">
        <ele>1800.0</ele>
      </trkpt>
      <trkpt lat="44.94571" lon="6.595309">
        <ele>1800.5</ele>
      </trkpt>
      <trkpt lat="44.945839" lon="6.596">
        <ele>1805.7</ele>
      </trkpt>
      <trkpt lat="44.94586" lon="6.59634">
        <ele>1807.5</ele>
      </trkpt>
      <trkpt lat="44.94587" lon="6.59708">
        <ele>1810.0</ele>
      </trkpt>
      <trkpt lat="44.94588" lon="6.59722">
        <ele>1810.8</ele>
      </trkpt>
      <trkpt lat="44.94592" lon="6.59734">
        <ele>1812.6</ele>
      </trkpt>
      <trkpt lat="44.94612" lon="6.59771">
        <ele>1817.1</ele>
      </trkpt>
      <trkpt lat="44.94634" lon="6.59801">
        <ele>1821.2</ele>
      </trkpt>
      <trkpt lat="44.9465" lon="6.59812">
        <ele>1825.9</ele>
      </trkpt>
      <trkpt lat="44.94655" lon="6.59813">
        <ele>1827.7</ele>
      </trkpt>
      <trkpt lat="44.946599" lon="6.5981">
        <ele>1830.0</ele>
      </trkpt>
      <trkpt lat="44.94663" lon="6.59804">
        <ele>1831.8</ele>
      </trkpt>
      <trkpt lat="44.94663" lon="6.59795">
        <ele>1832.8</ele>
      </trkpt>
      <trkpt lat="44.94661" lon="6.59788">
        <ele>1832.8</ele>
      </trkpt>
      <trkpt lat="44.94626" lon="6.59748">
        <ele>1824.9</ele>
      </trkpt>
      <trkpt lat="44.94619" lon="6.59729">
        <ele>1822.6</ele>
      </trkpt>
      <trkpt lat="44.94618" lon="6.59722">
        <ele>1822.3</ele>
      </trkpt>
      <trkpt lat="44.94623" lon="6.597">
        <ele>1824.6</ele>
      </trkpt>
      <trkpt lat="44.9463" lon="6.59686">
        <ele>1827.8</ele>
      </trkpt>
      <trkpt lat="44.94667" lon="6.59597">
        <ele>1846.0</ele>
      </trkpt>
      <trkpt lat="44.94673" lon="6.59572">
        <ele>1848.2</ele>
      </trkpt>
      <trkpt lat="44.94675" lon="6.595309">
        <ele>1848.5</ele>
      </trkpt>
      <trkpt lat="44.94682" lon="6.59509">
        <ele>1851.0</ele>
      </trkpt>
      <trkpt lat="44.94697" lon="6.59479">
        <ele>1854.4</ele>
      </trkpt>
      <trkpt lat="44.94746" lon="6.59412">
        <ele>1863.9</ele>
      </trkpt>
      <trkpt lat="44.94786" lon="6.59364">
        <ele>1870.2</ele>
      </trkpt>
      <trkpt lat="44.94796" lon="6.593549">
        <ele>1872.1</ele>
      </trkpt>
      <trkpt lat="44.94827" lon="6.59333">
        <ele>1878.8</ele>
      </trkpt>
      <trkpt lat="44.94856" lon="6.59303">
        <ele>1884.0</ele>
      </trkpt>
      <trkpt lat="44.94867" lon="6.5929">
        <ele>1885.6</ele>
      </trkpt>
      <trkpt lat="44.9488" lon="6.59267">
        <ele>1885.9</ele>
      </trkpt>
      <trkpt lat="44.94893" lon="6.5925">
        <ele>1887.2</ele>
      </trkpt>
      <trkpt lat="44.949039" lon="6.592399">
        <ele>1888.6</ele>
      </trkpt>
      <trkpt lat="44.94948" lon="6.59222">
        <ele>1898.7</ele>
      </trkpt>
      <trkpt lat="44.94966" lon="6.59207">
        <ele>1900.7</ele>
      </trkpt>
      <trkpt lat="44.94986" lon="6.59181">
        <ele>1900.8</ele>
      </trkpt>
      <trkpt lat="44.95004" lon="6.59166">
        <ele>1903.3</ele>
      </trkpt>
      <trkpt lat="44.95004" lon="6.59166">
        <ele>1903.3</ele>
      </trkpt>
      <trkpt lat="44.95009" lon="6.59162">
        <ele>1904.2</ele>
      </trkpt>
      <trkpt lat="44.95032" lon="6.59123">
        <ele>1903.9</ele>
      </trkpt>
      <trkpt lat="44.95048" lon="6.59102">
        <ele>1904.9</ele>
      </trkpt>
      <trkpt lat="44.95075" lon="6.59076">
        <ele>1908.8</ele>
      </trkpt>
      <trkpt lat="44.95087" lon="6.59051">
        <ele>1907.9</ele>
      </trkpt>
      <trkpt lat="44.95092" lon="6.59046">
        <ele>1908.0</ele>
      </trkpt>
      <trkpt lat="44.95099" lon="6.59044">
        <ele>1908.9</ele>
      </trkpt>
      <trkpt lat="44.95114" lon="6.59048">
        <ele>1912.6</ele>
      </trkpt>
      <trkpt lat="44.95121" lon="6.59047">
        <ele>1913.8</ele>
      </trkpt>
      <trkpt lat="44.95147" lon="6.59028">
        <ele>1915.0</ele>
      </trkpt>
      <trkpt lat="44.951569" lon="6.59027">
        <ele>1916.7</ele>
      </trkpt>
      <trkpt lat="44.95187" lon="6.59029">
        <ele>1919.9</ele>
      </trkpt>
      <trkpt lat="44.95197" lon="6.59033">
        <ele>1921.1</ele>
      </trkpt>
      <trkpt lat="44.95231" lon="6.59066">
        <ele>1927.4</ele>
      </trkpt>
      <trkpt lat="44.95237" lon="6.59075">
        <ele>1928.8</ele>
      </trkpt>
      <trkpt lat="44.95241" lon="6.59086">
        <ele>1930.3</ele>
      </trkpt>
      <trkpt lat="44.95259" lon="6.59178">
        <ele>1942.7</ele>
      </trkpt>
      <trkpt lat="44.95262" lon="6.59189">
        <ele>1944.7</ele>
      </trkpt>
      <trkpt lat="44.95266" lon="6.59197">
        <ele>1946.4</ele>
      </trkpt>
      <trkpt lat="44.95274" lon="6.59203">
        <ele>1948.4</ele>
      </trkpt>
      <trkpt lat="44.9528" lon="6.59207">
        <ele>1949.8</ele>
      </trkpt>
      <trkpt lat="44.952889" lon="6.59207">
        <ele>1950.9</ele>
      </trkpt>
      <trkpt lat="44.95297" lon="6.59205">
        <ele>1951.7</ele>
      </trkpt>
      <trkpt lat="44.95341" lon="6.59176">
        <ele>1953.0</ele>
      </trkpt>
      <trkpt lat="44.95384" lon="6.59147">
        <ele>1955.2</ele>
      </trkpt>
      <trkpt lat="44.95393" lon="6.59143">
        <ele>1956.0</ele>
      </trkpt>
      <trkpt lat="44.9542" lon="6.59137">
        <ele>1959.3</ele>
      </trkpt>
      <trkpt lat="44.95445" lon="6.59115">
        <ele>1959.5</ele>
      </trkpt>
      <trkpt lat="44.95455" lon="6.59109">
        <ele>1960.2</ele>
      </trkpt>
      <trkpt lat="44.95463" lon="6.59107">
        <ele>1961.4</ele>
      </trkpt>
      <trkpt lat="44.95494" lon="6.59112">
        <ele>1968.7</ele>
      </trkpt>
      <trkpt lat="44.95501" lon="6.5911">
        <ele>1969.7</ele>
      </trkpt>
      <trkpt lat="44.95544" lon="6.59086">
        <ele>1977.2</ele>
      </trkpt>
      <trkpt lat="44.95569" lon="6.59067">
        <ele>1982.1</ele>
      </trkpt>
      <trkpt lat="44.95606" lon="6.59021">
        <ele>1990.1</ele>
      </trkpt>
      <trkpt lat="44.9562" lon="6.58998">
        <ele>1993.4</ele>
      </trkpt>
      <trkpt lat="44.95627" lon="6.58973">
        <ele>1995.0</ele>
      </trkpt>
      <trkpt lat="44.95639" lon="6.58898">
        <ele>1995.8</ele>
      </trkpt>
      <trkpt lat="44.95671" lon="6.58821">
        <ele>2002.4</ele>
      </trkpt>
      <trkpt lat="44.95678" lon="6.58809">
        <ele>2003.5</ele>
      </trkpt>
      <trkpt lat="44.95695" lon="6.58793">
        <ele>2007.1</ele>
      </trkpt>
      <trkpt lat="44.95709" lon="6.58784">
        <ele>2010.3</ele>
      </trkpt>
      <trkpt lat="44.9572" lon="6.58774">
        <ele>2012.6</ele>
      </trkpt>
      <trkpt lat="44.95731" lon="6.58753">
        <ele>2014.0</ele>
      </trkpt>
      <trkpt lat="44.95738" lon="6.58748">
        <ele>2015.3</ele>
      </trkpt>
      <trkpt lat="44.95749" lon="6.58744">
        <ele>2017.6</ele>
      </trkpt>
      <trkpt lat="44.95758" lon="6.58744">
        <ele>2018.5</ele>
      </trkpt>
      <trkpt lat="44.95794" lon="6.5875">
        <ele>2022.2</ele>
      </trkpt>
      <trkpt lat="44.95809" lon="6.5875">
        <ele>2023.3</ele>
      </trkpt>
      <trkpt lat="44.958329" lon="6.58743">
        <ele>2024.3</ele>
      </trkpt>
      <trkpt lat="44.95839" lon="6.58744">
        <ele>2025.1</ele>
      </trkpt>
      <trkpt lat="44.95846" lon="6.58748">
        <ele>2026.2</ele>
      </trkpt>
      <trkpt lat="44.95852" lon="6.58757">
        <ele>2028.0</ele>
      </trkpt>
      <trkpt lat="44.95884" lon="6.5881">
        <ele>2038.1</ele>
      </trkpt>
      <trkpt lat="44.95899" lon="6.58834">
        <ele>2042.0</ele>
      </trkpt>
      <trkpt lat="44.95909" lon="6.58845">
        <ele>2043.7</ele>
      </trkpt>
      <trkpt lat="44.9592" lon="6.58851">
        <ele>2045.4</ele>
      </trkpt>
      <trkpt lat="44.95976" lon="6.58866">
        <ele>2054.9</ele>
      </trkpt>
      <trkpt lat="44.95984" lon="6.58865">
        <ele>2055.9</ele>
      </trkpt>
      <trkpt lat="44.95997" lon="6.58854">
        <ele>2056.3</ele>
      </trkpt>
      <trkpt lat="44.96012" lon="6.58819">
        <ele>2057.1</ele>
      </trkpt>
      <trkpt lat="44.960209" lon="6.58807">
        <ele>2059.5</ele>
      </trkpt>
      <trkpt lat="44.96034" lon="6.58781">
        <ele>2062.8</ele>
      </trkpt>
      <trkpt lat="44.96042" lon="6.58736">
        <ele>2065.0</ele>
      </trkpt>
      <trkpt lat="44.96041" lon="6.58723">
        <ele>2065.1</ele>
      </trkpt>
      <trkpt lat="44.96033" lon="6.58699">
        <ele>2063.4</ele>
      </trkpt>
      <trkpt lat="44.96032" lon="6.586909">
        <ele>2063.4</ele>
      </trkpt>
      <trkpt lat="44.96034" lon="6.586839">
        <ele>2064.2</ele>
      </trkpt>
      <trkpt lat="44.96038" lon="6.58678">
        <ele>2065.6</ele>
      </trkpt>
      <trkpt lat="44.960479" lon="6.58672">
        <ele>2068.7</ele>
      </trkpt>
      <trkpt lat="44.96054" lon="6.58667">
        <ele>2070.5</ele>
      </trkpt>
      <trkpt lat="44.96057" lon="6.58662">
        <ele>2070.9</ele>
      </trkpt>
      <trkpt lat="44.96058" lon="6.58644">
        <ele>2069.1</ele>
      </trkpt>
      <trkpt lat="44.96054" lon="6.58633">
        <ele>2066.8</ele>
      </trkpt>
      <trkpt lat="44.96052" lon="6.58621">
        <ele>2065.0</ele>
      </trkpt>
      <trkpt lat="44.96054" lon="6.58611">
        <ele>2064.4</ele>
      </trkpt>
      <trkpt lat="44.9606" lon="6.58603">
        <ele>2065.0</ele>
      </trkpt>
      <trkpt lat="44.96067" lon="6.586">
        <ele>2066.3</ele>
      </trkpt>
      <trkpt lat="44.96075" lon="6.586">
        <ele>2068.2</ele>
      </trkpt>
      <trkpt lat="44.96083" lon="6.58604">
        <ele>2070.7</ele>
      </trkpt>
      <trkpt lat="44.9609" lon="6.58611">
        <ele>2072.7</ele>
      </trkpt>
      <trkpt lat="44.96098" lon="6.58631">
        <ele>2077.2</ele>
      </trkpt>
      <trkpt lat="44.961" lon="6.58651">
        <ele>2080.8</ele>
      </trkpt>
      <trkpt lat="44.96094" lon="6.58692">
        <ele>2081.8</ele>
      </trkpt>
      <trkpt lat="44.96096" lon="6.58705">
        <ele>2082.3</ele>
      </trkpt>
      <trkpt lat="44.9611" lon="6.58741">
        <ele>2086.9</ele>
      </trkpt>
      <trkpt lat="44.96115" lon="6.5877">
        <ele>2089.3</ele>
      </trkpt>
      <trkpt lat="44.96118" lon="6.58778">
        <ele>2090.6</ele>
      </trkpt>
      <trkpt lat="44.96123" lon="6.58782">
        <ele>2092.5</ele>
      </trkpt>
      <trkpt lat="44.96129" lon="6.58781">
        <ele>2094.5</ele>
      </trkpt>
      <trkpt lat="44.96135" lon="6.58775">
        <ele>2096.4</ele>
      </trkpt>
      <trkpt lat="44.9614" lon="6.58768">
        <ele>2097.9</ele>
      </trkpt>
      <trkpt lat="44.96143" lon="6.58756">
        <ele>2098.3</ele>
      </trkpt>
      <trkpt lat="44.961419" lon="6.58735">
        <ele>2097.1</ele>
      </trkpt>
      <trkpt lat="44.96136" lon="6.58714">
        <ele>2094.5</ele>
      </trkpt>
      <trkpt lat="44.96136" lon="6.58706">
        <ele>2094.2</ele>
      </trkpt>
      <trkpt lat="44.9614" lon="6.58694">
        <ele>2095.0</ele>
      </trkpt>
      <trkpt lat="44.96145" lon="6.58685">
        <ele>2096.0</ele>
      </trkpt>
      <trkpt lat="44.96152" lon="6.58679">
        <ele>2097.7</ele>
      </trkpt>
      <trkpt lat="44.9616" lon="6.58676">
        <ele>2099.8</ele>
      </trkpt>
      <trkpt lat="44.96177" lon="6.58674">
        <ele>2104.6</ele>
      </trkpt>
      <trkpt lat="44.96183" lon="6.58669">
        <ele>2106.1</ele>
      </trkpt>
      <trkpt lat="44.96196" lon="6.58645">
        <ele>2103.5</ele>
      </trkpt>
      <trkpt lat="44.96202" lon="6.5864">
        <ele>2103.8</ele>
      </trkpt>
      <trkpt lat="44.96223" lon="6.586299">
        <ele>2107.1</ele>
      </trkpt>
      <trkpt lat="44.962739" lon="6.58594">
        <ele>2110.2</ele>
      </trkpt>
      <trkpt lat="44.96284" lon="6.58589">
        <ele>2111.2</ele>
      </trkpt>
      <trkpt lat="44.96332" lon="6.58573">
        <ele>2119.1</ele>
      </trkpt>
      <trkpt lat="44.96381" lon="6.58557">
        <ele>2125.3</ele>
      </trkpt>
      <trkpt lat="44.96434" lon="6.58554">
        <ele>2134.5</ele>
      </trkpt>
      <trkpt lat="44.96467" lon="6.58547">
        <ele>2137.9</ele>
      </trkpt>
      <trkpt lat="44.96503" lon="6.5855">
        <ele>2144.0</ele>
      </trkpt>
      <trkpt lat="44.96513" lon="6.585479">
        <ele>2144.8</ele>
      </trkpt>
      <trkpt lat="44.96541" lon="6.58539">
        <ele>2146.7</ele>
      </trkpt>
      <trkpt lat="44.96552" lon="6.58539">
        <ele>2148.1</ele>
      </trkpt>
      <trkpt lat="44.96582" lon="6.58545">
        <ele>2152.9</ele>
      </trkpt>
      <trkpt lat="44.96642" lon="6.5854">
        <ele>2158.8</ele>
      </trkpt>
      <trkpt lat="44.96701" lon="6.58517">
        <ele>2163.8</ele>
      </trkpt>
      <trkpt lat="44.96729" lon="6.5852">
        <ele>2170.1</ele>
      </trkpt>
      <trkpt lat="44.96737" lon="6.58518">
        <ele>2171.4</ele>
      </trkpt>
      <trkpt lat="44.96744" lon="6.585149">
        <ele>2172.3</ele>
      </trkpt>
      <trkpt lat="44.96752" lon="6.585079">
        <ele>2172.8</ele>
      </trkpt>
      <trkpt lat="44.96765" lon="6.58492">
        <ele>2173.8</ele>
      </trkpt>
      <trkpt lat="44.967709" lon="6.58486">
        <ele>2174.5</ele>
      </trkpt>
      <trkpt lat="44.96776" lon="6.58484">
        <ele>2175.4</ele>
      </trkpt>
      <trkpt lat="44.96782" lon="6.58485">
        <ele>2176.8</ele>
      </trkpt>
      <trkpt lat="44.96787" lon="6.5849">
        <ele>2178.6</ele>
      </trkpt>
      <trkpt lat="44.96789" lon="6.58497">
        <ele>2180.0</ele>
      </trkpt>
      <trkpt lat="44.96789" lon="6.58507">
        <ele>2181.6</ele>
      </trkpt>
      <trkpt lat="44.96786" lon="6.58514">
        <ele>2182.1</ele>
      </trkpt>
      <trkpt lat="44.96781" lon="6.58521">
        <ele>2182.2</ele>
      </trkpt>
      <trkpt lat="44.96736" lon="6.58547">
        <ele>2176.3</ele>
      </trkpt>
      <trkpt lat="44.96728" lon="6.58554">
        <ele>2176.0</ele>
      </trkpt>
      <trkpt lat="44.96722" lon="6.58563">
        <ele>2176.6</ele>
      </trkpt>
      <trkpt lat="44.96696" lon="6.5862">
        <ele>2186.2</ele>
      </trkpt>
      <trkpt lat="44.96687" lon="6.58631">
        <ele>2187.7</ele>
      </trkpt>
      <trkpt lat="44.9667" lon="6.58642">
        <ele>2187.8</ele>
      </trkpt>
      <trkpt lat="44.96632" lon="6.58654">
        <ele>2187.7</ele>
      </trkpt>
      <trkpt lat="44.966119" lon="6.58662">
        <ele>2188.6</ele>
      </trkpt>
      <trkpt lat="44.966" lon="6.58669">
        <ele>2189.8</ele>
      </trkpt>
      <trkpt lat="44.96591" lon="6.586769">
        <ele>2190.9</ele>
      </trkpt>
      <trkpt lat="44.9658" lon="6.58693">
        <ele>2193.1</ele>
      </trkpt>
      <trkpt lat="44.96555" lon="6.58737">
        <ele>2197.8</ele>
      </trkpt>
      <trkpt lat="44.96528" lon="6.58793">
        <ele>2201.4</ele>
      </trkpt>
      <trkpt lat="44.96502" lon="6.58849">
        <ele>2203.9</ele>
      </trkpt>
      <trkpt lat="44.96497" lon="6.58866">
        <ele>2205.4</ele>
      </trkpt>
      <trkpt lat="44.96495" lon="6.5888">
        <ele>2207.1</ele>
      </trkpt>
      <trkpt lat="44.96498" lon="6.58954">
        <ele>2216.3</ele>
      </trkpt>
      <trkpt lat="44.96497" lon="6.58968">
        <ele>2217.1</ele>
      </trkpt>
      <trkpt lat="44.9649" lon="6.58997">
        <ele>2218.1</ele>
      </trkpt>
      <trkpt lat="44.96487" lon="6.59014">
        <ele>2219.3</ele>
      </trkpt>
      <trkpt lat="44.96486" lon="6.59046">
        <ele>2222.5</ele>
      </trkpt>
      <trkpt lat="44.96486" lon="6.590569">
        <ele>2223.7</ele>
      </trkpt>
      <trkpt lat="44.964889" lon="6.59068">
        <ele>2225.4</ele>
      </trkpt>
      <trkpt lat="44.96504" lon="6.59094">
        <ele>2230.7</ele>
      </trkpt>
      <trkpt lat="44.96507" lon="6.591039">
        <ele>2232.3</ele>
      </trkpt>
      <trkpt lat="44.96508" lon="6.591179">
        <ele>2233.7</ele>
      </trkpt>
      <trkpt lat="44.96508" lon="6.59148">
        <ele>2236.4</ele>
      </trkpt>
      <trkpt lat="44.96502" lon="6.59189">
        <ele>2240.2</ele>
      </trkpt>
      <trkpt lat="44.96497" lon="6.59206">
        <ele>2242.0</ele>
      </trkpt>
      <trkpt lat="44.9649" lon="6.59219">
        <ele>2242.5</ele>
      </trkpt>
      <trkpt lat="44.96482" lon="6.59228">
        <ele>2242.2</ele>
      </trkpt>
      <trkpt lat="44.96439" lon="6.59257">
        <ele>2236.2</ele>
      </trkpt>
      <trkpt lat="44.9643" lon="6.59269">
        <ele>2235.5</ele>
      </trkpt>
      <trkpt lat="44.96421" lon="6.59283">
        <ele>2235.0</ele>
      </trkpt>
      <trkpt lat="44.96417" lon="6.592939">
        <ele>2235.4</ele>
      </trkpt>
      <trkpt lat="44.96414" lon="6.593079">
        <ele>2236.3</ele>
      </trkpt>
      <trkpt lat="44.96413" lon="6.59321">
        <ele>2237.7</ele>
      </trkpt>
      <trkpt lat="44.964149" lon="6.59335">
        <ele>2239.8</ele>
      </trkpt>
      <trkpt lat="44.9642" lon="6.59349">
        <ele>2242.7</ele>
      </trkpt>
      <trkpt lat="44.9645" lon="6.59407">
        <ele>2256.5</ele>
      </trkpt>
      <trkpt lat="44.96458" lon="6.59431">
        <ele>2261.2</ele>
      </trkpt>
      <trkpt lat="44.9646" lon="6.59451">
        <ele>2264.2</ele>
      </trkpt>
      <trkpt lat="44.96446" lon="6.59495">
        <ele>2266.7</ele>
      </trkpt>
      <trkpt lat="44.96441" lon="6.59504">
        <ele>2266.8</ele>
      </trkpt>
      <trkpt lat="44.96406" lon="6.5955">
        <ele>2266.6</ele>
      </trkpt>
      <trkpt lat="44.96364" lon="6.59633">
        <ele>2269.0</ele>
      </trkpt>
      <trkpt lat="44.96356" lon="6.59692">
        <ele>2274.7</ele>
      </trkpt>
      <trkpt lat="44.96357" lon="6.59705">
        <ele>2276.4</ele>
      </trkpt>
      <trkpt lat="44.96358" lon="6.59711">
        <ele>2277.4</ele>
      </trkpt>
      <trkpt lat="44.96361" lon="6.59724">
        <ele>2279.5</ele>
      </trkpt>
      <trkpt lat="44.96363" lon="6.5973">
        <ele>2280.7</ele>
      </trkpt>
      <trkpt lat="44.96367" lon="6.59745">
        <ele>2283.3</ele>
      </trkpt>
      <trkpt lat="44.963679" lon="6.59748">
        <ele>2283.8</ele>
      </trkpt>
      <trkpt lat="44.96369" lon="6.59754">
        <ele>2284.9</ele>
      </trkpt>
      <trkpt lat="44.9637" lon="6.59762">
        <ele>2286.3</ele>
      </trkpt>
      <trkpt lat="44.9637" lon="6.59773">
        <ele>2288.0</ele>
      </trkpt>
      <trkpt lat="44.96369" lon="6.5978">
        <ele>2288.8</ele>
      </trkpt>
      <trkpt lat="44.96365" lon="6.597889">
        <ele>2289.2</ele>
      </trkpt>
      <trkpt lat="44.96362" lon="6.597959">
        <ele>2289.5</ele>
      </trkpt>
      <trkpt lat="44.96359" lon="6.59801">
        <ele>2289.5</ele>
      </trkpt>
      <trkpt lat="44.96353" lon="6.59812">
        <ele>2289.5</ele>
      </trkpt>
      <trkpt lat="44.9635" lon="6.59819">
        <ele>2289.7</ele>
      </trkpt>
      <trkpt lat="44.96346" lon="6.59828">
        <ele>2289.8</ele>
      </trkpt>
      <trkpt lat="44.96344" lon="6.59837">
        <ele>2290.8</ele>
      </trkpt>
      <trkpt lat="44.96344" lon="6.59839">
        <ele>2291.3</ele>
      </trkpt>
      <trkpt lat="44.96341" lon="6.59851">
        <ele>2293.3</ele>
      </trkpt>
      <trkpt lat="44.96337" lon="6.59869">
        <ele>2296.5</ele>
      </trkpt>
      <trkpt lat="44.96335" lon="6.59877">
        <ele>2297.9</ele>
      </trkpt>
      <trkpt lat="44.96332" lon="6.59886">
        <ele>2299.4</ele>
      </trkpt>
      <trkpt lat="44.96331" lon="6.59886">
        <ele>2299.2</ele>
      </trkpt>
      <trkpt lat="44.96328" lon="6.59889">
        <ele>2299.3</ele>
      </trkpt>
      <trkpt lat="44.96318" lon="6.59895">
        <ele>2298.6</ele>
      </trkpt>
      <trkpt lat="44.96306" lon="6.599039">
        <ele>2298.3</ele>
      </trkpt>
      <trkpt lat="44.96297" lon="6.59909">
        <ele>2297.7</ele>
      </trkpt>
      <trkpt lat="44.9629" lon="6.59917">
        <ele>2298.2</ele>
      </trkpt>
      <trkpt lat="44.96286" lon="6.599249">
        <ele>2299.3</ele>
      </trkpt>
      <trkpt lat="44.9628" lon="6.59933">
        <ele>2300.0</ele>
      </trkpt>
      <trkpt lat="44.96275" lon="6.59945">
        <ele>2301.8</ele>
      </trkpt>
      <trkpt lat="44.9627" lon="6.59955">
        <ele>2303.0</ele>
      </trkpt>
      <trkpt lat="44.9626" lon="6.599789">
        <ele>2306.4</ele>
      </trkpt>
      <trkpt lat="44.96255" lon="6.59988">
        <ele>2307.4</ele>
      </trkpt>
      <trkpt lat="44.9625" lon="6.6">
        <ele>2309.0</ele>
      </trkpt>
      <trkpt lat="44.96246" lon="6.60008">
        <ele>2308.9</ele>
      </trkpt>
      <trkpt lat="44.962449" lon="6.60014">
        <ele>2309.3</ele>
      </trkpt>
      <trkpt lat="44.96244" lon="6.60016">
        <ele>2309.2</ele>
      </trkpt>
      <trkpt lat="44.96239" lon="6.60036">
        <ele>2310.2</ele>
      </trkpt>
      <trkpt lat="44.96239" lon="6.60038">
        <ele>2310.4</ele>
      </trkpt>
      <trkpt lat="44.96233" lon="6.60057">
        <ele>2310.9</ele>
      </trkpt>
      <trkpt lat="44.96232" lon="6.60061">
        <ele>2311.0</ele>
      </trkpt>
      <trkpt lat="44.96224" lon="6.60091">
        <ele>2312.2</ele>
      </trkpt>
      <trkpt lat="44.96219" lon="6.60109">
        <ele>2312.8</ele>
      </trkpt>
      <trkpt lat="44.96219" lon="6.6011">
        <ele>2313.0</ele>
      </trkpt>
      <trkpt lat="44.96216" lon="6.60125">
        <ele>2313.8</ele>
      </trkpt>
      <trkpt lat="44.96215" lon="6.60133">
        <ele>2314.4</ele>
      </trkpt>
      <trkpt lat="44.96214" lon="6.6014">
        <ele>2314.9</ele>
      </trkpt>
      <trkpt lat="44.96215" lon="6.601549">
        <ele>2317.0</ele>
      </trkpt>
      <trkpt lat="44.96216" lon="6.6019">
        <ele>2322.3</ele>
      </trkpt>
      <trkpt lat="44.96216" lon="6.60201">
        <ele>2324.0</ele>
      </trkpt>
      <trkpt lat="44.96215" lon="6.60208">
        <ele>2324.6</ele>
      </trkpt>
      <trkpt lat="44.96215" lon="6.602089">
        <ele>2324.8</ele>
      </trkpt>
      <trkpt lat="44.96213" lon="6.60219">
        <ele>2325.6</ele>
      </trkpt>
      <trkpt lat="44.96208" lon="6.60235">
        <ele>2326.1</ele>
      </trkpt>
      <trkpt lat="44.96201" lon="6.60256">
        <ele>2326.7</ele>
      </trkpt>
      <trkpt lat="44.96195" lon="6.60275">
        <ele>2327.2</ele>
      </trkpt>
      <trkpt lat="44.96188" lon="6.60296">
        <ele>2327.8</ele>
      </trkpt>
      <trkpt lat="44.96185" lon="6.60311">
        <ele>2329.0</ele>
      </trkpt>
      <trkpt lat="44.96183" lon="6.60329">
        <ele>2331.0</ele>
      </trkpt>
      <trkpt lat="44.96179" lon="6.60366">
        <ele>2332.0</ele>
      </trkpt>
      <trkpt lat="44.96178" lon="6.60378">
        <ele>2332.3</ele>
      </trkpt>
      <trkpt lat="44.96178" lon="6.60382">
        <ele>2332.6</ele>
      </trkpt>
      <trkpt lat="44.96179" lon="6.60397">
        <ele>2333.7</ele>
      </trkpt>
      <trkpt lat="44.961799" lon="6.60403">
        <ele>2334.3</ele>
      </trkpt>
      <trkpt lat="44.96181" lon="6.60405">
        <ele>2334.7</ele>
      </trkpt>
      <trkpt lat="44.96183" lon="6.6041">
        <ele>2335.6</ele>
      </trkpt>
      <trkpt lat="44.96186" lon="6.604129">
        <ele>2336.6</ele>
      </trkpt>
      <trkpt lat="44.96199" lon="6.60422">
        <ele>2340.8</ele>
      </trkpt>
      <trkpt lat="44.9621" lon="6.60429">
        <ele>2344.2</ele>
      </trkpt>
      <trkpt lat="44.96212" lon="6.60431">
        <ele>2344.8</ele>
      </trkpt>
      <trkpt lat="44.96216" lon="6.60435">
        <ele>2346.1</ele>
      </trkpt>
      <trkpt lat="44.96219" lon="6.60441">
        <ele>2347.0</ele>
      </trkpt>
      <trkpt lat="44.96221" lon="6.60448">
        <ele>2347.7</ele>
      </trkpt>
      <trkpt lat="44.96221" lon="6.60449">
        <ele>2347.7</ele>
      </trkpt>
      <trkpt lat="44.96222" lon="6.60455">
        <ele>2348.1</ele>
      </trkpt>
      <trkpt lat="44.96221" lon="6.60463">
        <ele>2347.9</ele>
      </trkpt>
      <trkpt lat="44.96217" lon="6.60469">
        <ele>2346.9</ele>
      </trkpt>
      <trkpt lat="44.96211" lon="6.60483">
        <ele>2345.4</ele>
      </trkpt>
      <trkpt lat="44.96205" lon="6.60494">
        <ele>2344.0</ele>
      </trkpt>
      <trkpt lat="44.961979" lon="6.6051">
        <ele>2343.4</ele>
      </trkpt>
      <trkpt lat="44.96197" lon="6.605139">
        <ele>2343.6</ele>
      </trkpt>
      <trkpt lat="44.96195" lon="6.605209">
        <ele>2343.9</ele>
      </trkpt>
      <trkpt lat="44.96193" lon="6.60532">
        <ele>2344.7</ele>
      </trkpt>
      <trkpt lat="44.96193" lon="6.60538">
        <ele>2345.4</ele>
      </trkpt>
      <trkpt lat="44.96193" lon="6.60547">
        <ele>2346.4</ele>
      </trkpt>
      <trkpt lat="44.96196" lon="6.605889">
        <ele>2352.0</ele>
      </trkpt>
      <trkpt lat="44.96197" lon="6.60609">
        <ele>2354.5</ele>
      </trkpt>
      <trkpt lat="44.96197" lon="6.60614">
        <ele>2355.1</ele>
      </trkpt>
      <trkpt lat="44.96197" lon="6.60618">
        <ele>2355.6</ele>
      </trkpt>
      <trkpt lat="44.96195" lon="6.60624">
        <ele>2355.8</ele>
      </trkpt>
      <trkpt lat="44.96194" lon="6.60629">
        <ele>2356.2</ele>
      </trkpt>
      <trkpt lat="44.9619" lon="6.606359">
        <ele>2356.2</ele>
      </trkpt>
      <trkpt lat="44.961889" lon="6.60637">
        <ele>2356.1</ele>
      </trkpt>
      <trkpt lat="44.96175" lon="6.60658">
        <ele>2355.7</ele>
      </trkpt>
      <trkpt lat="44.96172" lon="6.60666">
        <ele>2356.0</ele>
      </trkpt>
      <trkpt lat="44.9617" lon="6.60677">
        <ele>2356.4</ele>
      </trkpt>
      <trkpt lat="44.9617" lon="6.60688">
        <ele>2357.2</ele>
      </trkpt>
      <trkpt lat="44.961709" lon="6.60698">
        <ele>2358.1</ele>
      </trkpt>
      <trkpt lat="44.96172" lon="6.60703">
        <ele>2358.6</ele>
      </trkpt>
      <trkpt lat="44.96174" lon="6.60708">
        <ele>2359.3</ele>
      </trkpt>
      <trkpt lat="44.96177" lon="6.60714">
        <ele>2360.2</ele>
      </trkpt>
      <trkpt lat="44.96177" lon="6.60715">
        <ele>2360.3</ele>
      </trkpt>
      <trkpt lat="44.96181" lon="6.60719">
        <ele>2361.3</ele>
      </trkpt>
      <trkpt lat="44.96186" lon="6.60724">
        <ele>2362.4</ele>
      </trkpt>
      <trkpt lat="44.96193" lon="6.60728">
        <ele>2363.9</ele>
      </trkpt>
      <trkpt lat="44.96196" lon="6.6073">
        <ele>2364.5</ele>
      </trkpt>
      <trkpt lat="44.96214" lon="6.60741">
        <ele>2368.0</ele>
      </trkpt>
      <trkpt lat="44.96226" lon="6.60748">
        <ele>2370.2</ele>
      </trkpt>
      <trkpt lat="44.96233" lon="6.60753">
        <ele>2371.5</ele>
      </trkpt>
      <trkpt lat="44.96242" lon="6.60759">
        <ele>2373.2</ele>
      </trkpt>
      <trkpt lat="44.96248" lon="6.60762">
        <ele>2374.3</ele>
      </trkpt>
      <trkpt lat="44.96257" lon="6.60768">
        <ele>2376.3</ele>
      </trkpt>
      <trkpt lat="44.96258" lon="6.60769">
        <ele>2376.5</ele>
      </trkpt>
      <trkpt lat="44.96261" lon="6.607719">
        <ele>2377.2</ele>
      </trkpt>
      <trkpt lat="44.96263" lon="6.60777">
        <ele>2377.9</ele>
      </trkpt>
      <trkpt lat="44.96264" lon="6.60783">
        <ele>2378.3</ele>
      </trkpt>
      <trkpt lat="44.962649" lon="6.6079">
        <ele>2378.8</ele>
      </trkpt>
      <trkpt lat="44.962649" lon="6.60792">
        <ele>2378.9</ele>
      </trkpt>
      <trkpt lat="44.96263" lon="6.60802">
        <ele>2379.0</ele>
      </trkpt>
      <trkpt lat="44.96257" lon="6.60832">
        <ele>2379.2</ele>
      </trkpt>
      <trkpt lat="44.96256" lon="6.60841">
        <ele>2379.9</ele>
      </trkpt>
      <trkpt lat="44.96254" lon="6.6085">
        <ele>2380.5</ele>
      </trkpt>
      <trkpt lat="44.96254" lon="6.6086">
        <ele>2381.5</ele>
      </trkpt>
      <trkpt lat="44.96255" lon="6.60866">
        <ele>2382.3</ele>
      </trkpt>
      <trkpt lat="44.96256" lon="6.60869">
        <ele>2382.8</ele>
      </trkpt>
      <trkpt lat="44.96259" lon="6.60875">
        <ele>2383.8</ele>
      </trkpt>
      <trkpt lat="44.96264" lon="6.608799">
        <ele>2385.0</ele>
      </trkpt>
      <trkpt lat="44.96272" lon="6.60885">
        <ele>2386.6</ele>
      </trkpt>
      <trkpt lat="44.96282" lon="6.60888">
        <ele>2388.2</ele>
      </trkpt>
      <trkpt lat="44.96285" lon="6.6089">
        <ele>2388.7</ele>
      </trkpt>
      <trkpt lat="44.96289" lon="6.60892">
        <ele>2389.4</ele>
      </trkpt>
      <trkpt lat="44.96294" lon="6.60896">
        <ele>2390.3</ele>
      </trkpt>
      <trkpt lat="44.96298" lon="6.60903">
        <ele>2391.3</ele>
      </trkpt>
      <trkpt lat="44.96302" lon="6.60914">
        <ele>2392.5</ele>
      </trkpt>
      <trkpt lat="44.96304" lon="6.60924">
        <ele>2393.5</ele>
      </trkpt>
      <trkpt lat="44.96304" lon="6.60932">
        <ele>2394.3</ele>
      </trkpt>
      <trkpt lat="44.96303" lon="6.60935">
        <ele>2394.5</ele>
      </trkpt>
      <trkpt lat="44.96302" lon="6.60942">
        <ele>2395.1</ele>
      </trkpt>
      <trkpt lat="44.96299" lon="6.60949">
        <ele>2395.4</ele>
      </trkpt>
      <trkpt lat="44.96294" lon="6.60954">
        <ele>2395.3</ele>
      </trkpt>
      <trkpt lat="44.96293" lon="6.609549">
        <ele>2395.3</ele>
      </trkpt>
      <trkpt lat="44.962829" lon="6.60961">
        <ele>2394.8</ele>
      </trkpt>
      <trkpt lat="44.96269" lon="6.609689">
        <ele>2394.1</ele>
      </trkpt>
      <trkpt lat="44.96248" lon="6.6098">
        <ele>2392.9</ele>
      </trkpt>
      <trkpt lat="44.96243" lon="6.60983">
        <ele>2392.6</ele>
      </trkpt>
      <trkpt lat="44.96239" lon="6.60985">
        <ele>2392.4</ele>
      </trkpt>
      <trkpt lat="44.96233" lon="6.60992">
        <ele>2392.5</ele>
      </trkpt>
      <trkpt lat="44.9623" lon="6.60999">
        <ele>2393.0</ele>
      </trkpt>
      <trkpt lat="44.96228" lon="6.61003">
        <ele>2393.3</ele>
      </trkpt>
      <trkpt lat="44.96225" lon="6.61012">
        <ele>2394.4</ele>
      </trkpt>
      <trkpt lat="44.96225" lon="6.61025">
        <ele>2396.3</ele>
      </trkpt>
      <trkpt lat="44.962269" lon="6.61037">
        <ele>2398.2</ele>
      </trkpt>
      <trkpt lat="44.96231" lon="6.61046">
        <ele>2399.8</ele>
      </trkpt>
      <trkpt lat="44.962359" lon="6.61053">
        <ele>2401.1</ele>
      </trkpt>
      <trkpt lat="44.96239" lon="6.61059">
        <ele>2402.1</ele>
      </trkpt>
      <trkpt lat="44.96238" lon="6.6106">
        <ele>2402.2</ele>
      </trkpt>
      <trkpt lat="44.96229" lon="6.61043">
        <ele>2399.2</ele>
      </trkpt>
      <trkpt lat="44.96225" lon="6.61028">
        <ele>2396.7</ele>
      </trkpt>
      <trkpt lat="44.96225" lon="6.61017">
        <ele>2395.1</ele>
      </trkpt>
      <trkpt lat="44.962269" lon="6.61005">
        <ele>2393.5</ele>
      </trkpt>
      <trkpt lat="44.962359" lon="6.60987">
        <ele>2392.3</ele>
      </trkpt>
      <trkpt lat="44.96289" lon="6.60957">
        <ele>2395.1</ele>
      </trkpt>
      <trkpt lat="44.96299" lon="6.60947">
        <ele>2395.2</ele>
      </trkpt>
      <trkpt lat="44.96304" lon="6.6093">
        <ele>2394.1</ele>
      </trkpt>
      <trkpt lat="44.96302" lon="6.60913">
        <ele>2392.4</ele>
      </trkpt>
      <trkpt lat="44.96294" lon="6.60896">
        <ele>2390.3</ele>
      </trkpt>
      <trkpt lat="44.96263" lon="6.60879">
        <ele>2384.8</ele>
      </trkpt>
      <trkpt lat="44.96258" lon="6.60872">
        <ele>2383.4</ele>
      </trkpt>
      <trkpt lat="44.96255" lon="6.60863">
        <ele>2382.0</ele>
      </trkpt>
      <trkpt lat="44.96255" lon="6.6085">
        <ele>2380.6</ele>
      </trkpt>
      <trkpt lat="44.962649" lon="6.60791">
        <ele>2378.9</ele>
      </trkpt>
      <trkpt lat="44.96264" lon="6.60782">
        <ele>2378.3</ele>
      </trkpt>
      <trkpt lat="44.96262" lon="6.60774">
        <ele>2377.5</ele>
      </trkpt>
      <trkpt lat="44.96257" lon="6.60768">
        <ele>2376.3</ele>
      </trkpt>
      <trkpt lat="44.96186" lon="6.607249">
        <ele>2362.5</ele>
      </trkpt>
      <trkpt lat="44.96175" lon="6.607109">
        <ele>2359.7</ele>
      </trkpt>
      <trkpt lat="44.961709" lon="6.607">
        <ele>2358.2</ele>
      </trkpt>
      <trkpt lat="44.9617" lon="6.60687">
        <ele>2357.1</ele>
      </trkpt>
      <trkpt lat="44.96173" lon="6.606639">
        <ele>2356.0</ele>
      </trkpt>
      <trkpt lat="44.9619" lon="6.606359">
        <ele>2356.2</ele>
      </trkpt>
      <trkpt lat="44.96194" lon="6.60627">
        <ele>2356.0</ele>
      </trkpt>
      <trkpt lat="44.96196" lon="6.60618">
        <ele>2355.4</ele>
      </trkpt>
      <trkpt lat="44.96193" lon="6.60534">
        <ele>2344.9</ele>
      </trkpt>
      <trkpt lat="44.96194" lon="6.60522">
        <ele>2343.8</ele>
      </trkpt>
      <trkpt lat="44.96202" lon="6.605">
        <ele>2343.3</ele>
      </trkpt>
      <trkpt lat="44.9622" lon="6.60464">
        <ele>2347.6</ele>
      </trkpt>
      <trkpt lat="44.96222" lon="6.60455">
        <ele>2348.1</ele>
      </trkpt>
      <trkpt lat="44.96221" lon="6.60446">
        <ele>2347.7</ele>
      </trkpt>
      <trkpt lat="44.962179" lon="6.60439">
        <ele>2346.7</ele>
      </trkpt>
      <trkpt lat="44.96212" lon="6.60432">
        <ele>2344.9</ele>
      </trkpt>
      <trkpt lat="44.96188" lon="6.60416">
        <ele>2337.4</ele>
      </trkpt>
      <trkpt lat="44.96182" lon="6.60409">
        <ele>2335.2</ele>
      </trkpt>
      <trkpt lat="44.96178" lon="6.60391">
        <ele>2333.0</ele>
      </trkpt>
      <trkpt lat="44.96178" lon="6.60376">
        <ele>2332.2</ele>
      </trkpt>
      <trkpt lat="44.96183" lon="6.60316">
        <ele>2329.1</ele>
      </trkpt>
      <trkpt lat="44.96215" lon="6.6021">
        <ele>2324.9</ele>
      </trkpt>
      <trkpt lat="44.96216" lon="6.60188">
        <ele>2322.0</ele>
      </trkpt>
      <trkpt lat="44.96213" lon="6.60145">
        <ele>2315.1</ele>
      </trkpt>
      <trkpt lat="44.96217" lon="6.60116">
        <ele>2313.0</ele>
      </trkpt>
      <trkpt lat="44.96249" lon="6.60001">
        <ele>2308.8</ele>
      </trkpt>
      <trkpt lat="44.96284" lon="6.59926">
        <ele>2299.2</ele>
      </trkpt>
      <trkpt lat="44.96297" lon="6.5991">
        <ele>2298.0</ele>
      </trkpt>
      <trkpt lat="44.96326" lon="6.5989">
        <ele>2299.1</ele>
      </trkpt>
      <trkpt lat="44.96332" lon="6.59882">
        <ele>2298.4</ele>
      </trkpt>
      <trkpt lat="44.96336" lon="6.59873">
        <ele>2297.2</ele>
      </trkpt>
      <trkpt lat="44.96344" lon="6.59835">
        <ele>2290.3</ele>
      </trkpt>
      <trkpt lat="44.96353" lon="6.59812">
        <ele>2289.5</ele>
      </trkpt>
      <trkpt lat="44.96366" lon="6.59785">
        <ele>2288.9</ele>
      </trkpt>
      <trkpt lat="44.96369" lon="6.597749">
        <ele>2288.1</ele>
      </trkpt>
      <trkpt lat="44.963679" lon="6.59753">
        <ele>2284.5</ele>
      </trkpt>
      <trkpt lat="44.96357" lon="6.59706">
        <ele>2276.6</ele>
      </trkpt>
      <trkpt lat="44.96356" lon="6.59692">
        <ele>2274.7</ele>
      </trkpt>
      <trkpt lat="44.96364" lon="6.59633">
        <ele>2269.0</ele>
      </trkpt>
      <trkpt lat="44.96406" lon="6.5955">
        <ele>2266.6</ele>
      </trkpt>
      <trkpt lat="44.96441" lon="6.59504">
        <ele>2266.8</ele>
      </trkpt>
      <trkpt lat="44.96446" lon="6.59495">
        <ele>2266.7</ele>
      </trkpt>
      <trkpt lat="44.9646" lon="6.59451">
        <ele>2264.2</ele>
      </trkpt>
      <trkpt lat="44.96458" lon="6.59431">
        <ele>2261.2</ele>
      </trkpt>
      <trkpt lat="44.9645" lon="6.59407">
        <ele>2256.5</ele>
      </trkpt>
      <trkpt lat="44.9642" lon="6.59349">
        <ele>2242.7</ele>
      </trkpt>
      <trkpt lat="44.964149" lon="6.59335">
        <ele>2239.8</ele>
      </trkpt>
      <trkpt lat="44.96413" lon="6.59321">
        <ele>2237.7</ele>
      </trkpt>
      <trkpt lat="44.96414" lon="6.593079">
        <ele>2236.3</ele>
      </trkpt>
      <trkpt lat="44.96417" lon="6.592939">
        <ele>2235.4</ele>
      </trkpt>
      <trkpt lat="44.96421" lon="6.59283">
        <ele>2235.0</ele>
      </trkpt>
      <trkpt lat="44.9643" lon="6.59269">
        <ele>2235.5</ele>
      </trkpt>
      <trkpt lat="44.96439" lon="6.59257">
        <ele>2236.2</ele>
      </trkpt>
      <trkpt lat="44.96482" lon="6.59228">
        <ele>2242.2</ele>
      </trkpt>
      <trkpt lat="44.9649" lon="6.59219">
        <ele>2242.5</ele>
      </trkpt>
      <trkpt lat="44.96497" lon="6.59206">
        <ele>2242.0</ele>
      </trkpt>
      <trkpt lat="44.96502" lon="6.59189">
        <ele>2240.2</ele>
      </trkpt>
      <trkpt lat="44.96508" lon="6.59148">
        <ele>2236.4</ele>
      </trkpt>
      <trkpt lat="44.96508" lon="6.591179">
        <ele>2233.7</ele>
      </trkpt>
      <trkpt lat="44.96507" lon="6.591039">
        <ele>2232.3</ele>
      </trkpt>
      <trkpt lat="44.96504" lon="6.59094">
        <ele>2230.7</ele>
      </trkpt>
      <trkpt lat="44.964889" lon="6.59068">
        <ele>2225.4</ele>
      </trkpt>
      <trkpt lat="44.96486" lon="6.590569">
        <ele>2223.7</ele>
      </trkpt>
      <trkpt lat="44.96486" lon="6.59046">
        <ele>2222.5</ele>
      </trkpt>
      <trkpt lat="44.96487" lon="6.59014">
        <ele>2219.3</ele>
      </trkpt>
      <trkpt lat="44.9649" lon="6.58997">
        <ele>2218.1</ele>
      </trkpt>
      <trkpt lat="44.96497" lon="6.58968">
        <ele>2217.1</ele>
      </trkpt>
      <trkpt lat="44.96498" lon="6.58954">
        <ele>2216.3</ele>
      </trkpt>
      <trkpt lat="44.96495" lon="6.5888">
        <ele>2207.1</ele>
      </trkpt>
      <trkpt lat="44.96497" lon="6.58866">
        <ele>2205.4</ele>
      </trkpt>
      <trkpt lat="44.96502" lon="6.58849">
        <ele>2203.9</ele>
      </trkpt>
      <trkpt lat="44.96528" lon="6.58793">
        <ele>2201.4</ele>
      </trkpt>
      <trkpt lat="44.96555" lon="6.58737">
        <ele>2197.8</ele>
      </trkpt>
      <trkpt lat="44.9658" lon="6.58693">
        <ele>2193.1</ele>
      </trkpt>
      <trkpt lat="44.96591" lon="6.586769">
        <ele>2190.9</ele>
      </trkpt>
      <trkpt lat="44.966" lon="6.58669">
        <ele>2189.8</ele>
      </trkpt>
      <trkpt lat="44.966119" lon="6.58662">
        <ele>2188.6</ele>
      </trkpt>
      <trkpt lat="44.96632" lon="6.58654">
        <ele>2187.7</ele>
      </trkpt>
      <trkpt lat="44.9667" lon="6.58642">
        <ele>2187.8</ele>
      </trkpt>
      <trkpt lat="44.96687" lon="6.58631">
        <ele>2187.7</ele>
      </trkpt>
      <trkpt lat="44.96696" lon="6.5862">
        <ele>2186.2</ele>
      </trkpt>
      <trkpt lat="44.96722" lon="6.58563">
        <ele>2176.6</ele>
      </trkpt>
      <trkpt lat="44.96728" lon="6.58554">
        <ele>2176.0</ele>
      </trkpt>
      <trkpt lat="44.96736" lon="6.58547">
        <ele>2176.3</ele>
      </trkpt>
      <trkpt lat="44.96781" lon="6.58521">
        <ele>2182.2</ele>
      </trkpt>
      <trkpt lat="44.96786" lon="6.58514">
        <ele>2182.1</ele>
      </trkpt>
      <trkpt lat="44.96789" lon="6.58507">
        <ele>2181.6</ele>
      </trkpt>
      <trkpt lat="44.96789" lon="6.58497">
        <ele>2180.0</ele>
      </trkpt>
      <trkpt lat="44.96787" lon="6.5849">
        <ele>2178.6</ele>
      </trkpt>
      <trkpt lat="44.96782" lon="6.58485">
        <ele>2176.8</ele>
      </trkpt>
      <trkpt lat="44.96776" lon="6.58484">
        <ele>2175.4</ele>
      </trkpt>
      <trkpt lat="44.967709" lon="6.58486">
        <ele>2174.5</ele>
      </trkpt>
      <trkpt lat="44.96765" lon="6.58492">
        <ele>2173.8</ele>
      </trkpt>
      <trkpt lat="44.96752" lon="6.585079">
        <ele>2172.8</ele>
      </trkpt>
      <trkpt lat="44.96744" lon="6.585149">
        <ele>2172.3</ele>
      </trkpt>
      <trkpt lat="44.96737" lon="6.58518">
        <ele>2171.4</ele>
      </trkpt>
      <trkpt lat="44.96729" lon="6.5852">
        <ele>2170.1</ele>
      </trkpt>
      <trkpt lat="44.96701" lon="6.58517">
        <ele>2163.8</ele>
      </trkpt>
      <trkpt lat="44.96642" lon="6.5854">
        <ele>2158.8</ele>
      </trkpt>
      <trkpt lat="44.96582" lon="6.58545">
        <ele>2152.9</ele>
      </trkpt>
      <trkpt lat="44.96552" lon="6.58539">
        <ele>2148.1</ele>
      </trkpt>
      <trkpt lat="44.96541" lon="6.58539">
        <ele>2146.7</ele>
      </trkpt>
      <trkpt lat="44.96513" lon="6.585479">
        <ele>2144.8</ele>
      </trkpt>
      <trkpt lat="44.96503" lon="6.5855">
        <ele>2144.0</ele>
      </trkpt>
      <trkpt lat="44.96467" lon="6.58547">
        <ele>2137.9</ele>
      </trkpt>
      <trkpt lat="44.96434" lon="6.58554">
        <ele>2134.5</ele>
      </trkpt>
      <trkpt lat="44.96381" lon="6.58557">
        <ele>2125.3</ele>
      </trkpt>
      <trkpt lat="44.96332" lon="6.58573">
        <ele>2119.1</ele>
      </trkpt>
      <trkpt lat="44.96284" lon="6.58589">
        <ele>2111.2</ele>
      </trkpt>
      <trkpt lat="44.962739" lon="6.58594">
        <ele>2110.2</ele>
      </trkpt>
      <trkpt lat="44.96223" lon="6.586299">
        <ele>2107.1</ele>
      </trkpt>
      <trkpt lat="44.96202" lon="6.5864">
        <ele>2103.8</ele>
      </trkpt>
      <trkpt lat="44.96196" lon="6.58645">
        <ele>2103.5</ele>
      </trkpt>
      <trkpt lat="44.96183" lon="6.58669">
        <ele>2106.1</ele>
      </trkpt>
      <trkpt lat="44.96177" lon="6.58674">
        <ele>2104.6</ele>
      </trkpt>
      <trkpt lat="44.9616" lon="6.58676">
        <ele>2099.8</ele>
      </trkpt>
      <trkpt lat="44.96152" lon="6.58679">
        <ele>2097.7</ele>
      </trkpt>
      <trkpt lat="44.96145" lon="6.58685">
        <ele>2096.0</ele>
      </trkpt>
      <trkpt lat="44.9614" lon="6.58694">
        <ele>2095.0</ele>
      </trkpt>
      <trkpt lat="44.96136" lon="6.58706">
        <ele>2094.2</ele>
      </trkpt>
      <trkpt lat="44.96136" lon="6.58714">
        <ele>2094.5</ele>
      </trkpt>
      <trkpt lat="44.961419" lon="6.58735">
        <ele>2097.1</ele>
      </trkpt>
      <trkpt lat="44.96143" lon="6.58756">
        <ele>2098.3</ele>
      </trkpt>
      <trkpt lat="44.9614" lon="6.58768">
        <ele>2097.9</ele>
      </trkpt>
      <trkpt lat="44.96135" lon="6.58775">
        <ele>2096.4</ele>
      </trkpt>
      <trkpt lat="44.96129" lon="6.58781">
        <ele>2094.5</ele>
      </trkpt>
      <trkpt lat="44.96123" lon="6.58782">
        <ele>2092.5</ele>
      </trkpt>
      <trkpt lat="44.96118" lon="6.58778">
        <ele>2090.6</ele>
      </trkpt>
      <trkpt lat="44.96115" lon="6.5877">
        <ele>2089.3</ele>
      </trkpt>
      <trkpt lat="44.9611" lon="6.58741">
        <ele>2086.9</ele>
      </trkpt>
      <trkpt lat="44.96096" lon="6.58705">
        <ele>2082.3</ele>
      </trkpt>
      <trkpt lat="44.96094" lon="6.58692">
        <ele>2081.8</ele>
      </trkpt>
      <trkpt lat="44.961" lon="6.58651">
        <ele>2080.8</ele>
      </trkpt>
      <trkpt lat="44.96098" lon="6.58631">
        <ele>2077.2</ele>
      </trkpt>
      <trkpt lat="44.9609" lon="6.58611">
        <ele>2072.7</ele>
      </trkpt>
      <trkpt lat="44.96083" lon="6.58604">
        <ele>2070.7</ele>
      </trkpt>
      <trkpt lat="44.96075" lon="6.586">
        <ele>2068.2</ele>
      </trkpt>
      <trkpt lat="44.96067" lon="6.586">
        <ele>2066.3</ele>
      </trkpt>
      <trkpt lat="44.9606" lon="6.58603">
        <ele>2065.0</ele>
      </trkpt>
      <trkpt lat="44.96054" lon="6.58611">
        <ele>2064.4</ele>
      </trkpt>
      <trkpt lat="44.96052" lon="6.58621">
        <ele>2065.0</ele>
      </trkpt>
      <trkpt lat="44.96054" lon="6.58633">
        <ele>2066.8</ele>
      </trkpt>
      <trkpt lat="44.96058" lon="6.58644">
        <ele>2069.1</ele>
      </trkpt>
      <trkpt lat="44.96057" lon="6.58662">
        <ele>2070.9</ele>
      </trkpt>
      <trkpt lat="44.96054" lon="6.58667">
        <ele>2070.5</ele>
      </trkpt>
      <trkpt lat="44.960479" lon="6.58672">
        <ele>2068.7</ele>
      </trkpt>
      <trkpt lat="44.96038" lon="6.58678">
        <ele>2065.6</ele>
      </trkpt>
      <trkpt lat="44.96034" lon="6.586839">
        <ele>2064.2</ele>
      </trkpt>
      <trkpt lat="44.96032" lon="6.586909">
        <ele>2063.4</ele>
      </trkpt>
      <trkpt lat="44.96033" lon="6.58699">
        <ele>2063.4</ele>
      </trkpt>
      <trkpt lat="44.96041" lon="6.58723">
        <ele>2065.1</ele>
      </trkpt>
      <trkpt lat="44.96042" lon="6.58736">
        <ele>2065.0</ele>
      </trkpt>
      <trkpt lat="44.96034" lon="6.58781">
        <ele>2062.8</ele>
      </trkpt>
      <trkpt lat="44.960209" lon="6.58807">
        <ele>2059.5</ele>
      </trkpt>
      <trkpt lat="44.96012" lon="6.58819">
        <ele>2057.1</ele>
      </trkpt>
      <trkpt lat="44.95997" lon="6.58854">
        <ele>2056.3</ele>
      </trkpt>
      <trkpt lat="44.95984" lon="6.58865">
        <ele>2055.9</ele>
      </trkpt>
      <trkpt lat="44.95976" lon="6.58866">
        <ele>2054.9</ele>
      </trkpt>
      <trkpt lat="44.9592" lon="6.58851">
        <ele>2045.4</ele>
      </trkpt>
      <trkpt lat="44.95909" lon="6.58845">
        <ele>2043.7</ele>
      </trkpt>
      <trkpt lat="44.95899" lon="6.58834">
        <ele>2042.0</ele>
      </trkpt>
      <trkpt lat="44.95884" lon="6.5881">
        <ele>2038.1</ele>
      </trkpt>
      <trkpt lat="44.95852" lon="6.58757">
        <ele>2028.0</ele>
      </trkpt>
      <trkpt lat="44.95846" lon="6.58748">
        <ele>2026.2</ele>
      </trkpt>
      <trkpt lat="44.95839" lon="6.58744">
        <ele>2025.1</ele>
      </trkpt>
      <trkpt lat="44.958329" lon="6.58743">
        <ele>2024.3</ele>
      </trkpt>
      <trkpt lat="44.95809" lon="6.5875">
        <ele>2023.3</ele>
      </trkpt>
      <trkpt lat="44.95794" lon="6.5875">
        <ele>2022.2</ele>
      </trkpt>
      <trkpt lat="44.95758" lon="6.58744">
        <ele>2018.5</ele>
      </trkpt>
      <trkpt lat="44.95749" lon="6.58744">
        <ele>2017.6</ele>
      </trkpt>
      <trkpt lat="44.95738" lon="6.58748">
        <ele>2015.3</ele>
      </trkpt>
      <trkpt lat="44.95731" lon="6.58753">
        <ele>2014.0</ele>
      </trkpt>
      <trkpt lat="44.9572" lon="6.58774">
        <ele>2012.6</ele>
      </trkpt>
      <trkpt lat="44.95709" lon="6.58784">
        <ele>2010.3</ele>
      </trkpt>
      <trkpt lat="44.95695" lon="6.58793">
        <ele>2007.1</ele>
      </trkpt>
      <trkpt lat="44.95678" lon="6.58809">
        <ele>2003.5</ele>
      </trkpt>
      <trkpt lat="44.95671" lon="6.58821">
        <ele>2002.4</ele>
      </trkpt>
      <trkpt lat="44.95639" lon="6.58898">
        <ele>1995.8</ele>
      </trkpt>
      <trkpt lat="44.95627" lon="6.58973">
        <ele>1995.0</ele>
      </trkpt>
      <trkpt lat="44.9562" lon="6.58998">
        <ele>1993.4</ele>
      </trkpt>
      <trkpt lat="44.95606" lon="6.59021">
        <ele>1990.1</ele>
      </trkpt>
      <trkpt lat="44.95569" lon="6.59067">
        <ele>1982.1</ele>
      </trkpt>
      <trkpt lat="44.95544" lon="6.59086">
        <ele>1977.2</ele>
      </trkpt>
      <trkpt lat="44.95501" lon="6.5911">
        <ele>1969.7</ele>
      </trkpt>
      <trkpt lat="44.95494" lon="6.59112">
        <ele>1968.7</ele>
      </trkpt>
      <trkpt lat="44.95463" lon="6.59107">
        <ele>1961.4</ele>
      </trkpt>
      <trkpt lat="44.95455" lon="6.59109">
        <ele>1960.2</ele>
      </trkpt>
      <trkpt lat="44.95445" lon="6.59115">
        <ele>1959.5</ele>
      </trkpt>
      <trkpt lat="44.9542" lon="6.59137">
        <ele>1959.3</ele>
      </trkpt>
      <trkpt lat="44.95393" lon="6.59143">
        <ele>1956.0</ele>
      </trkpt>
      <trkpt lat="44.95384" lon="6.59147">
        <ele>1955.2</ele>
      </trkpt>
      <trkpt lat="44.95341" lon="6.59176">
        <ele>1953.0</ele>
      </trkpt>
      <trkpt lat="44.95297" lon="6.59205">
        <ele>1951.7</ele>
      </trkpt>
      <trkpt lat="44.952889" lon="6.59207">
        <ele>1950.9</ele>
      </trkpt>
      <trkpt lat="44.9528" lon="6.59207">
        <ele>1949.8</ele>
      </trkpt>
      <trkpt lat="44.95274" lon="6.59203">
        <ele>1948.4</ele>
      </trkpt>
      <trkpt lat="44.95266" lon="6.59197">
        <ele>1946.4</ele>
      </trkpt>
      <trkpt lat="44.95262" lon="6.59189">
        <ele>1944.7</ele>
      </trkpt>
      <trkpt lat="44.95259" lon="6.59178">
        <ele>1942.7</ele>
      </trkpt>
      <trkpt lat="44.95241" lon="6.59086">
        <ele>1930.3</ele>
      </trkpt>
      <trkpt lat="44.95237" lon="6.59075">
        <ele>1928.8</ele>
      </trkpt>
      <trkpt lat="44.95231" lon="6.59066">
        <ele>1927.4</ele>
      </trkpt>
      <trkpt lat="44.95197" lon="6.59033">
        <ele>1921.1</ele>
      </trkpt>
      <trkpt lat="44.95187" lon="6.59029">
        <ele>1919.9</ele>
      </trkpt>
      <trkpt lat="44.951569" lon="6.59027">
        <ele>1916.7</ele>
      </trkpt>
      <trkpt lat="44.95147" lon="6.59028">
        <ele>1915.0</ele>
      </trkpt>
      <trkpt lat="44.95121" lon="6.59047">
        <ele>1913.8</ele>
      </trkpt>
      <trkpt lat="44.95114" lon="6.59048">
        <ele>1912.6</ele>
      </trkpt>
      <trkpt lat="44.95099" lon="6.59044">
        <ele>1908.9</ele>
      </trkpt>
      <trkpt lat="44.95092" lon="6.59046">
        <ele>1908.0</ele>
      </trkpt>
      <trkpt lat="44.95087" lon="6.59051">
        <ele>1907.9</ele>
      </trkpt>
      <trkpt lat="44.95075" lon="6.59076">
        <ele>1908.8</ele>
      </trkpt>
      <trkpt lat="44.95048" lon="6.59102">
        <ele>1904.9</ele>
      </trkpt>
      <trkpt lat="44.95032" lon="6.59123">
        <ele>1903.9</ele>
      </trkpt>
      <trkpt lat="44.95009" lon="6.59162">
        <ele>1904.2</ele>
      </trkpt>
      <trkpt lat="44.94986" lon="6.59181">
        <ele>1900.8</ele>
      </trkpt>
      <trkpt lat="44.94966" lon="6.59207">
        <ele>1900.7</ele>
      </trkpt>
      <trkpt lat="44.94948" lon="6.59222">
        <ele>1898.7</ele>
      </trkpt>
      <trkpt lat="44.949039" lon="6.592399">
        <ele>1888.6</ele>
      </trkpt>
      <trkpt lat="44.94893" lon="6.5925">
        <ele>1887.2</ele>
      </trkpt>
      <trkpt lat="44.9488" lon="6.59267">
        <ele>1885.9</ele>
      </trkpt>
      <trkpt lat="44.94867" lon="6.5929">
        <ele>1885.6</ele>
      </trkpt>
      <trkpt lat="44.94856" lon="6.59303">
        <ele>1884.0</ele>
      </trkpt>
      <trkpt lat="44.94827" lon="6.59333">
        <ele>1878.8</ele>
      </trkpt>
      <trkpt lat="44.94796" lon="6.593549">
        <ele>1872.1</ele>
      </trkpt>
      <trkpt lat="44.94786" lon="6.59364">
        <ele>1870.2</ele>
      </trkpt>
      <trkpt lat="44.94743" lon="6.594159">
        <ele>1863.5</ele>
      </trkpt>
      <trkpt lat="44.9475" lon="6.59408">
        <ele>1864.7</ele>
      </trkpt>
      <trkpt lat="44.94697" lon="6.59479">
        <ele>1854.4</ele>
      </trkpt>
      <trkpt lat="44.94682" lon="6.59509">
        <ele>1851.0</ele>
      </trkpt>
      <trkpt lat="44.94675" lon="6.595309">
        <ele>1848.5</ele>
      </trkpt>
      <trkpt lat="44.94673" lon="6.59572">
        <ele>1848.2</ele>
      </trkpt>
      <trkpt lat="44.94667" lon="6.59597">
        <ele>1846.0</ele>
      </trkpt>
      <trkpt lat="44.9463" lon="6.59686">
        <ele>1827.8</ele>
      </trkpt>
      <trkpt lat="44.94623" lon="6.597">
        <ele>1824.6</ele>
      </trkpt>
      <trkpt lat="44.94618" lon="6.59722">
        <ele>1822.3</ele>
      </trkpt>
      <trkpt lat="44.94619" lon="6.59729">
        <ele>1822.6</ele>
      </trkpt>
      <trkpt lat="44.94626" lon="6.59748">
        <ele>1824.9</ele>
      </trkpt>
      <trkpt lat="44.94661" lon="6.59788">
        <ele>1832.8</ele>
      </trkpt>
      <trkpt lat="44.94663" lon="6.59795">
        <ele>1832.8</ele>
      </trkpt>
      <trkpt lat="44.94663" lon="6.59804">
        <ele>1831.8</ele>
      </trkpt>
      <trkpt lat="44.946599" lon="6.5981">
        <ele>1830.0</ele>
      </trkpt>
      <trkpt lat="44.94655" lon="6.59813">
        <ele>1827.7</ele>
      </trkpt>
      <trkpt lat="44.9465" lon="6.59812">
        <ele>1825.9</ele>
      </trkpt>
      <trkpt lat="44.94634" lon="6.59801">
        <ele>1821.2</ele>
      </trkpt>
      <trkpt lat="44.94612" lon="6.59771">
        <ele>1817.1</ele>
      </trkpt>
      <trkpt lat="44.94592" lon="6.59734">
        <ele>1812.6</ele>
      </trkpt>
      <trkpt lat="44.94588" lon="6.59722">
        <ele>1810.8</ele>
      </trkpt>
      <trkpt lat="44.94587" lon="6.59708">
        <ele>1810.0</ele>
      </trkpt>
      <trkpt lat="44.94586" lon="6.59634">
        <ele>1807.5</ele>
      </trkpt>
      <trkpt lat="44.945839" lon="6.596">
        <ele>1805.7</ele>
      </trkpt>
      <trkpt lat="44.94571" lon="6.595309">
        <ele>1800.5</ele>
      </trkpt>
      <trkpt lat="44.94569" lon="6.59513">
        <ele>1800.0</ele>
      </trkpt>
      <trkpt lat="44.9457" lon="6.595">
        <ele>1800.6</ele>
      </trkpt>
      <trkpt lat="44.94576" lon="6.59472">
        <ele>1802.2</ele>
      </trkpt>
      <trkpt lat="44.94576" lon="6.59459">
        <ele>1801.8</ele>
      </trkpt>
      <trkpt lat="44.94565" lon="6.59413">
        <ele>1796.5</ele>
      </trkpt>
      <trkpt lat="44.94546" lon="6.59345">
        <ele>1787.7</ele>
      </trkpt>
      <trkpt lat="44.94545" lon="6.5933">
        <ele>1786.8</ele>
      </trkpt>
      <trkpt lat="44.94553" lon="6.59265">
        <ele>1784.3</ele>
      </trkpt>
      <trkpt lat="44.94553" lon="6.59249">
        <ele>1783.1</ele>
      </trkpt>
      <trkpt lat="44.94552" lon="6.59235">
        <ele>1781.5</ele>
      </trkpt>
      <trkpt lat="44.94548" lon="6.5922">
        <ele>1779.0</ele>
      </trkpt>
      <trkpt lat="44.94539" lon="6.59204">
        <ele>1775.2</ele>
      </trkpt>
      <trkpt lat="44.9453" lon="6.59178">
        <ele>1771.0</ele>
      </trkpt>
      <trkpt lat="44.94529" lon="6.59168">
        <ele>1770.1</ele>
      </trkpt>
      <trkpt lat="44.94533" lon="6.59158">
        <ele>1769.4</ele>
      </trkpt>
      <trkpt lat="44.94545" lon="6.59141">
        <ele>1769.1</ele>
      </trkpt>
      <trkpt lat="44.94548" lon="6.59135">
        <ele>1768.7</ele>
      </trkpt>
      <trkpt lat="44.94549" lon="6.59126">
        <ele>1767.2</ele>
      </trkpt>
      <trkpt lat="44.94547" lon="6.59119">
        <ele>1765.5</ele>
      </trkpt>
      <trkpt lat="44.94542" lon="6.59113">
        <ele>1763.4</ele>
      </trkpt>
      <trkpt lat="44.94535" lon="6.5911">
        <ele>1761.5</ele>
      </trkpt>
      <trkpt lat="44.94525" lon="6.591109">
        <ele>1759.8</ele>
      </trkpt>
      <trkpt lat="44.94513" lon="6.591179">
        <ele>1758.6</ele>
      </trkpt>
      <trkpt lat="44.94506" lon="6.59126">
        <ele>1758.4</ele>
      </trkpt>
      <trkpt lat="44.94495" lon="6.59154">
        <ele>1759.1</ele>
      </trkpt>
      <trkpt lat="44.94487" lon="6.59181">
        <ele>1758.1</ele>
      </trkpt>
      <trkpt lat="44.94483" lon="6.592329">
        <ele>1759.4</ele>
      </trkpt>
      <trkpt lat="44.94477" lon="6.5925">
        <ele>1758.3</ele>
      </trkpt>
      <trkpt lat="44.94441" lon="6.59304">
        <ele>1750.3</ele>
      </trkpt>
      <trkpt lat="44.94429" lon="6.59325">
        <ele>1747.7</ele>
      </trkpt>
      <trkpt lat="44.94424" lon="6.59342">
        <ele>1746.3</ele>
      </trkpt>
      <trkpt lat="44.94422" lon="6.59412">
        <ele>1743.3</ele>
      </trkpt>
      <trkpt lat="44.9442" lon="6.59483">
        <ele>1742.3</ele>
      </trkpt>
      <trkpt lat="44.944159" lon="6.59499">
        <ele>1740.8</ele>
      </trkpt>
      <trkpt lat="44.94407" lon="6.5952">
        <ele>1738.3</ele>
      </trkpt>
      <trkpt lat="44.94397" lon="6.59535">
        <ele>1735.4</ele>
      </trkpt>
      <trkpt lat="44.94368" lon="6.59565">
        <ele>1726.7</ele>
      </trkpt>
      <trkpt lat="44.94363" lon="6.59576">
        <ele>1725.6</ele>
      </trkpt>
      <trkpt lat="44.94361" lon="6.596">
        <ele>1724.8</ele>
      </trkpt>
      <trkpt lat="44.94363" lon="6.59615">
        <ele>1724.9</ele>
      </trkpt>
      <trkpt lat="44.94373" lon="6.59648">
        <ele>1726.7</ele>
      </trkpt>
      <trkpt lat="44.94373" lon="6.59657">
        <ele>1726.3</ele>
      </trkpt>
      <trkpt lat="44.9437" lon="6.59664">
        <ele>1725.2</ele>
      </trkpt>
      <trkpt lat="44.94367" lon="6.596669">
        <ele>1724.3</ele>
      </trkpt>
      <trkpt lat="44.94362" lon="6.59666">
        <ele>1722.9</ele>
      </trkpt>
      <trkpt lat="44.94357" lon="6.59662">
        <ele>1721.7</ele>
      </trkpt>
      <trkpt lat="44.943399" lon="6.59624">
        <ele>1717.6</ele>
      </trkpt>
      <trkpt lat="44.94328" lon="6.5959">
        <ele>1713.8</ele>
      </trkpt>
      <trkpt lat="44.94327" lon="6.59574">
        <ele>1712.9</ele>
      </trkpt>
      <trkpt lat="44.9433" lon="6.59543">
        <ele>1712.2</ele>
      </trkpt>
      <trkpt lat="44.94329" lon="6.59528">
        <ele>1710.9</ele>
      </trkpt>
      <trkpt lat="44.94314" lon="6.594909">
        <ele>1702.6</ele>
      </trkpt>
      <trkpt lat="44.9431" lon="6.59476">
        <ele>1700.6</ele>
      </trkpt>
      <trkpt lat="44.9431" lon="6.59462">
        <ele>1700.2</ele>
      </trkpt>
      <trkpt lat="44.94314" lon="6.59436">
        <ele>1701.2</ele>
      </trkpt>
      <trkpt lat="44.94314" lon="6.59421">
        <ele>1700.8</ele>
      </trkpt>
      <trkpt lat="44.94305" lon="6.59373">
        <ele>1694.5</ele>
      </trkpt>
      <trkpt lat="44.94301" lon="6.5934">
        <ele>1691.0</ele>
      </trkpt>
      <trkpt lat="44.943" lon="6.59311">
        <ele>1689.2</ele>
      </trkpt>
      <trkpt lat="44.94308" lon="6.59258">
        <ele>1690.1</ele>
      </trkpt>
      <trkpt lat="44.94309" lon="6.59244">
        <ele>1689.5</ele>
      </trkpt>
      <trkpt lat="44.94306" lon="6.59147">
        <ele>1680.7</ele>
      </trkpt>
      <trkpt lat="44.94304" lon="6.59133">
        <ele>1679.3</ele>
      </trkpt>
      <trkpt lat="44.94297" lon="6.591109">
        <ele>1675.4</ele>
      </trkpt>
      <trkpt lat="44.94294" lon="6.59093">
        <ele>1673.1</ele>
      </trkpt>
      <trkpt lat="44.94291" lon="6.59037">
        <ele>1666.5</ele>
      </trkpt>
      <trkpt lat="44.94291" lon="6.5902">
        <ele>1664.7</ele>
      </trkpt>
      <trkpt lat="44.942929" lon="6.59009">
        <ele>1664.5</ele>
      </trkpt>
      <trkpt lat="44.94299" lon="6.589959">
        <ele>1665.6</ele>
      </trkpt>
      <trkpt lat="44.943129" lon="6.58975">
        <ele>1668.2</ele>
      </trkpt>
      <trkpt lat="44.94319" lon="6.58961">
        <ele>1668.6</ele>
      </trkpt>
      <trkpt lat="44.943309" lon="6.58924">
        <ele>1668.1</ele>
      </trkpt>
      <trkpt lat="44.94338" lon="6.58906">
        <ele>1667.6</ele>
      </trkpt>
      <trkpt lat="44.94352" lon="6.58877">
        <ele>1667.0</ele>
      </trkpt>
      <trkpt lat="44.94354" lon="6.58865">
        <ele>1665.6</ele>
      </trkpt>
      <trkpt lat="44.94357" lon="6.58815">
        <ele>1657.6</ele>
      </trkpt>
      <trkpt lat="44.94361" lon="6.58804">
        <ele>1656.8</ele>
      </trkpt>
      <trkpt lat="44.94367" lon="6.58792">
        <ele>1656.3</ele>
      </trkpt>
      <trkpt lat="44.94398" lon="6.58744">
        <ele>1655.7</ele>
      </trkpt>
      <trkpt lat="44.94429" lon="6.58697">
        <ele>1656.8</ele>
      </trkpt>
      <trkpt lat="44.9443" lon="6.586909">
        <ele>1656.2</ele>
      </trkpt>
      <trkpt lat="44.94428" lon="6.58685">
        <ele>1654.8</ele>
      </trkpt>
      <trkpt lat="44.944249" lon="6.5868">
        <ele>1653.2</ele>
      </trkpt>
      <trkpt lat="44.9442" lon="6.58679">
        <ele>1651.8</ele>
      </trkpt>
      <trkpt lat="44.94413" lon="6.58681">
        <ele>1650.1</ele>
      </trkpt>
      <trkpt lat="44.944" lon="6.58693">
        <ele>1648.0</ele>
      </trkpt>
      <trkpt lat="44.94373" lon="6.58729">
        <ele>1645.9</ele>
      </trkpt>
      <trkpt lat="44.94323" lon="6.5876">
        <ele>1635.6</ele>
      </trkpt>
      <trkpt lat="44.94301" lon="6.58779">
        <ele>1629.9</ele>
      </trkpt>
      <trkpt lat="44.94267" lon="6.58818">
        <ele>1622.5</ele>
      </trkpt>
      <trkpt lat="44.94263" lon="6.58829">
        <ele>1622.7</ele>
      </trkpt>
      <trkpt lat="44.94262" lon="6.5884">
        <ele>1623.8</ele>
      </trkpt>
      <trkpt lat="44.94265" lon="6.58872">
        <ele>1628.6</ele>
      </trkpt>
      <trkpt lat="44.94264" lon="6.58887">
        <ele>1629.8</ele>
      </trkpt>
      <trkpt lat="44.94258" lon="6.58902">
        <ele>1628.5</ele>
      </trkpt>
      <trkpt lat="44.9424" lon="6.58929">
        <ele>1623.6</ele>
      </trkpt>
      <trkpt lat="44.942279" lon="6.58937">
        <ele>1619.2</ele>
      </trkpt>
      <trkpt lat="44.94218" lon="6.58947">
        <ele>1616.2</ele>
      </trkpt>
      <trkpt lat="44.94212" lon="6.58959">
        <ele>1615.5</ele>
      </trkpt>
      <trkpt lat="44.94208" lon="6.58974">
        <ele>1616.5</ele>
      </trkpt>
      <trkpt lat="44.94202" lon="6.58986">
        <ele>1615.8</ele>
      </trkpt>
      <trkpt lat="44.94196" lon="6.58995">
        <ele>1614.5</ele>
      </trkpt>
      <trkpt lat="44.94174" lon="6.59014">
        <ele>1606.1</ele>
      </trkpt>
      <trkpt lat="44.94167" lon="6.59029">
        <ele>1605.1</ele>
      </trkpt>
      <trkpt lat="44.94157" lon="6.59066">
        <ele>1605.8</ele>
      </trkpt>
      <trkpt lat="44.94157" lon="6.59066">
        <ele>1605.8</ele>
      </trkpt>
      <trkpt lat="44.94138" lon="6.59112">
        <ele>1602.4</ele>
      </trkpt>
      <trkpt lat="44.94117" lon="6.59168">
        <ele>1599.7</ele>
      </trkpt>
      <trkpt lat="44.94094" lon="6.59218">
        <ele>1594.8</ele>
      </trkpt>
      <trkpt lat="44.94088" lon="6.592399">
        <ele>1594.8</ele>
      </trkpt>
      <trkpt lat="44.94077" lon="6.59266">
        <ele>1592.1</ele>
      </trkpt>
      <trkpt lat="44.94065" lon="6.59289">
        <ele>1588.2</ele>
      </trkpt>
      <trkpt lat="44.94046" lon="6.59317">
        <ele>1582.4</ele>
      </trkpt>
      <trkpt lat="44.94038" lon="6.59333">
        <ele>1580.8</ele>
      </trkpt>
      <trkpt lat="44.94012" lon="6.59413">
        <ele>1575.9</ele>
      </trkpt>
      <trkpt lat="44.94014" lon="6.59439">
        <ele>1577.5</ele>
      </trkpt>
      <trkpt lat="44.94012" lon="6.59454">
        <ele>1576.9</ele>
      </trkpt>
      <trkpt lat="44.94004" lon="6.59493">
        <ele>1574.4</ele>
      </trkpt>
      <trkpt lat="44.940019" lon="6.59544">
        <ele>1571.3</ele>
      </trkpt>
      <trkpt lat="44.93997" lon="6.59581">
        <ele>1566.7</ele>
      </trkpt>
      <trkpt lat="44.93998" lon="6.59602">
        <ele>1568.1</ele>
      </trkpt>
      <trkpt lat="44.93997" lon="6.59619">
        <ele>1568.6</ele>
      </trkpt>
      <trkpt lat="44.93986" lon="6.59679">
        <ele>1567.2</ele>
      </trkpt>
      <trkpt lat="44.93982" lon="6.59694">
        <ele>1566.9</ele>
      </trkpt>
      <trkpt lat="44.93979" lon="6.597">
        <ele>1566.2</ele>
      </trkpt>
      <trkpt lat="44.939749" lon="6.59702">
        <ele>1564.5</ele>
      </trkpt>
      <trkpt lat="44.93971" lon="6.59699">
        <ele>1562.2</ele>
      </trkpt>
      <trkpt lat="44.93966" lon="6.59693">
        <ele>1559.0</ele>
      </trkpt>
      <trkpt lat="44.93966" lon="6.59684">
        <ele>1557.8</ele>
      </trkpt>
      <trkpt lat="44.93978" lon="6.59638">
        <ele>1560.1</ele>
      </trkpt>
      <trkpt lat="44.9398" lon="6.59625">
        <ele>1560.4</ele>
      </trkpt>
      <trkpt lat="44.9398" lon="6.596129">
        <ele>1559.8</ele>
      </trkpt>
      <trkpt lat="44.93977" lon="6.596">
        <ele>1557.6</ele>
      </trkpt>
      <trkpt lat="44.93954" lon="6.59553">
        <ele>1547.4</ele>
      </trkpt>
      <trkpt lat="44.93944" lon="6.59519">
        <ele>1544.8</ele>
      </trkpt>
      <trkpt lat="44.93941" lon="6.59488">
        <ele>1544.7</ele>
      </trkpt>
      <trkpt lat="44.93938" lon="6.59475">
        <ele>1543.3</ele>
      </trkpt>
      <trkpt lat="44.93925" lon="6.5945">
        <ele>1537.4</ele>
      </trkpt>
      <trkpt lat="44.93921" lon="6.59429">
        <ele>1535.8</ele>
      </trkpt>
      <trkpt lat="44.9392" lon="6.59412">
        <ele>1534.9</ele>
      </trkpt>
      <trkpt lat="44.93925" lon="6.593619">
        <ele>1530.8</ele>
      </trkpt>
      <trkpt lat="44.93943" lon="6.592869">
        <ele>1527.2</ele>
      </trkpt>
      <trkpt lat="44.93951" lon="6.592399">
        <ele>1522.5</ele>
      </trkpt>
      <trkpt lat="44.93957" lon="6.59223">
        <ele>1522.5</ele>
      </trkpt>
      <trkpt lat="44.93968" lon="6.59207">
        <ele>1525.1</ele>
      </trkpt>
      <trkpt lat="44.93979" lon="6.591859">
        <ele>1526.9</ele>
      </trkpt>
      <trkpt lat="44.93985" lon="6.59162">
        <ele>1525.7</ele>
      </trkpt>
      <trkpt lat="44.93991" lon="6.5909">
        <ele>1516.1</ele>
      </trkpt>
      <trkpt lat="44.940019" lon="6.58985">
        <ele>1507.1</ele>
      </trkpt>
      <trkpt lat="44.94006" lon="6.5897">
        <ele>1507.1</ele>
      </trkpt>
      <trkpt lat="44.9403" lon="6.58901">
        <ele>1508.2</ele>
      </trkpt>
      <trkpt lat="44.940309" lon="6.5889">
        <ele>1507.0</ele>
      </trkpt>
      <trkpt lat="44.94029" lon="6.58885">
        <ele>1505.3</ele>
      </trkpt>
      <trkpt lat="44.94026" lon="6.58882">
        <ele>1503.5</ele>
      </trkpt>
      <trkpt lat="44.94021" lon="6.58883">
        <ele>1501.3</ele>
      </trkpt>
      <trkpt lat="44.94017" lon="6.58887">
        <ele>1500.1</ele>
      </trkpt>
      <trkpt lat="44.94012" lon="6.58898">
        <ele>1499.6</ele>
      </trkpt>
      <trkpt lat="44.93995" lon="6.58945">
        <ele>1499.3</ele>
      </trkpt>
      <trkpt lat="44.93986" lon="6.58963">
        <ele>1499.1</ele>
      </trkpt>
      <trkpt lat="44.93958" lon="6.589889">
        <ele>1493.7</ele>
      </trkpt>
      <trkpt lat="44.93954" lon="6.58998">
        <ele>1493.4</ele>
      </trkpt>
      <trkpt lat="44.93945" lon="6.59036">
        <ele>1492.2</ele>
      </trkpt>
      <trkpt lat="44.93938" lon="6.59056">
        <ele>1490.1</ele>
      </trkpt>
      <trkpt lat="44.93924" lon="6.59075">
        <ele>1484.3</ele>
      </trkpt>
      <trkpt lat="44.93885" lon="6.59102">
        <ele>1474.8</ele>
      </trkpt>
      <trkpt lat="44.93871" lon="6.59123">
        <ele>1472.6</ele>
      </trkpt>
      <trkpt lat="44.93856" lon="6.5917">
        <ele>1471.4</ele>
      </trkpt>
      <trkpt lat="44.93836" lon="6.5922">
        <ele>1470.4</ele>
      </trkpt>
      <trkpt lat="44.938" lon="6.59275">
        <ele>1463.9</ele>
      </trkpt>
      <trkpt lat="44.93747" lon="6.59367">
        <ele>1454.7</ele>
      </trkpt>
      <trkpt lat="44.93733" lon="6.59381">
        <ele>1453.5</ele>
      </trkpt>
      <trkpt lat="44.93705" lon="6.59391">
        <ele>1449.6</ele>
      </trkpt>
      <trkpt lat="44.9368" lon="6.59393">
        <ele>1445.5</ele>
      </trkpt>
      <trkpt lat="44.93629" lon="6.59388">
        <ele>1438.8</ele>
      </trkpt>
      <trkpt lat="44.93582" lon="6.59371">
        <ele>1432.4</ele>
      </trkpt>
      <trkpt lat="44.93571" lon="6.59378">
        <ele>1431.5</ele>
      </trkpt>
      <trkpt lat="44.93518" lon="6.59446">
        <ele>1429.8</ele>
      </trkpt>
      <trkpt lat="44.93502" lon="6.59463">
        <ele>1428.9</ele>
      </trkpt>
      <trkpt lat="44.93425" lon="6.59511">
        <ele>1419.1</ele>
      </trkpt>
      <trkpt lat="44.93398" lon="6.59525">
        <ele>1416.5</ele>
      </trkpt>
      <trkpt lat="44.93383" lon="6.595309">
        <ele>1414.7</ele>
      </trkpt>
      <trkpt lat="44.93327" lon="6.59542">
        <ele>1405.1</ele>
      </trkpt>
      <trkpt lat="44.93313" lon="6.5955">
        <ele>1403.1</ele>
      </trkpt>
      <trkpt lat="44.93278" lon="6.5958">
        <ele>1399.3</ele>
      </trkpt>
      <trkpt lat="44.93266" lon="6.59593">
        <ele>1398.8</ele>
      </trkpt>
      <trkpt lat="44.93217" lon="6.59656">
        <ele>1395.6</ele>
      </trkpt>
      <trkpt lat="44.93181" lon="6.59719">
        <ele>1392.8</ele>
      </trkpt>
      <trkpt lat="44.93145" lon="6.59781">
        <ele>1392.5</ele>
      </trkpt>
      <trkpt lat="44.93135" lon="6.59792">
        <ele>1391.8</ele>
      </trkpt>
      <trkpt lat="44.93117" lon="6.59802">
        <ele>1388.8</ele>
      </trkpt>
      <trkpt lat="44.931109" lon="6.598029">
        <ele>1387.5</ele>
      </trkpt>
      <trkpt lat="44.93091" lon="6.59804">
        <ele>1382.8</ele>
      </trkpt>
      <trkpt lat="44.93068" lon="6.59799">
        <ele>1378.9</ele>
      </trkpt>
      <trkpt lat="44.93068" lon="6.597959">
        <ele>1378.7</ele>
      </trkpt>
      <trkpt lat="44.93062" lon="6.59795">
        <ele>1377.9</ele>
      </trkpt>
      <trkpt lat="44.93056" lon="6.597959">
        <ele>1377.4</ele>
      </trkpt>
      <trkpt lat="44.93051" lon="6.59798">
        <ele>1377.0</ele>
      </trkpt>
      <trkpt lat="44.93045" lon="6.598">
        <ele>1376.5</ele>
      </trkpt>
      <trkpt lat="44.93036" lon="6.59804">
        <ele>1375.8</ele>
      </trkpt>
      <trkpt lat="44.93022" lon="6.59812">
        <ele>1374.8</ele>
      </trkpt>
      <trkpt lat="44.930079" lon="6.59821">
        <ele>1374.0</ele>
      </trkpt>
      <trkpt lat="44.92988" lon="6.59833">
        <ele>1372.7</ele>
      </trkpt>
      <trkpt lat="44.92973" lon="6.59842">
        <ele>1371.5</ele>
      </trkpt>
      <trkpt lat="44.92962" lon="6.59849">
        <ele>1370.6</ele>
      </trkpt>
      <trkpt lat="44.92957" lon="6.59852">
        <ele>1370.1</ele>
      </trkpt>
      <trkpt lat="44.92945" lon="6.59858">
        <ele>1369.1</ele>
      </trkpt>
      <trkpt lat="44.92942" lon="6.5986">
        <ele>1368.8</ele>
      </trkpt>
      <trkpt lat="44.92938" lon="6.59862">
        <ele>1368.4</ele>
      </trkpt>
      <trkpt lat="44.92933" lon="6.59862">
        <ele>1367.9</ele>
      </trkpt>
      <trkpt lat="44.9293" lon="6.59861">
        <ele>1367.5</ele>
      </trkpt>
      <trkpt lat="44.92928" lon="6.59861">
        <ele>1367.3</ele>
      </trkpt>
      <trkpt lat="44.92926" lon="6.5986">
        <ele>1367.0</ele>
      </trkpt>
      <trkpt lat="44.929229" lon="6.59859">
        <ele>1366.6</ele>
      </trkpt>
      <trkpt lat="44.92921" lon="6.598569">
        <ele>1366.3</ele>
      </trkpt>
      <trkpt lat="44.92918" lon="6.59853">
        <ele>1365.9</ele>
      </trkpt>
      <trkpt lat="44.92918" lon="6.59853">
        <ele>1365.9</ele>
      </trkpt>
      <trkpt lat="44.929229" lon="6.598429">
        <ele>1366.0</ele>
      </trkpt>
      <trkpt lat="44.9293" lon="6.59829">
        <ele>1366.3</ele>
      </trkpt>
      <trkpt lat="44.92951" lon="6.59792">
        <ele>1366.6</ele>
      </trkpt>
      <trkpt lat="44.92959" lon="6.59779">
        <ele>1366.6</ele>
      </trkpt>
      <trkpt lat="44.92962" lon="6.59773">
        <ele>1366.5</ele>
      </trkpt>
      <trkpt lat="44.92972" lon="6.59757">
        <ele>1366.4</ele>
      </trkpt>
      <trkpt lat="44.92983" lon="6.59741">
        <ele>1366.5</ele>
      </trkpt>
      <trkpt lat="44.92996" lon="6.59719">
        <ele>1366.9</ele>
      </trkpt>
      <trkpt lat="44.93003" lon="6.59706">
        <ele>1367.2</ele>
      </trkpt>
      <trkpt lat="44.9301" lon="6.59693">
        <ele>1367.3</ele>
      </trkpt>
      <trkpt lat="44.93015" lon="6.59684">
        <ele>1367.3</ele>
      </trkpt>
      <trkpt lat="44.930169" lon="6.59678">
        <ele>1367.2</ele>
      </trkpt>
      <trkpt lat="44.93018" lon="6.59676">
        <ele>1367.2</ele>
      </trkpt>
      <trkpt lat="44.93021" lon="6.59668">
        <ele>1367.1</ele>
      </trkpt>
      <trkpt lat="44.93024" lon="6.59657">
        <ele>1366.6</ele>
      </trkpt>
      <trkpt lat="44.93025" lon="6.596529">
        <ele>1366.4</ele>
      </trkpt>
      <trkpt lat="44.930259" lon="6.59646">
        <ele>1366.0</ele>
      </trkpt>
      <trkpt lat="44.93029" lon="6.5963">
        <ele>1365.2</ele>
      </trkpt>
      <trkpt lat="44.93032" lon="6.59612">
        <ele>1364.4</ele>
      </trkpt>
      <trkpt lat="44.93035" lon="6.59587">
        <ele>1363.2</ele>
      </trkpt>
      <trkpt lat="44.93038" lon="6.59569">
        <ele>1362.7</ele>
      </trkpt>
      <trkpt lat="44.93039" lon="6.59562">
        <ele>1362.6</ele>
      </trkpt>
      <trkpt lat="44.93043" lon="6.59537">
        <ele>1362.3</ele>
      </trkpt>
      <trkpt lat="44.93051" lon="6.59481">
        <ele>1361.4</ele>
      </trkpt>
      <trkpt lat="44.93053" lon="6.59463">
        <ele>1360.9</ele>
      </trkpt>
      <trkpt lat="44.93054" lon="6.59458">
        <ele>1360.8</ele>
      </trkpt>
      <trkpt lat="44.93057" lon="6.5944">
        <ele>1360.4</ele>
      </trkpt>
      <trkpt lat="44.93061" lon="6.59413">
        <ele>1359.8</ele>
      </trkpt>
      <trkpt lat="44.93063" lon="6.59399">
        <ele>1359.7</ele>
      </trkpt>
      <trkpt lat="44.93065" lon="6.59383">
        <ele>1359.6</ele>
      </trkpt>
      <trkpt lat="44.9307" lon="6.59365">
        <ele>1359.8</ele>
      </trkpt>
      <trkpt lat="44.9307" lon="6.5936">
        <ele>1359.7</ele>
      </trkpt>
      <trkpt lat="44.93069" lon="6.59354">
        <ele>1359.5</ele>
      </trkpt>
      <trkpt lat="44.9307" lon="6.59353">
        <ele>1359.6</ele>
      </trkpt>
      <trkpt lat="44.9307" lon="6.59352">
        <ele>1359.6</ele>
      </trkpt>
      <trkpt lat="44.9307" lon="6.59351">
        <ele>1359.6</ele>
      </trkpt>
      <trkpt lat="44.93071" lon="6.5935">
        <ele>1359.7</ele>
      </trkpt>
      <trkpt lat="44.93071" lon="6.59349">
        <ele>1359.6</ele>
      </trkpt>
      <trkpt lat="44.93071" lon="6.593479">
        <ele>1359.6</ele>
      </trkpt>
      <trkpt lat="44.93071" lon="6.59346">
        <ele>1359.6</ele>
      </trkpt>
      <trkpt lat="44.93071" lon="6.59345">
        <ele>1359.6</ele>
      </trkpt>
      <trkpt lat="44.93071" lon="6.59345">
        <ele>1359.6</ele>
      </trkpt>
      <trkpt lat="44.93072" lon="6.59344">
        <ele>1359.7</ele>
      </trkpt>
      <trkpt lat="44.93072" lon="6.59342">
        <ele>1359.7</ele>
      </trkpt>
      <trkpt lat="44.93072" lon="6.59341">
        <ele>1359.6</ele>
      </trkpt>
      <trkpt lat="44.93071" lon="6.5934">
        <ele>1359.5</ele>
      </trkpt>
      <trkpt lat="44.93071" lon="6.59339">
        <ele>1359.5</ele>
      </trkpt>
      <trkpt lat="44.93071" lon="6.59337">
        <ele>1359.4</ele>
      </trkpt>
      <trkpt lat="44.93071" lon="6.59336">
        <ele>1359.4</ele>
      </trkpt>
      <trkpt lat="44.9307" lon="6.59335">
        <ele>1359.3</ele>
      </trkpt>
      <trkpt lat="44.9307" lon="6.59334">
        <ele>1359.3</ele>
      </trkpt>
      <trkpt lat="44.9307" lon="6.59332">
        <ele>1359.2</ele>
      </trkpt>
      <trkpt lat="44.93069" lon="6.59331">
        <ele>1359.0</ele>
      </trkpt>
      <trkpt lat="44.93068" lon="6.5933">
        <ele>1358.9</ele>
      </trkpt>
      <trkpt lat="44.93068" lon="6.59329">
        <ele>1358.8</ele>
      </trkpt>
      <trkpt lat="44.93067" lon="6.59328">
        <ele>1358.6</ele>
      </trkpt>
      <trkpt lat="44.93067" lon="6.59327">
        <ele>1358.6</ele>
      </trkpt>
      <trkpt lat="44.93066" lon="6.59326">
        <ele>1358.4</ele>
      </trkpt>
      <trkpt lat="44.930639" lon="6.59325">
        <ele>1358.1</ele>
      </trkpt>
      <trkpt lat="44.93063" lon="6.59324">
        <ele>1358.0</ele>
      </trkpt>
      <trkpt lat="44.93062" lon="6.59323">
        <ele>1357.8</ele>
      </trkpt>
      <trkpt lat="44.93061" lon="6.59323">
        <ele>1357.6</ele>
      </trkpt>
      <trkpt lat="44.9306" lon="6.59323">
        <ele>1357.5</ele>
      </trkpt>
      <trkpt lat="44.93059" lon="6.59323">
        <ele>1357.4</ele>
      </trkpt>
      <trkpt lat="44.93058" lon="6.59322">
        <ele>1357.2</ele>
      </trkpt>
      <trkpt lat="44.93057" lon="6.59322">
        <ele>1357.1</ele>
      </trkpt>
      <trkpt lat="44.93056" lon="6.59322">
        <ele>1356.9</ele>
      </trkpt>
      <trkpt lat="44.930549" lon="6.59322">
        <ele>1356.8</ele>
      </trkpt>
      <trkpt lat="44.93054" lon="6.59323">
        <ele>1356.7</ele>
      </trkpt>
      <trkpt lat="44.93053" lon="6.59323">
        <ele>1356.6</ele>
      </trkpt>
      <trkpt lat="44.93052" lon="6.59324">
        <ele>1356.5</ele>
      </trkpt>
      <trkpt lat="44.93051" lon="6.59324">
        <ele>1356.4</ele>
      </trkpt>
      <trkpt lat="44.9305" lon="6.59325">
        <ele>1356.3</ele>
      </trkpt>
      <trkpt lat="44.93049" lon="6.59326">
        <ele>1356.2</ele>
      </trkpt>
      <trkpt lat="44.93048" lon="6.59327">
        <ele>1356.1</ele>
      </trkpt>
      <trkpt lat="44.93047" lon="6.59328">
        <ele>1356.0</ele>
      </trkpt>
      <trkpt lat="44.930459" lon="6.59329">
        <ele>1355.9</ele>
      </trkpt>
      <trkpt lat="44.93045" lon="6.5933">
        <ele>1355.8</ele>
      </trkpt>
      <trkpt lat="44.93045" lon="6.59332">
        <ele>1355.9</ele>
      </trkpt>
      <trkpt lat="44.93044" lon="6.59333">
        <ele>1355.8</ele>
      </trkpt>
      <trkpt lat="44.93044" lon="6.59334">
        <ele>1355.8</ele>
      </trkpt>
      <trkpt lat="44.93044" lon="6.59335">
        <ele>1355.9</ele>
      </trkpt>
      <trkpt lat="44.93043" lon="6.59336">
        <ele>1355.8</ele>
      </trkpt>
      <trkpt lat="44.93043" lon="6.59338">
        <ele>1355.8</ele>
      </trkpt>
      <trkpt lat="44.93043" lon="6.59339">
        <ele>1355.8</ele>
      </trkpt>
      <trkpt lat="44.93043" lon="6.59341">
        <ele>1355.9</ele>
      </trkpt>
      <trkpt lat="44.93043" lon="6.59342">
        <ele>1355.9</ele>
      </trkpt>
      <trkpt lat="44.93043" lon="6.59343">
        <ele>1356.0</ele>
      </trkpt>
      <trkpt lat="44.93043" lon="6.59345">
        <ele>1356.0</ele>
      </trkpt>
      <trkpt lat="44.93043" lon="6.59346">
        <ele>1356.1</ele>
      </trkpt>
      <trkpt lat="44.93043" lon="6.59347">
        <ele>1356.1</ele>
      </trkpt>
      <trkpt lat="44.93043" lon="6.593479">
        <ele>1356.1</ele>
      </trkpt>
      <trkpt lat="44.93043" lon="6.5935">
        <ele>1356.2</ele>
      </trkpt>
      <trkpt lat="44.93044" lon="6.59351">
        <ele>1356.3</ele>
      </trkpt>
      <trkpt lat="44.93044" lon="6.59352">
        <ele>1356.4</ele>
      </trkpt>
      <trkpt lat="44.93045" lon="6.59353">
        <ele>1356.5</ele>
      </trkpt>
      <trkpt lat="44.93045" lon="6.59354">
        <ele>1356.5</ele>
      </trkpt>
      <trkpt lat="44.930459" lon="6.593549">
        <ele>1356.7</ele>
      </trkpt>
      <trkpt lat="44.930459" lon="6.59357">
        <ele>1356.7</ele>
      </trkpt>
      <trkpt lat="44.93047" lon="6.59357">
        <ele>1356.9</ele>
      </trkpt>
      <trkpt lat="44.93047" lon="6.59357">
        <ele>1356.9</ele>
      </trkpt>
      <trkpt lat="44.93024" lon="6.59395">
        <ele>1355.5</ele>
      </trkpt>
      <trkpt lat="44.93011" lon="6.59419">
        <ele>1355.1</ele>
      </trkpt>
      <trkpt lat="44.93007" lon="6.59426">
        <ele>1354.9</ele>
      </trkpt>
      <trkpt lat="44.93" lon="6.59438">
        <ele>1354.5</ele>
      </trkpt>
      <trkpt lat="44.92998" lon="6.59442">
        <ele>1354.4</ele>
      </trkpt>
      <trkpt lat="44.92977" lon="6.59478">
        <ele>1353.2</ele>
      </trkpt>
      <trkpt lat="44.92974" lon="6.59483">
        <ele>1353.0</ele>
      </trkpt>
      <trkpt lat="44.92973" lon="6.59486">
        <ele>1353.0</ele>
      </trkpt>
      <trkpt lat="44.92967" lon="6.594979">
        <ele>1352.8</ele>
      </trkpt>
      <trkpt lat="44.92958" lon="6.59515">
        <ele>1352.5</ele>
      </trkpt>
      <trkpt lat="44.92956" lon="6.59519">
        <ele>1352.4</ele>
      </trkpt>
      <trkpt lat="44.92946" lon="6.5954">
        <ele>1352.1</ele>
      </trkpt>
      <trkpt lat="44.92936" lon="6.59561">
        <ele>1351.7</ele>
      </trkpt>
      <trkpt lat="44.92933" lon="6.59566">
        <ele>1351.5</ele>
      </trkpt>
      <trkpt lat="44.92931" lon="6.59572">
        <ele>1351.4</ele>
      </trkpt>
      <trkpt lat="44.92917" lon="6.596">
        <ele>1351.6</ele>
      </trkpt>
      <trkpt lat="44.92898" lon="6.59642">
        <ele>1353.7</ele>
      </trkpt>
      <trkpt lat="44.9287" lon="6.59704">
        <ele>1353.7</ele>
      </trkpt>
      <trkpt lat="44.92856" lon="6.59736">
        <ele>1352.8</ele>
      </trkpt>
      <trkpt lat="44.92825" lon="6.59806">
        <ele>1351.8</ele>
      </trkpt>
      <trkpt lat="44.92808" lon="6.598429">
        <ele>1352.0</ele>
      </trkpt>
      <trkpt lat="44.928" lon="6.59861">
        <ele>1352.1</ele>
      </trkpt>
      <trkpt lat="44.92786" lon="6.59892">
        <ele>1351.8</ele>
      </trkpt>
      <trkpt lat="44.9275" lon="6.599719">
        <ele>1350.0</ele>
      </trkpt>
      <trkpt lat="44.92748" lon="6.59978">
        <ele>1350.0</ele>
      </trkpt>
      <trkpt lat="44.92742" lon="6.5999">
        <ele>1349.6</ele>
      </trkpt>
      <trkpt lat="44.92706" lon="6.60072">
        <ele>1345.2</ele>
      </trkpt>
      <trkpt lat="44.92673" lon="6.60144">
        <ele>1341.6</ele>
      </trkpt>
      <trkpt lat="44.92665" lon="6.60163">
        <ele>1340.8</ele>
      </trkpt>
      <trkpt lat="44.926229" lon="6.60257">
        <ele>1338.9</ele>
      </trkpt>
      <trkpt lat="44.92618" lon="6.60268">
        <ele>1338.7</ele>
      </trkpt>
      <trkpt lat="44.92613" lon="6.6028">
        <ele>1338.5</ele>
      </trkpt>
      <trkpt lat="44.92574" lon="6.60365">
        <ele>1336.8</ele>
      </trkpt>
      <trkpt lat="44.92572" lon="6.60371">
        <ele>1336.7</ele>
      </trkpt>
      <trkpt lat="44.92569" lon="6.60377">
        <ele>1336.6</ele>
      </trkpt>
      <trkpt lat="44.92517" lon="6.60491">
        <ele>1334.4</ele>
      </trkpt>
      <trkpt lat="44.92515" lon="6.60496">
        <ele>1334.3</ele>
      </trkpt>
      <trkpt lat="44.92513" lon="6.605">
        <ele>1334.2</ele>
      </trkpt>
      <trkpt lat="44.92502" lon="6.60525">
        <ele>1333.8</ele>
      </trkpt>
      <trkpt lat="44.92475" lon="6.60588">
        <ele>1333.5</ele>
      </trkpt>
      <trkpt lat="44.9247" lon="6.60601">
        <ele>1333.4</ele>
      </trkpt>
      <trkpt lat="44.924639" lon="6.60613">
        <ele>1333.3</ele>
      </trkpt>
      <trkpt lat="44.92457" lon="6.60629">
        <ele>1333.3</ele>
      </trkpt>
      <trkpt lat="44.92448" lon="6.60651">
        <ele>1333.2</ele>
      </trkpt>
      <trkpt lat="44.92444" lon="6.60661">
        <ele>1333.3</ele>
      </trkpt>
      <trkpt lat="44.9242" lon="6.60716">
        <ele>1335.7</ele>
      </trkpt>
      <trkpt lat="44.92411" lon="6.60737">
        <ele>1336.5</ele>
      </trkpt>
      <trkpt lat="44.92403" lon="6.60755">
        <ele>1336.6</ele>
      </trkpt>
      <trkpt lat="44.92392" lon="6.60781">
        <ele>1336.2</ele>
      </trkpt>
      <trkpt lat="44.92365" lon="6.60848">
        <ele>1335.0</ele>
      </trkpt>
      <trkpt lat="44.92354" lon="6.60876">
        <ele>1334.0</ele>
      </trkpt>
      <trkpt lat="44.9233" lon="6.60936">
        <ele>1332.4</ele>
      </trkpt>
      <trkpt lat="44.92319" lon="6.60963">
        <ele>1332.1</ele>
      </trkpt>
      <trkpt lat="44.92308" lon="6.60992">
        <ele>1332.2</ele>
      </trkpt>
      <trkpt lat="44.92298" lon="6.61017">
        <ele>1332.4</ele>
      </trkpt>
      <trkpt lat="44.92289" lon="6.61044">
        <ele>1332.8</ele>
      </trkpt>
      <trkpt lat="44.92288" lon="6.61048">
        <ele>1332.9</ele>
      </trkpt>
      <trkpt lat="44.92273" lon="6.61099">
        <ele>1333.8</ele>
      </trkpt>
      <trkpt lat="44.9226" lon="6.61141">
        <ele>1334.1</ele>
      </trkpt>
      <trkpt lat="44.92256" lon="6.6115">
        <ele>1334.0</ele>
      </trkpt>
      <trkpt lat="44.92252" lon="6.61162">
        <ele>1334.0</ele>
      </trkpt>
      <trkpt lat="44.92244" lon="6.61189">
        <ele>1333.6</ele>
      </trkpt>
      <trkpt lat="44.92241" lon="6.61198">
        <ele>1333.4</ele>
      </trkpt>
      <trkpt lat="44.92241" lon="6.61198">
        <ele>1333.4</ele>
      </trkpt>
      <trkpt lat="44.92239" lon="6.611989">
        <ele>1333.1</ele>
      </trkpt>
      <trkpt lat="44.922379" lon="6.612">
        <ele>1332.9</ele>
      </trkpt>
      <trkpt lat="44.92237" lon="6.61202">
        <ele>1332.8</ele>
      </trkpt>
      <trkpt lat="44.92235" lon="6.61203">
        <ele>1332.5</ele>
      </trkpt>
      <trkpt lat="44.92234" lon="6.61204">
        <ele>1332.4</ele>
      </trkpt>
      <trkpt lat="44.92233" lon="6.612059">
        <ele>1332.3</ele>
      </trkpt>
      <trkpt lat="44.92232" lon="6.61208">
        <ele>1332.2</ele>
      </trkpt>
      <trkpt lat="44.92231" lon="6.6121">
        <ele>1332.1</ele>
      </trkpt>
      <trkpt lat="44.92231" lon="6.61212">
        <ele>1332.1</ele>
      </trkpt>
      <trkpt lat="44.9223" lon="6.61214">
        <ele>1332.0</ele>
      </trkpt>
      <trkpt lat="44.9223" lon="6.61216">
        <ele>1332.1</ele>
      </trkpt>
      <trkpt lat="44.922289" lon="6.61218">
        <ele>1332.0</ele>
      </trkpt>
      <trkpt lat="44.922289" lon="6.6122">
        <ele>1332.0</ele>
      </trkpt>
      <trkpt lat="44.922289" lon="6.61222">
        <ele>1332.1</ele>
      </trkpt>
      <trkpt lat="44.922289" lon="6.61225">
        <ele>1332.1</ele>
      </trkpt>
      <trkpt lat="44.922289" lon="6.61227">
        <ele>1332.2</ele>
      </trkpt>
      <trkpt lat="44.922289" lon="6.61229">
        <ele>1332.2</ele>
      </trkpt>
      <trkpt lat="44.9223" lon="6.61231">
        <ele>1332.4</ele>
      </trkpt>
      <trkpt lat="44.92231" lon="6.61235">
        <ele>1332.7</ele>
      </trkpt>
      <trkpt lat="44.92232" lon="6.61237">
        <ele>1332.9</ele>
      </trkpt>
      <trkpt lat="44.92233" lon="6.61238">
        <ele>1333.1</ele>
      </trkpt>
      <trkpt lat="44.92234" lon="6.6124">
        <ele>1333.3</ele>
      </trkpt>
      <trkpt lat="44.92235" lon="6.61242">
        <ele>1333.5</ele>
      </trkpt>
      <trkpt lat="44.92236" lon="6.61243">
        <ele>1333.7</ele>
      </trkpt>
      <trkpt lat="44.92237" lon="6.61245">
        <ele>1333.9</ele>
      </trkpt>
      <trkpt lat="44.92239" lon="6.612459">
        <ele>1334.2</ele>
      </trkpt>
      <trkpt lat="44.9224" lon="6.61247">
        <ele>1334.4</ele>
      </trkpt>
      <trkpt lat="44.92241" lon="6.61262">
        <ele>1334.2</ele>
      </trkpt>
      <trkpt lat="44.92242" lon="6.61273">
        <ele>1334.0</ele>
      </trkpt>
      <trkpt lat="44.92242" lon="6.61282">
        <ele>1333.7</ele>
      </trkpt>
      <trkpt lat="44.92242" lon="6.61294">
        <ele>1333.3</ele>
      </trkpt>
      <trkpt lat="44.92241" lon="6.61312">
        <ele>1332.5</ele>
      </trkpt>
      <trkpt lat="44.92241" lon="6.61319">
        <ele>1332.3</ele>
      </trkpt>
      <trkpt lat="44.92241" lon="6.613209">
        <ele>1332.2</ele>
      </trkpt>
      <trkpt lat="44.92242" lon="6.61327">
        <ele>1332.2</ele>
      </trkpt>
      <trkpt lat="44.9224" lon="6.61362">
        <ele>1332.3</ele>
      </trkpt>
      <trkpt lat="44.92239" lon="6.61378">
        <ele>1332.5</ele>
      </trkpt>
      <trkpt lat="44.922379" lon="6.61388">
        <ele>1332.5</ele>
      </trkpt>
      <trkpt lat="44.92235" lon="6.61402">
        <ele>1332.4</ele>
      </trkpt>
      <trkpt lat="44.92235" lon="6.61407">
        <ele>1332.5</ele>
      </trkpt>
      <trkpt lat="44.92231" lon="6.614289">
        <ele>1332.9</ele>
      </trkpt>
      <trkpt lat="44.92227" lon="6.61444">
        <ele>1333.3</ele>
      </trkpt>
      <trkpt lat="44.92223" lon="6.61458">
        <ele>1333.6</ele>
      </trkpt>
      <trkpt lat="44.92219" lon="6.61471">
        <ele>1333.8</ele>
      </trkpt>
      <trkpt lat="44.92218" lon="6.61474">
        <ele>1333.8</ele>
      </trkpt>
      <trkpt lat="44.92213" lon="6.61487">
        <ele>1333.6</ele>
      </trkpt>
      <trkpt lat="44.92209" lon="6.61496">
        <ele>1333.4</ele>
      </trkpt>
      <trkpt lat="44.92206" lon="6.61503">
        <ele>1333.5</ele>
      </trkpt>
      <trkpt lat="44.92194" lon="6.61526">
        <ele>1334.6</ele>
      </trkpt>
      <trkpt lat="44.92183" lon="6.61545">
        <ele>1335.1</ele>
      </trkpt>
      <trkpt lat="44.92176" lon="6.61556">
        <ele>1335.2</ele>
      </trkpt>
      <trkpt lat="44.92166" lon="6.61571">
        <ele>1335.1</ele>
      </trkpt>
      <trkpt lat="44.92138" lon="6.616119">
        <ele>1336.4</ele>
      </trkpt>
      <trkpt lat="44.921259" lon="6.6163">
        <ele>1336.7</ele>
      </trkpt>
      <trkpt lat="44.92118" lon="6.61642">
        <ele>1336.6</ele>
      </trkpt>
      <trkpt lat="44.92114" lon="6.61648">
        <ele>1336.5</ele>
      </trkpt>
      <trkpt lat="44.92104" lon="6.61663">
        <ele>1335.9</ele>
      </trkpt>
      <trkpt lat="44.92101" lon="6.61666">
        <ele>1335.4</ele>
      </trkpt>
      <trkpt lat="44.920699" lon="6.61707">
        <ele>1337.5</ele>
      </trkpt>
      <trkpt lat="44.92043" lon="6.61742">
        <ele>1339.6</ele>
      </trkpt>
      <trkpt lat="44.920229" lon="6.61768">
        <ele>1341.0</ele>
      </trkpt>
      <trkpt lat="44.92009" lon="6.61786">
        <ele>1341.7</ele>
      </trkpt>
      <trkpt lat="44.91996" lon="6.61803">
        <ele>1342.3</ele>
      </trkpt>
      <trkpt lat="44.91981" lon="6.618229">
        <ele>1343.7</ele>
      </trkpt>
      <trkpt lat="44.91972" lon="6.61834">
        <ele>1344.0</ele>
      </trkpt>
      <trkpt lat="44.91967" lon="6.6184">
        <ele>1343.8</ele>
      </trkpt>
      <trkpt lat="44.919469" lon="6.61866">
        <ele>1342.8</ele>
      </trkpt>
      <trkpt lat="44.91919" lon="6.61903">
        <ele>1340.9</ele>
      </trkpt>
      <trkpt lat="44.91906" lon="6.6192">
        <ele>1340.8</ele>
      </trkpt>
      <trkpt lat="44.91901" lon="6.61926">
        <ele>1340.4</ele>
      </trkpt>
      <trkpt lat="44.91893" lon="6.6194">
        <ele>1339.9</ele>
      </trkpt>
      <trkpt lat="44.91889" lon="6.61946">
        <ele>1339.6</ele>
      </trkpt>
      <trkpt lat="44.91885" lon="6.619519">
        <ele>1339.3</ele>
      </trkpt>
      <trkpt lat="44.918819" lon="6.61958">
        <ele>1339.1</ele>
      </trkpt>
      <trkpt lat="44.9187" lon="6.61978">
        <ele>1338.2</ele>
      </trkpt>
      <trkpt lat="44.9185" lon="6.620129">
        <ele>1337.2</ele>
      </trkpt>
      <trkpt lat="44.91848" lon="6.62016">
        <ele>1337.1</ele>
      </trkpt>
      <trkpt lat="44.918259" lon="6.62054">
        <ele>1336.7</ele>
      </trkpt>
      <trkpt lat="44.91799" lon="6.62103">
        <ele>1336.3</ele>
      </trkpt>
      <trkpt lat="44.91793" lon="6.62113">
        <ele>1336.5</ele>
      </trkpt>
      <trkpt lat="44.91791" lon="6.62117">
        <ele>1336.6</ele>
      </trkpt>
      <trkpt lat="44.91784" lon="6.6213">
        <ele>1337.1</ele>
      </trkpt>
      <trkpt lat="44.91767" lon="6.62158">
        <ele>1337.7</ele>
      </trkpt>
      <trkpt lat="44.917589" lon="6.62171">
        <ele>1338.3</ele>
      </trkpt>
      <trkpt lat="44.91752" lon="6.62179">
        <ele>1338.6</ele>
      </trkpt>
      <trkpt lat="44.91745" lon="6.62186">
        <ele>1338.6</ele>
      </trkpt>
      <trkpt lat="44.91736" lon="6.62193">
        <ele>1338.4</ele>
      </trkpt>
      <trkpt lat="44.91727" lon="6.622">
        <ele>1338.1</ele>
      </trkpt>
      <trkpt lat="44.91711" lon="6.6221">
        <ele>1337.3</ele>
      </trkpt>
      <trkpt lat="44.91704" lon="6.62214">
        <ele>1336.8</ele>
      </trkpt>
      <trkpt lat="44.91683" lon="6.62227">
        <ele>1335.6</ele>
      </trkpt>
      <trkpt lat="44.91664" lon="6.62237">
        <ele>1334.4</ele>
      </trkpt>
      <trkpt lat="44.916469" lon="6.62245">
        <ele>1333.8</ele>
      </trkpt>
      <trkpt lat="44.91641" lon="6.62248">
        <ele>1333.6</ele>
      </trkpt>
      <trkpt lat="44.91619" lon="6.622569">
        <ele>1332.7</ele>
      </trkpt>
      <trkpt lat="44.91596" lon="6.62265">
        <ele>1331.1</ele>
      </trkpt>
      <trkpt lat="44.91577" lon="6.62271">
        <ele>1329.7</ele>
      </trkpt>
      <trkpt lat="44.91575" lon="6.62271">
        <ele>1329.6</ele>
      </trkpt>
      <trkpt lat="44.91547" lon="6.62279">
        <ele>1328.3</ele>
      </trkpt>
      <trkpt lat="44.91515" lon="6.62289">
        <ele>1326.6</ele>
      </trkpt>
      <trkpt lat="44.91492" lon="6.62295">
        <ele>1325.0</ele>
      </trkpt>
      <trkpt lat="44.91486" lon="6.622969">
        <ele>1324.5</ele>
      </trkpt>
      <trkpt lat="44.91463" lon="6.62305">
        <ele>1322.8</ele>
      </trkpt>
      <trkpt lat="44.91381" lon="6.6233">
        <ele>1315.9</ele>
      </trkpt>
      <trkpt lat="44.91369" lon="6.62334">
        <ele>1314.9</ele>
      </trkpt>
      <trkpt lat="44.91361" lon="6.62337">
        <ele>1314.4</ele>
      </trkpt>
      <trkpt lat="44.91357" lon="6.62338">
        <ele>1314.0</ele>
      </trkpt>
      <trkpt lat="44.91349" lon="6.62343">
        <ele>1313.7</ele>
      </trkpt>
      <trkpt lat="44.91343" lon="6.62349">
        <ele>1313.7</ele>
      </trkpt>
      <trkpt lat="44.91331" lon="6.62361">
        <ele>1313.8</ele>
      </trkpt>
      <trkpt lat="44.91321" lon="6.62371">
        <ele>1314.1</ele>
      </trkpt>
      <trkpt lat="44.91313" lon="6.623789">
        <ele>1314.3</ele>
      </trkpt>
      <trkpt lat="44.91311" lon="6.6238">
        <ele>1314.3</ele>
      </trkpt>
      <trkpt lat="44.91307" lon="6.62383">
        <ele>1314.3</ele>
      </trkpt>
      <trkpt lat="44.91303" lon="6.62387">
        <ele>1314.4</ele>
      </trkpt>
      <trkpt lat="44.91302" lon="6.62387">
        <ele>1314.3</ele>
      </trkpt>
      <trkpt lat="44.91296" lon="6.62392">
        <ele>1314.3</ele>
      </trkpt>
      <trkpt lat="44.9129" lon="6.62396">
        <ele>1314.3</ele>
      </trkpt>
      <trkpt lat="44.9128" lon="6.62399">
        <ele>1313.7</ele>
      </trkpt>
      <trkpt lat="44.9127" lon="6.62401">
        <ele>1313.1</ele>
      </trkpt>
      <trkpt lat="44.91261" lon="6.62401">
        <ele>1312.4</ele>
      </trkpt>
      <trkpt lat="44.9126" lon="6.62401">
        <ele>1312.3</ele>
      </trkpt>
      <trkpt lat="44.91254" lon="6.62402">
        <ele>1311.9</ele>
      </trkpt>
      <trkpt lat="44.91242" lon="6.62401">
        <ele>1310.7</ele>
      </trkpt>
      <trkpt lat="44.91233" lon="6.62401">
        <ele>1309.9</ele>
      </trkpt>
      <trkpt lat="44.91225" lon="6.62401">
        <ele>1309.2</ele>
      </trkpt>
      <trkpt lat="44.91224" lon="6.62401">
        <ele>1309.1</ele>
      </trkpt>
      <trkpt lat="44.91218" lon="6.624">
        <ele>1308.4</ele>
      </trkpt>
      <trkpt lat="44.91207" lon="6.62401">
        <ele>1307.5</ele>
      </trkpt>
      <trkpt lat="44.912059" lon="6.62401">
        <ele>1307.4</ele>
      </trkpt>
      <trkpt lat="44.91195" lon="6.62403">
        <ele>1306.5</ele>
      </trkpt>
      <trkpt lat="44.91191" lon="6.62403">
        <ele>1306.1</ele>
      </trkpt>
      <trkpt lat="44.911879" lon="6.62404">
        <ele>1305.9</ele>
      </trkpt>
      <trkpt lat="44.9118" lon="6.62406">
        <ele>1305.4</ele>
      </trkpt>
      <trkpt lat="44.91174" lon="6.62408">
        <ele>1305.0</ele>
      </trkpt>
      <trkpt lat="44.91167" lon="6.62411">
        <ele>1304.6</ele>
      </trkpt>
      <trkpt lat="44.91154" lon="6.62416">
        <ele>1302.4</ele>
      </trkpt>
      <trkpt lat="44.91137" lon="6.62425">
        <ele>1299.8</ele>
      </trkpt>
      <trkpt lat="44.91123" lon="6.62434">
        <ele>1298.0</ele>
      </trkpt>
      <trkpt lat="44.91117" lon="6.624399">
        <ele>1297.6</ele>
      </trkpt>
      <trkpt lat="44.91111" lon="6.62445">
        <ele>1297.1</ele>
      </trkpt>
      <trkpt lat="44.911029" lon="6.62455">
        <ele>1296.9</ele>
      </trkpt>
      <trkpt lat="44.911" lon="6.62459">
        <ele>1296.9</ele>
      </trkpt>
      <trkpt lat="44.910939" lon="6.62466">
        <ele>1296.8</ele>
      </trkpt>
      <trkpt lat="44.91083" lon="6.62481">
        <ele>1297.2</ele>
      </trkpt>
      <trkpt lat="44.91073" lon="6.624939">
        <ele>1296.6</ele>
      </trkpt>
      <trkpt lat="44.91058" lon="6.62514">
        <ele>1295.5</ele>
      </trkpt>
      <trkpt lat="44.91042" lon="6.62535">
        <ele>1294.5</ele>
      </trkpt>
      <trkpt lat="44.91028" lon="6.62553">
        <ele>1294.1</ele>
      </trkpt>
      <trkpt lat="44.91013" lon="6.62572">
        <ele>1294.3</ele>
      </trkpt>
      <trkpt lat="44.91005" lon="6.62583">
        <ele>1294.7</ele>
      </trkpt>
      <trkpt lat="44.909999" lon="6.62588">
        <ele>1294.6</ele>
      </trkpt>
      <trkpt lat="44.90991" lon="6.62597">
        <ele>1293.7</ele>
      </trkpt>
      <trkpt lat="44.90983" lon="6.62605">
        <ele>1293.2</ele>
      </trkpt>
      <trkpt lat="44.90966" lon="6.62618">
        <ele>1291.8</ele>
      </trkpt>
      <trkpt lat="44.90936" lon="6.6264">
        <ele>1290.4</ele>
      </trkpt>
      <trkpt lat="44.90911" lon="6.62658">
        <ele>1290.4</ele>
      </trkpt>
      <trkpt lat="44.90898" lon="6.62667">
        <ele>1290.6</ele>
      </trkpt>
      <trkpt lat="44.9087" lon="6.62687">
        <ele>1288.3</ele>
      </trkpt>
      <trkpt lat="44.90867" lon="6.62689">
        <ele>1288.0</ele>
      </trkpt>
      <trkpt lat="44.90855" lon="6.62699">
        <ele>1287.0</ele>
      </trkpt>
      <trkpt lat="44.90846" lon="6.62706">
        <ele>1286.2</ele>
      </trkpt>
      <trkpt lat="44.90839" lon="6.62711">
        <ele>1285.5</ele>
      </trkpt>
      <trkpt lat="44.908209" lon="6.627239">
        <ele>1284.4</ele>
      </trkpt>
      <trkpt lat="44.90807" lon="6.62735">
        <ele>1284.0</ele>
      </trkpt>
      <trkpt lat="44.90806" lon="6.62735">
        <ele>1283.9</ele>
      </trkpt>
      <trkpt lat="44.90796" lon="6.62742">
        <ele>1283.7</ele>
      </trkpt>
      <trkpt lat="44.90788" lon="6.62747">
        <ele>1283.5</ele>
      </trkpt>
      <trkpt lat="44.90783" lon="6.6275">
        <ele>1283.4</ele>
      </trkpt>
      <trkpt lat="44.90777" lon="6.62753">
        <ele>1283.1</ele>
      </trkpt>
      <trkpt lat="44.9077" lon="6.62756">
        <ele>1282.7</ele>
      </trkpt>
      <trkpt lat="44.90763" lon="6.62758">
        <ele>1282.3</ele>
      </trkpt>
      <trkpt lat="44.90754" lon="6.6276">
        <ele>1281.7</ele>
      </trkpt>
      <trkpt lat="44.90749" lon="6.62761">
        <ele>1281.3</ele>
      </trkpt>
      <trkpt lat="44.90743" lon="6.62762">
        <ele>1280.4</ele>
      </trkpt>
      <trkpt lat="44.90733" lon="6.62763">
        <ele>1279.1</ele>
      </trkpt>
      <trkpt lat="44.90724" lon="6.62764">
        <ele>1277.8</ele>
      </trkpt>
      <trkpt lat="44.9069" lon="6.62768">
        <ele>1273.2</ele>
      </trkpt>
      <trkpt lat="44.90679" lon="6.62769">
        <ele>1271.7</ele>
      </trkpt>
      <trkpt lat="44.90672" lon="6.6277">
        <ele>1270.7</ele>
      </trkpt>
      <trkpt lat="44.9066" lon="6.62773">
        <ele>1269.0</ele>
      </trkpt>
      <trkpt lat="44.90654" lon="6.62774">
        <ele>1268.1</ele>
      </trkpt>
      <trkpt lat="44.906529" lon="6.62774">
        <ele>1268.0</ele>
      </trkpt>
      <trkpt lat="44.90645" lon="6.627779">
        <ele>1267.0</ele>
      </trkpt>
      <trkpt lat="44.90637" lon="6.62781">
        <ele>1265.9</ele>
      </trkpt>
      <trkpt lat="44.90623" lon="6.62787">
        <ele>1264.3</ele>
      </trkpt>
      <trkpt lat="44.9062" lon="6.62789">
        <ele>1264.0</ele>
      </trkpt>
      <trkpt lat="44.90614" lon="6.627919">
        <ele>1263.5</ele>
      </trkpt>
      <trkpt lat="44.90608" lon="6.62796">
        <ele>1263.0</ele>
      </trkpt>
      <trkpt lat="44.90601" lon="6.62801">
        <ele>1262.5</ele>
      </trkpt>
      <trkpt lat="44.90593" lon="6.62807">
        <ele>1262.1</ele>
      </trkpt>
      <trkpt lat="44.90587" lon="6.62811">
        <ele>1261.8</ele>
      </trkpt>
      <trkpt lat="44.90562" lon="6.6282">
        <ele>1260.2</ele>
      </trkpt>
      <trkpt lat="44.9056" lon="6.62821">
        <ele>1260.1</ele>
      </trkpt>
      <trkpt lat="44.90555" lon="6.62823">
        <ele>1259.8</ele>
      </trkpt>
      <trkpt lat="44.90555" lon="6.62823">
        <ele>1259.8</ele>
      </trkpt>
      <trkpt lat="44.90554" lon="6.62822">
        <ele>1259.6</ele>
      </trkpt>
      <trkpt lat="44.90552" lon="6.62822">
        <ele>1259.4</ele>
      </trkpt>
      <trkpt lat="44.90551" lon="6.62822">
        <ele>1259.3</ele>
      </trkpt>
      <trkpt lat="44.9055" lon="6.62822">
        <ele>1259.2</ele>
      </trkpt>
      <trkpt lat="44.90549" lon="6.62822">
        <ele>1259.1</ele>
      </trkpt>
      <trkpt lat="44.90548" lon="6.62822">
        <ele>1259.0</ele>
      </trkpt>
      <trkpt lat="44.90547" lon="6.62822">
        <ele>1258.9</ele>
      </trkpt>
      <trkpt lat="44.90546" lon="6.62823">
        <ele>1258.9</ele>
      </trkpt>
      <trkpt lat="44.90545" lon="6.62823">
        <ele>1258.8</ele>
      </trkpt>
      <trkpt lat="44.90544" lon="6.62824">
        <ele>1258.8</ele>
      </trkpt>
      <trkpt lat="44.90543" lon="6.62825">
        <ele>1258.8</ele>
      </trkpt>
      <trkpt lat="44.90541" lon="6.62826">
        <ele>1258.7</ele>
      </trkpt>
      <trkpt lat="44.9054" lon="6.62827">
        <ele>1258.7</ele>
      </trkpt>
      <trkpt lat="44.9054" lon="6.62828">
        <ele>1258.8</ele>
      </trkpt>
      <trkpt lat="44.90539" lon="6.62829">
        <ele>1258.8</ele>
      </trkpt>
      <trkpt lat="44.90538" lon="6.6283">
        <ele>1258.8</ele>
      </trkpt>
      <trkpt lat="44.90538" lon="6.62831">
        <ele>1258.9</ele>
      </trkpt>
      <trkpt lat="44.90537" lon="6.62833">
        <ele>1259.0</ele>
      </trkpt>
      <trkpt lat="44.90537" lon="6.62834">
        <ele>1259.0</ele>
      </trkpt>
      <trkpt lat="44.90536" lon="6.62835">
        <ele>1259.0</ele>
      </trkpt>
      <trkpt lat="44.90536" lon="6.62837">
        <ele>1259.0</ele>
      </trkpt>
      <trkpt lat="44.90536" lon="6.62838">
        <ele>1259.1</ele>
      </trkpt>
      <trkpt lat="44.90535" lon="6.628389">
        <ele>1259.0</ele>
      </trkpt>
      <trkpt lat="44.90535" lon="6.62841">
        <ele>1259.1</ele>
      </trkpt>
      <trkpt lat="44.90535" lon="6.62842">
        <ele>1259.1</ele>
      </trkpt>
      <trkpt lat="44.90535" lon="6.62844">
        <ele>1259.2</ele>
      </trkpt>
      <trkpt lat="44.90535" lon="6.62845">
        <ele>1259.3</ele>
      </trkpt>
      <trkpt lat="44.90535" lon="6.62847">
        <ele>1259.3</ele>
      </trkpt>
      <trkpt lat="44.90535" lon="6.62848">
        <ele>1259.4</ele>
      </trkpt>
      <trkpt lat="44.90536" lon="6.62849">
        <ele>1259.5</ele>
      </trkpt>
      <trkpt lat="44.90536" lon="6.62851">
        <ele>1259.6</ele>
      </trkpt>
      <trkpt lat="44.90536" lon="6.62852">
        <ele>1259.7</ele>
      </trkpt>
      <trkpt lat="44.90537" lon="6.628529">
        <ele>1259.8</ele>
      </trkpt>
      <trkpt lat="44.90537" lon="6.62854">
        <ele>1259.9</ele>
      </trkpt>
      <trkpt lat="44.90538" lon="6.62855">
        <ele>1260.0</ele>
      </trkpt>
      <trkpt lat="44.90538" lon="6.62856">
        <ele>1260.0</ele>
      </trkpt>
      <trkpt lat="44.90539" lon="6.62857">
        <ele>1260.2</ele>
      </trkpt>
      <trkpt lat="44.90539" lon="6.62858">
        <ele>1260.2</ele>
      </trkpt>
      <trkpt lat="44.9054" lon="6.62859">
        <ele>1260.4</ele>
      </trkpt>
      <trkpt lat="44.9054" lon="6.628599">
        <ele>1260.4</ele>
      </trkpt>
      <trkpt lat="44.90541" lon="6.628599">
        <ele>1260.5</ele>
      </trkpt>
      <trkpt lat="44.90542" lon="6.62861">
        <ele>1260.7</ele>
      </trkpt>
      <trkpt lat="44.90543" lon="6.62862">
        <ele>1260.9</ele>
      </trkpt>
      <trkpt lat="44.90549" lon="6.62876">
        <ele>1262.1</ele>
      </trkpt>
      <trkpt lat="44.90553" lon="6.62886">
        <ele>1263.0</ele>
      </trkpt>
      <trkpt lat="44.905589" lon="6.62896">
        <ele>1264.2</ele>
      </trkpt>
      <trkpt lat="44.9056" lon="6.62912">
        <ele>1265.0</ele>
      </trkpt>
      <trkpt lat="44.90562" lon="6.62942">
        <ele>1267.1</ele>
      </trkpt>
      <trkpt lat="44.90562" lon="6.62964">
        <ele>1268.6</ele>
      </trkpt>
      <trkpt lat="44.90562" lon="6.62973">
        <ele>1269.2</ele>
      </trkpt>
      <trkpt lat="44.90562" lon="6.62973">
        <ele>1269.2</ele>
      </trkpt>
      <trkpt lat="44.9055" lon="6.62991">
        <ele>1268.6</ele>
      </trkpt>
      <trkpt lat="44.90546" lon="6.62996">
        <ele>1268.4</ele>
      </trkpt>
      <trkpt lat="44.90546" lon="6.62996">
        <ele>1268.4</ele>
      </trkpt>
      <trkpt lat="44.90529" lon="6.63002">
        <ele>1266.3</ele>
      </trkpt>
      <trkpt lat="44.905209" lon="6.63005">
        <ele>1265.4</ele>
      </trkpt>
      <trkpt lat="44.905119" lon="6.63011">
        <ele>1264.4</ele>
      </trkpt>
      <trkpt lat="44.90502" lon="6.63013">
        <ele>1263.1</ele>
      </trkpt>
      <trkpt lat="44.90484" lon="6.63016">
        <ele>1261.2</ele>
      </trkpt>
      <trkpt lat="44.9047" lon="6.63019">
        <ele>1259.8</ele>
      </trkpt>
      <trkpt lat="44.90466" lon="6.63021">
        <ele>1259.5</ele>
      </trkpt>
      <trkpt lat="44.90457" lon="6.63023">
        <ele>1258.6</ele>
      </trkpt>
    </trkseg>
  </trk>
</gpx>
