<?xml version="1.0" encoding="UTF-8"?>
<gpx xmlns:gpxdata="http://www.cluetrust.com/XML/GPXDATA/1/0" xmlns:xsi="http://www.w3.org/2001/XMLSchema-instance" xmlns="http://www.topografix.com/GPX/1/1" version="1.1" creator="http://ridewithgps.com/" xsi:schemaLocation="http://www.topografix.com/GPX/1/1 http://www.topografix.com/GPX/1/1/gpx.xsd http://www.cluetrust.com/XML/GPXDATA/1/0 http://www.cluetrust.com/Schemas/gpxdata10.xsd">
  <metadata>
    <name>TDGC_2026-09-08</name>
    <link href="https://ridewithgps.com/routes/38637449">
      <text>TDGC_2026-09-08</text>
    </link>
    <time>2022-02-24T22:24:22Z</time>
  </metadata>
  <trk>
    <name>TDGC_2026-09-08</name>
    <trkseg>
      <trkpt lat="45.66889" lon="6.38697">
        <ele>339.2</ele>
      </trkpt>
      <trkpt lat="45.66898" lon="6.38705">
        <ele>339.4</ele>
      </trkpt>
      <trkpt lat="45.6691" lon="6.38717">
        <ele>339.6</ele>
      </trkpt>
      <trkpt lat="45.66936" lon="6.38746">
        <ele>340.0</ele>
      </trkpt>
      <trkpt lat="45.66945" lon="6.38755">
        <ele>340.0</ele>
      </trkpt>
      <trkpt lat="45.66954" lon="6.38765">
        <ele>340.1</ele>
      </trkpt>
      <trkpt lat="45.66982" lon="6.38799">
        <ele>340.5</ele>
      </trkpt>
      <trkpt lat="45.669849" lon="6.38802">
        <ele>340.5</ele>
      </trkpt>
      <trkpt lat="45.67007" lon="6.3883">
        <ele>341.0</ele>
      </trkpt>
      <trkpt lat="45.67012" lon="6.38839">
        <ele>341.2</ele>
      </trkpt>
      <trkpt lat="45.67012" lon="6.38839">
        <ele>341.2</ele>
      </trkpt>
      <trkpt lat="45.66987" lon="6.3888">
        <ele>341.3</ele>
      </trkpt>
      <trkpt lat="45.669849" lon="6.38885">
        <ele>341.3</ele>
      </trkpt>
      <trkpt lat="45.66968" lon="6.38915">
        <ele>341.2</ele>
      </trkpt>
      <trkpt lat="45.6694" lon="6.38963">
        <ele>340.8</ele>
      </trkpt>
      <trkpt lat="45.66934" lon="6.38973">
        <ele>340.8</ele>
      </trkpt>
      <trkpt lat="45.66931" lon="6.3898">
        <ele>340.8</ele>
      </trkpt>
      <trkpt lat="45.66915" lon="6.39003">
        <ele>341.0</ele>
      </trkpt>
      <trkpt lat="45.66913" lon="6.39006">
        <ele>341.0</ele>
      </trkpt>
      <trkpt lat="45.66909" lon="6.39011">
        <ele>341.0</ele>
      </trkpt>
      <trkpt lat="45.66904" lon="6.39014">
        <ele>341.0</ele>
      </trkpt>
      <trkpt lat="45.66899" lon="6.3902">
        <ele>340.9</ele>
      </trkpt>
      <trkpt lat="45.668909" lon="6.39036">
        <ele>340.9</ele>
      </trkpt>
      <trkpt lat="45.66881" lon="6.39057">
        <ele>340.7</ele>
      </trkpt>
      <trkpt lat="45.66876" lon="6.39071">
        <ele>340.6</ele>
      </trkpt>
      <trkpt lat="45.66876" lon="6.39071">
        <ele>340.6</ele>
      </trkpt>
      <trkpt lat="45.66871" lon="6.39081">
        <ele>340.5</ele>
      </trkpt>
      <trkpt lat="45.66868" lon="6.39093">
        <ele>340.3</ele>
      </trkpt>
      <trkpt lat="45.66868" lon="6.390939">
        <ele>340.3</ele>
      </trkpt>
      <trkpt lat="45.66867" lon="6.39103">
        <ele>340.2</ele>
      </trkpt>
      <trkpt lat="45.66868" lon="6.39111">
        <ele>340.1</ele>
      </trkpt>
      <trkpt lat="45.66868" lon="6.39118">
        <ele>340.1</ele>
      </trkpt>
      <trkpt lat="45.66866" lon="6.39129">
        <ele>339.9</ele>
      </trkpt>
      <trkpt lat="45.66864" lon="6.3914">
        <ele>339.8</ele>
      </trkpt>
      <trkpt lat="45.66864" lon="6.39146">
        <ele>339.8</ele>
      </trkpt>
      <trkpt lat="45.66863" lon="6.39154">
        <ele>339.7</ele>
      </trkpt>
      <trkpt lat="45.66862" lon="6.39165">
        <ele>339.6</ele>
      </trkpt>
      <trkpt lat="45.66859" lon="6.39184">
        <ele>339.5</ele>
      </trkpt>
      <trkpt lat="45.66859" lon="6.39191">
        <ele>339.4</ele>
      </trkpt>
      <trkpt lat="45.66857" lon="6.392159">
        <ele>339.3</ele>
      </trkpt>
      <trkpt lat="45.66855" lon="6.39242">
        <ele>339.1</ele>
      </trkpt>
      <trkpt lat="45.66852" lon="6.39272">
        <ele>338.9</ele>
      </trkpt>
      <trkpt lat="45.66851" lon="6.392769">
        <ele>338.9</ele>
      </trkpt>
      <trkpt lat="45.66848" lon="6.39302">
        <ele>338.8</ele>
      </trkpt>
      <trkpt lat="45.66845" lon="6.39327">
        <ele>339.0</ele>
      </trkpt>
      <trkpt lat="45.66838" lon="6.393779">
        <ele>340.1</ele>
      </trkpt>
      <trkpt lat="45.66834" lon="6.39409">
        <ele>340.8</ele>
      </trkpt>
      <trkpt lat="45.66833" lon="6.39422">
        <ele>340.9</ele>
      </trkpt>
      <trkpt lat="45.66831" lon="6.39425">
        <ele>340.9</ele>
      </trkpt>
      <trkpt lat="45.66831" lon="6.39427">
        <ele>340.9</ele>
      </trkpt>
      <trkpt lat="45.66829" lon="6.39444">
        <ele>340.6</ele>
      </trkpt>
      <trkpt lat="45.66828" lon="6.39457">
        <ele>340.5</ele>
      </trkpt>
      <trkpt lat="45.66828" lon="6.39464">
        <ele>340.4</ele>
      </trkpt>
      <trkpt lat="45.66828" lon="6.39474">
        <ele>340.3</ele>
      </trkpt>
      <trkpt lat="45.66828" lon="6.39474">
        <ele>340.3</ele>
      </trkpt>
      <trkpt lat="45.66834" lon="6.39472">
        <ele>340.4</ele>
      </trkpt>
      <trkpt lat="45.66862" lon="6.39464">
        <ele>342.7</ele>
      </trkpt>
      <trkpt lat="45.66867" lon="6.394599">
        <ele>343.0</ele>
      </trkpt>
      <trkpt lat="45.66896" lon="6.39454">
        <ele>344.8</ele>
      </trkpt>
      <trkpt lat="45.66913" lon="6.39451">
        <ele>345.7</ele>
      </trkpt>
      <trkpt lat="45.669137" lon="6.394555">
        <ele>346.1</ele>
      </trkpt>
      <trkpt lat="45.66913" lon="6.39451">
        <ele>345.7</ele>
      </trkpt>
      <trkpt lat="45.669379" lon="6.394459">
        <ele>347.3</ele>
      </trkpt>
      <trkpt lat="45.6694" lon="6.394459">
        <ele>347.5</ele>
      </trkpt>
      <trkpt lat="45.66983" lon="6.39438">
        <ele>349.6</ele>
      </trkpt>
      <trkpt lat="45.67013" lon="6.39434">
        <ele>349.8</ele>
      </trkpt>
      <trkpt lat="45.67024" lon="6.39433">
        <ele>349.5</ele>
      </trkpt>
      <trkpt lat="45.67049" lon="6.3943">
        <ele>348.5</ele>
      </trkpt>
      <trkpt lat="45.67081" lon="6.39427">
        <ele>347.5</ele>
      </trkpt>
      <trkpt lat="45.67094" lon="6.39426">
        <ele>347.3</ele>
      </trkpt>
      <trkpt lat="45.67104" lon="6.39425">
        <ele>347.2</ele>
      </trkpt>
      <trkpt lat="45.6711" lon="6.39425">
        <ele>347.3</ele>
      </trkpt>
      <trkpt lat="45.67134" lon="6.39429">
        <ele>348.4</ele>
      </trkpt>
      <trkpt lat="45.67152" lon="6.394319">
        <ele>349.2</ele>
      </trkpt>
      <trkpt lat="45.6716" lon="6.39433">
        <ele>349.5</ele>
      </trkpt>
      <trkpt lat="45.67167" lon="6.39435">
        <ele>350.0</ele>
      </trkpt>
      <trkpt lat="45.672199" lon="6.39448">
        <ele>352.8</ele>
      </trkpt>
      <trkpt lat="45.67235" lon="6.39451">
        <ele>353.4</ele>
      </trkpt>
      <trkpt lat="45.67266" lon="6.39459">
        <ele>353.2</ele>
      </trkpt>
      <trkpt lat="45.67288" lon="6.39464">
        <ele>351.2</ele>
      </trkpt>
      <trkpt lat="45.67345" lon="6.39478">
        <ele>345.8</ele>
      </trkpt>
      <trkpt lat="45.67375" lon="6.39485">
        <ele>345.8</ele>
      </trkpt>
      <trkpt lat="45.67398" lon="6.39491">
        <ele>345.8</ele>
      </trkpt>
      <trkpt lat="45.67414" lon="6.39494">
        <ele>345.7</ele>
      </trkpt>
      <trkpt lat="45.674259" lon="6.39497">
        <ele>345.9</ele>
      </trkpt>
      <trkpt lat="45.67497" lon="6.395139">
        <ele>346.7</ele>
      </trkpt>
      <trkpt lat="45.67542" lon="6.39524">
        <ele>348.5</ele>
      </trkpt>
      <trkpt lat="45.67568" lon="6.39531">
        <ele>349.7</ele>
      </trkpt>
      <trkpt lat="45.67579" lon="6.39534">
        <ele>350.3</ele>
      </trkpt>
      <trkpt lat="45.67583" lon="6.39535">
        <ele>350.5</ele>
      </trkpt>
      <trkpt lat="45.67589" lon="6.39537">
        <ele>350.7</ele>
      </trkpt>
      <trkpt lat="45.67589" lon="6.39537">
        <ele>350.7</ele>
      </trkpt>
      <trkpt lat="45.67589" lon="6.39538">
        <ele>350.8</ele>
      </trkpt>
      <trkpt lat="45.67589" lon="6.39539">
        <ele>350.9</ele>
      </trkpt>
      <trkpt lat="45.67589" lon="6.3954">
        <ele>351.0</ele>
      </trkpt>
      <trkpt lat="45.67589" lon="6.39541">
        <ele>351.1</ele>
      </trkpt>
      <trkpt lat="45.67589" lon="6.39542">
        <ele>351.1</ele>
      </trkpt>
      <trkpt lat="45.67589" lon="6.39543">
        <ele>351.2</ele>
      </trkpt>
      <trkpt lat="45.6759" lon="6.39543">
        <ele>351.2</ele>
      </trkpt>
      <trkpt lat="45.6759" lon="6.39544">
        <ele>351.3</ele>
      </trkpt>
      <trkpt lat="45.6759" lon="6.39545">
        <ele>351.4</ele>
      </trkpt>
      <trkpt lat="45.67591" lon="6.39545">
        <ele>351.4</ele>
      </trkpt>
      <trkpt lat="45.67591" lon="6.39546">
        <ele>351.5</ele>
      </trkpt>
      <trkpt lat="45.67592" lon="6.39546">
        <ele>351.5</ele>
      </trkpt>
      <trkpt lat="45.67593" lon="6.39546">
        <ele>351.5</ele>
      </trkpt>
      <trkpt lat="45.67594" lon="6.39546">
        <ele>351.6</ele>
      </trkpt>
      <trkpt lat="45.67595" lon="6.39546">
        <ele>351.6</ele>
      </trkpt>
      <trkpt lat="45.67596" lon="6.39546">
        <ele>351.6</ele>
      </trkpt>
      <trkpt lat="45.67596" lon="6.39545">
        <ele>351.5</ele>
      </trkpt>
      <trkpt lat="45.67597" lon="6.39545">
        <ele>351.5</ele>
      </trkpt>
      <trkpt lat="45.67597" lon="6.39544">
        <ele>351.4</ele>
      </trkpt>
      <trkpt lat="45.67597" lon="6.39543">
        <ele>351.4</ele>
      </trkpt>
      <trkpt lat="45.67598" lon="6.39543">
        <ele>351.4</ele>
      </trkpt>
      <trkpt lat="45.67598" lon="6.39542">
        <ele>351.3</ele>
      </trkpt>
      <trkpt lat="45.67602" lon="6.39543">
        <ele>351.5</ele>
      </trkpt>
      <trkpt lat="45.67611" lon="6.39544">
        <ele>351.7</ele>
      </trkpt>
      <trkpt lat="45.67619" lon="6.39548">
        <ele>352.3</ele>
      </trkpt>
      <trkpt lat="45.67635" lon="6.395539">
        <ele>353.5</ele>
      </trkpt>
      <trkpt lat="45.67674" lon="6.39566">
        <ele>355.8</ele>
      </trkpt>
      <trkpt lat="45.67696" lon="6.39572">
        <ele>355.2</ele>
      </trkpt>
      <trkpt lat="45.67706" lon="6.3958">
        <ele>355.3</ele>
      </trkpt>
      <trkpt lat="45.67715" lon="6.39583">
        <ele>354.9</ele>
      </trkpt>
      <trkpt lat="45.67719" lon="6.39585">
        <ele>355.0</ele>
      </trkpt>
      <trkpt lat="45.67729" lon="6.39592">
        <ele>355.7</ele>
      </trkpt>
      <trkpt lat="45.6773" lon="6.39592">
        <ele>355.6</ele>
      </trkpt>
      <trkpt lat="45.67741" lon="6.39603">
        <ele>356.9</ele>
      </trkpt>
      <trkpt lat="45.67751" lon="6.39612">
        <ele>357.8</ele>
      </trkpt>
      <trkpt lat="45.67762" lon="6.39625">
        <ele>360.4</ele>
      </trkpt>
      <trkpt lat="45.6777" lon="6.39632">
        <ele>361.8</ele>
      </trkpt>
      <trkpt lat="45.67779" lon="6.39637">
        <ele>362.8</ele>
      </trkpt>
      <trkpt lat="45.67786" lon="6.39639">
        <ele>363.2</ele>
      </trkpt>
      <trkpt lat="45.67795" lon="6.39641">
        <ele>363.6</ele>
      </trkpt>
      <trkpt lat="45.678019" lon="6.39639">
        <ele>363.2</ele>
      </trkpt>
      <trkpt lat="45.67803" lon="6.39639">
        <ele>363.1</ele>
      </trkpt>
      <trkpt lat="45.67809" lon="6.39638">
        <ele>362.9</ele>
      </trkpt>
      <trkpt lat="45.67812" lon="6.39638">
        <ele>362.9</ele>
      </trkpt>
      <trkpt lat="45.67818" lon="6.39635">
        <ele>362.2</ele>
      </trkpt>
      <trkpt lat="45.67823" lon="6.39632">
        <ele>361.6</ele>
      </trkpt>
      <trkpt lat="45.6783" lon="6.3963">
        <ele>361.1</ele>
      </trkpt>
      <trkpt lat="45.67839" lon="6.3963">
        <ele>360.9</ele>
      </trkpt>
      <trkpt lat="45.67844" lon="6.39631">
        <ele>360.9</ele>
      </trkpt>
      <trkpt lat="45.67847" lon="6.39631">
        <ele>360.8</ele>
      </trkpt>
      <trkpt lat="45.67861" lon="6.39637">
        <ele>361.5</ele>
      </trkpt>
      <trkpt lat="45.67878" lon="6.39648">
        <ele>363.1</ele>
      </trkpt>
      <trkpt lat="45.6789" lon="6.39656">
        <ele>364.2</ele>
      </trkpt>
      <trkpt lat="45.67903" lon="6.3967">
        <ele>366.9</ele>
      </trkpt>
      <trkpt lat="45.67909" lon="6.39675">
        <ele>368.5</ele>
      </trkpt>
      <trkpt lat="45.67917" lon="6.396829">
        <ele>371.2</ele>
      </trkpt>
      <trkpt lat="45.6794" lon="6.397">
        <ele>376.1</ele>
      </trkpt>
      <trkpt lat="45.67954" lon="6.39708">
        <ele>378.2</ele>
      </trkpt>
      <trkpt lat="45.67973" lon="6.39716">
        <ele>380.0</ele>
      </trkpt>
      <trkpt lat="45.67991" lon="6.39726">
        <ele>382.8</ele>
      </trkpt>
      <trkpt lat="45.67992" lon="6.39726">
        <ele>382.7</ele>
      </trkpt>
      <trkpt lat="45.68007" lon="6.39732">
        <ele>384.1</ele>
      </trkpt>
      <trkpt lat="45.680079" lon="6.39732">
        <ele>384.0</ele>
      </trkpt>
      <trkpt lat="45.68019" lon="6.39736">
        <ele>384.8</ele>
      </trkpt>
      <trkpt lat="45.68034" lon="6.39739">
        <ele>384.8</ele>
      </trkpt>
      <trkpt lat="45.68047" lon="6.39743">
        <ele>385.3</ele>
      </trkpt>
      <trkpt lat="45.68051" lon="6.39745">
        <ele>385.8</ele>
      </trkpt>
      <trkpt lat="45.68054" lon="6.39746">
        <ele>385.9</ele>
      </trkpt>
      <trkpt lat="45.68061" lon="6.39748">
        <ele>386.1</ele>
      </trkpt>
      <trkpt lat="45.68068" lon="6.3975">
        <ele>386.3</ele>
      </trkpt>
      <trkpt lat="45.68079" lon="6.39754">
        <ele>387.2</ele>
      </trkpt>
      <trkpt lat="45.68088" lon="6.39757">
        <ele>387.4</ele>
      </trkpt>
      <trkpt lat="45.68134" lon="6.39773">
        <ele>387.0</ele>
      </trkpt>
      <trkpt lat="45.68148" lon="6.39779">
        <ele>387.7</ele>
      </trkpt>
      <trkpt lat="45.68153" lon="6.39782">
        <ele>388.3</ele>
      </trkpt>
      <trkpt lat="45.68155" lon="6.39783">
        <ele>388.5</ele>
      </trkpt>
      <trkpt lat="45.68165" lon="6.39788">
        <ele>389.4</ele>
      </trkpt>
      <trkpt lat="45.68166" lon="6.39788">
        <ele>389.3</ele>
      </trkpt>
      <trkpt lat="45.68178" lon="6.39799">
        <ele>392.3</ele>
      </trkpt>
      <trkpt lat="45.6819" lon="6.39808">
        <ele>394.0</ele>
      </trkpt>
      <trkpt lat="45.68207" lon="6.3982">
        <ele>395.5</ele>
      </trkpt>
      <trkpt lat="45.68219" lon="6.39825">
        <ele>394.7</ele>
      </trkpt>
      <trkpt lat="45.6823" lon="6.3983">
        <ele>393.9</ele>
      </trkpt>
      <trkpt lat="45.68235" lon="6.39832">
        <ele>393.4</ele>
      </trkpt>
      <trkpt lat="45.68238" lon="6.39832">
        <ele>392.6</ele>
      </trkpt>
      <trkpt lat="45.68248" lon="6.39835">
        <ele>391.2</ele>
      </trkpt>
      <trkpt lat="45.682519" lon="6.39836">
        <ele>390.6</ele>
      </trkpt>
      <trkpt lat="45.68266" lon="6.39841">
        <ele>389.2</ele>
      </trkpt>
      <trkpt lat="45.68273" lon="6.39843">
        <ele>388.3</ele>
      </trkpt>
      <trkpt lat="45.68279" lon="6.39846">
        <ele>388.1</ele>
      </trkpt>
      <trkpt lat="45.68301" lon="6.39856">
        <ele>386.6</ele>
      </trkpt>
      <trkpt lat="45.68312" lon="6.39865">
        <ele>387.5</ele>
      </trkpt>
      <trkpt lat="45.68315" lon="6.39869">
        <ele>388.4</ele>
      </trkpt>
      <trkpt lat="45.68321" lon="6.39875">
        <ele>389.3</ele>
      </trkpt>
      <trkpt lat="45.68322" lon="6.39877">
        <ele>389.8</ele>
      </trkpt>
      <trkpt lat="45.68328" lon="6.398869">
        <ele>392.3</ele>
      </trkpt>
      <trkpt lat="45.68331" lon="6.39893">
        <ele>394.0</ele>
      </trkpt>
      <trkpt lat="45.68332" lon="6.39896">
        <ele>394.9</ele>
      </trkpt>
      <trkpt lat="45.6834" lon="6.39911">
        <ele>398.2</ele>
      </trkpt>
      <trkpt lat="45.68352" lon="6.39933">
        <ele>401.7</ele>
      </trkpt>
      <trkpt lat="45.68363" lon="6.39952">
        <ele>404.6</ele>
      </trkpt>
      <trkpt lat="45.68377" lon="6.39965">
        <ele>404.3</ele>
      </trkpt>
      <trkpt lat="45.68382" lon="6.39969">
        <ele>404.0</ele>
      </trkpt>
      <trkpt lat="45.6839" lon="6.39977">
        <ele>404.3</ele>
      </trkpt>
      <trkpt lat="45.68394" lon="6.3998">
        <ele>404.0</ele>
      </trkpt>
      <trkpt lat="45.68404" lon="6.39986">
        <ele>402.8</ele>
      </trkpt>
      <trkpt lat="45.68407" lon="6.399879">
        <ele>402.5</ele>
      </trkpt>
      <trkpt lat="45.68413" lon="6.39993">
        <ele>402.4</ele>
      </trkpt>
      <trkpt lat="45.68422" lon="6.4">
        <ele>402.2</ele>
      </trkpt>
      <trkpt lat="45.68436" lon="6.40014">
        <ele>402.7</ele>
      </trkpt>
      <trkpt lat="45.68452" lon="6.4003">
        <ele>403.8</ele>
      </trkpt>
      <trkpt lat="45.68454" lon="6.40033">
        <ele>404.4</ele>
      </trkpt>
      <trkpt lat="45.68465" lon="6.40044">
        <ele>405.5</ele>
      </trkpt>
      <trkpt lat="45.68466" lon="6.40045">
        <ele>405.6</ele>
      </trkpt>
      <trkpt lat="45.68475" lon="6.40052">
        <ele>406.0</ele>
      </trkpt>
      <trkpt lat="45.68485" lon="6.40059">
        <ele>406.2</ele>
      </trkpt>
      <trkpt lat="45.684959" lon="6.40066">
        <ele>406.3</ele>
      </trkpt>
      <trkpt lat="45.68499" lon="6.40068">
        <ele>406.5</ele>
      </trkpt>
      <trkpt lat="45.68506" lon="6.40073">
        <ele>406.8</ele>
      </trkpt>
      <trkpt lat="45.68515" lon="6.40079">
        <ele>407.0</ele>
      </trkpt>
      <trkpt lat="45.68517" lon="6.40079">
        <ele>406.4</ele>
      </trkpt>
      <trkpt lat="45.68527" lon="6.40087">
        <ele>406.9</ele>
      </trkpt>
      <trkpt lat="45.68531" lon="6.4009">
        <ele>406.8</ele>
      </trkpt>
      <trkpt lat="45.68537" lon="6.40093">
        <ele>406.2</ele>
      </trkpt>
      <trkpt lat="45.68548" lon="6.401">
        <ele>405.6</ele>
      </trkpt>
      <trkpt lat="45.68564" lon="6.40108">
        <ele>404.0</ele>
      </trkpt>
      <trkpt lat="45.68572" lon="6.40113">
        <ele>403.5</ele>
      </trkpt>
      <trkpt lat="45.68574" lon="6.40114">
        <ele>403.3</ele>
      </trkpt>
      <trkpt lat="45.685809" lon="6.40118">
        <ele>402.7</ele>
      </trkpt>
      <trkpt lat="45.68594" lon="6.4013">
        <ele>402.9</ele>
      </trkpt>
      <trkpt lat="45.68596" lon="6.40132">
        <ele>403.0</ele>
      </trkpt>
      <trkpt lat="45.68602" lon="6.40139">
        <ele>403.5</ele>
      </trkpt>
      <trkpt lat="45.6861" lon="6.40149">
        <ele>404.5</ele>
      </trkpt>
      <trkpt lat="45.68614" lon="6.40155">
        <ele>405.4</ele>
      </trkpt>
      <trkpt lat="45.68617" lon="6.40165">
        <ele>407.9</ele>
      </trkpt>
      <trkpt lat="45.68619" lon="6.401709">
        <ele>408.9</ele>
      </trkpt>
      <trkpt lat="45.6862" lon="6.40173">
        <ele>409.0</ele>
      </trkpt>
      <trkpt lat="45.68623" lon="6.40187">
        <ele>411.3</ele>
      </trkpt>
      <trkpt lat="45.68625" lon="6.40195">
        <ele>412.6</ele>
      </trkpt>
      <trkpt lat="45.686279" lon="6.40207">
        <ele>414.6</ele>
      </trkpt>
      <trkpt lat="45.68633" lon="6.40218">
        <ele>415.9</ele>
      </trkpt>
      <trkpt lat="45.68633" lon="6.4022">
        <ele>416.4</ele>
      </trkpt>
      <trkpt lat="45.68639" lon="6.40234">
        <ele>418.3</ele>
      </trkpt>
      <trkpt lat="45.68644" lon="6.40243">
        <ele>419.4</ele>
      </trkpt>
      <trkpt lat="45.68645" lon="6.40245">
        <ele>419.7</ele>
      </trkpt>
      <trkpt lat="45.68652" lon="6.40258">
        <ele>420.5</ele>
      </trkpt>
      <trkpt lat="45.68654" lon="6.40263">
        <ele>420.8</ele>
      </trkpt>
      <trkpt lat="45.68656" lon="6.40269">
        <ele>421.2</ele>
      </trkpt>
      <trkpt lat="45.68657" lon="6.40275">
        <ele>421.8</ele>
      </trkpt>
      <trkpt lat="45.68658" lon="6.40284">
        <ele>422.9</ele>
      </trkpt>
      <trkpt lat="45.68662" lon="6.40309">
        <ele>425.6</ele>
      </trkpt>
      <trkpt lat="45.68664" lon="6.40324">
        <ele>427.3</ele>
      </trkpt>
      <trkpt lat="45.68666" lon="6.40333">
        <ele>428.1</ele>
      </trkpt>
      <trkpt lat="45.68667" lon="6.40342">
        <ele>428.9</ele>
      </trkpt>
      <trkpt lat="45.68672" lon="6.4036">
        <ele>430.1</ele>
      </trkpt>
      <trkpt lat="45.68681" lon="6.40371">
        <ele>430.1</ele>
      </trkpt>
      <trkpt lat="45.68683" lon="6.40374">
        <ele>430.2</ele>
      </trkpt>
      <trkpt lat="45.68691" lon="6.403819">
        <ele>430.2</ele>
      </trkpt>
      <trkpt lat="45.687019" lon="6.40394">
        <ele>430.5</ele>
      </trkpt>
      <trkpt lat="45.68708" lon="6.404">
        <ele>430.6</ele>
      </trkpt>
      <trkpt lat="45.687109" lon="6.40402">
        <ele>430.6</ele>
      </trkpt>
      <trkpt lat="45.68717" lon="6.40406">
        <ele>430.6</ele>
      </trkpt>
      <trkpt lat="45.68732" lon="6.404149">
        <ele>430.5</ele>
      </trkpt>
      <trkpt lat="45.68755" lon="6.40426">
        <ele>430.1</ele>
      </trkpt>
      <trkpt lat="45.68764" lon="6.40433">
        <ele>430.4</ele>
      </trkpt>
      <trkpt lat="45.68767" lon="6.404359">
        <ele>430.6</ele>
      </trkpt>
      <trkpt lat="45.68775" lon="6.4045">
        <ele>432.3</ele>
      </trkpt>
      <trkpt lat="45.68776" lon="6.40452">
        <ele>432.6</ele>
      </trkpt>
      <trkpt lat="45.6878" lon="6.40464">
        <ele>434.3</ele>
      </trkpt>
      <trkpt lat="45.68782" lon="6.40469">
        <ele>435.0</ele>
      </trkpt>
      <trkpt lat="45.68784" lon="6.40475">
        <ele>435.8</ele>
      </trkpt>
      <trkpt lat="45.68784" lon="6.404759">
        <ele>436.0</ele>
      </trkpt>
      <trkpt lat="45.68788" lon="6.404899">
        <ele>438.1</ele>
      </trkpt>
      <trkpt lat="45.68793" lon="6.40496">
        <ele>438.6</ele>
      </trkpt>
      <trkpt lat="45.68794" lon="6.40498">
        <ele>438.9</ele>
      </trkpt>
      <trkpt lat="45.68801" lon="6.40505">
        <ele>439.5</ele>
      </trkpt>
      <trkpt lat="45.68804" lon="6.40507">
        <ele>439.5</ele>
      </trkpt>
      <trkpt lat="45.68809" lon="6.40508">
        <ele>439.2</ele>
      </trkpt>
      <trkpt lat="45.6882" lon="6.40508">
        <ele>438.0</ele>
      </trkpt>
      <trkpt lat="45.68826" lon="6.40507">
        <ele>437.2</ele>
      </trkpt>
      <trkpt lat="45.68838" lon="6.40505">
        <ele>435.5</ele>
      </trkpt>
      <trkpt lat="45.68847" lon="6.40506">
        <ele>434.7</ele>
      </trkpt>
      <trkpt lat="45.68855" lon="6.4051">
        <ele>434.6</ele>
      </trkpt>
      <trkpt lat="45.6886" lon="6.40516">
        <ele>435.3</ele>
      </trkpt>
      <trkpt lat="45.68861" lon="6.40517">
        <ele>435.3</ele>
      </trkpt>
      <trkpt lat="45.68868" lon="6.40531">
        <ele>437.3</ele>
      </trkpt>
      <trkpt lat="45.6887" lon="6.40538">
        <ele>438.4</ele>
      </trkpt>
      <trkpt lat="45.68876" lon="6.405579">
        <ele>441.5</ele>
      </trkpt>
      <trkpt lat="45.68876" lon="6.40562">
        <ele>442.3</ele>
      </trkpt>
      <trkpt lat="45.688809" lon="6.40581">
        <ele>445.3</ele>
      </trkpt>
      <trkpt lat="45.68889" lon="6.40594">
        <ele>446.5</ele>
      </trkpt>
      <trkpt lat="45.68893" lon="6.406">
        <ele>447.0</ele>
      </trkpt>
      <trkpt lat="45.68897" lon="6.40602">
        <ele>446.8</ele>
      </trkpt>
      <trkpt lat="45.688989" lon="6.40604">
        <ele>446.9</ele>
      </trkpt>
      <trkpt lat="45.68908" lon="6.40606">
        <ele>446.0</ele>
      </trkpt>
      <trkpt lat="45.68915" lon="6.40606">
        <ele>445.0</ele>
      </trkpt>
      <trkpt lat="45.68916" lon="6.40606">
        <ele>444.9</ele>
      </trkpt>
      <trkpt lat="45.68922" lon="6.40603">
        <ele>444.3</ele>
      </trkpt>
      <trkpt lat="45.68932" lon="6.40596">
        <ele>443.3</ele>
      </trkpt>
      <trkpt lat="45.689369" lon="6.40592">
        <ele>442.7</ele>
      </trkpt>
      <trkpt lat="45.68948" lon="6.40587">
        <ele>442.0</ele>
      </trkpt>
      <trkpt lat="45.6895" lon="6.40586">
        <ele>441.8</ele>
      </trkpt>
      <trkpt lat="45.68965" lon="6.40587">
        <ele>442.1</ele>
      </trkpt>
      <trkpt lat="45.68983" lon="6.40597">
        <ele>443.8</ele>
      </trkpt>
      <trkpt lat="45.689839" lon="6.40597">
        <ele>443.8</ele>
      </trkpt>
      <trkpt lat="45.68996" lon="6.40606">
        <ele>445.2</ele>
      </trkpt>
      <trkpt lat="45.69015" lon="6.40621">
        <ele>445.7</ele>
      </trkpt>
      <trkpt lat="45.690219" lon="6.4063">
        <ele>446.0</ele>
      </trkpt>
      <trkpt lat="45.69029" lon="6.40642">
        <ele>446.7</ele>
      </trkpt>
      <trkpt lat="45.69032" lon="6.40653">
        <ele>447.7</ele>
      </trkpt>
      <trkpt lat="45.69033" lon="6.40667">
        <ele>449.3</ele>
      </trkpt>
      <trkpt lat="45.690309" lon="6.40676">
        <ele>449.9</ele>
      </trkpt>
      <trkpt lat="45.6903" lon="6.40684">
        <ele>450.3</ele>
      </trkpt>
      <trkpt lat="45.69018" lon="6.407">
        <ele>452.6</ele>
      </trkpt>
      <trkpt lat="45.69013" lon="6.40713">
        <ele>453.8</ele>
      </trkpt>
      <trkpt lat="45.69009" lon="6.40728">
        <ele>454.9</ele>
      </trkpt>
      <trkpt lat="45.69007" lon="6.40742">
        <ele>455.7</ele>
      </trkpt>
      <trkpt lat="45.69007" lon="6.40752">
        <ele>456.2</ele>
      </trkpt>
      <trkpt lat="45.69007" lon="6.40766">
        <ele>457.3</ele>
      </trkpt>
      <trkpt lat="45.6901" lon="6.40779">
        <ele>458.0</ele>
      </trkpt>
      <trkpt lat="45.69012" lon="6.407879">
        <ele>458.5</ele>
      </trkpt>
      <trkpt lat="45.69014" lon="6.40796">
        <ele>458.8</ele>
      </trkpt>
      <trkpt lat="45.69017" lon="6.40805">
        <ele>459.2</ele>
      </trkpt>
      <trkpt lat="45.69024" lon="6.4082">
        <ele>459.4</ele>
      </trkpt>
      <trkpt lat="45.690309" lon="6.40829">
        <ele>459.2</ele>
      </trkpt>
      <trkpt lat="45.69035" lon="6.40833">
        <ele>458.9</ele>
      </trkpt>
      <trkpt lat="45.69038" lon="6.40835">
        <ele>458.7</ele>
      </trkpt>
      <trkpt lat="45.69054" lon="6.408489">
        <ele>458.3</ele>
      </trkpt>
      <trkpt lat="45.69072" lon="6.408629">
        <ele>457.8</ele>
      </trkpt>
      <trkpt lat="45.6908" lon="6.40871">
        <ele>457.9</ele>
      </trkpt>
      <trkpt lat="45.69084" lon="6.40877">
        <ele>458.2</ele>
      </trkpt>
      <trkpt lat="45.69089" lon="6.40887">
        <ele>458.5</ele>
      </trkpt>
      <trkpt lat="45.69091" lon="6.40897">
        <ele>459.3</ele>
      </trkpt>
      <trkpt lat="45.69091" lon="6.40906">
        <ele>460.5</ele>
      </trkpt>
      <trkpt lat="45.69089" lon="6.40919">
        <ele>462.3</ele>
      </trkpt>
      <trkpt lat="45.69084" lon="6.40929">
        <ele>463.8</ele>
      </trkpt>
      <trkpt lat="45.69077" lon="6.40935">
        <ele>464.7</ele>
      </trkpt>
      <trkpt lat="45.69076" lon="6.40937">
        <ele>464.9</ele>
      </trkpt>
      <trkpt lat="45.69062" lon="6.40943">
        <ele>466.5</ele>
      </trkpt>
      <trkpt lat="45.69035" lon="6.40954">
        <ele>470.0</ele>
      </trkpt>
      <trkpt lat="45.69029" lon="6.40956">
        <ele>470.8</ele>
      </trkpt>
      <trkpt lat="45.69023" lon="6.4096">
        <ele>471.6</ele>
      </trkpt>
      <trkpt lat="45.69017" lon="6.40966">
        <ele>472.6</ele>
      </trkpt>
      <trkpt lat="45.69013" lon="6.40972">
        <ele>473.3</ele>
      </trkpt>
      <trkpt lat="45.6901" lon="6.40979">
        <ele>473.9</ele>
      </trkpt>
      <trkpt lat="45.69008" lon="6.40987">
        <ele>474.4</ele>
      </trkpt>
      <trkpt lat="45.69007" lon="6.40995">
        <ele>474.8</ele>
      </trkpt>
      <trkpt lat="45.69006" lon="6.41">
        <ele>475.1</ele>
      </trkpt>
      <trkpt lat="45.69005" lon="6.41035">
        <ele>476.1</ele>
      </trkpt>
      <trkpt lat="45.69004" lon="6.41045">
        <ele>476.6</ele>
      </trkpt>
      <trkpt lat="45.69003" lon="6.41054">
        <ele>477.1</ele>
      </trkpt>
      <trkpt lat="45.69001" lon="6.41066">
        <ele>478.1</ele>
      </trkpt>
      <trkpt lat="45.68996" lon="6.41079">
        <ele>479.1</ele>
      </trkpt>
      <trkpt lat="45.68989" lon="6.41096">
        <ele>480.7</ele>
      </trkpt>
      <trkpt lat="45.68988" lon="6.41098">
        <ele>480.9</ele>
      </trkpt>
      <trkpt lat="45.68982" lon="6.41112">
        <ele>482.3</ele>
      </trkpt>
      <trkpt lat="45.6898" lon="6.41118">
        <ele>482.8</ele>
      </trkpt>
      <trkpt lat="45.68979" lon="6.4112">
        <ele>483.0</ele>
      </trkpt>
      <trkpt lat="45.68979" lon="6.41122">
        <ele>483.2</ele>
      </trkpt>
      <trkpt lat="45.68978" lon="6.41129">
        <ele>483.7</ele>
      </trkpt>
      <trkpt lat="45.68978" lon="6.41135">
        <ele>484.2</ele>
      </trkpt>
      <trkpt lat="45.68978" lon="6.41143">
        <ele>484.8</ele>
      </trkpt>
      <trkpt lat="45.6898" lon="6.41151">
        <ele>485.3</ele>
      </trkpt>
      <trkpt lat="45.689839" lon="6.41158">
        <ele>485.7</ele>
      </trkpt>
      <trkpt lat="45.68999" lon="6.411749">
        <ele>486.4</ele>
      </trkpt>
      <trkpt lat="45.69003" lon="6.41179">
        <ele>485.6</ele>
      </trkpt>
      <trkpt lat="45.69008" lon="6.41185">
        <ele>484.2</ele>
      </trkpt>
      <trkpt lat="45.69012" lon="6.4119">
        <ele>483.1</ele>
      </trkpt>
      <trkpt lat="45.69015" lon="6.41196">
        <ele>482.5</ele>
      </trkpt>
      <trkpt lat="45.69017" lon="6.41199">
        <ele>482.0</ele>
      </trkpt>
      <trkpt lat="45.69019" lon="6.41206">
        <ele>481.8</ele>
      </trkpt>
      <trkpt lat="45.690219" lon="6.41218">
        <ele>481.6</ele>
      </trkpt>
      <trkpt lat="45.69024" lon="6.41231">
        <ele>481.8</ele>
      </trkpt>
      <trkpt lat="45.69024" lon="6.41245">
        <ele>482.8</ele>
      </trkpt>
      <trkpt lat="45.69021" lon="6.41261">
        <ele>484.1</ele>
      </trkpt>
      <trkpt lat="45.69015" lon="6.41284">
        <ele>486.6</ele>
      </trkpt>
      <trkpt lat="45.69011" lon="6.41299">
        <ele>488.4</ele>
      </trkpt>
      <trkpt lat="45.69008" lon="6.41305">
        <ele>489.7</ele>
      </trkpt>
      <trkpt lat="45.69005" lon="6.41316">
        <ele>491.3</ele>
      </trkpt>
      <trkpt lat="45.69001" lon="6.41331">
        <ele>493.5</ele>
      </trkpt>
      <trkpt lat="45.689929" lon="6.413509">
        <ele>493.8</ele>
      </trkpt>
      <trkpt lat="45.68988" lon="6.41361">
        <ele>494.0</ele>
      </trkpt>
      <trkpt lat="45.68987" lon="6.41364">
        <ele>494.0</ele>
      </trkpt>
      <trkpt lat="45.68981" lon="6.41375">
        <ele>494.5</ele>
      </trkpt>
      <trkpt lat="45.68971" lon="6.41389">
        <ele>495.8</ele>
      </trkpt>
      <trkpt lat="45.68961" lon="6.41408">
        <ele>497.5</ele>
      </trkpt>
      <trkpt lat="45.68956" lon="6.41425">
        <ele>498.4</ele>
      </trkpt>
      <trkpt lat="45.68953" lon="6.41438">
        <ele>498.8</ele>
      </trkpt>
      <trkpt lat="45.68951" lon="6.41452">
        <ele>499.1</ele>
      </trkpt>
      <trkpt lat="45.6895" lon="6.41462">
        <ele>499.3</ele>
      </trkpt>
      <trkpt lat="45.6895" lon="6.41464">
        <ele>499.2</ele>
      </trkpt>
      <trkpt lat="45.68952" lon="6.41471">
        <ele>498.6</ele>
      </trkpt>
      <trkpt lat="45.6895" lon="6.41491">
        <ele>498.9</ele>
      </trkpt>
      <trkpt lat="45.68948" lon="6.41511">
        <ele>499.4</ele>
      </trkpt>
      <trkpt lat="45.689459" lon="6.41522">
        <ele>500.0</ele>
      </trkpt>
      <trkpt lat="45.689459" lon="6.41523">
        <ele>500.0</ele>
      </trkpt>
      <trkpt lat="45.68945" lon="6.4153">
        <ele>500.3</ele>
      </trkpt>
      <trkpt lat="45.68942" lon="6.4154">
        <ele>501.2</ele>
      </trkpt>
      <trkpt lat="45.68939" lon="6.41545">
        <ele>502.1</ele>
      </trkpt>
      <trkpt lat="45.68939" lon="6.41546">
        <ele>502.1</ele>
      </trkpt>
      <trkpt lat="45.68934" lon="6.41554">
        <ele>503.6</ele>
      </trkpt>
      <trkpt lat="45.6892" lon="6.41571">
        <ele>507.9</ele>
      </trkpt>
      <trkpt lat="45.68915" lon="6.41583">
        <ele>509.5</ele>
      </trkpt>
      <trkpt lat="45.68914" lon="6.41584">
        <ele>509.9</ele>
      </trkpt>
      <trkpt lat="45.68911" lon="6.41598">
        <ele>512.6</ele>
      </trkpt>
      <trkpt lat="45.68911" lon="6.41608">
        <ele>514.0</ele>
      </trkpt>
      <trkpt lat="45.68911" lon="6.416089">
        <ele>514.1</ele>
      </trkpt>
      <trkpt lat="45.68911" lon="6.41611">
        <ele>514.4</ele>
      </trkpt>
      <trkpt lat="45.68913" lon="6.41625">
        <ele>515.7</ele>
      </trkpt>
      <trkpt lat="45.68917" lon="6.41636">
        <ele>515.8</ele>
      </trkpt>
      <trkpt lat="45.68923" lon="6.416559">
        <ele>516.2</ele>
      </trkpt>
      <trkpt lat="45.68924" lon="6.41658">
        <ele>516.1</ele>
      </trkpt>
      <trkpt lat="45.6893" lon="6.41682">
        <ele>517.7</ele>
      </trkpt>
      <trkpt lat="45.68932" lon="6.41691">
        <ele>518.5</ele>
      </trkpt>
      <trkpt lat="45.68936" lon="6.41707">
        <ele>519.7</ele>
      </trkpt>
      <trkpt lat="45.6894" lon="6.41725">
        <ele>521.0</ele>
      </trkpt>
      <trkpt lat="45.68941" lon="6.41729">
        <ele>521.2</ele>
      </trkpt>
      <trkpt lat="45.68941" lon="6.41732">
        <ele>521.7</ele>
      </trkpt>
      <trkpt lat="45.68945" lon="6.41754">
        <ele>523.2</ele>
      </trkpt>
      <trkpt lat="45.68945" lon="6.41758">
        <ele>523.6</ele>
      </trkpt>
      <trkpt lat="45.68945" lon="6.417709">
        <ele>525.1</ele>
      </trkpt>
      <trkpt lat="45.68944" lon="6.41779">
        <ele>526.6</ele>
      </trkpt>
      <trkpt lat="45.68943" lon="6.41783">
        <ele>527.6</ele>
      </trkpt>
      <trkpt lat="45.68941" lon="6.418">
        <ele>530.9</ele>
      </trkpt>
      <trkpt lat="45.6894" lon="6.41805">
        <ele>532.1</ele>
      </trkpt>
      <trkpt lat="45.6894" lon="6.41809">
        <ele>532.6</ele>
      </trkpt>
      <trkpt lat="45.6894" lon="6.41816">
        <ele>533.4</ele>
      </trkpt>
      <trkpt lat="45.6894" lon="6.4183">
        <ele>535.2</ele>
      </trkpt>
      <trkpt lat="45.68941" lon="6.41835">
        <ele>535.3</ele>
      </trkpt>
      <trkpt lat="45.68941" lon="6.41838">
        <ele>536.0</ele>
      </trkpt>
      <trkpt lat="45.68945" lon="6.41855">
        <ele>537.3</ele>
      </trkpt>
      <trkpt lat="45.68945" lon="6.41858">
        <ele>537.9</ele>
      </trkpt>
      <trkpt lat="45.689459" lon="6.4186">
        <ele>537.8</ele>
      </trkpt>
      <trkpt lat="45.68948" lon="6.4187">
        <ele>538.8</ele>
      </trkpt>
      <trkpt lat="45.68952" lon="6.41884">
        <ele>539.7</ele>
      </trkpt>
      <trkpt lat="45.689549" lon="6.41896">
        <ele>540.8</ele>
      </trkpt>
      <trkpt lat="45.68962" lon="6.41922">
        <ele>543.7</ele>
      </trkpt>
      <trkpt lat="45.68964" lon="6.41927">
        <ele>544.3</ele>
      </trkpt>
      <trkpt lat="45.68965" lon="6.41931">
        <ele>545.1</ele>
      </trkpt>
      <trkpt lat="45.68967" lon="6.41937">
        <ele>546.1</ele>
      </trkpt>
      <trkpt lat="45.68974" lon="6.419469">
        <ele>546.0</ele>
      </trkpt>
      <trkpt lat="45.689749" lon="6.41949">
        <ele>546.2</ele>
      </trkpt>
      <trkpt lat="45.68976" lon="6.4195">
        <ele>546.1</ele>
      </trkpt>
      <trkpt lat="45.68977" lon="6.4195">
        <ele>545.6</ele>
      </trkpt>
      <trkpt lat="45.68982" lon="6.41955">
        <ele>545.1</ele>
      </trkpt>
      <trkpt lat="45.6899" lon="6.4196">
        <ele>543.3</ele>
      </trkpt>
      <trkpt lat="45.68992" lon="6.419609">
        <ele>542.7</ele>
      </trkpt>
      <trkpt lat="45.689929" lon="6.41962">
        <ele>542.7</ele>
      </trkpt>
      <trkpt lat="45.68997" lon="6.41964">
        <ele>541.7</ele>
      </trkpt>
      <trkpt lat="45.69007" lon="6.41967">
        <ele>538.4</ele>
      </trkpt>
      <trkpt lat="45.69008" lon="6.419679">
        <ele>538.4</ele>
      </trkpt>
      <trkpt lat="45.6901" lon="6.419679">
        <ele>537.5</ele>
      </trkpt>
      <trkpt lat="45.69015" lon="6.41969">
        <ele>535.7</ele>
      </trkpt>
      <trkpt lat="45.69024" lon="6.41972">
        <ele>532.9</ele>
      </trkpt>
      <trkpt lat="45.69025" lon="6.41973">
        <ele>532.9</ele>
      </trkpt>
      <trkpt lat="45.69027" lon="6.41973">
        <ele>532.0</ele>
      </trkpt>
      <trkpt lat="45.69027" lon="6.41974">
        <ele>532.4</ele>
      </trkpt>
      <trkpt lat="45.69041" lon="6.41981">
        <ele>529.2</ele>
      </trkpt>
      <trkpt lat="45.69043" lon="6.41982">
        <ele>528.7</ele>
      </trkpt>
      <trkpt lat="45.69044" lon="6.41983">
        <ele>528.7</ele>
      </trkpt>
      <trkpt lat="45.69061" lon="6.41992">
        <ele>525.2</ele>
      </trkpt>
      <trkpt lat="45.69067" lon="6.41995">
        <ele>523.9</ele>
      </trkpt>
      <trkpt lat="45.69075" lon="6.41999">
        <ele>522.2</ele>
      </trkpt>
      <trkpt lat="45.69077" lon="6.42">
        <ele>521.7</ele>
      </trkpt>
      <trkpt lat="45.690779" lon="6.42">
        <ele>521.3</ele>
      </trkpt>
      <trkpt lat="45.69084" lon="6.42005">
        <ele>521.0</ele>
      </trkpt>
      <trkpt lat="45.6909" lon="6.42012">
        <ele>521.4</ele>
      </trkpt>
      <trkpt lat="45.69092" lon="6.42014">
        <ele>521.4</ele>
      </trkpt>
      <trkpt lat="45.69093" lon="6.420149">
        <ele>521.4</ele>
      </trkpt>
      <trkpt lat="45.69097" lon="6.42019">
        <ele>521.5</ele>
      </trkpt>
      <trkpt lat="45.69107" lon="6.420289">
        <ele>521.7</ele>
      </trkpt>
      <trkpt lat="45.69107" lon="6.4203">
        <ele>522.2</ele>
      </trkpt>
      <trkpt lat="45.69115" lon="6.42038">
        <ele>522.5</ele>
      </trkpt>
      <trkpt lat="45.6912" lon="6.42042">
        <ele>522.3</ele>
      </trkpt>
      <trkpt lat="45.69121" lon="6.42044">
        <ele>522.9</ele>
      </trkpt>
      <trkpt lat="45.69127" lon="6.42048">
        <ele>522.3</ele>
      </trkpt>
      <trkpt lat="45.691339" lon="6.42057">
        <ele>523.8</ele>
      </trkpt>
      <trkpt lat="45.69135" lon="6.42058">
        <ele>523.9</ele>
      </trkpt>
      <trkpt lat="45.69136" lon="6.42059">
        <ele>523.9</ele>
      </trkpt>
      <trkpt lat="45.6914" lon="6.42068">
        <ele>526.8</ele>
      </trkpt>
      <trkpt lat="45.69142" lon="6.4208">
        <ele>532.1</ele>
      </trkpt>
      <trkpt lat="45.691429" lon="6.42082">
        <ele>532.7</ele>
      </trkpt>
      <trkpt lat="45.691429" lon="6.420829">
        <ele>533.2</ele>
      </trkpt>
      <trkpt lat="45.69145" lon="6.42092">
        <ele>535.4</ele>
      </trkpt>
      <trkpt lat="45.69148" lon="6.42101">
        <ele>537.1</ele>
      </trkpt>
      <trkpt lat="45.69151" lon="6.42104">
        <ele>537.0</ele>
      </trkpt>
      <trkpt lat="45.69152" lon="6.42105">
        <ele>536.9</ele>
      </trkpt>
      <trkpt lat="45.69154" lon="6.42108">
        <ele>537.1</ele>
      </trkpt>
      <trkpt lat="45.6916" lon="6.42111">
        <ele>535.8</ele>
      </trkpt>
      <trkpt lat="45.69167" lon="6.42112">
        <ele>533.5</ele>
      </trkpt>
      <trkpt lat="45.69168" lon="6.42112">
        <ele>533.3</ele>
      </trkpt>
      <trkpt lat="45.691809" lon="6.42111">
        <ele>529.6</ele>
      </trkpt>
      <trkpt lat="45.69184" lon="6.42111">
        <ele>528.8</ele>
      </trkpt>
      <trkpt lat="45.69186" lon="6.42111">
        <ele>528.3</ele>
      </trkpt>
      <trkpt lat="45.691899" lon="6.42111">
        <ele>527.2</ele>
      </trkpt>
      <trkpt lat="45.691989" lon="6.42112">
        <ele>525.3</ele>
      </trkpt>
      <trkpt lat="45.69203" lon="6.42114">
        <ele>525.1</ele>
      </trkpt>
      <trkpt lat="45.69204" lon="6.42114">
        <ele>524.8</ele>
      </trkpt>
      <trkpt lat="45.69213" lon="6.42118">
        <ele>524.2</ele>
      </trkpt>
      <trkpt lat="45.692369" lon="6.42128">
        <ele>522.9</ele>
      </trkpt>
      <trkpt lat="45.69254" lon="6.42134">
        <ele>521.4</ele>
      </trkpt>
      <trkpt lat="45.69255" lon="6.42135">
        <ele>521.4</ele>
      </trkpt>
      <trkpt lat="45.69256" lon="6.42135">
        <ele>521.0</ele>
      </trkpt>
      <trkpt lat="45.69258" lon="6.42136">
        <ele>520.7</ele>
      </trkpt>
      <trkpt lat="45.6927" lon="6.421439">
        <ele>519.7</ele>
      </trkpt>
      <trkpt lat="45.69277" lon="6.421509">
        <ele>520.1</ele>
      </trkpt>
      <trkpt lat="45.692839" lon="6.4216">
        <ele>521.3</ele>
      </trkpt>
      <trkpt lat="45.693" lon="6.42182">
        <ele>521.7</ele>
      </trkpt>
      <trkpt lat="45.6931" lon="6.42197">
        <ele>521.7</ele>
      </trkpt>
      <trkpt lat="45.693219" lon="6.42218">
        <ele>522.6</ele>
      </trkpt>
      <trkpt lat="45.69332" lon="6.42235">
        <ele>523.2</ele>
      </trkpt>
      <trkpt lat="45.69342" lon="6.422589">
        <ele>526.0</ele>
      </trkpt>
      <trkpt lat="45.69353" lon="6.42287">
        <ele>530.6</ele>
      </trkpt>
      <trkpt lat="45.6936" lon="6.42303">
        <ele>532.4</ele>
      </trkpt>
      <trkpt lat="45.69361" lon="6.42303">
        <ele>531.8</ele>
      </trkpt>
      <trkpt lat="45.69363" lon="6.42309">
        <ele>532.8</ele>
      </trkpt>
      <trkpt lat="45.6937" lon="6.42321">
        <ele>532.8</ele>
      </trkpt>
      <trkpt lat="45.69372" lon="6.42324">
        <ele>532.6</ele>
      </trkpt>
      <trkpt lat="45.69377" lon="6.423339">
        <ele>533.0</ele>
      </trkpt>
      <trkpt lat="45.69383" lon="6.42343">
        <ele>532.9</ele>
      </trkpt>
      <trkpt lat="45.69383" lon="6.42344">
        <ele>533.3</ele>
      </trkpt>
      <trkpt lat="45.69389" lon="6.42352">
        <ele>532.9</ele>
      </trkpt>
      <trkpt lat="45.69389" lon="6.42354">
        <ele>533.7</ele>
      </trkpt>
      <trkpt lat="45.69395" lon="6.42362">
        <ele>533.3</ele>
      </trkpt>
      <trkpt lat="45.69406" lon="6.4238">
        <ele>534.0</ele>
      </trkpt>
      <trkpt lat="45.69407" lon="6.42382">
        <ele>534.3</ele>
      </trkpt>
      <trkpt lat="45.694159" lon="6.42396">
        <ele>534.7</ele>
      </trkpt>
      <trkpt lat="45.69428" lon="6.42415">
        <ele>536.6</ele>
      </trkpt>
      <trkpt lat="45.69431" lon="6.4242">
        <ele>537.3</ele>
      </trkpt>
      <trkpt lat="45.69441" lon="6.42433">
        <ele>538.1</ele>
      </trkpt>
      <trkpt lat="45.69447" lon="6.424419">
        <ele>539.2</ele>
      </trkpt>
      <trkpt lat="45.69454" lon="6.42448">
        <ele>538.6</ele>
      </trkpt>
      <trkpt lat="45.69455" lon="6.424489">
        <ele>538.5</ele>
      </trkpt>
      <trkpt lat="45.69462" lon="6.42454">
        <ele>537.5</ele>
      </trkpt>
      <trkpt lat="45.6947" lon="6.42458">
        <ele>535.6</ele>
      </trkpt>
      <trkpt lat="45.694719" lon="6.42458">
        <ele>534.6</ele>
      </trkpt>
      <trkpt lat="45.69489" lon="6.42464">
        <ele>529.5</ele>
      </trkpt>
      <trkpt lat="45.694899" lon="6.42464">
        <ele>529.0</ele>
      </trkpt>
      <trkpt lat="45.69503" lon="6.42468">
        <ele>524.9</ele>
      </trkpt>
      <trkpt lat="45.69507" lon="6.4247">
        <ele>524.1</ele>
      </trkpt>
      <trkpt lat="45.69518" lon="6.42476">
        <ele>522.0</ele>
      </trkpt>
      <trkpt lat="45.69523" lon="6.4248">
        <ele>521.6</ele>
      </trkpt>
      <trkpt lat="45.69535" lon="6.42488">
        <ele>519.5</ele>
      </trkpt>
      <trkpt lat="45.69539" lon="6.42492">
        <ele>519.4</ele>
      </trkpt>
      <trkpt lat="45.69544" lon="6.42497">
        <ele>519.1</ele>
      </trkpt>
      <trkpt lat="45.69556" lon="6.42516">
        <ele>521.5</ele>
      </trkpt>
      <trkpt lat="45.695659" lon="6.42535">
        <ele>524.8</ele>
      </trkpt>
      <trkpt lat="45.69574" lon="6.42545">
        <ele>525.2</ele>
      </trkpt>
      <trkpt lat="45.69576" lon="6.42548">
        <ele>525.4</ele>
      </trkpt>
      <trkpt lat="45.69582" lon="6.42553">
        <ele>524.6</ele>
      </trkpt>
      <trkpt lat="45.6959" lon="6.42563">
        <ele>525.1</ele>
      </trkpt>
      <trkpt lat="45.69592" lon="6.42565">
        <ele>525.0</ele>
      </trkpt>
      <trkpt lat="45.696" lon="6.4258">
        <ele>527.1</ele>
      </trkpt>
      <trkpt lat="45.69601" lon="6.42583">
        <ele>527.8</ele>
      </trkpt>
      <trkpt lat="45.69608" lon="6.42603">
        <ele>532.1</ele>
      </trkpt>
      <trkpt lat="45.69614" lon="6.42616">
        <ele>534.3</ele>
      </trkpt>
      <trkpt lat="45.69621" lon="6.42626">
        <ele>534.7</ele>
      </trkpt>
      <trkpt lat="45.69628" lon="6.42637">
        <ele>535.6</ele>
      </trkpt>
      <trkpt lat="45.69636" lon="6.42645">
        <ele>534.7</ele>
      </trkpt>
      <trkpt lat="45.69645" lon="6.42652">
        <ele>533.0</ele>
      </trkpt>
      <trkpt lat="45.6965" lon="6.42655">
        <ele>531.7</ele>
      </trkpt>
      <trkpt lat="45.69652" lon="6.42656">
        <ele>531.1</ele>
      </trkpt>
      <trkpt lat="45.69659" lon="6.42658">
        <ele>528.3</ele>
      </trkpt>
      <trkpt lat="45.69668" lon="6.4266">
        <ele>525.0</ele>
      </trkpt>
      <trkpt lat="45.6968" lon="6.42662">
        <ele>522.8</ele>
      </trkpt>
      <trkpt lat="45.69686" lon="6.42663">
        <ele>521.8</ele>
      </trkpt>
      <trkpt lat="45.696869" lon="6.42663">
        <ele>521.5</ele>
      </trkpt>
      <trkpt lat="45.69693" lon="6.42667">
        <ele>521.5</ele>
      </trkpt>
      <trkpt lat="45.69701" lon="6.42672">
        <ele>521.6</ele>
      </trkpt>
      <trkpt lat="45.69702" lon="6.42673">
        <ele>521.8</ele>
      </trkpt>
      <trkpt lat="45.69705" lon="6.42675">
        <ele>521.9</ele>
      </trkpt>
      <trkpt lat="45.69711" lon="6.42678">
        <ele>521.6</ele>
      </trkpt>
      <trkpt lat="45.69719" lon="6.42682">
        <ele>521.2</ele>
      </trkpt>
      <trkpt lat="45.69724" lon="6.42681">
        <ele>519.4</ele>
      </trkpt>
      <trkpt lat="45.69731" lon="6.426789">
        <ele>516.8</ele>
      </trkpt>
      <trkpt lat="45.69741" lon="6.42676">
        <ele>513.0</ele>
      </trkpt>
      <trkpt lat="45.69748" lon="6.42675">
        <ele>510.8</ele>
      </trkpt>
      <trkpt lat="45.69757" lon="6.42675">
        <ele>508.5</ele>
      </trkpt>
      <trkpt lat="45.69759" lon="6.42676">
        <ele>508.4</ele>
      </trkpt>
      <trkpt lat="45.69768" lon="6.426789">
        <ele>507.2</ele>
      </trkpt>
      <trkpt lat="45.69775" lon="6.42687">
        <ele>508.4</ele>
      </trkpt>
      <trkpt lat="45.69778" lon="6.4269">
        <ele>508.7</ele>
      </trkpt>
      <trkpt lat="45.69787" lon="6.42703">
        <ele>511.1</ele>
      </trkpt>
      <trkpt lat="45.69797" lon="6.42714">
        <ele>512.3</ele>
      </trkpt>
      <trkpt lat="45.69803" lon="6.42718">
        <ele>512.0</ele>
      </trkpt>
      <trkpt lat="45.69805" lon="6.42719">
        <ele>511.8</ele>
      </trkpt>
      <trkpt lat="45.6982" lon="6.42727">
        <ele>510.2</ele>
      </trkpt>
      <trkpt lat="45.69831" lon="6.42732">
        <ele>508.7</ele>
      </trkpt>
      <trkpt lat="45.69837" lon="6.42737">
        <ele>508.8</ele>
      </trkpt>
      <trkpt lat="45.69851" lon="6.427469">
        <ele>508.2</ele>
      </trkpt>
      <trkpt lat="45.69852" lon="6.42748">
        <ele>508.2</ele>
      </trkpt>
      <trkpt lat="45.69868" lon="6.4276">
        <ele>507.3</ele>
      </trkpt>
      <trkpt lat="45.6988" lon="6.42769">
        <ele>507.0</ele>
      </trkpt>
      <trkpt lat="45.698839" lon="6.42772">
        <ele>507.0</ele>
      </trkpt>
      <trkpt lat="45.69888" lon="6.42775">
        <ele>506.9</ele>
      </trkpt>
      <trkpt lat="45.699" lon="6.42784">
        <ele>507.0</ele>
      </trkpt>
      <trkpt lat="45.69916" lon="6.42796">
        <ele>507.3</ele>
      </trkpt>
      <trkpt lat="45.69932" lon="6.42809">
        <ele>510.2</ele>
      </trkpt>
      <trkpt lat="45.69976" lon="6.42842">
        <ele>513.2</ele>
      </trkpt>
      <trkpt lat="45.69985" lon="6.42848">
        <ele>513.5</ele>
      </trkpt>
      <trkpt lat="45.69993" lon="6.42853">
        <ele>513.5</ele>
      </trkpt>
      <trkpt lat="45.69999" lon="6.42857">
        <ele>513.6</ele>
      </trkpt>
      <trkpt lat="45.70008" lon="6.4286">
        <ele>513.0</ele>
      </trkpt>
      <trkpt lat="45.70019" lon="6.4286">
        <ele>511.2</ele>
      </trkpt>
      <trkpt lat="45.70033" lon="6.42858">
        <ele>508.3</ele>
      </trkpt>
      <trkpt lat="45.70051" lon="6.42855">
        <ele>504.5</ele>
      </trkpt>
      <trkpt lat="45.70061" lon="6.42855">
        <ele>502.9</ele>
      </trkpt>
      <trkpt lat="45.700629" lon="6.42856">
        <ele>502.8</ele>
      </trkpt>
      <trkpt lat="45.70069" lon="6.42858">
        <ele>502.4</ele>
      </trkpt>
      <trkpt lat="45.70077" lon="6.42866">
        <ele>503.5</ele>
      </trkpt>
      <trkpt lat="45.70079" lon="6.428689">
        <ele>504.0</ele>
      </trkpt>
      <trkpt lat="45.70086" lon="6.42878">
        <ele>505.8</ele>
      </trkpt>
      <trkpt lat="45.70097" lon="6.42893">
        <ele>509.2</ele>
      </trkpt>
      <trkpt lat="45.70105" lon="6.42899">
        <ele>509.9</ele>
      </trkpt>
      <trkpt lat="45.70107" lon="6.42901">
        <ele>510.1</ele>
      </trkpt>
      <trkpt lat="45.70118" lon="6.42907">
        <ele>509.8</ele>
      </trkpt>
      <trkpt lat="45.701279" lon="6.42912">
        <ele>509.0</ele>
      </trkpt>
      <trkpt lat="45.70145" lon="6.42918">
        <ele>507.0</ele>
      </trkpt>
      <trkpt lat="45.70156" lon="6.42924">
        <ele>506.8</ele>
      </trkpt>
      <trkpt lat="45.70158" lon="6.42926">
        <ele>507.0</ele>
      </trkpt>
      <trkpt lat="45.70172" lon="6.4294">
        <ele>508.9</ele>
      </trkpt>
      <trkpt lat="45.70182" lon="6.4295">
        <ele>510.2</ele>
      </trkpt>
      <trkpt lat="45.70191" lon="6.42964">
        <ele>511.8</ele>
      </trkpt>
      <trkpt lat="45.70198" lon="6.42976">
        <ele>512.7</ele>
      </trkpt>
      <trkpt lat="45.7021" lon="6.42996">
        <ele>513.0</ele>
      </trkpt>
      <trkpt lat="45.7021" lon="6.429979">
        <ele>513.2</ele>
      </trkpt>
      <trkpt lat="45.702219" lon="6.430119">
        <ele>512.7</ele>
      </trkpt>
      <trkpt lat="45.70223" lon="6.43013">
        <ele>512.6</ele>
      </trkpt>
      <trkpt lat="45.70234" lon="6.43024">
        <ele>511.5</ele>
      </trkpt>
      <trkpt lat="45.70238" lon="6.43028">
        <ele>511.1</ele>
      </trkpt>
      <trkpt lat="45.70253" lon="6.4304">
        <ele>509.5</ele>
      </trkpt>
      <trkpt lat="45.70254" lon="6.43041">
        <ele>509.6</ele>
      </trkpt>
      <trkpt lat="45.702689" lon="6.43054">
        <ele>510.5</ele>
      </trkpt>
      <trkpt lat="45.70272" lon="6.43056">
        <ele>510.5</ele>
      </trkpt>
      <trkpt lat="45.70294" lon="6.43075">
        <ele>509.9</ele>
      </trkpt>
      <trkpt lat="45.70303" lon="6.43081">
        <ele>509.0</ele>
      </trkpt>
      <trkpt lat="45.70318" lon="6.4309">
        <ele>509.1</ele>
      </trkpt>
      <trkpt lat="45.70332" lon="6.43097">
        <ele>509.5</ele>
      </trkpt>
      <trkpt lat="45.70341" lon="6.431">
        <ele>510.3</ele>
      </trkpt>
      <trkpt lat="45.70349" lon="6.431">
        <ele>510.1</ele>
      </trkpt>
      <trkpt lat="45.7035" lon="6.43099">
        <ele>510.1</ele>
      </trkpt>
      <trkpt lat="45.70355" lon="6.43097">
        <ele>510.0</ele>
      </trkpt>
      <trkpt lat="45.70359" lon="6.43093">
        <ele>509.9</ele>
      </trkpt>
      <trkpt lat="45.70364" lon="6.43085">
        <ele>509.7</ele>
      </trkpt>
      <trkpt lat="45.70367" lon="6.4308">
        <ele>509.6</ele>
      </trkpt>
      <trkpt lat="45.70376" lon="6.43067">
        <ele>509.4</ele>
      </trkpt>
      <trkpt lat="45.70377" lon="6.430659">
        <ele>509.4</ele>
      </trkpt>
      <trkpt lat="45.7038" lon="6.43062">
        <ele>509.3</ele>
      </trkpt>
      <trkpt lat="45.70387" lon="6.43058">
        <ele>509.1</ele>
      </trkpt>
      <trkpt lat="45.70393" lon="6.43057">
        <ele>509.0</ele>
      </trkpt>
      <trkpt lat="45.70396" lon="6.43056">
        <ele>509.0</ele>
      </trkpt>
      <trkpt lat="45.70407" lon="6.430589">
        <ele>508.8</ele>
      </trkpt>
      <trkpt lat="45.70411" lon="6.4306">
        <ele>508.9</ele>
      </trkpt>
      <trkpt lat="45.70427" lon="6.430659">
        <ele>509.7</ele>
      </trkpt>
      <trkpt lat="45.70428" lon="6.43067">
        <ele>509.6</ele>
      </trkpt>
      <trkpt lat="45.70445" lon="6.43075">
        <ele>510.5</ele>
      </trkpt>
      <trkpt lat="45.70451" lon="6.43078">
        <ele>510.7</ele>
      </trkpt>
      <trkpt lat="45.70473" lon="6.43091">
        <ele>512.1</ele>
      </trkpt>
      <trkpt lat="45.70478" lon="6.43094">
        <ele>512.3</ele>
      </trkpt>
      <trkpt lat="45.70492" lon="6.43104">
        <ele>511.9</ele>
      </trkpt>
      <trkpt lat="45.70494" lon="6.43106">
        <ele>511.6</ele>
      </trkpt>
      <trkpt lat="45.705" lon="6.43112">
        <ele>510.5</ele>
      </trkpt>
      <trkpt lat="45.70506" lon="6.431199">
        <ele>511.3</ele>
      </trkpt>
      <trkpt lat="45.70508" lon="6.43123">
        <ele>511.5</ele>
      </trkpt>
      <trkpt lat="45.7051" lon="6.43126">
        <ele>511.7</ele>
      </trkpt>
      <trkpt lat="45.70518" lon="6.43144">
        <ele>511.0</ele>
      </trkpt>
      <trkpt lat="45.70519" lon="6.43147">
        <ele>510.8</ele>
      </trkpt>
      <trkpt lat="45.70526" lon="6.43164">
        <ele>509.6</ele>
      </trkpt>
      <trkpt lat="45.70527" lon="6.43166">
        <ele>509.5</ele>
      </trkpt>
      <trkpt lat="45.705329" lon="6.4318">
        <ele>512.0</ele>
      </trkpt>
      <trkpt lat="45.70537" lon="6.43187">
        <ele>513.3</ele>
      </trkpt>
      <trkpt lat="45.70543" lon="6.43196">
        <ele>514.6</ele>
      </trkpt>
      <trkpt lat="45.7055" lon="6.43206">
        <ele>515.4</ele>
      </trkpt>
      <trkpt lat="45.70552" lon="6.43209">
        <ele>515.5</ele>
      </trkpt>
      <trkpt lat="45.70564" lon="6.43224">
        <ele>515.1</ele>
      </trkpt>
      <trkpt lat="45.70577" lon="6.43238">
        <ele>512.9</ele>
      </trkpt>
      <trkpt lat="45.70588" lon="6.43252">
        <ele>512.7</ele>
      </trkpt>
      <trkpt lat="45.70597" lon="6.43266">
        <ele>517.4</ele>
      </trkpt>
      <trkpt lat="45.70602" lon="6.43276">
        <ele>519.3</ele>
      </trkpt>
      <trkpt lat="45.70604" lon="6.43282">
        <ele>519.8</ele>
      </trkpt>
      <trkpt lat="45.7061" lon="6.43299">
        <ele>520.7</ele>
      </trkpt>
      <trkpt lat="45.70611" lon="6.43301">
        <ele>520.9</ele>
      </trkpt>
      <trkpt lat="45.70618" lon="6.43319">
        <ele>520.7</ele>
      </trkpt>
      <trkpt lat="45.70619" lon="6.43321">
        <ele>520.7</ele>
      </trkpt>
      <trkpt lat="45.70625" lon="6.43332">
        <ele>520.2</ele>
      </trkpt>
      <trkpt lat="45.706359" lon="6.43349">
        <ele>522.0</ele>
      </trkpt>
      <trkpt lat="45.70661" lon="6.43376">
        <ele>522.0</ele>
      </trkpt>
      <trkpt lat="45.70673" lon="6.43389">
        <ele>522.9</ele>
      </trkpt>
      <trkpt lat="45.70678" lon="6.43394">
        <ele>524.0</ele>
      </trkpt>
      <trkpt lat="45.706919" lon="6.43408">
        <ele>526.2</ele>
      </trkpt>
      <trkpt lat="45.70702" lon="6.43416">
        <ele>527.4</ele>
      </trkpt>
      <trkpt lat="45.70719" lon="6.43426">
        <ele>530.8</ele>
      </trkpt>
      <trkpt lat="45.70731" lon="6.43431">
        <ele>532.3</ele>
      </trkpt>
      <trkpt lat="45.70738" lon="6.434319">
        <ele>533.3</ele>
      </trkpt>
      <trkpt lat="45.70749" lon="6.43441">
        <ele>532.1</ele>
      </trkpt>
      <trkpt lat="45.70761" lon="6.43451">
        <ele>533.5</ele>
      </trkpt>
      <trkpt lat="45.70771" lon="6.43457">
        <ele>535.4</ele>
      </trkpt>
      <trkpt lat="45.70785" lon="6.43463">
        <ele>538.5</ele>
      </trkpt>
      <trkpt lat="45.707859" lon="6.43464">
        <ele>538.5</ele>
      </trkpt>
      <trkpt lat="45.70793" lon="6.43468">
        <ele>539.4</ele>
      </trkpt>
      <trkpt lat="45.70802" lon="6.43476">
        <ele>538.8</ele>
      </trkpt>
      <trkpt lat="45.70803" lon="6.43476">
        <ele>539.2</ele>
      </trkpt>
      <trkpt lat="45.70809" lon="6.43482">
        <ele>538.2</ele>
      </trkpt>
      <trkpt lat="45.70813" lon="6.43489">
        <ele>535.9</ele>
      </trkpt>
      <trkpt lat="45.70815" lon="6.434929">
        <ele>534.3</ele>
      </trkpt>
      <trkpt lat="45.70819" lon="6.43499">
        <ele>532.3</ele>
      </trkpt>
      <trkpt lat="45.70824" lon="6.43508">
        <ele>532.0</ele>
      </trkpt>
      <trkpt lat="45.70832" lon="6.43522">
        <ele>531.0</ele>
      </trkpt>
      <trkpt lat="45.70839" lon="6.43532">
        <ele>531.4</ele>
      </trkpt>
      <trkpt lat="45.70844" lon="6.43539">
        <ele>531.6</ele>
      </trkpt>
      <trkpt lat="45.70852" lon="6.4355">
        <ele>531.7</ele>
      </trkpt>
      <trkpt lat="45.70854" lon="6.43553">
        <ele>531.5</ele>
      </trkpt>
      <trkpt lat="45.70864" lon="6.43563">
        <ele>531.7</ele>
      </trkpt>
      <trkpt lat="45.70877" lon="6.43577">
        <ele>530.7</ele>
      </trkpt>
      <trkpt lat="45.70881" lon="6.4358">
        <ele>530.7</ele>
      </trkpt>
      <trkpt lat="45.7089" lon="6.43586">
        <ele>531.3</ele>
      </trkpt>
      <trkpt lat="45.70897" lon="6.4359">
        <ele>532.2</ele>
      </trkpt>
      <trkpt lat="45.70902" lon="6.43593">
        <ele>532.7</ele>
      </trkpt>
      <trkpt lat="45.70912" lon="6.436">
        <ele>532.6</ele>
      </trkpt>
      <trkpt lat="45.70914" lon="6.436009">
        <ele>532.6</ele>
      </trkpt>
      <trkpt lat="45.70924" lon="6.43612">
        <ele>533.7</ele>
      </trkpt>
      <trkpt lat="45.709359" lon="6.43626">
        <ele>535.5</ele>
      </trkpt>
      <trkpt lat="45.70942" lon="6.43632">
        <ele>536.5</ele>
      </trkpt>
      <trkpt lat="45.70951" lon="6.4364">
        <ele>538.1</ele>
      </trkpt>
      <trkpt lat="45.70964" lon="6.4365">
        <ele>540.4</ele>
      </trkpt>
      <trkpt lat="45.70973" lon="6.43659">
        <ele>540.8</ele>
      </trkpt>
      <trkpt lat="45.70977" lon="6.436619">
        <ele>541.3</ele>
      </trkpt>
      <trkpt lat="45.709829" lon="6.4367">
        <ele>540.8</ele>
      </trkpt>
      <trkpt lat="45.71" lon="6.43693">
        <ele>537.0</ele>
      </trkpt>
      <trkpt lat="45.71025" lon="6.437299">
        <ele>533.9</ele>
      </trkpt>
      <trkpt lat="45.71038" lon="6.43748">
        <ele>532.9</ele>
      </trkpt>
      <trkpt lat="45.71042" lon="6.43754">
        <ele>533.7</ele>
      </trkpt>
      <trkpt lat="45.71052" lon="6.43764">
        <ele>537.0</ele>
      </trkpt>
      <trkpt lat="45.71054" lon="6.43767">
        <ele>537.3</ele>
      </trkpt>
      <trkpt lat="45.71064" lon="6.43777">
        <ele>538.6</ele>
      </trkpt>
      <trkpt lat="45.71079" lon="6.43789">
        <ele>539.0</ele>
      </trkpt>
      <trkpt lat="45.71083" lon="6.43794">
        <ele>537.9</ele>
      </trkpt>
      <trkpt lat="45.71087" lon="6.438">
        <ele>537.0</ele>
      </trkpt>
      <trkpt lat="45.71092" lon="6.43808">
        <ele>535.8</ele>
      </trkpt>
      <trkpt lat="45.71098" lon="6.43818">
        <ele>534.2</ele>
      </trkpt>
      <trkpt lat="45.71106" lon="6.43835">
        <ele>531.3</ele>
      </trkpt>
      <trkpt lat="45.71114" lon="6.438519">
        <ele>533.5</ele>
      </trkpt>
      <trkpt lat="45.71115" lon="6.43853">
        <ele>533.8</ele>
      </trkpt>
      <trkpt lat="45.71125" lon="6.4387">
        <ele>534.5</ele>
      </trkpt>
      <trkpt lat="45.71127" lon="6.438729">
        <ele>534.4</ele>
      </trkpt>
      <trkpt lat="45.71134" lon="6.43881">
        <ele>534.2</ele>
      </trkpt>
      <trkpt lat="45.71141" lon="6.43888">
        <ele>533.4</ele>
      </trkpt>
      <trkpt lat="45.71145" lon="6.43892">
        <ele>532.7</ele>
      </trkpt>
      <trkpt lat="45.71154" lon="6.43902">
        <ele>530.0</ele>
      </trkpt>
      <trkpt lat="45.71167" lon="6.43911">
        <ele>526.6</ele>
      </trkpt>
      <trkpt lat="45.71172" lon="6.43914">
        <ele>528.0</ele>
      </trkpt>
      <trkpt lat="45.71183" lon="6.439199">
        <ele>532.8</ele>
      </trkpt>
      <trkpt lat="45.71196" lon="6.439269">
        <ele>538.9</ele>
      </trkpt>
      <trkpt lat="45.71205" lon="6.43935">
        <ele>542.1</ele>
      </trkpt>
      <trkpt lat="45.71207" lon="6.43937">
        <ele>542.6</ele>
      </trkpt>
      <trkpt lat="45.712179" lon="6.43946">
        <ele>545.3</ele>
      </trkpt>
      <trkpt lat="45.71231" lon="6.4396">
        <ele>545.9</ele>
      </trkpt>
      <trkpt lat="45.71234" lon="6.43965">
        <ele>545.2</ele>
      </trkpt>
      <trkpt lat="45.71239" lon="6.43972">
        <ele>544.1</ele>
      </trkpt>
      <trkpt lat="45.71252" lon="6.43989">
        <ele>540.7</ele>
      </trkpt>
      <trkpt lat="45.712649" lon="6.44007">
        <ele>543.0</ele>
      </trkpt>
      <trkpt lat="45.71277" lon="6.44024">
        <ele>546.7</ele>
      </trkpt>
      <trkpt lat="45.71305" lon="6.44061">
        <ele>549.0</ele>
      </trkpt>
      <trkpt lat="45.71323" lon="6.44085">
        <ele>545.6</ele>
      </trkpt>
      <trkpt lat="45.71326" lon="6.44088">
        <ele>545.6</ele>
      </trkpt>
      <trkpt lat="45.7134" lon="6.44105">
        <ele>545.9</ele>
      </trkpt>
      <trkpt lat="45.71344" lon="6.44109">
        <ele>546.6</ele>
      </trkpt>
      <trkpt lat="45.71352" lon="6.44123">
        <ele>545.7</ele>
      </trkpt>
      <trkpt lat="45.71357" lon="6.44131">
        <ele>544.9</ele>
      </trkpt>
      <trkpt lat="45.71364" lon="6.44145">
        <ele>542.2</ele>
      </trkpt>
      <trkpt lat="45.71369" lon="6.44158">
        <ele>538.6</ele>
      </trkpt>
      <trkpt lat="45.71371" lon="6.44166">
        <ele>535.9</ele>
      </trkpt>
      <trkpt lat="45.71375" lon="6.44181">
        <ele>535.3</ele>
      </trkpt>
      <trkpt lat="45.71376" lon="6.44191">
        <ele>534.6</ele>
      </trkpt>
      <trkpt lat="45.71379" lon="6.44212">
        <ele>533.0</ele>
      </trkpt>
      <trkpt lat="45.71379" lon="6.44216">
        <ele>532.6</ele>
      </trkpt>
      <trkpt lat="45.7138" lon="6.4423">
        <ele>531.3</ele>
      </trkpt>
      <trkpt lat="45.7138" lon="6.44244">
        <ele>529.9</ele>
      </trkpt>
      <trkpt lat="45.7138" lon="6.44256">
        <ele>529.6</ele>
      </trkpt>
      <trkpt lat="45.7138" lon="6.44267">
        <ele>530.1</ele>
      </trkpt>
      <trkpt lat="45.7138" lon="6.442789">
        <ele>530.7</ele>
      </trkpt>
      <trkpt lat="45.71381" lon="6.4429">
        <ele>531.1</ele>
      </trkpt>
      <trkpt lat="45.71382" lon="6.44298">
        <ele>531.4</ele>
      </trkpt>
      <trkpt lat="45.71384" lon="6.44304">
        <ele>531.5</ele>
      </trkpt>
      <trkpt lat="45.71387" lon="6.44314">
        <ele>531.5</ele>
      </trkpt>
      <trkpt lat="45.71394" lon="6.44327">
        <ele>531.1</ele>
      </trkpt>
      <trkpt lat="45.7141" lon="6.443539">
        <ele>527.5</ele>
      </trkpt>
      <trkpt lat="45.71421" lon="6.44368">
        <ele>525.3</ele>
      </trkpt>
      <trkpt lat="45.71428" lon="6.44373">
        <ele>525.8</ele>
      </trkpt>
      <trkpt lat="45.71436" lon="6.44378">
        <ele>526.3</ele>
      </trkpt>
      <trkpt lat="45.71443" lon="6.44383">
        <ele>526.7</ele>
      </trkpt>
      <trkpt lat="45.71459" lon="6.4439">
        <ele>527.8</ele>
      </trkpt>
      <trkpt lat="45.71463" lon="6.44391">
        <ele>528.1</ele>
      </trkpt>
      <trkpt lat="45.71476" lon="6.44395">
        <ele>529.1</ele>
      </trkpt>
      <trkpt lat="45.71492" lon="6.44403">
        <ele>529.6</ele>
      </trkpt>
      <trkpt lat="45.71508" lon="6.44412">
        <ele>531.2</ele>
      </trkpt>
      <trkpt lat="45.71524" lon="6.44423">
        <ele>533.7</ele>
      </trkpt>
      <trkpt lat="45.71541" lon="6.44437">
        <ele>535.4</ele>
      </trkpt>
      <trkpt lat="45.71561" lon="6.44459">
        <ele>535.2</ele>
      </trkpt>
      <trkpt lat="45.71576" lon="6.44481">
        <ele>532.8</ele>
      </trkpt>
      <trkpt lat="45.71593" lon="6.44507">
        <ele>532.1</ele>
      </trkpt>
      <trkpt lat="45.71596" lon="6.44512">
        <ele>532.5</ele>
      </trkpt>
      <trkpt lat="45.71606" lon="6.445299">
        <ele>533.5</ele>
      </trkpt>
      <trkpt lat="45.7162" lon="6.44556">
        <ele>533.8</ele>
      </trkpt>
      <trkpt lat="45.71632" lon="6.44576">
        <ele>533.8</ele>
      </trkpt>
      <trkpt lat="45.71658" lon="6.44617">
        <ele>533.5</ele>
      </trkpt>
      <trkpt lat="45.716679" lon="6.44635">
        <ele>531.7</ele>
      </trkpt>
      <trkpt lat="45.71671" lon="6.44638">
        <ele>532.1</ele>
      </trkpt>
      <trkpt lat="45.71679" lon="6.44653">
        <ele>531.4</ele>
      </trkpt>
      <trkpt lat="45.7169" lon="6.4467">
        <ele>531.5</ele>
      </trkpt>
      <trkpt lat="45.717" lon="6.44683">
        <ele>532.8</ele>
      </trkpt>
      <trkpt lat="45.71709" lon="6.44694">
        <ele>533.6</ele>
      </trkpt>
      <trkpt lat="45.71717" lon="6.447">
        <ele>534.5</ele>
      </trkpt>
      <trkpt lat="45.71722" lon="6.44705">
        <ele>534.6</ele>
      </trkpt>
      <trkpt lat="45.717239" lon="6.447059">
        <ele>534.9</ele>
      </trkpt>
      <trkpt lat="45.71738" lon="6.44716">
        <ele>535.5</ele>
      </trkpt>
      <trkpt lat="45.71752" lon="6.44723">
        <ele>536.4</ele>
      </trkpt>
      <trkpt lat="45.71767" lon="6.44732">
        <ele>538.8</ele>
      </trkpt>
      <trkpt lat="45.71778" lon="6.44741">
        <ele>539.8</ele>
      </trkpt>
      <trkpt lat="45.7179" lon="6.4475">
        <ele>541.0</ele>
      </trkpt>
      <trkpt lat="45.71801" lon="6.44758">
        <ele>543.1</ele>
      </trkpt>
      <trkpt lat="45.71803" lon="6.4476">
        <ele>543.4</ele>
      </trkpt>
      <trkpt lat="45.71812" lon="6.44765">
        <ele>545.1</ele>
      </trkpt>
      <trkpt lat="45.71822" lon="6.447739">
        <ele>545.9</ele>
      </trkpt>
      <trkpt lat="45.71829" lon="6.44783">
        <ele>545.6</ele>
      </trkpt>
      <trkpt lat="45.71835" lon="6.44793">
        <ele>545.4</ele>
      </trkpt>
      <trkpt lat="45.71839" lon="6.44803">
        <ele>545.9</ele>
      </trkpt>
      <trkpt lat="45.71841" lon="6.44811">
        <ele>545.4</ele>
      </trkpt>
      <trkpt lat="45.71842" lon="6.44821">
        <ele>543.6</ele>
      </trkpt>
      <trkpt lat="45.71842" lon="6.44833">
        <ele>540.5</ele>
      </trkpt>
      <trkpt lat="45.71841" lon="6.44845">
        <ele>539.8</ele>
      </trkpt>
      <trkpt lat="45.71838" lon="6.44863">
        <ele>537.9</ele>
      </trkpt>
      <trkpt lat="45.71831" lon="6.44893">
        <ele>535.5</ele>
      </trkpt>
      <trkpt lat="45.71831" lon="6.44894">
        <ele>535.5</ele>
      </trkpt>
      <trkpt lat="45.71826" lon="6.44914">
        <ele>536.4</ele>
      </trkpt>
      <trkpt lat="45.71823" lon="6.44929">
        <ele>537.9</ele>
      </trkpt>
      <trkpt lat="45.71821" lon="6.44947">
        <ele>539.8</ele>
      </trkpt>
      <trkpt lat="45.71817" lon="6.44976">
        <ele>542.9</ele>
      </trkpt>
      <trkpt lat="45.71813" lon="6.44998">
        <ele>545.3</ele>
      </trkpt>
      <trkpt lat="45.7181" lon="6.450179">
        <ele>545.9</ele>
      </trkpt>
      <trkpt lat="45.718089" lon="6.450249">
        <ele>546.0</ele>
      </trkpt>
      <trkpt lat="45.71804" lon="6.45048">
        <ele>546.2</ele>
      </trkpt>
      <trkpt lat="45.71799" lon="6.45067">
        <ele>546.0</ele>
      </trkpt>
      <trkpt lat="45.71797" lon="6.45074">
        <ele>545.9</ele>
      </trkpt>
      <trkpt lat="45.71793" lon="6.45094">
        <ele>544.8</ele>
      </trkpt>
      <trkpt lat="45.71791" lon="6.4511">
        <ele>543.4</ele>
      </trkpt>
      <trkpt lat="45.71791" lon="6.45125">
        <ele>542.2</ele>
      </trkpt>
      <trkpt lat="45.71792" lon="6.45143">
        <ele>540.9</ele>
      </trkpt>
      <trkpt lat="45.71793" lon="6.4515">
        <ele>540.5</ele>
      </trkpt>
      <trkpt lat="45.71797" lon="6.45177">
        <ele>539.2</ele>
      </trkpt>
      <trkpt lat="45.71799" lon="6.45193">
        <ele>538.7</ele>
      </trkpt>
      <trkpt lat="45.718" lon="6.45202">
        <ele>538.3</ele>
      </trkpt>
      <trkpt lat="45.71801" lon="6.45205">
        <ele>538.3</ele>
      </trkpt>
      <trkpt lat="45.71803" lon="6.45218">
        <ele>537.8</ele>
      </trkpt>
      <trkpt lat="45.71804" lon="6.45227">
        <ele>537.5</ele>
      </trkpt>
      <trkpt lat="45.71806" lon="6.45245">
        <ele>536.7</ele>
      </trkpt>
      <trkpt lat="45.71807" lon="6.452619">
        <ele>535.6</ele>
      </trkpt>
      <trkpt lat="45.71806" lon="6.45287">
        <ele>533.8</ele>
      </trkpt>
      <trkpt lat="45.71805" lon="6.45304">
        <ele>532.6</ele>
      </trkpt>
      <trkpt lat="45.71803" lon="6.4532">
        <ele>531.5</ele>
      </trkpt>
      <trkpt lat="45.71801" lon="6.453299">
        <ele>530.8</ele>
      </trkpt>
      <trkpt lat="45.71799" lon="6.45343">
        <ele>530.7</ele>
      </trkpt>
      <trkpt lat="45.71793" lon="6.453769">
        <ele>531.1</ele>
      </trkpt>
      <trkpt lat="45.71791" lon="6.45385">
        <ele>531.1</ele>
      </trkpt>
      <trkpt lat="45.71785" lon="6.4542">
        <ele>531.1</ele>
      </trkpt>
      <trkpt lat="45.717799" lon="6.45446">
        <ele>530.6</ele>
      </trkpt>
      <trkpt lat="45.71779" lon="6.45462">
        <ele>530.4</ele>
      </trkpt>
      <trkpt lat="45.71778" lon="6.45467">
        <ele>530.3</ele>
      </trkpt>
      <trkpt lat="45.71777" lon="6.45485">
        <ele>530.0</ele>
      </trkpt>
      <trkpt lat="45.71777" lon="6.45486">
        <ele>530.0</ele>
      </trkpt>
      <trkpt lat="45.71777" lon="6.45493">
        <ele>530.0</ele>
      </trkpt>
      <trkpt lat="45.71777" lon="6.45504">
        <ele>530.0</ele>
      </trkpt>
      <trkpt lat="45.71777" lon="6.45517">
        <ele>530.3</ele>
      </trkpt>
      <trkpt lat="45.71778" lon="6.45532">
        <ele>530.7</ele>
      </trkpt>
      <trkpt lat="45.71781" lon="6.45552">
        <ele>531.4</ele>
      </trkpt>
      <trkpt lat="45.71785" lon="6.455809">
        <ele>532.6</ele>
      </trkpt>
      <trkpt lat="45.71787" lon="6.45595">
        <ele>533.5</ele>
      </trkpt>
      <trkpt lat="45.71794" lon="6.45648">
        <ele>536.9</ele>
      </trkpt>
      <trkpt lat="45.71797" lon="6.45676">
        <ele>538.6</ele>
      </trkpt>
      <trkpt lat="45.71798" lon="6.45685">
        <ele>539.2</ele>
      </trkpt>
      <trkpt lat="45.718" lon="6.457099">
        <ele>540.8</ele>
      </trkpt>
      <trkpt lat="45.71801" lon="6.45728">
        <ele>541.2</ele>
      </trkpt>
      <trkpt lat="45.71802" lon="6.45746">
        <ele>541.7</ele>
      </trkpt>
      <trkpt lat="45.71801" lon="6.45752">
        <ele>541.9</ele>
      </trkpt>
      <trkpt lat="45.71801" lon="6.457569">
        <ele>542.0</ele>
      </trkpt>
      <trkpt lat="45.718" lon="6.45762">
        <ele>542.1</ele>
      </trkpt>
      <trkpt lat="45.718" lon="6.457639">
        <ele>542.2</ele>
      </trkpt>
      <trkpt lat="45.71797" lon="6.4577">
        <ele>542.4</ele>
      </trkpt>
      <trkpt lat="45.71795" lon="6.45776">
        <ele>542.6</ele>
      </trkpt>
      <trkpt lat="45.7179" lon="6.45793">
        <ele>543.1</ele>
      </trkpt>
      <trkpt lat="45.71785" lon="6.45808">
        <ele>542.8</ele>
      </trkpt>
      <trkpt lat="45.71779" lon="6.45816">
        <ele>542.1</ele>
      </trkpt>
      <trkpt lat="45.717709" lon="6.45828">
        <ele>541.2</ele>
      </trkpt>
      <trkpt lat="45.71768" lon="6.45828">
        <ele>540.7</ele>
      </trkpt>
      <trkpt lat="45.71767" lon="6.45828">
        <ele>540.5</ele>
      </trkpt>
      <trkpt lat="45.71764" lon="6.45829">
        <ele>540.1</ele>
      </trkpt>
      <trkpt lat="45.717619" lon="6.458319">
        <ele>539.8</ele>
      </trkpt>
      <trkpt lat="45.71761" lon="6.45833">
        <ele>539.7</ele>
      </trkpt>
      <trkpt lat="45.7176" lon="6.45837">
        <ele>539.7</ele>
      </trkpt>
      <trkpt lat="45.71759" lon="6.45841">
        <ele>539.7</ele>
      </trkpt>
      <trkpt lat="45.71759" lon="6.45844">
        <ele>539.8</ele>
      </trkpt>
      <trkpt lat="45.71759" lon="6.45849">
        <ele>540.0</ele>
      </trkpt>
      <trkpt lat="45.71756" lon="6.4586">
        <ele>539.9</ele>
      </trkpt>
      <trkpt lat="45.7175" lon="6.45875">
        <ele>539.5</ele>
      </trkpt>
      <trkpt lat="45.71744" lon="6.45888">
        <ele>539.8</ele>
      </trkpt>
      <trkpt lat="45.7174" lon="6.45896">
        <ele>540.0</ele>
      </trkpt>
      <trkpt lat="45.71738" lon="6.45904">
        <ele>540.2</ele>
      </trkpt>
      <trkpt lat="45.717239" lon="6.45922">
        <ele>540.3</ele>
      </trkpt>
      <trkpt lat="45.71713" lon="6.45935">
        <ele>540.5</ele>
      </trkpt>
      <trkpt lat="45.71702" lon="6.45949">
        <ele>540.5</ele>
      </trkpt>
      <trkpt lat="45.71694" lon="6.45962">
        <ele>540.4</ele>
      </trkpt>
      <trkpt lat="45.71687" lon="6.45976">
        <ele>540.3</ele>
      </trkpt>
      <trkpt lat="45.71681" lon="6.45991">
        <ele>540.2</ele>
      </trkpt>
      <trkpt lat="45.716769" lon="6.46006">
        <ele>540.3</ele>
      </trkpt>
      <trkpt lat="45.71675" lon="6.46022">
        <ele>541.0</ele>
      </trkpt>
      <trkpt lat="45.71674" lon="6.46032">
        <ele>541.4</ele>
      </trkpt>
      <trkpt lat="45.71674" lon="6.46045">
        <ele>542.1</ele>
      </trkpt>
      <trkpt lat="45.71674" lon="6.46053">
        <ele>542.5</ele>
      </trkpt>
      <trkpt lat="45.71675" lon="6.46103">
        <ele>545.0</ele>
      </trkpt>
      <trkpt lat="45.71675" lon="6.46104">
        <ele>545.1</ele>
      </trkpt>
      <trkpt lat="45.71676" lon="6.461229">
        <ele>545.9</ele>
      </trkpt>
      <trkpt lat="45.71676" lon="6.46129">
        <ele>546.2</ele>
      </trkpt>
      <trkpt lat="45.716769" lon="6.46139">
        <ele>546.7</ele>
      </trkpt>
      <trkpt lat="45.71678" lon="6.46155">
        <ele>547.5</ele>
      </trkpt>
      <trkpt lat="45.71679" lon="6.4617">
        <ele>548.3</ele>
      </trkpt>
      <trkpt lat="45.7168" lon="6.46181">
        <ele>549.1</ele>
      </trkpt>
      <trkpt lat="45.71683" lon="6.46214">
        <ele>551.7</ele>
      </trkpt>
      <trkpt lat="45.71692" lon="6.46281">
        <ele>556.3</ele>
      </trkpt>
      <trkpt lat="45.71692" lon="6.46282">
        <ele>556.3</ele>
      </trkpt>
      <trkpt lat="45.71695" lon="6.46301">
        <ele>557.2</ele>
      </trkpt>
      <trkpt lat="45.71696" lon="6.46307">
        <ele>557.5</ele>
      </trkpt>
      <trkpt lat="45.71699" lon="6.46321">
        <ele>558.3</ele>
      </trkpt>
      <trkpt lat="45.71702" lon="6.4634">
        <ele>559.4</ele>
      </trkpt>
      <trkpt lat="45.71709" lon="6.46363">
        <ele>561.9</ele>
      </trkpt>
      <trkpt lat="45.71711" lon="6.4637">
        <ele>562.4</ele>
      </trkpt>
      <trkpt lat="45.71717" lon="6.46385">
        <ele>563.7</ele>
      </trkpt>
      <trkpt lat="45.71727" lon="6.46416">
        <ele>564.9</ele>
      </trkpt>
      <trkpt lat="45.7173" lon="6.46426">
        <ele>566.5</ele>
      </trkpt>
      <trkpt lat="45.71734" lon="6.4644">
        <ele>568.8</ele>
      </trkpt>
      <trkpt lat="45.71736" lon="6.4645">
        <ele>570.5</ele>
      </trkpt>
      <trkpt lat="45.71738" lon="6.46457">
        <ele>571.6</ele>
      </trkpt>
      <trkpt lat="45.7174" lon="6.46464">
        <ele>572.8</ele>
      </trkpt>
      <trkpt lat="45.71741" lon="6.46475">
        <ele>574.6</ele>
      </trkpt>
      <trkpt lat="45.71743" lon="6.46488">
        <ele>576.7</ele>
      </trkpt>
      <trkpt lat="45.71743" lon="6.464889">
        <ele>576.9</ele>
      </trkpt>
      <trkpt lat="45.71744" lon="6.46508">
        <ele>579.4</ele>
      </trkpt>
      <trkpt lat="45.71743" lon="6.46529">
        <ele>581.4</ele>
      </trkpt>
      <trkpt lat="45.7174" lon="6.46545">
        <ele>582.6</ele>
      </trkpt>
      <trkpt lat="45.71735" lon="6.465639">
        <ele>583.6</ele>
      </trkpt>
      <trkpt lat="45.71735" lon="6.46565">
        <ele>583.7</ele>
      </trkpt>
      <trkpt lat="45.71727" lon="6.46588">
        <ele>585.1</ele>
      </trkpt>
      <trkpt lat="45.71719" lon="6.46607">
        <ele>588.1</ele>
      </trkpt>
      <trkpt lat="45.71713" lon="6.46619">
        <ele>588.9</ele>
      </trkpt>
      <trkpt lat="45.71711" lon="6.466249">
        <ele>589.5</ele>
      </trkpt>
      <trkpt lat="45.71707" lon="6.46631">
        <ele>589.1</ele>
      </trkpt>
      <trkpt lat="45.717" lon="6.46643">
        <ele>588.3</ele>
      </trkpt>
      <trkpt lat="45.7169" lon="6.46659">
        <ele>585.7</ele>
      </trkpt>
      <trkpt lat="45.7169" lon="6.4666">
        <ele>585.9</ele>
      </trkpt>
      <trkpt lat="45.71678" lon="6.46674">
        <ele>582.3</ele>
      </trkpt>
      <trkpt lat="45.71663" lon="6.46691">
        <ele>579.8</ele>
      </trkpt>
      <trkpt lat="45.7165" lon="6.46707">
        <ele>580.1</ele>
      </trkpt>
      <trkpt lat="45.716389" lon="6.467259">
        <ele>580.0</ele>
      </trkpt>
      <trkpt lat="45.71631" lon="6.46739">
        <ele>578.8</ele>
      </trkpt>
      <trkpt lat="45.71626" lon="6.46748">
        <ele>577.7</ele>
      </trkpt>
      <trkpt lat="45.71625" lon="6.4675">
        <ele>577.5</ele>
      </trkpt>
      <trkpt lat="45.7162" lon="6.46759">
        <ele>577.5</ele>
      </trkpt>
      <trkpt lat="45.71615" lon="6.46768">
        <ele>577.3</ele>
      </trkpt>
      <trkpt lat="45.716119" lon="6.46773">
        <ele>577.0</ele>
      </trkpt>
      <trkpt lat="45.71608" lon="6.4678">
        <ele>576.6</ele>
      </trkpt>
      <trkpt lat="45.71608" lon="6.46781">
        <ele>576.8</ele>
      </trkpt>
      <trkpt lat="45.71603" lon="6.467939">
        <ele>577.2</ele>
      </trkpt>
      <trkpt lat="45.71596" lon="6.46812">
        <ele>577.2</ele>
      </trkpt>
      <trkpt lat="45.715919" lon="6.46822">
        <ele>577.0</ele>
      </trkpt>
      <trkpt lat="45.71588" lon="6.46834">
        <ele>577.1</ele>
      </trkpt>
      <trkpt lat="45.71576" lon="6.4687">
        <ele>582.8</ele>
      </trkpt>
      <trkpt lat="45.71576" lon="6.46871">
        <ele>583.1</ele>
      </trkpt>
      <trkpt lat="45.71572" lon="6.46881">
        <ele>584.6</ele>
      </trkpt>
      <trkpt lat="45.71567" lon="6.46892">
        <ele>585.8</ele>
      </trkpt>
      <trkpt lat="45.71566" lon="6.46893">
        <ele>585.7</ele>
      </trkpt>
      <trkpt lat="45.71564" lon="6.46903">
        <ele>587.3</ele>
      </trkpt>
      <trkpt lat="45.71555" lon="6.46933">
        <ele>589.3</ele>
      </trkpt>
      <trkpt lat="45.71553" lon="6.46941">
        <ele>589.7</ele>
      </trkpt>
      <trkpt lat="45.71533" lon="6.46997">
        <ele>586.7</ele>
      </trkpt>
      <trkpt lat="45.71532" lon="6.47002">
        <ele>586.8</ele>
      </trkpt>
      <trkpt lat="45.715269" lon="6.47018">
        <ele>586.4</ele>
      </trkpt>
      <trkpt lat="45.71521" lon="6.47033">
        <ele>585.1</ele>
      </trkpt>
      <trkpt lat="45.715179" lon="6.47043">
        <ele>584.6</ele>
      </trkpt>
      <trkpt lat="45.71517" lon="6.47044">
        <ele>584.2</ele>
      </trkpt>
      <trkpt lat="45.71514" lon="6.470519">
        <ele>583.4</ele>
      </trkpt>
      <trkpt lat="45.715089" lon="6.47063">
        <ele>581.6</ele>
      </trkpt>
      <trkpt lat="45.71506" lon="6.47073">
        <ele>580.8</ele>
      </trkpt>
      <trkpt lat="45.71504" lon="6.47078">
        <ele>580.1</ele>
      </trkpt>
      <trkpt lat="45.715" lon="6.47088">
        <ele>578.5</ele>
      </trkpt>
      <trkpt lat="45.71499" lon="6.47091">
        <ele>578.7</ele>
      </trkpt>
      <trkpt lat="45.71496" lon="6.47101">
        <ele>579.5</ele>
      </trkpt>
      <trkpt lat="45.71493" lon="6.47112">
        <ele>580.2</ele>
      </trkpt>
      <trkpt lat="45.71491" lon="6.47121">
        <ele>580.7</ele>
      </trkpt>
      <trkpt lat="45.714889" lon="6.47131">
        <ele>581.1</ele>
      </trkpt>
      <trkpt lat="45.71488" lon="6.47136">
        <ele>581.3</ele>
      </trkpt>
      <trkpt lat="45.71488" lon="6.4714">
        <ele>581.6</ele>
      </trkpt>
      <trkpt lat="45.71487" lon="6.47149">
        <ele>582.1</ele>
      </trkpt>
      <trkpt lat="45.71486" lon="6.47158">
        <ele>582.5</ele>
      </trkpt>
      <trkpt lat="45.71485" lon="6.47176">
        <ele>582.5</ele>
      </trkpt>
      <trkpt lat="45.71485" lon="6.47177">
        <ele>582.5</ele>
      </trkpt>
      <trkpt lat="45.71487" lon="6.47213">
        <ele>581.8</ele>
      </trkpt>
      <trkpt lat="45.71487" lon="6.47217">
        <ele>581.7</ele>
      </trkpt>
      <trkpt lat="45.714889" lon="6.47239">
        <ele>581.5</ele>
      </trkpt>
      <trkpt lat="45.714889" lon="6.47243">
        <ele>581.3</ele>
      </trkpt>
      <trkpt lat="45.71491" lon="6.47253">
        <ele>581.5</ele>
      </trkpt>
      <trkpt lat="45.71493" lon="6.47265">
        <ele>581.6</ele>
      </trkpt>
      <trkpt lat="45.71499" lon="6.47283">
        <ele>582.6</ele>
      </trkpt>
      <trkpt lat="45.71513" lon="6.47322">
        <ele>591.9</ele>
      </trkpt>
      <trkpt lat="45.71524" lon="6.473499">
        <ele>597.9</ele>
      </trkpt>
      <trkpt lat="45.71531" lon="6.47374">
        <ele>600.0</ele>
      </trkpt>
      <trkpt lat="45.71532" lon="6.4738">
        <ele>599.8</ele>
      </trkpt>
      <trkpt lat="45.71534" lon="6.47394">
        <ele>599.3</ele>
      </trkpt>
      <trkpt lat="45.71534" lon="6.47399">
        <ele>598.6</ele>
      </trkpt>
      <trkpt lat="45.71534" lon="6.47405">
        <ele>597.7</ele>
      </trkpt>
      <trkpt lat="45.71534" lon="6.47426">
        <ele>595.1</ele>
      </trkpt>
      <trkpt lat="45.71534" lon="6.47431">
        <ele>594.6</ele>
      </trkpt>
      <trkpt lat="45.71533" lon="6.47446">
        <ele>592.4</ele>
      </trkpt>
      <trkpt lat="45.71532" lon="6.47459">
        <ele>590.6</ele>
      </trkpt>
      <trkpt lat="45.71531" lon="6.47485">
        <ele>587.5</ele>
      </trkpt>
      <trkpt lat="45.71533" lon="6.4751">
        <ele>586.3</ele>
      </trkpt>
      <trkpt lat="45.71538" lon="6.47532">
        <ele>586.8</ele>
      </trkpt>
      <trkpt lat="45.71538" lon="6.475329">
        <ele>586.8</ele>
      </trkpt>
      <trkpt lat="45.71546" lon="6.47548">
        <ele>588.6</ele>
      </trkpt>
      <trkpt lat="45.71557" lon="6.47562">
        <ele>591.0</ele>
      </trkpt>
      <trkpt lat="45.71566" lon="6.47573">
        <ele>592.4</ele>
      </trkpt>
      <trkpt lat="45.71571" lon="6.47579">
        <ele>593.0</ele>
      </trkpt>
      <trkpt lat="45.715739" lon="6.47583">
        <ele>593.3</ele>
      </trkpt>
      <trkpt lat="45.71576" lon="6.475869">
        <ele>593.1</ele>
      </trkpt>
      <trkpt lat="45.71582" lon="6.47596">
        <ele>592.9</ele>
      </trkpt>
      <trkpt lat="45.715829" lon="6.47598">
        <ele>592.7</ele>
      </trkpt>
      <trkpt lat="45.71587" lon="6.47607">
        <ele>593.9</ele>
      </trkpt>
      <trkpt lat="45.7159" lon="6.47614">
        <ele>594.9</ele>
      </trkpt>
      <trkpt lat="45.71595" lon="6.47631">
        <ele>595.2</ele>
      </trkpt>
      <trkpt lat="45.71602" lon="6.47658">
        <ele>594.8</ele>
      </trkpt>
      <trkpt lat="45.71607" lon="6.47694">
        <ele>596.8</ele>
      </trkpt>
      <trkpt lat="45.71608" lon="6.477">
        <ele>597.5</ele>
      </trkpt>
      <trkpt lat="45.716119" lon="6.47719">
        <ele>600.2</ele>
      </trkpt>
      <trkpt lat="45.71614" lon="6.47729">
        <ele>601.4</ele>
      </trkpt>
      <trkpt lat="45.71615" lon="6.47739">
        <ele>601.8</ele>
      </trkpt>
      <trkpt lat="45.71616" lon="6.47744">
        <ele>602.3</ele>
      </trkpt>
      <trkpt lat="45.71622" lon="6.477909">
        <ele>607.7</ele>
      </trkpt>
      <trkpt lat="45.71622" lon="6.47806">
        <ele>608.5</ele>
      </trkpt>
      <trkpt lat="45.71622" lon="6.478309">
        <ele>609.7</ele>
      </trkpt>
      <trkpt lat="45.71617" lon="6.47862">
        <ele>609.7</ele>
      </trkpt>
      <trkpt lat="45.71611" lon="6.4788">
        <ele>608.3</ele>
      </trkpt>
      <trkpt lat="45.71605" lon="6.47891">
        <ele>606.2</ele>
      </trkpt>
      <trkpt lat="45.71594" lon="6.47909">
        <ele>602.5</ele>
      </trkpt>
      <trkpt lat="45.715919" lon="6.47911">
        <ele>601.7</ele>
      </trkpt>
      <trkpt lat="45.7157" lon="6.47945">
        <ele>597.8</ele>
      </trkpt>
      <trkpt lat="45.71555" lon="6.479669">
        <ele>595.5</ele>
      </trkpt>
      <trkpt lat="45.71542" lon="6.47985">
        <ele>593.0</ele>
      </trkpt>
      <trkpt lat="45.7154" lon="6.47987">
        <ele>592.5</ele>
      </trkpt>
      <trkpt lat="45.71529" lon="6.48003">
        <ele>589.9</ele>
      </trkpt>
      <trkpt lat="45.71491" lon="6.48057">
        <ele>582.0</ele>
      </trkpt>
      <trkpt lat="45.71478" lon="6.480749">
        <ele>582.3</ele>
      </trkpt>
      <trkpt lat="45.71466" lon="6.48095">
        <ele>583.2</ele>
      </trkpt>
      <trkpt lat="45.71453" lon="6.48113">
        <ele>583.6</ele>
      </trkpt>
      <trkpt lat="45.71448" lon="6.48124">
        <ele>583.9</ele>
      </trkpt>
      <trkpt lat="45.71444" lon="6.48134">
        <ele>584.1</ele>
      </trkpt>
      <trkpt lat="45.71444" lon="6.48135">
        <ele>584.1</ele>
      </trkpt>
      <trkpt lat="45.71441" lon="6.48144">
        <ele>584.3</ele>
      </trkpt>
      <trkpt lat="45.7144" lon="6.48152">
        <ele>584.6</ele>
      </trkpt>
      <trkpt lat="45.7144" lon="6.4816">
        <ele>585.1</ele>
      </trkpt>
      <trkpt lat="45.7144" lon="6.4817">
        <ele>585.6</ele>
      </trkpt>
      <trkpt lat="45.714419" lon="6.4818">
        <ele>586.2</ele>
      </trkpt>
      <trkpt lat="45.71444" lon="6.48184">
        <ele>586.7</ele>
      </trkpt>
      <trkpt lat="45.71445" lon="6.48189">
        <ele>587.1</ele>
      </trkpt>
      <trkpt lat="45.71451" lon="6.482">
        <ele>588.7</ele>
      </trkpt>
      <trkpt lat="45.7146" lon="6.48213">
        <ele>591.0</ele>
      </trkpt>
      <trkpt lat="45.71479" lon="6.48242">
        <ele>596.6</ele>
      </trkpt>
      <trkpt lat="45.71501" lon="6.48277">
        <ele>598.0</ele>
      </trkpt>
      <trkpt lat="45.71511" lon="6.48291">
        <ele>597.3</ele>
      </trkpt>
      <trkpt lat="45.71517" lon="6.48298">
        <ele>597.1</ele>
      </trkpt>
      <trkpt lat="45.71523" lon="6.48306">
        <ele>596.7</ele>
      </trkpt>
      <trkpt lat="45.7153" lon="6.48314">
        <ele>596.3</ele>
      </trkpt>
      <trkpt lat="45.715359" lon="6.4832">
        <ele>596.1</ele>
      </trkpt>
      <trkpt lat="45.71542" lon="6.483259">
        <ele>595.9</ele>
      </trkpt>
      <trkpt lat="45.71551" lon="6.48332">
        <ele>596.0</ele>
      </trkpt>
      <trkpt lat="45.71563" lon="6.48338">
        <ele>597.0</ele>
      </trkpt>
      <trkpt lat="45.71576" lon="6.48344">
        <ele>598.1</ele>
      </trkpt>
      <trkpt lat="45.71595" lon="6.48351">
        <ele>601.8</ele>
      </trkpt>
      <trkpt lat="45.71604" lon="6.48356">
        <ele>604.3</ele>
      </trkpt>
      <trkpt lat="45.71613" lon="6.48361">
        <ele>606.9</ele>
      </trkpt>
      <trkpt lat="45.71619" lon="6.48364">
        <ele>608.8</ele>
      </trkpt>
      <trkpt lat="45.71624" lon="6.48368">
        <ele>610.5</ele>
      </trkpt>
      <trkpt lat="45.71628" lon="6.48373">
        <ele>611.8</ele>
      </trkpt>
      <trkpt lat="45.71628" lon="6.48374">
        <ele>611.8</ele>
      </trkpt>
      <trkpt lat="45.71638" lon="6.48386">
        <ele>615.6</ele>
      </trkpt>
      <trkpt lat="45.71645" lon="6.48398">
        <ele>618.7</ele>
      </trkpt>
      <trkpt lat="45.71652" lon="6.4841">
        <ele>622.1</ele>
      </trkpt>
      <trkpt lat="45.71662" lon="6.48434">
        <ele>623.3</ele>
      </trkpt>
      <trkpt lat="45.71667" lon="6.48453">
        <ele>621.0</ele>
      </trkpt>
      <trkpt lat="45.71678" lon="6.48507">
        <ele>620.0</ele>
      </trkpt>
      <trkpt lat="45.71681" lon="6.48528">
        <ele>620.6</ele>
      </trkpt>
      <trkpt lat="45.71689" lon="6.48559">
        <ele>623.3</ele>
      </trkpt>
      <trkpt lat="45.7169" lon="6.48566">
        <ele>623.1</ele>
      </trkpt>
      <trkpt lat="45.71694" lon="6.485839">
        <ele>623.4</ele>
      </trkpt>
      <trkpt lat="45.71695" lon="6.48592">
        <ele>623.6</ele>
      </trkpt>
      <trkpt lat="45.71697" lon="6.48608">
        <ele>624.0</ele>
      </trkpt>
      <trkpt lat="45.71699" lon="6.48635">
        <ele>623.8</ele>
      </trkpt>
      <trkpt lat="45.717" lon="6.486449">
        <ele>623.8</ele>
      </trkpt>
      <trkpt lat="45.71699" lon="6.48665">
        <ele>622.2</ele>
      </trkpt>
      <trkpt lat="45.71702" lon="6.48682">
        <ele>622.9</ele>
      </trkpt>
      <trkpt lat="45.71703" lon="6.4869">
        <ele>622.9</ele>
      </trkpt>
      <trkpt lat="45.717059" lon="6.48696">
        <ele>624.0</ele>
      </trkpt>
      <trkpt lat="45.71711" lon="6.48708">
        <ele>625.4</ele>
      </trkpt>
      <trkpt lat="45.71718" lon="6.48724">
        <ele>627.0</ele>
      </trkpt>
      <trkpt lat="45.717329" lon="6.48757">
        <ele>629.3</ele>
      </trkpt>
      <trkpt lat="45.71738" lon="6.48773">
        <ele>630.1</ele>
      </trkpt>
      <trkpt lat="45.7174" lon="6.48796">
        <ele>629.4</ele>
      </trkpt>
      <trkpt lat="45.71739" lon="6.48832">
        <ele>627.4</ele>
      </trkpt>
      <trkpt lat="45.71738" lon="6.4886">
        <ele>627.9</ele>
      </trkpt>
      <trkpt lat="45.71736" lon="6.488749">
        <ele>628.2</ele>
      </trkpt>
      <trkpt lat="45.71735" lon="6.48893">
        <ele>628.5</ele>
      </trkpt>
      <trkpt lat="45.7173" lon="6.48922">
        <ele>629.7</ele>
      </trkpt>
      <trkpt lat="45.71729" lon="6.48928">
        <ele>630.6</ele>
      </trkpt>
      <trkpt lat="45.71727" lon="6.48937">
        <ele>631.8</ele>
      </trkpt>
      <trkpt lat="45.71722" lon="6.48955">
        <ele>633.8</ele>
      </trkpt>
      <trkpt lat="45.71719" lon="6.48966">
        <ele>634.8</ele>
      </trkpt>
      <trkpt lat="45.71714" lon="6.48979">
        <ele>635.3</ele>
      </trkpt>
      <trkpt lat="45.71707" lon="6.48998">
        <ele>635.4</ele>
      </trkpt>
      <trkpt lat="45.71703" lon="6.49015">
        <ele>635.7</ele>
      </trkpt>
      <trkpt lat="45.71702" lon="6.49023">
        <ele>636.1</ele>
      </trkpt>
      <trkpt lat="45.71701" lon="6.49033">
        <ele>636.6</ele>
      </trkpt>
      <trkpt lat="45.71701" lon="6.4905">
        <ele>638.1</ele>
      </trkpt>
      <trkpt lat="45.71702" lon="6.49062">
        <ele>639.6</ele>
      </trkpt>
      <trkpt lat="45.71704" lon="6.49073">
        <ele>641.5</ele>
      </trkpt>
      <trkpt lat="45.71716" lon="6.49113">
        <ele>647.1</ele>
      </trkpt>
      <trkpt lat="45.71719" lon="6.49123">
        <ele>647.9</ele>
      </trkpt>
      <trkpt lat="45.71728" lon="6.49143">
        <ele>650.1</ele>
      </trkpt>
      <trkpt lat="45.7173" lon="6.49146">
        <ele>650.6</ele>
      </trkpt>
      <trkpt lat="45.71735" lon="6.49159">
        <ele>651.3</ele>
      </trkpt>
      <trkpt lat="45.71738" lon="6.49164">
        <ele>651.8</ele>
      </trkpt>
      <trkpt lat="45.71749" lon="6.49186">
        <ele>652.2</ele>
      </trkpt>
      <trkpt lat="45.71754" lon="6.49198">
        <ele>654.6</ele>
      </trkpt>
      <trkpt lat="45.71763" lon="6.49216">
        <ele>660.4</ele>
      </trkpt>
      <trkpt lat="45.7177" lon="6.49228">
        <ele>665.0</ele>
      </trkpt>
      <trkpt lat="45.71774" lon="6.49237">
        <ele>667.3</ele>
      </trkpt>
      <trkpt lat="45.71777" lon="6.492479">
        <ele>668.3</ele>
      </trkpt>
      <trkpt lat="45.71779" lon="6.49265">
        <ele>667.9</ele>
      </trkpt>
      <trkpt lat="45.71779" lon="6.49274">
        <ele>666.8</ele>
      </trkpt>
      <trkpt lat="45.71778" lon="6.49293">
        <ele>663.7</ele>
      </trkpt>
      <trkpt lat="45.71777" lon="6.493019">
        <ele>661.9</ele>
      </trkpt>
      <trkpt lat="45.71778" lon="6.49315">
        <ele>661.0</ele>
      </trkpt>
      <trkpt lat="45.71779" lon="6.49319">
        <ele>661.1</ele>
      </trkpt>
      <trkpt lat="45.71783" lon="6.49338">
        <ele>661.1</ele>
      </trkpt>
      <trkpt lat="45.71784" lon="6.49343">
        <ele>661.2</ele>
      </trkpt>
      <trkpt lat="45.71797" lon="6.49383">
        <ele>662.9</ele>
      </trkpt>
      <trkpt lat="45.71804" lon="6.49406">
        <ele>662.7</ele>
      </trkpt>
      <trkpt lat="45.71821" lon="6.49461">
        <ele>658.1</ele>
      </trkpt>
      <trkpt lat="45.71824" lon="6.4947">
        <ele>656.8</ele>
      </trkpt>
      <trkpt lat="45.71829" lon="6.4948">
        <ele>655.4</ele>
      </trkpt>
      <trkpt lat="45.71831" lon="6.49482">
        <ele>655.2</ele>
      </trkpt>
      <trkpt lat="45.71835" lon="6.49489">
        <ele>655.2</ele>
      </trkpt>
      <trkpt lat="45.71843" lon="6.494989">
        <ele>659.3</ele>
      </trkpt>
      <trkpt lat="45.71849" lon="6.495059">
        <ele>663.0</ele>
      </trkpt>
      <trkpt lat="45.71859" lon="6.49517">
        <ele>669.1</ele>
      </trkpt>
      <trkpt lat="45.71868" lon="6.49528">
        <ele>673.8</ele>
      </trkpt>
      <trkpt lat="45.71872" lon="6.49533">
        <ele>675.7</ele>
      </trkpt>
      <trkpt lat="45.71875" lon="6.49536">
        <ele>677.3</ele>
      </trkpt>
      <trkpt lat="45.71878" lon="6.49541">
        <ele>678.3</ele>
      </trkpt>
      <trkpt lat="45.71879" lon="6.49545">
        <ele>678.1</ele>
      </trkpt>
      <trkpt lat="45.71881" lon="6.49554">
        <ele>675.8</ele>
      </trkpt>
      <trkpt lat="45.71881" lon="6.495599">
        <ele>674.3</ele>
      </trkpt>
      <trkpt lat="45.71881" lon="6.49566">
        <ele>672.9</ele>
      </trkpt>
      <trkpt lat="45.71877" lon="6.49577">
        <ele>669.9</ele>
      </trkpt>
      <trkpt lat="45.71871" lon="6.49592">
        <ele>665.7</ele>
      </trkpt>
      <trkpt lat="45.71868" lon="6.49601">
        <ele>663.3</ele>
      </trkpt>
      <trkpt lat="45.71864" lon="6.49615">
        <ele>659.6</ele>
      </trkpt>
      <trkpt lat="45.71862" lon="6.49625">
        <ele>657.1</ele>
      </trkpt>
      <trkpt lat="45.71861" lon="6.49632">
        <ele>655.4</ele>
      </trkpt>
      <trkpt lat="45.7186" lon="6.49644">
        <ele>654.5</ele>
      </trkpt>
      <trkpt lat="45.7186" lon="6.49651">
        <ele>654.1</ele>
      </trkpt>
      <trkpt lat="45.71859" lon="6.49652">
        <ele>653.8</ele>
      </trkpt>
      <trkpt lat="45.7186" lon="6.49665">
        <ele>653.5</ele>
      </trkpt>
      <trkpt lat="45.7186" lon="6.496749">
        <ele>653.1</ele>
      </trkpt>
      <trkpt lat="45.7186" lon="6.49677">
        <ele>653.0</ele>
      </trkpt>
      <trkpt lat="45.71863" lon="6.49704">
        <ele>652.5</ele>
      </trkpt>
      <trkpt lat="45.71864" lon="6.49716">
        <ele>652.2</ele>
      </trkpt>
      <trkpt lat="45.71868" lon="6.49769">
        <ele>650.2</ele>
      </trkpt>
      <trkpt lat="45.71869" lon="6.49777">
        <ele>649.9</ele>
      </trkpt>
      <trkpt lat="45.71869" lon="6.497969">
        <ele>648.9</ele>
      </trkpt>
      <trkpt lat="45.71868" lon="6.49822">
        <ele>647.7</ele>
      </trkpt>
      <trkpt lat="45.71868" lon="6.49826">
        <ele>647.5</ele>
      </trkpt>
      <trkpt lat="45.71868" lon="6.49829">
        <ele>647.4</ele>
      </trkpt>
      <trkpt lat="45.71867" lon="6.49838">
        <ele>647.5</ele>
      </trkpt>
      <trkpt lat="45.71866" lon="6.49846">
        <ele>648.0</ele>
      </trkpt>
      <trkpt lat="45.718649" lon="6.49855">
        <ele>648.6</ele>
      </trkpt>
      <trkpt lat="45.71863" lon="6.498649">
        <ele>649.2</ele>
      </trkpt>
      <trkpt lat="45.71862" lon="6.49876">
        <ele>649.8</ele>
      </trkpt>
      <trkpt lat="45.71861" lon="6.49884">
        <ele>650.2</ele>
      </trkpt>
      <trkpt lat="45.71859" lon="6.49894">
        <ele>650.6</ele>
      </trkpt>
      <trkpt lat="45.71857" lon="6.49904">
        <ele>650.9</ele>
      </trkpt>
      <trkpt lat="45.71855" lon="6.49914">
        <ele>651.2</ele>
      </trkpt>
      <trkpt lat="45.71854" lon="6.49917">
        <ele>651.2</ele>
      </trkpt>
      <trkpt lat="45.71847" lon="6.49943">
        <ele>651.2</ele>
      </trkpt>
      <trkpt lat="45.71843" lon="6.49955">
        <ele>650.7</ele>
      </trkpt>
      <trkpt lat="45.71839" lon="6.49966">
        <ele>650.1</ele>
      </trkpt>
      <trkpt lat="45.71832" lon="6.49984">
        <ele>649.1</ele>
      </trkpt>
      <trkpt lat="45.7183" lon="6.49988">
        <ele>649.3</ele>
      </trkpt>
      <trkpt lat="45.71821" lon="6.5001">
        <ele>649.9</ele>
      </trkpt>
      <trkpt lat="45.71815" lon="6.50022">
        <ele>650.2</ele>
      </trkpt>
      <trkpt lat="45.71814" lon="6.50026">
        <ele>650.2</ele>
      </trkpt>
      <trkpt lat="45.71807" lon="6.50046">
        <ele>650.5</ele>
      </trkpt>
      <trkpt lat="45.71806" lon="6.50049">
        <ele>650.6</ele>
      </trkpt>
      <trkpt lat="45.71801" lon="6.50064">
        <ele>650.7</ele>
      </trkpt>
      <trkpt lat="45.71796" lon="6.5009">
        <ele>650.5</ele>
      </trkpt>
      <trkpt lat="45.71793" lon="6.50099">
        <ele>650.3</ele>
      </trkpt>
      <trkpt lat="45.71787" lon="6.50122">
        <ele>649.5</ele>
      </trkpt>
      <trkpt lat="45.71787" lon="6.501229">
        <ele>649.5</ele>
      </trkpt>
      <trkpt lat="45.71759" lon="6.50243">
        <ele>644.9</ele>
      </trkpt>
      <trkpt lat="45.71758" lon="6.50244">
        <ele>644.8</ele>
      </trkpt>
      <trkpt lat="45.71752" lon="6.50268">
        <ele>643.7</ele>
      </trkpt>
      <trkpt lat="45.71746" lon="6.502919">
        <ele>643.1</ele>
      </trkpt>
      <trkpt lat="45.71727" lon="6.50364">
        <ele>642.4</ele>
      </trkpt>
      <trkpt lat="45.71719" lon="6.50397">
        <ele>642.1</ele>
      </trkpt>
      <trkpt lat="45.717149" lon="6.50413">
        <ele>641.9</ele>
      </trkpt>
      <trkpt lat="45.71713" lon="6.50423">
        <ele>641.9</ele>
      </trkpt>
      <trkpt lat="45.71712" lon="6.5043">
        <ele>642.0</ele>
      </trkpt>
      <trkpt lat="45.7171" lon="6.50438">
        <ele>642.1</ele>
      </trkpt>
      <trkpt lat="45.717059" lon="6.5046">
        <ele>642.3</ele>
      </trkpt>
      <trkpt lat="45.71705" lon="6.50472">
        <ele>642.4</ele>
      </trkpt>
      <trkpt lat="45.71705" lon="6.50488">
        <ele>642.5</ele>
      </trkpt>
      <trkpt lat="45.71704" lon="6.50499">
        <ele>642.5</ele>
      </trkpt>
      <trkpt lat="45.71705" lon="6.50514">
        <ele>643.5</ele>
      </trkpt>
      <trkpt lat="45.71705" lon="6.5052">
        <ele>643.9</ele>
      </trkpt>
      <trkpt lat="45.71708" lon="6.50539">
        <ele>645.1</ele>
      </trkpt>
      <trkpt lat="45.7171" lon="6.50547">
        <ele>645.5</ele>
      </trkpt>
      <trkpt lat="45.71713" lon="6.50561">
        <ele>646.2</ele>
      </trkpt>
      <trkpt lat="45.71714" lon="6.50564">
        <ele>646.3</ele>
      </trkpt>
      <trkpt lat="45.71717" lon="6.50576">
        <ele>646.7</ele>
      </trkpt>
      <trkpt lat="45.71721" lon="6.50587">
        <ele>647.1</ele>
      </trkpt>
      <trkpt lat="45.71726" lon="6.50599">
        <ele>647.7</ele>
      </trkpt>
      <trkpt lat="45.71729" lon="6.50608">
        <ele>648.2</ele>
      </trkpt>
      <trkpt lat="45.71732" lon="6.50614">
        <ele>648.3</ele>
      </trkpt>
      <trkpt lat="45.71737" lon="6.50627">
        <ele>648.6</ele>
      </trkpt>
      <trkpt lat="45.71738" lon="6.5063">
        <ele>648.7</ele>
      </trkpt>
      <trkpt lat="45.71748" lon="6.506509">
        <ele>648.4</ele>
      </trkpt>
      <trkpt lat="45.71758" lon="6.50673">
        <ele>649.2</ele>
      </trkpt>
      <trkpt lat="45.71759" lon="6.50674">
        <ele>649.3</ele>
      </trkpt>
      <trkpt lat="45.71767" lon="6.50695">
        <ele>650.6</ele>
      </trkpt>
      <trkpt lat="45.7177" lon="6.50703">
        <ele>651.0</ele>
      </trkpt>
      <trkpt lat="45.71776" lon="6.50718">
        <ele>651.8</ele>
      </trkpt>
      <trkpt lat="45.71776" lon="6.507189">
        <ele>651.9</ele>
      </trkpt>
      <trkpt lat="45.71781" lon="6.50737">
        <ele>652.9</ele>
      </trkpt>
      <trkpt lat="45.71782" lon="6.50742">
        <ele>653.1</ele>
      </trkpt>
      <trkpt lat="45.71785" lon="6.50757">
        <ele>653.2</ele>
      </trkpt>
      <trkpt lat="45.71787" lon="6.50767">
        <ele>652.7</ele>
      </trkpt>
      <trkpt lat="45.71787" lon="6.5077">
        <ele>652.6</ele>
      </trkpt>
      <trkpt lat="45.7179" lon="6.50786">
        <ele>651.8</ele>
      </trkpt>
      <trkpt lat="45.7179" lon="6.50792">
        <ele>651.6</ele>
      </trkpt>
      <trkpt lat="45.7179" lon="6.50796">
        <ele>651.4</ele>
      </trkpt>
      <trkpt lat="45.71792" lon="6.50818">
        <ele>650.5</ele>
      </trkpt>
      <trkpt lat="45.71793" lon="6.50821">
        <ele>650.4</ele>
      </trkpt>
      <trkpt lat="45.71793" lon="6.50823">
        <ele>650.3</ele>
      </trkpt>
      <trkpt lat="45.71793" lon="6.50845">
        <ele>649.6</ele>
      </trkpt>
      <trkpt lat="45.71793" lon="6.50847">
        <ele>649.6</ele>
      </trkpt>
      <trkpt lat="45.71793" lon="6.50868">
        <ele>648.9</ele>
      </trkpt>
      <trkpt lat="45.71793" lon="6.50873">
        <ele>648.8</ele>
      </trkpt>
      <trkpt lat="45.71793" lon="6.50889">
        <ele>648.3</ele>
      </trkpt>
      <trkpt lat="45.71794" lon="6.50899">
        <ele>648.0</ele>
      </trkpt>
      <trkpt lat="45.71797" lon="6.50919">
        <ele>647.4</ele>
      </trkpt>
      <trkpt lat="45.71798" lon="6.50925">
        <ele>647.4</ele>
      </trkpt>
      <trkpt lat="45.71803" lon="6.50949">
        <ele>647.7</ele>
      </trkpt>
      <trkpt lat="45.71804" lon="6.50953">
        <ele>647.8</ele>
      </trkpt>
      <trkpt lat="45.71805" lon="6.50957">
        <ele>647.8</ele>
      </trkpt>
      <trkpt lat="45.71811" lon="6.509769">
        <ele>648.1</ele>
      </trkpt>
      <trkpt lat="45.71812" lon="6.5098">
        <ele>648.1</ele>
      </trkpt>
      <trkpt lat="45.71817" lon="6.50995">
        <ele>648.3</ele>
      </trkpt>
      <trkpt lat="45.71824" lon="6.51015">
        <ele>648.0</ele>
      </trkpt>
      <trkpt lat="45.71825" lon="6.51019">
        <ele>648.0</ele>
      </trkpt>
      <trkpt lat="45.71833" lon="6.51042">
        <ele>647.5</ele>
      </trkpt>
      <trkpt lat="45.7184" lon="6.51065">
        <ele>647.5</ele>
      </trkpt>
      <trkpt lat="45.71847" lon="6.51087">
        <ele>647.6</ele>
      </trkpt>
      <trkpt lat="45.71858" lon="6.51121">
        <ele>647.9</ele>
      </trkpt>
      <trkpt lat="45.71886" lon="6.51212">
        <ele>648.4</ele>
      </trkpt>
      <trkpt lat="45.71916" lon="6.51305">
        <ele>651.0</ele>
      </trkpt>
      <trkpt lat="45.71931" lon="6.51352">
        <ele>651.1</ele>
      </trkpt>
      <trkpt lat="45.71939" lon="6.51375">
        <ele>651.0</ele>
      </trkpt>
      <trkpt lat="45.71954" lon="6.51422">
        <ele>650.6</ele>
      </trkpt>
      <trkpt lat="45.71985" lon="6.515189">
        <ele>652.5</ele>
      </trkpt>
      <trkpt lat="45.71992" lon="6.51538">
        <ele>653.0</ele>
      </trkpt>
      <trkpt lat="45.71999" lon="6.51564">
        <ele>653.5</ele>
      </trkpt>
      <trkpt lat="45.72" lon="6.5157">
        <ele>653.7</ele>
      </trkpt>
      <trkpt lat="45.72003" lon="6.51578">
        <ele>654.0</ele>
      </trkpt>
      <trkpt lat="45.72008" lon="6.51604">
        <ele>655.3</ele>
      </trkpt>
      <trkpt lat="45.72011" lon="6.51619">
        <ele>656.1</ele>
      </trkpt>
      <trkpt lat="45.72013" lon="6.51631">
        <ele>656.6</ele>
      </trkpt>
      <trkpt lat="45.720149" lon="6.51647">
        <ele>657.4</ele>
      </trkpt>
      <trkpt lat="45.72016" lon="6.51663">
        <ele>658.0</ele>
      </trkpt>
      <trkpt lat="45.72017" lon="6.51679">
        <ele>658.4</ele>
      </trkpt>
      <trkpt lat="45.72017" lon="6.51694">
        <ele>658.5</ele>
      </trkpt>
      <trkpt lat="45.72017" lon="6.51722">
        <ele>658.9</ele>
      </trkpt>
      <trkpt lat="45.72017" lon="6.5174">
        <ele>659.1</ele>
      </trkpt>
      <trkpt lat="45.72017" lon="6.51741">
        <ele>659.1</ele>
      </trkpt>
      <trkpt lat="45.72017" lon="6.51759">
        <ele>659.1</ele>
      </trkpt>
      <trkpt lat="45.72016" lon="6.51779">
        <ele>659.0</ele>
      </trkpt>
      <trkpt lat="45.720149" lon="6.51801">
        <ele>658.8</ele>
      </trkpt>
      <trkpt lat="45.72014" lon="6.51816">
        <ele>658.6</ele>
      </trkpt>
      <trkpt lat="45.72013" lon="6.51851">
        <ele>658.8</ele>
      </trkpt>
      <trkpt lat="45.72012" lon="6.51877">
        <ele>659.3</ele>
      </trkpt>
      <trkpt lat="45.7201" lon="6.518919">
        <ele>659.5</ele>
      </trkpt>
      <trkpt lat="45.7201" lon="6.51895">
        <ele>659.6</ele>
      </trkpt>
      <trkpt lat="45.7201" lon="6.51915">
        <ele>660.0</ele>
      </trkpt>
      <trkpt lat="45.7201" lon="6.51921">
        <ele>660.0</ele>
      </trkpt>
      <trkpt lat="45.7201" lon="6.51931">
        <ele>659.9</ele>
      </trkpt>
      <trkpt lat="45.7201" lon="6.51944">
        <ele>659.8</ele>
      </trkpt>
      <trkpt lat="45.72011" lon="6.51978">
        <ele>659.6</ele>
      </trkpt>
      <trkpt lat="45.72017" lon="6.52016">
        <ele>659.7</ele>
      </trkpt>
      <trkpt lat="45.7202" lon="6.52031">
        <ele>659.8</ele>
      </trkpt>
      <trkpt lat="45.720239" lon="6.52042">
        <ele>659.9</ele>
      </trkpt>
      <trkpt lat="45.72031" lon="6.52059">
        <ele>660.0</ele>
      </trkpt>
      <trkpt lat="45.7204" lon="6.52078">
        <ele>660.0</ele>
      </trkpt>
      <trkpt lat="45.72059" lon="6.5211">
        <ele>662.7</ele>
      </trkpt>
      <trkpt lat="45.72075" lon="6.52133">
        <ele>665.2</ele>
      </trkpt>
      <trkpt lat="45.72089" lon="6.52151">
        <ele>667.2</ele>
      </trkpt>
      <trkpt lat="45.72102" lon="6.52167">
        <ele>668.4</ele>
      </trkpt>
      <trkpt lat="45.72105" lon="6.52169">
        <ele>668.8</ele>
      </trkpt>
      <trkpt lat="45.72115" lon="6.52175">
        <ele>669.6</ele>
      </trkpt>
      <trkpt lat="45.72126" lon="6.52178">
        <ele>669.3</ele>
      </trkpt>
      <trkpt lat="45.72132" lon="6.52181">
        <ele>669.3</ele>
      </trkpt>
      <trkpt lat="45.72139" lon="6.52181">
        <ele>669.3</ele>
      </trkpt>
      <trkpt lat="45.72155" lon="6.52177">
        <ele>669.3</ele>
      </trkpt>
      <trkpt lat="45.7217" lon="6.52172">
        <ele>669.3</ele>
      </trkpt>
      <trkpt lat="45.72189" lon="6.52168">
        <ele>669.4</ele>
      </trkpt>
      <trkpt lat="45.72204" lon="6.52169">
        <ele>669.4</ele>
      </trkpt>
      <trkpt lat="45.72217" lon="6.52172">
        <ele>669.5</ele>
      </trkpt>
      <trkpt lat="45.72228" lon="6.52177">
        <ele>670.1</ele>
      </trkpt>
      <trkpt lat="45.72232" lon="6.52181">
        <ele>670.2</ele>
      </trkpt>
      <trkpt lat="45.72249" lon="6.52199">
        <ele>670.4</ele>
      </trkpt>
      <trkpt lat="45.722499" lon="6.522">
        <ele>670.4</ele>
      </trkpt>
      <trkpt lat="45.72263" lon="6.52218">
        <ele>670.8</ele>
      </trkpt>
      <trkpt lat="45.72266" lon="6.52222">
        <ele>670.9</ele>
      </trkpt>
      <trkpt lat="45.72283" lon="6.52243">
        <ele>671.5</ele>
      </trkpt>
      <trkpt lat="45.72304" lon="6.52275">
        <ele>672.5</ele>
      </trkpt>
      <trkpt lat="45.72313" lon="6.52292">
        <ele>672.9</ele>
      </trkpt>
      <trkpt lat="45.72316" lon="6.52299">
        <ele>673.0</ele>
      </trkpt>
      <trkpt lat="45.72323" lon="6.52313">
        <ele>673.4</ele>
      </trkpt>
      <trkpt lat="45.72326" lon="6.52318">
        <ele>673.6</ele>
      </trkpt>
      <trkpt lat="45.72332" lon="6.52331">
        <ele>673.9</ele>
      </trkpt>
      <trkpt lat="45.72333" lon="6.52334">
        <ele>674.0</ele>
      </trkpt>
      <trkpt lat="45.72349" lon="6.52369">
        <ele>675.2</ele>
      </trkpt>
      <trkpt lat="45.723619" lon="6.524">
        <ele>676.3</ele>
      </trkpt>
      <trkpt lat="45.72363" lon="6.52403">
        <ele>676.4</ele>
      </trkpt>
      <trkpt lat="45.72384" lon="6.5245">
        <ele>679.1</ele>
      </trkpt>
      <trkpt lat="45.72397" lon="6.52479">
        <ele>681.7</ele>
      </trkpt>
      <trkpt lat="45.723999" lon="6.52487">
        <ele>682.5</ele>
      </trkpt>
      <trkpt lat="45.72402" lon="6.52493">
        <ele>683.1</ele>
      </trkpt>
      <trkpt lat="45.724089" lon="6.52512">
        <ele>684.5</ele>
      </trkpt>
      <trkpt lat="45.72417" lon="6.52533">
        <ele>685.8</ele>
      </trkpt>
      <trkpt lat="45.7242" lon="6.52542">
        <ele>686.3</ele>
      </trkpt>
      <trkpt lat="45.72422" lon="6.52552">
        <ele>686.7</ele>
      </trkpt>
      <trkpt lat="45.72423" lon="6.52557">
        <ele>686.9</ele>
      </trkpt>
      <trkpt lat="45.72426" lon="6.525699">
        <ele>687.5</ele>
      </trkpt>
      <trkpt lat="45.72427" lon="6.525769">
        <ele>687.8</ele>
      </trkpt>
      <trkpt lat="45.72431" lon="6.52602">
        <ele>688.7</ele>
      </trkpt>
      <trkpt lat="45.72436" lon="6.52625">
        <ele>689.7</ele>
      </trkpt>
      <trkpt lat="45.72443" lon="6.52666">
        <ele>691.5</ele>
      </trkpt>
      <trkpt lat="45.72451" lon="6.52705">
        <ele>692.3</ele>
      </trkpt>
      <trkpt lat="45.72453" lon="6.52714">
        <ele>692.5</ele>
      </trkpt>
      <trkpt lat="45.72455" lon="6.52723">
        <ele>692.7</ele>
      </trkpt>
      <trkpt lat="45.724559" lon="6.52726">
        <ele>692.8</ele>
      </trkpt>
      <trkpt lat="45.724649" lon="6.527529">
        <ele>693.8</ele>
      </trkpt>
      <trkpt lat="45.72477" lon="6.52785">
        <ele>694.0</ele>
      </trkpt>
      <trkpt lat="45.72491" lon="6.52822">
        <ele>694.2</ele>
      </trkpt>
      <trkpt lat="45.72504" lon="6.528539">
        <ele>694.6</ele>
      </trkpt>
      <trkpt lat="45.72516" lon="6.52883">
        <ele>695.4</ele>
      </trkpt>
      <trkpt lat="45.72533" lon="6.529219">
        <ele>696.8</ele>
      </trkpt>
      <trkpt lat="45.72536" lon="6.52927">
        <ele>697.1</ele>
      </trkpt>
      <trkpt lat="45.72545" lon="6.52948">
        <ele>697.6</ele>
      </trkpt>
      <trkpt lat="45.72546" lon="6.52949">
        <ele>697.8</ele>
      </trkpt>
      <trkpt lat="45.72557" lon="6.5297">
        <ele>698.7</ele>
      </trkpt>
      <trkpt lat="45.72571" lon="6.529969">
        <ele>699.7</ele>
      </trkpt>
      <trkpt lat="45.7258" lon="6.53013">
        <ele>701.0</ele>
      </trkpt>
      <trkpt lat="45.72592" lon="6.53038">
        <ele>702.8</ele>
      </trkpt>
      <trkpt lat="45.72602" lon="6.530649">
        <ele>703.9</ele>
      </trkpt>
      <trkpt lat="45.72608" lon="6.53086">
        <ele>704.3</ele>
      </trkpt>
      <trkpt lat="45.72611" lon="6.53094">
        <ele>704.4</ele>
      </trkpt>
      <trkpt lat="45.72613" lon="6.53099">
        <ele>704.5</ele>
      </trkpt>
      <trkpt lat="45.72619" lon="6.53108">
        <ele>705.0</ele>
      </trkpt>
      <trkpt lat="45.72624" lon="6.53121">
        <ele>705.1</ele>
      </trkpt>
      <trkpt lat="45.72626" lon="6.53124">
        <ele>705.2</ele>
      </trkpt>
      <trkpt lat="45.72628" lon="6.53129">
        <ele>705.3</ele>
      </trkpt>
      <trkpt lat="45.726349" lon="6.53142">
        <ele>705.6</ele>
      </trkpt>
      <trkpt lat="45.72639" lon="6.53151">
        <ele>705.7</ele>
      </trkpt>
      <trkpt lat="45.72656" lon="6.53178">
        <ele>706.9</ele>
      </trkpt>
      <trkpt lat="45.7266" lon="6.53184">
        <ele>707.3</ele>
      </trkpt>
      <trkpt lat="45.72671" lon="6.53204">
        <ele>708.3</ele>
      </trkpt>
      <trkpt lat="45.72673" lon="6.53215">
        <ele>708.2</ele>
      </trkpt>
      <trkpt lat="45.72677" lon="6.53225">
        <ele>708.4</ele>
      </trkpt>
      <trkpt lat="45.72681" lon="6.53238">
        <ele>708.5</ele>
      </trkpt>
      <trkpt lat="45.72681" lon="6.5324">
        <ele>708.4</ele>
      </trkpt>
      <trkpt lat="45.72684" lon="6.53251">
        <ele>708.5</ele>
      </trkpt>
      <trkpt lat="45.72686" lon="6.5326">
        <ele>708.8</ele>
      </trkpt>
      <trkpt lat="45.72687" lon="6.53268">
        <ele>709.0</ele>
      </trkpt>
      <trkpt lat="45.72689" lon="6.53279">
        <ele>709.4</ele>
      </trkpt>
      <trkpt lat="45.72689" lon="6.53285">
        <ele>709.4</ele>
      </trkpt>
      <trkpt lat="45.72689" lon="6.5329">
        <ele>709.4</ele>
      </trkpt>
      <trkpt lat="45.7269" lon="6.533019">
        <ele>709.6</ele>
      </trkpt>
      <trkpt lat="45.7269" lon="6.53311">
        <ele>709.7</ele>
      </trkpt>
      <trkpt lat="45.7269" lon="6.53315">
        <ele>709.7</ele>
      </trkpt>
      <trkpt lat="45.72689" lon="6.53325">
        <ele>709.6</ele>
      </trkpt>
      <trkpt lat="45.72689" lon="6.53328">
        <ele>709.7</ele>
      </trkpt>
      <trkpt lat="45.72686" lon="6.53354">
        <ele>710.7</ele>
      </trkpt>
      <trkpt lat="45.72683" lon="6.5338">
        <ele>712.0</ele>
      </trkpt>
      <trkpt lat="45.72679" lon="6.53407">
        <ele>713.2</ele>
      </trkpt>
      <trkpt lat="45.72676" lon="6.53434">
        <ele>714.4</ele>
      </trkpt>
      <trkpt lat="45.72674" lon="6.53445">
        <ele>714.8</ele>
      </trkpt>
      <trkpt lat="45.72673" lon="6.53451">
        <ele>715.0</ele>
      </trkpt>
      <trkpt lat="45.72671" lon="6.53465">
        <ele>715.6</ele>
      </trkpt>
      <trkpt lat="45.72671" lon="6.53476">
        <ele>716.2</ele>
      </trkpt>
      <trkpt lat="45.72671" lon="6.534779">
        <ele>716.3</ele>
      </trkpt>
      <trkpt lat="45.72668" lon="6.53488">
        <ele>716.5</ele>
      </trkpt>
      <trkpt lat="45.72665" lon="6.53501">
        <ele>716.7</ele>
      </trkpt>
      <trkpt lat="45.7266" lon="6.53513">
        <ele>716.6</ele>
      </trkpt>
      <trkpt lat="45.72655" lon="6.53524">
        <ele>716.5</ele>
      </trkpt>
      <trkpt lat="45.72652" lon="6.53529">
        <ele>716.3</ele>
      </trkpt>
      <trkpt lat="45.72643" lon="6.53543">
        <ele>715.9</ele>
      </trkpt>
      <trkpt lat="45.72641" lon="6.535459">
        <ele>715.8</ele>
      </trkpt>
      <trkpt lat="45.72623" lon="6.53566">
        <ele>714.8</ele>
      </trkpt>
      <trkpt lat="45.72612" lon="6.53579">
        <ele>714.6</ele>
      </trkpt>
      <trkpt lat="45.726059" lon="6.53587">
        <ele>714.5</ele>
      </trkpt>
      <trkpt lat="45.72602" lon="6.535929">
        <ele>714.2</ele>
      </trkpt>
      <trkpt lat="45.725969" lon="6.535999">
        <ele>713.8</ele>
      </trkpt>
      <trkpt lat="45.72589" lon="6.53616">
        <ele>713.4</ele>
      </trkpt>
      <trkpt lat="45.72582" lon="6.53635">
        <ele>713.3</ele>
      </trkpt>
      <trkpt lat="45.72573" lon="6.53658">
        <ele>713.3</ele>
      </trkpt>
      <trkpt lat="45.72562" lon="6.53688">
        <ele>713.8</ele>
      </trkpt>
      <trkpt lat="45.72552" lon="6.537149">
        <ele>714.1</ele>
      </trkpt>
      <trkpt lat="45.72545" lon="6.53734">
        <ele>714.1</ele>
      </trkpt>
      <trkpt lat="45.72542" lon="6.53743">
        <ele>714.2</ele>
      </trkpt>
      <trkpt lat="45.72537" lon="6.53757">
        <ele>713.8</ele>
      </trkpt>
      <trkpt lat="45.72533" lon="6.53768">
        <ele>713.1</ele>
      </trkpt>
      <trkpt lat="45.72527" lon="6.53788">
        <ele>712.2</ele>
      </trkpt>
      <trkpt lat="45.72522" lon="6.5381">
        <ele>711.4</ele>
      </trkpt>
      <trkpt lat="45.72518" lon="6.53833">
        <ele>710.8</ele>
      </trkpt>
      <trkpt lat="45.72516" lon="6.53864">
        <ele>709.4</ele>
      </trkpt>
      <trkpt lat="45.72516" lon="6.53889">
        <ele>708.5</ele>
      </trkpt>
      <trkpt lat="45.72516" lon="6.539049">
        <ele>707.9</ele>
      </trkpt>
      <trkpt lat="45.72517" lon="6.53936">
        <ele>707.4</ele>
      </trkpt>
      <trkpt lat="45.72518" lon="6.53956">
        <ele>707.2</ele>
      </trkpt>
      <trkpt lat="45.72518" lon="6.53967">
        <ele>707.1</ele>
      </trkpt>
      <trkpt lat="45.72518" lon="6.53981">
        <ele>706.9</ele>
      </trkpt>
      <trkpt lat="45.72519" lon="6.53982">
        <ele>707.0</ele>
      </trkpt>
      <trkpt lat="45.7252" lon="6.54017">
        <ele>706.2</ele>
      </trkpt>
      <trkpt lat="45.7252" lon="6.54019">
        <ele>706.2</ele>
      </trkpt>
      <trkpt lat="45.72522" lon="6.54037">
        <ele>705.7</ele>
      </trkpt>
      <trkpt lat="45.72524" lon="6.54049">
        <ele>705.4</ele>
      </trkpt>
      <trkpt lat="45.72527" lon="6.5407">
        <ele>704.8</ele>
      </trkpt>
      <trkpt lat="45.72532" lon="6.54089">
        <ele>704.3</ele>
      </trkpt>
      <trkpt lat="45.72537" lon="6.54104">
        <ele>703.8</ele>
      </trkpt>
      <trkpt lat="45.72538" lon="6.54106">
        <ele>703.7</ele>
      </trkpt>
      <trkpt lat="45.72539" lon="6.54107">
        <ele>703.7</ele>
      </trkpt>
      <trkpt lat="45.72539" lon="6.541089">
        <ele>703.6</ele>
      </trkpt>
      <trkpt lat="45.72543" lon="6.54118">
        <ele>703.3</ele>
      </trkpt>
      <trkpt lat="45.72547" lon="6.54126">
        <ele>703.0</ele>
      </trkpt>
      <trkpt lat="45.72548" lon="6.54128">
        <ele>703.0</ele>
      </trkpt>
      <trkpt lat="45.72551" lon="6.54135">
        <ele>702.7</ele>
      </trkpt>
      <trkpt lat="45.72562" lon="6.54152">
        <ele>702.1</ele>
      </trkpt>
      <trkpt lat="45.72571" lon="6.54167">
        <ele>701.4</ele>
      </trkpt>
      <trkpt lat="45.72577" lon="6.54174">
        <ele>701.4</ele>
      </trkpt>
      <trkpt lat="45.72578" lon="6.54177">
        <ele>701.3</ele>
      </trkpt>
      <trkpt lat="45.72584" lon="6.54186">
        <ele>701.5</ele>
      </trkpt>
      <trkpt lat="45.725879" lon="6.54193">
        <ele>702.3</ele>
      </trkpt>
      <trkpt lat="45.72596" lon="6.54205">
        <ele>704.0</ele>
      </trkpt>
      <trkpt lat="45.72599" lon="6.54211">
        <ele>704.6</ele>
      </trkpt>
      <trkpt lat="45.72609" lon="6.54227">
        <ele>706.7</ele>
      </trkpt>
      <trkpt lat="45.726149" lon="6.54237">
        <ele>707.9</ele>
      </trkpt>
      <trkpt lat="45.726349" lon="6.5427">
        <ele>711.1</ele>
      </trkpt>
      <trkpt lat="45.72639" lon="6.54279">
        <ele>711.4</ele>
      </trkpt>
      <trkpt lat="45.72645" lon="6.542919">
        <ele>711.8</ele>
      </trkpt>
      <trkpt lat="45.72647" lon="6.54296">
        <ele>711.9</ele>
      </trkpt>
      <trkpt lat="45.72655" lon="6.54317">
        <ele>711.9</ele>
      </trkpt>
      <trkpt lat="45.72661" lon="6.54338">
        <ele>711.6</ele>
      </trkpt>
      <trkpt lat="45.72665" lon="6.54354">
        <ele>711.7</ele>
      </trkpt>
      <trkpt lat="45.72671" lon="6.5439">
        <ele>713.6</ele>
      </trkpt>
      <trkpt lat="45.72672" lon="6.54399">
        <ele>714.0</ele>
      </trkpt>
      <trkpt lat="45.72677" lon="6.54433">
        <ele>716.3</ele>
      </trkpt>
      <trkpt lat="45.72676" lon="6.54437">
        <ele>715.3</ele>
      </trkpt>
      <trkpt lat="45.72676" lon="6.54438">
        <ele>715.3</ele>
      </trkpt>
      <trkpt lat="45.72676" lon="6.54445">
        <ele>714.9</ele>
      </trkpt>
      <trkpt lat="45.72677" lon="6.54455">
        <ele>715.1</ele>
      </trkpt>
      <trkpt lat="45.72678" lon="6.54462">
        <ele>715.5</ele>
      </trkpt>
      <trkpt lat="45.72679" lon="6.54481">
        <ele>715.1</ele>
      </trkpt>
      <trkpt lat="45.72681" lon="6.54506">
        <ele>715.2</ele>
      </trkpt>
      <trkpt lat="45.72681" lon="6.54513">
        <ele>715.0</ele>
      </trkpt>
      <trkpt lat="45.7268" lon="6.54527">
        <ele>714.1</ele>
      </trkpt>
      <trkpt lat="45.7268" lon="6.54528">
        <ele>714.1</ele>
      </trkpt>
      <trkpt lat="45.72678" lon="6.54549">
        <ele>712.5</ele>
      </trkpt>
      <trkpt lat="45.72678" lon="6.5455">
        <ele>712.4</ele>
      </trkpt>
      <trkpt lat="45.72676" lon="6.5456">
        <ele>711.2</ele>
      </trkpt>
      <trkpt lat="45.72674" lon="6.54574">
        <ele>709.9</ele>
      </trkpt>
      <trkpt lat="45.72669" lon="6.545899">
        <ele>707.0</ele>
      </trkpt>
      <trkpt lat="45.72667" lon="6.54599">
        <ele>705.8</ele>
      </trkpt>
      <trkpt lat="45.72666" lon="6.54602">
        <ele>705.5</ele>
      </trkpt>
      <trkpt lat="45.726619" lon="6.54619">
        <ele>704.7</ele>
      </trkpt>
      <trkpt lat="45.72661" lon="6.54622">
        <ele>704.6</ele>
      </trkpt>
      <trkpt lat="45.72654" lon="6.54638">
        <ele>703.8</ele>
      </trkpt>
      <trkpt lat="45.72647" lon="6.54653">
        <ele>703.8</ele>
      </trkpt>
      <trkpt lat="45.72645" lon="6.54657">
        <ele>703.8</ele>
      </trkpt>
      <trkpt lat="45.72643" lon="6.54668">
        <ele>703.8</ele>
      </trkpt>
      <trkpt lat="45.72634" lon="6.54684">
        <ele>703.8</ele>
      </trkpt>
      <trkpt lat="45.72627" lon="6.54697">
        <ele>703.8</ele>
      </trkpt>
      <trkpt lat="45.72623" lon="6.54704">
        <ele>703.8</ele>
      </trkpt>
      <trkpt lat="45.72619" lon="6.54711">
        <ele>703.8</ele>
      </trkpt>
      <trkpt lat="45.72612" lon="6.54724">
        <ele>703.9</ele>
      </trkpt>
      <trkpt lat="45.72611" lon="6.54725">
        <ele>703.9</ele>
      </trkpt>
      <trkpt lat="45.72604" lon="6.5474">
        <ele>704.1</ele>
      </trkpt>
      <trkpt lat="45.72598" lon="6.54756">
        <ele>704.1</ele>
      </trkpt>
      <trkpt lat="45.72594" lon="6.54769">
        <ele>703.7</ele>
      </trkpt>
      <trkpt lat="45.72592" lon="6.54782">
        <ele>703.5</ele>
      </trkpt>
      <trkpt lat="45.725879" lon="6.54811">
        <ele>702.9</ele>
      </trkpt>
      <trkpt lat="45.72585" lon="6.54845">
        <ele>701.9</ele>
      </trkpt>
      <trkpt lat="45.72584" lon="6.54855">
        <ele>701.3</ele>
      </trkpt>
      <trkpt lat="45.72583" lon="6.54871">
        <ele>700.6</ele>
      </trkpt>
      <trkpt lat="45.72581" lon="6.54898">
        <ele>699.5</ele>
      </trkpt>
      <trkpt lat="45.72579" lon="6.5492">
        <ele>698.7</ele>
      </trkpt>
      <trkpt lat="45.72579" lon="6.54922">
        <ele>698.7</ele>
      </trkpt>
      <trkpt lat="45.72578" lon="6.54936">
        <ele>698.5</ele>
      </trkpt>
      <trkpt lat="45.72576" lon="6.54954">
        <ele>698.2</ele>
      </trkpt>
      <trkpt lat="45.72575" lon="6.54965">
        <ele>698.0</ele>
      </trkpt>
      <trkpt lat="45.72572" lon="6.549959">
        <ele>697.5</ele>
      </trkpt>
      <trkpt lat="45.725679" lon="6.55016">
        <ele>697.4</ele>
      </trkpt>
      <trkpt lat="45.7256" lon="6.55059">
        <ele>697.5</ele>
      </trkpt>
      <trkpt lat="45.7256" lon="6.5506">
        <ele>697.5</ele>
      </trkpt>
      <trkpt lat="45.72558" lon="6.55068">
        <ele>697.5</ele>
      </trkpt>
      <trkpt lat="45.725499" lon="6.55101">
        <ele>697.9</ele>
      </trkpt>
      <trkpt lat="45.72547" lon="6.55108">
        <ele>697.9</ele>
      </trkpt>
      <trkpt lat="45.72544" lon="6.55121">
        <ele>698.0</ele>
      </trkpt>
      <trkpt lat="45.7254" lon="6.551319">
        <ele>698.0</ele>
      </trkpt>
      <trkpt lat="45.72535" lon="6.55145">
        <ele>698.0</ele>
      </trkpt>
      <trkpt lat="45.72532" lon="6.55155">
        <ele>698.0</ele>
      </trkpt>
      <trkpt lat="45.72526" lon="6.5517">
        <ele>697.9</ele>
      </trkpt>
      <trkpt lat="45.72515" lon="6.551929">
        <ele>697.5</ele>
      </trkpt>
      <trkpt lat="45.72513" lon="6.55198">
        <ele>697.3</ele>
      </trkpt>
      <trkpt lat="45.72491" lon="6.552399">
        <ele>696.3</ele>
      </trkpt>
      <trkpt lat="45.7247" lon="6.55274">
        <ele>697.3</ele>
      </trkpt>
      <trkpt lat="45.72463" lon="6.55285">
        <ele>697.7</ele>
      </trkpt>
      <trkpt lat="45.72459" lon="6.55294">
        <ele>698.0</ele>
      </trkpt>
      <trkpt lat="45.72431" lon="6.55338">
        <ele>699.6</ele>
      </trkpt>
      <trkpt lat="45.7241" lon="6.55372">
        <ele>699.1</ele>
      </trkpt>
      <trkpt lat="45.723999" lon="6.55388">
        <ele>698.8</ele>
      </trkpt>
      <trkpt lat="45.72378" lon="6.55426">
        <ele>698.1</ele>
      </trkpt>
      <trkpt lat="45.72357" lon="6.5546">
        <ele>697.6</ele>
      </trkpt>
      <trkpt lat="45.723529" lon="6.55466">
        <ele>697.6</ele>
      </trkpt>
      <trkpt lat="45.72341" lon="6.55484">
        <ele>697.8</ele>
      </trkpt>
      <trkpt lat="45.72328" lon="6.55503">
        <ele>698.1</ele>
      </trkpt>
      <trkpt lat="45.72322" lon="6.55513">
        <ele>698.3</ele>
      </trkpt>
      <trkpt lat="45.72313" lon="6.55526">
        <ele>698.6</ele>
      </trkpt>
      <trkpt lat="45.7228" lon="6.5558">
        <ele>699.6</ele>
      </trkpt>
      <trkpt lat="45.72265" lon="6.55603">
        <ele>700.6</ele>
      </trkpt>
      <trkpt lat="45.72262" lon="6.55608">
        <ele>700.8</ele>
      </trkpt>
      <trkpt lat="45.7223" lon="6.55657">
        <ele>703.2</ele>
      </trkpt>
      <trkpt lat="45.72217" lon="6.55678">
        <ele>704.1</ele>
      </trkpt>
      <trkpt lat="45.72216" lon="6.55678">
        <ele>704.1</ele>
      </trkpt>
      <trkpt lat="45.72204" lon="6.55697">
        <ele>704.8</ele>
      </trkpt>
      <trkpt lat="45.72198" lon="6.55708">
        <ele>705.0</ele>
      </trkpt>
      <trkpt lat="45.721739" lon="6.55746">
        <ele>705.2</ele>
      </trkpt>
      <trkpt lat="45.72169" lon="6.55755">
        <ele>705.1</ele>
      </trkpt>
      <trkpt lat="45.72157" lon="6.55775">
        <ele>704.9</ele>
      </trkpt>
      <trkpt lat="45.72157" lon="6.55776">
        <ele>704.9</ele>
      </trkpt>
      <trkpt lat="45.72155" lon="6.5578">
        <ele>704.9</ele>
      </trkpt>
      <trkpt lat="45.72152" lon="6.55787">
        <ele>704.8</ele>
      </trkpt>
      <trkpt lat="45.721469" lon="6.55798">
        <ele>704.7</ele>
      </trkpt>
      <trkpt lat="45.72126" lon="6.55845">
        <ele>704.3</ele>
      </trkpt>
      <trkpt lat="45.72124" lon="6.5585">
        <ele>704.4</ele>
      </trkpt>
      <trkpt lat="45.7212" lon="6.55861">
        <ele>704.6</ele>
      </trkpt>
      <trkpt lat="45.72116" lon="6.55873">
        <ele>704.9</ele>
      </trkpt>
      <trkpt lat="45.72112" lon="6.55883">
        <ele>705.3</ele>
      </trkpt>
      <trkpt lat="45.72107" lon="6.55895">
        <ele>705.7</ele>
      </trkpt>
      <trkpt lat="45.72101" lon="6.55906">
        <ele>706.2</ele>
      </trkpt>
      <trkpt lat="45.72081" lon="6.55956">
        <ele>707.1</ele>
      </trkpt>
      <trkpt lat="45.720799" lon="6.55958">
        <ele>707.2</ele>
      </trkpt>
      <trkpt lat="45.72072" lon="6.55978">
        <ele>707.7</ele>
      </trkpt>
      <trkpt lat="45.72069" lon="6.559859">
        <ele>708.0</ele>
      </trkpt>
      <trkpt lat="45.72055" lon="6.56024">
        <ele>709.9</ele>
      </trkpt>
      <trkpt lat="45.72055" lon="6.56025">
        <ele>709.9</ele>
      </trkpt>
      <trkpt lat="45.72045" lon="6.56051">
        <ele>710.7</ele>
      </trkpt>
      <trkpt lat="45.7204" lon="6.56066">
        <ele>711.2</ele>
      </trkpt>
      <trkpt lat="45.72032" lon="6.56087">
        <ele>712.0</ele>
      </trkpt>
      <trkpt lat="45.7203" lon="6.56091">
        <ele>712.1</ele>
      </trkpt>
      <trkpt lat="45.72027" lon="6.561009">
        <ele>712.4</ele>
      </trkpt>
      <trkpt lat="45.72026" lon="6.56102">
        <ele>712.5</ele>
      </trkpt>
      <trkpt lat="45.72022" lon="6.56113">
        <ele>712.9</ele>
      </trkpt>
      <trkpt lat="45.72011" lon="6.56138">
        <ele>712.6</ele>
      </trkpt>
      <trkpt lat="45.72005" lon="6.56152">
        <ele>712.4</ele>
      </trkpt>
      <trkpt lat="45.71991" lon="6.56189">
        <ele>712.9</ele>
      </trkpt>
      <trkpt lat="45.71973" lon="6.56239">
        <ele>714.5</ele>
      </trkpt>
      <trkpt lat="45.71973" lon="6.562509">
        <ele>714.7</ele>
      </trkpt>
      <trkpt lat="45.71972" lon="6.56255">
        <ele>715.0</ele>
      </trkpt>
      <trkpt lat="45.71969" lon="6.56263">
        <ele>715.6</ele>
      </trkpt>
      <trkpt lat="45.71965" lon="6.56279">
        <ele>716.7</ele>
      </trkpt>
      <trkpt lat="45.71963" lon="6.56288">
        <ele>717.2</ele>
      </trkpt>
      <trkpt lat="45.719589" lon="6.56303">
        <ele>717.9</ele>
      </trkpt>
      <trkpt lat="45.71955" lon="6.5633">
        <ele>719.1</ele>
      </trkpt>
      <trkpt lat="45.71953" lon="6.56358">
        <ele>720.5</ele>
      </trkpt>
      <trkpt lat="45.71953" lon="6.56377">
        <ele>721.5</ele>
      </trkpt>
      <trkpt lat="45.71953" lon="6.56385">
        <ele>722.0</ele>
      </trkpt>
      <trkpt lat="45.71953" lon="6.56399">
        <ele>722.8</ele>
      </trkpt>
      <trkpt lat="45.71953" lon="6.564129">
        <ele>723.6</ele>
      </trkpt>
      <trkpt lat="45.71954" lon="6.564269">
        <ele>724.2</ele>
      </trkpt>
      <trkpt lat="45.71955" lon="6.56447">
        <ele>725.0</ele>
      </trkpt>
      <trkpt lat="45.71958" lon="6.56471">
        <ele>726.1</ele>
      </trkpt>
      <trkpt lat="45.7196" lon="6.56483">
        <ele>726.7</ele>
      </trkpt>
      <trkpt lat="45.719589" lon="6.565">
        <ele>727.1</ele>
      </trkpt>
      <trkpt lat="45.719589" lon="6.56516">
        <ele>727.2</ele>
      </trkpt>
      <trkpt lat="45.71958" lon="6.5655">
        <ele>727.3</ele>
      </trkpt>
      <trkpt lat="45.719589" lon="6.56574">
        <ele>727.5</ele>
      </trkpt>
      <trkpt lat="45.71961" lon="6.56591">
        <ele>727.7</ele>
      </trkpt>
      <trkpt lat="45.71961" lon="6.56594">
        <ele>727.6</ele>
      </trkpt>
      <trkpt lat="45.71966" lon="6.56608">
        <ele>727.9</ele>
      </trkpt>
      <trkpt lat="45.71966" lon="6.56627">
        <ele>727.5</ele>
      </trkpt>
      <trkpt lat="45.7197" lon="6.56689">
        <ele>727.0</ele>
      </trkpt>
      <trkpt lat="45.719769" lon="6.5678">
        <ele>728.2</ele>
      </trkpt>
      <trkpt lat="45.71983" lon="6.56879">
        <ele>727.3</ele>
      </trkpt>
      <trkpt lat="45.7199" lon="6.56986">
        <ele>725.5</ele>
      </trkpt>
      <trkpt lat="45.71994" lon="6.57048">
        <ele>727.4</ele>
      </trkpt>
      <trkpt lat="45.71996" lon="6.57089">
        <ele>729.1</ele>
      </trkpt>
      <trkpt lat="45.71997" lon="6.57104">
        <ele>729.3</ele>
      </trkpt>
      <trkpt lat="45.71998" lon="6.57114">
        <ele>729.4</ele>
      </trkpt>
      <trkpt lat="45.71999" lon="6.57134">
        <ele>729.6</ele>
      </trkpt>
      <trkpt lat="45.71999" lon="6.57165">
        <ele>730.0</ele>
      </trkpt>
      <trkpt lat="45.72" lon="6.571659">
        <ele>730.0</ele>
      </trkpt>
      <trkpt lat="45.71996" lon="6.57204">
        <ele>730.6</ele>
      </trkpt>
      <trkpt lat="45.71996" lon="6.57204">
        <ele>730.6</ele>
      </trkpt>
      <trkpt lat="45.71995" lon="6.57204">
        <ele>730.6</ele>
      </trkpt>
      <trkpt lat="45.71994" lon="6.57204">
        <ele>730.6</ele>
      </trkpt>
      <trkpt lat="45.71994" lon="6.57205">
        <ele>730.6</ele>
      </trkpt>
      <trkpt lat="45.71993" lon="6.57205">
        <ele>730.7</ele>
      </trkpt>
      <trkpt lat="45.71993" lon="6.572059">
        <ele>730.7</ele>
      </trkpt>
      <trkpt lat="45.71992" lon="6.572059">
        <ele>730.7</ele>
      </trkpt>
      <trkpt lat="45.71992" lon="6.57207">
        <ele>730.7</ele>
      </trkpt>
      <trkpt lat="45.71991" lon="6.57208">
        <ele>730.8</ele>
      </trkpt>
      <trkpt lat="45.71991" lon="6.57209">
        <ele>730.8</ele>
      </trkpt>
      <trkpt lat="45.7199" lon="6.57209">
        <ele>730.8</ele>
      </trkpt>
      <trkpt lat="45.7199" lon="6.5721">
        <ele>730.8</ele>
      </trkpt>
      <trkpt lat="45.719855" lon="6.572053">
        <ele>730.9</ele>
      </trkpt>
      <trkpt lat="45.7199" lon="6.5721">
        <ele>730.8</ele>
      </trkpt>
      <trkpt lat="45.7199" lon="6.57211">
        <ele>730.8</ele>
      </trkpt>
      <trkpt lat="45.71989" lon="6.57212">
        <ele>730.9</ele>
      </trkpt>
      <trkpt lat="45.71989" lon="6.572129">
        <ele>730.9</ele>
      </trkpt>
      <trkpt lat="45.71989" lon="6.57214">
        <ele>730.9</ele>
      </trkpt>
      <trkpt lat="45.71989" lon="6.57215">
        <ele>730.9</ele>
      </trkpt>
      <trkpt lat="45.71989" lon="6.57216">
        <ele>730.9</ele>
      </trkpt>
      <trkpt lat="45.71989" lon="6.57217">
        <ele>730.9</ele>
      </trkpt>
      <trkpt lat="45.71989" lon="6.57218">
        <ele>730.9</ele>
      </trkpt>
      <trkpt lat="45.71989" lon="6.57219">
        <ele>730.9</ele>
      </trkpt>
      <trkpt lat="45.71989" lon="6.572199">
        <ele>731.0</ele>
      </trkpt>
      <trkpt lat="45.71989" lon="6.57221">
        <ele>731.0</ele>
      </trkpt>
      <trkpt lat="45.71989" lon="6.57222">
        <ele>731.0</ele>
      </trkpt>
      <trkpt lat="45.7199" lon="6.57223">
        <ele>731.0</ele>
      </trkpt>
      <trkpt lat="45.7199" lon="6.57224">
        <ele>731.0</ele>
      </trkpt>
      <trkpt lat="45.7199" lon="6.57224">
        <ele>731.0</ele>
      </trkpt>
      <trkpt lat="45.71971" lon="6.57272">
        <ele>733.2</ele>
      </trkpt>
      <trkpt lat="45.71962" lon="6.57292">
        <ele>734.4</ele>
      </trkpt>
      <trkpt lat="45.7196" lon="6.572949">
        <ele>734.5</ele>
      </trkpt>
      <trkpt lat="45.71955" lon="6.57304">
        <ele>734.8</ele>
      </trkpt>
      <trkpt lat="45.71949" lon="6.57315">
        <ele>734.9</ele>
      </trkpt>
      <trkpt lat="45.71948" lon="6.57316">
        <ele>734.9</ele>
      </trkpt>
      <trkpt lat="45.71937" lon="6.57334">
        <ele>734.8</ele>
      </trkpt>
      <trkpt lat="45.71936" lon="6.57337">
        <ele>734.9</ele>
      </trkpt>
      <trkpt lat="45.71924" lon="6.57352">
        <ele>734.8</ele>
      </trkpt>
      <trkpt lat="45.71918" lon="6.57362">
        <ele>734.9</ele>
      </trkpt>
      <trkpt lat="45.71918" lon="6.57363">
        <ele>734.9</ele>
      </trkpt>
      <trkpt lat="45.719119" lon="6.57371">
        <ele>735.3</ele>
      </trkpt>
      <trkpt lat="45.71908" lon="6.57376">
        <ele>735.7</ele>
      </trkpt>
      <trkpt lat="45.71904" lon="6.5738">
        <ele>735.9</ele>
      </trkpt>
      <trkpt lat="45.719" lon="6.57383">
        <ele>736.1</ele>
      </trkpt>
      <trkpt lat="45.71889" lon="6.5739">
        <ele>736.4</ele>
      </trkpt>
      <trkpt lat="45.71888" lon="6.573889">
        <ele>736.3</ele>
      </trkpt>
      <trkpt lat="45.71888" lon="6.57388">
        <ele>736.3</ele>
      </trkpt>
      <trkpt lat="45.71887" lon="6.57387">
        <ele>736.3</ele>
      </trkpt>
      <trkpt lat="45.71887" lon="6.57386">
        <ele>736.2</ele>
      </trkpt>
      <trkpt lat="45.71886" lon="6.57386">
        <ele>736.2</ele>
      </trkpt>
      <trkpt lat="45.71886" lon="6.57385">
        <ele>736.2</ele>
      </trkpt>
      <trkpt lat="45.71885" lon="6.57385">
        <ele>736.2</ele>
      </trkpt>
      <trkpt lat="45.71884" lon="6.57385">
        <ele>736.2</ele>
      </trkpt>
      <trkpt lat="45.718829" lon="6.57385">
        <ele>736.2</ele>
      </trkpt>
      <trkpt lat="45.71882" lon="6.57385">
        <ele>736.2</ele>
      </trkpt>
      <trkpt lat="45.71881" lon="6.57385">
        <ele>736.2</ele>
      </trkpt>
      <trkpt lat="45.7188" lon="6.57385">
        <ele>736.2</ele>
      </trkpt>
      <trkpt lat="45.7188" lon="6.57386">
        <ele>736.3</ele>
      </trkpt>
      <trkpt lat="45.71879" lon="6.57386">
        <ele>736.3</ele>
      </trkpt>
      <trkpt lat="45.71879" lon="6.57387">
        <ele>736.3</ele>
      </trkpt>
      <trkpt lat="45.71878" lon="6.57388">
        <ele>736.3</ele>
      </trkpt>
      <trkpt lat="45.71878" lon="6.573889">
        <ele>736.3</ele>
      </trkpt>
      <trkpt lat="45.71877" lon="6.5739">
        <ele>736.4</ele>
      </trkpt>
      <trkpt lat="45.71877" lon="6.57391">
        <ele>736.4</ele>
      </trkpt>
      <trkpt lat="45.71877" lon="6.57392">
        <ele>736.4</ele>
      </trkpt>
      <trkpt lat="45.71877" lon="6.57393">
        <ele>736.4</ele>
      </trkpt>
      <trkpt lat="45.71877" lon="6.57394">
        <ele>736.5</ele>
      </trkpt>
      <trkpt lat="45.71877" lon="6.57395">
        <ele>736.5</ele>
      </trkpt>
      <trkpt lat="45.71877" lon="6.573959">
        <ele>736.5</ele>
      </trkpt>
      <trkpt lat="45.71877" lon="6.57397">
        <ele>736.5</ele>
      </trkpt>
      <trkpt lat="45.71853" lon="6.57434">
        <ele>737.4</ele>
      </trkpt>
      <trkpt lat="45.71841" lon="6.57452">
        <ele>738.0</ele>
      </trkpt>
      <trkpt lat="45.71834" lon="6.57463">
        <ele>738.2</ele>
      </trkpt>
      <trkpt lat="45.7183" lon="6.57469">
        <ele>738.7</ele>
      </trkpt>
      <trkpt lat="45.71811" lon="6.57496">
        <ele>740.9</ele>
      </trkpt>
      <trkpt lat="45.7181" lon="6.57497">
        <ele>741.0</ele>
      </trkpt>
      <trkpt lat="45.71806" lon="6.57502">
        <ele>741.5</ele>
      </trkpt>
      <trkpt lat="45.71796" lon="6.57515">
        <ele>742.9</ele>
      </trkpt>
      <trkpt lat="45.71792" lon="6.5752">
        <ele>743.4</ele>
      </trkpt>
      <trkpt lat="45.71786" lon="6.57528">
        <ele>744.1</ele>
      </trkpt>
      <trkpt lat="45.71781" lon="6.57534">
        <ele>744.5</ele>
      </trkpt>
      <trkpt lat="45.71778" lon="6.57536">
        <ele>744.7</ele>
      </trkpt>
      <trkpt lat="45.71777" lon="6.57537">
        <ele>744.7</ele>
      </trkpt>
      <trkpt lat="45.71768" lon="6.57543">
        <ele>745.1</ele>
      </trkpt>
      <trkpt lat="45.71758" lon="6.57549">
        <ele>745.2</ele>
      </trkpt>
      <trkpt lat="45.71745" lon="6.57556">
        <ele>745.9</ele>
      </trkpt>
      <trkpt lat="45.71737" lon="6.5756">
        <ele>746.8</ele>
      </trkpt>
      <trkpt lat="45.71731" lon="6.57563">
        <ele>747.4</ele>
      </trkpt>
      <trkpt lat="45.71725" lon="6.57567">
        <ele>748.0</ele>
      </trkpt>
      <trkpt lat="45.71719" lon="6.57571">
        <ele>748.5</ele>
      </trkpt>
      <trkpt lat="45.71707" lon="6.575789">
        <ele>749.3</ele>
      </trkpt>
      <trkpt lat="45.717" lon="6.57585">
        <ele>749.8</ele>
      </trkpt>
      <trkpt lat="45.71698" lon="6.57587">
        <ele>750.3</ele>
      </trkpt>
      <trkpt lat="45.71695" lon="6.57589">
        <ele>750.8</ele>
      </trkpt>
      <trkpt lat="45.7169" lon="6.575929">
        <ele>751.7</ele>
      </trkpt>
      <trkpt lat="45.716859" lon="6.57596">
        <ele>752.4</ele>
      </trkpt>
      <trkpt lat="45.71682" lon="6.57599">
        <ele>753.1</ele>
      </trkpt>
      <trkpt lat="45.7166" lon="6.57611">
        <ele>756.5</ele>
      </trkpt>
      <trkpt lat="45.71648" lon="6.57616">
        <ele>758.6</ele>
      </trkpt>
      <trkpt lat="45.71647" lon="6.57616">
        <ele>758.7</ele>
      </trkpt>
      <trkpt lat="45.71638" lon="6.57618">
        <ele>760.0</ele>
      </trkpt>
      <trkpt lat="45.716209" lon="6.5762">
        <ele>762.1</ele>
      </trkpt>
      <trkpt lat="45.71601" lon="6.57621">
        <ele>764.4</ele>
      </trkpt>
      <trkpt lat="45.71598" lon="6.57622">
        <ele>764.8</ele>
      </trkpt>
      <trkpt lat="45.715829" lon="6.57623">
        <ele>766.5</ele>
      </trkpt>
      <trkpt lat="45.71566" lon="6.57624">
        <ele>767.0</ele>
      </trkpt>
      <trkpt lat="45.71551" lon="6.57623">
        <ele>767.5</ele>
      </trkpt>
      <trkpt lat="45.71539" lon="6.57622">
        <ele>767.9</ele>
      </trkpt>
      <trkpt lat="45.71529" lon="6.57621">
        <ele>768.3</ele>
      </trkpt>
      <trkpt lat="45.71525" lon="6.57621">
        <ele>768.4</ele>
      </trkpt>
      <trkpt lat="45.71511" lon="6.57622">
        <ele>768.9</ele>
      </trkpt>
      <trkpt lat="45.71498" lon="6.57625">
        <ele>769.4</ele>
      </trkpt>
      <trkpt lat="45.71495" lon="6.57626">
        <ele>769.8</ele>
      </trkpt>
      <trkpt lat="45.71492" lon="6.57627">
        <ele>770.2</ele>
      </trkpt>
      <trkpt lat="45.71486" lon="6.5763">
        <ele>770.9</ele>
      </trkpt>
      <trkpt lat="45.71475" lon="6.57637">
        <ele>771.7</ele>
      </trkpt>
      <trkpt lat="45.71473" lon="6.57639">
        <ele>771.7</ele>
      </trkpt>
      <trkpt lat="45.71466" lon="6.57645">
        <ele>771.5</ele>
      </trkpt>
      <trkpt lat="45.71457" lon="6.57655">
        <ele>770.5</ele>
      </trkpt>
      <trkpt lat="45.7145" lon="6.57665">
        <ele>768.8</ele>
      </trkpt>
      <trkpt lat="45.7145" lon="6.57666">
        <ele>768.6</ele>
      </trkpt>
      <trkpt lat="45.71447" lon="6.57671">
        <ele>769.2</ele>
      </trkpt>
      <trkpt lat="45.71447" lon="6.57672">
        <ele>769.3</ele>
      </trkpt>
      <trkpt lat="45.71445" lon="6.57677">
        <ele>770.1</ele>
      </trkpt>
      <trkpt lat="45.71443" lon="6.57684">
        <ele>771.0</ele>
      </trkpt>
      <trkpt lat="45.714419" lon="6.57688">
        <ele>771.5</ele>
      </trkpt>
      <trkpt lat="45.7144" lon="6.57696">
        <ele>772.5</ele>
      </trkpt>
      <trkpt lat="45.71437" lon="6.5771">
        <ele>774.0</ele>
      </trkpt>
      <trkpt lat="45.71435" lon="6.57721">
        <ele>775.1</ele>
      </trkpt>
      <trkpt lat="45.71431" lon="6.57741">
        <ele>776.7</ele>
      </trkpt>
      <trkpt lat="45.71431" lon="6.57746">
        <ele>777.2</ele>
      </trkpt>
      <trkpt lat="45.71427" lon="6.57771">
        <ele>779.5</ele>
      </trkpt>
      <trkpt lat="45.71425" lon="6.5779">
        <ele>781.4</ele>
      </trkpt>
      <trkpt lat="45.71423" lon="6.57798">
        <ele>781.9</ele>
      </trkpt>
      <trkpt lat="45.71422" lon="6.57809">
        <ele>782.9</ele>
      </trkpt>
      <trkpt lat="45.71419" lon="6.57818">
        <ele>783.0</ele>
      </trkpt>
      <trkpt lat="45.71418" lon="6.578229">
        <ele>783.3</ele>
      </trkpt>
      <trkpt lat="45.71416" lon="6.57827">
        <ele>783.6</ele>
      </trkpt>
      <trkpt lat="45.71413" lon="6.57834">
        <ele>785.5</ele>
      </trkpt>
      <trkpt lat="45.7141" lon="6.57841">
        <ele>787.5</ele>
      </trkpt>
      <trkpt lat="45.71408" lon="6.578439">
        <ele>788.5</ele>
      </trkpt>
      <trkpt lat="45.71405" lon="6.57849">
        <ele>790.0</ele>
      </trkpt>
      <trkpt lat="45.714" lon="6.57857">
        <ele>792.3</ele>
      </trkpt>
      <trkpt lat="45.71396" lon="6.57863">
        <ele>793.8</ele>
      </trkpt>
      <trkpt lat="45.713949" lon="6.57864">
        <ele>794.2</ele>
      </trkpt>
      <trkpt lat="45.71382" lon="6.5788">
        <ele>797.7</ele>
      </trkpt>
      <trkpt lat="45.713679" lon="6.57896">
        <ele>799.6</ele>
      </trkpt>
      <trkpt lat="45.71367" lon="6.57897">
        <ele>799.7</ele>
      </trkpt>
      <trkpt lat="45.71355" lon="6.57913">
        <ele>799.6</ele>
      </trkpt>
      <trkpt lat="45.71342" lon="6.57931">
        <ele>799.7</ele>
      </trkpt>
      <trkpt lat="45.713389" lon="6.57934">
        <ele>799.6</ele>
      </trkpt>
      <trkpt lat="45.71331" lon="6.57948">
        <ele>801.7</ele>
      </trkpt>
      <trkpt lat="45.713299" lon="6.5795">
        <ele>802.9</ele>
      </trkpt>
      <trkpt lat="45.71328" lon="6.57953">
        <ele>805.2</ele>
      </trkpt>
      <trkpt lat="45.71325" lon="6.57958">
        <ele>808.5</ele>
      </trkpt>
      <trkpt lat="45.71323" lon="6.57964">
        <ele>810.6</ele>
      </trkpt>
      <trkpt lat="45.713209" lon="6.57973">
        <ele>812.4</ele>
      </trkpt>
      <trkpt lat="45.7132" lon="6.57986">
        <ele>812.7</ele>
      </trkpt>
      <trkpt lat="45.7132" lon="6.57994">
        <ele>812.1</ele>
      </trkpt>
      <trkpt lat="45.7132" lon="6.58004">
        <ele>812.3</ele>
      </trkpt>
      <trkpt lat="45.7132" lon="6.58024">
        <ele>814.9</ele>
      </trkpt>
      <trkpt lat="45.7132" lon="6.58044">
        <ele>817.6</ele>
      </trkpt>
      <trkpt lat="45.71319" lon="6.5805">
        <ele>819.3</ele>
      </trkpt>
      <trkpt lat="45.71319" lon="6.58056">
        <ele>820.1</ele>
      </trkpt>
      <trkpt lat="45.71314" lon="6.580879">
        <ele>827.1</ele>
      </trkpt>
      <trkpt lat="45.71311" lon="6.58099">
        <ele>828.4</ele>
      </trkpt>
      <trkpt lat="45.7131" lon="6.58099">
        <ele>829.0</ele>
      </trkpt>
      <trkpt lat="45.71307" lon="6.58112">
        <ele>829.6</ele>
      </trkpt>
      <trkpt lat="45.71304" lon="6.58124">
        <ele>829.9</ele>
      </trkpt>
      <trkpt lat="45.71302" lon="6.58136">
        <ele>829.3</ele>
      </trkpt>
      <trkpt lat="45.71301" lon="6.581489">
        <ele>827.8</ele>
      </trkpt>
      <trkpt lat="45.713" lon="6.58165">
        <ele>825.8</ele>
      </trkpt>
      <trkpt lat="45.71299" lon="6.58174">
        <ele>827.4</ele>
      </trkpt>
      <trkpt lat="45.71299" lon="6.58183">
        <ele>829.3</ele>
      </trkpt>
      <trkpt lat="45.71298" lon="6.58193">
        <ele>831.5</ele>
      </trkpt>
      <trkpt lat="45.71296" lon="6.582">
        <ele>832.9</ele>
      </trkpt>
      <trkpt lat="45.71296" lon="6.582029">
        <ele>833.5</ele>
      </trkpt>
      <trkpt lat="45.71294" lon="6.58213">
        <ele>835.1</ele>
      </trkpt>
      <trkpt lat="45.71291" lon="6.58222">
        <ele>836.0</ele>
      </trkpt>
      <trkpt lat="45.7129" lon="6.58224">
        <ele>836.1</ele>
      </trkpt>
      <trkpt lat="45.71288" lon="6.58231">
        <ele>836.5</ele>
      </trkpt>
      <trkpt lat="45.71281" lon="6.58246">
        <ele>835.5</ele>
      </trkpt>
      <trkpt lat="45.71272" lon="6.58268">
        <ele>840.2</ele>
      </trkpt>
      <trkpt lat="45.71263" lon="6.58291">
        <ele>844.0</ele>
      </trkpt>
      <trkpt lat="45.71258" lon="6.58303">
        <ele>844.3</ele>
      </trkpt>
      <trkpt lat="45.71254" lon="6.58312">
        <ele>843.7</ele>
      </trkpt>
      <trkpt lat="45.71252" lon="6.58315">
        <ele>842.7</ele>
      </trkpt>
      <trkpt lat="45.71242" lon="6.583319">
        <ele>852.5</ele>
      </trkpt>
      <trkpt lat="45.71231" lon="6.58352">
        <ele>884.5</ele>
      </trkpt>
      <trkpt lat="45.7122" lon="6.58371">
        <ele>912.5</ele>
      </trkpt>
      <trkpt lat="45.7122" lon="6.583719">
        <ele>913.6</ele>
      </trkpt>
      <trkpt lat="45.71209" lon="6.583929">
        <ele>939.3</ele>
      </trkpt>
      <trkpt lat="45.71199" lon="6.58412">
        <ele>958.7</ele>
      </trkpt>
      <trkpt lat="45.71199" lon="6.58414">
        <ele>960.5</ele>
      </trkpt>
      <trkpt lat="45.71196" lon="6.58421">
        <ele>965.0</ele>
      </trkpt>
      <trkpt lat="45.71193" lon="6.58431">
        <ele>970.2</ele>
      </trkpt>
      <trkpt lat="45.71192" lon="6.58438">
        <ele>973.8</ele>
      </trkpt>
      <trkpt lat="45.71191" lon="6.58441">
        <ele>975.4</ele>
      </trkpt>
      <trkpt lat="45.7119" lon="6.5845">
        <ele>980.2</ele>
      </trkpt>
      <trkpt lat="45.711889" lon="6.58463">
        <ele>987.2</ele>
      </trkpt>
      <trkpt lat="45.71187" lon="6.58489">
        <ele>1001.4</ele>
      </trkpt>
      <trkpt lat="45.71185" lon="6.585149">
        <ele>998.8</ele>
      </trkpt>
      <trkpt lat="45.71184" lon="6.5854">
        <ele>983.2</ele>
      </trkpt>
      <trkpt lat="45.71182" lon="6.58566">
        <ele>966.5</ele>
      </trkpt>
      <trkpt lat="45.71182" lon="6.58573">
        <ele>961.9</ele>
      </trkpt>
      <trkpt lat="45.711799" lon="6.58592">
        <ele>944.6</ele>
      </trkpt>
      <trkpt lat="45.71179" lon="6.58617">
        <ele>914.8</ele>
      </trkpt>
      <trkpt lat="45.71178" lon="6.586299">
        <ele>898.6</ele>
      </trkpt>
      <trkpt lat="45.71177" lon="6.5864">
        <ele>885.6</ele>
      </trkpt>
      <trkpt lat="45.71176" lon="6.58643">
        <ele>880.9</ele>
      </trkpt>
      <trkpt lat="45.71175" lon="6.58651">
        <ele>870.0</ele>
      </trkpt>
      <trkpt lat="45.71173" lon="6.58661">
        <ele>855.0</ele>
      </trkpt>
      <trkpt lat="45.711709" lon="6.58667">
        <ele>845.0</ele>
      </trkpt>
      <trkpt lat="45.7117" lon="6.58671">
        <ele>843.5</ele>
      </trkpt>
      <trkpt lat="45.71168" lon="6.5868">
        <ele>840.5</ele>
      </trkpt>
      <trkpt lat="45.71164" lon="6.586909">
        <ele>839.8</ele>
      </trkpt>
      <trkpt lat="45.71156" lon="6.58714">
        <ele>842.3</ele>
      </trkpt>
      <trkpt lat="45.71147" lon="6.58736">
        <ele>843.5</ele>
      </trkpt>
      <trkpt lat="45.71147" lon="6.58737">
        <ele>843.4</ele>
      </trkpt>
      <trkpt lat="45.71144" lon="6.58744">
        <ele>843.5</ele>
      </trkpt>
      <trkpt lat="45.711419" lon="6.587519">
        <ele>843.5</ele>
      </trkpt>
      <trkpt lat="45.7114" lon="6.5876">
        <ele>845.1</ele>
      </trkpt>
      <trkpt lat="45.7114" lon="6.58761">
        <ele>845.2</ele>
      </trkpt>
      <trkpt lat="45.71136" lon="6.58785">
        <ele>848.9</ele>
      </trkpt>
      <trkpt lat="45.71131" lon="6.5881">
        <ele>851.9</ele>
      </trkpt>
      <trkpt lat="45.71127" lon="6.58835">
        <ele>854.1</ele>
      </trkpt>
      <trkpt lat="45.7112" lon="6.58871">
        <ele>860.2</ele>
      </trkpt>
      <trkpt lat="45.71112" lon="6.58904">
        <ele>863.6</ele>
      </trkpt>
      <trkpt lat="45.71108" lon="6.58919">
        <ele>864.4</ele>
      </trkpt>
      <trkpt lat="45.71103" lon="6.58931">
        <ele>863.7</ele>
      </trkpt>
      <trkpt lat="45.711" lon="6.58938">
        <ele>863.3</ele>
      </trkpt>
      <trkpt lat="45.71091" lon="6.589489">
        <ele>862.5</ele>
      </trkpt>
      <trkpt lat="45.71069" lon="6.58968">
        <ele>860.8</ele>
      </trkpt>
      <trkpt lat="45.7105" lon="6.58986">
        <ele>859.3</ele>
      </trkpt>
      <trkpt lat="45.71038" lon="6.58995">
        <ele>858.8</ele>
      </trkpt>
      <trkpt lat="45.710299" lon="6.59002">
        <ele>858.1</ele>
      </trkpt>
      <trkpt lat="45.71022" lon="6.59007">
        <ele>857.8</ele>
      </trkpt>
      <trkpt lat="45.71008" lon="6.59016">
        <ele>857.1</ele>
      </trkpt>
      <trkpt lat="45.71006" lon="6.59017">
        <ele>856.9</ele>
      </trkpt>
      <trkpt lat="45.710009" lon="6.59019">
        <ele>856.6</ele>
      </trkpt>
      <trkpt lat="45.70995" lon="6.59019">
        <ele>859.2</ele>
      </trkpt>
      <trkpt lat="45.70993" lon="6.59019">
        <ele>860.2</ele>
      </trkpt>
      <trkpt lat="45.70991" lon="6.59018">
        <ele>861.3</ele>
      </trkpt>
      <trkpt lat="45.7099" lon="6.59016">
        <ele>862.0</ele>
      </trkpt>
      <trkpt lat="45.70989" lon="6.59015">
        <ele>862.6</ele>
      </trkpt>
      <trkpt lat="45.70987" lon="6.590099">
        <ele>864.2</ele>
      </trkpt>
      <trkpt lat="45.70987" lon="6.59005">
        <ele>864.7</ele>
      </trkpt>
      <trkpt lat="45.70987" lon="6.590029">
        <ele>864.8</ele>
      </trkpt>
      <trkpt lat="45.70987" lon="6.59002">
        <ele>864.9</ele>
      </trkpt>
      <trkpt lat="45.70988" lon="6.59001">
        <ele>864.4</ele>
      </trkpt>
      <trkpt lat="45.70989" lon="6.58999">
        <ele>864.1</ele>
      </trkpt>
      <trkpt lat="45.7099" lon="6.58997">
        <ele>864.0</ele>
      </trkpt>
      <trkpt lat="45.70994" lon="6.58995">
        <ele>861.9</ele>
      </trkpt>
      <trkpt lat="45.71" lon="6.5899">
        <ele>859.0</ele>
      </trkpt>
      <trkpt lat="45.71015" lon="6.58979">
        <ele>860.8</ele>
      </trkpt>
      <trkpt lat="45.71018" lon="6.58975">
        <ele>861.3</ele>
      </trkpt>
      <trkpt lat="45.710209" lon="6.58969">
        <ele>861.9</ele>
      </trkpt>
      <trkpt lat="45.71023" lon="6.58966">
        <ele>862.2</ele>
      </trkpt>
      <trkpt lat="45.71024" lon="6.58962">
        <ele>862.6</ele>
      </trkpt>
      <trkpt lat="45.71026" lon="6.58956">
        <ele>863.1</ele>
      </trkpt>
      <trkpt lat="45.71027" lon="6.589489">
        <ele>863.8</ele>
      </trkpt>
      <trkpt lat="45.71027" lon="6.589419">
        <ele>864.6</ele>
      </trkpt>
      <trkpt lat="45.71027" lon="6.58941">
        <ele>864.7</ele>
      </trkpt>
      <trkpt lat="45.71027" lon="6.5894">
        <ele>864.8</ele>
      </trkpt>
      <trkpt lat="45.71027" lon="6.58938">
        <ele>865.1</ele>
      </trkpt>
      <trkpt lat="45.71026" lon="6.58936">
        <ele>865.5</ele>
      </trkpt>
      <trkpt lat="45.71025" lon="6.58934">
        <ele>865.9</ele>
      </trkpt>
      <trkpt lat="45.71024" lon="6.58933">
        <ele>866.2</ele>
      </trkpt>
      <trkpt lat="45.71023" lon="6.58932">
        <ele>866.5</ele>
      </trkpt>
      <trkpt lat="45.710209" lon="6.58932">
        <ele>866.9</ele>
      </trkpt>
      <trkpt lat="45.7102" lon="6.58932">
        <ele>867.1</ele>
      </trkpt>
      <trkpt lat="45.71017" lon="6.58932">
        <ele>867.7</ele>
      </trkpt>
      <trkpt lat="45.71014" lon="6.58934">
        <ele>867.9</ele>
      </trkpt>
      <trkpt lat="45.71014" lon="6.589349">
        <ele>867.7</ele>
      </trkpt>
      <trkpt lat="45.71005" lon="6.58945">
        <ele>867.5</ele>
      </trkpt>
      <trkpt lat="45.71" lon="6.58952">
        <ele>866.8</ele>
      </trkpt>
      <trkpt lat="45.70998" lon="6.58955">
        <ele>867.7</ele>
      </trkpt>
      <trkpt lat="45.7099" lon="6.58964">
        <ele>871.8</ele>
      </trkpt>
      <trkpt lat="45.70986" lon="6.58968">
        <ele>873.8</ele>
      </trkpt>
      <trkpt lat="45.70977" lon="6.58977">
        <ele>877.9</ele>
      </trkpt>
      <trkpt lat="45.70971" lon="6.58983">
        <ele>880.3</ele>
      </trkpt>
      <trkpt lat="45.70967" lon="6.58988">
        <ele>881.4</ele>
      </trkpt>
      <trkpt lat="45.70962" lon="6.58994">
        <ele>882.7</ele>
      </trkpt>
      <trkpt lat="45.70958" lon="6.59">
        <ele>883.2</ele>
      </trkpt>
      <trkpt lat="45.709539" lon="6.59005">
        <ele>884.4</ele>
      </trkpt>
      <trkpt lat="45.70947" lon="6.59015">
        <ele>885.6</ele>
      </trkpt>
      <trkpt lat="45.709449" lon="6.59018">
        <ele>885.8</ele>
      </trkpt>
      <trkpt lat="45.70934" lon="6.59038">
        <ele>884.3</ele>
      </trkpt>
      <trkpt lat="45.70922" lon="6.59058">
        <ele>880.8</ele>
      </trkpt>
      <trkpt lat="45.70911" lon="6.59076">
        <ele>875.5</ele>
      </trkpt>
      <trkpt lat="45.7091" lon="6.59077">
        <ele>875.3</ele>
      </trkpt>
      <trkpt lat="45.708979" lon="6.59096">
        <ele>872.7</ele>
      </trkpt>
      <trkpt lat="45.70877" lon="6.5913">
        <ele>869.9</ele>
      </trkpt>
      <trkpt lat="45.70875" lon="6.59135">
        <ele>869.1</ele>
      </trkpt>
      <trkpt lat="45.70871" lon="6.59142">
        <ele>868.3</ele>
      </trkpt>
      <trkpt lat="45.70867" lon="6.59148">
        <ele>867.6</ele>
      </trkpt>
      <trkpt lat="45.70862" lon="6.59154">
        <ele>867.0</ele>
      </trkpt>
      <trkpt lat="45.70858" lon="6.59159">
        <ele>866.5</ele>
      </trkpt>
      <trkpt lat="45.70853" lon="6.59162">
        <ele>866.5</ele>
      </trkpt>
      <trkpt lat="45.70847" lon="6.59166">
        <ele>866.4</ele>
      </trkpt>
      <trkpt lat="45.70829" lon="6.5917">
        <ele>869.0</ele>
      </trkpt>
      <trkpt lat="45.70826" lon="6.5917">
        <ele>869.9</ele>
      </trkpt>
      <trkpt lat="45.70818" lon="6.591719">
        <ele>872.2</ele>
      </trkpt>
      <trkpt lat="45.70811" lon="6.59174">
        <ele>874.2</ele>
      </trkpt>
      <trkpt lat="45.70809" lon="6.59175">
        <ele>874.7</ele>
      </trkpt>
      <trkpt lat="45.70803" lon="6.59178">
        <ele>876.3</ele>
      </trkpt>
      <trkpt lat="45.70798" lon="6.59182">
        <ele>877.5</ele>
      </trkpt>
      <trkpt lat="45.707949" lon="6.59184">
        <ele>878.3</ele>
      </trkpt>
      <trkpt lat="45.70793" lon="6.591859">
        <ele>878.7</ele>
      </trkpt>
      <trkpt lat="45.70789" lon="6.59191">
        <ele>879.5</ele>
      </trkpt>
      <trkpt lat="45.70785" lon="6.59196">
        <ele>880.3</ele>
      </trkpt>
      <trkpt lat="45.70782" lon="6.59202">
        <ele>880.7</ele>
      </trkpt>
      <trkpt lat="45.707769" lon="6.59214">
        <ele>881.2</ele>
      </trkpt>
      <trkpt lat="45.70774" lon="6.59223">
        <ele>881.4</ele>
      </trkpt>
      <trkpt lat="45.70773" lon="6.59225">
        <ele>881.5</ele>
      </trkpt>
      <trkpt lat="45.70771" lon="6.59235">
        <ele>881.3</ele>
      </trkpt>
      <trkpt lat="45.70768" lon="6.592539">
        <ele>880.6</ele>
      </trkpt>
      <trkpt lat="45.70767" lon="6.59256">
        <ele>880.8</ele>
      </trkpt>
      <trkpt lat="45.70763" lon="6.59273">
        <ele>880.8</ele>
      </trkpt>
      <trkpt lat="45.70763" lon="6.59274">
        <ele>880.7</ele>
      </trkpt>
      <trkpt lat="45.70758" lon="6.59286">
        <ele>881.2</ele>
      </trkpt>
      <trkpt lat="45.70753" lon="6.59296">
        <ele>881.7</ele>
      </trkpt>
      <trkpt lat="45.70746" lon="6.5931">
        <ele>882.9</ele>
      </trkpt>
      <trkpt lat="45.70742" lon="6.59316">
        <ele>884.0</ele>
      </trkpt>
      <trkpt lat="45.7074" lon="6.59322">
        <ele>884.3</ele>
      </trkpt>
      <trkpt lat="45.70732" lon="6.59337">
        <ele>886.5</ele>
      </trkpt>
      <trkpt lat="45.70724" lon="6.59352">
        <ele>889.6</ele>
      </trkpt>
      <trkpt lat="45.70721" lon="6.59358">
        <ele>890.8</ele>
      </trkpt>
      <trkpt lat="45.70718" lon="6.59365">
        <ele>892.0</ele>
      </trkpt>
      <trkpt lat="45.70716" lon="6.59374">
        <ele>892.7</ele>
      </trkpt>
      <trkpt lat="45.70713" lon="6.59387">
        <ele>893.8</ele>
      </trkpt>
      <trkpt lat="45.70713" lon="6.59389">
        <ele>893.8</ele>
      </trkpt>
      <trkpt lat="45.70713" lon="6.59389">
        <ele>893.8</ele>
      </trkpt>
      <trkpt lat="45.70708" lon="6.59462">
        <ele>897.0</ele>
      </trkpt>
      <trkpt lat="45.70706" lon="6.59487">
        <ele>898.9</ele>
      </trkpt>
      <trkpt lat="45.70704" lon="6.59513">
        <ele>901.2</ele>
      </trkpt>
      <trkpt lat="45.70703" lon="6.59533">
        <ele>903.1</ele>
      </trkpt>
      <trkpt lat="45.70702" lon="6.595589">
        <ele>905.3</ele>
      </trkpt>
      <trkpt lat="45.70702" lon="6.59561">
        <ele>905.5</ele>
      </trkpt>
      <trkpt lat="45.70702" lon="6.59581">
        <ele>906.8</ele>
      </trkpt>
      <trkpt lat="45.70703" lon="6.5961">
        <ele>907.7</ele>
      </trkpt>
      <trkpt lat="45.70704" lon="6.59634">
        <ele>908.3</ele>
      </trkpt>
      <trkpt lat="45.70704" lon="6.59636">
        <ele>908.4</ele>
      </trkpt>
      <trkpt lat="45.70705" lon="6.59662">
        <ele>909.2</ele>
      </trkpt>
      <trkpt lat="45.70705" lon="6.59687">
        <ele>910.0</ele>
      </trkpt>
      <trkpt lat="45.70706" lon="6.59713">
        <ele>910.2</ele>
      </trkpt>
      <trkpt lat="45.70705" lon="6.59733">
        <ele>911.3</ele>
      </trkpt>
      <trkpt lat="45.70705" lon="6.59736">
        <ele>911.4</ele>
      </trkpt>
      <trkpt lat="45.70703" lon="6.59759">
        <ele>913.1</ele>
      </trkpt>
      <trkpt lat="45.70703" lon="6.5976">
        <ele>913.1</ele>
      </trkpt>
      <trkpt lat="45.70702" lon="6.59774">
        <ele>914.0</ele>
      </trkpt>
      <trkpt lat="45.706993" lon="6.59773">
        <ele>915.4</ele>
      </trkpt>
      <trkpt lat="45.70702" lon="6.59774">
        <ele>914.0</ele>
      </trkpt>
      <trkpt lat="45.707009" lon="6.59784">
        <ele>914.9</ele>
      </trkpt>
      <trkpt lat="45.70699" lon="6.59797">
        <ele>916.3</ele>
      </trkpt>
      <trkpt lat="45.70697" lon="6.59809">
        <ele>917.7</ele>
      </trkpt>
      <trkpt lat="45.70693" lon="6.59832">
        <ele>920.4</ele>
      </trkpt>
      <trkpt lat="45.706919" lon="6.59834">
        <ele>920.9</ele>
      </trkpt>
      <trkpt lat="45.70687" lon="6.59859">
        <ele>924.0</ele>
      </trkpt>
      <trkpt lat="45.706829" lon="6.59878">
        <ele>926.4</ele>
      </trkpt>
      <trkpt lat="45.70682" lon="6.59884">
        <ele>927.0</ele>
      </trkpt>
      <trkpt lat="45.70675" lon="6.59913">
        <ele>930.9</ele>
      </trkpt>
      <trkpt lat="45.70672" lon="6.59933">
        <ele>932.4</ele>
      </trkpt>
      <trkpt lat="45.70671" lon="6.59937">
        <ele>932.9</ele>
      </trkpt>
      <trkpt lat="45.70668" lon="6.599579">
        <ele>934.3</ele>
      </trkpt>
      <trkpt lat="45.70667" lon="6.59963">
        <ele>934.8</ele>
      </trkpt>
      <trkpt lat="45.70665" lon="6.59984">
        <ele>936.0</ele>
      </trkpt>
      <trkpt lat="45.70662" lon="6.60009">
        <ele>938.5</ele>
      </trkpt>
      <trkpt lat="45.7066" lon="6.60027">
        <ele>940.9</ele>
      </trkpt>
      <trkpt lat="45.70659" lon="6.60035">
        <ele>942.0</ele>
      </trkpt>
      <trkpt lat="45.70658" lon="6.60051">
        <ele>943.6</ele>
      </trkpt>
      <trkpt lat="45.70657" lon="6.6006">
        <ele>944.7</ele>
      </trkpt>
      <trkpt lat="45.70657" lon="6.60063">
        <ele>944.9</ele>
      </trkpt>
      <trkpt lat="45.70656" lon="6.60075">
        <ele>946.3</ele>
      </trkpt>
      <trkpt lat="45.70656" lon="6.60086">
        <ele>947.2</ele>
      </trkpt>
      <trkpt lat="45.70656" lon="6.600869">
        <ele>947.4</ele>
      </trkpt>
      <trkpt lat="45.70657" lon="6.601">
        <ele>948.8</ele>
      </trkpt>
      <trkpt lat="45.70659" lon="6.60111">
        <ele>949.1</ele>
      </trkpt>
      <trkpt lat="45.70659" lon="6.60112">
        <ele>949.2</ele>
      </trkpt>
      <trkpt lat="45.70661" lon="6.60124">
        <ele>949.6</ele>
      </trkpt>
      <trkpt lat="45.70664" lon="6.60136">
        <ele>949.0</ele>
      </trkpt>
      <trkpt lat="45.7067" lon="6.6016">
        <ele>948.5</ele>
      </trkpt>
      <trkpt lat="45.70676" lon="6.60184">
        <ele>951.4</ele>
      </trkpt>
      <trkpt lat="45.706829" lon="6.60208">
        <ele>954.2</ele>
      </trkpt>
      <trkpt lat="45.706829" lon="6.602089">
        <ele>954.5</ele>
      </trkpt>
      <trkpt lat="45.70691" lon="6.60231">
        <ele>955.7</ele>
      </trkpt>
      <trkpt lat="45.707099" lon="6.60275">
        <ele>957.9</ele>
      </trkpt>
      <trkpt lat="45.70714" lon="6.602839">
        <ele>958.3</ele>
      </trkpt>
      <trkpt lat="45.70718" lon="6.60294">
        <ele>958.9</ele>
      </trkpt>
      <trkpt lat="45.70722" lon="6.60304">
        <ele>959.3</ele>
      </trkpt>
      <trkpt lat="45.70725" lon="6.60314">
        <ele>960.3</ele>
      </trkpt>
      <trkpt lat="45.70727" lon="6.6032">
        <ele>960.6</ele>
      </trkpt>
      <trkpt lat="45.70728" lon="6.60325">
        <ele>961.4</ele>
      </trkpt>
      <trkpt lat="45.70732" lon="6.60344">
        <ele>963.0</ele>
      </trkpt>
      <trkpt lat="45.70732" lon="6.603449">
        <ele>963.2</ele>
      </trkpt>
      <trkpt lat="45.70735" lon="6.60358">
        <ele>963.4</ele>
      </trkpt>
      <trkpt lat="45.70737" lon="6.6037">
        <ele>964.0</ele>
      </trkpt>
      <trkpt lat="45.70745" lon="6.60416">
        <ele>964.4</ele>
      </trkpt>
      <trkpt lat="45.70745" lon="6.604199">
        <ele>965.1</ele>
      </trkpt>
      <trkpt lat="45.70749" lon="6.60445">
        <ele>964.3</ele>
      </trkpt>
      <trkpt lat="45.70752" lon="6.604669">
        <ele>966.0</ele>
      </trkpt>
      <trkpt lat="45.70753" lon="6.6047">
        <ele>966.2</ele>
      </trkpt>
      <trkpt lat="45.70754" lon="6.60482">
        <ele>967.8</ele>
      </trkpt>
      <trkpt lat="45.70754" lon="6.60489">
        <ele>968.7</ele>
      </trkpt>
      <trkpt lat="45.70753" lon="6.60494">
        <ele>969.6</ele>
      </trkpt>
      <trkpt lat="45.70752" lon="6.605">
        <ele>970.6</ele>
      </trkpt>
      <trkpt lat="45.7075" lon="6.60504">
        <ele>970.8</ele>
      </trkpt>
      <trkpt lat="45.707479" lon="6.60508">
        <ele>973.3</ele>
      </trkpt>
      <trkpt lat="45.70746" lon="6.60511">
        <ele>975.9</ele>
      </trkpt>
      <trkpt lat="45.70742" lon="6.60515">
        <ele>981.2</ele>
      </trkpt>
      <trkpt lat="45.70737" lon="6.605209">
        <ele>987.9</ele>
      </trkpt>
      <trkpt lat="45.70734" lon="6.60525">
        <ele>992.0</ele>
      </trkpt>
      <trkpt lat="45.70732" lon="6.6053">
        <ele>994.6</ele>
      </trkpt>
      <trkpt lat="45.70731" lon="6.60536">
        <ele>995.8</ele>
      </trkpt>
      <trkpt lat="45.70731" lon="6.60543">
        <ele>995.6</ele>
      </trkpt>
      <trkpt lat="45.70731" lon="6.6055">
        <ele>995.4</ele>
      </trkpt>
      <trkpt lat="45.70732" lon="6.60557">
        <ele>993.7</ele>
      </trkpt>
      <trkpt lat="45.70732" lon="6.60561">
        <ele>993.5</ele>
      </trkpt>
      <trkpt lat="45.70732" lon="6.60565">
        <ele>993.4</ele>
      </trkpt>
      <trkpt lat="45.70732" lon="6.60573">
        <ele>993.1</ele>
      </trkpt>
      <trkpt lat="45.70732" lon="6.6058">
        <ele>992.9</ele>
      </trkpt>
      <trkpt lat="45.70731" lon="6.60588">
        <ele>994.8</ele>
      </trkpt>
      <trkpt lat="45.707299" lon="6.60594">
        <ele>996.9</ele>
      </trkpt>
      <trkpt lat="45.70728" lon="6.60602">
        <ele>1000.6</ele>
      </trkpt>
      <trkpt lat="45.70714" lon="6.60631">
        <ele>1022.4</ele>
      </trkpt>
      <trkpt lat="45.70709" lon="6.60644">
        <ele>1029.7</ele>
      </trkpt>
      <trkpt lat="45.70706" lon="6.60654">
        <ele>1033.9</ele>
      </trkpt>
      <trkpt lat="45.70704" lon="6.60661">
        <ele>1036.7</ele>
      </trkpt>
      <trkpt lat="45.70702" lon="6.60671">
        <ele>1039.1</ele>
      </trkpt>
      <trkpt lat="45.707009" lon="6.60679">
        <ele>1040.0</ele>
      </trkpt>
      <trkpt lat="45.707009" lon="6.60683">
        <ele>1039.8</ele>
      </trkpt>
      <trkpt lat="45.707" lon="6.606969">
        <ele>1037.5</ele>
      </trkpt>
      <trkpt lat="45.707" lon="6.607039">
        <ele>1036.4</ele>
      </trkpt>
      <trkpt lat="45.707" lon="6.60713">
        <ele>1034.9</ele>
      </trkpt>
      <trkpt lat="45.707009" lon="6.60727">
        <ele>1032.7</ele>
      </trkpt>
      <trkpt lat="45.70703" lon="6.60736">
        <ele>1031.2</ele>
      </trkpt>
      <trkpt lat="45.70706" lon="6.60751">
        <ele>1028.7</ele>
      </trkpt>
      <trkpt lat="45.70707" lon="6.60755">
        <ele>1028.0</ele>
      </trkpt>
      <trkpt lat="45.70714" lon="6.607789">
        <ele>1023.9</ele>
      </trkpt>
      <trkpt lat="45.70714" lon="6.60781">
        <ele>1023.7</ele>
      </trkpt>
      <trkpt lat="45.70721" lon="6.60802">
        <ele>1017.9</ele>
      </trkpt>
      <trkpt lat="45.70723" lon="6.60809">
        <ele>1016.4</ele>
      </trkpt>
      <trkpt lat="45.70729" lon="6.608259">
        <ele>1012.8</ele>
      </trkpt>
      <trkpt lat="45.70731" lon="6.60834">
        <ele>1011.7</ele>
      </trkpt>
      <trkpt lat="45.70734" lon="6.60846">
        <ele>1009.4</ele>
      </trkpt>
      <trkpt lat="45.70735" lon="6.6085">
        <ele>1008.6</ele>
      </trkpt>
      <trkpt lat="45.70735" lon="6.60853">
        <ele>1008.4</ele>
      </trkpt>
      <trkpt lat="45.70736" lon="6.6086">
        <ele>1007.3</ele>
      </trkpt>
      <trkpt lat="45.70736" lon="6.60866">
        <ele>1006.8</ele>
      </trkpt>
      <trkpt lat="45.70736" lon="6.60873">
        <ele>1006.1</ele>
      </trkpt>
      <trkpt lat="45.70735" lon="6.60875">
        <ele>1006.4</ele>
      </trkpt>
      <trkpt lat="45.70735" lon="6.60879">
        <ele>1006.0</ele>
      </trkpt>
      <trkpt lat="45.70734" lon="6.60885">
        <ele>1005.9</ele>
      </trkpt>
      <trkpt lat="45.70731" lon="6.60892">
        <ele>1006.6</ele>
      </trkpt>
      <trkpt lat="45.70728" lon="6.60899">
        <ele>1007.3</ele>
      </trkpt>
      <trkpt lat="45.70727" lon="6.60902">
        <ele>1007.5</ele>
      </trkpt>
      <trkpt lat="45.70722" lon="6.60911">
        <ele>1008.9</ele>
      </trkpt>
      <trkpt lat="45.70717" lon="6.60919">
        <ele>1010.6</ele>
      </trkpt>
      <trkpt lat="45.707099" lon="6.60931">
        <ele>1013.1</ele>
      </trkpt>
      <trkpt lat="45.70707" lon="6.60939">
        <ele>1014.0</ele>
      </trkpt>
      <trkpt lat="45.70707" lon="6.6094">
        <ele>1013.9</ele>
      </trkpt>
      <trkpt lat="45.70703" lon="6.6095">
        <ele>1015.1</ele>
      </trkpt>
      <trkpt lat="45.707" lon="6.6096">
        <ele>1015.7</ele>
      </trkpt>
      <trkpt lat="45.70699" lon="6.60963">
        <ele>1015.9</ele>
      </trkpt>
      <trkpt lat="45.70695" lon="6.60988">
        <ele>1015.9</ele>
      </trkpt>
      <trkpt lat="45.70691" lon="6.61007">
        <ele>1017.1</ele>
      </trkpt>
      <trkpt lat="45.7069" lon="6.61013">
        <ele>1017.8</ele>
      </trkpt>
      <trkpt lat="45.7068" lon="6.61062">
        <ele>1023.9</ele>
      </trkpt>
      <trkpt lat="45.70677" lon="6.61074">
        <ele>1025.3</ele>
      </trkpt>
      <trkpt lat="45.70676" lon="6.61079">
        <ele>1025.8</ele>
      </trkpt>
      <trkpt lat="45.70675" lon="6.61087">
        <ele>1026.4</ele>
      </trkpt>
      <trkpt lat="45.70674" lon="6.61088">
        <ele>1026.7</ele>
      </trkpt>
      <trkpt lat="45.70673" lon="6.61107">
        <ele>1028.1</ele>
      </trkpt>
      <trkpt lat="45.70674" lon="6.61112">
        <ele>1028.2</ele>
      </trkpt>
      <trkpt lat="45.70675" lon="6.61116">
        <ele>1028.2</ele>
      </trkpt>
      <trkpt lat="45.70677" lon="6.611239">
        <ele>1028.3</ele>
      </trkpt>
      <trkpt lat="45.70681" lon="6.61133">
        <ele>1028.0</ele>
      </trkpt>
      <trkpt lat="45.70682" lon="6.61135">
        <ele>1027.9</ele>
      </trkpt>
      <trkpt lat="45.70685" lon="6.61141">
        <ele>1027.7</ele>
      </trkpt>
      <trkpt lat="45.70688" lon="6.61146">
        <ele>1027.3</ele>
      </trkpt>
      <trkpt lat="45.706919" lon="6.61151">
        <ele>1026.8</ele>
      </trkpt>
      <trkpt lat="45.70694" lon="6.61154">
        <ele>1026.6</ele>
      </trkpt>
      <trkpt lat="45.70699" lon="6.61161">
        <ele>1026.0</ele>
      </trkpt>
      <trkpt lat="45.70703" lon="6.6117">
        <ele>1025.7</ele>
      </trkpt>
      <trkpt lat="45.70705" lon="6.61174">
        <ele>1025.4</ele>
      </trkpt>
      <trkpt lat="45.70708" lon="6.6118">
        <ele>1025.0</ele>
      </trkpt>
      <trkpt lat="45.707099" lon="6.61189">
        <ele>1024.9</ele>
      </trkpt>
      <trkpt lat="45.70711" lon="6.61198">
        <ele>1025.0</ele>
      </trkpt>
      <trkpt lat="45.70711" lon="6.612129">
        <ele>1025.5</ele>
      </trkpt>
      <trkpt lat="45.707099" lon="6.61224">
        <ele>1026.0</ele>
      </trkpt>
      <trkpt lat="45.707099" lon="6.61228">
        <ele>1026.2</ele>
      </trkpt>
      <trkpt lat="45.70709" lon="6.6123">
        <ele>1026.3</ele>
      </trkpt>
      <trkpt lat="45.70705" lon="6.61239">
        <ele>1027.0</ele>
      </trkpt>
      <trkpt lat="45.70703" lon="6.612459">
        <ele>1027.3</ele>
      </trkpt>
      <trkpt lat="45.70703" lon="6.61247">
        <ele>1027.3</ele>
      </trkpt>
      <trkpt lat="45.70702" lon="6.61255">
        <ele>1027.7</ele>
      </trkpt>
      <trkpt lat="45.70703" lon="6.61262">
        <ele>1027.9</ele>
      </trkpt>
      <trkpt lat="45.70704" lon="6.6127">
        <ele>1028.1</ele>
      </trkpt>
      <trkpt lat="45.70705" lon="6.61272">
        <ele>1028.1</ele>
      </trkpt>
      <trkpt lat="45.70706" lon="6.61276">
        <ele>1028.2</ele>
      </trkpt>
      <trkpt lat="45.70707" lon="6.61283">
        <ele>1028.5</ele>
      </trkpt>
      <trkpt lat="45.70708" lon="6.6129">
        <ele>1028.7</ele>
      </trkpt>
      <trkpt lat="45.70708" lon="6.61296">
        <ele>1028.9</ele>
      </trkpt>
      <trkpt lat="45.70708" lon="6.61302">
        <ele>1029.2</ele>
      </trkpt>
      <trkpt lat="45.70707" lon="6.61306">
        <ele>1029.4</ele>
      </trkpt>
      <trkpt lat="45.70705" lon="6.61311">
        <ele>1029.7</ele>
      </trkpt>
      <trkpt lat="45.70699" lon="6.61322">
        <ele>1030.4</ele>
      </trkpt>
      <trkpt lat="45.70694" lon="6.6133">
        <ele>1030.9</ele>
      </trkpt>
      <trkpt lat="45.70688" lon="6.61338">
        <ele>1031.0</ele>
      </trkpt>
      <trkpt lat="45.70688" lon="6.6134">
        <ele>1031.0</ele>
      </trkpt>
      <trkpt lat="45.70684" lon="6.61347">
        <ele>1030.7</ele>
      </trkpt>
      <trkpt lat="45.70679" lon="6.6136">
        <ele>1030.1</ele>
      </trkpt>
      <trkpt lat="45.70674" lon="6.61373">
        <ele>1029.3</ele>
      </trkpt>
      <trkpt lat="45.7067" lon="6.61383">
        <ele>1028.5</ele>
      </trkpt>
      <trkpt lat="45.70667" lon="6.6139">
        <ele>1027.9</ele>
      </trkpt>
      <trkpt lat="45.70662" lon="6.61405">
        <ele>1029.3</ele>
      </trkpt>
      <trkpt lat="45.70653" lon="6.61428">
        <ele>1033.4</ele>
      </trkpt>
      <trkpt lat="45.70651" lon="6.61434">
        <ele>1034.8</ele>
      </trkpt>
      <trkpt lat="45.70646" lon="6.61452">
        <ele>1038.7</ele>
      </trkpt>
      <trkpt lat="45.70644" lon="6.61459">
        <ele>1040.2</ele>
      </trkpt>
      <trkpt lat="45.7064" lon="6.61474">
        <ele>1043.6</ele>
      </trkpt>
      <trkpt lat="45.70639" lon="6.61475">
        <ele>1044.2</ele>
      </trkpt>
      <trkpt lat="45.70639" lon="6.61476">
        <ele>1044.3</ele>
      </trkpt>
      <trkpt lat="45.70639" lon="6.61487">
        <ele>1045.2</ele>
      </trkpt>
      <trkpt lat="45.70638" lon="6.61501">
        <ele>1046.8</ele>
      </trkpt>
      <trkpt lat="45.70638" lon="6.61527">
        <ele>1045.7</ele>
      </trkpt>
      <trkpt lat="45.70637" lon="6.61545">
        <ele>1045.6</ele>
      </trkpt>
      <trkpt lat="45.70637" lon="6.61553">
        <ele>1045.3</ele>
      </trkpt>
      <trkpt lat="45.70637" lon="6.61566">
        <ele>1044.8</ele>
      </trkpt>
      <trkpt lat="45.70638" lon="6.615789">
        <ele>1043.7</ele>
      </trkpt>
      <trkpt lat="45.70639" lon="6.61604">
        <ele>1044.2</ele>
      </trkpt>
      <trkpt lat="45.7064" lon="6.61616">
        <ele>1044.2</ele>
      </trkpt>
      <trkpt lat="45.70639" lon="6.6163">
        <ele>1045.7</ele>
      </trkpt>
      <trkpt lat="45.70639" lon="6.61637">
        <ele>1046.1</ele>
      </trkpt>
      <trkpt lat="45.70638" lon="6.6165">
        <ele>1047.7</ele>
      </trkpt>
      <trkpt lat="45.70638" lon="6.61656">
        <ele>1048.1</ele>
      </trkpt>
      <trkpt lat="45.706359" lon="6.61681">
        <ele>1051.0</ele>
      </trkpt>
      <trkpt lat="45.70634" lon="6.61707">
        <ele>1053.7</ele>
      </trkpt>
      <trkpt lat="45.70632" lon="6.61727">
        <ele>1056.1</ele>
      </trkpt>
      <trkpt lat="45.70628" lon="6.61786">
        <ele>1055.5</ele>
      </trkpt>
      <trkpt lat="45.70628" lon="6.61788">
        <ele>1055.2</ele>
      </trkpt>
      <trkpt lat="45.70625" lon="6.61811">
        <ele>1053.8</ele>
      </trkpt>
      <trkpt lat="45.70625" lon="6.61812">
        <ele>1053.7</ele>
      </trkpt>
      <trkpt lat="45.7062" lon="6.61841">
        <ele>1051.9</ele>
      </trkpt>
      <trkpt lat="45.70615" lon="6.61861">
        <ele>1051.1</ele>
      </trkpt>
      <trkpt lat="45.70612" lon="6.61874">
        <ele>1050.2</ele>
      </trkpt>
      <trkpt lat="45.70609" lon="6.61886">
        <ele>1049.2</ele>
      </trkpt>
      <trkpt lat="45.70608" lon="6.6189">
        <ele>1048.8</ele>
      </trkpt>
      <trkpt lat="45.70601" lon="6.61909">
        <ele>1047.3</ele>
      </trkpt>
      <trkpt lat="45.70599" lon="6.61914">
        <ele>1046.8</ele>
      </trkpt>
      <trkpt lat="45.7059" lon="6.61929">
        <ele>1046.2</ele>
      </trkpt>
      <trkpt lat="45.70586" lon="6.61934">
        <ele>1046.1</ele>
      </trkpt>
      <trkpt lat="45.70575" lon="6.619449">
        <ele>1048.7</ele>
      </trkpt>
      <trkpt lat="45.70569" lon="6.61951">
        <ele>1050.1</ele>
      </trkpt>
      <trkpt lat="45.70553" lon="6.61965">
        <ele>1053.2</ele>
      </trkpt>
      <trkpt lat="45.70553" lon="6.61966">
        <ele>1052.8</ele>
      </trkpt>
      <trkpt lat="45.70539" lon="6.61979">
        <ele>1053.6</ele>
      </trkpt>
      <trkpt lat="45.70532" lon="6.619849">
        <ele>1053.6</ele>
      </trkpt>
      <trkpt lat="45.70524" lon="6.61991">
        <ele>1053.6</ele>
      </trkpt>
      <trkpt lat="45.70523" lon="6.61991">
        <ele>1053.9</ele>
      </trkpt>
      <trkpt lat="45.70514" lon="6.61993">
        <ele>1055.7</ele>
      </trkpt>
      <trkpt lat="45.70505" lon="6.61996">
        <ele>1056.8</ele>
      </trkpt>
      <trkpt lat="45.70488" lon="6.62003">
        <ele>1056.3</ele>
      </trkpt>
      <trkpt lat="45.704859" lon="6.62003">
        <ele>1056.5</ele>
      </trkpt>
      <trkpt lat="45.7047" lon="6.62007">
        <ele>1056.8</ele>
      </trkpt>
      <trkpt lat="45.70465" lon="6.62008">
        <ele>1057.0</ele>
      </trkpt>
      <trkpt lat="45.70454" lon="6.620129">
        <ele>1056.5</ele>
      </trkpt>
      <trkpt lat="45.70452" lon="6.620129">
        <ele>1056.6</ele>
      </trkpt>
      <trkpt lat="45.70437" lon="6.62022">
        <ele>1055.0</ele>
      </trkpt>
      <trkpt lat="45.70436" lon="6.62023">
        <ele>1054.8</ele>
      </trkpt>
      <trkpt lat="45.704189" lon="6.62031">
        <ele>1053.4</ele>
      </trkpt>
      <trkpt lat="45.70402" lon="6.62039">
        <ele>1052.1</ele>
      </trkpt>
      <trkpt lat="45.70398" lon="6.62041">
        <ele>1051.8</ele>
      </trkpt>
      <trkpt lat="45.70387" lon="6.62045">
        <ele>1051.5</ele>
      </trkpt>
      <trkpt lat="45.70384" lon="6.620459">
        <ele>1051.4</ele>
      </trkpt>
      <trkpt lat="45.70377" lon="6.62049">
        <ele>1051.2</ele>
      </trkpt>
      <trkpt lat="45.70368" lon="6.62054">
        <ele>1050.6</ele>
      </trkpt>
      <trkpt lat="45.70367" lon="6.62054">
        <ele>1050.7</ele>
      </trkpt>
      <trkpt lat="45.70359" lon="6.62059">
        <ele>1050.3</ele>
      </trkpt>
      <trkpt lat="45.70352" lon="6.620669">
        <ele>1049.9</ele>
      </trkpt>
      <trkpt lat="45.7035" lon="6.62072">
        <ele>1049.7</ele>
      </trkpt>
      <trkpt lat="45.70348" lon="6.62076">
        <ele>1049.6</ele>
      </trkpt>
      <trkpt lat="45.70347" lon="6.62081">
        <ele>1049.4</ele>
      </trkpt>
      <trkpt lat="45.70347" lon="6.62084">
        <ele>1049.3</ele>
      </trkpt>
      <trkpt lat="45.70347" lon="6.62086">
        <ele>1049.3</ele>
      </trkpt>
      <trkpt lat="45.70346" lon="6.62099">
        <ele>1048.9</ele>
      </trkpt>
      <trkpt lat="45.70347" lon="6.62108">
        <ele>1048.6</ele>
      </trkpt>
      <trkpt lat="45.70348" lon="6.62109">
        <ele>1048.5</ele>
      </trkpt>
      <trkpt lat="45.70351" lon="6.62115">
        <ele>1048.3</ele>
      </trkpt>
      <trkpt lat="45.70356" lon="6.62125">
        <ele>1048.0</ele>
      </trkpt>
      <trkpt lat="45.70359" lon="6.6213">
        <ele>1048.0</ele>
      </trkpt>
      <trkpt lat="45.703629" lon="6.621349">
        <ele>1047.8</ele>
      </trkpt>
      <trkpt lat="45.70365" lon="6.62143">
        <ele>1048.2</ele>
      </trkpt>
      <trkpt lat="45.70368" lon="6.62151">
        <ele>1048.4</ele>
      </trkpt>
      <trkpt lat="45.7037" lon="6.62159">
        <ele>1048.7</ele>
      </trkpt>
      <trkpt lat="45.70371" lon="6.62165">
        <ele>1049.1</ele>
      </trkpt>
      <trkpt lat="45.703719" lon="6.62172">
        <ele>1049.6</ele>
      </trkpt>
      <trkpt lat="45.703719" lon="6.62176">
        <ele>1049.9</ele>
      </trkpt>
      <trkpt lat="45.70373" lon="6.6218">
        <ele>1050.1</ele>
      </trkpt>
      <trkpt lat="45.703719" lon="6.62188">
        <ele>1051.1</ele>
      </trkpt>
      <trkpt lat="45.70371" lon="6.62195">
        <ele>1052.0</ele>
      </trkpt>
      <trkpt lat="45.70371" lon="6.62202">
        <ele>1052.7</ele>
      </trkpt>
      <trkpt lat="45.70367" lon="6.62227">
        <ele>1055.9</ele>
      </trkpt>
      <trkpt lat="45.703629" lon="6.62252">
        <ele>1059.2</ele>
      </trkpt>
      <trkpt lat="45.7036" lon="6.62274">
        <ele>1062.6</ele>
      </trkpt>
      <trkpt lat="45.70361" lon="6.62278">
        <ele>1062.8</ele>
      </trkpt>
      <trkpt lat="45.70362" lon="6.62292">
        <ele>1064.3</ele>
      </trkpt>
      <trkpt lat="45.70364" lon="6.62303">
        <ele>1065.2</ele>
      </trkpt>
      <trkpt lat="45.70367" lon="6.62314">
        <ele>1065.8</ele>
      </trkpt>
      <trkpt lat="45.703719" lon="6.62326">
        <ele>1065.9</ele>
      </trkpt>
      <trkpt lat="45.70373" lon="6.6233">
        <ele>1066.1</ele>
      </trkpt>
      <trkpt lat="45.70382" lon="6.62347">
        <ele>1067.7</ele>
      </trkpt>
      <trkpt lat="45.70382" lon="6.62348">
        <ele>1068.0</ele>
      </trkpt>
      <trkpt lat="45.70393" lon="6.62366">
        <ele>1069.8</ele>
      </trkpt>
      <trkpt lat="45.70394" lon="6.62367">
        <ele>1069.8</ele>
      </trkpt>
      <trkpt lat="45.70404" lon="6.6238">
        <ele>1070.6</ele>
      </trkpt>
      <trkpt lat="45.70407" lon="6.62383">
        <ele>1070.6</ele>
      </trkpt>
      <trkpt lat="45.70428" lon="6.62402">
        <ele>1071.4</ele>
      </trkpt>
      <trkpt lat="45.70438" lon="6.62409">
        <ele>1071.5</ele>
      </trkpt>
      <trkpt lat="45.70444" lon="6.62413">
        <ele>1071.5</ele>
      </trkpt>
      <trkpt lat="45.70455" lon="6.624189">
        <ele>1071.5</ele>
      </trkpt>
      <trkpt lat="45.7046" lon="6.62422">
        <ele>1071.9</ele>
      </trkpt>
      <trkpt lat="45.70478" lon="6.62428">
        <ele>1071.4</ele>
      </trkpt>
      <trkpt lat="45.70496" lon="6.6243">
        <ele>1069.4</ele>
      </trkpt>
      <trkpt lat="45.70507" lon="6.6243">
        <ele>1069.2</ele>
      </trkpt>
      <trkpt lat="45.70515" lon="6.624329">
        <ele>1071.0</ele>
      </trkpt>
      <trkpt lat="45.70521" lon="6.62435">
        <ele>1072.2</ele>
      </trkpt>
      <trkpt lat="45.70523" lon="6.62438">
        <ele>1073.5</ele>
      </trkpt>
      <trkpt lat="45.70524" lon="6.624399">
        <ele>1074.4</ele>
      </trkpt>
      <trkpt lat="45.70524" lon="6.62441">
        <ele>1074.8</ele>
      </trkpt>
      <trkpt lat="45.70525" lon="6.62445">
        <ele>1076.5</ele>
      </trkpt>
      <trkpt lat="45.70525" lon="6.62448">
        <ele>1077.8</ele>
      </trkpt>
      <trkpt lat="45.70523" lon="6.62454">
        <ele>1080.2</ele>
      </trkpt>
      <trkpt lat="45.70521" lon="6.62456">
        <ele>1080.9</ele>
      </trkpt>
      <trkpt lat="45.70518" lon="6.62458">
        <ele>1081.6</ele>
      </trkpt>
      <trkpt lat="45.70516" lon="6.62458">
        <ele>1081.5</ele>
      </trkpt>
      <trkpt lat="45.70498" lon="6.62455">
        <ele>1079.8</ele>
      </trkpt>
      <trkpt lat="45.70483" lon="6.62453">
        <ele>1081.1</ele>
      </trkpt>
      <trkpt lat="45.70481" lon="6.62453">
        <ele>1081.4</ele>
      </trkpt>
      <trkpt lat="45.70469" lon="6.6245">
        <ele>1081.9</ele>
      </trkpt>
      <trkpt lat="45.70434" lon="6.62445">
        <ele>1085.0</ele>
      </trkpt>
      <trkpt lat="45.70427" lon="6.62443">
        <ele>1085.3</ele>
      </trkpt>
      <trkpt lat="45.70409" lon="6.62439">
        <ele>1087.2</ele>
      </trkpt>
      <trkpt lat="45.70406" lon="6.62438">
        <ele>1087.5</ele>
      </trkpt>
      <trkpt lat="45.703919" lon="6.624329">
        <ele>1089.1</ele>
      </trkpt>
      <trkpt lat="45.70379" lon="6.62428">
        <ele>1090.5</ele>
      </trkpt>
      <trkpt lat="45.70364" lon="6.6242">
        <ele>1091.4</ele>
      </trkpt>
      <trkpt lat="45.70358" lon="6.62417">
        <ele>1091.9</ele>
      </trkpt>
      <trkpt lat="45.70341" lon="6.62407">
        <ele>1093.6</ele>
      </trkpt>
      <trkpt lat="45.70324" lon="6.62397">
        <ele>1096.0</ele>
      </trkpt>
      <trkpt lat="45.70319" lon="6.62394">
        <ele>1096.8</ele>
      </trkpt>
      <trkpt lat="45.70291" lon="6.62377">
        <ele>1100.5</ele>
      </trkpt>
      <trkpt lat="45.70275" lon="6.62366">
        <ele>1101.9</ele>
      </trkpt>
      <trkpt lat="45.70246" lon="6.62349">
        <ele>1104.8</ele>
      </trkpt>
      <trkpt lat="45.702419" lon="6.62346">
        <ele>1105.3</ele>
      </trkpt>
      <trkpt lat="45.7023" lon="6.62336">
        <ele>1106.8</ele>
      </trkpt>
      <trkpt lat="45.70221" lon="6.62323">
        <ele>1108.1</ele>
      </trkpt>
      <trkpt lat="45.70214" lon="6.62313">
        <ele>1109.4</ele>
      </trkpt>
      <trkpt lat="45.70212" lon="6.6231">
        <ele>1109.7</ele>
      </trkpt>
      <trkpt lat="45.70202" lon="6.62294">
        <ele>1110.8</ele>
      </trkpt>
      <trkpt lat="45.70191" lon="6.62274">
        <ele>1111.1</ele>
      </trkpt>
      <trkpt lat="45.70184" lon="6.62262">
        <ele>1111.2</ele>
      </trkpt>
      <trkpt lat="45.701569" lon="6.62215">
        <ele>1118.4</ele>
      </trkpt>
      <trkpt lat="45.70155" lon="6.62212">
        <ele>1119.3</ele>
      </trkpt>
      <trkpt lat="45.70135" lon="6.62173">
        <ele>1127.0</ele>
      </trkpt>
      <trkpt lat="45.70133" lon="6.6217">
        <ele>1127.7</ele>
      </trkpt>
      <trkpt lat="45.70125" lon="6.62152">
        <ele>1130.4</ele>
      </trkpt>
      <trkpt lat="45.70125" lon="6.62151">
        <ele>1130.3</ele>
      </trkpt>
      <trkpt lat="45.701189" lon="6.621279">
        <ele>1131.7</ele>
      </trkpt>
      <trkpt lat="45.70118" lon="6.62125">
        <ele>1131.9</ele>
      </trkpt>
      <trkpt lat="45.70115" lon="6.62103">
        <ele>1131.8</ele>
      </trkpt>
      <trkpt lat="45.70113" lon="6.6209">
        <ele>1131.8</ele>
      </trkpt>
      <trkpt lat="45.70112" lon="6.62083">
        <ele>1131.7</ele>
      </trkpt>
      <trkpt lat="45.701099" lon="6.62078">
        <ele>1132.3</ele>
      </trkpt>
      <trkpt lat="45.70093" lon="6.62026">
        <ele>1138.0</ele>
      </trkpt>
      <trkpt lat="45.70091" lon="6.62016">
        <ele>1138.8</ele>
      </trkpt>
      <trkpt lat="45.7009" lon="6.61982">
        <ele>1137.5</ele>
      </trkpt>
      <trkpt lat="45.70089" lon="6.61953">
        <ele>1135.1</ele>
      </trkpt>
      <trkpt lat="45.70087" lon="6.61942">
        <ele>1134.8</ele>
      </trkpt>
      <trkpt lat="45.70085" lon="6.61934">
        <ele>1134.9</ele>
      </trkpt>
      <trkpt lat="45.70081" lon="6.61926">
        <ele>1135.6</ele>
      </trkpt>
      <trkpt lat="45.70079" lon="6.6192">
        <ele>1135.7</ele>
      </trkpt>
      <trkpt lat="45.70075" lon="6.61912">
        <ele>1135.7</ele>
      </trkpt>
      <trkpt lat="45.70071" lon="6.61905">
        <ele>1135.5</ele>
      </trkpt>
      <trkpt lat="45.70066" lon="6.61901">
        <ele>1136.3</ele>
      </trkpt>
      <trkpt lat="45.7006" lon="6.61896">
        <ele>1137.2</ele>
      </trkpt>
      <trkpt lat="45.70021" lon="6.61873">
        <ele>1145.3</ele>
      </trkpt>
      <trkpt lat="45.70005" lon="6.618629">
        <ele>1148.7</ele>
      </trkpt>
      <trkpt lat="45.69988" lon="6.61855">
        <ele>1152.3</ele>
      </trkpt>
      <trkpt lat="45.6998" lon="6.61851">
        <ele>1153.9</ele>
      </trkpt>
      <trkpt lat="45.69972" lon="6.61843">
        <ele>1154.8</ele>
      </trkpt>
      <trkpt lat="45.69959" lon="6.61828">
        <ele>1156.3</ele>
      </trkpt>
      <trkpt lat="45.69958" lon="6.61827">
        <ele>1156.4</ele>
      </trkpt>
      <trkpt lat="45.69938" lon="6.61797">
        <ele>1159.0</ele>
      </trkpt>
      <trkpt lat="45.69934" lon="6.61789">
        <ele>1159.3</ele>
      </trkpt>
      <trkpt lat="45.69927" lon="6.61779">
        <ele>1160.2</ele>
      </trkpt>
      <trkpt lat="45.699219" lon="6.61769">
        <ele>1160.6</ele>
      </trkpt>
      <trkpt lat="45.69917" lon="6.61757">
        <ele>1160.7</ele>
      </trkpt>
      <trkpt lat="45.69906" lon="6.61724">
        <ele>1163.0</ele>
      </trkpt>
      <trkpt lat="45.69898" lon="6.617">
        <ele>1165.1</ele>
      </trkpt>
      <trkpt lat="45.69898" lon="6.61697">
        <ele>1164.9</ele>
      </trkpt>
      <trkpt lat="45.69889" lon="6.61661">
        <ele>1166.7</ele>
      </trkpt>
      <trkpt lat="45.69886" lon="6.61652">
        <ele>1167.4</ele>
      </trkpt>
      <trkpt lat="45.6988" lon="6.6163">
        <ele>1168.5</ele>
      </trkpt>
      <trkpt lat="45.6988" lon="6.61628">
        <ele>1168.3</ele>
      </trkpt>
      <trkpt lat="45.69874" lon="6.61603">
        <ele>1168.8</ele>
      </trkpt>
      <trkpt lat="45.69872" lon="6.61597">
        <ele>1169.0</ele>
      </trkpt>
      <trkpt lat="45.69867" lon="6.6158">
        <ele>1169.3</ele>
      </trkpt>
      <trkpt lat="45.69864" lon="6.615719">
        <ele>1169.8</ele>
      </trkpt>
      <trkpt lat="45.69856" lon="6.6154">
        <ele>1169.3</ele>
      </trkpt>
      <trkpt lat="45.6985" lon="6.61524">
        <ele>1168.7</ele>
      </trkpt>
      <trkpt lat="45.69842" lon="6.615039">
        <ele>1167.1</ele>
      </trkpt>
      <trkpt lat="45.69833" lon="6.614899">
        <ele>1167.2</ele>
      </trkpt>
      <trkpt lat="45.69833" lon="6.61489">
        <ele>1167.2</ele>
      </trkpt>
      <trkpt lat="45.6982" lon="6.61475">
        <ele>1170.0</ele>
      </trkpt>
      <trkpt lat="45.69811" lon="6.61469">
        <ele>1171.6</ele>
      </trkpt>
      <trkpt lat="45.69793" lon="6.61465">
        <ele>1174.6</ele>
      </trkpt>
      <trkpt lat="45.69787" lon="6.61464">
        <ele>1175.6</ele>
      </trkpt>
      <trkpt lat="45.697719" lon="6.61461">
        <ele>1177.8</ele>
      </trkpt>
      <trkpt lat="45.69758" lon="6.61458">
        <ele>1179.6</ele>
      </trkpt>
      <trkpt lat="45.69752" lon="6.614569">
        <ele>1180.4</ele>
      </trkpt>
      <trkpt lat="45.69738" lon="6.61451">
        <ele>1182.9</ele>
      </trkpt>
      <trkpt lat="45.69727" lon="6.61444">
        <ele>1184.3</ele>
      </trkpt>
      <trkpt lat="45.69724" lon="6.61441">
        <ele>1184.4</ele>
      </trkpt>
      <trkpt lat="45.69718" lon="6.61434">
        <ele>1184.2</ele>
      </trkpt>
      <trkpt lat="45.69711" lon="6.61426">
        <ele>1183.8</ele>
      </trkpt>
      <trkpt lat="45.6971" lon="6.61425">
        <ele>1183.8</ele>
      </trkpt>
      <trkpt lat="45.69705" lon="6.61421">
        <ele>1183.9</ele>
      </trkpt>
      <trkpt lat="45.69701" lon="6.61418">
        <ele>1184.0</ele>
      </trkpt>
      <trkpt lat="45.69698" lon="6.61418">
        <ele>1184.6</ele>
      </trkpt>
      <trkpt lat="45.69695" lon="6.61418">
        <ele>1185.3</ele>
      </trkpt>
      <trkpt lat="45.69693" lon="6.6142">
        <ele>1186.3</ele>
      </trkpt>
      <trkpt lat="45.69692" lon="6.61421">
        <ele>1186.8</ele>
      </trkpt>
      <trkpt lat="45.69689" lon="6.61423">
        <ele>1188.1</ele>
      </trkpt>
      <trkpt lat="45.69689" lon="6.61426">
        <ele>1189.0</ele>
      </trkpt>
      <trkpt lat="45.69688" lon="6.614289">
        <ele>1190.1</ele>
      </trkpt>
      <trkpt lat="45.696869" lon="6.61433">
        <ele>1191.5</ele>
      </trkpt>
      <trkpt lat="45.696869" lon="6.61438">
        <ele>1193.0</ele>
      </trkpt>
      <trkpt lat="45.696869" lon="6.61441">
        <ele>1193.9</ele>
      </trkpt>
      <trkpt lat="45.69688" lon="6.61444">
        <ele>1194.6</ele>
      </trkpt>
      <trkpt lat="45.6969" lon="6.61448">
        <ele>1195.2</ele>
      </trkpt>
      <trkpt lat="45.69692" lon="6.61451">
        <ele>1195.6</ele>
      </trkpt>
      <trkpt lat="45.69695" lon="6.61455">
        <ele>1195.9</ele>
      </trkpt>
      <trkpt lat="45.697" lon="6.6146">
        <ele>1195.9</ele>
      </trkpt>
      <trkpt lat="45.69704" lon="6.61465">
        <ele>1196.1</ele>
      </trkpt>
      <trkpt lat="45.69714" lon="6.61474">
        <ele>1195.4</ele>
      </trkpt>
      <trkpt lat="45.69719" lon="6.61479">
        <ele>1195.0</ele>
      </trkpt>
      <trkpt lat="45.69729" lon="6.61489">
        <ele>1194.0</ele>
      </trkpt>
      <trkpt lat="45.69741" lon="6.61502">
        <ele>1193.0</ele>
      </trkpt>
      <trkpt lat="45.69752" lon="6.61515">
        <ele>1194.2</ele>
      </trkpt>
      <trkpt lat="45.69757" lon="6.61521">
        <ele>1194.8</ele>
      </trkpt>
      <trkpt lat="45.69764" lon="6.6153">
        <ele>1195.7</ele>
      </trkpt>
      <trkpt lat="45.697719" lon="6.61542">
        <ele>1196.8</ele>
      </trkpt>
      <trkpt lat="45.697809" lon="6.6156">
        <ele>1198.8</ele>
      </trkpt>
      <trkpt lat="45.69791" lon="6.61581">
        <ele>1200.2</ele>
      </trkpt>
      <trkpt lat="45.69796" lon="6.61589">
        <ele>1199.1</ele>
      </trkpt>
      <trkpt lat="45.698009" lon="6.61602">
        <ele>1198.5</ele>
      </trkpt>
      <trkpt lat="45.69802" lon="6.61604">
        <ele>1198.2</ele>
      </trkpt>
      <trkpt lat="45.69806" lon="6.616189">
        <ele>1198.3</ele>
      </trkpt>
      <trkpt lat="45.69806" lon="6.61627">
        <ele>1199.4</ele>
      </trkpt>
      <trkpt lat="45.69807" lon="6.61632">
        <ele>1199.6</ele>
      </trkpt>
      <trkpt lat="45.69806" lon="6.61646">
        <ele>1202.0</ele>
      </trkpt>
      <trkpt lat="45.69805" lon="6.61652">
        <ele>1203.3</ele>
      </trkpt>
      <trkpt lat="45.69804" lon="6.61661">
        <ele>1205.0</ele>
      </trkpt>
      <trkpt lat="45.69802" lon="6.61672">
        <ele>1207.1</ele>
      </trkpt>
      <trkpt lat="45.69793" lon="6.61715">
        <ele>1213.7</ele>
      </trkpt>
      <trkpt lat="45.69793" lon="6.61727">
        <ele>1214.2</ele>
      </trkpt>
      <trkpt lat="45.69794" lon="6.617479">
        <ele>1214.8</ele>
      </trkpt>
      <trkpt lat="45.69794" lon="6.61753">
        <ele>1215.2</ele>
      </trkpt>
      <trkpt lat="45.69797" lon="6.61778">
        <ele>1216.0</ele>
      </trkpt>
      <trkpt lat="45.69798" lon="6.61798">
        <ele>1217.4</ele>
      </trkpt>
      <trkpt lat="45.69799" lon="6.61804">
        <ele>1217.5</ele>
      </trkpt>
      <trkpt lat="45.698009" lon="6.61829">
        <ele>1218.9</ele>
      </trkpt>
      <trkpt lat="45.69803" lon="6.61855">
        <ele>1221.5</ele>
      </trkpt>
      <trkpt lat="45.69803" lon="6.61861">
        <ele>1222.3</ele>
      </trkpt>
      <trkpt lat="45.69805" lon="6.61872">
        <ele>1222.9</ele>
      </trkpt>
      <trkpt lat="45.69806" lon="6.6188">
        <ele>1223.5</ele>
      </trkpt>
      <trkpt lat="45.69807" lon="6.61886">
        <ele>1223.8</ele>
      </trkpt>
      <trkpt lat="45.69812" lon="6.61899">
        <ele>1223.0</ele>
      </trkpt>
      <trkpt lat="45.69814" lon="6.61904">
        <ele>1222.6</ele>
      </trkpt>
      <trkpt lat="45.69818" lon="6.61917">
        <ele>1222.2</ele>
      </trkpt>
      <trkpt lat="45.69823" lon="6.61926">
        <ele>1221.9</ele>
      </trkpt>
      <trkpt lat="45.6983" lon="6.61941">
        <ele>1222.0</ele>
      </trkpt>
      <trkpt lat="45.69833" lon="6.61947">
        <ele>1221.8</ele>
      </trkpt>
      <trkpt lat="45.69846" lon="6.61965">
        <ele>1220.5</ele>
      </trkpt>
      <trkpt lat="45.69848" lon="6.61968">
        <ele>1220.3</ele>
      </trkpt>
      <trkpt lat="45.69859" lon="6.61987">
        <ele>1219.3</ele>
      </trkpt>
      <trkpt lat="45.69862" lon="6.61996">
        <ele>1219.7</ele>
      </trkpt>
      <trkpt lat="45.69862" lon="6.61997">
        <ele>1219.9</ele>
      </trkpt>
      <trkpt lat="45.69858" lon="6.62008">
        <ele>1225.0</ele>
      </trkpt>
      <trkpt lat="45.69854" lon="6.62009">
        <ele>1227.4</ele>
      </trkpt>
      <trkpt lat="45.69853" lon="6.62009">
        <ele>1227.9</ele>
      </trkpt>
      <trkpt lat="45.69848" lon="6.62004">
        <ele>1228.9</ele>
      </trkpt>
      <trkpt lat="45.69831" lon="6.61971">
        <ele>1229.0</ele>
      </trkpt>
      <trkpt lat="45.6983" lon="6.61971">
        <ele>1229.6</ele>
      </trkpt>
      <trkpt lat="45.69824" lon="6.61955">
        <ele>1228.9</ele>
      </trkpt>
      <trkpt lat="45.6982" lon="6.6195">
        <ele>1229.8</ele>
      </trkpt>
      <trkpt lat="45.69815" lon="6.61941">
        <ele>1230.2</ele>
      </trkpt>
      <trkpt lat="45.69803" lon="6.61926">
        <ele>1232.6</ele>
      </trkpt>
      <trkpt lat="45.69782" lon="6.61894">
        <ele>1237.5</ele>
      </trkpt>
      <trkpt lat="45.69777" lon="6.61887">
        <ele>1238.9</ele>
      </trkpt>
      <trkpt lat="45.69773" lon="6.618769">
        <ele>1239.2</ele>
      </trkpt>
      <trkpt lat="45.69771" lon="6.61868">
        <ele>1238.6</ele>
      </trkpt>
      <trkpt lat="45.69767" lon="6.61856">
        <ele>1238.4</ele>
      </trkpt>
      <trkpt lat="45.69766" lon="6.6185">
        <ele>1237.8</ele>
      </trkpt>
      <trkpt lat="45.69759" lon="6.61825">
        <ele>1237.4</ele>
      </trkpt>
      <trkpt lat="45.69755" lon="6.61808">
        <ele>1237.9</ele>
      </trkpt>
      <trkpt lat="45.69753" lon="6.61801">
        <ele>1238.3</ele>
      </trkpt>
      <trkpt lat="45.69745" lon="6.61778">
        <ele>1241.1</ele>
      </trkpt>
      <trkpt lat="45.69742" lon="6.61769">
        <ele>1242.2</ele>
      </trkpt>
      <trkpt lat="45.69736" lon="6.61756">
        <ele>1244.8</ele>
      </trkpt>
      <trkpt lat="45.69732" lon="6.61746">
        <ele>1246.4</ele>
      </trkpt>
      <trkpt lat="45.69728" lon="6.61733">
        <ele>1248.0</ele>
      </trkpt>
      <trkpt lat="45.69711" lon="6.616869">
        <ele>1254.5</ele>
      </trkpt>
      <trkpt lat="45.69709" lon="6.61683">
        <ele>1255.3</ele>
      </trkpt>
      <trkpt lat="45.69704" lon="6.61671">
        <ele>1257.1</ele>
      </trkpt>
      <trkpt lat="45.697" lon="6.61667">
        <ele>1258.8</ele>
      </trkpt>
      <trkpt lat="45.69699" lon="6.61666">
        <ele>1259.2</ele>
      </trkpt>
      <trkpt lat="45.69698" lon="6.61665">
        <ele>1259.6</ele>
      </trkpt>
      <trkpt lat="45.69697" lon="6.61665">
        <ele>1260.1</ele>
      </trkpt>
      <trkpt lat="45.69691" lon="6.61665">
        <ele>1263.2</ele>
      </trkpt>
      <trkpt lat="45.696869" lon="6.61667">
        <ele>1265.5</ele>
      </trkpt>
      <trkpt lat="45.696869" lon="6.61668">
        <ele>1265.6</ele>
      </trkpt>
      <trkpt lat="45.69686" lon="6.61669">
        <ele>1266.2</ele>
      </trkpt>
      <trkpt lat="45.69686" lon="6.6167">
        <ele>1266.3</ele>
      </trkpt>
      <trkpt lat="45.69686" lon="6.61672">
        <ele>1266.5</ele>
      </trkpt>
      <trkpt lat="45.69685" lon="6.61683">
        <ele>1268.0</ele>
      </trkpt>
      <trkpt lat="45.69686" lon="6.61698">
        <ele>1268.9</ele>
      </trkpt>
      <trkpt lat="45.69686" lon="6.617009">
        <ele>1269.2</ele>
      </trkpt>
      <trkpt lat="45.69691" lon="6.61722">
        <ele>1268.3</ele>
      </trkpt>
      <trkpt lat="45.69697" lon="6.61746">
        <ele>1266.8</ele>
      </trkpt>
      <trkpt lat="45.69698" lon="6.61749">
        <ele>1266.5</ele>
      </trkpt>
      <trkpt lat="45.69702" lon="6.61771">
        <ele>1266.9</ele>
      </trkpt>
      <trkpt lat="45.69711" lon="6.61817">
        <ele>1266.8</ele>
      </trkpt>
      <trkpt lat="45.69722" lon="6.61867">
        <ele>1267.3</ele>
      </trkpt>
      <trkpt lat="45.69726" lon="6.61879">
        <ele>1266.9</ele>
      </trkpt>
      <trkpt lat="45.6973" lon="6.61895">
        <ele>1267.2</ele>
      </trkpt>
      <trkpt lat="45.69736" lon="6.61906">
        <ele>1265.2</ele>
      </trkpt>
      <trkpt lat="45.69742" lon="6.61917">
        <ele>1263.4</ele>
      </trkpt>
      <trkpt lat="45.69747" lon="6.61927">
        <ele>1263.3</ele>
      </trkpt>
      <trkpt lat="45.6975" lon="6.61932">
        <ele>1263.0</ele>
      </trkpt>
      <trkpt lat="45.69757" lon="6.61948">
        <ele>1264.3</ele>
      </trkpt>
      <trkpt lat="45.69767" lon="6.61969">
        <ele>1265.2</ele>
      </trkpt>
      <trkpt lat="45.69777" lon="6.61988">
        <ele>1265.2</ele>
      </trkpt>
      <trkpt lat="45.69777" lon="6.6199">
        <ele>1265.8</ele>
      </trkpt>
      <trkpt lat="45.69783" lon="6.62007">
        <ele>1267.9</ele>
      </trkpt>
      <trkpt lat="45.69786" lon="6.620129">
        <ele>1268.4</ele>
      </trkpt>
      <trkpt lat="45.69798" lon="6.62037">
        <ele>1270.0</ele>
      </trkpt>
      <trkpt lat="45.69808" lon="6.62054">
        <ele>1270.0</ele>
      </trkpt>
      <trkpt lat="45.69812" lon="6.62061">
        <ele>1270.0</ele>
      </trkpt>
      <trkpt lat="45.69822" lon="6.62073">
        <ele>1267.8</ele>
      </trkpt>
      <trkpt lat="45.6983" lon="6.6208">
        <ele>1265.0</ele>
      </trkpt>
      <trkpt lat="45.69836" lon="6.62085">
        <ele>1262.8</ele>
      </trkpt>
      <trkpt lat="45.69838" lon="6.62087">
        <ele>1262.1</ele>
      </trkpt>
      <trkpt lat="45.69844" lon="6.62096">
        <ele>1261.0</ele>
      </trkpt>
      <trkpt lat="45.69848" lon="6.6211">
        <ele>1262.5</ele>
      </trkpt>
      <trkpt lat="45.69848" lon="6.62119">
        <ele>1265.1</ele>
      </trkpt>
      <trkpt lat="45.69847" lon="6.62129">
        <ele>1268.7</ele>
      </trkpt>
      <trkpt lat="45.69847" lon="6.6213">
        <ele>1269.0</ele>
      </trkpt>
      <trkpt lat="45.69844" lon="6.62155">
        <ele>1278.4</ele>
      </trkpt>
      <trkpt lat="45.69843" lon="6.62158">
        <ele>1279.9</ele>
      </trkpt>
      <trkpt lat="45.69849" lon="6.62188">
        <ele>1286.1</ele>
      </trkpt>
      <trkpt lat="45.69851" lon="6.62206">
        <ele>1291.0</ele>
      </trkpt>
      <trkpt lat="45.69858" lon="6.62232">
        <ele>1294.0</ele>
      </trkpt>
      <trkpt lat="45.69874" lon="6.62275">
        <ele>1291.9</ele>
      </trkpt>
      <trkpt lat="45.69883" lon="6.62298">
        <ele>1289.1</ele>
      </trkpt>
      <trkpt lat="45.69898" lon="6.62339">
        <ele>1284.3</ele>
      </trkpt>
      <trkpt lat="45.69899" lon="6.62343">
        <ele>1284.7</ele>
      </trkpt>
      <trkpt lat="45.69902" lon="6.62354">
        <ele>1285.7</ele>
      </trkpt>
      <trkpt lat="45.69903" lon="6.62368">
        <ele>1289.9</ele>
      </trkpt>
      <trkpt lat="45.69905" lon="6.62394">
        <ele>1297.8</ele>
      </trkpt>
      <trkpt lat="45.69906" lon="6.62402">
        <ele>1299.9</ele>
      </trkpt>
      <trkpt lat="45.69908" lon="6.624189">
        <ele>1304.2</ele>
      </trkpt>
      <trkpt lat="45.69911" lon="6.624399">
        <ele>1307.3</ele>
      </trkpt>
      <trkpt lat="45.69912" lon="6.62445">
        <ele>1307.8</ele>
      </trkpt>
      <trkpt lat="45.69917" lon="6.62469">
        <ele>1310.4</ele>
      </trkpt>
      <trkpt lat="45.69923" lon="6.62496">
        <ele>1312.6</ele>
      </trkpt>
      <trkpt lat="45.69934" lon="6.625549">
        <ele>1320.8</ele>
      </trkpt>
      <trkpt lat="45.69937" lon="6.62568">
        <ele>1322.2</ele>
      </trkpt>
      <trkpt lat="45.69943" lon="6.62592">
        <ele>1324.0</ele>
      </trkpt>
      <trkpt lat="45.69947" lon="6.62604">
        <ele>1323.8</ele>
      </trkpt>
      <trkpt lat="45.69955" lon="6.62618">
        <ele>1321.4</ele>
      </trkpt>
      <trkpt lat="45.69967" lon="6.62639">
        <ele>1319.3</ele>
      </trkpt>
      <trkpt lat="45.69977" lon="6.62652">
        <ele>1317.3</ele>
      </trkpt>
      <trkpt lat="45.69984" lon="6.62661">
        <ele>1316.4</ele>
      </trkpt>
      <trkpt lat="45.69991" lon="6.62668">
        <ele>1315.1</ele>
      </trkpt>
      <trkpt lat="45.70005" lon="6.62683">
        <ele>1314.4</ele>
      </trkpt>
      <trkpt lat="45.7002" lon="6.62698">
        <ele>1315.2</ele>
      </trkpt>
      <trkpt lat="45.70034" lon="6.62714">
        <ele>1316.9</ele>
      </trkpt>
      <trkpt lat="45.70036" lon="6.62716">
        <ele>1317.1</ele>
      </trkpt>
      <trkpt lat="45.70049" lon="6.6273">
        <ele>1318.3</ele>
      </trkpt>
      <trkpt lat="45.70067" lon="6.62751">
        <ele>1320.8</ele>
      </trkpt>
      <trkpt lat="45.70075" lon="6.62762">
        <ele>1321.4</ele>
      </trkpt>
      <trkpt lat="45.70081" lon="6.62774">
        <ele>1323.3</ele>
      </trkpt>
      <trkpt lat="45.70086" lon="6.62784">
        <ele>1325.1</ele>
      </trkpt>
      <trkpt lat="45.70097" lon="6.62805">
        <ele>1329.3</ele>
      </trkpt>
      <trkpt lat="45.70104" lon="6.62818">
        <ele>1331.9</ele>
      </trkpt>
      <trkpt lat="45.701099" lon="6.62824">
        <ele>1332.3</ele>
      </trkpt>
      <trkpt lat="45.70117" lon="6.6283">
        <ele>1332.5</ele>
      </trkpt>
      <trkpt lat="45.70125" lon="6.62834">
        <ele>1331.8</ele>
      </trkpt>
      <trkpt lat="45.70136" lon="6.62835">
        <ele>1329.2</ele>
      </trkpt>
      <trkpt lat="45.70143" lon="6.62837">
        <ele>1328.2</ele>
      </trkpt>
      <trkpt lat="45.70151" lon="6.628389">
        <ele>1326.9</ele>
      </trkpt>
      <trkpt lat="45.7016" lon="6.62842">
        <ele>1325.8</ele>
      </trkpt>
      <trkpt lat="45.70161" lon="6.62843">
        <ele>1325.9</ele>
      </trkpt>
      <trkpt lat="45.7017" lon="6.6285">
        <ele>1327.1</ele>
      </trkpt>
      <trkpt lat="45.70176" lon="6.62857">
        <ele>1329.5</ele>
      </trkpt>
      <trkpt lat="45.70184" lon="6.628669">
        <ele>1332.9</ele>
      </trkpt>
      <trkpt lat="45.70194" lon="6.62875">
        <ele>1335.1</ele>
      </trkpt>
      <trkpt lat="45.70203" lon="6.62881">
        <ele>1336.4</ele>
      </trkpt>
      <trkpt lat="45.702037" lon="6.62879">
        <ele>1335.5</ele>
      </trkpt>
      <trkpt lat="45.70203" lon="6.62881">
        <ele>1336.4</ele>
      </trkpt>
      <trkpt lat="45.7022" lon="6.62893">
        <ele>1339.3</ele>
      </trkpt>
      <trkpt lat="45.702219" lon="6.62895">
        <ele>1339.8</ele>
      </trkpt>
      <trkpt lat="45.70238" lon="6.62909">
        <ele>1343.5</ele>
      </trkpt>
      <trkpt lat="45.702419" lon="6.62913">
        <ele>1344.7</ele>
      </trkpt>
      <trkpt lat="45.70253" lon="6.62922">
        <ele>1346.3</ele>
      </trkpt>
      <trkpt lat="45.70268" lon="6.62934">
        <ele>1347.8</ele>
      </trkpt>
      <trkpt lat="45.702689" lon="6.62934">
        <ele>1347.6</ele>
      </trkpt>
      <trkpt lat="45.70283" lon="6.62943">
        <ele>1348.3</ele>
      </trkpt>
      <trkpt lat="45.70285" lon="6.62944">
        <ele>1348.3</ele>
      </trkpt>
      <trkpt lat="45.70296" lon="6.62949">
        <ele>1348.1</ele>
      </trkpt>
      <trkpt lat="45.70301" lon="6.6295">
        <ele>1347.6</ele>
      </trkpt>
      <trkpt lat="45.70303" lon="6.6295">
        <ele>1347.3</ele>
      </trkpt>
      <trkpt lat="45.70313" lon="6.62951">
        <ele>1346.0</ele>
      </trkpt>
      <trkpt lat="45.70321" lon="6.62951">
        <ele>1344.6</ele>
      </trkpt>
      <trkpt lat="45.70338" lon="6.62951">
        <ele>1343.0</ele>
      </trkpt>
      <trkpt lat="45.70358" lon="6.6295">
        <ele>1344.5</ele>
      </trkpt>
      <trkpt lat="45.70375" lon="6.62949">
        <ele>1345.7</ele>
      </trkpt>
      <trkpt lat="45.70386" lon="6.62946">
        <ele>1345.7</ele>
      </trkpt>
      <trkpt lat="45.70391" lon="6.62945">
        <ele>1345.8</ele>
      </trkpt>
      <trkpt lat="45.70402" lon="6.62941">
        <ele>1345.5</ele>
      </trkpt>
      <trkpt lat="45.704099" lon="6.6294">
        <ele>1345.9</ele>
      </trkpt>
      <trkpt lat="45.70418" lon="6.62939">
        <ele>1346.2</ele>
      </trkpt>
      <trkpt lat="45.70438" lon="6.6294">
        <ele>1346.2</ele>
      </trkpt>
      <trkpt lat="45.70446" lon="6.6294">
        <ele>1346.1</ele>
      </trkpt>
      <trkpt lat="45.70482" lon="6.62944">
        <ele>1346.8</ele>
      </trkpt>
      <trkpt lat="45.70496" lon="6.62946">
        <ele>1347.2</ele>
      </trkpt>
      <trkpt lat="45.705" lon="6.62946">
        <ele>1347.2</ele>
      </trkpt>
      <trkpt lat="45.70506" lon="6.62948">
        <ele>1347.2</ele>
      </trkpt>
      <trkpt lat="45.705129" lon="6.62951">
        <ele>1347.5</ele>
      </trkpt>
      <trkpt lat="45.70517" lon="6.62954">
        <ele>1348.1</ele>
      </trkpt>
      <trkpt lat="45.70522" lon="6.62958">
        <ele>1348.9</ele>
      </trkpt>
      <trkpt lat="45.70528" lon="6.62967">
        <ele>1351.3</ele>
      </trkpt>
      <trkpt lat="45.7053" lon="6.62971">
        <ele>1352.4</ele>
      </trkpt>
      <trkpt lat="45.70535" lon="6.62978">
        <ele>1354.3</ele>
      </trkpt>
      <trkpt lat="45.70543" lon="6.62987">
        <ele>1356.6</ele>
      </trkpt>
      <trkpt lat="45.70544" lon="6.62988">
        <ele>1356.9</ele>
      </trkpt>
      <trkpt lat="45.70552" lon="6.62995">
        <ele>1358.6</ele>
      </trkpt>
      <trkpt lat="45.70556" lon="6.62998">
        <ele>1359.3</ele>
      </trkpt>
      <trkpt lat="45.705599" lon="6.62999">
        <ele>1359.3</ele>
      </trkpt>
      <trkpt lat="45.70576" lon="6.63009">
        <ele>1362.2</ele>
      </trkpt>
      <trkpt lat="45.70587" lon="6.63015">
        <ele>1363.7</ele>
      </trkpt>
      <trkpt lat="45.70593" lon="6.63018">
        <ele>1364.1</ele>
      </trkpt>
      <trkpt lat="45.7061" lon="6.63028">
        <ele>1366.1</ele>
      </trkpt>
      <trkpt lat="45.70617" lon="6.63032">
        <ele>1366.9</ele>
      </trkpt>
      <trkpt lat="45.70627" lon="6.63037">
        <ele>1367.8</ele>
      </trkpt>
      <trkpt lat="45.706449" lon="6.63046">
        <ele>1369.4</ele>
      </trkpt>
      <trkpt lat="45.7066" lon="6.63055">
        <ele>1371.5</ele>
      </trkpt>
      <trkpt lat="45.70675" lon="6.63064">
        <ele>1373.5</ele>
      </trkpt>
      <trkpt lat="45.70677" lon="6.63065">
        <ele>1373.7</ele>
      </trkpt>
      <trkpt lat="45.70684" lon="6.63069">
        <ele>1374.4</ele>
      </trkpt>
      <trkpt lat="45.70694" lon="6.63073">
        <ele>1374.6</ele>
      </trkpt>
      <trkpt lat="45.707009" lon="6.63075">
        <ele>1374.4</ele>
      </trkpt>
      <trkpt lat="45.70715" lon="6.63078">
        <ele>1373.5</ele>
      </trkpt>
      <trkpt lat="45.70735" lon="6.63079">
        <ele>1370.8</ele>
      </trkpt>
      <trkpt lat="45.70743" lon="6.6308">
        <ele>1369.9</ele>
      </trkpt>
      <trkpt lat="45.70745" lon="6.63081">
        <ele>1370.0</ele>
      </trkpt>
      <trkpt lat="45.7075" lon="6.63086">
        <ele>1370.9</ele>
      </trkpt>
      <trkpt lat="45.70752" lon="6.630899">
        <ele>1371.5</ele>
      </trkpt>
      <trkpt lat="45.70753" lon="6.63092">
        <ele>1371.8</ele>
      </trkpt>
      <trkpt lat="45.70753" lon="6.63099">
        <ele>1374.1</ele>
      </trkpt>
      <trkpt lat="45.70752" lon="6.63101">
        <ele>1375.1</ele>
      </trkpt>
      <trkpt lat="45.70751" lon="6.63105">
        <ele>1376.9</ele>
      </trkpt>
      <trkpt lat="45.7075" lon="6.63108">
        <ele>1378.3</ele>
      </trkpt>
      <trkpt lat="45.70749" lon="6.631109">
        <ele>1379.5</ele>
      </trkpt>
      <trkpt lat="45.70746" lon="6.63112">
        <ele>1380.6</ele>
      </trkpt>
      <trkpt lat="45.70743" lon="6.63113">
        <ele>1381.6</ele>
      </trkpt>
      <trkpt lat="45.707389" lon="6.63114">
        <ele>1382.9</ele>
      </trkpt>
      <trkpt lat="45.70686" lon="6.63101">
        <ele>1389.0</ele>
      </trkpt>
      <trkpt lat="45.70668" lon="6.630969">
        <ele>1390.5</ele>
      </trkpt>
      <trkpt lat="45.7065" lon="6.63093">
        <ele>1390.1</ele>
      </trkpt>
      <trkpt lat="45.70647" lon="6.63092">
        <ele>1389.8</ele>
      </trkpt>
      <trkpt lat="45.70633" lon="6.63088">
        <ele>1389.1</ele>
      </trkpt>
      <trkpt lat="45.70627" lon="6.63087">
        <ele>1389.2</ele>
      </trkpt>
      <trkpt lat="45.70615" lon="6.63085">
        <ele>1389.4</ele>
      </trkpt>
      <trkpt lat="45.70614" lon="6.63084">
        <ele>1389.0</ele>
      </trkpt>
      <trkpt lat="45.70602" lon="6.63084">
        <ele>1390.3</ele>
      </trkpt>
      <trkpt lat="45.70592" lon="6.63086">
        <ele>1392.4</ele>
      </trkpt>
      <trkpt lat="45.70582" lon="6.63091">
        <ele>1395.8</ele>
      </trkpt>
      <trkpt lat="45.7058" lon="6.63091">
        <ele>1395.9</ele>
      </trkpt>
      <trkpt lat="45.70575" lon="6.63092">
        <ele>1396.7</ele>
      </trkpt>
      <trkpt lat="45.70564" lon="6.63092">
        <ele>1397.5</ele>
      </trkpt>
      <trkpt lat="45.70562" lon="6.63092">
        <ele>1397.6</ele>
      </trkpt>
      <trkpt lat="45.70558" lon="6.63092">
        <ele>1397.9</ele>
      </trkpt>
      <trkpt lat="45.70547" lon="6.63089">
        <ele>1397.1</ele>
      </trkpt>
      <trkpt lat="45.70544" lon="6.63087">
        <ele>1396.3</ele>
      </trkpt>
      <trkpt lat="45.70538" lon="6.630829">
        <ele>1394.6</ele>
      </trkpt>
      <trkpt lat="45.70529" lon="6.63073">
        <ele>1391.1</ele>
      </trkpt>
      <trkpt lat="45.70528" lon="6.63072">
        <ele>1390.8</ele>
      </trkpt>
      <trkpt lat="45.7052" lon="6.63068">
        <ele>1389.7</ele>
      </trkpt>
      <trkpt lat="45.70514" lon="6.63065">
        <ele>1388.9</ele>
      </trkpt>
      <trkpt lat="45.70512" lon="6.63065">
        <ele>1389.0</ele>
      </trkpt>
      <trkpt lat="45.70507" lon="6.63065">
        <ele>1389.3</ele>
      </trkpt>
      <trkpt lat="45.705" lon="6.63066">
        <ele>1390.1</ele>
      </trkpt>
      <trkpt lat="45.704949" lon="6.63068">
        <ele>1391.4</ele>
      </trkpt>
      <trkpt lat="45.7049" lon="6.6307">
        <ele>1392.7</ele>
      </trkpt>
      <trkpt lat="45.70478" lon="6.63078">
        <ele>1397.1</ele>
      </trkpt>
      <trkpt lat="45.70477" lon="6.63078">
        <ele>1397.3</ele>
      </trkpt>
      <trkpt lat="45.70461" lon="6.63085">
        <ele>1402.1</ele>
      </trkpt>
      <trkpt lat="45.70459" lon="6.63086">
        <ele>1402.9</ele>
      </trkpt>
      <trkpt lat="45.70447" lon="6.63087">
        <ele>1404.7</ele>
      </trkpt>
      <trkpt lat="45.70443" lon="6.63087">
        <ele>1405.1</ele>
      </trkpt>
      <trkpt lat="45.70425" lon="6.63088">
        <ele>1407.6</ele>
      </trkpt>
      <trkpt lat="45.70412" lon="6.63089">
        <ele>1408.8</ele>
      </trkpt>
      <trkpt lat="45.70407" lon="6.63089">
        <ele>1408.6</ele>
      </trkpt>
      <trkpt lat="45.70404" lon="6.630899">
        <ele>1409.0</ele>
      </trkpt>
      <trkpt lat="45.70389" lon="6.63093">
        <ele>1409.9</ele>
      </trkpt>
      <trkpt lat="45.70377" lon="6.63096">
        <ele>1411.1</ele>
      </trkpt>
      <trkpt lat="45.70371" lon="6.630969">
        <ele>1411.4</ele>
      </trkpt>
      <trkpt lat="45.703539" lon="6.63102">
        <ele>1413.5</ele>
      </trkpt>
      <trkpt lat="45.70353" lon="6.63102">
        <ele>1413.5</ele>
      </trkpt>
      <trkpt lat="45.70297" lon="6.63125">
        <ele>1426.0</ele>
      </trkpt>
      <trkpt lat="45.70291" lon="6.63128">
        <ele>1427.6</ele>
      </trkpt>
      <trkpt lat="45.70284" lon="6.63127">
        <ele>1427.0</ele>
      </trkpt>
      <trkpt lat="45.70266" lon="6.63127">
        <ele>1427.0</ele>
      </trkpt>
      <trkpt lat="45.702509" lon="6.63126">
        <ele>1426.5</ele>
      </trkpt>
      <trkpt lat="45.70236" lon="6.63129">
        <ele>1429.2</ele>
      </trkpt>
      <trkpt lat="45.70225" lon="6.63132">
        <ele>1431.7</ele>
      </trkpt>
      <trkpt lat="45.702129" lon="6.63137">
        <ele>1435.1</ele>
      </trkpt>
      <trkpt lat="45.70211" lon="6.63138">
        <ele>1435.7</ele>
      </trkpt>
      <trkpt lat="45.702" lon="6.63141">
        <ele>1438.0</ele>
      </trkpt>
      <trkpt lat="45.70196" lon="6.63141">
        <ele>1438.4</ele>
      </trkpt>
      <trkpt lat="45.70191" lon="6.63141">
        <ele>1438.8</ele>
      </trkpt>
      <trkpt lat="45.70178" lon="6.63137">
        <ele>1438.2</ele>
      </trkpt>
      <trkpt lat="45.7017" lon="6.63135">
        <ele>1438.0</ele>
      </trkpt>
      <trkpt lat="45.70161" lon="6.6313">
        <ele>1437.4</ele>
      </trkpt>
      <trkpt lat="45.701479" lon="6.63121">
        <ele>1436.6</ele>
      </trkpt>
      <trkpt lat="45.70135" lon="6.63115">
        <ele>1437.1</ele>
      </trkpt>
      <trkpt lat="45.70127" lon="6.63112">
        <ele>1437.7</ele>
      </trkpt>
      <trkpt lat="45.701099" lon="6.63106">
        <ele>1439.3</ele>
      </trkpt>
      <trkpt lat="45.70106" lon="6.631039">
        <ele>1439.5</ele>
      </trkpt>
      <trkpt lat="45.70092" lon="6.631">
        <ele>1441.3</ele>
      </trkpt>
      <trkpt lat="45.70087" lon="6.63099">
        <ele>1442.1</ele>
      </trkpt>
      <trkpt lat="45.70071" lon="6.63091">
        <ele>1443.8</ele>
      </trkpt>
      <trkpt lat="45.70058" lon="6.63086">
        <ele>1445.9</ele>
      </trkpt>
      <trkpt lat="45.7005" lon="6.63079">
        <ele>1446.0</ele>
      </trkpt>
      <trkpt lat="45.70041" lon="6.63071">
        <ele>1446.1</ele>
      </trkpt>
      <trkpt lat="45.70035" lon="6.63066">
        <ele>1446.3</ele>
      </trkpt>
      <trkpt lat="45.7003" lon="6.63063">
        <ele>1446.8</ele>
      </trkpt>
      <trkpt lat="45.70029" lon="6.63063">
        <ele>1447.1</ele>
      </trkpt>
      <trkpt lat="45.70026" lon="6.63064">
        <ele>1448.4</ele>
      </trkpt>
      <trkpt lat="45.700249" lon="6.63065">
        <ele>1449.0</ele>
      </trkpt>
      <trkpt lat="45.70022" lon="6.63067">
        <ele>1450.6</ele>
      </trkpt>
      <trkpt lat="45.7002" lon="6.6307">
        <ele>1452.2</ele>
      </trkpt>
      <trkpt lat="45.7002" lon="6.63071">
        <ele>1452.6</ele>
      </trkpt>
      <trkpt lat="45.70019" lon="6.63077">
        <ele>1454.9</ele>
      </trkpt>
      <trkpt lat="45.70019" lon="6.63078">
        <ele>1455.3</ele>
      </trkpt>
      <trkpt lat="45.70021" lon="6.63084">
        <ele>1456.7</ele>
      </trkpt>
      <trkpt lat="45.70024" lon="6.63092">
        <ele>1458.6</ele>
      </trkpt>
      <trkpt lat="45.70031" lon="6.63101">
        <ele>1459.7</ele>
      </trkpt>
      <trkpt lat="45.70041" lon="6.63108">
        <ele>1459.2</ele>
      </trkpt>
      <trkpt lat="45.70055" lon="6.6312">
        <ele>1459.5</ele>
      </trkpt>
      <trkpt lat="45.70067" lon="6.6313">
        <ele>1459.7</ele>
      </trkpt>
      <trkpt lat="45.70079" lon="6.63142">
        <ele>1460.8</ele>
      </trkpt>
      <trkpt lat="45.70093" lon="6.63157">
        <ele>1463.3</ele>
      </trkpt>
      <trkpt lat="45.70094" lon="6.63157">
        <ele>1463.1</ele>
      </trkpt>
      <trkpt lat="45.701099" lon="6.63168">
        <ele>1464.2</ele>
      </trkpt>
      <trkpt lat="45.70118" lon="6.63173">
        <ele>1465.2</ele>
      </trkpt>
      <trkpt lat="45.70151" lon="6.63192">
        <ele>1468.8</ele>
      </trkpt>
      <trkpt lat="45.7016" lon="6.63196">
        <ele>1469.4</ele>
      </trkpt>
      <trkpt lat="45.70165" lon="6.63197">
        <ele>1469.0</ele>
      </trkpt>
      <trkpt lat="45.70178" lon="6.632">
        <ele>1469.5</ele>
      </trkpt>
      <trkpt lat="45.70192" lon="6.63203">
        <ele>1470.1</ele>
      </trkpt>
      <trkpt lat="45.70196" lon="6.63203">
        <ele>1469.8</ele>
      </trkpt>
      <trkpt lat="45.70214" lon="6.632049">
        <ele>1469.5</ele>
      </trkpt>
      <trkpt lat="45.70224" lon="6.63206">
        <ele>1469.3</ele>
      </trkpt>
      <trkpt lat="45.70237" lon="6.63208">
        <ele>1469.3</ele>
      </trkpt>
      <trkpt lat="45.70249" lon="6.632119">
        <ele>1470.6</ele>
      </trkpt>
      <trkpt lat="45.70267" lon="6.63217">
        <ele>1473.8</ele>
      </trkpt>
      <trkpt lat="45.702689" lon="6.63217">
        <ele>1473.8</ele>
      </trkpt>
      <trkpt lat="45.70295" lon="6.63222">
        <ele>1477.3</ele>
      </trkpt>
      <trkpt lat="45.70302" lon="6.63222">
        <ele>1477.6</ele>
      </trkpt>
      <trkpt lat="45.7032" lon="6.63218">
        <ele>1476.0</ele>
      </trkpt>
      <trkpt lat="45.70338" lon="6.63214">
        <ele>1474.3</ele>
      </trkpt>
      <trkpt lat="45.70356" lon="6.6321">
        <ele>1471.8</ele>
      </trkpt>
      <trkpt lat="45.70358" lon="6.63209">
        <ele>1471.2</ele>
      </trkpt>
      <trkpt lat="45.70368" lon="6.6321">
        <ele>1471.5</ele>
      </trkpt>
      <trkpt lat="45.70374" lon="6.63211">
        <ele>1471.8</ele>
      </trkpt>
      <trkpt lat="45.70376" lon="6.632119">
        <ele>1472.3</ele>
      </trkpt>
      <trkpt lat="45.70388" lon="6.63217">
        <ele>1474.4</ele>
      </trkpt>
      <trkpt lat="45.70391" lon="6.632189">
        <ele>1475.3</ele>
      </trkpt>
      <trkpt lat="45.70406" lon="6.632329">
        <ele>1481.5</ele>
      </trkpt>
      <trkpt lat="45.70407" lon="6.63234">
        <ele>1481.9</ele>
      </trkpt>
      <trkpt lat="45.70414" lon="6.63238">
        <ele>1483.5</ele>
      </trkpt>
      <trkpt lat="45.70416" lon="6.63239">
        <ele>1483.9</ele>
      </trkpt>
      <trkpt lat="45.70431" lon="6.6324">
        <ele>1482.7</ele>
      </trkpt>
      <trkpt lat="45.70452" lon="6.63243">
        <ele>1481.6</ele>
      </trkpt>
      <trkpt lat="45.70458" lon="6.63247">
        <ele>1482.7</ele>
      </trkpt>
      <trkpt lat="45.70462" lon="6.63249">
        <ele>1483.1</ele>
      </trkpt>
      <trkpt lat="45.70469" lon="6.63255">
        <ele>1485.0</ele>
      </trkpt>
      <trkpt lat="45.70474" lon="6.63259">
        <ele>1486.2</ele>
      </trkpt>
      <trkpt lat="45.70477" lon="6.6326">
        <ele>1486.3</ele>
      </trkpt>
      <trkpt lat="45.704859" lon="6.63271">
        <ele>1490.3</ele>
      </trkpt>
      <trkpt lat="45.70489" lon="6.63274">
        <ele>1491.3</ele>
      </trkpt>
      <trkpt lat="45.70493" lon="6.63277">
        <ele>1492.2</ele>
      </trkpt>
      <trkpt lat="45.70505" lon="6.63285">
        <ele>1494.4</ele>
      </trkpt>
      <trkpt lat="45.70512" lon="6.6329">
        <ele>1495.9</ele>
      </trkpt>
      <trkpt lat="45.70522" lon="6.632939">
        <ele>1496.7</ele>
      </trkpt>
      <trkpt lat="45.70523" lon="6.63295">
        <ele>1497.1</ele>
      </trkpt>
      <trkpt lat="45.7054" lon="6.633">
        <ele>1497.6</ele>
      </trkpt>
      <trkpt lat="45.70554" lon="6.63303">
        <ele>1497.5</ele>
      </trkpt>
      <trkpt lat="45.70575" lon="6.63307">
        <ele>1497.2</ele>
      </trkpt>
      <trkpt lat="45.70593" lon="6.63309">
        <ele>1498.0</ele>
      </trkpt>
      <trkpt lat="45.70597" lon="6.6331">
        <ele>1498.7</ele>
      </trkpt>
      <trkpt lat="45.70612" lon="6.63313">
        <ele>1501.1</ele>
      </trkpt>
      <trkpt lat="45.70624" lon="6.63312">
        <ele>1501.5</ele>
      </trkpt>
      <trkpt lat="45.70628" lon="6.63311">
        <ele>1501.3</ele>
      </trkpt>
      <trkpt lat="45.70631" lon="6.63311">
        <ele>1501.4</ele>
      </trkpt>
      <trkpt lat="45.70638" lon="6.63308">
        <ele>1500.5</ele>
      </trkpt>
      <trkpt lat="45.70646" lon="6.63306">
        <ele>1500.1</ele>
      </trkpt>
      <trkpt lat="45.70656" lon="6.63303">
        <ele>1499.4</ele>
      </trkpt>
      <trkpt lat="45.70675" lon="6.632939">
        <ele>1493.7</ele>
      </trkpt>
      <trkpt lat="45.7068" lon="6.63291">
        <ele>1490.8</ele>
      </trkpt>
      <trkpt lat="45.70684" lon="6.63289">
        <ele>1488.6</ele>
      </trkpt>
      <trkpt lat="45.706919" lon="6.63288">
        <ele>1485.7</ele>
      </trkpt>
      <trkpt lat="45.70697" lon="6.6329">
        <ele>1485.2</ele>
      </trkpt>
      <trkpt lat="45.707" lon="6.63293">
        <ele>1485.9</ele>
      </trkpt>
      <trkpt lat="45.70702" lon="6.63298">
        <ele>1487.9</ele>
      </trkpt>
      <trkpt lat="45.70702" lon="6.63303">
        <ele>1490.5</ele>
      </trkpt>
      <trkpt lat="45.707009" lon="6.63307">
        <ele>1492.9</ele>
      </trkpt>
      <trkpt lat="45.707009" lon="6.63308">
        <ele>1493.4</ele>
      </trkpt>
      <trkpt lat="45.70697" lon="6.63312">
        <ele>1496.5</ele>
      </trkpt>
      <trkpt lat="45.70673" lon="6.63315">
        <ele>1504.1</ele>
      </trkpt>
      <trkpt lat="45.70658" lon="6.63319">
        <ele>1506.9</ele>
      </trkpt>
      <trkpt lat="45.706539" lon="6.63322">
        <ele>1508.0</ele>
      </trkpt>
      <trkpt lat="45.7064" lon="6.6333">
        <ele>1510.9</ele>
      </trkpt>
      <trkpt lat="45.70637" lon="6.63331">
        <ele>1511.1</ele>
      </trkpt>
      <trkpt lat="45.70623" lon="6.63336">
        <ele>1512.6</ele>
      </trkpt>
      <trkpt lat="45.70619" lon="6.63337">
        <ele>1512.8</ele>
      </trkpt>
      <trkpt lat="45.70594" lon="6.6334">
        <ele>1512.7</ele>
      </trkpt>
      <trkpt lat="45.70584" lon="6.63343">
        <ele>1513.6</ele>
      </trkpt>
      <trkpt lat="45.70548" lon="6.63352">
        <ele>1520.9</ele>
      </trkpt>
      <trkpt lat="45.70546" lon="6.63352">
        <ele>1521.1</ele>
      </trkpt>
      <trkpt lat="45.7053" lon="6.63354">
        <ele>1523.5</ele>
      </trkpt>
      <trkpt lat="45.70512" lon="6.633549">
        <ele>1525.5</ele>
      </trkpt>
      <trkpt lat="45.70506" lon="6.63356">
        <ele>1526.5</ele>
      </trkpt>
      <trkpt lat="45.70494" lon="6.63357">
        <ele>1528.1</ele>
      </trkpt>
      <trkpt lat="45.70488" lon="6.63357">
        <ele>1528.7</ele>
      </trkpt>
      <trkpt lat="45.70477" lon="6.63357">
        <ele>1529.7</ele>
      </trkpt>
      <trkpt lat="45.70464" lon="6.63357">
        <ele>1531.0</ele>
      </trkpt>
      <trkpt lat="45.70459" lon="6.63356">
        <ele>1531.0</ele>
      </trkpt>
      <trkpt lat="45.70449" lon="6.63354">
        <ele>1531.2</ele>
      </trkpt>
      <trkpt lat="45.70441" lon="6.63351">
        <ele>1530.9</ele>
      </trkpt>
      <trkpt lat="45.70434" lon="6.633479">
        <ele>1530.5</ele>
      </trkpt>
      <trkpt lat="45.70427" lon="6.63346">
        <ele>1530.5</ele>
      </trkpt>
      <trkpt lat="45.70423" lon="6.63346">
        <ele>1530.9</ele>
      </trkpt>
      <trkpt lat="45.70417" lon="6.63345">
        <ele>1531.2</ele>
      </trkpt>
      <trkpt lat="45.70409" lon="6.633479">
        <ele>1532.9</ele>
      </trkpt>
      <trkpt lat="45.70391" lon="6.63356">
        <ele>1537.4</ele>
      </trkpt>
      <trkpt lat="45.70388" lon="6.63356">
        <ele>1537.7</ele>
      </trkpt>
      <trkpt lat="45.70374" lon="6.63357">
        <ele>1539.3</ele>
      </trkpt>
      <trkpt lat="45.7037" lon="6.63356">
        <ele>1539.2</ele>
      </trkpt>
      <trkpt lat="45.7036" lon="6.63353">
        <ele>1539.0</ele>
      </trkpt>
      <trkpt lat="45.70353" lon="6.63351">
        <ele>1538.9</ele>
      </trkpt>
      <trkpt lat="45.70341" lon="6.63347">
        <ele>1538.4</ele>
      </trkpt>
      <trkpt lat="45.70335" lon="6.63345">
        <ele>1538.2</ele>
      </trkpt>
      <trkpt lat="45.7033" lon="6.63344">
        <ele>1537.9</ele>
      </trkpt>
      <trkpt lat="45.70317" lon="6.63342">
        <ele>1537.0</ele>
      </trkpt>
      <trkpt lat="45.70315" lon="6.63342">
        <ele>1537.0</ele>
      </trkpt>
      <trkpt lat="45.703069" lon="6.63344">
        <ele>1537.7</ele>
      </trkpt>
      <trkpt lat="45.703" lon="6.63346">
        <ele>1538.4</ele>
      </trkpt>
      <trkpt lat="45.70282" lon="6.63351">
        <ele>1540.4</ele>
      </trkpt>
      <trkpt lat="45.70254" lon="6.63361">
        <ele>1544.9</ele>
      </trkpt>
      <trkpt lat="45.70247" lon="6.63362">
        <ele>1545.6</ele>
      </trkpt>
      <trkpt lat="45.70229" lon="6.63366">
        <ele>1548.7</ele>
      </trkpt>
      <trkpt lat="45.70221" lon="6.63367">
        <ele>1549.8</ele>
      </trkpt>
      <trkpt lat="45.70193" lon="6.63372">
        <ele>1554.2</ele>
      </trkpt>
      <trkpt lat="45.70176" lon="6.63375">
        <ele>1556.8</ele>
      </trkpt>
      <trkpt lat="45.70158" lon="6.63377">
        <ele>1559.2</ele>
      </trkpt>
      <trkpt lat="45.70144" lon="6.63378">
        <ele>1560.7</ele>
      </trkpt>
      <trkpt lat="45.70122" lon="6.6338">
        <ele>1563.3</ele>
      </trkpt>
      <trkpt lat="45.70114" lon="6.63381">
        <ele>1564.3</ele>
      </trkpt>
      <trkpt lat="45.70087" lon="6.63384">
        <ele>1567.6</ele>
      </trkpt>
      <trkpt lat="45.70086" lon="6.63384">
        <ele>1567.7</ele>
      </trkpt>
      <trkpt lat="45.7006" lon="6.63384">
        <ele>1570.2</ele>
      </trkpt>
      <trkpt lat="45.70036" lon="6.63385">
        <ele>1572.9</ele>
      </trkpt>
      <trkpt lat="45.70032" lon="6.63386">
        <ele>1573.7</ele>
      </trkpt>
      <trkpt lat="45.70014" lon="6.63386">
        <ele>1575.5</ele>
      </trkpt>
      <trkpt lat="45.70013" lon="6.63386">
        <ele>1575.6</ele>
      </trkpt>
      <trkpt lat="45.69997" lon="6.63384">
        <ele>1576.2</ele>
      </trkpt>
      <trkpt lat="45.69996" lon="6.63384">
        <ele>1576.2</ele>
      </trkpt>
      <trkpt lat="45.69985" lon="6.63381">
        <ele>1575.5</ele>
      </trkpt>
      <trkpt lat="45.699779" lon="6.63381">
        <ele>1575.9</ele>
      </trkpt>
      <trkpt lat="45.69966" lon="6.63381">
        <ele>1576.4</ele>
      </trkpt>
      <trkpt lat="45.69955" lon="6.63383">
        <ele>1577.5</ele>
      </trkpt>
      <trkpt lat="45.69947" lon="6.63388">
        <ele>1579.4</ele>
      </trkpt>
      <trkpt lat="45.69937" lon="6.63398">
        <ele>1582.7</ele>
      </trkpt>
      <trkpt lat="45.69928" lon="6.63403">
        <ele>1584.3</ele>
      </trkpt>
      <trkpt lat="45.69914" lon="6.63412">
        <ele>1587.0</ele>
      </trkpt>
      <trkpt lat="45.69911" lon="6.63413">
        <ele>1587.4</ele>
      </trkpt>
      <trkpt lat="45.69905" lon="6.634159">
        <ele>1588.7</ele>
      </trkpt>
      <trkpt lat="45.69894" lon="6.63418">
        <ele>1590.1</ele>
      </trkpt>
      <trkpt lat="45.69876" lon="6.63418">
        <ele>1591.4</ele>
      </trkpt>
      <trkpt lat="45.69868" lon="6.63419">
        <ele>1592.3</ele>
      </trkpt>
      <trkpt lat="45.69858" lon="6.63418">
        <ele>1592.7</ele>
      </trkpt>
      <trkpt lat="45.6985" lon="6.63418">
        <ele>1593.2</ele>
      </trkpt>
      <trkpt lat="45.6984" lon="6.63414">
        <ele>1592.7</ele>
      </trkpt>
      <trkpt lat="45.69835" lon="6.63412">
        <ele>1592.5</ele>
      </trkpt>
      <trkpt lat="45.69826" lon="6.63406">
        <ele>1592.1</ele>
      </trkpt>
      <trkpt lat="45.69812" lon="6.63393">
        <ele>1590.8</ele>
      </trkpt>
      <trkpt lat="45.69809" lon="6.6339">
        <ele>1590.6</ele>
      </trkpt>
      <trkpt lat="45.698009" lon="6.63385">
        <ele>1590.7</ele>
      </trkpt>
      <trkpt lat="45.69792" lon="6.63382">
        <ele>1591.6</ele>
      </trkpt>
      <trkpt lat="45.69783" lon="6.6338">
        <ele>1592.8</ele>
      </trkpt>
      <trkpt lat="45.69774" lon="6.63382">
        <ele>1595.1</ele>
      </trkpt>
      <trkpt lat="45.69768" lon="6.63382">
        <ele>1596.2</ele>
      </trkpt>
      <trkpt lat="45.6974" lon="6.63388">
        <ele>1602.8</ele>
      </trkpt>
      <trkpt lat="45.69735" lon="6.63388">
        <ele>1603.6</ele>
      </trkpt>
      <trkpt lat="45.69729" lon="6.63388">
        <ele>1604.6</ele>
      </trkpt>
      <trkpt lat="45.697159" lon="6.63384">
        <ele>1605.9</ele>
      </trkpt>
      <trkpt lat="45.697" lon="6.63378">
        <ele>1607.1</ele>
      </trkpt>
      <trkpt lat="45.69694" lon="6.63376">
        <ele>1607.6</ele>
      </trkpt>
      <trkpt lat="45.69682" lon="6.63371">
        <ele>1608.5</ele>
      </trkpt>
      <trkpt lat="45.69681" lon="6.63371">
        <ele>1608.6</ele>
      </trkpt>
      <trkpt lat="45.69668" lon="6.63363">
        <ele>1608.9</ele>
      </trkpt>
      <trkpt lat="45.69666" lon="6.63362">
        <ele>1609.0</ele>
      </trkpt>
      <trkpt lat="45.69651" lon="6.63357">
        <ele>1610.1</ele>
      </trkpt>
      <trkpt lat="45.69638" lon="6.6335">
        <ele>1610.5</ele>
      </trkpt>
      <trkpt lat="45.69619" lon="6.63343">
        <ele>1611.8</ele>
      </trkpt>
      <trkpt lat="45.69604" lon="6.63336">
        <ele>1612.4</ele>
      </trkpt>
      <trkpt lat="45.69603" lon="6.63335">
        <ele>1612.3</ele>
      </trkpt>
      <trkpt lat="45.69593" lon="6.63328">
        <ele>1613.6</ele>
      </trkpt>
      <trkpt lat="45.69588" lon="6.63324">
        <ele>1614.6</ele>
      </trkpt>
      <trkpt lat="45.69587" lon="6.63324">
        <ele>1614.7</ele>
      </trkpt>
      <trkpt lat="45.69574" lon="6.63312">
        <ele>1615.7</ele>
      </trkpt>
      <trkpt lat="45.69572" lon="6.63311">
        <ele>1615.7</ele>
      </trkpt>
      <trkpt lat="45.69564" lon="6.63305">
        <ele>1615.9</ele>
      </trkpt>
      <trkpt lat="45.695569" lon="6.63301">
        <ele>1615.9</ele>
      </trkpt>
      <trkpt lat="45.69556" lon="6.63301">
        <ele>1615.9</ele>
      </trkpt>
      <trkpt lat="45.69549" lon="6.63298">
        <ele>1615.9</ele>
      </trkpt>
      <trkpt lat="45.69541" lon="6.63296">
        <ele>1615.9</ele>
      </trkpt>
      <trkpt lat="45.695369" lon="6.63295">
        <ele>1615.9</ele>
      </trkpt>
      <trkpt lat="45.69533" lon="6.63295">
        <ele>1615.8</ele>
      </trkpt>
      <trkpt lat="45.69527" lon="6.63296">
        <ele>1615.7</ele>
      </trkpt>
      <trkpt lat="45.69523" lon="6.63297">
        <ele>1615.7</ele>
      </trkpt>
      <trkpt lat="45.695189" lon="6.633">
        <ele>1615.6</ele>
      </trkpt>
      <trkpt lat="45.69514" lon="6.63302">
        <ele>1615.5</ele>
      </trkpt>
      <trkpt lat="45.69511" lon="6.63305">
        <ele>1615.4</ele>
      </trkpt>
      <trkpt lat="45.69509" lon="6.63308">
        <ele>1615.4</ele>
      </trkpt>
      <trkpt lat="45.69504" lon="6.63313">
        <ele>1615.3</ele>
      </trkpt>
      <trkpt lat="45.69501" lon="6.63318">
        <ele>1615.2</ele>
      </trkpt>
      <trkpt lat="45.69499" lon="6.63323">
        <ele>1615.0</ele>
      </trkpt>
      <trkpt lat="45.69497" lon="6.63328">
        <ele>1614.7</ele>
      </trkpt>
      <trkpt lat="45.69496" lon="6.63332">
        <ele>1614.5</ele>
      </trkpt>
      <trkpt lat="45.69493" lon="6.633409">
        <ele>1614.2</ele>
      </trkpt>
      <trkpt lat="45.69491" lon="6.63352">
        <ele>1614.0</ele>
      </trkpt>
      <trkpt lat="45.69492" lon="6.63381">
        <ele>1614.4</ele>
      </trkpt>
      <trkpt lat="45.69495" lon="6.63408">
        <ele>1615.5</ele>
      </trkpt>
      <trkpt lat="45.69497" lon="6.63428">
        <ele>1615.5</ele>
      </trkpt>
      <trkpt lat="45.69499" lon="6.63446">
        <ele>1615.0</ele>
      </trkpt>
      <trkpt lat="45.69501" lon="6.63453">
        <ele>1615.1</ele>
      </trkpt>
      <trkpt lat="45.69504" lon="6.63466">
        <ele>1615.3</ele>
      </trkpt>
      <trkpt lat="45.69508" lon="6.634769">
        <ele>1616.0</ele>
      </trkpt>
      <trkpt lat="45.69512" lon="6.6349">
        <ele>1616.8</ele>
      </trkpt>
      <trkpt lat="45.69518" lon="6.63502">
        <ele>1618.2</ele>
      </trkpt>
      <trkpt lat="45.695279" lon="6.63523">
        <ele>1616.9</ele>
      </trkpt>
      <trkpt lat="45.69539" lon="6.63544">
        <ele>1616.2</ele>
      </trkpt>
      <trkpt lat="45.6955" lon="6.63564">
        <ele>1615.9</ele>
      </trkpt>
      <trkpt lat="45.69561" lon="6.63584">
        <ele>1615.6</ele>
      </trkpt>
      <trkpt lat="45.695659" lon="6.635919">
        <ele>1614.2</ele>
      </trkpt>
      <trkpt lat="45.69572" lon="6.63602">
        <ele>1612.5</ele>
      </trkpt>
      <trkpt lat="45.69573" lon="6.63604">
        <ele>1612.1</ele>
      </trkpt>
      <trkpt lat="45.69586" lon="6.63622">
        <ele>1610.6</ele>
      </trkpt>
      <trkpt lat="45.69587" lon="6.63623">
        <ele>1610.7</ele>
      </trkpt>
      <trkpt lat="45.69601" lon="6.63636">
        <ele>1612.8</ele>
      </trkpt>
      <trkpt lat="45.69616" lon="6.63651">
        <ele>1615.4</ele>
      </trkpt>
      <trkpt lat="45.6963" lon="6.63665">
        <ele>1618.4</ele>
      </trkpt>
      <trkpt lat="45.69648" lon="6.63695">
        <ele>1616.5</ele>
      </trkpt>
      <trkpt lat="45.69654" lon="6.63706">
        <ele>1615.5</ele>
      </trkpt>
      <trkpt lat="45.69655" lon="6.63708">
        <ele>1615.3</ele>
      </trkpt>
      <trkpt lat="45.69673" lon="6.63745">
        <ele>1610.0</ele>
      </trkpt>
      <trkpt lat="45.69675" lon="6.63749">
        <ele>1609.4</ele>
      </trkpt>
      <trkpt lat="45.69683" lon="6.637609">
        <ele>1608.5</ele>
      </trkpt>
      <trkpt lat="45.6969" lon="6.63771">
        <ele>1607.7</ele>
      </trkpt>
      <trkpt lat="45.69696" lon="6.63776">
        <ele>1608.4</ele>
      </trkpt>
      <trkpt lat="45.69712" lon="6.6379">
        <ele>1609.8</ele>
      </trkpt>
      <trkpt lat="45.69724" lon="6.638">
        <ele>1610.8</ele>
      </trkpt>
      <trkpt lat="45.69744" lon="6.63813">
        <ele>1613.7</ele>
      </trkpt>
      <trkpt lat="45.69785" lon="6.63839">
        <ele>1621.8</ele>
      </trkpt>
      <trkpt lat="45.69792" lon="6.638429">
        <ele>1623.4</ele>
      </trkpt>
      <trkpt lat="45.69804" lon="6.63857">
        <ele>1623.1</ele>
      </trkpt>
      <trkpt lat="45.69807" lon="6.63861">
        <ele>1622.7</ele>
      </trkpt>
      <trkpt lat="45.698189" lon="6.63878">
        <ele>1620.9</ele>
      </trkpt>
      <trkpt lat="45.6982" lon="6.63879">
        <ele>1620.9</ele>
      </trkpt>
      <trkpt lat="45.69833" lon="6.638969">
        <ele>1618.8</ele>
      </trkpt>
      <trkpt lat="45.69859" lon="6.63932">
        <ele>1618.7</ele>
      </trkpt>
      <trkpt lat="45.69885" lon="6.63968">
        <ele>1618.5</ele>
      </trkpt>
      <trkpt lat="45.69911" lon="6.64003">
        <ele>1617.8</ele>
      </trkpt>
      <trkpt lat="45.69928" lon="6.640259">
        <ele>1618.6</ele>
      </trkpt>
      <trkpt lat="45.69937" lon="6.64039">
        <ele>1619.1</ele>
      </trkpt>
      <trkpt lat="45.69949" lon="6.64058">
        <ele>1619.2</ele>
      </trkpt>
      <trkpt lat="45.69957" lon="6.64072">
        <ele>1618.9</ele>
      </trkpt>
      <trkpt lat="45.69961" lon="6.64078">
        <ele>1619.2</ele>
      </trkpt>
      <trkpt lat="45.699689" lon="6.64093">
        <ele>1619.0</ele>
      </trkpt>
      <trkpt lat="45.69972" lon="6.64098">
        <ele>1619.2</ele>
      </trkpt>
      <trkpt lat="45.69981" lon="6.6412">
        <ele>1617.2</ele>
      </trkpt>
      <trkpt lat="45.69995" lon="6.64154">
        <ele>1613.6</ele>
      </trkpt>
      <trkpt lat="45.69999" lon="6.64164">
        <ele>1612.4</ele>
      </trkpt>
      <trkpt lat="45.70008" lon="6.64187">
        <ele>1612.3</ele>
      </trkpt>
      <trkpt lat="45.70017" lon="6.642089">
        <ele>1612.2</ele>
      </trkpt>
      <trkpt lat="45.70023" lon="6.64226">
        <ele>1611.1</ele>
      </trkpt>
      <trkpt lat="45.700249" lon="6.64232">
        <ele>1610.6</ele>
      </trkpt>
      <trkpt lat="45.70029" lon="6.64244">
        <ele>1609.4</ele>
      </trkpt>
      <trkpt lat="45.70031" lon="6.64257">
        <ele>1608.1</ele>
      </trkpt>
      <trkpt lat="45.70034" lon="6.64282">
        <ele>1606.9</ele>
      </trkpt>
      <trkpt lat="45.70039" lon="6.64311">
        <ele>1605.9</ele>
      </trkpt>
      <trkpt lat="45.70042" lon="6.64327">
        <ele>1605.3</ele>
      </trkpt>
      <trkpt lat="45.70044" lon="6.643309">
        <ele>1605.6</ele>
      </trkpt>
      <trkpt lat="45.7005" lon="6.64346">
        <ele>1606.8</ele>
      </trkpt>
      <trkpt lat="45.700539" lon="6.64353">
        <ele>1607.8</ele>
      </trkpt>
      <trkpt lat="45.70058" lon="6.6436">
        <ele>1608.7</ele>
      </trkpt>
      <trkpt lat="45.70064" lon="6.64374">
        <ele>1609.8</ele>
      </trkpt>
      <trkpt lat="45.70068" lon="6.64383">
        <ele>1610.6</ele>
      </trkpt>
      <trkpt lat="45.700719" lon="6.64398">
        <ele>1610.8</ele>
      </trkpt>
      <trkpt lat="45.70073" lon="6.6441">
        <ele>1610.2</ele>
      </trkpt>
      <trkpt lat="45.70073" lon="6.64414">
        <ele>1609.9</ele>
      </trkpt>
      <trkpt lat="45.70074" lon="6.64431">
        <ele>1610.6</ele>
      </trkpt>
      <trkpt lat="45.70073" lon="6.64435">
        <ele>1610.4</ele>
      </trkpt>
      <trkpt lat="45.7007" lon="6.64449">
        <ele>1610.2</ele>
      </trkpt>
      <trkpt lat="45.70066" lon="6.64459">
        <ele>1609.7</ele>
      </trkpt>
      <trkpt lat="45.70064" lon="6.64467">
        <ele>1609.6</ele>
      </trkpt>
      <trkpt lat="45.70057" lon="6.6448">
        <ele>1608.9</ele>
      </trkpt>
      <trkpt lat="45.70057" lon="6.64481">
        <ele>1608.9</ele>
      </trkpt>
      <trkpt lat="45.70051" lon="6.64491">
        <ele>1608.5</ele>
      </trkpt>
      <trkpt lat="45.70044" lon="6.64498">
        <ele>1607.7</ele>
      </trkpt>
      <trkpt lat="45.70028" lon="6.6451">
        <ele>1605.9</ele>
      </trkpt>
      <trkpt lat="45.70012" lon="6.64523">
        <ele>1604.1</ele>
      </trkpt>
      <trkpt lat="45.70003" lon="6.6453">
        <ele>1603.1</ele>
      </trkpt>
      <trkpt lat="45.69997" lon="6.64536">
        <ele>1601.8</ele>
      </trkpt>
      <trkpt lat="45.69989" lon="6.64543">
        <ele>1599.2</ele>
      </trkpt>
      <trkpt lat="45.69983" lon="6.64553">
        <ele>1597.8</ele>
      </trkpt>
      <trkpt lat="45.6998" lon="6.64558">
        <ele>1597.1</ele>
      </trkpt>
      <trkpt lat="45.69976" lon="6.64573">
        <ele>1597.0</ele>
      </trkpt>
      <trkpt lat="45.69976" lon="6.64576">
        <ele>1597.3</ele>
      </trkpt>
      <trkpt lat="45.69975" lon="6.64587">
        <ele>1597.6</ele>
      </trkpt>
      <trkpt lat="45.69977" lon="6.64601">
        <ele>1598.0</ele>
      </trkpt>
      <trkpt lat="45.69985" lon="6.64624">
        <ele>1600.7</ele>
      </trkpt>
      <trkpt lat="45.69986" lon="6.64628">
        <ele>1601.1</ele>
      </trkpt>
      <trkpt lat="45.70021" lon="6.64713">
        <ele>1608.1</ele>
      </trkpt>
      <trkpt lat="45.7003" lon="6.64735">
        <ele>1608.9</ele>
      </trkpt>
      <trkpt lat="45.70033" lon="6.64742">
        <ele>1609.4</ele>
      </trkpt>
      <trkpt lat="45.7004" lon="6.64756">
        <ele>1610.1</ele>
      </trkpt>
      <trkpt lat="45.7004" lon="6.64757">
        <ele>1609.9</ele>
      </trkpt>
      <trkpt lat="45.70046" lon="6.64767">
        <ele>1610.4</ele>
      </trkpt>
      <trkpt lat="45.70052" lon="6.64776">
        <ele>1611.1</ele>
      </trkpt>
      <trkpt lat="45.70053" lon="6.64778">
        <ele>1611.1</ele>
      </trkpt>
      <trkpt lat="45.70065" lon="6.64794">
        <ele>1613.0</ele>
      </trkpt>
      <trkpt lat="45.70073" lon="6.64804">
        <ele>1614.3</ele>
      </trkpt>
      <trkpt lat="45.70078" lon="6.64811">
        <ele>1615.1</ele>
      </trkpt>
      <trkpt lat="45.70088" lon="6.64824">
        <ele>1616.9</ele>
      </trkpt>
      <trkpt lat="45.70091" lon="6.6483">
        <ele>1617.1</ele>
      </trkpt>
      <trkpt lat="45.70097" lon="6.64841">
        <ele>1618.3</ele>
      </trkpt>
      <trkpt lat="45.701009" lon="6.64851">
        <ele>1618.9</ele>
      </trkpt>
      <trkpt lat="45.70103" lon="6.64855">
        <ele>1619.2</ele>
      </trkpt>
      <trkpt lat="45.70107" lon="6.64869">
        <ele>1619.0</ele>
      </trkpt>
      <trkpt lat="45.70108" lon="6.64882">
        <ele>1617.7</ele>
      </trkpt>
      <trkpt lat="45.70109" lon="6.64897">
        <ele>1616.0</ele>
      </trkpt>
      <trkpt lat="45.70108" lon="6.64916">
        <ele>1613.1</ele>
      </trkpt>
      <trkpt lat="45.70104" lon="6.649339">
        <ele>1613.5</ele>
      </trkpt>
      <trkpt lat="45.70099" lon="6.64946">
        <ele>1613.1</ele>
      </trkpt>
      <trkpt lat="45.70095" lon="6.64955">
        <ele>1612.7</ele>
      </trkpt>
      <trkpt lat="45.70091" lon="6.64962">
        <ele>1612.0</ele>
      </trkpt>
      <trkpt lat="45.70087" lon="6.64968">
        <ele>1611.2</ele>
      </trkpt>
      <trkpt lat="45.70082" lon="6.64974">
        <ele>1610.3</ele>
      </trkpt>
      <trkpt lat="45.70076" lon="6.6498">
        <ele>1609.7</ele>
      </trkpt>
      <trkpt lat="45.7007" lon="6.64986">
        <ele>1609.2</ele>
      </trkpt>
      <trkpt lat="45.70069" lon="6.64987">
        <ele>1609.1</ele>
      </trkpt>
      <trkpt lat="45.70049" lon="6.65004">
        <ele>1607.1</ele>
      </trkpt>
      <trkpt lat="45.700449" lon="6.65008">
        <ele>1606.6</ele>
      </trkpt>
      <trkpt lat="45.70041" lon="6.65012">
        <ele>1606.0</ele>
      </trkpt>
      <trkpt lat="45.7004" lon="6.65014">
        <ele>1605.9</ele>
      </trkpt>
      <trkpt lat="45.70039" lon="6.65015">
        <ele>1605.7</ele>
      </trkpt>
      <trkpt lat="45.70037" lon="6.65018">
        <ele>1605.4</ele>
      </trkpt>
      <trkpt lat="45.70035" lon="6.65021">
        <ele>1605.1</ele>
      </trkpt>
      <trkpt lat="45.70031" lon="6.65027">
        <ele>1604.3</ele>
      </trkpt>
      <trkpt lat="45.70029" lon="6.65033">
        <ele>1604.0</ele>
      </trkpt>
      <trkpt lat="45.70029" lon="6.65034">
        <ele>1604.0</ele>
      </trkpt>
      <trkpt lat="45.70028" lon="6.65038">
        <ele>1603.8</ele>
      </trkpt>
      <trkpt lat="45.70026" lon="6.65044">
        <ele>1603.4</ele>
      </trkpt>
      <trkpt lat="45.700249" lon="6.65051">
        <ele>1603.2</ele>
      </trkpt>
      <trkpt lat="45.70024" lon="6.65058">
        <ele>1602.9</ele>
      </trkpt>
      <trkpt lat="45.70024" lon="6.65064">
        <ele>1603.0</ele>
      </trkpt>
      <trkpt lat="45.70024" lon="6.65071">
        <ele>1603.1</ele>
      </trkpt>
      <trkpt lat="45.700249" lon="6.650769">
        <ele>1603.5</ele>
      </trkpt>
      <trkpt lat="45.700249" lon="6.65082">
        <ele>1603.6</ele>
      </trkpt>
      <trkpt lat="45.7003" lon="6.651099">
        <ele>1604.1</ele>
      </trkpt>
      <trkpt lat="45.70031" lon="6.6512">
        <ele>1603.9</ele>
      </trkpt>
      <trkpt lat="45.70032" lon="6.65127">
        <ele>1603.9</ele>
      </trkpt>
      <trkpt lat="45.70033" lon="6.65135">
        <ele>1603.9</ele>
      </trkpt>
      <trkpt lat="45.70033" lon="6.6515">
        <ele>1603.1</ele>
      </trkpt>
      <trkpt lat="45.70033" lon="6.65157">
        <ele>1602.8</ele>
      </trkpt>
      <trkpt lat="45.70033" lon="6.6516">
        <ele>1602.6</ele>
      </trkpt>
      <trkpt lat="45.70033" lon="6.65164">
        <ele>1602.4</ele>
      </trkpt>
      <trkpt lat="45.70031" lon="6.651849">
        <ele>1600.9</ele>
      </trkpt>
      <trkpt lat="45.70031" lon="6.65186">
        <ele>1600.8</ele>
      </trkpt>
      <trkpt lat="45.7003" lon="6.651989">
        <ele>1600.0</ele>
      </trkpt>
      <trkpt lat="45.7003" lon="6.6521">
        <ele>1599.7</ele>
      </trkpt>
      <trkpt lat="45.7003" lon="6.65212">
        <ele>1599.7</ele>
      </trkpt>
      <trkpt lat="45.70031" lon="6.65215">
        <ele>1600.0</ele>
      </trkpt>
      <trkpt lat="45.70031" lon="6.65221">
        <ele>1599.8</ele>
      </trkpt>
      <trkpt lat="45.70032" lon="6.65228">
        <ele>1600.1</ele>
      </trkpt>
      <trkpt lat="45.70033" lon="6.65234">
        <ele>1600.3</ele>
      </trkpt>
      <trkpt lat="45.70033" lon="6.65237">
        <ele>1600.2</ele>
      </trkpt>
      <trkpt lat="45.70037" lon="6.65262">
        <ele>1601.8</ele>
      </trkpt>
      <trkpt lat="45.70038" lon="6.65267">
        <ele>1602.3</ele>
      </trkpt>
      <trkpt lat="45.70039" lon="6.65274">
        <ele>1602.8</ele>
      </trkpt>
      <trkpt lat="45.70039" lon="6.65281">
        <ele>1603.0</ele>
      </trkpt>
      <trkpt lat="45.70039" lon="6.65288">
        <ele>1603.1</ele>
      </trkpt>
      <trkpt lat="45.70039" lon="6.65292">
        <ele>1603.2</ele>
      </trkpt>
      <trkpt lat="45.70039" lon="6.65297">
        <ele>1603.2</ele>
      </trkpt>
      <trkpt lat="45.70038" lon="6.65303">
        <ele>1602.9</ele>
      </trkpt>
      <trkpt lat="45.70037" lon="6.65309">
        <ele>1602.6</ele>
      </trkpt>
      <trkpt lat="45.70037" lon="6.65313">
        <ele>1602.7</ele>
      </trkpt>
      <trkpt lat="45.70035" lon="6.65319">
        <ele>1602.0</ele>
      </trkpt>
      <trkpt lat="45.70033" lon="6.65325">
        <ele>1601.3</ele>
      </trkpt>
      <trkpt lat="45.70031" lon="6.65333">
        <ele>1600.6</ele>
      </trkpt>
      <trkpt lat="45.70029" lon="6.65337">
        <ele>1600.2</ele>
      </trkpt>
      <trkpt lat="45.70028" lon="6.65339">
        <ele>1600.1</ele>
      </trkpt>
      <trkpt lat="45.700249" lon="6.65345">
        <ele>1599.5</ele>
      </trkpt>
      <trkpt lat="45.70022" lon="6.6535">
        <ele>1598.7</ele>
      </trkpt>
      <trkpt lat="45.70019" lon="6.65356">
        <ele>1598.1</ele>
      </trkpt>
      <trkpt lat="45.70018" lon="6.65357">
        <ele>1597.8</ele>
      </trkpt>
      <trkpt lat="45.70006" lon="6.65377">
        <ele>1594.4</ele>
      </trkpt>
      <trkpt lat="45.7" lon="6.65387">
        <ele>1592.5</ele>
      </trkpt>
      <trkpt lat="45.69995" lon="6.65397">
        <ele>1591.9</ele>
      </trkpt>
      <trkpt lat="45.69986" lon="6.65418">
        <ele>1591.2</ele>
      </trkpt>
      <trkpt lat="45.69977" lon="6.65444">
        <ele>1592.4</ele>
      </trkpt>
      <trkpt lat="45.699689" lon="6.65467">
        <ele>1593.5</ele>
      </trkpt>
      <trkpt lat="45.69962" lon="6.65491">
        <ele>1595.2</ele>
      </trkpt>
      <trkpt lat="45.69961" lon="6.65492">
        <ele>1595.0</ele>
      </trkpt>
      <trkpt lat="45.69955" lon="6.65502">
        <ele>1595.1</ele>
      </trkpt>
      <trkpt lat="45.6995" lon="6.6551">
        <ele>1595.7</ele>
      </trkpt>
      <trkpt lat="45.69949" lon="6.65511">
        <ele>1595.7</ele>
      </trkpt>
      <trkpt lat="45.69941" lon="6.65517">
        <ele>1594.7</ele>
      </trkpt>
      <trkpt lat="45.69934" lon="6.65521">
        <ele>1593.4</ele>
      </trkpt>
      <trkpt lat="45.69934" lon="6.65522">
        <ele>1593.6</ele>
      </trkpt>
      <trkpt lat="45.69926" lon="6.65525">
        <ele>1591.6</ele>
      </trkpt>
      <trkpt lat="45.69916" lon="6.65526">
        <ele>1588.6</ele>
      </trkpt>
      <trkpt lat="45.69903" lon="6.65528">
        <ele>1587.7</ele>
      </trkpt>
      <trkpt lat="45.69887" lon="6.65532">
        <ele>1586.7</ele>
      </trkpt>
      <trkpt lat="45.69881" lon="6.65536">
        <ele>1586.6</ele>
      </trkpt>
      <trkpt lat="45.69873" lon="6.65542">
        <ele>1587.3</ele>
      </trkpt>
      <trkpt lat="45.69864" lon="6.65553">
        <ele>1588.4</ele>
      </trkpt>
      <trkpt lat="45.69854" lon="6.65567">
        <ele>1589.6</ele>
      </trkpt>
      <trkpt lat="45.698279" lon="6.65602">
        <ele>1592.7</ele>
      </trkpt>
      <trkpt lat="45.69815" lon="6.65618">
        <ele>1594.1</ele>
      </trkpt>
      <trkpt lat="45.69804" lon="6.65627">
        <ele>1595.2</ele>
      </trkpt>
      <trkpt lat="45.69794" lon="6.65632">
        <ele>1596.2</ele>
      </trkpt>
      <trkpt lat="45.69793" lon="6.65633">
        <ele>1596.4</ele>
      </trkpt>
      <trkpt lat="45.69783" lon="6.65637">
        <ele>1597.9</ele>
      </trkpt>
      <trkpt lat="45.69775" lon="6.65638">
        <ele>1598.7</ele>
      </trkpt>
      <trkpt lat="45.69773" lon="6.65639">
        <ele>1599.0</ele>
      </trkpt>
      <trkpt lat="45.69761" lon="6.6564">
        <ele>1600.1</ele>
      </trkpt>
      <trkpt lat="45.69758" lon="6.6564">
        <ele>1600.3</ele>
      </trkpt>
      <trkpt lat="45.69749" lon="6.6564">
        <ele>1601.1</ele>
      </trkpt>
      <trkpt lat="45.69738" lon="6.65639">
        <ele>1602.9</ele>
      </trkpt>
      <trkpt lat="45.69727" lon="6.65637">
        <ele>1604.5</ele>
      </trkpt>
      <trkpt lat="45.69722" lon="6.65636">
        <ele>1605.2</ele>
      </trkpt>
      <trkpt lat="45.69713" lon="6.65633">
        <ele>1606.2</ele>
      </trkpt>
      <trkpt lat="45.69652" lon="6.656049">
        <ele>1609.8</ele>
      </trkpt>
      <trkpt lat="45.69651" lon="6.65604">
        <ele>1609.7</ele>
      </trkpt>
      <trkpt lat="45.69617" lon="6.65589">
        <ele>1612.5</ele>
      </trkpt>
      <trkpt lat="45.696" lon="6.65581">
        <ele>1614.1</ele>
      </trkpt>
      <trkpt lat="45.69579" lon="6.65572">
        <ele>1615.8</ele>
      </trkpt>
      <trkpt lat="45.69532" lon="6.65554">
        <ele>1615.9</ele>
      </trkpt>
      <trkpt lat="45.6953" lon="6.65554">
        <ele>1616.1</ele>
      </trkpt>
      <trkpt lat="45.69513" lon="6.65548">
        <ele>1616.4</ele>
      </trkpt>
      <trkpt lat="45.69507" lon="6.65546">
        <ele>1616.6</ele>
      </trkpt>
      <trkpt lat="45.69498" lon="6.65543">
        <ele>1617.1</ele>
      </trkpt>
      <trkpt lat="45.69492" lon="6.65542">
        <ele>1618.3</ele>
      </trkpt>
      <trkpt lat="45.69486" lon="6.65542">
        <ele>1619.6</ele>
      </trkpt>
      <trkpt lat="45.69477" lon="6.655439">
        <ele>1621.6</ele>
      </trkpt>
      <trkpt lat="45.69475" lon="6.655439">
        <ele>1622.0</ele>
      </trkpt>
      <trkpt lat="45.69468" lon="6.65547">
        <ele>1623.6</ele>
      </trkpt>
      <trkpt lat="45.69464" lon="6.6555">
        <ele>1624.6</ele>
      </trkpt>
      <trkpt lat="45.6946" lon="6.65555">
        <ele>1625.7</ele>
      </trkpt>
      <trkpt lat="45.69456" lon="6.6556">
        <ele>1626.8</ele>
      </trkpt>
      <trkpt lat="45.69453" lon="6.65564">
        <ele>1627.7</ele>
      </trkpt>
      <trkpt lat="45.69446" lon="6.65574">
        <ele>1629.9</ele>
      </trkpt>
      <trkpt lat="45.69446" lon="6.65576">
        <ele>1630.2</ele>
      </trkpt>
      <trkpt lat="45.69444" lon="6.65582">
        <ele>1631.2</ele>
      </trkpt>
      <trkpt lat="45.694429" lon="6.6559">
        <ele>1632.3</ele>
      </trkpt>
      <trkpt lat="45.69442" lon="6.656">
        <ele>1633.6</ele>
      </trkpt>
      <trkpt lat="45.69442" lon="6.65601">
        <ele>1633.7</ele>
      </trkpt>
      <trkpt lat="45.69442" lon="6.65611">
        <ele>1634.9</ele>
      </trkpt>
      <trkpt lat="45.694429" lon="6.65622">
        <ele>1636.0</ele>
      </trkpt>
      <trkpt lat="45.69444" lon="6.65627">
        <ele>1636.5</ele>
      </trkpt>
      <trkpt lat="45.69446" lon="6.65637">
        <ele>1637.3</ele>
      </trkpt>
      <trkpt lat="45.6945" lon="6.65651">
        <ele>1638.4</ele>
      </trkpt>
      <trkpt lat="45.69456" lon="6.65662">
        <ele>1638.3</ele>
      </trkpt>
      <trkpt lat="45.69462" lon="6.6567">
        <ele>1638.2</ele>
      </trkpt>
      <trkpt lat="45.69466" lon="6.656729">
        <ele>1638.2</ele>
      </trkpt>
      <trkpt lat="45.6947" lon="6.65676">
        <ele>1638.1</ele>
      </trkpt>
      <trkpt lat="45.69475" lon="6.65679">
        <ele>1638.1</ele>
      </trkpt>
      <trkpt lat="45.69486" lon="6.65682">
        <ele>1638.0</ele>
      </trkpt>
      <trkpt lat="45.694899" lon="6.65683">
        <ele>1638.0</ele>
      </trkpt>
      <trkpt lat="45.69493" lon="6.65683">
        <ele>1638.0</ele>
      </trkpt>
      <trkpt lat="45.695" lon="6.65683">
        <ele>1636.7</ele>
      </trkpt>
      <trkpt lat="45.69508" lon="6.65681">
        <ele>1636.4</ele>
      </trkpt>
      <trkpt lat="45.69525" lon="6.65679">
        <ele>1636.4</ele>
      </trkpt>
      <trkpt lat="45.69526" lon="6.65679">
        <ele>1636.5</ele>
      </trkpt>
      <trkpt lat="45.69544" lon="6.65675">
        <ele>1636.3</ele>
      </trkpt>
      <trkpt lat="45.69552" lon="6.65675">
        <ele>1636.6</ele>
      </trkpt>
      <trkpt lat="45.6956" lon="6.65675">
        <ele>1636.8</ele>
      </trkpt>
      <trkpt lat="45.69562" lon="6.65675">
        <ele>1636.9</ele>
      </trkpt>
      <trkpt lat="45.695659" lon="6.65677">
        <ele>1637.2</ele>
      </trkpt>
      <trkpt lat="45.69576" lon="6.65681">
        <ele>1637.9</ele>
      </trkpt>
      <trkpt lat="45.69579" lon="6.65684">
        <ele>1638.2</ele>
      </trkpt>
      <trkpt lat="45.69583" lon="6.65688">
        <ele>1638.5</ele>
      </trkpt>
      <trkpt lat="45.6959" lon="6.65697">
        <ele>1638.5</ele>
      </trkpt>
      <trkpt lat="45.69592" lon="6.65701">
        <ele>1638.7</ele>
      </trkpt>
      <trkpt lat="45.69594" lon="6.65707">
        <ele>1639.0</ele>
      </trkpt>
      <trkpt lat="45.69598" lon="6.657199">
        <ele>1640.0</ele>
      </trkpt>
      <trkpt lat="45.69598" lon="6.65725">
        <ele>1640.5</ele>
      </trkpt>
      <trkpt lat="45.69599" lon="6.65731">
        <ele>1641.1</ele>
      </trkpt>
      <trkpt lat="45.69598" lon="6.657409">
        <ele>1642.1</ele>
      </trkpt>
      <trkpt lat="45.69596" lon="6.65752">
        <ele>1643.4</ele>
      </trkpt>
      <trkpt lat="45.69593" lon="6.65764">
        <ele>1645.7</ele>
      </trkpt>
      <trkpt lat="45.69589" lon="6.65774">
        <ele>1647.8</ele>
      </trkpt>
      <trkpt lat="45.69586" lon="6.65779">
        <ele>1648.9</ele>
      </trkpt>
      <trkpt lat="45.6958" lon="6.65787">
        <ele>1651.1</ele>
      </trkpt>
      <trkpt lat="45.695749" lon="6.65792">
        <ele>1653.1</ele>
      </trkpt>
      <trkpt lat="45.69569" lon="6.65796">
        <ele>1655.1</ele>
      </trkpt>
      <trkpt lat="45.69567" lon="6.65797">
        <ele>1655.7</ele>
      </trkpt>
      <trkpt lat="45.69563" lon="6.65798">
        <ele>1656.7</ele>
      </trkpt>
      <trkpt lat="45.69555" lon="6.65798">
        <ele>1658.2</ele>
      </trkpt>
      <trkpt lat="45.69546" lon="6.65797">
        <ele>1659.7</ele>
      </trkpt>
      <trkpt lat="45.69532" lon="6.65793">
        <ele>1661.1</ele>
      </trkpt>
      <trkpt lat="45.69531" lon="6.65793">
        <ele>1661.3</ele>
      </trkpt>
      <trkpt lat="45.69513" lon="6.65789">
        <ele>1663.3</ele>
      </trkpt>
      <trkpt lat="45.69502" lon="6.65787">
        <ele>1664.5</ele>
      </trkpt>
      <trkpt lat="45.69495" lon="6.65785">
        <ele>1666.0</ele>
      </trkpt>
      <trkpt lat="45.694899" lon="6.65784">
        <ele>1667.4</ele>
      </trkpt>
      <trkpt lat="45.69482" lon="6.65782">
        <ele>1669.5</ele>
      </trkpt>
      <trkpt lat="45.69478" lon="6.65782">
        <ele>1671.0</ele>
      </trkpt>
      <trkpt lat="45.69473" lon="6.657809">
        <ele>1672.4</ele>
      </trkpt>
      <trkpt lat="45.69467" lon="6.6578">
        <ele>1674.2</ele>
      </trkpt>
      <trkpt lat="45.69459" lon="6.65778">
        <ele>1676.3</ele>
      </trkpt>
      <trkpt lat="45.69447" lon="6.65774">
        <ele>1679.3</ele>
      </trkpt>
      <trkpt lat="45.69426" lon="6.65763">
        <ele>1676.5</ele>
      </trkpt>
      <trkpt lat="45.69424" lon="6.65762">
        <ele>1676.2</ele>
      </trkpt>
      <trkpt lat="45.69418" lon="6.65755">
        <ele>1675.3</ele>
      </trkpt>
      <trkpt lat="45.69414" lon="6.6575">
        <ele>1674.6</ele>
      </trkpt>
      <trkpt lat="45.69413" lon="6.65747">
        <ele>1674.3</ele>
      </trkpt>
      <trkpt lat="45.69411" lon="6.65742">
        <ele>1673.8</ele>
      </trkpt>
      <trkpt lat="45.69407" lon="6.65729">
        <ele>1672.6</ele>
      </trkpt>
      <trkpt lat="45.69405" lon="6.65724">
        <ele>1672.1</ele>
      </trkpt>
      <trkpt lat="45.69402" lon="6.65715">
        <ele>1671.2</ele>
      </trkpt>
      <trkpt lat="45.694" lon="6.65707">
        <ele>1670.5</ele>
      </trkpt>
      <trkpt lat="45.69396" lon="6.65702">
        <ele>1669.8</ele>
      </trkpt>
      <trkpt lat="45.69393" lon="6.65696">
        <ele>1669.2</ele>
      </trkpt>
      <trkpt lat="45.69386" lon="6.65686">
        <ele>1668.0</ele>
      </trkpt>
      <trkpt lat="45.69384" lon="6.65683">
        <ele>1667.7</ele>
      </trkpt>
      <trkpt lat="45.69376" lon="6.65675">
        <ele>1668.3</ele>
      </trkpt>
      <trkpt lat="45.693689" lon="6.65669">
        <ele>1669.4</ele>
      </trkpt>
      <trkpt lat="45.69367" lon="6.65668">
        <ele>1670.0</ele>
      </trkpt>
      <trkpt lat="45.69363" lon="6.65663">
        <ele>1670.6</ele>
      </trkpt>
      <trkpt lat="45.69358" lon="6.65656">
        <ele>1671.4</ele>
      </trkpt>
      <trkpt lat="45.69343" lon="6.65636">
        <ele>1673.3</ele>
      </trkpt>
      <trkpt lat="45.693399" lon="6.65631">
        <ele>1673.3</ele>
      </trkpt>
      <trkpt lat="45.69335" lon="6.65624">
        <ele>1673.5</ele>
      </trkpt>
      <trkpt lat="45.69329" lon="6.65617">
        <ele>1674.1</ele>
      </trkpt>
      <trkpt lat="45.693129" lon="6.65602">
        <ele>1676.1</ele>
      </trkpt>
      <trkpt lat="45.69301" lon="6.6559">
        <ele>1677.1</ele>
      </trkpt>
      <trkpt lat="45.69298" lon="6.65588">
        <ele>1677.6</ele>
      </trkpt>
      <trkpt lat="45.69283" lon="6.65574">
        <ele>1679.7</ele>
      </trkpt>
      <trkpt lat="45.692749" lon="6.65567">
        <ele>1681.0</ele>
      </trkpt>
      <trkpt lat="45.69265" lon="6.655579">
        <ele>1682.6</ele>
      </trkpt>
      <trkpt lat="45.69255" lon="6.65548">
        <ele>1683.8</ele>
      </trkpt>
      <trkpt lat="45.69245" lon="6.65532">
        <ele>1684.1</ele>
      </trkpt>
      <trkpt lat="45.69241" lon="6.65525">
        <ele>1684.3</ele>
      </trkpt>
      <trkpt lat="45.6923" lon="6.65506">
        <ele>1684.5</ele>
      </trkpt>
      <trkpt lat="45.69218" lon="6.65487">
        <ele>1684.8</ele>
      </trkpt>
      <trkpt lat="45.69215" lon="6.654829">
        <ele>1685.1</ele>
      </trkpt>
      <trkpt lat="45.69211" lon="6.65474">
        <ele>1684.5</ele>
      </trkpt>
      <trkpt lat="45.69206" lon="6.65467">
        <ele>1684.8</ele>
      </trkpt>
      <trkpt lat="45.69204" lon="6.65465">
        <ele>1685.1</ele>
      </trkpt>
      <trkpt lat="45.69198" lon="6.65457">
        <ele>1685.5</ele>
      </trkpt>
      <trkpt lat="45.69192" lon="6.65451">
        <ele>1686.4</ele>
      </trkpt>
      <trkpt lat="45.69178" lon="6.65435">
        <ele>1687.7</ele>
      </trkpt>
      <trkpt lat="45.69164" lon="6.6542">
        <ele>1688.8</ele>
      </trkpt>
      <trkpt lat="45.69158" lon="6.65414">
        <ele>1688.9</ele>
      </trkpt>
      <trkpt lat="45.69142" lon="6.65395">
        <ele>1687.3</ele>
      </trkpt>
      <trkpt lat="45.69136" lon="6.65387">
        <ele>1686.4</ele>
      </trkpt>
      <trkpt lat="45.69132" lon="6.653819">
        <ele>1685.9</ele>
      </trkpt>
      <trkpt lat="45.69128" lon="6.653749">
        <ele>1684.8</ele>
      </trkpt>
      <trkpt lat="45.691249" lon="6.65369">
        <ele>1683.6</ele>
      </trkpt>
      <trkpt lat="45.69124" lon="6.65367">
        <ele>1683.3</ele>
      </trkpt>
      <trkpt lat="45.69122" lon="6.65363">
        <ele>1682.5</ele>
      </trkpt>
      <trkpt lat="45.69121" lon="6.65362">
        <ele>1682.5</ele>
      </trkpt>
      <trkpt lat="45.69118" lon="6.653609">
        <ele>1683.1</ele>
      </trkpt>
      <trkpt lat="45.69116" lon="6.65362">
        <ele>1684.1</ele>
      </trkpt>
      <trkpt lat="45.69113" lon="6.65363">
        <ele>1685.5</ele>
      </trkpt>
      <trkpt lat="45.69111" lon="6.65366">
        <ele>1687.2</ele>
      </trkpt>
      <trkpt lat="45.6911" lon="6.653679">
        <ele>1688.2</ele>
      </trkpt>
      <trkpt lat="45.69109" lon="6.6537">
        <ele>1689.3</ele>
      </trkpt>
      <trkpt lat="45.69109" lon="6.65374">
        <ele>1690.7</ele>
      </trkpt>
      <trkpt lat="45.69109" lon="6.65379">
        <ele>1692.4</ele>
      </trkpt>
      <trkpt lat="45.69111" lon="6.653819">
        <ele>1692.8</ele>
      </trkpt>
      <trkpt lat="45.69112" lon="6.65384">
        <ele>1693.2</ele>
      </trkpt>
      <trkpt lat="45.69116" lon="6.65386">
        <ele>1692.6</ele>
      </trkpt>
      <trkpt lat="45.69117" lon="6.65387">
        <ele>1692.6</ele>
      </trkpt>
      <trkpt lat="45.69119" lon="6.65388">
        <ele>1692.3</ele>
      </trkpt>
      <trkpt lat="45.691249" lon="6.65393">
        <ele>1692.1</ele>
      </trkpt>
      <trkpt lat="45.6913" lon="6.654">
        <ele>1693.0</ele>
      </trkpt>
      <trkpt lat="45.69131" lon="6.65403">
        <ele>1693.7</ele>
      </trkpt>
      <trkpt lat="45.691429" lon="6.65421">
        <ele>1696.1</ele>
      </trkpt>
      <trkpt lat="45.69155" lon="6.65441">
        <ele>1698.3</ele>
      </trkpt>
      <trkpt lat="45.69169" lon="6.65463">
        <ele>1699.4</ele>
      </trkpt>
      <trkpt lat="45.69177" lon="6.654759">
        <ele>1699.6</ele>
      </trkpt>
      <trkpt lat="45.69179" lon="6.6548">
        <ele>1699.9</ele>
      </trkpt>
      <trkpt lat="45.69183" lon="6.654899">
        <ele>1701.0</ele>
      </trkpt>
      <trkpt lat="45.69187" lon="6.65503">
        <ele>1702.9</ele>
      </trkpt>
      <trkpt lat="45.69191" lon="6.65513">
        <ele>1704.3</ele>
      </trkpt>
      <trkpt lat="45.69201" lon="6.6554">
        <ele>1707.9</ele>
      </trkpt>
      <trkpt lat="45.69208" lon="6.65563">
        <ele>1711.2</ele>
      </trkpt>
      <trkpt lat="45.69212" lon="6.65571">
        <ele>1711.4</ele>
      </trkpt>
      <trkpt lat="45.69218" lon="6.65584">
        <ele>1711.9</ele>
      </trkpt>
      <trkpt lat="45.69222" lon="6.65593">
        <ele>1712.7</ele>
      </trkpt>
      <trkpt lat="45.692279" lon="6.65607">
        <ele>1714.3</ele>
      </trkpt>
      <trkpt lat="45.69231" lon="6.65615">
        <ele>1715.5</ele>
      </trkpt>
      <trkpt lat="45.69232" lon="6.65617">
        <ele>1715.6</ele>
      </trkpt>
      <trkpt lat="45.69239" lon="6.65629">
        <ele>1716.2</ele>
      </trkpt>
      <trkpt lat="45.69248" lon="6.65643">
        <ele>1716.5</ele>
      </trkpt>
      <trkpt lat="45.69258" lon="6.65661">
        <ele>1718.4</ele>
      </trkpt>
      <trkpt lat="45.692659" lon="6.65674">
        <ele>1719.5</ele>
      </trkpt>
      <trkpt lat="45.69267" lon="6.65676">
        <ele>1719.9</ele>
      </trkpt>
      <trkpt lat="45.69272" lon="6.65686">
        <ele>1721.4</ele>
      </trkpt>
      <trkpt lat="45.69279" lon="6.65699">
        <ele>1723.0</ele>
      </trkpt>
      <trkpt lat="45.69282" lon="6.65706">
        <ele>1724.3</ele>
      </trkpt>
      <trkpt lat="45.69288" lon="6.65714">
        <ele>1724.4</ele>
      </trkpt>
      <trkpt lat="45.69289" lon="6.65715">
        <ele>1724.3</ele>
      </trkpt>
      <trkpt lat="45.69297" lon="6.657269">
        <ele>1724.8</ele>
      </trkpt>
      <trkpt lat="45.693" lon="6.657339">
        <ele>1725.9</ele>
      </trkpt>
      <trkpt lat="45.69301" lon="6.65735">
        <ele>1725.8</ele>
      </trkpt>
      <trkpt lat="45.69305" lon="6.65742">
        <ele>1726.4</ele>
      </trkpt>
      <trkpt lat="45.69311" lon="6.65754">
        <ele>1728.1</ele>
      </trkpt>
      <trkpt lat="45.69318" lon="6.65771">
        <ele>1731.8</ele>
      </trkpt>
      <trkpt lat="45.6932" lon="6.65776">
        <ele>1732.8</ele>
      </trkpt>
      <trkpt lat="45.69327" lon="6.65787">
        <ele>1733.1</ele>
      </trkpt>
      <trkpt lat="45.69332" lon="6.65794">
        <ele>1732.7</ele>
      </trkpt>
      <trkpt lat="45.69333" lon="6.657949">
        <ele>1732.5</ele>
      </trkpt>
      <trkpt lat="45.69338" lon="6.658">
        <ele>1732.2</ele>
      </trkpt>
      <trkpt lat="45.69347" lon="6.65811">
        <ele>1732.5</ele>
      </trkpt>
      <trkpt lat="45.69347" lon="6.65812">
        <ele>1732.9</ele>
      </trkpt>
      <trkpt lat="45.69355" lon="6.65824">
        <ele>1733.9</ele>
      </trkpt>
      <trkpt lat="45.69359" lon="6.6583">
        <ele>1734.4</ele>
      </trkpt>
      <trkpt lat="45.69364" lon="6.65838">
        <ele>1735.4</ele>
      </trkpt>
      <trkpt lat="45.69371" lon="6.658489">
        <ele>1736.9</ele>
      </trkpt>
      <trkpt lat="45.69376" lon="6.65857">
        <ele>1738.0</ele>
      </trkpt>
      <trkpt lat="45.69382" lon="6.65868">
        <ele>1739.8</ele>
      </trkpt>
      <trkpt lat="45.69383" lon="6.658699">
        <ele>1740.2</ele>
      </trkpt>
      <trkpt lat="45.69394" lon="6.65886">
        <ele>1741.6</ele>
      </trkpt>
      <trkpt lat="45.69395" lon="6.65887">
        <ele>1741.5</ele>
      </trkpt>
      <trkpt lat="45.69408" lon="6.65905">
        <ele>1742.6</ele>
      </trkpt>
      <trkpt lat="45.69421" lon="6.65923">
        <ele>1744.6</ele>
      </trkpt>
      <trkpt lat="45.69426" lon="6.65929">
        <ele>1745.3</ele>
      </trkpt>
      <trkpt lat="45.69431" lon="6.65936">
        <ele>1746.1</ele>
      </trkpt>
      <trkpt lat="45.694339" lon="6.6594">
        <ele>1746.6</ele>
      </trkpt>
      <trkpt lat="45.69447" lon="6.65956">
        <ele>1748.5</ele>
      </trkpt>
      <trkpt lat="45.69447" lon="6.65957">
        <ele>1748.6</ele>
      </trkpt>
      <trkpt lat="45.69465" lon="6.65974">
        <ele>1751.1</ele>
      </trkpt>
      <trkpt lat="45.69477" lon="6.659849">
        <ele>1751.3</ele>
      </trkpt>
      <trkpt lat="45.69492" lon="6.65997">
        <ele>1750.6</ele>
      </trkpt>
      <trkpt lat="45.69508" lon="6.66012">
        <ele>1751.3</ele>
      </trkpt>
      <trkpt lat="45.69523" lon="6.66026">
        <ele>1751.6</ele>
      </trkpt>
      <trkpt lat="45.69526" lon="6.66028">
        <ele>1751.3</ele>
      </trkpt>
      <trkpt lat="45.69533" lon="6.66037">
        <ele>1752.0</ele>
      </trkpt>
      <trkpt lat="45.695369" lon="6.66042">
        <ele>1752.3</ele>
      </trkpt>
      <trkpt lat="45.695369" lon="6.66043">
        <ele>1752.6</ele>
      </trkpt>
      <trkpt lat="45.69553" lon="6.66072">
        <ele>1755.7</ele>
      </trkpt>
      <trkpt lat="45.69558" lon="6.66084">
        <ele>1757.2</ele>
      </trkpt>
      <trkpt lat="45.69572" lon="6.661139">
        <ele>1762.2</ele>
      </trkpt>
      <trkpt lat="45.69578" lon="6.66126">
        <ele>1763.9</ele>
      </trkpt>
      <trkpt lat="45.6958" lon="6.6613">
        <ele>1764.4</ele>
      </trkpt>
      <trkpt lat="45.69586" lon="6.66141">
        <ele>1765.3</ele>
      </trkpt>
      <trkpt lat="45.69589" lon="6.66148">
        <ele>1766.0</ele>
      </trkpt>
      <trkpt lat="45.6959" lon="6.6615">
        <ele>1766.1</ele>
      </trkpt>
      <trkpt lat="45.69597" lon="6.6617">
        <ele>1768.4</ele>
      </trkpt>
      <trkpt lat="45.69599" lon="6.661749">
        <ele>1768.9</ele>
      </trkpt>
      <trkpt lat="45.69605" lon="6.66189">
        <ele>1769.6</ele>
      </trkpt>
      <trkpt lat="45.69609" lon="6.66203">
        <ele>1771.2</ele>
      </trkpt>
      <trkpt lat="45.69612" lon="6.66213">
        <ele>1771.9</ele>
      </trkpt>
      <trkpt lat="45.69612" lon="6.66217">
        <ele>1773.1</ele>
      </trkpt>
      <trkpt lat="45.69614" lon="6.66226">
        <ele>1774.2</ele>
      </trkpt>
      <trkpt lat="45.69616" lon="6.66238">
        <ele>1775.9</ele>
      </trkpt>
      <trkpt lat="45.69617" lon="6.66242">
        <ele>1776.1</ele>
      </trkpt>
      <trkpt lat="45.6962" lon="6.66255">
        <ele>1776.1</ele>
      </trkpt>
      <trkpt lat="45.69623" lon="6.66266">
        <ele>1774.3</ele>
      </trkpt>
      <trkpt lat="45.69625" lon="6.66271">
        <ele>1772.8</ele>
      </trkpt>
      <trkpt lat="45.69627" lon="6.66291">
        <ele>1772.7</ele>
      </trkpt>
      <trkpt lat="45.69628" lon="6.66298">
        <ele>1772.2</ele>
      </trkpt>
      <trkpt lat="45.69629" lon="6.66316">
        <ele>1772.7</ele>
      </trkpt>
      <trkpt lat="45.6963" lon="6.66331">
        <ele>1772.9</ele>
      </trkpt>
      <trkpt lat="45.6963" lon="6.66342">
        <ele>1773.0</ele>
      </trkpt>
      <trkpt lat="45.6963" lon="6.66353">
        <ele>1773.0</ele>
      </trkpt>
      <trkpt lat="45.6963" lon="6.66362">
        <ele>1773.0</ele>
      </trkpt>
      <trkpt lat="45.6963" lon="6.66368">
        <ele>1772.9</ele>
      </trkpt>
      <trkpt lat="45.6963" lon="6.66372">
        <ele>1772.9</ele>
      </trkpt>
      <trkpt lat="45.69628" lon="6.6638">
        <ele>1774.8</ele>
      </trkpt>
      <trkpt lat="45.69626" lon="6.66387">
        <ele>1776.4</ele>
      </trkpt>
      <trkpt lat="45.69623" lon="6.663909">
        <ele>1778.8</ele>
      </trkpt>
      <trkpt lat="45.69621" lon="6.66395">
        <ele>1780.2</ele>
      </trkpt>
      <trkpt lat="45.696129" lon="6.66408">
        <ele>1784.9</ele>
      </trkpt>
      <trkpt lat="45.69603" lon="6.66421">
        <ele>1790.3</ele>
      </trkpt>
      <trkpt lat="45.69589" lon="6.66442">
        <ele>1796.2</ele>
      </trkpt>
      <trkpt lat="45.69581" lon="6.66457">
        <ele>1796.1</ele>
      </trkpt>
      <trkpt lat="45.69579" lon="6.66463">
        <ele>1795.4</ele>
      </trkpt>
      <trkpt lat="45.69574" lon="6.66477">
        <ele>1793.5</ele>
      </trkpt>
      <trkpt lat="45.6957" lon="6.66487">
        <ele>1792.1</ele>
      </trkpt>
      <trkpt lat="45.69567" lon="6.66493">
        <ele>1791.4</ele>
      </trkpt>
      <trkpt lat="45.69563" lon="6.66498">
        <ele>1790.8</ele>
      </trkpt>
      <trkpt lat="45.6956" lon="6.66502">
        <ele>1791.0</ele>
      </trkpt>
      <trkpt lat="45.695569" lon="6.66505">
        <ele>1791.6</ele>
      </trkpt>
      <trkpt lat="45.69556" lon="6.66506">
        <ele>1791.7</ele>
      </trkpt>
      <trkpt lat="45.69553" lon="6.66509">
        <ele>1792.2</ele>
      </trkpt>
      <trkpt lat="45.6955" lon="6.66511">
        <ele>1792.6</ele>
      </trkpt>
      <trkpt lat="45.69547" lon="6.66513">
        <ele>1793.0</ele>
      </trkpt>
      <trkpt lat="45.69545" lon="6.66514">
        <ele>1793.2</ele>
      </trkpt>
      <trkpt lat="45.69543" lon="6.66515">
        <ele>1793.4</ele>
      </trkpt>
      <trkpt lat="45.6954" lon="6.66515">
        <ele>1793.6</ele>
      </trkpt>
      <trkpt lat="45.69538" lon="6.66515">
        <ele>1793.7</ele>
      </trkpt>
      <trkpt lat="45.69536" lon="6.66515">
        <ele>1793.8</ele>
      </trkpt>
      <trkpt lat="45.69532" lon="6.66513">
        <ele>1794.1</ele>
      </trkpt>
      <trkpt lat="45.69524" lon="6.66507">
        <ele>1794.9</ele>
      </trkpt>
      <trkpt lat="45.69511" lon="6.66495">
        <ele>1798.0</ele>
      </trkpt>
      <trkpt lat="45.69506" lon="6.66492">
        <ele>1799.4</ele>
      </trkpt>
      <trkpt lat="45.69501" lon="6.66489">
        <ele>1800.9</ele>
      </trkpt>
      <trkpt lat="45.69494" lon="6.66487">
        <ele>1802.5</ele>
      </trkpt>
      <trkpt lat="45.694899" lon="6.66486">
        <ele>1803.4</ele>
      </trkpt>
      <trkpt lat="45.69486" lon="6.66486">
        <ele>1804.0</ele>
      </trkpt>
      <trkpt lat="45.69442" lon="6.66486">
        <ele>1810.8</ele>
      </trkpt>
      <trkpt lat="45.6944" lon="6.66487">
        <ele>1810.6</ele>
      </trkpt>
      <trkpt lat="45.69438" lon="6.66488">
        <ele>1810.5</ele>
      </trkpt>
      <trkpt lat="45.69437" lon="6.66488">
        <ele>1810.6</ele>
      </trkpt>
      <trkpt lat="45.69433" lon="6.6649">
        <ele>1810.2</ele>
      </trkpt>
      <trkpt lat="45.69429" lon="6.66492">
        <ele>1809.8</ele>
      </trkpt>
      <trkpt lat="45.69426" lon="6.66495">
        <ele>1808.6</ele>
      </trkpt>
      <trkpt lat="45.69398" lon="6.665199">
        <ele>1811.7</ele>
      </trkpt>
      <trkpt lat="45.69393" lon="6.66525">
        <ele>1813.0</ele>
      </trkpt>
      <trkpt lat="45.69391" lon="6.66526">
        <ele>1813.7</ele>
      </trkpt>
      <trkpt lat="45.69388" lon="6.66529">
        <ele>1814.5</ele>
      </trkpt>
      <trkpt lat="45.69385" lon="6.66533">
        <ele>1815.0</ele>
      </trkpt>
      <trkpt lat="45.69383" lon="6.66536">
        <ele>1815.3</ele>
      </trkpt>
      <trkpt lat="45.69381" lon="6.66539">
        <ele>1815.6</ele>
      </trkpt>
      <trkpt lat="45.6938" lon="6.66542">
        <ele>1815.4</ele>
      </trkpt>
      <trkpt lat="45.69379" lon="6.66545">
        <ele>1815.3</ele>
      </trkpt>
      <trkpt lat="45.693779" lon="6.66549">
        <ele>1814.9</ele>
      </trkpt>
      <trkpt lat="45.69377" lon="6.66552">
        <ele>1814.7</ele>
      </trkpt>
      <trkpt lat="45.69376" lon="6.66562">
        <ele>1813.0</ele>
      </trkpt>
      <trkpt lat="45.69374" lon="6.66571">
        <ele>1812.0</ele>
      </trkpt>
      <trkpt lat="45.69372" lon="6.665809">
        <ele>1810.8</ele>
      </trkpt>
      <trkpt lat="45.6937" lon="6.66586">
        <ele>1811.0</ele>
      </trkpt>
      <trkpt lat="45.693689" lon="6.66591">
        <ele>1811.1</ele>
      </trkpt>
      <trkpt lat="45.69368" lon="6.66593">
        <ele>1811.4</ele>
      </trkpt>
      <trkpt lat="45.69367" lon="6.66596">
        <ele>1811.6</ele>
      </trkpt>
      <trkpt lat="45.69361" lon="6.66608">
        <ele>1813.3</ele>
      </trkpt>
      <trkpt lat="45.69358" lon="6.66615">
        <ele>1813.9</ele>
      </trkpt>
      <trkpt lat="45.69357" lon="6.6662">
        <ele>1813.9</ele>
      </trkpt>
      <trkpt lat="45.69355" lon="6.66625">
        <ele>1814.3</ele>
      </trkpt>
      <trkpt lat="45.69354" lon="6.66632">
        <ele>1814.1</ele>
      </trkpt>
      <trkpt lat="45.69353" lon="6.66638">
        <ele>1814.0</ele>
      </trkpt>
      <trkpt lat="45.69353" lon="6.66639">
        <ele>1813.9</ele>
      </trkpt>
      <trkpt lat="45.69352" lon="6.66646">
        <ele>1813.7</ele>
      </trkpt>
      <trkpt lat="45.69351" lon="6.66653">
        <ele>1813.4</ele>
      </trkpt>
      <trkpt lat="45.69351" lon="6.66659">
        <ele>1812.9</ele>
      </trkpt>
      <trkpt lat="45.69351" lon="6.66664">
        <ele>1812.5</ele>
      </trkpt>
      <trkpt lat="45.69352" lon="6.66691">
        <ele>1812.1</ele>
      </trkpt>
      <trkpt lat="45.69354" lon="6.66714">
        <ele>1811.7</ele>
      </trkpt>
      <trkpt lat="45.69354" lon="6.66716">
        <ele>1811.7</ele>
      </trkpt>
      <trkpt lat="45.69353" lon="6.66735">
        <ele>1812.2</ele>
      </trkpt>
      <trkpt lat="45.69353" lon="6.66742">
        <ele>1812.2</ele>
      </trkpt>
      <trkpt lat="45.69353" lon="6.66752">
        <ele>1812.3</ele>
      </trkpt>
      <trkpt lat="45.69352" lon="6.66766">
        <ele>1812.6</ele>
      </trkpt>
      <trkpt lat="45.69349" lon="6.6678">
        <ele>1813.4</ele>
      </trkpt>
      <trkpt lat="45.69346" lon="6.667919">
        <ele>1814.0</ele>
      </trkpt>
      <trkpt lat="45.69345" lon="6.66796">
        <ele>1814.2</ele>
      </trkpt>
      <trkpt lat="45.693399" lon="6.66817">
        <ele>1815.0</ele>
      </trkpt>
      <trkpt lat="45.69337" lon="6.668319">
        <ele>1815.4</ele>
      </trkpt>
      <trkpt lat="45.69328" lon="6.668275">
        <ele>1816.3</ele>
      </trkpt>
      <trkpt lat="45.69297" lon="6.67014">
        <ele>1821.5</ele>
      </trkpt>
      <trkpt lat="45.69086" lon="6.67505">
        <ele>1855.8</ele>
      </trkpt>
      <trkpt lat="45.69116" lon="6.67737">
        <ele>1866.4</ele>
      </trkpt>
      <trkpt lat="45.69295" lon="6.6797">
        <ele>1874.5</ele>
      </trkpt>
      <trkpt lat="45.69421" lon="6.68245">
        <ele>1898.7</ele>
      </trkpt>
      <trkpt lat="45.69402" lon="6.68275">
        <ele>1910.4</ele>
      </trkpt>
      <trkpt lat="45.6917" lon="6.68065">
        <ele>1924.8</ele>
      </trkpt>
      <trkpt lat="45.69061" lon="6.68">
        <ele>1933.8</ele>
      </trkpt>
      <trkpt lat="45.69004" lon="6.68083">
        <ele>1936.2</ele>
      </trkpt>
      <trkpt lat="45.69025" lon="6.68198">
        <ele>1946.0</ele>
      </trkpt>
      <trkpt lat="45.69098" lon="6.68252">
        <ele>1945.9</ele>
      </trkpt>
      <trkpt lat="45.69158" lon="6.68394">
        <ele>1955.1</ele>
      </trkpt>
      <trkpt lat="45.69118" lon="6.685069">
        <ele>1951.1</ele>
      </trkpt>
      <trkpt lat="45.69104" lon="6.68677">
        <ele>1960.4</ele>
      </trkpt>
      <trkpt lat="45.69144" lon="6.68762">
        <ele>1970.6</ele>
      </trkpt>
      <trkpt lat="45.69119" lon="6.68978">
        <ele>1969.0</ele>
      </trkpt>
      <trkpt lat="45.69161" lon="6.69193">
        <ele>1976.4</ele>
      </trkpt>
      <trkpt lat="45.69216" lon="6.69247">
        <ele>1961.0</ele>
      </trkpt>
      <trkpt lat="45.69289" lon="6.69256">
        <ele>1959.0</ele>
      </trkpt>
      <trkpt lat="45.69348" lon="6.69332">
        <ele>1946.8</ele>
      </trkpt>
      <trkpt lat="45.6939" lon="6.69518">
        <ele>1931.3</ele>
      </trkpt>
      <trkpt lat="45.69338" lon="6.69787">
        <ele>1915.1</ele>
      </trkpt>
      <trkpt lat="45.69227" lon="6.70037">
        <ele>1902.0</ele>
      </trkpt>
      <trkpt lat="45.69218" lon="6.70196">
        <ele>1893.9</ele>
      </trkpt>
      <trkpt lat="45.69298" lon="6.70479">
        <ele>1870.5</ele>
      </trkpt>
      <trkpt lat="45.69385" lon="6.71238">
        <ele>1832.5</ele>
      </trkpt>
      <trkpt lat="45.69447" lon="6.71467">
        <ele>1816.0</ele>
      </trkpt>
      <trkpt lat="45.69427" lon="6.716">
        <ele>1807.3</ele>
      </trkpt>
      <trkpt lat="45.69464" lon="6.71665">
        <ele>1803.7</ele>
      </trkpt>
      <trkpt lat="45.69579" lon="6.71644">
        <ele>1807.7</ele>
      </trkpt>
      <trkpt lat="45.69568" lon="6.71759">
        <ele>1794.7</ele>
      </trkpt>
      <trkpt lat="45.69603" lon="6.71865">
        <ele>1797.7</ele>
      </trkpt>
      <trkpt lat="45.69727" lon="6.71939">
        <ele>1785.9</ele>
      </trkpt>
      <trkpt lat="45.69726" lon="6.72127">
        <ele>1771.2</ele>
      </trkpt>
      <trkpt lat="45.69765" lon="6.72214">
        <ele>1770.1</ele>
      </trkpt>
      <trkpt lat="45.69741" lon="6.72376">
        <ele>1765.8</ele>
      </trkpt>
      <trkpt lat="45.69803" lon="6.72522">
        <ele>1758.7</ele>
      </trkpt>
      <trkpt lat="45.69714" lon="6.72505">
        <ele>1752.9</ele>
      </trkpt>
      <trkpt lat="45.69589" lon="6.72256">
        <ele>1722.5</ele>
      </trkpt>
      <trkpt lat="45.69609" lon="6.72349">
        <ele>1727.4</ele>
      </trkpt>
      <trkpt lat="45.69635" lon="6.7265">
        <ele>1701.3</ele>
      </trkpt>
      <trkpt lat="45.69576" lon="6.72544">
        <ele>1702.5</ele>
      </trkpt>
      <trkpt lat="45.69533" lon="6.72326">
        <ele>1698.5</ele>
      </trkpt>
      <trkpt lat="45.69494" lon="6.72207">
        <ele>1710.5</ele>
      </trkpt>
      <trkpt lat="45.69426" lon="6.72257">
        <ele>1699.3</ele>
      </trkpt>
      <trkpt lat="45.69391" lon="6.72394">
        <ele>1670.4</ele>
      </trkpt>
      <trkpt lat="45.69403" lon="6.72633">
        <ele>1659.6</ele>
      </trkpt>
      <trkpt lat="45.6933" lon="6.73198">
        <ele>1614.7</ele>
      </trkpt>
      <trkpt lat="45.69174" lon="6.73256">
        <ele>1615.9</ele>
      </trkpt>
      <trkpt lat="45.68987" lon="6.73296">
        <ele>1584.0</ele>
      </trkpt>
      <trkpt lat="45.68797" lon="6.73277">
        <ele>1572.2</ele>
      </trkpt>
      <trkpt lat="45.68615" lon="6.7334">
        <ele>1570.1</ele>
      </trkpt>
      <trkpt lat="45.685809" lon="6.73523">
        <ele>1543.8</ele>
      </trkpt>
      <trkpt lat="45.68468" lon="6.73714">
        <ele>1537.7</ele>
      </trkpt>
      <trkpt lat="45.68303" lon="6.73781">
        <ele>1533.7</ele>
      </trkpt>
      <trkpt lat="45.68106" lon="6.74008">
        <ele>1534.0</ele>
      </trkpt>
      <trkpt lat="45.67616" lon="6.74725">
        <ele>1489.2</ele>
      </trkpt>
      <trkpt lat="45.67561" lon="6.74928">
        <ele>1489.1</ele>
      </trkpt>
      <trkpt lat="45.67423" lon="6.75155">
        <ele>1477.8</ele>
      </trkpt>
      <trkpt lat="45.67384" lon="6.75453">
        <ele>1489.7</ele>
      </trkpt>
      <trkpt lat="45.672939" lon="6.75629">
        <ele>1492.0</ele>
      </trkpt>
      <trkpt lat="45.67046" lon="6.75894">
        <ele>1472.0</ele>
      </trkpt>
      <trkpt lat="45.67124" lon="6.76099">
        <ele>1491.0</ele>
      </trkpt>
      <trkpt lat="45.671" lon="6.76795">
        <ele>1412.8</ele>
      </trkpt>
      <trkpt lat="45.67016" lon="6.77031">
        <ele>1373.6</ele>
      </trkpt>
      <trkpt lat="45.6698" lon="6.77442">
        <ele>1371.1</ele>
      </trkpt>
      <trkpt lat="45.66966" lon="6.77177">
        <ele>1350.2</ele>
      </trkpt>
      <trkpt lat="45.66927" lon="6.77273">
        <ele>1342.6</ele>
      </trkpt>
      <trkpt lat="45.6693" lon="6.77404">
        <ele>1340.0</ele>
      </trkpt>
      <trkpt lat="45.66884" lon="6.77187">
        <ele>1312.9</ele>
      </trkpt>
      <trkpt lat="45.66864" lon="6.77328">
        <ele>1302.7</ele>
      </trkpt>
      <trkpt lat="45.66871" lon="6.77511">
        <ele>1289.2</ele>
      </trkpt>
      <trkpt lat="45.66854" lon="6.77542">
        <ele>1286.0</ele>
      </trkpt>
      <trkpt lat="45.66856" lon="6.77468">
        <ele>1290.3</ele>
      </trkpt>
      <trkpt lat="45.66828" lon="6.77424">
        <ele>1281.1</ele>
      </trkpt>
      <trkpt lat="45.668" lon="6.7728">
        <ele>1274.0</ele>
      </trkpt>
      <trkpt lat="45.6681" lon="6.77168">
        <ele>1266.7</ele>
      </trkpt>
      <trkpt lat="45.6676" lon="6.77246">
        <ele>1254.0</ele>
      </trkpt>
      <trkpt lat="45.66786" lon="6.77484">
        <ele>1261.1</ele>
      </trkpt>
      <trkpt lat="45.66735" lon="6.77361">
        <ele>1238.4</ele>
      </trkpt>
      <trkpt lat="45.66709" lon="6.77219">
        <ele>1236.1</ele>
      </trkpt>
      <trkpt lat="45.66682" lon="6.77322">
        <ele>1214.7</ele>
      </trkpt>
      <trkpt lat="45.66706" lon="6.77427">
        <ele>1220.7</ele>
      </trkpt>
      <trkpt lat="45.66653" lon="6.77603">
        <ele>1195.0</ele>
      </trkpt>
      <trkpt lat="45.66623" lon="6.77531">
        <ele>1183.4</ele>
      </trkpt>
      <trkpt lat="45.66621" lon="6.77449">
        <ele>1182.6</ele>
      </trkpt>
      <trkpt lat="45.66583" lon="6.77466">
        <ele>1172.2</ele>
      </trkpt>
      <trkpt lat="45.66486" lon="6.77722">
        <ele>1164.4</ele>
      </trkpt>
      <trkpt lat="45.66372" lon="6.7782">
        <ele>1147.3</ele>
      </trkpt>
      <trkpt lat="45.66313" lon="6.77914">
        <ele>1152.8</ele>
      </trkpt>
      <trkpt lat="45.662439" lon="6.77927">
        <ele>1144.6</ele>
      </trkpt>
      <trkpt lat="45.66177" lon="6.78013">
        <ele>1140.3</ele>
      </trkpt>
      <trkpt lat="45.65864" lon="6.78267">
        <ele>1093.1</ele>
      </trkpt>
      <trkpt lat="45.65645" lon="6.7839">
        <ele>1077.8</ele>
      </trkpt>
      <trkpt lat="45.65357" lon="6.78683">
        <ele>1056.5</ele>
      </trkpt>
      <trkpt lat="45.65257" lon="6.78696">
        <ele>1056.2</ele>
      </trkpt>
      <trkpt lat="45.64998" lon="6.78781">
        <ele>1026.7</ele>
      </trkpt>
      <trkpt lat="45.647509" lon="6.78621">
        <ele>1005.6</ele>
      </trkpt>
      <trkpt lat="45.64154" lon="6.78601">
        <ele>990.7</ele>
      </trkpt>
      <trkpt lat="45.63971" lon="6.78494">
        <ele>993.5</ele>
      </trkpt>
      <trkpt lat="45.63784" lon="6.7845">
        <ele>982.1</ele>
      </trkpt>
      <trkpt lat="45.63635" lon="6.78532">
        <ele>982.6</ele>
      </trkpt>
      <trkpt lat="45.634659" lon="6.78541">
        <ele>964.3</ele>
      </trkpt>
      <trkpt lat="45.63229" lon="6.78419">
        <ele>969.6</ele>
      </trkpt>
      <trkpt lat="45.63061" lon="6.78407">
        <ele>954.5</ele>
      </trkpt>
      <trkpt lat="45.62907" lon="6.78298">
        <ele>946.1</ele>
      </trkpt>
      <trkpt lat="45.62873" lon="6.78337">
        <ele>938.5</ele>
      </trkpt>
      <trkpt lat="45.6288" lon="6.78429">
        <ele>935.6</ele>
      </trkpt>
      <trkpt lat="45.63003" lon="6.78555">
        <ele>914.1</ele>
      </trkpt>
      <trkpt lat="45.62908" lon="6.7853">
        <ele>923.7</ele>
      </trkpt>
      <trkpt lat="45.62775" lon="6.78358">
        <ele>906.8</ele>
      </trkpt>
      <trkpt lat="45.62726" lon="6.78133">
        <ele>893.0</ele>
      </trkpt>
      <trkpt lat="45.62618" lon="6.77914">
        <ele>876.6</ele>
      </trkpt>
      <trkpt lat="45.62615" lon="6.77796">
        <ele>878.1</ele>
      </trkpt>
      <trkpt lat="45.62518" lon="6.77756">
        <ele>854.0</ele>
      </trkpt>
      <trkpt lat="45.62506" lon="6.77551">
        <ele>859.9</ele>
      </trkpt>
      <trkpt lat="45.624049" lon="6.77309">
        <ele>834.2</ele>
      </trkpt>
      <trkpt lat="45.6228" lon="6.77108">
        <ele>823.4</ele>
      </trkpt>
      <trkpt lat="45.620861" lon="6.770996">
        <ele>815.8</ele>
      </trkpt>
      <trkpt lat="45.62086" lon="6.77088">
        <ele>816.0</ele>
      </trkpt>
      <trkpt lat="45.6208" lon="6.77088">
        <ele>815.9</ele>
      </trkpt>
      <trkpt lat="45.62069" lon="6.77089">
        <ele>815.7</ele>
      </trkpt>
      <trkpt lat="45.62069" lon="6.77089">
        <ele>815.7</ele>
      </trkpt>
      <trkpt lat="45.62064" lon="6.77088">
        <ele>815.7</ele>
      </trkpt>
      <trkpt lat="45.62057" lon="6.77091">
        <ele>815.5</ele>
      </trkpt>
      <trkpt lat="45.62042" lon="6.77098">
        <ele>815.2</ele>
      </trkpt>
      <trkpt lat="45.62042" lon="6.77098">
        <ele>815.2</ele>
      </trkpt>
      <trkpt lat="45.620399" lon="6.77097">
        <ele>815.1</ele>
      </trkpt>
      <trkpt lat="45.62039" lon="6.77096">
        <ele>815.2</ele>
      </trkpt>
      <trkpt lat="45.62038" lon="6.77096">
        <ele>815.1</ele>
      </trkpt>
      <trkpt lat="45.62037" lon="6.77096">
        <ele>815.1</ele>
      </trkpt>
      <trkpt lat="45.62036" lon="6.77096">
        <ele>815.1</ele>
      </trkpt>
      <trkpt lat="45.62035" lon="6.77096">
        <ele>815.1</ele>
      </trkpt>
      <trkpt lat="45.62034" lon="6.77096">
        <ele>815.1</ele>
      </trkpt>
      <trkpt lat="45.62033" lon="6.77096">
        <ele>815.1</ele>
      </trkpt>
      <trkpt lat="45.62032" lon="6.77096">
        <ele>815.0</ele>
      </trkpt>
      <trkpt lat="45.62032" lon="6.77097">
        <ele>815.0</ele>
      </trkpt>
      <trkpt lat="45.62031" lon="6.77097">
        <ele>815.0</ele>
      </trkpt>
      <trkpt lat="45.6203" lon="6.77097">
        <ele>815.0</ele>
      </trkpt>
      <trkpt lat="45.6203" lon="6.77098">
        <ele>815.0</ele>
      </trkpt>
      <trkpt lat="45.62029" lon="6.77098">
        <ele>814.9</ele>
      </trkpt>
      <trkpt lat="45.62029" lon="6.77099">
        <ele>814.9</ele>
      </trkpt>
      <trkpt lat="45.62028" lon="6.77099">
        <ele>814.9</ele>
      </trkpt>
      <trkpt lat="45.62028" lon="6.771">
        <ele>814.9</ele>
      </trkpt>
      <trkpt lat="45.62026" lon="6.77102">
        <ele>814.8</ele>
      </trkpt>
      <trkpt lat="45.62023" lon="6.77099">
        <ele>814.8</ele>
      </trkpt>
      <trkpt lat="45.62017" lon="6.77094">
        <ele>814.9</ele>
      </trkpt>
      <trkpt lat="45.62007" lon="6.7709">
        <ele>814.9</ele>
      </trkpt>
      <trkpt lat="45.62001" lon="6.77089">
        <ele>814.8</ele>
      </trkpt>
      <trkpt lat="45.61989" lon="6.77088">
        <ele>815.1</ele>
      </trkpt>
      <trkpt lat="45.61978" lon="6.77088">
        <ele>815.3</ele>
      </trkpt>
      <trkpt lat="45.61974" lon="6.77089">
        <ele>815.4</ele>
      </trkpt>
      <trkpt lat="45.61974" lon="6.77089">
        <ele>815.4</ele>
      </trkpt>
      <trkpt lat="45.619729" lon="6.77077">
        <ele>816.1</ele>
      </trkpt>
      <trkpt lat="45.619729" lon="6.77069">
        <ele>816.7</ele>
      </trkpt>
      <trkpt lat="45.61972" lon="6.77054">
        <ele>817.9</ele>
      </trkpt>
      <trkpt lat="45.61968" lon="6.77047">
        <ele>818.6</ele>
      </trkpt>
      <trkpt lat="45.61962" lon="6.77039">
        <ele>819.3</ele>
      </trkpt>
      <trkpt lat="45.61937" lon="6.77012">
        <ele>822.3</ele>
      </trkpt>
      <trkpt lat="45.61923" lon="6.76998">
        <ele>823.8</ele>
      </trkpt>
      <trkpt lat="45.61906" lon="6.7698">
        <ele>824.5</ele>
      </trkpt>
      <trkpt lat="45.61883" lon="6.76958">
        <ele>824.9</ele>
      </trkpt>
      <trkpt lat="45.61883" lon="6.76958">
        <ele>824.9</ele>
      </trkpt>
      <trkpt lat="45.61882" lon="6.76957">
        <ele>824.9</ele>
      </trkpt>
      <trkpt lat="45.61866" lon="6.76939">
        <ele>825.4</ele>
      </trkpt>
      <trkpt lat="45.61859" lon="6.76933">
        <ele>825.6</ele>
      </trkpt>
      <trkpt lat="45.618481" lon="6.769186">
        <ele>826.1</ele>
      </trkpt>
      <trkpt lat="45.618517" lon="6.769124">
        <ele>826.5</ele>
      </trkpt>
      <trkpt lat="45.618462" lon="6.769176">
        <ele>826.1</ele>
      </trkpt>
      <trkpt lat="45.618511" lon="6.769305">
        <ele>825.6</ele>
      </trkpt>
      <trkpt lat="45.61847" lon="6.76936">
        <ele>825.3</ele>
      </trkpt>
      <trkpt lat="45.61844" lon="6.76944">
        <ele>824.9</ele>
      </trkpt>
      <trkpt lat="45.618429" lon="6.76949">
        <ele>824.6</ele>
      </trkpt>
      <trkpt lat="45.61842" lon="6.76953">
        <ele>824.4</ele>
      </trkpt>
      <trkpt lat="45.61844" lon="6.76974">
        <ele>823.5</ele>
      </trkpt>
      <trkpt lat="45.61844" lon="6.76974">
        <ele>823.5</ele>
      </trkpt>
      <trkpt lat="45.61848" lon="6.76979">
        <ele>823.3</ele>
      </trkpt>
      <trkpt lat="45.61849" lon="6.76985">
        <ele>823.1</ele>
      </trkpt>
      <trkpt lat="45.61848" lon="6.7707">
        <ele>818.5</ele>
      </trkpt>
      <trkpt lat="45.61848" lon="6.7708">
        <ele>818.0</ele>
      </trkpt>
      <trkpt lat="45.61848" lon="6.7708">
        <ele>818.0</ele>
      </trkpt>
      <trkpt lat="45.61849" lon="6.7708">
        <ele>818.0</ele>
      </trkpt>
      <trkpt lat="45.61849" lon="6.77081">
        <ele>817.9</ele>
      </trkpt>
      <trkpt lat="45.6185" lon="6.77082">
        <ele>817.9</ele>
      </trkpt>
      <trkpt lat="45.6185" lon="6.77083">
        <ele>817.8</ele>
      </trkpt>
      <trkpt lat="45.6185" lon="6.77084">
        <ele>817.8</ele>
      </trkpt>
      <trkpt lat="45.61851" lon="6.77084">
        <ele>817.7</ele>
      </trkpt>
      <trkpt lat="45.61851" lon="6.77085">
        <ele>817.7</ele>
      </trkpt>
      <trkpt lat="45.61851" lon="6.77086">
        <ele>817.6</ele>
      </trkpt>
      <trkpt lat="45.61851" lon="6.77087">
        <ele>817.6</ele>
      </trkpt>
      <trkpt lat="45.61851" lon="6.77088">
        <ele>817.5</ele>
      </trkpt>
      <trkpt lat="45.61851" lon="6.77089">
        <ele>817.5</ele>
      </trkpt>
      <trkpt lat="45.6185" lon="6.77089">
        <ele>817.5</ele>
      </trkpt>
      <trkpt lat="45.6185" lon="6.7709">
        <ele>817.4</ele>
      </trkpt>
      <trkpt lat="45.6185" lon="6.77091">
        <ele>817.4</ele>
      </trkpt>
      <trkpt lat="45.61872" lon="6.77094">
        <ele>817.0</ele>
      </trkpt>
      <trkpt lat="45.61892" lon="6.77095">
        <ele>816.7</ele>
      </trkpt>
      <trkpt lat="45.61928" lon="6.77095">
        <ele>816.2</ele>
      </trkpt>
      <trkpt lat="45.61938" lon="6.77096">
        <ele>815.9</ele>
      </trkpt>
      <trkpt lat="45.61979" lon="6.77097">
        <ele>815.0</ele>
      </trkpt>
      <trkpt lat="45.61988" lon="6.77097">
        <ele>814.8</ele>
      </trkpt>
      <trkpt lat="45.61999" lon="6.77099">
        <ele>814.5</ele>
      </trkpt>
      <trkpt lat="45.62004" lon="6.771">
        <ele>814.5</ele>
      </trkpt>
      <trkpt lat="45.62014" lon="6.77103">
        <ele>814.5</ele>
      </trkpt>
      <trkpt lat="45.620199" lon="6.77108">
        <ele>814.5</ele>
      </trkpt>
      <trkpt lat="45.62024" lon="6.77111">
        <ele>814.5</ele>
      </trkpt>
      <trkpt lat="45.62024" lon="6.77113">
        <ele>814.4</ele>
      </trkpt>
      <trkpt lat="45.62024" lon="6.77114">
        <ele>814.4</ele>
      </trkpt>
      <trkpt lat="45.62024" lon="6.77115">
        <ele>814.4</ele>
      </trkpt>
      <trkpt lat="45.62024" lon="6.77118">
        <ele>814.3</ele>
      </trkpt>
      <trkpt lat="45.62025" lon="6.7712">
        <ele>814.2</ele>
      </trkpt>
      <trkpt lat="45.62025" lon="6.77121">
        <ele>814.2</ele>
      </trkpt>
      <trkpt lat="45.62025" lon="6.77122">
        <ele>814.2</ele>
      </trkpt>
      <trkpt lat="45.62026" lon="6.77124">
        <ele>814.2</ele>
      </trkpt>
      <trkpt lat="45.62027" lon="6.77125">
        <ele>814.1</ele>
      </trkpt>
      <trkpt lat="45.62028" lon="6.77126">
        <ele>814.1</ele>
      </trkpt>
      <trkpt lat="45.6203" lon="6.77128">
        <ele>814.1</ele>
      </trkpt>
      <trkpt lat="45.62031" lon="6.77129">
        <ele>814.1</ele>
      </trkpt>
      <trkpt lat="45.62032" lon="6.77129">
        <ele>814.2</ele>
      </trkpt>
      <trkpt lat="45.62034" lon="6.7713">
        <ele>814.2</ele>
      </trkpt>
      <trkpt lat="45.62036" lon="6.7713">
        <ele>814.2</ele>
      </trkpt>
      <trkpt lat="45.62037" lon="6.7713">
        <ele>814.3</ele>
      </trkpt>
      <trkpt lat="45.62039" lon="6.77129">
        <ele>814.3</ele>
      </trkpt>
      <trkpt lat="45.62056" lon="6.77157">
        <ele>814.2</ele>
      </trkpt>
      <trkpt lat="45.62069" lon="6.77189">
        <ele>814.2</ele>
      </trkpt>
      <trkpt lat="45.62083" lon="6.77224">
        <ele>814.3</ele>
      </trkpt>
      <trkpt lat="45.620793" lon="6.772268">
        <ele>814.1</ele>
      </trkpt>
      <trkpt lat="45.62334" lon="6.77857">
        <ele>811.5</ele>
      </trkpt>
      <trkpt lat="45.62495" lon="6.77998">
        <ele>822.7</ele>
      </trkpt>
      <trkpt lat="45.62629" lon="6.78538">
        <ele>840.1</ele>
      </trkpt>
      <trkpt lat="45.62707" lon="6.78661">
        <ele>843.4</ele>
      </trkpt>
      <trkpt lat="45.62664" lon="6.79151">
        <ele>861.2</ele>
      </trkpt>
      <trkpt lat="45.62159" lon="6.80162">
        <ele>888.7</ele>
      </trkpt>
      <trkpt lat="45.61968" lon="6.80397">
        <ele>881.3</ele>
      </trkpt>
      <trkpt lat="45.61783" lon="6.80897">
        <ele>876.7</ele>
      </trkpt>
      <trkpt lat="45.61701" lon="6.81637">
        <ele>862.5</ele>
      </trkpt>
      <trkpt lat="45.61534" lon="6.82156">
        <ele>848.6</ele>
      </trkpt>
      <trkpt lat="45.61297" lon="6.82546">
        <ele>850.7</ele>
      </trkpt>
      <trkpt lat="45.61291" lon="6.82821">
        <ele>855.1</ele>
      </trkpt>
      <trkpt lat="45.61071" lon="6.83573">
        <ele>862.4</ele>
      </trkpt>
      <trkpt lat="45.60869" lon="6.83951">
        <ele>862.8</ele>
      </trkpt>
      <trkpt lat="45.606879" lon="6.84754">
        <ele>890.5</ele>
      </trkpt>
      <trkpt lat="45.60563" lon="6.85474">
        <ele>881.9</ele>
      </trkpt>
      <trkpt lat="45.60357" lon="6.85874">
        <ele>889.0</ele>
      </trkpt>
      <trkpt lat="45.60282" lon="6.86447">
        <ele>891.0</ele>
      </trkpt>
      <trkpt lat="45.60032" lon="6.86753">
        <ele>888.0</ele>
      </trkpt>
      <trkpt lat="45.59775" lon="6.87641">
        <ele>911.8</ele>
      </trkpt>
      <trkpt lat="45.59724" lon="6.87946">
        <ele>933.0</ele>
      </trkpt>
      <trkpt lat="45.59549" lon="6.88123">
        <ele>952.8</ele>
      </trkpt>
      <trkpt lat="45.59494" lon="6.88083">
        <ele>955.2</ele>
      </trkpt>
      <trkpt lat="45.59343" lon="6.88102">
        <ele>963.0</ele>
      </trkpt>
      <trkpt lat="45.59213" lon="6.88084">
        <ele>972.1</ele>
      </trkpt>
      <trkpt lat="45.5932" lon="6.88141">
        <ele>976.8</ele>
      </trkpt>
      <trkpt lat="45.59438" lon="6.88158">
        <ele>976.6</ele>
      </trkpt>
      <trkpt lat="45.59603" lon="6.8822">
        <ele>997.9</ele>
      </trkpt>
      <trkpt lat="45.59605" lon="6.88265">
        <ele>1023.4</ele>
      </trkpt>
      <trkpt lat="45.59287" lon="6.88257">
        <ele>1024.2</ele>
      </trkpt>
      <trkpt lat="45.5905" lon="6.88311">
        <ele>1039.2</ele>
      </trkpt>
      <trkpt lat="45.59014" lon="6.88416">
        <ele>1055.8</ele>
      </trkpt>
      <trkpt lat="45.58983" lon="6.88414">
        <ele>1059.9</ele>
      </trkpt>
      <trkpt lat="45.58902" lon="6.8835">
        <ele>1053.7</ele>
      </trkpt>
      <trkpt lat="45.58859" lon="6.88384">
        <ele>1060.8</ele>
      </trkpt>
      <trkpt lat="45.58831" lon="6.88459">
        <ele>1077.2</ele>
      </trkpt>
      <trkpt lat="45.58744" lon="6.88486">
        <ele>1081.8</ele>
      </trkpt>
      <trkpt lat="45.58619" lon="6.88437">
        <ele>1083.7</ele>
      </trkpt>
      <trkpt lat="45.58508" lon="6.88507">
        <ele>1099.9</ele>
      </trkpt>
      <trkpt lat="45.582569" lon="6.88423">
        <ele>1115.8</ele>
      </trkpt>
      <trkpt lat="45.57909" lon="6.88344">
        <ele>1177.5</ele>
      </trkpt>
      <trkpt lat="45.57839" lon="6.88242">
        <ele>1182.3</ele>
      </trkpt>
      <trkpt lat="45.57934" lon="6.88418">
        <ele>1190.5</ele>
      </trkpt>
      <trkpt lat="45.57998" lon="6.8848">
        <ele>1169.2</ele>
      </trkpt>
      <trkpt lat="45.57925" lon="6.88429">
        <ele>1197.1</ele>
      </trkpt>
      <trkpt lat="45.578629" lon="6.88341">
        <ele>1206.0</ele>
      </trkpt>
      <trkpt lat="45.57735" lon="6.88291">
        <ele>1190.6</ele>
      </trkpt>
      <trkpt lat="45.57625" lon="6.88401">
        <ele>1210.3</ele>
      </trkpt>
      <trkpt lat="45.57476" lon="6.88431">
        <ele>1220.9</ele>
      </trkpt>
      <trkpt lat="45.57324" lon="6.88548">
        <ele>1233.2</ele>
      </trkpt>
      <trkpt lat="45.57312" lon="6.88611">
        <ele>1248.0</ele>
      </trkpt>
      <trkpt lat="45.57318" lon="6.88558">
        <ele>1235.5</ele>
      </trkpt>
      <trkpt lat="45.57139" lon="6.88656">
        <ele>1248.9</ele>
      </trkpt>
      <trkpt lat="45.56915" lon="6.88859">
        <ele>1268.8</ele>
      </trkpt>
      <trkpt lat="45.56701" lon="6.88948">
        <ele>1283.9</ele>
      </trkpt>
      <trkpt lat="45.565869" lon="6.89081">
        <ele>1296.9</ele>
      </trkpt>
      <trkpt lat="45.56397" lon="6.89247">
        <ele>1321.5</ele>
      </trkpt>
      <trkpt lat="45.56112" lon="6.89438">
        <ele>1333.1</ele>
      </trkpt>
      <trkpt lat="45.55881" lon="6.89684">
        <ele>1335.2</ele>
      </trkpt>
      <trkpt lat="45.55582" lon="6.90107">
        <ele>1350.3</ele>
      </trkpt>
      <trkpt lat="45.55434" lon="6.90164">
        <ele>1370.6</ele>
      </trkpt>
      <trkpt lat="45.55254" lon="6.9016">
        <ele>1361.7</ele>
      </trkpt>
      <trkpt lat="45.54863" lon="6.90617">
        <ele>1399.0</ele>
      </trkpt>
      <trkpt lat="45.54724" lon="6.90727">
        <ele>1416.3</ele>
      </trkpt>
      <trkpt lat="45.54354" lon="6.9089">
        <ele>1418.2</ele>
      </trkpt>
      <trkpt lat="45.54126" lon="6.91091">
        <ele>1465.4</ele>
      </trkpt>
      <trkpt lat="45.54028" lon="6.91082">
        <ele>1451.6</ele>
      </trkpt>
      <trkpt lat="45.53863" lon="6.91142">
        <ele>1462.6</ele>
      </trkpt>
      <trkpt lat="45.53689" lon="6.913">
        <ele>1467.1</ele>
      </trkpt>
      <trkpt lat="45.53623" lon="6.91435">
        <ele>1496.9</ele>
      </trkpt>
      <trkpt lat="45.53203" lon="6.91529">
        <ele>1512.8</ele>
      </trkpt>
      <trkpt lat="45.531529" lon="6.91583">
        <ele>1545.7</ele>
      </trkpt>
      <trkpt lat="45.53096" lon="6.91512">
        <ele>1542.9</ele>
      </trkpt>
      <trkpt lat="45.52903" lon="6.91368">
        <ele>1540.9</ele>
      </trkpt>
      <trkpt lat="45.52476" lon="6.91265">
        <ele>1541.4</ele>
      </trkpt>
      <trkpt lat="45.52309" lon="6.91349">
        <ele>1541.0</ele>
      </trkpt>
      <trkpt lat="45.521389" lon="6.91383">
        <ele>1580.5</ele>
      </trkpt>
      <trkpt lat="45.52047" lon="6.91335">
        <ele>1559.5</ele>
      </trkpt>
      <trkpt lat="45.51923" lon="6.91486">
        <ele>1567.1</ele>
      </trkpt>
      <trkpt lat="45.51733" lon="6.9161">
        <ele>1593.1</ele>
      </trkpt>
      <trkpt lat="45.51432" lon="6.91714">
        <ele>1609.1</ele>
      </trkpt>
      <trkpt lat="45.51093" lon="6.92137">
        <ele>1655.4</ele>
      </trkpt>
      <trkpt lat="45.50969" lon="6.9239">
        <ele>1681.3</ele>
      </trkpt>
      <trkpt lat="45.50756" lon="6.9253">
        <ele>1685.0</ele>
      </trkpt>
      <trkpt lat="45.50453" lon="6.92919">
        <ele>1730.4</ele>
      </trkpt>
      <trkpt lat="45.50322" lon="6.9301">
        <ele>1752.1</ele>
      </trkpt>
      <trkpt lat="45.50182" lon="6.93022">
        <ele>1747.0</ele>
      </trkpt>
      <trkpt lat="45.49911" lon="6.93164">
        <ele>1773.0</ele>
      </trkpt>
      <trkpt lat="45.49672" lon="6.93352">
        <ele>1798.8</ele>
      </trkpt>
      <trkpt lat="45.49522" lon="6.93497">
        <ele>1801.4</ele>
      </trkpt>
      <trkpt lat="45.49389" lon="6.93686">
        <ele>1801.3</ele>
      </trkpt>
      <trkpt lat="45.49144" lon="6.94111">
        <ele>1850.7</ele>
      </trkpt>
      <trkpt lat="45.48495" lon="6.94472">
        <ele>1803.6</ele>
      </trkpt>
      <trkpt lat="45.48037" lon="6.9465">
        <ele>1795.2</ele>
      </trkpt>
      <trkpt lat="45.47793" lon="6.94986">
        <ele>1786.9</ele>
      </trkpt>
      <trkpt lat="45.47671" lon="6.9496">
        <ele>1807.4</ele>
      </trkpt>
      <trkpt lat="45.47463" lon="6.94861">
        <ele>1801.3</ele>
      </trkpt>
      <trkpt lat="45.47392" lon="6.94915">
        <ele>1786.2</ele>
      </trkpt>
      <trkpt lat="45.47323" lon="6.95215">
        <ele>1846.9</ele>
      </trkpt>
      <trkpt lat="45.47033" lon="6.95744">
        <ele>1828.1</ele>
      </trkpt>
      <trkpt lat="45.46269" lon="6.96413">
        <ele>1791.0</ele>
      </trkpt>
      <trkpt lat="45.4596" lon="6.96618">
        <ele>1783.5</ele>
      </trkpt>
      <trkpt lat="45.45545" lon="6.9696">
        <ele>1798.5</ele>
      </trkpt>
      <trkpt lat="45.45" lon="6.97751">
        <ele>1823.0</ele>
      </trkpt>
      <trkpt lat="45.44886" lon="6.97994">
        <ele>1835.9</ele>
      </trkpt>
      <trkpt lat="45.44823" lon="6.98168">
        <ele>1837.3</ele>
      </trkpt>
      <trkpt lat="45.447082" lon="6.985788">
        <ele>1845.4</ele>
      </trkpt>
      <trkpt lat="45.446658" lon="6.985782">
        <ele>1847.0</ele>
      </trkpt>
      <trkpt lat="45.446432" lon="6.986129">
        <ele>1849.4</ele>
      </trkpt>
      <trkpt lat="45.446533" lon="6.986586">
        <ele>1850.4</ele>
      </trkpt>
      <trkpt lat="45.446689" lon="6.98664">
        <ele>1849.8</ele>
      </trkpt>
      <trkpt lat="45.4467" lon="6.98661">
        <ele>1849.7</ele>
      </trkpt>
      <trkpt lat="45.44674" lon="6.98643">
        <ele>1848.9</ele>
      </trkpt>
      <trkpt lat="45.44675" lon="6.98638">
        <ele>1848.7</ele>
      </trkpt>
      <trkpt lat="45.446779" lon="6.98628">
        <ele>1848.3</ele>
      </trkpt>
    </trkseg>
  </trk>
</gpx>
